commit,scenario,seed,collector,episode_index,global_step,episode_length,episode_reward,terminal,truncated,terminal_raw_reward,terminal_shared_reward,score_left,score_right,event_code,terminal_checkpoint_reward,terminal_distance_to_goal,min_step_reward,max_step_reward,sum_step_rewards,reward_count,reward_sum_validation
,academy_3_vs_1_with_keeper,42,collect_rollout,0,0,18,-0.03333333181217313,False,False,0.0,0.0,0,0,0,0.0,0.0,0.0,0.0,-0.03333333181217313,1,-0.03333333181217313
,academy_3_vs_1_with_keeper,42,collect_rollout,1,0,22,-0.0666666638571769,False,False,0.0,0.0,0,0,0,0.0,0.0,0.0,0.0,-0.0666666638571769,1,-0.0666666638571769
,academy_3_vs_1_with_keeper,42,collect_rollout,2,0,49,-0.14796646032482386,False,False,0.0,0.0,0,0,0,0.0,0.0,0.0,0.0,-0.14796646032482386,1,-0.14796646032482386
,academy_3_vs_1_with_keeper,42,collect_rollout,3,0,16,-0.049999997951090336,False,False,0.0,0.0,0,0,0,0.0,0.0,0.0,0.0,-0.049999997951090336,1,-0.049999997951090336
,academy_3_vs_1_with_keeper,42,collect_rollout,4,0,21,-0.04999999771825969,False,False,0.0,0.0,0,0,0,0.0,0.0,0.0,0.0,-0.04999999771825969,1,-0.04999999771825969
,academy_3_vs_1_with_keeper,42,collect_rollout,5,0,16,-0.049999997951090336,False,False,0.0,0.0,0,0,0,0.0,0.0,0.0,0.0,-0.049999997951090336,1,-0.049999997951090336
,academy_3_vs_1_with_keeper,42,collect_rollout,6,0,9,-0.028871183982118964,False,False,0.0,0.0,0,0,0,0.0,0.0,0.0,0.0,-0.028871183982118964,1,-0.028871183982118964
,academy_3_vs_1_with_keeper,42,collect_rollout,7,0,21,-0.02333333226852119,False,False,0.0,0.0,0,0,0,0.0,0.0,0.0,0.0,-0.02333333226852119,1,-0.02333333226852119
,academy_3_vs_1_with_keeper,42,collect_rollout,8,0,17,-0.03999999864026904,False,False,0.0,0.0,0,0,0,0.0,0.0,0.0,0.0,-0.03999999864026904,1,-0.03999999864026904
,academy_3_vs_1_with_keeper,42,collect_rollout,9,0,22,-0.04999999771825969,False,False,0.0,0.0,0,0,0,0.0,0.0,0.0,0.0,-0.04999999771825969,1,-0.04999999771825969
,academy_3_vs_1_with_keeper,42,collect_rollout,10,0,52,-0.17740577342920005,False,False,0.0,0.0,0,0,0,0.0,0.0,0.0,0.0,-0.17740577342920005,1,-0.17740577342920005
,academy_3_vs_1_with_keeper,42,collect_rollout,11,0,16,-0.026666665449738503,False,False,0.0,0.0,0,0,0,0.0,0.0,0.0,0.0,-0.026666665449738503,1,-0.026666665449738503
,academy_3_vs_1_with_keeper,42,collect_rollout,12,0,17,-0.039999998174607754,False,False,0.0,0.0,0,0,0,0.0,0.0,0.0,0.0,-0.039999998174607754,1,-0.039999998174607754
,academy_3_vs_1_with_keeper,42,collect_rollout,13,0,19,-0.04999999771825969,False,False,0.0,0.0,0,0,0,0.0,0.0,0.0,0.0,-0.04999999771825969,1,-0.04999999771825969
,academy_3_vs_1_with_keeper,42,collect_rollout,14,0,18,-0.03666666499339044,False,False,0.0,0.0,0,0,0,0.0,0.0,0.0,0.0,-0.03666666499339044,1,-0.03666666499339044
,academy_3_vs_1_with_keeper,42,collect_rollout,15,0,22,-0.059999997494742274,False,False,0.0,0.0,0,0,0,0.0,0.0,0.0,0.0,-0.059999997494742274,1,-0.059999997494742274
,academy_3_vs_1_with_keeper,42,collect_rollout,16,0,22,-0.02333333226852119,False,False,0.0,0.0,0,0,0,0.0,0.0,0.0,0.0,-0.02333333226852119,1,-0.02333333226852119
,academy_3_vs_1_with_keeper,42,collect_rollout,17,0,35,-0.1266666641458869,False,False,0.0,0.0,0,0,0,0.0,0.0,0.0,0.0,-0.1266666641458869,1,-0.1266666641458869
,academy_3_vs_1_with_keeper,42,collect_rollout,18,0,20,-0.039999998174607754,False,False,0.0,0.0,0,0,0,0.0,0.0,0.0,0.0,-0.039999998174607754,1,-0.039999998174607754
,academy_3_vs_1_with_keeper,42,collect_rollout,19,0,87,-0.35333332046866417,False,False,0.0,0.0,0,0,0,0.0,0.0,0.0,0.0,-0.35333332046866417,1,-0.35333332046866417
,academy_3_vs_1_with_keeper,42,collect_rollout,20,0,29,-0.0999999986961484,False,False,0.0,0.0,0,0,0,0.0,0.0,0.0,0.0,-0.0999999986961484,1,-0.0999999986961484
,academy_3_vs_1_with_keeper,42,collect_rollout,21,0,19,-0.026666665449738503,False,False,0.0,0.0,0,0,0,0.0,0.0,0.0,0.0,-0.026666665449738503,1,-0.026666665449738503
,academy_3_vs_1_with_keeper,42,collect_rollout,22,0,36,0.042326112976297736,False,False,0.0,0.0,0,0,0,0.0,0.0,0.0,0.0,0.042326112976297736,1,0.042326112976297736
,academy_3_vs_1_with_keeper,42,collect_rollout,23,0,14,-0.0399999984074384,False,False,0.0,0.0,0,0,0,0.0,0.0,0.0,0.0,-0.0399999984074384,1,-0.0399999984074384
,academy_3_vs_1_with_keeper,42,collect_rollout,24,0,21,-0.04999999771825969,False,False,0.0,0.0,0,0,0,0.0,0.0,0.0,0.0,-0.04999999771825969,1,-0.04999999771825969
,academy_3_vs_1_with_keeper,42,collect_rollout,25,0,8,-0.0030135931447148323,False,False,0.0,0.0,0,0,0,0.0,0.0,0.0,0.0,-0.0030135931447148323,1,-0.0030135931447148323
,academy_3_vs_1_with_keeper,42,collect_rollout,26,0,18,-0.03666666499339044,False,False,0.0,0.0,0,0,0,0.0,0.0,0.0,0.0,-0.03666666499339044,1,-0.03666666499339044
,academy_3_vs_1_with_keeper,42,collect_rollout,27,0,19,-0.059999997494742274,False,False,0.0,0.0,0,0,0,0.0,0.0,0.0,0.0,-0.059999997494742274,1,-0.059999997494742274
,academy_3_vs_1_with_keeper,42,collect_rollout,28,0,16,-0.03333333181217313,False,False,0.0,0.0,0,0,0,0.0,0.0,0.0,0.0,-0.03333333181217313,1,-0.03333333181217313
,academy_3_vs_1_with_keeper,42,collect_rollout,29,0,52,-0.16666665952652693,False,False,0.0,0.0,0,0,0,0.0,0.0,0.0,0.0,-0.16666665952652693,1,-0.16666665952652693
,academy_3_vs_1_with_keeper,42,collect_rollout,30,0,17,-0.03666666499339044,False,False,0.0,0.0,0,0,0,0.0,0.0,0.0,0.0,-0.03666666499339044,1,-0.03666666499339044
,academy_3_vs_1_with_keeper,42,collect_rollout,31,0,18,-0.04333333158865571,False,False,0.0,0.0,0,0,0,0.0,0.0,0.0,0.0,-0.04333333158865571,1,-0.04333333158865571
,academy_3_vs_1_with_keeper,42,collect_rollout,32,0,21,-0.03666666499339044,False,False,0.0,0.0,0,0,0,0.0,0.0,0.0,0.0,-0.03666666499339044,1,-0.03666666499339044
,academy_3_vs_1_with_keeper,42,collect_rollout,33,0,44,-0.03480176840093918,False,False,0.0,0.0,0,0,0,0.0,0.0,0.0,0.0,-0.03480176840093918,1,-0.03480176840093918
,academy_3_vs_1_with_keeper,42,collect_rollout,34,0,18,-0.03666666499339044,False,False,0.0,0.0,0,0,0,0.0,0.0,0.0,0.0,-0.03666666499339044,1,-0.03666666499339044
,academy_3_vs_1_with_keeper,42,collect_rollout,35,0,16,-0.03333333204500377,False,False,0.0,0.0,0,0,0,0.0,0.0,0.0,0.0,-0.03333333204500377,1,-0.03333333204500377
,academy_3_vs_1_with_keeper,42,collect_rollout,36,0,19,-0.04333333158865571,False,False,0.0,0.0,0,0,0,0.0,0.0,0.0,0.0,-0.04333333158865571,1,-0.04333333158865571
,academy_3_vs_1_with_keeper,42,collect_rollout,37,0,30,-0.10999999544583261,False,False,0.0,0.0,0,0,0,0.0,0.0,0.0,0.0,-0.10999999544583261,1,-0.10999999544583261
,academy_3_vs_1_with_keeper,42,collect_rollout,38,0,16,-0.026666665449738503,False,False,0.0,0.0,0,0,0,0.0,0.0,0.0,0.0,-0.026666665449738503,1,-0.026666665449738503
,academy_3_vs_1_with_keeper,42,collect_rollout,39,0,22,-0.05999999726191163,False,False,0.0,0.0,0,0,0,0.0,0.0,0.0,0.0,-0.05999999726191163,1,-0.05999999726191163
,academy_3_vs_1_with_keeper,42,collect_rollout,40,0,45,0.21950226886110613,False,False,0.0,0.0,0,0,0,0.0,0.0,0.0,0.0,0.21950226886110613,1,0.21950226886110613
,academy_3_vs_1_with_keeper,42,collect_rollout,41,0,34,-0.10333332908339798,False,False,0.0,0.0,0,0,0,0.0,0.0,0.0,0.0,-0.10333332908339798,1,-0.10333332908339798
,academy_3_vs_1_with_keeper,42,collect_rollout,42,0,19,-0.02333333226852119,False,False,0.0,0.0,0,0,0,0.0,0.0,0.0,0.0,-0.02333333226852119,1,-0.02333333226852119
,academy_3_vs_1_with_keeper,42,collect_rollout,43,0,30,-0.10666666203178465,False,False,0.0,0.0,0,0,0,0.0,0.0,0.0,0.0,-0.10666666203178465,1,-0.10666666203178465
,academy_3_vs_1_with_keeper,42,collect_rollout,44,0,15,-0.03666666499339044,False,False,0.0,0.0,0,0,0,0.0,0.0,0.0,0.0,-0.03666666499339044,1,-0.03666666499339044
,academy_3_vs_1_with_keeper,42,collect_rollout,45,0,20,-0.03666666499339044,False,False,0.0,0.0,0,0,0,0.0,0.0,0.0,0.0,-0.03666666499339044,1,-0.03666666499339044
,academy_3_vs_1_with_keeper,42,collect_rollout,46,0,18,-0.039999998174607754,False,False,0.0,0.0,0,0,0,0.0,0.0,0.0,0.0,-0.039999998174607754,1,-0.039999998174607754
,academy_3_vs_1_with_keeper,42,collect_rollout,47,0,14,-0.03333333181217313,False,False,0.0,0.0,0,0,0,0.0,0.0,0.0,0.0,-0.03333333181217313,1,-0.03333333181217313
,academy_3_vs_1_with_keeper,42,collect_rollout,48,0,22,-0.04999999771825969,False,False,0.0,0.0,0,0,0,0.0,0.0,0.0,0.0,-0.04999999771825969,1,-0.04999999771825969
,academy_3_vs_1_with_keeper,42,collect_rollout,49,0,16,-0.05666666431352496,False,False,0.0,0.0,0,0,0,0.0,0.0,0.0,0.0,-0.05666666431352496,1,-0.05666666431352496
,academy_3_vs_1_with_keeper,42,collect_rollout,50,0,19,-0.039999998174607754,False,False,0.0,0.0,0,0,0,0.0,0.0,0.0,0.0,-0.039999998174607754,1,-0.039999998174607754
,academy_3_vs_1_with_keeper,42,collect_rollout,51,0,22,-0.026666665449738503,False,False,0.0,0.0,0,0,0,0.0,0.0,0.0,0.0,-0.026666665449738503,1,-0.026666665449738503
,academy_3_vs_1_with_keeper,42,collect_rollout,52,0,51,-0.1499999964144081,False,False,0.0,0.0,0,0,0,0.0,0.0,0.0,0.0,-0.1499999964144081,1,-0.1499999964144081
,academy_3_vs_1_with_keeper,42,collect_rollout,53,0,19,-0.02333333226852119,False,False,0.0,0.0,0,0,0,0.0,0.0,0.0,0.0,-0.02333333226852119,1,-0.02333333226852119
,academy_3_vs_1_with_keeper,42,collect_rollout,54,0,16,-0.013333332724869251,False,False,0.0,0.0,0,0,0,0.0,0.0,0.0,0.0,-0.013333332724869251,1,-0.013333332724869251
,academy_3_vs_1_with_keeper,42,collect_rollout,55,0,18,-0.03666666499339044,False,False,0.0,0.0,0,0,0,0.0,0.0,0.0,0.0,-0.03666666499339044,1,-0.03666666499339044
,academy_3_vs_1_with_keeper,42,collect_rollout,56,0,16,-0.039999998174607754,False,False,0.0,0.0,0,0,0,0.0,0.0,0.0,0.0,-0.039999998174607754,1,-0.039999998174607754
,academy_3_vs_1_with_keeper,42,collect_rollout,57,0,68,-0.21442133910022676,False,False,0.0,0.0,0,0,0,0.0,0.0,0.0,0.0,-0.21442133910022676,1,-0.21442133910022676
,academy_3_vs_1_with_keeper,42,collect_rollout,58,0,19,-0.016666665906086564,False,False,0.0,0.0,0,0,0,0.0,0.0,0.0,0.0,-0.016666665906086564,1,-0.016666665906086564
,academy_3_vs_1_with_keeper,42,collect_rollout,59,0,18,-0.049999997951090336,False,False,0.0,0.0,0,0,0,0.0,0.0,0.0,0.0,-0.049999997951090336,1,-0.049999997951090336
,academy_3_vs_1_with_keeper,42,collect_rollout,60,0,17,-0.013333332724869251,False,False,0.0,0.0,0,0,0,0.0,0.0,0.0,0.0,-0.013333332724869251,1,-0.013333332724869251
,academy_3_vs_1_with_keeper,42,collect_rollout,61,0,21,-0.04333333135582507,False,False,0.0,0.0,0,0,0,0.0,0.0,0.0,0.0,-0.04333333135582507,1,-0.04333333135582507
,academy_3_vs_1_with_keeper,42,collect_rollout,62,0,20,-0.03666666499339044,False,False,0.0,0.0,0,0,0,0.0,0.0,0.0,0.0,-0.03666666499339044,1,-0.03666666499339044
,academy_3_vs_1_with_keeper,42,collect_rollout,63,0,21,-0.03666666499339044,False,False,0.0,0.0,0,0,0,0.0,0.0,0.0,0.0,-0.03666666499339044,1,-0.03666666499339044
,academy_3_vs_1_with_keeper,42,collect_rollout,64,0,15,-0.019999999087303877,False,False,0.0,0.0,0,0,0,0.0,0.0,0.0,0.0,-0.019999999087303877,1,-0.019999999087303877
,academy_3_vs_1_with_keeper,42,collect_rollout,65,0,51,0.2000206391348911,False,False,0.0,0.0,0,0,0,0.0,0.0,0.0,0.0,0.2000206391348911,1,0.2000206391348911
,academy_3_vs_1_with_keeper,42,collect_rollout,66,0,54,-0.14333333051763475,False,False,0.0,0.0,0,0,0,0.0,0.0,0.0,0.0,-0.14333333051763475,1,-0.14333333051763475
,academy_3_vs_1_with_keeper,42,collect_rollout,67,0,21,-0.03666666499339044,False,False,0.0,0.0,0,0,0,0.0,0.0,0.0,0.0,-0.03666666499339044,1,-0.03666666499339044
,academy_3_vs_1_with_keeper,42,collect_rollout,68,0,22,-0.05333333113230765,False,False,0.0,0.0,0,0,0,0.0,0.0,0.0,0.0,-0.05333333113230765,1,-0.05333333113230765
,academy_3_vs_1_with_keeper,42,collect_rollout,69,0,34,1.9516675164923072,False,False,0.0,0.0,0,0,0,0.0,0.0,0.0,0.0,1.9516675164923072,1,1.9516675164923072
,academy_3_vs_1_with_keeper,42,collect_rollout,70,0,6,-0.08615180291235447,False,False,0.0,0.0,0,0,0,0.0,0.0,0.0,0.0,-0.08615180291235447,1,-0.08615180291235447
,academy_3_vs_1_with_keeper,42,collect_rollout,71,0,21,-0.04333333158865571,False,False,0.0,0.0,0,0,0,0.0,0.0,0.0,0.0,-0.04333333158865571,1,-0.04333333158865571
,academy_3_vs_1_with_keeper,42,collect_rollout,72,0,24,-0.053333330899477005,False,False,0.0,0.0,0,0,0,0.0,0.0,0.0,0.0,-0.053333330899477005,1,-0.053333330899477005
,academy_3_vs_1_with_keeper,42,collect_rollout,73,0,17,-0.029999998630955815,False,False,0.0,0.0,0,0,0,0.0,0.0,0.0,0.0,-0.029999998630955815,1,-0.029999998630955815
,academy_3_vs_1_with_keeper,42,collect_rollout,74,0,19,-0.019999999087303877,False,False,0.0,0.0,0,0,0,0.0,0.0,0.0,0.0,-0.019999999087303877,1,-0.019999999087303877
,academy_3_vs_1_with_keeper,42,collect_rollout,75,0,91,-0.2173640534747392,False,False,0.0,0.0,0,0,0,0.0,0.0,0.0,0.0,-0.2173640534747392,1,-0.2173640534747392
,academy_3_vs_1_with_keeper,42,collect_rollout,76,0,19,-0.03666666499339044,False,False,0.0,0.0,0,0,0,0.0,0.0,0.0,0.0,-0.03666666499339044,1,-0.03666666499339044
,academy_3_vs_1_with_keeper,42,collect_rollout,77,0,17,-0.02333333226852119,False,False,0.0,0.0,0,0,0,0.0,0.0,0.0,0.0,-0.02333333226852119,1,-0.02333333226852119
,academy_3_vs_1_with_keeper,42,collect_rollout,78,0,21,-0.026666665449738503,False,False,0.0,0.0,0,0,0,0.0,0.0,0.0,0.0,-0.026666665449738503,1,-0.026666665449738503
,academy_3_vs_1_with_keeper,42,collect_rollout,79,0,21,-0.039999998174607754,False,False,0.0,0.0,0,0,0,0.0,0.0,0.0,0.0,-0.039999998174607754,1,-0.039999998174607754
,academy_3_vs_1_with_keeper,42,collect_rollout,80,0,19,-0.039999998174607754,False,False,0.0,0.0,0,0,0,0.0,0.0,0.0,0.0,-0.039999998174607754,1,-0.039999998174607754
,academy_3_vs_1_with_keeper,42,collect_rollout,81,0,20,-0.05333333113230765,False,False,0.0,0.0,0,0,0,0.0,0.0,0.0,0.0,-0.05333333113230765,1,-0.05333333113230765
,academy_3_vs_1_with_keeper,42,collect_rollout,82,0,54,-0.18348900973796844,False,False,0.0,0.0,0,0,0,0.0,0.0,0.0,0.0,-0.18348900973796844,1,-0.18348900973796844
,academy_3_vs_1_with_keeper,42,collect_rollout,83,0,18,-0.03333333181217313,False,False,0.0,0.0,0,0,0,0.0,0.0,0.0,0.0,-0.03333333181217313,1,-0.03333333181217313
,academy_3_vs_1_with_keeper,42,collect_rollout,84,0,15,-0.026666665449738503,False,False,0.0,0.0,0,0,0,0.0,0.0,0.0,0.0,-0.026666665449738503,1,-0.026666665449738503
,academy_3_vs_1_with_keeper,42,collect_rollout,85,0,19,-0.03333333181217313,False,False,0.0,0.0,0,0,0,0.0,0.0,0.0,0.0,-0.03333333181217313,1,-0.03333333181217313
,academy_3_vs_1_with_keeper,42,collect_rollout,86,0,17,-0.029999998630955815,False,False,0.0,0.0,0,0,0,0.0,0.0,0.0,0.0,-0.029999998630955815,1,-0.029999998630955815
,academy_3_vs_1_with_keeper,42,collect_rollout,87,0,17,-0.039999998174607754,False,False,0.0,0.0,0,0,0,0.0,0.0,0.0,0.0,-0.039999998174607754,1,-0.039999998174607754
,academy_3_vs_1_with_keeper,42,collect_rollout,88,0,17,-0.02333333226852119,False,False,0.0,0.0,0,0,0,0.0,0.0,0.0,0.0,-0.02333333226852119,1,-0.02333333226852119
,academy_3_vs_1_with_keeper,42,collect_rollout,89,0,16,-0.02333333226852119,False,False,0.0,0.0,0,0,0,0.0,0.0,0.0,0.0,-0.02333333226852119,1,-0.02333333226852119
,academy_3_vs_1_with_keeper,42,collect_rollout,90,0,52,-0.12333332793787122,False,False,0.0,0.0,0,0,0,0.0,0.0,0.0,0.0,-0.12333332793787122,1,-0.12333332793787122
,academy_3_vs_1_with_keeper,42,collect_rollout,91,0,19,-0.04333333158865571,False,False,0.0,0.0,0,0,0,0.0,0.0,0.0,0.0,-0.04333333158865571,1,-0.04333333158865571
,academy_3_vs_1_with_keeper,42,collect_rollout,92,0,17,-0.029999998630955815,False,False,0.0,0.0,0,0,0,0.0,0.0,0.0,0.0,-0.029999998630955815,1,-0.029999998630955815
,academy_3_vs_1_with_keeper,42,collect_rollout,93,0,20,-0.039999998174607754,False,False,0.0,0.0,0,0,0,0.0,0.0,0.0,0.0,-0.039999998174607754,1,-0.039999998174607754
,academy_3_vs_1_with_keeper,42,collect_rollout,94,0,14,-0.026666665449738503,False,False,0.0,0.0,0,0,0,0.0,0.0,0.0,0.0,-0.026666665449738503,1,-0.026666665449738503
,academy_3_vs_1_with_keeper,42,collect_rollout,95,0,17,-0.029999998630955815,False,False,0.0,0.0,0,0,0,0.0,0.0,0.0,0.0,-0.029999998630955815,1,-0.029999998630955815
,academy_3_vs_1_with_keeper,42,collect_rollout,96,0,19,-0.026666665449738503,False,False,0.0,0.0,0,0,0,0.0,0.0,0.0,0.0,-0.026666665449738503,1,-0.026666665449738503
,academy_3_vs_1_with_keeper,42,collect_rollout,97,0,22,-0.053333330899477005,False,False,0.0,0.0,0,0,0,0.0,0.0,0.0,0.0,-0.053333330899477005,1,-0.053333330899477005
,academy_3_vs_1_with_keeper,42,collect_rollout,98,0,19,-0.03333333181217313,False,False,0.0,0.0,0,0,0,0.0,0.0,0.0,0.0,-0.03333333181217313,1,-0.03333333181217313
,academy_3_vs_1_with_keeper,42,collect_rollout,99,0,17,-0.029999998630955815,False,False,0.0,0.0,0,0,0,0.0,0.0,0.0,0.0,-0.029999998630955815,1,-0.029999998630955815
,academy_3_vs_1_with_keeper,42,collect_rollout,100,0,9,-0.020335732377134264,False,False,0.0,0.0,0,0,0,0.0,0.0,0.0,0.0,-0.020335732377134264,1,-0.020335732377134264
,academy_3_vs_1_with_keeper,42,collect_rollout,101,0,49,-0.1199999947566539,False,False,0.0,0.0,0,0,0,0.0,0.0,0.0,0.0,-0.1199999947566539,1,-0.1199999947566539
,academy_3_vs_1_with_keeper,42,collect_rollout,102,0,18,-0.02333333226852119,False,False,0.0,0.0,0,0,0,0.0,0.0,0.0,0.0,-0.02333333226852119,1,-0.02333333226852119
,academy_3_vs_1_with_keeper,42,collect_rollout,103,0,21,-0.029999998630955815,False,False,0.0,0.0,0,0,0,0.0,0.0,0.0,0.0,-0.029999998630955815,1,-0.029999998630955815
,academy_3_vs_1_with_keeper,42,collect_rollout,104,0,16,-0.029999998630955815,False,False,0.0,0.0,0,0,0,0.0,0.0,0.0,0.0,-0.029999998630955815,1,-0.029999998630955815
,academy_3_vs_1_with_keeper,42,collect_rollout,105,0,17,-0.031906337244436145,False,False,0.0,0.0,0,0,0,0.0,0.0,0.0,0.0,-0.031906337244436145,1,-0.031906337244436145
,academy_3_vs_1_with_keeper,42,collect_rollout,106,0,52,-0.10249985475093126,False,False,0.0,0.0,0,0,0,0.0,0.0,0.0,0.0,-0.10249985475093126,1,-0.10249985475093126
,academy_3_vs_1_with_keeper,42,collect_rollout,107,0,53,-0.1399999971035868,False,False,0.0,0.0,0,0,0,0.0,0.0,0.0,0.0,-0.1399999971035868,1,-0.1399999971035868
,academy_3_vs_1_with_keeper,42,collect_rollout,108,0,23,-0.049999997951090336,False,False,0.0,0.0,0,0,0,0.0,0.0,0.0,0.0,-0.049999997951090336,1,-0.049999997951090336
,academy_3_vs_1_with_keeper,42,collect_rollout,109,0,16,-0.03333333181217313,False,False,0.0,0.0,0,0,0,0.0,0.0,0.0,0.0,-0.03333333181217313,1,-0.03333333181217313
,academy_3_vs_1_with_keeper,42,collect_rollout,110,0,16,-0.039999998174607754,False,False,0.0,0.0,0,0,0,0.0,0.0,0.0,0.0,-0.039999998174607754,1,-0.039999998174607754
,academy_3_vs_1_with_keeper,42,collect_rollout,111,0,18,-0.026666665449738503,False,False,0.0,0.0,0,0,0,0.0,0.0,0.0,0.0,-0.026666665449738503,1,-0.026666665449738503
,academy_3_vs_1_with_keeper,42,collect_rollout,112,0,21,-0.03333333181217313,False,False,0.0,0.0,0,0,0,0.0,0.0,0.0,0.0,-0.03333333181217313,1,-0.03333333181217313
,academy_3_vs_1_with_keeper,42,collect_rollout,113,0,19,-0.039999998174607754,False,False,0.0,0.0,0,0,0,0.0,0.0,0.0,0.0,-0.039999998174607754,1,-0.039999998174607754
,academy_3_vs_1_with_keeper,42,collect_rollout,114,0,93,-0.19145776110235602,False,False,0.0,0.0,0,0,0,0.0,0.0,0.0,0.0,-0.19145776110235602,1,-0.19145776110235602
,academy_3_vs_1_with_keeper,42,collect_rollout,115,0,36,0.041316485847346485,False,False,0.0,0.0,0,0,0,0.0,0.0,0.0,0.0,0.041316485847346485,1,0.041316485847346485
,academy_3_vs_1_with_keeper,42,collect_rollout,116,0,19,-0.016666665906086564,False,False,0.0,0.0,0,0,0,0.0,0.0,0.0,0.0,-0.016666665906086564,1,-0.016666665906086564
,academy_3_vs_1_with_keeper,42,collect_rollout,117,0,17,-0.009999999543651938,False,False,0.0,0.0,0,0,0,0.0,0.0,0.0,0.0,-0.009999999543651938,1,-0.009999999543651938
,academy_3_vs_1_with_keeper,42,collect_rollout,118,0,40,0.001359968795441091,False,False,0.0,0.0,0,0,0,0.0,0.0,0.0,0.0,0.001359968795441091,1,0.001359968795441091
,academy_3_vs_1_with_keeper,42,collect_rollout,119,0,19,-0.016666665906086564,False,False,0.0,0.0,0,0,0,0.0,0.0,0.0,0.0,-0.016666665906086564,1,-0.016666665906086564
,academy_3_vs_1_with_keeper,42,collect_rollout,120,0,20,-0.016666665906086564,False,False,0.0,0.0,0,0,0,0.0,0.0,0.0,0.0,-0.016666665906086564,1,-0.016666665906086564
,academy_3_vs_1_with_keeper,42,collect_rollout,121,0,22,-0.026666665449738503,False,False,0.0,0.0,0,0,0,0.0,0.0,0.0,0.0,-0.026666665449738503,1,-0.026666665449738503
,academy_3_vs_1_with_keeper,42,collect_rollout,122,0,20,-0.053333330899477005,False,False,0.0,0.0,0,0,0,0.0,0.0,0.0,0.0,-0.053333330899477005,1,-0.053333330899477005
,academy_3_vs_1_with_keeper,42,collect_rollout,123,0,60,-0.17999999225139618,False,False,0.0,0.0,0,0,0,0.0,0.0,0.0,0.0,-0.17999999225139618,1,-0.17999999225139618
,academy_3_vs_1_with_keeper,42,collect_rollout,124,0,21,-0.016666665906086564,False,False,0.0,0.0,0,0,0,0.0,0.0,0.0,0.0,-0.016666665906086564,1,-0.016666665906086564
,academy_3_vs_1_with_keeper,42,collect_rollout,125,0,19,-0.03333333181217313,False,False,0.0,0.0,0,0,0,0.0,0.0,0.0,0.0,-0.03333333181217313,1,-0.03333333181217313
,academy_3_vs_1_with_keeper,42,collect_rollout,126,0,19,-0.029999998630955815,False,False,0.0,0.0,0,0,0,0.0,0.0,0.0,0.0,-0.029999998630955815,1,-0.029999998630955815
,academy_3_vs_1_with_keeper,42,collect_rollout,127,0,19,2.0209885450312868,False,False,0.0,0.0,0,0,0,0.0,0.0,0.0,0.0,2.0209885450312868,1,2.0209885450312868
,academy_3_vs_1_with_keeper,42,collect_rollout,128,0,20,-0.013333332724869251,False,False,0.0,0.0,0,0,0,0.0,0.0,0.0,0.0,-0.013333332724869251,1,-0.013333332724869251
,academy_3_vs_1_with_keeper,42,collect_rollout,129,0,21,-0.039999998174607754,False,False,0.0,0.0,0,0,0,0.0,0.0,0.0,0.0,-0.039999998174607754,1,-0.039999998174607754
,academy_3_vs_1_with_keeper,42,collect_rollout,130,0,19,-0.03333333181217313,False,False,0.0,0.0,0,0,0,0.0,0.0,0.0,0.0,-0.03333333181217313,1,-0.03333333181217313
,academy_3_vs_1_with_keeper,42,collect_rollout,131,0,13,-0.02333333226852119,False,False,0.0,0.0,0,0,0,0.0,0.0,0.0,0.0,-0.02333333226852119,1,-0.02333333226852119
,academy_3_vs_1_with_keeper,42,collect_rollout,132,0,21,-0.03333333181217313,False,False,0.0,0.0,0,0,0,0.0,0.0,0.0,0.0,-0.03333333181217313,1,-0.03333333181217313
,academy_3_vs_1_with_keeper,42,collect_rollout,133,0,51,-0.1566666627768427,False,False,0.0,0.0,0,0,0,0.0,0.0,0.0,0.0,-0.1566666627768427,1,-0.1566666627768427
,academy_3_vs_1_with_keeper,42,collect_rollout,134,0,34,-0.09808244602754712,False,False,0.0,0.0,0,0,0,0.0,0.0,0.0,0.0,-0.09808244602754712,1,-0.09808244602754712
,academy_3_vs_1_with_keeper,42,collect_rollout,135,0,16,-0.02333333226852119,False,False,0.0,0.0,0,0,0,0.0,0.0,0.0,0.0,-0.02333333226852119,1,-0.02333333226852119
,academy_3_vs_1_with_keeper,42,collect_rollout,136,0,52,-0.10378283658064902,False,False,0.0,0.0,0,0,0,0.0,0.0,0.0,0.0,-0.10378283658064902,1,-0.10378283658064902
,academy_3_vs_1_with_keeper,42,collect_rollout,137,0,33,-0.08474166295491159,False,False,0.0,0.0,0,0,0,0.0,0.0,0.0,0.0,-0.08474166295491159,1,-0.08474166295491159
,academy_3_vs_1_with_keeper,42,collect_rollout,138,0,37,-0.10999999521300197,False,False,0.0,0.0,0,0,0,0.0,0.0,0.0,0.0,-0.10999999521300197,1,-0.10999999521300197
,academy_3_vs_1_with_keeper,42,collect_rollout,139,0,22,-0.03333333181217313,False,False,0.0,0.0,0,0,0,0.0,0.0,0.0,0.0,-0.03333333181217313,1,-0.03333333181217313
,academy_3_vs_1_with_keeper,42,collect_rollout,140,0,19,-0.029999998630955815,False,False,0.0,0.0,0,0,0,0.0,0.0,0.0,0.0,-0.029999998630955815,1,-0.029999998630955815
,academy_3_vs_1_with_keeper,42,collect_rollout,141,0,17,-0.026666665449738503,False,False,0.0,0.0,0,0,0,0.0,0.0,0.0,0.0,-0.026666665449738503,1,-0.026666665449738503
,academy_3_vs_1_with_keeper,42,collect_rollout,142,0,18,-0.026666665449738503,False,False,0.0,0.0,0,0,0,0.0,0.0,0.0,0.0,-0.026666665449738503,1,-0.026666665449738503
,academy_3_vs_1_with_keeper,42,collect_rollout,143,0,18,-0.03333333204500377,False,False,0.0,0.0,0,0,0,0.0,0.0,0.0,0.0,-0.03333333204500377,1,-0.03333333204500377
,academy_3_vs_1_with_keeper,42,collect_rollout,144,0,48,-0.055822911934228614,False,False,0.0,0.0,0,0,0,0.0,0.0,0.0,0.0,-0.055822911934228614,1,-0.055822911934228614
,academy_3_vs_1_with_keeper,42,collect_rollout,145,0,15,-0.01999999932013452,False,False,0.0,0.0,0,0,0,0.0,0.0,0.0,0.0,-0.01999999932013452,1,-0.01999999932013452
,academy_3_vs_1_with_keeper,42,collect_rollout,146,0,19,-0.013333332724869251,False,False,0.0,0.0,0,0,0,0.0,0.0,0.0,0.0,-0.013333332724869251,1,-0.013333332724869251
,academy_3_vs_1_with_keeper,42,collect_rollout,147,0,17,-0.0399999984074384,False,False,0.0,0.0,0,0,0,0.0,0.0,0.0,0.0,-0.0399999984074384,1,-0.0399999984074384
,academy_3_vs_1_with_keeper,42,collect_rollout,148,0,17,-0.013333332724869251,False,False,0.0,0.0,0,0,0,0.0,0.0,0.0,0.0,-0.013333332724869251,1,-0.013333332724869251
,academy_3_vs_1_with_keeper,42,collect_rollout,149,0,16,-0.02333333226852119,False,False,0.0,0.0,0,0,0,0.0,0.0,0.0,0.0,-0.02333333226852119,1,-0.02333333226852119
,academy_3_vs_1_with_keeper,42,collect_rollout,150,0,99,0.05458201980218291,False,False,0.0,0.0,0,0,0,0.0,0.0,0.0,0.0,0.05458201980218291,1,0.05458201980218291
,academy_3_vs_1_with_keeper,42,collect_rollout,151,0,18,-0.019999999087303877,False,False,0.0,0.0,0,0,0,0.0,0.0,0.0,0.0,-0.019999999087303877,1,-0.019999999087303877
,academy_3_vs_1_with_keeper,42,collect_rollout,152,0,19,-0.026666665449738503,False,False,0.0,0.0,0,0,0,0.0,0.0,0.0,0.0,-0.026666665449738503,1,-0.026666665449738503
,academy_3_vs_1_with_keeper,42,collect_rollout,153,0,14,-0.016666665906086564,False,False,0.0,0.0,0,0,0,0.0,0.0,0.0,0.0,-0.016666665906086564,1,-0.016666665906086564
,academy_3_vs_1_with_keeper,42,collect_rollout,154,0,47,-0.05576914067205507,False,False,0.0,0.0,0,0,0,0.0,0.0,0.0,0.0,-0.05576914067205507,1,-0.05576914067205507
,academy_3_vs_1_with_keeper,42,collect_rollout,155,0,92,-0.17581521603278816,False,False,0.0,0.0,0,0,0,0.0,0.0,0.0,0.0,-0.17581521603278816,1,-0.17581521603278816
,academy_3_vs_1_with_keeper,42,collect_rollout,156,0,18,-0.019999999087303877,False,False,0.0,0.0,0,0,0,0.0,0.0,0.0,0.0,-0.019999999087303877,1,-0.019999999087303877
,academy_3_vs_1_with_keeper,42,collect_rollout,157,0,9,-0.10931865777820349,False,False,0.0,0.0,0,0,0,0.0,0.0,0.0,0.0,-0.10931865777820349,1,-0.10931865777820349
,academy_3_vs_1_with_keeper,42,collect_rollout,158,0,7,-0.08854718413203955,False,False,0.0,0.0,0,0,0,0.0,0.0,0.0,0.0,-0.08854718413203955,1,-0.08854718413203955
,academy_3_vs_1_with_keeper,42,collect_rollout,159,0,22,-0.029999998630955815,False,False,0.0,0.0,0,0,0,0.0,0.0,0.0,0.0,-0.029999998630955815,1,-0.029999998630955815
,academy_3_vs_1_with_keeper,42,collect_rollout,160,0,19,-0.0399999984074384,False,False,0.0,0.0,0,0,0,0.0,0.0,0.0,0.0,-0.0399999984074384,1,-0.0399999984074384
,academy_3_vs_1_with_keeper,42,collect_rollout,161,0,17,-0.029999998630955815,False,False,0.0,0.0,0,0,0,0.0,0.0,0.0,0.0,-0.029999998630955815,1,-0.029999998630955815
,academy_3_vs_1_with_keeper,42,collect_rollout,162,0,18,-0.019999999087303877,False,False,0.0,0.0,0,0,0,0.0,0.0,0.0,0.0,-0.019999999087303877,1,-0.019999999087303877
,academy_3_vs_1_with_keeper,42,collect_rollout,163,0,12,-0.11088031041435897,False,False,0.0,0.0,0,0,0,0.0,0.0,0.0,0.0,-0.11088031041435897,1,-0.11088031041435897
,academy_3_vs_1_with_keeper,42,collect_rollout,164,0,22,-0.039999998174607754,False,False,0.0,0.0,0,0,0,0.0,0.0,0.0,0.0,-0.039999998174607754,1,-0.039999998174607754
,academy_3_vs_1_with_keeper,42,collect_rollout,165,0,16,-0.029999998630955815,False,False,0.0,0.0,0,0,0,0.0,0.0,0.0,0.0,-0.029999998630955815,1,-0.029999998630955815
,academy_3_vs_1_with_keeper,42,collect_rollout,166,0,23,-0.016666665906086564,False,False,0.0,0.0,0,0,0,0.0,0.0,0.0,0.0,-0.016666665906086564,1,-0.016666665906086564
,academy_3_vs_1_with_keeper,42,collect_rollout,167,0,15,-0.019999999087303877,False,False,0.0,0.0,0,0,0,0.0,0.0,0.0,0.0,-0.019999999087303877,1,-0.019999999087303877
,academy_3_vs_1_with_keeper,42,collect_rollout,168,0,10,-0.11161977320443839,False,False,0.0,0.0,0,0,0,0.0,0.0,0.0,0.0,-0.11161977320443839,1,-0.11161977320443839
,academy_3_vs_1_with_keeper,42,collect_rollout,169,0,22,-0.03666666499339044,False,False,0.0,0.0,0,0,0,0.0,0.0,0.0,0.0,-0.03666666499339044,1,-0.03666666499339044
,academy_3_vs_1_with_keeper,42,collect_rollout,170,0,17,-0.02333333226852119,False,False,0.0,0.0,0,0,0,0.0,0.0,0.0,0.0,-0.02333333226852119,1,-0.02333333226852119
,academy_3_vs_1_with_keeper,42,collect_rollout,171,0,22,-0.016666665906086564,False,False,0.0,0.0,0,0,0,0.0,0.0,0.0,0.0,-0.016666665906086564,1,-0.016666665906086564
,academy_3_vs_1_with_keeper,42,collect_rollout,172,0,34,-0.09999999892897904,False,False,0.0,0.0,0,0,0,0.0,0.0,0.0,0.0,-0.09999999892897904,1,-0.09999999892897904
,academy_3_vs_1_with_keeper,42,collect_rollout,173,0,22,-0.03666666499339044,False,False,0.0,0.0,0,0,0,0.0,0.0,0.0,0.0,-0.03666666499339044,1,-0.03666666499339044
,academy_3_vs_1_with_keeper,42,collect_rollout,174,0,14,-0.006666666362434626,False,False,0.0,0.0,0,0,0,0.0,0.0,0.0,0.0,-0.006666666362434626,1,-0.006666666362434626
,academy_3_vs_1_with_keeper,42,collect_rollout,175,0,19,-0.02333333226852119,False,False,0.0,0.0,0,0,0,0.0,0.0,0.0,0.0,-0.02333333226852119,1,-0.02333333226852119
,academy_3_vs_1_with_keeper,42,collect_rollout,176,0,16,-0.019999999087303877,False,False,0.0,0.0,0,0,0,0.0,0.0,0.0,0.0,-0.019999999087303877,1,-0.019999999087303877
,academy_3_vs_1_with_keeper,42,collect_rollout,177,0,15,-0.02333333226852119,False,False,0.0,0.0,0,0,0,0.0,0.0,0.0,0.0,-0.02333333226852119,1,-0.02333333226852119
,academy_3_vs_1_with_keeper,42,collect_rollout,178,0,19,-0.029999998630955815,False,False,0.0,0.0,0,0,0,0.0,0.0,0.0,0.0,-0.029999998630955815,1,-0.029999998630955815
,academy_3_vs_1_with_keeper,42,collect_rollout,179,0,16,-0.029999998630955815,False,False,0.0,0.0,0,0,0,0.0,0.0,0.0,0.0,-0.029999998630955815,1,-0.029999998630955815
,academy_3_vs_1_with_keeper,42,collect_rollout,180,0,18,-0.029999998630955815,False,False,0.0,0.0,0,0,0,0.0,0.0,0.0,0.0,-0.029999998630955815,1,-0.029999998630955815
,academy_3_vs_1_with_keeper,42,collect_rollout,181,0,17,-0.013333332724869251,False,False,0.0,0.0,0,0,0,0.0,0.0,0.0,0.0,-0.013333332724869251,1,-0.013333332724869251
,academy_3_vs_1_with_keeper,42,collect_rollout,182,0,20,-0.02333333226852119,False,False,0.0,0.0,0,0,0,0.0,0.0,0.0,0.0,-0.02333333226852119,1,-0.02333333226852119
,academy_3_vs_1_with_keeper,42,collect_rollout,183,0,15,-0.03333333204500377,False,False,0.0,0.0,0,0,0,0.0,0.0,0.0,0.0,-0.03333333204500377,1,-0.03333333204500377
,academy_3_vs_1_with_keeper,42,collect_rollout,184,0,18,-0.023333332501351833,False,False,0.0,0.0,0,0,0,0.0,0.0,0.0,0.0,-0.023333332501351833,1,-0.023333332501351833
,academy_3_vs_1_with_keeper,42,collect_rollout,185,0,17,-0.026666665449738503,False,False,0.0,0.0,0,0,0,0.0,0.0,0.0,0.0,-0.026666665449738503,1,-0.026666665449738503
,academy_3_vs_1_with_keeper,42,collect_rollout,186,0,20,-0.026666665682569146,False,False,0.0,0.0,0,0,0,0.0,0.0,0.0,0.0,-0.026666665682569146,1,-0.026666665682569146
,academy_3_vs_1_with_keeper,42,collect_rollout,187,0,17,-0.02333333226852119,False,False,0.0,0.0,0,0,0,0.0,0.0,0.0,0.0,-0.02333333226852119,1,-0.02333333226852119
,academy_3_vs_1_with_keeper,42,collect_rollout,188,0,36,-0.08608879114035517,False,False,0.0,0.0,0,0,0,0.0,0.0,0.0,0.0,-0.08608879114035517,1,-0.08608879114035517
,academy_3_vs_1_with_keeper,42,collect_rollout,189,0,45,1.9136871273512952,False,False,0.0,0.0,0,0,0,0.0,0.0,0.0,0.0,1.9136871273512952,1,1.9136871273512952
,academy_3_vs_1_with_keeper,42,collect_rollout,190,0,34,0.03422882198356092,False,False,0.0,0.0,0,0,0,0.0,0.0,0.0,0.0,0.03422882198356092,1,0.03422882198356092
,academy_3_vs_1_with_keeper,42,collect_rollout,191,0,22,-0.03666666499339044,False,False,0.0,0.0,0,0,0,0.0,0.0,0.0,0.0,-0.03666666499339044,1,-0.03666666499339044
,academy_3_vs_1_with_keeper,42,collect_rollout,192,0,18,-0.026666665449738503,False,False,0.0,0.0,0,0,0,0.0,0.0,0.0,0.0,-0.026666665449738503,1,-0.026666665449738503
,academy_3_vs_1_with_keeper,42,collect_rollout,193,0,24,-0.03666666499339044,False,False,0.0,0.0,0,0,0,0.0,0.0,0.0,0.0,-0.03666666499339044,1,-0.03666666499339044
,academy_3_vs_1_with_keeper,42,collect_rollout,194,0,22,-0.026666665449738503,False,False,0.0,0.0,0,0,0,0.0,0.0,0.0,0.0,-0.026666665449738503,1,-0.026666665449738503
,academy_3_vs_1_with_keeper,42,collect_rollout,195,0,31,-0.07021586154587567,False,False,0.0,0.0,0,0,0,0.0,0.0,0.0,0.0,-0.07021586154587567,1,-0.07021586154587567
,academy_3_vs_1_with_keeper,42,collect_rollout,196,0,23,-0.026666665449738503,False,False,0.0,0.0,0,0,0,0.0,0.0,0.0,0.0,-0.026666665449738503,1,-0.026666665449738503
,academy_3_vs_1_with_keeper,42,collect_rollout,197,0,12,-0.021629190538078547,False,False,0.0,0.0,0,0,0,0.0,0.0,0.0,0.0,-0.021629190538078547,1,-0.021629190538078547
,academy_3_vs_1_with_keeper,42,collect_rollout,198,0,8,0.008861234644427896,False,False,0.0,0.0,0,0,0,0.0,0.0,0.0,0.0,0.008861234644427896,1,0.008861234644427896
,academy_3_vs_1_with_keeper,42,collect_rollout,199,0,35,-0.004888043738901615,False,False,0.0,0.0,0,0,0,0.0,0.0,0.0,0.0,-0.004888043738901615,1,-0.004888043738901615
,academy_3_vs_1_with_keeper,42,collect_rollout,200,0,38,1.9551345576765016,False,False,0.0,0.0,0,0,0,0.0,0.0,0.0,0.0,1.9551345576765016,1,1.9551345576765016
,academy_3_vs_1_with_keeper,42,collect_rollout,201,0,18,-0.02333333226852119,False,False,0.0,0.0,0,0,0,0.0,0.0,0.0,0.0,-0.02333333226852119,1,-0.02333333226852119
,academy_3_vs_1_with_keeper,42,collect_rollout,202,0,23,-0.03666666499339044,False,False,0.0,0.0,0,0,0,0.0,0.0,0.0,0.0,-0.03666666499339044,1,-0.03666666499339044
,academy_3_vs_1_with_keeper,42,collect_rollout,203,0,72,-0.196754198288545,False,False,0.0,0.0,0,0,0,0.0,0.0,0.0,0.0,-0.196754198288545,1,-0.196754198288545
,academy_3_vs_1_with_keeper,42,collect_rollout,204,0,47,-0.05309973888506647,False,False,0.0,0.0,0,0,0,0.0,0.0,0.0,0.0,-0.05309973888506647,1,-0.05309973888506647
,academy_3_vs_1_with_keeper,42,collect_rollout,205,0,20,-0.03333333181217313,False,False,0.0,0.0,0,0,0,0.0,0.0,0.0,0.0,-0.03333333181217313,1,-0.03333333181217313
,academy_3_vs_1_with_keeper,42,collect_rollout,206,0,14,-0.009999999543651938,False,False,0.0,0.0,0,0,0,0.0,0.0,0.0,0.0,-0.009999999543651938,1,-0.009999999543651938
,academy_3_vs_1_with_keeper,42,collect_rollout,207,0,104,-0.3524380315793678,False,False,0.0,0.0,0,0,0,0.0,0.0,0.0,0.0,-0.3524380315793678,1,-0.3524380315793678
,academy_3_vs_1_with_keeper,42,collect_rollout,208,0,20,-0.026666665449738503,False,False,0.0,0.0,0,0,0,0.0,0.0,0.0,0.0,-0.026666665449738503,1,-0.026666665449738503
,academy_3_vs_1_with_keeper,42,collect_rollout,209,0,18,-0.029999998630955815,False,False,0.0,0.0,0,0,0,0.0,0.0,0.0,0.0,-0.029999998630955815,1,-0.029999998630955815
,academy_3_vs_1_with_keeper,42,collect_rollout,210,0,21,-0.029999998630955815,False,False,0.0,0.0,0,0,0,0.0,0.0,0.0,0.0,-0.029999998630955815,1,-0.029999998630955815
,academy_3_vs_1_with_keeper,42,collect_rollout,211,0,19,-0.013333332724869251,False,False,0.0,0.0,0,0,0,0.0,0.0,0.0,0.0,-0.013333332724869251,1,-0.013333332724869251
,academy_3_vs_1_with_keeper,42,collect_rollout,212,0,19,-0.029999998630955815,False,False,0.0,0.0,0,0,0,0.0,0.0,0.0,0.0,-0.029999998630955815,1,-0.029999998630955815
,academy_3_vs_1_with_keeper,42,collect_rollout,213,0,23,-0.016666665906086564,False,False,0.0,0.0,0,0,0,0.0,0.0,0.0,0.0,-0.016666665906086564,1,-0.016666665906086564
,academy_3_vs_1_with_keeper,42,collect_rollout,214,0,19,-0.006666666362434626,False,False,0.0,0.0,0,0,0,0.0,0.0,0.0,0.0,-0.006666666362434626,1,-0.006666666362434626
,academy_3_vs_1_with_keeper,42,collect_rollout,215,0,18,-0.019999999087303877,False,False,0.0,0.0,0,0,0,0.0,0.0,0.0,0.0,-0.019999999087303877,1,-0.019999999087303877
,academy_3_vs_1_with_keeper,42,collect_rollout,216,0,18,-0.029999998630955815,False,False,0.0,0.0,0,0,0,0.0,0.0,0.0,0.0,-0.029999998630955815,1,-0.029999998630955815
,academy_3_vs_1_with_keeper,42,collect_rollout,217,0,18,-0.019999999087303877,False,False,0.0,0.0,0,0,0,0.0,0.0,0.0,0.0,-0.019999999087303877,1,-0.019999999087303877
,academy_3_vs_1_with_keeper,42,collect_rollout,218,0,19,-0.019999999087303877,False,False,0.0,0.0,0,0,0,0.0,0.0,0.0,0.0,-0.019999999087303877,1,-0.019999999087303877
,academy_3_vs_1_with_keeper,42,collect_rollout,219,0,19,-0.026666665449738503,False,False,0.0,0.0,0,0,0,0.0,0.0,0.0,0.0,-0.026666665449738503,1,-0.026666665449738503
,academy_3_vs_1_with_keeper,42,collect_rollout,220,0,21,-0.026666665449738503,False,False,0.0,0.0,0,0,0,0.0,0.0,0.0,0.0,-0.026666665449738503,1,-0.026666665449738503
,academy_3_vs_1_with_keeper,42,collect_rollout,221,0,21,-0.013333332724869251,False,False,0.0,0.0,0,0,0,0.0,0.0,0.0,0.0,-0.013333332724869251,1,-0.013333332724869251
,academy_3_vs_1_with_keeper,42,collect_rollout,222,0,19,-0.026666665449738503,False,False,0.0,0.0,0,0,0,0.0,0.0,0.0,0.0,-0.026666665449738503,1,-0.026666665449738503
,academy_3_vs_1_with_keeper,42,collect_rollout,223,0,19,-0.029999998630955815,False,False,0.0,0.0,0,0,0,0.0,0.0,0.0,0.0,-0.029999998630955815,1,-0.029999998630955815
,academy_3_vs_1_with_keeper,42,collect_rollout,224,0,18,-0.02333333226852119,False,False,0.0,0.0,0,0,0,0.0,0.0,0.0,0.0,-0.02333333226852119,1,-0.02333333226852119
,academy_3_vs_1_with_keeper,42,collect_rollout,225,0,14,-0.016666665906086564,False,False,0.0,0.0,0,0,0,0.0,0.0,0.0,0.0,-0.016666665906086564,1,-0.016666665906086564
,academy_3_vs_1_with_keeper,42,collect_rollout,226,0,17,-0.013333332724869251,False,False,0.0,0.0,0,0,0,0.0,0.0,0.0,0.0,-0.013333332724869251,1,-0.013333332724869251
,academy_3_vs_1_with_keeper,42,collect_rollout,227,0,19,-0.03333333204500377,False,False,0.0,0.0,0,0,0,0.0,0.0,0.0,0.0,-0.03333333204500377,1,-0.03333333204500377
,academy_3_vs_1_with_keeper,42,collect_rollout,228,0,15,-0.01999999932013452,False,False,0.0,0.0,0,0,0,0.0,0.0,0.0,0.0,-0.01999999932013452,1,-0.01999999932013452
,academy_3_vs_1_with_keeper,42,collect_rollout,229,0,23,-0.026666665449738503,False,False,0.0,0.0,0,0,0,0.0,0.0,0.0,0.0,-0.026666665449738503,1,-0.026666665449738503
,academy_3_vs_1_with_keeper,42,collect_rollout,230,0,32,-0.03585403598845005,False,False,0.0,0.0,0,0,0,0.0,0.0,0.0,0.0,-0.03585403598845005,1,-0.03585403598845005
,academy_3_vs_1_with_keeper,42,collect_rollout,231,0,12,-0.014367034964379855,False,False,0.0,0.0,0,0,0,0.0,0.0,0.0,0.0,-0.014367034964379855,1,-0.014367034964379855
,academy_3_vs_1_with_keeper,42,collect_rollout,232,0,19,-0.029999998630955815,False,False,0.0,0.0,0,0,0,0.0,0.0,0.0,0.0,-0.029999998630955815,1,-0.029999998630955815
,academy_3_vs_1_with_keeper,42,collect_rollout,233,0,16,-0.019999999087303877,False,False,0.0,0.0,0,0,0,0.0,0.0,0.0,0.0,-0.019999999087303877,1,-0.019999999087303877
,academy_3_vs_1_with_keeper,42,collect_rollout,234,0,14,-0.016666665906086564,False,False,0.0,0.0,0,0,0,0.0,0.0,0.0,0.0,-0.016666665906086564,1,-0.016666665906086564
,academy_3_vs_1_with_keeper,42,collect_rollout,235,0,61,-0.245839906623587,False,False,0.0,0.0,0,0,0,0.0,0.0,0.0,0.0,-0.245839906623587,1,-0.245839906623587
,academy_3_vs_1_with_keeper,42,collect_rollout,236,0,16,-0.03333333181217313,False,False,0.0,0.0,0,0,0,0.0,0.0,0.0,0.0,-0.03333333181217313,1,-0.03333333181217313
,academy_3_vs_1_with_keeper,42,collect_rollout,237,0,18,-0.019999999087303877,False,False,0.0,0.0,0,0,0,0.0,0.0,0.0,0.0,-0.019999999087303877,1,-0.019999999087303877
,academy_3_vs_1_with_keeper,42,collect_rollout,238,0,18,-0.03333333181217313,False,False,0.0,0.0,0,0,0,0.0,0.0,0.0,0.0,-0.03333333181217313,1,-0.03333333181217313
,academy_3_vs_1_with_keeper,42,collect_rollout,239,0,10,0.004937680903822184,False,False,0.0,0.0,0,0,0,0.0,0.0,0.0,0.0,0.004937680903822184,1,0.004937680903822184
,academy_3_vs_1_with_keeper,42,collect_rollout,240,0,17,-0.006666666362434626,False,False,0.0,0.0,0,0,0,0.0,0.0,0.0,0.0,-0.006666666362434626,1,-0.006666666362434626
,academy_3_vs_1_with_keeper,42,collect_rollout,241,0,19,-0.019999999087303877,False,False,0.0,0.0,0,0,0,0.0,0.0,0.0,0.0,-0.019999999087303877,1,-0.019999999087303877
,academy_3_vs_1_with_keeper,42,collect_rollout,242,0,48,-0.14139426179463044,False,False,0.0,0.0,0,0,0,0.0,0.0,0.0,0.0,-0.14139426179463044,1,-0.14139426179463044
,academy_3_vs_1_with_keeper,42,collect_rollout,243,0,16,-0.013333332724869251,False,False,0.0,0.0,0,0,0,0.0,0.0,0.0,0.0,-0.013333332724869251,1,-0.013333332724869251
,academy_3_vs_1_with_keeper,42,collect_rollout,244,0,15,-0.02333333226852119,False,False,0.0,0.0,0,0,0,0.0,0.0,0.0,0.0,-0.02333333226852119,1,-0.02333333226852119
,academy_3_vs_1_with_keeper,42,collect_rollout,245,0,12,-0.009919615462422371,False,False,0.0,0.0,0,0,0,0.0,0.0,0.0,0.0,-0.009919615462422371,1,-0.009919615462422371
,academy_3_vs_1_with_keeper,42,collect_rollout,246,0,50,-0.0766666664276272,False,False,0.0,0.0,0,0,0,0.0,0.0,0.0,0.0,-0.0766666664276272,1,-0.0766666664276272
,academy_3_vs_1_with_keeper,42,collect_rollout,247,0,18,-0.02333333226852119,False,False,0.0,0.0,0,0,0,0.0,0.0,0.0,0.0,-0.02333333226852119,1,-0.02333333226852119
,academy_3_vs_1_with_keeper,42,collect_rollout,248,0,20,-0.02333333226852119,False,False,0.0,0.0,0,0,0,0.0,0.0,0.0,0.0,-0.02333333226852119,1,-0.02333333226852119
,academy_3_vs_1_with_keeper,42,collect_rollout,249,0,17,-0.019999999087303877,False,False,0.0,0.0,0,0,0,0.0,0.0,0.0,0.0,-0.019999999087303877,1,-0.019999999087303877
,academy_3_vs_1_with_keeper,42,collect_rollout,250,0,7,-0.09975803131237626,False,False,0.0,0.0,0,0,0,0.0,0.0,0.0,0.0,-0.09975803131237626,1,-0.09975803131237626
,academy_3_vs_1_with_keeper,42,collect_rollout,251,0,92,-0.34283908864017576,False,False,0.0,0.0,0,0,0,0.0,0.0,0.0,0.0,-0.34283908864017576,1,-0.34283908864017576
,academy_3_vs_1_with_keeper,42,collect_rollout,252,0,17,-0.019999999087303877,False,False,0.0,0.0,0,0,0,0.0,0.0,0.0,0.0,-0.019999999087303877,1,-0.019999999087303877
,academy_3_vs_1_with_keeper,42,collect_rollout,253,0,7,-0.0977289869915694,False,False,0.0,0.0,0,0,0,0.0,0.0,0.0,0.0,-0.0977289869915694,1,-0.0977289869915694
,academy_3_vs_1_with_keeper,42,collect_rollout,254,0,21,-0.029999998630955815,False,False,0.0,0.0,0,0,0,0.0,0.0,0.0,0.0,-0.029999998630955815,1,-0.029999998630955815
,academy_3_vs_1_with_keeper,42,collect_rollout,255,0,15,-0.016666665906086564,False,False,0.0,0.0,0,0,0,0.0,0.0,0.0,0.0,-0.016666665906086564,1,-0.016666665906086564
,academy_3_vs_1_with_keeper,42,collect_rollout,256,0,18,-0.02333333226852119,False,False,0.0,0.0,0,0,0,0.0,0.0,0.0,0.0,-0.02333333226852119,1,-0.02333333226852119
,academy_3_vs_1_with_keeper,42,collect_rollout,257,0,16,-0.013333332724869251,False,False,0.0,0.0,0,0,0,0.0,0.0,0.0,0.0,-0.013333332724869251,1,-0.013333332724869251
,academy_3_vs_1_with_keeper,42,collect_rollout,258,0,20,-0.019999999087303877,False,False,0.0,0.0,0,0,0,0.0,0.0,0.0,0.0,-0.019999999087303877,1,-0.019999999087303877
,academy_3_vs_1_with_keeper,42,collect_rollout,259,0,65,-0.27678187142009847,False,False,0.0,0.0,0,0,0,0.0,0.0,0.0,0.0,-0.27678187142009847,1,-0.27678187142009847
,academy_3_vs_1_with_keeper,42,collect_rollout,260,0,37,0.019103039521723986,False,False,0.0,0.0,0,0,0,0.0,0.0,0.0,0.0,0.019103039521723986,1,0.019103039521723986
,academy_3_vs_1_with_keeper,42,collect_rollout,261,0,19,-0.006666666362434626,False,False,0.0,0.0,0,0,0,0.0,0.0,0.0,0.0,-0.006666666362434626,1,-0.006666666362434626
,academy_3_vs_1_with_keeper,42,collect_rollout,262,0,51,-0.09094607591396198,False,False,0.0,0.0,0,0,0,0.0,0.0,0.0,0.0,-0.09094607591396198,1,-0.09094607591396198
,academy_3_vs_1_with_keeper,42,collect_rollout,263,0,16,-0.026666665449738503,False,False,0.0,0.0,0,0,0,0.0,0.0,0.0,0.0,-0.026666665449738503,1,-0.026666665449738503
,academy_3_vs_1_with_keeper,42,collect_rollout,264,0,17,-0.12884773616679013,False,False,0.0,0.0,0,0,0,0.0,0.0,0.0,0.0,-0.12884773616679013,1,-0.12884773616679013
,academy_3_vs_1_with_keeper,42,collect_rollout,265,0,16,-0.029999998630955815,False,False,0.0,0.0,0,0,0,0.0,0.0,0.0,0.0,-0.029999998630955815,1,-0.029999998630955815
,academy_3_vs_1_with_keeper,42,collect_rollout,266,0,16,-0.013333332724869251,False,False,0.0,0.0,0,0,0,0.0,0.0,0.0,0.0,-0.013333332724869251,1,-0.013333332724869251
,academy_3_vs_1_with_keeper,42,collect_rollout,267,0,18,-0.009999999543651938,False,False,0.0,0.0,0,0,0,0.0,0.0,0.0,0.0,-0.009999999543651938,1,-0.009999999543651938
,academy_3_vs_1_with_keeper,42,collect_rollout,268,0,19,-0.02333333226852119,False,False,0.0,0.0,0,0,0,0.0,0.0,0.0,0.0,-0.02333333226852119,1,-0.02333333226852119
,academy_3_vs_1_with_keeper,42,collect_rollout,269,0,16,-0.016666665906086564,False,False,0.0,0.0,0,0,0,0.0,0.0,0.0,0.0,-0.016666665906086564,1,-0.016666665906086564
,academy_3_vs_1_with_keeper,42,collect_rollout,270,0,35,2.0077248516026884,False,False,0.0,0.0,0,0,0,0.0,0.0,0.0,0.0,2.0077248516026884,1,2.0077248516026884
,academy_3_vs_1_with_keeper,42,collect_rollout,271,0,23,-0.03333333181217313,False,False,0.0,0.0,0,0,0,0.0,0.0,0.0,0.0,-0.03333333181217313,1,-0.03333333181217313
,academy_3_vs_1_with_keeper,42,collect_rollout,272,0,17,-0.02333333226852119,False,False,0.0,0.0,0,0,0,0.0,0.0,0.0,0.0,-0.02333333226852119,1,-0.02333333226852119
,academy_3_vs_1_with_keeper,42,collect_rollout,273,0,15,-0.019999999087303877,False,False,0.0,0.0,0,0,0,0.0,0.0,0.0,0.0,-0.019999999087303877,1,-0.019999999087303877
,academy_3_vs_1_with_keeper,42,collect_rollout,274,0,16,-0.026666665449738503,False,False,0.0,0.0,0,0,0,0.0,0.0,0.0,0.0,-0.026666665449738503,1,-0.026666665449738503
,academy_3_vs_1_with_keeper,42,collect_rollout,275,0,20,-0.016666665906086564,False,False,0.0,0.0,0,0,0,0.0,0.0,0.0,0.0,-0.016666665906086564,1,-0.016666665906086564
,academy_3_vs_1_with_keeper,42,collect_rollout,276,0,19,-0.026666665449738503,False,False,0.0,0.0,0,0,0,0.0,0.0,0.0,0.0,-0.026666665449738503,1,-0.026666665449738503
,academy_3_vs_1_with_keeper,42,collect_rollout,277,0,20,-0.03666666499339044,False,False,0.0,0.0,0,0,0,0.0,0.0,0.0,0.0,-0.03666666499339044,1,-0.03666666499339044
,academy_3_vs_1_with_keeper,42,collect_rollout,278,0,19,-0.02333333226852119,False,False,0.0,0.0,0,0,0,0.0,0.0,0.0,0.0,-0.02333333226852119,1,-0.02333333226852119
,academy_3_vs_1_with_keeper,42,collect_rollout,279,0,22,-0.029999998630955815,False,False,0.0,0.0,0,0,0,0.0,0.0,0.0,0.0,-0.029999998630955815,1,-0.029999998630955815
,academy_3_vs_1_with_keeper,42,collect_rollout,280,0,19,-0.15523152030073106,False,False,0.0,0.0,0,0,0,0.0,0.0,0.0,0.0,-0.15523152030073106,1,-0.15523152030073106
,academy_3_vs_1_with_keeper,42,collect_rollout,281,0,17,-0.029999998630955815,False,False,0.0,0.0,0,0,0,0.0,0.0,0.0,0.0,-0.029999998630955815,1,-0.029999998630955815
,academy_3_vs_1_with_keeper,42,collect_rollout,282,0,24,-0.04666666453704238,False,False,0.0,0.0,0,0,0,0.0,0.0,0.0,0.0,-0.04666666453704238,1,-0.04666666453704238
,academy_3_vs_1_with_keeper,42,collect_rollout,283,0,19,2.018956815591082,False,False,0.0,0.0,0,0,0,0.0,0.0,0.0,0.0,2.018956815591082,1,2.018956815591082
,academy_3_vs_1_with_keeper,42,collect_rollout,284,0,14,-0.0059683205327019095,False,False,0.0,0.0,0,0,0,0.0,0.0,0.0,0.0,-0.0059683205327019095,1,-0.0059683205327019095
,academy_3_vs_1_with_keeper,42,collect_rollout,285,0,17,-0.019999999087303877,False,False,0.0,0.0,0,0,0,0.0,0.0,0.0,0.0,-0.019999999087303877,1,-0.019999999087303877
,academy_3_vs_1_with_keeper,42,collect_rollout,286,0,49,-0.0999999986961484,False,False,0.0,0.0,0,0,0,0.0,0.0,0.0,0.0,-0.0999999986961484,1,-0.0999999986961484
,academy_3_vs_1_with_keeper,42,collect_rollout,287,0,38,-0.021715841823606752,False,False,0.0,0.0,0,0,0,0.0,0.0,0.0,0.0,-0.021715841823606752,1,-0.021715841823606752
,academy_3_vs_1_with_keeper,42,collect_rollout,288,0,23,-0.019999999087303877,False,False,0.0,0.0,0,0,0,0.0,0.0,0.0,0.0,-0.019999999087303877,1,-0.019999999087303877
,academy_3_vs_1_with_keeper,42,collect_rollout,289,0,9,-0.10674902750179172,False,False,0.0,0.0,0,0,0,0.0,0.0,0.0,0.0,-0.10674902750179172,1,-0.10674902750179172
,academy_3_vs_1_with_keeper,42,collect_rollout,290,0,38,-0.08925999887287617,False,False,0.0,0.0,0,0,0,0.0,0.0,0.0,0.0,-0.08925999887287617,1,-0.08925999887287617
,academy_3_vs_1_with_keeper,42,collect_rollout,291,0,21,-0.016666665906086564,False,False,0.0,0.0,0,0,0,0.0,0.0,0.0,0.0,-0.016666665906086564,1,-0.016666665906086564
,academy_3_vs_1_with_keeper,42,collect_rollout,292,0,15,-0.03666666499339044,False,False,0.0,0.0,0,0,0,0.0,0.0,0.0,0.0,-0.03666666499339044,1,-0.03666666499339044
,academy_3_vs_1_with_keeper,42,collect_rollout,293,0,67,-0.1741342197638005,False,False,0.0,0.0,0,0,0,0.0,0.0,0.0,0.0,-0.1741342197638005,1,-0.1741342197638005
,academy_3_vs_1_with_keeper,42,collect_rollout,294,0,19,-0.019999999087303877,False,False,0.0,0.0,0,0,0,0.0,0.0,0.0,0.0,-0.019999999087303877,1,-0.019999999087303877
,academy_3_vs_1_with_keeper,42,collect_rollout,295,0,8,-0.10100766562391073,False,False,0.0,0.0,0,0,0,0.0,0.0,0.0,0.0,-0.10100766562391073,1,-0.10100766562391073
,academy_3_vs_1_with_keeper,42,collect_rollout,296,0,19,-0.013333332724869251,False,False,0.0,0.0,0,0,0,0.0,0.0,0.0,0.0,-0.013333332724869251,1,-0.013333332724869251
,academy_3_vs_1_with_keeper,42,collect_rollout,297,0,18,-0.029999998630955815,False,False,0.0,0.0,0,0,0,0.0,0.0,0.0,0.0,-0.029999998630955815,1,-0.029999998630955815
,academy_3_vs_1_with_keeper,42,collect_rollout,298,0,16,-0.029999998630955815,False,False,0.0,0.0,0,0,0,0.0,0.0,0.0,0.0,-0.029999998630955815,1,-0.029999998630955815
,academy_3_vs_1_with_keeper,42,collect_rollout,299,0,19,-0.013333332724869251,False,False,0.0,0.0,0,0,0,0.0,0.0,0.0,0.0,-0.013333332724869251,1,-0.013333332724869251
,academy_3_vs_1_with_keeper,42,collect_rollout,300,0,47,-0.1099999959114939,False,False,0.0,0.0,0,0,0,0.0,0.0,0.0,0.0,-0.1099999959114939,1,-0.1099999959114939
,academy_3_vs_1_with_keeper,42,collect_rollout,301,0,36,-0.05651765228503791,False,False,0.0,0.0,0,0,0,0.0,0.0,0.0,0.0,-0.05651765228503791,1,-0.05651765228503791
,academy_3_vs_1_with_keeper,42,collect_rollout,302,0,14,-0.009999999543651938,False,False,0.0,0.0,0,0,0,0.0,0.0,0.0,0.0,-0.009999999543651938,1,-0.009999999543651938
,academy_3_vs_1_with_keeper,42,collect_rollout,303,0,23,-0.05999999726191163,False,False,0.0,0.0,0,0,0,0.0,0.0,0.0,0.0,-0.05999999726191163,1,-0.05999999726191163
,academy_3_vs_1_with_keeper,42,collect_rollout,304,0,20,-0.04666666453704238,False,False,0.0,0.0,0,0,0,0.0,0.0,0.0,0.0,-0.04666666453704238,1,-0.04666666453704238
,academy_3_vs_1_with_keeper,42,collect_rollout,305,0,18,-0.039999998174607754,False,False,0.0,0.0,0,0,0,0.0,0.0,0.0,0.0,-0.039999998174607754,1,-0.039999998174607754
,academy_3_vs_1_with_keeper,42,collect_rollout,306,0,18,-0.019999999087303877,False,False,0.0,0.0,0,0,0,0.0,0.0,0.0,0.0,-0.019999999087303877,1,-0.019999999087303877
,academy_3_vs_1_with_keeper,42,collect_rollout,307,0,80,-1.15999999595806,False,False,0.0,0.0,0,0,0,0.0,0.0,0.0,0.0,-1.15999999595806,1,-1.15999999595806
,academy_3_vs_1_with_keeper,42,collect_rollout,308,0,19,-0.04333333158865571,False,False,0.0,0.0,0,0,0,0.0,0.0,0.0,0.0,-0.04333333158865571,1,-0.04333333158865571
,academy_3_vs_1_with_keeper,42,collect_rollout,309,0,21,-0.019999999087303877,False,False,0.0,0.0,0,0,0,0.0,0.0,0.0,0.0,-0.019999999087303877,1,-0.019999999087303877
,academy_3_vs_1_with_keeper,42,collect_rollout,310,0,17,-0.016666665906086564,False,False,0.0,0.0,0,0,0,0.0,0.0,0.0,0.0,-0.016666665906086564,1,-0.016666665906086564
,academy_3_vs_1_with_keeper,42,collect_rollout,311,0,78,-0.21999999228864908,False,False,0.0,0.0,0,0,0,0.0,0.0,0.0,0.0,-0.21999999228864908,1,-0.21999999228864908
,academy_3_vs_1_with_keeper,42,collect_rollout,312,0,18,-0.019999999087303877,False,False,0.0,0.0,0,0,0,0.0,0.0,0.0,0.0,-0.019999999087303877,1,-0.019999999087303877
,academy_3_vs_1_with_keeper,42,collect_rollout,313,0,14,-0.016666665906086564,False,False,0.0,0.0,0,0,0,0.0,0.0,0.0,0.0,-0.016666665906086564,1,-0.016666665906086564
,academy_3_vs_1_with_keeper,42,collect_rollout,314,0,21,-0.02333333226852119,False,False,0.0,0.0,0,0,0,0.0,0.0,0.0,0.0,-0.02333333226852119,1,-0.02333333226852119
,academy_3_vs_1_with_keeper,42,collect_rollout,315,0,22,-0.029999998630955815,False,False,0.0,0.0,0,0,0,0.0,0.0,0.0,0.0,-0.029999998630955815,1,-0.029999998630955815
,academy_3_vs_1_with_keeper,42,collect_rollout,316,0,40,-0.019207469886168838,False,False,0.0,0.0,0,0,0,0.0,0.0,0.0,0.0,-0.019207469886168838,1,-0.019207469886168838
,academy_3_vs_1_with_keeper,42,collect_rollout,317,0,15,-0.009999999543651938,False,False,0.0,0.0,0,0,0,0.0,0.0,0.0,0.0,-0.009999999543651938,1,-0.009999999543651938
,academy_3_vs_1_with_keeper,42,collect_rollout,318,0,7,-0.009782133158296347,False,False,0.0,0.0,0,0,0,0.0,0.0,0.0,0.0,-0.009782133158296347,1,-0.009782133158296347
,academy_3_vs_1_with_keeper,42,collect_rollout,319,0,19,-0.013333332724869251,False,False,0.0,0.0,0,0,0,0.0,0.0,0.0,0.0,-0.013333332724869251,1,-0.013333332724869251
,academy_3_vs_1_with_keeper,42,collect_rollout,320,0,7,-0.0015824884176254272,False,False,0.0,0.0,0,0,0,0.0,0.0,0.0,0.0,-0.0015824884176254272,1,-0.0015824884176254272
,academy_3_vs_1_with_keeper,42,collect_rollout,321,0,18,-0.019999999087303877,False,False,0.0,0.0,0,0,0,0.0,0.0,0.0,0.0,-0.019999999087303877,1,-0.019999999087303877
,academy_3_vs_1_with_keeper,42,collect_rollout,322,0,22,-0.03666666499339044,False,False,0.0,0.0,0,0,0,0.0,0.0,0.0,0.0,-0.03666666499339044,1,-0.03666666499339044
,academy_3_vs_1_with_keeper,42,collect_rollout,323,0,22,-0.019999999087303877,False,False,0.0,0.0,0,0,0,0.0,0.0,0.0,0.0,-0.019999999087303877,1,-0.019999999087303877
,academy_3_vs_1_with_keeper,42,collect_rollout,324,0,11,-0.02420484443427995,False,False,0.0,0.0,0,0,0,0.0,0.0,0.0,0.0,-0.02420484443427995,1,-0.02420484443427995
,academy_3_vs_1_with_keeper,42,collect_rollout,325,0,18,-0.009999999543651938,False,False,0.0,0.0,0,0,0,0.0,0.0,0.0,0.0,-0.009999999543651938,1,-0.009999999543651938
,academy_3_vs_1_with_keeper,42,collect_rollout,326,0,18,-0.016666665906086564,False,False,0.0,0.0,0,0,0,0.0,0.0,0.0,0.0,-0.016666665906086564,1,-0.016666665906086564
,academy_3_vs_1_with_keeper,42,collect_rollout,327,0,21,-0.016666665906086564,False,False,0.0,0.0,0,0,0,0.0,0.0,0.0,0.0,-0.016666665906086564,1,-0.016666665906086564
,academy_3_vs_1_with_keeper,42,collect_rollout,328,0,22,-0.029999998630955815,False,False,0.0,0.0,0,0,0,0.0,0.0,0.0,0.0,-0.029999998630955815,1,-0.029999998630955815
,academy_3_vs_1_with_keeper,42,collect_rollout,329,0,20,-0.016666665906086564,False,False,0.0,0.0,0,0,0,0.0,0.0,0.0,0.0,-0.016666665906086564,1,-0.016666665906086564
,academy_3_vs_1_with_keeper,42,collect_rollout,330,0,34,-0.08333333302289248,False,False,0.0,0.0,0,0,0,0.0,0.0,0.0,0.0,-0.08333333302289248,1,-0.08333333302289248
,academy_3_vs_1_with_keeper,42,collect_rollout,331,0,17,-0.013333332724869251,False,False,0.0,0.0,0,0,0,0.0,0.0,0.0,0.0,-0.013333332724869251,1,-0.013333332724869251
,academy_3_vs_1_with_keeper,42,collect_rollout,332,0,17,-0.016666665906086564,False,False,0.0,0.0,0,0,0,0.0,0.0,0.0,0.0,-0.016666665906086564,1,-0.016666665906086564
,academy_3_vs_1_with_keeper,42,collect_rollout,333,0,22,2.011021512094885,False,False,0.0,0.0,0,0,0,0.0,0.0,0.0,0.0,2.011021512094885,1,2.011021512094885
,academy_3_vs_1_with_keeper,42,collect_rollout,334,0,18,-0.016666665906086564,False,False,0.0,0.0,0,0,0,0.0,0.0,0.0,0.0,-0.016666665906086564,1,-0.016666665906086564
,academy_3_vs_1_with_keeper,42,collect_rollout,335,0,37,-0.08666666597127914,False,False,0.0,0.0,0,0,0,0.0,0.0,0.0,0.0,-0.08666666597127914,1,-0.08666666597127914
,academy_3_vs_1_with_keeper,42,collect_rollout,336,0,18,-0.019999999087303877,False,False,0.0,0.0,0,0,0,0.0,0.0,0.0,0.0,-0.019999999087303877,1,-0.019999999087303877
,academy_3_vs_1_with_keeper,42,collect_rollout,337,0,24,-0.013333332724869251,False,False,0.0,0.0,0,0,0,0.0,0.0,0.0,0.0,-0.013333332724869251,1,-0.013333332724869251
,academy_3_vs_1_with_keeper,42,collect_rollout,338,0,19,-0.03333333181217313,False,False,0.0,0.0,0,0,0,0.0,0.0,0.0,0.0,-0.03333333181217313,1,-0.03333333181217313
,academy_3_vs_1_with_keeper,42,collect_rollout,339,0,18,-0.03333333181217313,False,False,0.0,0.0,0,0,0,0.0,0.0,0.0,0.0,-0.03333333181217313,1,-0.03333333181217313
,academy_3_vs_1_with_keeper,42,collect_rollout,340,0,17,-0.02333333226852119,False,False,0.0,0.0,0,0,0,0.0,0.0,0.0,0.0,-0.02333333226852119,1,-0.02333333226852119
,academy_3_vs_1_with_keeper,42,collect_rollout,341,0,19,-0.009999999543651938,False,False,0.0,0.0,0,0,0,0.0,0.0,0.0,0.0,-0.009999999543651938,1,-0.009999999543651938
,academy_3_vs_1_with_keeper,42,collect_rollout,342,0,13,-0.12592906435020268,False,False,0.0,0.0,0,0,0,0.0,0.0,0.0,0.0,-0.12592906435020268,1,-0.12592906435020268
,academy_3_vs_1_with_keeper,42,collect_rollout,343,0,20,-0.006666666362434626,False,False,0.0,0.0,0,0,0,0.0,0.0,0.0,0.0,-0.006666666362434626,1,-0.006666666362434626
,academy_3_vs_1_with_keeper,42,collect_rollout,344,0,19,-0.013333332724869251,False,False,0.0,0.0,0,0,0,0.0,0.0,0.0,0.0,-0.013333332724869251,1,-0.013333332724869251
,academy_3_vs_1_with_keeper,42,collect_rollout,345,0,21,-0.0399999984074384,False,False,0.0,0.0,0,0,0,0.0,0.0,0.0,0.0,-0.0399999984074384,1,-0.0399999984074384
,academy_3_vs_1_with_keeper,42,collect_rollout,346,0,157,-0.2965198262827471,False,False,0.0,0.0,0,0,0,0.0,0.0,0.0,0.0,-0.2965198262827471,1,-0.2965198262827471
,academy_3_vs_1_with_keeper,42,collect_rollout,347,0,22,-0.009999999543651938,False,False,0.0,0.0,0,0,0,0.0,0.0,0.0,0.0,-0.009999999543651938,1,-0.009999999543651938
,academy_3_vs_1_with_keeper,42,collect_rollout,348,0,33,-0.0766666664276272,False,False,0.0,0.0,0,0,0,0.0,0.0,0.0,0.0,-0.0766666664276272,1,-0.0766666664276272
,academy_3_vs_1_with_keeper,42,collect_rollout,349,0,21,-0.006666666362434626,False,False,0.0,0.0,0,0,0,0.0,0.0,0.0,0.0,-0.006666666362434626,1,-0.006666666362434626
,academy_3_vs_1_with_keeper,42,collect_rollout,350,0,60,-0.14733434753725305,False,False,0.0,0.0,0,0,0,0.0,0.0,0.0,0.0,-0.14733434753725305,1,-0.14733434753725305
,academy_3_vs_1_with_keeper,42,collect_rollout,351,0,15,-0.009999999543651938,False,False,0.0,0.0,0,0,0,0.0,0.0,0.0,0.0,-0.009999999543651938,1,-0.009999999543651938
,academy_3_vs_1_with_keeper,42,collect_rollout,352,0,24,-0.03666666499339044,False,False,0.0,0.0,0,0,0,0.0,0.0,0.0,0.0,-0.03666666499339044,1,-0.03666666499339044
,academy_3_vs_1_with_keeper,42,collect_rollout,353,0,35,-0.08223917079158127,False,False,0.0,0.0,0,0,0,0.0,0.0,0.0,0.0,-0.08223917079158127,1,-0.08223917079158127
,academy_3_vs_1_with_keeper,42,collect_rollout,354,0,15,-0.003333333181217313,False,False,0.0,0.0,0,0,0,0.0,0.0,0.0,0.0,-0.003333333181217313,1,-0.003333333181217313
,academy_3_vs_1_with_keeper,42,collect_rollout,355,0,14,-0.019999999087303877,False,False,0.0,0.0,0,0,0,0.0,0.0,0.0,0.0,-0.019999999087303877,1,-0.019999999087303877
,academy_3_vs_1_with_keeper,42,collect_rollout,356,0,19,-0.016666665906086564,False,False,0.0,0.0,0,0,0,0.0,0.0,0.0,0.0,-0.016666665906086564,1,-0.016666665906086564
,academy_3_vs_1_with_keeper,42,collect_rollout,357,0,19,-0.04333333135582507,False,False,0.0,0.0,0,0,0,0.0,0.0,0.0,0.0,-0.04333333135582507,1,-0.04333333135582507
,academy_3_vs_1_with_keeper,42,collect_rollout,358,0,18,-0.019999999087303877,False,False,0.0,0.0,0,0,0,0.0,0.0,0.0,0.0,-0.019999999087303877,1,-0.019999999087303877
,academy_3_vs_1_with_keeper,42,collect_rollout,359,0,108,-0.14485755399800837,False,False,0.0,0.0,0,0,0,0.0,0.0,0.0,0.0,-0.14485755399800837,1,-0.14485755399800837
,academy_3_vs_1_with_keeper,42,collect_rollout,360,0,16,-0.019999999087303877,False,False,0.0,0.0,0,0,0,0.0,0.0,0.0,0.0,-0.019999999087303877,1,-0.019999999087303877
,academy_3_vs_1_with_keeper,42,collect_rollout,361,0,15,-0.003333333181217313,False,False,0.0,0.0,0,0,0,0.0,0.0,0.0,0.0,-0.003333333181217313,1,-0.003333333181217313
,academy_3_vs_1_with_keeper,42,collect_rollout,362,0,18,-0.019999999087303877,False,False,0.0,0.0,0,0,0,0.0,0.0,0.0,0.0,-0.019999999087303877,1,-0.019999999087303877
,academy_3_vs_1_with_keeper,42,collect_rollout,363,0,49,-0.09333333233371377,False,False,0.0,0.0,0,0,0,0.0,0.0,0.0,0.0,-0.09333333233371377,1,-0.09333333233371377
,academy_3_vs_1_with_keeper,42,collect_rollout,364,0,14,-0.013333332724869251,False,False,0.0,0.0,0,0,0,0.0,0.0,0.0,0.0,-0.013333332724869251,1,-0.013333332724869251
,academy_3_vs_1_with_keeper,42,collect_rollout,365,0,22,-0.02333333226852119,False,False,0.0,0.0,0,0,0,0.0,0.0,0.0,0.0,-0.02333333226852119,1,-0.02333333226852119
,academy_3_vs_1_with_keeper,42,collect_rollout,366,0,33,-0.0723714993800968,False,False,0.0,0.0,0,0,0,0.0,0.0,0.0,0.0,-0.0723714993800968,1,-0.0723714993800968
,academy_3_vs_1_with_keeper,42,collect_rollout,367,0,20,-0.016666665906086564,False,False,0.0,0.0,0,0,0,0.0,0.0,0.0,0.0,-0.016666665906086564,1,-0.016666665906086564
,academy_3_vs_1_with_keeper,42,collect_rollout,368,0,20,-0.006666666362434626,False,False,0.0,0.0,0,0,0,0.0,0.0,0.0,0.0,-0.006666666362434626,1,-0.006666666362434626
,academy_3_vs_1_with_keeper,42,collect_rollout,369,0,16,-0.013333332724869251,False,False,0.0,0.0,0,0,0,0.0,0.0,0.0,0.0,-0.013333332724869251,1,-0.013333332724869251
,academy_3_vs_1_with_keeper,42,collect_rollout,370,0,16,-0.006666666362434626,False,False,0.0,0.0,0,0,0,0.0,0.0,0.0,0.0,-0.006666666362434626,1,-0.006666666362434626
,academy_3_vs_1_with_keeper,42,collect_rollout,371,0,17,-0.03333333181217313,False,False,0.0,0.0,0,0,0,0.0,0.0,0.0,0.0,-0.03333333181217313,1,-0.03333333181217313
,academy_3_vs_1_with_keeper,42,collect_rollout,372,0,23,-0.04333333135582507,False,False,0.0,0.0,0,0,0,0.0,0.0,0.0,0.0,-0.04333333135582507,1,-0.04333333135582507
,academy_3_vs_1_with_keeper,42,collect_rollout,373,0,15,-0.003333333181217313,False,False,0.0,0.0,0,0,0,0.0,0.0,0.0,0.0,-0.003333333181217313,1,-0.003333333181217313
,academy_3_vs_1_with_keeper,42,collect_rollout,374,0,21,-0.013333332724869251,False,False,0.0,0.0,0,0,0,0.0,0.0,0.0,0.0,-0.013333332724869251,1,-0.013333332724869251
,academy_3_vs_1_with_keeper,42,collect_rollout,375,0,95,-0.13184706796891987,False,False,0.0,0.0,0,0,0,0.0,0.0,0.0,0.0,-0.13184706796891987,1,-0.13184706796891987
,academy_3_vs_1_with_keeper,42,collect_rollout,376,0,18,-0.016666665906086564,False,False,0.0,0.0,0,0,0,0.0,0.0,0.0,0.0,-0.016666665906086564,1,-0.016666665906086564
,academy_3_vs_1_with_keeper,42,collect_rollout,377,0,15,-0.013333332724869251,False,False,0.0,0.0,0,0,0,0.0,0.0,0.0,0.0,-0.013333332724869251,1,-0.013333332724869251
,academy_3_vs_1_with_keeper,42,collect_rollout,378,0,23,-0.016666665906086564,False,False,0.0,0.0,0,0,0,0.0,0.0,0.0,0.0,-0.016666665906086564,1,-0.016666665906086564
,academy_3_vs_1_with_keeper,42,collect_rollout,379,0,19,-0.016666665906086564,False,False,0.0,0.0,0,0,0,0.0,0.0,0.0,0.0,-0.016666665906086564,1,-0.016666665906086564
,academy_3_vs_1_with_keeper,42,collect_rollout,380,0,15,-0.02333333226852119,False,False,0.0,0.0,0,0,0,0.0,0.0,0.0,0.0,-0.02333333226852119,1,-0.02333333226852119
,academy_3_vs_1_with_keeper,42,collect_rollout,381,0,20,-0.013333332724869251,False,False,0.0,0.0,0,0,0,0.0,0.0,0.0,0.0,-0.013333332724869251,1,-0.013333332724869251
,academy_3_vs_1_with_keeper,42,collect_rollout,382,0,15,-0.003333333181217313,False,False,0.0,0.0,0,0,0,0.0,0.0,0.0,0.0,-0.003333333181217313,1,-0.003333333181217313
,academy_3_vs_1_with_keeper,42,collect_rollout,383,0,17,-0.009999999543651938,False,False,0.0,0.0,0,0,0,0.0,0.0,0.0,0.0,-0.009999999543651938,1,-0.009999999543651938
,academy_3_vs_1_with_keeper,42,collect_rollout,384,0,21,-0.019999999087303877,False,False,0.0,0.0,0,0,0,0.0,0.0,0.0,0.0,-0.019999999087303877,1,-0.019999999087303877
,academy_3_vs_1_with_keeper,42,collect_rollout,385,0,91,-0.0999999986961484,False,False,0.0,0.0,0,0,0,0.0,0.0,0.0,0.0,-0.0999999986961484,1,-0.0999999986961484
,academy_3_vs_1_with_keeper,42,collect_rollout,386,0,20,-0.009999999543651938,False,False,0.0,0.0,0,0,0,0.0,0.0,0.0,0.0,-0.009999999543651938,1,-0.009999999543651938
,academy_3_vs_1_with_keeper,42,collect_rollout,387,0,15,-0.016666665906086564,False,False,0.0,0.0,0,0,0,0.0,0.0,0.0,0.0,-0.016666665906086564,1,-0.016666665906086564
,academy_3_vs_1_with_keeper,42,collect_rollout,388,0,16,-0.006666666362434626,False,False,0.0,0.0,0,0,0,0.0,0.0,0.0,0.0,-0.006666666362434626,1,-0.006666666362434626
,academy_3_vs_1_with_keeper,42,collect_rollout,389,0,17,-0.016666665906086564,False,False,0.0,0.0,0,0,0,0.0,0.0,0.0,0.0,-0.016666665906086564,1,-0.016666665906086564
,academy_3_vs_1_with_keeper,42,collect_rollout,390,0,21,-0.016666665906086564,False,False,0.0,0.0,0,0,0,0.0,0.0,0.0,0.0,-0.016666665906086564,1,-0.016666665906086564
,academy_3_vs_1_with_keeper,42,collect_rollout,391,0,20,-0.03666666499339044,False,False,0.0,0.0,0,0,0,0.0,0.0,0.0,0.0,-0.03666666499339044,1,-0.03666666499339044
,academy_3_vs_1_with_keeper,42,collect_rollout,392,0,17,-0.013333332724869251,False,False,0.0,0.0,0,0,0,0.0,0.0,0.0,0.0,-0.013333332724869251,1,-0.013333332724869251
,academy_3_vs_1_with_keeper,42,collect_rollout,393,0,82,-0.20532435248605907,False,False,0.0,0.0,0,0,0,0.0,0.0,0.0,0.0,-0.20532435248605907,1,-0.20532435248605907
,academy_3_vs_1_with_keeper,42,collect_rollout,394,0,18,-0.006666666362434626,False,False,0.0,0.0,0,0,0,0.0,0.0,0.0,0.0,-0.006666666362434626,1,-0.006666666362434626
,academy_3_vs_1_with_keeper,42,collect_rollout,395,0,20,-0.026666665449738503,False,False,0.0,0.0,0,0,0,0.0,0.0,0.0,0.0,-0.026666665449738503,1,-0.026666665449738503
,academy_3_vs_1_with_keeper,42,collect_rollout,396,0,21,-0.03666666499339044,False,False,0.0,0.0,0,0,0,0.0,0.0,0.0,0.0,-0.03666666499339044,1,-0.03666666499339044
,academy_3_vs_1_with_keeper,42,collect_rollout,397,0,16,-0.013333332724869251,False,False,0.0,0.0,0,0,0,0.0,0.0,0.0,0.0,-0.013333332724869251,1,-0.013333332724869251
,academy_3_vs_1_with_keeper,42,collect_rollout,398,0,19,-0.016666665906086564,False,False,0.0,0.0,0,0,0,0.0,0.0,0.0,0.0,-0.016666665906086564,1,-0.016666665906086564
,academy_3_vs_1_with_keeper,42,collect_rollout,399,0,17,-0.02333333226852119,False,False,0.0,0.0,0,0,0,0.0,0.0,0.0,0.0,-0.02333333226852119,1,-0.02333333226852119
,academy_3_vs_1_with_keeper,42,collect_rollout,400,0,17,-0.003333333181217313,False,False,0.0,0.0,0,0,0,0.0,0.0,0.0,0.0,-0.003333333181217313,1,-0.003333333181217313
,academy_3_vs_1_with_keeper,42,collect_rollout,401,0,20,-0.013333332724869251,False,False,0.0,0.0,0,0,0,0.0,0.0,0.0,0.0,-0.013333332724869251,1,-0.013333332724869251
,academy_3_vs_1_with_keeper,42,collect_rollout,402,0,18,-0.048053191509097815,False,False,0.0,0.0,0,0,0,0.0,0.0,0.0,0.0,-0.048053191509097815,1,-0.048053191509097815
,academy_3_vs_1_with_keeper,42,collect_rollout,403,0,18,-0.016666665906086564,False,False,0.0,0.0,0,0,0,0.0,0.0,0.0,0.0,-0.016666665906086564,1,-0.016666665906086564
,academy_3_vs_1_with_keeper,42,collect_rollout,404,0,102,-0.30783133092336357,False,False,0.0,0.0,0,0,0,0.0,0.0,0.0,0.0,-0.30783133092336357,1,-0.30783133092336357
,academy_3_vs_1_with_keeper,42,collect_rollout,405,0,18,-0.03666666499339044,False,False,0.0,0.0,0,0,0,0.0,0.0,0.0,0.0,-0.03666666499339044,1,-0.03666666499339044
,academy_3_vs_1_with_keeper,42,collect_rollout,406,0,17,-0.019999999087303877,False,False,0.0,0.0,0,0,0,0.0,0.0,0.0,0.0,-0.019999999087303877,1,-0.019999999087303877
,academy_3_vs_1_with_keeper,42,collect_rollout,407,0,20,-0.02333333226852119,False,False,0.0,0.0,0,0,0,0.0,0.0,0.0,0.0,-0.02333333226852119,1,-0.02333333226852119
,academy_3_vs_1_with_keeper,42,collect_rollout,408,0,19,-0.016666665906086564,False,False,0.0,0.0,0,0,0,0.0,0.0,0.0,0.0,-0.016666665906086564,1,-0.016666665906086564
,academy_3_vs_1_with_keeper,42,collect_rollout,409,0,16,-0.006666666362434626,False,False,0.0,0.0,0,0,0,0.0,0.0,0.0,0.0,-0.006666666362434626,1,-0.006666666362434626
,academy_3_vs_1_with_keeper,42,collect_rollout,410,0,15,-0.006666666362434626,False,False,0.0,0.0,0,0,0,0.0,0.0,0.0,0.0,-0.006666666362434626,1,-0.006666666362434626
,academy_3_vs_1_with_keeper,42,collect_rollout,411,0,17,-0.013333332724869251,False,False,0.0,0.0,0,0,0,0.0,0.0,0.0,0.0,-0.013333332724869251,1,-0.013333332724869251
,academy_3_vs_1_with_keeper,42,collect_rollout,412,0,35,0.0007716580003034323,False,False,0.0,0.0,0,0,0,0.0,0.0,0.0,0.0,0.0007716580003034323,1,0.0007716580003034323
,academy_3_vs_1_with_keeper,42,collect_rollout,413,0,15,-0.016666665906086564,False,False,0.0,0.0,0,0,0,0.0,0.0,0.0,0.0,-0.016666665906086564,1,-0.016666665906086564
,academy_3_vs_1_with_keeper,42,collect_rollout,414,0,16,-0.013333332724869251,False,False,0.0,0.0,0,0,0,0.0,0.0,0.0,0.0,-0.013333332724869251,1,-0.013333332724869251
,academy_3_vs_1_with_keeper,42,collect_rollout,415,0,22,-0.016666665906086564,False,False,0.0,0.0,0,0,0,0.0,0.0,0.0,0.0,-0.016666665906086564,1,-0.016666665906086564
,academy_3_vs_1_with_keeper,42,collect_rollout,416,0,16,-0.016666665906086564,False,False,0.0,0.0,0,0,0,0.0,0.0,0.0,0.0,-0.016666665906086564,1,-0.016666665906086564
,academy_3_vs_1_with_keeper,42,collect_rollout,417,0,15,-0.006666666362434626,False,False,0.0,0.0,0,0,0,0.0,0.0,0.0,0.0,-0.006666666362434626,1,-0.006666666362434626
,academy_3_vs_1_with_keeper,42,collect_rollout,418,0,23,-0.013333332724869251,False,False,0.0,0.0,0,0,0,0.0,0.0,0.0,0.0,-0.013333332724869251,1,-0.013333332724869251
,academy_3_vs_1_with_keeper,42,collect_rollout,419,0,18,-0.009999999543651938,False,False,0.0,0.0,0,0,0,0.0,0.0,0.0,0.0,-0.009999999543651938,1,-0.009999999543651938
,academy_3_vs_1_with_keeper,42,collect_rollout,420,0,30,-0.06999999773688614,False,False,0.0,0.0,0,0,0,0.0,0.0,0.0,0.0,-0.06999999773688614,1,-0.06999999773688614
,academy_3_vs_1_with_keeper,42,collect_rollout,421,0,15,-0.013333332724869251,False,False,0.0,0.0,0,0,0,0.0,0.0,0.0,0.0,-0.013333332724869251,1,-0.013333332724869251
,academy_3_vs_1_with_keeper,42,collect_rollout,422,0,14,-0.003333333181217313,False,False,0.0,0.0,0,0,0,0.0,0.0,0.0,0.0,-0.003333333181217313,1,-0.003333333181217313
,academy_3_vs_1_with_keeper,42,collect_rollout,423,0,18,-0.013333332724869251,False,False,0.0,0.0,0,0,0,0.0,0.0,0.0,0.0,-0.013333332724869251,1,-0.013333332724869251
,academy_3_vs_1_with_keeper,42,collect_rollout,424,0,16,-0.013333332724869251,False,False,0.0,0.0,0,0,0,0.0,0.0,0.0,0.0,-0.013333332724869251,1,-0.013333332724869251
,academy_3_vs_1_with_keeper,42,collect_rollout,425,0,18,-0.009999999543651938,False,False,0.0,0.0,0,0,0,0.0,0.0,0.0,0.0,-0.009999999543651938,1,-0.009999999543651938
,academy_3_vs_1_with_keeper,42,collect_rollout,426,0,16,-0.009999999543651938,False,False,0.0,0.0,0,0,0,0.0,0.0,0.0,0.0,-0.009999999543651938,1,-0.009999999543651938
,academy_3_vs_1_with_keeper,42,collect_rollout,427,0,19,-0.013333332724869251,False,False,0.0,0.0,0,0,0,0.0,0.0,0.0,0.0,-0.013333332724869251,1,-0.013333332724869251
,academy_3_vs_1_with_keeper,42,collect_rollout,428,0,18,-0.006666666362434626,False,False,0.0,0.0,0,0,0,0.0,0.0,0.0,0.0,-0.006666666362434626,1,-0.006666666362434626
,academy_3_vs_1_with_keeper,42,collect_rollout,429,0,16,-0.016666665906086564,False,False,0.0,0.0,0,0,0,0.0,0.0,0.0,0.0,-0.016666665906086564,1,-0.016666665906086564
,academy_3_vs_1_with_keeper,42,collect_rollout,430,0,22,-0.019999999087303877,False,False,0.0,0.0,0,0,0,0.0,0.0,0.0,0.0,-0.019999999087303877,1,-0.019999999087303877
,academy_3_vs_1_with_keeper,42,collect_rollout,431,0,57,-0.12019677949137986,False,False,0.0,0.0,0,0,0,0.0,0.0,0.0,0.0,-0.12019677949137986,1,-0.12019677949137986
,academy_3_vs_1_with_keeper,42,collect_rollout,432,0,18,-0.013333332724869251,False,False,0.0,0.0,0,0,0,0.0,0.0,0.0,0.0,-0.013333332724869251,1,-0.013333332724869251
,academy_3_vs_1_with_keeper,42,collect_rollout,433,0,16,-0.009999999543651938,False,False,0.0,0.0,0,0,0,0.0,0.0,0.0,0.0,-0.009999999543651938,1,-0.009999999543651938
,academy_3_vs_1_with_keeper,42,collect_rollout,434,0,21,-0.009999999543651938,False,False,0.0,0.0,0,0,0,0.0,0.0,0.0,0.0,-0.009999999543651938,1,-0.009999999543651938
,academy_3_vs_1_with_keeper,42,collect_rollout,435,0,50,-0.08052423479966819,False,False,0.0,0.0,0,0,0,0.0,0.0,0.0,0.0,-0.08052423479966819,1,-0.08052423479966819
,academy_3_vs_1_with_keeper,42,collect_rollout,436,0,20,-0.016666665906086564,False,False,0.0,0.0,0,0,0,0.0,0.0,0.0,0.0,-0.016666665906086564,1,-0.016666665906086564
,academy_3_vs_1_with_keeper,42,collect_rollout,437,0,70,-0.1565521778538823,False,False,0.0,0.0,0,0,0,0.0,0.0,0.0,0.0,-0.1565521778538823,1,-0.1565521778538823
,academy_3_vs_1_with_keeper,42,collect_rollout,438,0,19,-0.013333332724869251,False,False,0.0,0.0,0,0,0,0.0,0.0,0.0,0.0,-0.013333332724869251,1,-0.013333332724869251
,academy_3_vs_1_with_keeper,42,collect_rollout,439,0,60,1.7546537038870156,False,False,0.0,0.0,0,0,0,0.0,0.0,0.0,0.0,1.7546537038870156,1,1.7546537038870156
,academy_3_vs_1_with_keeper,42,collect_rollout,440,0,44,1.8926647228654474,False,False,0.0,0.0,0,0,0,0.0,0.0,0.0,0.0,1.8926647228654474,1,1.8926647228654474
,academy_3_vs_1_with_keeper,42,collect_rollout,441,0,18,-0.006666666362434626,False,False,0.0,0.0,0,0,0,0.0,0.0,0.0,0.0,-0.006666666362434626,1,-0.006666666362434626
,academy_3_vs_1_with_keeper,42,collect_rollout,442,0,17,-0.013333332724869251,False,False,0.0,0.0,0,0,0,0.0,0.0,0.0,0.0,-0.013333332724869251,1,-0.013333332724869251
,academy_3_vs_1_with_keeper,42,collect_rollout,443,0,21,-0.019999999087303877,False,False,0.0,0.0,0,0,0,0.0,0.0,0.0,0.0,-0.019999999087303877,1,-0.019999999087303877
,academy_3_vs_1_with_keeper,42,collect_rollout,444,0,18,-0.013333332724869251,False,False,0.0,0.0,0,0,0,0.0,0.0,0.0,0.0,-0.013333332724869251,1,-0.013333332724869251
,academy_3_vs_1_with_keeper,42,collect_rollout,445,0,16,-0.009999999543651938,False,False,0.0,0.0,0,0,0,0.0,0.0,0.0,0.0,-0.009999999543651938,1,-0.009999999543651938
,academy_3_vs_1_with_keeper,42,collect_rollout,446,0,16,-0.013333332724869251,False,False,0.0,0.0,0,0,0,0.0,0.0,0.0,0.0,-0.013333332724869251,1,-0.013333332724869251
,academy_3_vs_1_with_keeper,42,collect_rollout,447,0,75,-0.2583045164356008,False,False,0.0,0.0,0,0,0,0.0,0.0,0.0,0.0,-0.2583045164356008,1,-0.2583045164356008
,academy_3_vs_1_with_keeper,42,collect_rollout,448,0,15,-0.013333332724869251,False,False,0.0,0.0,0,0,0,0.0,0.0,0.0,0.0,-0.013333332724869251,1,-0.013333332724869251
,academy_3_vs_1_with_keeper,42,collect_rollout,449,0,92,-0.28667326556751505,False,False,0.0,0.0,0,0,0,0.0,0.0,0.0,0.0,-0.28667326556751505,1,-0.28667326556751505
,academy_3_vs_1_with_keeper,42,collect_rollout,450,0,47,-0.07977155793923885,False,False,0.0,0.0,0,0,0,0.0,0.0,0.0,0.0,-0.07977155793923885,1,-0.07977155793923885
,academy_3_vs_1_with_keeper,42,collect_rollout,451,0,65,-0.0999999986961484,False,False,0.0,0.0,0,0,0,0.0,0.0,0.0,0.0,-0.0999999986961484,1,-0.0999999986961484
,academy_3_vs_1_with_keeper,42,collect_rollout,452,0,17,-0.03666666499339044,False,False,0.0,0.0,0,0,0,0.0,0.0,0.0,0.0,-0.03666666499339044,1,-0.03666666499339044
,academy_3_vs_1_with_keeper,42,collect_rollout,453,0,40,1.932969338959083,False,False,0.0,0.0,0,0,0,0.0,0.0,0.0,0.0,1.932969338959083,1,1.932969338959083
,academy_3_vs_1_with_keeper,42,collect_rollout,454,0,48,-0.07333333021961153,False,False,0.0,0.0,0,0,0,0.0,0.0,0.0,0.0,-0.07333333021961153,1,-0.07333333021961153
,academy_3_vs_1_with_keeper,42,collect_rollout,455,0,17,-0.013333332724869251,False,False,0.0,0.0,0,0,0,0.0,0.0,0.0,0.0,-0.013333332724869251,1,-0.013333332724869251
,academy_3_vs_1_with_keeper,42,collect_rollout,456,0,41,-0.06553278351202607,False,False,0.0,0.0,0,0,0,0.0,0.0,0.0,0.0,-0.06553278351202607,1,-0.06553278351202607
,academy_3_vs_1_with_keeper,42,collect_rollout,457,0,18,-0.013333332724869251,False,False,0.0,0.0,0,0,0,0.0,0.0,0.0,0.0,-0.013333332724869251,1,-0.013333332724869251
,academy_3_vs_1_with_keeper,42,collect_rollout,458,0,20,-0.009999999543651938,False,False,0.0,0.0,0,0,0,0.0,0.0,0.0,0.0,-0.009999999543651938,1,-0.009999999543651938
,academy_3_vs_1_with_keeper,42,collect_rollout,459,0,32,-0.06666666711680591,False,False,0.0,0.0,0,0,0,0.0,0.0,0.0,0.0,-0.06666666711680591,1,-0.06666666711680591
,academy_3_vs_1_with_keeper,42,collect_rollout,460,0,14,-0.009999999543651938,False,False,0.0,0.0,0,0,0,0.0,0.0,0.0,0.0,-0.009999999543651938,1,-0.009999999543651938
,academy_3_vs_1_with_keeper,42,collect_rollout,461,0,18,-0.009999999543651938,False,False,0.0,0.0,0,0,0,0.0,0.0,0.0,0.0,-0.009999999543651938,1,-0.009999999543651938
,academy_3_vs_1_with_keeper,42,collect_rollout,462,0,21,-0.02999999886378646,False,False,0.0,0.0,0,0,0,0.0,0.0,0.0,0.0,-0.02999999886378646,1,-0.02999999886378646
,academy_3_vs_1_with_keeper,42,collect_rollout,463,0,18,-0.013333332724869251,False,False,0.0,0.0,0,0,0,0.0,0.0,0.0,0.0,-0.013333332724869251,1,-0.013333332724869251
,academy_3_vs_1_with_keeper,42,collect_rollout,464,0,17,-0.006666666362434626,False,False,0.0,0.0,0,0,0,0.0,0.0,0.0,0.0,-0.006666666362434626,1,-0.006666666362434626
,academy_3_vs_1_with_keeper,42,collect_rollout,465,0,16,-0.026666665449738503,False,False,0.0,0.0,0,0,0,0.0,0.0,0.0,0.0,-0.026666665449738503,1,-0.026666665449738503
,academy_3_vs_1_with_keeper,42,collect_rollout,466,0,93,-0.14333333005197346,False,False,0.0,0.0,0,0,0,0.0,0.0,0.0,0.0,-0.14333333005197346,1,-0.14333333005197346
,academy_3_vs_1_with_keeper,42,collect_rollout,467,0,16,-0.006666666362434626,False,False,0.0,0.0,0,0,0,0.0,0.0,0.0,0.0,-0.006666666362434626,1,-0.006666666362434626
,academy_3_vs_1_with_keeper,42,collect_rollout,468,0,22,-0.006666666362434626,False,False,0.0,0.0,0,0,0,0.0,0.0,0.0,0.0,-0.006666666362434626,1,-0.006666666362434626
,academy_3_vs_1_with_keeper,42,collect_rollout,469,0,80,-0.23092333949171007,False,False,0.0,0.0,0,0,0,0.0,0.0,0.0,0.0,-0.23092333949171007,1,-0.23092333949171007
,academy_3_vs_1_with_keeper,42,collect_rollout,470,0,22,-0.013333332724869251,False,False,0.0,0.0,0,0,0,0.0,0.0,0.0,0.0,-0.013333332724869251,1,-0.013333332724869251
,academy_3_vs_1_with_keeper,42,collect_rollout,471,0,20,-0.016666665906086564,False,False,0.0,0.0,0,0,0,0.0,0.0,0.0,0.0,-0.016666665906086564,1,-0.016666665906086564
,academy_3_vs_1_with_keeper,42,collect_rollout,472,0,19,-0.016666665906086564,False,False,0.0,0.0,0,0,0,0.0,0.0,0.0,0.0,-0.016666665906086564,1,-0.016666665906086564
,academy_3_vs_1_with_keeper,42,collect_rollout,473,0,20,-0.013333332724869251,False,False,0.0,0.0,0,0,0,0.0,0.0,0.0,0.0,-0.013333332724869251,1,-0.013333332724869251
,academy_3_vs_1_with_keeper,42,collect_rollout,474,0,88,-0.1833333254326135,False,False,0.0,0.0,0,0,0,0.0,0.0,0.0,0.0,-0.1833333254326135,1,-0.1833333254326135
,academy_3_vs_1_with_keeper,42,collect_rollout,475,0,18,-0.019999999087303877,False,False,0.0,0.0,0,0,0,0.0,0.0,0.0,0.0,-0.019999999087303877,1,-0.019999999087303877
,academy_3_vs_1_with_keeper,42,collect_rollout,476,0,14,-0.02216186316218227,False,False,0.0,0.0,0,0,0,0.0,0.0,0.0,0.0,-0.02216186316218227,1,-0.02216186316218227
,academy_3_vs_1_with_keeper,42,collect_rollout,477,0,96,-0.10999999847263098,False,False,0.0,0.0,0,0,0,0.0,0.0,0.0,0.0,-0.10999999847263098,1,-0.10999999847263098
,academy_3_vs_1_with_keeper,42,collect_rollout,478,0,20,-0.026666665449738503,False,False,0.0,0.0,0,0,0,0.0,0.0,0.0,0.0,-0.026666665449738503,1,-0.026666665449738503
,academy_3_vs_1_with_keeper,42,collect_rollout,479,0,22,-0.013333332724869251,False,False,0.0,0.0,0,0,0,0.0,0.0,0.0,0.0,-0.013333332724869251,1,-0.013333332724869251
,academy_3_vs_1_with_keeper,42,collect_rollout,480,0,60,-0.024073517182841897,False,False,0.0,0.0,0,0,0,0.0,0.0,0.0,0.0,-0.024073517182841897,1,-0.024073517182841897
,academy_3_vs_1_with_keeper,42,collect_rollout,481,0,19,-0.016666665906086564,False,False,0.0,0.0,0,0,0,0.0,0.0,0.0,0.0,-0.016666665906086564,1,-0.016666665906086564
,academy_3_vs_1_with_keeper,42,collect_rollout,482,0,21,-0.016666665906086564,False,False,0.0,0.0,0,0,0,0.0,0.0,0.0,0.0,-0.016666665906086564,1,-0.016666665906086564
,academy_3_vs_1_with_keeper,42,collect_rollout,483,0,16,-0.009999999543651938,False,False,0.0,0.0,0,0,0,0.0,0.0,0.0,0.0,-0.009999999543651938,1,-0.009999999543651938
,academy_3_vs_1_with_keeper,42,collect_rollout,484,0,45,-0.09532106819096953,False,False,0.0,0.0,0,0,0,0.0,0.0,0.0,0.0,-0.09532106819096953,1,-0.09532106819096953
,academy_3_vs_1_with_keeper,42,collect_rollout,485,0,17,-0.02333333226852119,False,False,0.0,0.0,0,0,0,0.0,0.0,0.0,0.0,-0.02333333226852119,1,-0.02333333226852119
,academy_3_vs_1_with_keeper,42,collect_rollout,486,0,18,-0.013333332724869251,False,False,0.0,0.0,0,0,0,0.0,0.0,0.0,0.0,-0.013333332724869251,1,-0.013333332724869251
,academy_3_vs_1_with_keeper,42,collect_rollout,487,0,17,-0.019999999087303877,False,False,0.0,0.0,0,0,0,0.0,0.0,0.0,0.0,-0.019999999087303877,1,-0.019999999087303877
,academy_3_vs_1_with_keeper,42,collect_rollout,488,0,19,-0.019999999087303877,False,False,0.0,0.0,0,0,0,0.0,0.0,0.0,0.0,-0.019999999087303877,1,-0.019999999087303877
,academy_3_vs_1_with_keeper,42,collect_rollout,489,0,57,-0.14432597148697823,False,False,0.0,0.0,0,0,0,0.0,0.0,0.0,0.0,-0.14432597148697823,1,-0.14432597148697823
,academy_3_vs_1_with_keeper,42,collect_rollout,490,0,18,-0.006666666362434626,False,False,0.0,0.0,0,0,0,0.0,0.0,0.0,0.0,-0.006666666362434626,1,-0.006666666362434626
,academy_3_vs_1_with_keeper,42,collect_rollout,491,0,16,-0.006666666362434626,False,False,0.0,0.0,0,0,0,0.0,0.0,0.0,0.0,-0.006666666362434626,1,-0.006666666362434626
,academy_3_vs_1_with_keeper,42,collect_rollout,492,0,19,-0.016666665906086564,False,False,0.0,0.0,0,0,0,0.0,0.0,0.0,0.0,-0.016666665906086564,1,-0.016666665906086564
,academy_3_vs_1_with_keeper,42,collect_rollout,493,0,17,-0.009999999543651938,False,False,0.0,0.0,0,0,0,0.0,0.0,0.0,0.0,-0.009999999543651938,1,-0.009999999543651938
,academy_3_vs_1_with_keeper,42,collect_rollout,494,0,16,-0.006666666362434626,False,False,0.0,0.0,0,0,0,0.0,0.0,0.0,0.0,-0.006666666362434626,1,-0.006666666362434626
,academy_3_vs_1_with_keeper,42,collect_rollout,495,0,17,-0.013333332724869251,False,False,0.0,0.0,0,0,0,0.0,0.0,0.0,0.0,-0.013333332724869251,1,-0.013333332724869251
,academy_3_vs_1_with_keeper,42,collect_rollout,496,0,38,1.957452348433435,False,False,0.0,0.0,0,0,0,0.0,0.0,0.0,0.0,1.957452348433435,1,1.957452348433435
,academy_3_vs_1_with_keeper,42,collect_rollout,497,0,85,-0.1854147753911093,False,False,0.0,0.0,0,0,0,0.0,0.0,0.0,0.0,-0.1854147753911093,1,-0.1854147753911093
,academy_3_vs_1_with_keeper,42,collect_rollout,498,0,65,0.18053460447117686,False,False,0.0,0.0,0,0,0,0.0,0.0,0.0,0.0,0.18053460447117686,1,0.18053460447117686
,academy_3_vs_1_with_keeper,42,collect_rollout,499,0,13,-0.013333332724869251,False,False,0.0,0.0,0,0,0,0.0,0.0,0.0,0.0,-0.013333332724869251,1,-0.013333332724869251
,academy_3_vs_1_with_keeper,42,collect_rollout,500,0,19,-0.026666665449738503,False,False,0.0,0.0,0,0,0,0.0,0.0,0.0,0.0,-0.026666665449738503,1,-0.026666665449738503
,academy_3_vs_1_with_keeper,42,collect_rollout,501,0,21,-0.029999998630955815,False,False,0.0,0.0,0,0,0,0.0,0.0,0.0,0.0,-0.029999998630955815,1,-0.029999998630955815
,academy_3_vs_1_with_keeper,42,collect_rollout,502,0,15,-0.009999999543651938,False,False,0.0,0.0,0,0,0,0.0,0.0,0.0,0.0,-0.009999999543651938,1,-0.009999999543651938
,academy_3_vs_1_with_keeper,42,collect_rollout,503,0,76,-0.24794765072874725,False,False,0.0,0.0,0,0,0,0.0,0.0,0.0,0.0,-0.24794765072874725,1,-0.24794765072874725
,academy_3_vs_1_with_keeper,42,collect_rollout,504,0,14,-0.009999999543651938,False,False,0.0,0.0,0,0,0,0.0,0.0,0.0,0.0,-0.009999999543651938,1,-0.009999999543651938
,academy_3_vs_1_with_keeper,42,collect_rollout,505,0,20,-0.019999999087303877,False,False,0.0,0.0,0,0,0,0.0,0.0,0.0,0.0,-0.019999999087303877,1,-0.019999999087303877
,academy_3_vs_1_with_keeper,42,collect_rollout,506,0,35,-0.025763469242519932,False,False,0.0,0.0,0,0,0,0.0,0.0,0.0,0.0,-0.025763469242519932,1,-0.025763469242519932
,academy_3_vs_1_with_keeper,42,collect_rollout,507,0,18,-0.016666665906086564,False,False,0.0,0.0,0,0,0,0.0,0.0,0.0,0.0,-0.016666665906086564,1,-0.016666665906086564
,academy_3_vs_1_with_keeper,42,collect_rollout,508,0,19,-0.003333333181217313,False,False,0.0,0.0,0,0,0,0.0,0.0,0.0,0.0,-0.003333333181217313,1,-0.003333333181217313
,academy_3_vs_1_with_keeper,42,collect_rollout,509,0,82,-0.5099999944213778,False,False,0.0,0.0,0,0,0,0.0,0.0,0.0,0.0,-0.5099999944213778,1,-0.5099999944213778
,academy_3_vs_1_with_keeper,42,collect_rollout,510,0,17,-0.013333332724869251,False,False,0.0,0.0,0,0,0,0.0,0.0,0.0,0.0,-0.013333332724869251,1,-0.013333332724869251
,academy_3_vs_1_with_keeper,42,collect_rollout,511,0,16,-0.013333332724869251,False,False,0.0,0.0,0,0,0,0.0,0.0,0.0,0.0,-0.013333332724869251,1,-0.013333332724869251
,academy_3_vs_1_with_keeper,42,collect_rollout,512,0,16,-0.016666665906086564,False,False,0.0,0.0,0,0,0,0.0,0.0,0.0,0.0,-0.016666665906086564,1,-0.016666665906086564
,academy_3_vs_1_with_keeper,42,collect_rollout,513,0,43,1.9431303266901523,False,False,0.0,0.0,0,0,0,0.0,0.0,0.0,0.0,1.9431303266901523,1,1.9431303266901523
,academy_3_vs_1_with_keeper,42,collect_rollout,514,0,21,-0.019999999087303877,False,False,0.0,0.0,0,0,0,0.0,0.0,0.0,0.0,-0.019999999087303877,1,-0.019999999087303877
,academy_3_vs_1_with_keeper,42,collect_rollout,515,0,19,-0.006666666362434626,False,False,0.0,0.0,0,0,0,0.0,0.0,0.0,0.0,-0.006666666362434626,1,-0.006666666362434626
,academy_3_vs_1_with_keeper,42,collect_rollout,516,0,19,-0.016666665906086564,False,False,0.0,0.0,0,0,0,0.0,0.0,0.0,0.0,-0.016666665906086564,1,-0.016666665906086564
,academy_3_vs_1_with_keeper,42,collect_rollout,517,0,93,-0.2852637933101505,False,False,0.0,0.0,0,0,0,0.0,0.0,0.0,0.0,-0.2852637933101505,1,-0.2852637933101505
,academy_3_vs_1_with_keeper,42,collect_rollout,518,0,15,-0.003333333181217313,False,False,0.0,0.0,0,0,0,0.0,0.0,0.0,0.0,-0.003333333181217313,1,-0.003333333181217313
,academy_3_vs_1_with_keeper,42,collect_rollout,519,0,15,-0.013333332724869251,False,False,0.0,0.0,0,0,0,0.0,0.0,0.0,0.0,-0.013333332724869251,1,-0.013333332724869251
,academy_3_vs_1_with_keeper,42,collect_rollout,520,0,13,-0.003333333181217313,False,False,0.0,0.0,0,0,0,0.0,0.0,0.0,0.0,-0.003333333181217313,1,-0.003333333181217313
,academy_3_vs_1_with_keeper,42,collect_rollout,521,0,18,-0.019999999087303877,False,False,0.0,0.0,0,0,0,0.0,0.0,0.0,0.0,-0.019999999087303877,1,-0.019999999087303877
,academy_3_vs_1_with_keeper,42,collect_rollout,522,0,19,-0.003333333181217313,False,False,0.0,0.0,0,0,0,0.0,0.0,0.0,0.0,-0.003333333181217313,1,-0.003333333181217313
,academy_3_vs_1_with_keeper,42,collect_rollout,523,0,15,-0.009999999543651938,False,False,0.0,0.0,0,0,0,0.0,0.0,0.0,0.0,-0.009999999543651938,1,-0.009999999543651938
,academy_3_vs_1_with_keeper,42,collect_rollout,524,0,18,-0.009999999543651938,False,False,0.0,0.0,0,0,0,0.0,0.0,0.0,0.0,-0.009999999543651938,1,-0.009999999543651938
,academy_3_vs_1_with_keeper,42,collect_rollout,525,0,17,-0.006666666362434626,False,False,0.0,0.0,0,0,0,0.0,0.0,0.0,0.0,-0.006666666362434626,1,-0.006666666362434626
,academy_3_vs_1_with_keeper,42,collect_rollout,526,0,17,-0.009999999543651938,False,False,0.0,0.0,0,0,0,0.0,0.0,0.0,0.0,-0.009999999543651938,1,-0.009999999543651938
,academy_3_vs_1_with_keeper,42,collect_rollout,527,0,43,-0.05123539832493407,False,False,0.0,0.0,0,0,0,0.0,0.0,0.0,0.0,-0.05123539832493407,1,-0.05123539832493407
,academy_3_vs_1_with_keeper,42,collect_rollout,528,0,8,-0.10086468409281224,False,False,0.0,0.0,0,0,0,0.0,0.0,0.0,0.0,-0.10086468409281224,1,-0.10086468409281224
,academy_3_vs_1_with_keeper,42,collect_rollout,529,0,19,-0.016666665906086564,False,False,0.0,0.0,0,0,0,0.0,0.0,0.0,0.0,-0.016666665906086564,1,-0.016666665906086564
,academy_3_vs_1_with_keeper,42,collect_rollout,530,0,14,-0.016666665906086564,False,False,0.0,0.0,0,0,0,0.0,0.0,0.0,0.0,-0.016666665906086564,1,-0.016666665906086564
,academy_3_vs_1_with_keeper,42,collect_rollout,531,0,50,-0.08666666620410979,False,False,0.0,0.0,0,0,0,0.0,0.0,0.0,0.0,-0.08666666620410979,1,-0.08666666620410979
,academy_3_vs_1_with_keeper,42,collect_rollout,532,0,19,-0.006666666362434626,False,False,0.0,0.0,0,0,0,0.0,0.0,0.0,0.0,-0.006666666362434626,1,-0.006666666362434626
,academy_3_vs_1_with_keeper,42,collect_rollout,533,0,19,-0.019999999087303877,False,False,0.0,0.0,0,0,0,0.0,0.0,0.0,0.0,-0.019999999087303877,1,-0.019999999087303877
,academy_3_vs_1_with_keeper,42,collect_rollout,534,0,22,-0.009999999543651938,False,False,0.0,0.0,0,0,0,0.0,0.0,0.0,0.0,-0.009999999543651938,1,-0.009999999543651938
,academy_3_vs_1_with_keeper,42,collect_rollout,535,0,22,-0.03333333181217313,False,False,0.0,0.0,0,0,0,0.0,0.0,0.0,0.0,-0.03333333181217313,1,-0.03333333181217313
,academy_3_vs_1_with_keeper,42,collect_rollout,536,0,17,-0.009999999543651938,False,False,0.0,0.0,0,0,0,0.0,0.0,0.0,0.0,-0.009999999543651938,1,-0.009999999543651938
,academy_3_vs_1_with_keeper,42,collect_rollout,537,0,74,-0.2999957933789119,False,False,0.0,0.0,0,0,0,0.0,0.0,0.0,0.0,-0.2999957933789119,1,-0.2999957933789119
,academy_3_vs_1_with_keeper,42,collect_rollout,538,0,15,-0.019999999087303877,False,False,0.0,0.0,0,0,0,0.0,0.0,0.0,0.0,-0.019999999087303877,1,-0.019999999087303877
,academy_3_vs_1_with_keeper,42,collect_rollout,539,0,65,-0.11675259261392057,False,False,0.0,0.0,0,0,0,0.0,0.0,0.0,0.0,-0.11675259261392057,1,-0.11675259261392057
,academy_3_vs_1_with_keeper,42,collect_rollout,540,0,13,-0.014260964235290885,False,False,0.0,0.0,0,0,0,0.0,0.0,0.0,0.0,-0.014260964235290885,1,-0.014260964235290885
,academy_3_vs_1_with_keeper,42,collect_rollout,541,0,17,-0.006666666362434626,False,False,0.0,0.0,0,0,0,0.0,0.0,0.0,0.0,-0.006666666362434626,1,-0.006666666362434626
,academy_3_vs_1_with_keeper,42,collect_rollout,542,0,10,-0.1000307354843244,False,False,0.0,0.0,0,0,0,0.0,0.0,0.0,0.0,-0.1000307354843244,1,-0.1000307354843244
,academy_3_vs_1_with_keeper,42,collect_rollout,543,0,16,-0.013333332724869251,False,False,0.0,0.0,0,0,0,0.0,0.0,0.0,0.0,-0.013333332724869251,1,-0.013333332724869251
,academy_3_vs_1_with_keeper,42,collect_rollout,544,0,18,-0.013333332724869251,False,False,0.0,0.0,0,0,0,0.0,0.0,0.0,0.0,-0.013333332724869251,1,-0.013333332724869251
,academy_3_vs_1_with_keeper,42,collect_rollout,545,0,20,-0.009999999543651938,False,False,0.0,0.0,0,0,0,0.0,0.0,0.0,0.0,-0.009999999543651938,1,-0.009999999543651938
,academy_3_vs_1_with_keeper,42,collect_rollout,546,0,74,-0.20557958050630987,False,False,0.0,0.0,0,0,0,0.0,0.0,0.0,0.0,-0.20557958050630987,1,-0.20557958050630987
,academy_3_vs_1_with_keeper,42,collect_rollout,547,0,21,-0.009999999543651938,False,False,0.0,0.0,0,0,0,0.0,0.0,0.0,0.0,-0.009999999543651938,1,-0.009999999543651938
,academy_3_vs_1_with_keeper,42,collect_rollout,548,0,20,-0.003333333181217313,False,False,0.0,0.0,0,0,0,0.0,0.0,0.0,0.0,-0.003333333181217313,1,-0.003333333181217313
,academy_3_vs_1_with_keeper,42,collect_rollout,549,0,19,-0.02333333226852119,False,False,0.0,0.0,0,0,0,0.0,0.0,0.0,0.0,-0.02333333226852119,1,-0.02333333226852119
,academy_3_vs_1_with_keeper,42,collect_rollout,550,0,22,-0.009999999543651938,False,False,0.0,0.0,0,0,0,0.0,0.0,0.0,0.0,-0.009999999543651938,1,-0.009999999543651938
,academy_3_vs_1_with_keeper,42,collect_rollout,551,0,39,-0.0574785191565752,False,False,0.0,0.0,0,0,0,0.0,0.0,0.0,0.0,-0.0574785191565752,1,-0.0574785191565752
,academy_3_vs_1_with_keeper,42,collect_rollout,552,0,19,-0.009999999543651938,False,False,0.0,0.0,0,0,0,0.0,0.0,0.0,0.0,-0.009999999543651938,1,-0.009999999543651938
,academy_3_vs_1_with_keeper,42,collect_rollout,553,0,111,-0.17270354874199256,False,False,0.0,0.0,0,0,0,0.0,0.0,0.0,0.0,-0.17270354874199256,1,-0.17270354874199256
,academy_3_vs_1_with_keeper,42,collect_rollout,554,0,18,-0.013333332724869251,False,False,0.0,0.0,0,0,0,0.0,0.0,0.0,0.0,-0.013333332724869251,1,-0.013333332724869251
,academy_3_vs_1_with_keeper,42,collect_rollout,555,0,37,1.829879985190928,False,False,0.0,0.0,0,0,0,0.0,0.0,0.0,0.0,1.829879985190928,1,1.829879985190928
,academy_3_vs_1_with_keeper,42,collect_rollout,556,0,20,-0.009999999543651938,False,False,0.0,0.0,0,0,0,0.0,0.0,0.0,0.0,-0.009999999543651938,1,-0.009999999543651938
,academy_3_vs_1_with_keeper,42,collect_rollout,557,0,16,-0.016666665906086564,False,False,0.0,0.0,0,0,0,0.0,0.0,0.0,0.0,-0.016666665906086564,1,-0.016666665906086564
,academy_3_vs_1_with_keeper,42,collect_rollout,558,0,18,-0.006666666362434626,False,False,0.0,0.0,0,0,0,0.0,0.0,0.0,0.0,-0.006666666362434626,1,-0.006666666362434626
,academy_3_vs_1_with_keeper,42,collect_rollout,559,0,90,-0.142459446520661,False,False,0.0,0.0,0,0,0,0.0,0.0,0.0,0.0,-0.142459446520661,1,-0.142459446520661
,academy_3_vs_1_with_keeper,42,collect_rollout,560,0,20,-0.02333333226852119,False,False,0.0,0.0,0,0,0,0.0,0.0,0.0,0.0,-0.02333333226852119,1,-0.02333333226852119
,academy_3_vs_1_with_keeper,42,collect_rollout,561,0,16,-0.009999999543651938,False,False,0.0,0.0,0,0,0,0.0,0.0,0.0,0.0,-0.009999999543651938,1,-0.009999999543651938
,academy_3_vs_1_with_keeper,42,collect_rollout,562,0,22,-0.006666666362434626,False,False,0.0,0.0,0,0,0,0.0,0.0,0.0,0.0,-0.006666666362434626,1,-0.006666666362434626
,academy_3_vs_1_with_keeper,42,collect_rollout,563,0,44,-0.017302317661233246,False,False,0.0,0.0,0,0,0,0.0,0.0,0.0,0.0,-0.017302317661233246,1,-0.017302317661233246
,academy_3_vs_1_with_keeper,42,collect_rollout,564,0,12,-0.10227483627386391,False,False,0.0,0.0,0,0,0,0.0,0.0,0.0,0.0,-0.10227483627386391,1,-0.10227483627386391
,academy_3_vs_1_with_keeper,42,collect_rollout,565,0,21,-0.019999999087303877,False,False,0.0,0.0,0,0,0,0.0,0.0,0.0,0.0,-0.019999999087303877,1,-0.019999999087303877
,academy_3_vs_1_with_keeper,42,collect_rollout,566,0,18,-0.006666666362434626,False,False,0.0,0.0,0,0,0,0.0,0.0,0.0,0.0,-0.006666666362434626,1,-0.006666666362434626
,academy_3_vs_1_with_keeper,42,collect_rollout,567,0,17,-0.006666666362434626,False,False,0.0,0.0,0,0,0,0.0,0.0,0.0,0.0,-0.006666666362434626,1,-0.006666666362434626
,academy_3_vs_1_with_keeper,42,collect_rollout,568,0,20,-0.016666665906086564,False,False,0.0,0.0,0,0,0,0.0,0.0,0.0,0.0,-0.016666665906086564,1,-0.016666665906086564
,academy_3_vs_1_with_keeper,42,collect_rollout,569,0,46,-0.14531080110464245,False,False,0.0,0.0,0,0,0,0.0,0.0,0.0,0.0,-0.14531080110464245,1,-0.14531080110464245
,academy_3_vs_1_with_keeper,42,collect_rollout,570,0,17,-0.009999999543651938,False,False,0.0,0.0,0,0,0,0.0,0.0,0.0,0.0,-0.009999999543651938,1,-0.009999999543651938
,academy_3_vs_1_with_keeper,42,collect_rollout,571,0,31,0.01191091607324779,False,False,0.0,0.0,0,0,0,0.0,0.0,0.0,0.0,0.01191091607324779,1,0.01191091607324779
,academy_3_vs_1_with_keeper,42,collect_rollout,572,0,19,-0.013333332724869251,False,False,0.0,0.0,0,0,0,0.0,0.0,0.0,0.0,-0.013333332724869251,1,-0.013333332724869251
,academy_3_vs_1_with_keeper,42,collect_rollout,573,0,23,-0.016666665906086564,False,False,0.0,0.0,0,0,0,0.0,0.0,0.0,0.0,-0.016666665906086564,1,-0.016666665906086564
,academy_3_vs_1_with_keeper,42,collect_rollout,574,0,22,-0.006666666362434626,False,False,0.0,0.0,0,0,0,0.0,0.0,0.0,0.0,-0.006666666362434626,1,-0.006666666362434626
,academy_3_vs_1_with_keeper,42,collect_rollout,575,0,24,2.0207849042490125,False,False,0.0,0.0,0,0,0,0.0,0.0,0.0,0.0,2.0207849042490125,1,2.0207849042490125
,academy_3_vs_1_with_keeper,42,collect_rollout,576,0,20,-0.006666666362434626,False,False,0.0,0.0,0,0,0,0.0,0.0,0.0,0.0,-0.006666666362434626,1,-0.006666666362434626
,academy_3_vs_1_with_keeper,42,collect_rollout,577,0,60,0.05471401126123965,False,False,0.0,0.0,0,0,0,0.0,0.0,0.0,0.0,0.05471401126123965,1,0.05471401126123965
,academy_3_vs_1_with_keeper,42,collect_rollout,578,0,21,-0.02333333226852119,False,False,0.0,0.0,0,0,0,0.0,0.0,0.0,0.0,-0.02333333226852119,1,-0.02333333226852119
,academy_3_vs_1_with_keeper,42,collect_rollout,579,0,99,-0.17106407022220083,False,False,0.0,0.0,0,0,0,0.0,0.0,0.0,0.0,-0.17106407022220083,1,-0.17106407022220083
,academy_3_vs_1_with_keeper,42,collect_rollout,580,0,22,-0.009999999543651938,False,False,0.0,0.0,0,0,0,0.0,0.0,0.0,0.0,-0.009999999543651938,1,-0.009999999543651938
,academy_3_vs_1_with_keeper,42,collect_rollout,581,0,19,-0.016666665906086564,False,False,0.0,0.0,0,0,0,0.0,0.0,0.0,0.0,-0.016666665906086564,1,-0.016666665906086564
,academy_3_vs_1_with_keeper,42,collect_rollout,582,0,24,-0.029999998630955815,False,False,0.0,0.0,0,0,0,0.0,0.0,0.0,0.0,-0.029999998630955815,1,-0.029999998630955815
,academy_3_vs_1_with_keeper,42,collect_rollout,583,0,109,-0.23612517351284623,False,False,0.0,0.0,0,0,0,0.0,0.0,0.0,0.0,-0.23612517351284623,1,-0.23612517351284623
,academy_3_vs_1_with_keeper,42,collect_rollout,584,0,16,-0.016666665906086564,False,False,0.0,0.0,0,0,0,0.0,0.0,0.0,0.0,-0.016666665906086564,1,-0.016666665906086564
,academy_3_vs_1_with_keeper,42,collect_rollout,585,0,23,-0.016666665906086564,False,False,0.0,0.0,0,0,0,0.0,0.0,0.0,0.0,-0.016666665906086564,1,-0.016666665906086564
,academy_3_vs_1_with_keeper,42,collect_rollout,586,0,20,-0.07162673748098314,False,False,0.0,0.0,0,0,0,0.0,0.0,0.0,0.0,-0.07162673748098314,1,-0.07162673748098314
,academy_3_vs_1_with_keeper,42,collect_rollout,587,0,15,-0.006666666362434626,False,False,0.0,0.0,0,0,0,0.0,0.0,0.0,0.0,-0.006666666362434626,1,-0.006666666362434626
,academy_3_vs_1_with_keeper,42,collect_rollout,588,0,20,-0.016666665906086564,False,False,0.0,0.0,0,0,0,0.0,0.0,0.0,0.0,-0.016666665906086564,1,-0.016666665906086564
,academy_3_vs_1_with_keeper,42,collect_rollout,589,0,18,-0.013333332724869251,False,False,0.0,0.0,0,0,0,0.0,0.0,0.0,0.0,-0.013333332724869251,1,-0.013333332724869251
,academy_3_vs_1_with_keeper,42,collect_rollout,590,0,16,-0.006666666362434626,False,False,0.0,0.0,0,0,0,0.0,0.0,0.0,0.0,-0.006666666362434626,1,-0.006666666362434626
,academy_3_vs_1_with_keeper,42,collect_rollout,591,0,21,-0.013333332724869251,False,False,0.0,0.0,0,0,0,0.0,0.0,0.0,0.0,-0.013333332724869251,1,-0.013333332724869251
,academy_3_vs_1_with_keeper,42,collect_rollout,592,0,18,-0.019999999087303877,False,False,0.0,0.0,0,0,0,0.0,0.0,0.0,0.0,-0.019999999087303877,1,-0.019999999087303877
,academy_3_vs_1_with_keeper,42,collect_rollout,593,0,18,-0.019999999087303877,False,False,0.0,0.0,0,0,0,0.0,0.0,0.0,0.0,-0.019999999087303877,1,-0.019999999087303877
,academy_3_vs_1_with_keeper,42,collect_rollout,594,0,19,-0.013333332724869251,False,False,0.0,0.0,0,0,0,0.0,0.0,0.0,0.0,-0.013333332724869251,1,-0.013333332724869251
,academy_3_vs_1_with_keeper,42,collect_rollout,595,0,18,-0.009999999543651938,False,False,0.0,0.0,0,0,0,0.0,0.0,0.0,0.0,-0.009999999543651938,1,-0.009999999543651938
,academy_3_vs_1_with_keeper,42,collect_rollout,596,0,22,-0.019999999087303877,False,False,0.0,0.0,0,0,0,0.0,0.0,0.0,0.0,-0.019999999087303877,1,-0.019999999087303877
,academy_3_vs_1_with_keeper,42,collect_rollout,597,0,17,-0.02333333226852119,False,False,0.0,0.0,0,0,0,0.0,0.0,0.0,0.0,-0.02333333226852119,1,-0.02333333226852119
,academy_3_vs_1_with_keeper,42,collect_rollout,598,0,17,-0.009999999543651938,False,False,0.0,0.0,0,0,0,0.0,0.0,0.0,0.0,-0.009999999543651938,1,-0.009999999543651938
,academy_3_vs_1_with_keeper,42,collect_rollout,599,0,18,-0.006666666362434626,False,False,0.0,0.0,0,0,0,0.0,0.0,0.0,0.0,-0.006666666362434626,1,-0.006666666362434626
,academy_3_vs_1_with_keeper,42,collect_rollout,600,0,23,-0.009999999543651938,False,False,0.0,0.0,0,0,0,0.0,0.0,0.0,0.0,-0.009999999543651938,1,-0.009999999543651938
,academy_3_vs_1_with_keeper,42,collect_rollout,601,0,19,-0.006666666362434626,False,False,0.0,0.0,0,0,0,0.0,0.0,0.0,0.0,-0.006666666362434626,1,-0.006666666362434626
,academy_3_vs_1_with_keeper,42,collect_rollout,602,0,97,-0.2631249307305552,False,False,0.0,0.0,0,0,0,0.0,0.0,0.0,0.0,-0.2631249307305552,1,-0.2631249307305552
,academy_3_vs_1_with_keeper,42,collect_rollout,603,0,22,-0.013333332724869251,False,False,0.0,0.0,0,0,0,0.0,0.0,0.0,0.0,-0.013333332724869251,1,-0.013333332724869251
,academy_3_vs_1_with_keeper,42,collect_rollout,604,0,14,-0.006666666362434626,False,False,0.0,0.0,0,0,0,0.0,0.0,0.0,0.0,-0.006666666362434626,1,-0.006666666362434626
,academy_3_vs_1_with_keeper,42,collect_rollout,605,0,33,-0.05849552631843835,False,False,0.0,0.0,0,0,0,0.0,0.0,0.0,0.0,-0.05849552631843835,1,-0.05849552631843835
,academy_3_vs_1_with_keeper,42,collect_rollout,606,0,32,2.022195580182597,False,False,0.0,0.0,0,0,0,0.0,0.0,0.0,0.0,2.022195580182597,1,2.022195580182597
,academy_3_vs_1_with_keeper,42,collect_rollout,607,0,17,-0.009999999543651938,False,False,0.0,0.0,0,0,0,0.0,0.0,0.0,0.0,-0.009999999543651938,1,-0.009999999543651938
,academy_3_vs_1_with_keeper,42,collect_rollout,608,0,22,-0.016666665906086564,False,False,0.0,0.0,0,0,0,0.0,0.0,0.0,0.0,-0.016666665906086564,1,-0.016666665906086564
,academy_3_vs_1_with_keeper,42,collect_rollout,609,0,23,-0.029999998630955815,False,False,0.0,0.0,0,0,0,0.0,0.0,0.0,0.0,-0.029999998630955815,1,-0.029999998630955815
,academy_3_vs_1_with_keeper,42,collect_rollout,610,0,22,-0.016666665906086564,False,False,0.0,0.0,0,0,0,0.0,0.0,0.0,0.0,-0.016666665906086564,1,-0.016666665906086564
,academy_3_vs_1_with_keeper,42,collect_rollout,611,0,57,-0.09307573968544602,False,False,0.0,0.0,0,0,0,0.0,0.0,0.0,0.0,-0.09307573968544602,1,-0.09307573968544602
,academy_3_vs_1_with_keeper,42,collect_rollout,612,0,54,1.8276662689168006,False,False,0.0,0.0,0,0,0,0.0,0.0,0.0,0.0,1.8276662689168006,1,1.8276662689168006
,academy_3_vs_1_with_keeper,42,collect_rollout,613,0,15,-0.009999999543651938,False,False,0.0,0.0,0,0,0,0.0,0.0,0.0,0.0,-0.009999999543651938,1,-0.009999999543651938
,academy_3_vs_1_with_keeper,42,collect_rollout,614,0,73,-0.23402959387749434,False,False,0.0,0.0,0,0,0,0.0,0.0,0.0,0.0,-0.23402959387749434,1,-0.23402959387749434
,academy_3_vs_1_with_keeper,42,collect_rollout,615,0,14,0.0,False,False,0.0,0.0,0,0,0,0.0,0.0,0.0,0.0,0.0,1,0.0
,academy_3_vs_1_with_keeper,42,collect_rollout,616,0,22,-0.009999999543651938,False,False,0.0,0.0,0,0,0,0.0,0.0,0.0,0.0,-0.009999999543651938,1,-0.009999999543651938
,academy_3_vs_1_with_keeper,42,collect_rollout,617,0,20,-0.016666665906086564,False,False,0.0,0.0,0,0,0,0.0,0.0,0.0,0.0,-0.016666665906086564,1,-0.016666665906086564
,academy_3_vs_1_with_keeper,42,collect_rollout,618,0,16,-0.009999999543651938,False,False,0.0,0.0,0,0,0,0.0,0.0,0.0,0.0,-0.009999999543651938,1,-0.009999999543651938
,academy_3_vs_1_with_keeper,42,collect_rollout,619,0,18,-0.003333333181217313,False,False,0.0,0.0,0,0,0,0.0,0.0,0.0,0.0,-0.003333333181217313,1,-0.003333333181217313
,academy_3_vs_1_with_keeper,42,collect_rollout,620,0,17,-0.006666666362434626,False,False,0.0,0.0,0,0,0,0.0,0.0,0.0,0.0,-0.006666666362434626,1,-0.006666666362434626
,academy_3_vs_1_with_keeper,42,collect_rollout,621,0,19,-0.003333333181217313,False,False,0.0,0.0,0,0,0,0.0,0.0,0.0,0.0,-0.003333333181217313,1,-0.003333333181217313
,academy_3_vs_1_with_keeper,42,collect_rollout,622,0,17,-0.003333333181217313,False,False,0.0,0.0,0,0,0,0.0,0.0,0.0,0.0,-0.003333333181217313,1,-0.003333333181217313
,academy_3_vs_1_with_keeper,42,collect_rollout,623,0,19,-0.016666665906086564,False,False,0.0,0.0,0,0,0,0.0,0.0,0.0,0.0,-0.016666665906086564,1,-0.016666665906086564
,academy_3_vs_1_with_keeper,42,collect_rollout,624,0,18,-0.006666666362434626,False,False,0.0,0.0,0,0,0,0.0,0.0,0.0,0.0,-0.006666666362434626,1,-0.006666666362434626
,academy_3_vs_1_with_keeper,42,collect_rollout,625,0,1492,-2.9004758251830935,False,False,0.0,0.0,0,0,0,0.0,0.0,0.0,0.0,-2.9004758251830935,1,-2.9004758251830935
,academy_3_vs_1_with_keeper,42,collect_rollout,626,0,20,-0.006666666362434626,False,False,0.0,0.0,0,0,0,0.0,0.0,0.0,0.0,-0.006666666362434626,1,-0.006666666362434626
,academy_3_vs_1_with_keeper,42,collect_rollout,627,0,17,-0.009999999543651938,False,False,0.0,0.0,0,0,0,0.0,0.0,0.0,0.0,-0.009999999543651938,1,-0.009999999543651938
,academy_3_vs_1_with_keeper,42,collect_rollout,628,0,18,-0.009999999543651938,False,False,0.0,0.0,0,0,0,0.0,0.0,0.0,0.0,-0.009999999543651938,1,-0.009999999543651938
,academy_3_vs_1_with_keeper,42,collect_rollout,629,0,17,-0.003333333181217313,False,False,0.0,0.0,0,0,0,0.0,0.0,0.0,0.0,-0.003333333181217313,1,-0.003333333181217313
,academy_3_vs_1_with_keeper,42,collect_rollout,630,0,21,-0.02333333226852119,False,False,0.0,0.0,0,0,0,0.0,0.0,0.0,0.0,-0.02333333226852119,1,-0.02333333226852119
,academy_3_vs_1_with_keeper,42,collect_rollout,631,0,17,-0.009999999543651938,False,False,0.0,0.0,0,0,0,0.0,0.0,0.0,0.0,-0.009999999543651938,1,-0.009999999543651938
,academy_3_vs_1_with_keeper,42,collect_rollout,632,0,20,-0.019999999087303877,False,False,0.0,0.0,0,0,0,0.0,0.0,0.0,0.0,-0.019999999087303877,1,-0.019999999087303877
,academy_3_vs_1_with_keeper,42,collect_rollout,633,0,19,-0.009999999543651938,False,False,0.0,0.0,0,0,0,0.0,0.0,0.0,0.0,-0.009999999543651938,1,-0.009999999543651938
,academy_3_vs_1_with_keeper,42,collect_rollout,634,0,22,-0.016666665906086564,False,False,0.0,0.0,0,0,0,0.0,0.0,0.0,0.0,-0.016666665906086564,1,-0.016666665906086564
,academy_3_vs_1_with_keeper,42,collect_rollout,635,0,78,-0.17666666279546916,False,False,0.0,0.0,0,0,0,0.0,0.0,0.0,0.0,-0.17666666279546916,1,-0.17666666279546916
,academy_3_vs_1_with_keeper,42,collect_rollout,636,0,19,-0.013333332724869251,False,False,0.0,0.0,0,0,0,0.0,0.0,0.0,0.0,-0.013333332724869251,1,-0.013333332724869251
,academy_3_vs_1_with_keeper,42,collect_rollout,637,0,99,-0.14237381052225828,False,False,0.0,0.0,0,0,0,0.0,0.0,0.0,0.0,-0.14237381052225828,1,-0.14237381052225828
,academy_3_vs_1_with_keeper,42,collect_rollout,638,0,17,-0.009999999543651938,False,False,0.0,0.0,0,0,0,0.0,0.0,0.0,0.0,-0.009999999543651938,1,-0.009999999543651938
,academy_3_vs_1_with_keeper,42,collect_rollout,639,0,16,-0.009999999543651938,False,False,0.0,0.0,0,0,0,0.0,0.0,0.0,0.0,-0.009999999543651938,1,-0.009999999543651938
,academy_3_vs_1_with_keeper,42,collect_rollout,640,0,19,-0.026666665449738503,False,False,0.0,0.0,0,0,0,0.0,0.0,0.0,0.0,-0.026666665449738503,1,-0.026666665449738503
,academy_3_vs_1_with_keeper,42,collect_rollout,641,0,15,0.0,False,False,0.0,0.0,0,0,0,0.0,0.0,0.0,0.0,0.0,1,0.0
,academy_3_vs_1_with_keeper,42,collect_rollout,642,0,18,-0.016666665906086564,False,False,0.0,0.0,0,0,0,0.0,0.0,0.0,0.0,-0.016666665906086564,1,-0.016666665906086564
,academy_3_vs_1_with_keeper,42,collect_rollout,643,0,64,-0.13593008962925524,False,False,0.0,0.0,0,0,0,0.0,0.0,0.0,0.0,-0.13593008962925524,1,-0.13593008962925524
,academy_3_vs_1_with_keeper,42,collect_rollout,644,0,19,-0.006666666362434626,False,False,0.0,0.0,0,0,0,0.0,0.0,0.0,0.0,-0.006666666362434626,1,-0.006666666362434626
,academy_3_vs_1_with_keeper,42,collect_rollout,645,0,19,-0.016666665906086564,False,False,0.0,0.0,0,0,0,0.0,0.0,0.0,0.0,-0.016666665906086564,1,-0.016666665906086564
,academy_3_vs_1_with_keeper,42,collect_rollout,646,0,20,-0.019999999087303877,False,False,0.0,0.0,0,0,0,0.0,0.0,0.0,0.0,-0.019999999087303877,1,-0.019999999087303877
,academy_3_vs_1_with_keeper,42,collect_rollout,647,0,65,-0.3233333204407245,False,False,0.0,0.0,0,0,0,0.0,0.0,0.0,0.0,-0.3233333204407245,1,-0.3233333204407245
,academy_3_vs_1_with_keeper,42,collect_rollout,648,0,89,-1.0966666594613343,False,False,0.0,0.0,0,0,0,0.0,0.0,0.0,0.0,-1.0966666594613343,1,-1.0966666594613343
,academy_3_vs_1_with_keeper,42,collect_rollout,649,0,23,-0.006666666362434626,False,False,0.0,0.0,0,0,0,0.0,0.0,0.0,0.0,-0.006666666362434626,1,-0.006666666362434626
,academy_3_vs_1_with_keeper,42,collect_rollout,650,0,21,-0.013333332724869251,False,False,0.0,0.0,0,0,0,0.0,0.0,0.0,0.0,-0.013333332724869251,1,-0.013333332724869251
,academy_3_vs_1_with_keeper,42,collect_rollout,651,0,15,-0.006666666362434626,False,False,0.0,0.0,0,0,0,0.0,0.0,0.0,0.0,-0.006666666362434626,1,-0.006666666362434626
,academy_3_vs_1_with_keeper,42,collect_rollout,652,0,18,-0.013333332724869251,False,False,0.0,0.0,0,0,0,0.0,0.0,0.0,0.0,-0.013333332724869251,1,-0.013333332724869251
,academy_3_vs_1_with_keeper,42,collect_rollout,653,0,20,-0.016666665906086564,False,False,0.0,0.0,0,0,0,0.0,0.0,0.0,0.0,-0.016666665906086564,1,-0.016666665906086564
,academy_3_vs_1_with_keeper,42,collect_rollout,654,0,18,-0.006666666362434626,False,False,0.0,0.0,0,0,0,0.0,0.0,0.0,0.0,-0.006666666362434626,1,-0.006666666362434626
,academy_3_vs_1_with_keeper,42,collect_rollout,655,0,23,-0.026666665449738503,False,False,0.0,0.0,0,0,0,0.0,0.0,0.0,0.0,-0.026666665449738503,1,-0.026666665449738503
,academy_3_vs_1_with_keeper,42,collect_rollout,656,0,16,-0.006666666362434626,False,False,0.0,0.0,0,0,0,0.0,0.0,0.0,0.0,-0.006666666362434626,1,-0.006666666362434626
,academy_3_vs_1_with_keeper,42,collect_rollout,657,0,17,-0.009999999543651938,False,False,0.0,0.0,0,0,0,0.0,0.0,0.0,0.0,-0.009999999543651938,1,-0.009999999543651938
,academy_3_vs_1_with_keeper,42,collect_rollout,658,0,16,-0.02333333226852119,False,False,0.0,0.0,0,0,0,0.0,0.0,0.0,0.0,-0.02333333226852119,1,-0.02333333226852119
,academy_3_vs_1_with_keeper,42,collect_rollout,659,0,19,-0.02333333226852119,False,False,0.0,0.0,0,0,0,0.0,0.0,0.0,0.0,-0.02333333226852119,1,-0.02333333226852119
,academy_3_vs_1_with_keeper,42,collect_rollout,660,0,17,-0.009999999543651938,False,False,0.0,0.0,0,0,0,0.0,0.0,0.0,0.0,-0.009999999543651938,1,-0.009999999543651938
,academy_3_vs_1_with_keeper,42,collect_rollout,661,0,15,0.0,False,False,0.0,0.0,0,0,0,0.0,0.0,0.0,0.0,0.0,1,0.0
,academy_3_vs_1_with_keeper,42,collect_rollout,662,0,37,-0.04670462990179658,False,False,0.0,0.0,0,0,0,0.0,0.0,0.0,0.0,-0.04670462990179658,1,-0.04670462990179658
,academy_3_vs_1_with_keeper,42,collect_rollout,663,0,16,-0.016666665906086564,False,False,0.0,0.0,0,0,0,0.0,0.0,0.0,0.0,-0.016666665906086564,1,-0.016666665906086564
,academy_3_vs_1_with_keeper,42,collect_rollout,664,0,23,-0.016666665906086564,False,False,0.0,0.0,0,0,0,0.0,0.0,0.0,0.0,-0.016666665906086564,1,-0.016666665906086564
,academy_3_vs_1_with_keeper,42,collect_rollout,665,0,15,-0.11670461832545698,False,False,0.0,0.0,0,0,0,0.0,0.0,0.0,0.0,-0.11670461832545698,1,-0.11670461832545698
,academy_3_vs_1_with_keeper,42,collect_rollout,666,0,17,-0.006666666362434626,False,False,0.0,0.0,0,0,0,0.0,0.0,0.0,0.0,-0.006666666362434626,1,-0.006666666362434626
,academy_3_vs_1_with_keeper,42,collect_rollout,667,0,17,-0.029999998630955815,False,False,0.0,0.0,0,0,0,0.0,0.0,0.0,0.0,-0.029999998630955815,1,-0.029999998630955815
,academy_3_vs_1_with_keeper,42,collect_rollout,668,0,20,-0.019999999087303877,False,False,0.0,0.0,0,0,0,0.0,0.0,0.0,0.0,-0.019999999087303877,1,-0.019999999087303877
,academy_3_vs_1_with_keeper,42,collect_rollout,669,0,43,0.0305231602396816,False,False,0.0,0.0,0,0,0,0.0,0.0,0.0,0.0,0.0305231602396816,1,0.0305231602396816
,academy_3_vs_1_with_keeper,42,collect_rollout,670,0,21,-0.013333332724869251,False,False,0.0,0.0,0,0,0,0.0,0.0,0.0,0.0,-0.013333332724869251,1,-0.013333332724869251
,academy_3_vs_1_with_keeper,42,collect_rollout,671,0,15,-0.009999999543651938,False,False,0.0,0.0,0,0,0,0.0,0.0,0.0,0.0,-0.009999999543651938,1,-0.009999999543651938
,academy_3_vs_1_with_keeper,42,collect_rollout,672,0,19,-0.009999999543651938,False,False,0.0,0.0,0,0,0,0.0,0.0,0.0,0.0,-0.009999999543651938,1,-0.009999999543651938
,academy_3_vs_1_with_keeper,42,collect_rollout,673,0,108,-0.3422584106447175,False,False,0.0,0.0,0,0,0,0.0,0.0,0.0,0.0,-0.3422584106447175,1,-0.3422584106447175
,academy_3_vs_1_with_keeper,42,collect_rollout,674,0,14,-0.02333333226852119,False,False,0.0,0.0,0,0,0,0.0,0.0,0.0,0.0,-0.02333333226852119,1,-0.02333333226852119
,academy_3_vs_1_with_keeper,42,collect_rollout,675,0,18,-0.006666666362434626,False,False,0.0,0.0,0,0,0,0.0,0.0,0.0,0.0,-0.006666666362434626,1,-0.006666666362434626
,academy_3_vs_1_with_keeper,42,collect_rollout,676,0,15,-0.009999999543651938,False,False,0.0,0.0,0,0,0,0.0,0.0,0.0,0.0,-0.009999999543651938,1,-0.009999999543651938
,academy_3_vs_1_with_keeper,42,collect_rollout,677,0,16,-0.006666666362434626,False,False,0.0,0.0,0,0,0,0.0,0.0,0.0,0.0,-0.006666666362434626,1,-0.006666666362434626
,academy_3_vs_1_with_keeper,42,collect_rollout,678,0,19,-0.009999999543651938,False,False,0.0,0.0,0,0,0,0.0,0.0,0.0,0.0,-0.009999999543651938,1,-0.009999999543651938
,academy_3_vs_1_with_keeper,42,collect_rollout,679,0,9,0.011968204518780112,False,False,0.0,0.0,0,0,0,0.0,0.0,0.0,0.0,0.011968204518780112,1,0.011968204518780112
,academy_3_vs_1_with_keeper,42,collect_rollout,680,0,64,-0.31638710282277316,False,False,0.0,0.0,0,0,0,0.0,0.0,0.0,0.0,-0.31638710282277316,1,-0.31638710282277316
,academy_3_vs_1_with_keeper,42,collect_rollout,681,0,17,-0.003333333181217313,False,False,0.0,0.0,0,0,0,0.0,0.0,0.0,0.0,-0.003333333181217313,1,-0.003333333181217313
,academy_3_vs_1_with_keeper,42,collect_rollout,682,0,16,-0.009999999543651938,False,False,0.0,0.0,0,0,0,0.0,0.0,0.0,0.0,-0.009999999543651938,1,-0.009999999543651938
,academy_3_vs_1_with_keeper,42,collect_rollout,683,0,17,-0.009999999543651938,False,False,0.0,0.0,0,0,0,0.0,0.0,0.0,0.0,-0.009999999543651938,1,-0.009999999543651938
,academy_3_vs_1_with_keeper,42,collect_rollout,684,0,20,-0.009999999543651938,False,False,0.0,0.0,0,0,0,0.0,0.0,0.0,0.0,-0.009999999543651938,1,-0.009999999543651938
,academy_3_vs_1_with_keeper,42,collect_rollout,685,0,21,-0.02333333226852119,False,False,0.0,0.0,0,0,0,0.0,0.0,0.0,0.0,-0.02333333226852119,1,-0.02333333226852119
,academy_3_vs_1_with_keeper,42,collect_rollout,686,0,18,-0.006666666362434626,False,False,0.0,0.0,0,0,0,0.0,0.0,0.0,0.0,-0.006666666362434626,1,-0.006666666362434626
,academy_3_vs_1_with_keeper,42,collect_rollout,687,0,106,-0.32666665641590953,False,False,0.0,0.0,0,0,0,0.0,0.0,0.0,0.0,-0.32666665641590953,1,-0.32666665641590953
,academy_3_vs_1_with_keeper,42,collect_rollout,688,0,21,-0.013333332724869251,False,False,0.0,0.0,0,0,0,0.0,0.0,0.0,0.0,-0.013333332724869251,1,-0.013333332724869251
,academy_3_vs_1_with_keeper,42,collect_rollout,689,0,41,1.9996021118713543,False,False,0.0,0.0,0,0,0,0.0,0.0,0.0,0.0,1.9996021118713543,1,1.9996021118713543
,academy_3_vs_1_with_keeper,42,collect_rollout,690,0,16,-0.026666665449738503,False,False,0.0,0.0,0,0,0,0.0,0.0,0.0,0.0,-0.026666665449738503,1,-0.026666665449738503
,academy_3_vs_1_with_keeper,42,collect_rollout,691,0,39,-0.06408444070257246,False,False,0.0,0.0,0,0,0,0.0,0.0,0.0,0.0,-0.06408444070257246,1,-0.06408444070257246
,academy_3_vs_1_with_keeper,42,collect_rollout,692,0,21,-0.009999999543651938,False,False,0.0,0.0,0,0,0,0.0,0.0,0.0,0.0,-0.009999999543651938,1,-0.009999999543651938
,academy_3_vs_1_with_keeper,42,collect_rollout,693,0,18,-0.13488676969427615,False,False,0.0,0.0,0,0,0,0.0,0.0,0.0,0.0,-0.13488676969427615,1,-0.13488676969427615
,academy_3_vs_1_with_keeper,42,collect_rollout,694,0,19,-0.006666666362434626,False,False,0.0,0.0,0,0,0,0.0,0.0,0.0,0.0,-0.006666666362434626,1,-0.006666666362434626
,academy_3_vs_1_with_keeper,42,collect_rollout,695,0,39,-0.23052348790224642,False,False,0.0,0.0,0,0,0,0.0,0.0,0.0,0.0,-0.23052348790224642,1,-0.23052348790224642
,academy_3_vs_1_with_keeper,42,collect_rollout,696,0,20,-0.016666665906086564,False,False,0.0,0.0,0,0,0,0.0,0.0,0.0,0.0,-0.016666665906086564,1,-0.016666665906086564
,academy_3_vs_1_with_keeper,42,collect_rollout,697,0,16,-0.12332845677156001,False,False,0.0,0.0,0,0,0,0.0,0.0,0.0,0.0,-0.12332845677156001,1,-0.12332845677156001
,academy_3_vs_1_with_keeper,42,collect_rollout,698,0,53,-0.06000000052154064,False,False,0.0,0.0,0,0,0,0.0,0.0,0.0,0.0,-0.06000000052154064,1,-0.06000000052154064
,academy_3_vs_1_with_keeper,42,collect_rollout,699,0,18,0.0,False,False,0.0,0.0,0,0,0,0.0,0.0,0.0,0.0,0.0,1,0.0
,academy_3_vs_1_with_keeper,42,collect_rollout,700,0,18,-0.009999999543651938,False,False,0.0,0.0,0,0,0,0.0,0.0,0.0,0.0,-0.009999999543651938,1,-0.009999999543651938
,academy_3_vs_1_with_keeper,42,collect_rollout,701,0,21,-0.013333332724869251,False,False,0.0,0.0,0,0,0,0.0,0.0,0.0,0.0,-0.013333332724869251,1,-0.013333332724869251
,academy_3_vs_1_with_keeper,42,collect_rollout,702,0,17,-0.009999999543651938,False,False,0.0,0.0,0,0,0,0.0,0.0,0.0,0.0,-0.009999999543651938,1,-0.009999999543651938
,academy_3_vs_1_with_keeper,42,collect_rollout,703,0,42,0.007375364812105545,False,False,0.0,0.0,0,0,0,0.0,0.0,0.0,0.0,0.007375364812105545,1,0.007375364812105545
,academy_3_vs_1_with_keeper,42,collect_rollout,704,0,14,-0.006666666362434626,False,False,0.0,0.0,0,0,0,0.0,0.0,0.0,0.0,-0.006666666362434626,1,-0.006666666362434626
,academy_3_vs_1_with_keeper,42,collect_rollout,705,0,17,-0.026666665449738503,False,False,0.0,0.0,0,0,0,0.0,0.0,0.0,0.0,-0.026666665449738503,1,-0.026666665449738503
,academy_3_vs_1_with_keeper,42,collect_rollout,706,0,119,-0.05799017334356904,False,False,0.0,0.0,0,0,0,0.0,0.0,0.0,0.0,-0.05799017334356904,1,-0.05799017334356904
,academy_3_vs_1_with_keeper,42,collect_rollout,707,0,17,-0.009999999543651938,False,False,0.0,0.0,0,0,0,0.0,0.0,0.0,0.0,-0.009999999543651938,1,-0.009999999543651938
,academy_3_vs_1_with_keeper,42,collect_rollout,708,0,19,-0.02333333226852119,False,False,0.0,0.0,0,0,0,0.0,0.0,0.0,0.0,-0.02333333226852119,1,-0.02333333226852119
,academy_3_vs_1_with_keeper,42,collect_rollout,709,0,15,-0.009999999543651938,False,False,0.0,0.0,0,0,0,0.0,0.0,0.0,0.0,-0.009999999543651938,1,-0.009999999543651938
,academy_3_vs_1_with_keeper,42,collect_rollout,710,0,10,-0.09279062785208225,False,False,0.0,0.0,0,0,0,0.0,0.0,0.0,0.0,-0.09279062785208225,1,-0.09279062785208225
,academy_3_vs_1_with_keeper,42,collect_rollout,711,0,105,-0.3653952977620065,False,False,0.0,0.0,0,0,0,0.0,0.0,0.0,0.0,-0.3653952977620065,1,-0.3653952977620065
,academy_3_vs_1_with_keeper,42,collect_rollout,712,0,81,-1.0700000000651926,False,False,0.0,0.0,0,0,0,0.0,0.0,0.0,0.0,-1.0700000000651926,1,-1.0700000000651926
,academy_3_vs_1_with_keeper,42,collect_rollout,713,0,22,-0.013333332724869251,False,False,0.0,0.0,0,0,0,0.0,0.0,0.0,0.0,-0.013333332724869251,1,-0.013333332724869251
,academy_3_vs_1_with_keeper,42,collect_rollout,714,0,19,-0.013333332724869251,False,False,0.0,0.0,0,0,0,0.0,0.0,0.0,0.0,-0.013333332724869251,1,-0.013333332724869251
,academy_3_vs_1_with_keeper,42,collect_rollout,715,0,15,-0.013333332724869251,False,False,0.0,0.0,0,0,0,0.0,0.0,0.0,0.0,-0.013333332724869251,1,-0.013333332724869251
,academy_3_vs_1_with_keeper,42,collect_rollout,716,0,16,-0.009999999543651938,False,False,0.0,0.0,0,0,0,0.0,0.0,0.0,0.0,-0.009999999543651938,1,-0.009999999543651938
,academy_3_vs_1_with_keeper,42,collect_rollout,717,0,17,-0.003333333181217313,False,False,0.0,0.0,0,0,0,0.0,0.0,0.0,0.0,-0.003333333181217313,1,-0.003333333181217313
,academy_3_vs_1_with_keeper,42,collect_rollout,718,0,16,-0.013333332724869251,False,False,0.0,0.0,0,0,0,0.0,0.0,0.0,0.0,-0.013333332724869251,1,-0.013333332724869251
,academy_3_vs_1_with_keeper,42,collect_rollout,719,0,18,-0.013333332724869251,False,False,0.0,0.0,0,0,0,0.0,0.0,0.0,0.0,-0.013333332724869251,1,-0.013333332724869251
,academy_3_vs_1_with_keeper,42,collect_rollout,720,0,17,-0.009999999543651938,False,False,0.0,0.0,0,0,0,0.0,0.0,0.0,0.0,-0.009999999543651938,1,-0.009999999543651938
,academy_3_vs_1_with_keeper,42,collect_rollout,721,0,19,-0.013333332724869251,False,False,0.0,0.0,0,0,0,0.0,0.0,0.0,0.0,-0.013333332724869251,1,-0.013333332724869251
,academy_3_vs_1_with_keeper,42,collect_rollout,722,0,62,-0.14262394269462675,False,False,0.0,0.0,0,0,0,0.0,0.0,0.0,0.0,-0.14262394269462675,1,-0.14262394269462675
,academy_3_vs_1_with_keeper,42,collect_rollout,723,0,18,-0.009999999543651938,False,False,0.0,0.0,0,0,0,0.0,0.0,0.0,0.0,-0.009999999543651938,1,-0.009999999543651938
,academy_3_vs_1_with_keeper,42,collect_rollout,724,0,33,0.0036757828056579456,False,False,0.0,0.0,0,0,0,0.0,0.0,0.0,0.0,0.0036757828056579456,1,0.0036757828056579456
,academy_3_vs_1_with_keeper,42,collect_rollout,725,0,20,0.0,False,False,0.0,0.0,0,0,0,0.0,0.0,0.0,0.0,0.0,1,0.0
,academy_3_vs_1_with_keeper,42,collect_rollout,726,0,17,-0.013333332724869251,False,False,0.0,0.0,0,0,0,0.0,0.0,0.0,0.0,-0.013333332724869251,1,-0.013333332724869251
,academy_3_vs_1_with_keeper,42,collect_rollout,727,0,16,-0.006666666362434626,False,False,0.0,0.0,0,0,0,0.0,0.0,0.0,0.0,-0.006666666362434626,1,-0.006666666362434626
,academy_3_vs_1_with_keeper,42,collect_rollout,728,0,16,-0.003333333181217313,False,False,0.0,0.0,0,0,0,0.0,0.0,0.0,0.0,-0.003333333181217313,1,-0.003333333181217313
,academy_3_vs_1_with_keeper,42,collect_rollout,729,0,18,-0.006666666362434626,False,False,0.0,0.0,0,0,0,0.0,0.0,0.0,0.0,-0.006666666362434626,1,-0.006666666362434626
,academy_3_vs_1_with_keeper,42,collect_rollout,730,0,21,-0.013333332724869251,False,False,0.0,0.0,0,0,0,0.0,0.0,0.0,0.0,-0.013333332724869251,1,-0.013333332724869251
,academy_3_vs_1_with_keeper,42,collect_rollout,731,0,20,-0.016666665906086564,False,False,0.0,0.0,0,0,0,0.0,0.0,0.0,0.0,-0.016666665906086564,1,-0.016666665906086564
,academy_3_vs_1_with_keeper,42,collect_rollout,732,0,23,-0.019999999087303877,False,False,0.0,0.0,0,0,0,0.0,0.0,0.0,0.0,-0.019999999087303877,1,-0.019999999087303877
,academy_3_vs_1_with_keeper,42,collect_rollout,733,0,18,-0.026666665449738503,False,False,0.0,0.0,0,0,0,0.0,0.0,0.0,0.0,-0.026666665449738503,1,-0.026666665449738503
,academy_3_vs_1_with_keeper,42,collect_rollout,734,0,34,-0.012135733151808381,False,False,0.0,0.0,0,0,0,0.0,0.0,0.0,0.0,-0.012135733151808381,1,-0.012135733151808381
,academy_3_vs_1_with_keeper,42,collect_rollout,735,0,21,-0.013333332724869251,False,False,0.0,0.0,0,0,0,0.0,0.0,0.0,0.0,-0.013333332724869251,1,-0.013333332724869251
,academy_3_vs_1_with_keeper,42,collect_rollout,736,0,16,-0.016666665906086564,False,False,0.0,0.0,0,0,0,0.0,0.0,0.0,0.0,-0.016666665906086564,1,-0.016666665906086564
,academy_3_vs_1_with_keeper,42,collect_rollout,737,0,18,-0.05062445823568851,False,False,0.0,0.0,0,0,0,0.0,0.0,0.0,0.0,-0.05062445823568851,1,-0.05062445823568851
,academy_3_vs_1_with_keeper,42,collect_rollout,738,0,17,-0.016666665906086564,False,False,0.0,0.0,0,0,0,0.0,0.0,0.0,0.0,-0.016666665906086564,1,-0.016666665906086564
,academy_3_vs_1_with_keeper,42,collect_rollout,739,0,21,-0.013333332724869251,False,False,0.0,0.0,0,0,0,0.0,0.0,0.0,0.0,-0.013333332724869251,1,-0.013333332724869251
,academy_3_vs_1_with_keeper,42,collect_rollout,740,0,18,-0.003333333181217313,False,False,0.0,0.0,0,0,0,0.0,0.0,0.0,0.0,-0.003333333181217313,1,-0.003333333181217313
,academy_3_vs_1_with_keeper,42,collect_rollout,741,0,19,-0.009999999543651938,False,False,0.0,0.0,0,0,0,0.0,0.0,0.0,0.0,-0.009999999543651938,1,-0.009999999543651938
,academy_3_vs_1_with_keeper,42,collect_rollout,742,0,21,-0.016666665906086564,False,False,0.0,0.0,0,0,0,0.0,0.0,0.0,0.0,-0.016666665906086564,1,-0.016666665906086564
,academy_3_vs_1_with_keeper,42,collect_rollout,743,0,14,-0.003333333181217313,False,False,0.0,0.0,0,0,0,0.0,0.0,0.0,0.0,-0.003333333181217313,1,-0.003333333181217313
,academy_3_vs_1_with_keeper,42,collect_rollout,744,0,21,-0.02333333226852119,False,False,0.0,0.0,0,0,0,0.0,0.0,0.0,0.0,-0.02333333226852119,1,-0.02333333226852119
,academy_3_vs_1_with_keeper,42,collect_rollout,745,0,20,-0.019999999087303877,False,False,0.0,0.0,0,0,0,0.0,0.0,0.0,0.0,-0.019999999087303877,1,-0.019999999087303877
,academy_3_vs_1_with_keeper,42,collect_rollout,746,0,110,-0.20333332777954638,False,False,0.0,0.0,0,0,0,0.0,0.0,0.0,0.0,-0.20333332777954638,1,-0.20333332777954638
,academy_3_vs_1_with_keeper,42,collect_rollout,747,0,39,0.00870509713422507,False,False,0.0,0.0,0,0,0,0.0,0.0,0.0,0.0,0.00870509713422507,1,0.00870509713422507
,academy_3_vs_1_with_keeper,42,collect_rollout,748,0,93,-0.14418944530189037,False,False,0.0,0.0,0,0,0,0.0,0.0,0.0,0.0,-0.14418944530189037,1,-0.14418944530189037
,academy_3_vs_1_with_keeper,42,collect_rollout,749,0,17,-0.013333332724869251,False,False,0.0,0.0,0,0,0,0.0,0.0,0.0,0.0,-0.013333332724869251,1,-0.013333332724869251
,academy_3_vs_1_with_keeper,42,collect_rollout,750,0,20,-0.016666665906086564,False,False,0.0,0.0,0,0,0,0.0,0.0,0.0,0.0,-0.016666665906086564,1,-0.016666665906086564
,academy_3_vs_1_with_keeper,42,collect_rollout,751,0,20,-0.02333333226852119,False,False,0.0,0.0,0,0,0,0.0,0.0,0.0,0.0,-0.02333333226852119,1,-0.02333333226852119
,academy_3_vs_1_with_keeper,42,collect_rollout,752,0,21,-0.009999999543651938,False,False,0.0,0.0,0,0,0,0.0,0.0,0.0,0.0,-0.009999999543651938,1,-0.009999999543651938
,academy_3_vs_1_with_keeper,42,collect_rollout,753,0,75,-0.05856128921004711,False,False,0.0,0.0,0,0,0,0.0,0.0,0.0,0.0,-0.05856128921004711,1,-0.05856128921004711
,academy_3_vs_1_with_keeper,42,collect_rollout,754,0,24,-0.026666665449738503,False,False,0.0,0.0,0,0,0,0.0,0.0,0.0,0.0,-0.026666665449738503,1,-0.026666665449738503
,academy_3_vs_1_with_keeper,42,collect_rollout,755,0,32,-0.06000000052154064,False,False,0.0,0.0,0,0,0,0.0,0.0,0.0,0.0,-0.06000000052154064,1,-0.06000000052154064
,academy_3_vs_1_with_keeper,42,collect_rollout,756,0,18,-0.003333333181217313,False,False,0.0,0.0,0,0,0,0.0,0.0,0.0,0.0,-0.003333333181217313,1,-0.003333333181217313
,academy_3_vs_1_with_keeper,42,collect_rollout,757,0,16,-0.006666666362434626,False,False,0.0,0.0,0,0,0,0.0,0.0,0.0,0.0,-0.006666666362434626,1,-0.006666666362434626
,academy_3_vs_1_with_keeper,42,collect_rollout,758,0,22,-0.019999999087303877,False,False,0.0,0.0,0,0,0,0.0,0.0,0.0,0.0,-0.019999999087303877,1,-0.019999999087303877
,academy_3_vs_1_with_keeper,42,collect_rollout,759,0,18,-0.003333333181217313,False,False,0.0,0.0,0,0,0,0.0,0.0,0.0,0.0,-0.003333333181217313,1,-0.003333333181217313
,academy_3_vs_1_with_keeper,42,collect_rollout,760,0,79,-0.27445874953991733,False,False,0.0,0.0,0,0,0,0.0,0.0,0.0,0.0,-0.27445874953991733,1,-0.27445874953991733
,academy_3_vs_1_with_keeper,42,collect_rollout,761,0,19,-0.003333333181217313,False,False,0.0,0.0,0,0,0,0.0,0.0,0.0,0.0,-0.003333333181217313,1,-0.003333333181217313
,academy_3_vs_1_with_keeper,42,collect_rollout,762,0,39,-0.05820386856794357,False,False,0.0,0.0,0,0,0,0.0,0.0,0.0,0.0,-0.05820386856794357,1,-0.05820386856794357
,academy_3_vs_1_with_keeper,42,collect_rollout,763,0,35,0.08638022094964981,False,False,0.0,0.0,0,0,0,0.0,0.0,0.0,0.0,0.08638022094964981,1,0.08638022094964981
,academy_3_vs_1_with_keeper,42,collect_rollout,764,0,37,-0.004064412394654937,False,False,0.0,0.0,0,0,0,0.0,0.0,0.0,0.0,-0.004064412394654937,1,-0.004064412394654937
,academy_3_vs_1_with_keeper,42,collect_rollout,765,0,18,-0.013333332724869251,False,False,0.0,0.0,0,0,0,0.0,0.0,0.0,0.0,-0.013333332724869251,1,-0.013333332724869251
,academy_3_vs_1_with_keeper,42,collect_rollout,766,0,16,-0.016666665906086564,False,False,0.0,0.0,0,0,0,0.0,0.0,0.0,0.0,-0.016666665906086564,1,-0.016666665906086564
,academy_3_vs_1_with_keeper,42,collect_rollout,767,0,19,-0.019999999087303877,False,False,0.0,0.0,0,0,0,0.0,0.0,0.0,0.0,-0.019999999087303877,1,-0.019999999087303877
,academy_3_vs_1_with_keeper,42,collect_rollout,768,0,16,-0.006666666362434626,False,False,0.0,0.0,0,0,0,0.0,0.0,0.0,0.0,-0.006666666362434626,1,-0.006666666362434626
,academy_3_vs_1_with_keeper,42,collect_rollout,769,0,17,-0.003333333181217313,False,False,0.0,0.0,0,0,0,0.0,0.0,0.0,0.0,-0.003333333181217313,1,-0.003333333181217313
,academy_3_vs_1_with_keeper,42,collect_rollout,770,0,90,-0.16429094644263387,False,False,0.0,0.0,0,0,0,0.0,0.0,0.0,0.0,-0.16429094644263387,1,-0.16429094644263387
,academy_3_vs_1_with_keeper,42,collect_rollout,771,0,14,-0.02333333226852119,False,False,0.0,0.0,0,0,0,0.0,0.0,0.0,0.0,-0.02333333226852119,1,-0.02333333226852119
,academy_3_vs_1_with_keeper,42,collect_rollout,772,0,47,-0.13333333050832152,False,False,0.0,0.0,0,0,0,0.0,0.0,0.0,0.0,-0.13333333050832152,1,-0.13333333050832152
,academy_3_vs_1_with_keeper,42,collect_rollout,773,0,21,-0.02333333226852119,False,False,0.0,0.0,0,0,0,0.0,0.0,0.0,0.0,-0.02333333226852119,1,-0.02333333226852119
,academy_3_vs_1_with_keeper,42,collect_rollout,774,0,21,-0.016666665906086564,False,False,0.0,0.0,0,0,0,0.0,0.0,0.0,0.0,-0.016666665906086564,1,-0.016666665906086564
,academy_3_vs_1_with_keeper,42,collect_rollout,775,0,154,-0.18568664300255477,False,False,0.0,0.0,0,0,0,0.0,0.0,0.0,0.0,-0.18568664300255477,1,-0.18568664300255477
,academy_3_vs_1_with_keeper,42,collect_rollout,776,0,14,-0.019999999087303877,False,False,0.0,0.0,0,0,0,0.0,0.0,0.0,0.0,-0.019999999087303877,1,-0.019999999087303877
,academy_3_vs_1_with_keeper,42,collect_rollout,777,0,14,-0.11590975662693381,False,False,0.0,0.0,0,0,0,0.0,0.0,0.0,0.0,-0.11590975662693381,1,-0.11590975662693381
,academy_3_vs_1_with_keeper,42,collect_rollout,778,0,46,1.9110675184056163,False,False,0.0,0.0,0,0,0,0.0,0.0,0.0,0.0,1.9110675184056163,1,1.9110675184056163
,academy_3_vs_1_with_keeper,42,collect_rollout,779,0,49,-0.033114366233348846,False,False,0.0,0.0,0,0,0,0.0,0.0,0.0,0.0,-0.033114366233348846,1,-0.033114366233348846
,academy_3_vs_1_with_keeper,42,collect_rollout,780,0,22,-0.009999999543651938,False,False,0.0,0.0,0,0,0,0.0,0.0,0.0,0.0,-0.009999999543651938,1,-0.009999999543651938
,academy_3_vs_1_with_keeper,42,collect_rollout,781,0,15,-0.009999999543651938,False,False,0.0,0.0,0,0,0,0.0,0.0,0.0,0.0,-0.009999999543651938,1,-0.009999999543651938
,academy_3_vs_1_with_keeper,42,collect_rollout,782,0,21,-0.013333332724869251,False,False,0.0,0.0,0,0,0,0.0,0.0,0.0,0.0,-0.013333332724869251,1,-0.013333332724869251
,academy_3_vs_1_with_keeper,42,collect_rollout,783,0,18,-0.019999999087303877,False,False,0.0,0.0,0,0,0,0.0,0.0,0.0,0.0,-0.019999999087303877,1,-0.019999999087303877
,academy_3_vs_1_with_keeper,42,collect_rollout,784,0,18,-0.019999999087303877,False,False,0.0,0.0,0,0,0,0.0,0.0,0.0,0.0,-0.019999999087303877,1,-0.019999999087303877
,academy_3_vs_1_with_keeper,42,collect_rollout,785,0,66,-0.2112783424090594,False,False,0.0,0.0,0,0,0,0.0,0.0,0.0,0.0,-0.2112783424090594,1,-0.2112783424090594
,academy_3_vs_1_with_keeper,42,collect_rollout,786,0,16,-0.13479656400159,False,False,0.0,0.0,0,0,0,0.0,0.0,0.0,0.0,-0.13479656400159,1,-0.13479656400159
,academy_3_vs_1_with_keeper,42,collect_rollout,787,0,20,-0.006666666362434626,False,False,0.0,0.0,0,0,0,0.0,0.0,0.0,0.0,-0.006666666362434626,1,-0.006666666362434626
,academy_3_vs_1_with_keeper,42,collect_rollout,788,0,17,-0.009999999543651938,False,False,0.0,0.0,0,0,0,0.0,0.0,0.0,0.0,-0.009999999543651938,1,-0.009999999543651938
,academy_3_vs_1_with_keeper,42,collect_rollout,789,0,74,-0.269945077248849,False,False,0.0,0.0,0,0,0,0.0,0.0,0.0,0.0,-0.269945077248849,1,-0.269945077248849
,academy_3_vs_1_with_keeper,42,collect_rollout,790,0,18,-0.003333333181217313,False,False,0.0,0.0,0,0,0,0.0,0.0,0.0,0.0,-0.003333333181217313,1,-0.003333333181217313
,academy_3_vs_1_with_keeper,42,collect_rollout,791,0,19,-0.02333333226852119,False,False,0.0,0.0,0,0,0,0.0,0.0,0.0,0.0,-0.02333333226852119,1,-0.02333333226852119
,academy_3_vs_1_with_keeper,42,collect_rollout,792,0,15,-0.006666666362434626,False,False,0.0,0.0,0,0,0,0.0,0.0,0.0,0.0,-0.006666666362434626,1,-0.006666666362434626
,academy_3_vs_1_with_keeper,42,collect_rollout,793,0,19,-0.009999999543651938,False,False,0.0,0.0,0,0,0,0.0,0.0,0.0,0.0,-0.009999999543651938,1,-0.009999999543651938
,academy_3_vs_1_with_keeper,42,collect_rollout,794,0,20,-0.009999999543651938,False,False,0.0,0.0,0,0,0,0.0,0.0,0.0,0.0,-0.009999999543651938,1,-0.009999999543651938
,academy_3_vs_1_with_keeper,42,collect_rollout,795,0,17,-0.006666666362434626,False,False,0.0,0.0,0,0,0,0.0,0.0,0.0,0.0,-0.006666666362434626,1,-0.006666666362434626
,academy_3_vs_1_with_keeper,42,collect_rollout,796,0,21,-0.009999999543651938,False,False,0.0,0.0,0,0,0,0.0,0.0,0.0,0.0,-0.009999999543651938,1,-0.009999999543651938
,academy_3_vs_1_with_keeper,42,collect_rollout,797,0,154,-0.6176897516706958,False,False,0.0,0.0,0,0,0,0.0,0.0,0.0,0.0,-0.6176897516706958,1,-0.6176897516706958
,academy_3_vs_1_with_keeper,42,collect_rollout,798,0,18,-0.013333332724869251,False,False,0.0,0.0,0,0,0,0.0,0.0,0.0,0.0,-0.013333332724869251,1,-0.013333332724869251
,academy_3_vs_1_with_keeper,42,collect_rollout,799,0,15,-0.006666666362434626,False,False,0.0,0.0,0,0,0,0.0,0.0,0.0,0.0,-0.006666666362434626,1,-0.006666666362434626
,academy_3_vs_1_with_keeper,42,collect_rollout,800,0,20,-0.009999999543651938,False,False,0.0,0.0,0,0,0,0.0,0.0,0.0,0.0,-0.009999999543651938,1,-0.009999999543651938
,academy_3_vs_1_with_keeper,42,collect_rollout,801,0,19,-0.006666666362434626,False,False,0.0,0.0,0,0,0,0.0,0.0,0.0,0.0,-0.006666666362434626,1,-0.006666666362434626
,academy_3_vs_1_with_keeper,42,collect_rollout,802,0,19,-0.009999999543651938,False,False,0.0,0.0,0,0,0,0.0,0.0,0.0,0.0,-0.009999999543651938,1,-0.009999999543651938
,academy_3_vs_1_with_keeper,42,collect_rollout,803,0,21,-0.016666665906086564,False,False,0.0,0.0,0,0,0,0.0,0.0,0.0,0.0,-0.016666665906086564,1,-0.016666665906086564
,academy_3_vs_1_with_keeper,42,collect_rollout,804,0,18,0.0,False,False,0.0,0.0,0,0,0,0.0,0.0,0.0,0.0,0.0,1,0.0
,academy_3_vs_1_with_keeper,42,collect_rollout,805,0,26,2.0495070663746446,False,False,0.0,0.0,0,0,0,0.0,0.0,0.0,0.0,2.0495070663746446,1,2.0495070663746446
,academy_3_vs_1_with_keeper,42,collect_rollout,806,0,21,-0.016666665906086564,False,False,0.0,0.0,0,0,0,0.0,0.0,0.0,0.0,-0.016666665906086564,1,-0.016666665906086564
,academy_3_vs_1_with_keeper,42,collect_rollout,807,0,18,-0.013333332724869251,False,False,0.0,0.0,0,0,0,0.0,0.0,0.0,0.0,-0.013333332724869251,1,-0.013333332724869251
,academy_3_vs_1_with_keeper,42,collect_rollout,808,0,19,-0.14362431305926293,False,False,0.0,0.0,0,0,0,0.0,0.0,0.0,0.0,-0.14362431305926293,1,-0.14362431305926293
,academy_3_vs_1_with_keeper,42,collect_rollout,809,0,19,-0.016666665906086564,False,False,0.0,0.0,0,0,0,0.0,0.0,0.0,0.0,-0.016666665906086564,1,-0.016666665906086564
,academy_3_vs_1_with_keeper,42,collect_rollout,810,0,23,-0.003333333181217313,False,False,0.0,0.0,0,0,0,0.0,0.0,0.0,0.0,-0.003333333181217313,1,-0.003333333181217313
,academy_3_vs_1_with_keeper,42,collect_rollout,811,0,20,-0.02333333226852119,False,False,0.0,0.0,0,0,0,0.0,0.0,0.0,0.0,-0.02333333226852119,1,-0.02333333226852119
,academy_3_vs_1_with_keeper,42,collect_rollout,812,0,17,-0.009999999543651938,False,False,0.0,0.0,0,0,0,0.0,0.0,0.0,0.0,-0.009999999543651938,1,-0.009999999543651938
,academy_3_vs_1_with_keeper,42,collect_rollout,813,0,17,0.0,False,False,0.0,0.0,0,0,0,0.0,0.0,0.0,0.0,0.0,1,0.0
,academy_3_vs_1_with_keeper,42,collect_rollout,814,0,88,-0.019624959211796522,False,False,0.0,0.0,0,0,0,0.0,0.0,0.0,0.0,-0.019624959211796522,1,-0.019624959211796522
,academy_3_vs_1_with_keeper,42,collect_rollout,815,0,18,-0.006666666362434626,False,False,0.0,0.0,0,0,0,0.0,0.0,0.0,0.0,-0.006666666362434626,1,-0.006666666362434626
,academy_3_vs_1_with_keeper,42,collect_rollout,816,0,19,-0.006666666362434626,False,False,0.0,0.0,0,0,0,0.0,0.0,0.0,0.0,-0.006666666362434626,1,-0.006666666362434626
,academy_3_vs_1_with_keeper,42,collect_rollout,817,0,19,-0.009999999543651938,False,False,0.0,0.0,0,0,0,0.0,0.0,0.0,0.0,-0.009999999543651938,1,-0.009999999543651938
,academy_3_vs_1_with_keeper,42,collect_rollout,818,0,21,-0.009999999543651938,False,False,0.0,0.0,0,0,0,0.0,0.0,0.0,0.0,-0.009999999543651938,1,-0.009999999543651938
,academy_3_vs_1_with_keeper,42,collect_rollout,819,0,16,-0.016666665906086564,False,False,0.0,0.0,0,0,0,0.0,0.0,0.0,0.0,-0.016666665906086564,1,-0.016666665906086564
,academy_3_vs_1_with_keeper,42,collect_rollout,820,0,18,-0.013333332724869251,False,False,0.0,0.0,0,0,0,0.0,0.0,0.0,0.0,-0.013333332724869251,1,-0.013333332724869251
,academy_3_vs_1_with_keeper,42,collect_rollout,821,0,18,-0.003333333181217313,False,False,0.0,0.0,0,0,0,0.0,0.0,0.0,0.0,-0.003333333181217313,1,-0.003333333181217313
,academy_3_vs_1_with_keeper,42,collect_rollout,822,0,118,-0.33540044457186013,False,False,0.0,0.0,0,0,0,0.0,0.0,0.0,0.0,-0.33540044457186013,1,-0.33540044457186013
,academy_3_vs_1_with_keeper,42,collect_rollout,823,0,17,-0.006666666362434626,False,False,0.0,0.0,0,0,0,0.0,0.0,0.0,0.0,-0.006666666362434626,1,-0.006666666362434626
,academy_3_vs_1_with_keeper,42,collect_rollout,824,0,21,-0.009999999543651938,False,False,0.0,0.0,0,0,0,0.0,0.0,0.0,0.0,-0.009999999543651938,1,-0.009999999543651938
,academy_3_vs_1_with_keeper,42,collect_rollout,825,0,16,-0.009999999543651938,False,False,0.0,0.0,0,0,0,0.0,0.0,0.0,0.0,-0.009999999543651938,1,-0.009999999543651938
,academy_3_vs_1_with_keeper,42,collect_rollout,826,0,15,-0.006666666362434626,False,False,0.0,0.0,0,0,0,0.0,0.0,0.0,0.0,-0.006666666362434626,1,-0.006666666362434626
,academy_3_vs_1_with_keeper,42,collect_rollout,827,0,81,-0.12682210933417082,False,False,0.0,0.0,0,0,0,0.0,0.0,0.0,0.0,-0.12682210933417082,1,-0.12682210933417082
,academy_3_vs_1_with_keeper,42,collect_rollout,828,0,8,0.01846976252272725,False,False,0.0,0.0,0,0,0,0.0,0.0,0.0,0.0,0.01846976252272725,1,0.01846976252272725
,academy_3_vs_1_with_keeper,42,collect_rollout,829,0,19,-0.009999999543651938,False,False,0.0,0.0,0,0,0,0.0,0.0,0.0,0.0,-0.009999999543651938,1,-0.009999999543651938
,academy_3_vs_1_with_keeper,42,collect_rollout,830,0,21,-0.02333333226852119,False,False,0.0,0.0,0,0,0,0.0,0.0,0.0,0.0,-0.02333333226852119,1,-0.02333333226852119
,academy_3_vs_1_with_keeper,42,collect_rollout,831,0,17,-0.009999999543651938,False,False,0.0,0.0,0,0,0,0.0,0.0,0.0,0.0,-0.009999999543651938,1,-0.009999999543651938
,academy_3_vs_1_with_keeper,42,collect_rollout,832,0,77,-0.12999999755993485,False,False,0.0,0.0,0,0,0,0.0,0.0,0.0,0.0,-0.12999999755993485,1,-0.12999999755993485
,academy_3_vs_1_with_keeper,42,collect_rollout,833,0,17,-0.006666666362434626,False,False,0.0,0.0,0,0,0,0.0,0.0,0.0,0.0,-0.006666666362434626,1,-0.006666666362434626
,academy_3_vs_1_with_keeper,42,collect_rollout,834,0,73,-0.1578010548837483,False,False,0.0,0.0,0,0,0,0.0,0.0,0.0,0.0,-0.1578010548837483,1,-0.1578010548837483
,academy_3_vs_1_with_keeper,42,collect_rollout,835,0,18,-0.009999999543651938,False,False,0.0,0.0,0,0,0,0.0,0.0,0.0,0.0,-0.009999999543651938,1,-0.009999999543651938
,academy_3_vs_1_with_keeper,42,collect_rollout,836,0,68,-0.1096236826851964,False,False,0.0,0.0,0,0,0,0.0,0.0,0.0,0.0,-0.1096236826851964,1,-0.1096236826851964
,academy_3_vs_1_with_keeper,42,collect_rollout,837,0,14,-0.009999999543651938,False,False,0.0,0.0,0,0,0,0.0,0.0,0.0,0.0,-0.009999999543651938,1,-0.009999999543651938
,academy_3_vs_1_with_keeper,42,collect_rollout,838,0,16,-0.013333332724869251,False,False,0.0,0.0,0,0,0,0.0,0.0,0.0,0.0,-0.013333332724869251,1,-0.013333332724869251
,academy_3_vs_1_with_keeper,42,collect_rollout,839,0,20,-0.006666666362434626,False,False,0.0,0.0,0,0,0,0.0,0.0,0.0,0.0,-0.006666666362434626,1,-0.006666666362434626
,academy_3_vs_1_with_keeper,42,collect_rollout,840,0,159,-0.6896535661071539,False,False,0.0,0.0,0,0,0,0.0,0.0,0.0,0.0,-0.6896535661071539,1,-0.6896535661071539
,academy_3_vs_1_with_keeper,42,collect_rollout,841,0,17,-0.006666666362434626,False,False,0.0,0.0,0,0,0,0.0,0.0,0.0,0.0,-0.006666666362434626,1,-0.006666666362434626
,academy_3_vs_1_with_keeper,42,collect_rollout,842,0,20,-0.016666665906086564,False,False,0.0,0.0,0,0,0,0.0,0.0,0.0,0.0,-0.016666665906086564,1,-0.016666665906086564
,academy_3_vs_1_with_keeper,42,collect_rollout,843,0,21,-0.013333332724869251,False,False,0.0,0.0,0,0,0,0.0,0.0,0.0,0.0,-0.013333332724869251,1,-0.013333332724869251
,academy_3_vs_1_with_keeper,42,collect_rollout,844,0,20,-0.006666666362434626,False,False,0.0,0.0,0,0,0,0.0,0.0,0.0,0.0,-0.006666666362434626,1,-0.006666666362434626
,academy_3_vs_1_with_keeper,42,collect_rollout,845,0,18,-0.006666666362434626,False,False,0.0,0.0,0,0,0,0.0,0.0,0.0,0.0,-0.006666666362434626,1,-0.006666666362434626
,academy_3_vs_1_with_keeper,42,collect_rollout,846,0,14,0.0,False,False,0.0,0.0,0,0,0,0.0,0.0,0.0,0.0,0.0,1,0.0
,academy_3_vs_1_with_keeper,42,collect_rollout,847,0,13,-0.1142810977762565,False,False,0.0,0.0,0,0,0,0.0,0.0,0.0,0.0,-0.1142810977762565,1,-0.1142810977762565
,academy_3_vs_1_with_keeper,42,collect_rollout,848,0,19,-0.013333332724869251,False,False,0.0,0.0,0,0,0,0.0,0.0,0.0,0.0,-0.013333332724869251,1,-0.013333332724869251
,academy_3_vs_1_with_keeper,42,collect_rollout,849,0,19,-0.009999999776482582,False,False,0.0,0.0,0,0,0,0.0,0.0,0.0,0.0,-0.009999999776482582,1,-0.009999999776482582
,academy_3_vs_1_with_keeper,42,collect_rollout,850,0,17,-0.009999999543651938,False,False,0.0,0.0,0,0,0,0.0,0.0,0.0,0.0,-0.009999999543651938,1,-0.009999999543651938
,academy_3_vs_1_with_keeper,42,collect_rollout,851,0,19,-0.006666666362434626,False,False,0.0,0.0,0,0,0,0.0,0.0,0.0,0.0,-0.006666666362434626,1,-0.006666666362434626
,academy_3_vs_1_with_keeper,42,collect_rollout,852,0,22,-0.016666665906086564,False,False,0.0,0.0,0,0,0,0.0,0.0,0.0,0.0,-0.016666665906086564,1,-0.016666665906086564
,academy_3_vs_1_with_keeper,42,collect_rollout,853,0,8,-0.09880389086902142,False,False,0.0,0.0,0,0,0,0.0,0.0,0.0,0.0,-0.09880389086902142,1,-0.09880389086902142
,academy_3_vs_1_with_keeper,42,collect_rollout,854,0,17,-0.013333332724869251,False,False,0.0,0.0,0,0,0,0.0,0.0,0.0,0.0,-0.013333332724869251,1,-0.013333332724869251
,academy_3_vs_1_with_keeper,42,collect_rollout,855,0,20,-0.013333332724869251,False,False,0.0,0.0,0,0,0,0.0,0.0,0.0,0.0,-0.013333332724869251,1,-0.013333332724869251
,academy_3_vs_1_with_keeper,42,collect_rollout,856,0,19,-0.009999999543651938,False,False,0.0,0.0,0,0,0,0.0,0.0,0.0,0.0,-0.009999999543651938,1,-0.009999999543651938
,academy_3_vs_1_with_keeper,42,collect_rollout,857,0,15,-0.013333332724869251,False,False,0.0,0.0,0,0,0,0.0,0.0,0.0,0.0,-0.013333332724869251,1,-0.013333332724869251
,academy_3_vs_1_with_keeper,42,collect_rollout,858,0,38,-0.07101614295970649,False,False,0.0,0.0,0,0,0,0.0,0.0,0.0,0.0,-0.07101614295970649,1,-0.07101614295970649
,academy_3_vs_1_with_keeper,42,collect_rollout,859,0,19,-0.006666666362434626,False,False,0.0,0.0,0,0,0,0.0,0.0,0.0,0.0,-0.006666666362434626,1,-0.006666666362434626
,academy_3_vs_1_with_keeper,42,collect_rollout,860,0,21,-0.009999999543651938,False,False,0.0,0.0,0,0,0,0.0,0.0,0.0,0.0,-0.009999999543651938,1,-0.009999999543651938
,academy_3_vs_1_with_keeper,42,collect_rollout,861,0,21,0.0,False,False,0.0,0.0,0,0,0,0.0,0.0,0.0,0.0,0.0,1,0.0
,academy_3_vs_1_with_keeper,42,collect_rollout,862,0,56,-0.23897750489413738,False,False,0.0,0.0,0,0,0,0.0,0.0,0.0,0.0,-0.23897750489413738,1,-0.23897750489413738
,academy_3_vs_1_with_keeper,42,collect_rollout,863,0,64,-0.08333332976326346,False,False,0.0,0.0,0,0,0,0.0,0.0,0.0,0.0,-0.08333332976326346,1,-0.08333332976326346
,academy_3_vs_1_with_keeper,42,collect_rollout,864,0,21,-0.006666666362434626,False,False,0.0,0.0,0,0,0,0.0,0.0,0.0,0.0,-0.006666666362434626,1,-0.006666666362434626
,academy_3_vs_1_with_keeper,42,collect_rollout,865,0,19,-0.003333333181217313,False,False,0.0,0.0,0,0,0,0.0,0.0,0.0,0.0,-0.003333333181217313,1,-0.003333333181217313
,academy_3_vs_1_with_keeper,42,collect_rollout,866,0,48,-0.04566790477838367,False,False,0.0,0.0,0,0,0,0.0,0.0,0.0,0.0,-0.04566790477838367,1,-0.04566790477838367
,academy_3_vs_1_with_keeper,42,collect_rollout,867,0,18,-0.006666666362434626,False,False,0.0,0.0,0,0,0,0.0,0.0,0.0,0.0,-0.006666666362434626,1,-0.006666666362434626
,academy_3_vs_1_with_keeper,42,collect_rollout,868,0,20,0.0,False,False,0.0,0.0,0,0,0,0.0,0.0,0.0,0.0,0.0,1,0.0
,academy_3_vs_1_with_keeper,42,collect_rollout,869,0,16,0.0,False,False,0.0,0.0,0,0,0,0.0,0.0,0.0,0.0,0.0,1,0.0
,academy_3_vs_1_with_keeper,42,collect_rollout,870,0,15,-0.009999999543651938,False,False,0.0,0.0,0,0,0,0.0,0.0,0.0,0.0,-0.009999999543651938,1,-0.009999999543651938
,academy_3_vs_1_with_keeper,42,collect_rollout,871,0,35,0.011487054405733943,False,False,0.0,0.0,0,0,0,0.0,0.0,0.0,0.0,0.011487054405733943,1,0.011487054405733943
,academy_3_vs_1_with_keeper,42,collect_rollout,872,0,20,0.0,False,False,0.0,0.0,0,0,0,0.0,0.0,0.0,0.0,0.0,1,0.0
,academy_3_vs_1_with_keeper,42,collect_rollout,873,0,20,-0.013333332724869251,False,False,0.0,0.0,0,0,0,0.0,0.0,0.0,0.0,-0.013333332724869251,1,-0.013333332724869251
,academy_3_vs_1_with_keeper,42,collect_rollout,874,0,16,-0.013333332724869251,False,False,0.0,0.0,0,0,0,0.0,0.0,0.0,0.0,-0.013333332724869251,1,-0.013333332724869251
,academy_3_vs_1_with_keeper,42,collect_rollout,875,0,18,-0.003333333181217313,False,False,0.0,0.0,0,0,0,0.0,0.0,0.0,0.0,-0.003333333181217313,1,-0.003333333181217313
,academy_3_vs_1_with_keeper,42,collect_rollout,876,0,22,-0.006666666362434626,False,False,0.0,0.0,0,0,0,0.0,0.0,0.0,0.0,-0.006666666362434626,1,-0.006666666362434626
,academy_3_vs_1_with_keeper,42,collect_rollout,877,0,37,-0.051422114309389144,False,False,0.0,0.0,0,0,0,0.0,0.0,0.0,0.0,-0.051422114309389144,1,-0.051422114309389144
,academy_3_vs_1_with_keeper,42,collect_rollout,878,0,15,-0.006666666362434626,False,False,0.0,0.0,0,0,0,0.0,0.0,0.0,0.0,-0.006666666362434626,1,-0.006666666362434626
,academy_3_vs_1_with_keeper,42,collect_rollout,879,0,71,-0.26999999512918293,False,False,0.0,0.0,0,0,0,0.0,0.0,0.0,0.0,-0.26999999512918293,1,-0.26999999512918293
,academy_3_vs_1_with_keeper,42,collect_rollout,880,0,21,-0.006666666362434626,False,False,0.0,0.0,0,0,0,0.0,0.0,0.0,0.0,-0.006666666362434626,1,-0.006666666362434626
,academy_3_vs_1_with_keeper,42,collect_rollout,881,0,35,0.018718555715167895,False,False,0.0,0.0,0,0,0,0.0,0.0,0.0,0.0,0.018718555715167895,1,0.018718555715167895
,academy_3_vs_1_with_keeper,42,collect_rollout,882,0,20,0.0,False,False,0.0,0.0,0,0,0,0.0,0.0,0.0,0.0,0.0,1,0.0
,academy_3_vs_1_with_keeper,42,collect_rollout,883,0,18,-0.003333333181217313,False,False,0.0,0.0,0,0,0,0.0,0.0,0.0,0.0,-0.003333333181217313,1,-0.003333333181217313
,academy_3_vs_1_with_keeper,42,collect_rollout,884,0,87,-0.23666665726341307,False,False,0.0,0.0,0,0,0,0.0,0.0,0.0,0.0,-0.23666665726341307,1,-0.23666665726341307
,academy_3_vs_1_with_keeper,42,collect_rollout,885,0,19,0.0,False,False,0.0,0.0,0,0,0,0.0,0.0,0.0,0.0,0.0,1,0.0
,academy_3_vs_1_with_keeper,42,collect_rollout,886,0,20,-0.009999999543651938,False,False,0.0,0.0,0,0,0,0.0,0.0,0.0,0.0,-0.009999999543651938,1,-0.009999999543651938
,academy_3_vs_1_with_keeper,42,collect_rollout,887,0,21,-0.009999999543651938,False,False,0.0,0.0,0,0,0,0.0,0.0,0.0,0.0,-0.009999999543651938,1,-0.009999999543651938
,academy_3_vs_1_with_keeper,42,collect_rollout,888,0,19,-0.006666666362434626,False,False,0.0,0.0,0,0,0,0.0,0.0,0.0,0.0,-0.006666666362434626,1,-0.006666666362434626
,academy_3_vs_1_with_keeper,42,collect_rollout,889,0,17,-0.013333332724869251,False,False,0.0,0.0,0,0,0,0.0,0.0,0.0,0.0,-0.013333332724869251,1,-0.013333332724869251
,academy_3_vs_1_with_keeper,42,collect_rollout,890,0,20,-0.006666666362434626,False,False,0.0,0.0,0,0,0,0.0,0.0,0.0,0.0,-0.006666666362434626,1,-0.006666666362434626
,academy_3_vs_1_with_keeper,42,collect_rollout,891,0,20,-0.006666666362434626,False,False,0.0,0.0,0,0,0,0.0,0.0,0.0,0.0,-0.006666666362434626,1,-0.006666666362434626
,academy_3_vs_1_with_keeper,42,collect_rollout,892,0,75,-0.10205790179315954,False,False,0.0,0.0,0,0,0,0.0,0.0,0.0,0.0,-0.10205790179315954,1,-0.10205790179315954
,academy_3_vs_1_with_keeper,42,collect_rollout,893,0,64,-0.23551320016849786,False,False,0.0,0.0,0,0,0,0.0,0.0,0.0,0.0,-0.23551320016849786,1,-0.23551320016849786
,academy_3_vs_1_with_keeper,42,collect_rollout,894,0,37,-0.03539795350661734,False,False,0.0,0.0,0,0,0,0.0,0.0,0.0,0.0,-0.03539795350661734,1,-0.03539795350661734
,academy_3_vs_1_with_keeper,42,collect_rollout,895,0,93,-0.12969614192843437,False,False,0.0,0.0,0,0,0,0.0,0.0,0.0,0.0,-0.12969614192843437,1,-0.12969614192843437
,academy_3_vs_1_with_keeper,42,collect_rollout,896,0,20,-0.003333333181217313,False,False,0.0,0.0,0,0,0,0.0,0.0,0.0,0.0,-0.003333333181217313,1,-0.003333333181217313
,academy_3_vs_1_with_keeper,42,collect_rollout,897,0,17,-0.003333333181217313,False,False,0.0,0.0,0,0,0,0.0,0.0,0.0,0.0,-0.003333333181217313,1,-0.003333333181217313
,academy_3_vs_1_with_keeper,42,collect_rollout,898,0,20,0.0,False,False,0.0,0.0,0,0,0,0.0,0.0,0.0,0.0,0.0,1,0.0
,academy_3_vs_1_with_keeper,42,collect_rollout,899,0,17,-0.003333333181217313,False,False,0.0,0.0,0,0,0,0.0,0.0,0.0,0.0,-0.003333333181217313,1,-0.003333333181217313
,academy_3_vs_1_with_keeper,42,collect_rollout,900,0,15,0.0,False,False,0.0,0.0,0,0,0,0.0,0.0,0.0,0.0,0.0,1,0.0
,academy_3_vs_1_with_keeper,42,collect_rollout,901,0,15,-0.006666666362434626,False,False,0.0,0.0,0,0,0,0.0,0.0,0.0,0.0,-0.006666666362434626,1,-0.006666666362434626
,academy_3_vs_1_with_keeper,42,collect_rollout,902,0,17,-0.009999999543651938,False,False,0.0,0.0,0,0,0,0.0,0.0,0.0,0.0,-0.009999999543651938,1,-0.009999999543651938
,academy_3_vs_1_with_keeper,42,collect_rollout,903,0,35,0.08118326123803854,False,False,0.0,0.0,0,0,0,0.0,0.0,0.0,0.0,0.08118326123803854,1,0.08118326123803854
,academy_3_vs_1_with_keeper,42,collect_rollout,904,0,18,-0.009999999543651938,False,False,0.0,0.0,0,0,0,0.0,0.0,0.0,0.0,-0.009999999543651938,1,-0.009999999543651938
,academy_3_vs_1_with_keeper,42,collect_rollout,905,0,20,0.0,False,False,0.0,0.0,0,0,0,0.0,0.0,0.0,0.0,0.0,1,0.0
,academy_3_vs_1_with_keeper,42,collect_rollout,906,0,16,-0.003333333181217313,False,False,0.0,0.0,0,0,0,0.0,0.0,0.0,0.0,-0.003333333181217313,1,-0.003333333181217313
,academy_3_vs_1_with_keeper,42,collect_rollout,907,0,19,-0.013333332724869251,False,False,0.0,0.0,0,0,0,0.0,0.0,0.0,0.0,-0.013333332724869251,1,-0.013333332724869251
,academy_3_vs_1_with_keeper,42,collect_rollout,908,0,22,-0.006666666362434626,False,False,0.0,0.0,0,0,0,0.0,0.0,0.0,0.0,-0.006666666362434626,1,-0.006666666362434626
,academy_3_vs_1_with_keeper,42,collect_rollout,909,0,19,-0.003333333181217313,False,False,0.0,0.0,0,0,0,0.0,0.0,0.0,0.0,-0.003333333181217313,1,-0.003333333181217313
,academy_3_vs_1_with_keeper,42,collect_rollout,910,0,19,-0.006666666362434626,False,False,0.0,0.0,0,0,0,0.0,0.0,0.0,0.0,-0.006666666362434626,1,-0.006666666362434626
,academy_3_vs_1_with_keeper,42,collect_rollout,911,0,18,-0.013333332724869251,False,False,0.0,0.0,0,0,0,0.0,0.0,0.0,0.0,-0.013333332724869251,1,-0.013333332724869251
,academy_3_vs_1_with_keeper,42,collect_rollout,912,0,21,0.0,False,False,0.0,0.0,0,0,0,0.0,0.0,0.0,0.0,0.0,1,0.0
,academy_3_vs_1_with_keeper,42,collect_rollout,913,0,49,-0.16629551374353468,False,False,0.0,0.0,0,0,0,0.0,0.0,0.0,0.0,-0.16629551374353468,1,-0.16629551374353468
,academy_3_vs_1_with_keeper,42,collect_rollout,914,0,19,-0.006666666362434626,False,False,0.0,0.0,0,0,0,0.0,0.0,0.0,0.0,-0.006666666362434626,1,-0.006666666362434626
,academy_3_vs_1_with_keeper,42,collect_rollout,915,0,19,-0.003333333181217313,False,False,0.0,0.0,0,0,0,0.0,0.0,0.0,0.0,-0.003333333181217313,1,-0.003333333181217313
,academy_3_vs_1_with_keeper,42,collect_rollout,916,0,18,-0.003333333181217313,False,False,0.0,0.0,0,0,0,0.0,0.0,0.0,0.0,-0.003333333181217313,1,-0.003333333181217313
,academy_3_vs_1_with_keeper,42,collect_rollout,917,0,16,-0.006666666362434626,False,False,0.0,0.0,0,0,0,0.0,0.0,0.0,0.0,-0.006666666362434626,1,-0.006666666362434626
,academy_3_vs_1_with_keeper,42,collect_rollout,918,0,15,-0.003333333181217313,False,False,0.0,0.0,0,0,0,0.0,0.0,0.0,0.0,-0.003333333181217313,1,-0.003333333181217313
,academy_3_vs_1_with_keeper,42,collect_rollout,919,0,16,-0.006666666362434626,False,False,0.0,0.0,0,0,0,0.0,0.0,0.0,0.0,-0.006666666362434626,1,-0.006666666362434626
,academy_3_vs_1_with_keeper,42,collect_rollout,920,0,22,-0.003333333181217313,False,False,0.0,0.0,0,0,0,0.0,0.0,0.0,0.0,-0.003333333181217313,1,-0.003333333181217313
,academy_3_vs_1_with_keeper,42,collect_rollout,921,0,21,-0.013333332724869251,False,False,0.0,0.0,0,0,0,0.0,0.0,0.0,0.0,-0.013333332724869251,1,-0.013333332724869251
,academy_3_vs_1_with_keeper,42,collect_rollout,922,0,93,0.045536739908129675,False,False,0.0,0.0,0,0,0,0.0,0.0,0.0,0.0,0.045536739908129675,1,0.045536739908129675
,academy_3_vs_1_with_keeper,42,collect_rollout,923,0,17,-0.006666666362434626,False,False,0.0,0.0,0,0,0,0.0,0.0,0.0,0.0,-0.006666666362434626,1,-0.006666666362434626
,academy_3_vs_1_with_keeper,42,collect_rollout,924,0,16,0.0,False,False,0.0,0.0,0,0,0,0.0,0.0,0.0,0.0,0.0,1,0.0
,academy_3_vs_1_with_keeper,42,collect_rollout,925,0,19,0.0,False,False,0.0,0.0,0,0,0,0.0,0.0,0.0,0.0,0.0,1,0.0
,academy_3_vs_1_with_keeper,42,collect_rollout,926,0,36,-0.038734075729735196,False,False,0.0,0.0,0,0,0,0.0,0.0,0.0,0.0,-0.038734075729735196,1,-0.038734075729735196
,academy_3_vs_1_with_keeper,42,collect_rollout,927,0,32,-0.053581761894747615,False,False,0.0,0.0,0,0,0,0.0,0.0,0.0,0.0,-0.053581761894747615,1,-0.053581761894747615
,academy_3_vs_1_with_keeper,42,collect_rollout,928,0,20,-0.006666666362434626,False,False,0.0,0.0,0,0,0,0.0,0.0,0.0,0.0,-0.006666666362434626,1,-0.006666666362434626
,academy_3_vs_1_with_keeper,42,collect_rollout,929,0,20,-0.003333333181217313,False,False,0.0,0.0,0,0,0,0.0,0.0,0.0,0.0,-0.003333333181217313,1,-0.003333333181217313
,academy_3_vs_1_with_keeper,42,collect_rollout,930,0,114,-0.7158600079237658,False,False,0.0,0.0,0,0,0,0.0,0.0,0.0,0.0,-0.7158600079237658,1,-0.7158600079237658
,academy_3_vs_1_with_keeper,42,collect_rollout,931,0,23,-0.006666666362434626,False,False,0.0,0.0,0,0,0,0.0,0.0,0.0,0.0,-0.006666666362434626,1,-0.006666666362434626
,academy_3_vs_1_with_keeper,42,collect_rollout,932,0,18,-0.009999999543651938,False,False,0.0,0.0,0,0,0,0.0,0.0,0.0,0.0,-0.009999999543651938,1,-0.009999999543651938
,academy_3_vs_1_with_keeper,42,collect_rollout,933,0,22,-0.006666666362434626,False,False,0.0,0.0,0,0,0,0.0,0.0,0.0,0.0,-0.006666666362434626,1,-0.006666666362434626
,academy_3_vs_1_with_keeper,42,collect_rollout,934,0,16,-0.009999999543651938,False,False,0.0,0.0,0,0,0,0.0,0.0,0.0,0.0,-0.009999999543651938,1,-0.009999999543651938
,academy_3_vs_1_with_keeper,42,collect_rollout,935,0,39,0.02891813439782709,False,False,0.0,0.0,0,0,0,0.0,0.0,0.0,0.0,0.02891813439782709,1,0.02891813439782709
,academy_3_vs_1_with_keeper,42,collect_rollout,936,0,16,-0.013333332724869251,False,False,0.0,0.0,0,0,0,0.0,0.0,0.0,0.0,-0.013333332724869251,1,-0.013333332724869251
,academy_3_vs_1_with_keeper,42,collect_rollout,937,0,22,-0.006666666362434626,False,False,0.0,0.0,0,0,0,0.0,0.0,0.0,0.0,-0.006666666362434626,1,-0.006666666362434626
,academy_3_vs_1_with_keeper,42,collect_rollout,938,0,111,-0.2725562910782173,False,False,0.0,0.0,0,0,0,0.0,0.0,0.0,0.0,-0.2725562910782173,1,-0.2725562910782173
,academy_3_vs_1_with_keeper,42,collect_rollout,939,0,18,0.0,False,False,0.0,0.0,0,0,0,0.0,0.0,0.0,0.0,0.0,1,0.0
,academy_3_vs_1_with_keeper,42,collect_rollout,940,0,68,1.747694537625648,False,False,0.0,0.0,0,0,0,0.0,0.0,0.0,0.0,1.747694537625648,1,1.747694537625648
,academy_3_vs_1_with_keeper,42,collect_rollout,941,0,19,-0.003333333181217313,False,False,0.0,0.0,0,0,0,0.0,0.0,0.0,0.0,-0.003333333181217313,1,-0.003333333181217313
,academy_3_vs_1_with_keeper,42,collect_rollout,942,0,18,-0.006666666362434626,False,False,0.0,0.0,0,0,0,0.0,0.0,0.0,0.0,-0.006666666362434626,1,-0.006666666362434626
,academy_3_vs_1_with_keeper,42,collect_rollout,943,0,21,-0.009999999543651938,False,False,0.0,0.0,0,0,0,0.0,0.0,0.0,0.0,-0.009999999543651938,1,-0.009999999543651938
,academy_3_vs_1_with_keeper,42,collect_rollout,944,0,23,-0.003333333181217313,False,False,0.0,0.0,0,0,0,0.0,0.0,0.0,0.0,-0.003333333181217313,1,-0.003333333181217313
,academy_3_vs_1_with_keeper,42,collect_rollout,945,0,19,-0.009999999543651938,False,False,0.0,0.0,0,0,0,0.0,0.0,0.0,0.0,-0.009999999543651938,1,-0.009999999543651938
,academy_3_vs_1_with_keeper,42,collect_rollout,946,0,18,-0.013333332724869251,False,False,0.0,0.0,0,0,0,0.0,0.0,0.0,0.0,-0.013333332724869251,1,-0.013333332724869251
,academy_3_vs_1_with_keeper,42,collect_rollout,947,0,15,-0.003333333181217313,False,False,0.0,0.0,0,0,0,0.0,0.0,0.0,0.0,-0.003333333181217313,1,-0.003333333181217313
,academy_3_vs_1_with_keeper,42,collect_rollout,948,0,15,-0.003333333181217313,False,False,0.0,0.0,0,0,0,0.0,0.0,0.0,0.0,-0.003333333181217313,1,-0.003333333181217313
,academy_3_vs_1_with_keeper,42,collect_rollout,949,0,10,0.0006040919106453657,False,False,0.0,0.0,0,0,0,0.0,0.0,0.0,0.0,0.0006040919106453657,1,0.0006040919106453657
,academy_3_vs_1_with_keeper,42,collect_rollout,950,0,20,-0.006666666362434626,False,False,0.0,0.0,0,0,0,0.0,0.0,0.0,0.0,-0.006666666362434626,1,-0.006666666362434626
,academy_3_vs_1_with_keeper,42,collect_rollout,951,0,18,-0.006666666362434626,False,False,0.0,0.0,0,0,0,0.0,0.0,0.0,0.0,-0.006666666362434626,1,-0.006666666362434626
,academy_3_vs_1_with_keeper,42,collect_rollout,952,0,18,-0.003333333181217313,False,False,0.0,0.0,0,0,0,0.0,0.0,0.0,0.0,-0.003333333181217313,1,-0.003333333181217313
,academy_3_vs_1_with_keeper,42,collect_rollout,953,0,18,-0.003333333181217313,False,False,0.0,0.0,0,0,0,0.0,0.0,0.0,0.0,-0.003333333181217313,1,-0.003333333181217313
,academy_3_vs_1_with_keeper,42,collect_rollout,954,0,16,0.0,False,False,0.0,0.0,0,0,0,0.0,0.0,0.0,0.0,0.0,1,0.0
,academy_3_vs_1_with_keeper,42,collect_rollout,955,0,18,0.0,False,False,0.0,0.0,0,0,0,0.0,0.0,0.0,0.0,0.0,1,0.0
,academy_3_vs_1_with_keeper,42,collect_rollout,956,0,21,-0.009999999543651938,False,False,0.0,0.0,0,0,0,0.0,0.0,0.0,0.0,-0.009999999543651938,1,-0.009999999543651938
,academy_3_vs_1_with_keeper,42,collect_rollout,957,0,15,-0.003333333181217313,False,False,0.0,0.0,0,0,0,0.0,0.0,0.0,0.0,-0.003333333181217313,1,-0.003333333181217313
,academy_3_vs_1_with_keeper,42,collect_rollout,958,0,18,-0.003333333181217313,False,False,0.0,0.0,0,0,0,0.0,0.0,0.0,0.0,-0.003333333181217313,1,-0.003333333181217313
,academy_3_vs_1_with_keeper,42,collect_rollout,959,0,21,-0.006666666362434626,False,False,0.0,0.0,0,0,0,0.0,0.0,0.0,0.0,-0.006666666362434626,1,-0.006666666362434626
,academy_3_vs_1_with_keeper,42,collect_rollout,960,0,20,-0.003333333181217313,False,False,0.0,0.0,0,0,0,0.0,0.0,0.0,0.0,-0.003333333181217313,1,-0.003333333181217313
,academy_3_vs_1_with_keeper,42,collect_rollout,961,0,21,0.0,False,False,0.0,0.0,0,0,0,0.0,0.0,0.0,0.0,0.0,1,0.0
,academy_3_vs_1_with_keeper,42,collect_rollout,962,0,19,-0.003333333181217313,False,False,0.0,0.0,0,0,0,0.0,0.0,0.0,0.0,-0.003333333181217313,1,-0.003333333181217313
,academy_3_vs_1_with_keeper,42,collect_rollout,963,0,25,0.07777825952507555,False,False,0.0,0.0,0,0,0,0.0,0.0,0.0,0.0,0.07777825952507555,1,0.07777825952507555
,academy_3_vs_1_with_keeper,42,collect_rollout,964,0,19,-0.009999999543651938,False,False,0.0,0.0,0,0,0,0.0,0.0,0.0,0.0,-0.009999999543651938,1,-0.009999999543651938
,academy_3_vs_1_with_keeper,42,collect_rollout,965,0,14,-0.003333333181217313,False,False,0.0,0.0,0,0,0,0.0,0.0,0.0,0.0,-0.003333333181217313,1,-0.003333333181217313
,academy_3_vs_1_with_keeper,42,collect_rollout,966,0,19,0.0,False,False,0.0,0.0,0,0,0,0.0,0.0,0.0,0.0,0.0,1,0.0
,academy_3_vs_1_with_keeper,42,collect_rollout,967,0,37,-0.005394552077632397,False,False,0.0,0.0,0,0,0,0.0,0.0,0.0,0.0,-0.005394552077632397,1,-0.005394552077632397
,academy_3_vs_1_with_keeper,42,collect_rollout,968,0,14,0.0,False,False,0.0,0.0,0,0,0,0.0,0.0,0.0,0.0,0.0,1,0.0
,academy_3_vs_1_with_keeper,42,collect_rollout,969,0,89,-0.18424917315132916,False,False,0.0,0.0,0,0,0,0.0,0.0,0.0,0.0,-0.18424917315132916,1,-0.18424917315132916
,academy_3_vs_1_with_keeper,42,collect_rollout,970,0,21,0.0,False,False,0.0,0.0,0,0,0,0.0,0.0,0.0,0.0,0.0,1,0.0
,academy_3_vs_1_with_keeper,42,collect_rollout,971,0,16,-0.009999999543651938,False,False,0.0,0.0,0,0,0,0.0,0.0,0.0,0.0,-0.009999999543651938,1,-0.009999999543651938
,academy_3_vs_1_with_keeper,42,collect_rollout,972,0,41,1.8859773096628487,False,False,0.0,0.0,0,0,0,0.0,0.0,0.0,0.0,1.8859773096628487,1,1.8859773096628487
,academy_3_vs_1_with_keeper,42,collect_rollout,973,0,14,0.0,False,False,0.0,0.0,0,0,0,0.0,0.0,0.0,0.0,0.0,1,0.0
,academy_3_vs_1_with_keeper,42,collect_rollout,974,0,21,-0.016666665906086564,False,False,0.0,0.0,0,0,0,0.0,0.0,0.0,0.0,-0.016666665906086564,1,-0.016666665906086564
,academy_3_vs_1_with_keeper,42,collect_rollout,975,0,86,-0.020280158380046487,False,False,0.0,0.0,0,0,0,0.0,0.0,0.0,0.0,-0.020280158380046487,1,-0.020280158380046487
,academy_3_vs_1_with_keeper,42,collect_rollout,976,0,21,0.0,False,False,0.0,0.0,0,0,0,0.0,0.0,0.0,0.0,0.0,1,0.0
,academy_3_vs_1_with_keeper,42,collect_rollout,977,0,38,0.02185903023928404,False,False,0.0,0.0,0,0,0,0.0,0.0,0.0,0.0,0.02185903023928404,1,0.02185903023928404
,academy_3_vs_1_with_keeper,42,collect_rollout,978,0,24,-0.009999999543651938,False,False,0.0,0.0,0,0,0,0.0,0.0,0.0,0.0,-0.009999999543651938,1,-0.009999999543651938
,academy_3_vs_1_with_keeper,42,collect_rollout,979,0,21,0.0,False,False,0.0,0.0,0,0,0,0.0,0.0,0.0,0.0,0.0,1,0.0
,academy_3_vs_1_with_keeper,42,collect_rollout,980,0,22,0.0,False,False,0.0,0.0,0,0,0,0.0,0.0,0.0,0.0,0.0,1,0.0
,academy_3_vs_1_with_keeper,42,collect_rollout,981,0,20,0.0,False,False,0.0,0.0,0,0,0,0.0,0.0,0.0,0.0,0.0,1,0.0
,academy_3_vs_1_with_keeper,42,collect_rollout,982,0,21,-0.003333333181217313,False,False,0.0,0.0,0,0,0,0.0,0.0,0.0,0.0,-0.003333333181217313,1,-0.003333333181217313
,academy_3_vs_1_with_keeper,42,collect_rollout,983,0,20,0.0,False,False,0.0,0.0,0,0,0,0.0,0.0,0.0,0.0,0.0,1,0.0
,academy_3_vs_1_with_keeper,42,collect_rollout,984,0,15,0.0,False,False,0.0,0.0,0,0,0,0.0,0.0,0.0,0.0,0.0,1,0.0
,academy_3_vs_1_with_keeper,42,collect_rollout,985,0,19,-0.003333333181217313,False,False,0.0,0.0,0,0,0,0.0,0.0,0.0,0.0,-0.003333333181217313,1,-0.003333333181217313
,academy_3_vs_1_with_keeper,42,collect_rollout,986,0,23,-0.003333333181217313,False,False,0.0,0.0,0,0,0,0.0,0.0,0.0,0.0,-0.003333333181217313,1,-0.003333333181217313
,academy_3_vs_1_with_keeper,42,collect_rollout,987,0,18,-0.003333333181217313,False,False,0.0,0.0,0,0,0,0.0,0.0,0.0,0.0,-0.003333333181217313,1,-0.003333333181217313
,academy_3_vs_1_with_keeper,42,collect_rollout,988,0,18,-0.003333333181217313,False,False,0.0,0.0,0,0,0,0.0,0.0,0.0,0.0,-0.003333333181217313,1,-0.003333333181217313
,academy_3_vs_1_with_keeper,42,collect_rollout,989,0,16,-0.006666666362434626,False,False,0.0,0.0,0,0,0,0.0,0.0,0.0,0.0,-0.006666666362434626,1,-0.006666666362434626
,academy_3_vs_1_with_keeper,42,collect_rollout,990,0,10,-0.11051210900768638,False,False,0.0,0.0,0,0,0,0.0,0.0,0.0,0.0,-0.11051210900768638,1,-0.11051210900768638
,academy_3_vs_1_with_keeper,42,collect_rollout,991,0,22,-0.009999999543651938,False,False,0.0,0.0,0,0,0,0.0,0.0,0.0,0.0,-0.009999999543651938,1,-0.009999999543651938
,academy_3_vs_1_with_keeper,42,collect_rollout,992,0,18,-0.006666666362434626,False,False,0.0,0.0,0,0,0,0.0,0.0,0.0,0.0,-0.006666666362434626,1,-0.006666666362434626
,academy_3_vs_1_with_keeper,42,collect_rollout,993,0,20,0.0,False,False,0.0,0.0,0,0,0,0.0,0.0,0.0,0.0,0.0,1,0.0
,academy_3_vs_1_with_keeper,42,collect_rollout,994,0,18,-0.013333332724869251,False,False,0.0,0.0,0,0,0,0.0,0.0,0.0,0.0,-0.013333332724869251,1,-0.013333332724869251
,academy_3_vs_1_with_keeper,42,collect_rollout,995,0,21,-0.013333332724869251,False,False,0.0,0.0,0,0,0,0.0,0.0,0.0,0.0,-0.013333332724869251,1,-0.013333332724869251
,academy_3_vs_1_with_keeper,42,collect_rollout,996,0,23,-0.003333333181217313,False,False,0.0,0.0,0,0,0,0.0,0.0,0.0,0.0,-0.003333333181217313,1,-0.003333333181217313
,academy_3_vs_1_with_keeper,42,collect_rollout,997,0,20,-0.013333332724869251,False,False,0.0,0.0,0,0,0,0.0,0.0,0.0,0.0,-0.013333332724869251,1,-0.013333332724869251
,academy_3_vs_1_with_keeper,42,collect_rollout,998,0,18,-0.009999999543651938,False,False,0.0,0.0,0,0,0,0.0,0.0,0.0,0.0,-0.009999999543651938,1,-0.009999999543651938
,academy_3_vs_1_with_keeper,42,collect_rollout,999,0,17,-0.003333333181217313,False,False,0.0,0.0,0,0,0,0.0,0.0,0.0,0.0,-0.003333333181217313,1,-0.003333333181217313
,academy_3_vs_1_with_keeper,42,collect_rollout,1000,0,23,-0.003333333181217313,False,False,0.0,0.0,0,0,0,0.0,0.0,0.0,0.0,-0.003333333181217313,1,-0.003333333181217313
,academy_3_vs_1_with_keeper,42,collect_rollout,1001,0,22,-0.006666666362434626,False,False,0.0,0.0,0,0,0,0.0,0.0,0.0,0.0,-0.006666666362434626,1,-0.006666666362434626
,academy_3_vs_1_with_keeper,42,collect_rollout,1002,0,18,0.0,False,False,0.0,0.0,0,0,0,0.0,0.0,0.0,0.0,0.0,1,0.0
,academy_3_vs_1_with_keeper,42,collect_rollout,1003,0,20,-0.013333332724869251,False,False,0.0,0.0,0,0,0,0.0,0.0,0.0,0.0,-0.013333332724869251,1,-0.013333332724869251
,academy_3_vs_1_with_keeper,42,collect_rollout,1004,0,23,-0.006666666362434626,False,False,0.0,0.0,0,0,0,0.0,0.0,0.0,0.0,-0.006666666362434626,1,-0.006666666362434626
,academy_3_vs_1_with_keeper,42,collect_rollout,1005,0,81,-0.05912836827337742,False,False,0.0,0.0,0,0,0,0.0,0.0,0.0,0.0,-0.05912836827337742,1,-0.05912836827337742
,academy_3_vs_1_with_keeper,42,collect_rollout,1006,0,18,0.0,False,False,0.0,0.0,0,0,0,0.0,0.0,0.0,0.0,0.0,1,0.0
,academy_3_vs_1_with_keeper,42,collect_rollout,1007,0,17,-0.009999999543651938,False,False,0.0,0.0,0,0,0,0.0,0.0,0.0,0.0,-0.009999999543651938,1,-0.009999999543651938
,academy_3_vs_1_with_keeper,42,collect_rollout,1008,0,17,-0.003333333181217313,False,False,0.0,0.0,0,0,0,0.0,0.0,0.0,0.0,-0.003333333181217313,1,-0.003333333181217313
,academy_3_vs_1_with_keeper,42,collect_rollout,1009,0,16,-0.003333333181217313,False,False,0.0,0.0,0,0,0,0.0,0.0,0.0,0.0,-0.003333333181217313,1,-0.003333333181217313
,academy_3_vs_1_with_keeper,42,collect_rollout,1010,0,18,-0.003333333181217313,False,False,0.0,0.0,0,0,0,0.0,0.0,0.0,0.0,-0.003333333181217313,1,-0.003333333181217313
,academy_3_vs_1_with_keeper,42,collect_rollout,1011,0,16,-0.009999999543651938,False,False,0.0,0.0,0,0,0,0.0,0.0,0.0,0.0,-0.009999999543651938,1,-0.009999999543651938
,academy_3_vs_1_with_keeper,42,collect_rollout,1012,0,18,-0.003333333181217313,False,False,0.0,0.0,0,0,0,0.0,0.0,0.0,0.0,-0.003333333181217313,1,-0.003333333181217313
,academy_3_vs_1_with_keeper,42,collect_rollout,1013,0,23,-0.006666666362434626,False,False,0.0,0.0,0,0,0,0.0,0.0,0.0,0.0,-0.006666666362434626,1,-0.006666666362434626
,academy_3_vs_1_with_keeper,42,collect_rollout,1014,0,19,-0.003333333181217313,False,False,0.0,0.0,0,0,0,0.0,0.0,0.0,0.0,-0.003333333181217313,1,-0.003333333181217313
,academy_3_vs_1_with_keeper,42,collect_rollout,1015,0,19,0.0,False,False,0.0,0.0,0,0,0,0.0,0.0,0.0,0.0,0.0,1,0.0
,academy_3_vs_1_with_keeper,42,collect_rollout,1016,0,18,0.0,False,False,0.0,0.0,0,0,0,0.0,0.0,0.0,0.0,0.0,1,0.0
,academy_3_vs_1_with_keeper,42,collect_rollout,1017,0,17,-0.003333333181217313,False,False,0.0,0.0,0,0,0,0.0,0.0,0.0,0.0,-0.003333333181217313,1,-0.003333333181217313
,academy_3_vs_1_with_keeper,42,collect_rollout,1018,0,18,-0.006666666362434626,False,False,0.0,0.0,0,0,0,0.0,0.0,0.0,0.0,-0.006666666362434626,1,-0.006666666362434626
,academy_3_vs_1_with_keeper,42,collect_rollout,1019,0,17,-0.003333333181217313,False,False,0.0,0.0,0,0,0,0.0,0.0,0.0,0.0,-0.003333333181217313,1,-0.003333333181217313
,academy_3_vs_1_with_keeper,42,collect_rollout,1020,0,14,-0.003333333181217313,False,False,0.0,0.0,0,0,0,0.0,0.0,0.0,0.0,-0.003333333181217313,1,-0.003333333181217313
,academy_3_vs_1_with_keeper,42,collect_rollout,1021,0,23,-0.006666666362434626,False,False,0.0,0.0,0,0,0,0.0,0.0,0.0,0.0,-0.006666666362434626,1,-0.006666666362434626
,academy_3_vs_1_with_keeper,42,collect_rollout,1022,0,17,-0.003333333181217313,False,False,0.0,0.0,0,0,0,0.0,0.0,0.0,0.0,-0.003333333181217313,1,-0.003333333181217313
,academy_3_vs_1_with_keeper,42,collect_rollout,1023,0,10,-0.10924971883650869,False,False,0.0,0.0,0,0,0,0.0,0.0,0.0,0.0,-0.10924971883650869,1,-0.10924971883650869
,academy_3_vs_1_with_keeper,42,collect_rollout,1024,0,16,-0.009999999543651938,False,False,0.0,0.0,0,0,0,0.0,0.0,0.0,0.0,-0.009999999543651938,1,-0.009999999543651938
,academy_3_vs_1_with_keeper,42,collect_rollout,1025,0,18,-0.009999999543651938,False,False,0.0,0.0,0,0,0,0.0,0.0,0.0,0.0,-0.009999999543651938,1,-0.009999999543651938
,academy_3_vs_1_with_keeper,42,collect_rollout,1026,0,19,-0.013333332724869251,False,False,0.0,0.0,0,0,0,0.0,0.0,0.0,0.0,-0.013333332724869251,1,-0.013333332724869251
,academy_3_vs_1_with_keeper,42,collect_rollout,1027,0,16,-0.006666666362434626,False,False,0.0,0.0,0,0,0,0.0,0.0,0.0,0.0,-0.006666666362434626,1,-0.006666666362434626
,academy_3_vs_1_with_keeper,42,collect_rollout,1028,0,19,-0.006666666362434626,False,False,0.0,0.0,0,0,0,0.0,0.0,0.0,0.0,-0.006666666362434626,1,-0.006666666362434626
,academy_3_vs_1_with_keeper,42,collect_rollout,1029,0,18,-0.009999999543651938,False,False,0.0,0.0,0,0,0,0.0,0.0,0.0,0.0,-0.009999999543651938,1,-0.009999999543651938
,academy_3_vs_1_with_keeper,42,collect_rollout,1030,0,35,0.0318691439460963,False,False,0.0,0.0,0,0,0,0.0,0.0,0.0,0.0,0.0318691439460963,1,0.0318691439460963
,academy_3_vs_1_with_keeper,42,collect_rollout,1031,0,16,-0.009999999543651938,False,False,0.0,0.0,0,0,0,0.0,0.0,0.0,0.0,-0.009999999543651938,1,-0.009999999543651938
,academy_3_vs_1_with_keeper,42,collect_rollout,1032,0,23,0.0,False,False,0.0,0.0,0,0,0,0.0,0.0,0.0,0.0,0.0,1,0.0
,academy_3_vs_1_with_keeper,42,collect_rollout,1033,0,9,-0.0036326568806543946,False,False,0.0,0.0,0,0,0,0.0,0.0,0.0,0.0,-0.0036326568806543946,1,-0.0036326568806543946
,academy_3_vs_1_with_keeper,42,collect_rollout,1034,0,70,-0.19391047966200858,False,False,0.0,0.0,0,0,0,0.0,0.0,0.0,0.0,-0.19391047966200858,1,-0.19391047966200858
,academy_3_vs_1_with_keeper,42,collect_rollout,1035,0,21,-0.013333332724869251,False,False,0.0,0.0,0,0,0,0.0,0.0,0.0,0.0,-0.013333332724869251,1,-0.013333332724869251
,academy_3_vs_1_with_keeper,42,collect_rollout,1036,0,17,-0.003333333181217313,False,False,0.0,0.0,0,0,0,0.0,0.0,0.0,0.0,-0.003333333181217313,1,-0.003333333181217313
,academy_3_vs_1_with_keeper,42,collect_rollout,1037,0,20,-0.009999999543651938,False,False,0.0,0.0,0,0,0,0.0,0.0,0.0,0.0,-0.009999999543651938,1,-0.009999999543651938
,academy_3_vs_1_with_keeper,42,collect_rollout,1038,0,78,-0.3720469148029224,False,False,0.0,0.0,0,0,0,0.0,0.0,0.0,0.0,-0.3720469148029224,1,-0.3720469148029224
,academy_3_vs_1_with_keeper,42,collect_rollout,1039,0,48,-0.029191457899287343,False,False,0.0,0.0,0,0,0,0.0,0.0,0.0,0.0,-0.029191457899287343,1,-0.029191457899287343
,academy_3_vs_1_with_keeper,42,collect_rollout,1040,0,16,-0.003333333181217313,False,False,0.0,0.0,0,0,0,0.0,0.0,0.0,0.0,-0.003333333181217313,1,-0.003333333181217313
,academy_3_vs_1_with_keeper,42,collect_rollout,1041,0,19,-0.003333333181217313,False,False,0.0,0.0,0,0,0,0.0,0.0,0.0,0.0,-0.003333333181217313,1,-0.003333333181217313
,academy_3_vs_1_with_keeper,42,collect_rollout,1042,0,50,0.02375424385536462,False,False,0.0,0.0,0,0,0,0.0,0.0,0.0,0.0,0.02375424385536462,1,0.02375424385536462
,academy_3_vs_1_with_keeper,42,collect_rollout,1043,0,82,-0.2509616295574233,False,False,0.0,0.0,0,0,0,0.0,0.0,0.0,0.0,-0.2509616295574233,1,-0.2509616295574233
,academy_3_vs_1_with_keeper,42,collect_rollout,1044,0,37,2.0482984171248972,False,False,0.0,0.0,0,0,0,0.0,0.0,0.0,0.0,2.0482984171248972,1,2.0482984171248972
,academy_3_vs_1_with_keeper,42,collect_rollout,1045,0,21,-0.006666666362434626,False,False,0.0,0.0,0,0,0,0.0,0.0,0.0,0.0,-0.006666666362434626,1,-0.006666666362434626
,academy_3_vs_1_with_keeper,42,collect_rollout,1046,0,18,-0.003333333181217313,False,False,0.0,0.0,0,0,0,0.0,0.0,0.0,0.0,-0.003333333181217313,1,-0.003333333181217313
,academy_3_vs_1_with_keeper,42,collect_rollout,1047,0,19,-0.003333333181217313,False,False,0.0,0.0,0,0,0,0.0,0.0,0.0,0.0,-0.003333333181217313,1,-0.003333333181217313
,academy_3_vs_1_with_keeper,42,collect_rollout,1048,0,19,-0.009999999543651938,False,False,0.0,0.0,0,0,0,0.0,0.0,0.0,0.0,-0.009999999543651938,1,-0.009999999543651938
,academy_3_vs_1_with_keeper,42,collect_rollout,1049,0,20,-0.006666666362434626,False,False,0.0,0.0,0,0,0,0.0,0.0,0.0,0.0,-0.006666666362434626,1,-0.006666666362434626
,academy_3_vs_1_with_keeper,42,collect_rollout,1050,0,133,-0.10999999847263098,False,False,0.0,0.0,0,0,0,0.0,0.0,0.0,0.0,-0.10999999847263098,1,-0.10999999847263098
,academy_3_vs_1_with_keeper,42,collect_rollout,1051,0,19,-0.006666666362434626,False,False,0.0,0.0,0,0,0,0.0,0.0,0.0,0.0,-0.006666666362434626,1,-0.006666666362434626
,academy_3_vs_1_with_keeper,42,collect_rollout,1052,0,17,-0.003333333181217313,False,False,0.0,0.0,0,0,0,0.0,0.0,0.0,0.0,-0.003333333181217313,1,-0.003333333181217313
,academy_3_vs_1_with_keeper,42,collect_rollout,1053,0,15,-0.003333333181217313,False,False,0.0,0.0,0,0,0,0.0,0.0,0.0,0.0,-0.003333333181217313,1,-0.003333333181217313
,academy_3_vs_1_with_keeper,42,collect_rollout,1054,0,20,-0.003333333181217313,False,False,0.0,0.0,0,0,0,0.0,0.0,0.0,0.0,-0.003333333181217313,1,-0.003333333181217313
,academy_3_vs_1_with_keeper,42,collect_rollout,1055,0,18,-0.006666666362434626,False,False,0.0,0.0,0,0,0,0.0,0.0,0.0,0.0,-0.006666666362434626,1,-0.006666666362434626
,academy_3_vs_1_with_keeper,42,collect_rollout,1056,0,20,0.0,False,False,0.0,0.0,0,0,0,0.0,0.0,0.0,0.0,0.0,1,0.0
,academy_3_vs_1_with_keeper,42,collect_rollout,1057,0,36,-0.05042740690987557,False,False,0.0,0.0,0,0,0,0.0,0.0,0.0,0.0,-0.05042740690987557,1,-0.05042740690987557
,academy_3_vs_1_with_keeper,42,collect_rollout,1058,0,19,-0.013333332724869251,False,False,0.0,0.0,0,0,0,0.0,0.0,0.0,0.0,-0.013333332724869251,1,-0.013333332724869251
,academy_3_vs_1_with_keeper,42,collect_rollout,1059,0,20,-0.003333333181217313,False,False,0.0,0.0,0,0,0,0.0,0.0,0.0,0.0,-0.003333333181217313,1,-0.003333333181217313
,academy_3_vs_1_with_keeper,42,collect_rollout,1060,0,17,-0.013333332724869251,False,False,0.0,0.0,0,0,0,0.0,0.0,0.0,0.0,-0.013333332724869251,1,-0.013333332724869251
,academy_3_vs_1_with_keeper,42,collect_rollout,1061,0,14,0.0,False,False,0.0,0.0,0,0,0,0.0,0.0,0.0,0.0,0.0,1,0.0
,academy_3_vs_1_with_keeper,42,collect_rollout,1062,0,20,-0.003333333181217313,False,False,0.0,0.0,0,0,0,0.0,0.0,0.0,0.0,-0.003333333181217313,1,-0.003333333181217313
,academy_3_vs_1_with_keeper,42,collect_rollout,1063,0,20,-0.006666666362434626,False,False,0.0,0.0,0,0,0,0.0,0.0,0.0,0.0,-0.006666666362434626,1,-0.006666666362434626
,academy_3_vs_1_with_keeper,42,collect_rollout,1064,0,19,-0.006666666362434626,False,False,0.0,0.0,0,0,0,0.0,0.0,0.0,0.0,-0.006666666362434626,1,-0.006666666362434626
,academy_3_vs_1_with_keeper,42,collect_rollout,1065,0,19,0.0,False,False,0.0,0.0,0,0,0,0.0,0.0,0.0,0.0,0.0,1,0.0
,academy_3_vs_1_with_keeper,42,collect_rollout,1066,0,33,-0.041927094804123044,False,False,0.0,0.0,0,0,0,0.0,0.0,0.0,0.0,-0.041927094804123044,1,-0.041927094804123044
,academy_3_vs_1_with_keeper,42,collect_rollout,1067,0,18,0.0,False,False,0.0,0.0,0,0,0,0.0,0.0,0.0,0.0,0.0,1,0.0
,academy_3_vs_1_with_keeper,42,collect_rollout,1068,0,20,-0.006666666362434626,False,False,0.0,0.0,0,0,0,0.0,0.0,0.0,0.0,-0.006666666362434626,1,-0.006666666362434626
,academy_3_vs_1_with_keeper,42,collect_rollout,1069,0,18,0.0,False,False,0.0,0.0,0,0,0,0.0,0.0,0.0,0.0,0.0,1,0.0
,academy_3_vs_1_with_keeper,42,collect_rollout,1070,0,15,-0.003333333181217313,False,False,0.0,0.0,0,0,0,0.0,0.0,0.0,0.0,-0.003333333181217313,1,-0.003333333181217313
,academy_3_vs_1_with_keeper,42,collect_rollout,1071,0,21,0.0,False,False,0.0,0.0,0,0,0,0.0,0.0,0.0,0.0,0.0,1,0.0
,academy_3_vs_1_with_keeper,42,collect_rollout,1072,0,16,0.0,False,False,0.0,0.0,0,0,0,0.0,0.0,0.0,0.0,0.0,1,0.0
,academy_3_vs_1_with_keeper,42,collect_rollout,1073,0,19,-0.009999999543651938,False,False,0.0,0.0,0,0,0,0.0,0.0,0.0,0.0,-0.009999999543651938,1,-0.009999999543651938
,academy_3_vs_1_with_keeper,42,collect_rollout,1074,0,19,-0.006666666362434626,False,False,0.0,0.0,0,0,0,0.0,0.0,0.0,0.0,-0.006666666362434626,1,-0.006666666362434626
,academy_3_vs_1_with_keeper,42,collect_rollout,1075,0,17,-0.003333333181217313,False,False,0.0,0.0,0,0,0,0.0,0.0,0.0,0.0,-0.003333333181217313,1,-0.003333333181217313
,academy_3_vs_1_with_keeper,42,collect_rollout,1076,0,17,-0.006666666362434626,False,False,0.0,0.0,0,0,0,0.0,0.0,0.0,0.0,-0.006666666362434626,1,-0.006666666362434626
,academy_3_vs_1_with_keeper,42,collect_rollout,1077,0,70,-0.06064660276751965,False,False,0.0,0.0,0,0,0,0.0,0.0,0.0,0.0,-0.06064660276751965,1,-0.06064660276751965
,academy_3_vs_1_with_keeper,42,collect_rollout,1078,0,21,-0.006666666362434626,False,False,0.0,0.0,0,0,0,0.0,0.0,0.0,0.0,-0.006666666362434626,1,-0.006666666362434626
,academy_3_vs_1_with_keeper,42,collect_rollout,1079,0,18,-0.003333333181217313,False,False,0.0,0.0,0,0,0,0.0,0.0,0.0,0.0,-0.003333333181217313,1,-0.003333333181217313
,academy_3_vs_1_with_keeper,42,collect_rollout,1080,0,21,-0.013333332724869251,False,False,0.0,0.0,0,0,0,0.0,0.0,0.0,0.0,-0.013333332724869251,1,-0.013333332724869251
,academy_3_vs_1_with_keeper,42,collect_rollout,1081,0,18,-0.009999999543651938,False,False,0.0,0.0,0,0,0,0.0,0.0,0.0,0.0,-0.009999999543651938,1,-0.009999999543651938
,academy_3_vs_1_with_keeper,42,collect_rollout,1082,0,19,-0.003333333181217313,False,False,0.0,0.0,0,0,0,0.0,0.0,0.0,0.0,-0.003333333181217313,1,-0.003333333181217313
,academy_3_vs_1_with_keeper,42,collect_rollout,1083,0,15,-0.003333333181217313,False,False,0.0,0.0,0,0,0,0.0,0.0,0.0,0.0,-0.003333333181217313,1,-0.003333333181217313
,academy_3_vs_1_with_keeper,42,collect_rollout,1084,0,20,0.0,False,False,0.0,0.0,0,0,0,0.0,0.0,0.0,0.0,0.0,1,0.0
,academy_3_vs_1_with_keeper,42,collect_rollout,1085,0,21,-0.003333333181217313,False,False,0.0,0.0,0,0,0,0.0,0.0,0.0,0.0,-0.003333333181217313,1,-0.003333333181217313
,academy_3_vs_1_with_keeper,42,collect_rollout,1086,0,17,-0.006666666362434626,False,False,0.0,0.0,0,0,0,0.0,0.0,0.0,0.0,-0.006666666362434626,1,-0.006666666362434626
,academy_3_vs_1_with_keeper,42,collect_rollout,1087,0,24,0.0,False,False,0.0,0.0,0,0,0,0.0,0.0,0.0,0.0,0.0,1,0.0
,academy_3_vs_1_with_keeper,42,collect_rollout,1088,0,16,-0.009999999543651938,False,False,0.0,0.0,0,0,0,0.0,0.0,0.0,0.0,-0.009999999543651938,1,-0.009999999543651938
,academy_3_vs_1_with_keeper,42,collect_rollout,1089,0,23,-0.003333333181217313,False,False,0.0,0.0,0,0,0,0.0,0.0,0.0,0.0,-0.003333333181217313,1,-0.003333333181217313
,academy_3_vs_1_with_keeper,42,collect_rollout,1090,0,46,-0.2516111808363348,False,False,0.0,0.0,0,0,0,0.0,0.0,0.0,0.0,-0.2516111808363348,1,-0.2516111808363348
,academy_3_vs_1_with_keeper,42,collect_rollout,1091,0,59,-0.06666666688397527,False,False,0.0,0.0,0,0,0,0.0,0.0,0.0,0.0,-0.06666666688397527,1,-0.06666666688397527
,academy_3_vs_1_with_keeper,42,collect_rollout,1092,0,15,-0.003333333181217313,False,False,0.0,0.0,0,0,0,0.0,0.0,0.0,0.0,-0.003333333181217313,1,-0.003333333181217313
,academy_3_vs_1_with_keeper,42,collect_rollout,1093,0,42,0.07488606125116348,False,False,0.0,0.0,0,0,0,0.0,0.0,0.0,0.0,0.07488606125116348,1,0.07488606125116348
,academy_3_vs_1_with_keeper,42,collect_rollout,1094,0,17,0.0,False,False,0.0,0.0,0,0,0,0.0,0.0,0.0,0.0,0.0,1,0.0
,academy_3_vs_1_with_keeper,42,collect_rollout,1095,0,44,0.01988406211603433,False,False,0.0,0.0,0,0,0,0.0,0.0,0.0,0.0,0.01988406211603433,1,0.01988406211603433
,academy_3_vs_1_with_keeper,42,collect_rollout,1096,0,22,-0.006666666362434626,False,False,0.0,0.0,0,0,0,0.0,0.0,0.0,0.0,-0.006666666362434626,1,-0.006666666362434626
,academy_3_vs_1_with_keeper,42,collect_rollout,1097,0,18,-0.003333333181217313,False,False,0.0,0.0,0,0,0,0.0,0.0,0.0,0.0,-0.003333333181217313,1,-0.003333333181217313
,academy_3_vs_1_with_keeper,42,collect_rollout,1098,0,19,0.0,False,False,0.0,0.0,0,0,0,0.0,0.0,0.0,0.0,0.0,1,0.0
,academy_3_vs_1_with_keeper,42,collect_rollout,1099,0,23,-0.009999999543651938,False,False,0.0,0.0,0,0,0,0.0,0.0,0.0,0.0,-0.009999999543651938,1,-0.009999999543651938
,academy_3_vs_1_with_keeper,42,collect_rollout,1100,0,18,0.0,False,False,0.0,0.0,0,0,0,0.0,0.0,0.0,0.0,0.0,1,0.0
,academy_3_vs_1_with_keeper,42,collect_rollout,1101,0,106,-0.16990478383377194,False,False,0.0,0.0,0,0,0,0.0,0.0,0.0,0.0,-0.16990478383377194,1,-0.16990478383377194
,academy_3_vs_1_with_keeper,42,collect_rollout,1102,0,19,0.0,False,False,0.0,0.0,0,0,0,0.0,0.0,0.0,0.0,0.0,1,0.0
,academy_3_vs_1_with_keeper,42,collect_rollout,1103,0,20,-0.003333333181217313,False,False,0.0,0.0,0,0,0,0.0,0.0,0.0,0.0,-0.003333333181217313,1,-0.003333333181217313
,academy_3_vs_1_with_keeper,42,collect_rollout,1104,0,21,-0.003333333181217313,False,False,0.0,0.0,0,0,0,0.0,0.0,0.0,0.0,-0.003333333181217313,1,-0.003333333181217313
,academy_3_vs_1_with_keeper,42,collect_rollout,1105,0,20,-0.003333333181217313,False,False,0.0,0.0,0,0,0,0.0,0.0,0.0,0.0,-0.003333333181217313,1,-0.003333333181217313
,academy_3_vs_1_with_keeper,42,collect_rollout,1106,0,22,0.0,False,False,0.0,0.0,0,0,0,0.0,0.0,0.0,0.0,0.0,1,0.0
,academy_3_vs_1_with_keeper,42,collect_rollout,1107,0,18,-0.013333332724869251,False,False,0.0,0.0,0,0,0,0.0,0.0,0.0,0.0,-0.013333332724869251,1,-0.013333332724869251
,academy_3_vs_1_with_keeper,42,collect_rollout,1108,0,14,-0.006666666362434626,False,False,0.0,0.0,0,0,0,0.0,0.0,0.0,0.0,-0.006666666362434626,1,-0.006666666362434626
,academy_3_vs_1_with_keeper,42,collect_rollout,1109,0,18,0.0,False,False,0.0,0.0,0,0,0,0.0,0.0,0.0,0.0,0.0,1,0.0
,academy_3_vs_1_with_keeper,42,collect_rollout,1110,0,20,-0.003333333181217313,False,False,0.0,0.0,0,0,0,0.0,0.0,0.0,0.0,-0.003333333181217313,1,-0.003333333181217313
,academy_3_vs_1_with_keeper,42,collect_rollout,1111,0,20,-0.003333333181217313,False,False,0.0,0.0,0,0,0,0.0,0.0,0.0,0.0,-0.003333333181217313,1,-0.003333333181217313
,academy_3_vs_1_with_keeper,42,collect_rollout,1112,0,85,-0.0025458834134042263,False,False,0.0,0.0,0,0,0,0.0,0.0,0.0,0.0,-0.0025458834134042263,1,-0.0025458834134042263
,academy_3_vs_1_with_keeper,42,collect_rollout,1113,0,74,-0.28584221634082496,False,False,0.0,0.0,0,0,0,0.0,0.0,0.0,0.0,-0.28584221634082496,1,-0.28584221634082496
,academy_3_vs_1_with_keeper,42,collect_rollout,1114,0,19,-0.009999999543651938,False,False,0.0,0.0,0,0,0,0.0,0.0,0.0,0.0,-0.009999999543651938,1,-0.009999999543651938
,academy_3_vs_1_with_keeper,42,collect_rollout,1115,0,15,-0.006666666362434626,False,False,0.0,0.0,0,0,0,0.0,0.0,0.0,0.0,-0.006666666362434626,1,-0.006666666362434626
,academy_3_vs_1_with_keeper,42,collect_rollout,1116,0,19,-0.003333333181217313,False,False,0.0,0.0,0,0,0,0.0,0.0,0.0,0.0,-0.003333333181217313,1,-0.003333333181217313
,academy_3_vs_1_with_keeper,42,collect_rollout,1117,0,19,-0.006666666362434626,False,False,0.0,0.0,0,0,0,0.0,0.0,0.0,0.0,-0.006666666362434626,1,-0.006666666362434626
,academy_3_vs_1_with_keeper,42,collect_rollout,1118,0,17,0.0,False,False,0.0,0.0,0,0,0,0.0,0.0,0.0,0.0,0.0,1,0.0
,academy_3_vs_1_with_keeper,42,collect_rollout,1119,0,17,0.0,False,False,0.0,0.0,0,0,0,0.0,0.0,0.0,0.0,0.0,1,0.0
,academy_3_vs_1_with_keeper,42,collect_rollout,1120,0,20,-0.003333333181217313,False,False,0.0,0.0,0,0,0,0.0,0.0,0.0,0.0,-0.003333333181217313,1,-0.003333333181217313
,academy_3_vs_1_with_keeper,42,collect_rollout,1121,0,21,-0.003333333181217313,False,False,0.0,0.0,0,0,0,0.0,0.0,0.0,0.0,-0.003333333181217313,1,-0.003333333181217313
,academy_3_vs_1_with_keeper,42,collect_rollout,1122,0,22,-0.013333332724869251,False,False,0.0,0.0,0,0,0,0.0,0.0,0.0,0.0,-0.013333332724869251,1,-0.013333332724869251
,academy_3_vs_1_with_keeper,42,collect_rollout,1123,0,19,-0.003333333181217313,False,False,0.0,0.0,0,0,0,0.0,0.0,0.0,0.0,-0.003333333181217313,1,-0.003333333181217313
,academy_3_vs_1_with_keeper,42,collect_rollout,1124,0,21,-0.006666666362434626,False,False,0.0,0.0,0,0,0,0.0,0.0,0.0,0.0,-0.006666666362434626,1,-0.006666666362434626
,academy_3_vs_1_with_keeper,42,collect_rollout,1125,0,18,-0.003333333181217313,False,False,0.0,0.0,0,0,0,0.0,0.0,0.0,0.0,-0.003333333181217313,1,-0.003333333181217313
,academy_3_vs_1_with_keeper,42,collect_rollout,1126,0,22,-0.006666666362434626,False,False,0.0,0.0,0,0,0,0.0,0.0,0.0,0.0,-0.006666666362434626,1,-0.006666666362434626
,academy_3_vs_1_with_keeper,42,collect_rollout,1127,0,22,-0.009999999543651938,False,False,0.0,0.0,0,0,0,0.0,0.0,0.0,0.0,-0.009999999543651938,1,-0.009999999543651938
,academy_3_vs_1_with_keeper,42,collect_rollout,1128,0,33,0.02434333441487979,False,False,0.0,0.0,0,0,0,0.0,0.0,0.0,0.0,0.02434333441487979,1,0.02434333441487979
,academy_3_vs_1_with_keeper,42,collect_rollout,1129,0,16,-0.003333333181217313,False,False,0.0,0.0,0,0,0,0.0,0.0,0.0,0.0,-0.003333333181217313,1,-0.003333333181217313
,academy_3_vs_1_with_keeper,42,collect_rollout,1130,0,16,0.0,False,False,0.0,0.0,0,0,0,0.0,0.0,0.0,0.0,0.0,1,0.0
,academy_3_vs_1_with_keeper,42,collect_rollout,1131,0,21,-0.006666666362434626,False,False,0.0,0.0,0,0,0,0.0,0.0,0.0,0.0,-0.006666666362434626,1,-0.006666666362434626
,academy_3_vs_1_with_keeper,42,collect_rollout,1132,0,19,-0.003333333181217313,False,False,0.0,0.0,0,0,0,0.0,0.0,0.0,0.0,-0.003333333181217313,1,-0.003333333181217313
,academy_3_vs_1_with_keeper,42,collect_rollout,1133,0,19,-0.009999999543651938,False,False,0.0,0.0,0,0,0,0.0,0.0,0.0,0.0,-0.009999999543651938,1,-0.009999999543651938
,academy_3_vs_1_with_keeper,42,collect_rollout,1134,0,18,0.0,False,False,0.0,0.0,0,0,0,0.0,0.0,0.0,0.0,0.0,1,0.0
,academy_3_vs_1_with_keeper,42,collect_rollout,1135,0,9,-0.008430305402725935,False,False,0.0,0.0,0,0,0,0.0,0.0,0.0,0.0,-0.008430305402725935,1,-0.008430305402725935
,academy_3_vs_1_with_keeper,42,collect_rollout,1136,0,20,-0.006666666362434626,False,False,0.0,0.0,0,0,0,0.0,0.0,0.0,0.0,-0.006666666362434626,1,-0.006666666362434626
,academy_3_vs_1_with_keeper,42,collect_rollout,1137,0,12,-0.015360517892986536,False,False,0.0,0.0,0,0,0,0.0,0.0,0.0,0.0,-0.015360517892986536,1,-0.015360517892986536
,academy_3_vs_1_with_keeper,42,collect_rollout,1138,0,17,-0.006666666362434626,False,False,0.0,0.0,0,0,0,0.0,0.0,0.0,0.0,-0.006666666362434626,1,-0.006666666362434626
,academy_3_vs_1_with_keeper,42,collect_rollout,1139,0,19,-0.003333333181217313,False,False,0.0,0.0,0,0,0,0.0,0.0,0.0,0.0,-0.003333333181217313,1,-0.003333333181217313
,academy_3_vs_1_with_keeper,42,collect_rollout,1140,0,21,-0.009999999543651938,False,False,0.0,0.0,0,0,0,0.0,0.0,0.0,0.0,-0.009999999543651938,1,-0.009999999543651938
,academy_3_vs_1_with_keeper,42,collect_rollout,1141,0,13,0.0,False,False,0.0,0.0,0,0,0,0.0,0.0,0.0,0.0,0.0,1,0.0
,academy_3_vs_1_with_keeper,42,collect_rollout,1142,0,19,-0.003333333181217313,False,False,0.0,0.0,0,0,0,0.0,0.0,0.0,0.0,-0.003333333181217313,1,-0.003333333181217313
,academy_3_vs_1_with_keeper,42,collect_rollout,1143,0,21,-0.009999999543651938,False,False,0.0,0.0,0,0,0,0.0,0.0,0.0,0.0,-0.009999999543651938,1,-0.009999999543651938
,academy_3_vs_1_with_keeper,42,collect_rollout,1144,0,14,-0.016919489251449704,False,False,0.0,0.0,0,0,0,0.0,0.0,0.0,0.0,-0.016919489251449704,1,-0.016919489251449704
,academy_3_vs_1_with_keeper,42,collect_rollout,1145,0,22,-0.009999999543651938,False,False,0.0,0.0,0,0,0,0.0,0.0,0.0,0.0,-0.009999999543651938,1,-0.009999999543651938
,academy_3_vs_1_with_keeper,42,collect_rollout,1146,0,99,-0.29249064228497446,False,False,0.0,0.0,0,0,0,0.0,0.0,0.0,0.0,-0.29249064228497446,1,-0.29249064228497446
,academy_3_vs_1_with_keeper,42,collect_rollout,1147,0,15,0.0,False,False,0.0,0.0,0,0,0,0.0,0.0,0.0,0.0,0.0,1,0.0
,academy_3_vs_1_with_keeper,42,collect_rollout,1148,0,21,-0.006666666362434626,False,False,0.0,0.0,0,0,0,0.0,0.0,0.0,0.0,-0.006666666362434626,1,-0.006666666362434626
,academy_3_vs_1_with_keeper,42,collect_rollout,1149,0,14,-0.009999999543651938,False,False,0.0,0.0,0,0,0,0.0,0.0,0.0,0.0,-0.009999999543651938,1,-0.009999999543651938
,academy_3_vs_1_with_keeper,42,collect_rollout,1150,0,22,0.0,False,False,0.0,0.0,0,0,0,0.0,0.0,0.0,0.0,0.0,1,0.0
,academy_3_vs_1_with_keeper,42,collect_rollout,1151,0,24,-0.003333333181217313,False,False,0.0,0.0,0,0,0,0.0,0.0,0.0,0.0,-0.003333333181217313,1,-0.003333333181217313
,academy_3_vs_1_with_keeper,42,collect_rollout,1152,0,84,-0.2731553041085135,False,False,0.0,0.0,0,0,0,0.0,0.0,0.0,0.0,-0.2731553041085135,1,-0.2731553041085135
,academy_3_vs_1_with_keeper,42,collect_rollout,1153,0,20,-0.006666666362434626,False,False,0.0,0.0,0,0,0,0.0,0.0,0.0,0.0,-0.006666666362434626,1,-0.006666666362434626
,academy_3_vs_1_with_keeper,42,collect_rollout,1154,0,15,0.0,False,False,0.0,0.0,0,0,0,0.0,0.0,0.0,0.0,0.0,1,0.0
,academy_3_vs_1_with_keeper,42,collect_rollout,1155,0,109,-0.34863608790328726,False,False,0.0,0.0,0,0,0,0.0,0.0,0.0,0.0,-0.34863608790328726,1,-0.34863608790328726
,academy_3_vs_1_with_keeper,42,collect_rollout,1156,0,20,0.0,False,False,0.0,0.0,0,0,0,0.0,0.0,0.0,0.0,0.0,1,0.0
,academy_3_vs_1_with_keeper,42,collect_rollout,1157,0,17,-0.003333333181217313,False,False,0.0,0.0,0,0,0,0.0,0.0,0.0,0.0,-0.003333333181217313,1,-0.003333333181217313
,academy_3_vs_1_with_keeper,42,collect_rollout,1158,0,19,0.0,False,False,0.0,0.0,0,0,0,0.0,0.0,0.0,0.0,0.0,1,0.0
,academy_3_vs_1_with_keeper,42,collect_rollout,1159,0,21,-0.006666666362434626,False,False,0.0,0.0,0,0,0,0.0,0.0,0.0,0.0,-0.006666666362434626,1,-0.006666666362434626
,academy_3_vs_1_with_keeper,42,collect_rollout,1160,0,23,0.0,False,False,0.0,0.0,0,0,0,0.0,0.0,0.0,0.0,0.0,1,0.0
,academy_3_vs_1_with_keeper,42,collect_rollout,1161,0,90,-0.046182426158338785,False,False,0.0,0.0,0,0,0,0.0,0.0,0.0,0.0,-0.046182426158338785,1,-0.046182426158338785
,academy_3_vs_1_with_keeper,42,collect_rollout,1162,0,19,0.0,False,False,0.0,0.0,0,0,0,0.0,0.0,0.0,0.0,0.0,1,0.0
,academy_3_vs_1_with_keeper,42,collect_rollout,1163,0,18,-0.006666666362434626,False,False,0.0,0.0,0,0,0,0.0,0.0,0.0,0.0,-0.006666666362434626,1,-0.006666666362434626
,academy_3_vs_1_with_keeper,42,collect_rollout,1164,0,58,-0.045299735269509256,False,False,0.0,0.0,0,0,0,0.0,0.0,0.0,0.0,-0.045299735269509256,1,-0.045299735269509256
,academy_3_vs_1_with_keeper,42,collect_rollout,1165,0,23,-0.006666666362434626,False,False,0.0,0.0,0,0,0,0.0,0.0,0.0,0.0,-0.006666666362434626,1,-0.006666666362434626
,academy_3_vs_1_with_keeper,42,collect_rollout,1166,0,20,-0.006666666362434626,False,False,0.0,0.0,0,0,0,0.0,0.0,0.0,0.0,-0.006666666362434626,1,-0.006666666362434626
,academy_3_vs_1_with_keeper,42,collect_rollout,1167,0,21,-0.003333333181217313,False,False,0.0,0.0,0,0,0,0.0,0.0,0.0,0.0,-0.003333333181217313,1,-0.003333333181217313
,academy_3_vs_1_with_keeper,42,collect_rollout,1168,0,19,0.0,False,False,0.0,0.0,0,0,0,0.0,0.0,0.0,0.0,0.0,1,0.0
,academy_3_vs_1_with_keeper,42,collect_rollout,1169,0,21,-0.006666666362434626,False,False,0.0,0.0,0,0,0,0.0,0.0,0.0,0.0,-0.006666666362434626,1,-0.006666666362434626
,academy_3_vs_1_with_keeper,42,collect_rollout,1170,0,23,-0.003333333181217313,False,False,0.0,0.0,0,0,0,0.0,0.0,0.0,0.0,-0.003333333181217313,1,-0.003333333181217313
,academy_3_vs_1_with_keeper,42,collect_rollout,1171,0,17,0.0,False,False,0.0,0.0,0,0,0,0.0,0.0,0.0,0.0,0.0,1,0.0
,academy_3_vs_1_with_keeper,42,collect_rollout,1172,0,17,-0.003333333181217313,False,False,0.0,0.0,0,0,0,0.0,0.0,0.0,0.0,-0.003333333181217313,1,-0.003333333181217313
,academy_3_vs_1_with_keeper,42,collect_rollout,1173,0,19,0.0,False,False,0.0,0.0,0,0,0,0.0,0.0,0.0,0.0,0.0,1,0.0
,academy_3_vs_1_with_keeper,42,collect_rollout,1174,0,14,-0.006666666362434626,False,False,0.0,0.0,0,0,0,0.0,0.0,0.0,0.0,-0.006666666362434626,1,-0.006666666362434626
,academy_3_vs_1_with_keeper,42,collect_rollout,1175,0,46,-0.05275904817972332,False,False,0.0,0.0,0,0,0,0.0,0.0,0.0,0.0,-0.05275904817972332,1,-0.05275904817972332
,academy_3_vs_1_with_keeper,42,collect_rollout,1176,0,17,-0.003333333181217313,False,False,0.0,0.0,0,0,0,0.0,0.0,0.0,0.0,-0.003333333181217313,1,-0.003333333181217313
,academy_3_vs_1_with_keeper,42,collect_rollout,1177,0,18,-0.003333333181217313,False,False,0.0,0.0,0,0,0,0.0,0.0,0.0,0.0,-0.003333333181217313,1,-0.003333333181217313
,academy_3_vs_1_with_keeper,42,collect_rollout,1178,0,19,-0.006666666362434626,False,False,0.0,0.0,0,0,0,0.0,0.0,0.0,0.0,-0.006666666362434626,1,-0.006666666362434626
,academy_3_vs_1_with_keeper,42,collect_rollout,1179,0,20,-0.016666665906086564,False,False,0.0,0.0,0,0,0,0.0,0.0,0.0,0.0,-0.016666665906086564,1,-0.016666665906086564
,academy_3_vs_1_with_keeper,42,collect_rollout,1180,0,19,-0.006666666362434626,False,False,0.0,0.0,0,0,0,0.0,0.0,0.0,0.0,-0.006666666362434626,1,-0.006666666362434626
,academy_3_vs_1_with_keeper,42,collect_rollout,1181,0,41,-0.024693338375072926,False,False,0.0,0.0,0,0,0,0.0,0.0,0.0,0.0,-0.024693338375072926,1,-0.024693338375072926
,academy_3_vs_1_with_keeper,42,collect_rollout,1182,0,20,-0.003333333181217313,False,False,0.0,0.0,0,0,0,0.0,0.0,0.0,0.0,-0.003333333181217313,1,-0.003333333181217313
,academy_3_vs_1_with_keeper,42,collect_rollout,1183,0,19,-0.003333333181217313,False,False,0.0,0.0,0,0,0,0.0,0.0,0.0,0.0,-0.003333333181217313,1,-0.003333333181217313
,academy_3_vs_1_with_keeper,42,collect_rollout,1184,0,98,-0.4047343714191811,False,False,0.0,0.0,0,0,0,0.0,0.0,0.0,0.0,-0.4047343714191811,1,-0.4047343714191811
,academy_3_vs_1_with_keeper,42,collect_rollout,1185,0,15,-0.006666666362434626,False,False,0.0,0.0,0,0,0,0.0,0.0,0.0,0.0,-0.006666666362434626,1,-0.006666666362434626
,academy_3_vs_1_with_keeper,42,collect_rollout,1186,0,17,-0.006666666362434626,False,False,0.0,0.0,0,0,0,0.0,0.0,0.0,0.0,-0.006666666362434626,1,-0.006666666362434626
,academy_3_vs_1_with_keeper,42,collect_rollout,1187,0,21,0.0,False,False,0.0,0.0,0,0,0,0.0,0.0,0.0,0.0,0.0,1,0.0
,academy_3_vs_1_with_keeper,42,collect_rollout,1188,0,24,-0.019999999087303877,False,False,0.0,0.0,0,0,0,0.0,0.0,0.0,0.0,-0.019999999087303877,1,-0.019999999087303877
,academy_3_vs_1_with_keeper,42,collect_rollout,1189,0,115,-0.2296500465963618,False,False,0.0,0.0,0,0,0,0.0,0.0,0.0,0.0,-0.2296500465963618,1,-0.2296500465963618
,academy_3_vs_1_with_keeper,42,collect_rollout,1190,0,22,-0.006666666362434626,False,False,0.0,0.0,0,0,0,0.0,0.0,0.0,0.0,-0.006666666362434626,1,-0.006666666362434626
,academy_3_vs_1_with_keeper,42,collect_rollout,1191,0,15,-0.009999999543651938,False,False,0.0,0.0,0,0,0,0.0,0.0,0.0,0.0,-0.009999999543651938,1,-0.009999999543651938
,academy_3_vs_1_with_keeper,42,collect_rollout,1192,0,20,0.0,False,False,0.0,0.0,0,0,0,0.0,0.0,0.0,0.0,0.0,1,0.0
,academy_3_vs_1_with_keeper,42,collect_rollout,1193,0,16,-0.003333333181217313,False,False,0.0,0.0,0,0,0,0.0,0.0,0.0,0.0,-0.003333333181217313,1,-0.003333333181217313
,academy_3_vs_1_with_keeper,42,collect_rollout,1194,0,19,0.0,False,False,0.0,0.0,0,0,0,0.0,0.0,0.0,0.0,0.0,1,0.0
,academy_3_vs_1_with_keeper,42,collect_rollout,1195,0,21,0.0,False,False,0.0,0.0,0,0,0,0.0,0.0,0.0,0.0,0.0,1,0.0
,academy_3_vs_1_with_keeper,42,collect_rollout,1196,0,74,-0.011059278302127495,False,False,0.0,0.0,0,0,0,0.0,0.0,0.0,0.0,-0.011059278302127495,1,-0.011059278302127495
,academy_3_vs_1_with_keeper,42,collect_rollout,1197,0,18,-0.013333332724869251,False,False,0.0,0.0,0,0,0,0.0,0.0,0.0,0.0,-0.013333332724869251,1,-0.013333332724869251
,academy_3_vs_1_with_keeper,42,collect_rollout,1198,0,16,0.0,False,False,0.0,0.0,0,0,0,0.0,0.0,0.0,0.0,0.0,1,0.0
,academy_3_vs_1_with_keeper,42,collect_rollout,1199,0,23,-0.003333333181217313,False,False,0.0,0.0,0,0,0,0.0,0.0,0.0,0.0,-0.003333333181217313,1,-0.003333333181217313
,academy_3_vs_1_with_keeper,42,collect_rollout,1200,0,33,0.046144746826030314,False,False,0.0,0.0,0,0,0,0.0,0.0,0.0,0.0,0.046144746826030314,1,0.046144746826030314
,academy_3_vs_1_with_keeper,42,collect_rollout,1201,0,90,-0.26179295405745506,False,False,0.0,0.0,0,0,0,0.0,0.0,0.0,0.0,-0.26179295405745506,1,-0.26179295405745506
,academy_3_vs_1_with_keeper,42,collect_rollout,1202,0,27,2.040945076267235,False,False,0.0,0.0,0,0,0,0.0,0.0,0.0,0.0,2.040945076267235,1,2.040945076267235
,academy_3_vs_1_with_keeper,42,collect_rollout,1203,0,17,0.0,False,False,0.0,0.0,0,0,0,0.0,0.0,0.0,0.0,0.0,1,0.0
,academy_3_vs_1_with_keeper,42,collect_rollout,1204,0,87,-0.15702505694935098,False,False,0.0,0.0,0,0,0,0.0,0.0,0.0,0.0,-0.15702505694935098,1,-0.15702505694935098
,academy_3_vs_1_with_keeper,42,collect_rollout,1205,0,15,-0.003333333181217313,False,False,0.0,0.0,0,0,0,0.0,0.0,0.0,0.0,-0.003333333181217313,1,-0.003333333181217313
,academy_3_vs_1_with_keeper,42,collect_rollout,1206,0,20,-0.003333333181217313,False,False,0.0,0.0,0,0,0,0.0,0.0,0.0,0.0,-0.003333333181217313,1,-0.003333333181217313
,academy_3_vs_1_with_keeper,42,collect_rollout,1207,0,60,-0.1455922417808324,False,False,0.0,0.0,0,0,0,0.0,0.0,0.0,0.0,-0.1455922417808324,1,-0.1455922417808324
,academy_3_vs_1_with_keeper,42,collect_rollout,1208,0,17,0.0,False,False,0.0,0.0,0,0,0,0.0,0.0,0.0,0.0,0.0,1,0.0
,academy_3_vs_1_with_keeper,42,collect_rollout,1209,0,16,0.0,False,False,0.0,0.0,0,0,0,0.0,0.0,0.0,0.0,0.0,1,0.0
,academy_3_vs_1_with_keeper,42,collect_rollout,1210,0,19,-0.003333333181217313,False,False,0.0,0.0,0,0,0,0.0,0.0,0.0,0.0,-0.003333333181217313,1,-0.003333333181217313
,academy_3_vs_1_with_keeper,42,collect_rollout,1211,0,20,-0.003333333181217313,False,False,0.0,0.0,0,0,0,0.0,0.0,0.0,0.0,-0.003333333181217313,1,-0.003333333181217313
,academy_3_vs_1_with_keeper,42,collect_rollout,1212,0,15,-0.006666666362434626,False,False,0.0,0.0,0,0,0,0.0,0.0,0.0,0.0,-0.006666666362434626,1,-0.006666666362434626
,academy_3_vs_1_with_keeper,42,collect_rollout,1213,0,21,-0.006666666362434626,False,False,0.0,0.0,0,0,0,0.0,0.0,0.0,0.0,-0.006666666362434626,1,-0.006666666362434626
,academy_3_vs_1_with_keeper,42,collect_rollout,1214,0,11,-0.1120105842128396,False,False,0.0,0.0,0,0,0,0.0,0.0,0.0,0.0,-0.1120105842128396,1,-0.1120105842128396
,academy_3_vs_1_with_keeper,42,collect_rollout,1215,0,19,-0.003333333181217313,False,False,0.0,0.0,0,0,0,0.0,0.0,0.0,0.0,-0.003333333181217313,1,-0.003333333181217313
,academy_3_vs_1_with_keeper,42,collect_rollout,1216,0,83,-0.18114901648368686,False,False,0.0,0.0,0,0,0,0.0,0.0,0.0,0.0,-0.18114901648368686,1,-0.18114901648368686
,academy_3_vs_1_with_keeper,42,collect_rollout,1217,0,19,-0.003333333181217313,False,False,0.0,0.0,0,0,0,0.0,0.0,0.0,0.0,-0.003333333181217313,1,-0.003333333181217313
,academy_3_vs_1_with_keeper,42,collect_rollout,1218,0,19,-0.006666666362434626,False,False,0.0,0.0,0,0,0,0.0,0.0,0.0,0.0,-0.006666666362434626,1,-0.006666666362434626
,academy_3_vs_1_with_keeper,42,collect_rollout,1219,0,23,-0.006666666362434626,False,False,0.0,0.0,0,0,0,0.0,0.0,0.0,0.0,-0.006666666362434626,1,-0.006666666362434626
,academy_3_vs_1_with_keeper,42,collect_rollout,1220,0,31,2.049232921912335,False,False,0.0,0.0,0,0,0,0.0,0.0,0.0,0.0,2.049232921912335,1,2.049232921912335
,academy_3_vs_1_with_keeper,42,collect_rollout,1221,0,20,-0.003333333181217313,False,False,0.0,0.0,0,0,0,0.0,0.0,0.0,0.0,-0.003333333181217313,1,-0.003333333181217313
,academy_3_vs_1_with_keeper,42,collect_rollout,1222,0,21,-0.003333333181217313,False,False,0.0,0.0,0,0,0,0.0,0.0,0.0,0.0,-0.003333333181217313,1,-0.003333333181217313
,academy_3_vs_1_with_keeper,42,collect_rollout,1223,0,19,-0.003333333181217313,False,False,0.0,0.0,0,0,0,0.0,0.0,0.0,0.0,-0.003333333181217313,1,-0.003333333181217313
,academy_3_vs_1_with_keeper,42,collect_rollout,1224,0,18,-0.003333333181217313,False,False,0.0,0.0,0,0,0,0.0,0.0,0.0,0.0,-0.003333333181217313,1,-0.003333333181217313
,academy_3_vs_1_with_keeper,42,collect_rollout,1225,0,82,-0.17399419436696917,False,False,0.0,0.0,0,0,0,0.0,0.0,0.0,0.0,-0.17399419436696917,1,-0.17399419436696917
,academy_3_vs_1_with_keeper,42,collect_rollout,1226,0,84,-0.014386056340299547,False,False,0.0,0.0,0,0,0,0.0,0.0,0.0,0.0,-0.014386056340299547,1,-0.014386056340299547
,academy_3_vs_1_with_keeper,42,collect_rollout,1227,0,16,0.0,False,False,0.0,0.0,0,0,0,0.0,0.0,0.0,0.0,0.0,1,0.0
,academy_3_vs_1_with_keeper,42,collect_rollout,1228,0,19,-0.006666666362434626,False,False,0.0,0.0,0,0,0,0.0,0.0,0.0,0.0,-0.006666666362434626,1,-0.006666666362434626
,academy_3_vs_1_with_keeper,42,collect_rollout,1229,0,103,-0.3525069831739529,False,False,0.0,0.0,0,0,0,0.0,0.0,0.0,0.0,-0.3525069831739529,1,-0.3525069831739529
,academy_3_vs_1_with_keeper,42,collect_rollout,1230,0,195,0.006451549154007807,False,False,0.0,0.0,0,0,0,0.0,0.0,0.0,0.0,0.006451549154007807,1,0.006451549154007807
,academy_3_vs_1_with_keeper,42,collect_rollout,1231,0,20,-0.003333333181217313,False,False,0.0,0.0,0,0,0,0.0,0.0,0.0,0.0,-0.003333333181217313,1,-0.003333333181217313
,academy_3_vs_1_with_keeper,42,collect_rollout,1232,0,109,-0.0692538699368015,False,False,0.0,0.0,0,0,0,0.0,0.0,0.0,0.0,-0.0692538699368015,1,-0.0692538699368015
,academy_3_vs_1_with_keeper,42,collect_rollout,1233,0,93,-0.165562994312495,False,False,0.0,0.0,0,0,0,0.0,0.0,0.0,0.0,-0.165562994312495,1,-0.165562994312495
,academy_3_vs_1_with_keeper,42,collect_rollout,1234,0,81,-0.13225988682825118,False,False,0.0,0.0,0,0,0,0.0,0.0,0.0,0.0,-0.13225988682825118,1,-0.13225988682825118
,academy_3_vs_1_with_keeper,42,collect_rollout,1235,0,19,0.0,False,False,0.0,0.0,0,0,0,0.0,0.0,0.0,0.0,0.0,1,0.0
,academy_3_vs_1_with_keeper,42,collect_rollout,1236,0,18,-0.006666666362434626,False,False,0.0,0.0,0,0,0,0.0,0.0,0.0,0.0,-0.006666666362434626,1,-0.006666666362434626
,academy_3_vs_1_with_keeper,42,collect_rollout,1237,0,13,-0.015330941532738507,False,False,0.0,0.0,0,0,0,0.0,0.0,0.0,0.0,-0.015330941532738507,1,-0.015330941532738507
,academy_3_vs_1_with_keeper,42,collect_rollout,1238,0,85,-0.3061970762209967,False,False,0.0,0.0,0,0,0,0.0,0.0,0.0,0.0,-0.3061970762209967,1,-0.3061970762209967
,academy_3_vs_1_with_keeper,42,collect_rollout,1239,0,16,0.0,False,False,0.0,0.0,0,0,0,0.0,0.0,0.0,0.0,0.0,1,0.0
,academy_3_vs_1_with_keeper,42,collect_rollout,1240,0,19,0.0,False,False,0.0,0.0,0,0,0,0.0,0.0,0.0,0.0,0.0,1,0.0
,academy_3_vs_1_with_keeper,42,collect_rollout,1241,0,85,-0.13364378979895264,False,False,0.0,0.0,0,0,0,0.0,0.0,0.0,0.0,-0.13364378979895264,1,-0.13364378979895264
,academy_3_vs_1_with_keeper,42,collect_rollout,1242,0,12,-0.09475999791175127,False,False,0.0,0.0,0,0,0,0.0,0.0,0.0,0.0,-0.09475999791175127,1,-0.09475999791175127
,academy_3_vs_1_with_keeper,42,collect_rollout,1243,0,508,-0.7134263722982723,False,False,0.0,0.0,0,0,0,0.0,0.0,0.0,0.0,-0.7134263722982723,1,-0.7134263722982723
,academy_3_vs_1_with_keeper,42,collect_rollout,1244,0,39,0.03414547420106828,False,False,0.0,0.0,0,0,0,0.0,0.0,0.0,0.0,0.03414547420106828,1,0.03414547420106828
,academy_3_vs_1_with_keeper,42,collect_rollout,1245,0,18,-0.003333333181217313,False,False,0.0,0.0,0,0,0,0.0,0.0,0.0,0.0,-0.003333333181217313,1,-0.003333333181217313
,academy_3_vs_1_with_keeper,42,collect_rollout,1246,0,64,-0.1872896800050512,False,False,0.0,0.0,0,0,0,0.0,0.0,0.0,0.0,-0.1872896800050512,1,-0.1872896800050512
,academy_3_vs_1_with_keeper,42,collect_rollout,1247,0,17,-0.009999999543651938,False,False,0.0,0.0,0,0,0,0.0,0.0,0.0,0.0,-0.009999999543651938,1,-0.009999999543651938
,academy_3_vs_1_with_keeper,42,collect_rollout,1248,0,20,-0.003333333181217313,False,False,0.0,0.0,0,0,0,0.0,0.0,0.0,0.0,-0.003333333181217313,1,-0.003333333181217313
,academy_3_vs_1_with_keeper,42,collect_rollout,1249,0,63,-0.16941358242183924,False,False,0.0,0.0,0,0,0,0.0,0.0,0.0,0.0,-0.16941358242183924,1,-0.16941358242183924
,academy_3_vs_1_with_keeper,42,collect_rollout,1250,0,76,-0.36000987903389614,False,False,0.0,0.0,0,0,0,0.0,0.0,0.0,0.0,-0.36000987903389614,1,-0.36000987903389614
,academy_3_vs_1_with_keeper,42,collect_rollout,1251,0,16,0.0,False,False,0.0,0.0,0,0,0,0.0,0.0,0.0,0.0,0.0,1,0.0
,academy_3_vs_1_with_keeper,42,collect_rollout,1252,0,83,-0.0007819869788363576,False,False,0.0,0.0,0,0,0,0.0,0.0,0.0,0.0,-0.0007819869788363576,1,-0.0007819869788363576
,academy_3_vs_1_with_keeper,42,collect_rollout,1253,0,89,-0.19920085777994245,False,False,0.0,0.0,0,0,0,0.0,0.0,0.0,0.0,-0.19920085777994245,1,-0.19920085777994245
,academy_3_vs_1_with_keeper,42,collect_rollout,1254,0,85,-0.0442340032896027,False,False,0.0,0.0,0,0,0,0.0,0.0,0.0,0.0,-0.0442340032896027,1,-0.0442340032896027
,academy_3_vs_1_with_keeper,42,collect_rollout,1255,0,19,-0.006666666362434626,False,False,0.0,0.0,0,0,0,0.0,0.0,0.0,0.0,-0.006666666362434626,1,-0.006666666362434626
,academy_3_vs_1_with_keeper,42,collect_rollout,1256,0,16,0.0,False,False,0.0,0.0,0,0,0,0.0,0.0,0.0,0.0,0.0,1,0.0
,academy_3_vs_1_with_keeper,42,collect_rollout,1257,0,23,-0.006666666362434626,False,False,0.0,0.0,0,0,0,0.0,0.0,0.0,0.0,-0.006666666362434626,1,-0.006666666362434626
,academy_3_vs_1_with_keeper,42,collect_rollout,1258,0,121,1.4111184009816498,False,False,0.0,0.0,0,0,0,0.0,0.0,0.0,0.0,1.4111184009816498,1,1.4111184009816498
,academy_3_vs_1_with_keeper,42,collect_rollout,1259,0,55,-0.0479739757720381,False,False,0.0,0.0,0,0,0,0.0,0.0,0.0,0.0,-0.0479739757720381,1,-0.0479739757720381
,academy_3_vs_1_with_keeper,42,collect_rollout,1260,0,17,0.0,False,False,0.0,0.0,0,0,0,0.0,0.0,0.0,0.0,0.0,1,0.0
,academy_3_vs_1_with_keeper,42,collect_rollout,1261,0,78,0.012207618914544582,False,False,0.0,0.0,0,0,0,0.0,0.0,0.0,0.0,0.012207618914544582,1,0.012207618914544582
,academy_3_vs_1_with_keeper,42,collect_rollout,1262,0,22,-0.003333333181217313,False,False,0.0,0.0,0,0,0,0.0,0.0,0.0,0.0,-0.003333333181217313,1,-0.003333333181217313
,academy_3_vs_1_with_keeper,42,collect_rollout,1263,0,49,-0.19901865010615438,False,False,0.0,0.0,0,0,0,0.0,0.0,0.0,0.0,-0.19901865010615438,1,-0.19901865010615438
,academy_3_vs_1_with_keeper,42,collect_rollout,1264,0,46,-0.20846269916000892,False,False,0.0,0.0,0,0,0,0.0,0.0,0.0,0.0,-0.20846269916000892,1,-0.20846269916000892
,academy_3_vs_1_with_keeper,42,collect_rollout,1265,0,16,0.0,False,False,0.0,0.0,0,0,0,0.0,0.0,0.0,0.0,0.0,1,0.0
,academy_3_vs_1_with_keeper,42,collect_rollout,1266,0,85,2.2615417668712325,False,False,0.0,0.0,0,0,0,0.0,0.0,0.0,0.0,2.2615417668712325,1,2.2615417668712325
,academy_3_vs_1_with_keeper,42,collect_rollout,1267,0,22,-0.003333333181217313,False,False,0.0,0.0,0,0,0,0.0,0.0,0.0,0.0,-0.003333333181217313,1,-0.003333333181217313
,academy_3_vs_1_with_keeper,42,collect_rollout,1268,0,95,0.14577168847245048,False,False,0.0,0.0,0,0,0,0.0,0.0,0.0,0.0,0.14577168847245048,1,0.14577168847245048
,academy_3_vs_1_with_keeper,42,collect_rollout,1269,0,61,-0.23673338493017582,False,False,0.0,0.0,0,0,0,0.0,0.0,0.0,0.0,-0.23673338493017582,1,-0.23673338493017582
,academy_3_vs_1_with_keeper,42,collect_rollout,1270,0,17,0.0,False,False,0.0,0.0,0,0,0,0.0,0.0,0.0,0.0,0.0,1,0.0
,academy_3_vs_1_with_keeper,42,collect_rollout,1271,0,18,-0.009999999543651938,False,False,0.0,0.0,0,0,0,0.0,0.0,0.0,0.0,-0.009999999543651938,1,-0.009999999543651938
,academy_3_vs_1_with_keeper,42,collect_rollout,1272,0,22,-0.003333333181217313,False,False,0.0,0.0,0,0,0,0.0,0.0,0.0,0.0,-0.003333333181217313,1,-0.003333333181217313
,academy_3_vs_1_with_keeper,42,collect_rollout,1273,0,16,-0.003333333181217313,False,False,0.0,0.0,0,0,0,0.0,0.0,0.0,0.0,-0.003333333181217313,1,-0.003333333181217313
,academy_3_vs_1_with_keeper,42,collect_rollout,1274,0,43,-0.15778996306471527,False,False,0.0,0.0,0,0,0,0.0,0.0,0.0,0.0,-0.15778996306471527,1,-0.15778996306471527
,academy_3_vs_1_with_keeper,42,collect_rollout,1275,0,21,-0.003333333181217313,False,False,0.0,0.0,0,0,0,0.0,0.0,0.0,0.0,-0.003333333181217313,1,-0.003333333181217313
,academy_3_vs_1_with_keeper,42,collect_rollout,1276,0,23,-0.013333332724869251,False,False,0.0,0.0,0,0,0,0.0,0.0,0.0,0.0,-0.013333332724869251,1,-0.013333332724869251
,academy_3_vs_1_with_keeper,42,collect_rollout,1277,0,72,-0.30695337623910746,False,False,0.0,0.0,0,0,0,0.0,0.0,0.0,0.0,-0.30695337623910746,1,-0.30695337623910746
,academy_3_vs_1_with_keeper,42,collect_rollout,1278,0,1801,-1.0230560652744316,False,False,0.0,0.0,0,0,0,0.0,0.0,0.0,0.0,-1.0230560652744316,1,-1.0230560652744316
,academy_3_vs_1_with_keeper,42,collect_rollout,1279,0,19,-0.006666666362434626,False,False,0.0,0.0,0,0,0,0.0,0.0,0.0,0.0,-0.006666666362434626,1,-0.006666666362434626
,academy_3_vs_1_with_keeper,42,collect_rollout,1280,0,19,-0.013333332724869251,False,False,0.0,0.0,0,0,0,0.0,0.0,0.0,0.0,-0.013333332724869251,1,-0.013333332724869251
,academy_3_vs_1_with_keeper,42,collect_rollout,1281,0,22,-0.006666666362434626,False,False,0.0,0.0,0,0,0,0.0,0.0,0.0,0.0,-0.006666666362434626,1,-0.006666666362434626
,academy_3_vs_1_with_keeper,42,collect_rollout,1282,0,58,-0.1627202759264037,False,False,0.0,0.0,0,0,0,0.0,0.0,0.0,0.0,-0.1627202759264037,1,-0.1627202759264037
,academy_3_vs_1_with_keeper,42,collect_rollout,1283,0,15,-0.003333333181217313,False,False,0.0,0.0,0,0,0,0.0,0.0,0.0,0.0,-0.003333333181217313,1,-0.003333333181217313
,academy_3_vs_1_with_keeper,42,collect_rollout,1284,0,18,-0.006666666362434626,False,False,0.0,0.0,0,0,0,0.0,0.0,0.0,0.0,-0.006666666362434626,1,-0.006666666362434626
,academy_3_vs_1_with_keeper,42,collect_rollout,1285,0,7,-0.08847218379378319,False,False,0.0,0.0,0,0,0,0.0,0.0,0.0,0.0,-0.08847218379378319,1,-0.08847218379378319
,academy_3_vs_1_with_keeper,42,collect_rollout,1286,0,18,0.0,False,False,0.0,0.0,0,0,0,0.0,0.0,0.0,0.0,0.0,1,0.0
,academy_3_vs_1_with_keeper,42,collect_rollout,1287,0,80,-0.314820866798982,False,False,0.0,0.0,0,0,0,0.0,0.0,0.0,0.0,-0.314820866798982,1,-0.314820866798982
,academy_3_vs_1_with_keeper,42,collect_rollout,1288,0,23,-0.006666666362434626,False,False,0.0,0.0,0,0,0,0.0,0.0,0.0,0.0,-0.006666666362434626,1,-0.006666666362434626
,academy_3_vs_1_with_keeper,42,collect_rollout,1289,0,19,-0.006666666362434626,False,False,0.0,0.0,0,0,0,0.0,0.0,0.0,0.0,-0.006666666362434626,1,-0.006666666362434626
,academy_3_vs_1_with_keeper,42,collect_rollout,1290,0,92,-0.3573021065676585,False,False,0.0,0.0,0,0,0,0.0,0.0,0.0,0.0,-0.3573021065676585,1,-0.3573021065676585
,academy_3_vs_1_with_keeper,42,collect_rollout,1291,0,23,-0.003333333181217313,False,False,0.0,0.0,0,0,0,0.0,0.0,0.0,0.0,-0.003333333181217313,1,-0.003333333181217313
,academy_3_vs_1_with_keeper,42,collect_rollout,1292,0,23,-0.003333333181217313,False,False,0.0,0.0,0,0,0,0.0,0.0,0.0,0.0,-0.003333333181217313,1,-0.003333333181217313
,academy_3_vs_1_with_keeper,42,collect_rollout,1293,0,88,-0.02320446725934744,False,False,0.0,0.0,0,0,0,0.0,0.0,0.0,0.0,-0.02320446725934744,1,-0.02320446725934744
,academy_3_vs_1_with_keeper,42,collect_rollout,1294,0,18,-0.003333333181217313,False,False,0.0,0.0,0,0,0,0.0,0.0,0.0,0.0,-0.003333333181217313,1,-0.003333333181217313
,academy_3_vs_1_with_keeper,42,collect_rollout,1295,0,21,-0.006666666362434626,False,False,0.0,0.0,0,0,0,0.0,0.0,0.0,0.0,-0.006666666362434626,1,-0.006666666362434626
,academy_3_vs_1_with_keeper,42,collect_rollout,1296,0,15,-0.015168983838520944,False,False,0.0,0.0,0,0,0,0.0,0.0,0.0,0.0,-0.015168983838520944,1,-0.015168983838520944
,academy_3_vs_1_with_keeper,42,collect_rollout,1297,0,16,-0.006666666362434626,False,False,0.0,0.0,0,0,0,0.0,0.0,0.0,0.0,-0.006666666362434626,1,-0.006666666362434626
,academy_3_vs_1_with_keeper,42,collect_rollout,1298,0,20,-0.003333333181217313,False,False,0.0,0.0,0,0,0,0.0,0.0,0.0,0.0,-0.003333333181217313,1,-0.003333333181217313
,academy_3_vs_1_with_keeper,42,collect_rollout,1299,0,15,0.0,False,False,0.0,0.0,0,0,0,0.0,0.0,0.0,0.0,0.0,1,0.0
,academy_3_vs_1_with_keeper,42,collect_rollout,1300,0,33,-0.04666666779667139,False,False,0.0,0.0,0,0,0,0.0,0.0,0.0,0.0,-0.04666666779667139,1,-0.04666666779667139
,academy_3_vs_1_with_keeper,42,collect_rollout,1301,0,16,-0.003333333181217313,False,False,0.0,0.0,0,0,0,0.0,0.0,0.0,0.0,-0.003333333181217313,1,-0.003333333181217313
,academy_3_vs_1_with_keeper,42,collect_rollout,1302,0,10,0.006584090879186988,False,False,0.0,0.0,0,0,0,0.0,0.0,0.0,0.0,0.006584090879186988,1,0.006584090879186988
,academy_3_vs_1_with_keeper,42,collect_rollout,1303,0,14,-0.003333333181217313,False,False,0.0,0.0,0,0,0,0.0,0.0,0.0,0.0,-0.003333333181217313,1,-0.003333333181217313
,academy_3_vs_1_with_keeper,42,collect_rollout,1304,0,17,-0.003333333181217313,False,False,0.0,0.0,0,0,0,0.0,0.0,0.0,0.0,-0.003333333181217313,1,-0.003333333181217313
,academy_3_vs_1_with_keeper,42,collect_rollout,1305,0,21,-0.016666665906086564,False,False,0.0,0.0,0,0,0,0.0,0.0,0.0,0.0,-0.016666665906086564,1,-0.016666665906086564
,academy_3_vs_1_with_keeper,42,collect_rollout,1306,0,67,-0.3286277687875554,False,False,0.0,0.0,0,0,0,0.0,0.0,0.0,0.0,-0.3286277687875554,1,-0.3286277687875554
,academy_3_vs_1_with_keeper,42,collect_rollout,1307,0,16,-0.003333333181217313,False,False,0.0,0.0,0,0,0,0.0,0.0,0.0,0.0,-0.003333333181217313,1,-0.003333333181217313
,academy_3_vs_1_with_keeper,42,collect_rollout,1308,0,18,0.0,False,False,0.0,0.0,0,0,0,0.0,0.0,0.0,0.0,0.0,1,0.0
,academy_3_vs_1_with_keeper,42,collect_rollout,1309,0,82,0.09517245448660105,False,False,0.0,0.0,0,0,0,0.0,0.0,0.0,0.0,0.09517245448660105,1,0.09517245448660105
,academy_3_vs_1_with_keeper,42,collect_rollout,1310,0,84,0.08670965040801093,False,False,0.0,0.0,0,0,0,0.0,0.0,0.0,0.0,0.08670965040801093,1,0.08670965040801093
,academy_3_vs_1_with_keeper,42,collect_rollout,1311,0,16,-0.006666666362434626,False,False,0.0,0.0,0,0,0,0.0,0.0,0.0,0.0,-0.006666666362434626,1,-0.006666666362434626
,academy_3_vs_1_with_keeper,42,collect_rollout,1312,0,17,0.0,False,False,0.0,0.0,0,0,0,0.0,0.0,0.0,0.0,0.0,1,0.0
,academy_3_vs_1_with_keeper,42,collect_rollout,1313,0,66,-0.2723135588457808,False,False,0.0,0.0,0,0,0,0.0,0.0,0.0,0.0,-0.2723135588457808,1,-0.2723135588457808
,academy_3_vs_1_with_keeper,42,collect_rollout,1314,0,17,-0.003333333181217313,False,False,0.0,0.0,0,0,0,0.0,0.0,0.0,0.0,-0.003333333181217313,1,-0.003333333181217313
,academy_3_vs_1_with_keeper,42,collect_rollout,1315,0,64,-0.1283385391579941,False,False,0.0,0.0,0,0,0,0.0,0.0,0.0,0.0,-0.1283385391579941,1,-0.1283385391579941
,academy_3_vs_1_with_keeper,42,collect_rollout,1316,0,177,-0.6937329627107829,False,False,0.0,0.0,0,0,0,0.0,0.0,0.0,0.0,-0.6937329627107829,1,-0.6937329627107829
,academy_3_vs_1_with_keeper,42,collect_rollout,1317,0,19,-0.006666666362434626,False,False,0.0,0.0,0,0,0,0.0,0.0,0.0,0.0,-0.006666666362434626,1,-0.006666666362434626
,academy_3_vs_1_with_keeper,42,collect_rollout,1318,0,18,-0.006666666362434626,False,False,0.0,0.0,0,0,0,0.0,0.0,0.0,0.0,-0.006666666362434626,1,-0.006666666362434626
,academy_3_vs_1_with_keeper,42,collect_rollout,1319,0,19,-0.003333333181217313,False,False,0.0,0.0,0,0,0,0.0,0.0,0.0,0.0,-0.003333333181217313,1,-0.003333333181217313
,academy_3_vs_1_with_keeper,42,collect_rollout,1320,0,18,-0.006666666362434626,False,False,0.0,0.0,0,0,0,0.0,0.0,0.0,0.0,-0.006666666362434626,1,-0.006666666362434626
,academy_3_vs_1_with_keeper,42,collect_rollout,1321,0,120,-0.4683525833534077,False,False,0.0,0.0,0,0,0,0.0,0.0,0.0,0.0,-0.4683525833534077,1,-0.4683525833534077
,academy_3_vs_1_with_keeper,42,collect_rollout,1322,0,20,-0.003333333181217313,False,False,0.0,0.0,0,0,0,0.0,0.0,0.0,0.0,-0.003333333181217313,1,-0.003333333181217313
,academy_3_vs_1_with_keeper,42,collect_rollout,1323,0,19,0.0,False,False,0.0,0.0,0,0,0,0.0,0.0,0.0,0.0,0.0,1,0.0
,academy_3_vs_1_with_keeper,42,collect_rollout,1324,0,49,-0.04167418216820806,False,False,0.0,0.0,0,0,0,0.0,0.0,0.0,0.0,-0.04167418216820806,1,-0.04167418216820806
,academy_3_vs_1_with_keeper,42,collect_rollout,1325,0,17,-0.003333333181217313,False,False,0.0,0.0,0,0,0,0.0,0.0,0.0,0.0,-0.003333333181217313,1,-0.003333333181217313
,academy_3_vs_1_with_keeper,42,collect_rollout,1326,0,14,0.0,False,False,0.0,0.0,0,0,0,0.0,0.0,0.0,0.0,0.0,1,0.0
,academy_3_vs_1_with_keeper,42,collect_rollout,1327,0,76,-0.27846826799213886,False,False,0.0,0.0,0,0,0,0.0,0.0,0.0,0.0,-0.27846826799213886,1,-0.27846826799213886
,academy_3_vs_1_with_keeper,42,collect_rollout,1328,0,33,0.04589560267049819,False,False,0.0,0.0,0,0,0,0.0,0.0,0.0,0.0,0.04589560267049819,1,0.04589560267049819
,academy_3_vs_1_with_keeper,42,collect_rollout,1329,0,15,-0.009999999543651938,False,False,0.0,0.0,0,0,0,0.0,0.0,0.0,0.0,-0.009999999543651938,1,-0.009999999543651938
,academy_3_vs_1_with_keeper,42,collect_rollout,1330,0,15,-0.003333333181217313,False,False,0.0,0.0,0,0,0,0.0,0.0,0.0,0.0,-0.003333333181217313,1,-0.003333333181217313
,academy_3_vs_1_with_keeper,42,collect_rollout,1331,0,18,-0.006666666362434626,False,False,0.0,0.0,0,0,0,0.0,0.0,0.0,0.0,-0.006666666362434626,1,-0.006666666362434626
,academy_3_vs_1_with_keeper,42,collect_rollout,1332,0,21,-0.003333333181217313,False,False,0.0,0.0,0,0,0,0.0,0.0,0.0,0.0,-0.003333333181217313,1,-0.003333333181217313
,academy_3_vs_1_with_keeper,42,collect_rollout,1333,0,139,-0.21293130400590599,False,False,0.0,0.0,0,0,0,0.0,0.0,0.0,0.0,-0.21293130400590599,1,-0.21293130400590599
,academy_3_vs_1_with_keeper,42,collect_rollout,1334,0,17,0.0,False,False,0.0,0.0,0,0,0,0.0,0.0,0.0,0.0,0.0,1,0.0
,academy_3_vs_1_with_keeper,42,collect_rollout,1335,0,65,-0.1111925056175096,False,False,0.0,0.0,0,0,0,0.0,0.0,0.0,0.0,-0.1111925056175096,1,-0.1111925056175096
,academy_3_vs_1_with_keeper,42,collect_rollout,1336,0,24,-0.006666666362434626,False,False,0.0,0.0,0,0,0,0.0,0.0,0.0,0.0,-0.006666666362434626,1,-0.006666666362434626
,academy_3_vs_1_with_keeper,42,collect_rollout,1337,0,33,-0.09474286231852602,False,False,0.0,0.0,0,0,0,0.0,0.0,0.0,0.0,-0.09474286231852602,1,-0.09474286231852602
,academy_3_vs_1_with_keeper,42,collect_rollout,1338,0,19,0.0,False,False,0.0,0.0,0,0,0,0.0,0.0,0.0,0.0,0.0,1,0.0
,academy_3_vs_1_with_keeper,42,collect_rollout,1339,0,17,0.0,False,False,0.0,0.0,0,0,0,0.0,0.0,0.0,0.0,0.0,1,0.0
,academy_3_vs_1_with_keeper,42,collect_rollout,1340,0,20,-0.009999999543651938,False,False,0.0,0.0,0,0,0,0.0,0.0,0.0,0.0,-0.009999999543651938,1,-0.009999999543651938
,academy_3_vs_1_with_keeper,42,collect_rollout,1341,0,17,-0.006666666362434626,False,False,0.0,0.0,0,0,0,0.0,0.0,0.0,0.0,-0.006666666362434626,1,-0.006666666362434626
,academy_3_vs_1_with_keeper,42,collect_rollout,1342,0,19,-0.006666666362434626,False,False,0.0,0.0,0,0,0,0.0,0.0,0.0,0.0,-0.006666666362434626,1,-0.006666666362434626
,academy_3_vs_1_with_keeper,42,collect_rollout,1343,0,15,0.0,False,False,0.0,0.0,0,0,0,0.0,0.0,0.0,0.0,0.0,1,0.0
,academy_3_vs_1_with_keeper,42,collect_rollout,1344,0,16,-0.003333333181217313,False,False,0.0,0.0,0,0,0,0.0,0.0,0.0,0.0,-0.003333333181217313,1,-0.003333333181217313
,academy_3_vs_1_with_keeper,42,collect_rollout,1345,0,16,-0.003333333181217313,False,False,0.0,0.0,0,0,0,0.0,0.0,0.0,0.0,-0.003333333181217313,1,-0.003333333181217313
,academy_3_vs_1_with_keeper,42,collect_rollout,1346,0,21,0.0,False,False,0.0,0.0,0,0,0,0.0,0.0,0.0,0.0,0.0,1,0.0
,academy_3_vs_1_with_keeper,42,collect_rollout,1347,0,86,-0.13033475005067885,False,False,0.0,0.0,0,0,0,0.0,0.0,0.0,0.0,-0.13033475005067885,1,-0.13033475005067885
,academy_3_vs_1_with_keeper,42,collect_rollout,1348,0,21,-0.006666666362434626,False,False,0.0,0.0,0,0,0,0.0,0.0,0.0,0.0,-0.006666666362434626,1,-0.006666666362434626
,academy_3_vs_1_with_keeper,42,collect_rollout,1349,0,59,-0.2140344767831266,False,False,0.0,0.0,0,0,0,0.0,0.0,0.0,0.0,-0.2140344767831266,1,-0.2140344767831266
,academy_3_vs_1_with_keeper,42,collect_rollout,1350,0,19,-0.003333333181217313,False,False,0.0,0.0,0,0,0,0.0,0.0,0.0,0.0,-0.003333333181217313,1,-0.003333333181217313
,academy_3_vs_1_with_keeper,42,collect_rollout,1351,0,15,0.0,False,False,0.0,0.0,0,0,0,0.0,0.0,0.0,0.0,0.0,1,0.0
,academy_3_vs_1_with_keeper,42,collect_rollout,1352,0,16,0.0,False,False,0.0,0.0,0,0,0,0.0,0.0,0.0,0.0,0.0,1,0.0
,academy_3_vs_1_with_keeper,42,collect_rollout,1353,0,17,-0.003333333181217313,False,False,0.0,0.0,0,0,0,0.0,0.0,0.0,0.0,-0.003333333181217313,1,-0.003333333181217313
,academy_3_vs_1_with_keeper,42,collect_rollout,1354,0,16,-0.003333333181217313,False,False,0.0,0.0,0,0,0,0.0,0.0,0.0,0.0,-0.003333333181217313,1,-0.003333333181217313
,academy_3_vs_1_with_keeper,42,collect_rollout,1355,0,19,-0.003333333181217313,False,False,0.0,0.0,0,0,0,0.0,0.0,0.0,0.0,-0.003333333181217313,1,-0.003333333181217313
,academy_3_vs_1_with_keeper,42,collect_rollout,1356,0,20,-0.003333333181217313,False,False,0.0,0.0,0,0,0,0.0,0.0,0.0,0.0,-0.003333333181217313,1,-0.003333333181217313
,academy_3_vs_1_with_keeper,42,collect_rollout,1357,0,74,-0.23697035625809804,False,False,0.0,0.0,0,0,0,0.0,0.0,0.0,0.0,-0.23697035625809804,1,-0.23697035625809804
,academy_3_vs_1_with_keeper,42,collect_rollout,1358,0,18,0.0,False,False,0.0,0.0,0,0,0,0.0,0.0,0.0,0.0,0.0,1,0.0
,academy_3_vs_1_with_keeper,42,collect_rollout,1359,0,18,-0.006666666362434626,False,False,0.0,0.0,0,0,0,0.0,0.0,0.0,0.0,-0.006666666362434626,1,-0.006666666362434626
,academy_3_vs_1_with_keeper,42,collect_rollout,1360,0,83,-0.1839535078033805,False,False,0.0,0.0,0,0,0,0.0,0.0,0.0,0.0,-0.1839535078033805,1,-0.1839535078033805
,academy_3_vs_1_with_keeper,42,collect_rollout,1361,0,17,0.0,False,False,0.0,0.0,0,0,0,0.0,0.0,0.0,0.0,0.0,1,0.0
,academy_3_vs_1_with_keeper,42,collect_rollout,1362,0,90,-0.24791636550799012,False,False,0.0,0.0,0,0,0,0.0,0.0,0.0,0.0,-0.24791636550799012,1,-0.24791636550799012
,academy_3_vs_1_with_keeper,42,collect_rollout,1363,0,15,0.0,False,False,0.0,0.0,0,0,0,0.0,0.0,0.0,0.0,0.0,1,0.0
,academy_3_vs_1_with_keeper,42,collect_rollout,1364,0,21,-0.003333333181217313,False,False,0.0,0.0,0,0,0,0.0,0.0,0.0,0.0,-0.003333333181217313,1,-0.003333333181217313
,academy_3_vs_1_with_keeper,42,collect_rollout,1365,0,17,-0.009999999543651938,False,False,0.0,0.0,0,0,0,0.0,0.0,0.0,0.0,-0.009999999543651938,1,-0.009999999543651938
,academy_3_vs_1_with_keeper,42,collect_rollout,1366,0,43,-0.042286773765226826,False,False,0.0,0.0,0,0,0,0.0,0.0,0.0,0.0,-0.042286773765226826,1,-0.042286773765226826
,academy_3_vs_1_with_keeper,42,collect_rollout,1367,0,15,0.0,False,False,0.0,0.0,0,0,0,0.0,0.0,0.0,0.0,0.0,1,0.0
,academy_3_vs_1_with_keeper,42,collect_rollout,1368,0,113,-0.5852637585485354,False,False,0.0,0.0,0,0,0,0.0,0.0,0.0,0.0,-0.5852637585485354,1,-0.5852637585485354
,academy_3_vs_1_with_keeper,42,collect_rollout,1369,0,18,-0.006666666362434626,False,False,0.0,0.0,0,0,0,0.0,0.0,0.0,0.0,-0.006666666362434626,1,-0.006666666362434626
,academy_3_vs_1_with_keeper,42,collect_rollout,1370,0,16,-0.003333333181217313,False,False,0.0,0.0,0,0,0,0.0,0.0,0.0,0.0,-0.003333333181217313,1,-0.003333333181217313
,academy_3_vs_1_with_keeper,42,collect_rollout,1371,0,23,-0.016666665906086564,False,False,0.0,0.0,0,0,0,0.0,0.0,0.0,0.0,-0.016666665906086564,1,-0.016666665906086564
,academy_3_vs_1_with_keeper,42,collect_rollout,1372,0,18,-0.006666666362434626,False,False,0.0,0.0,0,0,0,0.0,0.0,0.0,0.0,-0.006666666362434626,1,-0.006666666362434626
,academy_3_vs_1_with_keeper,42,collect_rollout,1373,0,20,-0.006666666362434626,False,False,0.0,0.0,0,0,0,0.0,0.0,0.0,0.0,-0.006666666362434626,1,-0.006666666362434626
,academy_3_vs_1_with_keeper,42,collect_rollout,1374,0,51,-0.09010877669788897,False,False,0.0,0.0,0,0,0,0.0,0.0,0.0,0.0,-0.09010877669788897,1,-0.09010877669788897
,academy_3_vs_1_with_keeper,42,collect_rollout,1375,0,17,-0.006666666362434626,False,False,0.0,0.0,0,0,0,0.0,0.0,0.0,0.0,-0.006666666362434626,1,-0.006666666362434626
,academy_3_vs_1_with_keeper,42,collect_rollout,1376,0,44,-0.042217460460960865,False,False,0.0,0.0,0,0,0,0.0,0.0,0.0,0.0,-0.042217460460960865,1,-0.042217460460960865
,academy_3_vs_1_with_keeper,42,collect_rollout,1377,0,19,-0.003333333181217313,False,False,0.0,0.0,0,0,0,0.0,0.0,0.0,0.0,-0.003333333181217313,1,-0.003333333181217313
,academy_3_vs_1_with_keeper,42,collect_rollout,1378,0,17,-0.009999999543651938,False,False,0.0,0.0,0,0,0,0.0,0.0,0.0,0.0,-0.009999999543651938,1,-0.009999999543651938
,academy_3_vs_1_with_keeper,42,collect_rollout,1379,0,19,-0.006666666362434626,False,False,0.0,0.0,0,0,0,0.0,0.0,0.0,0.0,-0.006666666362434626,1,-0.006666666362434626
,academy_3_vs_1_with_keeper,42,collect_rollout,1380,0,20,-0.006666666362434626,False,False,0.0,0.0,0,0,0,0.0,0.0,0.0,0.0,-0.006666666362434626,1,-0.006666666362434626
,academy_3_vs_1_with_keeper,42,collect_rollout,1381,0,18,-0.009999999543651938,False,False,0.0,0.0,0,0,0,0.0,0.0,0.0,0.0,-0.009999999543651938,1,-0.009999999543651938
,academy_3_vs_1_with_keeper,42,collect_rollout,1382,0,49,-0.029780483106151223,False,False,0.0,0.0,0,0,0,0.0,0.0,0.0,0.0,-0.029780483106151223,1,-0.029780483106151223
,academy_3_vs_1_with_keeper,42,collect_rollout,1383,0,13,-0.003333333181217313,False,False,0.0,0.0,0,0,0,0.0,0.0,0.0,0.0,-0.003333333181217313,1,-0.003333333181217313
,academy_3_vs_1_with_keeper,42,collect_rollout,1384,0,812,1.9775032647885382,False,False,0.0,0.0,0,0,0,0.0,0.0,0.0,0.0,1.9775032647885382,1,1.9775032647885382
,academy_3_vs_1_with_keeper,42,collect_rollout,1385,0,17,-0.009999999543651938,False,False,0.0,0.0,0,0,0,0.0,0.0,0.0,0.0,-0.009999999543651938,1,-0.009999999543651938
,academy_3_vs_1_with_keeper,42,collect_rollout,1386,0,15,-0.009999999543651938,False,False,0.0,0.0,0,0,0,0.0,0.0,0.0,0.0,-0.009999999543651938,1,-0.009999999543651938
,academy_3_vs_1_with_keeper,42,collect_rollout,1387,0,20,-0.013333332724869251,False,False,0.0,0.0,0,0,0,0.0,0.0,0.0,0.0,-0.013333332724869251,1,-0.013333332724869251
,academy_3_vs_1_with_keeper,42,collect_rollout,1388,0,43,0.03871322999475524,False,False,0.0,0.0,0,0,0,0.0,0.0,0.0,0.0,0.03871322999475524,1,0.03871322999475524
,academy_3_vs_1_with_keeper,42,collect_rollout,1389,0,35,0.033771171467378736,False,False,0.0,0.0,0,0,0,0.0,0.0,0.0,0.0,0.033771171467378736,1,0.033771171467378736
,academy_3_vs_1_with_keeper,42,collect_rollout,1390,0,10,-0.009702849492896348,False,False,0.0,0.0,0,0,0,0.0,0.0,0.0,0.0,-0.009702849492896348,1,-0.009702849492896348
,academy_3_vs_1_with_keeper,42,collect_rollout,1391,0,31,0.03963821579236537,False,False,0.0,0.0,0,0,0,0.0,0.0,0.0,0.0,0.03963821579236537,1,0.03963821579236537
,academy_3_vs_1_with_keeper,42,collect_rollout,1392,0,18,-0.003333333181217313,False,False,0.0,0.0,0,0,0,0.0,0.0,0.0,0.0,-0.003333333181217313,1,-0.003333333181217313
,academy_3_vs_1_with_keeper,42,collect_rollout,1393,0,162,-0.48191095219226554,False,False,0.0,0.0,0,0,0,0.0,0.0,0.0,0.0,-0.48191095219226554,1,-0.48191095219226554
,academy_3_vs_1_with_keeper,42,collect_rollout,1394,0,19,-0.006666666362434626,False,False,0.0,0.0,0,0,0,0.0,0.0,0.0,0.0,-0.006666666362434626,1,-0.006666666362434626
,academy_3_vs_1_with_keeper,42,collect_rollout,1395,0,9,-0.09198183240368962,False,False,0.0,0.0,0,0,0,0.0,0.0,0.0,0.0,-0.09198183240368962,1,-0.09198183240368962
,academy_3_vs_1_with_keeper,42,collect_rollout,1396,0,19,-0.003333333181217313,False,False,0.0,0.0,0,0,0,0.0,0.0,0.0,0.0,-0.003333333181217313,1,-0.003333333181217313
,academy_3_vs_1_with_keeper,42,collect_rollout,1397,0,19,0.0,False,False,0.0,0.0,0,0,0,0.0,0.0,0.0,0.0,0.0,1,0.0
,academy_3_vs_1_with_keeper,42,collect_rollout,1398,0,80,0.0463779794954462,False,False,0.0,0.0,0,0,0,0.0,0.0,0.0,0.0,0.0463779794954462,1,0.0463779794954462
,academy_3_vs_1_with_keeper,42,collect_rollout,1399,0,16,-0.003333333181217313,False,False,0.0,0.0,0,0,0,0.0,0.0,0.0,0.0,-0.003333333181217313,1,-0.003333333181217313
,academy_3_vs_1_with_keeper,42,collect_rollout,1400,0,19,-0.009999999543651938,False,False,0.0,0.0,0,0,0,0.0,0.0,0.0,0.0,-0.009999999543651938,1,-0.009999999543651938
,academy_3_vs_1_with_keeper,42,collect_rollout,1401,0,20,-0.009999999543651938,False,False,0.0,0.0,0,0,0,0.0,0.0,0.0,0.0,-0.009999999543651938,1,-0.009999999543651938
,academy_3_vs_1_with_keeper,42,collect_rollout,1402,0,18,-0.003333333181217313,False,False,0.0,0.0,0,0,0,0.0,0.0,0.0,0.0,-0.003333333181217313,1,-0.003333333181217313
,academy_3_vs_1_with_keeper,42,collect_rollout,1403,0,43,0.028725239797495306,False,False,0.0,0.0,0,0,0,0.0,0.0,0.0,0.0,0.028725239797495306,1,0.028725239797495306
,academy_3_vs_1_with_keeper,42,collect_rollout,1404,0,15,-0.003333333181217313,False,False,0.0,0.0,0,0,0,0.0,0.0,0.0,0.0,-0.003333333181217313,1,-0.003333333181217313
,academy_3_vs_1_with_keeper,42,collect_rollout,1405,0,21,-0.003333333181217313,False,False,0.0,0.0,0,0,0,0.0,0.0,0.0,0.0,-0.003333333181217313,1,-0.003333333181217313
,academy_3_vs_1_with_keeper,42,collect_rollout,1406,0,16,-0.009999999543651938,False,False,0.0,0.0,0,0,0,0.0,0.0,0.0,0.0,-0.009999999543651938,1,-0.009999999543651938
,academy_3_vs_1_with_keeper,42,collect_rollout,1407,0,16,-0.013333332724869251,False,False,0.0,0.0,0,0,0,0.0,0.0,0.0,0.0,-0.013333332724869251,1,-0.013333332724869251
,academy_3_vs_1_with_keeper,42,collect_rollout,1408,0,15,0.0,False,False,0.0,0.0,0,0,0,0.0,0.0,0.0,0.0,0.0,1,0.0
,academy_3_vs_1_with_keeper,42,collect_rollout,1409,0,21,-0.013333332724869251,False,False,0.0,0.0,0,0,0,0.0,0.0,0.0,0.0,-0.013333332724869251,1,-0.013333332724869251
,academy_3_vs_1_with_keeper,42,collect_rollout,1410,0,54,-0.041662974981591105,False,False,0.0,0.0,0,0,0,0.0,0.0,0.0,0.0,-0.041662974981591105,1,-0.041662974981591105
,academy_3_vs_1_with_keeper,42,collect_rollout,1411,0,90,-0.00810343970078975,False,False,0.0,0.0,0,0,0,0.0,0.0,0.0,0.0,-0.00810343970078975,1,-0.00810343970078975
,academy_3_vs_1_with_keeper,42,collect_rollout,1412,0,20,-0.006666666362434626,False,False,0.0,0.0,0,0,0,0.0,0.0,0.0,0.0,-0.006666666362434626,1,-0.006666666362434626
,academy_3_vs_1_with_keeper,42,collect_rollout,1413,0,65,-0.15174779342487454,False,False,0.0,0.0,0,0,0,0.0,0.0,0.0,0.0,-0.15174779342487454,1,-0.15174779342487454
,academy_3_vs_1_with_keeper,42,collect_rollout,1414,0,16,-0.013333332724869251,False,False,0.0,0.0,0,0,0,0.0,0.0,0.0,0.0,-0.013333332724869251,1,-0.013333332724869251
,academy_3_vs_1_with_keeper,42,collect_rollout,1415,0,100,-0.25804459233768284,False,False,0.0,0.0,0,0,0,0.0,0.0,0.0,0.0,-0.25804459233768284,1,-0.25804459233768284
,academy_3_vs_1_with_keeper,42,collect_rollout,1416,0,91,0.07389243808574975,False,False,0.0,0.0,0,0,0,0.0,0.0,0.0,0.0,0.07389243808574975,1,0.07389243808574975
,academy_3_vs_1_with_keeper,42,collect_rollout,1417,0,21,-0.006666666362434626,False,False,0.0,0.0,0,0,0,0.0,0.0,0.0,0.0,-0.006666666362434626,1,-0.006666666362434626
,academy_3_vs_1_with_keeper,42,collect_rollout,1418,0,20,-0.003333333181217313,False,False,0.0,0.0,0,0,0,0.0,0.0,0.0,0.0,-0.003333333181217313,1,-0.003333333181217313
,academy_3_vs_1_with_keeper,42,collect_rollout,1419,0,19,-0.006666666362434626,False,False,0.0,0.0,0,0,0,0.0,0.0,0.0,0.0,-0.006666666362434626,1,-0.006666666362434626
,academy_3_vs_1_with_keeper,42,collect_rollout,1420,0,18,-0.009999999543651938,False,False,0.0,0.0,0,0,0,0.0,0.0,0.0,0.0,-0.009999999543651938,1,-0.009999999543651938
,academy_3_vs_1_with_keeper,42,collect_rollout,1421,0,19,-0.003333333181217313,False,False,0.0,0.0,0,0,0,0.0,0.0,0.0,0.0,-0.003333333181217313,1,-0.003333333181217313
,academy_3_vs_1_with_keeper,42,collect_rollout,1422,0,19,-0.009999999543651938,False,False,0.0,0.0,0,0,0,0.0,0.0,0.0,0.0,-0.009999999543651938,1,-0.009999999543651938
,academy_3_vs_1_with_keeper,42,collect_rollout,1423,0,23,-0.006666666362434626,False,False,0.0,0.0,0,0,0,0.0,0.0,0.0,0.0,-0.006666666362434626,1,-0.006666666362434626
,academy_3_vs_1_with_keeper,42,collect_rollout,1424,0,15,-0.009999999543651938,False,False,0.0,0.0,0,0,0,0.0,0.0,0.0,0.0,-0.009999999543651938,1,-0.009999999543651938
,academy_3_vs_1_with_keeper,42,collect_rollout,1425,0,17,0.0,False,False,0.0,0.0,0,0,0,0.0,0.0,0.0,0.0,0.0,1,0.0
,academy_3_vs_1_with_keeper,42,collect_rollout,1426,0,16,-0.009999999543651938,False,False,0.0,0.0,0,0,0,0.0,0.0,0.0,0.0,-0.009999999543651938,1,-0.009999999543651938
,academy_3_vs_1_with_keeper,42,collect_rollout,1427,0,19,-0.009999999543651938,False,False,0.0,0.0,0,0,0,0.0,0.0,0.0,0.0,-0.009999999543651938,1,-0.009999999543651938
,academy_3_vs_1_with_keeper,42,collect_rollout,1428,0,19,-0.013333332724869251,False,False,0.0,0.0,0,0,0,0.0,0.0,0.0,0.0,-0.013333332724869251,1,-0.013333332724869251
,academy_3_vs_1_with_keeper,42,collect_rollout,1429,0,17,0.0,False,False,0.0,0.0,0,0,0,0.0,0.0,0.0,0.0,0.0,1,0.0
,academy_3_vs_1_with_keeper,42,collect_rollout,1430,0,23,-0.009999999543651938,False,False,0.0,0.0,0,0,0,0.0,0.0,0.0,0.0,-0.009999999543651938,1,-0.009999999543651938
,academy_3_vs_1_with_keeper,42,collect_rollout,1431,0,20,-0.003333333181217313,False,False,0.0,0.0,0,0,0,0.0,0.0,0.0,0.0,-0.003333333181217313,1,-0.003333333181217313
,academy_3_vs_1_with_keeper,42,collect_rollout,1432,0,15,-0.006666666362434626,False,False,0.0,0.0,0,0,0,0.0,0.0,0.0,0.0,-0.006666666362434626,1,-0.006666666362434626
,academy_3_vs_1_with_keeper,42,collect_rollout,1433,0,18,-0.006666666362434626,False,False,0.0,0.0,0,0,0,0.0,0.0,0.0,0.0,-0.006666666362434626,1,-0.006666666362434626
,academy_3_vs_1_with_keeper,42,collect_rollout,1434,0,49,-0.0585197564214468,False,False,0.0,0.0,0,0,0,0.0,0.0,0.0,0.0,-0.0585197564214468,1,-0.0585197564214468
,academy_3_vs_1_with_keeper,42,collect_rollout,1435,0,73,-0.23693132487824187,False,False,0.0,0.0,0,0,0,0.0,0.0,0.0,0.0,-0.23693132487824187,1,-0.23693132487824187
,academy_3_vs_1_with_keeper,42,collect_rollout,1436,0,63,-0.0899028405547142,False,False,0.0,0.0,0,0,0,0.0,0.0,0.0,0.0,-0.0899028405547142,1,-0.0899028405547142
,academy_3_vs_1_with_keeper,42,collect_rollout,1437,0,19,-0.006666666362434626,False,False,0.0,0.0,0,0,0,0.0,0.0,0.0,0.0,-0.006666666362434626,1,-0.006666666362434626
,academy_3_vs_1_with_keeper,42,collect_rollout,1438,0,20,-0.003333333181217313,False,False,0.0,0.0,0,0,0,0.0,0.0,0.0,0.0,-0.003333333181217313,1,-0.003333333181217313
,academy_3_vs_1_with_keeper,42,collect_rollout,1439,0,15,-0.003333333181217313,False,False,0.0,0.0,0,0,0,0.0,0.0,0.0,0.0,-0.003333333181217313,1,-0.003333333181217313
,academy_3_vs_1_with_keeper,42,collect_rollout,1440,0,20,-0.009999999543651938,False,False,0.0,0.0,0,0,0,0.0,0.0,0.0,0.0,-0.009999999543651938,1,-0.009999999543651938
,academy_3_vs_1_with_keeper,42,collect_rollout,1441,0,20,-0.003333333181217313,False,False,0.0,0.0,0,0,0,0.0,0.0,0.0,0.0,-0.003333333181217313,1,-0.003333333181217313
,academy_3_vs_1_with_keeper,42,collect_rollout,1442,0,17,0.0,False,False,0.0,0.0,0,0,0,0.0,0.0,0.0,0.0,0.0,1,0.0
,academy_3_vs_1_with_keeper,42,collect_rollout,1443,0,21,-0.006666666362434626,False,False,0.0,0.0,0,0,0,0.0,0.0,0.0,0.0,-0.006666666362434626,1,-0.006666666362434626
,academy_3_vs_1_with_keeper,42,collect_rollout,1444,0,14,-0.003333333181217313,False,False,0.0,0.0,0,0,0,0.0,0.0,0.0,0.0,-0.003333333181217313,1,-0.003333333181217313
,academy_3_vs_1_with_keeper,42,collect_rollout,1445,0,21,-0.003333333181217313,False,False,0.0,0.0,0,0,0,0.0,0.0,0.0,0.0,-0.003333333181217313,1,-0.003333333181217313
,academy_3_vs_1_with_keeper,42,collect_rollout,1446,0,21,-0.003333333181217313,False,False,0.0,0.0,0,0,0,0.0,0.0,0.0,0.0,-0.003333333181217313,1,-0.003333333181217313
,academy_3_vs_1_with_keeper,42,collect_rollout,1447,0,139,-0.3646732803899795,False,False,0.0,0.0,0,0,0,0.0,0.0,0.0,0.0,-0.3646732803899795,1,-0.3646732803899795
,academy_3_vs_1_with_keeper,42,collect_rollout,1448,0,18,-0.006666666362434626,False,False,0.0,0.0,0,0,0,0.0,0.0,0.0,0.0,-0.006666666362434626,1,-0.006666666362434626
,academy_3_vs_1_with_keeper,42,collect_rollout,1449,0,18,-0.006666666362434626,False,False,0.0,0.0,0,0,0,0.0,0.0,0.0,0.0,-0.006666666362434626,1,-0.006666666362434626
,academy_3_vs_1_with_keeper,42,collect_rollout,1450,0,24,-0.006666666362434626,False,False,0.0,0.0,0,0,0,0.0,0.0,0.0,0.0,-0.006666666362434626,1,-0.006666666362434626
,academy_3_vs_1_with_keeper,42,collect_rollout,1451,0,16,-0.003333333181217313,False,False,0.0,0.0,0,0,0,0.0,0.0,0.0,0.0,-0.003333333181217313,1,-0.003333333181217313
,academy_3_vs_1_with_keeper,42,collect_rollout,1452,0,19,-0.006666666362434626,False,False,0.0,0.0,0,0,0,0.0,0.0,0.0,0.0,-0.006666666362434626,1,-0.006666666362434626
,academy_3_vs_1_with_keeper,42,collect_rollout,1453,0,19,-0.006666666362434626,False,False,0.0,0.0,0,0,0,0.0,0.0,0.0,0.0,-0.006666666362434626,1,-0.006666666362434626
,academy_3_vs_1_with_keeper,42,collect_rollout,1454,0,15,-0.003333333181217313,False,False,0.0,0.0,0,0,0,0.0,0.0,0.0,0.0,-0.003333333181217313,1,-0.003333333181217313
,academy_3_vs_1_with_keeper,42,collect_rollout,1455,0,17,0.0,False,False,0.0,0.0,0,0,0,0.0,0.0,0.0,0.0,0.0,1,0.0
,academy_3_vs_1_with_keeper,42,collect_rollout,1456,0,19,-0.013333332724869251,False,False,0.0,0.0,0,0,0,0.0,0.0,0.0,0.0,-0.013333332724869251,1,-0.013333332724869251
,academy_3_vs_1_with_keeper,42,collect_rollout,1457,0,17,-0.013333332724869251,False,False,0.0,0.0,0,0,0,0.0,0.0,0.0,0.0,-0.013333332724869251,1,-0.013333332724869251
,academy_3_vs_1_with_keeper,42,collect_rollout,1458,0,145,-0.46998600533697754,False,False,0.0,0.0,0,0,0,0.0,0.0,0.0,0.0,-0.46998600533697754,1,-0.46998600533697754
,academy_3_vs_1_with_keeper,42,collect_rollout,1459,0,23,-0.006666666362434626,False,False,0.0,0.0,0,0,0,0.0,0.0,0.0,0.0,-0.006666666362434626,1,-0.006666666362434626
,academy_3_vs_1_with_keeper,42,collect_rollout,1460,0,8,0.008621936780400574,False,False,0.0,0.0,0,0,0,0.0,0.0,0.0,0.0,0.008621936780400574,1,0.008621936780400574
,academy_3_vs_1_with_keeper,42,collect_rollout,1461,0,16,0.0,False,False,0.0,0.0,0,0,0,0.0,0.0,0.0,0.0,0.0,1,0.0
,academy_3_vs_1_with_keeper,42,collect_rollout,1462,0,19,-0.003333333181217313,False,False,0.0,0.0,0,0,0,0.0,0.0,0.0,0.0,-0.003333333181217313,1,-0.003333333181217313
,academy_3_vs_1_with_keeper,42,collect_rollout,1463,0,23,-0.013333332724869251,False,False,0.0,0.0,0,0,0,0.0,0.0,0.0,0.0,-0.013333332724869251,1,-0.013333332724869251
,academy_3_vs_1_with_keeper,42,collect_rollout,1464,0,16,-0.009999999543651938,False,False,0.0,0.0,0,0,0,0.0,0.0,0.0,0.0,-0.009999999543651938,1,-0.009999999543651938
,academy_3_vs_1_with_keeper,42,collect_rollout,1465,0,21,0.0,False,False,0.0,0.0,0,0,0,0.0,0.0,0.0,0.0,0.0,1,0.0
,academy_3_vs_1_with_keeper,42,collect_rollout,1466,0,12,-0.011586520704440773,False,False,0.0,0.0,0,0,0,0.0,0.0,0.0,0.0,-0.011586520704440773,1,-0.011586520704440773
,academy_3_vs_1_with_keeper,42,collect_rollout,1467,0,15,-0.006666666362434626,False,False,0.0,0.0,0,0,0,0.0,0.0,0.0,0.0,-0.006666666362434626,1,-0.006666666362434626
,academy_3_vs_1_with_keeper,42,collect_rollout,1468,0,19,-0.003333333181217313,False,False,0.0,0.0,0,0,0,0.0,0.0,0.0,0.0,-0.003333333181217313,1,-0.003333333181217313
,academy_3_vs_1_with_keeper,42,collect_rollout,1469,0,158,-0.7829855752643198,False,False,0.0,0.0,0,0,0,0.0,0.0,0.0,0.0,-0.7829855752643198,1,-0.7829855752643198
,academy_3_vs_1_with_keeper,42,collect_rollout,1470,0,15,0.0,False,False,0.0,0.0,0,0,0,0.0,0.0,0.0,0.0,0.0,1,0.0
,academy_3_vs_1_with_keeper,42,collect_rollout,1471,0,16,0.0,False,False,0.0,0.0,0,0,0,0.0,0.0,0.0,0.0,0.0,1,0.0
,academy_3_vs_1_with_keeper,42,collect_rollout,1472,0,86,-0.1246839021332562,False,False,0.0,0.0,0,0,0,0.0,0.0,0.0,0.0,-0.1246839021332562,1,-0.1246839021332562
,academy_3_vs_1_with_keeper,42,collect_rollout,1473,0,34,0.09131648438051343,False,False,0.0,0.0,0,0,0,0.0,0.0,0.0,0.0,0.09131648438051343,1,0.09131648438051343
,academy_3_vs_1_with_keeper,42,collect_rollout,1474,0,121,-0.4899158987682313,False,False,0.0,0.0,0,0,0,0.0,0.0,0.0,0.0,-0.4899158987682313,1,-0.4899158987682313
,academy_3_vs_1_with_keeper,42,collect_rollout,1475,0,16,-0.003333333181217313,False,False,0.0,0.0,0,0,0,0.0,0.0,0.0,0.0,-0.003333333181217313,1,-0.003333333181217313
,academy_3_vs_1_with_keeper,42,collect_rollout,1476,0,17,-0.006666666362434626,False,False,0.0,0.0,0,0,0,0.0,0.0,0.0,0.0,-0.006666666362434626,1,-0.006666666362434626
,academy_3_vs_1_with_keeper,42,collect_rollout,1477,0,16,-0.006666666362434626,False,False,0.0,0.0,0,0,0,0.0,0.0,0.0,0.0,-0.006666666362434626,1,-0.006666666362434626
,academy_3_vs_1_with_keeper,42,collect_rollout,1478,0,21,0.0,False,False,0.0,0.0,0,0,0,0.0,0.0,0.0,0.0,0.0,1,0.0
,academy_3_vs_1_with_keeper,42,collect_rollout,1479,0,38,-0.051977738621644676,False,False,0.0,0.0,0,0,0,0.0,0.0,0.0,0.0,-0.051977738621644676,1,-0.051977738621644676
,academy_3_vs_1_with_keeper,42,collect_rollout,1480,0,9,-0.10018821246922016,False,False,0.0,0.0,0,0,0,0.0,0.0,0.0,0.0,-0.10018821246922016,1,-0.10018821246922016
,academy_3_vs_1_with_keeper,42,collect_rollout,1481,0,92,-0.24917473341338336,False,False,0.0,0.0,0,0,0,0.0,0.0,0.0,0.0,-0.24917473341338336,1,-0.24917473341338336
,academy_3_vs_1_with_keeper,42,collect_rollout,1482,0,59,-0.04554813785944134,False,False,0.0,0.0,0,0,0,0.0,0.0,0.0,0.0,-0.04554813785944134,1,-0.04554813785944134
,academy_3_vs_1_with_keeper,42,collect_rollout,1483,0,16,-0.006666666362434626,False,False,0.0,0.0,0,0,0,0.0,0.0,0.0,0.0,-0.006666666362434626,1,-0.006666666362434626
,academy_3_vs_1_with_keeper,42,collect_rollout,1484,0,15,-0.009999999543651938,False,False,0.0,0.0,0,0,0,0.0,0.0,0.0,0.0,-0.009999999543651938,1,-0.009999999543651938
,academy_3_vs_1_with_keeper,42,collect_rollout,1485,0,15,-0.013333332724869251,False,False,0.0,0.0,0,0,0,0.0,0.0,0.0,0.0,-0.013333332724869251,1,-0.013333332724869251
,academy_3_vs_1_with_keeper,42,collect_rollout,1486,0,17,-0.019999999087303877,False,False,0.0,0.0,0,0,0,0.0,0.0,0.0,0.0,-0.019999999087303877,1,-0.019999999087303877
,academy_3_vs_1_with_keeper,42,collect_rollout,1487,0,67,-0.2515538746956736,False,False,0.0,0.0,0,0,0,0.0,0.0,0.0,0.0,-0.2515538746956736,1,-0.2515538746956736
,academy_3_vs_1_with_keeper,42,collect_rollout,1488,0,19,-0.003333333181217313,False,False,0.0,0.0,0,0,0,0.0,0.0,0.0,0.0,-0.003333333181217313,1,-0.003333333181217313
,academy_3_vs_1_with_keeper,42,collect_rollout,1489,0,15,-0.003333333181217313,False,False,0.0,0.0,0,0,0,0.0,0.0,0.0,0.0,-0.003333333181217313,1,-0.003333333181217313
,academy_3_vs_1_with_keeper,42,collect_rollout,1490,0,61,-0.16152441245503724,False,False,0.0,0.0,0,0,0,0.0,0.0,0.0,0.0,-0.16152441245503724,1,-0.16152441245503724
,academy_3_vs_1_with_keeper,42,collect_rollout,1491,0,21,-0.003333333181217313,False,False,0.0,0.0,0,0,0,0.0,0.0,0.0,0.0,-0.003333333181217313,1,-0.003333333181217313
,academy_3_vs_1_with_keeper,42,collect_rollout,1492,0,16,-0.003333333181217313,False,False,0.0,0.0,0,0,0,0.0,0.0,0.0,0.0,-0.003333333181217313,1,-0.003333333181217313
,academy_3_vs_1_with_keeper,42,collect_rollout,1493,0,11,-0.09909354057163,False,False,0.0,0.0,0,0,0,0.0,0.0,0.0,0.0,-0.09909354057163,1,-0.09909354057163
,academy_3_vs_1_with_keeper,42,collect_rollout,1494,0,17,-0.009999999543651938,False,False,0.0,0.0,0,0,0,0.0,0.0,0.0,0.0,-0.009999999543651938,1,-0.009999999543651938
,academy_3_vs_1_with_keeper,42,collect_rollout,1495,0,20,0.0,False,False,0.0,0.0,0,0,0,0.0,0.0,0.0,0.0,0.0,1,0.0
,academy_3_vs_1_with_keeper,42,collect_rollout,1496,0,18,-0.003333333181217313,False,False,0.0,0.0,0,0,0,0.0,0.0,0.0,0.0,-0.003333333181217313,1,-0.003333333181217313
,academy_3_vs_1_with_keeper,42,collect_rollout,1497,0,19,-0.006666666362434626,False,False,0.0,0.0,0,0,0,0.0,0.0,0.0,0.0,-0.006666666362434626,1,-0.006666666362434626
,academy_3_vs_1_with_keeper,42,collect_rollout,1498,0,17,-0.006666666362434626,False,False,0.0,0.0,0,0,0,0.0,0.0,0.0,0.0,-0.006666666362434626,1,-0.006666666362434626
,academy_3_vs_1_with_keeper,42,collect_rollout,1499,0,18,-0.006666666362434626,False,False,0.0,0.0,0,0,0,0.0,0.0,0.0,0.0,-0.006666666362434626,1,-0.006666666362434626
,academy_3_vs_1_with_keeper,42,collect_rollout,1500,0,17,-0.006666666362434626,False,False,0.0,0.0,0,0,0,0.0,0.0,0.0,0.0,-0.006666666362434626,1,-0.006666666362434626
,academy_3_vs_1_with_keeper,42,collect_rollout,1501,0,14,-0.003333333181217313,False,False,0.0,0.0,0,0,0,0.0,0.0,0.0,0.0,-0.003333333181217313,1,-0.003333333181217313
,academy_3_vs_1_with_keeper,42,collect_rollout,1502,0,21,-0.006666666362434626,False,False,0.0,0.0,0,0,0,0.0,0.0,0.0,0.0,-0.006666666362434626,1,-0.006666666362434626
,academy_3_vs_1_with_keeper,42,collect_rollout,1503,0,75,-0.31757894274778664,False,False,0.0,0.0,0,0,0,0.0,0.0,0.0,0.0,-0.31757894274778664,1,-0.31757894274778664
,academy_3_vs_1_with_keeper,42,collect_rollout,1504,0,19,-0.003333333181217313,False,False,0.0,0.0,0,0,0,0.0,0.0,0.0,0.0,-0.003333333181217313,1,-0.003333333181217313
,academy_3_vs_1_with_keeper,42,collect_rollout,1505,0,18,0.0,False,False,0.0,0.0,0,0,0,0.0,0.0,0.0,0.0,0.0,1,0.0
,academy_3_vs_1_with_keeper,42,collect_rollout,1506,0,19,-0.009999999543651938,False,False,0.0,0.0,0,0,0,0.0,0.0,0.0,0.0,-0.009999999543651938,1,-0.009999999543651938
,academy_3_vs_1_with_keeper,42,collect_rollout,1507,0,90,-0.08653816813603044,False,False,0.0,0.0,0,0,0,0.0,0.0,0.0,0.0,-0.08653816813603044,1,-0.08653816813603044
,academy_3_vs_1_with_keeper,42,collect_rollout,1508,0,18,-0.003333333181217313,False,False,0.0,0.0,0,0,0,0.0,0.0,0.0,0.0,-0.003333333181217313,1,-0.003333333181217313
,academy_3_vs_1_with_keeper,42,collect_rollout,1509,0,73,-0.17016302602132782,False,False,0.0,0.0,0,0,0,0.0,0.0,0.0,0.0,-0.17016302602132782,1,-0.17016302602132782
,academy_3_vs_1_with_keeper,42,collect_rollout,1510,0,19,0.0,False,False,0.0,0.0,0,0,0,0.0,0.0,0.0,0.0,0.0,1,0.0
,academy_3_vs_1_with_keeper,42,collect_rollout,1511,0,19,-0.006666666362434626,False,False,0.0,0.0,0,0,0,0.0,0.0,0.0,0.0,-0.006666666362434626,1,-0.006666666362434626
,academy_3_vs_1_with_keeper,42,collect_rollout,1512,0,19,-0.006666666362434626,False,False,0.0,0.0,0,0,0,0.0,0.0,0.0,0.0,-0.006666666362434626,1,-0.006666666362434626
,academy_3_vs_1_with_keeper,42,collect_rollout,1513,0,17,0.0,False,False,0.0,0.0,0,0,0,0.0,0.0,0.0,0.0,0.0,1,0.0
,academy_3_vs_1_with_keeper,42,collect_rollout,1514,0,19,-0.003333333181217313,False,False,0.0,0.0,0,0,0,0.0,0.0,0.0,0.0,-0.003333333181217313,1,-0.003333333181217313
,academy_3_vs_1_with_keeper,42,collect_rollout,1515,0,59,-0.22999999416060746,False,False,0.0,0.0,0,0,0,0.0,0.0,0.0,0.0,-0.22999999416060746,1,-0.22999999416060746
,academy_3_vs_1_with_keeper,42,collect_rollout,1516,0,19,-0.003333333181217313,False,False,0.0,0.0,0,0,0,0.0,0.0,0.0,0.0,-0.003333333181217313,1,-0.003333333181217313
,academy_3_vs_1_with_keeper,42,collect_rollout,1517,0,20,-0.009999999543651938,False,False,0.0,0.0,0,0,0,0.0,0.0,0.0,0.0,-0.009999999543651938,1,-0.009999999543651938
,academy_3_vs_1_with_keeper,42,collect_rollout,1518,0,17,-0.006666666362434626,False,False,0.0,0.0,0,0,0,0.0,0.0,0.0,0.0,-0.006666666362434626,1,-0.006666666362434626
,academy_3_vs_1_with_keeper,42,collect_rollout,1519,0,18,0.0,False,False,0.0,0.0,0,0,0,0.0,0.0,0.0,0.0,0.0,1,0.0
,academy_3_vs_1_with_keeper,42,collect_rollout,1520,0,17,-0.006666666362434626,False,False,0.0,0.0,0,0,0,0.0,0.0,0.0,0.0,-0.006666666362434626,1,-0.006666666362434626
,academy_3_vs_1_with_keeper,42,collect_rollout,1521,0,9,0.0007888746913522482,False,False,0.0,0.0,0,0,0,0.0,0.0,0.0,0.0,0.0007888746913522482,1,0.0007888746913522482
,academy_3_vs_1_with_keeper,42,collect_rollout,1522,0,20,0.0,False,False,0.0,0.0,0,0,0,0.0,0.0,0.0,0.0,0.0,1,0.0
,academy_3_vs_1_with_keeper,42,collect_rollout,1523,0,15,-0.003333333181217313,False,False,0.0,0.0,0,0,0,0.0,0.0,0.0,0.0,-0.003333333181217313,1,-0.003333333181217313
,academy_3_vs_1_with_keeper,42,collect_rollout,1524,0,15,-0.003333333181217313,False,False,0.0,0.0,0,0,0,0.0,0.0,0.0,0.0,-0.003333333181217313,1,-0.003333333181217313
,academy_3_vs_1_with_keeper,42,collect_rollout,1525,0,22,-0.009999999543651938,False,False,0.0,0.0,0,0,0,0.0,0.0,0.0,0.0,-0.009999999543651938,1,-0.009999999543651938
,academy_3_vs_1_with_keeper,42,collect_rollout,1526,0,20,-0.006666666362434626,False,False,0.0,0.0,0,0,0,0.0,0.0,0.0,0.0,-0.006666666362434626,1,-0.006666666362434626
,academy_3_vs_1_with_keeper,42,collect_rollout,1527,0,88,0.035004323231987655,False,False,0.0,0.0,0,0,0,0.0,0.0,0.0,0.0,0.035004323231987655,1,0.035004323231987655
,academy_3_vs_1_with_keeper,42,collect_rollout,1528,0,33,2.0486160803120583,False,False,0.0,0.0,0,0,0,0.0,0.0,0.0,0.0,2.0486160803120583,1,2.0486160803120583
,academy_3_vs_1_with_keeper,42,collect_rollout,1529,0,45,0.03901877463795245,False,False,0.0,0.0,0,0,0,0.0,0.0,0.0,0.0,0.03901877463795245,1,0.03901877463795245
,academy_3_vs_1_with_keeper,42,collect_rollout,1530,0,17,-0.006666666362434626,False,False,0.0,0.0,0,0,0,0.0,0.0,0.0,0.0,-0.006666666362434626,1,-0.006666666362434626
,academy_3_vs_1_with_keeper,42,collect_rollout,1531,0,18,-0.003333333181217313,False,False,0.0,0.0,0,0,0,0.0,0.0,0.0,0.0,-0.003333333181217313,1,-0.003333333181217313
,academy_3_vs_1_with_keeper,42,collect_rollout,1532,0,15,0.0,False,False,0.0,0.0,0,0,0,0.0,0.0,0.0,0.0,0.0,1,0.0
,academy_3_vs_1_with_keeper,42,collect_rollout,1533,0,42,0.021910915907938033,False,False,0.0,0.0,0,0,0,0.0,0.0,0.0,0.0,0.021910915907938033,1,0.021910915907938033
,academy_3_vs_1_with_keeper,42,collect_rollout,1534,0,19,-0.009999999543651938,False,False,0.0,0.0,0,0,0,0.0,0.0,0.0,0.0,-0.009999999543651938,1,-0.009999999543651938
,academy_3_vs_1_with_keeper,42,collect_rollout,1535,0,20,0.0,False,False,0.0,0.0,0,0,0,0.0,0.0,0.0,0.0,0.0,1,0.0
,academy_3_vs_1_with_keeper,42,collect_rollout,1536,0,22,0.0,False,False,0.0,0.0,0,0,0,0.0,0.0,0.0,0.0,0.0,1,0.0
,academy_3_vs_1_with_keeper,42,collect_rollout,1537,0,89,-0.14945517032174394,False,False,0.0,0.0,0,0,0,0.0,0.0,0.0,0.0,-0.14945517032174394,1,-0.14945517032174394
,academy_3_vs_1_with_keeper,42,collect_rollout,1538,0,16,0.0,False,False,0.0,0.0,0,0,0,0.0,0.0,0.0,0.0,0.0,1,0.0
,academy_3_vs_1_with_keeper,42,collect_rollout,1539,0,52,-0.06779139954596758,False,False,0.0,0.0,0,0,0,0.0,0.0,0.0,0.0,-0.06779139954596758,1,-0.06779139954596758
,academy_3_vs_1_with_keeper,42,collect_rollout,1540,0,126,-0.17438701645005494,False,False,0.0,0.0,0,0,0,0.0,0.0,0.0,0.0,-0.17438701645005494,1,-0.17438701645005494
,academy_3_vs_1_with_keeper,42,collect_rollout,1541,0,17,-0.013333332724869251,False,False,0.0,0.0,0,0,0,0.0,0.0,0.0,0.0,-0.013333332724869251,1,-0.013333332724869251
,academy_3_vs_1_with_keeper,42,collect_rollout,1542,0,16,-0.003333333181217313,False,False,0.0,0.0,0,0,0,0.0,0.0,0.0,0.0,-0.003333333181217313,1,-0.003333333181217313
,academy_3_vs_1_with_keeper,42,collect_rollout,1543,0,87,-0.06660481052495015,False,False,0.0,0.0,0,0,0,0.0,0.0,0.0,0.0,-0.06660481052495015,1,-0.06660481052495015
,academy_3_vs_1_with_keeper,42,collect_rollout,1544,0,17,-0.009999999543651938,False,False,0.0,0.0,0,0,0,0.0,0.0,0.0,0.0,-0.009999999543651938,1,-0.009999999543651938
,academy_3_vs_1_with_keeper,42,collect_rollout,1545,0,20,0.0,False,False,0.0,0.0,0,0,0,0.0,0.0,0.0,0.0,0.0,1,0.0
,academy_3_vs_1_with_keeper,42,collect_rollout,1546,0,1801,-0.7248405826976523,False,False,0.0,0.0,0,0,0,0.0,0.0,0.0,0.0,-0.7248405826976523,1,-0.7248405826976523
,academy_3_vs_1_with_keeper,42,collect_rollout,1547,0,19,-0.006662987521849573,False,False,0.0,0.0,0,0,0,0.0,0.0,0.0,0.0,-0.006662987521849573,1,-0.006662987521849573
,academy_3_vs_1_with_keeper,42,collect_rollout,1548,0,19,0.0,False,False,0.0,0.0,0,0,0,0.0,0.0,0.0,0.0,0.0,1,0.0
,academy_3_vs_1_with_keeper,42,collect_rollout,1549,0,23,-0.003333333181217313,False,False,0.0,0.0,0,0,0,0.0,0.0,0.0,0.0,-0.003333333181217313,1,-0.003333333181217313
,academy_3_vs_1_with_keeper,42,collect_rollout,1550,0,19,0.0,False,False,0.0,0.0,0,0,0,0.0,0.0,0.0,0.0,0.0,1,0.0
,academy_3_vs_1_with_keeper,42,collect_rollout,1551,0,183,-0.4570354255847633,False,False,0.0,0.0,0,0,0,0.0,0.0,0.0,0.0,-0.4570354255847633,1,-0.4570354255847633
,academy_3_vs_1_with_keeper,42,collect_rollout,1552,0,19,-0.003333333181217313,False,False,0.0,0.0,0,0,0,0.0,0.0,0.0,0.0,-0.003333333181217313,1,-0.003333333181217313
,academy_3_vs_1_with_keeper,42,collect_rollout,1553,0,17,-0.006666666362434626,False,False,0.0,0.0,0,0,0,0.0,0.0,0.0,0.0,-0.006666666362434626,1,-0.006666666362434626
,academy_3_vs_1_with_keeper,42,collect_rollout,1554,0,108,-0.0352960616000928,False,False,0.0,0.0,0,0,0,0.0,0.0,0.0,0.0,-0.0352960616000928,1,-0.0352960616000928
,academy_3_vs_1_with_keeper,42,collect_rollout,1555,0,65,-0.06864892761223018,False,False,0.0,0.0,0,0,0,0.0,0.0,0.0,0.0,-0.06864892761223018,1,-0.06864892761223018
,academy_3_vs_1_with_keeper,42,collect_rollout,1556,0,14,-0.003333333181217313,False,False,0.0,0.0,0,0,0,0.0,0.0,0.0,0.0,-0.003333333181217313,1,-0.003333333181217313
,academy_3_vs_1_with_keeper,42,collect_rollout,1557,0,12,-0.11044221115298569,False,False,0.0,0.0,0,0,0,0.0,0.0,0.0,0.0,-0.11044221115298569,1,-0.11044221115298569
,academy_3_vs_1_with_keeper,42,collect_rollout,1558,0,83,-0.06170041824225336,False,False,0.0,0.0,0,0,0,0.0,0.0,0.0,0.0,-0.06170041824225336,1,-0.06170041824225336
,academy_3_vs_1_with_keeper,42,collect_rollout,1559,0,17,0.0,False,False,0.0,0.0,0,0,0,0.0,0.0,0.0,0.0,0.0,1,0.0
,academy_3_vs_1_with_keeper,42,collect_rollout,1560,0,19,0.0,False,False,0.0,0.0,0,0,0,0.0,0.0,0.0,0.0,0.0,1,0.0
,academy_3_vs_1_with_keeper,42,collect_rollout,1561,0,16,0.0,False,False,0.0,0.0,0,0,0,0.0,0.0,0.0,0.0,0.0,1,0.0
,academy_3_vs_1_with_keeper,42,collect_rollout,1562,0,17,0.0,False,False,0.0,0.0,0,0,0,0.0,0.0,0.0,0.0,0.0,1,0.0
,academy_3_vs_1_with_keeper,42,collect_rollout,1563,0,20,0.0,False,False,0.0,0.0,0,0,0,0.0,0.0,0.0,0.0,0.0,1,0.0
,academy_3_vs_1_with_keeper,42,collect_rollout,1564,0,15,-0.003333333181217313,False,False,0.0,0.0,0,0,0,0.0,0.0,0.0,0.0,-0.003333333181217313,1,-0.003333333181217313
,academy_3_vs_1_with_keeper,42,collect_rollout,1565,0,121,-0.5594654851593077,False,False,0.0,0.0,0,0,0,0.0,0.0,0.0,0.0,-0.5594654851593077,1,-0.5594654851593077
,academy_3_vs_1_with_keeper,42,collect_rollout,1566,0,19,-0.003333333181217313,False,False,0.0,0.0,0,0,0,0.0,0.0,0.0,0.0,-0.003333333181217313,1,-0.003333333181217313
,academy_3_vs_1_with_keeper,42,collect_rollout,1567,0,16,0.0,False,False,0.0,0.0,0,0,0,0.0,0.0,0.0,0.0,0.0,1,0.0
,academy_3_vs_1_with_keeper,42,collect_rollout,1568,0,21,0.0,False,False,0.0,0.0,0,0,0,0.0,0.0,0.0,0.0,0.0,1,0.0
,academy_3_vs_1_with_keeper,42,collect_rollout,1569,0,18,0.0,False,False,0.0,0.0,0,0,0,0.0,0.0,0.0,0.0,0.0,1,0.0
,academy_3_vs_1_with_keeper,42,collect_rollout,1570,0,20,0.0,False,False,0.0,0.0,0,0,0,0.0,0.0,0.0,0.0,0.0,1,0.0
,academy_3_vs_1_with_keeper,42,collect_rollout,1571,0,51,0.029444080078974366,False,False,0.0,0.0,0,0,0,0.0,0.0,0.0,0.0,0.029444080078974366,1,0.029444080078974366
,academy_3_vs_1_with_keeper,42,collect_rollout,1572,0,16,-0.003333333181217313,False,False,0.0,0.0,0,0,0,0.0,0.0,0.0,0.0,-0.003333333181217313,1,-0.003333333181217313
,academy_3_vs_1_with_keeper,42,collect_rollout,1573,0,19,-0.006666666362434626,False,False,0.0,0.0,0,0,0,0.0,0.0,0.0,0.0,-0.006666666362434626,1,-0.006666666362434626
,academy_3_vs_1_with_keeper,42,collect_rollout,1574,0,18,-0.006666666362434626,False,False,0.0,0.0,0,0,0,0.0,0.0,0.0,0.0,-0.006666666362434626,1,-0.006666666362434626
,academy_3_vs_1_with_keeper,42,collect_rollout,1575,0,22,-0.009999999543651938,False,False,0.0,0.0,0,0,0,0.0,0.0,0.0,0.0,-0.009999999543651938,1,-0.009999999543651938
,academy_3_vs_1_with_keeper,42,collect_rollout,1576,0,75,0.06739287218078971,False,False,0.0,0.0,0,0,0,0.0,0.0,0.0,0.0,0.06739287218078971,1,0.06739287218078971
,academy_3_vs_1_with_keeper,42,collect_rollout,1577,0,19,-0.003333333181217313,False,False,0.0,0.0,0,0,0,0.0,0.0,0.0,0.0,-0.003333333181217313,1,-0.003333333181217313
,academy_3_vs_1_with_keeper,42,collect_rollout,1578,0,142,-0.614196062553674,False,False,0.0,0.0,0,0,0,0.0,0.0,0.0,0.0,-0.614196062553674,1,-0.614196062553674
,academy_3_vs_1_with_keeper,42,collect_rollout,1579,0,135,-0.35142064304091036,False,False,0.0,0.0,0,0,0,0.0,0.0,0.0,0.0,-0.35142064304091036,1,-0.35142064304091036
,academy_3_vs_1_with_keeper,42,collect_rollout,1580,0,78,0.01232101843925193,False,False,0.0,0.0,0,0,0,0.0,0.0,0.0,0.0,0.01232101843925193,1,0.01232101843925193
,academy_3_vs_1_with_keeper,42,collect_rollout,1581,0,16,-0.003333333181217313,False,False,0.0,0.0,0,0,0,0.0,0.0,0.0,0.0,-0.003333333181217313,1,-0.003333333181217313
,academy_3_vs_1_with_keeper,42,collect_rollout,1582,0,56,-0.026413905899971724,False,False,0.0,0.0,0,0,0,0.0,0.0,0.0,0.0,-0.026413905899971724,1,-0.026413905899971724
,academy_3_vs_1_with_keeper,42,collect_rollout,1583,0,11,0.006741729215718806,False,False,0.0,0.0,0,0,0,0.0,0.0,0.0,0.0,0.006741729215718806,1,0.006741729215718806
,academy_3_vs_1_with_keeper,42,collect_rollout,1584,0,21,-0.006666666362434626,False,False,0.0,0.0,0,0,0,0.0,0.0,0.0,0.0,-0.006666666362434626,1,-0.006666666362434626
,academy_3_vs_1_with_keeper,42,collect_rollout,1585,0,22,-0.003333333181217313,False,False,0.0,0.0,0,0,0,0.0,0.0,0.0,0.0,-0.003333333181217313,1,-0.003333333181217313
,academy_3_vs_1_with_keeper,42,collect_rollout,1586,0,15,-0.006666666362434626,False,False,0.0,0.0,0,0,0,0.0,0.0,0.0,0.0,-0.006666666362434626,1,-0.006666666362434626
,academy_3_vs_1_with_keeper,42,collect_rollout,1587,0,18,-0.009999999543651938,False,False,0.0,0.0,0,0,0,0.0,0.0,0.0,0.0,-0.009999999543651938,1,-0.009999999543651938
,academy_3_vs_1_with_keeper,42,collect_rollout,1588,0,16,-0.009999999543651938,False,False,0.0,0.0,0,0,0,0.0,0.0,0.0,0.0,-0.009999999543651938,1,-0.009999999543651938
,academy_3_vs_1_with_keeper,42,collect_rollout,1589,0,20,-0.009999999543651938,False,False,0.0,0.0,0,0,0,0.0,0.0,0.0,0.0,-0.009999999543651938,1,-0.009999999543651938
,academy_3_vs_1_with_keeper,42,collect_rollout,1590,0,15,-0.003333333181217313,False,False,0.0,0.0,0,0,0,0.0,0.0,0.0,0.0,-0.003333333181217313,1,-0.003333333181217313
,academy_3_vs_1_with_keeper,42,collect_rollout,1591,0,33,0.05006270436570048,False,False,0.0,0.0,0,0,0,0.0,0.0,0.0,0.0,0.05006270436570048,1,0.05006270436570048
,academy_3_vs_1_with_keeper,42,collect_rollout,1592,0,207,-1.2185412648541387,False,False,0.0,0.0,0,0,0,0.0,0.0,0.0,0.0,-1.2185412648541387,1,-1.2185412648541387
,academy_3_vs_1_with_keeper,42,collect_rollout,1593,0,21,0.0,False,False,0.0,0.0,0,0,0,0.0,0.0,0.0,0.0,0.0,1,0.0
,academy_3_vs_1_with_keeper,42,collect_rollout,1594,0,95,-0.03149047517217696,False,False,0.0,0.0,0,0,0,0.0,0.0,0.0,0.0,-0.03149047517217696,1,-0.03149047517217696
,academy_3_vs_1_with_keeper,42,collect_rollout,1595,0,19,0.0,False,False,0.0,0.0,0,0,0,0.0,0.0,0.0,0.0,0.0,1,0.0
,academy_3_vs_1_with_keeper,42,collect_rollout,1596,0,21,-0.013333332724869251,False,False,0.0,0.0,0,0,0,0.0,0.0,0.0,0.0,-0.013333332724869251,1,-0.013333332724869251
,academy_3_vs_1_with_keeper,42,collect_rollout,1597,0,14,0.0,False,False,0.0,0.0,0,0,0,0.0,0.0,0.0,0.0,0.0,1,0.0
,academy_3_vs_1_with_keeper,42,collect_rollout,1598,0,14,0.0,False,False,0.0,0.0,0,0,0,0.0,0.0,0.0,0.0,0.0,1,0.0
,academy_3_vs_1_with_keeper,42,collect_rollout,1599,0,15,0.0,False,False,0.0,0.0,0,0,0,0.0,0.0,0.0,0.0,0.0,1,0.0
,academy_3_vs_1_with_keeper,42,collect_rollout,1600,0,20,0.0,False,False,0.0,0.0,0,0,0,0.0,0.0,0.0,0.0,0.0,1,0.0
,academy_3_vs_1_with_keeper,42,collect_rollout,1601,0,144,-0.5909786575939506,False,False,0.0,0.0,0,0,0,0.0,0.0,0.0,0.0,-0.5909786575939506,1,-0.5909786575939506
,academy_3_vs_1_with_keeper,42,collect_rollout,1602,0,20,-0.006666666362434626,False,False,0.0,0.0,0,0,0,0.0,0.0,0.0,0.0,-0.006666666362434626,1,-0.006666666362434626
,academy_3_vs_1_with_keeper,42,collect_rollout,1603,0,19,-0.019999999087303877,False,False,0.0,0.0,0,0,0,0.0,0.0,0.0,0.0,-0.019999999087303877,1,-0.019999999087303877
,academy_3_vs_1_with_keeper,42,collect_rollout,1604,0,20,0.0,False,False,0.0,0.0,0,0,0,0.0,0.0,0.0,0.0,0.0,1,0.0
,academy_3_vs_1_with_keeper,42,collect_rollout,1605,0,20,0.0,False,False,0.0,0.0,0,0,0,0.0,0.0,0.0,0.0,0.0,1,0.0
,academy_3_vs_1_with_keeper,42,collect_rollout,1606,0,18,0.0,False,False,0.0,0.0,0,0,0,0.0,0.0,0.0,0.0,0.0,1,0.0
,academy_3_vs_1_with_keeper,42,collect_rollout,1607,0,18,-0.003333333181217313,False,False,0.0,0.0,0,0,0,0.0,0.0,0.0,0.0,-0.003333333181217313,1,-0.003333333181217313
,academy_3_vs_1_with_keeper,42,collect_rollout,1608,0,53,-0.0450951955281198,False,False,0.0,0.0,0,0,0,0.0,0.0,0.0,0.0,-0.0450951955281198,1,-0.0450951955281198
,academy_3_vs_1_with_keeper,42,collect_rollout,1609,0,17,-0.006666666362434626,False,False,0.0,0.0,0,0,0,0.0,0.0,0.0,0.0,-0.006666666362434626,1,-0.006666666362434626
,academy_3_vs_1_with_keeper,42,collect_rollout,1610,0,19,-0.006666666362434626,False,False,0.0,0.0,0,0,0,0.0,0.0,0.0,0.0,-0.006666666362434626,1,-0.006666666362434626
,academy_3_vs_1_with_keeper,42,collect_rollout,1611,0,16,-0.003333333181217313,False,False,0.0,0.0,0,0,0,0.0,0.0,0.0,0.0,-0.003333333181217313,1,-0.003333333181217313
,academy_3_vs_1_with_keeper,42,collect_rollout,1612,0,19,0.0,False,False,0.0,0.0,0,0,0,0.0,0.0,0.0,0.0,0.0,1,0.0
,academy_3_vs_1_with_keeper,42,collect_rollout,1613,0,93,-0.07924140128307045,False,False,0.0,0.0,0,0,0,0.0,0.0,0.0,0.0,-0.07924140128307045,1,-0.07924140128307045
,academy_3_vs_1_with_keeper,42,collect_rollout,1614,0,23,-0.009999999543651938,False,False,0.0,0.0,0,0,0,0.0,0.0,0.0,0.0,-0.009999999543651938,1,-0.009999999543651938
,academy_3_vs_1_with_keeper,42,collect_rollout,1615,0,16,0.0,False,False,0.0,0.0,0,0,0,0.0,0.0,0.0,0.0,0.0,1,0.0
,academy_3_vs_1_with_keeper,42,collect_rollout,1616,0,96,-0.00551102333702147,False,False,0.0,0.0,0,0,0,0.0,0.0,0.0,0.0,-0.00551102333702147,1,-0.00551102333702147
,academy_3_vs_1_with_keeper,42,collect_rollout,1617,0,46,0.054289972060360014,False,False,0.0,0.0,0,0,0,0.0,0.0,0.0,0.0,0.054289972060360014,1,0.054289972060360014
,academy_3_vs_1_with_keeper,42,collect_rollout,1618,0,16,0.0,False,False,0.0,0.0,0,0,0,0.0,0.0,0.0,0.0,0.0,1,0.0
,academy_3_vs_1_with_keeper,42,collect_rollout,1619,0,19,0.0,False,False,0.0,0.0,0,0,0,0.0,0.0,0.0,0.0,0.0,1,0.0
,academy_3_vs_1_with_keeper,42,collect_rollout,1620,0,20,-0.003333333181217313,False,False,0.0,0.0,0,0,0,0.0,0.0,0.0,0.0,-0.003333333181217313,1,-0.003333333181217313
,academy_3_vs_1_with_keeper,42,collect_rollout,1621,0,18,-0.006666666362434626,False,False,0.0,0.0,0,0,0,0.0,0.0,0.0,0.0,-0.006666666362434626,1,-0.006666666362434626
,academy_3_vs_1_with_keeper,42,collect_rollout,1622,0,94,-0.06997491815127432,False,False,0.0,0.0,0,0,0,0.0,0.0,0.0,0.0,-0.06997491815127432,1,-0.06997491815127432
,academy_3_vs_1_with_keeper,42,collect_rollout,1623,0,18,-0.006666666362434626,False,False,0.0,0.0,0,0,0,0.0,0.0,0.0,0.0,-0.006666666362434626,1,-0.006666666362434626
,academy_3_vs_1_with_keeper,42,collect_rollout,1624,0,23,0.0,False,False,0.0,0.0,0,0,0,0.0,0.0,0.0,0.0,0.0,1,0.0
,academy_3_vs_1_with_keeper,42,collect_rollout,1625,0,15,0.0,False,False,0.0,0.0,0,0,0,0.0,0.0,0.0,0.0,0.0,1,0.0
,academy_3_vs_1_with_keeper,42,collect_rollout,1626,0,17,-0.006666666362434626,False,False,0.0,0.0,0,0,0,0.0,0.0,0.0,0.0,-0.006666666362434626,1,-0.006666666362434626
,academy_3_vs_1_with_keeper,42,collect_rollout,1627,0,192,-0.9684214005246758,False,False,0.0,0.0,0,0,0,0.0,0.0,0.0,0.0,-0.9684214005246758,1,-0.9684214005246758
,academy_3_vs_1_with_keeper,42,collect_rollout,1628,0,23,-0.003333333181217313,False,False,0.0,0.0,0,0,0,0.0,0.0,0.0,0.0,-0.003333333181217313,1,-0.003333333181217313
,academy_3_vs_1_with_keeper,42,collect_rollout,1629,0,17,-0.003333333181217313,False,False,0.0,0.0,0,0,0,0.0,0.0,0.0,0.0,-0.003333333181217313,1,-0.003333333181217313
,academy_3_vs_1_with_keeper,42,collect_rollout,1630,0,16,-0.003333333181217313,False,False,0.0,0.0,0,0,0,0.0,0.0,0.0,0.0,-0.003333333181217313,1,-0.003333333181217313
,academy_3_vs_1_with_keeper,42,collect_rollout,1631,0,85,-0.005976399639621377,False,False,0.0,0.0,0,0,0,0.0,0.0,0.0,0.0,-0.005976399639621377,1,-0.005976399639621377
,academy_3_vs_1_with_keeper,42,collect_rollout,1632,0,14,0.0,False,False,0.0,0.0,0,0,0,0.0,0.0,0.0,0.0,0.0,1,0.0
,academy_3_vs_1_with_keeper,42,collect_rollout,1633,0,75,-0.08925250661559403,False,False,0.0,0.0,0,0,0,0.0,0.0,0.0,0.0,-0.08925250661559403,1,-0.08925250661559403
,academy_3_vs_1_with_keeper,42,collect_rollout,1634,0,16,0.0,False,False,0.0,0.0,0,0,0,0.0,0.0,0.0,0.0,0.0,1,0.0
,academy_3_vs_1_with_keeper,42,collect_rollout,1635,0,23,-0.006666666362434626,False,False,0.0,0.0,0,0,0,0.0,0.0,0.0,0.0,-0.006666666362434626,1,-0.006666666362434626
,academy_3_vs_1_with_keeper,42,collect_rollout,1636,0,186,-0.5595114113530144,False,False,0.0,0.0,0,0,0,0.0,0.0,0.0,0.0,-0.5595114113530144,1,-0.5595114113530144
,academy_3_vs_1_with_keeper,42,collect_rollout,1637,0,129,-0.2596817787270993,False,False,0.0,0.0,0,0,0,0.0,0.0,0.0,0.0,-0.2596817787270993,1,-0.2596817787270993
,academy_3_vs_1_with_keeper,42,collect_rollout,1638,0,16,-0.006666666362434626,False,False,0.0,0.0,0,0,0,0.0,0.0,0.0,0.0,-0.006666666362434626,1,-0.006666666362434626
,academy_3_vs_1_with_keeper,42,collect_rollout,1639,0,169,-0.09565426537301391,False,False,0.0,0.0,0,0,0,0.0,0.0,0.0,0.0,-0.09565426537301391,1,-0.09565426537301391
,academy_3_vs_1_with_keeper,42,collect_rollout,1640,0,75,-0.26997295510955155,False,False,0.0,0.0,0,0,0,0.0,0.0,0.0,0.0,-0.26997295510955155,1,-0.26997295510955155
,academy_3_vs_1_with_keeper,42,collect_rollout,1641,0,17,-0.003333333181217313,False,False,0.0,0.0,0,0,0,0.0,0.0,0.0,0.0,-0.003333333181217313,1,-0.003333333181217313
,academy_3_vs_1_with_keeper,42,collect_rollout,1642,0,21,-0.006666666362434626,False,False,0.0,0.0,0,0,0,0.0,0.0,0.0,0.0,-0.006666666362434626,1,-0.006666666362434626
,academy_3_vs_1_with_keeper,42,collect_rollout,1643,0,21,-0.013333332724869251,False,False,0.0,0.0,0,0,0,0.0,0.0,0.0,0.0,-0.013333332724869251,1,-0.013333332724869251
,academy_3_vs_1_with_keeper,42,collect_rollout,1644,0,19,-0.003333333181217313,False,False,0.0,0.0,0,0,0,0.0,0.0,0.0,0.0,-0.003333333181217313,1,-0.003333333181217313
,academy_3_vs_1_with_keeper,42,collect_rollout,1645,0,15,-0.006666666362434626,False,False,0.0,0.0,0,0,0,0.0,0.0,0.0,0.0,-0.006666666362434626,1,-0.006666666362434626
,academy_3_vs_1_with_keeper,42,collect_rollout,1646,0,19,-0.009999999543651938,False,False,0.0,0.0,0,0,0,0.0,0.0,0.0,0.0,-0.009999999543651938,1,-0.009999999543651938
,academy_3_vs_1_with_keeper,42,collect_rollout,1647,0,49,0.031021948205307126,False,False,0.0,0.0,0,0,0,0.0,0.0,0.0,0.0,0.031021948205307126,1,0.031021948205307126
,academy_3_vs_1_with_keeper,42,collect_rollout,1648,0,53,-0.016340730362571776,False,False,0.0,0.0,0,0,0,0.0,0.0,0.0,0.0,-0.016340730362571776,1,-0.016340730362571776
,academy_3_vs_1_with_keeper,42,collect_rollout,1649,0,20,-0.016666665906086564,False,False,0.0,0.0,0,0,0,0.0,0.0,0.0,0.0,-0.016666665906086564,1,-0.016666665906086564
,academy_3_vs_1_with_keeper,42,collect_rollout,1650,0,20,-0.006666666362434626,False,False,0.0,0.0,0,0,0,0.0,0.0,0.0,0.0,-0.006666666362434626,1,-0.006666666362434626
,academy_3_vs_1_with_keeper,42,collect_rollout,1651,0,16,-0.006666666362434626,False,False,0.0,0.0,0,0,0,0.0,0.0,0.0,0.0,-0.006666666362434626,1,-0.006666666362434626
,academy_3_vs_1_with_keeper,42,collect_rollout,1652,0,98,-0.16895951167680323,False,False,0.0,0.0,0,0,0,0.0,0.0,0.0,0.0,-0.16895951167680323,1,-0.16895951167680323
,academy_3_vs_1_with_keeper,42,collect_rollout,1653,0,40,-0.053333334159106016,False,False,0.0,0.0,0,0,0,0.0,0.0,0.0,0.0,-0.053333334159106016,1,-0.053333334159106016
,academy_3_vs_1_with_keeper,42,collect_rollout,1654,0,16,-0.006666666362434626,False,False,0.0,0.0,0,0,0,0.0,0.0,0.0,0.0,-0.006666666362434626,1,-0.006666666362434626
,academy_3_vs_1_with_keeper,42,collect_rollout,1655,0,19,-0.003333333181217313,False,False,0.0,0.0,0,0,0,0.0,0.0,0.0,0.0,-0.003333333181217313,1,-0.003333333181217313
,academy_3_vs_1_with_keeper,42,collect_rollout,1656,0,76,-0.056687787640839815,False,False,0.0,0.0,0,0,0,0.0,0.0,0.0,0.0,-0.056687787640839815,1,-0.056687787640839815
,academy_3_vs_1_with_keeper,42,collect_rollout,1657,0,19,-0.006666666362434626,False,False,0.0,0.0,0,0,0,0.0,0.0,0.0,0.0,-0.006666666362434626,1,-0.006666666362434626
,academy_3_vs_1_with_keeper,42,collect_rollout,1658,0,15,-0.03896946692839265,False,False,0.0,0.0,0,0,0,0.0,0.0,0.0,0.0,-0.03896946692839265,1,-0.03896946692839265
,academy_3_vs_1_with_keeper,42,collect_rollout,1659,0,18,-0.016666665906086564,False,False,0.0,0.0,0,0,0,0.0,0.0,0.0,0.0,-0.016666665906086564,1,-0.016666665906086564
,academy_3_vs_1_with_keeper,42,collect_rollout,1660,0,19,-0.006666666362434626,False,False,0.0,0.0,0,0,0,0.0,0.0,0.0,0.0,-0.006666666362434626,1,-0.006666666362434626
,academy_3_vs_1_with_keeper,42,collect_rollout,1661,0,14,0.0,False,False,0.0,0.0,0,0,0,0.0,0.0,0.0,0.0,0.0,1,0.0
,academy_3_vs_1_with_keeper,42,collect_rollout,1662,0,20,-0.019999999087303877,False,False,0.0,0.0,0,0,0,0.0,0.0,0.0,0.0,-0.019999999087303877,1,-0.019999999087303877
,academy_3_vs_1_with_keeper,42,collect_rollout,1663,0,20,-0.009999999543651938,False,False,0.0,0.0,0,0,0,0.0,0.0,0.0,0.0,-0.009999999543651938,1,-0.009999999543651938
,academy_3_vs_1_with_keeper,42,collect_rollout,1664,0,50,0.025655386736616492,False,False,0.0,0.0,0,0,0,0.0,0.0,0.0,0.0,0.025655386736616492,1,0.025655386736616492
,academy_3_vs_1_with_keeper,42,collect_rollout,1665,0,18,-0.006666666362434626,False,False,0.0,0.0,0,0,0,0.0,0.0,0.0,0.0,-0.006666666362434626,1,-0.006666666362434626
,academy_3_vs_1_with_keeper,42,collect_rollout,1666,0,14,-0.019539943896234035,False,False,0.0,0.0,0,0,0,0.0,0.0,0.0,0.0,-0.019539943896234035,1,-0.019539943896234035
,academy_3_vs_1_with_keeper,42,collect_rollout,1667,0,20,-0.006666666362434626,False,False,0.0,0.0,0,0,0,0.0,0.0,0.0,0.0,-0.006666666362434626,1,-0.006666666362434626
,academy_3_vs_1_with_keeper,42,collect_rollout,1668,0,99,-0.2560018503572792,False,False,0.0,0.0,0,0,0,0.0,0.0,0.0,0.0,-0.2560018503572792,1,-0.2560018503572792
,academy_3_vs_1_with_keeper,42,collect_rollout,1669,0,18,-0.009999999543651938,False,False,0.0,0.0,0,0,0,0.0,0.0,0.0,0.0,-0.009999999543651938,1,-0.009999999543651938
,academy_3_vs_1_with_keeper,42,collect_rollout,1670,0,15,0.0,False,False,0.0,0.0,0,0,0,0.0,0.0,0.0,0.0,0.0,1,0.0
,academy_3_vs_1_with_keeper,42,collect_rollout,1671,0,19,-0.003333333181217313,False,False,0.0,0.0,0,0,0,0.0,0.0,0.0,0.0,-0.003333333181217313,1,-0.003333333181217313
,academy_3_vs_1_with_keeper,42,collect_rollout,1672,0,78,-0.19698844477534294,False,False,0.0,0.0,0,0,0,0.0,0.0,0.0,0.0,-0.19698844477534294,1,-0.19698844477534294
,academy_3_vs_1_with_keeper,42,collect_rollout,1673,0,20,-0.006666666362434626,False,False,0.0,0.0,0,0,0,0.0,0.0,0.0,0.0,-0.006666666362434626,1,-0.006666666362434626
,academy_3_vs_1_with_keeper,42,collect_rollout,1674,0,22,-0.003333333181217313,False,False,0.0,0.0,0,0,0,0.0,0.0,0.0,0.0,-0.003333333181217313,1,-0.003333333181217313
,academy_3_vs_1_with_keeper,42,collect_rollout,1675,0,49,0.03226191952126101,False,False,0.0,0.0,0,0,0,0.0,0.0,0.0,0.0,0.03226191952126101,1,0.03226191952126101
,academy_3_vs_1_with_keeper,42,collect_rollout,1676,0,14,0.0,False,False,0.0,0.0,0,0,0,0.0,0.0,0.0,0.0,0.0,1,0.0
,academy_3_vs_1_with_keeper,42,collect_rollout,1677,0,16,-0.003333333181217313,False,False,0.0,0.0,0,0,0,0.0,0.0,0.0,0.0,-0.003333333181217313,1,-0.003333333181217313
,academy_3_vs_1_with_keeper,42,collect_rollout,1678,0,23,2.050677136168815,False,False,0.0,0.0,0,0,0,0.0,0.0,0.0,0.0,2.050677136168815,1,2.050677136168815
,academy_3_vs_1_with_keeper,42,collect_rollout,1679,0,15,-0.003333333181217313,False,False,0.0,0.0,0,0,0,0.0,0.0,0.0,0.0,-0.003333333181217313,1,-0.003333333181217313
,academy_3_vs_1_with_keeper,42,collect_rollout,1680,0,12,0.0006468720966950059,False,False,0.0,0.0,0,0,0,0.0,0.0,0.0,0.0,0.0006468720966950059,1,0.0006468720966950059
,academy_3_vs_1_with_keeper,42,collect_rollout,1681,0,17,-0.003333333181217313,False,False,0.0,0.0,0,0,0,0.0,0.0,0.0,0.0,-0.003333333181217313,1,-0.003333333181217313
,academy_3_vs_1_with_keeper,42,collect_rollout,1682,0,18,-0.003333333181217313,False,False,0.0,0.0,0,0,0,0.0,0.0,0.0,0.0,-0.003333333181217313,1,-0.003333333181217313
,academy_3_vs_1_with_keeper,42,collect_rollout,1683,0,39,0.030821853775705677,False,False,0.0,0.0,0,0,0,0.0,0.0,0.0,0.0,0.030821853775705677,1,0.030821853775705677
,academy_3_vs_1_with_keeper,42,collect_rollout,1684,0,24,0.0,False,False,0.0,0.0,0,0,0,0.0,0.0,0.0,0.0,0.0,1,0.0
,academy_3_vs_1_with_keeper,42,collect_rollout,1685,0,14,-0.006666666362434626,False,False,0.0,0.0,0,0,0,0.0,0.0,0.0,0.0,-0.006666666362434626,1,-0.006666666362434626
,academy_3_vs_1_with_keeper,42,collect_rollout,1686,0,13,-0.006666666362434626,False,False,0.0,0.0,0,0,0,0.0,0.0,0.0,0.0,-0.006666666362434626,1,-0.006666666362434626
,academy_3_vs_1_with_keeper,42,collect_rollout,1687,0,18,-0.006666666362434626,False,False,0.0,0.0,0,0,0,0.0,0.0,0.0,0.0,-0.006666666362434626,1,-0.006666666362434626
,academy_3_vs_1_with_keeper,42,collect_rollout,1688,0,16,-0.006666666362434626,False,False,0.0,0.0,0,0,0,0.0,0.0,0.0,0.0,-0.006666666362434626,1,-0.006666666362434626
,academy_3_vs_1_with_keeper,42,collect_rollout,1689,0,21,0.0,False,False,0.0,0.0,0,0,0,0.0,0.0,0.0,0.0,0.0,1,0.0
,academy_3_vs_1_with_keeper,42,collect_rollout,1690,0,44,0.006924051544046961,False,False,0.0,0.0,0,0,0,0.0,0.0,0.0,0.0,0.006924051544046961,1,0.006924051544046961
,academy_3_vs_1_with_keeper,42,collect_rollout,1691,0,16,0.0,False,False,0.0,0.0,0,0,0,0.0,0.0,0.0,0.0,0.0,1,0.0
,academy_3_vs_1_with_keeper,42,collect_rollout,1692,0,86,-0.4607087376061827,False,False,0.0,0.0,0,0,0,0.0,0.0,0.0,0.0,-0.4607087376061827,1,-0.4607087376061827
,academy_3_vs_1_with_keeper,42,collect_rollout,1693,0,15,-0.003333333181217313,False,False,0.0,0.0,0,0,0,0.0,0.0,0.0,0.0,-0.003333333181217313,1,-0.003333333181217313
,academy_3_vs_1_with_keeper,42,collect_rollout,1694,0,22,-0.009999999543651938,False,False,0.0,0.0,0,0,0,0.0,0.0,0.0,0.0,-0.009999999543651938,1,-0.009999999543651938
,academy_3_vs_1_with_keeper,42,collect_rollout,1695,0,22,0.0,False,False,0.0,0.0,0,0,0,0.0,0.0,0.0,0.0,0.0,1,0.0
,academy_3_vs_1_with_keeper,42,collect_rollout,1696,0,21,0.0,False,False,0.0,0.0,0,0,0,0.0,0.0,0.0,0.0,0.0,1,0.0
,academy_3_vs_1_with_keeper,42,collect_rollout,1697,0,16,-0.009999999543651938,False,False,0.0,0.0,0,0,0,0.0,0.0,0.0,0.0,-0.009999999543651938,1,-0.009999999543651938
,academy_3_vs_1_with_keeper,42,collect_rollout,1698,0,16,-0.016666665906086564,False,False,0.0,0.0,0,0,0,0.0,0.0,0.0,0.0,-0.016666665906086564,1,-0.016666665906086564
,academy_3_vs_1_with_keeper,42,collect_rollout,1699,0,16,-0.006666666362434626,False,False,0.0,0.0,0,0,0,0.0,0.0,0.0,0.0,-0.006666666362434626,1,-0.006666666362434626
,academy_3_vs_1_with_keeper,42,collect_rollout,1700,0,14,-0.004483892815187573,False,False,0.0,0.0,0,0,0,0.0,0.0,0.0,0.0,-0.004483892815187573,1,-0.004483892815187573
,academy_3_vs_1_with_keeper,42,collect_rollout,1701,0,21,-0.003333333181217313,False,False,0.0,0.0,0,0,0,0.0,0.0,0.0,0.0,-0.003333333181217313,1,-0.003333333181217313
,academy_3_vs_1_with_keeper,42,collect_rollout,1702,0,15,-0.003333333181217313,False,False,0.0,0.0,0,0,0,0.0,0.0,0.0,0.0,-0.003333333181217313,1,-0.003333333181217313
,academy_3_vs_1_with_keeper,42,collect_rollout,1703,0,20,-0.006666666362434626,False,False,0.0,0.0,0,0,0,0.0,0.0,0.0,0.0,-0.006666666362434626,1,-0.006666666362434626
,academy_3_vs_1_with_keeper,42,collect_rollout,1704,0,21,-0.003333333181217313,False,False,0.0,0.0,0,0,0,0.0,0.0,0.0,0.0,-0.003333333181217313,1,-0.003333333181217313
,academy_3_vs_1_with_keeper,42,collect_rollout,1705,0,33,-0.030409771134145558,False,False,0.0,0.0,0,0,0,0.0,0.0,0.0,0.0,-0.030409771134145558,1,-0.030409771134145558
,academy_3_vs_1_with_keeper,42,collect_rollout,1706,0,17,0.0,False,False,0.0,0.0,0,0,0,0.0,0.0,0.0,0.0,0.0,1,0.0
,academy_3_vs_1_with_keeper,42,collect_rollout,1707,0,18,-0.006666666362434626,False,False,0.0,0.0,0,0,0,0.0,0.0,0.0,0.0,-0.006666666362434626,1,-0.006666666362434626
,academy_3_vs_1_with_keeper,42,collect_rollout,1708,0,61,-0.14669011428486556,False,False,0.0,0.0,0,0,0,0.0,0.0,0.0,0.0,-0.14669011428486556,1,-0.14669011428486556
,academy_3_vs_1_with_keeper,42,collect_rollout,1709,0,68,-0.2939857381861657,False,False,0.0,0.0,0,0,0,0.0,0.0,0.0,0.0,-0.2939857381861657,1,-0.2939857381861657
,academy_3_vs_1_with_keeper,42,collect_rollout,1710,0,91,-0.12879226399672916,False,False,0.0,0.0,0,0,0,0.0,0.0,0.0,0.0,-0.12879226399672916,1,-0.12879226399672916
,academy_3_vs_1_with_keeper,42,collect_rollout,1711,0,53,-0.0500000009778887,False,False,0.0,0.0,0,0,0,0.0,0.0,0.0,0.0,-0.0500000009778887,1,-0.0500000009778887
,academy_3_vs_1_with_keeper,42,collect_rollout,1712,0,18,-0.009999999543651938,False,False,0.0,0.0,0,0,0,0.0,0.0,0.0,0.0,-0.009999999543651938,1,-0.009999999543651938
,academy_3_vs_1_with_keeper,42,collect_rollout,1713,0,17,-0.003333333181217313,False,False,0.0,0.0,0,0,0,0.0,0.0,0.0,0.0,-0.003333333181217313,1,-0.003333333181217313
,academy_3_vs_1_with_keeper,42,collect_rollout,1714,0,95,-0.1797646280610934,False,False,0.0,0.0,0,0,0,0.0,0.0,0.0,0.0,-0.1797646280610934,1,-0.1797646280610934
,academy_3_vs_1_with_keeper,42,collect_rollout,1715,0,18,-0.003333333181217313,False,False,0.0,0.0,0,0,0,0.0,0.0,0.0,0.0,-0.003333333181217313,1,-0.003333333181217313
,academy_3_vs_1_with_keeper,42,collect_rollout,1716,0,13,-0.01191247976385057,False,False,0.0,0.0,0,0,0,0.0,0.0,0.0,0.0,-0.01191247976385057,1,-0.01191247976385057
,academy_3_vs_1_with_keeper,42,collect_rollout,1717,0,32,-0.040000001434236765,False,False,0.0,0.0,0,0,0,0.0,0.0,0.0,0.0,-0.040000001434236765,1,-0.040000001434236765
,academy_3_vs_1_with_keeper,42,collect_rollout,1718,0,20,-0.006666666362434626,False,False,0.0,0.0,0,0,0,0.0,0.0,0.0,0.0,-0.006666666362434626,1,-0.006666666362434626
,academy_3_vs_1_with_keeper,42,collect_rollout,1719,0,19,0.0,False,False,0.0,0.0,0,0,0,0.0,0.0,0.0,0.0,0.0,1,0.0
,academy_3_vs_1_with_keeper,42,collect_rollout,1720,0,19,-0.006666666362434626,False,False,0.0,0.0,0,0,0,0.0,0.0,0.0,0.0,-0.006666666362434626,1,-0.006666666362434626
,academy_3_vs_1_with_keeper,42,collect_rollout,1721,0,20,0.0,False,False,0.0,0.0,0,0,0,0.0,0.0,0.0,0.0,0.0,1,0.0
,academy_3_vs_1_with_keeper,42,collect_rollout,1722,0,21,-0.003333333181217313,False,False,0.0,0.0,0,0,0,0.0,0.0,0.0,0.0,-0.003333333181217313,1,-0.003333333181217313
,academy_3_vs_1_with_keeper,42,collect_rollout,1723,0,106,-0.3982976780971512,False,False,0.0,0.0,0,0,0,0.0,0.0,0.0,0.0,-0.3982976780971512,1,-0.3982976780971512
,academy_3_vs_1_with_keeper,42,collect_rollout,1724,0,87,0.024457786217681132,False,False,0.0,0.0,0,0,0,0.0,0.0,0.0,0.0,0.024457786217681132,1,0.024457786217681132
,academy_3_vs_1_with_keeper,42,collect_rollout,1725,0,19,-0.003333333181217313,False,False,0.0,0.0,0,0,0,0.0,0.0,0.0,0.0,-0.003333333181217313,1,-0.003333333181217313
,academy_3_vs_1_with_keeper,42,collect_rollout,1726,0,18,-0.006666666362434626,False,False,0.0,0.0,0,0,0,0.0,0.0,0.0,0.0,-0.006666666362434626,1,-0.006666666362434626
,academy_3_vs_1_with_keeper,42,collect_rollout,1727,0,68,1.8115832207622589,False,False,0.0,0.0,0,0,0,0.0,0.0,0.0,0.0,1.8115832207622589,1,1.8115832207622589
,academy_3_vs_1_with_keeper,42,collect_rollout,1728,0,19,-0.009999999543651938,False,False,0.0,0.0,0,0,0,0.0,0.0,0.0,0.0,-0.009999999543651938,1,-0.009999999543651938
,academy_3_vs_1_with_keeper,42,collect_rollout,1729,0,24,0.0,False,False,0.0,0.0,0,0,0,0.0,0.0,0.0,0.0,0.0,1,0.0
,academy_3_vs_1_with_keeper,42,collect_rollout,1730,0,31,1.944979107240215,False,False,0.0,0.0,0,0,0,0.0,0.0,0.0,0.0,1.944979107240215,1,1.944979107240215
,academy_3_vs_1_with_keeper,42,collect_rollout,1731,0,17,-0.003333333181217313,False,False,0.0,0.0,0,0,0,0.0,0.0,0.0,0.0,-0.003333333181217313,1,-0.003333333181217313
,academy_3_vs_1_with_keeper,42,collect_rollout,1732,0,18,-0.016666665906086564,False,False,0.0,0.0,0,0,0,0.0,0.0,0.0,0.0,-0.016666665906086564,1,-0.016666665906086564
,academy_3_vs_1_with_keeper,42,collect_rollout,1733,0,21,-0.003333333181217313,False,False,0.0,0.0,0,0,0,0.0,0.0,0.0,0.0,-0.003333333181217313,1,-0.003333333181217313
,academy_3_vs_1_with_keeper,42,collect_rollout,1734,0,92,-0.03836184099782258,False,False,0.0,0.0,0,0,0,0.0,0.0,0.0,0.0,-0.03836184099782258,1,-0.03836184099782258
,academy_3_vs_1_with_keeper,42,collect_rollout,1735,0,15,-0.09751750249415636,False,False,0.0,0.0,0,0,0,0.0,0.0,0.0,0.0,-0.09751750249415636,1,-0.09751750249415636
,academy_3_vs_1_with_keeper,42,collect_rollout,1736,0,18,-0.003333333181217313,False,False,0.0,0.0,0,0,0,0.0,0.0,0.0,0.0,-0.003333333181217313,1,-0.003333333181217313
,academy_3_vs_1_with_keeper,42,collect_rollout,1737,0,16,-0.003333333181217313,False,False,0.0,0.0,0,0,0,0.0,0.0,0.0,0.0,-0.003333333181217313,1,-0.003333333181217313
,academy_3_vs_1_with_keeper,42,collect_rollout,1738,0,40,0.038132233516080305,False,False,0.0,0.0,0,0,0,0.0,0.0,0.0,0.0,0.038132233516080305,1,0.038132233516080305
,academy_3_vs_1_with_keeper,42,collect_rollout,1739,0,18,0.0,False,False,0.0,0.0,0,0,0,0.0,0.0,0.0,0.0,0.0,1,0.0
,academy_3_vs_1_with_keeper,42,collect_rollout,1740,0,20,-0.009999999543651938,False,False,0.0,0.0,0,0,0,0.0,0.0,0.0,0.0,-0.009999999543651938,1,-0.009999999543651938
,academy_3_vs_1_with_keeper,42,collect_rollout,1741,0,86,0.0694581534480676,False,False,0.0,0.0,0,0,0,0.0,0.0,0.0,0.0,0.0694581534480676,1,0.0694581534480676
,academy_3_vs_1_with_keeper,42,collect_rollout,1742,0,6,0.0064191450364887714,False,False,0.0,0.0,0,0,0,0.0,0.0,0.0,0.0,0.0064191450364887714,1,0.0064191450364887714
,academy_3_vs_1_with_keeper,42,collect_rollout,1743,0,15,-0.003333333181217313,False,False,0.0,0.0,0,0,0,0.0,0.0,0.0,0.0,-0.003333333181217313,1,-0.003333333181217313
,academy_3_vs_1_with_keeper,42,collect_rollout,1744,0,124,-0.535355859901756,False,False,0.0,0.0,0,0,0,0.0,0.0,0.0,0.0,-0.535355859901756,1,-0.535355859901756
,academy_3_vs_1_with_keeper,42,collect_rollout,1745,0,16,-0.003333333181217313,False,False,0.0,0.0,0,0,0,0.0,0.0,0.0,0.0,-0.003333333181217313,1,-0.003333333181217313
,academy_3_vs_1_with_keeper,42,collect_rollout,1746,0,116,-0.26495063232141547,False,False,0.0,0.0,0,0,0,0.0,0.0,0.0,0.0,-0.26495063232141547,1,-0.26495063232141547
,academy_3_vs_1_with_keeper,42,collect_rollout,1747,0,74,-0.1000000019557774,False,False,0.0,0.0,0,0,0,0.0,0.0,0.0,0.0,-0.1000000019557774,1,-0.1000000019557774
,academy_3_vs_1_with_keeper,42,collect_rollout,1748,0,19,-0.003333333181217313,False,False,0.0,0.0,0,0,0,0.0,0.0,0.0,0.0,-0.003333333181217313,1,-0.003333333181217313
,academy_3_vs_1_with_keeper,42,collect_rollout,1749,0,173,-1.1576570364413783,False,False,0.0,0.0,0,0,0,0.0,0.0,0.0,0.0,-1.1576570364413783,1,-1.1576570364413783
,academy_3_vs_1_with_keeper,42,collect_rollout,1750,0,21,-0.016666665906086564,False,False,0.0,0.0,0,0,0,0.0,0.0,0.0,0.0,-0.016666665906086564,1,-0.016666665906086564
,academy_3_vs_1_with_keeper,42,collect_rollout,1751,0,21,-0.003333333181217313,False,False,0.0,0.0,0,0,0,0.0,0.0,0.0,0.0,-0.003333333181217313,1,-0.003333333181217313
,academy_3_vs_1_with_keeper,42,collect_rollout,1752,0,76,-0.13261789281386882,False,False,0.0,0.0,0,0,0,0.0,0.0,0.0,0.0,-0.13261789281386882,1,-0.13261789281386882
,academy_3_vs_1_with_keeper,42,collect_rollout,1753,0,22,-0.003333333181217313,False,False,0.0,0.0,0,0,0,0.0,0.0,0.0,0.0,-0.003333333181217313,1,-0.003333333181217313
,academy_3_vs_1_with_keeper,42,collect_rollout,1754,0,15,-0.003333333181217313,False,False,0.0,0.0,0,0,0,0.0,0.0,0.0,0.0,-0.003333333181217313,1,-0.003333333181217313
,academy_3_vs_1_with_keeper,42,collect_rollout,1755,0,17,-0.013333332724869251,False,False,0.0,0.0,0,0,0,0.0,0.0,0.0,0.0,-0.013333332724869251,1,-0.013333332724869251
,academy_3_vs_1_with_keeper,42,collect_rollout,1756,0,11,-0.0012808892643079162,False,False,0.0,0.0,0,0,0,0.0,0.0,0.0,0.0,-0.0012808892643079162,1,-0.0012808892643079162
,academy_3_vs_1_with_keeper,42,collect_rollout,1757,0,20,-0.013333332724869251,False,False,0.0,0.0,0,0,0,0.0,0.0,0.0,0.0,-0.013333332724869251,1,-0.013333332724869251
,academy_3_vs_1_with_keeper,42,collect_rollout,1758,0,23,0.0,False,False,0.0,0.0,0,0,0,0.0,0.0,0.0,0.0,0.0,1,0.0
,academy_3_vs_1_with_keeper,42,collect_rollout,1759,0,19,-0.013333332724869251,False,False,0.0,0.0,0,0,0,0.0,0.0,0.0,0.0,-0.013333332724869251,1,-0.013333332724869251
,academy_3_vs_1_with_keeper,42,collect_rollout,1760,0,18,-0.006666666362434626,False,False,0.0,0.0,0,0,0,0.0,0.0,0.0,0.0,-0.006666666362434626,1,-0.006666666362434626
,academy_3_vs_1_with_keeper,42,collect_rollout,1761,0,14,-0.006712796399369836,False,False,0.0,0.0,0,0,0,0.0,0.0,0.0,0.0,-0.006712796399369836,1,-0.006712796399369836
,academy_3_vs_1_with_keeper,42,collect_rollout,1762,0,15,0.0,False,False,0.0,0.0,0,0,0,0.0,0.0,0.0,0.0,0.0,1,0.0
,academy_3_vs_1_with_keeper,42,collect_rollout,1763,0,79,-0.26935124886222184,False,False,0.0,0.0,0,0,0,0.0,0.0,0.0,0.0,-0.26935124886222184,1,-0.26935124886222184
,academy_3_vs_1_with_keeper,42,collect_rollout,1764,0,83,-0.040490618092007935,False,False,0.0,0.0,0,0,0,0.0,0.0,0.0,0.0,-0.040490618092007935,1,-0.040490618092007935
,academy_3_vs_1_with_keeper,42,collect_rollout,1765,0,11,0.00697365147061646,False,False,0.0,0.0,0,0,0,0.0,0.0,0.0,0.0,0.00697365147061646,1,0.00697365147061646
,academy_3_vs_1_with_keeper,42,collect_rollout,1766,0,19,-0.003333333181217313,False,False,0.0,0.0,0,0,0,0.0,0.0,0.0,0.0,-0.003333333181217313,1,-0.003333333181217313
,academy_3_vs_1_with_keeper,42,collect_rollout,1767,0,82,-0.04917942686006427,False,False,0.0,0.0,0,0,0,0.0,0.0,0.0,0.0,-0.04917942686006427,1,-0.04917942686006427
,academy_3_vs_1_with_keeper,42,collect_rollout,1768,0,17,-0.009999999543651938,False,False,0.0,0.0,0,0,0,0.0,0.0,0.0,0.0,-0.009999999543651938,1,-0.009999999543651938
,academy_3_vs_1_with_keeper,42,collect_rollout,1769,0,20,-0.009999999543651938,False,False,0.0,0.0,0,0,0,0.0,0.0,0.0,0.0,-0.009999999543651938,1,-0.009999999543651938
,academy_3_vs_1_with_keeper,42,collect_rollout,1770,0,18,-0.019999999087303877,False,False,0.0,0.0,0,0,0,0.0,0.0,0.0,0.0,-0.019999999087303877,1,-0.019999999087303877
,academy_3_vs_1_with_keeper,42,collect_rollout,1771,0,22,0.0,False,False,0.0,0.0,0,0,0,0.0,0.0,0.0,0.0,0.0,1,0.0
,academy_3_vs_1_with_keeper,42,collect_rollout,1772,0,23,-0.003333333181217313,False,False,0.0,0.0,0,0,0,0.0,0.0,0.0,0.0,-0.003333333181217313,1,-0.003333333181217313
,academy_3_vs_1_with_keeper,42,collect_rollout,1773,0,17,-0.006666666362434626,False,False,0.0,0.0,0,0,0,0.0,0.0,0.0,0.0,-0.006666666362434626,1,-0.006666666362434626
,academy_3_vs_1_with_keeper,42,collect_rollout,1774,0,17,-0.003333333181217313,False,False,0.0,0.0,0,0,0,0.0,0.0,0.0,0.0,-0.003333333181217313,1,-0.003333333181217313
,academy_3_vs_1_with_keeper,42,collect_rollout,1775,0,18,-0.009999999543651938,False,False,0.0,0.0,0,0,0,0.0,0.0,0.0,0.0,-0.009999999543651938,1,-0.009999999543651938
,academy_3_vs_1_with_keeper,42,collect_rollout,1776,0,22,-0.006666666362434626,False,False,0.0,0.0,0,0,0,0.0,0.0,0.0,0.0,-0.006666666362434626,1,-0.006666666362434626
,academy_3_vs_1_with_keeper,42,collect_rollout,1777,0,21,-0.009999999543651938,False,False,0.0,0.0,0,0,0,0.0,0.0,0.0,0.0,-0.009999999543651938,1,-0.009999999543651938
,academy_3_vs_1_with_keeper,42,collect_rollout,1778,0,84,-0.29468354454729706,False,False,0.0,0.0,0,0,0,0.0,0.0,0.0,0.0,-0.29468354454729706,1,-0.29468354454729706
,academy_3_vs_1_with_keeper,42,collect_rollout,1779,0,84,-0.24069939099717885,False,False,0.0,0.0,0,0,0,0.0,0.0,0.0,0.0,-0.24069939099717885,1,-0.24069939099717885
,academy_3_vs_1_with_keeper,42,collect_rollout,1780,0,37,-0.03666666825301945,False,False,0.0,0.0,0,0,0,0.0,0.0,0.0,0.0,-0.03666666825301945,1,-0.03666666825301945
,academy_3_vs_1_with_keeper,42,collect_rollout,1781,0,89,-0.1180787836201489,False,False,0.0,0.0,0,0,0,0.0,0.0,0.0,0.0,-0.1180787836201489,1,-0.1180787836201489
,academy_3_vs_1_with_keeper,42,collect_rollout,1782,0,16,-0.009999999543651938,False,False,0.0,0.0,0,0,0,0.0,0.0,0.0,0.0,-0.009999999543651938,1,-0.009999999543651938
,academy_3_vs_1_with_keeper,42,collect_rollout,1783,0,20,-0.009999999543651938,False,False,0.0,0.0,0,0,0,0.0,0.0,0.0,0.0,-0.009999999543651938,1,-0.009999999543651938
,academy_3_vs_1_with_keeper,42,collect_rollout,1784,0,83,-0.09015897114295512,False,False,0.0,0.0,0,0,0,0.0,0.0,0.0,0.0,-0.09015897114295512,1,-0.09015897114295512
,academy_3_vs_1_with_keeper,42,collect_rollout,1785,0,48,0.05534402106422931,False,False,0.0,0.0,0,0,0,0.0,0.0,0.0,0.0,0.05534402106422931,1,0.05534402106422931
,academy_3_vs_1_with_keeper,42,collect_rollout,1786,0,15,-0.013333332724869251,False,False,0.0,0.0,0,0,0,0.0,0.0,0.0,0.0,-0.013333332724869251,1,-0.013333332724869251
,academy_3_vs_1_with_keeper,42,collect_rollout,1787,0,22,-0.003333333181217313,False,False,0.0,0.0,0,0,0,0.0,0.0,0.0,0.0,-0.003333333181217313,1,-0.003333333181217313
,academy_3_vs_1_with_keeper,42,collect_rollout,1788,0,17,-0.006666666362434626,False,False,0.0,0.0,0,0,0,0.0,0.0,0.0,0.0,-0.006666666362434626,1,-0.006666666362434626
,academy_3_vs_1_with_keeper,42,collect_rollout,1789,0,51,-0.06614016916137189,False,False,0.0,0.0,0,0,0,0.0,0.0,0.0,0.0,-0.06614016916137189,1,-0.06614016916137189
,academy_3_vs_1_with_keeper,42,collect_rollout,1790,0,17,-0.003333333181217313,False,False,0.0,0.0,0,0,0,0.0,0.0,0.0,0.0,-0.003333333181217313,1,-0.003333333181217313
,academy_3_vs_1_with_keeper,42,collect_rollout,1791,0,22,-0.009999999543651938,False,False,0.0,0.0,0,0,0,0.0,0.0,0.0,0.0,-0.009999999543651938,1,-0.009999999543651938
,academy_3_vs_1_with_keeper,42,collect_rollout,1792,0,20,-0.009999999543651938,False,False,0.0,0.0,0,0,0,0.0,0.0,0.0,0.0,-0.009999999543651938,1,-0.009999999543651938
,academy_3_vs_1_with_keeper,42,collect_rollout,1793,0,22,-0.013333332724869251,False,False,0.0,0.0,0,0,0,0.0,0.0,0.0,0.0,-0.013333332724869251,1,-0.013333332724869251
,academy_3_vs_1_with_keeper,42,collect_rollout,1794,0,19,-0.006666666362434626,False,False,0.0,0.0,0,0,0,0.0,0.0,0.0,0.0,-0.006666666362434626,1,-0.006666666362434626
,academy_3_vs_1_with_keeper,42,collect_rollout,1795,0,17,-0.006666666362434626,False,False,0.0,0.0,0,0,0,0.0,0.0,0.0,0.0,-0.006666666362434626,1,-0.006666666362434626
,academy_3_vs_1_with_keeper,42,collect_rollout,1796,0,15,0.0,False,False,0.0,0.0,0,0,0,0.0,0.0,0.0,0.0,0.0,1,0.0
,academy_3_vs_1_with_keeper,42,collect_rollout,1797,0,18,-0.003333333181217313,False,False,0.0,0.0,0,0,0,0.0,0.0,0.0,0.0,-0.003333333181217313,1,-0.003333333181217313
,academy_3_vs_1_with_keeper,42,collect_rollout,1798,0,17,-0.006666666362434626,False,False,0.0,0.0,0,0,0,0.0,0.0,0.0,0.0,-0.006666666362434626,1,-0.006666666362434626
,academy_3_vs_1_with_keeper,42,collect_rollout,1799,0,21,-0.009999999543651938,False,False,0.0,0.0,0,0,0,0.0,0.0,0.0,0.0,-0.009999999543651938,1,-0.009999999543651938
,academy_3_vs_1_with_keeper,42,collect_rollout,1800,0,19,-0.003333333181217313,False,False,0.0,0.0,0,0,0,0.0,0.0,0.0,0.0,-0.003333333181217313,1,-0.003333333181217313
,academy_3_vs_1_with_keeper,42,collect_rollout,1801,0,19,-0.006666666362434626,False,False,0.0,0.0,0,0,0,0.0,0.0,0.0,0.0,-0.006666666362434626,1,-0.006666666362434626
,academy_3_vs_1_with_keeper,42,collect_rollout,1802,0,87,0.030409847560804337,False,False,0.0,0.0,0,0,0,0.0,0.0,0.0,0.0,0.030409847560804337,1,0.030409847560804337
,academy_3_vs_1_with_keeper,42,collect_rollout,1803,0,42,0.05109594331588596,False,False,0.0,0.0,0,0,0,0.0,0.0,0.0,0.0,0.05109594331588596,1,0.05109594331588596
,academy_3_vs_1_with_keeper,42,collect_rollout,1804,0,102,0.05726103007327765,False,False,0.0,0.0,0,0,0,0.0,0.0,0.0,0.0,0.05726103007327765,1,0.05726103007327765
,academy_3_vs_1_with_keeper,42,collect_rollout,1805,0,107,-0.052015567518537864,False,False,0.0,0.0,0,0,0,0.0,0.0,0.0,0.0,-0.052015567518537864,1,-0.052015567518537864
,academy_3_vs_1_with_keeper,42,collect_rollout,1806,0,116,-0.56284994201269,False,False,0.0,0.0,0,0,0,0.0,0.0,0.0,0.0,-0.56284994201269,1,-0.56284994201269
,academy_3_vs_1_with_keeper,42,collect_rollout,1807,0,48,-0.00018556322902441025,False,False,0.0,0.0,0,0,0,0.0,0.0,0.0,0.0,-0.00018556322902441025,1,-0.00018556322902441025
,academy_3_vs_1_with_keeper,42,collect_rollout,1808,0,18,-0.006666666362434626,False,False,0.0,0.0,0,0,0,0.0,0.0,0.0,0.0,-0.006666666362434626,1,-0.006666666362434626
,academy_3_vs_1_with_keeper,42,collect_rollout,1809,0,22,-0.006666666362434626,False,False,0.0,0.0,0,0,0,0.0,0.0,0.0,0.0,-0.006666666362434626,1,-0.006666666362434626
,academy_3_vs_1_with_keeper,42,collect_rollout,1810,0,22,-0.006666666362434626,False,False,0.0,0.0,0,0,0,0.0,0.0,0.0,0.0,-0.006666666362434626,1,-0.006666666362434626
,academy_3_vs_1_with_keeper,42,collect_rollout,1811,0,15,-0.003333333181217313,False,False,0.0,0.0,0,0,0,0.0,0.0,0.0,0.0,-0.003333333181217313,1,-0.003333333181217313
,academy_3_vs_1_with_keeper,42,collect_rollout,1812,0,86,-0.011520205531269312,False,False,0.0,0.0,0,0,0,0.0,0.0,0.0,0.0,-0.011520205531269312,1,-0.011520205531269312
,academy_3_vs_1_with_keeper,42,collect_rollout,1813,0,17,0.0,False,False,0.0,0.0,0,0,0,0.0,0.0,0.0,0.0,0.0,1,0.0
,academy_3_vs_1_with_keeper,42,collect_rollout,1814,0,74,-0.16738072654698044,False,False,0.0,0.0,0,0,0,0.0,0.0,0.0,0.0,-0.16738072654698044,1,-0.16738072654698044
,academy_3_vs_1_with_keeper,42,collect_rollout,1815,0,18,0.0,False,False,0.0,0.0,0,0,0,0.0,0.0,0.0,0.0,0.0,1,0.0
,academy_3_vs_1_with_keeper,42,collect_rollout,1816,0,10,-0.011165403295308352,False,False,0.0,0.0,0,0,0,0.0,0.0,0.0,0.0,-0.011165403295308352,1,-0.011165403295308352
,academy_3_vs_1_with_keeper,42,collect_rollout,1817,0,14,-0.003333333181217313,False,False,0.0,0.0,0,0,0,0.0,0.0,0.0,0.0,-0.003333333181217313,1,-0.003333333181217313
,academy_3_vs_1_with_keeper,42,collect_rollout,1818,0,85,-0.10537833941634744,False,False,0.0,0.0,0,0,0,0.0,0.0,0.0,0.0,-0.10537833941634744,1,-0.10537833941634744
,academy_3_vs_1_with_keeper,42,collect_rollout,1819,0,19,-0.003333333181217313,False,False,0.0,0.0,0,0,0,0.0,0.0,0.0,0.0,-0.003333333181217313,1,-0.003333333181217313
,academy_3_vs_1_with_keeper,42,collect_rollout,1820,0,67,-0.0038114021699584555,False,False,0.0,0.0,0,0,0,0.0,0.0,0.0,0.0,-0.0038114021699584555,1,-0.0038114021699584555
,academy_3_vs_1_with_keeper,42,collect_rollout,1821,0,17,0.0,False,False,0.0,0.0,0,0,0,0.0,0.0,0.0,0.0,0.0,1,0.0
,academy_3_vs_1_with_keeper,42,collect_rollout,1822,0,16,0.0,False,False,0.0,0.0,0,0,0,0.0,0.0,0.0,0.0,0.0,1,0.0
,academy_3_vs_1_with_keeper,42,collect_rollout,1823,0,23,-0.003333333181217313,False,False,0.0,0.0,0,0,0,0.0,0.0,0.0,0.0,-0.003333333181217313,1,-0.003333333181217313
,academy_3_vs_1_with_keeper,42,collect_rollout,1824,0,81,-0.031245678866980597,False,False,0.0,0.0,0,0,0,0.0,0.0,0.0,0.0,-0.031245678866980597,1,-0.031245678866980597
,academy_3_vs_1_with_keeper,42,collect_rollout,1825,0,20,-0.003333333181217313,False,False,0.0,0.0,0,0,0,0.0,0.0,0.0,0.0,-0.003333333181217313,1,-0.003333333181217313
,academy_3_vs_1_with_keeper,42,collect_rollout,1826,0,19,-0.019999999087303877,False,False,0.0,0.0,0,0,0,0.0,0.0,0.0,0.0,-0.019999999087303877,1,-0.019999999087303877
,academy_3_vs_1_with_keeper,42,collect_rollout,1827,0,46,0.052014500834047794,False,False,0.0,0.0,0,0,0,0.0,0.0,0.0,0.0,0.052014500834047794,1,0.052014500834047794
,academy_3_vs_1_with_keeper,42,collect_rollout,1828,0,15,-0.006666666362434626,False,False,0.0,0.0,0,0,0,0.0,0.0,0.0,0.0,-0.006666666362434626,1,-0.006666666362434626
,academy_3_vs_1_with_keeper,42,collect_rollout,1829,0,17,-0.003333333181217313,False,False,0.0,0.0,0,0,0,0.0,0.0,0.0,0.0,-0.003333333181217313,1,-0.003333333181217313
,academy_3_vs_1_with_keeper,42,collect_rollout,1830,0,18,-0.003333333181217313,False,False,0.0,0.0,0,0,0,0.0,0.0,0.0,0.0,-0.003333333181217313,1,-0.003333333181217313
,academy_3_vs_1_with_keeper,42,collect_rollout,1831,0,18,-0.006666666362434626,False,False,0.0,0.0,0,0,0,0.0,0.0,0.0,0.0,-0.006666666362434626,1,-0.006666666362434626
,academy_3_vs_1_with_keeper,42,collect_rollout,1832,0,18,0.0,False,False,0.0,0.0,0,0,0,0.0,0.0,0.0,0.0,0.0,1,0.0
,academy_3_vs_1_with_keeper,42,collect_rollout,1833,0,22,-0.003333333181217313,False,False,0.0,0.0,0,0,0,0.0,0.0,0.0,0.0,-0.003333333181217313,1,-0.003333333181217313
,academy_3_vs_1_with_keeper,42,collect_rollout,1834,0,20,-0.006666666362434626,False,False,0.0,0.0,0,0,0,0.0,0.0,0.0,0.0,-0.006666666362434626,1,-0.006666666362434626
,academy_3_vs_1_with_keeper,42,collect_rollout,1835,0,36,-0.03869517310522497,False,False,0.0,0.0,0,0,0,0.0,0.0,0.0,0.0,-0.03869517310522497,1,-0.03869517310522497
,academy_3_vs_1_with_keeper,42,collect_rollout,1836,0,86,-0.00019476888701319695,False,False,0.0,0.0,0,0,0,0.0,0.0,0.0,0.0,-0.00019476888701319695,1,-0.00019476888701319695
,academy_3_vs_1_with_keeper,42,collect_rollout,1837,0,22,-0.006666666362434626,False,False,0.0,0.0,0,0,0,0.0,0.0,0.0,0.0,-0.006666666362434626,1,-0.006666666362434626
,academy_3_vs_1_with_keeper,42,collect_rollout,1838,0,39,0.048449007925228216,False,False,0.0,0.0,0,0,0,0.0,0.0,0.0,0.0,0.048449007925228216,1,0.048449007925228216
,academy_3_vs_1_with_keeper,42,collect_rollout,1839,0,18,-0.006666666362434626,False,False,0.0,0.0,0,0,0,0.0,0.0,0.0,0.0,-0.006666666362434626,1,-0.006666666362434626
,academy_3_vs_1_with_keeper,42,collect_rollout,1840,0,94,0.014149778988212347,False,False,0.0,0.0,0,0,0,0.0,0.0,0.0,0.0,0.014149778988212347,1,0.014149778988212347
,academy_3_vs_1_with_keeper,42,collect_rollout,1841,0,17,-0.003333333181217313,False,False,0.0,0.0,0,0,0,0.0,0.0,0.0,0.0,-0.003333333181217313,1,-0.003333333181217313
,academy_3_vs_1_with_keeper,42,collect_rollout,1842,0,35,-0.038417182047851384,False,False,0.0,0.0,0,0,0,0.0,0.0,0.0,0.0,-0.038417182047851384,1,-0.038417182047851384
,academy_3_vs_1_with_keeper,42,collect_rollout,1843,0,23,-0.009999999543651938,False,False,0.0,0.0,0,0,0,0.0,0.0,0.0,0.0,-0.009999999543651938,1,-0.009999999543651938
,academy_3_vs_1_with_keeper,42,collect_rollout,1844,0,16,-0.003333333181217313,False,False,0.0,0.0,0,0,0,0.0,0.0,0.0,0.0,-0.003333333181217313,1,-0.003333333181217313
,academy_3_vs_1_with_keeper,42,collect_rollout,1845,0,16,-0.006666666362434626,False,False,0.0,0.0,0,0,0,0.0,0.0,0.0,0.0,-0.006666666362434626,1,-0.006666666362434626
,academy_3_vs_1_with_keeper,42,collect_rollout,1846,0,14,-0.003170038457028568,False,False,0.0,0.0,0,0,0,0.0,0.0,0.0,0.0,-0.003170038457028568,1,-0.003170038457028568
,academy_3_vs_1_with_keeper,42,collect_rollout,1847,0,55,-0.07993738062214106,False,False,0.0,0.0,0,0,0,0.0,0.0,0.0,0.0,-0.07993738062214106,1,-0.07993738062214106
,academy_3_vs_1_with_keeper,42,collect_rollout,1848,0,87,-0.4809034436912043,False,False,0.0,0.0,0,0,0,0.0,0.0,0.0,0.0,-0.4809034436912043,1,-0.4809034436912043
,academy_3_vs_1_with_keeper,42,collect_rollout,1849,0,18,-0.006666666362434626,False,False,0.0,0.0,0,0,0,0.0,0.0,0.0,0.0,-0.006666666362434626,1,-0.006666666362434626
,academy_3_vs_1_with_keeper,42,collect_rollout,1850,0,22,0.0,False,False,0.0,0.0,0,0,0,0.0,0.0,0.0,0.0,0.0,1,0.0
,academy_3_vs_1_with_keeper,42,collect_rollout,1851,0,18,0.0,False,False,0.0,0.0,0,0,0,0.0,0.0,0.0,0.0,0.0,1,0.0
,academy_3_vs_1_with_keeper,42,collect_rollout,1852,0,16,-0.006666666362434626,False,False,0.0,0.0,0,0,0,0.0,0.0,0.0,0.0,-0.006666666362434626,1,-0.006666666362434626
,academy_3_vs_1_with_keeper,42,collect_rollout,1853,0,18,-0.006666666362434626,False,False,0.0,0.0,0,0,0,0.0,0.0,0.0,0.0,-0.006666666362434626,1,-0.006666666362434626
,academy_3_vs_1_with_keeper,42,collect_rollout,1854,0,22,-0.003333333181217313,False,False,0.0,0.0,0,0,0,0.0,0.0,0.0,0.0,-0.003333333181217313,1,-0.003333333181217313
,academy_3_vs_1_with_keeper,42,collect_rollout,1855,0,19,-0.003333333181217313,False,False,0.0,0.0,0,0,0,0.0,0.0,0.0,0.0,-0.003333333181217313,1,-0.003333333181217313
,academy_3_vs_1_with_keeper,42,collect_rollout,1856,0,41,0.04808994848281145,False,False,0.0,0.0,0,0,0,0.0,0.0,0.0,0.0,0.04808994848281145,1,0.04808994848281145
,academy_3_vs_1_with_keeper,42,collect_rollout,1857,0,212,-1.141749050701037,False,False,0.0,0.0,0,0,0,0.0,0.0,0.0,0.0,-1.141749050701037,1,-1.141749050701037
,academy_3_vs_1_with_keeper,42,collect_rollout,1858,0,53,0.09987429436296225,False,False,0.0,0.0,0,0,0,0.0,0.0,0.0,0.0,0.09987429436296225,1,0.09987429436296225
,academy_3_vs_1_with_keeper,42,collect_rollout,1859,0,89,0.0833094937261194,False,False,0.0,0.0,0,0,0,0.0,0.0,0.0,0.0,0.0833094937261194,1,0.0833094937261194
,academy_3_vs_1_with_keeper,42,collect_rollout,1860,0,17,0.0,False,False,0.0,0.0,0,0,0,0.0,0.0,0.0,0.0,0.0,1,0.0
,academy_3_vs_1_with_keeper,42,collect_rollout,1861,0,82,0.019573979487176985,False,False,0.0,0.0,0,0,0,0.0,0.0,0.0,0.0,0.019573979487176985,1,0.019573979487176985
,academy_3_vs_1_with_keeper,42,collect_rollout,1862,0,18,0.0,False,False,0.0,0.0,0,0,0,0.0,0.0,0.0,0.0,0.0,1,0.0
,academy_3_vs_1_with_keeper,42,collect_rollout,1863,0,19,-0.009999999543651938,False,False,0.0,0.0,0,0,0,0.0,0.0,0.0,0.0,-0.009999999543651938,1,-0.009999999543651938
,academy_3_vs_1_with_keeper,42,collect_rollout,1864,0,83,0.05169774673413485,False,False,0.0,0.0,0,0,0,0.0,0.0,0.0,0.0,0.05169774673413485,1,0.05169774673413485
,academy_3_vs_1_with_keeper,42,collect_rollout,1865,0,33,0.025033840182004496,False,False,0.0,0.0,0,0,0,0.0,0.0,0.0,0.0,0.025033840182004496,1,0.025033840182004496
,academy_3_vs_1_with_keeper,42,collect_rollout,1866,0,19,-0.009999999543651938,False,False,0.0,0.0,0,0,0,0.0,0.0,0.0,0.0,-0.009999999543651938,1,-0.009999999543651938
,academy_3_vs_1_with_keeper,42,collect_rollout,1867,0,132,-0.4879244858166203,False,False,0.0,0.0,0,0,0,0.0,0.0,0.0,0.0,-0.4879244858166203,1,-0.4879244858166203
,academy_3_vs_1_with_keeper,42,collect_rollout,1868,0,60,-0.17266206396743655,False,False,0.0,0.0,0,0,0,0.0,0.0,0.0,0.0,-0.17266206396743655,1,-0.17266206396743655
,academy_3_vs_1_with_keeper,42,collect_rollout,1869,0,19,-0.006666666362434626,False,False,0.0,0.0,0,0,0,0.0,0.0,0.0,0.0,-0.006666666362434626,1,-0.006666666362434626
,academy_3_vs_1_with_keeper,42,collect_rollout,1870,0,18,-0.009999999543651938,False,False,0.0,0.0,0,0,0,0.0,0.0,0.0,0.0,-0.009999999543651938,1,-0.009999999543651938
,academy_3_vs_1_with_keeper,42,collect_rollout,1871,0,16,-0.006666666362434626,False,False,0.0,0.0,0,0,0,0.0,0.0,0.0,0.0,-0.006666666362434626,1,-0.006666666362434626
,academy_3_vs_1_with_keeper,42,collect_rollout,1872,0,21,-0.006666666362434626,False,False,0.0,0.0,0,0,0,0.0,0.0,0.0,0.0,-0.006666666362434626,1,-0.006666666362434626
,academy_3_vs_1_with_keeper,42,collect_rollout,1873,0,18,-0.003333333181217313,False,False,0.0,0.0,0,0,0,0.0,0.0,0.0,0.0,-0.003333333181217313,1,-0.003333333181217313
,academy_3_vs_1_with_keeper,42,collect_rollout,1874,0,20,-0.003333333181217313,False,False,0.0,0.0,0,0,0,0.0,0.0,0.0,0.0,-0.003333333181217313,1,-0.003333333181217313
,academy_3_vs_1_with_keeper,42,collect_rollout,1875,0,66,-0.03665479354094714,False,False,0.0,0.0,0,0,0,0.0,0.0,0.0,0.0,-0.03665479354094714,1,-0.03665479354094714
,academy_3_vs_1_with_keeper,42,collect_rollout,1876,0,89,-0.14174777979496866,False,False,0.0,0.0,0,0,0,0.0,0.0,0.0,0.0,-0.14174777979496866,1,-0.14174777979496866
,academy_3_vs_1_with_keeper,42,collect_rollout,1877,0,74,-0.28386140591464937,False,False,0.0,0.0,0,0,0,0.0,0.0,0.0,0.0,-0.28386140591464937,1,-0.28386140591464937
,academy_3_vs_1_with_keeper,42,collect_rollout,1878,0,158,-0.8076207126723602,False,False,0.0,0.0,0,0,0,0.0,0.0,0.0,0.0,-0.8076207126723602,1,-0.8076207126723602
,academy_3_vs_1_with_keeper,42,collect_rollout,1879,0,21,0.0,False,False,0.0,0.0,0,0,0,0.0,0.0,0.0,0.0,0.0,1,0.0
,academy_3_vs_1_with_keeper,42,collect_rollout,1880,0,16,0.0,False,False,0.0,0.0,0,0,0,0.0,0.0,0.0,0.0,0.0,1,0.0
,academy_3_vs_1_with_keeper,42,collect_rollout,1881,0,17,-0.006666666362434626,False,False,0.0,0.0,0,0,0,0.0,0.0,0.0,0.0,-0.006666666362434626,1,-0.006666666362434626
,academy_3_vs_1_with_keeper,42,collect_rollout,1882,0,20,-0.003333333181217313,False,False,0.0,0.0,0,0,0,0.0,0.0,0.0,0.0,-0.003333333181217313,1,-0.003333333181217313
,academy_3_vs_1_with_keeper,42,collect_rollout,1883,0,38,0.04454177198931575,False,False,0.0,0.0,0,0,0,0.0,0.0,0.0,0.0,0.04454177198931575,1,0.04454177198931575
,academy_3_vs_1_with_keeper,42,collect_rollout,1884,0,18,-0.003333333181217313,False,False,0.0,0.0,0,0,0,0.0,0.0,0.0,0.0,-0.003333333181217313,1,-0.003333333181217313
,academy_3_vs_1_with_keeper,42,collect_rollout,1885,0,70,-0.16745675273705274,False,False,0.0,0.0,0,0,0,0.0,0.0,0.0,0.0,-0.16745675273705274,1,-0.16745675273705274
,academy_3_vs_1_with_keeper,42,collect_rollout,1886,0,15,-0.013333332724869251,False,False,0.0,0.0,0,0,0,0.0,0.0,0.0,0.0,-0.013333332724869251,1,-0.013333332724869251
,academy_3_vs_1_with_keeper,42,collect_rollout,1887,0,23,-0.003333333181217313,False,False,0.0,0.0,0,0,0,0.0,0.0,0.0,0.0,-0.003333333181217313,1,-0.003333333181217313
,academy_3_vs_1_with_keeper,42,collect_rollout,1888,0,42,0.02912381646456197,False,False,0.0,0.0,0,0,0,0.0,0.0,0.0,0.0,0.02912381646456197,1,0.02912381646456197
,academy_3_vs_1_with_keeper,42,collect_rollout,1889,0,17,0.0,False,False,0.0,0.0,0,0,0,0.0,0.0,0.0,0.0,0.0,1,0.0
,academy_3_vs_1_with_keeper,42,collect_rollout,1890,0,16,-0.003333333181217313,False,False,0.0,0.0,0,0,0,0.0,0.0,0.0,0.0,-0.003333333181217313,1,-0.003333333181217313
,academy_3_vs_1_with_keeper,42,collect_rollout,1891,0,95,-0.05532395967748016,False,False,0.0,0.0,0,0,0,0.0,0.0,0.0,0.0,-0.05532395967748016,1,-0.05532395967748016
,academy_3_vs_1_with_keeper,42,collect_rollout,1892,0,31,1.9969636714085937,False,False,0.0,0.0,0,0,0,0.0,0.0,0.0,0.0,1.9969636714085937,1,1.9969636714085937
,academy_3_vs_1_with_keeper,42,collect_rollout,1893,0,110,-0.2631979504658375,False,False,0.0,0.0,0,0,0,0.0,0.0,0.0,0.0,-0.2631979504658375,1,-0.2631979504658375
,academy_3_vs_1_with_keeper,42,collect_rollout,1894,0,18,-0.006666666362434626,False,False,0.0,0.0,0,0,0,0.0,0.0,0.0,0.0,-0.006666666362434626,1,-0.006666666362434626
,academy_3_vs_1_with_keeper,42,collect_rollout,1895,0,20,-0.003333333181217313,False,False,0.0,0.0,0,0,0,0.0,0.0,0.0,0.0,-0.003333333181217313,1,-0.003333333181217313
,academy_3_vs_1_with_keeper,42,collect_rollout,1896,0,1801,-0.5441385965095833,False,False,0.0,0.0,0,0,0,0.0,0.0,0.0,0.0,-0.5441385965095833,1,-0.5441385965095833
,academy_3_vs_1_with_keeper,42,collect_rollout,1897,0,18,-0.003333333181217313,False,False,0.0,0.0,0,0,0,0.0,0.0,0.0,0.0,-0.003333333181217313,1,-0.003333333181217313
,academy_3_vs_1_with_keeper,42,collect_rollout,1898,0,16,-0.006666666362434626,False,False,0.0,0.0,0,0,0,0.0,0.0,0.0,0.0,-0.006666666362434626,1,-0.006666666362434626
,academy_3_vs_1_with_keeper,42,collect_rollout,1899,0,18,0.0,False,False,0.0,0.0,0,0,0,0.0,0.0,0.0,0.0,0.0,1,0.0
,academy_3_vs_1_with_keeper,42,collect_rollout,1900,0,19,-0.003333333181217313,False,False,0.0,0.0,0,0,0,0.0,0.0,0.0,0.0,-0.003333333181217313,1,-0.003333333181217313
,academy_3_vs_1_with_keeper,42,collect_rollout,1901,0,15,0.0,False,False,0.0,0.0,0,0,0,0.0,0.0,0.0,0.0,0.0,1,0.0
,academy_3_vs_1_with_keeper,42,collect_rollout,1902,0,21,-0.013333332724869251,False,False,0.0,0.0,0,0,0,0.0,0.0,0.0,0.0,-0.013333332724869251,1,-0.013333332724869251
,academy_3_vs_1_with_keeper,42,collect_rollout,1903,0,69,-0.1646524955285713,False,False,0.0,0.0,0,0,0,0.0,0.0,0.0,0.0,-0.1646524955285713,1,-0.1646524955285713
,academy_3_vs_1_with_keeper,42,collect_rollout,1904,0,20,-0.006666666362434626,False,False,0.0,0.0,0,0,0,0.0,0.0,0.0,0.0,-0.006666666362434626,1,-0.006666666362434626
,academy_3_vs_1_with_keeper,42,collect_rollout,1905,0,17,-0.009999999543651938,False,False,0.0,0.0,0,0,0,0.0,0.0,0.0,0.0,-0.009999999543651938,1,-0.009999999543651938
,academy_3_vs_1_with_keeper,42,collect_rollout,1906,0,33,2.0004638854879886,False,False,0.0,0.0,0,0,0,0.0,0.0,0.0,0.0,2.0004638854879886,1,2.0004638854879886
,academy_3_vs_1_with_keeper,42,collect_rollout,1907,0,18,-0.009999999543651938,False,False,0.0,0.0,0,0,0,0.0,0.0,0.0,0.0,-0.009999999543651938,1,-0.009999999543651938
,academy_3_vs_1_with_keeper,42,collect_rollout,1908,0,19,0.0,False,False,0.0,0.0,0,0,0,0.0,0.0,0.0,0.0,0.0,1,0.0
,academy_3_vs_1_with_keeper,42,collect_rollout,1909,0,22,-0.003333333181217313,False,False,0.0,0.0,0,0,0,0.0,0.0,0.0,0.0,-0.003333333181217313,1,-0.003333333181217313
,academy_3_vs_1_with_keeper,42,collect_rollout,1910,0,20,-0.006666666362434626,False,False,0.0,0.0,0,0,0,0.0,0.0,0.0,0.0,-0.006666666362434626,1,-0.006666666362434626
,academy_3_vs_1_with_keeper,42,collect_rollout,1911,0,18,-0.003333333181217313,False,False,0.0,0.0,0,0,0,0.0,0.0,0.0,0.0,-0.003333333181217313,1,-0.003333333181217313
,academy_3_vs_1_with_keeper,42,collect_rollout,1912,0,18,0.0,False,False,0.0,0.0,0,0,0,0.0,0.0,0.0,0.0,0.0,1,0.0
,academy_3_vs_1_with_keeper,42,collect_rollout,1913,0,14,-0.003333333181217313,False,False,0.0,0.0,0,0,0,0.0,0.0,0.0,0.0,-0.003333333181217313,1,-0.003333333181217313
,academy_3_vs_1_with_keeper,42,collect_rollout,1914,0,53,0.2844212382333353,False,False,0.0,0.0,0,0,0,0.0,0.0,0.0,0.0,0.2844212382333353,1,0.2844212382333353
,academy_3_vs_1_with_keeper,42,collect_rollout,1915,0,17,0.0,False,False,0.0,0.0,0,0,0,0.0,0.0,0.0,0.0,0.0,1,0.0
,academy_3_vs_1_with_keeper,42,collect_rollout,1916,0,19,-0.003333333181217313,False,False,0.0,0.0,0,0,0,0.0,0.0,0.0,0.0,-0.003333333181217313,1,-0.003333333181217313
,academy_3_vs_1_with_keeper,42,collect_rollout,1917,0,17,-0.009999999543651938,False,False,0.0,0.0,0,0,0,0.0,0.0,0.0,0.0,-0.009999999543651938,1,-0.009999999543651938
,academy_3_vs_1_with_keeper,42,collect_rollout,1918,0,16,0.0,False,False,0.0,0.0,0,0,0,0.0,0.0,0.0,0.0,0.0,1,0.0
,academy_3_vs_1_with_keeper,42,collect_rollout,1919,0,18,-0.009999999543651938,False,False,0.0,0.0,0,0,0,0.0,0.0,0.0,0.0,-0.009999999543651938,1,-0.009999999543651938
,academy_3_vs_1_with_keeper,42,collect_rollout,1920,0,18,-0.003333333181217313,False,False,0.0,0.0,0,0,0,0.0,0.0,0.0,0.0,-0.003333333181217313,1,-0.003333333181217313
,academy_3_vs_1_with_keeper,42,collect_rollout,1921,0,20,-0.006666666362434626,False,False,0.0,0.0,0,0,0,0.0,0.0,0.0,0.0,-0.006666666362434626,1,-0.006666666362434626
,academy_3_vs_1_with_keeper,42,collect_rollout,1922,0,49,-0.04194189782720059,False,False,0.0,0.0,0,0,0,0.0,0.0,0.0,0.0,-0.04194189782720059,1,-0.04194189782720059
,academy_3_vs_1_with_keeper,42,collect_rollout,1923,0,19,-0.026666665449738503,False,False,0.0,0.0,0,0,0,0.0,0.0,0.0,0.0,-0.026666665449738503,1,-0.026666665449738503
,academy_3_vs_1_with_keeper,42,collect_rollout,1924,0,20,-0.003333333181217313,False,False,0.0,0.0,0,0,0,0.0,0.0,0.0,0.0,-0.003333333181217313,1,-0.003333333181217313
,academy_3_vs_1_with_keeper,42,collect_rollout,1925,0,35,0.047757665917743,False,False,0.0,0.0,0,0,0,0.0,0.0,0.0,0.0,0.047757665917743,1,0.047757665917743
,academy_3_vs_1_with_keeper,42,collect_rollout,1926,0,20,-0.009999999543651938,False,False,0.0,0.0,0,0,0,0.0,0.0,0.0,0.0,-0.009999999543651938,1,-0.009999999543651938
,academy_3_vs_1_with_keeper,42,collect_rollout,1927,0,11,-0.008390443865209818,False,False,0.0,0.0,0,0,0,0.0,0.0,0.0,0.0,-0.008390443865209818,1,-0.008390443865209818
,academy_3_vs_1_with_keeper,42,collect_rollout,1928,0,65,-0.2263319380581379,False,False,0.0,0.0,0,0,0,0.0,0.0,0.0,0.0,-0.2263319380581379,1,-0.2263319380581379
,academy_3_vs_1_with_keeper,42,collect_rollout,1929,0,18,0.0,False,False,0.0,0.0,0,0,0,0.0,0.0,0.0,0.0,0.0,1,0.0
,academy_3_vs_1_with_keeper,42,collect_rollout,1930,0,1801,-0.13773725600913167,False,False,0.0,0.0,0,0,0,0.0,0.0,0.0,0.0,-0.13773725600913167,1,-0.13773725600913167
,academy_3_vs_1_with_keeper,42,collect_rollout,1931,0,20,-0.003333333181217313,False,False,0.0,0.0,0,0,0,0.0,0.0,0.0,0.0,-0.003333333181217313,1,-0.003333333181217313
,academy_3_vs_1_with_keeper,42,collect_rollout,1932,0,17,0.0,False,False,0.0,0.0,0,0,0,0.0,0.0,0.0,0.0,0.0,1,0.0
,academy_3_vs_1_with_keeper,42,collect_rollout,1933,0,17,-0.003333333181217313,False,False,0.0,0.0,0,0,0,0.0,0.0,0.0,0.0,-0.003333333181217313,1,-0.003333333181217313
,academy_3_vs_1_with_keeper,42,collect_rollout,1934,0,16,-0.003333333181217313,False,False,0.0,0.0,0,0,0,0.0,0.0,0.0,0.0,-0.003333333181217313,1,-0.003333333181217313
,academy_3_vs_1_with_keeper,42,collect_rollout,1935,0,19,0.0,False,False,0.0,0.0,0,0,0,0.0,0.0,0.0,0.0,0.0,1,0.0
,academy_3_vs_1_with_keeper,42,collect_rollout,1936,0,17,0.0,False,False,0.0,0.0,0,0,0,0.0,0.0,0.0,0.0,0.0,1,0.0
,academy_3_vs_1_with_keeper,42,collect_rollout,1937,0,48,-0.04333333461545408,False,False,0.0,0.0,0,0,0,0.0,0.0,0.0,0.0,-0.04333333461545408,1,-0.04333333461545408
,academy_3_vs_1_with_keeper,42,collect_rollout,1938,0,23,0.0,False,False,0.0,0.0,0,0,0,0.0,0.0,0.0,0.0,0.0,1,0.0
,academy_3_vs_1_with_keeper,42,collect_rollout,1939,0,40,0.04300188587512821,False,False,0.0,0.0,0,0,0,0.0,0.0,0.0,0.0,0.04300188587512821,1,0.04300188587512821
,academy_3_vs_1_with_keeper,42,collect_rollout,1940,0,15,-0.003333333181217313,False,False,0.0,0.0,0,0,0,0.0,0.0,0.0,0.0,-0.003333333181217313,1,-0.003333333181217313
,academy_3_vs_1_with_keeper,42,collect_rollout,1941,0,43,1.9265299942344427,False,False,0.0,0.0,0,0,0,0.0,0.0,0.0,0.0,1.9265299942344427,1,1.9265299942344427
,academy_3_vs_1_with_keeper,42,collect_rollout,1942,0,17,0.0,False,False,0.0,0.0,0,0,0,0.0,0.0,0.0,0.0,0.0,1,0.0
,academy_3_vs_1_with_keeper,42,collect_rollout,1943,0,103,-0.5305873682227684,False,False,0.0,0.0,0,0,0,0.0,0.0,0.0,0.0,-0.5305873682227684,1,-0.5305873682227684
,academy_3_vs_1_with_keeper,42,collect_rollout,1944,0,19,0.0,False,False,0.0,0.0,0,0,0,0.0,0.0,0.0,0.0,0.0,1,0.0
,academy_3_vs_1_with_keeper,42,collect_rollout,1945,0,17,0.0,False,False,0.0,0.0,0,0,0,0.0,0.0,0.0,0.0,0.0,1,0.0
,academy_3_vs_1_with_keeper,42,collect_rollout,1946,0,94,-0.021799303824082017,False,False,0.0,0.0,0,0,0,0.0,0.0,0.0,0.0,-0.021799303824082017,1,-0.021799303824082017
,academy_3_vs_1_with_keeper,42,collect_rollout,1947,0,81,-0.04714587805210613,False,False,0.0,0.0,0,0,0,0.0,0.0,0.0,0.0,-0.04714587805210613,1,-0.04714587805210613
,academy_3_vs_1_with_keeper,42,collect_rollout,1948,0,19,0.0,False,False,0.0,0.0,0,0,0,0.0,0.0,0.0,0.0,0.0,1,0.0
,academy_3_vs_1_with_keeper,42,collect_rollout,1949,0,16,-0.003333333181217313,False,False,0.0,0.0,0,0,0,0.0,0.0,0.0,0.0,-0.003333333181217313,1,-0.003333333181217313
,academy_3_vs_1_with_keeper,42,collect_rollout,1950,0,22,-0.003333333181217313,False,False,0.0,0.0,0,0,0,0.0,0.0,0.0,0.0,-0.003333333181217313,1,-0.003333333181217313
,academy_3_vs_1_with_keeper,42,collect_rollout,1951,0,16,-0.003333333181217313,False,False,0.0,0.0,0,0,0,0.0,0.0,0.0,0.0,-0.003333333181217313,1,-0.003333333181217313
,academy_3_vs_1_with_keeper,42,collect_rollout,1952,0,18,-0.006666666362434626,False,False,0.0,0.0,0,0,0,0.0,0.0,0.0,0.0,-0.006666666362434626,1,-0.006666666362434626
,academy_3_vs_1_with_keeper,42,collect_rollout,1953,0,130,0.10343165061203763,False,False,0.0,0.0,0,0,0,0.0,0.0,0.0,0.0,0.10343165061203763,1,0.10343165061203763
,academy_3_vs_1_with_keeper,42,collect_rollout,1954,0,19,-0.006666666362434626,False,False,0.0,0.0,0,0,0,0.0,0.0,0.0,0.0,-0.006666666362434626,1,-0.006666666362434626
,academy_3_vs_1_with_keeper,42,collect_rollout,1955,0,20,-0.003333333181217313,False,False,0.0,0.0,0,0,0,0.0,0.0,0.0,0.0,-0.003333333181217313,1,-0.003333333181217313
,academy_3_vs_1_with_keeper,42,collect_rollout,1956,0,17,-0.003333333181217313,False,False,0.0,0.0,0,0,0,0.0,0.0,0.0,0.0,-0.003333333181217313,1,-0.003333333181217313
,academy_3_vs_1_with_keeper,42,collect_rollout,1957,0,19,-0.006666666362434626,False,False,0.0,0.0,0,0,0,0.0,0.0,0.0,0.0,-0.006666666362434626,1,-0.006666666362434626
,academy_3_vs_1_with_keeper,42,collect_rollout,1958,0,20,0.0,False,False,0.0,0.0,0,0,0,0.0,0.0,0.0,0.0,0.0,1,0.0
,academy_3_vs_1_with_keeper,42,collect_rollout,1959,0,18,-0.009999999543651938,False,False,0.0,0.0,0,0,0,0.0,0.0,0.0,0.0,-0.009999999543651938,1,-0.009999999543651938
,academy_3_vs_1_with_keeper,42,collect_rollout,1960,0,19,0.0,False,False,0.0,0.0,0,0,0,0.0,0.0,0.0,0.0,0.0,1,0.0
,academy_3_vs_1_with_keeper,42,collect_rollout,1961,0,13,-0.003333333181217313,False,False,0.0,0.0,0,0,0,0.0,0.0,0.0,0.0,-0.003333333181217313,1,-0.003333333181217313
,academy_3_vs_1_with_keeper,42,collect_rollout,1962,0,18,0.0,False,False,0.0,0.0,0,0,0,0.0,0.0,0.0,0.0,0.0,1,0.0
,academy_3_vs_1_with_keeper,42,collect_rollout,1963,0,15,0.0,False,False,0.0,0.0,0,0,0,0.0,0.0,0.0,0.0,0.0,1,0.0
,academy_3_vs_1_with_keeper,42,collect_rollout,1964,0,18,0.0,False,False,0.0,0.0,0,0,0,0.0,0.0,0.0,0.0,0.0,1,0.0
,academy_3_vs_1_with_keeper,42,collect_rollout,1965,0,18,-0.003333333181217313,False,False,0.0,0.0,0,0,0,0.0,0.0,0.0,0.0,-0.003333333181217313,1,-0.003333333181217313
,academy_3_vs_1_with_keeper,42,collect_rollout,1966,0,17,-0.003333333181217313,False,False,0.0,0.0,0,0,0,0.0,0.0,0.0,0.0,-0.003333333181217313,1,-0.003333333181217313
,academy_3_vs_1_with_keeper,42,collect_rollout,1967,0,20,-0.006666666362434626,False,False,0.0,0.0,0,0,0,0.0,0.0,0.0,0.0,-0.006666666362434626,1,-0.006666666362434626
,academy_3_vs_1_with_keeper,42,collect_rollout,1968,0,17,-0.003333333181217313,False,False,0.0,0.0,0,0,0,0.0,0.0,0.0,0.0,-0.003333333181217313,1,-0.003333333181217313
,academy_3_vs_1_with_keeper,42,collect_rollout,1969,0,20,-0.009999999543651938,False,False,0.0,0.0,0,0,0,0.0,0.0,0.0,0.0,-0.009999999543651938,1,-0.009999999543651938
,academy_3_vs_1_with_keeper,42,collect_rollout,1970,0,17,-0.003333333181217313,False,False,0.0,0.0,0,0,0,0.0,0.0,0.0,0.0,-0.003333333181217313,1,-0.003333333181217313
,academy_3_vs_1_with_keeper,42,collect_rollout,1971,0,18,0.0,False,False,0.0,0.0,0,0,0,0.0,0.0,0.0,0.0,0.0,1,0.0
,academy_3_vs_1_with_keeper,42,collect_rollout,1972,0,36,-0.040000001434236765,False,False,0.0,0.0,0,0,0,0.0,0.0,0.0,0.0,-0.040000001434236765,1,-0.040000001434236765
,academy_3_vs_1_with_keeper,42,collect_rollout,1973,0,92,0.035123458481393754,False,False,0.0,0.0,0,0,0,0.0,0.0,0.0,0.0,0.035123458481393754,1,0.035123458481393754
,academy_3_vs_1_with_keeper,42,collect_rollout,1974,0,19,-0.003333333181217313,False,False,0.0,0.0,0,0,0,0.0,0.0,0.0,0.0,-0.003333333181217313,1,-0.003333333181217313
,academy_3_vs_1_with_keeper,42,collect_rollout,1975,0,22,0.0,False,False,0.0,0.0,0,0,0,0.0,0.0,0.0,0.0,0.0,1,0.0
,academy_3_vs_1_with_keeper,42,collect_rollout,1976,0,17,0.0,False,False,0.0,0.0,0,0,0,0.0,0.0,0.0,0.0,0.0,1,0.0
,academy_3_vs_1_with_keeper,42,collect_rollout,1977,0,17,0.0,False,False,0.0,0.0,0,0,0,0.0,0.0,0.0,0.0,0.0,1,0.0
,academy_3_vs_1_with_keeper,42,collect_rollout,1978,0,20,-0.003333333181217313,False,False,0.0,0.0,0,0,0,0.0,0.0,0.0,0.0,-0.003333333181217313,1,-0.003333333181217313
,academy_3_vs_1_with_keeper,42,collect_rollout,1979,0,17,-0.003333333181217313,False,False,0.0,0.0,0,0,0,0.0,0.0,0.0,0.0,-0.003333333181217313,1,-0.003333333181217313
,academy_3_vs_1_with_keeper,42,collect_rollout,1980,0,86,0.05071841226890683,False,False,0.0,0.0,0,0,0,0.0,0.0,0.0,0.0,0.05071841226890683,1,0.05071841226890683
,academy_3_vs_1_with_keeper,42,collect_rollout,1981,0,18,-0.006666666362434626,False,False,0.0,0.0,0,0,0,0.0,0.0,0.0,0.0,-0.006666666362434626,1,-0.006666666362434626
,academy_3_vs_1_with_keeper,42,collect_rollout,1982,0,34,0.03721179673448205,False,False,0.0,0.0,0,0,0,0.0,0.0,0.0,0.0,0.03721179673448205,1,0.03721179673448205
,academy_3_vs_1_with_keeper,42,collect_rollout,1983,0,15,-0.006666666362434626,False,False,0.0,0.0,0,0,0,0.0,0.0,0.0,0.0,-0.006666666362434626,1,-0.006666666362434626
,academy_3_vs_1_with_keeper,42,collect_rollout,1984,0,20,-0.006666666362434626,False,False,0.0,0.0,0,0,0,0.0,0.0,0.0,0.0,-0.006666666362434626,1,-0.006666666362434626
,academy_3_vs_1_with_keeper,42,collect_rollout,1985,0,82,-0.1738044488010928,False,False,0.0,0.0,0,0,0,0.0,0.0,0.0,0.0,-0.1738044488010928,1,-0.1738044488010928
,academy_3_vs_1_with_keeper,42,collect_rollout,1986,0,20,-0.003333333181217313,False,False,0.0,0.0,0,0,0,0.0,0.0,0.0,0.0,-0.003333333181217313,1,-0.003333333181217313
,academy_3_vs_1_with_keeper,42,collect_rollout,1987,0,114,-0.23557291296310723,False,False,0.0,0.0,0,0,0,0.0,0.0,0.0,0.0,-0.23557291296310723,1,-0.23557291296310723
,academy_3_vs_1_with_keeper,42,collect_rollout,1988,0,18,0.0,False,False,0.0,0.0,0,0,0,0.0,0.0,0.0,0.0,0.0,1,0.0
,academy_3_vs_1_with_keeper,42,collect_rollout,1989,0,22,-0.003333333181217313,False,False,0.0,0.0,0,0,0,0.0,0.0,0.0,0.0,-0.003333333181217313,1,-0.003333333181217313
,academy_3_vs_1_with_keeper,42,collect_rollout,1990,0,19,-0.006666666362434626,False,False,0.0,0.0,0,0,0,0.0,0.0,0.0,0.0,-0.006666666362434626,1,-0.006666666362434626
,academy_3_vs_1_with_keeper,42,collect_rollout,1991,0,61,-0.1326803625561297,False,False,0.0,0.0,0,0,0,0.0,0.0,0.0,0.0,-0.1326803625561297,1,-0.1326803625561297
,academy_3_vs_1_with_keeper,42,collect_rollout,1992,0,52,-0.11031153216026723,False,False,0.0,0.0,0,0,0,0.0,0.0,0.0,0.0,-0.11031153216026723,1,-0.11031153216026723
,academy_3_vs_1_with_keeper,42,collect_rollout,1993,0,19,-0.006666666362434626,False,False,0.0,0.0,0,0,0,0.0,0.0,0.0,0.0,-0.006666666362434626,1,-0.006666666362434626
,academy_3_vs_1_with_keeper,42,collect_rollout,1994,0,15,-0.003333333181217313,False,False,0.0,0.0,0,0,0,0.0,0.0,0.0,0.0,-0.003333333181217313,1,-0.003333333181217313
,academy_3_vs_1_with_keeper,42,collect_rollout,1995,0,1801,-0.25111945532262325,False,False,0.0,0.0,0,0,0,0.0,0.0,0.0,0.0,-0.25111945532262325,1,-0.25111945532262325
,academy_3_vs_1_with_keeper,42,collect_rollout,1996,0,23,-0.003333333181217313,False,False,0.0,0.0,0,0,0,0.0,0.0,0.0,0.0,-0.003333333181217313,1,-0.003333333181217313
,academy_3_vs_1_with_keeper,42,collect_rollout,1997,0,21,0.0,False,False,0.0,0.0,0,0,0,0.0,0.0,0.0,0.0,0.0,1,0.0
,academy_3_vs_1_with_keeper,42,collect_rollout,1998,0,45,0.05050831439439207,False,False,0.0,0.0,0,0,0,0.0,0.0,0.0,0.0,0.05050831439439207,1,0.05050831439439207
,academy_3_vs_1_with_keeper,42,collect_rollout,1999,0,17,-0.003333333181217313,False,False,0.0,0.0,0,0,0,0.0,0.0,0.0,0.0,-0.003333333181217313,1,-0.003333333181217313
,academy_3_vs_1_with_keeper,42,collect_rollout,2000,0,16,0.0,False,False,0.0,0.0,0,0,0,0.0,0.0,0.0,0.0,0.0,1,0.0
,academy_3_vs_1_with_keeper,42,collect_rollout,2001,0,17,-0.003333333181217313,False,False,0.0,0.0,0,0,0,0.0,0.0,0.0,0.0,-0.003333333181217313,1,-0.003333333181217313
,academy_3_vs_1_with_keeper,42,collect_rollout,2002,0,19,-0.003333333181217313,False,False,0.0,0.0,0,0,0,0.0,0.0,0.0,0.0,-0.003333333181217313,1,-0.003333333181217313
,academy_3_vs_1_with_keeper,42,collect_rollout,2003,0,17,-0.003333333181217313,False,False,0.0,0.0,0,0,0,0.0,0.0,0.0,0.0,-0.003333333181217313,1,-0.003333333181217313
,academy_3_vs_1_with_keeper,42,collect_rollout,2004,0,15,0.0,False,False,0.0,0.0,0,0,0,0.0,0.0,0.0,0.0,0.0,1,0.0
,academy_3_vs_1_with_keeper,42,collect_rollout,2005,0,18,-0.003333333181217313,False,False,0.0,0.0,0,0,0,0.0,0.0,0.0,0.0,-0.003333333181217313,1,-0.003333333181217313
,academy_3_vs_1_with_keeper,42,collect_rollout,2006,0,19,0.0,False,False,0.0,0.0,0,0,0,0.0,0.0,0.0,0.0,0.0,1,0.0
,academy_3_vs_1_with_keeper,42,collect_rollout,2007,0,1053,-0.6228244673111476,False,False,0.0,0.0,0,0,0,0.0,0.0,0.0,0.0,-0.6228244673111476,1,-0.6228244673111476
,academy_3_vs_1_with_keeper,42,collect_rollout,2008,0,17,-0.003333333181217313,False,False,0.0,0.0,0,0,0,0.0,0.0,0.0,0.0,-0.003333333181217313,1,-0.003333333181217313
,academy_3_vs_1_with_keeper,42,collect_rollout,2009,0,21,0.0,False,False,0.0,0.0,0,0,0,0.0,0.0,0.0,0.0,0.0,1,0.0
,academy_3_vs_1_with_keeper,42,collect_rollout,2010,0,98,-0.037160062696784735,False,False,0.0,0.0,0,0,0,0.0,0.0,0.0,0.0,-0.037160062696784735,1,-0.037160062696784735
,academy_3_vs_1_with_keeper,42,collect_rollout,2011,0,13,-0.003333333181217313,False,False,0.0,0.0,0,0,0,0.0,0.0,0.0,0.0,-0.003333333181217313,1,-0.003333333181217313
,academy_3_vs_1_with_keeper,42,collect_rollout,2012,0,16,-0.003333333181217313,False,False,0.0,0.0,0,0,0,0.0,0.0,0.0,0.0,-0.003333333181217313,1,-0.003333333181217313
,academy_3_vs_1_with_keeper,42,collect_rollout,2013,0,38,0.10250650602392852,False,False,0.0,0.0,0,0,0,0.0,0.0,0.0,0.0,0.10250650602392852,1,0.10250650602392852
,academy_3_vs_1_with_keeper,42,collect_rollout,2014,0,11,0.0006465751212090254,False,False,0.0,0.0,0,0,0,0.0,0.0,0.0,0.0,0.0006465751212090254,1,0.0006465751212090254
,academy_3_vs_1_with_keeper,42,collect_rollout,2015,0,159,-0.7059938582387986,False,False,0.0,0.0,0,0,0,0.0,0.0,0.0,0.0,-0.7059938582387986,1,-0.7059938582387986
,academy_3_vs_1_with_keeper,42,collect_rollout,2016,0,16,0.0,False,False,0.0,0.0,0,0,0,0.0,0.0,0.0,0.0,0.0,1,0.0
,academy_3_vs_1_with_keeper,42,collect_rollout,2017,0,20,-0.003333333181217313,False,False,0.0,0.0,0,0,0,0.0,0.0,0.0,0.0,-0.003333333181217313,1,-0.003333333181217313
,academy_3_vs_1_with_keeper,42,collect_rollout,2018,0,1801,-0.33152687130495906,False,False,0.0,0.0,0,0,0,0.0,0.0,0.0,0.0,-0.33152687130495906,1,-0.33152687130495906
,academy_3_vs_1_with_keeper,42,collect_rollout,2019,0,88,0.00870227999985218,False,False,0.0,0.0,0,0,0,0.0,0.0,0.0,0.0,0.00870227999985218,1,0.00870227999985218
,academy_3_vs_1_with_keeper,42,collect_rollout,2020,0,81,-0.34347710048314184,False,False,0.0,0.0,0,0,0,0.0,0.0,0.0,0.0,-0.34347710048314184,1,-0.34347710048314184
,academy_3_vs_1_with_keeper,42,collect_rollout,2021,0,86,-0.3288135160692036,False,False,0.0,0.0,0,0,0,0.0,0.0,0.0,0.0,-0.3288135160692036,1,-0.3288135160692036
,academy_3_vs_1_with_keeper,42,collect_rollout,2022,0,21,0.0,False,False,0.0,0.0,0,0,0,0.0,0.0,0.0,0.0,0.0,1,0.0
,academy_3_vs_1_with_keeper,42,collect_rollout,2023,0,41,0.02975160995265469,False,False,0.0,0.0,0,0,0,0.0,0.0,0.0,0.0,0.02975160995265469,1,0.02975160995265469
,academy_3_vs_1_with_keeper,42,collect_rollout,2024,0,19,-0.003333333181217313,False,False,0.0,0.0,0,0,0,0.0,0.0,0.0,0.0,-0.003333333181217313,1,-0.003333333181217313
,academy_3_vs_1_with_keeper,42,collect_rollout,2025,0,23,-0.016666665906086564,False,False,0.0,0.0,0,0,0,0.0,0.0,0.0,0.0,-0.016666665906086564,1,-0.016666665906086564
,academy_3_vs_1_with_keeper,42,collect_rollout,2026,0,159,-0.5837704255536664,False,False,0.0,0.0,0,0,0,0.0,0.0,0.0,0.0,-0.5837704255536664,1,-0.5837704255536664
,academy_3_vs_1_with_keeper,42,collect_rollout,2027,0,182,-0.3327395892702043,False,False,0.0,0.0,0,0,0,0.0,0.0,0.0,0.0,-0.3327395892702043,1,-0.3327395892702043
,academy_3_vs_1_with_keeper,42,collect_rollout,2028,0,20,0.0,False,False,0.0,0.0,0,0,0,0.0,0.0,0.0,0.0,0.0,1,0.0
,academy_3_vs_1_with_keeper,42,collect_rollout,2029,0,164,-0.8235210689017549,False,False,0.0,0.0,0,0,0,0.0,0.0,0.0,0.0,-0.8235210689017549,1,-0.8235210689017549
,academy_3_vs_1_with_keeper,42,collect_rollout,2030,0,15,-0.003333333181217313,False,False,0.0,0.0,0,0,0,0.0,0.0,0.0,0.0,-0.003333333181217313,1,-0.003333333181217313
,academy_3_vs_1_with_keeper,42,collect_rollout,2031,0,16,-0.006666666362434626,False,False,0.0,0.0,0,0,0,0.0,0.0,0.0,0.0,-0.006666666362434626,1,-0.006666666362434626
,academy_3_vs_1_with_keeper,42,collect_rollout,2032,0,22,0.0,False,False,0.0,0.0,0,0,0,0.0,0.0,0.0,0.0,0.0,1,0.0
,academy_3_vs_1_with_keeper,42,collect_rollout,2033,0,16,-0.003333333181217313,False,False,0.0,0.0,0,0,0,0.0,0.0,0.0,0.0,-0.003333333181217313,1,-0.003333333181217313
,academy_3_vs_1_with_keeper,42,collect_rollout,2034,0,19,-0.003333333181217313,False,False,0.0,0.0,0,0,0,0.0,0.0,0.0,0.0,-0.003333333181217313,1,-0.003333333181217313
,academy_3_vs_1_with_keeper,42,collect_rollout,2035,0,14,-0.006666666362434626,False,False,0.0,0.0,0,0,0,0.0,0.0,0.0,0.0,-0.006666666362434626,1,-0.006666666362434626
,academy_3_vs_1_with_keeper,42,collect_rollout,2036,0,21,-0.003333333181217313,False,False,0.0,0.0,0,0,0,0.0,0.0,0.0,0.0,-0.003333333181217313,1,-0.003333333181217313
,academy_3_vs_1_with_keeper,42,collect_rollout,2037,0,16,0.0,False,False,0.0,0.0,0,0,0,0.0,0.0,0.0,0.0,0.0,1,0.0
,academy_3_vs_1_with_keeper,42,collect_rollout,2038,0,1801,-0.7255242128594546,False,False,0.0,0.0,0,0,0,0.0,0.0,0.0,0.0,-0.7255242128594546,1,-0.7255242128594546
,academy_3_vs_1_with_keeper,42,collect_rollout,2039,0,12,-0.02053374331444502,False,False,0.0,0.0,0,0,0,0.0,0.0,0.0,0.0,-0.02053374331444502,1,-0.02053374331444502
,academy_3_vs_1_with_keeper,42,collect_rollout,2040,0,19,-0.006666666362434626,False,False,0.0,0.0,0,0,0,0.0,0.0,0.0,0.0,-0.006666666362434626,1,-0.006666666362434626
,academy_3_vs_1_with_keeper,42,collect_rollout,2041,0,16,0.0,False,False,0.0,0.0,0,0,0,0.0,0.0,0.0,0.0,0.0,1,0.0
,academy_3_vs_1_with_keeper,42,collect_rollout,2042,0,20,-0.006666666362434626,False,False,0.0,0.0,0,0,0,0.0,0.0,0.0,0.0,-0.006666666362434626,1,-0.006666666362434626
,academy_3_vs_1_with_keeper,42,collect_rollout,2043,0,52,-0.04561832267791033,False,False,0.0,0.0,0,0,0,0.0,0.0,0.0,0.0,-0.04561832267791033,1,-0.04561832267791033
,academy_3_vs_1_with_keeper,42,collect_rollout,2044,0,86,-0.11928412457928061,False,False,0.0,0.0,0,0,0,0.0,0.0,0.0,0.0,-0.11928412457928061,1,-0.11928412457928061
,academy_3_vs_1_with_keeper,42,collect_rollout,2045,0,22,-0.016666665906086564,False,False,0.0,0.0,0,0,0,0.0,0.0,0.0,0.0,-0.016666665906086564,1,-0.016666665906086564
,academy_3_vs_1_with_keeper,42,collect_rollout,2046,0,18,-0.003333333181217313,False,False,0.0,0.0,0,0,0,0.0,0.0,0.0,0.0,-0.003333333181217313,1,-0.003333333181217313
,academy_3_vs_1_with_keeper,42,collect_rollout,2047,0,16,-0.006666666362434626,False,False,0.0,0.0,0,0,0,0.0,0.0,0.0,0.0,-0.006666666362434626,1,-0.006666666362434626
,academy_3_vs_1_with_keeper,42,collect_rollout,2048,0,20,0.0,False,False,0.0,0.0,0,0,0,0.0,0.0,0.0,0.0,0.0,1,0.0
,academy_3_vs_1_with_keeper,42,collect_rollout,2049,0,128,1.4984861181583256,False,False,0.0,0.0,0,0,0,0.0,0.0,0.0,0.0,1.4984861181583256,1,1.4984861181583256
,academy_3_vs_1_with_keeper,42,collect_rollout,2050,0,19,0.0,False,False,0.0,0.0,0,0,0,0.0,0.0,0.0,0.0,0.0,1,0.0
,academy_3_vs_1_with_keeper,42,collect_rollout,2051,0,21,0.0,False,False,0.0,0.0,0,0,0,0.0,0.0,0.0,0.0,0.0,1,0.0
,academy_3_vs_1_with_keeper,42,collect_rollout,2052,0,14,-0.003333333181217313,False,False,0.0,0.0,0,0,0,0.0,0.0,0.0,0.0,-0.003333333181217313,1,-0.003333333181217313
,academy_3_vs_1_with_keeper,42,collect_rollout,2053,0,16,-0.003333333181217313,False,False,0.0,0.0,0,0,0,0.0,0.0,0.0,0.0,-0.003333333181217313,1,-0.003333333181217313
,academy_3_vs_1_with_keeper,42,collect_rollout,2054,0,16,-0.003333333181217313,False,False,0.0,0.0,0,0,0,0.0,0.0,0.0,0.0,-0.003333333181217313,1,-0.003333333181217313
,academy_3_vs_1_with_keeper,42,collect_rollout,2055,0,19,-0.006666666362434626,False,False,0.0,0.0,0,0,0,0.0,0.0,0.0,0.0,-0.006666666362434626,1,-0.006666666362434626
,academy_3_vs_1_with_keeper,42,collect_rollout,2056,0,20,-0.003333333181217313,False,False,0.0,0.0,0,0,0,0.0,0.0,0.0,0.0,-0.003333333181217313,1,-0.003333333181217313
,academy_3_vs_1_with_keeper,42,collect_rollout,2057,0,132,-0.6294343045447022,False,False,0.0,0.0,0,0,0,0.0,0.0,0.0,0.0,-0.6294343045447022,1,-0.6294343045447022
,academy_3_vs_1_with_keeper,42,collect_rollout,2058,0,16,0.0,False,False,0.0,0.0,0,0,0,0.0,0.0,0.0,0.0,0.0,1,0.0
,academy_3_vs_1_with_keeper,42,collect_rollout,2059,0,16,-0.003333333181217313,False,False,0.0,0.0,0,0,0,0.0,0.0,0.0,0.0,-0.003333333181217313,1,-0.003333333181217313
,academy_3_vs_1_with_keeper,42,collect_rollout,2060,0,75,-0.12426751008024439,False,False,0.0,0.0,0,0,0,0.0,0.0,0.0,0.0,-0.12426751008024439,1,-0.12426751008024439
,academy_3_vs_1_with_keeper,42,collect_rollout,2061,0,18,-0.016666665906086564,False,False,0.0,0.0,0,0,0,0.0,0.0,0.0,0.0,-0.016666665906086564,1,-0.016666665906086564
,academy_3_vs_1_with_keeper,42,collect_rollout,2062,0,18,-0.006666666362434626,False,False,0.0,0.0,0,0,0,0.0,0.0,0.0,0.0,-0.006666666362434626,1,-0.006666666362434626
,academy_3_vs_1_with_keeper,42,collect_rollout,2063,0,87,-0.48888487881049514,False,False,0.0,0.0,0,0,0,0.0,0.0,0.0,0.0,-0.48888487881049514,1,-0.48888487881049514
,academy_3_vs_1_with_keeper,42,collect_rollout,2064,0,41,0.036794267827644944,False,False,0.0,0.0,0,0,0,0.0,0.0,0.0,0.0,0.036794267827644944,1,0.036794267827644944
,academy_3_vs_1_with_keeper,42,collect_rollout,2065,0,15,-0.003333333181217313,False,False,0.0,0.0,0,0,0,0.0,0.0,0.0,0.0,-0.003333333181217313,1,-0.003333333181217313
,academy_3_vs_1_with_keeper,42,collect_rollout,2066,0,52,-0.0500000009778887,False,False,0.0,0.0,0,0,0,0.0,0.0,0.0,0.0,-0.0500000009778887,1,-0.0500000009778887
,academy_3_vs_1_with_keeper,42,collect_rollout,2067,0,54,-0.035545533522963524,False,False,0.0,0.0,0,0,0,0.0,0.0,0.0,0.0,-0.035545533522963524,1,-0.035545533522963524
,academy_3_vs_1_with_keeper,42,collect_rollout,2068,0,21,-0.003333333181217313,False,False,0.0,0.0,0,0,0,0.0,0.0,0.0,0.0,-0.003333333181217313,1,-0.003333333181217313
,academy_3_vs_1_with_keeper,42,collect_rollout,2069,0,13,0.0,False,False,0.0,0.0,0,0,0,0.0,0.0,0.0,0.0,0.0,1,0.0
,academy_3_vs_1_with_keeper,42,collect_rollout,2070,0,1801,-0.55490328441374,False,False,0.0,0.0,0,0,0,0.0,0.0,0.0,0.0,-0.55490328441374,1,-0.55490328441374
,academy_3_vs_1_with_keeper,42,collect_rollout,2071,0,23,-0.009999999543651938,False,False,0.0,0.0,0,0,0,0.0,0.0,0.0,0.0,-0.009999999543651938,1,-0.009999999543651938
,academy_3_vs_1_with_keeper,42,collect_rollout,2072,0,20,-0.009999999776482582,False,False,0.0,0.0,0,0,0,0.0,0.0,0.0,0.0,-0.009999999776482582,1,-0.009999999776482582
,academy_3_vs_1_with_keeper,42,collect_rollout,2073,0,70,0.06629943707957864,False,False,0.0,0.0,0,0,0,0.0,0.0,0.0,0.0,0.06629943707957864,1,0.06629943707957864
,academy_3_vs_1_with_keeper,42,collect_rollout,2074,0,115,-0.5137073565274477,False,False,0.0,0.0,0,0,0,0.0,0.0,0.0,0.0,-0.5137073565274477,1,-0.5137073565274477
,academy_3_vs_1_with_keeper,42,collect_rollout,2075,0,72,-0.13287265645340085,False,False,0.0,0.0,0,0,0,0.0,0.0,0.0,0.0,-0.13287265645340085,1,-0.13287265645340085
,academy_3_vs_1_with_keeper,42,collect_rollout,2076,0,17,0.0,False,False,0.0,0.0,0,0,0,0.0,0.0,0.0,0.0,0.0,1,0.0
,academy_3_vs_1_with_keeper,42,collect_rollout,2077,0,18,-0.006666666362434626,False,False,0.0,0.0,0,0,0,0.0,0.0,0.0,0.0,-0.006666666362434626,1,-0.006666666362434626
,academy_3_vs_1_with_keeper,42,collect_rollout,2078,0,68,-0.19716873083962128,False,False,0.0,0.0,0,0,0,0.0,0.0,0.0,0.0,-0.19716873083962128,1,-0.19716873083962128
,academy_3_vs_1_with_keeper,42,collect_rollout,2079,0,18,0.0,False,False,0.0,0.0,0,0,0,0.0,0.0,0.0,0.0,0.0,1,0.0
,academy_3_vs_1_with_keeper,42,collect_rollout,2080,0,1801,-0.49243870470672846,False,False,0.0,0.0,0,0,0,0.0,0.0,0.0,0.0,-0.49243870470672846,1,-0.49243870470672846
,academy_3_vs_1_with_keeper,42,collect_rollout,2081,0,24,0.0,False,False,0.0,0.0,0,0,0,0.0,0.0,0.0,0.0,0.0,1,0.0
,academy_3_vs_1_with_keeper,42,collect_rollout,2082,0,21,0.0,False,False,0.0,0.0,0,0,0,0.0,0.0,0.0,0.0,0.0,1,0.0
,academy_3_vs_1_with_keeper,42,collect_rollout,2083,0,17,0.0,False,False,0.0,0.0,0,0,0,0.0,0.0,0.0,0.0,0.0,1,0.0
,academy_3_vs_1_with_keeper,42,collect_rollout,2084,0,16,0.0,False,False,0.0,0.0,0,0,0,0.0,0.0,0.0,0.0,0.0,1,0.0
,academy_3_vs_1_with_keeper,42,collect_rollout,2085,0,17,-0.003333333181217313,False,False,0.0,0.0,0,0,0,0.0,0.0,0.0,0.0,-0.003333333181217313,1,-0.003333333181217313
,academy_3_vs_1_with_keeper,42,collect_rollout,2086,0,119,-0.32558984274510294,False,False,0.0,0.0,0,0,0,0.0,0.0,0.0,0.0,-0.32558984274510294,1,-0.32558984274510294
,academy_3_vs_1_with_keeper,42,collect_rollout,2087,0,21,0.0,False,False,0.0,0.0,0,0,0,0.0,0.0,0.0,0.0,0.0,1,0.0
,academy_3_vs_1_with_keeper,42,collect_rollout,2088,0,19,0.0,False,False,0.0,0.0,0,0,0,0.0,0.0,0.0,0.0,0.0,1,0.0
,academy_3_vs_1_with_keeper,42,collect_rollout,2089,0,16,-0.003333333181217313,False,False,0.0,0.0,0,0,0,0.0,0.0,0.0,0.0,-0.003333333181217313,1,-0.003333333181217313
,academy_3_vs_1_with_keeper,42,collect_rollout,2090,0,21,-0.003333333181217313,False,False,0.0,0.0,0,0,0,0.0,0.0,0.0,0.0,-0.003333333181217313,1,-0.003333333181217313
,academy_3_vs_1_with_keeper,42,collect_rollout,2091,0,19,-0.009999999543651938,False,False,0.0,0.0,0,0,0,0.0,0.0,0.0,0.0,-0.009999999543651938,1,-0.009999999543651938
,academy_3_vs_1_with_keeper,42,collect_rollout,2092,0,22,-0.003333333181217313,False,False,0.0,0.0,0,0,0,0.0,0.0,0.0,0.0,-0.003333333181217313,1,-0.003333333181217313
,academy_3_vs_1_with_keeper,42,collect_rollout,2093,0,18,-0.003333333181217313,False,False,0.0,0.0,0,0,0,0.0,0.0,0.0,0.0,-0.003333333181217313,1,-0.003333333181217313
,academy_3_vs_1_with_keeper,42,collect_rollout,2094,0,18,-0.006666666362434626,False,False,0.0,0.0,0,0,0,0.0,0.0,0.0,0.0,-0.006666666362434626,1,-0.006666666362434626
,academy_3_vs_1_with_keeper,42,collect_rollout,2095,0,82,0.017804684932343662,False,False,0.0,0.0,0,0,0,0.0,0.0,0.0,0.0,0.017804684932343662,1,0.017804684932343662
,academy_3_vs_1_with_keeper,42,collect_rollout,2096,0,16,-0.006666666362434626,False,False,0.0,0.0,0,0,0,0.0,0.0,0.0,0.0,-0.006666666362434626,1,-0.006666666362434626
,academy_3_vs_1_with_keeper,42,collect_rollout,2097,0,20,-0.003333333181217313,False,False,0.0,0.0,0,0,0,0.0,0.0,0.0,0.0,-0.003333333181217313,1,-0.003333333181217313
,academy_3_vs_1_with_keeper,42,collect_rollout,2098,0,17,0.0,False,False,0.0,0.0,0,0,0,0.0,0.0,0.0,0.0,0.0,1,0.0
,academy_3_vs_1_with_keeper,42,collect_rollout,2099,0,17,-0.003333333181217313,False,False,0.0,0.0,0,0,0,0.0,0.0,0.0,0.0,-0.003333333181217313,1,-0.003333333181217313
,academy_3_vs_1_with_keeper,42,collect_rollout,2100,0,63,0.07397686480544508,False,False,0.0,0.0,0,0,0,0.0,0.0,0.0,0.0,0.07397686480544508,1,0.07397686480544508
,academy_3_vs_1_with_keeper,42,collect_rollout,2101,0,18,-0.003333333181217313,False,False,0.0,0.0,0,0,0,0.0,0.0,0.0,0.0,-0.003333333181217313,1,-0.003333333181217313
,academy_3_vs_1_with_keeper,42,collect_rollout,2102,0,14,0.0,False,False,0.0,0.0,0,0,0,0.0,0.0,0.0,0.0,0.0,1,0.0
,academy_3_vs_1_with_keeper,42,collect_rollout,2103,0,117,-0.1860206947894767,False,False,0.0,0.0,0,0,0,0.0,0.0,0.0,0.0,-0.1860206947894767,1,-0.1860206947894767
,academy_3_vs_1_with_keeper,42,collect_rollout,2104,0,17,0.0,False,False,0.0,0.0,0,0,0,0.0,0.0,0.0,0.0,0.0,1,0.0
,academy_3_vs_1_with_keeper,42,collect_rollout,2105,0,12,-0.011862373794429004,False,False,0.0,0.0,0,0,0,0.0,0.0,0.0,0.0,-0.011862373794429004,1,-0.011862373794429004
,academy_3_vs_1_with_keeper,42,collect_rollout,2106,0,17,0.0,False,False,0.0,0.0,0,0,0,0.0,0.0,0.0,0.0,0.0,1,0.0
,academy_3_vs_1_with_keeper,42,collect_rollout,2107,0,19,-0.003333333181217313,False,False,0.0,0.0,0,0,0,0.0,0.0,0.0,0.0,-0.003333333181217313,1,-0.003333333181217313
,academy_3_vs_1_with_keeper,42,collect_rollout,2108,0,18,0.0,False,False,0.0,0.0,0,0,0,0.0,0.0,0.0,0.0,0.0,1,0.0
,academy_3_vs_1_with_keeper,42,collect_rollout,2109,0,86,-0.06396950979251415,False,False,0.0,0.0,0,0,0,0.0,0.0,0.0,0.0,-0.06396950979251415,1,-0.06396950979251415
,academy_3_vs_1_with_keeper,42,collect_rollout,2110,0,78,-0.035966930096037686,False,False,0.0,0.0,0,0,0,0.0,0.0,0.0,0.0,-0.035966930096037686,1,-0.035966930096037686
,academy_3_vs_1_with_keeper,42,collect_rollout,2111,0,98,-0.23135042865760624,False,False,0.0,0.0,0,0,0,0.0,0.0,0.0,0.0,-0.23135042865760624,1,-0.23135042865760624
,academy_3_vs_1_with_keeper,42,collect_rollout,2112,0,21,0.0,False,False,0.0,0.0,0,0,0,0.0,0.0,0.0,0.0,0.0,1,0.0
,academy_3_vs_1_with_keeper,42,collect_rollout,2113,0,92,-0.3112172115361318,False,False,0.0,0.0,0,0,0,0.0,0.0,0.0,0.0,-0.3112172115361318,1,-0.3112172115361318
,academy_3_vs_1_with_keeper,42,collect_rollout,2114,0,17,0.0,False,False,0.0,0.0,0,0,0,0.0,0.0,0.0,0.0,0.0,1,0.0
,academy_3_vs_1_with_keeper,42,collect_rollout,2115,0,18,0.0,False,False,0.0,0.0,0,0,0,0.0,0.0,0.0,0.0,0.0,1,0.0
,academy_3_vs_1_with_keeper,42,collect_rollout,2116,0,81,0.056918591377325356,False,False,0.0,0.0,0,0,0,0.0,0.0,0.0,0.0,0.056918591377325356,1,0.056918591377325356
,academy_3_vs_1_with_keeper,42,collect_rollout,2117,0,16,-0.003333333181217313,False,False,0.0,0.0,0,0,0,0.0,0.0,0.0,0.0,-0.003333333181217313,1,-0.003333333181217313
,academy_3_vs_1_with_keeper,42,collect_rollout,2118,0,20,-0.003333333181217313,False,False,0.0,0.0,0,0,0,0.0,0.0,0.0,0.0,-0.003333333181217313,1,-0.003333333181217313
,academy_3_vs_1_with_keeper,42,collect_rollout,2119,0,16,0.0,False,False,0.0,0.0,0,0,0,0.0,0.0,0.0,0.0,0.0,1,0.0
,academy_3_vs_1_with_keeper,42,collect_rollout,2120,0,111,-0.3932135571958497,False,False,0.0,0.0,0,0,0,0.0,0.0,0.0,0.0,-0.3932135571958497,1,-0.3932135571958497
,academy_3_vs_1_with_keeper,42,collect_rollout,2121,0,22,0.0,False,False,0.0,0.0,0,0,0,0.0,0.0,0.0,0.0,0.0,1,0.0
,academy_3_vs_1_with_keeper,42,collect_rollout,2122,0,19,-0.003333333181217313,False,False,0.0,0.0,0,0,0,0.0,0.0,0.0,0.0,-0.003333333181217313,1,-0.003333333181217313
,academy_3_vs_1_with_keeper,42,collect_rollout,2123,0,19,-0.003333333181217313,False,False,0.0,0.0,0,0,0,0.0,0.0,0.0,0.0,-0.003333333181217313,1,-0.003333333181217313
,academy_3_vs_1_with_keeper,42,collect_rollout,2124,0,140,-0.4807918947772123,False,False,0.0,0.0,0,0,0,0.0,0.0,0.0,0.0,-0.4807918947772123,1,-0.4807918947772123
,academy_3_vs_1_with_keeper,42,collect_rollout,2125,0,18,0.0,False,False,0.0,0.0,0,0,0,0.0,0.0,0.0,0.0,0.0,1,0.0
,academy_3_vs_1_with_keeper,42,collect_rollout,2126,0,86,-0.4002828109660186,False,False,0.0,0.0,0,0,0,0.0,0.0,0.0,0.0,-0.4002828109660186,1,-0.4002828109660186
,academy_3_vs_1_with_keeper,42,collect_rollout,2127,0,20,-0.006666666362434626,False,False,0.0,0.0,0,0,0,0.0,0.0,0.0,0.0,-0.006666666362434626,1,-0.006666666362434626
,academy_3_vs_1_with_keeper,42,collect_rollout,2128,0,16,-0.003333333181217313,False,False,0.0,0.0,0,0,0,0.0,0.0,0.0,0.0,-0.003333333181217313,1,-0.003333333181217313
,academy_3_vs_1_with_keeper,42,collect_rollout,2129,0,16,-0.003333333181217313,False,False,0.0,0.0,0,0,0,0.0,0.0,0.0,0.0,-0.003333333181217313,1,-0.003333333181217313
,academy_3_vs_1_with_keeper,42,collect_rollout,2130,0,35,0.04994173347949982,False,False,0.0,0.0,0,0,0,0.0,0.0,0.0,0.0,0.04994173347949982,1,0.04994173347949982
,academy_3_vs_1_with_keeper,42,collect_rollout,2131,0,97,-0.2805389224085957,False,False,0.0,0.0,0,0,0,0.0,0.0,0.0,0.0,-0.2805389224085957,1,-0.2805389224085957
,academy_3_vs_1_with_keeper,42,collect_rollout,2132,0,17,0.0,False,False,0.0,0.0,0,0,0,0.0,0.0,0.0,0.0,0.0,1,0.0
,academy_3_vs_1_with_keeper,42,collect_rollout,2133,0,19,0.0,False,False,0.0,0.0,0,0,0,0.0,0.0,0.0,0.0,0.0,1,0.0
,academy_3_vs_1_with_keeper,42,collect_rollout,2134,0,121,-0.5824408370535821,False,False,0.0,0.0,0,0,0,0.0,0.0,0.0,0.0,-0.5824408370535821,1,-0.5824408370535821
,academy_3_vs_1_with_keeper,42,collect_rollout,2135,0,21,-0.009999999543651938,False,False,0.0,0.0,0,0,0,0.0,0.0,0.0,0.0,-0.009999999543651938,1,-0.009999999543651938
,academy_3_vs_1_with_keeper,42,collect_rollout,2136,0,20,0.0,False,False,0.0,0.0,0,0,0,0.0,0.0,0.0,0.0,0.0,1,0.0
,academy_3_vs_1_with_keeper,42,collect_rollout,2137,0,15,0.0,False,False,0.0,0.0,0,0,0,0.0,0.0,0.0,0.0,0.0,1,0.0
,academy_3_vs_1_with_keeper,42,collect_rollout,2138,0,17,0.0,False,False,0.0,0.0,0,0,0,0.0,0.0,0.0,0.0,0.0,1,0.0
,academy_3_vs_1_with_keeper,42,collect_rollout,2139,0,87,2.1769526216667145,False,False,0.0,0.0,0,0,0,0.0,0.0,0.0,0.0,2.1769526216667145,1,2.1769526216667145
,academy_3_vs_1_with_keeper,42,collect_rollout,2140,0,34,0.01049697445705533,False,False,0.0,0.0,0,0,0,0.0,0.0,0.0,0.0,0.01049697445705533,1,0.01049697445705533
,academy_3_vs_1_with_keeper,42,collect_rollout,2141,0,58,-0.04417683242354542,False,False,0.0,0.0,0,0,0,0.0,0.0,0.0,0.0,-0.04417683242354542,1,-0.04417683242354542
,academy_3_vs_1_with_keeper,42,collect_rollout,2142,0,19,0.0,False,False,0.0,0.0,0,0,0,0.0,0.0,0.0,0.0,0.0,1,0.0
,academy_3_vs_1_with_keeper,42,collect_rollout,2143,0,16,-0.003333333181217313,False,False,0.0,0.0,0,0,0,0.0,0.0,0.0,0.0,-0.003333333181217313,1,-0.003333333181217313
,academy_3_vs_1_with_keeper,42,collect_rollout,2144,0,1801,-0.9700433848192915,False,False,0.0,0.0,0,0,0,0.0,0.0,0.0,0.0,-0.9700433848192915,1,-0.9700433848192915
,academy_3_vs_1_with_keeper,42,collect_rollout,2145,0,94,-0.03839107963722199,False,False,0.0,0.0,0,0,0,0.0,0.0,0.0,0.0,-0.03839107963722199,1,-0.03839107963722199
,academy_3_vs_1_with_keeper,42,collect_rollout,2146,0,15,0.0,False,False,0.0,0.0,0,0,0,0.0,0.0,0.0,0.0,0.0,1,0.0
,academy_3_vs_1_with_keeper,42,collect_rollout,2147,0,20,-0.003333333181217313,False,False,0.0,0.0,0,0,0,0.0,0.0,0.0,0.0,-0.003333333181217313,1,-0.003333333181217313
,academy_3_vs_1_with_keeper,42,collect_rollout,2148,0,21,0.0,False,False,0.0,0.0,0,0,0,0.0,0.0,0.0,0.0,0.0,1,0.0
,academy_3_vs_1_with_keeper,42,collect_rollout,2149,0,15,0.0,False,False,0.0,0.0,0,0,0,0.0,0.0,0.0,0.0,0.0,1,0.0
,academy_3_vs_1_with_keeper,42,collect_rollout,2150,0,131,-0.6268912595696747,False,False,0.0,0.0,0,0,0,0.0,0.0,0.0,0.0,-0.6268912595696747,1,-0.6268912595696747
,academy_3_vs_1_with_keeper,42,collect_rollout,2151,0,151,-0.8365926516707987,False,False,0.0,0.0,0,0,0,0.0,0.0,0.0,0.0,-0.8365926516707987,1,-0.8365926516707987
,academy_3_vs_1_with_keeper,42,collect_rollout,2152,0,79,-0.15218215831555426,False,False,0.0,0.0,0,0,0,0.0,0.0,0.0,0.0,-0.15218215831555426,1,-0.15218215831555426
,academy_3_vs_1_with_keeper,42,collect_rollout,2153,0,100,-0.31520275224465877,False,False,0.0,0.0,0,0,0,0.0,0.0,0.0,0.0,-0.31520275224465877,1,-0.31520275224465877
,academy_3_vs_1_with_keeper,42,collect_rollout,2154,0,17,-0.003333333181217313,False,False,0.0,0.0,0,0,0,0.0,0.0,0.0,0.0,-0.003333333181217313,1,-0.003333333181217313
,academy_3_vs_1_with_keeper,42,collect_rollout,2155,0,89,-0.133334563462995,False,False,0.0,0.0,0,0,0,0.0,0.0,0.0,0.0,-0.133334563462995,1,-0.133334563462995
,academy_3_vs_1_with_keeper,42,collect_rollout,2156,0,15,0.0,False,False,0.0,0.0,0,0,0,0.0,0.0,0.0,0.0,0.0,1,0.0
,academy_3_vs_1_with_keeper,42,collect_rollout,2157,0,19,-0.003333333181217313,False,False,0.0,0.0,0,0,0,0.0,0.0,0.0,0.0,-0.003333333181217313,1,-0.003333333181217313
,academy_3_vs_1_with_keeper,42,collect_rollout,2158,0,172,-0.412298759794794,False,False,0.0,0.0,0,0,0,0.0,0.0,0.0,0.0,-0.412298759794794,1,-0.412298759794794
,academy_3_vs_1_with_keeper,42,collect_rollout,2159,0,23,-0.003333333181217313,False,False,0.0,0.0,0,0,0,0.0,0.0,0.0,0.0,-0.003333333181217313,1,-0.003333333181217313
,academy_3_vs_1_with_keeper,42,collect_rollout,2160,0,16,-0.003333333181217313,False,False,0.0,0.0,0,0,0,0.0,0.0,0.0,0.0,-0.003333333181217313,1,-0.003333333181217313
,academy_3_vs_1_with_keeper,42,collect_rollout,2161,0,140,-0.7427149691357045,False,False,0.0,0.0,0,0,0,0.0,0.0,0.0,0.0,-0.7427149691357045,1,-0.7427149691357045
,academy_3_vs_1_with_keeper,42,collect_rollout,2162,0,21,0.0,False,False,0.0,0.0,0,0,0,0.0,0.0,0.0,0.0,0.0,1,0.0
,academy_3_vs_1_with_keeper,42,collect_rollout,2163,0,44,0.04791619908064604,False,False,0.0,0.0,0,0,0,0.0,0.0,0.0,0.0,0.04791619908064604,1,0.04791619908064604
,academy_3_vs_1_with_keeper,42,collect_rollout,2164,0,21,-0.003333333181217313,False,False,0.0,0.0,0,0,0,0.0,0.0,0.0,0.0,-0.003333333181217313,1,-0.003333333181217313
,academy_3_vs_1_with_keeper,42,collect_rollout,2165,0,83,0.09223365352954715,False,False,0.0,0.0,0,0,0,0.0,0.0,0.0,0.0,0.09223365352954715,1,0.09223365352954715
,academy_3_vs_1_with_keeper,42,collect_rollout,2166,0,76,-0.31248329803929664,False,False,0.0,0.0,0,0,0,0.0,0.0,0.0,0.0,-0.31248329803929664,1,-0.31248329803929664
,academy_3_vs_1_with_keeper,42,collect_rollout,2167,0,80,0.27302050089929253,False,False,0.0,0.0,0,0,0,0.0,0.0,0.0,0.0,0.27302050089929253,1,0.27302050089929253
,academy_3_vs_1_with_keeper,42,collect_rollout,2168,0,18,-0.003333333181217313,False,False,0.0,0.0,0,0,0,0.0,0.0,0.0,0.0,-0.003333333181217313,1,-0.003333333181217313
,academy_3_vs_1_with_keeper,42,collect_rollout,2169,0,16,-0.003333333181217313,False,False,0.0,0.0,0,0,0,0.0,0.0,0.0,0.0,-0.003333333181217313,1,-0.003333333181217313
,academy_3_vs_1_with_keeper,42,collect_rollout,2170,0,83,-0.2127711334032938,False,False,0.0,0.0,0,0,0,0.0,0.0,0.0,0.0,-0.2127711334032938,1,-0.2127711334032938
,academy_3_vs_1_with_keeper,42,collect_rollout,2171,0,23,-0.003333333181217313,False,False,0.0,0.0,0,0,0,0.0,0.0,0.0,0.0,-0.003333333181217313,1,-0.003333333181217313
,academy_3_vs_1_with_keeper,42,collect_rollout,2172,0,12,-0.0011661129537969828,False,False,0.0,0.0,0,0,0,0.0,0.0,0.0,0.0,-0.0011661129537969828,1,-0.0011661129537969828
,academy_3_vs_1_with_keeper,42,collect_rollout,2173,0,17,-0.009999999543651938,False,False,0.0,0.0,0,0,0,0.0,0.0,0.0,0.0,-0.009999999543651938,1,-0.009999999543651938
,academy_3_vs_1_with_keeper,42,collect_rollout,2174,0,72,-0.10273402091115713,False,False,0.0,0.0,0,0,0,0.0,0.0,0.0,0.0,-0.10273402091115713,1,-0.10273402091115713
,academy_3_vs_1_with_keeper,42,collect_rollout,2175,0,22,-0.006666666362434626,False,False,0.0,0.0,0,0,0,0.0,0.0,0.0,0.0,-0.006666666362434626,1,-0.006666666362434626
,academy_3_vs_1_with_keeper,42,collect_rollout,2176,0,20,-0.003333333181217313,False,False,0.0,0.0,0,0,0,0.0,0.0,0.0,0.0,-0.003333333181217313,1,-0.003333333181217313
,academy_3_vs_1_with_keeper,42,collect_rollout,2177,0,82,0.05512673588236794,False,False,0.0,0.0,0,0,0,0.0,0.0,0.0,0.0,0.05512673588236794,1,0.05512673588236794
,academy_3_vs_1_with_keeper,42,collect_rollout,2178,0,18,0.0,False,False,0.0,0.0,0,0,0,0.0,0.0,0.0,0.0,0.0,1,0.0
,academy_3_vs_1_with_keeper,42,collect_rollout,2179,0,132,-0.6215304471552372,False,False,0.0,0.0,0,0,0,0.0,0.0,0.0,0.0,-0.6215304471552372,1,-0.6215304471552372
,academy_3_vs_1_with_keeper,42,collect_rollout,2180,0,19,0.0,False,False,0.0,0.0,0,0,0,0.0,0.0,0.0,0.0,0.0,1,0.0
,academy_3_vs_1_with_keeper,42,collect_rollout,2181,0,18,-0.009999999543651938,False,False,0.0,0.0,0,0,0,0.0,0.0,0.0,0.0,-0.009999999543651938,1,-0.009999999543651938
,academy_3_vs_1_with_keeper,42,collect_rollout,2182,0,16,0.0,False,False,0.0,0.0,0,0,0,0.0,0.0,0.0,0.0,0.0,1,0.0
,academy_3_vs_1_with_keeper,42,collect_rollout,2183,0,20,-0.003333333181217313,False,False,0.0,0.0,0,0,0,0.0,0.0,0.0,0.0,-0.003333333181217313,1,-0.003333333181217313
,academy_3_vs_1_with_keeper,42,collect_rollout,2184,0,20,-0.006666666362434626,False,False,0.0,0.0,0,0,0,0.0,0.0,0.0,0.0,-0.006666666362434626,1,-0.006666666362434626
,academy_3_vs_1_with_keeper,42,collect_rollout,2185,0,212,-1.018138158135116,False,False,0.0,0.0,0,0,0,0.0,0.0,0.0,0.0,-1.018138158135116,1,-1.018138158135116
,academy_3_vs_1_with_keeper,42,collect_rollout,2186,0,15,0.0,False,False,0.0,0.0,0,0,0,0.0,0.0,0.0,0.0,0.0,1,0.0
,academy_3_vs_1_with_keeper,42,collect_rollout,2187,0,17,-0.1247353944927454,False,False,0.0,0.0,0,0,0,0.0,0.0,0.0,0.0,-0.1247353944927454,1,-0.1247353944927454
,academy_3_vs_1_with_keeper,42,collect_rollout,2188,0,15,0.0,False,False,0.0,0.0,0,0,0,0.0,0.0,0.0,0.0,0.0,1,0.0
,academy_3_vs_1_with_keeper,42,collect_rollout,2189,0,16,0.0,False,False,0.0,0.0,0,0,0,0.0,0.0,0.0,0.0,0.0,1,0.0
,academy_3_vs_1_with_keeper,42,collect_rollout,2190,0,18,-0.006666666362434626,False,False,0.0,0.0,0,0,0,0.0,0.0,0.0,0.0,-0.006666666362434626,1,-0.006666666362434626
,academy_3_vs_1_with_keeper,42,collect_rollout,2191,0,22,0.0,False,False,0.0,0.0,0,0,0,0.0,0.0,0.0,0.0,0.0,1,0.0
,academy_3_vs_1_with_keeper,42,collect_rollout,2192,0,17,0.0,False,False,0.0,0.0,0,0,0,0.0,0.0,0.0,0.0,0.0,1,0.0
,academy_3_vs_1_with_keeper,42,collect_rollout,2193,0,14,0.0,False,False,0.0,0.0,0,0,0,0.0,0.0,0.0,0.0,0.0,1,0.0
,academy_3_vs_1_with_keeper,42,collect_rollout,2194,0,22,0.0,False,False,0.0,0.0,0,0,0,0.0,0.0,0.0,0.0,0.0,1,0.0
,academy_3_vs_1_with_keeper,42,collect_rollout,2195,0,20,-0.013333332724869251,False,False,0.0,0.0,0,0,0,0.0,0.0,0.0,0.0,-0.013333332724869251,1,-0.013333332724869251
,academy_3_vs_1_with_keeper,42,collect_rollout,2196,0,97,-0.025828754383837804,False,False,0.0,0.0,0,0,0,0.0,0.0,0.0,0.0,-0.025828754383837804,1,-0.025828754383837804
,academy_3_vs_1_with_keeper,42,collect_rollout,2197,0,18,0.0,False,False,0.0,0.0,0,0,0,0.0,0.0,0.0,0.0,0.0,1,0.0
,academy_3_vs_1_with_keeper,42,collect_rollout,2198,0,21,-0.003333333181217313,False,False,0.0,0.0,0,0,0,0.0,0.0,0.0,0.0,-0.003333333181217313,1,-0.003333333181217313
,academy_3_vs_1_with_keeper,42,collect_rollout,2199,0,21,-0.016666665906086564,False,False,0.0,0.0,0,0,0,0.0,0.0,0.0,0.0,-0.016666665906086564,1,-0.016666665906086564
,academy_3_vs_1_with_keeper,42,collect_rollout,2200,0,19,0.0,False,False,0.0,0.0,0,0,0,0.0,0.0,0.0,0.0,0.0,1,0.0
,academy_3_vs_1_with_keeper,42,collect_rollout,2201,0,17,-0.016666665906086564,False,False,0.0,0.0,0,0,0,0.0,0.0,0.0,0.0,-0.016666665906086564,1,-0.016666665906086564
,academy_3_vs_1_with_keeper,42,collect_rollout,2202,0,21,-0.013333332724869251,False,False,0.0,0.0,0,0,0,0.0,0.0,0.0,0.0,-0.013333332724869251,1,-0.013333332724869251
,academy_3_vs_1_with_keeper,42,collect_rollout,2203,0,14,-0.009999999543651938,False,False,0.0,0.0,0,0,0,0.0,0.0,0.0,0.0,-0.009999999543651938,1,-0.009999999543651938
,academy_3_vs_1_with_keeper,42,collect_rollout,2204,0,16,-0.006666666362434626,False,False,0.0,0.0,0,0,0,0.0,0.0,0.0,0.0,-0.006666666362434626,1,-0.006666666362434626
,academy_3_vs_1_with_keeper,42,collect_rollout,2205,0,9,-0.0908445653039962,False,False,0.0,0.0,0,0,0,0.0,0.0,0.0,0.0,-0.0908445653039962,1,-0.0908445653039962
,academy_3_vs_1_with_keeper,42,collect_rollout,2206,0,20,-0.003333333181217313,False,False,0.0,0.0,0,0,0,0.0,0.0,0.0,0.0,-0.003333333181217313,1,-0.003333333181217313
,academy_3_vs_1_with_keeper,42,collect_rollout,2207,0,22,-0.016666665906086564,False,False,0.0,0.0,0,0,0,0.0,0.0,0.0,0.0,-0.016666665906086564,1,-0.016666665906086564
,academy_3_vs_1_with_keeper,42,collect_rollout,2208,0,16,0.0,False,False,0.0,0.0,0,0,0,0.0,0.0,0.0,0.0,0.0,1,0.0
,academy_3_vs_1_with_keeper,42,collect_rollout,2209,0,19,0.0,False,False,0.0,0.0,0,0,0,0.0,0.0,0.0,0.0,0.0,1,0.0
,academy_3_vs_1_with_keeper,42,collect_rollout,2210,0,19,-0.003333333181217313,False,False,0.0,0.0,0,0,0,0.0,0.0,0.0,0.0,-0.003333333181217313,1,-0.003333333181217313
,academy_3_vs_1_with_keeper,42,collect_rollout,2211,0,18,-0.009999999543651938,False,False,0.0,0.0,0,0,0,0.0,0.0,0.0,0.0,-0.009999999543651938,1,-0.009999999543651938
,academy_3_vs_1_with_keeper,42,collect_rollout,2212,0,17,-0.003333333181217313,False,False,0.0,0.0,0,0,0,0.0,0.0,0.0,0.0,-0.003333333181217313,1,-0.003333333181217313
,academy_3_vs_1_with_keeper,42,collect_rollout,2213,0,21,-0.009999999543651938,False,False,0.0,0.0,0,0,0,0.0,0.0,0.0,0.0,-0.009999999543651938,1,-0.009999999543651938
,academy_3_vs_1_with_keeper,42,collect_rollout,2214,0,19,-0.006666666362434626,False,False,0.0,0.0,0,0,0,0.0,0.0,0.0,0.0,-0.006666666362434626,1,-0.006666666362434626
,academy_3_vs_1_with_keeper,42,collect_rollout,2215,0,51,0.04302661679685116,False,False,0.0,0.0,0,0,0,0.0,0.0,0.0,0.0,0.04302661679685116,1,0.04302661679685116
,academy_3_vs_1_with_keeper,42,collect_rollout,2216,0,43,0.03168366552563384,False,False,0.0,0.0,0,0,0,0.0,0.0,0.0,0.0,0.03168366552563384,1,0.03168366552563384
,academy_3_vs_1_with_keeper,42,collect_rollout,2217,0,16,-0.003333333181217313,False,False,0.0,0.0,0,0,0,0.0,0.0,0.0,0.0,-0.003333333181217313,1,-0.003333333181217313
,academy_3_vs_1_with_keeper,42,collect_rollout,2218,0,18,-0.003333333181217313,False,False,0.0,0.0,0,0,0,0.0,0.0,0.0,0.0,-0.003333333181217313,1,-0.003333333181217313
,academy_3_vs_1_with_keeper,42,collect_rollout,2219,0,19,-0.003333333181217313,False,False,0.0,0.0,0,0,0,0.0,0.0,0.0,0.0,-0.003333333181217313,1,-0.003333333181217313
,academy_3_vs_1_with_keeper,42,collect_rollout,2220,0,35,-0.0500000009778887,False,False,0.0,0.0,0,0,0,0.0,0.0,0.0,0.0,-0.0500000009778887,1,-0.0500000009778887
,academy_3_vs_1_with_keeper,42,collect_rollout,2221,0,17,0.0,False,False,0.0,0.0,0,0,0,0.0,0.0,0.0,0.0,0.0,1,0.0
,academy_3_vs_1_with_keeper,42,collect_rollout,2222,0,16,-0.006666666362434626,False,False,0.0,0.0,0,0,0,0.0,0.0,0.0,0.0,-0.006666666362434626,1,-0.006666666362434626
,academy_3_vs_1_with_keeper,42,collect_rollout,2223,0,15,0.0,False,False,0.0,0.0,0,0,0,0.0,0.0,0.0,0.0,0.0,1,0.0
,academy_3_vs_1_with_keeper,42,collect_rollout,2224,0,82,0.03627656598109752,False,False,0.0,0.0,0,0,0,0.0,0.0,0.0,0.0,0.03627656598109752,1,0.03627656598109752
,academy_3_vs_1_with_keeper,42,collect_rollout,2225,0,41,0.0531857127789408,False,False,0.0,0.0,0,0,0,0.0,0.0,0.0,0.0,0.0531857127789408,1,0.0531857127789408
,academy_3_vs_1_with_keeper,42,collect_rollout,2226,0,91,0.17067850267631002,False,False,0.0,0.0,0,0,0,0.0,0.0,0.0,0.0,0.17067850267631002,1,0.17067850267631002
,academy_3_vs_1_with_keeper,42,collect_rollout,2227,0,16,-0.009999999543651938,False,False,0.0,0.0,0,0,0,0.0,0.0,0.0,0.0,-0.009999999543651938,1,-0.009999999543651938
,academy_3_vs_1_with_keeper,42,collect_rollout,2228,0,44,-0.07351486012339592,False,False,0.0,0.0,0,0,0,0.0,0.0,0.0,0.0,-0.07351486012339592,1,-0.07351486012339592
,academy_3_vs_1_with_keeper,42,collect_rollout,2229,0,22,0.0,False,False,0.0,0.0,0,0,0,0.0,0.0,0.0,0.0,0.0,1,0.0
,academy_3_vs_1_with_keeper,42,collect_rollout,2230,0,21,0.0,False,False,0.0,0.0,0,0,0,0.0,0.0,0.0,0.0,0.0,1,0.0
,academy_3_vs_1_with_keeper,42,collect_rollout,2231,0,35,-0.036027194117195904,False,False,0.0,0.0,0,0,0,0.0,0.0,0.0,0.0,-0.036027194117195904,1,-0.036027194117195904
,academy_3_vs_1_with_keeper,42,collect_rollout,2232,0,32,0.0422130826045759,False,False,0.0,0.0,0,0,0,0.0,0.0,0.0,0.0,0.0422130826045759,1,0.0422130826045759
,academy_3_vs_1_with_keeper,42,collect_rollout,2233,0,19,-0.003333333181217313,False,False,0.0,0.0,0,0,0,0.0,0.0,0.0,0.0,-0.003333333181217313,1,-0.003333333181217313
,academy_3_vs_1_with_keeper,42,collect_rollout,2234,0,20,-0.006666666362434626,False,False,0.0,0.0,0,0,0,0.0,0.0,0.0,0.0,-0.006666666362434626,1,-0.006666666362434626
,academy_3_vs_1_with_keeper,42,collect_rollout,2235,0,15,-0.003333333181217313,False,False,0.0,0.0,0,0,0,0.0,0.0,0.0,0.0,-0.003333333181217313,1,-0.003333333181217313
,academy_3_vs_1_with_keeper,42,collect_rollout,2236,0,22,-0.003333333181217313,False,False,0.0,0.0,0,0,0,0.0,0.0,0.0,0.0,-0.003333333181217313,1,-0.003333333181217313
,academy_3_vs_1_with_keeper,42,collect_rollout,2237,0,18,-0.006666666362434626,False,False,0.0,0.0,0,0,0,0.0,0.0,0.0,0.0,-0.006666666362434626,1,-0.006666666362434626
,academy_3_vs_1_with_keeper,42,collect_rollout,2238,0,91,0.030446313205175102,False,False,0.0,0.0,0,0,0,0.0,0.0,0.0,0.0,0.030446313205175102,1,0.030446313205175102
,academy_3_vs_1_with_keeper,42,collect_rollout,2239,0,83,0.03949493306572549,False,False,0.0,0.0,0,0,0,0.0,0.0,0.0,0.0,0.03949493306572549,1,0.03949493306572549
,academy_3_vs_1_with_keeper,42,collect_rollout,2240,0,15,-0.003333333181217313,False,False,0.0,0.0,0,0,0,0.0,0.0,0.0,0.0,-0.003333333181217313,1,-0.003333333181217313
,academy_3_vs_1_with_keeper,42,collect_rollout,2241,0,77,0.007970274426043034,False,False,0.0,0.0,0,0,0,0.0,0.0,0.0,0.0,0.007970274426043034,1,0.007970274426043034
,academy_3_vs_1_with_keeper,42,collect_rollout,2242,0,20,-0.003333333181217313,False,False,0.0,0.0,0,0,0,0.0,0.0,0.0,0.0,-0.003333333181217313,1,-0.003333333181217313
,academy_3_vs_1_with_keeper,42,collect_rollout,2243,0,15,-0.003333333181217313,False,False,0.0,0.0,0,0,0,0.0,0.0,0.0,0.0,-0.003333333181217313,1,-0.003333333181217313
,academy_3_vs_1_with_keeper,42,collect_rollout,2244,0,79,0.013918233220465481,False,False,0.0,0.0,0,0,0,0.0,0.0,0.0,0.0,0.013918233220465481,1,0.013918233220465481
,academy_3_vs_1_with_keeper,42,collect_rollout,2245,0,98,-0.047785939648747444,False,False,0.0,0.0,0,0,0,0.0,0.0,0.0,0.0,-0.047785939648747444,1,-0.047785939648747444
,academy_3_vs_1_with_keeper,42,collect_rollout,2246,0,17,-0.003333333181217313,False,False,0.0,0.0,0,0,0,0.0,0.0,0.0,0.0,-0.003333333181217313,1,-0.003333333181217313
,academy_3_vs_1_with_keeper,42,collect_rollout,2247,0,171,-0.7810322268633172,False,False,0.0,0.0,0,0,0,0.0,0.0,0.0,0.0,-0.7810322268633172,1,-0.7810322268633172
,academy_3_vs_1_with_keeper,42,collect_rollout,2248,0,38,0.03137795504881069,False,False,0.0,0.0,0,0,0,0.0,0.0,0.0,0.0,0.03137795504881069,1,0.03137795504881069
,academy_3_vs_1_with_keeper,42,collect_rollout,2249,0,97,-0.05015858868137002,False,False,0.0,0.0,0,0,0,0.0,0.0,0.0,0.0,-0.05015858868137002,1,-0.05015858868137002
,academy_3_vs_1_with_keeper,42,collect_rollout,2250,0,85,0.09377758530899882,False,False,0.0,0.0,0,0,0,0.0,0.0,0.0,0.0,0.09377758530899882,1,0.09377758530899882
,academy_3_vs_1_with_keeper,42,collect_rollout,2251,0,16,-0.003333333181217313,False,False,0.0,0.0,0,0,0,0.0,0.0,0.0,0.0,-0.003333333181217313,1,-0.003333333181217313
,academy_3_vs_1_with_keeper,42,collect_rollout,2252,0,21,0.0,False,False,0.0,0.0,0,0,0,0.0,0.0,0.0,0.0,0.0,1,0.0
,academy_3_vs_1_with_keeper,42,collect_rollout,2253,0,95,-0.024040893535129726,False,False,0.0,0.0,0,0,0,0.0,0.0,0.0,0.0,-0.024040893535129726,1,-0.024040893535129726
,academy_3_vs_1_with_keeper,42,collect_rollout,2254,0,1801,-0.801662634476088,False,False,0.0,0.0,0,0,0,0.0,0.0,0.0,0.0,-0.801662634476088,1,-0.801662634476088
,academy_3_vs_1_with_keeper,42,collect_rollout,2255,0,16,-0.003333333181217313,False,False,0.0,0.0,0,0,0,0.0,0.0,0.0,0.0,-0.003333333181217313,1,-0.003333333181217313
,academy_3_vs_1_with_keeper,42,collect_rollout,2256,0,136,-0.7136677048983984,False,False,0.0,0.0,0,0,0,0.0,0.0,0.0,0.0,-0.7136677048983984,1,-0.7136677048983984
,academy_3_vs_1_with_keeper,42,collect_rollout,2257,0,103,-0.26317993632983416,False,False,0.0,0.0,0,0,0,0.0,0.0,0.0,0.0,-0.26317993632983416,1,-0.26317993632983416
,academy_3_vs_1_with_keeper,42,collect_rollout,2258,0,90,0.0707563569303602,False,False,0.0,0.0,0,0,0,0.0,0.0,0.0,0.0,0.0707563569303602,1,0.0707563569303602
,academy_3_vs_1_with_keeper,42,collect_rollout,2259,0,94,-0.3295871556038037,False,False,0.0,0.0,0,0,0,0.0,0.0,0.0,0.0,-0.3295871556038037,1,-0.3295871556038037
,academy_3_vs_1_with_keeper,42,collect_rollout,2260,0,18,0.0,False,False,0.0,0.0,0,0,0,0.0,0.0,0.0,0.0,0.0,1,0.0
,academy_3_vs_1_with_keeper,42,collect_rollout,2261,0,89,0.2875532106263563,False,False,0.0,0.0,0,0,0,0.0,0.0,0.0,0.0,0.2875532106263563,1,0.2875532106263563
,academy_3_vs_1_with_keeper,42,collect_rollout,2262,0,15,-0.009999999543651938,False,False,0.0,0.0,0,0,0,0.0,0.0,0.0,0.0,-0.009999999543651938,1,-0.009999999543651938
,academy_3_vs_1_with_keeper,42,collect_rollout,2263,0,16,-0.006666666362434626,False,False,0.0,0.0,0,0,0,0.0,0.0,0.0,0.0,-0.006666666362434626,1,-0.006666666362434626
,academy_3_vs_1_with_keeper,42,collect_rollout,2264,0,72,-0.4139500451274216,False,False,0.0,0.0,0,0,0,0.0,0.0,0.0,0.0,-0.4139500451274216,1,-0.4139500451274216
,academy_3_vs_1_with_keeper,42,collect_rollout,2265,0,17,0.0,False,False,0.0,0.0,0,0,0,0.0,0.0,0.0,0.0,0.0,1,0.0
,academy_3_vs_1_with_keeper,42,collect_rollout,2266,0,24,-0.009999999543651938,False,False,0.0,0.0,0,0,0,0.0,0.0,0.0,0.0,-0.009999999543651938,1,-0.009999999543651938
,academy_3_vs_1_with_keeper,42,collect_rollout,2267,0,74,-0.199999995296821,False,False,0.0,0.0,0,0,0,0.0,0.0,0.0,0.0,-0.199999995296821,1,-0.199999995296821
,academy_3_vs_1_with_keeper,42,collect_rollout,2268,0,19,-0.003333333181217313,False,False,0.0,0.0,0,0,0,0.0,0.0,0.0,0.0,-0.003333333181217313,1,-0.003333333181217313
,academy_3_vs_1_with_keeper,42,collect_rollout,2269,0,19,-0.003333333181217313,False,False,0.0,0.0,0,0,0,0.0,0.0,0.0,0.0,-0.003333333181217313,1,-0.003333333181217313
,academy_3_vs_1_with_keeper,42,collect_rollout,2270,0,23,0.0,False,False,0.0,0.0,0,0,0,0.0,0.0,0.0,0.0,0.0,1,0.0
,academy_3_vs_1_with_keeper,42,collect_rollout,2271,0,14,0.0,False,False,0.0,0.0,0,0,0,0.0,0.0,0.0,0.0,0.0,1,0.0
,academy_3_vs_1_with_keeper,42,collect_rollout,2272,0,49,1.8921517017297447,False,False,0.0,0.0,0,0,0,0.0,0.0,0.0,0.0,1.8921517017297447,1,1.8921517017297447
,academy_3_vs_1_with_keeper,42,collect_rollout,2273,0,18,0.0,False,False,0.0,0.0,0,0,0,0.0,0.0,0.0,0.0,0.0,1,0.0
,academy_3_vs_1_with_keeper,42,collect_rollout,2274,0,17,-0.003333333181217313,False,False,0.0,0.0,0,0,0,0.0,0.0,0.0,0.0,-0.003333333181217313,1,-0.003333333181217313
,academy_3_vs_1_with_keeper,42,collect_rollout,2275,0,44,0.05609070765785873,False,False,0.0,0.0,0,0,0,0.0,0.0,0.0,0.0,0.05609070765785873,1,0.05609070765785873
,academy_3_vs_1_with_keeper,42,collect_rollout,2276,0,19,-0.009999999543651938,False,False,0.0,0.0,0,0,0,0.0,0.0,0.0,0.0,-0.009999999543651938,1,-0.009999999543651938
,academy_3_vs_1_with_keeper,42,collect_rollout,2277,0,76,-0.01160485006403178,False,False,0.0,0.0,0,0,0,0.0,0.0,0.0,0.0,-0.01160485006403178,1,-0.01160485006403178
,academy_3_vs_1_with_keeper,42,collect_rollout,2278,0,19,0.0,False,False,0.0,0.0,0,0,0,0.0,0.0,0.0,0.0,0.0,1,0.0
,academy_3_vs_1_with_keeper,42,collect_rollout,2279,0,18,-0.003333333181217313,False,False,0.0,0.0,0,0,0,0.0,0.0,0.0,0.0,-0.003333333181217313,1,-0.003333333181217313
,academy_3_vs_1_with_keeper,42,collect_rollout,2280,0,16,-0.003333333181217313,False,False,0.0,0.0,0,0,0,0.0,0.0,0.0,0.0,-0.003333333181217313,1,-0.003333333181217313
,academy_3_vs_1_with_keeper,42,collect_rollout,2281,0,18,-0.003333333181217313,False,False,0.0,0.0,0,0,0,0.0,0.0,0.0,0.0,-0.003333333181217313,1,-0.003333333181217313
,academy_3_vs_1_with_keeper,42,collect_rollout,2282,0,122,-0.4415042905602604,False,False,0.0,0.0,0,0,0,0.0,0.0,0.0,0.0,-0.4415042905602604,1,-0.4415042905602604
,academy_3_vs_1_with_keeper,42,collect_rollout,2283,0,102,-0.018539305950980633,False,False,0.0,0.0,0,0,0,0.0,0.0,0.0,0.0,-0.018539305950980633,1,-0.018539305950980633
,academy_3_vs_1_with_keeper,42,collect_rollout,2284,0,14,-0.003333333181217313,False,False,0.0,0.0,0,0,0,0.0,0.0,0.0,0.0,-0.003333333181217313,1,-0.003333333181217313
,academy_3_vs_1_with_keeper,42,collect_rollout,2285,0,16,0.0,False,False,0.0,0.0,0,0,0,0.0,0.0,0.0,0.0,0.0,1,0.0
,academy_3_vs_1_with_keeper,42,collect_rollout,2286,0,114,0.20509457297157496,False,False,0.0,0.0,0,0,0,0.0,0.0,0.0,0.0,0.20509457297157496,1,0.20509457297157496
,academy_3_vs_1_with_keeper,42,collect_rollout,2287,0,65,-0.042925009271129966,False,False,0.0,0.0,0,0,0,0.0,0.0,0.0,0.0,-0.042925009271129966,1,-0.042925009271129966
,academy_3_vs_1_with_keeper,42,collect_rollout,2288,0,81,-0.042965306784026325,False,False,0.0,0.0,0,0,0,0.0,0.0,0.0,0.0,-0.042965306784026325,1,-0.042965306784026325
,academy_3_vs_1_with_keeper,42,collect_rollout,2289,0,18,-0.006666666362434626,False,False,0.0,0.0,0,0,0,0.0,0.0,0.0,0.0,-0.006666666362434626,1,-0.006666666362434626
,academy_3_vs_1_with_keeper,42,collect_rollout,2290,0,16,0.0,False,False,0.0,0.0,0,0,0,0.0,0.0,0.0,0.0,0.0,1,0.0
,academy_3_vs_1_with_keeper,42,collect_rollout,2291,0,15,-0.003333333181217313,False,False,0.0,0.0,0,0,0,0.0,0.0,0.0,0.0,-0.003333333181217313,1,-0.003333333181217313
,academy_3_vs_1_with_keeper,42,collect_rollout,2292,0,55,-0.08666666620410979,False,False,0.0,0.0,0,0,0,0.0,0.0,0.0,0.0,-0.08666666620410979,1,-0.08666666620410979
,academy_3_vs_1_with_keeper,42,collect_rollout,2293,0,16,0.0,False,False,0.0,0.0,0,0,0,0.0,0.0,0.0,0.0,0.0,1,0.0
,academy_3_vs_1_with_keeper,42,collect_rollout,2294,0,77,-0.056664517149329185,False,False,0.0,0.0,0,0,0,0.0,0.0,0.0,0.0,-0.056664517149329185,1,-0.056664517149329185
,academy_3_vs_1_with_keeper,42,collect_rollout,2295,0,18,0.0,False,False,0.0,0.0,0,0,0,0.0,0.0,0.0,0.0,0.0,1,0.0
,academy_3_vs_1_with_keeper,42,collect_rollout,2296,0,88,0.030476322979666293,False,False,0.0,0.0,0,0,0,0.0,0.0,0.0,0.0,0.030476322979666293,1,0.030476322979666293
,academy_3_vs_1_with_keeper,42,collect_rollout,2297,0,17,-0.003333333181217313,False,False,0.0,0.0,0,0,0,0.0,0.0,0.0,0.0,-0.003333333181217313,1,-0.003333333181217313
,academy_3_vs_1_with_keeper,42,collect_rollout,2298,0,57,0.288830331643112,False,False,0.0,0.0,0,0,0,0.0,0.0,0.0,0.0,0.288830331643112,1,0.288830331643112
,academy_3_vs_1_with_keeper,42,collect_rollout,2299,0,17,-0.003333333181217313,False,False,0.0,0.0,0,0,0,0.0,0.0,0.0,0.0,-0.003333333181217313,1,-0.003333333181217313
,academy_3_vs_1_with_keeper,42,collect_rollout,2300,0,168,-0.9216798350389581,False,False,0.0,0.0,0,0,0,0.0,0.0,0.0,0.0,-0.9216798350389581,1,-0.9216798350389581
,academy_3_vs_1_with_keeper,42,collect_rollout,2301,0,10,-0.10598507337272167,False,False,0.0,0.0,0,0,0,0.0,0.0,0.0,0.0,-0.10598507337272167,1,-0.10598507337272167
,academy_3_vs_1_with_keeper,42,collect_rollout,2302,0,58,-0.04907552117947489,False,False,0.0,0.0,0,0,0,0.0,0.0,0.0,0.0,-0.04907552117947489,1,-0.04907552117947489
,academy_3_vs_1_with_keeper,42,collect_rollout,2303,0,16,0.0,False,False,0.0,0.0,0,0,0,0.0,0.0,0.0,0.0,0.0,1,0.0
,academy_3_vs_1_with_keeper,42,collect_rollout,2304,0,20,0.0,False,False,0.0,0.0,0,0,0,0.0,0.0,0.0,0.0,0.0,1,0.0
,academy_3_vs_1_with_keeper,42,collect_rollout,2305,0,18,-0.006666666362434626,False,False,0.0,0.0,0,0,0,0.0,0.0,0.0,0.0,-0.006666666362434626,1,-0.006666666362434626
,academy_3_vs_1_with_keeper,42,collect_rollout,2306,0,22,-0.006666666362434626,False,False,0.0,0.0,0,0,0,0.0,0.0,0.0,0.0,-0.006666666362434626,1,-0.006666666362434626
,academy_3_vs_1_with_keeper,42,collect_rollout,2307,0,17,-0.006666666362434626,False,False,0.0,0.0,0,0,0,0.0,0.0,0.0,0.0,-0.006666666362434626,1,-0.006666666362434626
,academy_3_vs_1_with_keeper,42,collect_rollout,2308,0,166,-0.9247723376611248,False,False,0.0,0.0,0,0,0,0.0,0.0,0.0,0.0,-0.9247723376611248,1,-0.9247723376611248
,academy_3_vs_1_with_keeper,42,collect_rollout,2309,0,11,-0.0028552584117278457,False,False,0.0,0.0,0,0,0,0.0,0.0,0.0,0.0,-0.0028552584117278457,1,-0.0028552584117278457
,academy_3_vs_1_with_keeper,42,collect_rollout,2310,0,17,0.0,False,False,0.0,0.0,0,0,0,0.0,0.0,0.0,0.0,0.0,1,0.0
,academy_3_vs_1_with_keeper,42,collect_rollout,2311,0,70,-0.05459953596437117,False,False,0.0,0.0,0,0,0,0.0,0.0,0.0,0.0,-0.05459953596437117,1,-0.05459953596437117
,academy_3_vs_1_with_keeper,42,collect_rollout,2312,0,22,-0.006666666362434626,False,False,0.0,0.0,0,0,0,0.0,0.0,0.0,0.0,-0.006666666362434626,1,-0.006666666362434626
,academy_3_vs_1_with_keeper,42,collect_rollout,2313,0,85,0.04981556080747396,False,False,0.0,0.0,0,0,0,0.0,0.0,0.0,0.0,0.04981556080747396,1,0.04981556080747396
,academy_3_vs_1_with_keeper,42,collect_rollout,2314,0,20,-0.006666666362434626,False,False,0.0,0.0,0,0,0,0.0,0.0,0.0,0.0,-0.006666666362434626,1,-0.006666666362434626
,academy_3_vs_1_with_keeper,42,collect_rollout,2315,0,8,-0.09651404619216919,False,False,0.0,0.0,0,0,0,0.0,0.0,0.0,0.0,-0.09651404619216919,1,-0.09651404619216919
,academy_3_vs_1_with_keeper,42,collect_rollout,2316,0,22,-0.006666666362434626,False,False,0.0,0.0,0,0,0,0.0,0.0,0.0,0.0,-0.006666666362434626,1,-0.006666666362434626
,academy_3_vs_1_with_keeper,42,collect_rollout,2317,0,128,-0.6974322751048021,False,False,0.0,0.0,0,0,0,0.0,0.0,0.0,0.0,-0.6974322751048021,1,-0.6974322751048021
,academy_3_vs_1_with_keeper,42,collect_rollout,2318,0,88,0.062251762312371284,False,False,0.0,0.0,0,0,0,0.0,0.0,0.0,0.0,0.062251762312371284,1,0.062251762312371284
,academy_3_vs_1_with_keeper,42,collect_rollout,2319,0,18,-0.003333333181217313,False,False,0.0,0.0,0,0,0,0.0,0.0,0.0,0.0,-0.003333333181217313,1,-0.003333333181217313
,academy_3_vs_1_with_keeper,42,collect_rollout,2320,0,18,0.0,False,False,0.0,0.0,0,0,0,0.0,0.0,0.0,0.0,0.0,1,0.0
,academy_3_vs_1_with_keeper,42,collect_rollout,2321,0,63,-0.13999999780207872,False,False,0.0,0.0,0,0,0,0.0,0.0,0.0,0.0,-0.13999999780207872,1,-0.13999999780207872
,academy_3_vs_1_with_keeper,42,collect_rollout,2322,0,19,0.0,False,False,0.0,0.0,0,0,0,0.0,0.0,0.0,0.0,0.0,1,0.0
,academy_3_vs_1_with_keeper,42,collect_rollout,2323,0,15,-0.003333333181217313,False,False,0.0,0.0,0,0,0,0.0,0.0,0.0,0.0,-0.003333333181217313,1,-0.003333333181217313
,academy_3_vs_1_with_keeper,42,collect_rollout,2324,0,17,-0.003333333181217313,False,False,0.0,0.0,0,0,0,0.0,0.0,0.0,0.0,-0.003333333181217313,1,-0.003333333181217313
,academy_3_vs_1_with_keeper,42,collect_rollout,2325,0,15,0.0,False,False,0.0,0.0,0,0,0,0.0,0.0,0.0,0.0,0.0,1,0.0
,academy_3_vs_1_with_keeper,42,collect_rollout,2326,0,17,0.0,False,False,0.0,0.0,0,0,0,0.0,0.0,0.0,0.0,0.0,1,0.0
,academy_3_vs_1_with_keeper,42,collect_rollout,2327,0,36,0.02437644125893712,False,False,0.0,0.0,0,0,0,0.0,0.0,0.0,0.0,0.02437644125893712,1,0.02437644125893712
,academy_3_vs_1_with_keeper,42,collect_rollout,2328,0,77,-0.12530969618819654,False,False,0.0,0.0,0,0,0,0.0,0.0,0.0,0.0,-0.12530969618819654,1,-0.12530969618819654
,academy_3_vs_1_with_keeper,42,collect_rollout,2329,0,20,0.0,False,False,0.0,0.0,0,0,0,0.0,0.0,0.0,0.0,0.0,1,0.0
,academy_3_vs_1_with_keeper,42,collect_rollout,2330,0,18,-0.003333333181217313,False,False,0.0,0.0,0,0,0,0.0,0.0,0.0,0.0,-0.003333333181217313,1,-0.003333333181217313
,academy_3_vs_1_with_keeper,42,collect_rollout,2331,0,19,-0.013333332724869251,False,False,0.0,0.0,0,0,0,0.0,0.0,0.0,0.0,-0.013333332724869251,1,-0.013333332724869251
,academy_3_vs_1_with_keeper,42,collect_rollout,2332,0,22,-0.003333333181217313,False,False,0.0,0.0,0,0,0,0.0,0.0,0.0,0.0,-0.003333333181217313,1,-0.003333333181217313
,academy_3_vs_1_with_keeper,42,collect_rollout,2333,0,22,-0.003333333181217313,False,False,0.0,0.0,0,0,0,0.0,0.0,0.0,0.0,-0.003333333181217313,1,-0.003333333181217313
,academy_3_vs_1_with_keeper,42,collect_rollout,2334,0,19,-0.006666666362434626,False,False,0.0,0.0,0,0,0,0.0,0.0,0.0,0.0,-0.006666666362434626,1,-0.006666666362434626
,academy_3_vs_1_with_keeper,42,collect_rollout,2335,0,119,-0.2955745104700327,False,False,0.0,0.0,0,0,0,0.0,0.0,0.0,0.0,-0.2955745104700327,1,-0.2955745104700327
,academy_3_vs_1_with_keeper,42,collect_rollout,2336,0,20,-0.009999999543651938,False,False,0.0,0.0,0,0,0,0.0,0.0,0.0,0.0,-0.009999999543651938,1,-0.009999999543651938
,academy_3_vs_1_with_keeper,42,collect_rollout,2337,0,46,-0.053333334159106016,False,False,0.0,0.0,0,0,0,0.0,0.0,0.0,0.0,-0.053333334159106016,1,-0.053333334159106016
,academy_3_vs_1_with_keeper,42,collect_rollout,2338,0,19,-0.006666666362434626,False,False,0.0,0.0,0,0,0,0.0,0.0,0.0,0.0,-0.006666666362434626,1,-0.006666666362434626
,academy_3_vs_1_with_keeper,42,collect_rollout,2339,0,17,-0.006666666362434626,False,False,0.0,0.0,0,0,0,0.0,0.0,0.0,0.0,-0.006666666362434626,1,-0.006666666362434626
,academy_3_vs_1_with_keeper,42,collect_rollout,2340,0,22,0.0,False,False,0.0,0.0,0,0,0,0.0,0.0,0.0,0.0,0.0,1,0.0
,academy_3_vs_1_with_keeper,42,collect_rollout,2341,0,71,0.06667406787164509,False,False,0.0,0.0,0,0,0,0.0,0.0,0.0,0.0,0.06667406787164509,1,0.06667406787164509
,academy_3_vs_1_with_keeper,42,collect_rollout,2342,0,54,-0.022271313006058335,False,False,0.0,0.0,0,0,0,0.0,0.0,0.0,0.0,-0.022271313006058335,1,-0.022271313006058335
,academy_3_vs_1_with_keeper,42,collect_rollout,2343,0,92,-0.02652393578318879,False,False,0.0,0.0,0,0,0,0.0,0.0,0.0,0.0,-0.02652393578318879,1,-0.02652393578318879
,academy_3_vs_1_with_keeper,42,collect_rollout,2344,0,22,-0.003333333181217313,False,False,0.0,0.0,0,0,0,0.0,0.0,0.0,0.0,-0.003333333181217313,1,-0.003333333181217313
,academy_3_vs_1_with_keeper,42,collect_rollout,2345,0,17,-0.013333332724869251,False,False,0.0,0.0,0,0,0,0.0,0.0,0.0,0.0,-0.013333332724869251,1,-0.013333332724869251
,academy_3_vs_1_with_keeper,42,collect_rollout,2346,0,21,-0.009999999543651938,False,False,0.0,0.0,0,0,0,0.0,0.0,0.0,0.0,-0.009999999543651938,1,-0.009999999543651938
,academy_3_vs_1_with_keeper,42,collect_rollout,2347,0,21,0.0,False,False,0.0,0.0,0,0,0,0.0,0.0,0.0,0.0,0.0,1,0.0
,academy_3_vs_1_with_keeper,42,collect_rollout,2348,0,19,-0.003333333181217313,False,False,0.0,0.0,0,0,0,0.0,0.0,0.0,0.0,-0.003333333181217313,1,-0.003333333181217313
,academy_3_vs_1_with_keeper,42,collect_rollout,2349,0,23,-0.003333333181217313,False,False,0.0,0.0,0,0,0,0.0,0.0,0.0,0.0,-0.003333333181217313,1,-0.003333333181217313
,academy_3_vs_1_with_keeper,42,collect_rollout,2350,0,21,-0.003333333181217313,False,False,0.0,0.0,0,0,0,0.0,0.0,0.0,0.0,-0.003333333181217313,1,-0.003333333181217313
,academy_3_vs_1_with_keeper,42,collect_rollout,2351,0,19,-0.009999999543651938,False,False,0.0,0.0,0,0,0,0.0,0.0,0.0,0.0,-0.009999999543651938,1,-0.009999999543651938
,academy_3_vs_1_with_keeper,42,collect_rollout,2352,0,18,-0.009999999543651938,False,False,0.0,0.0,0,0,0,0.0,0.0,0.0,0.0,-0.009999999543651938,1,-0.009999999543651938
,academy_3_vs_1_with_keeper,42,collect_rollout,2353,0,19,-0.013333332724869251,False,False,0.0,0.0,0,0,0,0.0,0.0,0.0,0.0,-0.013333332724869251,1,-0.013333332724869251
,academy_3_vs_1_with_keeper,42,collect_rollout,2354,0,75,-0.032183977076783776,False,False,0.0,0.0,0,0,0,0.0,0.0,0.0,0.0,-0.032183977076783776,1,-0.032183977076783776
,academy_3_vs_1_with_keeper,42,collect_rollout,2355,0,108,-0.07904297322966158,False,False,0.0,0.0,0,0,0,0.0,0.0,0.0,0.0,-0.07904297322966158,1,-0.07904297322966158
,academy_3_vs_1_with_keeper,42,collect_rollout,2356,0,20,-0.006666666362434626,False,False,0.0,0.0,0,0,0,0.0,0.0,0.0,0.0,-0.006666666362434626,1,-0.006666666362434626
,academy_3_vs_1_with_keeper,42,collect_rollout,2357,0,19,0.0,False,False,0.0,0.0,0,0,0,0.0,0.0,0.0,0.0,0.0,1,0.0
,academy_3_vs_1_with_keeper,42,collect_rollout,2358,0,20,-0.013333332724869251,False,False,0.0,0.0,0,0,0,0.0,0.0,0.0,0.0,-0.013333332724869251,1,-0.013333332724869251
,academy_3_vs_1_with_keeper,42,collect_rollout,2359,0,18,-0.003333333181217313,False,False,0.0,0.0,0,0,0,0.0,0.0,0.0,0.0,-0.003333333181217313,1,-0.003333333181217313
,academy_3_vs_1_with_keeper,42,collect_rollout,2360,0,145,-0.05469746794551611,False,False,0.0,0.0,0,0,0,0.0,0.0,0.0,0.0,-0.05469746794551611,1,-0.05469746794551611
,academy_3_vs_1_with_keeper,42,collect_rollout,2361,0,17,-0.003333333181217313,False,False,0.0,0.0,0,0,0,0.0,0.0,0.0,0.0,-0.003333333181217313,1,-0.003333333181217313
,academy_3_vs_1_with_keeper,42,collect_rollout,2362,0,105,-0.07776550413109362,False,False,0.0,0.0,0,0,0,0.0,0.0,0.0,0.0,-0.07776550413109362,1,-0.07776550413109362
,academy_3_vs_1_with_keeper,42,collect_rollout,2363,0,154,-0.07330913376063108,False,False,0.0,0.0,0,0,0,0.0,0.0,0.0,0.0,-0.07330913376063108,1,-0.07330913376063108
,academy_3_vs_1_with_keeper,42,collect_rollout,2364,0,19,-0.003333333181217313,False,False,0.0,0.0,0,0,0,0.0,0.0,0.0,0.0,-0.003333333181217313,1,-0.003333333181217313
,academy_3_vs_1_with_keeper,42,collect_rollout,2365,0,180,-0.9728024137439206,False,False,0.0,0.0,0,0,0,0.0,0.0,0.0,0.0,-0.9728024137439206,1,-0.9728024137439206
,academy_3_vs_1_with_keeper,42,collect_rollout,2366,0,8,-0.0018010400235652924,False,False,0.0,0.0,0,0,0,0.0,0.0,0.0,0.0,-0.0018010400235652924,1,-0.0018010400235652924
,academy_3_vs_1_with_keeper,42,collect_rollout,2367,0,21,-0.003333333181217313,False,False,0.0,0.0,0,0,0,0.0,0.0,0.0,0.0,-0.003333333181217313,1,-0.003333333181217313
,academy_3_vs_1_with_keeper,42,collect_rollout,2368,0,43,0.09897172614000738,False,False,0.0,0.0,0,0,0,0.0,0.0,0.0,0.0,0.09897172614000738,1,0.09897172614000738
,academy_3_vs_1_with_keeper,42,collect_rollout,2369,0,14,0.0,False,False,0.0,0.0,0,0,0,0.0,0.0,0.0,0.0,0.0,1,0.0
,academy_3_vs_1_with_keeper,42,collect_rollout,2370,0,18,-0.009999999543651938,False,False,0.0,0.0,0,0,0,0.0,0.0,0.0,0.0,-0.009999999543651938,1,-0.009999999543651938
,academy_3_vs_1_with_keeper,42,collect_rollout,2371,0,22,-0.003333333181217313,False,False,0.0,0.0,0,0,0,0.0,0.0,0.0,0.0,-0.003333333181217313,1,-0.003333333181217313
,academy_3_vs_1_with_keeper,42,collect_rollout,2372,0,13,-0.003333333181217313,False,False,0.0,0.0,0,0,0,0.0,0.0,0.0,0.0,-0.003333333181217313,1,-0.003333333181217313
,academy_3_vs_1_with_keeper,42,collect_rollout,2373,0,18,-0.013333332724869251,False,False,0.0,0.0,0,0,0,0.0,0.0,0.0,0.0,-0.013333332724869251,1,-0.013333332724869251
,academy_3_vs_1_with_keeper,42,collect_rollout,2374,0,88,-0.055003776331432164,False,False,0.0,0.0,0,0,0,0.0,0.0,0.0,0.0,-0.055003776331432164,1,-0.055003776331432164
,academy_3_vs_1_with_keeper,42,collect_rollout,2375,0,21,0.0,False,False,0.0,0.0,0,0,0,0.0,0.0,0.0,0.0,0.0,1,0.0
,academy_3_vs_1_with_keeper,42,collect_rollout,2376,0,20,-0.013333332724869251,False,False,0.0,0.0,0,0,0,0.0,0.0,0.0,0.0,-0.013333332724869251,1,-0.013333332724869251
,academy_3_vs_1_with_keeper,42,collect_rollout,2377,0,10,-0.003239720477722585,False,False,0.0,0.0,0,0,0,0.0,0.0,0.0,0.0,-0.003239720477722585,1,-0.003239720477722585
,academy_3_vs_1_with_keeper,42,collect_rollout,2378,0,58,-0.11206376762129366,False,False,0.0,0.0,0,0,0,0.0,0.0,0.0,0.0,-0.11206376762129366,1,-0.11206376762129366
,academy_3_vs_1_with_keeper,42,collect_rollout,2379,0,17,-0.026448396034538746,False,False,0.0,0.0,0,0,0,0.0,0.0,0.0,0.0,-0.026448396034538746,1,-0.026448396034538746
,academy_3_vs_1_with_keeper,42,collect_rollout,2380,0,19,-0.016666665906086564,False,False,0.0,0.0,0,0,0,0.0,0.0,0.0,0.0,-0.016666665906086564,1,-0.016666665906086564
,academy_3_vs_1_with_keeper,42,collect_rollout,2381,0,22,-0.006666666362434626,False,False,0.0,0.0,0,0,0,0.0,0.0,0.0,0.0,-0.006666666362434626,1,-0.006666666362434626
,academy_3_vs_1_with_keeper,42,collect_rollout,2382,0,16,0.0,False,False,0.0,0.0,0,0,0,0.0,0.0,0.0,0.0,0.0,1,0.0
,academy_3_vs_1_with_keeper,42,collect_rollout,2383,0,17,-0.003333333181217313,False,False,0.0,0.0,0,0,0,0.0,0.0,0.0,0.0,-0.003333333181217313,1,-0.003333333181217313
,academy_3_vs_1_with_keeper,42,collect_rollout,2384,0,38,0.041524096857756376,False,False,0.0,0.0,0,0,0,0.0,0.0,0.0,0.0,0.041524096857756376,1,0.041524096857756376
,academy_3_vs_1_with_keeper,42,collect_rollout,2385,0,17,-0.006666666362434626,False,False,0.0,0.0,0,0,0,0.0,0.0,0.0,0.0,-0.006666666362434626,1,-0.006666666362434626
,academy_3_vs_1_with_keeper,42,collect_rollout,2386,0,19,-0.009999999543651938,False,False,0.0,0.0,0,0,0,0.0,0.0,0.0,0.0,-0.009999999543651938,1,-0.009999999543651938
,academy_3_vs_1_with_keeper,42,collect_rollout,2387,0,18,-0.016666665906086564,False,False,0.0,0.0,0,0,0,0.0,0.0,0.0,0.0,-0.016666665906086564,1,-0.016666665906086564
,academy_3_vs_1_with_keeper,42,collect_rollout,2388,0,20,-0.006666666362434626,False,False,0.0,0.0,0,0,0,0.0,0.0,0.0,0.0,-0.006666666362434626,1,-0.006666666362434626
,academy_3_vs_1_with_keeper,42,collect_rollout,2389,0,22,-0.006666666362434626,False,False,0.0,0.0,0,0,0,0.0,0.0,0.0,0.0,-0.006666666362434626,1,-0.006666666362434626
,academy_3_vs_1_with_keeper,42,collect_rollout,2390,0,34,-0.0506204585544765,False,False,0.0,0.0,0,0,0,0.0,0.0,0.0,0.0,-0.0506204585544765,1,-0.0506204585544765
,academy_3_vs_1_with_keeper,42,collect_rollout,2391,0,42,0.026827524357941,False,False,0.0,0.0,0,0,0,0.0,0.0,0.0,0.0,0.026827524357941,1,0.026827524357941
,academy_3_vs_1_with_keeper,42,collect_rollout,2392,0,23,-0.009999999543651938,False,False,0.0,0.0,0,0,0,0.0,0.0,0.0,0.0,-0.009999999543651938,1,-0.009999999543651938
,academy_3_vs_1_with_keeper,42,collect_rollout,2393,0,50,0.10898747108876705,False,False,0.0,0.0,0,0,0,0.0,0.0,0.0,0.0,0.10898747108876705,1,0.10898747108876705
,academy_3_vs_1_with_keeper,42,collect_rollout,2394,0,18,-0.006666666362434626,False,False,0.0,0.0,0,0,0,0.0,0.0,0.0,0.0,-0.006666666362434626,1,-0.006666666362434626
,academy_3_vs_1_with_keeper,42,collect_rollout,2395,0,16,0.0,False,False,0.0,0.0,0,0,0,0.0,0.0,0.0,0.0,0.0,1,0.0
,academy_3_vs_1_with_keeper,42,collect_rollout,2396,0,76,-0.13591249333694577,False,False,0.0,0.0,0,0,0,0.0,0.0,0.0,0.0,-0.13591249333694577,1,-0.13591249333694577
,academy_3_vs_1_with_keeper,42,collect_rollout,2397,0,441,0.007273357128724456,False,False,0.0,0.0,0,0,0,0.0,0.0,0.0,0.0,0.007273357128724456,1,0.007273357128724456
,academy_3_vs_1_with_keeper,42,collect_rollout,2398,0,46,0.04183701449073851,False,False,0.0,0.0,0,0,0,0.0,0.0,0.0,0.0,0.04183701449073851,1,0.04183701449073851
,academy_3_vs_1_with_keeper,42,collect_rollout,2399,0,83,-0.04452783952001482,False,False,0.0,0.0,0,0,0,0.0,0.0,0.0,0.0,-0.04452783952001482,1,-0.04452783952001482
,academy_3_vs_1_with_keeper,42,collect_rollout,2400,0,89,-0.35221139803616097,False,False,0.0,0.0,0,0,0,0.0,0.0,0.0,0.0,-0.35221139803616097,1,-0.35221139803616097
,academy_3_vs_1_with_keeper,42,collect_rollout,2401,0,16,0.0,False,False,0.0,0.0,0,0,0,0.0,0.0,0.0,0.0,0.0,1,0.0
,academy_3_vs_1_with_keeper,42,collect_rollout,2402,0,19,0.0,False,False,0.0,0.0,0,0,0,0.0,0.0,0.0,0.0,0.0,1,0.0
,academy_3_vs_1_with_keeper,42,collect_rollout,2403,0,22,-0.006666666362434626,False,False,0.0,0.0,0,0,0,0.0,0.0,0.0,0.0,-0.006666666362434626,1,-0.006666666362434626
,academy_3_vs_1_with_keeper,42,collect_rollout,2404,0,22,-0.009999999543651938,False,False,0.0,0.0,0,0,0,0.0,0.0,0.0,0.0,-0.009999999543651938,1,-0.009999999543651938
,academy_3_vs_1_with_keeper,42,collect_rollout,2405,0,33,0.028190497600007802,False,False,0.0,0.0,0,0,0,0.0,0.0,0.0,0.0,0.028190497600007802,1,0.028190497600007802
,academy_3_vs_1_with_keeper,42,collect_rollout,2406,0,35,-0.0384970580926165,False,False,0.0,0.0,0,0,0,0.0,0.0,0.0,0.0,-0.0384970580926165,1,-0.0384970580926165
,academy_3_vs_1_with_keeper,42,collect_rollout,2407,0,15,-0.017960494034923613,False,False,0.0,0.0,0,0,0,0.0,0.0,0.0,0.0,-0.017960494034923613,1,-0.017960494034923613
,academy_3_vs_1_with_keeper,42,collect_rollout,2408,0,84,0.0008287601522170007,False,False,0.0,0.0,0,0,0,0.0,0.0,0.0,0.0,0.0008287601522170007,1,0.0008287601522170007
,academy_3_vs_1_with_keeper,42,collect_rollout,2409,0,84,-0.0010889952536672354,False,False,0.0,0.0,0,0,0,0.0,0.0,0.0,0.0,-0.0010889952536672354,1,-0.0010889952536672354
,academy_3_vs_1_with_keeper,42,collect_rollout,2410,0,17,0.0,False,False,0.0,0.0,0,0,0,0.0,0.0,0.0,0.0,0.0,1,0.0
,academy_3_vs_1_with_keeper,42,collect_rollout,2411,0,7,-0.006666666362434626,False,False,0.0,0.0,0,0,0,0.0,0.0,0.0,0.0,-0.006666666362434626,1,-0.006666666362434626
,academy_3_vs_1_with_keeper,42,collect_rollout,2412,0,9,0.011134401895105839,False,False,0.0,0.0,0,0,0,0.0,0.0,0.0,0.0,0.011134401895105839,1,0.011134401895105839
,academy_3_vs_1_with_keeper,42,collect_rollout,2413,0,40,0.059473400469869375,False,False,0.0,0.0,0,0,0,0.0,0.0,0.0,0.0,0.059473400469869375,1,0.059473400469869375
,academy_3_vs_1_with_keeper,42,collect_rollout,2414,0,19,-0.003333333181217313,False,False,0.0,0.0,0,0,0,0.0,0.0,0.0,0.0,-0.003333333181217313,1,-0.003333333181217313
,academy_3_vs_1_with_keeper,42,collect_rollout,2415,0,7,0.01605687174014747,False,False,0.0,0.0,0,0,0,0.0,0.0,0.0,0.0,0.01605687174014747,1,0.01605687174014747
,academy_3_vs_1_with_keeper,42,collect_rollout,2416,0,19,-0.006666666362434626,False,False,0.0,0.0,0,0,0,0.0,0.0,0.0,0.0,-0.006666666362434626,1,-0.006666666362434626
,academy_3_vs_1_with_keeper,42,collect_rollout,2417,0,17,-0.003333333181217313,False,False,0.0,0.0,0,0,0,0.0,0.0,0.0,0.0,-0.003333333181217313,1,-0.003333333181217313
,academy_3_vs_1_with_keeper,42,collect_rollout,2418,0,31,-0.030271303141489625,False,False,0.0,0.0,0,0,0,0.0,0.0,0.0,0.0,-0.030271303141489625,1,-0.030271303141489625
,academy_3_vs_1_with_keeper,42,collect_rollout,2419,0,46,0.04499528440646827,False,False,0.0,0.0,0,0,0,0.0,0.0,0.0,0.0,0.04499528440646827,1,0.04499528440646827
,academy_3_vs_1_with_keeper,42,collect_rollout,2420,0,18,-0.006666666362434626,False,False,0.0,0.0,0,0,0,0.0,0.0,0.0,0.0,-0.006666666362434626,1,-0.006666666362434626
,academy_3_vs_1_with_keeper,42,collect_rollout,2421,0,20,0.0,False,False,0.0,0.0,0,0,0,0.0,0.0,0.0,0.0,0.0,1,0.0
,academy_3_vs_1_with_keeper,42,collect_rollout,2422,0,21,-0.006666666362434626,False,False,0.0,0.0,0,0,0,0.0,0.0,0.0,0.0,-0.006666666362434626,1,-0.006666666362434626
,academy_3_vs_1_with_keeper,42,collect_rollout,2423,0,18,-0.006666666362434626,False,False,0.0,0.0,0,0,0,0.0,0.0,0.0,0.0,-0.006666666362434626,1,-0.006666666362434626
,academy_3_vs_1_with_keeper,42,collect_rollout,2424,0,19,-0.016666665906086564,False,False,0.0,0.0,0,0,0,0.0,0.0,0.0,0.0,-0.016666665906086564,1,-0.016666665906086564
,academy_3_vs_1_with_keeper,42,collect_rollout,2425,0,93,-0.6649643738055602,False,False,0.0,0.0,0,0,0,0.0,0.0,0.0,0.0,-0.6649643738055602,1,-0.6649643738055602
,academy_3_vs_1_with_keeper,42,collect_rollout,2426,0,21,0.0,False,False,0.0,0.0,0,0,0,0.0,0.0,0.0,0.0,0.0,1,0.0
,academy_3_vs_1_with_keeper,42,collect_rollout,2427,0,15,0.0,False,False,0.0,0.0,0,0,0,0.0,0.0,0.0,0.0,0.0,1,0.0
,academy_3_vs_1_with_keeper,42,collect_rollout,2428,0,12,-0.012122794636525214,False,False,0.0,0.0,0,0,0,0.0,0.0,0.0,0.0,-0.012122794636525214,1,-0.012122794636525214
,academy_3_vs_1_with_keeper,42,collect_rollout,2429,0,43,0.035059127636486664,False,False,0.0,0.0,0,0,0,0.0,0.0,0.0,0.0,0.035059127636486664,1,0.035059127636486664
,academy_3_vs_1_with_keeper,42,collect_rollout,2430,0,14,0.0,False,False,0.0,0.0,0,0,0,0.0,0.0,0.0,0.0,0.0,1,0.0
,academy_3_vs_1_with_keeper,42,collect_rollout,2431,0,85,-0.019785988581134006,False,False,0.0,0.0,0,0,0,0.0,0.0,0.0,0.0,-0.019785988581134006,1,-0.019785988581134006
,academy_3_vs_1_with_keeper,42,collect_rollout,2432,0,38,0.03648758050985634,False,False,0.0,0.0,0,0,0,0.0,0.0,0.0,0.0,0.03648758050985634,1,0.03648758050985634
,academy_3_vs_1_with_keeper,42,collect_rollout,2433,0,18,0.0,False,False,0.0,0.0,0,0,0,0.0,0.0,0.0,0.0,0.0,1,0.0
,academy_3_vs_1_with_keeper,42,collect_rollout,2434,0,69,0.2836960608838126,False,False,0.0,0.0,0,0,0,0.0,0.0,0.0,0.0,0.2836960608838126,1,0.2836960608838126
,academy_3_vs_1_with_keeper,42,collect_rollout,2435,0,16,-0.003333333181217313,False,False,0.0,0.0,0,0,0,0.0,0.0,0.0,0.0,-0.003333333181217313,1,-0.003333333181217313
,academy_3_vs_1_with_keeper,42,collect_rollout,2436,0,20,-0.013333332724869251,False,False,0.0,0.0,0,0,0,0.0,0.0,0.0,0.0,-0.013333332724869251,1,-0.013333332724869251
,academy_3_vs_1_with_keeper,42,collect_rollout,2437,0,24,-0.006666666362434626,False,False,0.0,0.0,0,0,0,0.0,0.0,0.0,0.0,-0.006666666362434626,1,-0.006666666362434626
,academy_3_vs_1_with_keeper,42,collect_rollout,2438,0,17,-0.003333333181217313,False,False,0.0,0.0,0,0,0,0.0,0.0,0.0,0.0,-0.003333333181217313,1,-0.003333333181217313
,academy_3_vs_1_with_keeper,42,collect_rollout,2439,0,20,0.0,False,False,0.0,0.0,0,0,0,0.0,0.0,0.0,0.0,0.0,1,0.0
,academy_3_vs_1_with_keeper,42,collect_rollout,2440,0,17,-0.006666666362434626,False,False,0.0,0.0,0,0,0,0.0,0.0,0.0,0.0,-0.006666666362434626,1,-0.006666666362434626
,academy_3_vs_1_with_keeper,42,collect_rollout,2441,0,17,-0.003333333181217313,False,False,0.0,0.0,0,0,0,0.0,0.0,0.0,0.0,-0.003333333181217313,1,-0.003333333181217313
,academy_3_vs_1_with_keeper,42,collect_rollout,2442,0,14,-0.02150108979549259,False,False,0.0,0.0,0,0,0,0.0,0.0,0.0,0.0,-0.02150108979549259,1,-0.02150108979549259
,academy_3_vs_1_with_keeper,42,collect_rollout,2443,0,19,-0.003333333181217313,False,False,0.0,0.0,0,0,0,0.0,0.0,0.0,0.0,-0.003333333181217313,1,-0.003333333181217313
,academy_3_vs_1_with_keeper,42,collect_rollout,2444,0,14,-0.003333333181217313,False,False,0.0,0.0,0,0,0,0.0,0.0,0.0,0.0,-0.003333333181217313,1,-0.003333333181217313
,academy_3_vs_1_with_keeper,42,collect_rollout,2445,0,21,0.0,False,False,0.0,0.0,0,0,0,0.0,0.0,0.0,0.0,0.0,1,0.0
,academy_3_vs_1_with_keeper,42,collect_rollout,2446,0,15,-0.006666666362434626,False,False,0.0,0.0,0,0,0,0.0,0.0,0.0,0.0,-0.006666666362434626,1,-0.006666666362434626
,academy_3_vs_1_with_keeper,42,collect_rollout,2447,0,20,-0.009999999543651938,False,False,0.0,0.0,0,0,0,0.0,0.0,0.0,0.0,-0.009999999543651938,1,-0.009999999543651938
,academy_3_vs_1_with_keeper,42,collect_rollout,2448,0,84,-0.10689296486089006,False,False,0.0,0.0,0,0,0,0.0,0.0,0.0,0.0,-0.10689296486089006,1,-0.10689296486089006
,academy_3_vs_1_with_keeper,42,collect_rollout,2449,0,18,0.0,False,False,0.0,0.0,0,0,0,0.0,0.0,0.0,0.0,0.0,1,0.0
,academy_3_vs_1_with_keeper,42,collect_rollout,2450,0,14,0.0,False,False,0.0,0.0,0,0,0,0.0,0.0,0.0,0.0,0.0,1,0.0
,academy_3_vs_1_with_keeper,42,collect_rollout,2451,0,16,0.0,False,False,0.0,0.0,0,0,0,0.0,0.0,0.0,0.0,0.0,1,0.0
,academy_3_vs_1_with_keeper,42,collect_rollout,2452,0,51,0.006629194249399006,False,False,0.0,0.0,0,0,0,0.0,0.0,0.0,0.0,0.006629194249399006,1,0.006629194249399006
,academy_3_vs_1_with_keeper,42,collect_rollout,2453,0,20,-0.003333333181217313,False,False,0.0,0.0,0,0,0,0.0,0.0,0.0,0.0,-0.003333333181217313,1,-0.003333333181217313
,academy_3_vs_1_with_keeper,42,collect_rollout,2454,0,22,-0.009999999543651938,False,False,0.0,0.0,0,0,0,0.0,0.0,0.0,0.0,-0.009999999543651938,1,-0.009999999543651938
,academy_3_vs_1_with_keeper,42,collect_rollout,2455,0,48,0.03440774665796198,False,False,0.0,0.0,0,0,0,0.0,0.0,0.0,0.0,0.03440774665796198,1,0.03440774665796198
,academy_3_vs_1_with_keeper,42,collect_rollout,2456,0,71,-0.05800588260171935,False,False,0.0,0.0,0,0,0,0.0,0.0,0.0,0.0,-0.05800588260171935,1,-0.05800588260171935
,academy_3_vs_1_with_keeper,42,collect_rollout,2457,0,13,-0.0153588626999408,False,False,0.0,0.0,0,0,0,0.0,0.0,0.0,0.0,-0.0153588626999408,1,-0.0153588626999408
,academy_3_vs_1_with_keeper,42,collect_rollout,2458,0,16,0.0,False,False,0.0,0.0,0,0,0,0.0,0.0,0.0,0.0,0.0,1,0.0
,academy_3_vs_1_with_keeper,42,collect_rollout,2459,0,18,-0.003333333181217313,False,False,0.0,0.0,0,0,0,0.0,0.0,0.0,0.0,-0.003333333181217313,1,-0.003333333181217313
,academy_3_vs_1_with_keeper,42,collect_rollout,2460,0,21,-0.006666666362434626,False,False,0.0,0.0,0,0,0,0.0,0.0,0.0,0.0,-0.006666666362434626,1,-0.006666666362434626
,academy_3_vs_1_with_keeper,42,collect_rollout,2461,0,76,-0.3790246603311971,False,False,0.0,0.0,0,0,0,0.0,0.0,0.0,0.0,-0.3790246603311971,1,-0.3790246603311971
,academy_3_vs_1_with_keeper,42,collect_rollout,2462,0,21,-0.016666665906086564,False,False,0.0,0.0,0,0,0,0.0,0.0,0.0,0.0,-0.016666665906086564,1,-0.016666665906086564
,academy_3_vs_1_with_keeper,42,collect_rollout,2463,0,20,-0.02333333226852119,False,False,0.0,0.0,0,0,0,0.0,0.0,0.0,0.0,-0.02333333226852119,1,-0.02333333226852119
,academy_3_vs_1_with_keeper,42,collect_rollout,2464,0,18,-0.003333333181217313,False,False,0.0,0.0,0,0,0,0.0,0.0,0.0,0.0,-0.003333333181217313,1,-0.003333333181217313
,academy_3_vs_1_with_keeper,42,collect_rollout,2465,0,20,-0.009999999543651938,False,False,0.0,0.0,0,0,0,0.0,0.0,0.0,0.0,-0.009999999543651938,1,-0.009999999543651938
,academy_3_vs_1_with_keeper,42,collect_rollout,2466,0,19,0.0,False,False,0.0,0.0,0,0,0,0.0,0.0,0.0,0.0,0.0,1,0.0
,academy_3_vs_1_with_keeper,42,collect_rollout,2467,0,23,-0.003333333181217313,False,False,0.0,0.0,0,0,0,0.0,0.0,0.0,0.0,-0.003333333181217313,1,-0.003333333181217313
,academy_3_vs_1_with_keeper,42,collect_rollout,2468,0,117,-0.2997611223254353,False,False,0.0,0.0,0,0,0,0.0,0.0,0.0,0.0,-0.2997611223254353,1,-0.2997611223254353
,academy_3_vs_1_with_keeper,42,collect_rollout,2469,0,16,-0.013333332724869251,False,False,0.0,0.0,0,0,0,0.0,0.0,0.0,0.0,-0.013333332724869251,1,-0.013333332724869251
,academy_3_vs_1_with_keeper,42,collect_rollout,2470,0,85,0.04233768326230347,False,False,0.0,0.0,0,0,0,0.0,0.0,0.0,0.0,0.04233768326230347,1,0.04233768326230347
,academy_3_vs_1_with_keeper,42,collect_rollout,2471,0,18,0.0,False,False,0.0,0.0,0,0,0,0.0,0.0,0.0,0.0,0.0,1,0.0
,academy_3_vs_1_with_keeper,42,collect_rollout,2472,0,19,-0.003333333181217313,False,False,0.0,0.0,0,0,0,0.0,0.0,0.0,0.0,-0.003333333181217313,1,-0.003333333181217313
,academy_3_vs_1_with_keeper,42,collect_rollout,2473,0,38,0.07798315328545868,False,False,0.0,0.0,0,0,0,0.0,0.0,0.0,0.0,0.07798315328545868,1,0.07798315328545868
,academy_3_vs_1_with_keeper,42,collect_rollout,2474,0,88,0.06058994901832193,False,False,0.0,0.0,0,0,0,0.0,0.0,0.0,0.0,0.06058994901832193,1,0.06058994901832193
,academy_3_vs_1_with_keeper,42,collect_rollout,2475,0,19,-0.009999999543651938,False,False,0.0,0.0,0,0,0,0.0,0.0,0.0,0.0,-0.009999999543651938,1,-0.009999999543651938
,academy_3_vs_1_with_keeper,42,collect_rollout,2476,0,47,0.037256023788359016,False,False,0.0,0.0,0,0,0,0.0,0.0,0.0,0.0,0.037256023788359016,1,0.037256023788359016
,academy_3_vs_1_with_keeper,42,collect_rollout,2477,0,16,-0.003333333181217313,False,False,0.0,0.0,0,0,0,0.0,0.0,0.0,0.0,-0.003333333181217313,1,-0.003333333181217313
,academy_3_vs_1_with_keeper,42,collect_rollout,2478,0,17,-0.003333333181217313,False,False,0.0,0.0,0,0,0,0.0,0.0,0.0,0.0,-0.003333333181217313,1,-0.003333333181217313
,academy_3_vs_1_with_keeper,42,collect_rollout,2479,0,20,0.0,False,False,0.0,0.0,0,0,0,0.0,0.0,0.0,0.0,0.0,1,0.0
,academy_3_vs_1_with_keeper,42,collect_rollout,2480,0,45,0.060927983693545684,False,False,0.0,0.0,0,0,0,0.0,0.0,0.0,0.0,0.060927983693545684,1,0.060927983693545684
,academy_3_vs_1_with_keeper,42,collect_rollout,2481,0,19,0.0,False,False,0.0,0.0,0,0,0,0.0,0.0,0.0,0.0,0.0,1,0.0
,academy_3_vs_1_with_keeper,42,collect_rollout,2482,0,17,-0.009999999543651938,False,False,0.0,0.0,0,0,0,0.0,0.0,0.0,0.0,-0.009999999543651938,1,-0.009999999543651938
,academy_3_vs_1_with_keeper,42,collect_rollout,2483,0,19,-0.003333333181217313,False,False,0.0,0.0,0,0,0,0.0,0.0,0.0,0.0,-0.003333333181217313,1,-0.003333333181217313
,academy_3_vs_1_with_keeper,42,collect_rollout,2484,0,16,-0.006666666362434626,False,False,0.0,0.0,0,0,0,0.0,0.0,0.0,0.0,-0.006666666362434626,1,-0.006666666362434626
,academy_3_vs_1_with_keeper,42,collect_rollout,2485,0,18,0.0,False,False,0.0,0.0,0,0,0,0.0,0.0,0.0,0.0,0.0,1,0.0
,academy_3_vs_1_with_keeper,42,collect_rollout,2486,0,21,-0.016666665906086564,False,False,0.0,0.0,0,0,0,0.0,0.0,0.0,0.0,-0.016666665906086564,1,-0.016666665906086564
,academy_3_vs_1_with_keeper,42,collect_rollout,2487,0,19,-0.009999999543651938,False,False,0.0,0.0,0,0,0,0.0,0.0,0.0,0.0,-0.009999999543651938,1,-0.009999999543651938
,academy_3_vs_1_with_keeper,42,collect_rollout,2488,0,20,-0.016666665906086564,False,False,0.0,0.0,0,0,0,0.0,0.0,0.0,0.0,-0.016666665906086564,1,-0.016666665906086564
,academy_3_vs_1_with_keeper,42,collect_rollout,2489,0,167,-0.7582097131817136,False,False,0.0,0.0,0,0,0,0.0,0.0,0.0,0.0,-0.7582097131817136,1,-0.7582097131817136
,academy_3_vs_1_with_keeper,42,collect_rollout,2490,0,54,0.026584311563055962,False,False,0.0,0.0,0,0,0,0.0,0.0,0.0,0.0,0.026584311563055962,1,0.026584311563055962
,academy_3_vs_1_with_keeper,42,collect_rollout,2491,0,18,-0.003333333181217313,False,False,0.0,0.0,0,0,0,0.0,0.0,0.0,0.0,-0.003333333181217313,1,-0.003333333181217313
,academy_3_vs_1_with_keeper,42,collect_rollout,2492,0,43,0.033208924054633826,False,False,0.0,0.0,0,0,0,0.0,0.0,0.0,0.0,0.033208924054633826,1,0.033208924054633826
,academy_3_vs_1_with_keeper,42,collect_rollout,2493,0,18,-0.006666666362434626,False,False,0.0,0.0,0,0,0,0.0,0.0,0.0,0.0,-0.006666666362434626,1,-0.006666666362434626
,academy_3_vs_1_with_keeper,42,collect_rollout,2494,0,47,0.015862397907767445,False,False,0.0,0.0,0,0,0,0.0,0.0,0.0,0.0,0.015862397907767445,1,0.015862397907767445
,academy_3_vs_1_with_keeper,42,collect_rollout,2495,0,14,0.0,False,False,0.0,0.0,0,0,0,0.0,0.0,0.0,0.0,0.0,1,0.0
,academy_3_vs_1_with_keeper,42,collect_rollout,2496,0,21,-0.003333333181217313,False,False,0.0,0.0,0,0,0,0.0,0.0,0.0,0.0,-0.003333333181217313,1,-0.003333333181217313
,academy_3_vs_1_with_keeper,42,collect_rollout,2497,0,18,0.0,False,False,0.0,0.0,0,0,0,0.0,0.0,0.0,0.0,0.0,1,0.0
,academy_3_vs_1_with_keeper,42,collect_rollout,2498,0,97,0.16861945341224782,False,False,0.0,0.0,0,0,0,0.0,0.0,0.0,0.0,0.16861945341224782,1,0.16861945341224782
,academy_3_vs_1_with_keeper,42,collect_rollout,2499,0,22,-0.013333332724869251,False,False,0.0,0.0,0,0,0,0.0,0.0,0.0,0.0,-0.013333332724869251,1,-0.013333332724869251
,academy_3_vs_1_with_keeper,42,collect_rollout,2500,0,19,-0.006666666362434626,False,False,0.0,0.0,0,0,0,0.0,0.0,0.0,0.0,-0.006666666362434626,1,-0.006666666362434626
,academy_3_vs_1_with_keeper,42,collect_rollout,2501,0,19,-0.013333332724869251,False,False,0.0,0.0,0,0,0,0.0,0.0,0.0,0.0,-0.013333332724869251,1,-0.013333332724869251
,academy_3_vs_1_with_keeper,42,collect_rollout,2502,0,19,-0.003333333181217313,False,False,0.0,0.0,0,0,0,0.0,0.0,0.0,0.0,-0.003333333181217313,1,-0.003333333181217313
,academy_3_vs_1_with_keeper,42,collect_rollout,2503,0,23,-0.009999999543651938,False,False,0.0,0.0,0,0,0,0.0,0.0,0.0,0.0,-0.009999999543651938,1,-0.009999999543651938
,academy_3_vs_1_with_keeper,42,collect_rollout,2504,0,50,0.012307061580941081,False,False,0.0,0.0,0,0,0,0.0,0.0,0.0,0.0,0.012307061580941081,1,0.012307061580941081
,academy_3_vs_1_with_keeper,42,collect_rollout,2505,0,13,-0.01741759048309177,False,False,0.0,0.0,0,0,0,0.0,0.0,0.0,0.0,-0.01741759048309177,1,-0.01741759048309177
,academy_3_vs_1_with_keeper,42,collect_rollout,2506,0,23,-0.013333332724869251,False,False,0.0,0.0,0,0,0,0.0,0.0,0.0,0.0,-0.013333332724869251,1,-0.013333332724869251
,academy_3_vs_1_with_keeper,42,collect_rollout,2507,0,21,-0.003333333181217313,False,False,0.0,0.0,0,0,0,0.0,0.0,0.0,0.0,-0.003333333181217313,1,-0.003333333181217313
,academy_3_vs_1_with_keeper,42,collect_rollout,2508,0,18,-0.009999999543651938,False,False,0.0,0.0,0,0,0,0.0,0.0,0.0,0.0,-0.009999999543651938,1,-0.009999999543651938
,academy_3_vs_1_with_keeper,42,collect_rollout,2509,0,19,0.0,False,False,0.0,0.0,0,0,0,0.0,0.0,0.0,0.0,0.0,1,0.0
,academy_3_vs_1_with_keeper,42,collect_rollout,2510,0,18,-0.003333333181217313,False,False,0.0,0.0,0,0,0,0.0,0.0,0.0,0.0,-0.003333333181217313,1,-0.003333333181217313
,academy_3_vs_1_with_keeper,42,collect_rollout,2511,0,18,0.0,False,False,0.0,0.0,0,0,0,0.0,0.0,0.0,0.0,0.0,1,0.0
,academy_3_vs_1_with_keeper,42,collect_rollout,2512,0,18,-0.003333333181217313,False,False,0.0,0.0,0,0,0,0.0,0.0,0.0,0.0,-0.003333333181217313,1,-0.003333333181217313
,academy_3_vs_1_with_keeper,42,collect_rollout,2513,0,19,-0.009999999543651938,False,False,0.0,0.0,0,0,0,0.0,0.0,0.0,0.0,-0.009999999543651938,1,-0.009999999543651938
,academy_3_vs_1_with_keeper,42,collect_rollout,2514,0,21,-0.009999999543651938,False,False,0.0,0.0,0,0,0,0.0,0.0,0.0,0.0,-0.009999999543651938,1,-0.009999999543651938
,academy_3_vs_1_with_keeper,42,collect_rollout,2515,0,21,-0.006666666362434626,False,False,0.0,0.0,0,0,0,0.0,0.0,0.0,0.0,-0.006666666362434626,1,-0.006666666362434626
,academy_3_vs_1_with_keeper,42,collect_rollout,2516,0,19,0.0,False,False,0.0,0.0,0,0,0,0.0,0.0,0.0,0.0,0.0,1,0.0
,academy_3_vs_1_with_keeper,42,collect_rollout,2517,0,18,-0.009999999543651938,False,False,0.0,0.0,0,0,0,0.0,0.0,0.0,0.0,-0.009999999543651938,1,-0.009999999543651938
,academy_3_vs_1_with_keeper,42,collect_rollout,2518,0,15,0.0,False,False,0.0,0.0,0,0,0,0.0,0.0,0.0,0.0,0.0,1,0.0
,academy_3_vs_1_with_keeper,42,collect_rollout,2519,0,82,-0.3871111685875803,False,False,0.0,0.0,0,0,0,0.0,0.0,0.0,0.0,-0.3871111685875803,1,-0.3871111685875803
,academy_3_vs_1_with_keeper,42,collect_rollout,2520,0,20,0.0,False,False,0.0,0.0,0,0,0,0.0,0.0,0.0,0.0,0.0,1,0.0
,academy_3_vs_1_with_keeper,42,collect_rollout,2521,0,18,0.0,False,False,0.0,0.0,0,0,0,0.0,0.0,0.0,0.0,0.0,1,0.0
,academy_3_vs_1_with_keeper,42,collect_rollout,2522,0,20,-0.003333333181217313,False,False,0.0,0.0,0,0,0,0.0,0.0,0.0,0.0,-0.003333333181217313,1,-0.003333333181217313
,academy_3_vs_1_with_keeper,42,collect_rollout,2523,0,92,-0.17679118292289786,False,False,0.0,0.0,0,0,0,0.0,0.0,0.0,0.0,-0.17679118292289786,1,-0.17679118292289786
,academy_3_vs_1_with_keeper,42,collect_rollout,2524,0,41,0.027555494074476883,False,False,0.0,0.0,0,0,0,0.0,0.0,0.0,0.0,0.027555494074476883,1,0.027555494074476883
,academy_3_vs_1_with_keeper,42,collect_rollout,2525,0,16,-0.009999999543651938,False,False,0.0,0.0,0,0,0,0.0,0.0,0.0,0.0,-0.009999999543651938,1,-0.009999999543651938
,academy_3_vs_1_with_keeper,42,collect_rollout,2526,0,126,-0.2032186029246077,False,False,0.0,0.0,0,0,0,0.0,0.0,0.0,0.0,-0.2032186029246077,1,-0.2032186029246077
,academy_3_vs_1_with_keeper,42,collect_rollout,2527,0,20,-0.003333333181217313,False,False,0.0,0.0,0,0,0,0.0,0.0,0.0,0.0,-0.003333333181217313,1,-0.003333333181217313
,academy_3_vs_1_with_keeper,42,collect_rollout,2528,0,20,-0.003333333181217313,False,False,0.0,0.0,0,0,0,0.0,0.0,0.0,0.0,-0.003333333181217313,1,-0.003333333181217313
,academy_3_vs_1_with_keeper,42,collect_rollout,2529,0,20,-0.006666666362434626,False,False,0.0,0.0,0,0,0,0.0,0.0,0.0,0.0,-0.006666666362434626,1,-0.006666666362434626
,academy_3_vs_1_with_keeper,42,collect_rollout,2530,0,14,-0.006666666362434626,False,False,0.0,0.0,0,0,0,0.0,0.0,0.0,0.0,-0.006666666362434626,1,-0.006666666362434626
,academy_3_vs_1_with_keeper,42,collect_rollout,2531,0,19,-0.003333333181217313,False,False,0.0,0.0,0,0,0,0.0,0.0,0.0,0.0,-0.003333333181217313,1,-0.003333333181217313
,academy_3_vs_1_with_keeper,42,collect_rollout,2532,0,17,-0.009999999543651938,False,False,0.0,0.0,0,0,0,0.0,0.0,0.0,0.0,-0.009999999543651938,1,-0.009999999543651938
,academy_3_vs_1_with_keeper,42,collect_rollout,2533,0,12,-0.0067373429192230105,False,False,0.0,0.0,0,0,0,0.0,0.0,0.0,0.0,-0.0067373429192230105,1,-0.0067373429192230105
,academy_3_vs_1_with_keeper,42,collect_rollout,2534,0,69,-0.12978951772674918,False,False,0.0,0.0,0,0,0,0.0,0.0,0.0,0.0,-0.12978951772674918,1,-0.12978951772674918
,academy_3_vs_1_with_keeper,42,collect_rollout,2535,0,19,0.0,False,False,0.0,0.0,0,0,0,0.0,0.0,0.0,0.0,0.0,1,0.0
,academy_3_vs_1_with_keeper,42,collect_rollout,2536,0,17,0.0,False,False,0.0,0.0,0,0,0,0.0,0.0,0.0,0.0,0.0,1,0.0
,academy_3_vs_1_with_keeper,42,collect_rollout,2537,0,24,-0.009999999543651938,False,False,0.0,0.0,0,0,0,0.0,0.0,0.0,0.0,-0.009999999543651938,1,-0.009999999543651938
,academy_3_vs_1_with_keeper,42,collect_rollout,2538,0,19,-0.003333333181217313,False,False,0.0,0.0,0,0,0,0.0,0.0,0.0,0.0,-0.003333333181217313,1,-0.003333333181217313
,academy_3_vs_1_with_keeper,42,collect_rollout,2539,0,35,-0.0016411245887866244,False,False,0.0,0.0,0,0,0,0.0,0.0,0.0,0.0,-0.0016411245887866244,1,-0.0016411245887866244
,academy_3_vs_1_with_keeper,42,collect_rollout,2540,0,75,-0.0018744315602816641,False,False,0.0,0.0,0,0,0,0.0,0.0,0.0,0.0,-0.0018744315602816641,1,-0.0018744315602816641
,academy_3_vs_1_with_keeper,42,collect_rollout,2541,0,17,0.0,False,False,0.0,0.0,0,0,0,0.0,0.0,0.0,0.0,0.0,1,0.0
,academy_3_vs_1_with_keeper,42,collect_rollout,2542,0,89,-0.08941315380434389,False,False,0.0,0.0,0,0,0,0.0,0.0,0.0,0.0,-0.08941315380434389,1,-0.08941315380434389
,academy_3_vs_1_with_keeper,42,collect_rollout,2543,0,20,-0.003333333181217313,False,False,0.0,0.0,0,0,0,0.0,0.0,0.0,0.0,-0.003333333181217313,1,-0.003333333181217313
,academy_3_vs_1_with_keeper,42,collect_rollout,2544,0,19,-0.003333333181217313,False,False,0.0,0.0,0,0,0,0.0,0.0,0.0,0.0,-0.003333333181217313,1,-0.003333333181217313
,academy_3_vs_1_with_keeper,42,collect_rollout,2545,0,18,-0.003333333181217313,False,False,0.0,0.0,0,0,0,0.0,0.0,0.0,0.0,-0.003333333181217313,1,-0.003333333181217313
,academy_3_vs_1_with_keeper,42,collect_rollout,2546,0,19,0.0,False,False,0.0,0.0,0,0,0,0.0,0.0,0.0,0.0,0.0,1,0.0
,academy_3_vs_1_with_keeper,42,collect_rollout,2547,0,17,-0.003333333181217313,False,False,0.0,0.0,0,0,0,0.0,0.0,0.0,0.0,-0.003333333181217313,1,-0.003333333181217313
,academy_3_vs_1_with_keeper,42,collect_rollout,2548,0,17,-0.003333333181217313,False,False,0.0,0.0,0,0,0,0.0,0.0,0.0,0.0,-0.003333333181217313,1,-0.003333333181217313
,academy_3_vs_1_with_keeper,42,collect_rollout,2549,0,21,-0.006666666362434626,False,False,0.0,0.0,0,0,0,0.0,0.0,0.0,0.0,-0.006666666362434626,1,-0.006666666362434626
,academy_3_vs_1_with_keeper,42,collect_rollout,2550,0,17,-0.003333333181217313,False,False,0.0,0.0,0,0,0,0.0,0.0,0.0,0.0,-0.003333333181217313,1,-0.003333333181217313
,academy_3_vs_1_with_keeper,42,collect_rollout,2551,0,21,-0.006666666362434626,False,False,0.0,0.0,0,0,0,0.0,0.0,0.0,0.0,-0.006666666362434626,1,-0.006666666362434626
,academy_3_vs_1_with_keeper,42,collect_rollout,2552,0,15,-0.013333332724869251,False,False,0.0,0.0,0,0,0,0.0,0.0,0.0,0.0,-0.013333332724869251,1,-0.013333332724869251
,academy_3_vs_1_with_keeper,42,collect_rollout,2553,0,18,-0.003333333181217313,False,False,0.0,0.0,0,0,0,0.0,0.0,0.0,0.0,-0.003333333181217313,1,-0.003333333181217313
,academy_3_vs_1_with_keeper,42,collect_rollout,2554,0,19,0.0,False,False,0.0,0.0,0,0,0,0.0,0.0,0.0,0.0,0.0,1,0.0
,academy_3_vs_1_with_keeper,42,collect_rollout,2555,0,90,0.050196026684716344,False,False,0.0,0.0,0,0,0,0.0,0.0,0.0,0.0,0.050196026684716344,1,0.050196026684716344
,academy_3_vs_1_with_keeper,42,collect_rollout,2556,0,19,0.0,False,False,0.0,0.0,0,0,0,0.0,0.0,0.0,0.0,0.0,1,0.0
,academy_3_vs_1_with_keeper,42,collect_rollout,2557,0,18,-0.003333333181217313,False,False,0.0,0.0,0,0,0,0.0,0.0,0.0,0.0,-0.003333333181217313,1,-0.003333333181217313
,academy_3_vs_1_with_keeper,42,collect_rollout,2558,0,17,-0.006666666362434626,False,False,0.0,0.0,0,0,0,0.0,0.0,0.0,0.0,-0.006666666362434626,1,-0.006666666362434626
,academy_3_vs_1_with_keeper,42,collect_rollout,2559,0,16,-0.003333333181217313,False,False,0.0,0.0,0,0,0,0.0,0.0,0.0,0.0,-0.003333333181217313,1,-0.003333333181217313
,academy_3_vs_1_with_keeper,42,collect_rollout,2560,0,14,-0.013333332724869251,False,False,0.0,0.0,0,0,0,0.0,0.0,0.0,0.0,-0.013333332724869251,1,-0.013333332724869251
,academy_3_vs_1_with_keeper,42,collect_rollout,2561,0,21,-0.009999999543651938,False,False,0.0,0.0,0,0,0,0.0,0.0,0.0,0.0,-0.009999999543651938,1,-0.009999999543651938
,academy_3_vs_1_with_keeper,42,collect_rollout,2562,0,155,-0.06390700663905591,False,False,0.0,0.0,0,0,0,0.0,0.0,0.0,0.0,-0.06390700663905591,1,-0.06390700663905591
,academy_3_vs_1_with_keeper,42,collect_rollout,2563,0,20,-0.003333333181217313,False,False,0.0,0.0,0,0,0,0.0,0.0,0.0,0.0,-0.003333333181217313,1,-0.003333333181217313
,academy_3_vs_1_with_keeper,42,collect_rollout,2564,0,17,-0.003333333181217313,False,False,0.0,0.0,0,0,0,0.0,0.0,0.0,0.0,-0.003333333181217313,1,-0.003333333181217313
,academy_3_vs_1_with_keeper,42,collect_rollout,2565,0,19,0.0,False,False,0.0,0.0,0,0,0,0.0,0.0,0.0,0.0,0.0,1,0.0
,academy_3_vs_1_with_keeper,42,collect_rollout,2566,0,20,0.0,False,False,0.0,0.0,0,0,0,0.0,0.0,0.0,0.0,0.0,1,0.0
,academy_3_vs_1_with_keeper,42,collect_rollout,2567,0,22,0.0,False,False,0.0,0.0,0,0,0,0.0,0.0,0.0,0.0,0.0,1,0.0
,academy_3_vs_1_with_keeper,42,collect_rollout,2568,0,14,-0.006666666362434626,False,False,0.0,0.0,0,0,0,0.0,0.0,0.0,0.0,-0.006666666362434626,1,-0.006666666362434626
,academy_3_vs_1_with_keeper,42,collect_rollout,2569,0,18,-0.003333333181217313,False,False,0.0,0.0,0,0,0,0.0,0.0,0.0,0.0,-0.003333333181217313,1,-0.003333333181217313
,academy_3_vs_1_with_keeper,42,collect_rollout,2570,0,50,0.04935980460140854,False,False,0.0,0.0,0,0,0,0.0,0.0,0.0,0.0,0.04935980460140854,1,0.04935980460140854
,academy_3_vs_1_with_keeper,42,collect_rollout,2571,0,14,0.0,False,False,0.0,0.0,0,0,0,0.0,0.0,0.0,0.0,0.0,1,0.0
,academy_3_vs_1_with_keeper,42,collect_rollout,2572,0,12,-0.11059327446855605,False,False,0.0,0.0,0,0,0,0.0,0.0,0.0,0.0,-0.11059327446855605,1,-0.11059327446855605
,academy_3_vs_1_with_keeper,42,collect_rollout,2573,0,95,-0.060282748308964074,False,False,0.0,0.0,0,0,0,0.0,0.0,0.0,0.0,-0.060282748308964074,1,-0.060282748308964074
,academy_3_vs_1_with_keeper,42,collect_rollout,2574,0,18,-0.003333333181217313,False,False,0.0,0.0,0,0,0,0.0,0.0,0.0,0.0,-0.003333333181217313,1,-0.003333333181217313
,academy_3_vs_1_with_keeper,42,collect_rollout,2575,0,21,0.0,False,False,0.0,0.0,0,0,0,0.0,0.0,0.0,0.0,0.0,1,0.0
,academy_3_vs_1_with_keeper,42,collect_rollout,2576,0,88,0.01733379252254963,False,False,0.0,0.0,0,0,0,0.0,0.0,0.0,0.0,0.01733379252254963,1,0.01733379252254963
,academy_3_vs_1_with_keeper,42,collect_rollout,2577,0,73,-0.009663500706665218,False,False,0.0,0.0,0,0,0,0.0,0.0,0.0,0.0,-0.009663500706665218,1,-0.009663500706665218
,academy_3_vs_1_with_keeper,42,collect_rollout,2578,0,89,-0.09689222008455545,False,False,0.0,0.0,0,0,0,0.0,0.0,0.0,0.0,-0.09689222008455545,1,-0.09689222008455545
,academy_3_vs_1_with_keeper,42,collect_rollout,2579,0,106,-0.3721612375229597,False,False,0.0,0.0,0,0,0,0.0,0.0,0.0,0.0,-0.3721612375229597,1,-0.3721612375229597
,academy_3_vs_1_with_keeper,42,collect_rollout,2580,0,99,-0.09611287119332701,False,False,0.0,0.0,0,0,0,0.0,0.0,0.0,0.0,-0.09611287119332701,1,-0.09611287119332701
,academy_3_vs_1_with_keeper,42,collect_rollout,2581,0,19,-0.006666666362434626,False,False,0.0,0.0,0,0,0,0.0,0.0,0.0,0.0,-0.006666666362434626,1,-0.006666666362434626
,academy_3_vs_1_with_keeper,42,collect_rollout,2582,0,17,-0.006666666362434626,False,False,0.0,0.0,0,0,0,0.0,0.0,0.0,0.0,-0.006666666362434626,1,-0.006666666362434626
,academy_3_vs_1_with_keeper,42,collect_rollout,2583,0,24,-0.006666666362434626,False,False,0.0,0.0,0,0,0,0.0,0.0,0.0,0.0,-0.006666666362434626,1,-0.006666666362434626
,academy_3_vs_1_with_keeper,42,collect_rollout,2584,0,23,-0.003333333181217313,False,False,0.0,0.0,0,0,0,0.0,0.0,0.0,0.0,-0.003333333181217313,1,-0.003333333181217313
,academy_3_vs_1_with_keeper,42,collect_rollout,2585,0,50,0.05789570324122906,False,False,0.0,0.0,0,0,0,0.0,0.0,0.0,0.0,0.05789570324122906,1,0.05789570324122906
,academy_3_vs_1_with_keeper,42,collect_rollout,2586,0,14,-0.003333333181217313,False,False,0.0,0.0,0,0,0,0.0,0.0,0.0,0.0,-0.003333333181217313,1,-0.003333333181217313
,academy_3_vs_1_with_keeper,42,collect_rollout,2587,0,20,-0.013333332724869251,False,False,0.0,0.0,0,0,0,0.0,0.0,0.0,0.0,-0.013333332724869251,1,-0.013333332724869251
,academy_3_vs_1_with_keeper,42,collect_rollout,2588,0,12,-0.028599809389561415,False,False,0.0,0.0,0,0,0,0.0,0.0,0.0,0.0,-0.028599809389561415,1,-0.028599809389561415
,academy_3_vs_1_with_keeper,42,collect_rollout,2589,0,18,0.0,False,False,0.0,0.0,0,0,0,0.0,0.0,0.0,0.0,0.0,1,0.0
,academy_3_vs_1_with_keeper,42,collect_rollout,2590,0,17,0.0,False,False,0.0,0.0,0,0,0,0.0,0.0,0.0,0.0,0.0,1,0.0
,academy_3_vs_1_with_keeper,42,collect_rollout,2591,0,20,-0.006666666362434626,False,False,0.0,0.0,0,0,0,0.0,0.0,0.0,0.0,-0.006666666362434626,1,-0.006666666362434626
,academy_3_vs_1_with_keeper,42,collect_rollout,2592,0,22,-0.006666666362434626,False,False,0.0,0.0,0,0,0,0.0,0.0,0.0,0.0,-0.006666666362434626,1,-0.006666666362434626
,academy_3_vs_1_with_keeper,42,collect_rollout,2593,0,43,0.03329826705157757,False,False,0.0,0.0,0,0,0,0.0,0.0,0.0,0.0,0.03329826705157757,1,0.03329826705157757
,academy_3_vs_1_with_keeper,42,collect_rollout,2594,0,20,-0.003333333181217313,False,False,0.0,0.0,0,0,0,0.0,0.0,0.0,0.0,-0.003333333181217313,1,-0.003333333181217313
,academy_3_vs_1_with_keeper,42,collect_rollout,2595,0,117,-0.14447246358031407,False,False,0.0,0.0,0,0,0,0.0,0.0,0.0,0.0,-0.14447246358031407,1,-0.14447246358031407
,academy_3_vs_1_with_keeper,42,collect_rollout,2596,0,16,-0.003333333181217313,False,False,0.0,0.0,0,0,0,0.0,0.0,0.0,0.0,-0.003333333181217313,1,-0.003333333181217313
,academy_3_vs_1_with_keeper,42,collect_rollout,2597,0,16,0.0,False,False,0.0,0.0,0,0,0,0.0,0.0,0.0,0.0,0.0,1,0.0
,academy_3_vs_1_with_keeper,42,collect_rollout,2598,0,23,-0.003333333181217313,False,False,0.0,0.0,0,0,0,0.0,0.0,0.0,0.0,-0.003333333181217313,1,-0.003333333181217313
,academy_3_vs_1_with_keeper,42,collect_rollout,2599,0,22,0.0,False,False,0.0,0.0,0,0,0,0.0,0.0,0.0,0.0,0.0,1,0.0
,academy_3_vs_1_with_keeper,42,collect_rollout,2600,0,21,0.0,False,False,0.0,0.0,0,0,0,0.0,0.0,0.0,0.0,0.0,1,0.0
,academy_3_vs_1_with_keeper,42,collect_rollout,2601,0,18,-0.003333333181217313,False,False,0.0,0.0,0,0,0,0.0,0.0,0.0,0.0,-0.003333333181217313,1,-0.003333333181217313
,academy_3_vs_1_with_keeper,42,collect_rollout,2602,0,90,0.09600809722905979,False,False,0.0,0.0,0,0,0,0.0,0.0,0.0,0.0,0.09600809722905979,1,0.09600809722905979
,academy_3_vs_1_with_keeper,42,collect_rollout,2603,0,18,0.0,False,False,0.0,0.0,0,0,0,0.0,0.0,0.0,0.0,0.0,1,0.0
,academy_3_vs_1_with_keeper,42,collect_rollout,2604,0,36,-0.052077649626880884,False,False,0.0,0.0,0,0,0,0.0,0.0,0.0,0.0,-0.052077649626880884,1,-0.052077649626880884
,academy_3_vs_1_with_keeper,42,collect_rollout,2605,0,165,1.3159603664535098,False,False,0.0,0.0,0,0,0,0.0,0.0,0.0,0.0,1.3159603664535098,1,1.3159603664535098
,academy_3_vs_1_with_keeper,42,collect_rollout,2606,0,21,-0.003333333181217313,False,False,0.0,0.0,0,0,0,0.0,0.0,0.0,0.0,-0.003333333181217313,1,-0.003333333181217313
,academy_3_vs_1_with_keeper,42,collect_rollout,2607,0,76,-0.05351312132552266,False,False,0.0,0.0,0,0,0,0.0,0.0,0.0,0.0,-0.05351312132552266,1,-0.05351312132552266
,academy_3_vs_1_with_keeper,42,collect_rollout,2608,0,16,-0.003333333181217313,False,False,0.0,0.0,0,0,0,0.0,0.0,0.0,0.0,-0.003333333181217313,1,-0.003333333181217313
,academy_3_vs_1_with_keeper,42,collect_rollout,2609,0,14,-0.005073835665825754,False,False,0.0,0.0,0,0,0,0.0,0.0,0.0,0.0,-0.005073835665825754,1,-0.005073835665825754
,academy_3_vs_1_with_keeper,42,collect_rollout,2610,0,18,0.0,False,False,0.0,0.0,0,0,0,0.0,0.0,0.0,0.0,0.0,1,0.0
,academy_3_vs_1_with_keeper,42,collect_rollout,2611,0,101,-0.11090878964751028,False,False,0.0,0.0,0,0,0,0.0,0.0,0.0,0.0,-0.11090878964751028,1,-0.11090878964751028
,academy_3_vs_1_with_keeper,42,collect_rollout,2612,0,20,0.0,False,False,0.0,0.0,0,0,0,0.0,0.0,0.0,0.0,0.0,1,0.0
,academy_3_vs_1_with_keeper,42,collect_rollout,2613,0,23,-0.006666666362434626,False,False,0.0,0.0,0,0,0,0.0,0.0,0.0,0.0,-0.006666666362434626,1,-0.006666666362434626
,academy_3_vs_1_with_keeper,42,collect_rollout,2614,0,15,-0.003333333181217313,False,False,0.0,0.0,0,0,0,0.0,0.0,0.0,0.0,-0.003333333181217313,1,-0.003333333181217313
,academy_3_vs_1_with_keeper,42,collect_rollout,2615,0,19,-0.013333332724869251,False,False,0.0,0.0,0,0,0,0.0,0.0,0.0,0.0,-0.013333332724869251,1,-0.013333332724869251
,academy_3_vs_1_with_keeper,42,collect_rollout,2616,0,18,-0.003333333181217313,False,False,0.0,0.0,0,0,0,0.0,0.0,0.0,0.0,-0.003333333181217313,1,-0.003333333181217313
,academy_3_vs_1_with_keeper,42,collect_rollout,2617,0,96,0.06588635698426515,False,False,0.0,0.0,0,0,0,0.0,0.0,0.0,0.0,0.06588635698426515,1,0.06588635698426515
,academy_3_vs_1_with_keeper,42,collect_rollout,2618,0,18,0.0,False,False,0.0,0.0,0,0,0,0.0,0.0,0.0,0.0,0.0,1,0.0
,academy_3_vs_1_with_keeper,42,collect_rollout,2619,0,88,0.043155649793334305,False,False,0.0,0.0,0,0,0,0.0,0.0,0.0,0.0,0.043155649793334305,1,0.043155649793334305
,academy_3_vs_1_with_keeper,42,collect_rollout,2620,0,37,0.04066603537648916,False,False,0.0,0.0,0,0,0,0.0,0.0,0.0,0.0,0.04066603537648916,1,0.04066603537648916
,academy_3_vs_1_with_keeper,42,collect_rollout,2621,0,19,-0.003333333181217313,False,False,0.0,0.0,0,0,0,0.0,0.0,0.0,0.0,-0.003333333181217313,1,-0.003333333181217313
,academy_3_vs_1_with_keeper,42,collect_rollout,2622,0,20,-0.003333333181217313,False,False,0.0,0.0,0,0,0,0.0,0.0,0.0,0.0,-0.003333333181217313,1,-0.003333333181217313
,academy_3_vs_1_with_keeper,42,collect_rollout,2623,0,91,-0.023220258386572823,False,False,0.0,0.0,0,0,0,0.0,0.0,0.0,0.0,-0.023220258386572823,1,-0.023220258386572823
,academy_3_vs_1_with_keeper,42,collect_rollout,2624,0,16,-0.013333332724869251,False,False,0.0,0.0,0,0,0,0.0,0.0,0.0,0.0,-0.013333332724869251,1,-0.013333332724869251
,academy_3_vs_1_with_keeper,42,collect_rollout,2625,0,14,-0.003333333181217313,False,False,0.0,0.0,0,0,0,0.0,0.0,0.0,0.0,-0.003333333181217313,1,-0.003333333181217313
,academy_3_vs_1_with_keeper,42,collect_rollout,2626,0,16,-0.013333332724869251,False,False,0.0,0.0,0,0,0,0.0,0.0,0.0,0.0,-0.013333332724869251,1,-0.013333332724869251
,academy_3_vs_1_with_keeper,42,collect_rollout,2627,0,94,-0.10738005279563367,False,False,0.0,0.0,0,0,0,0.0,0.0,0.0,0.0,-0.10738005279563367,1,-0.10738005279563367
,academy_3_vs_1_with_keeper,42,collect_rollout,2628,0,20,-0.006666666362434626,False,False,0.0,0.0,0,0,0,0.0,0.0,0.0,0.0,-0.006666666362434626,1,-0.006666666362434626
,academy_3_vs_1_with_keeper,42,collect_rollout,2629,0,17,-0.006666666362434626,False,False,0.0,0.0,0,0,0,0.0,0.0,0.0,0.0,-0.006666666362434626,1,-0.006666666362434626
,academy_3_vs_1_with_keeper,42,collect_rollout,2630,0,18,-0.009999999543651938,False,False,0.0,0.0,0,0,0,0.0,0.0,0.0,0.0,-0.009999999543651938,1,-0.009999999543651938
,academy_3_vs_1_with_keeper,42,collect_rollout,2631,0,36,0.07603391050361097,False,False,0.0,0.0,0,0,0,0.0,0.0,0.0,0.0,0.07603391050361097,1,0.07603391050361097
,academy_3_vs_1_with_keeper,42,collect_rollout,2632,0,17,0.0,False,False,0.0,0.0,0,0,0,0.0,0.0,0.0,0.0,0.0,1,0.0
,academy_3_vs_1_with_keeper,42,collect_rollout,2633,0,15,-0.018174446653574705,False,False,0.0,0.0,0,0,0,0.0,0.0,0.0,0.0,-0.018174446653574705,1,-0.018174446653574705
,academy_3_vs_1_with_keeper,42,collect_rollout,2634,0,15,-0.003333333181217313,False,False,0.0,0.0,0,0,0,0.0,0.0,0.0,0.0,-0.003333333181217313,1,-0.003333333181217313
,academy_3_vs_1_with_keeper,42,collect_rollout,2635,0,22,-0.003333333181217313,False,False,0.0,0.0,0,0,0,0.0,0.0,0.0,0.0,-0.003333333181217313,1,-0.003333333181217313
,academy_3_vs_1_with_keeper,42,collect_rollout,2636,0,44,-0.05250956327654421,False,False,0.0,0.0,0,0,0,0.0,0.0,0.0,0.0,-0.05250956327654421,1,-0.05250956327654421
,academy_3_vs_1_with_keeper,42,collect_rollout,2637,0,82,0.004578275955282152,False,False,0.0,0.0,0,0,0,0.0,0.0,0.0,0.0,0.004578275955282152,1,0.004578275955282152
,academy_3_vs_1_with_keeper,42,collect_rollout,2638,0,18,-0.006666666362434626,False,False,0.0,0.0,0,0,0,0.0,0.0,0.0,0.0,-0.006666666362434626,1,-0.006666666362434626
,academy_3_vs_1_with_keeper,42,collect_rollout,2639,0,33,-0.0960655213566497,False,False,0.0,0.0,0,0,0,0.0,0.0,0.0,0.0,-0.0960655213566497,1,-0.0960655213566497
,academy_3_vs_1_with_keeper,42,collect_rollout,2640,0,10,0.22743262525182217,False,False,0.0,0.0,0,0,0,0.0,0.0,0.0,0.0,0.22743262525182217,1,0.22743262525182217
,academy_3_vs_1_with_keeper,42,collect_rollout,2641,0,18,-0.02201934903860092,False,False,0.0,0.0,0,0,0,0.0,0.0,0.0,0.0,-0.02201934903860092,1,-0.02201934903860092
,academy_3_vs_1_with_keeper,42,collect_rollout,2642,0,18,-0.003333333181217313,False,False,0.0,0.0,0,0,0,0.0,0.0,0.0,0.0,-0.003333333181217313,1,-0.003333333181217313
,academy_3_vs_1_with_keeper,42,collect_rollout,2643,0,19,-0.006666666362434626,False,False,0.0,0.0,0,0,0,0.0,0.0,0.0,0.0,-0.006666666362434626,1,-0.006666666362434626
,academy_3_vs_1_with_keeper,42,collect_rollout,2644,0,17,-0.009999999543651938,False,False,0.0,0.0,0,0,0,0.0,0.0,0.0,0.0,-0.009999999543651938,1,-0.009999999543651938
,academy_3_vs_1_with_keeper,42,collect_rollout,2645,0,16,-0.006666666362434626,False,False,0.0,0.0,0,0,0,0.0,0.0,0.0,0.0,-0.006666666362434626,1,-0.006666666362434626
,academy_3_vs_1_with_keeper,42,collect_rollout,2646,0,20,0.0,False,False,0.0,0.0,0,0,0,0.0,0.0,0.0,0.0,0.0,1,0.0
,academy_3_vs_1_with_keeper,42,collect_rollout,2647,0,111,1.5028019913006574,False,False,0.0,0.0,0,0,0,0.0,0.0,0.0,0.0,1.5028019913006574,1,1.5028019913006574
,academy_3_vs_1_with_keeper,42,collect_rollout,2648,0,16,-0.006666666362434626,False,False,0.0,0.0,0,0,0,0.0,0.0,0.0,0.0,-0.006666666362434626,1,-0.006666666362434626
,academy_3_vs_1_with_keeper,42,collect_rollout,2649,0,18,-0.003333333181217313,False,False,0.0,0.0,0,0,0,0.0,0.0,0.0,0.0,-0.003333333181217313,1,-0.003333333181217313
,academy_3_vs_1_with_keeper,42,collect_rollout,2650,0,31,0.09606336036813445,False,False,0.0,0.0,0,0,0,0.0,0.0,0.0,0.0,0.09606336036813445,1,0.09606336036813445
,academy_3_vs_1_with_keeper,42,collect_rollout,2651,0,18,-0.009999999543651938,False,False,0.0,0.0,0,0,0,0.0,0.0,0.0,0.0,-0.009999999543651938,1,-0.009999999543651938
,academy_3_vs_1_with_keeper,42,collect_rollout,2652,0,92,0.017654977389611304,False,False,0.0,0.0,0,0,0,0.0,0.0,0.0,0.0,0.017654977389611304,1,0.017654977389611304
,academy_3_vs_1_with_keeper,42,collect_rollout,2653,0,18,-0.013333332724869251,False,False,0.0,0.0,0,0,0,0.0,0.0,0.0,0.0,-0.013333332724869251,1,-0.013333332724869251
,academy_3_vs_1_with_keeper,42,collect_rollout,2654,0,19,0.0,False,False,0.0,0.0,0,0,0,0.0,0.0,0.0,0.0,0.0,1,0.0
,academy_3_vs_1_with_keeper,42,collect_rollout,2655,0,24,0.0,False,False,0.0,0.0,0,0,0,0.0,0.0,0.0,0.0,0.0,1,0.0
,academy_3_vs_1_with_keeper,42,collect_rollout,2656,0,13,-0.003333333181217313,False,False,0.0,0.0,0,0,0,0.0,0.0,0.0,0.0,-0.003333333181217313,1,-0.003333333181217313
,academy_3_vs_1_with_keeper,42,collect_rollout,2657,0,134,-0.3395006517530419,False,False,0.0,0.0,0,0,0,0.0,0.0,0.0,0.0,-0.3395006517530419,1,-0.3395006517530419
,academy_3_vs_1_with_keeper,42,collect_rollout,2658,0,17,-0.003333333181217313,False,False,0.0,0.0,0,0,0,0.0,0.0,0.0,0.0,-0.003333333181217313,1,-0.003333333181217313
,academy_3_vs_1_with_keeper,42,collect_rollout,2659,0,109,-0.12505664804484695,False,False,0.0,0.0,0,0,0,0.0,0.0,0.0,0.0,-0.12505664804484695,1,-0.12505664804484695
,academy_3_vs_1_with_keeper,42,collect_rollout,2660,0,20,0.0,False,False,0.0,0.0,0,0,0,0.0,0.0,0.0,0.0,0.0,1,0.0
,academy_3_vs_1_with_keeper,42,collect_rollout,2661,0,20,-0.003333333181217313,False,False,0.0,0.0,0,0,0,0.0,0.0,0.0,0.0,-0.003333333181217313,1,-0.003333333181217313
,academy_3_vs_1_with_keeper,42,collect_rollout,2662,0,22,-0.003333333181217313,False,False,0.0,0.0,0,0,0,0.0,0.0,0.0,0.0,-0.003333333181217313,1,-0.003333333181217313
,academy_3_vs_1_with_keeper,42,collect_rollout,2663,0,23,-0.003333333181217313,False,False,0.0,0.0,0,0,0,0.0,0.0,0.0,0.0,-0.003333333181217313,1,-0.003333333181217313
,academy_3_vs_1_with_keeper,42,collect_rollout,2664,0,17,-0.03027412702795118,False,False,0.0,0.0,0,0,0,0.0,0.0,0.0,0.0,-0.03027412702795118,1,-0.03027412702795118
,academy_3_vs_1_with_keeper,42,collect_rollout,2665,0,50,-0.013987954589538276,False,False,0.0,0.0,0,0,0,0.0,0.0,0.0,0.0,-0.013987954589538276,1,-0.013987954589538276
,academy_3_vs_1_with_keeper,42,collect_rollout,2666,0,19,0.0,False,False,0.0,0.0,0,0,0,0.0,0.0,0.0,0.0,0.0,1,0.0
,academy_3_vs_1_with_keeper,42,collect_rollout,2667,0,45,0.06597666931338608,False,False,0.0,0.0,0,0,0,0.0,0.0,0.0,0.0,0.06597666931338608,1,0.06597666931338608
,academy_3_vs_1_with_keeper,42,collect_rollout,2668,0,16,-0.009999999543651938,False,False,0.0,0.0,0,0,0,0.0,0.0,0.0,0.0,-0.009999999543651938,1,-0.009999999543651938
,academy_3_vs_1_with_keeper,42,collect_rollout,2669,0,167,-0.8098584900144488,False,False,0.0,0.0,0,0,0,0.0,0.0,0.0,0.0,-0.8098584900144488,1,-0.8098584900144488
,academy_3_vs_1_with_keeper,42,collect_rollout,2670,0,21,-0.006666666362434626,False,False,0.0,0.0,0,0,0,0.0,0.0,0.0,0.0,-0.006666666362434626,1,-0.006666666362434626
,academy_3_vs_1_with_keeper,42,collect_rollout,2671,0,23,-0.013333332724869251,False,False,0.0,0.0,0,0,0,0.0,0.0,0.0,0.0,-0.013333332724869251,1,-0.013333332724869251
,academy_3_vs_1_with_keeper,42,collect_rollout,2672,0,20,-0.009999999543651938,False,False,0.0,0.0,0,0,0,0.0,0.0,0.0,0.0,-0.009999999543651938,1,-0.009999999543651938
,academy_3_vs_1_with_keeper,42,collect_rollout,2673,0,17,-0.003333333181217313,False,False,0.0,0.0,0,0,0,0.0,0.0,0.0,0.0,-0.003333333181217313,1,-0.003333333181217313
,academy_3_vs_1_with_keeper,42,collect_rollout,2674,0,22,-0.013333332724869251,False,False,0.0,0.0,0,0,0,0.0,0.0,0.0,0.0,-0.013333332724869251,1,-0.013333332724869251
,academy_3_vs_1_with_keeper,42,collect_rollout,2675,0,90,-0.08569265084224753,False,False,0.0,0.0,0,0,0,0.0,0.0,0.0,0.0,-0.08569265084224753,1,-0.08569265084224753
,academy_3_vs_1_with_keeper,42,collect_rollout,2676,0,19,-0.006666666362434626,False,False,0.0,0.0,0,0,0,0.0,0.0,0.0,0.0,-0.006666666362434626,1,-0.006666666362434626
,academy_3_vs_1_with_keeper,42,collect_rollout,2677,0,22,0.0,False,False,0.0,0.0,0,0,0,0.0,0.0,0.0,0.0,0.0,1,0.0
,academy_3_vs_1_with_keeper,42,collect_rollout,2678,0,20,-0.003333333181217313,False,False,0.0,0.0,0,0,0,0.0,0.0,0.0,0.0,-0.003333333181217313,1,-0.003333333181217313
,academy_3_vs_1_with_keeper,42,collect_rollout,2679,0,16,-0.003333333181217313,False,False,0.0,0.0,0,0,0,0.0,0.0,0.0,0.0,-0.003333333181217313,1,-0.003333333181217313
,academy_3_vs_1_with_keeper,42,collect_rollout,2680,0,40,0.08929936774075031,False,False,0.0,0.0,0,0,0,0.0,0.0,0.0,0.0,0.08929936774075031,1,0.08929936774075031
,academy_3_vs_1_with_keeper,42,collect_rollout,2681,0,21,-0.003333333181217313,False,False,0.0,0.0,0,0,0,0.0,0.0,0.0,0.0,-0.003333333181217313,1,-0.003333333181217313
,academy_3_vs_1_with_keeper,42,collect_rollout,2682,0,22,0.0,False,False,0.0,0.0,0,0,0,0.0,0.0,0.0,0.0,0.0,1,0.0
,academy_3_vs_1_with_keeper,42,collect_rollout,2683,0,18,-0.016666665906086564,False,False,0.0,0.0,0,0,0,0.0,0.0,0.0,0.0,-0.016666665906086564,1,-0.016666665906086564
,academy_3_vs_1_with_keeper,42,collect_rollout,2684,0,88,-0.03988125497562578,False,False,0.0,0.0,0,0,0,0.0,0.0,0.0,0.0,-0.03988125497562578,1,-0.03988125497562578
,academy_3_vs_1_with_keeper,42,collect_rollout,2685,0,7,0.020812233444303274,False,False,0.0,0.0,0,0,0,0.0,0.0,0.0,0.0,0.020812233444303274,1,0.020812233444303274
,academy_3_vs_1_with_keeper,42,collect_rollout,2686,0,15,0.0,False,False,0.0,0.0,0,0,0,0.0,0.0,0.0,0.0,0.0,1,0.0
,academy_3_vs_1_with_keeper,42,collect_rollout,2687,0,19,-0.013333332724869251,False,False,0.0,0.0,0,0,0,0.0,0.0,0.0,0.0,-0.013333332724869251,1,-0.013333332724869251
,academy_3_vs_1_with_keeper,42,collect_rollout,2688,0,40,0.022729582502506673,False,False,0.0,0.0,0,0,0,0.0,0.0,0.0,0.0,0.022729582502506673,1,0.022729582502506673
,academy_3_vs_1_with_keeper,42,collect_rollout,2689,0,20,0.0,False,False,0.0,0.0,0,0,0,0.0,0.0,0.0,0.0,0.0,1,0.0
,academy_3_vs_1_with_keeper,42,collect_rollout,2690,0,23,-0.006666666362434626,False,False,0.0,0.0,0,0,0,0.0,0.0,0.0,0.0,-0.006666666362434626,1,-0.006666666362434626
,academy_3_vs_1_with_keeper,42,collect_rollout,2691,0,81,1.7118445780361071,False,False,0.0,0.0,0,0,0,0.0,0.0,0.0,0.0,1.7118445780361071,1,1.7118445780361071
,academy_3_vs_1_with_keeper,42,collect_rollout,2692,0,22,-0.019999999087303877,False,False,0.0,0.0,0,0,0,0.0,0.0,0.0,0.0,-0.019999999087303877,1,-0.019999999087303877
,academy_3_vs_1_with_keeper,42,collect_rollout,2693,0,20,-0.003333333181217313,False,False,0.0,0.0,0,0,0,0.0,0.0,0.0,0.0,-0.003333333181217313,1,-0.003333333181217313
,academy_3_vs_1_with_keeper,42,collect_rollout,2694,0,13,-0.008347929222509265,False,False,0.0,0.0,0,0,0,0.0,0.0,0.0,0.0,-0.008347929222509265,1,-0.008347929222509265
,academy_3_vs_1_with_keeper,42,collect_rollout,2695,0,86,0.02841282240115106,False,False,0.0,0.0,0,0,0,0.0,0.0,0.0,0.0,0.02841282240115106,1,0.02841282240115106
,academy_3_vs_1_with_keeper,42,collect_rollout,2696,0,20,-0.019999999087303877,False,False,0.0,0.0,0,0,0,0.0,0.0,0.0,0.0,-0.019999999087303877,1,-0.019999999087303877
,academy_3_vs_1_with_keeper,42,collect_rollout,2697,0,24,-0.009999999543651938,False,False,0.0,0.0,0,0,0,0.0,0.0,0.0,0.0,-0.009999999543651938,1,-0.009999999543651938
,academy_3_vs_1_with_keeper,42,collect_rollout,2698,0,81,0.2547904134262353,False,False,0.0,0.0,0,0,0,0.0,0.0,0.0,0.0,0.2547904134262353,1,0.2547904134262353
,academy_3_vs_1_with_keeper,42,collect_rollout,2699,0,95,-0.38102767162490636,False,False,0.0,0.0,0,0,0,0.0,0.0,0.0,0.0,-0.38102767162490636,1,-0.38102767162490636
,academy_3_vs_1_with_keeper,42,collect_rollout,2700,0,21,0.0,False,False,0.0,0.0,0,0,0,0.0,0.0,0.0,0.0,0.0,1,0.0
,academy_3_vs_1_with_keeper,42,collect_rollout,2701,0,9,-0.008563808252802119,False,False,0.0,0.0,0,0,0,0.0,0.0,0.0,0.0,-0.008563808252802119,1,-0.008563808252802119
,academy_3_vs_1_with_keeper,42,collect_rollout,2702,0,19,0.0,False,False,0.0,0.0,0,0,0,0.0,0.0,0.0,0.0,0.0,1,0.0
,academy_3_vs_1_with_keeper,42,collect_rollout,2703,0,45,0.01765824988251552,False,False,0.0,0.0,0,0,0,0.0,0.0,0.0,0.0,0.01765824988251552,1,0.01765824988251552
,academy_3_vs_1_with_keeper,42,collect_rollout,2704,0,78,-0.016272410095552914,False,False,0.0,0.0,0,0,0,0.0,0.0,0.0,0.0,-0.016272410095552914,1,-0.016272410095552914
,academy_3_vs_1_with_keeper,42,collect_rollout,2705,0,19,-0.006666666362434626,False,False,0.0,0.0,0,0,0,0.0,0.0,0.0,0.0,-0.006666666362434626,1,-0.006666666362434626
,academy_3_vs_1_with_keeper,42,collect_rollout,2706,0,22,-0.016666665906086564,False,False,0.0,0.0,0,0,0,0.0,0.0,0.0,0.0,-0.016666665906086564,1,-0.016666665906086564
,academy_3_vs_1_with_keeper,42,collect_rollout,2707,0,21,-0.006666666362434626,False,False,0.0,0.0,0,0,0,0.0,0.0,0.0,0.0,-0.006666666362434626,1,-0.006666666362434626
,academy_3_vs_1_with_keeper,42,collect_rollout,2708,0,46,0.026117617351701483,False,False,0.0,0.0,0,0,0,0.0,0.0,0.0,0.0,0.026117617351701483,1,0.026117617351701483
,academy_3_vs_1_with_keeper,42,collect_rollout,2709,0,94,0.005101624265080318,False,False,0.0,0.0,0,0,0,0.0,0.0,0.0,0.0,0.005101624265080318,1,0.005101624265080318
,academy_3_vs_1_with_keeper,42,collect_rollout,2710,0,17,0.0,False,False,0.0,0.0,0,0,0,0.0,0.0,0.0,0.0,0.0,1,0.0
,academy_3_vs_1_with_keeper,42,collect_rollout,2711,0,15,-0.024718180648051202,False,False,0.0,0.0,0,0,0,0.0,0.0,0.0,0.0,-0.024718180648051202,1,-0.024718180648051202
,academy_3_vs_1_with_keeper,42,collect_rollout,2712,0,16,-0.003333333181217313,False,False,0.0,0.0,0,0,0,0.0,0.0,0.0,0.0,-0.003333333181217313,1,-0.003333333181217313
,academy_3_vs_1_with_keeper,42,collect_rollout,2713,0,19,-0.006666666362434626,False,False,0.0,0.0,0,0,0,0.0,0.0,0.0,0.0,-0.006666666362434626,1,-0.006666666362434626
,academy_3_vs_1_with_keeper,42,collect_rollout,2714,0,20,-0.003333333181217313,False,False,0.0,0.0,0,0,0,0.0,0.0,0.0,0.0,-0.003333333181217313,1,-0.003333333181217313
,academy_3_vs_1_with_keeper,42,collect_rollout,2715,0,43,0.04737166315317154,False,False,0.0,0.0,0,0,0,0.0,0.0,0.0,0.0,0.04737166315317154,1,0.04737166315317154
,academy_3_vs_1_with_keeper,42,collect_rollout,2716,0,37,-0.04333333461545408,False,False,0.0,0.0,0,0,0,0.0,0.0,0.0,0.0,-0.04333333461545408,1,-0.04333333461545408
,academy_3_vs_1_with_keeper,42,collect_rollout,2717,0,16,-0.003333333181217313,False,False,0.0,0.0,0,0,0,0.0,0.0,0.0,0.0,-0.003333333181217313,1,-0.003333333181217313
,academy_3_vs_1_with_keeper,42,collect_rollout,2718,0,94,-0.002163621538784355,False,False,0.0,0.0,0,0,0,0.0,0.0,0.0,0.0,-0.002163621538784355,1,-0.002163621538784355
,academy_3_vs_1_with_keeper,42,collect_rollout,2719,0,39,0.04676573153119534,False,False,0.0,0.0,0,0,0,0.0,0.0,0.0,0.0,0.04676573153119534,1,0.04676573153119534
,academy_3_vs_1_with_keeper,42,collect_rollout,2720,0,18,-0.013333332724869251,False,False,0.0,0.0,0,0,0,0.0,0.0,0.0,0.0,-0.013333332724869251,1,-0.013333332724869251
,academy_3_vs_1_with_keeper,42,collect_rollout,2721,0,11,0.0039884200086817145,False,False,0.0,0.0,0,0,0,0.0,0.0,0.0,0.0,0.0039884200086817145,1,0.0039884200086817145
,academy_3_vs_1_with_keeper,42,collect_rollout,2722,0,19,-0.006666666362434626,False,False,0.0,0.0,0,0,0,0.0,0.0,0.0,0.0,-0.006666666362434626,1,-0.006666666362434626
,academy_3_vs_1_with_keeper,42,collect_rollout,2723,0,67,-0.07291122479364276,False,False,0.0,0.0,0,0,0,0.0,0.0,0.0,0.0,-0.07291122479364276,1,-0.07291122479364276
,academy_3_vs_1_with_keeper,42,collect_rollout,2724,0,40,0.03530685021542013,False,False,0.0,0.0,0,0,0,0.0,0.0,0.0,0.0,0.03530685021542013,1,0.03530685021542013
,academy_3_vs_1_with_keeper,42,collect_rollout,2725,0,14,-0.006666666362434626,False,False,0.0,0.0,0,0,0,0.0,0.0,0.0,0.0,-0.006666666362434626,1,-0.006666666362434626
,academy_3_vs_1_with_keeper,42,collect_rollout,2726,0,17,-0.003333333181217313,False,False,0.0,0.0,0,0,0,0.0,0.0,0.0,0.0,-0.003333333181217313,1,-0.003333333181217313
,academy_3_vs_1_with_keeper,42,collect_rollout,2727,0,20,-0.003333333181217313,False,False,0.0,0.0,0,0,0,0.0,0.0,0.0,0.0,-0.003333333181217313,1,-0.003333333181217313
,academy_3_vs_1_with_keeper,42,collect_rollout,2728,0,38,0.02364267798839137,False,False,0.0,0.0,0,0,0,0.0,0.0,0.0,0.0,0.02364267798839137,1,0.02364267798839137
,academy_3_vs_1_with_keeper,42,collect_rollout,2729,0,17,-0.003333333181217313,False,False,0.0,0.0,0,0,0,0.0,0.0,0.0,0.0,-0.003333333181217313,1,-0.003333333181217313
,academy_3_vs_1_with_keeper,42,collect_rollout,2730,0,100,0.15851664205547422,False,False,0.0,0.0,0,0,0,0.0,0.0,0.0,0.0,0.15851664205547422,1,0.15851664205547422
,academy_3_vs_1_with_keeper,42,collect_rollout,2731,0,79,-0.010880972258746624,False,False,0.0,0.0,0,0,0,0.0,0.0,0.0,0.0,-0.010880972258746624,1,-0.010880972258746624
,academy_3_vs_1_with_keeper,42,collect_rollout,2732,0,48,0.03930604812921956,False,False,0.0,0.0,0,0,0,0.0,0.0,0.0,0.0,0.03930604812921956,1,0.03930604812921956
,academy_3_vs_1_with_keeper,42,collect_rollout,2733,0,20,0.0,False,False,0.0,0.0,0,0,0,0.0,0.0,0.0,0.0,0.0,1,0.0
,academy_3_vs_1_with_keeper,42,collect_rollout,2734,0,17,-0.003333333181217313,False,False,0.0,0.0,0,0,0,0.0,0.0,0.0,0.0,-0.003333333181217313,1,-0.003333333181217313
,academy_3_vs_1_with_keeper,42,collect_rollout,2735,0,20,-0.003333333181217313,False,False,0.0,0.0,0,0,0,0.0,0.0,0.0,0.0,-0.003333333181217313,1,-0.003333333181217313
,academy_3_vs_1_with_keeper,42,collect_rollout,2736,0,98,-0.08930018485989422,False,False,0.0,0.0,0,0,0,0.0,0.0,0.0,0.0,-0.08930018485989422,1,-0.08930018485989422
,academy_3_vs_1_with_keeper,42,collect_rollout,2737,0,15,0.0,False,False,0.0,0.0,0,0,0,0.0,0.0,0.0,0.0,0.0,1,0.0
,academy_3_vs_1_with_keeper,42,collect_rollout,2738,0,86,-0.05572151194792241,False,False,0.0,0.0,0,0,0,0.0,0.0,0.0,0.0,-0.05572151194792241,1,-0.05572151194792241
,academy_3_vs_1_with_keeper,42,collect_rollout,2739,0,17,-0.006666666362434626,False,False,0.0,0.0,0,0,0,0.0,0.0,0.0,0.0,-0.006666666362434626,1,-0.006666666362434626
,academy_3_vs_1_with_keeper,42,collect_rollout,2740,0,48,0.014052474638447165,False,False,0.0,0.0,0,0,0,0.0,0.0,0.0,0.0,0.014052474638447165,1,0.014052474638447165
,academy_3_vs_1_with_keeper,42,collect_rollout,2741,0,20,0.0,False,False,0.0,0.0,0,0,0,0.0,0.0,0.0,0.0,0.0,1,0.0
,academy_3_vs_1_with_keeper,42,collect_rollout,2742,0,79,-0.024919154675444588,False,False,0.0,0.0,0,0,0,0.0,0.0,0.0,0.0,-0.024919154675444588,1,-0.024919154675444588
,academy_3_vs_1_with_keeper,42,collect_rollout,2743,0,18,-0.003333333181217313,False,False,0.0,0.0,0,0,0,0.0,0.0,0.0,0.0,-0.003333333181217313,1,-0.003333333181217313
,academy_3_vs_1_with_keeper,42,collect_rollout,2744,0,16,0.0,False,False,0.0,0.0,0,0,0,0.0,0.0,0.0,0.0,0.0,1,0.0
,academy_3_vs_1_with_keeper,42,collect_rollout,2745,0,17,0.0,False,False,0.0,0.0,0,0,0,0.0,0.0,0.0,0.0,0.0,1,0.0
,academy_3_vs_1_with_keeper,42,collect_rollout,2746,0,18,-0.009999999543651938,False,False,0.0,0.0,0,0,0,0.0,0.0,0.0,0.0,-0.009999999543651938,1,-0.009999999543651938
,academy_3_vs_1_with_keeper,42,collect_rollout,2747,0,87,-0.06987125478917733,False,False,0.0,0.0,0,0,0,0.0,0.0,0.0,0.0,-0.06987125478917733,1,-0.06987125478917733
,academy_3_vs_1_with_keeper,42,collect_rollout,2748,0,18,-0.009999999543651938,False,False,0.0,0.0,0,0,0,0.0,0.0,0.0,0.0,-0.009999999543651938,1,-0.009999999543651938
,academy_3_vs_1_with_keeper,42,collect_rollout,2749,0,91,-0.1322733168490231,False,False,0.0,0.0,0,0,0,0.0,0.0,0.0,0.0,-0.1322733168490231,1,-0.1322733168490231
,academy_3_vs_1_with_keeper,42,collect_rollout,2750,0,48,0.030173723702318966,False,False,0.0,0.0,0,0,0,0.0,0.0,0.0,0.0,0.030173723702318966,1,0.030173723702318966
,academy_3_vs_1_with_keeper,42,collect_rollout,2751,0,20,-0.009999999543651938,False,False,0.0,0.0,0,0,0,0.0,0.0,0.0,0.0,-0.009999999543651938,1,-0.009999999543651938
,academy_3_vs_1_with_keeper,42,collect_rollout,2752,0,15,0.0,False,False,0.0,0.0,0,0,0,0.0,0.0,0.0,0.0,0.0,1,0.0
,academy_3_vs_1_with_keeper,42,collect_rollout,2753,0,83,0.01882866452797316,False,False,0.0,0.0,0,0,0,0.0,0.0,0.0,0.0,0.01882866452797316,1,0.01882866452797316
,academy_3_vs_1_with_keeper,42,collect_rollout,2754,0,24,-0.013333332724869251,False,False,0.0,0.0,0,0,0,0.0,0.0,0.0,0.0,-0.013333332724869251,1,-0.013333332724869251
,academy_3_vs_1_with_keeper,42,collect_rollout,2755,0,16,-0.009999999543651938,False,False,0.0,0.0,0,0,0,0.0,0.0,0.0,0.0,-0.009999999543651938,1,-0.009999999543651938
,academy_3_vs_1_with_keeper,42,collect_rollout,2756,0,19,-0.006666666362434626,False,False,0.0,0.0,0,0,0,0.0,0.0,0.0,0.0,-0.006666666362434626,1,-0.006666666362434626
,academy_3_vs_1_with_keeper,42,collect_rollout,2757,0,23,-0.009999999543651938,False,False,0.0,0.0,0,0,0,0.0,0.0,0.0,0.0,-0.009999999543651938,1,-0.009999999543651938
,academy_3_vs_1_with_keeper,42,collect_rollout,2758,0,32,2.0450984861236066,False,False,0.0,0.0,0,0,0,0.0,0.0,0.0,0.0,2.0450984861236066,1,2.0450984861236066
,academy_3_vs_1_with_keeper,42,collect_rollout,2759,0,98,-0.031363994581624866,False,False,0.0,0.0,0,0,0,0.0,0.0,0.0,0.0,-0.031363994581624866,1,-0.031363994581624866
,academy_3_vs_1_with_keeper,42,collect_rollout,2760,0,18,-0.006666666362434626,False,False,0.0,0.0,0,0,0,0.0,0.0,0.0,0.0,-0.006666666362434626,1,-0.006666666362434626
,academy_3_vs_1_with_keeper,42,collect_rollout,2761,0,22,-0.003333333181217313,False,False,0.0,0.0,0,0,0,0.0,0.0,0.0,0.0,-0.003333333181217313,1,-0.003333333181217313
,academy_3_vs_1_with_keeper,42,collect_rollout,2762,0,22,0.0,False,False,0.0,0.0,0,0,0,0.0,0.0,0.0,0.0,0.0,1,0.0
,academy_3_vs_1_with_keeper,42,collect_rollout,2763,0,40,0.26361498626647517,False,False,0.0,0.0,0,0,0,0.0,0.0,0.0,0.0,0.26361498626647517,1,0.26361498626647517
,academy_3_vs_1_with_keeper,42,collect_rollout,2764,0,82,0.25749370257835835,False,False,0.0,0.0,0,0,0,0.0,0.0,0.0,0.0,0.25749370257835835,1,0.25749370257835835
,academy_3_vs_1_with_keeper,42,collect_rollout,2765,0,17,0.0,False,False,0.0,0.0,0,0,0,0.0,0.0,0.0,0.0,0.0,1,0.0
,academy_3_vs_1_with_keeper,42,collect_rollout,2766,0,78,-0.12231615657219663,False,False,0.0,0.0,0,0,0,0.0,0.0,0.0,0.0,-0.12231615657219663,1,-0.12231615657219663
,academy_3_vs_1_with_keeper,42,collect_rollout,2767,0,8,0.012916005216538906,False,False,0.0,0.0,0,0,0,0.0,0.0,0.0,0.0,0.012916005216538906,1,0.012916005216538906
,academy_3_vs_1_with_keeper,42,collect_rollout,2768,0,19,-0.003333333181217313,False,False,0.0,0.0,0,0,0,0.0,0.0,0.0,0.0,-0.003333333181217313,1,-0.003333333181217313
,academy_3_vs_1_with_keeper,42,collect_rollout,2769,0,16,-0.006666666362434626,False,False,0.0,0.0,0,0,0,0.0,0.0,0.0,0.0,-0.006666666362434626,1,-0.006666666362434626
,academy_3_vs_1_with_keeper,42,collect_rollout,2770,0,89,0.03491945326095447,False,False,0.0,0.0,0,0,0,0.0,0.0,0.0,0.0,0.03491945326095447,1,0.03491945326095447
,academy_3_vs_1_with_keeper,42,collect_rollout,2771,0,20,0.0,False,False,0.0,0.0,0,0,0,0.0,0.0,0.0,0.0,0.0,1,0.0
,academy_3_vs_1_with_keeper,42,collect_rollout,2772,0,19,0.0,False,False,0.0,0.0,0,0,0,0.0,0.0,0.0,0.0,0.0,1,0.0
,academy_3_vs_1_with_keeper,42,collect_rollout,2773,0,16,0.0,False,False,0.0,0.0,0,0,0,0.0,0.0,0.0,0.0,0.0,1,0.0
,academy_3_vs_1_with_keeper,42,collect_rollout,2774,0,19,-0.006666666362434626,False,False,0.0,0.0,0,0,0,0.0,0.0,0.0,0.0,-0.006666666362434626,1,-0.006666666362434626
,academy_3_vs_1_with_keeper,42,collect_rollout,2775,0,22,0.0,False,False,0.0,0.0,0,0,0,0.0,0.0,0.0,0.0,0.0,1,0.0
,academy_3_vs_1_with_keeper,42,collect_rollout,2776,0,22,0.0,False,False,0.0,0.0,0,0,0,0.0,0.0,0.0,0.0,0.0,1,0.0
,academy_3_vs_1_with_keeper,42,collect_rollout,2777,0,84,0.2262158744269982,False,False,0.0,0.0,0,0,0,0.0,0.0,0.0,0.0,0.2262158744269982,1,0.2262158744269982
,academy_3_vs_1_with_keeper,42,collect_rollout,2778,0,19,-0.003333333181217313,False,False,0.0,0.0,0,0,0,0.0,0.0,0.0,0.0,-0.003333333181217313,1,-0.003333333181217313
,academy_3_vs_1_with_keeper,42,collect_rollout,2779,0,14,-0.003333333181217313,False,False,0.0,0.0,0,0,0,0.0,0.0,0.0,0.0,-0.003333333181217313,1,-0.003333333181217313
,academy_3_vs_1_with_keeper,42,collect_rollout,2780,0,17,-0.009999999543651938,False,False,0.0,0.0,0,0,0,0.0,0.0,0.0,0.0,-0.009999999543651938,1,-0.009999999543651938
,academy_3_vs_1_with_keeper,42,collect_rollout,2781,0,18,-0.003333333181217313,False,False,0.0,0.0,0,0,0,0.0,0.0,0.0,0.0,-0.003333333181217313,1,-0.003333333181217313
,academy_3_vs_1_with_keeper,42,collect_rollout,2782,0,21,-0.009999999543651938,False,False,0.0,0.0,0,0,0,0.0,0.0,0.0,0.0,-0.009999999543651938,1,-0.009999999543651938
,academy_3_vs_1_with_keeper,42,collect_rollout,2783,0,18,-0.03203027159906924,False,False,0.0,0.0,0,0,0,0.0,0.0,0.0,0.0,-0.03203027159906924,1,-0.03203027159906924
,academy_3_vs_1_with_keeper,42,collect_rollout,2784,0,19,0.0,False,False,0.0,0.0,0,0,0,0.0,0.0,0.0,0.0,0.0,1,0.0
,academy_3_vs_1_with_keeper,42,collect_rollout,2785,0,17,-0.003333333181217313,False,False,0.0,0.0,0,0,0,0.0,0.0,0.0,0.0,-0.003333333181217313,1,-0.003333333181217313
,academy_3_vs_1_with_keeper,42,collect_rollout,2786,0,94,-0.013515361119061708,False,False,0.0,0.0,0,0,0,0.0,0.0,0.0,0.0,-0.013515361119061708,1,-0.013515361119061708
,academy_3_vs_1_with_keeper,42,collect_rollout,2787,0,159,-0.8904968163697049,False,False,0.0,0.0,0,0,0,0.0,0.0,0.0,0.0,-0.8904968163697049,1,-0.8904968163697049
,academy_3_vs_1_with_keeper,42,collect_rollout,2788,0,19,-0.006666666362434626,False,False,0.0,0.0,0,0,0,0.0,0.0,0.0,0.0,-0.006666666362434626,1,-0.006666666362434626
,academy_3_vs_1_with_keeper,42,collect_rollout,2789,0,20,-0.009999999543651938,False,False,0.0,0.0,0,0,0,0.0,0.0,0.0,0.0,-0.009999999543651938,1,-0.009999999543651938
,academy_3_vs_1_with_keeper,42,collect_rollout,2790,0,198,1.5848089405335486,False,False,0.0,0.0,0,0,0,0.0,0.0,0.0,0.0,1.5848089405335486,1,1.5848089405335486
,academy_3_vs_1_with_keeper,42,collect_rollout,2791,0,13,0.0,False,False,0.0,0.0,0,0,0,0.0,0.0,0.0,0.0,0.0,1,0.0
,academy_3_vs_1_with_keeper,42,collect_rollout,2792,0,17,0.0,False,False,0.0,0.0,0,0,0,0.0,0.0,0.0,0.0,0.0,1,0.0
,academy_3_vs_1_with_keeper,42,collect_rollout,2793,0,39,0.04806974541861564,False,False,0.0,0.0,0,0,0,0.0,0.0,0.0,0.0,0.04806974541861564,1,0.04806974541861564
,academy_3_vs_1_with_keeper,42,collect_rollout,2794,0,17,-0.006666666362434626,False,False,0.0,0.0,0,0,0,0.0,0.0,0.0,0.0,-0.006666666362434626,1,-0.006666666362434626
,academy_3_vs_1_with_keeper,42,collect_rollout,2795,0,21,-0.016666665906086564,False,False,0.0,0.0,0,0,0,0.0,0.0,0.0,0.0,-0.016666665906086564,1,-0.016666665906086564
,academy_3_vs_1_with_keeper,42,collect_rollout,2796,0,16,0.0,False,False,0.0,0.0,0,0,0,0.0,0.0,0.0,0.0,0.0,1,0.0
,academy_3_vs_1_with_keeper,42,collect_rollout,2797,0,38,0.07545560086145997,False,False,0.0,0.0,0,0,0,0.0,0.0,0.0,0.0,0.07545560086145997,1,0.07545560086145997
,academy_3_vs_1_with_keeper,42,collect_rollout,2798,0,18,-0.003333333181217313,False,False,0.0,0.0,0,0,0,0.0,0.0,0.0,0.0,-0.003333333181217313,1,-0.003333333181217313
,academy_3_vs_1_with_keeper,42,collect_rollout,2799,0,84,0.23113777674734592,False,False,0.0,0.0,0,0,0,0.0,0.0,0.0,0.0,0.23113777674734592,1,0.23113777674734592
,academy_3_vs_1_with_keeper,42,collect_rollout,2800,0,20,-0.026666665449738503,False,False,0.0,0.0,0,0,0,0.0,0.0,0.0,0.0,-0.026666665449738503,1,-0.026666665449738503
,academy_3_vs_1_with_keeper,42,collect_rollout,2801,0,17,-0.009999999543651938,False,False,0.0,0.0,0,0,0,0.0,0.0,0.0,0.0,-0.009999999543651938,1,-0.009999999543651938
,academy_3_vs_1_with_keeper,42,collect_rollout,2802,0,17,-0.006666666362434626,False,False,0.0,0.0,0,0,0,0.0,0.0,0.0,0.0,-0.006666666362434626,1,-0.006666666362434626
,academy_3_vs_1_with_keeper,42,collect_rollout,2803,0,51,0.04561851278413087,False,False,0.0,0.0,0,0,0,0.0,0.0,0.0,0.0,0.04561851278413087,1,0.04561851278413087
,academy_3_vs_1_with_keeper,42,collect_rollout,2804,0,19,0.0,False,False,0.0,0.0,0,0,0,0.0,0.0,0.0,0.0,0.0,1,0.0
,academy_3_vs_1_with_keeper,42,collect_rollout,2805,0,17,-0.003333333181217313,False,False,0.0,0.0,0,0,0,0.0,0.0,0.0,0.0,-0.003333333181217313,1,-0.003333333181217313
,academy_3_vs_1_with_keeper,42,collect_rollout,2806,0,84,0.012766248313710093,False,False,0.0,0.0,0,0,0,0.0,0.0,0.0,0.0,0.012766248313710093,1,0.012766248313710093
,academy_3_vs_1_with_keeper,42,collect_rollout,2807,0,42,0.022290172326393076,False,False,0.0,0.0,0,0,0,0.0,0.0,0.0,0.0,0.022290172326393076,1,0.022290172326393076
,academy_3_vs_1_with_keeper,42,collect_rollout,2808,0,19,-0.009999999543651938,False,False,0.0,0.0,0,0,0,0.0,0.0,0.0,0.0,-0.009999999543651938,1,-0.009999999543651938
,academy_3_vs_1_with_keeper,42,collect_rollout,2809,0,14,0.0,False,False,0.0,0.0,0,0,0,0.0,0.0,0.0,0.0,0.0,1,0.0
,academy_3_vs_1_with_keeper,42,collect_rollout,2810,0,21,-0.003333333181217313,False,False,0.0,0.0,0,0,0,0.0,0.0,0.0,0.0,-0.003333333181217313,1,-0.003333333181217313
,academy_3_vs_1_with_keeper,42,collect_rollout,2811,0,17,-0.003333333181217313,False,False,0.0,0.0,0,0,0,0.0,0.0,0.0,0.0,-0.003333333181217313,1,-0.003333333181217313
,academy_3_vs_1_with_keeper,42,collect_rollout,2812,0,20,-0.009999999543651938,False,False,0.0,0.0,0,0,0,0.0,0.0,0.0,0.0,-0.009999999543651938,1,-0.009999999543651938
,academy_3_vs_1_with_keeper,42,collect_rollout,2813,0,14,-0.003333333181217313,False,False,0.0,0.0,0,0,0,0.0,0.0,0.0,0.0,-0.003333333181217313,1,-0.003333333181217313
,academy_3_vs_1_with_keeper,42,collect_rollout,2814,0,19,-0.013333332724869251,False,False,0.0,0.0,0,0,0,0.0,0.0,0.0,0.0,-0.013333332724869251,1,-0.013333332724869251
,academy_3_vs_1_with_keeper,42,collect_rollout,2815,0,17,-0.009999999543651938,False,False,0.0,0.0,0,0,0,0.0,0.0,0.0,0.0,-0.009999999543651938,1,-0.009999999543651938
,academy_3_vs_1_with_keeper,42,collect_rollout,2816,0,81,0.0865880207857117,False,False,0.0,0.0,0,0,0,0.0,0.0,0.0,0.0,0.0865880207857117,1,0.0865880207857117
,academy_3_vs_1_with_keeper,42,collect_rollout,2817,0,20,0.0,False,False,0.0,0.0,0,0,0,0.0,0.0,0.0,0.0,0.0,1,0.0
,academy_3_vs_1_with_keeper,42,collect_rollout,2818,0,17,-0.006666666362434626,False,False,0.0,0.0,0,0,0,0.0,0.0,0.0,0.0,-0.006666666362434626,1,-0.006666666362434626
,academy_3_vs_1_with_keeper,42,collect_rollout,2819,0,17,0.0,False,False,0.0,0.0,0,0,0,0.0,0.0,0.0,0.0,0.0,1,0.0
,academy_3_vs_1_with_keeper,42,collect_rollout,2820,0,20,-0.009999999543651938,False,False,0.0,0.0,0,0,0,0.0,0.0,0.0,0.0,-0.009999999543651938,1,-0.009999999543651938
,academy_3_vs_1_with_keeper,42,collect_rollout,2821,0,19,-0.016666665906086564,False,False,0.0,0.0,0,0,0,0.0,0.0,0.0,0.0,-0.016666665906086564,1,-0.016666665906086564
,academy_3_vs_1_with_keeper,42,collect_rollout,2822,0,64,-0.21599889372009784,False,False,0.0,0.0,0,0,0,0.0,0.0,0.0,0.0,-0.21599889372009784,1,-0.21599889372009784
,academy_3_vs_1_with_keeper,42,collect_rollout,2823,0,18,-0.019999999087303877,False,False,0.0,0.0,0,0,0,0.0,0.0,0.0,0.0,-0.019999999087303877,1,-0.019999999087303877
,academy_3_vs_1_with_keeper,42,collect_rollout,2824,0,15,-0.006666666362434626,False,False,0.0,0.0,0,0,0,0.0,0.0,0.0,0.0,-0.006666666362434626,1,-0.006666666362434626
,academy_3_vs_1_with_keeper,42,collect_rollout,2825,0,84,0.036573325050994754,False,False,0.0,0.0,0,0,0,0.0,0.0,0.0,0.0,0.036573325050994754,1,0.036573325050994754
,academy_3_vs_1_with_keeper,42,collect_rollout,2826,0,18,-0.006666666362434626,False,False,0.0,0.0,0,0,0,0.0,0.0,0.0,0.0,-0.006666666362434626,1,-0.006666666362434626
,academy_3_vs_1_with_keeper,42,collect_rollout,2827,0,25,2.032639401499182,False,False,0.0,0.0,0,0,0,0.0,0.0,0.0,0.0,2.032639401499182,1,2.032639401499182
,academy_3_vs_1_with_keeper,42,collect_rollout,2828,0,41,0.05495525512378663,False,False,0.0,0.0,0,0,0,0.0,0.0,0.0,0.0,0.05495525512378663,1,0.05495525512378663
,academy_3_vs_1_with_keeper,42,collect_rollout,2829,0,23,-0.016666665906086564,False,False,0.0,0.0,0,0,0,0.0,0.0,0.0,0.0,-0.016666665906086564,1,-0.016666665906086564
,academy_3_vs_1_with_keeper,42,collect_rollout,2830,0,19,-0.013333332724869251,False,False,0.0,0.0,0,0,0,0.0,0.0,0.0,0.0,-0.013333332724869251,1,-0.013333332724869251
,academy_3_vs_1_with_keeper,42,collect_rollout,2831,0,19,-0.003333333181217313,False,False,0.0,0.0,0,0,0,0.0,0.0,0.0,0.0,-0.003333333181217313,1,-0.003333333181217313
,academy_3_vs_1_with_keeper,42,collect_rollout,2832,0,16,-0.003333333181217313,False,False,0.0,0.0,0,0,0,0.0,0.0,0.0,0.0,-0.003333333181217313,1,-0.003333333181217313
,academy_3_vs_1_with_keeper,42,collect_rollout,2833,0,80,-0.0017726487712934613,False,False,0.0,0.0,0,0,0,0.0,0.0,0.0,0.0,-0.0017726487712934613,1,-0.0017726487712934613
,academy_3_vs_1_with_keeper,42,collect_rollout,2834,0,17,-0.013333332724869251,False,False,0.0,0.0,0,0,0,0.0,0.0,0.0,0.0,-0.013333332724869251,1,-0.013333332724869251
,academy_3_vs_1_with_keeper,42,collect_rollout,2835,0,22,-0.016666665906086564,False,False,0.0,0.0,0,0,0,0.0,0.0,0.0,0.0,-0.016666665906086564,1,-0.016666665906086564
,academy_3_vs_1_with_keeper,42,collect_rollout,2836,0,22,0.0,False,False,0.0,0.0,0,0,0,0.0,0.0,0.0,0.0,0.0,1,0.0
,academy_3_vs_1_with_keeper,42,collect_rollout,2837,0,35,0.03472790955856908,False,False,0.0,0.0,0,0,0,0.0,0.0,0.0,0.0,0.03472790955856908,1,0.03472790955856908
,academy_3_vs_1_with_keeper,42,collect_rollout,2838,0,18,-0.006666666362434626,False,False,0.0,0.0,0,0,0,0.0,0.0,0.0,0.0,-0.006666666362434626,1,-0.006666666362434626
,academy_3_vs_1_with_keeper,42,collect_rollout,2839,0,18,0.0,False,False,0.0,0.0,0,0,0,0.0,0.0,0.0,0.0,0.0,1,0.0
,academy_3_vs_1_with_keeper,42,collect_rollout,2840,0,43,0.03708524734247476,False,False,0.0,0.0,0,0,0,0.0,0.0,0.0,0.0,0.03708524734247476,1,0.03708524734247476
,academy_3_vs_1_with_keeper,42,collect_rollout,2841,0,127,2.4852452643681318,False,False,0.0,0.0,0,0,0,0.0,0.0,0.0,0.0,2.4852452643681318,1,2.4852452643681318
,academy_3_vs_1_with_keeper,42,collect_rollout,2842,0,22,-0.009999999543651938,False,False,0.0,0.0,0,0,0,0.0,0.0,0.0,0.0,-0.009999999543651938,1,-0.009999999543651938
,academy_3_vs_1_with_keeper,42,collect_rollout,2843,0,33,0.08324873866513371,False,False,0.0,0.0,0,0,0,0.0,0.0,0.0,0.0,0.08324873866513371,1,0.08324873866513371
,academy_3_vs_1_with_keeper,42,collect_rollout,2844,0,83,0.015549408155493438,False,False,0.0,0.0,0,0,0,0.0,0.0,0.0,0.0,0.015549408155493438,1,0.015549408155493438
,academy_3_vs_1_with_keeper,42,collect_rollout,2845,0,20,-0.006666666362434626,False,False,0.0,0.0,0,0,0,0.0,0.0,0.0,0.0,-0.006666666362434626,1,-0.006666666362434626
,academy_3_vs_1_with_keeper,42,collect_rollout,2846,0,21,-0.006666666362434626,False,False,0.0,0.0,0,0,0,0.0,0.0,0.0,0.0,-0.006666666362434626,1,-0.006666666362434626
,academy_3_vs_1_with_keeper,42,collect_rollout,2847,0,16,-0.003333333181217313,False,False,0.0,0.0,0,0,0,0.0,0.0,0.0,0.0,-0.003333333181217313,1,-0.003333333181217313
,academy_3_vs_1_with_keeper,42,collect_rollout,2848,0,26,0.08345755911432207,False,False,0.0,0.0,0,0,0,0.0,0.0,0.0,0.0,0.08345755911432207,1,0.08345755911432207
,academy_3_vs_1_with_keeper,42,collect_rollout,2849,0,17,-0.003333333181217313,False,False,0.0,0.0,0,0,0,0.0,0.0,0.0,0.0,-0.003333333181217313,1,-0.003333333181217313
,academy_3_vs_1_with_keeper,42,collect_rollout,2850,0,20,-0.003333333181217313,False,False,0.0,0.0,0,0,0,0.0,0.0,0.0,0.0,-0.003333333181217313,1,-0.003333333181217313
,academy_3_vs_1_with_keeper,42,collect_rollout,2851,0,19,0.0,False,False,0.0,0.0,0,0,0,0.0,0.0,0.0,0.0,0.0,1,0.0
,academy_3_vs_1_with_keeper,42,collect_rollout,2852,0,22,-0.009999999543651938,False,False,0.0,0.0,0,0,0,0.0,0.0,0.0,0.0,-0.009999999543651938,1,-0.009999999543651938
,academy_3_vs_1_with_keeper,42,collect_rollout,2853,0,23,-0.009999999543651938,False,False,0.0,0.0,0,0,0,0.0,0.0,0.0,0.0,-0.009999999543651938,1,-0.009999999543651938
,academy_3_vs_1_with_keeper,42,collect_rollout,2854,0,23,-0.02333333226852119,False,False,0.0,0.0,0,0,0,0.0,0.0,0.0,0.0,-0.02333333226852119,1,-0.02333333226852119
,academy_3_vs_1_with_keeper,42,collect_rollout,2855,0,16,-0.003333333181217313,False,False,0.0,0.0,0,0,0,0.0,0.0,0.0,0.0,-0.003333333181217313,1,-0.003333333181217313
,academy_3_vs_1_with_keeper,42,collect_rollout,2856,0,29,0.09350907383486629,False,False,0.0,0.0,0,0,0,0.0,0.0,0.0,0.0,0.09350907383486629,1,0.09350907383486629
,academy_3_vs_1_with_keeper,42,collect_rollout,2857,0,20,-0.006666666362434626,False,False,0.0,0.0,0,0,0,0.0,0.0,0.0,0.0,-0.006666666362434626,1,-0.006666666362434626
,academy_3_vs_1_with_keeper,42,collect_rollout,2858,0,18,0.0,False,False,0.0,0.0,0,0,0,0.0,0.0,0.0,0.0,0.0,1,0.0
,academy_3_vs_1_with_keeper,42,collect_rollout,2859,0,41,0.05454774899408221,False,False,0.0,0.0,0,0,0,0.0,0.0,0.0,0.0,0.05454774899408221,1,0.05454774899408221
,academy_3_vs_1_with_keeper,42,collect_rollout,2860,0,20,-0.003333333181217313,False,False,0.0,0.0,0,0,0,0.0,0.0,0.0,0.0,-0.003333333181217313,1,-0.003333333181217313
,academy_3_vs_1_with_keeper,42,collect_rollout,2861,0,16,-0.006666666362434626,False,False,0.0,0.0,0,0,0,0.0,0.0,0.0,0.0,-0.006666666362434626,1,-0.006666666362434626
,academy_3_vs_1_with_keeper,42,collect_rollout,2862,0,20,-0.006666666362434626,False,False,0.0,0.0,0,0,0,0.0,0.0,0.0,0.0,-0.006666666362434626,1,-0.006666666362434626
,academy_3_vs_1_with_keeper,42,collect_rollout,2863,0,15,-0.009999999543651938,False,False,0.0,0.0,0,0,0,0.0,0.0,0.0,0.0,-0.009999999543651938,1,-0.009999999543651938
,academy_3_vs_1_with_keeper,42,collect_rollout,2864,0,23,-0.006666666362434626,False,False,0.0,0.0,0,0,0,0.0,0.0,0.0,0.0,-0.006666666362434626,1,-0.006666666362434626
,academy_3_vs_1_with_keeper,42,collect_rollout,2865,0,23,-0.009999999543651938,False,False,0.0,0.0,0,0,0,0.0,0.0,0.0,0.0,-0.009999999543651938,1,-0.009999999543651938
,academy_3_vs_1_with_keeper,42,collect_rollout,2866,0,104,1.3928251425095368,False,False,0.0,0.0,0,0,0,0.0,0.0,0.0,0.0,1.3928251425095368,1,1.3928251425095368
,academy_3_vs_1_with_keeper,42,collect_rollout,2867,0,821,-0.44416851697314996,False,False,0.0,0.0,0,0,0,0.0,0.0,0.0,0.0,-0.44416851697314996,1,-0.44416851697314996
,academy_3_vs_1_with_keeper,42,collect_rollout,2868,0,11,-0.018374690203927457,False,False,0.0,0.0,0,0,0,0.0,0.0,0.0,0.0,-0.018374690203927457,1,-0.018374690203927457
,academy_3_vs_1_with_keeper,42,collect_rollout,2869,0,16,-0.018576760397991166,False,False,0.0,0.0,0,0,0,0.0,0.0,0.0,0.0,-0.018576760397991166,1,-0.018576760397991166
,academy_3_vs_1_with_keeper,42,collect_rollout,2870,0,46,0.026062069227918983,False,False,0.0,0.0,0,0,0,0.0,0.0,0.0,0.0,0.026062069227918983,1,0.026062069227918983
,academy_3_vs_1_with_keeper,42,collect_rollout,2871,0,11,-0.004833889193832874,False,False,0.0,0.0,0,0,0,0.0,0.0,0.0,0.0,-0.004833889193832874,1,-0.004833889193832874
,academy_3_vs_1_with_keeper,42,collect_rollout,2872,0,81,0.01280760602094233,False,False,0.0,0.0,0,0,0,0.0,0.0,0.0,0.0,0.01280760602094233,1,0.01280760602094233
,academy_3_vs_1_with_keeper,42,collect_rollout,2873,0,19,-0.006666666362434626,False,False,0.0,0.0,0,0,0,0.0,0.0,0.0,0.0,-0.006666666362434626,1,-0.006666666362434626
,academy_3_vs_1_with_keeper,42,collect_rollout,2874,0,21,-0.013333332724869251,False,False,0.0,0.0,0,0,0,0.0,0.0,0.0,0.0,-0.013333332724869251,1,-0.013333332724869251
,academy_3_vs_1_with_keeper,42,collect_rollout,2875,0,31,0.0209718719124794,False,False,0.0,0.0,0,0,0,0.0,0.0,0.0,0.0,0.0209718719124794,1,0.0209718719124794
,academy_3_vs_1_with_keeper,42,collect_rollout,2876,0,21,-0.003333333181217313,False,False,0.0,0.0,0,0,0,0.0,0.0,0.0,0.0,-0.003333333181217313,1,-0.003333333181217313
,academy_3_vs_1_with_keeper,42,collect_rollout,2877,0,17,0.0,False,False,0.0,0.0,0,0,0,0.0,0.0,0.0,0.0,0.0,1,0.0
,academy_3_vs_1_with_keeper,42,collect_rollout,2878,0,20,-0.006666666362434626,False,False,0.0,0.0,0,0,0,0.0,0.0,0.0,0.0,-0.006666666362434626,1,-0.006666666362434626
,academy_3_vs_1_with_keeper,42,collect_rollout,2879,0,18,-0.013333332724869251,False,False,0.0,0.0,0,0,0,0.0,0.0,0.0,0.0,-0.013333332724869251,1,-0.013333332724869251
,academy_3_vs_1_with_keeper,42,collect_rollout,2880,0,19,-0.009999999543651938,False,False,0.0,0.0,0,0,0,0.0,0.0,0.0,0.0,-0.009999999543651938,1,-0.009999999543651938
,academy_3_vs_1_with_keeper,42,collect_rollout,2881,0,18,-0.006666666362434626,False,False,0.0,0.0,0,0,0,0.0,0.0,0.0,0.0,-0.006666666362434626,1,-0.006666666362434626
,academy_3_vs_1_with_keeper,42,collect_rollout,2882,0,96,0.03071996266953647,False,False,0.0,0.0,0,0,0,0.0,0.0,0.0,0.0,0.03071996266953647,1,0.03071996266953647
,academy_3_vs_1_with_keeper,42,collect_rollout,2883,0,20,-0.006666666362434626,False,False,0.0,0.0,0,0,0,0.0,0.0,0.0,0.0,-0.006666666362434626,1,-0.006666666362434626
,academy_3_vs_1_with_keeper,42,collect_rollout,2884,0,20,0.0,False,False,0.0,0.0,0,0,0,0.0,0.0,0.0,0.0,0.0,1,0.0
,academy_3_vs_1_with_keeper,42,collect_rollout,2885,0,20,0.0,False,False,0.0,0.0,0,0,0,0.0,0.0,0.0,0.0,0.0,1,0.0
,academy_3_vs_1_with_keeper,42,collect_rollout,2886,0,21,-0.003333333181217313,False,False,0.0,0.0,0,0,0,0.0,0.0,0.0,0.0,-0.003333333181217313,1,-0.003333333181217313
,academy_3_vs_1_with_keeper,42,collect_rollout,2887,0,21,-0.003333333181217313,False,False,0.0,0.0,0,0,0,0.0,0.0,0.0,0.0,-0.003333333181217313,1,-0.003333333181217313
,academy_3_vs_1_with_keeper,42,collect_rollout,2888,0,40,-0.01609141315566376,False,False,0.0,0.0,0,0,0,0.0,0.0,0.0,0.0,-0.01609141315566376,1,-0.01609141315566376
,academy_3_vs_1_with_keeper,42,collect_rollout,2889,0,14,-0.006666666362434626,False,False,0.0,0.0,0,0,0,0.0,0.0,0.0,0.0,-0.006666666362434626,1,-0.006666666362434626
,academy_3_vs_1_with_keeper,42,collect_rollout,2890,0,8,-0.00023358152247965336,False,False,0.0,0.0,0,0,0,0.0,0.0,0.0,0.0,-0.00023358152247965336,1,-0.00023358152247965336
,academy_3_vs_1_with_keeper,42,collect_rollout,2891,0,20,-0.003333333181217313,False,False,0.0,0.0,0,0,0,0.0,0.0,0.0,0.0,-0.003333333181217313,1,-0.003333333181217313
,academy_3_vs_1_with_keeper,42,collect_rollout,2892,0,84,0.03208625823026523,False,False,0.0,0.0,0,0,0,0.0,0.0,0.0,0.0,0.03208625823026523,1,0.03208625823026523
,academy_3_vs_1_with_keeper,42,collect_rollout,2893,0,16,0.0,False,False,0.0,0.0,0,0,0,0.0,0.0,0.0,0.0,0.0,1,0.0
,academy_3_vs_1_with_keeper,42,collect_rollout,2894,0,20,-0.006666666362434626,False,False,0.0,0.0,0,0,0,0.0,0.0,0.0,0.0,-0.006666666362434626,1,-0.006666666362434626
,academy_3_vs_1_with_keeper,42,collect_rollout,2895,0,16,-0.003333333181217313,False,False,0.0,0.0,0,0,0,0.0,0.0,0.0,0.0,-0.003333333181217313,1,-0.003333333181217313
,academy_3_vs_1_with_keeper,42,collect_rollout,2896,0,14,0.0,False,False,0.0,0.0,0,0,0,0.0,0.0,0.0,0.0,0.0,1,0.0
,academy_3_vs_1_with_keeper,42,collect_rollout,2897,0,85,0.05293881375109777,False,False,0.0,0.0,0,0,0,0.0,0.0,0.0,0.0,0.05293881375109777,1,0.05293881375109777
,academy_3_vs_1_with_keeper,42,collect_rollout,2898,0,90,0.03168721543624997,False,False,0.0,0.0,0,0,0,0.0,0.0,0.0,0.0,0.03168721543624997,1,0.03168721543624997
,academy_3_vs_1_with_keeper,42,collect_rollout,2899,0,11,-0.019965533167123795,False,False,0.0,0.0,0,0,0,0.0,0.0,0.0,0.0,-0.019965533167123795,1,-0.019965533167123795
,academy_3_vs_1_with_keeper,42,collect_rollout,2900,0,20,0.0,False,False,0.0,0.0,0,0,0,0.0,0.0,0.0,0.0,0.0,1,0.0
,academy_3_vs_1_with_keeper,42,collect_rollout,2901,0,18,-0.003333333181217313,False,False,0.0,0.0,0,0,0,0.0,0.0,0.0,0.0,-0.003333333181217313,1,-0.003333333181217313
,academy_3_vs_1_with_keeper,42,collect_rollout,2902,0,15,0.0,False,False,0.0,0.0,0,0,0,0.0,0.0,0.0,0.0,0.0,1,0.0
,academy_3_vs_1_with_keeper,42,collect_rollout,2903,0,81,0.057398492615902796,False,False,0.0,0.0,0,0,0,0.0,0.0,0.0,0.0,0.057398492615902796,1,0.057398492615902796
,academy_3_vs_1_with_keeper,42,collect_rollout,2904,0,46,0.060710451973136514,False,False,0.0,0.0,0,0,0,0.0,0.0,0.0,0.0,0.060710451973136514,1,0.060710451973136514
,academy_3_vs_1_with_keeper,42,collect_rollout,2905,0,20,-0.006666666362434626,False,False,0.0,0.0,0,0,0,0.0,0.0,0.0,0.0,-0.006666666362434626,1,-0.006666666362434626
,academy_3_vs_1_with_keeper,42,collect_rollout,2906,0,22,-0.009999999543651938,False,False,0.0,0.0,0,0,0,0.0,0.0,0.0,0.0,-0.009999999543651938,1,-0.009999999543651938
,academy_3_vs_1_with_keeper,42,collect_rollout,2907,0,21,-0.006666666362434626,False,False,0.0,0.0,0,0,0,0.0,0.0,0.0,0.0,-0.006666666362434626,1,-0.006666666362434626
,academy_3_vs_1_with_keeper,42,collect_rollout,2908,0,20,-0.006666666362434626,False,False,0.0,0.0,0,0,0,0.0,0.0,0.0,0.0,-0.006666666362434626,1,-0.006666666362434626
,academy_3_vs_1_with_keeper,42,collect_rollout,2909,0,78,0.21939915189614112,False,False,0.0,0.0,0,0,0,0.0,0.0,0.0,0.0,0.21939915189614112,1,0.21939915189614112
,academy_3_vs_1_with_keeper,42,collect_rollout,2910,0,19,-0.003333333181217313,False,False,0.0,0.0,0,0,0,0.0,0.0,0.0,0.0,-0.003333333181217313,1,-0.003333333181217313
,academy_3_vs_1_with_keeper,42,collect_rollout,2911,0,47,0.09103084122762084,False,False,0.0,0.0,0,0,0,0.0,0.0,0.0,0.0,0.09103084122762084,1,0.09103084122762084
,academy_3_vs_1_with_keeper,42,collect_rollout,2912,0,19,0.0,False,False,0.0,0.0,0,0,0,0.0,0.0,0.0,0.0,0.0,1,0.0
,academy_3_vs_1_with_keeper,42,collect_rollout,2913,0,16,0.0,False,False,0.0,0.0,0,0,0,0.0,0.0,0.0,0.0,0.0,1,0.0
,academy_3_vs_1_with_keeper,42,collect_rollout,2914,0,20,0.0,False,False,0.0,0.0,0,0,0,0.0,0.0,0.0,0.0,0.0,1,0.0
,academy_3_vs_1_with_keeper,42,collect_rollout,2915,0,84,1.6031714702257887,False,False,0.0,0.0,0,0,0,0.0,0.0,0.0,0.0,1.6031714702257887,1,1.6031714702257887
,academy_3_vs_1_with_keeper,42,collect_rollout,2916,0,80,0.015219189081108198,False,False,0.0,0.0,0,0,0,0.0,0.0,0.0,0.0,0.015219189081108198,1,0.015219189081108198
,academy_3_vs_1_with_keeper,42,collect_rollout,2917,0,41,0.04126386813004501,False,False,0.0,0.0,0,0,0,0.0,0.0,0.0,0.0,0.04126386813004501,1,0.04126386813004501
,academy_3_vs_1_with_keeper,42,collect_rollout,2918,0,18,-0.006666666362434626,False,False,0.0,0.0,0,0,0,0.0,0.0,0.0,0.0,-0.006666666362434626,1,-0.006666666362434626
,academy_3_vs_1_with_keeper,42,collect_rollout,2919,0,19,0.0,False,False,0.0,0.0,0,0,0,0.0,0.0,0.0,0.0,0.0,1,0.0
,academy_3_vs_1_with_keeper,42,collect_rollout,2920,0,24,-0.003333333181217313,False,False,0.0,0.0,0,0,0,0.0,0.0,0.0,0.0,-0.003333333181217313,1,-0.003333333181217313
,academy_3_vs_1_with_keeper,42,collect_rollout,2921,0,20,0.0,False,False,0.0,0.0,0,0,0,0.0,0.0,0.0,0.0,0.0,1,0.0
,academy_3_vs_1_with_keeper,42,collect_rollout,2922,0,90,0.008166398736648262,False,False,0.0,0.0,0,0,0,0.0,0.0,0.0,0.0,0.008166398736648262,1,0.008166398736648262
,academy_3_vs_1_with_keeper,42,collect_rollout,2923,0,21,-0.009999999543651938,False,False,0.0,0.0,0,0,0,0.0,0.0,0.0,0.0,-0.009999999543651938,1,-0.009999999543651938
,academy_3_vs_1_with_keeper,42,collect_rollout,2924,0,46,0.10313031950499862,False,False,0.0,0.0,0,0,0,0.0,0.0,0.0,0.0,0.10313031950499862,1,0.10313031950499862
,academy_3_vs_1_with_keeper,42,collect_rollout,2925,0,19,-0.013333332724869251,False,False,0.0,0.0,0,0,0,0.0,0.0,0.0,0.0,-0.013333332724869251,1,-0.013333332724869251
,academy_3_vs_1_with_keeper,42,collect_rollout,2926,0,20,-0.006666666362434626,False,False,0.0,0.0,0,0,0,0.0,0.0,0.0,0.0,-0.006666666362434626,1,-0.006666666362434626
,academy_3_vs_1_with_keeper,42,collect_rollout,2927,0,17,0.0,False,False,0.0,0.0,0,0,0,0.0,0.0,0.0,0.0,0.0,1,0.0
,academy_3_vs_1_with_keeper,42,collect_rollout,2928,0,18,-0.003333333181217313,False,False,0.0,0.0,0,0,0,0.0,0.0,0.0,0.0,-0.003333333181217313,1,-0.003333333181217313
,academy_3_vs_1_with_keeper,42,collect_rollout,2929,0,16,0.0,False,False,0.0,0.0,0,0,0,0.0,0.0,0.0,0.0,0.0,1,0.0
,academy_3_vs_1_with_keeper,42,collect_rollout,2930,0,11,-0.0013199896784499288,False,False,0.0,0.0,0,0,0,0.0,0.0,0.0,0.0,-0.0013199896784499288,1,-0.0013199896784499288
,academy_3_vs_1_with_keeper,42,collect_rollout,2931,0,22,2.038302675355226,False,False,0.0,0.0,0,0,0,0.0,0.0,0.0,0.0,2.038302675355226,1,2.038302675355226
,academy_3_vs_1_with_keeper,42,collect_rollout,2932,0,19,0.0,False,False,0.0,0.0,0,0,0,0.0,0.0,0.0,0.0,0.0,1,0.0
,academy_3_vs_1_with_keeper,42,collect_rollout,2933,0,80,0.05040625651599839,False,False,0.0,0.0,0,0,0,0.0,0.0,0.0,0.0,0.05040625651599839,1,0.05040625651599839
,academy_3_vs_1_with_keeper,42,collect_rollout,2934,0,96,-0.3946060996968299,False,False,0.0,0.0,0,0,0,0.0,0.0,0.0,0.0,-0.3946060996968299,1,-0.3946060996968299
,academy_3_vs_1_with_keeper,42,collect_rollout,2935,0,38,0.11297081899829209,False,False,0.0,0.0,0,0,0,0.0,0.0,0.0,0.0,0.11297081899829209,1,0.11297081899829209
,academy_3_vs_1_with_keeper,42,collect_rollout,2936,0,18,0.0,False,False,0.0,0.0,0,0,0,0.0,0.0,0.0,0.0,0.0,1,0.0
,academy_3_vs_1_with_keeper,42,collect_rollout,2937,0,14,-0.01905794709455222,False,False,0.0,0.0,0,0,0,0.0,0.0,0.0,0.0,-0.01905794709455222,1,-0.01905794709455222
,academy_3_vs_1_with_keeper,42,collect_rollout,2938,0,18,-0.003333333181217313,False,False,0.0,0.0,0,0,0,0.0,0.0,0.0,0.0,-0.003333333181217313,1,-0.003333333181217313
,academy_3_vs_1_with_keeper,42,collect_rollout,2939,0,15,-0.003333333181217313,False,False,0.0,0.0,0,0,0,0.0,0.0,0.0,0.0,-0.003333333181217313,1,-0.003333333181217313
,academy_3_vs_1_with_keeper,42,collect_rollout,2940,0,21,-0.003333333181217313,False,False,0.0,0.0,0,0,0,0.0,0.0,0.0,0.0,-0.003333333181217313,1,-0.003333333181217313
,academy_3_vs_1_with_keeper,42,collect_rollout,2941,0,21,-0.013333332724869251,False,False,0.0,0.0,0,0,0,0.0,0.0,0.0,0.0,-0.013333332724869251,1,-0.013333332724869251
,academy_3_vs_1_with_keeper,42,collect_rollout,2942,0,34,0.03039208718109876,False,False,0.0,0.0,0,0,0,0.0,0.0,0.0,0.0,0.03039208718109876,1,0.03039208718109876
,academy_3_vs_1_with_keeper,42,collect_rollout,2943,0,20,-0.006666666362434626,False,False,0.0,0.0,0,0,0,0.0,0.0,0.0,0.0,-0.006666666362434626,1,-0.006666666362434626
,academy_3_vs_1_with_keeper,42,collect_rollout,2944,0,51,-0.026862052851356566,False,False,0.0,0.0,0,0,0,0.0,0.0,0.0,0.0,-0.026862052851356566,1,-0.026862052851356566
,academy_3_vs_1_with_keeper,42,collect_rollout,2945,0,23,-0.013333332724869251,False,False,0.0,0.0,0,0,0,0.0,0.0,0.0,0.0,-0.013333332724869251,1,-0.013333332724869251
,academy_3_vs_1_with_keeper,42,collect_rollout,2946,0,18,-0.003333333181217313,False,False,0.0,0.0,0,0,0,0.0,0.0,0.0,0.0,-0.003333333181217313,1,-0.003333333181217313
,academy_3_vs_1_with_keeper,42,collect_rollout,2947,0,34,0.022250420443015173,False,False,0.0,0.0,0,0,0,0.0,0.0,0.0,0.0,0.022250420443015173,1,0.022250420443015173
,academy_3_vs_1_with_keeper,42,collect_rollout,2948,0,11,-0.10555522609502077,False,False,0.0,0.0,0,0,0,0.0,0.0,0.0,0.0,-0.10555522609502077,1,-0.10555522609502077
,academy_3_vs_1_with_keeper,42,collect_rollout,2949,0,17,-0.0337621858343482,False,False,0.0,0.0,0,0,0,0.0,0.0,0.0,0.0,-0.0337621858343482,1,-0.0337621858343482
,academy_3_vs_1_with_keeper,42,collect_rollout,2950,0,240,0.04002421288896585,False,False,0.0,0.0,0,0,0,0.0,0.0,0.0,0.0,0.04002421288896585,1,0.04002421288896585
,academy_3_vs_1_with_keeper,42,collect_rollout,2951,0,16,-0.029364840127527714,False,False,0.0,0.0,0,0,0,0.0,0.0,0.0,0.0,-0.029364840127527714,1,-0.029364840127527714
,academy_3_vs_1_with_keeper,42,collect_rollout,2952,0,90,0.05034064326900989,False,False,0.0,0.0,0,0,0,0.0,0.0,0.0,0.0,0.05034064326900989,1,0.05034064326900989
,academy_3_vs_1_with_keeper,42,collect_rollout,2953,0,17,-0.006666666362434626,False,False,0.0,0.0,0,0,0,0.0,0.0,0.0,0.0,-0.006666666362434626,1,-0.006666666362434626
,academy_3_vs_1_with_keeper,42,collect_rollout,2954,0,31,0.0038450475258287042,False,False,0.0,0.0,0,0,0,0.0,0.0,0.0,0.0,0.0038450475258287042,1,0.0038450475258287042
,academy_3_vs_1_with_keeper,42,collect_rollout,2955,0,21,-0.006666666362434626,False,False,0.0,0.0,0,0,0,0.0,0.0,0.0,0.0,-0.006666666362434626,1,-0.006666666362434626
,academy_3_vs_1_with_keeper,42,collect_rollout,2956,0,16,0.0,False,False,0.0,0.0,0,0,0,0.0,0.0,0.0,0.0,0.0,1,0.0
,academy_3_vs_1_with_keeper,42,collect_rollout,2957,0,19,-0.013333332724869251,False,False,0.0,0.0,0,0,0,0.0,0.0,0.0,0.0,-0.013333332724869251,1,-0.013333332724869251
,academy_3_vs_1_with_keeper,42,collect_rollout,2958,0,16,-0.006666666362434626,False,False,0.0,0.0,0,0,0,0.0,0.0,0.0,0.0,-0.006666666362434626,1,-0.006666666362434626
,academy_3_vs_1_with_keeper,42,collect_rollout,2959,0,19,-0.003333333181217313,False,False,0.0,0.0,0,0,0,0.0,0.0,0.0,0.0,-0.003333333181217313,1,-0.003333333181217313
,academy_3_vs_1_with_keeper,42,collect_rollout,2960,0,19,-0.013333332724869251,False,False,0.0,0.0,0,0,0,0.0,0.0,0.0,0.0,-0.013333332724869251,1,-0.013333332724869251
,academy_3_vs_1_with_keeper,42,collect_rollout,2961,0,19,-0.003333333181217313,False,False,0.0,0.0,0,0,0,0.0,0.0,0.0,0.0,-0.003333333181217313,1,-0.003333333181217313
,academy_3_vs_1_with_keeper,42,collect_rollout,2962,0,86,0.08528812159784138,False,False,0.0,0.0,0,0,0,0.0,0.0,0.0,0.0,0.08528812159784138,1,0.08528812159784138
,academy_3_vs_1_with_keeper,42,collect_rollout,2963,0,17,0.0,False,False,0.0,0.0,0,0,0,0.0,0.0,0.0,0.0,0.0,1,0.0
,academy_3_vs_1_with_keeper,42,collect_rollout,2964,0,20,0.0,False,False,0.0,0.0,0,0,0,0.0,0.0,0.0,0.0,0.0,1,0.0
,academy_3_vs_1_with_keeper,42,collect_rollout,2965,0,49,0.06773453450296074,False,False,0.0,0.0,0,0,0,0.0,0.0,0.0,0.0,0.06773453450296074,1,0.06773453450296074
,academy_3_vs_1_with_keeper,42,collect_rollout,2966,0,40,0.08568600134458393,False,False,0.0,0.0,0,0,0,0.0,0.0,0.0,0.0,0.08568600134458393,1,0.08568600134458393
,academy_3_vs_1_with_keeper,42,collect_rollout,2967,0,17,0.0,False,False,0.0,0.0,0,0,0,0.0,0.0,0.0,0.0,0.0,1,0.0
,academy_3_vs_1_with_keeper,42,collect_rollout,2968,0,21,0.0,False,False,0.0,0.0,0,0,0,0.0,0.0,0.0,0.0,0.0,1,0.0
,academy_3_vs_1_with_keeper,42,collect_rollout,2969,0,20,0.0,False,False,0.0,0.0,0,0,0,0.0,0.0,0.0,0.0,0.0,1,0.0
,academy_3_vs_1_with_keeper,42,collect_rollout,2970,0,19,-0.006666666362434626,False,False,0.0,0.0,0,0,0,0.0,0.0,0.0,0.0,-0.006666666362434626,1,-0.006666666362434626
,academy_3_vs_1_with_keeper,42,collect_rollout,2971,0,100,-0.08866549201775342,False,False,0.0,0.0,0,0,0,0.0,0.0,0.0,0.0,-0.08866549201775342,1,-0.08866549201775342
,academy_3_vs_1_with_keeper,42,collect_rollout,2972,0,17,-0.003333333181217313,False,False,0.0,0.0,0,0,0,0.0,0.0,0.0,0.0,-0.003333333181217313,1,-0.003333333181217313
,academy_3_vs_1_with_keeper,42,collect_rollout,2973,0,23,-0.006666666362434626,False,False,0.0,0.0,0,0,0,0.0,0.0,0.0,0.0,-0.006666666362434626,1,-0.006666666362434626
,academy_3_vs_1_with_keeper,42,collect_rollout,2974,0,18,-0.009999999543651938,False,False,0.0,0.0,0,0,0,0.0,0.0,0.0,0.0,-0.009999999543651938,1,-0.009999999543651938
,academy_3_vs_1_with_keeper,42,collect_rollout,2975,0,22,-0.006666666362434626,False,False,0.0,0.0,0,0,0,0.0,0.0,0.0,0.0,-0.006666666362434626,1,-0.006666666362434626
,academy_3_vs_1_with_keeper,42,collect_rollout,2976,0,89,-0.012680676707532257,False,False,0.0,0.0,0,0,0,0.0,0.0,0.0,0.0,-0.012680676707532257,1,-0.012680676707532257
,academy_3_vs_1_with_keeper,42,collect_rollout,2977,0,17,-0.003333333181217313,False,False,0.0,0.0,0,0,0,0.0,0.0,0.0,0.0,-0.003333333181217313,1,-0.003333333181217313
,academy_3_vs_1_with_keeper,42,collect_rollout,2978,0,18,-0.013333332724869251,False,False,0.0,0.0,0,0,0,0.0,0.0,0.0,0.0,-0.013333332724869251,1,-0.013333332724869251
,academy_3_vs_1_with_keeper,42,collect_rollout,2979,0,57,-0.0642744213109836,False,False,0.0,0.0,0,0,0,0.0,0.0,0.0,0.0,-0.0642744213109836,1,-0.0642744213109836
,academy_3_vs_1_with_keeper,42,collect_rollout,2980,0,24,-0.006666666362434626,False,False,0.0,0.0,0,0,0,0.0,0.0,0.0,0.0,-0.006666666362434626,1,-0.006666666362434626
,academy_3_vs_1_with_keeper,42,collect_rollout,2981,0,16,-0.015129736391827464,False,False,0.0,0.0,0,0,0,0.0,0.0,0.0,0.0,-0.015129736391827464,1,-0.015129736391827464
,academy_3_vs_1_with_keeper,42,collect_rollout,2982,0,37,0.03125210935832001,False,False,0.0,0.0,0,0,0,0.0,0.0,0.0,0.0,0.03125210935832001,1,0.03125210935832001
,academy_3_vs_1_with_keeper,42,collect_rollout,2983,0,17,0.0,False,False,0.0,0.0,0,0,0,0.0,0.0,0.0,0.0,0.0,1,0.0
,academy_3_vs_1_with_keeper,42,collect_rollout,2984,0,18,-0.003333333181217313,False,False,0.0,0.0,0,0,0,0.0,0.0,0.0,0.0,-0.003333333181217313,1,-0.003333333181217313
,academy_3_vs_1_with_keeper,42,collect_rollout,2985,0,71,2.060961991228396,False,False,0.0,0.0,0,0,0,0.0,0.0,0.0,0.0,2.060961991228396,1,2.060961991228396
,academy_3_vs_1_with_keeper,42,collect_rollout,2986,0,88,-0.05032675084657967,False,False,0.0,0.0,0,0,0,0.0,0.0,0.0,0.0,-0.05032675084657967,1,-0.05032675084657967
,academy_3_vs_1_with_keeper,42,collect_rollout,2987,0,21,-0.003333333181217313,False,False,0.0,0.0,0,0,0,0.0,0.0,0.0,0.0,-0.003333333181217313,1,-0.003333333181217313
,academy_3_vs_1_with_keeper,42,collect_rollout,2988,0,9,-0.008956558536738157,False,False,0.0,0.0,0,0,0,0.0,0.0,0.0,0.0,-0.008956558536738157,1,-0.008956558536738157
,academy_3_vs_1_with_keeper,42,collect_rollout,2989,0,30,0.10749444889370352,False,False,0.0,0.0,0,0,0,0.0,0.0,0.0,0.0,0.10749444889370352,1,0.10749444889370352
,academy_3_vs_1_with_keeper,42,collect_rollout,2990,0,80,0.05891706059628632,False,False,0.0,0.0,0,0,0,0.0,0.0,0.0,0.0,0.05891706059628632,1,0.05891706059628632
,academy_3_vs_1_with_keeper,42,collect_rollout,2991,0,17,-0.006666666362434626,False,False,0.0,0.0,0,0,0,0.0,0.0,0.0,0.0,-0.006666666362434626,1,-0.006666666362434626
,academy_3_vs_1_with_keeper,42,collect_rollout,2992,0,81,0.010750691028079018,False,False,0.0,0.0,0,0,0,0.0,0.0,0.0,0.0,0.010750691028079018,1,0.010750691028079018
,academy_3_vs_1_with_keeper,42,collect_rollout,2993,0,20,-0.006666666362434626,False,False,0.0,0.0,0,0,0,0.0,0.0,0.0,0.0,-0.006666666362434626,1,-0.006666666362434626
,academy_3_vs_1_with_keeper,42,collect_rollout,2994,0,20,0.0,False,False,0.0,0.0,0,0,0,0.0,0.0,0.0,0.0,0.0,1,0.0
,academy_3_vs_1_with_keeper,42,collect_rollout,2995,0,84,-0.03361870866501704,False,False,0.0,0.0,0,0,0,0.0,0.0,0.0,0.0,-0.03361870866501704,1,-0.03361870866501704
,academy_3_vs_1_with_keeper,42,collect_rollout,2996,0,14,-0.01583914994262159,False,False,0.0,0.0,0,0,0,0.0,0.0,0.0,0.0,-0.01583914994262159,1,-0.01583914994262159
,academy_3_vs_1_with_keeper,42,collect_rollout,2997,0,16,-0.006666666362434626,False,False,0.0,0.0,0,0,0,0.0,0.0,0.0,0.0,-0.006666666362434626,1,-0.006666666362434626
,academy_3_vs_1_with_keeper,42,collect_rollout,2998,0,56,2.1513377035735175,False,False,0.0,0.0,0,0,0,0.0,0.0,0.0,0.0,2.1513377035735175,1,2.1513377035735175
,academy_3_vs_1_with_keeper,42,collect_rollout,2999,0,83,-0.03612636758771259,False,False,0.0,0.0,0,0,0,0.0,0.0,0.0,0.0,-0.03612636758771259,1,-0.03612636758771259
,academy_3_vs_1_with_keeper,42,collect_rollout,3000,0,22,-0.009999999543651938,False,False,0.0,0.0,0,0,0,0.0,0.0,0.0,0.0,-0.009999999543651938,1,-0.009999999543651938
,academy_3_vs_1_with_keeper,42,collect_rollout,3001,0,39,0.09412168874405324,False,False,0.0,0.0,0,0,0,0.0,0.0,0.0,0.0,0.09412168874405324,1,0.09412168874405324
,academy_3_vs_1_with_keeper,42,collect_rollout,3002,0,83,0.06115925026824698,False,False,0.0,0.0,0,0,0,0.0,0.0,0.0,0.0,0.06115925026824698,1,0.06115925026824698
,academy_3_vs_1_with_keeper,42,collect_rollout,3003,0,20,-0.003333333181217313,False,False,0.0,0.0,0,0,0,0.0,0.0,0.0,0.0,-0.003333333181217313,1,-0.003333333181217313
,academy_3_vs_1_with_keeper,42,collect_rollout,3004,0,17,0.0,False,False,0.0,0.0,0,0,0,0.0,0.0,0.0,0.0,0.0,1,0.0
,academy_3_vs_1_with_keeper,42,collect_rollout,3005,0,22,-0.003333333181217313,False,False,0.0,0.0,0,0,0,0.0,0.0,0.0,0.0,-0.003333333181217313,1,-0.003333333181217313
,academy_3_vs_1_with_keeper,42,collect_rollout,3006,0,11,-0.0009577259188517928,False,False,0.0,0.0,0,0,0,0.0,0.0,0.0,0.0,-0.0009577259188517928,1,-0.0009577259188517928
,academy_3_vs_1_with_keeper,42,collect_rollout,3007,0,82,0.0519611744384747,False,False,0.0,0.0,0,0,0,0.0,0.0,0.0,0.0,0.0519611744384747,1,0.0519611744384747
,academy_3_vs_1_with_keeper,42,collect_rollout,3008,0,19,-0.009999999543651938,False,False,0.0,0.0,0,0,0,0.0,0.0,0.0,0.0,-0.009999999543651938,1,-0.009999999543651938
,academy_3_vs_1_with_keeper,42,collect_rollout,3009,0,13,-0.008167223073542118,False,False,0.0,0.0,0,0,0,0.0,0.0,0.0,0.0,-0.008167223073542118,1,-0.008167223073542118
,academy_3_vs_1_with_keeper,42,collect_rollout,3010,0,21,-0.006666666362434626,False,False,0.0,0.0,0,0,0,0.0,0.0,0.0,0.0,-0.006666666362434626,1,-0.006666666362434626
,academy_3_vs_1_with_keeper,42,collect_rollout,3011,0,21,-0.003333333181217313,False,False,0.0,0.0,0,0,0,0.0,0.0,0.0,0.0,-0.003333333181217313,1,-0.003333333181217313
,academy_3_vs_1_with_keeper,42,collect_rollout,3012,0,20,-0.003333333181217313,False,False,0.0,0.0,0,0,0,0.0,0.0,0.0,0.0,-0.003333333181217313,1,-0.003333333181217313
,academy_3_vs_1_with_keeper,42,collect_rollout,3013,0,15,-0.003333333181217313,False,False,0.0,0.0,0,0,0,0.0,0.0,0.0,0.0,-0.003333333181217313,1,-0.003333333181217313
,academy_3_vs_1_with_keeper,42,collect_rollout,3014,0,17,-0.003333333181217313,False,False,0.0,0.0,0,0,0,0.0,0.0,0.0,0.0,-0.003333333181217313,1,-0.003333333181217313
,academy_3_vs_1_with_keeper,42,collect_rollout,3015,0,17,-0.003333333181217313,False,False,0.0,0.0,0,0,0,0.0,0.0,0.0,0.0,-0.003333333181217313,1,-0.003333333181217313
,academy_3_vs_1_with_keeper,42,collect_rollout,3016,0,19,0.0,False,False,0.0,0.0,0,0,0,0.0,0.0,0.0,0.0,0.0,1,0.0
,academy_3_vs_1_with_keeper,42,collect_rollout,3017,0,12,-0.003640322247520089,False,False,0.0,0.0,0,0,0,0.0,0.0,0.0,0.0,-0.003640322247520089,1,-0.003640322247520089
,academy_3_vs_1_with_keeper,42,collect_rollout,3018,0,153,-0.06242821319028735,False,False,0.0,0.0,0,0,0,0.0,0.0,0.0,0.0,-0.06242821319028735,1,-0.06242821319028735
,academy_3_vs_1_with_keeper,42,collect_rollout,3019,0,78,0.10521019069710746,False,False,0.0,0.0,0,0,0,0.0,0.0,0.0,0.0,0.10521019069710746,1,0.10521019069710746
,academy_3_vs_1_with_keeper,42,collect_rollout,3020,0,18,-0.009999999543651938,False,False,0.0,0.0,0,0,0,0.0,0.0,0.0,0.0,-0.009999999543651938,1,-0.009999999543651938
,academy_3_vs_1_with_keeper,42,collect_rollout,3021,0,18,-0.003333333181217313,False,False,0.0,0.0,0,0,0,0.0,0.0,0.0,0.0,-0.003333333181217313,1,-0.003333333181217313
,academy_3_vs_1_with_keeper,42,collect_rollout,3022,0,105,2.049595977528952,False,False,0.0,0.0,0,0,0,0.0,0.0,0.0,0.0,2.049595977528952,1,2.049595977528952
,academy_3_vs_1_with_keeper,42,collect_rollout,3023,0,81,2.2986104481387883,False,False,0.0,0.0,0,0,0,0.0,0.0,0.0,0.0,2.2986104481387883,1,2.2986104481387883
,academy_3_vs_1_with_keeper,42,collect_rollout,3024,0,18,-0.003333333181217313,False,False,0.0,0.0,0,0,0,0.0,0.0,0.0,0.0,-0.003333333181217313,1,-0.003333333181217313
,academy_3_vs_1_with_keeper,42,collect_rollout,3025,0,22,-0.013333332724869251,False,False,0.0,0.0,0,0,0,0.0,0.0,0.0,0.0,-0.013333332724869251,1,-0.013333332724869251
,academy_3_vs_1_with_keeper,42,collect_rollout,3026,0,42,0.03593282793008257,False,False,0.0,0.0,0,0,0,0.0,0.0,0.0,0.0,0.03593282793008257,1,0.03593282793008257
,academy_3_vs_1_with_keeper,42,collect_rollout,3027,0,19,0.0,False,False,0.0,0.0,0,0,0,0.0,0.0,0.0,0.0,0.0,1,0.0
,academy_3_vs_1_with_keeper,42,collect_rollout,3028,0,10,-0.005712217418476939,False,False,0.0,0.0,0,0,0,0.0,0.0,0.0,0.0,-0.005712217418476939,1,-0.005712217418476939
,academy_3_vs_1_with_keeper,42,collect_rollout,3029,0,16,0.0,False,False,0.0,0.0,0,0,0,0.0,0.0,0.0,0.0,0.0,1,0.0
,academy_3_vs_1_with_keeper,42,collect_rollout,3030,0,32,0.04931248351931572,False,False,0.0,0.0,0,0,0,0.0,0.0,0.0,0.0,0.04931248351931572,1,0.04931248351931572
,academy_3_vs_1_with_keeper,42,collect_rollout,3031,0,36,0.06550990707182791,False,False,0.0,0.0,0,0,0,0.0,0.0,0.0,0.0,0.06550990707182791,1,0.06550990707182791
,academy_3_vs_1_with_keeper,42,collect_rollout,3032,0,15,0.0,False,False,0.0,0.0,0,0,0,0.0,0.0,0.0,0.0,0.0,1,0.0
,academy_3_vs_1_with_keeper,42,collect_rollout,3033,0,20,-0.009999999543651938,False,False,0.0,0.0,0,0,0,0.0,0.0,0.0,0.0,-0.009999999543651938,1,-0.009999999543651938
,academy_3_vs_1_with_keeper,42,collect_rollout,3034,0,15,-0.003333333181217313,False,False,0.0,0.0,0,0,0,0.0,0.0,0.0,0.0,-0.003333333181217313,1,-0.003333333181217313
,academy_3_vs_1_with_keeper,42,collect_rollout,3035,0,8,-0.0011446825228631496,False,False,0.0,0.0,0,0,0,0.0,0.0,0.0,0.0,-0.0011446825228631496,1,-0.0011446825228631496
,academy_3_vs_1_with_keeper,42,collect_rollout,3036,0,9,0.0026753890851978213,False,False,0.0,0.0,0,0,0,0.0,0.0,0.0,0.0,0.0026753890851978213,1,0.0026753890851978213
,academy_3_vs_1_with_keeper,42,collect_rollout,3037,0,14,0.0,False,False,0.0,0.0,0,0,0,0.0,0.0,0.0,0.0,0.0,1,0.0
,academy_3_vs_1_with_keeper,42,collect_rollout,3038,0,51,0.054506682166902465,False,False,0.0,0.0,0,0,0,0.0,0.0,0.0,0.0,0.054506682166902465,1,0.054506682166902465
,academy_3_vs_1_with_keeper,42,collect_rollout,3039,0,20,0.0,False,False,0.0,0.0,0,0,0,0.0,0.0,0.0,0.0,0.0,1,0.0
,academy_3_vs_1_with_keeper,42,collect_rollout,3040,0,15,0.0,False,False,0.0,0.0,0,0,0,0.0,0.0,0.0,0.0,0.0,1,0.0
,academy_3_vs_1_with_keeper,42,collect_rollout,3041,0,20,-0.003333333181217313,False,False,0.0,0.0,0,0,0,0.0,0.0,0.0,0.0,-0.003333333181217313,1,-0.003333333181217313
,academy_3_vs_1_with_keeper,42,collect_rollout,3042,0,76,-0.015739064663648605,False,False,0.0,0.0,0,0,0,0.0,0.0,0.0,0.0,-0.015739064663648605,1,-0.015739064663648605
,academy_3_vs_1_with_keeper,42,collect_rollout,3043,0,18,-0.006666666362434626,False,False,0.0,0.0,0,0,0,0.0,0.0,0.0,0.0,-0.006666666362434626,1,-0.006666666362434626
,academy_3_vs_1_with_keeper,42,collect_rollout,3044,0,20,-0.003333333181217313,False,False,0.0,0.0,0,0,0,0.0,0.0,0.0,0.0,-0.003333333181217313,1,-0.003333333181217313
,academy_3_vs_1_with_keeper,42,collect_rollout,3045,0,20,0.0,False,False,0.0,0.0,0,0,0,0.0,0.0,0.0,0.0,0.0,1,0.0
,academy_3_vs_1_with_keeper,42,collect_rollout,3046,0,84,0.04835755785461515,False,False,0.0,0.0,0,0,0,0.0,0.0,0.0,0.0,0.04835755785461515,1,0.04835755785461515
,academy_3_vs_1_with_keeper,42,collect_rollout,3047,0,75,-0.251503794996097,False,False,0.0,0.0,0,0,0,0.0,0.0,0.0,0.0,-0.251503794996097,1,-0.251503794996097
,academy_3_vs_1_with_keeper,42,collect_rollout,3048,0,21,-0.003333333181217313,False,False,0.0,0.0,0,0,0,0.0,0.0,0.0,0.0,-0.003333333181217313,1,-0.003333333181217313
,academy_3_vs_1_with_keeper,42,collect_rollout,3049,0,47,0.050690845237113535,False,False,0.0,0.0,0,0,0,0.0,0.0,0.0,0.0,0.050690845237113535,1,0.050690845237113535
,academy_3_vs_1_with_keeper,42,collect_rollout,3050,0,10,0.004511713515967131,False,False,0.0,0.0,0,0,0,0.0,0.0,0.0,0.0,0.004511713515967131,1,0.004511713515967131
,academy_3_vs_1_with_keeper,42,collect_rollout,3051,0,12,-0.002112976973876357,False,False,0.0,0.0,0,0,0,0.0,0.0,0.0,0.0,-0.002112976973876357,1,-0.002112976973876357
,academy_3_vs_1_with_keeper,42,collect_rollout,3052,0,19,0.0,False,False,0.0,0.0,0,0,0,0.0,0.0,0.0,0.0,0.0,1,0.0
,academy_3_vs_1_with_keeper,42,collect_rollout,3053,0,80,0.002468318270985037,False,False,0.0,0.0,0,0,0,0.0,0.0,0.0,0.0,0.002468318270985037,1,0.002468318270985037
,academy_3_vs_1_with_keeper,42,collect_rollout,3054,0,18,-0.003333333181217313,False,False,0.0,0.0,0,0,0,0.0,0.0,0.0,0.0,-0.003333333181217313,1,-0.003333333181217313
,academy_3_vs_1_with_keeper,42,collect_rollout,3055,0,21,-0.006666666362434626,False,False,0.0,0.0,0,0,0,0.0,0.0,0.0,0.0,-0.006666666362434626,1,-0.006666666362434626
,academy_3_vs_1_with_keeper,42,collect_rollout,3056,0,18,0.0,False,False,0.0,0.0,0,0,0,0.0,0.0,0.0,0.0,0.0,1,0.0
,academy_3_vs_1_with_keeper,42,collect_rollout,3057,0,17,-0.003333333181217313,False,False,0.0,0.0,0,0,0,0.0,0.0,0.0,0.0,-0.003333333181217313,1,-0.003333333181217313
,academy_3_vs_1_with_keeper,42,collect_rollout,3058,0,19,-0.003333333181217313,False,False,0.0,0.0,0,0,0,0.0,0.0,0.0,0.0,-0.003333333181217313,1,-0.003333333181217313
,academy_3_vs_1_with_keeper,42,collect_rollout,3059,0,19,-0.013333332724869251,False,False,0.0,0.0,0,0,0,0.0,0.0,0.0,0.0,-0.013333332724869251,1,-0.013333332724869251
,academy_3_vs_1_with_keeper,42,collect_rollout,3060,0,8,0.010738976765424013,False,False,0.0,0.0,0,0,0,0.0,0.0,0.0,0.0,0.010738976765424013,1,0.010738976765424013
,academy_3_vs_1_with_keeper,42,collect_rollout,3061,0,19,-0.006666666362434626,False,False,0.0,0.0,0,0,0,0.0,0.0,0.0,0.0,-0.006666666362434626,1,-0.006666666362434626
,academy_3_vs_1_with_keeper,42,collect_rollout,3062,0,78,-0.023857675376348197,False,False,0.0,0.0,0,0,0,0.0,0.0,0.0,0.0,-0.023857675376348197,1,-0.023857675376348197
,academy_3_vs_1_with_keeper,42,collect_rollout,3063,0,20,0.0,False,False,0.0,0.0,0,0,0,0.0,0.0,0.0,0.0,0.0,1,0.0
,academy_3_vs_1_with_keeper,42,collect_rollout,3064,0,20,0.0,False,False,0.0,0.0,0,0,0,0.0,0.0,0.0,0.0,0.0,1,0.0
,academy_3_vs_1_with_keeper,42,collect_rollout,3065,0,47,-0.12725516891805455,False,False,0.0,0.0,0,0,0,0.0,0.0,0.0,0.0,-0.12725516891805455,1,-0.12725516891805455
,academy_3_vs_1_with_keeper,42,collect_rollout,3066,0,18,-0.003333333181217313,False,False,0.0,0.0,0,0,0,0.0,0.0,0.0,0.0,-0.003333333181217313,1,-0.003333333181217313
,academy_3_vs_1_with_keeper,42,collect_rollout,3067,0,69,-0.02386107435449958,False,False,0.0,0.0,0,0,0,0.0,0.0,0.0,0.0,-0.02386107435449958,1,-0.02386107435449958
,academy_3_vs_1_with_keeper,42,collect_rollout,3068,0,77,-0.23052016805741005,False,False,0.0,0.0,0,0,0,0.0,0.0,0.0,0.0,-0.23052016805741005,1,-0.23052016805741005
,academy_3_vs_1_with_keeper,42,collect_rollout,3069,0,18,0.0,False,False,0.0,0.0,0,0,0,0.0,0.0,0.0,0.0,0.0,1,0.0
,academy_3_vs_1_with_keeper,42,collect_rollout,3070,0,1801,0.11357872268126812,False,False,0.0,0.0,0,0,0,0.0,0.0,0.0,0.0,0.11357872268126812,1,0.11357872268126812
,academy_3_vs_1_with_keeper,42,collect_rollout,3071,0,22,0.0,False,False,0.0,0.0,0,0,0,0.0,0.0,0.0,0.0,0.0,1,0.0
,academy_3_vs_1_with_keeper,42,collect_rollout,3072,0,17,-0.003333333181217313,False,False,0.0,0.0,0,0,0,0.0,0.0,0.0,0.0,-0.003333333181217313,1,-0.003333333181217313
,academy_3_vs_1_with_keeper,42,collect_rollout,3073,0,85,0.045195723039796576,False,False,0.0,0.0,0,0,0,0.0,0.0,0.0,0.0,0.045195723039796576,1,0.045195723039796576
,academy_3_vs_1_with_keeper,42,collect_rollout,3074,0,17,0.0,False,False,0.0,0.0,0,0,0,0.0,0.0,0.0,0.0,0.0,1,0.0
,academy_3_vs_1_with_keeper,42,collect_rollout,3075,0,18,-0.009999999543651938,False,False,0.0,0.0,0,0,0,0.0,0.0,0.0,0.0,-0.009999999543651938,1,-0.009999999543651938
,academy_3_vs_1_with_keeper,42,collect_rollout,3076,0,18,-0.003333333181217313,False,False,0.0,0.0,0,0,0,0.0,0.0,0.0,0.0,-0.003333333181217313,1,-0.003333333181217313
,academy_3_vs_1_with_keeper,42,collect_rollout,3077,0,18,-0.003333333181217313,False,False,0.0,0.0,0,0,0,0.0,0.0,0.0,0.0,-0.003333333181217313,1,-0.003333333181217313
,academy_3_vs_1_with_keeper,42,collect_rollout,3078,0,89,0.03798874939093366,False,False,0.0,0.0,0,0,0,0.0,0.0,0.0,0.0,0.03798874939093366,1,0.03798874939093366
,academy_3_vs_1_with_keeper,42,collect_rollout,3079,0,21,-0.003333333181217313,False,False,0.0,0.0,0,0,0,0.0,0.0,0.0,0.0,-0.003333333181217313,1,-0.003333333181217313
,academy_3_vs_1_with_keeper,42,collect_rollout,3080,0,20,-0.003333333181217313,False,False,0.0,0.0,0,0,0,0.0,0.0,0.0,0.0,-0.003333333181217313,1,-0.003333333181217313
,academy_3_vs_1_with_keeper,42,collect_rollout,3081,0,66,2.0221713297069073,False,False,0.0,0.0,0,0,0,0.0,0.0,0.0,0.0,2.0221713297069073,1,2.0221713297069073
,academy_3_vs_1_with_keeper,42,collect_rollout,3082,0,80,-0.17263231403194368,False,False,0.0,0.0,0,0,0,0.0,0.0,0.0,0.0,-0.17263231403194368,1,-0.17263231403194368
,academy_3_vs_1_with_keeper,42,collect_rollout,3083,0,105,0.17602590355090797,False,False,0.0,0.0,0,0,0,0.0,0.0,0.0,0.0,0.17602590355090797,1,0.17602590355090797
,academy_3_vs_1_with_keeper,42,collect_rollout,3084,0,177,-0.5879829418845475,False,False,0.0,0.0,0,0,0,0.0,0.0,0.0,0.0,-0.5879829418845475,1,-0.5879829418845475
,academy_3_vs_1_with_keeper,42,collect_rollout,3085,0,89,-0.3326796982437372,False,False,0.0,0.0,0,0,0,0.0,0.0,0.0,0.0,-0.3326796982437372,1,-0.3326796982437372
,academy_3_vs_1_with_keeper,42,collect_rollout,3086,0,39,0.05197316000703722,False,False,0.0,0.0,0,0,0,0.0,0.0,0.0,0.0,0.05197316000703722,1,0.05197316000703722
,academy_3_vs_1_with_keeper,42,collect_rollout,3087,0,22,-0.003333333181217313,False,False,0.0,0.0,0,0,0,0.0,0.0,0.0,0.0,-0.003333333181217313,1,-0.003333333181217313
,academy_3_vs_1_with_keeper,42,collect_rollout,3088,0,37,-0.04516085714567453,False,False,0.0,0.0,0,0,0,0.0,0.0,0.0,0.0,-0.04516085714567453,1,-0.04516085714567453
,academy_3_vs_1_with_keeper,42,collect_rollout,3089,0,16,-0.003333333181217313,False,False,0.0,0.0,0,0,0,0.0,0.0,0.0,0.0,-0.003333333181217313,1,-0.003333333181217313
,academy_3_vs_1_with_keeper,42,collect_rollout,3090,0,73,2.0341347627472715,False,False,0.0,0.0,0,0,0,0.0,0.0,0.0,0.0,2.0341347627472715,1,2.0341347627472715
,academy_3_vs_1_with_keeper,42,collect_rollout,3091,0,13,0.0,False,False,0.0,0.0,0,0,0,0.0,0.0,0.0,0.0,0.0,1,0.0
,academy_3_vs_1_with_keeper,42,collect_rollout,3092,0,84,-0.002901203406509012,False,False,0.0,0.0,0,0,0,0.0,0.0,0.0,0.0,-0.002901203406509012,1,-0.002901203406509012
,academy_3_vs_1_with_keeper,42,collect_rollout,3093,0,73,2.0580354846606497,False,False,0.0,0.0,0,0,0,0.0,0.0,0.0,0.0,2.0580354846606497,1,2.0580354846606497
,academy_3_vs_1_with_keeper,42,collect_rollout,3094,0,16,-0.009999999543651938,False,False,0.0,0.0,0,0,0,0.0,0.0,0.0,0.0,-0.009999999543651938,1,-0.009999999543651938
,academy_3_vs_1_with_keeper,42,collect_rollout,3095,0,18,-0.006666666362434626,False,False,0.0,0.0,0,0,0,0.0,0.0,0.0,0.0,-0.006666666362434626,1,-0.006666666362434626
,academy_3_vs_1_with_keeper,42,collect_rollout,3096,0,45,0.009906998871883843,False,False,0.0,0.0,0,0,0,0.0,0.0,0.0,0.0,0.009906998871883843,1,0.009906998871883843
,academy_3_vs_1_with_keeper,42,collect_rollout,3097,0,22,0.0,False,False,0.0,0.0,0,0,0,0.0,0.0,0.0,0.0,0.0,1,0.0
,academy_3_vs_1_with_keeper,42,collect_rollout,3098,0,14,-0.015159969305386767,False,False,0.0,0.0,0,0,0,0.0,0.0,0.0,0.0,-0.015159969305386767,1,-0.015159969305386767
,academy_3_vs_1_with_keeper,42,collect_rollout,3099,0,18,0.0,False,False,0.0,0.0,0,0,0,0.0,0.0,0.0,0.0,0.0,1,0.0
,academy_3_vs_1_with_keeper,42,collect_rollout,3100,0,20,-0.006666666362434626,False,False,0.0,0.0,0,0,0,0.0,0.0,0.0,0.0,-0.006666666362434626,1,-0.006666666362434626
,academy_3_vs_1_with_keeper,42,collect_rollout,3101,0,14,-0.003333333181217313,False,False,0.0,0.0,0,0,0,0.0,0.0,0.0,0.0,-0.003333333181217313,1,-0.003333333181217313
,academy_3_vs_1_with_keeper,42,collect_rollout,3102,0,77,-0.21216506844575633,False,False,0.0,0.0,0,0,0,0.0,0.0,0.0,0.0,-0.21216506844575633,1,-0.21216506844575633
,academy_3_vs_1_with_keeper,42,collect_rollout,3103,0,22,-0.006666666362434626,False,False,0.0,0.0,0,0,0,0.0,0.0,0.0,0.0,-0.006666666362434626,1,-0.006666666362434626
,academy_3_vs_1_with_keeper,42,collect_rollout,3104,0,15,-0.015576234320178628,False,False,0.0,0.0,0,0,0,0.0,0.0,0.0,0.0,-0.015576234320178628,1,-0.015576234320178628
,academy_3_vs_1_with_keeper,42,collect_rollout,3105,0,15,-0.009999999543651938,False,False,0.0,0.0,0,0,0,0.0,0.0,0.0,0.0,-0.009999999543651938,1,-0.009999999543651938
,academy_3_vs_1_with_keeper,42,collect_rollout,3106,0,22,-0.006666666362434626,False,False,0.0,0.0,0,0,0,0.0,0.0,0.0,0.0,-0.006666666362434626,1,-0.006666666362434626
,academy_3_vs_1_with_keeper,42,collect_rollout,3107,0,21,-0.013333332724869251,False,False,0.0,0.0,0,0,0,0.0,0.0,0.0,0.0,-0.013333332724869251,1,-0.013333332724869251
,academy_3_vs_1_with_keeper,42,collect_rollout,3108,0,36,-0.045506185037083924,False,False,0.0,0.0,0,0,0,0.0,0.0,0.0,0.0,-0.045506185037083924,1,-0.045506185037083924
,academy_3_vs_1_with_keeper,42,collect_rollout,3109,0,18,-0.003333333181217313,False,False,0.0,0.0,0,0,0,0.0,0.0,0.0,0.0,-0.003333333181217313,1,-0.003333333181217313
,academy_3_vs_1_with_keeper,42,collect_rollout,3110,0,19,-0.003333333181217313,False,False,0.0,0.0,0,0,0,0.0,0.0,0.0,0.0,-0.003333333181217313,1,-0.003333333181217313
,academy_3_vs_1_with_keeper,42,collect_rollout,3111,0,14,-0.008652474105474539,False,False,0.0,0.0,0,0,0,0.0,0.0,0.0,0.0,-0.008652474105474539,1,-0.008652474105474539
,academy_3_vs_1_with_keeper,42,collect_rollout,3112,0,15,-0.009999999543651938,False,False,0.0,0.0,0,0,0,0.0,0.0,0.0,0.0,-0.009999999543651938,1,-0.009999999543651938
,academy_3_vs_1_with_keeper,42,collect_rollout,3113,0,22,-0.003333333181217313,False,False,0.0,0.0,0,0,0,0.0,0.0,0.0,0.0,-0.003333333181217313,1,-0.003333333181217313
,academy_3_vs_1_with_keeper,42,collect_rollout,3114,0,12,-0.00802725343964994,False,False,0.0,0.0,0,0,0,0.0,0.0,0.0,0.0,-0.00802725343964994,1,-0.00802725343964994
,academy_3_vs_1_with_keeper,42,collect_rollout,3115,0,20,-0.003333333181217313,False,False,0.0,0.0,0,0,0,0.0,0.0,0.0,0.0,-0.003333333181217313,1,-0.003333333181217313
,academy_3_vs_1_with_keeper,42,collect_rollout,3116,0,49,-0.02525915123987943,False,False,0.0,0.0,0,0,0,0.0,0.0,0.0,0.0,-0.02525915123987943,1,-0.02525915123987943
,academy_3_vs_1_with_keeper,42,collect_rollout,3117,0,62,2.0284557320119347,False,False,0.0,0.0,0,0,0,0.0,0.0,0.0,0.0,2.0284557320119347,1,2.0284557320119347
,academy_3_vs_1_with_keeper,42,collect_rollout,3118,0,80,0.05424395523732528,False,False,0.0,0.0,0,0,0,0.0,0.0,0.0,0.0,0.05424395523732528,1,0.05424395523732528
,academy_3_vs_1_with_keeper,42,collect_rollout,3119,0,20,0.0,False,False,0.0,0.0,0,0,0,0.0,0.0,0.0,0.0,0.0,1,0.0
,academy_3_vs_1_with_keeper,42,collect_rollout,3120,0,85,0.26217126261326484,False,False,0.0,0.0,0,0,0,0.0,0.0,0.0,0.0,0.26217126261326484,1,0.26217126261326484
,academy_3_vs_1_with_keeper,42,collect_rollout,3121,0,19,-0.003333333181217313,False,False,0.0,0.0,0,0,0,0.0,0.0,0.0,0.0,-0.003333333181217313,1,-0.003333333181217313
,academy_3_vs_1_with_keeper,42,collect_rollout,3122,0,21,-0.003333333181217313,False,False,0.0,0.0,0,0,0,0.0,0.0,0.0,0.0,-0.003333333181217313,1,-0.003333333181217313
,academy_3_vs_1_with_keeper,42,collect_rollout,3123,0,27,0.08235168398823589,False,False,0.0,0.0,0,0,0,0.0,0.0,0.0,0.0,0.08235168398823589,1,0.08235168398823589
,academy_3_vs_1_with_keeper,42,collect_rollout,3124,0,18,0.0,False,False,0.0,0.0,0,0,0,0.0,0.0,0.0,0.0,0.0,1,0.0
,academy_3_vs_1_with_keeper,42,collect_rollout,3125,0,14,-0.003333333181217313,False,False,0.0,0.0,0,0,0,0.0,0.0,0.0,0.0,-0.003333333181217313,1,-0.003333333181217313
,academy_3_vs_1_with_keeper,42,collect_rollout,3126,0,7,0.005084179807454348,False,False,0.0,0.0,0,0,0,0.0,0.0,0.0,0.0,0.005084179807454348,1,0.005084179807454348
,academy_3_vs_1_with_keeper,42,collect_rollout,3127,0,34,0.04906821809709072,False,False,0.0,0.0,0,0,0,0.0,0.0,0.0,0.0,0.04906821809709072,1,0.04906821809709072
,academy_3_vs_1_with_keeper,42,collect_rollout,3128,0,11,-0.022783413529396057,False,False,0.0,0.0,0,0,0,0.0,0.0,0.0,0.0,-0.022783413529396057,1,-0.022783413529396057
,academy_3_vs_1_with_keeper,42,collect_rollout,3129,0,17,-0.003333333181217313,False,False,0.0,0.0,0,0,0,0.0,0.0,0.0,0.0,-0.003333333181217313,1,-0.003333333181217313
,academy_3_vs_1_with_keeper,42,collect_rollout,3130,0,63,-0.03454110980965197,False,False,0.0,0.0,0,0,0,0.0,0.0,0.0,0.0,-0.03454110980965197,1,-0.03454110980965197
,academy_3_vs_1_with_keeper,42,collect_rollout,3131,0,40,0.012023299903376028,False,False,0.0,0.0,0,0,0,0.0,0.0,0.0,0.0,0.012023299903376028,1,0.012023299903376028
,academy_3_vs_1_with_keeper,42,collect_rollout,3132,0,36,-0.052525794017128646,False,False,0.0,0.0,0,0,0,0.0,0.0,0.0,0.0,-0.052525794017128646,1,-0.052525794017128646
,academy_3_vs_1_with_keeper,42,collect_rollout,3133,0,11,-0.0052640310022979975,False,False,0.0,0.0,0,0,0,0.0,0.0,0.0,0.0,-0.0052640310022979975,1,-0.0052640310022979975
,academy_3_vs_1_with_keeper,42,collect_rollout,3134,0,90,0.07580349268391728,False,False,0.0,0.0,0,0,0,0.0,0.0,0.0,0.0,0.07580349268391728,1,0.07580349268391728
,academy_3_vs_1_with_keeper,42,collect_rollout,3135,0,18,-0.006666666362434626,False,False,0.0,0.0,0,0,0,0.0,0.0,0.0,0.0,-0.006666666362434626,1,-0.006666666362434626
,academy_3_vs_1_with_keeper,42,collect_rollout,3136,0,24,-0.003333333181217313,False,False,0.0,0.0,0,0,0,0.0,0.0,0.0,0.0,-0.003333333181217313,1,-0.003333333181217313
,academy_3_vs_1_with_keeper,42,collect_rollout,3137,0,30,0.043951028725132346,False,False,0.0,0.0,0,0,0,0.0,0.0,0.0,0.0,0.043951028725132346,1,0.043951028725132346
,academy_3_vs_1_with_keeper,42,collect_rollout,3138,0,33,0.1009967781137675,False,False,0.0,0.0,0,0,0,0.0,0.0,0.0,0.0,0.1009967781137675,1,0.1009967781137675
,academy_3_vs_1_with_keeper,42,collect_rollout,3139,0,11,-0.006764313904568553,False,False,0.0,0.0,0,0,0,0.0,0.0,0.0,0.0,-0.006764313904568553,1,-0.006764313904568553
,academy_3_vs_1_with_keeper,42,collect_rollout,3140,0,10,-0.0009230469586327672,False,False,0.0,0.0,0,0,0,0.0,0.0,0.0,0.0,-0.0009230469586327672,1,-0.0009230469586327672
,academy_3_vs_1_with_keeper,42,collect_rollout,3141,0,80,0.0633274711726699,False,False,0.0,0.0,0,0,0,0.0,0.0,0.0,0.0,0.0633274711726699,1,0.0633274711726699
,academy_3_vs_1_with_keeper,42,collect_rollout,3142,0,20,0.0,False,False,0.0,0.0,0,0,0,0.0,0.0,0.0,0.0,0.0,1,0.0
,academy_3_vs_1_with_keeper,42,collect_rollout,3143,0,16,-0.019999999087303877,False,False,0.0,0.0,0,0,0,0.0,0.0,0.0,0.0,-0.019999999087303877,1,-0.019999999087303877
,academy_3_vs_1_with_keeper,42,collect_rollout,3144,0,16,0.0,False,False,0.0,0.0,0,0,0,0.0,0.0,0.0,0.0,0.0,1,0.0
,academy_3_vs_1_with_keeper,42,collect_rollout,3145,0,40,0.04716101292797248,False,False,0.0,0.0,0,0,0,0.0,0.0,0.0,0.0,0.04716101292797248,1,0.04716101292797248
,academy_3_vs_1_with_keeper,42,collect_rollout,3146,0,88,0.2913543418981135,False,False,0.0,0.0,0,0,0,0.0,0.0,0.0,0.0,0.2913543418981135,1,0.2913543418981135
,academy_3_vs_1_with_keeper,42,collect_rollout,3147,0,18,-0.003333333181217313,False,False,0.0,0.0,0,0,0,0.0,0.0,0.0,0.0,-0.003333333181217313,1,-0.003333333181217313
,academy_3_vs_1_with_keeper,42,collect_rollout,3148,0,83,-0.22097598749678582,False,False,0.0,0.0,0,0,0,0.0,0.0,0.0,0.0,-0.22097598749678582,1,-0.22097598749678582
,academy_3_vs_1_with_keeper,42,collect_rollout,3149,0,76,0.023568549077026546,False,False,0.0,0.0,0,0,0,0.0,0.0,0.0,0.0,0.023568549077026546,1,0.023568549077026546
,academy_3_vs_1_with_keeper,42,collect_rollout,3150,0,10,-0.0016132780583575368,False,False,0.0,0.0,0,0,0,0.0,0.0,0.0,0.0,-0.0016132780583575368,1,-0.0016132780583575368
,academy_3_vs_1_with_keeper,42,collect_rollout,3151,0,21,-0.006666666362434626,False,False,0.0,0.0,0,0,0,0.0,0.0,0.0,0.0,-0.006666666362434626,1,-0.006666666362434626
,academy_3_vs_1_with_keeper,42,collect_rollout,3152,0,28,-0.0441212150035426,False,False,0.0,0.0,0,0,0,0.0,0.0,0.0,0.0,-0.0441212150035426,1,-0.0441212150035426
,academy_3_vs_1_with_keeper,42,collect_rollout,3153,0,16,0.0,False,False,0.0,0.0,0,0,0,0.0,0.0,0.0,0.0,0.0,1,0.0
,academy_3_vs_1_with_keeper,42,collect_rollout,3154,0,16,-0.006666666362434626,False,False,0.0,0.0,0,0,0,0.0,0.0,0.0,0.0,-0.006666666362434626,1,-0.006666666362434626
,academy_3_vs_1_with_keeper,42,collect_rollout,3155,0,84,0.09704985923599452,False,False,0.0,0.0,0,0,0,0.0,0.0,0.0,0.0,0.09704985923599452,1,0.09704985923599452
,academy_3_vs_1_with_keeper,42,collect_rollout,3156,0,18,-0.006666666362434626,False,False,0.0,0.0,0,0,0,0.0,0.0,0.0,0.0,-0.006666666362434626,1,-0.006666666362434626
,academy_3_vs_1_with_keeper,42,collect_rollout,3157,0,19,-0.003333333181217313,False,False,0.0,0.0,0,0,0,0.0,0.0,0.0,0.0,-0.003333333181217313,1,-0.003333333181217313
,academy_3_vs_1_with_keeper,42,collect_rollout,3158,0,86,0.034072941343765706,False,False,0.0,0.0,0,0,0,0.0,0.0,0.0,0.0,0.034072941343765706,1,0.034072941343765706
,academy_3_vs_1_with_keeper,42,collect_rollout,3159,0,35,0.1160716317826882,False,False,0.0,0.0,0,0,0,0.0,0.0,0.0,0.0,0.1160716317826882,1,0.1160716317826882
,academy_3_vs_1_with_keeper,42,collect_rollout,3160,0,32,0.08259352340246551,False,False,0.0,0.0,0,0,0,0.0,0.0,0.0,0.0,0.08259352340246551,1,0.08259352340246551
,academy_3_vs_1_with_keeper,42,collect_rollout,3161,0,46,0.03672631806693971,False,False,0.0,0.0,0,0,0,0.0,0.0,0.0,0.0,0.03672631806693971,1,0.03672631806693971
,academy_3_vs_1_with_keeper,42,collect_rollout,3162,0,80,0.008695311902556568,False,False,0.0,0.0,0,0,0,0.0,0.0,0.0,0.0,0.008695311902556568,1,0.008695311902556568
,academy_3_vs_1_with_keeper,42,collect_rollout,3163,0,24,-0.006666666362434626,False,False,0.0,0.0,0,0,0,0.0,0.0,0.0,0.0,-0.006666666362434626,1,-0.006666666362434626
,academy_3_vs_1_with_keeper,42,collect_rollout,3164,0,17,0.0,False,False,0.0,0.0,0,0,0,0.0,0.0,0.0,0.0,0.0,1,0.0
,academy_3_vs_1_with_keeper,42,collect_rollout,3165,0,18,-0.006666666362434626,False,False,0.0,0.0,0,0,0,0.0,0.0,0.0,0.0,-0.006666666362434626,1,-0.006666666362434626
,academy_3_vs_1_with_keeper,42,collect_rollout,3166,0,19,-0.016666665906086564,False,False,0.0,0.0,0,0,0,0.0,0.0,0.0,0.0,-0.016666665906086564,1,-0.016666665906086564
,academy_3_vs_1_with_keeper,42,collect_rollout,3167,0,80,0.056626341480296105,False,False,0.0,0.0,0,0,0,0.0,0.0,0.0,0.0,0.056626341480296105,1,0.056626341480296105
,academy_3_vs_1_with_keeper,42,collect_rollout,3168,0,20,-0.003333333181217313,False,False,0.0,0.0,0,0,0,0.0,0.0,0.0,0.0,-0.003333333181217313,1,-0.003333333181217313
,academy_3_vs_1_with_keeper,42,collect_rollout,3169,0,20,-0.006666666362434626,False,False,0.0,0.0,0,0,0,0.0,0.0,0.0,0.0,-0.006666666362434626,1,-0.006666666362434626
,academy_3_vs_1_with_keeper,42,collect_rollout,3170,0,93,0.0260352831101045,False,False,0.0,0.0,0,0,0,0.0,0.0,0.0,0.0,0.0260352831101045,1,0.0260352831101045
,academy_3_vs_1_with_keeper,42,collect_rollout,3171,0,18,-0.003333333181217313,False,False,0.0,0.0,0,0,0,0.0,0.0,0.0,0.0,-0.003333333181217313,1,-0.003333333181217313
,academy_3_vs_1_with_keeper,42,collect_rollout,3172,0,83,1.7371589174726978,False,False,0.0,0.0,0,0,0,0.0,0.0,0.0,0.0,1.7371589174726978,1,1.7371589174726978
,academy_3_vs_1_with_keeper,42,collect_rollout,3173,0,53,0.01125477405730635,False,False,0.0,0.0,0,0,0,0.0,0.0,0.0,0.0,0.01125477405730635,1,0.01125477405730635
,academy_3_vs_1_with_keeper,42,collect_rollout,3174,0,14,-0.0067376571241766214,False,False,0.0,0.0,0,0,0,0.0,0.0,0.0,0.0,-0.0067376571241766214,1,-0.0067376571241766214
,academy_3_vs_1_with_keeper,42,collect_rollout,3175,0,21,-0.006666666362434626,False,False,0.0,0.0,0,0,0,0.0,0.0,0.0,0.0,-0.006666666362434626,1,-0.006666666362434626
,academy_3_vs_1_with_keeper,42,collect_rollout,3176,0,79,0.020227173539751675,False,False,0.0,0.0,0,0,0,0.0,0.0,0.0,0.0,0.020227173539751675,1,0.020227173539751675
,academy_3_vs_1_with_keeper,42,collect_rollout,3177,0,81,-0.28665638105303515,False,False,0.0,0.0,0,0,0,0.0,0.0,0.0,0.0,-0.28665638105303515,1,-0.28665638105303515
,academy_3_vs_1_with_keeper,42,collect_rollout,3178,0,19,0.0,False,False,0.0,0.0,0,0,0,0.0,0.0,0.0,0.0,0.0,1,0.0
,academy_3_vs_1_with_keeper,42,collect_rollout,3179,0,14,-0.006666666362434626,False,False,0.0,0.0,0,0,0,0.0,0.0,0.0,0.0,-0.006666666362434626,1,-0.006666666362434626
,academy_3_vs_1_with_keeper,42,collect_rollout,3180,0,83,0.04410759545862675,False,False,0.0,0.0,0,0,0,0.0,0.0,0.0,0.0,0.04410759545862675,1,0.04410759545862675
,academy_3_vs_1_with_keeper,42,collect_rollout,3181,0,18,-0.003333333181217313,False,False,0.0,0.0,0,0,0,0.0,0.0,0.0,0.0,-0.003333333181217313,1,-0.003333333181217313
,academy_3_vs_1_with_keeper,42,collect_rollout,3182,0,93,-0.2501909125930979,False,False,0.0,0.0,0,0,0,0.0,0.0,0.0,0.0,-0.2501909125930979,1,-0.2501909125930979
,academy_3_vs_1_with_keeper,42,collect_rollout,3183,0,21,0.0,False,False,0.0,0.0,0,0,0,0.0,0.0,0.0,0.0,0.0,1,0.0
,academy_3_vs_1_with_keeper,42,collect_rollout,3184,0,22,0.0,False,False,0.0,0.0,0,0,0,0.0,0.0,0.0,0.0,0.0,1,0.0
,academy_3_vs_1_with_keeper,42,collect_rollout,3185,0,91,-0.01822538790293038,False,False,0.0,0.0,0,0,0,0.0,0.0,0.0,0.0,-0.01822538790293038,1,-0.01822538790293038
,academy_3_vs_1_with_keeper,42,collect_rollout,3186,0,49,-0.061257117544300854,False,False,0.0,0.0,0,0,0,0.0,0.0,0.0,0.0,-0.061257117544300854,1,-0.061257117544300854
,academy_3_vs_1_with_keeper,42,collect_rollout,3187,0,79,0.015371031360700727,False,False,0.0,0.0,0,0,0,0.0,0.0,0.0,0.0,0.015371031360700727,1,0.015371031360700727
,academy_3_vs_1_with_keeper,42,collect_rollout,3188,0,17,0.0,False,False,0.0,0.0,0,0,0,0.0,0.0,0.0,0.0,0.0,1,0.0
,academy_3_vs_1_with_keeper,42,collect_rollout,3189,0,54,-0.016098716878332198,False,False,0.0,0.0,0,0,0,0.0,0.0,0.0,0.0,-0.016098716878332198,1,-0.016098716878332198
,academy_3_vs_1_with_keeper,42,collect_rollout,3190,0,19,0.0,False,False,0.0,0.0,0,0,0,0.0,0.0,0.0,0.0,0.0,1,0.0
,academy_3_vs_1_with_keeper,42,collect_rollout,3191,0,30,0.08428504690527916,False,False,0.0,0.0,0,0,0,0.0,0.0,0.0,0.0,0.08428504690527916,1,0.08428504690527916
,academy_3_vs_1_with_keeper,42,collect_rollout,3192,0,89,-0.046473632217384875,False,False,0.0,0.0,0,0,0,0.0,0.0,0.0,0.0,-0.046473632217384875,1,-0.046473632217384875
,academy_3_vs_1_with_keeper,42,collect_rollout,3193,0,19,-0.003333333181217313,False,False,0.0,0.0,0,0,0,0.0,0.0,0.0,0.0,-0.003333333181217313,1,-0.003333333181217313
,academy_3_vs_1_with_keeper,42,collect_rollout,3194,0,1801,-0.11018991298624314,False,False,0.0,0.0,0,0,0,0.0,0.0,0.0,0.0,-0.11018991298624314,1,-0.11018991298624314
,academy_3_vs_1_with_keeper,42,collect_rollout,3195,0,23,-0.006666666362434626,False,False,0.0,0.0,0,0,0,0.0,0.0,0.0,0.0,-0.006666666362434626,1,-0.006666666362434626
,academy_3_vs_1_with_keeper,42,collect_rollout,3196,0,15,0.0,False,False,0.0,0.0,0,0,0,0.0,0.0,0.0,0.0,0.0,1,0.0
,academy_3_vs_1_with_keeper,42,collect_rollout,3197,0,86,0.05600471142679453,False,False,0.0,0.0,0,0,0,0.0,0.0,0.0,0.0,0.05600471142679453,1,0.05600471142679453
,academy_3_vs_1_with_keeper,42,collect_rollout,3198,0,15,-0.006666666362434626,False,False,0.0,0.0,0,0,0,0.0,0.0,0.0,0.0,-0.006666666362434626,1,-0.006666666362434626
,academy_3_vs_1_with_keeper,42,collect_rollout,3199,0,19,0.0,False,False,0.0,0.0,0,0,0,0.0,0.0,0.0,0.0,0.0,1,0.0
,academy_3_vs_1_with_keeper,42,collect_rollout,3200,0,23,-0.013333332724869251,False,False,0.0,0.0,0,0,0,0.0,0.0,0.0,0.0,-0.013333332724869251,1,-0.013333332724869251
,academy_3_vs_1_with_keeper,42,collect_rollout,3201,0,112,-0.2736210097646108,False,False,0.0,0.0,0,0,0,0.0,0.0,0.0,0.0,-0.2736210097646108,1,-0.2736210097646108
,academy_3_vs_1_with_keeper,42,collect_rollout,3202,0,16,-0.003333333181217313,False,False,0.0,0.0,0,0,0,0.0,0.0,0.0,0.0,-0.003333333181217313,1,-0.003333333181217313
,academy_3_vs_1_with_keeper,42,collect_rollout,3203,0,78,-0.03435401211027056,False,False,0.0,0.0,0,0,0,0.0,0.0,0.0,0.0,-0.03435401211027056,1,-0.03435401211027056
,academy_3_vs_1_with_keeper,42,collect_rollout,3204,0,19,-0.006666666362434626,False,False,0.0,0.0,0,0,0,0.0,0.0,0.0,0.0,-0.006666666362434626,1,-0.006666666362434626
,academy_3_vs_1_with_keeper,42,collect_rollout,3205,0,46,0.02724670834140852,False,False,0.0,0.0,0,0,0,0.0,0.0,0.0,0.0,0.02724670834140852,1,0.02724670834140852
,academy_3_vs_1_with_keeper,42,collect_rollout,3206,0,95,-0.1484509288566187,False,False,0.0,0.0,0,0,0,0.0,0.0,0.0,0.0,-0.1484509288566187,1,-0.1484509288566187
,academy_3_vs_1_with_keeper,42,collect_rollout,3207,0,93,0.06059531192295253,False,False,0.0,0.0,0,0,0,0.0,0.0,0.0,0.0,0.06059531192295253,1,0.06059531192295253
,academy_3_vs_1_with_keeper,42,collect_rollout,3208,0,19,-0.006666666362434626,False,False,0.0,0.0,0,0,0,0.0,0.0,0.0,0.0,-0.006666666362434626,1,-0.006666666362434626
,academy_3_vs_1_with_keeper,42,collect_rollout,3209,0,17,-0.003333333181217313,False,False,0.0,0.0,0,0,0,0.0,0.0,0.0,0.0,-0.003333333181217313,1,-0.003333333181217313
,academy_3_vs_1_with_keeper,42,collect_rollout,3210,0,19,0.0,False,False,0.0,0.0,0,0,0,0.0,0.0,0.0,0.0,0.0,1,0.0
,academy_3_vs_1_with_keeper,42,collect_rollout,3211,0,79,0.024041164811933413,False,False,0.0,0.0,0,0,0,0.0,0.0,0.0,0.0,0.024041164811933413,1,0.024041164811933413
,academy_3_vs_1_with_keeper,42,collect_rollout,3212,0,18,-0.009999999543651938,False,False,0.0,0.0,0,0,0,0.0,0.0,0.0,0.0,-0.009999999543651938,1,-0.009999999543651938
,academy_3_vs_1_with_keeper,42,collect_rollout,3213,0,19,-0.006666666362434626,False,False,0.0,0.0,0,0,0,0.0,0.0,0.0,0.0,-0.006666666362434626,1,-0.006666666362434626
,academy_3_vs_1_with_keeper,42,collect_rollout,3214,0,19,0.0,False,False,0.0,0.0,0,0,0,0.0,0.0,0.0,0.0,0.0,1,0.0
,academy_3_vs_1_with_keeper,42,collect_rollout,3215,0,56,0.3175775440176949,False,False,0.0,0.0,0,0,0,0.0,0.0,0.0,0.0,0.3175775440176949,1,0.3175775440176949
,academy_3_vs_1_with_keeper,42,collect_rollout,3216,0,24,-0.003333333181217313,False,False,0.0,0.0,0,0,0,0.0,0.0,0.0,0.0,-0.003333333181217313,1,-0.003333333181217313
,academy_3_vs_1_with_keeper,42,collect_rollout,3217,0,124,-0.2703440096229315,False,False,0.0,0.0,0,0,0,0.0,0.0,0.0,0.0,-0.2703440096229315,1,-0.2703440096229315
,academy_3_vs_1_with_keeper,42,collect_rollout,3218,0,19,-0.003333333181217313,False,False,0.0,0.0,0,0,0,0.0,0.0,0.0,0.0,-0.003333333181217313,1,-0.003333333181217313
,academy_3_vs_1_with_keeper,42,collect_rollout,3219,0,23,-0.003333333181217313,False,False,0.0,0.0,0,0,0,0.0,0.0,0.0,0.0,-0.003333333181217313,1,-0.003333333181217313
,academy_3_vs_1_with_keeper,42,collect_rollout,3220,0,87,0.008386517292819917,False,False,0.0,0.0,0,0,0,0.0,0.0,0.0,0.0,0.008386517292819917,1,0.008386517292819917
,academy_3_vs_1_with_keeper,42,collect_rollout,3221,0,14,-0.015693608904257417,False,False,0.0,0.0,0,0,0,0.0,0.0,0.0,0.0,-0.015693608904257417,1,-0.015693608904257417
,academy_3_vs_1_with_keeper,42,collect_rollout,3222,0,17,0.0,False,False,0.0,0.0,0,0,0,0.0,0.0,0.0,0.0,0.0,1,0.0
,academy_3_vs_1_with_keeper,42,collect_rollout,3223,0,17,0.0,False,False,0.0,0.0,0,0,0,0.0,0.0,0.0,0.0,0.0,1,0.0
,academy_3_vs_1_with_keeper,42,collect_rollout,3224,0,10,-0.013653057278133929,False,False,0.0,0.0,0,0,0,0.0,0.0,0.0,0.0,-0.013653057278133929,1,-0.013653057278133929
,academy_3_vs_1_with_keeper,42,collect_rollout,3225,0,19,0.0,False,False,0.0,0.0,0,0,0,0.0,0.0,0.0,0.0,0.0,1,0.0
,academy_3_vs_1_with_keeper,42,collect_rollout,3226,0,21,-0.003333333181217313,False,False,0.0,0.0,0,0,0,0.0,0.0,0.0,0.0,-0.003333333181217313,1,-0.003333333181217313
,academy_3_vs_1_with_keeper,42,collect_rollout,3227,0,20,-0.006666666362434626,False,False,0.0,0.0,0,0,0,0.0,0.0,0.0,0.0,-0.006666666362434626,1,-0.006666666362434626
,academy_3_vs_1_with_keeper,42,collect_rollout,3228,0,18,-0.006666666362434626,False,False,0.0,0.0,0,0,0,0.0,0.0,0.0,0.0,-0.006666666362434626,1,-0.006666666362434626
,academy_3_vs_1_with_keeper,42,collect_rollout,3229,0,90,-0.023324895184487104,False,False,0.0,0.0,0,0,0,0.0,0.0,0.0,0.0,-0.023324895184487104,1,-0.023324895184487104
,academy_3_vs_1_with_keeper,42,collect_rollout,3230,0,19,0.0,False,False,0.0,0.0,0,0,0,0.0,0.0,0.0,0.0,0.0,1,0.0
,academy_3_vs_1_with_keeper,42,collect_rollout,3231,0,28,0.08505034924019128,False,False,0.0,0.0,0,0,0,0.0,0.0,0.0,0.0,0.08505034924019128,1,0.08505034924019128
,academy_3_vs_1_with_keeper,42,collect_rollout,3232,0,7,0.010739865363575518,False,False,0.0,0.0,0,0,0,0.0,0.0,0.0,0.0,0.010739865363575518,1,0.010739865363575518
,academy_3_vs_1_with_keeper,42,collect_rollout,3233,0,1801,0.03683388100762386,False,False,0.0,0.0,0,0,0,0.0,0.0,0.0,0.0,0.03683388100762386,1,0.03683388100762386
,academy_3_vs_1_with_keeper,42,collect_rollout,3234,0,20,-0.003333333181217313,False,False,0.0,0.0,0,0,0,0.0,0.0,0.0,0.0,-0.003333333181217313,1,-0.003333333181217313
,academy_3_vs_1_with_keeper,42,collect_rollout,3235,0,20,-0.009999999543651938,False,False,0.0,0.0,0,0,0,0.0,0.0,0.0,0.0,-0.009999999543651938,1,-0.009999999543651938
,academy_3_vs_1_with_keeper,42,collect_rollout,3236,0,50,0.04520247597247362,False,False,0.0,0.0,0,0,0,0.0,0.0,0.0,0.0,0.04520247597247362,1,0.04520247597247362
,academy_3_vs_1_with_keeper,42,collect_rollout,3237,0,17,-0.009999999543651938,False,False,0.0,0.0,0,0,0,0.0,0.0,0.0,0.0,-0.009999999543651938,1,-0.009999999543651938
,academy_3_vs_1_with_keeper,42,collect_rollout,3238,0,47,0.10278352402383462,False,False,0.0,0.0,0,0,0,0.0,0.0,0.0,0.0,0.10278352402383462,1,0.10278352402383462
,academy_3_vs_1_with_keeper,42,collect_rollout,3239,0,89,1.650041530490853,False,False,0.0,0.0,0,0,0,0.0,0.0,0.0,0.0,1.650041530490853,1,1.650041530490853
,academy_3_vs_1_with_keeper,42,collect_rollout,3240,0,19,0.0,False,False,0.0,0.0,0,0,0,0.0,0.0,0.0,0.0,0.0,1,0.0
,academy_3_vs_1_with_keeper,42,collect_rollout,3241,0,17,-0.009999999543651938,False,False,0.0,0.0,0,0,0,0.0,0.0,0.0,0.0,-0.009999999543651938,1,-0.009999999543651938
,academy_3_vs_1_with_keeper,42,collect_rollout,3242,0,20,0.0,False,False,0.0,0.0,0,0,0,0.0,0.0,0.0,0.0,0.0,1,0.0
,academy_3_vs_1_with_keeper,42,collect_rollout,3243,0,19,-0.006666666362434626,False,False,0.0,0.0,0,0,0,0.0,0.0,0.0,0.0,-0.006666666362434626,1,-0.006666666362434626
,academy_3_vs_1_with_keeper,42,collect_rollout,3244,0,74,2.038120819372125,False,False,0.0,0.0,0,0,0,0.0,0.0,0.0,0.0,2.038120819372125,1,2.038120819372125
,academy_3_vs_1_with_keeper,42,collect_rollout,3245,0,36,0.03782538836821914,False,False,0.0,0.0,0,0,0,0.0,0.0,0.0,0.0,0.03782538836821914,1,0.03782538836821914
,academy_3_vs_1_with_keeper,42,collect_rollout,3246,0,19,-0.003333333181217313,False,False,0.0,0.0,0,0,0,0.0,0.0,0.0,0.0,-0.003333333181217313,1,-0.003333333181217313
,academy_3_vs_1_with_keeper,42,collect_rollout,3247,0,20,-0.003333333181217313,False,False,0.0,0.0,0,0,0,0.0,0.0,0.0,0.0,-0.003333333181217313,1,-0.003333333181217313
,academy_3_vs_1_with_keeper,42,collect_rollout,3248,0,16,-0.003333333181217313,False,False,0.0,0.0,0,0,0,0.0,0.0,0.0,0.0,-0.003333333181217313,1,-0.003333333181217313
,academy_3_vs_1_with_keeper,42,collect_rollout,3249,0,17,-0.003333333181217313,False,False,0.0,0.0,0,0,0,0.0,0.0,0.0,0.0,-0.003333333181217313,1,-0.003333333181217313
,academy_3_vs_1_with_keeper,42,collect_rollout,3250,0,77,0.10345897870138288,False,False,0.0,0.0,0,0,0,0.0,0.0,0.0,0.0,0.10345897870138288,1,0.10345897870138288
,academy_3_vs_1_with_keeper,42,collect_rollout,3251,0,17,-0.009999999543651938,False,False,0.0,0.0,0,0,0,0.0,0.0,0.0,0.0,-0.009999999543651938,1,-0.009999999543651938
,academy_3_vs_1_with_keeper,42,collect_rollout,3252,0,12,-0.012490944936871529,False,False,0.0,0.0,0,0,0,0.0,0.0,0.0,0.0,-0.012490944936871529,1,-0.012490944936871529
,academy_3_vs_1_with_keeper,42,collect_rollout,3253,0,487,0.17035478219622746,False,False,0.0,0.0,0,0,0,0.0,0.0,0.0,0.0,0.17035478219622746,1,0.17035478219622746
,academy_3_vs_1_with_keeper,42,collect_rollout,3254,0,21,-0.003333333181217313,False,False,0.0,0.0,0,0,0,0.0,0.0,0.0,0.0,-0.003333333181217313,1,-0.003333333181217313
,academy_3_vs_1_with_keeper,42,collect_rollout,3255,0,80,-0.3040868870448321,False,False,0.0,0.0,0,0,0,0.0,0.0,0.0,0.0,-0.3040868870448321,1,-0.3040868870448321
,academy_3_vs_1_with_keeper,42,collect_rollout,3256,0,15,0.0,False,False,0.0,0.0,0,0,0,0.0,0.0,0.0,0.0,0.0,1,0.0
,academy_3_vs_1_with_keeper,42,collect_rollout,3257,0,92,-0.4154552260879427,False,False,0.0,0.0,0,0,0,0.0,0.0,0.0,0.0,-0.4154552260879427,1,-0.4154552260879427
,academy_3_vs_1_with_keeper,42,collect_rollout,3258,0,16,-0.003333333181217313,False,False,0.0,0.0,0,0,0,0.0,0.0,0.0,0.0,-0.003333333181217313,1,-0.003333333181217313
,academy_3_vs_1_with_keeper,42,collect_rollout,3259,0,15,0.0,False,False,0.0,0.0,0,0,0,0.0,0.0,0.0,0.0,0.0,1,0.0
,academy_3_vs_1_with_keeper,42,collect_rollout,3260,0,17,0.0,False,False,0.0,0.0,0,0,0,0.0,0.0,0.0,0.0,0.0,1,0.0
,academy_3_vs_1_with_keeper,42,collect_rollout,3261,0,19,0.0,False,False,0.0,0.0,0,0,0,0.0,0.0,0.0,0.0,0.0,1,0.0
,academy_3_vs_1_with_keeper,42,collect_rollout,3262,0,86,0.007082197582349181,False,False,0.0,0.0,0,0,0,0.0,0.0,0.0,0.0,0.007082197582349181,1,0.007082197582349181
,academy_3_vs_1_with_keeper,42,collect_rollout,3263,0,15,0.0,False,False,0.0,0.0,0,0,0,0.0,0.0,0.0,0.0,0.0,1,0.0
,academy_3_vs_1_with_keeper,42,collect_rollout,3264,0,16,0.0,False,False,0.0,0.0,0,0,0,0.0,0.0,0.0,0.0,0.0,1,0.0
,academy_3_vs_1_with_keeper,42,collect_rollout,3265,0,106,-0.2986546838656068,False,False,0.0,0.0,0,0,0,0.0,0.0,0.0,0.0,-0.2986546838656068,1,-0.2986546838656068
,academy_3_vs_1_with_keeper,42,collect_rollout,3266,0,14,0.0,False,False,0.0,0.0,0,0,0,0.0,0.0,0.0,0.0,0.0,1,0.0
,academy_3_vs_1_with_keeper,42,collect_rollout,3267,0,84,0.06937110723811202,False,False,0.0,0.0,0,0,0,0.0,0.0,0.0,0.0,0.06937110723811202,1,0.06937110723811202
,academy_3_vs_1_with_keeper,42,collect_rollout,3268,0,42,0.038420277007389814,False,False,0.0,0.0,0,0,0,0.0,0.0,0.0,0.0,0.038420277007389814,1,0.038420277007389814
,academy_3_vs_1_with_keeper,42,collect_rollout,3269,0,23,0.0,False,False,0.0,0.0,0,0,0,0.0,0.0,0.0,0.0,0.0,1,0.0
,academy_3_vs_1_with_keeper,42,collect_rollout,3270,0,21,-0.009999999543651938,False,False,0.0,0.0,0,0,0,0.0,0.0,0.0,0.0,-0.009999999543651938,1,-0.009999999543651938
,academy_3_vs_1_with_keeper,42,collect_rollout,3271,0,30,-0.05838032593601383,False,False,0.0,0.0,0,0,0,0.0,0.0,0.0,0.0,-0.05838032593601383,1,-0.05838032593601383
,academy_3_vs_1_with_keeper,42,collect_rollout,3272,0,22,0.0,False,False,0.0,0.0,0,0,0,0.0,0.0,0.0,0.0,0.0,1,0.0
,academy_3_vs_1_with_keeper,42,collect_rollout,3273,0,108,-0.46196316345594823,False,False,0.0,0.0,0,0,0,0.0,0.0,0.0,0.0,-0.46196316345594823,1,-0.46196316345594823
,academy_3_vs_1_with_keeper,42,collect_rollout,3274,0,33,0.03354116063565016,False,False,0.0,0.0,0,0,0,0.0,0.0,0.0,0.0,0.03354116063565016,1,0.03354116063565016
,academy_3_vs_1_with_keeper,42,collect_rollout,3275,0,56,-0.02576979633886367,False,False,0.0,0.0,0,0,0,0.0,0.0,0.0,0.0,-0.02576979633886367,1,-0.02576979633886367
,academy_3_vs_1_with_keeper,42,collect_rollout,3276,0,20,-0.009999999543651938,False,False,0.0,0.0,0,0,0,0.0,0.0,0.0,0.0,-0.009999999543651938,1,-0.009999999543651938
,academy_3_vs_1_with_keeper,42,collect_rollout,3277,0,18,-0.006666666362434626,False,False,0.0,0.0,0,0,0,0.0,0.0,0.0,0.0,-0.006666666362434626,1,-0.006666666362434626
,academy_3_vs_1_with_keeper,42,collect_rollout,3278,0,20,-0.003333333181217313,False,False,0.0,0.0,0,0,0,0.0,0.0,0.0,0.0,-0.003333333181217313,1,-0.003333333181217313
,academy_3_vs_1_with_keeper,42,collect_rollout,3279,0,38,0.03656326187774539,False,False,0.0,0.0,0,0,0,0.0,0.0,0.0,0.0,0.03656326187774539,1,0.03656326187774539
,academy_3_vs_1_with_keeper,42,collect_rollout,3280,0,87,0.048567336169071496,False,False,0.0,0.0,0,0,0,0.0,0.0,0.0,0.0,0.048567336169071496,1,0.048567336169071496
,academy_3_vs_1_with_keeper,42,collect_rollout,3281,0,17,-0.006666666362434626,False,False,0.0,0.0,0,0,0,0.0,0.0,0.0,0.0,-0.006666666362434626,1,-0.006666666362434626
,academy_3_vs_1_with_keeper,42,collect_rollout,3282,0,20,-0.003333333181217313,False,False,0.0,0.0,0,0,0,0.0,0.0,0.0,0.0,-0.003333333181217313,1,-0.003333333181217313
,academy_3_vs_1_with_keeper,42,collect_rollout,3283,0,21,0.0,False,False,0.0,0.0,0,0,0,0.0,0.0,0.0,0.0,0.0,1,0.0
,academy_3_vs_1_with_keeper,42,collect_rollout,3284,0,91,0.04465796716976911,False,False,0.0,0.0,0,0,0,0.0,0.0,0.0,0.0,0.04465796716976911,1,0.04465796716976911
,academy_3_vs_1_with_keeper,42,collect_rollout,3285,0,22,-0.013333332724869251,False,False,0.0,0.0,0,0,0,0.0,0.0,0.0,0.0,-0.013333332724869251,1,-0.013333332724869251
,academy_3_vs_1_with_keeper,42,collect_rollout,3286,0,11,-0.009117478097323328,False,False,0.0,0.0,0,0,0,0.0,0.0,0.0,0.0,-0.009117478097323328,1,-0.009117478097323328
,academy_3_vs_1_with_keeper,42,collect_rollout,3287,0,12,0.003090739599429071,False,False,0.0,0.0,0,0,0,0.0,0.0,0.0,0.0,0.003090739599429071,1,0.003090739599429071
,academy_3_vs_1_with_keeper,42,collect_rollout,3288,0,88,0.2918406155658886,False,False,0.0,0.0,0,0,0,0.0,0.0,0.0,0.0,0.2918406155658886,1,0.2918406155658886
,academy_3_vs_1_with_keeper,42,collect_rollout,3289,0,21,0.0,False,False,0.0,0.0,0,0,0,0.0,0.0,0.0,0.0,0.0,1,0.0
,academy_3_vs_1_with_keeper,42,collect_rollout,3290,0,38,-0.05496971181128174,False,False,0.0,0.0,0,0,0,0.0,0.0,0.0,0.0,-0.05496971181128174,1,-0.05496971181128174
,academy_3_vs_1_with_keeper,42,collect_rollout,3291,0,19,0.0,False,False,0.0,0.0,0,0,0,0.0,0.0,0.0,0.0,0.0,1,0.0
,academy_3_vs_1_with_keeper,42,collect_rollout,3292,0,21,0.0,False,False,0.0,0.0,0,0,0,0.0,0.0,0.0,0.0,0.0,1,0.0
,academy_3_vs_1_with_keeper,42,collect_rollout,3293,0,19,-0.003333333181217313,False,False,0.0,0.0,0,0,0,0.0,0.0,0.0,0.0,-0.003333333181217313,1,-0.003333333181217313
,academy_3_vs_1_with_keeper,42,collect_rollout,3294,0,20,-0.013333332724869251,False,False,0.0,0.0,0,0,0,0.0,0.0,0.0,0.0,-0.013333332724869251,1,-0.013333332724869251
,academy_3_vs_1_with_keeper,42,collect_rollout,3295,0,80,-0.01748996313108364,False,False,0.0,0.0,0,0,0,0.0,0.0,0.0,0.0,-0.01748996313108364,1,-0.01748996313108364
,academy_3_vs_1_with_keeper,42,collect_rollout,3296,0,18,-0.006666666362434626,False,False,0.0,0.0,0,0,0,0.0,0.0,0.0,0.0,-0.006666666362434626,1,-0.006666666362434626
,academy_3_vs_1_with_keeper,42,collect_rollout,3297,0,15,0.0,False,False,0.0,0.0,0,0,0,0.0,0.0,0.0,0.0,0.0,1,0.0
,academy_3_vs_1_with_keeper,42,collect_rollout,3298,0,12,-0.0027401887928135693,False,False,0.0,0.0,0,0,0,0.0,0.0,0.0,0.0,-0.0027401887928135693,1,-0.0027401887928135693
,academy_3_vs_1_with_keeper,42,collect_rollout,3299,0,88,-0.23301196075044572,False,False,0.0,0.0,0,0,0,0.0,0.0,0.0,0.0,-0.23301196075044572,1,-0.23301196075044572
,academy_3_vs_1_with_keeper,42,collect_rollout,3300,0,93,0.052148498016322264,False,False,0.0,0.0,0,0,0,0.0,0.0,0.0,0.0,0.052148498016322264,1,0.052148498016322264
,academy_3_vs_1_with_keeper,42,collect_rollout,3301,0,20,-0.009999999543651938,False,False,0.0,0.0,0,0,0,0.0,0.0,0.0,0.0,-0.009999999543651938,1,-0.009999999543651938
,academy_3_vs_1_with_keeper,42,collect_rollout,3302,0,19,-0.006666666362434626,False,False,0.0,0.0,0,0,0,0.0,0.0,0.0,0.0,-0.006666666362434626,1,-0.006666666362434626
,academy_3_vs_1_with_keeper,42,collect_rollout,3303,0,38,0.0556943059200421,False,False,0.0,0.0,0,0,0,0.0,0.0,0.0,0.0,0.0556943059200421,1,0.0556943059200421
,academy_3_vs_1_with_keeper,42,collect_rollout,3304,0,18,-0.003333333181217313,False,False,0.0,0.0,0,0,0,0.0,0.0,0.0,0.0,-0.003333333181217313,1,-0.003333333181217313
,academy_3_vs_1_with_keeper,42,collect_rollout,3305,0,18,-0.016666665906086564,False,False,0.0,0.0,0,0,0,0.0,0.0,0.0,0.0,-0.016666665906086564,1,-0.016666665906086564
,academy_3_vs_1_with_keeper,42,collect_rollout,3306,0,19,0.0,False,False,0.0,0.0,0,0,0,0.0,0.0,0.0,0.0,0.0,1,0.0
,academy_3_vs_1_with_keeper,42,collect_rollout,3307,0,45,0.013412995089311153,False,False,0.0,0.0,0,0,0,0.0,0.0,0.0,0.0,0.013412995089311153,1,0.013412995089311153
,academy_3_vs_1_with_keeper,42,collect_rollout,3308,0,13,-0.016692754114046693,False,False,0.0,0.0,0,0,0,0.0,0.0,0.0,0.0,-0.016692754114046693,1,-0.016692754114046693
,academy_3_vs_1_with_keeper,42,collect_rollout,3309,0,54,-0.053611660841852427,False,False,0.0,0.0,0,0,0,0.0,0.0,0.0,0.0,-0.053611660841852427,1,-0.053611660841852427
,academy_3_vs_1_with_keeper,42,collect_rollout,3310,0,34,0.07545873464550823,False,False,0.0,0.0,0,0,0,0.0,0.0,0.0,0.0,0.07545873464550823,1,0.07545873464550823
,academy_3_vs_1_with_keeper,42,collect_rollout,3311,0,17,0.0,False,False,0.0,0.0,0,0,0,0.0,0.0,0.0,0.0,0.0,1,0.0
,academy_3_vs_1_with_keeper,42,collect_rollout,3312,0,21,-0.003333333181217313,False,False,0.0,0.0,0,0,0,0.0,0.0,0.0,0.0,-0.003333333181217313,1,-0.003333333181217313
,academy_3_vs_1_with_keeper,42,collect_rollout,3313,0,10,0.0010676513775251806,False,False,0.0,0.0,0,0,0,0.0,0.0,0.0,0.0,0.0010676513775251806,1,0.0010676513775251806
,academy_3_vs_1_with_keeper,42,collect_rollout,3314,0,19,-0.003333333181217313,False,False,0.0,0.0,0,0,0,0.0,0.0,0.0,0.0,-0.003333333181217313,1,-0.003333333181217313
,academy_3_vs_1_with_keeper,42,collect_rollout,3315,0,19,0.0,False,False,0.0,0.0,0,0,0,0.0,0.0,0.0,0.0,0.0,1,0.0
,academy_3_vs_1_with_keeper,42,collect_rollout,3316,0,19,0.0,False,False,0.0,0.0,0,0,0,0.0,0.0,0.0,0.0,0.0,1,0.0
,academy_3_vs_1_with_keeper,42,collect_rollout,3317,0,22,-0.003333333181217313,False,False,0.0,0.0,0,0,0,0.0,0.0,0.0,0.0,-0.003333333181217313,1,-0.003333333181217313
,academy_3_vs_1_with_keeper,42,collect_rollout,3318,0,20,0.0,False,False,0.0,0.0,0,0,0,0.0,0.0,0.0,0.0,0.0,1,0.0
,academy_3_vs_1_with_keeper,42,collect_rollout,3319,0,80,-0.037635874934494495,False,False,0.0,0.0,0,0,0,0.0,0.0,0.0,0.0,-0.037635874934494495,1,-0.037635874934494495
,academy_3_vs_1_with_keeper,42,collect_rollout,3320,0,20,0.0,False,False,0.0,0.0,0,0,0,0.0,0.0,0.0,0.0,0.0,1,0.0
,academy_3_vs_1_with_keeper,42,collect_rollout,3321,0,81,0.09830991097260267,False,False,0.0,0.0,0,0,0,0.0,0.0,0.0,0.0,0.09830991097260267,1,0.09830991097260267
,academy_3_vs_1_with_keeper,42,collect_rollout,3322,0,6,0.005521984770894051,False,False,0.0,0.0,0,0,0,0.0,0.0,0.0,0.0,0.005521984770894051,1,0.005521984770894051
,academy_3_vs_1_with_keeper,42,collect_rollout,3323,0,19,-0.003333333181217313,False,False,0.0,0.0,0,0,0,0.0,0.0,0.0,0.0,-0.003333333181217313,1,-0.003333333181217313
,academy_3_vs_1_with_keeper,42,collect_rollout,3324,0,20,-0.003333333181217313,False,False,0.0,0.0,0,0,0,0.0,0.0,0.0,0.0,-0.003333333181217313,1,-0.003333333181217313
,academy_3_vs_1_with_keeper,42,collect_rollout,3325,0,20,-0.009999999543651938,False,False,0.0,0.0,0,0,0,0.0,0.0,0.0,0.0,-0.009999999543651938,1,-0.009999999543651938
,academy_3_vs_1_with_keeper,42,collect_rollout,3326,0,35,0.0609135882841656,False,False,0.0,0.0,0,0,0,0.0,0.0,0.0,0.0,0.0609135882841656,1,0.0609135882841656
,academy_3_vs_1_with_keeper,42,collect_rollout,3327,0,19,-0.003333333181217313,False,False,0.0,0.0,0,0,0,0.0,0.0,0.0,0.0,-0.003333333181217313,1,-0.003333333181217313
,academy_3_vs_1_with_keeper,42,collect_rollout,3328,0,42,0.04639033911735169,False,False,0.0,0.0,0,0,0,0.0,0.0,0.0,0.0,0.04639033911735169,1,0.04639033911735169
,academy_3_vs_1_with_keeper,42,collect_rollout,3329,0,18,-0.003333333181217313,False,False,0.0,0.0,0,0,0,0.0,0.0,0.0,0.0,-0.003333333181217313,1,-0.003333333181217313
,academy_3_vs_1_with_keeper,42,collect_rollout,3330,0,17,-0.003333333181217313,False,False,0.0,0.0,0,0,0,0.0,0.0,0.0,0.0,-0.003333333181217313,1,-0.003333333181217313
,academy_3_vs_1_with_keeper,42,collect_rollout,3331,0,90,0.2916712415171787,False,False,0.0,0.0,0,0,0,0.0,0.0,0.0,0.0,0.2916712415171787,1,0.2916712415171787
,academy_3_vs_1_with_keeper,42,collect_rollout,3332,0,83,0.016405312693677843,False,False,0.0,0.0,0,0,0,0.0,0.0,0.0,0.0,0.016405312693677843,1,0.016405312693677843
,academy_3_vs_1_with_keeper,42,collect_rollout,3333,0,16,0.0,False,False,0.0,0.0,0,0,0,0.0,0.0,0.0,0.0,0.0,1,0.0
,academy_3_vs_1_with_keeper,42,collect_rollout,3334,0,84,0.08806737170380075,False,False,0.0,0.0,0,0,0,0.0,0.0,0.0,0.0,0.08806737170380075,1,0.08806737170380075
,academy_3_vs_1_with_keeper,42,collect_rollout,3335,0,18,-0.003333333181217313,False,False,0.0,0.0,0,0,0,0.0,0.0,0.0,0.0,-0.003333333181217313,1,-0.003333333181217313
,academy_3_vs_1_with_keeper,42,collect_rollout,3336,0,18,0.0,False,False,0.0,0.0,0,0,0,0.0,0.0,0.0,0.0,0.0,1,0.0
,academy_3_vs_1_with_keeper,42,collect_rollout,3337,0,18,-0.003333333181217313,False,False,0.0,0.0,0,0,0,0.0,0.0,0.0,0.0,-0.003333333181217313,1,-0.003333333181217313
,academy_3_vs_1_with_keeper,42,collect_rollout,3338,0,92,0.03245631861500442,False,False,0.0,0.0,0,0,0,0.0,0.0,0.0,0.0,0.03245631861500442,1,0.03245631861500442
,academy_3_vs_1_with_keeper,42,collect_rollout,3339,0,18,0.0,False,False,0.0,0.0,0,0,0,0.0,0.0,0.0,0.0,0.0,1,0.0
,academy_3_vs_1_with_keeper,42,collect_rollout,3340,0,23,0.0,False,False,0.0,0.0,0,0,0,0.0,0.0,0.0,0.0,0.0,1,0.0
,academy_3_vs_1_with_keeper,42,collect_rollout,3341,0,16,0.0,False,False,0.0,0.0,0,0,0,0.0,0.0,0.0,0.0,0.0,1,0.0
,academy_3_vs_1_with_keeper,42,collect_rollout,3342,0,45,0.0644860005704686,False,False,0.0,0.0,0,0,0,0.0,0.0,0.0,0.0,0.0644860005704686,1,0.0644860005704686
,academy_3_vs_1_with_keeper,42,collect_rollout,3343,0,20,0.0,False,False,0.0,0.0,0,0,0,0.0,0.0,0.0,0.0,0.0,1,0.0
,academy_3_vs_1_with_keeper,42,collect_rollout,3344,0,77,0.02049165847711265,False,False,0.0,0.0,0,0,0,0.0,0.0,0.0,0.0,0.02049165847711265,1,0.02049165847711265
,academy_3_vs_1_with_keeper,42,collect_rollout,3345,0,91,0.21047895308583975,False,False,0.0,0.0,0,0,0,0.0,0.0,0.0,0.0,0.21047895308583975,1,0.21047895308583975
,academy_3_vs_1_with_keeper,42,collect_rollout,3346,0,20,-0.013333332724869251,False,False,0.0,0.0,0,0,0,0.0,0.0,0.0,0.0,-0.013333332724869251,1,-0.013333332724869251
,academy_3_vs_1_with_keeper,42,collect_rollout,3347,0,19,0.0,False,False,0.0,0.0,0,0,0,0.0,0.0,0.0,0.0,0.0,1,0.0
,academy_3_vs_1_with_keeper,42,collect_rollout,3348,0,85,0.08422317658551037,False,False,0.0,0.0,0,0,0,0.0,0.0,0.0,0.0,0.08422317658551037,1,0.08422317658551037
,academy_3_vs_1_with_keeper,42,collect_rollout,3349,0,16,-0.003333333181217313,False,False,0.0,0.0,0,0,0,0.0,0.0,0.0,0.0,-0.003333333181217313,1,-0.003333333181217313
,academy_3_vs_1_with_keeper,42,collect_rollout,3350,0,46,0.057375105447135866,False,False,0.0,0.0,0,0,0,0.0,0.0,0.0,0.0,0.057375105447135866,1,0.057375105447135866
,academy_3_vs_1_with_keeper,42,collect_rollout,3351,0,17,-0.003333333181217313,False,False,0.0,0.0,0,0,0,0.0,0.0,0.0,0.0,-0.003333333181217313,1,-0.003333333181217313
,academy_3_vs_1_with_keeper,42,collect_rollout,3352,0,23,-0.003333333181217313,False,False,0.0,0.0,0,0,0,0.0,0.0,0.0,0.0,-0.003333333181217313,1,-0.003333333181217313
,academy_3_vs_1_with_keeper,42,collect_rollout,3353,0,19,-0.003333333181217313,False,False,0.0,0.0,0,0,0,0.0,0.0,0.0,0.0,-0.003333333181217313,1,-0.003333333181217313
,academy_3_vs_1_with_keeper,42,collect_rollout,3354,0,22,0.0,False,False,0.0,0.0,0,0,0,0.0,0.0,0.0,0.0,0.0,1,0.0
,academy_3_vs_1_with_keeper,42,collect_rollout,3355,0,17,-0.003333333181217313,False,False,0.0,0.0,0,0,0,0.0,0.0,0.0,0.0,-0.003333333181217313,1,-0.003333333181217313
,academy_3_vs_1_with_keeper,42,collect_rollout,3356,0,18,-0.003333333181217313,False,False,0.0,0.0,0,0,0,0.0,0.0,0.0,0.0,-0.003333333181217313,1,-0.003333333181217313
,academy_3_vs_1_with_keeper,42,collect_rollout,3357,0,13,-0.019952450704295188,False,False,0.0,0.0,0,0,0,0.0,0.0,0.0,0.0,-0.019952450704295188,1,-0.019952450704295188
,academy_3_vs_1_with_keeper,42,collect_rollout,3358,0,92,-0.026390536145072474,False,False,0.0,0.0,0,0,0,0.0,0.0,0.0,0.0,-0.026390536145072474,1,-0.026390536145072474
,academy_3_vs_1_with_keeper,42,collect_rollout,3359,0,18,0.0,False,False,0.0,0.0,0,0,0,0.0,0.0,0.0,0.0,0.0,1,0.0
,academy_3_vs_1_with_keeper,42,collect_rollout,3360,0,96,0.018014078297710512,False,False,0.0,0.0,0,0,0,0.0,0.0,0.0,0.0,0.018014078297710512,1,0.018014078297710512
,academy_3_vs_1_with_keeper,42,collect_rollout,3361,0,21,-0.003333333181217313,False,False,0.0,0.0,0,0,0,0.0,0.0,0.0,0.0,-0.003333333181217313,1,-0.003333333181217313
,academy_3_vs_1_with_keeper,42,collect_rollout,3362,0,47,0.06336440675659105,False,False,0.0,0.0,0,0,0,0.0,0.0,0.0,0.0,0.06336440675659105,1,0.06336440675659105
,academy_3_vs_1_with_keeper,42,collect_rollout,3363,0,85,0.052080522902542725,False,False,0.0,0.0,0,0,0,0.0,0.0,0.0,0.0,0.052080522902542725,1,0.052080522902542725
,academy_3_vs_1_with_keeper,42,collect_rollout,3364,0,18,0.0,False,False,0.0,0.0,0,0,0,0.0,0.0,0.0,0.0,0.0,1,0.0
,academy_3_vs_1_with_keeper,42,collect_rollout,3365,0,9,0.002035653335042298,False,False,0.0,0.0,0,0,0,0.0,0.0,0.0,0.0,0.002035653335042298,1,0.002035653335042298
,academy_3_vs_1_with_keeper,42,collect_rollout,3366,0,18,0.0,False,False,0.0,0.0,0,0,0,0.0,0.0,0.0,0.0,0.0,1,0.0
,academy_3_vs_1_with_keeper,42,collect_rollout,3367,0,18,0.0,False,False,0.0,0.0,0,0,0,0.0,0.0,0.0,0.0,0.0,1,0.0
,academy_3_vs_1_with_keeper,42,collect_rollout,3368,0,123,0.003082983137574047,False,False,0.0,0.0,0,0,0,0.0,0.0,0.0,0.0,0.003082983137574047,1,0.003082983137574047
,academy_3_vs_1_with_keeper,42,collect_rollout,3369,0,20,-0.003333333181217313,False,False,0.0,0.0,0,0,0,0.0,0.0,0.0,0.0,-0.003333333181217313,1,-0.003333333181217313
,academy_3_vs_1_with_keeper,42,collect_rollout,3370,0,21,-0.006666666362434626,False,False,0.0,0.0,0,0,0,0.0,0.0,0.0,0.0,-0.006666666362434626,1,-0.006666666362434626
,academy_3_vs_1_with_keeper,42,collect_rollout,3371,0,85,0.027577178174396977,False,False,0.0,0.0,0,0,0,0.0,0.0,0.0,0.0,0.027577178174396977,1,0.027577178174396977
,academy_3_vs_1_with_keeper,42,collect_rollout,3372,0,38,0.10780685814097524,False,False,0.0,0.0,0,0,0,0.0,0.0,0.0,0.0,0.10780685814097524,1,0.10780685814097524
,academy_3_vs_1_with_keeper,42,collect_rollout,3373,0,18,0.0,False,False,0.0,0.0,0,0,0,0.0,0.0,0.0,0.0,0.0,1,0.0
,academy_3_vs_1_with_keeper,42,collect_rollout,3374,0,9,0.01868168544024229,False,False,0.0,0.0,0,0,0,0.0,0.0,0.0,0.0,0.01868168544024229,1,0.01868168544024229
,academy_3_vs_1_with_keeper,42,collect_rollout,3375,0,85,0.055932462331838906,False,False,0.0,0.0,0,0,0,0.0,0.0,0.0,0.0,0.055932462331838906,1,0.055932462331838906
,academy_3_vs_1_with_keeper,42,collect_rollout,3376,0,10,0.0009065803606063128,False,False,0.0,0.0,0,0,0,0.0,0.0,0.0,0.0,0.0009065803606063128,1,0.0009065803606063128
,academy_3_vs_1_with_keeper,42,collect_rollout,3377,0,16,-0.003333333181217313,False,False,0.0,0.0,0,0,0,0.0,0.0,0.0,0.0,-0.003333333181217313,1,-0.003333333181217313
,academy_3_vs_1_with_keeper,42,collect_rollout,3378,0,18,-0.006666666362434626,False,False,0.0,0.0,0,0,0,0.0,0.0,0.0,0.0,-0.006666666362434626,1,-0.006666666362434626
,academy_3_vs_1_with_keeper,42,collect_rollout,3379,0,21,0.0,False,False,0.0,0.0,0,0,0,0.0,0.0,0.0,0.0,0.0,1,0.0
,academy_3_vs_1_with_keeper,42,collect_rollout,3380,0,10,-0.004574371036142111,False,False,0.0,0.0,0,0,0,0.0,0.0,0.0,0.0,-0.004574371036142111,1,-0.004574371036142111
,academy_3_vs_1_with_keeper,42,collect_rollout,3381,0,92,-0.006826141034252942,False,False,0.0,0.0,0,0,0,0.0,0.0,0.0,0.0,-0.006826141034252942,1,-0.006826141034252942
,academy_3_vs_1_with_keeper,42,collect_rollout,3382,0,15,-0.003333333181217313,False,False,0.0,0.0,0,0,0,0.0,0.0,0.0,0.0,-0.003333333181217313,1,-0.003333333181217313
,academy_3_vs_1_with_keeper,42,collect_rollout,3383,0,17,0.0,False,False,0.0,0.0,0,0,0,0.0,0.0,0.0,0.0,0.0,1,0.0
,academy_3_vs_1_with_keeper,42,collect_rollout,3384,0,17,-0.006666666362434626,False,False,0.0,0.0,0,0,0,0.0,0.0,0.0,0.0,-0.006666666362434626,1,-0.006666666362434626
,academy_3_vs_1_with_keeper,42,collect_rollout,3385,0,16,0.0,False,False,0.0,0.0,0,0,0,0.0,0.0,0.0,0.0,0.0,1,0.0
,academy_3_vs_1_with_keeper,42,collect_rollout,3386,0,21,-0.003333333181217313,False,False,0.0,0.0,0,0,0,0.0,0.0,0.0,0.0,-0.003333333181217313,1,-0.003333333181217313
,academy_3_vs_1_with_keeper,42,collect_rollout,3387,0,342,-0.4612334141274914,False,False,0.0,0.0,0,0,0,0.0,0.0,0.0,0.0,-0.4612334141274914,1,-0.4612334141274914
,academy_3_vs_1_with_keeper,42,collect_rollout,3388,0,16,-0.003333333181217313,False,False,0.0,0.0,0,0,0,0.0,0.0,0.0,0.0,-0.003333333181217313,1,-0.003333333181217313
,academy_3_vs_1_with_keeper,42,collect_rollout,3389,0,21,-0.003333333181217313,False,False,0.0,0.0,0,0,0,0.0,0.0,0.0,0.0,-0.003333333181217313,1,-0.003333333181217313
,academy_3_vs_1_with_keeper,42,collect_rollout,3390,0,22,0.0,False,False,0.0,0.0,0,0,0,0.0,0.0,0.0,0.0,0.0,1,0.0
,academy_3_vs_1_with_keeper,42,collect_rollout,3391,0,16,0.0,False,False,0.0,0.0,0,0,0,0.0,0.0,0.0,0.0,0.0,1,0.0
,academy_3_vs_1_with_keeper,42,collect_rollout,3392,0,87,-0.048688359864172526,False,False,0.0,0.0,0,0,0,0.0,0.0,0.0,0.0,-0.048688359864172526,1,-0.048688359864172526
,academy_3_vs_1_with_keeper,42,collect_rollout,3393,0,19,-0.003333333181217313,False,False,0.0,0.0,0,0,0,0.0,0.0,0.0,0.0,-0.003333333181217313,1,-0.003333333181217313
,academy_3_vs_1_with_keeper,42,collect_rollout,3394,0,38,0.038664164021611214,False,False,0.0,0.0,0,0,0,0.0,0.0,0.0,0.0,0.038664164021611214,1,0.038664164021611214
,academy_3_vs_1_with_keeper,42,collect_rollout,3395,0,17,0.0,False,False,0.0,0.0,0,0,0,0.0,0.0,0.0,0.0,0.0,1,0.0
,academy_3_vs_1_with_keeper,42,collect_rollout,3396,0,111,-0.07699200347997248,False,False,0.0,0.0,0,0,0,0.0,0.0,0.0,0.0,-0.07699200347997248,1,-0.07699200347997248
,academy_3_vs_1_with_keeper,42,collect_rollout,3397,0,80,0.0677920364541933,False,False,0.0,0.0,0,0,0,0.0,0.0,0.0,0.0,0.0677920364541933,1,0.0677920364541933
,academy_3_vs_1_with_keeper,42,collect_rollout,3398,0,91,0.07757684984244406,False,False,0.0,0.0,0,0,0,0.0,0.0,0.0,0.0,0.07757684984244406,1,0.07757684984244406
,academy_3_vs_1_with_keeper,42,collect_rollout,3399,0,18,-0.006666666362434626,False,False,0.0,0.0,0,0,0,0.0,0.0,0.0,0.0,-0.006666666362434626,1,-0.006666666362434626
,academy_3_vs_1_with_keeper,42,collect_rollout,3400,0,80,0.002313010161742568,False,False,0.0,0.0,0,0,0,0.0,0.0,0.0,0.0,0.002313010161742568,1,0.002313010161742568
,academy_3_vs_1_with_keeper,42,collect_rollout,3401,0,109,-0.08183298640506109,False,False,0.0,0.0,0,0,0,0.0,0.0,0.0,0.0,-0.08183298640506109,1,-0.08183298640506109
,academy_3_vs_1_with_keeper,42,collect_rollout,3402,0,315,0.1835898634744808,False,False,0.0,0.0,0,0,0,0.0,0.0,0.0,0.0,0.1835898634744808,1,0.1835898634744808
,academy_3_vs_1_with_keeper,42,collect_rollout,3403,0,48,0.0439322367310524,False,False,0.0,0.0,0,0,0,0.0,0.0,0.0,0.0,0.0439322367310524,1,0.0439322367310524
,academy_3_vs_1_with_keeper,42,collect_rollout,3404,0,40,0.044120794045738876,False,False,0.0,0.0,0,0,0,0.0,0.0,0.0,0.0,0.044120794045738876,1,0.044120794045738876
,academy_3_vs_1_with_keeper,42,collect_rollout,3405,0,16,0.0,False,False,0.0,0.0,0,0,0,0.0,0.0,0.0,0.0,0.0,1,0.0
,academy_3_vs_1_with_keeper,42,collect_rollout,3406,0,20,-0.003333333181217313,False,False,0.0,0.0,0,0,0,0.0,0.0,0.0,0.0,-0.003333333181217313,1,-0.003333333181217313
,academy_3_vs_1_with_keeper,42,collect_rollout,3407,0,21,-0.003333333181217313,False,False,0.0,0.0,0,0,0,0.0,0.0,0.0,0.0,-0.003333333181217313,1,-0.003333333181217313
,academy_3_vs_1_with_keeper,42,collect_rollout,3408,0,9,-0.0008414746262133121,False,False,0.0,0.0,0,0,0,0.0,0.0,0.0,0.0,-0.0008414746262133121,1,-0.0008414746262133121
,academy_3_vs_1_with_keeper,42,collect_rollout,3409,0,47,0.0396880525368033,False,False,0.0,0.0,0,0,0,0.0,0.0,0.0,0.0,0.0396880525368033,1,0.0396880525368033
,academy_3_vs_1_with_keeper,42,collect_rollout,3410,0,82,0.045444095972925425,False,False,0.0,0.0,0,0,0,0.0,0.0,0.0,0.0,0.045444095972925425,1,0.045444095972925425
,academy_3_vs_1_with_keeper,42,collect_rollout,3411,0,14,0.0,False,False,0.0,0.0,0,0,0,0.0,0.0,0.0,0.0,0.0,1,0.0
,academy_3_vs_1_with_keeper,42,collect_rollout,3412,0,22,-0.009999999543651938,False,False,0.0,0.0,0,0,0,0.0,0.0,0.0,0.0,-0.009999999543651938,1,-0.009999999543651938
,academy_3_vs_1_with_keeper,42,collect_rollout,3413,0,68,1.7221530787064694,False,False,0.0,0.0,0,0,0,0.0,0.0,0.0,0.0,1.7221530787064694,1,1.7221530787064694
,academy_3_vs_1_with_keeper,42,collect_rollout,3414,0,21,-0.003333333181217313,False,False,0.0,0.0,0,0,0,0.0,0.0,0.0,0.0,-0.003333333181217313,1,-0.003333333181217313
,academy_3_vs_1_with_keeper,42,collect_rollout,3415,0,44,0.10918339295312762,False,False,0.0,0.0,0,0,0,0.0,0.0,0.0,0.0,0.10918339295312762,1,0.10918339295312762
,academy_3_vs_1_with_keeper,42,collect_rollout,3416,0,13,-0.011589761939831078,False,False,0.0,0.0,0,0,0,0.0,0.0,0.0,0.0,-0.011589761939831078,1,-0.011589761939831078
,academy_3_vs_1_with_keeper,42,collect_rollout,3417,0,84,-0.14538912242278457,False,False,0.0,0.0,0,0,0,0.0,0.0,0.0,0.0,-0.14538912242278457,1,-0.14538912242278457
,academy_3_vs_1_with_keeper,42,collect_rollout,3418,0,34,0.08973875909578055,False,False,0.0,0.0,0,0,0,0.0,0.0,0.0,0.0,0.08973875909578055,1,0.08973875909578055
,academy_3_vs_1_with_keeper,42,collect_rollout,3419,0,18,-0.003333333181217313,False,False,0.0,0.0,0,0,0,0.0,0.0,0.0,0.0,-0.003333333181217313,1,-0.003333333181217313
,academy_3_vs_1_with_keeper,42,collect_rollout,3420,0,99,-0.3410154148004949,False,False,0.0,0.0,0,0,0,0.0,0.0,0.0,0.0,-0.3410154148004949,1,-0.3410154148004949
,academy_3_vs_1_with_keeper,42,collect_rollout,3421,0,19,-0.003333333181217313,False,False,0.0,0.0,0,0,0,0.0,0.0,0.0,0.0,-0.003333333181217313,1,-0.003333333181217313
,academy_3_vs_1_with_keeper,42,collect_rollout,3422,0,43,0.05581114115193486,False,False,0.0,0.0,0,0,0,0.0,0.0,0.0,0.0,0.05581114115193486,1,0.05581114115193486
,academy_3_vs_1_with_keeper,42,collect_rollout,3423,0,58,0.04815493302885443,False,False,0.0,0.0,0,0,0,0.0,0.0,0.0,0.0,0.04815493302885443,1,0.04815493302885443
,academy_3_vs_1_with_keeper,42,collect_rollout,3424,0,21,0.0,False,False,0.0,0.0,0,0,0,0.0,0.0,0.0,0.0,0.0,1,0.0
,academy_3_vs_1_with_keeper,42,collect_rollout,3425,0,83,0.03496680251555517,False,False,0.0,0.0,0,0,0,0.0,0.0,0.0,0.0,0.03496680251555517,1,0.03496680251555517
,academy_3_vs_1_with_keeper,42,collect_rollout,3426,0,15,0.0,False,False,0.0,0.0,0,0,0,0.0,0.0,0.0,0.0,0.0,1,0.0
,academy_3_vs_1_with_keeper,42,collect_rollout,3427,0,21,0.0,False,False,0.0,0.0,0,0,0,0.0,0.0,0.0,0.0,0.0,1,0.0
,academy_3_vs_1_with_keeper,42,collect_rollout,3428,0,62,2.170903213089332,False,False,0.0,0.0,0,0,0,0.0,0.0,0.0,0.0,2.170903213089332,1,2.170903213089332
,academy_3_vs_1_with_keeper,42,collect_rollout,3429,0,15,-0.003333333181217313,False,False,0.0,0.0,0,0,0,0.0,0.0,0.0,0.0,-0.003333333181217313,1,-0.003333333181217313
,academy_3_vs_1_with_keeper,42,collect_rollout,3430,0,41,0.051883378298953176,False,False,0.0,0.0,0,0,0,0.0,0.0,0.0,0.0,0.051883378298953176,1,0.051883378298953176
,academy_3_vs_1_with_keeper,42,collect_rollout,3431,0,78,-0.11890949483495206,False,False,0.0,0.0,0,0,0,0.0,0.0,0.0,0.0,-0.11890949483495206,1,-0.11890949483495206
,academy_3_vs_1_with_keeper,42,collect_rollout,3432,0,22,-0.003333333181217313,False,False,0.0,0.0,0,0,0,0.0,0.0,0.0,0.0,-0.003333333181217313,1,-0.003333333181217313
,academy_3_vs_1_with_keeper,42,collect_rollout,3433,0,13,-0.01222196128219366,False,False,0.0,0.0,0,0,0,0.0,0.0,0.0,0.0,-0.01222196128219366,1,-0.01222196128219366
,academy_3_vs_1_with_keeper,42,collect_rollout,3434,0,20,-0.003333333181217313,False,False,0.0,0.0,0,0,0,0.0,0.0,0.0,0.0,-0.003333333181217313,1,-0.003333333181217313
,academy_3_vs_1_with_keeper,42,collect_rollout,3435,0,14,-0.003333333181217313,False,False,0.0,0.0,0,0,0,0.0,0.0,0.0,0.0,-0.003333333181217313,1,-0.003333333181217313
,academy_3_vs_1_with_keeper,42,collect_rollout,3436,0,21,0.0,False,False,0.0,0.0,0,0,0,0.0,0.0,0.0,0.0,0.0,1,0.0
,academy_3_vs_1_with_keeper,42,collect_rollout,3437,0,24,-0.009999999543651938,False,False,0.0,0.0,0,0,0,0.0,0.0,0.0,0.0,-0.009999999543651938,1,-0.009999999543651938
,academy_3_vs_1_with_keeper,42,collect_rollout,3438,0,11,0.012372084311209619,False,False,0.0,0.0,0,0,0,0.0,0.0,0.0,0.0,0.012372084311209619,1,0.012372084311209619
,academy_3_vs_1_with_keeper,42,collect_rollout,3439,0,80,0.04521188326179981,False,False,0.0,0.0,0,0,0,0.0,0.0,0.0,0.0,0.04521188326179981,1,0.04521188326179981
,academy_3_vs_1_with_keeper,42,collect_rollout,3440,0,15,0.0,False,False,0.0,0.0,0,0,0,0.0,0.0,0.0,0.0,0.0,1,0.0
,academy_3_vs_1_with_keeper,42,collect_rollout,3441,0,15,0.0,False,False,0.0,0.0,0,0,0,0.0,0.0,0.0,0.0,0.0,1,0.0
,academy_3_vs_1_with_keeper,42,collect_rollout,3442,0,20,-0.003333333181217313,False,False,0.0,0.0,0,0,0,0.0,0.0,0.0,0.0,-0.003333333181217313,1,-0.003333333181217313
,academy_3_vs_1_with_keeper,42,collect_rollout,3443,0,86,-0.0093097819481045,False,False,0.0,0.0,0,0,0,0.0,0.0,0.0,0.0,-0.0093097819481045,1,-0.0093097819481045
,academy_3_vs_1_with_keeper,42,collect_rollout,3444,0,21,-0.003333333181217313,False,False,0.0,0.0,0,0,0,0.0,0.0,0.0,0.0,-0.003333333181217313,1,-0.003333333181217313
,academy_3_vs_1_with_keeper,42,collect_rollout,3445,0,84,0.05153438472189009,False,False,0.0,0.0,0,0,0,0.0,0.0,0.0,0.0,0.05153438472189009,1,0.05153438472189009
,academy_3_vs_1_with_keeper,42,collect_rollout,3446,0,23,-0.003333333181217313,False,False,0.0,0.0,0,0,0,0.0,0.0,0.0,0.0,-0.003333333181217313,1,-0.003333333181217313
,academy_3_vs_1_with_keeper,42,collect_rollout,3447,0,85,-0.1207919146399945,False,False,0.0,0.0,0,0,0,0.0,0.0,0.0,0.0,-0.1207919146399945,1,-0.1207919146399945
,academy_3_vs_1_with_keeper,42,collect_rollout,3448,0,93,-0.35585587727837265,False,False,0.0,0.0,0,0,0,0.0,0.0,0.0,0.0,-0.35585587727837265,1,-0.35585587727837265
,academy_3_vs_1_with_keeper,42,collect_rollout,3449,0,20,0.0,False,False,0.0,0.0,0,0,0,0.0,0.0,0.0,0.0,0.0,1,0.0
,academy_3_vs_1_with_keeper,42,collect_rollout,3450,0,20,0.0,False,False,0.0,0.0,0,0,0,0.0,0.0,0.0,0.0,0.0,1,0.0
,academy_3_vs_1_with_keeper,42,collect_rollout,3451,0,19,-0.003333333181217313,False,False,0.0,0.0,0,0,0,0.0,0.0,0.0,0.0,-0.003333333181217313,1,-0.003333333181217313
,academy_3_vs_1_with_keeper,42,collect_rollout,3452,0,15,0.0,False,False,0.0,0.0,0,0,0,0.0,0.0,0.0,0.0,0.0,1,0.0
,academy_3_vs_1_with_keeper,42,collect_rollout,3453,0,19,0.0,False,False,0.0,0.0,0,0,0,0.0,0.0,0.0,0.0,0.0,1,0.0
,academy_3_vs_1_with_keeper,42,collect_rollout,3454,0,81,0.024144376744516194,False,False,0.0,0.0,0,0,0,0.0,0.0,0.0,0.0,0.024144376744516194,1,0.024144376744516194
,academy_3_vs_1_with_keeper,42,collect_rollout,3455,0,19,0.0,False,False,0.0,0.0,0,0,0,0.0,0.0,0.0,0.0,0.0,1,0.0
,academy_3_vs_1_with_keeper,42,collect_rollout,3456,0,43,0.04937083902768791,False,False,0.0,0.0,0,0,0,0.0,0.0,0.0,0.0,0.04937083902768791,1,0.04937083902768791
,academy_3_vs_1_with_keeper,42,collect_rollout,3457,0,91,-0.0461312584229745,False,False,0.0,0.0,0,0,0,0.0,0.0,0.0,0.0,-0.0461312584229745,1,-0.0461312584229745
,academy_3_vs_1_with_keeper,42,collect_rollout,3458,0,52,0.11073924333322793,False,False,0.0,0.0,0,0,0,0.0,0.0,0.0,0.0,0.11073924333322793,1,0.11073924333322793
,academy_3_vs_1_with_keeper,42,collect_rollout,3459,0,18,-0.009999999543651938,False,False,0.0,0.0,0,0,0,0.0,0.0,0.0,0.0,-0.009999999543651938,1,-0.009999999543651938
,academy_3_vs_1_with_keeper,42,collect_rollout,3460,0,33,-0.10634846892207861,False,False,0.0,0.0,0,0,0,0.0,0.0,0.0,0.0,-0.10634846892207861,1,-0.10634846892207861
,academy_3_vs_1_with_keeper,42,collect_rollout,3461,0,9,0.016480665071867406,False,False,0.0,0.0,0,0,0,0.0,0.0,0.0,0.0,0.016480665071867406,1,0.016480665071867406
,academy_3_vs_1_with_keeper,42,collect_rollout,3462,0,20,-0.003333333181217313,False,False,0.0,0.0,0,0,0,0.0,0.0,0.0,0.0,-0.003333333181217313,1,-0.003333333181217313
,academy_3_vs_1_with_keeper,42,collect_rollout,3463,0,19,0.0,False,False,0.0,0.0,0,0,0,0.0,0.0,0.0,0.0,0.0,1,0.0
,academy_3_vs_1_with_keeper,42,collect_rollout,3464,0,16,-0.003333333181217313,False,False,0.0,0.0,0,0,0,0.0,0.0,0.0,0.0,-0.003333333181217313,1,-0.003333333181217313
,academy_3_vs_1_with_keeper,42,collect_rollout,3465,0,15,0.0,False,False,0.0,0.0,0,0,0,0.0,0.0,0.0,0.0,0.0,1,0.0
,academy_3_vs_1_with_keeper,42,collect_rollout,3466,0,19,-0.009999999543651938,False,False,0.0,0.0,0,0,0,0.0,0.0,0.0,0.0,-0.009999999543651938,1,-0.009999999543651938
,academy_3_vs_1_with_keeper,42,collect_rollout,3467,0,16,0.0,False,False,0.0,0.0,0,0,0,0.0,0.0,0.0,0.0,0.0,1,0.0
,academy_3_vs_1_with_keeper,42,collect_rollout,3468,0,16,-0.003333333181217313,False,False,0.0,0.0,0,0,0,0.0,0.0,0.0,0.0,-0.003333333181217313,1,-0.003333333181217313
,academy_3_vs_1_with_keeper,42,collect_rollout,3469,0,95,-0.4033923903480172,False,False,0.0,0.0,0,0,0,0.0,0.0,0.0,0.0,-0.4033923903480172,1,-0.4033923903480172
,academy_3_vs_1_with_keeper,42,collect_rollout,3470,0,121,0.03828515368513763,False,False,0.0,0.0,0,0,0,0.0,0.0,0.0,0.0,0.03828515368513763,1,0.03828515368513763
,academy_3_vs_1_with_keeper,42,collect_rollout,3471,0,14,-0.014258056104154093,False,False,0.0,0.0,0,0,0,0.0,0.0,0.0,0.0,-0.014258056104154093,1,-0.014258056104154093
,academy_3_vs_1_with_keeper,42,collect_rollout,3472,0,91,-0.32938346546143293,False,False,0.0,0.0,0,0,0,0.0,0.0,0.0,0.0,-0.32938346546143293,1,-0.32938346546143293
,academy_3_vs_1_with_keeper,42,collect_rollout,3473,0,46,0.04340219829464331,False,False,0.0,0.0,0,0,0,0.0,0.0,0.0,0.0,0.04340219829464331,1,0.04340219829464331
,academy_3_vs_1_with_keeper,42,collect_rollout,3474,0,13,-0.0080242024268955,False,False,0.0,0.0,0,0,0,0.0,0.0,0.0,0.0,-0.0080242024268955,1,-0.0080242024268955
,academy_3_vs_1_with_keeper,42,collect_rollout,3475,0,66,1.7762095031430363,False,False,0.0,0.0,0,0,0,0.0,0.0,0.0,0.0,1.7762095031430363,1,1.7762095031430363
,academy_3_vs_1_with_keeper,42,collect_rollout,3476,0,46,-0.0979345750529319,False,False,0.0,0.0,0,0,0,0.0,0.0,0.0,0.0,-0.0979345750529319,1,-0.0979345750529319
,academy_3_vs_1_with_keeper,42,collect_rollout,3477,0,18,-0.006666666362434626,False,False,0.0,0.0,0,0,0,0.0,0.0,0.0,0.0,-0.006666666362434626,1,-0.006666666362434626
,academy_3_vs_1_with_keeper,42,collect_rollout,3478,0,17,-0.006666666362434626,False,False,0.0,0.0,0,0,0,0.0,0.0,0.0,0.0,-0.006666666362434626,1,-0.006666666362434626
,academy_3_vs_1_with_keeper,42,collect_rollout,3479,0,14,0.0,False,False,0.0,0.0,0,0,0,0.0,0.0,0.0,0.0,0.0,1,0.0
,academy_3_vs_1_with_keeper,42,collect_rollout,3480,0,83,0.3107198695652187,False,False,0.0,0.0,0,0,0,0.0,0.0,0.0,0.0,0.3107198695652187,1,0.3107198695652187
,academy_3_vs_1_with_keeper,42,collect_rollout,3481,0,17,-0.006666666362434626,False,False,0.0,0.0,0,0,0,0.0,0.0,0.0,0.0,-0.006666666362434626,1,-0.006666666362434626
,academy_3_vs_1_with_keeper,42,collect_rollout,3482,0,22,-0.003333333181217313,False,False,0.0,0.0,0,0,0,0.0,0.0,0.0,0.0,-0.003333333181217313,1,-0.003333333181217313
,academy_3_vs_1_with_keeper,42,collect_rollout,3483,0,35,-0.04333333461545408,False,False,0.0,0.0,0,0,0,0.0,0.0,0.0,0.0,-0.04333333461545408,1,-0.04333333461545408
,academy_3_vs_1_with_keeper,42,collect_rollout,3484,0,44,0.08879353769589216,False,False,0.0,0.0,0,0,0,0.0,0.0,0.0,0.0,0.08879353769589216,1,0.08879353769589216
,academy_3_vs_1_with_keeper,42,collect_rollout,3485,0,14,-0.005329243489541113,False,False,0.0,0.0,0,0,0,0.0,0.0,0.0,0.0,-0.005329243489541113,1,-0.005329243489541113
,academy_3_vs_1_with_keeper,42,collect_rollout,3486,0,17,-0.003333333181217313,False,False,0.0,0.0,0,0,0,0.0,0.0,0.0,0.0,-0.003333333181217313,1,-0.003333333181217313
,academy_3_vs_1_with_keeper,42,collect_rollout,3487,0,22,0.0,False,False,0.0,0.0,0,0,0,0.0,0.0,0.0,0.0,0.0,1,0.0
,academy_3_vs_1_with_keeper,42,collect_rollout,3488,0,17,-0.003333333181217313,False,False,0.0,0.0,0,0,0,0.0,0.0,0.0,0.0,-0.003333333181217313,1,-0.003333333181217313
,academy_3_vs_1_with_keeper,42,collect_rollout,3489,0,79,0.002591986092738807,False,False,0.0,0.0,0,0,0,0.0,0.0,0.0,0.0,0.002591986092738807,1,0.002591986092738807
,academy_3_vs_1_with_keeper,42,collect_rollout,3490,0,8,0.012419548351317644,False,False,0.0,0.0,0,0,0,0.0,0.0,0.0,0.0,0.012419548351317644,1,0.012419548351317644
,academy_3_vs_1_with_keeper,42,collect_rollout,3491,0,17,0.0,False,False,0.0,0.0,0,0,0,0.0,0.0,0.0,0.0,0.0,1,0.0
,academy_3_vs_1_with_keeper,42,collect_rollout,3492,0,42,0.04853580961935222,False,False,0.0,0.0,0,0,0,0.0,0.0,0.0,0.0,0.04853580961935222,1,0.04853580961935222
,academy_3_vs_1_with_keeper,42,collect_rollout,3493,0,20,0.0,False,False,0.0,0.0,0,0,0,0.0,0.0,0.0,0.0,0.0,1,0.0
,academy_3_vs_1_with_keeper,42,collect_rollout,3494,0,78,-0.01981158123817295,False,False,0.0,0.0,0,0,0,0.0,0.0,0.0,0.0,-0.01981158123817295,1,-0.01981158123817295
,academy_3_vs_1_with_keeper,42,collect_rollout,3495,0,106,-0.05220887977338862,False,False,0.0,0.0,0,0,0,0.0,0.0,0.0,0.0,-0.05220887977338862,1,-0.05220887977338862
,academy_3_vs_1_with_keeper,42,collect_rollout,3496,0,18,0.0,False,False,0.0,0.0,0,0,0,0.0,0.0,0.0,0.0,0.0,1,0.0
,academy_3_vs_1_with_keeper,42,collect_rollout,3497,0,16,0.0,False,False,0.0,0.0,0,0,0,0.0,0.0,0.0,0.0,0.0,1,0.0
,academy_3_vs_1_with_keeper,42,collect_rollout,3498,0,20,0.0,False,False,0.0,0.0,0,0,0,0.0,0.0,0.0,0.0,0.0,1,0.0
,academy_3_vs_1_with_keeper,42,collect_rollout,3499,0,17,-0.003333333181217313,False,False,0.0,0.0,0,0,0,0.0,0.0,0.0,0.0,-0.003333333181217313,1,-0.003333333181217313
,academy_3_vs_1_with_keeper,42,collect_rollout,3500,0,80,0.009535018063616008,False,False,0.0,0.0,0,0,0,0.0,0.0,0.0,0.0,0.009535018063616008,1,0.009535018063616008
,academy_3_vs_1_with_keeper,42,collect_rollout,3501,0,54,-0.036170287523418665,False,False,0.0,0.0,0,0,0,0.0,0.0,0.0,0.0,-0.036170287523418665,1,-0.036170287523418665
,academy_3_vs_1_with_keeper,42,collect_rollout,3502,0,32,0.03864018362946808,False,False,0.0,0.0,0,0,0,0.0,0.0,0.0,0.0,0.03864018362946808,1,0.03864018362946808
,academy_3_vs_1_with_keeper,42,collect_rollout,3503,0,53,-0.06640541239175946,False,False,0.0,0.0,0,0,0,0.0,0.0,0.0,0.0,-0.06640541239175946,1,-0.06640541239175946
,academy_3_vs_1_with_keeper,42,collect_rollout,3504,0,40,-0.08105959231033921,False,False,0.0,0.0,0,0,0,0.0,0.0,0.0,0.0,-0.08105959231033921,1,-0.08105959231033921
,academy_3_vs_1_with_keeper,42,collect_rollout,3505,0,21,-0.009999999543651938,False,False,0.0,0.0,0,0,0,0.0,0.0,0.0,0.0,-0.009999999543651938,1,-0.009999999543651938
,academy_3_vs_1_with_keeper,42,collect_rollout,3506,0,81,2.000158456969075,False,False,0.0,0.0,0,0,0,0.0,0.0,0.0,0.0,2.000158456969075,1,2.000158456969075
,academy_3_vs_1_with_keeper,42,collect_rollout,3507,0,18,0.0,False,False,0.0,0.0,0,0,0,0.0,0.0,0.0,0.0,0.0,1,0.0
,academy_3_vs_1_with_keeper,42,collect_rollout,3508,0,16,0.0,False,False,0.0,0.0,0,0,0,0.0,0.0,0.0,0.0,0.0,1,0.0
,academy_3_vs_1_with_keeper,42,collect_rollout,3509,0,18,-0.003333333181217313,False,False,0.0,0.0,0,0,0,0.0,0.0,0.0,0.0,-0.003333333181217313,1,-0.003333333181217313
,academy_3_vs_1_with_keeper,42,collect_rollout,3510,0,17,0.0,False,False,0.0,0.0,0,0,0,0.0,0.0,0.0,0.0,0.0,1,0.0
,academy_3_vs_1_with_keeper,42,collect_rollout,3511,0,20,0.0,False,False,0.0,0.0,0,0,0,0.0,0.0,0.0,0.0,0.0,1,0.0
,academy_3_vs_1_with_keeper,42,collect_rollout,3512,0,17,0.0,False,False,0.0,0.0,0,0,0,0.0,0.0,0.0,0.0,0.0,1,0.0
,academy_3_vs_1_with_keeper,42,collect_rollout,3513,0,37,0.0643239157507196,False,False,0.0,0.0,0,0,0,0.0,0.0,0.0,0.0,0.0643239157507196,1,0.0643239157507196
,academy_3_vs_1_with_keeper,42,collect_rollout,3514,0,21,0.0,False,False,0.0,0.0,0,0,0,0.0,0.0,0.0,0.0,0.0,1,0.0
,academy_3_vs_1_with_keeper,42,collect_rollout,3515,0,40,0.03393354942090809,False,False,0.0,0.0,0,0,0,0.0,0.0,0.0,0.0,0.03393354942090809,1,0.03393354942090809
,academy_3_vs_1_with_keeper,42,collect_rollout,3516,0,21,0.0,False,False,0.0,0.0,0,0,0,0.0,0.0,0.0,0.0,0.0,1,0.0
,academy_3_vs_1_with_keeper,42,collect_rollout,3517,0,18,-0.003333333181217313,False,False,0.0,0.0,0,0,0,0.0,0.0,0.0,0.0,-0.003333333181217313,1,-0.003333333181217313
,academy_3_vs_1_with_keeper,42,collect_rollout,3518,0,85,0.03064828537753783,False,False,0.0,0.0,0,0,0,0.0,0.0,0.0,0.0,0.03064828537753783,1,0.03064828537753783
,academy_3_vs_1_with_keeper,42,collect_rollout,3519,0,15,-0.003333333181217313,False,False,0.0,0.0,0,0,0,0.0,0.0,0.0,0.0,-0.003333333181217313,1,-0.003333333181217313
,academy_3_vs_1_with_keeper,42,collect_rollout,3520,0,16,-0.003333333181217313,False,False,0.0,0.0,0,0,0,0.0,0.0,0.0,0.0,-0.003333333181217313,1,-0.003333333181217313
,academy_3_vs_1_with_keeper,42,collect_rollout,3521,0,14,0.0,False,False,0.0,0.0,0,0,0,0.0,0.0,0.0,0.0,0.0,1,0.0
,academy_3_vs_1_with_keeper,42,collect_rollout,3522,0,18,-0.009999999543651938,False,False,0.0,0.0,0,0,0,0.0,0.0,0.0,0.0,-0.009999999543651938,1,-0.009999999543651938
,academy_3_vs_1_with_keeper,42,collect_rollout,3523,0,18,-0.006666666362434626,False,False,0.0,0.0,0,0,0,0.0,0.0,0.0,0.0,-0.006666666362434626,1,-0.006666666362434626
,academy_3_vs_1_with_keeper,42,collect_rollout,3524,0,17,-0.003333333181217313,False,False,0.0,0.0,0,0,0,0.0,0.0,0.0,0.0,-0.003333333181217313,1,-0.003333333181217313
,academy_3_vs_1_with_keeper,42,collect_rollout,3525,0,21,-0.013333332724869251,False,False,0.0,0.0,0,0,0,0.0,0.0,0.0,0.0,-0.013333332724869251,1,-0.013333332724869251
,academy_3_vs_1_with_keeper,42,collect_rollout,3526,0,10,-0.0009560619946569204,False,False,0.0,0.0,0,0,0,0.0,0.0,0.0,0.0,-0.0009560619946569204,1,-0.0009560619946569204
,academy_3_vs_1_with_keeper,42,collect_rollout,3527,0,16,0.0,False,False,0.0,0.0,0,0,0,0.0,0.0,0.0,0.0,0.0,1,0.0
,academy_3_vs_1_with_keeper,42,collect_rollout,3528,0,18,0.0,False,False,0.0,0.0,0,0,0,0.0,0.0,0.0,0.0,0.0,1,0.0
,academy_3_vs_1_with_keeper,42,collect_rollout,3529,0,90,-0.26339230441953987,False,False,0.0,0.0,0,0,0,0.0,0.0,0.0,0.0,-0.26339230441953987,1,-0.26339230441953987
,academy_3_vs_1_with_keeper,42,collect_rollout,3530,0,94,-0.0705542853102088,False,False,0.0,0.0,0,0,0,0.0,0.0,0.0,0.0,-0.0705542853102088,1,-0.0705542853102088
,academy_3_vs_1_with_keeper,42,collect_rollout,3531,0,87,-0.3172527822898701,False,False,0.0,0.0,0,0,0,0.0,0.0,0.0,0.0,-0.3172527822898701,1,-0.3172527822898701
,academy_3_vs_1_with_keeper,42,collect_rollout,3532,0,23,-0.006666666362434626,False,False,0.0,0.0,0,0,0,0.0,0.0,0.0,0.0,-0.006666666362434626,1,-0.006666666362434626
,academy_3_vs_1_with_keeper,42,collect_rollout,3533,0,84,0.05689721880480647,False,False,0.0,0.0,0,0,0,0.0,0.0,0.0,0.0,0.05689721880480647,1,0.05689721880480647
,academy_3_vs_1_with_keeper,42,collect_rollout,3534,0,17,-0.003333333181217313,False,False,0.0,0.0,0,0,0,0.0,0.0,0.0,0.0,-0.003333333181217313,1,-0.003333333181217313
,academy_3_vs_1_with_keeper,42,collect_rollout,3535,0,11,-0.01537501614075154,False,False,0.0,0.0,0,0,0,0.0,0.0,0.0,0.0,-0.01537501614075154,1,-0.01537501614075154
,academy_3_vs_1_with_keeper,42,collect_rollout,3536,0,16,0.0,False,False,0.0,0.0,0,0,0,0.0,0.0,0.0,0.0,0.0,1,0.0
,academy_3_vs_1_with_keeper,42,collect_rollout,3537,0,20,0.0,False,False,0.0,0.0,0,0,0,0.0,0.0,0.0,0.0,0.0,1,0.0
,academy_3_vs_1_with_keeper,42,collect_rollout,3538,0,40,0.026010305271483958,False,False,0.0,0.0,0,0,0,0.0,0.0,0.0,0.0,0.026010305271483958,1,0.026010305271483958
,academy_3_vs_1_with_keeper,42,collect_rollout,3539,0,16,-0.008711785387276905,False,False,0.0,0.0,0,0,0,0.0,0.0,0.0,0.0,-0.008711785387276905,1,-0.008711785387276905
,academy_3_vs_1_with_keeper,42,collect_rollout,3540,0,20,0.0,False,False,0.0,0.0,0,0,0,0.0,0.0,0.0,0.0,0.0,1,0.0
,academy_3_vs_1_with_keeper,42,collect_rollout,3541,0,16,-0.003333333181217313,False,False,0.0,0.0,0,0,0,0.0,0.0,0.0,0.0,-0.003333333181217313,1,-0.003333333181217313
,academy_3_vs_1_with_keeper,42,collect_rollout,3542,0,20,0.0,False,False,0.0,0.0,0,0,0,0.0,0.0,0.0,0.0,0.0,1,0.0
,academy_3_vs_1_with_keeper,42,collect_rollout,3543,0,81,0.05642596880534256,False,False,0.0,0.0,0,0,0,0.0,0.0,0.0,0.0,0.05642596880534256,1,0.05642596880534256
,academy_3_vs_1_with_keeper,42,collect_rollout,3544,0,88,-0.023937373305670917,False,False,0.0,0.0,0,0,0,0.0,0.0,0.0,0.0,-0.023937373305670917,1,-0.023937373305670917
,academy_3_vs_1_with_keeper,42,collect_rollout,3545,0,8,0.012435181182809174,False,False,0.0,0.0,0,0,0,0.0,0.0,0.0,0.0,0.012435181182809174,1,0.012435181182809174
,academy_3_vs_1_with_keeper,42,collect_rollout,3546,0,19,-0.003333333181217313,False,False,0.0,0.0,0,0,0,0.0,0.0,0.0,0.0,-0.003333333181217313,1,-0.003333333181217313
,academy_3_vs_1_with_keeper,42,collect_rollout,3547,0,21,0.0,False,False,0.0,0.0,0,0,0,0.0,0.0,0.0,0.0,0.0,1,0.0
,academy_3_vs_1_with_keeper,42,collect_rollout,3548,0,94,7.208145689219236e-06,False,False,0.0,0.0,0,0,0,0.0,0.0,0.0,0.0,7.208145689219236e-06,1,7.208145689219236e-06
,academy_3_vs_1_with_keeper,42,collect_rollout,3549,0,15,-0.009999999543651938,False,False,0.0,0.0,0,0,0,0.0,0.0,0.0,0.0,-0.009999999543651938,1,-0.009999999543651938
,academy_3_vs_1_with_keeper,42,collect_rollout,3550,0,20,0.0,False,False,0.0,0.0,0,0,0,0.0,0.0,0.0,0.0,0.0,1,0.0
,academy_3_vs_1_with_keeper,42,collect_rollout,3551,0,18,-0.006666666362434626,False,False,0.0,0.0,0,0,0,0.0,0.0,0.0,0.0,-0.006666666362434626,1,-0.006666666362434626
,academy_3_vs_1_with_keeper,42,collect_rollout,3552,0,16,-0.003333333181217313,False,False,0.0,0.0,0,0,0,0.0,0.0,0.0,0.0,-0.003333333181217313,1,-0.003333333181217313
,academy_3_vs_1_with_keeper,42,collect_rollout,3553,0,89,0.028927525621838868,False,False,0.0,0.0,0,0,0,0.0,0.0,0.0,0.0,0.028927525621838868,1,0.028927525621838868
,academy_3_vs_1_with_keeper,42,collect_rollout,3554,0,97,0.011991869076155126,False,False,0.0,0.0,0,0,0,0.0,0.0,0.0,0.0,0.011991869076155126,1,0.011991869076155126
,academy_3_vs_1_with_keeper,42,collect_rollout,3555,0,20,-0.003333333181217313,False,False,0.0,0.0,0,0,0,0.0,0.0,0.0,0.0,-0.003333333181217313,1,-0.003333333181217313
,academy_3_vs_1_with_keeper,42,collect_rollout,3556,0,22,-0.026666665449738503,False,False,0.0,0.0,0,0,0,0.0,0.0,0.0,0.0,-0.026666665449738503,1,-0.026666665449738503
,academy_3_vs_1_with_keeper,42,collect_rollout,3557,0,21,-0.003333333181217313,False,False,0.0,0.0,0,0,0,0.0,0.0,0.0,0.0,-0.003333333181217313,1,-0.003333333181217313
,academy_3_vs_1_with_keeper,42,collect_rollout,3558,0,20,-0.003333333181217313,False,False,0.0,0.0,0,0,0,0.0,0.0,0.0,0.0,-0.003333333181217313,1,-0.003333333181217313
,academy_3_vs_1_with_keeper,42,collect_rollout,3559,0,61,-0.030022453516721725,False,False,0.0,0.0,0,0,0,0.0,0.0,0.0,0.0,-0.030022453516721725,1,-0.030022453516721725
,academy_3_vs_1_with_keeper,42,collect_rollout,3560,0,66,-0.05464702227618545,False,False,0.0,0.0,0,0,0,0.0,0.0,0.0,0.0,-0.05464702227618545,1,-0.05464702227618545
,academy_3_vs_1_with_keeper,42,collect_rollout,3561,0,20,-0.003333333181217313,False,False,0.0,0.0,0,0,0,0.0,0.0,0.0,0.0,-0.003333333181217313,1,-0.003333333181217313
,academy_3_vs_1_with_keeper,42,collect_rollout,3562,0,11,0.002864524954929948,False,False,0.0,0.0,0,0,0,0.0,0.0,0.0,0.0,0.002864524954929948,1,0.002864524954929948
,academy_3_vs_1_with_keeper,42,collect_rollout,3563,0,18,0.0,False,False,0.0,0.0,0,0,0,0.0,0.0,0.0,0.0,0.0,1,0.0
,academy_3_vs_1_with_keeper,42,collect_rollout,3564,0,12,-0.02248104941099882,False,False,0.0,0.0,0,0,0,0.0,0.0,0.0,0.0,-0.02248104941099882,1,-0.02248104941099882
,academy_3_vs_1_with_keeper,42,collect_rollout,3565,0,11,-0.004711905145086348,False,False,0.0,0.0,0,0,0,0.0,0.0,0.0,0.0,-0.004711905145086348,1,-0.004711905145086348
,academy_3_vs_1_with_keeper,42,collect_rollout,3566,0,20,0.0,False,False,0.0,0.0,0,0,0,0.0,0.0,0.0,0.0,0.0,1,0.0
,academy_3_vs_1_with_keeper,42,collect_rollout,3567,0,20,0.0,False,False,0.0,0.0,0,0,0,0.0,0.0,0.0,0.0,0.0,1,0.0
,academy_3_vs_1_with_keeper,42,collect_rollout,3568,0,22,-0.006666666362434626,False,False,0.0,0.0,0,0,0,0.0,0.0,0.0,0.0,-0.006666666362434626,1,-0.006666666362434626
,academy_3_vs_1_with_keeper,42,collect_rollout,3569,0,82,0.0599869426805526,False,False,0.0,0.0,0,0,0,0.0,0.0,0.0,0.0,0.0599869426805526,1,0.0599869426805526
,academy_3_vs_1_with_keeper,42,collect_rollout,3570,0,18,-0.003333333181217313,False,False,0.0,0.0,0,0,0,0.0,0.0,0.0,0.0,-0.003333333181217313,1,-0.003333333181217313
,academy_3_vs_1_with_keeper,42,collect_rollout,3571,0,19,-0.003333333181217313,False,False,0.0,0.0,0,0,0,0.0,0.0,0.0,0.0,-0.003333333181217313,1,-0.003333333181217313
,academy_3_vs_1_with_keeper,42,collect_rollout,3572,0,87,-0.05737900058738887,False,False,0.0,0.0,0,0,0,0.0,0.0,0.0,0.0,-0.05737900058738887,1,-0.05737900058738887
,academy_3_vs_1_with_keeper,42,collect_rollout,3573,0,30,0.054771614726632833,False,False,0.0,0.0,0,0,0,0.0,0.0,0.0,0.0,0.054771614726632833,1,0.054771614726632833
,academy_3_vs_1_with_keeper,42,collect_rollout,3574,0,8,-0.0025630819145590067,False,False,0.0,0.0,0,0,0,0.0,0.0,0.0,0.0,-0.0025630819145590067,1,-0.0025630819145590067
,academy_3_vs_1_with_keeper,42,collect_rollout,3575,0,12,-0.006850245292298496,False,False,0.0,0.0,0,0,0,0.0,0.0,0.0,0.0,-0.006850245292298496,1,-0.006850245292298496
,academy_3_vs_1_with_keeper,42,collect_rollout,3576,0,87,-0.29747274320106953,False,False,0.0,0.0,0,0,0,0.0,0.0,0.0,0.0,-0.29747274320106953,1,-0.29747274320106953
,academy_3_vs_1_with_keeper,42,collect_rollout,3577,0,14,0.0,False,False,0.0,0.0,0,0,0,0.0,0.0,0.0,0.0,0.0,1,0.0
,academy_3_vs_1_with_keeper,42,collect_rollout,3578,0,17,-0.003333333181217313,False,False,0.0,0.0,0,0,0,0.0,0.0,0.0,0.0,-0.003333333181217313,1,-0.003333333181217313
,academy_3_vs_1_with_keeper,42,collect_rollout,3579,0,18,0.0,False,False,0.0,0.0,0,0,0,0.0,0.0,0.0,0.0,0.0,1,0.0
,academy_3_vs_1_with_keeper,42,collect_rollout,3580,0,16,0.0,False,False,0.0,0.0,0,0,0,0.0,0.0,0.0,0.0,0.0,1,0.0
,academy_3_vs_1_with_keeper,42,collect_rollout,3581,0,19,-0.003333333181217313,False,False,0.0,0.0,0,0,0,0.0,0.0,0.0,0.0,-0.003333333181217313,1,-0.003333333181217313
,academy_3_vs_1_with_keeper,42,collect_rollout,3582,0,23,-0.013333332724869251,False,False,0.0,0.0,0,0,0,0.0,0.0,0.0,0.0,-0.013333332724869251,1,-0.013333332724869251
,academy_3_vs_1_with_keeper,42,collect_rollout,3583,0,81,0.06297222344437614,False,False,0.0,0.0,0,0,0,0.0,0.0,0.0,0.0,0.06297222344437614,1,0.06297222344437614
,academy_3_vs_1_with_keeper,42,collect_rollout,3584,0,17,-0.009999999543651938,False,False,0.0,0.0,0,0,0,0.0,0.0,0.0,0.0,-0.009999999543651938,1,-0.009999999543651938
,academy_3_vs_1_with_keeper,42,collect_rollout,3585,0,85,-0.28516657452564687,False,False,0.0,0.0,0,0,0,0.0,0.0,0.0,0.0,-0.28516657452564687,1,-0.28516657452564687
,academy_3_vs_1_with_keeper,42,collect_rollout,3586,0,16,-0.003333333181217313,False,False,0.0,0.0,0,0,0,0.0,0.0,0.0,0.0,-0.003333333181217313,1,-0.003333333181217313
,academy_3_vs_1_with_keeper,42,collect_rollout,3587,0,21,-0.003333333181217313,False,False,0.0,0.0,0,0,0,0.0,0.0,0.0,0.0,-0.003333333181217313,1,-0.003333333181217313
,academy_3_vs_1_with_keeper,42,collect_rollout,3588,0,84,-0.2780376826412976,False,False,0.0,0.0,0,0,0,0.0,0.0,0.0,0.0,-0.2780376826412976,1,-0.2780376826412976
,academy_3_vs_1_with_keeper,42,collect_rollout,3589,0,18,-0.009999999543651938,False,False,0.0,0.0,0,0,0,0.0,0.0,0.0,0.0,-0.009999999543651938,1,-0.009999999543651938
,academy_3_vs_1_with_keeper,42,collect_rollout,3590,0,16,0.0,False,False,0.0,0.0,0,0,0,0.0,0.0,0.0,0.0,0.0,1,0.0
,academy_3_vs_1_with_keeper,42,collect_rollout,3591,0,20,-0.009999999543651938,False,False,0.0,0.0,0,0,0,0.0,0.0,0.0,0.0,-0.009999999543651938,1,-0.009999999543651938
,academy_3_vs_1_with_keeper,42,collect_rollout,3592,0,1614,-0.12280978054332081,False,False,0.0,0.0,0,0,0,0.0,0.0,0.0,0.0,-0.12280978054332081,1,-0.12280978054332081
,academy_3_vs_1_with_keeper,42,collect_rollout,3593,0,87,-0.34067210054490715,False,False,0.0,0.0,0,0,0,0.0,0.0,0.0,0.0,-0.34067210054490715,1,-0.34067210054490715
,academy_3_vs_1_with_keeper,42,collect_rollout,3594,0,85,-0.25534898042678833,False,False,0.0,0.0,0,0,0,0.0,0.0,0.0,0.0,-0.25534898042678833,1,-0.25534898042678833
,academy_3_vs_1_with_keeper,42,collect_rollout,3595,0,20,-0.003333333181217313,False,False,0.0,0.0,0,0,0,0.0,0.0,0.0,0.0,-0.003333333181217313,1,-0.003333333181217313
,academy_3_vs_1_with_keeper,42,collect_rollout,3596,0,16,0.0,False,False,0.0,0.0,0,0,0,0.0,0.0,0.0,0.0,0.0,1,0.0
,academy_3_vs_1_with_keeper,42,collect_rollout,3597,0,43,0.05244109267368913,False,False,0.0,0.0,0,0,0,0.0,0.0,0.0,0.0,0.05244109267368913,1,0.05244109267368913
,academy_3_vs_1_with_keeper,42,collect_rollout,3598,0,79,-0.21211891900748014,False,False,0.0,0.0,0,0,0,0.0,0.0,0.0,0.0,-0.21211891900748014,1,-0.21211891900748014
,academy_3_vs_1_with_keeper,42,collect_rollout,3599,0,81,0.01655961398500949,False,False,0.0,0.0,0,0,0,0.0,0.0,0.0,0.0,0.01655961398500949,1,0.01655961398500949
,academy_3_vs_1_with_keeper,42,collect_rollout,3600,0,21,-0.009999999543651938,False,False,0.0,0.0,0,0,0,0.0,0.0,0.0,0.0,-0.009999999543651938,1,-0.009999999543651938
,academy_3_vs_1_with_keeper,42,collect_rollout,3601,0,19,-0.006666666362434626,False,False,0.0,0.0,0,0,0,0.0,0.0,0.0,0.0,-0.006666666362434626,1,-0.006666666362434626
,academy_3_vs_1_with_keeper,42,collect_rollout,3602,0,16,-0.003333333181217313,False,False,0.0,0.0,0,0,0,0.0,0.0,0.0,0.0,-0.003333333181217313,1,-0.003333333181217313
,academy_3_vs_1_with_keeper,42,collect_rollout,3603,0,1801,-0.022052294534660177,False,False,0.0,0.0,0,0,0,0.0,0.0,0.0,0.0,-0.022052294534660177,1,-0.022052294534660177
,academy_3_vs_1_with_keeper,42,collect_rollout,3604,0,41,0.051580496481619775,False,False,0.0,0.0,0,0,0,0.0,0.0,0.0,0.0,0.051580496481619775,1,0.051580496481619775
,academy_3_vs_1_with_keeper,42,collect_rollout,3605,0,19,-0.003333333181217313,False,False,0.0,0.0,0,0,0,0.0,0.0,0.0,0.0,-0.003333333181217313,1,-0.003333333181217313
,academy_3_vs_1_with_keeper,42,collect_rollout,3606,0,16,0.0,False,False,0.0,0.0,0,0,0,0.0,0.0,0.0,0.0,0.0,1,0.0
,academy_3_vs_1_with_keeper,42,collect_rollout,3607,0,14,-0.010049837874248624,False,False,0.0,0.0,0,0,0,0.0,0.0,0.0,0.0,-0.010049837874248624,1,-0.010049837874248624
,academy_3_vs_1_with_keeper,42,collect_rollout,3608,0,16,-0.003333333181217313,False,False,0.0,0.0,0,0,0,0.0,0.0,0.0,0.0,-0.003333333181217313,1,-0.003333333181217313
,academy_3_vs_1_with_keeper,42,collect_rollout,3609,0,18,-0.003333333181217313,False,False,0.0,0.0,0,0,0,0.0,0.0,0.0,0.0,-0.003333333181217313,1,-0.003333333181217313
,academy_3_vs_1_with_keeper,42,collect_rollout,3610,0,69,2.2541794155258685,False,False,0.0,0.0,0,0,0,0.0,0.0,0.0,0.0,2.2541794155258685,1,2.2541794155258685
,academy_3_vs_1_with_keeper,42,collect_rollout,3611,0,15,-0.016666665906086564,False,False,0.0,0.0,0,0,0,0.0,0.0,0.0,0.0,-0.016666665906086564,1,-0.016666665906086564
,academy_3_vs_1_with_keeper,42,collect_rollout,3612,0,19,0.0,False,False,0.0,0.0,0,0,0,0.0,0.0,0.0,0.0,0.0,1,0.0
,academy_3_vs_1_with_keeper,42,collect_rollout,3613,0,22,-0.009999999543651938,False,False,0.0,0.0,0,0,0,0.0,0.0,0.0,0.0,-0.009999999543651938,1,-0.009999999543651938
,academy_3_vs_1_with_keeper,42,collect_rollout,3614,0,18,0.0,False,False,0.0,0.0,0,0,0,0.0,0.0,0.0,0.0,0.0,1,0.0
,academy_3_vs_1_with_keeper,42,collect_rollout,3615,0,20,0.0,False,False,0.0,0.0,0,0,0,0.0,0.0,0.0,0.0,0.0,1,0.0
,academy_3_vs_1_with_keeper,42,collect_rollout,3616,0,20,-0.003333333181217313,False,False,0.0,0.0,0,0,0,0.0,0.0,0.0,0.0,-0.003333333181217313,1,-0.003333333181217313
,academy_3_vs_1_with_keeper,42,collect_rollout,3617,0,20,-0.003333333181217313,False,False,0.0,0.0,0,0,0,0.0,0.0,0.0,0.0,-0.003333333181217313,1,-0.003333333181217313
,academy_3_vs_1_with_keeper,42,collect_rollout,3618,0,20,-0.006666666362434626,False,False,0.0,0.0,0,0,0,0.0,0.0,0.0,0.0,-0.006666666362434626,1,-0.006666666362434626
,academy_3_vs_1_with_keeper,42,collect_rollout,3619,0,21,0.0,False,False,0.0,0.0,0,0,0,0.0,0.0,0.0,0.0,0.0,1,0.0
,academy_3_vs_1_with_keeper,42,collect_rollout,3620,0,18,0.0,False,False,0.0,0.0,0,0,0,0.0,0.0,0.0,0.0,0.0,1,0.0
,academy_3_vs_1_with_keeper,42,collect_rollout,3621,0,20,-0.003333333181217313,False,False,0.0,0.0,0,0,0,0.0,0.0,0.0,0.0,-0.003333333181217313,1,-0.003333333181217313
,academy_3_vs_1_with_keeper,42,collect_rollout,3622,0,85,0.04987027600873262,False,False,0.0,0.0,0,0,0,0.0,0.0,0.0,0.0,0.04987027600873262,1,0.04987027600873262
,academy_3_vs_1_with_keeper,42,collect_rollout,3623,0,16,0.0,False,False,0.0,0.0,0,0,0,0.0,0.0,0.0,0.0,0.0,1,0.0
,academy_3_vs_1_with_keeper,42,collect_rollout,3624,0,22,0.0,False,False,0.0,0.0,0,0,0,0.0,0.0,0.0,0.0,0.0,1,0.0
,academy_3_vs_1_with_keeper,42,collect_rollout,3625,0,18,0.0,False,False,0.0,0.0,0,0,0,0.0,0.0,0.0,0.0,0.0,1,0.0
,academy_3_vs_1_with_keeper,42,collect_rollout,3626,0,19,0.0,False,False,0.0,0.0,0,0,0,0.0,0.0,0.0,0.0,0.0,1,0.0
,academy_3_vs_1_with_keeper,42,collect_rollout,3627,0,18,-0.003333333181217313,False,False,0.0,0.0,0,0,0,0.0,0.0,0.0,0.0,-0.003333333181217313,1,-0.003333333181217313
,academy_3_vs_1_with_keeper,42,collect_rollout,3628,0,18,-0.006666666362434626,False,False,0.0,0.0,0,0,0,0.0,0.0,0.0,0.0,-0.006666666362434626,1,-0.006666666362434626
,academy_3_vs_1_with_keeper,42,collect_rollout,3629,0,21,-0.006666666362434626,False,False,0.0,0.0,0,0,0,0.0,0.0,0.0,0.0,-0.006666666362434626,1,-0.006666666362434626
,academy_3_vs_1_with_keeper,42,collect_rollout,3630,0,22,0.0,False,False,0.0,0.0,0,0,0,0.0,0.0,0.0,0.0,0.0,1,0.0
,academy_3_vs_1_with_keeper,42,collect_rollout,3631,0,68,2.787824431201443,False,False,0.0,0.0,0,0,0,0.0,0.0,0.0,0.0,2.787824431201443,1,2.787824431201443
,academy_3_vs_1_with_keeper,42,collect_rollout,3632,0,79,0.06347968825139105,False,False,0.0,0.0,0,0,0,0.0,0.0,0.0,0.0,0.06347968825139105,1,0.06347968825139105
,academy_3_vs_1_with_keeper,42,collect_rollout,3633,0,84,0.0352029587229481,False,False,0.0,0.0,0,0,0,0.0,0.0,0.0,0.0,0.0352029587229481,1,0.0352029587229481
,academy_3_vs_1_with_keeper,42,collect_rollout,3634,0,88,0.04131176920782309,False,False,0.0,0.0,0,0,0,0.0,0.0,0.0,0.0,0.04131176920782309,1,0.04131176920782309
,academy_3_vs_1_with_keeper,42,collect_rollout,3635,0,19,-0.006666666362434626,False,False,0.0,0.0,0,0,0,0.0,0.0,0.0,0.0,-0.006666666362434626,1,-0.006666666362434626
,academy_3_vs_1_with_keeper,42,collect_rollout,3636,0,16,-0.003333333181217313,False,False,0.0,0.0,0,0,0,0.0,0.0,0.0,0.0,-0.003333333181217313,1,-0.003333333181217313
,academy_3_vs_1_with_keeper,42,collect_rollout,3637,0,22,0.0,False,False,0.0,0.0,0,0,0,0.0,0.0,0.0,0.0,0.0,1,0.0
,academy_3_vs_1_with_keeper,42,collect_rollout,3638,0,18,0.0,False,False,0.0,0.0,0,0,0,0.0,0.0,0.0,0.0,0.0,1,0.0
,academy_3_vs_1_with_keeper,42,collect_rollout,3639,0,19,0.0,False,False,0.0,0.0,0,0,0,0.0,0.0,0.0,0.0,0.0,1,0.0
,academy_3_vs_1_with_keeper,42,collect_rollout,3640,0,19,-0.006666666362434626,False,False,0.0,0.0,0,0,0,0.0,0.0,0.0,0.0,-0.006666666362434626,1,-0.006666666362434626
,academy_3_vs_1_with_keeper,42,collect_rollout,3641,0,36,0.05350994667969644,False,False,0.0,0.0,0,0,0,0.0,0.0,0.0,0.0,0.05350994667969644,1,0.05350994667969644
,academy_3_vs_1_with_keeper,42,collect_rollout,3642,0,19,-0.003333333181217313,False,False,0.0,0.0,0,0,0,0.0,0.0,0.0,0.0,-0.003333333181217313,1,-0.003333333181217313
,academy_3_vs_1_with_keeper,42,collect_rollout,3643,0,96,-0.047175764688290656,False,False,0.0,0.0,0,0,0,0.0,0.0,0.0,0.0,-0.047175764688290656,1,-0.047175764688290656
,academy_3_vs_1_with_keeper,42,collect_rollout,3644,0,20,-0.009999999543651938,False,False,0.0,0.0,0,0,0,0.0,0.0,0.0,0.0,-0.009999999543651938,1,-0.009999999543651938
,academy_3_vs_1_with_keeper,42,collect_rollout,3645,0,96,1.9492852234980091,False,False,0.0,0.0,0,0,0,0.0,0.0,0.0,0.0,1.9492852234980091,1,1.9492852234980091
,academy_3_vs_1_with_keeper,42,collect_rollout,3646,0,21,0.0,False,False,0.0,0.0,0,0,0,0.0,0.0,0.0,0.0,0.0,1,0.0
,academy_3_vs_1_with_keeper,42,collect_rollout,3647,0,20,-0.003333333181217313,False,False,0.0,0.0,0,0,0,0.0,0.0,0.0,0.0,-0.003333333181217313,1,-0.003333333181217313
,academy_3_vs_1_with_keeper,42,collect_rollout,3648,0,19,0.0,False,False,0.0,0.0,0,0,0,0.0,0.0,0.0,0.0,0.0,1,0.0
,academy_3_vs_1_with_keeper,42,collect_rollout,3649,0,39,0.05017124745063484,False,False,0.0,0.0,0,0,0,0.0,0.0,0.0,0.0,0.05017124745063484,1,0.05017124745063484
,academy_3_vs_1_with_keeper,42,collect_rollout,3650,0,17,-0.02032114565372467,False,False,0.0,0.0,0,0,0,0.0,0.0,0.0,0.0,-0.02032114565372467,1,-0.02032114565372467
,academy_3_vs_1_with_keeper,42,collect_rollout,3651,0,18,-0.003333333181217313,False,False,0.0,0.0,0,0,0,0.0,0.0,0.0,0.0,-0.003333333181217313,1,-0.003333333181217313
,academy_3_vs_1_with_keeper,42,collect_rollout,3652,0,20,0.0,False,False,0.0,0.0,0,0,0,0.0,0.0,0.0,0.0,0.0,1,0.0
,academy_3_vs_1_with_keeper,42,collect_rollout,3653,0,21,0.0,False,False,0.0,0.0,0,0,0,0.0,0.0,0.0,0.0,0.0,1,0.0
,academy_3_vs_1_with_keeper,42,collect_rollout,3654,0,17,-0.003333333181217313,False,False,0.0,0.0,0,0,0,0.0,0.0,0.0,0.0,-0.003333333181217313,1,-0.003333333181217313
,academy_3_vs_1_with_keeper,42,collect_rollout,3655,0,21,0.0,False,False,0.0,0.0,0,0,0,0.0,0.0,0.0,0.0,0.0,1,0.0
,academy_3_vs_1_with_keeper,42,collect_rollout,3656,0,20,-0.003333333181217313,False,False,0.0,0.0,0,0,0,0.0,0.0,0.0,0.0,-0.003333333181217313,1,-0.003333333181217313
,academy_3_vs_1_with_keeper,42,collect_rollout,3657,0,17,-0.003333333181217313,False,False,0.0,0.0,0,0,0,0.0,0.0,0.0,0.0,-0.003333333181217313,1,-0.003333333181217313
,academy_3_vs_1_with_keeper,42,collect_rollout,3658,0,83,0.08315220661461353,False,False,0.0,0.0,0,0,0,0.0,0.0,0.0,0.0,0.08315220661461353,1,0.08315220661461353
,academy_3_vs_1_with_keeper,42,collect_rollout,3659,0,22,-0.009999999543651938,False,False,0.0,0.0,0,0,0,0.0,0.0,0.0,0.0,-0.009999999543651938,1,-0.009999999543651938
,academy_3_vs_1_with_keeper,42,collect_rollout,3660,0,17,0.0,False,False,0.0,0.0,0,0,0,0.0,0.0,0.0,0.0,0.0,1,0.0
,academy_3_vs_1_with_keeper,42,collect_rollout,3661,0,14,0.0,False,False,0.0,0.0,0,0,0,0.0,0.0,0.0,0.0,0.0,1,0.0
,academy_3_vs_1_with_keeper,42,collect_rollout,3662,0,43,0.104187126387842,False,False,0.0,0.0,0,0,0,0.0,0.0,0.0,0.0,0.104187126387842,1,0.104187126387842
,academy_3_vs_1_with_keeper,42,collect_rollout,3663,0,18,0.0,False,False,0.0,0.0,0,0,0,0.0,0.0,0.0,0.0,0.0,1,0.0
,academy_3_vs_1_with_keeper,42,collect_rollout,3664,0,18,0.0,False,False,0.0,0.0,0,0,0,0.0,0.0,0.0,0.0,0.0,1,0.0
,academy_3_vs_1_with_keeper,42,collect_rollout,3665,0,35,0.07945498509798199,False,False,0.0,0.0,0,0,0,0.0,0.0,0.0,0.0,0.07945498509798199,1,0.07945498509798199
,academy_3_vs_1_with_keeper,42,collect_rollout,3666,0,18,0.0,False,False,0.0,0.0,0,0,0,0.0,0.0,0.0,0.0,0.0,1,0.0
,academy_3_vs_1_with_keeper,42,collect_rollout,3667,0,19,0.0,False,False,0.0,0.0,0,0,0,0.0,0.0,0.0,0.0,0.0,1,0.0
,academy_3_vs_1_with_keeper,42,collect_rollout,3668,0,15,0.0,False,False,0.0,0.0,0,0,0,0.0,0.0,0.0,0.0,0.0,1,0.0
,academy_3_vs_1_with_keeper,42,collect_rollout,3669,0,23,0.0,False,False,0.0,0.0,0,0,0,0.0,0.0,0.0,0.0,0.0,1,0.0
,academy_3_vs_1_with_keeper,42,collect_rollout,3670,0,52,0.09962103667203337,False,False,0.0,0.0,0,0,0,0.0,0.0,0.0,0.0,0.09962103667203337,1,0.09962103667203337
,academy_3_vs_1_with_keeper,42,collect_rollout,3671,0,22,-0.003333333181217313,False,False,0.0,0.0,0,0,0,0.0,0.0,0.0,0.0,-0.003333333181217313,1,-0.003333333181217313
,academy_3_vs_1_with_keeper,42,collect_rollout,3672,0,42,0.034352752612903714,False,False,0.0,0.0,0,0,0,0.0,0.0,0.0,0.0,0.034352752612903714,1,0.034352752612903714
,academy_3_vs_1_with_keeper,42,collect_rollout,3673,0,12,-1.9162893295288086e-05,False,False,0.0,0.0,0,0,0,0.0,0.0,0.0,0.0,-1.9162893295288086e-05,1,-1.9162893295288086e-05
,academy_3_vs_1_with_keeper,42,collect_rollout,3674,0,18,0.0,False,False,0.0,0.0,0,0,0,0.0,0.0,0.0,0.0,0.0,1,0.0
,academy_3_vs_1_with_keeper,42,collect_rollout,3675,0,17,-0.006666666362434626,False,False,0.0,0.0,0,0,0,0.0,0.0,0.0,0.0,-0.006666666362434626,1,-0.006666666362434626
,academy_3_vs_1_with_keeper,42,collect_rollout,3676,0,14,-0.003333333181217313,False,False,0.0,0.0,0,0,0,0.0,0.0,0.0,0.0,-0.003333333181217313,1,-0.003333333181217313
,academy_3_vs_1_with_keeper,42,collect_rollout,3677,0,21,-0.013333332724869251,False,False,0.0,0.0,0,0,0,0.0,0.0,0.0,0.0,-0.013333332724869251,1,-0.013333332724869251
,academy_3_vs_1_with_keeper,42,collect_rollout,3678,0,88,0.06059595081023872,False,False,0.0,0.0,0,0,0,0.0,0.0,0.0,0.0,0.06059595081023872,1,0.06059595081023872
,academy_3_vs_1_with_keeper,42,collect_rollout,3679,0,43,0.2973721077432856,False,False,0.0,0.0,0,0,0,0.0,0.0,0.0,0.0,0.2973721077432856,1,0.2973721077432856
,academy_3_vs_1_with_keeper,42,collect_rollout,3680,0,10,-0.008167223073542118,False,False,0.0,0.0,0,0,0,0.0,0.0,0.0,0.0,-0.008167223073542118,1,-0.008167223073542118
,academy_3_vs_1_with_keeper,42,collect_rollout,3681,0,17,-0.003333333181217313,False,False,0.0,0.0,0,0,0,0.0,0.0,0.0,0.0,-0.003333333181217313,1,-0.003333333181217313
,academy_3_vs_1_with_keeper,42,collect_rollout,3682,0,23,-0.006666666362434626,False,False,0.0,0.0,0,0,0,0.0,0.0,0.0,0.0,-0.006666666362434626,1,-0.006666666362434626
,academy_3_vs_1_with_keeper,42,collect_rollout,3683,0,80,-0.1864633928053081,False,False,0.0,0.0,0,0,0,0.0,0.0,0.0,0.0,-0.1864633928053081,1,-0.1864633928053081
,academy_3_vs_1_with_keeper,42,collect_rollout,3684,0,23,-0.013333332724869251,False,False,0.0,0.0,0,0,0,0.0,0.0,0.0,0.0,-0.013333332724869251,1,-0.013333332724869251
,academy_3_vs_1_with_keeper,42,collect_rollout,3685,0,31,0.03945857286453247,False,False,0.0,0.0,0,0,0,0.0,0.0,0.0,0.0,0.03945857286453247,1,0.03945857286453247
,academy_3_vs_1_with_keeper,42,collect_rollout,3686,0,17,-0.009999999543651938,False,False,0.0,0.0,0,0,0,0.0,0.0,0.0,0.0,-0.009999999543651938,1,-0.009999999543651938
,academy_3_vs_1_with_keeper,42,collect_rollout,3687,0,16,0.0,False,False,0.0,0.0,0,0,0,0.0,0.0,0.0,0.0,0.0,1,0.0
,academy_3_vs_1_with_keeper,42,collect_rollout,3688,0,10,-0.08812462841160595,False,False,0.0,0.0,0,0,0,0.0,0.0,0.0,0.0,-0.08812462841160595,1,-0.08812462841160595
,academy_3_vs_1_with_keeper,42,collect_rollout,3689,0,16,-0.01193326897919178,False,False,0.0,0.0,0,0,0,0.0,0.0,0.0,0.0,-0.01193326897919178,1,-0.01193326897919178
,academy_3_vs_1_with_keeper,42,collect_rollout,3690,0,90,0.048465529922395945,False,False,0.0,0.0,0,0,0,0.0,0.0,0.0,0.0,0.048465529922395945,1,0.048465529922395945
,academy_3_vs_1_with_keeper,42,collect_rollout,3691,0,11,-0.016551350592635572,False,False,0.0,0.0,0,0,0,0.0,0.0,0.0,0.0,-0.016551350592635572,1,-0.016551350592635572
,academy_3_vs_1_with_keeper,42,collect_rollout,3692,0,83,0.04202121356502175,False,False,0.0,0.0,0,0,0,0.0,0.0,0.0,0.0,0.04202121356502175,1,0.04202121356502175
,academy_3_vs_1_with_keeper,42,collect_rollout,3693,0,87,1.9713488238630816,False,False,0.0,0.0,0,0,0,0.0,0.0,0.0,0.0,1.9713488238630816,1,1.9713488238630816
,academy_3_vs_1_with_keeper,42,collect_rollout,3694,0,21,-0.003333333181217313,False,False,0.0,0.0,0,0,0,0.0,0.0,0.0,0.0,-0.003333333181217313,1,-0.003333333181217313
,academy_3_vs_1_with_keeper,42,collect_rollout,3695,0,21,0.0,False,False,0.0,0.0,0,0,0,0.0,0.0,0.0,0.0,0.0,1,0.0
,academy_3_vs_1_with_keeper,42,collect_rollout,3696,0,19,0.0,False,False,0.0,0.0,0,0,0,0.0,0.0,0.0,0.0,0.0,1,0.0
,academy_3_vs_1_with_keeper,42,collect_rollout,3697,0,18,0.0,False,False,0.0,0.0,0,0,0,0.0,0.0,0.0,0.0,0.0,1,0.0
,academy_3_vs_1_with_keeper,42,collect_rollout,3698,0,15,-0.003333333181217313,False,False,0.0,0.0,0,0,0,0.0,0.0,0.0,0.0,-0.003333333181217313,1,-0.003333333181217313
,academy_3_vs_1_with_keeper,42,collect_rollout,3699,0,80,0.11132408818230033,False,False,0.0,0.0,0,0,0,0.0,0.0,0.0,0.0,0.11132408818230033,1,0.11132408818230033
,academy_3_vs_1_with_keeper,42,collect_rollout,3700,0,17,-0.006666666362434626,False,False,0.0,0.0,0,0,0,0.0,0.0,0.0,0.0,-0.006666666362434626,1,-0.006666666362434626
,academy_3_vs_1_with_keeper,42,collect_rollout,3701,0,12,-0.010616800660500303,False,False,0.0,0.0,0,0,0,0.0,0.0,0.0,0.0,-0.010616800660500303,1,-0.010616800660500303
,academy_3_vs_1_with_keeper,42,collect_rollout,3702,0,20,-0.006666666362434626,False,False,0.0,0.0,0,0,0,0.0,0.0,0.0,0.0,-0.006666666362434626,1,-0.006666666362434626
,academy_3_vs_1_with_keeper,42,collect_rollout,3703,0,14,0.0,False,False,0.0,0.0,0,0,0,0.0,0.0,0.0,0.0,0.0,1,0.0
,academy_3_vs_1_with_keeper,42,collect_rollout,3704,0,17,-0.003333333181217313,False,False,0.0,0.0,0,0,0,0.0,0.0,0.0,0.0,-0.003333333181217313,1,-0.003333333181217313
,academy_3_vs_1_with_keeper,42,collect_rollout,3705,0,523,-0.46359889954328537,False,False,0.0,0.0,0,0,0,0.0,0.0,0.0,0.0,-0.46359889954328537,1,-0.46359889954328537
,academy_3_vs_1_with_keeper,42,collect_rollout,3706,0,100,-0.08348682965151966,False,False,0.0,0.0,0,0,0,0.0,0.0,0.0,0.0,-0.08348682965151966,1,-0.08348682965151966
,academy_3_vs_1_with_keeper,42,collect_rollout,3707,0,18,-0.013333332724869251,False,False,0.0,0.0,0,0,0,0.0,0.0,0.0,0.0,-0.013333332724869251,1,-0.013333332724869251
,academy_3_vs_1_with_keeper,42,collect_rollout,3708,0,45,-0.040285280090756714,False,False,0.0,0.0,0,0,0,0.0,0.0,0.0,0.0,-0.040285280090756714,1,-0.040285280090756714
,academy_3_vs_1_with_keeper,42,collect_rollout,3709,0,84,-0.05713814217597246,False,False,0.0,0.0,0,0,0,0.0,0.0,0.0,0.0,-0.05713814217597246,1,-0.05713814217597246
,academy_3_vs_1_with_keeper,42,collect_rollout,3710,0,14,-0.006666666362434626,False,False,0.0,0.0,0,0,0,0.0,0.0,0.0,0.0,-0.006666666362434626,1,-0.006666666362434626
,academy_3_vs_1_with_keeper,42,collect_rollout,3711,0,87,0.052502228412777185,False,False,0.0,0.0,0,0,0,0.0,0.0,0.0,0.0,0.052502228412777185,1,0.052502228412777185
,academy_3_vs_1_with_keeper,42,collect_rollout,3712,0,76,0.022210398339666426,False,False,0.0,0.0,0,0,0,0.0,0.0,0.0,0.0,0.022210398339666426,1,0.022210398339666426
,academy_3_vs_1_with_keeper,42,collect_rollout,3713,0,80,0.01568145107012242,False,False,0.0,0.0,0,0,0,0.0,0.0,0.0,0.0,0.01568145107012242,1,0.01568145107012242
,academy_3_vs_1_with_keeper,42,collect_rollout,3714,0,87,-0.018633888685144484,False,False,0.0,0.0,0,0,0,0.0,0.0,0.0,0.0,-0.018633888685144484,1,-0.018633888685144484
,academy_3_vs_1_with_keeper,42,collect_rollout,3715,0,51,0.09661466081161052,False,False,0.0,0.0,0,0,0,0.0,0.0,0.0,0.0,0.09661466081161052,1,0.09661466081161052
,academy_3_vs_1_with_keeper,42,collect_rollout,3716,0,86,0.023209446962937363,False,False,0.0,0.0,0,0,0,0.0,0.0,0.0,0.0,0.023209446962937363,1,0.023209446962937363
,academy_3_vs_1_with_keeper,42,collect_rollout,3717,0,14,0.0,False,False,0.0,0.0,0,0,0,0.0,0.0,0.0,0.0,0.0,1,0.0
,academy_3_vs_1_with_keeper,42,collect_rollout,3718,0,86,-0.23692409312934615,False,False,0.0,0.0,0,0,0,0.0,0.0,0.0,0.0,-0.23692409312934615,1,-0.23692409312934615
,academy_3_vs_1_with_keeper,42,collect_rollout,3719,0,11,-0.010765371727757156,False,False,0.0,0.0,0,0,0,0.0,0.0,0.0,0.0,-0.010765371727757156,1,-0.010765371727757156
,academy_3_vs_1_with_keeper,42,collect_rollout,3720,0,13,-0.009491247532423586,False,False,0.0,0.0,0,0,0,0.0,0.0,0.0,0.0,-0.009491247532423586,1,-0.009491247532423586
,academy_3_vs_1_with_keeper,42,collect_rollout,3721,0,18,-0.003333333181217313,False,False,0.0,0.0,0,0,0,0.0,0.0,0.0,0.0,-0.003333333181217313,1,-0.003333333181217313
,academy_3_vs_1_with_keeper,42,collect_rollout,3722,0,83,0.025360642990563065,False,False,0.0,0.0,0,0,0,0.0,0.0,0.0,0.0,0.025360642990563065,1,0.025360642990563065
,academy_3_vs_1_with_keeper,42,collect_rollout,3723,0,21,0.0,False,False,0.0,0.0,0,0,0,0.0,0.0,0.0,0.0,0.0,1,0.0
,academy_3_vs_1_with_keeper,42,collect_rollout,3724,0,64,0.02439696302462835,False,False,0.0,0.0,0,0,0,0.0,0.0,0.0,0.0,0.02439696302462835,1,0.02439696302462835
,academy_3_vs_1_with_keeper,42,collect_rollout,3725,0,7,-0.001712571713142097,False,False,0.0,0.0,0,0,0,0.0,0.0,0.0,0.0,-0.001712571713142097,1,-0.001712571713142097
,academy_3_vs_1_with_keeper,42,collect_rollout,3726,0,15,0.0,False,False,0.0,0.0,0,0,0,0.0,0.0,0.0,0.0,0.0,1,0.0
,academy_3_vs_1_with_keeper,42,collect_rollout,3727,0,20,-0.003333333181217313,False,False,0.0,0.0,0,0,0,0.0,0.0,0.0,0.0,-0.003333333181217313,1,-0.003333333181217313
,academy_3_vs_1_with_keeper,42,collect_rollout,3728,0,56,0.10039850824978203,False,False,0.0,0.0,0,0,0,0.0,0.0,0.0,0.0,0.10039850824978203,1,0.10039850824978203
,academy_3_vs_1_with_keeper,42,collect_rollout,3729,0,16,0.0,False,False,0.0,0.0,0,0,0,0.0,0.0,0.0,0.0,0.0,1,0.0
,academy_3_vs_1_with_keeper,42,collect_rollout,3730,0,54,0.02300133917015046,False,False,0.0,0.0,0,0,0,0.0,0.0,0.0,0.0,0.02300133917015046,1,0.02300133917015046
,academy_3_vs_1_with_keeper,42,collect_rollout,3731,0,15,-0.009999999543651938,False,False,0.0,0.0,0,0,0,0.0,0.0,0.0,0.0,-0.009999999543651938,1,-0.009999999543651938
,academy_3_vs_1_with_keeper,42,collect_rollout,3732,0,18,0.0,False,False,0.0,0.0,0,0,0,0.0,0.0,0.0,0.0,0.0,1,0.0
,academy_3_vs_1_with_keeper,42,collect_rollout,3733,0,67,0.2854648606153205,False,False,0.0,0.0,0,0,0,0.0,0.0,0.0,0.0,0.2854648606153205,1,0.2854648606153205
,academy_3_vs_1_with_keeper,42,collect_rollout,3734,0,17,-0.003333333181217313,False,False,0.0,0.0,0,0,0,0.0,0.0,0.0,0.0,-0.003333333181217313,1,-0.003333333181217313
,academy_3_vs_1_with_keeper,42,collect_rollout,3735,0,19,0.0,False,False,0.0,0.0,0,0,0,0.0,0.0,0.0,0.0,0.0,1,0.0
,academy_3_vs_1_with_keeper,42,collect_rollout,3736,0,91,0.03876106254756451,False,False,0.0,0.0,0,0,0,0.0,0.0,0.0,0.0,0.03876106254756451,1,0.03876106254756451
,academy_3_vs_1_with_keeper,42,collect_rollout,3737,0,11,-0.0015923997852951288,False,False,0.0,0.0,0,0,0,0.0,0.0,0.0,0.0,-0.0015923997852951288,1,-0.0015923997852951288
,academy_3_vs_1_with_keeper,42,collect_rollout,3738,0,13,-0.007525319932028651,False,False,0.0,0.0,0,0,0,0.0,0.0,0.0,0.0,-0.007525319932028651,1,-0.007525319932028651
,academy_3_vs_1_with_keeper,42,collect_rollout,3739,0,15,-0.003333333181217313,False,False,0.0,0.0,0,0,0,0.0,0.0,0.0,0.0,-0.003333333181217313,1,-0.003333333181217313
,academy_3_vs_1_with_keeper,42,collect_rollout,3740,0,19,-0.003333333181217313,False,False,0.0,0.0,0,0,0,0.0,0.0,0.0,0.0,-0.003333333181217313,1,-0.003333333181217313
,academy_3_vs_1_with_keeper,42,collect_rollout,3741,0,17,-0.013333332724869251,False,False,0.0,0.0,0,0,0,0.0,0.0,0.0,0.0,-0.013333332724869251,1,-0.013333332724869251
,academy_3_vs_1_with_keeper,42,collect_rollout,3742,0,20,0.0,False,False,0.0,0.0,0,0,0,0.0,0.0,0.0,0.0,0.0,1,0.0
,academy_3_vs_1_with_keeper,42,collect_rollout,3743,0,85,0.055949083529412746,False,False,0.0,0.0,0,0,0,0.0,0.0,0.0,0.0,0.055949083529412746,1,0.055949083529412746
,academy_3_vs_1_with_keeper,42,collect_rollout,3744,0,16,-0.003333333181217313,False,False,0.0,0.0,0,0,0,0.0,0.0,0.0,0.0,-0.003333333181217313,1,-0.003333333181217313
,academy_3_vs_1_with_keeper,42,collect_rollout,3745,0,82,1.6703921254957095,False,False,0.0,0.0,0,0,0,0.0,0.0,0.0,0.0,1.6703921254957095,1,1.6703921254957095
,academy_3_vs_1_with_keeper,42,collect_rollout,3746,0,19,-0.003333333181217313,False,False,0.0,0.0,0,0,0,0.0,0.0,0.0,0.0,-0.003333333181217313,1,-0.003333333181217313
,academy_3_vs_1_with_keeper,42,collect_rollout,3747,0,10,0.0016720982966944575,False,False,0.0,0.0,0,0,0,0.0,0.0,0.0,0.0,0.0016720982966944575,1,0.0016720982966944575
,academy_3_vs_1_with_keeper,42,collect_rollout,3748,0,87,-0.14696778112556785,False,False,0.0,0.0,0,0,0,0.0,0.0,0.0,0.0,-0.14696778112556785,1,-0.14696778112556785
,academy_3_vs_1_with_keeper,42,collect_rollout,3749,0,84,0.05929711012868211,False,False,0.0,0.0,0,0,0,0.0,0.0,0.0,0.0,0.05929711012868211,1,0.05929711012868211
,academy_3_vs_1_with_keeper,42,collect_rollout,3750,0,11,0.006782716140151024,False,False,0.0,0.0,0,0,0,0.0,0.0,0.0,0.0,0.006782716140151024,1,0.006782716140151024
,academy_3_vs_1_with_keeper,42,collect_rollout,3751,0,20,-0.006666666362434626,False,False,0.0,0.0,0,0,0,0.0,0.0,0.0,0.0,-0.006666666362434626,1,-0.006666666362434626
,academy_3_vs_1_with_keeper,42,collect_rollout,3752,0,17,-0.003333333181217313,False,False,0.0,0.0,0,0,0,0.0,0.0,0.0,0.0,-0.003333333181217313,1,-0.003333333181217313
,academy_3_vs_1_with_keeper,42,collect_rollout,3753,0,17,-0.003333333181217313,False,False,0.0,0.0,0,0,0,0.0,0.0,0.0,0.0,-0.003333333181217313,1,-0.003333333181217313
,academy_3_vs_1_with_keeper,42,collect_rollout,3754,0,18,-0.003333333181217313,False,False,0.0,0.0,0,0,0,0.0,0.0,0.0,0.0,-0.003333333181217313,1,-0.003333333181217313
,academy_3_vs_1_with_keeper,42,collect_rollout,3755,0,83,0.01210313627962023,False,False,0.0,0.0,0,0,0,0.0,0.0,0.0,0.0,0.01210313627962023,1,0.01210313627962023
,academy_3_vs_1_with_keeper,42,collect_rollout,3756,0,13,-0.006302046589553356,False,False,0.0,0.0,0,0,0,0.0,0.0,0.0,0.0,-0.006302046589553356,1,-0.006302046589553356
,academy_3_vs_1_with_keeper,42,collect_rollout,3757,0,18,-0.003333333181217313,False,False,0.0,0.0,0,0,0,0.0,0.0,0.0,0.0,-0.003333333181217313,1,-0.003333333181217313
,academy_3_vs_1_with_keeper,42,collect_rollout,3758,0,16,0.0,False,False,0.0,0.0,0,0,0,0.0,0.0,0.0,0.0,0.0,1,0.0
,academy_3_vs_1_with_keeper,42,collect_rollout,3759,0,22,-0.009999999543651938,False,False,0.0,0.0,0,0,0,0.0,0.0,0.0,0.0,-0.009999999543651938,1,-0.009999999543651938
,academy_3_vs_1_with_keeper,42,collect_rollout,3760,0,17,-0.003333333181217313,False,False,0.0,0.0,0,0,0,0.0,0.0,0.0,0.0,-0.003333333181217313,1,-0.003333333181217313
,academy_3_vs_1_with_keeper,42,collect_rollout,3761,0,18,-0.009999999543651938,False,False,0.0,0.0,0,0,0,0.0,0.0,0.0,0.0,-0.009999999543651938,1,-0.009999999543651938
,academy_3_vs_1_with_keeper,42,collect_rollout,3762,0,21,-0.003333333181217313,False,False,0.0,0.0,0,0,0,0.0,0.0,0.0,0.0,-0.003333333181217313,1,-0.003333333181217313
,academy_3_vs_1_with_keeper,42,collect_rollout,3763,0,82,0.033363370574079454,False,False,0.0,0.0,0,0,0,0.0,0.0,0.0,0.0,0.033363370574079454,1,0.033363370574079454
,academy_3_vs_1_with_keeper,42,collect_rollout,3764,0,14,0.0,False,False,0.0,0.0,0,0,0,0.0,0.0,0.0,0.0,0.0,1,0.0
,academy_3_vs_1_with_keeper,42,collect_rollout,3765,0,86,0.09865539703605464,False,False,0.0,0.0,0,0,0,0.0,0.0,0.0,0.0,0.09865539703605464,1,0.09865539703605464
,academy_3_vs_1_with_keeper,42,collect_rollout,3766,0,40,0.014816738897934556,False,False,0.0,0.0,0,0,0,0.0,0.0,0.0,0.0,0.014816738897934556,1,0.014816738897934556
,academy_3_vs_1_with_keeper,42,collect_rollout,3767,0,18,-0.003333333181217313,False,False,0.0,0.0,0,0,0,0.0,0.0,0.0,0.0,-0.003333333181217313,1,-0.003333333181217313
,academy_3_vs_1_with_keeper,42,collect_rollout,3768,0,88,-0.1155137853929773,False,False,0.0,0.0,0,0,0,0.0,0.0,0.0,0.0,-0.1155137853929773,1,-0.1155137853929773
,academy_3_vs_1_with_keeper,42,collect_rollout,3769,0,20,0.0,False,False,0.0,0.0,0,0,0,0.0,0.0,0.0,0.0,0.0,1,0.0
,academy_3_vs_1_with_keeper,42,collect_rollout,3770,0,17,-0.006666666362434626,False,False,0.0,0.0,0,0,0,0.0,0.0,0.0,0.0,-0.006666666362434626,1,-0.006666666362434626
,academy_3_vs_1_with_keeper,42,collect_rollout,3771,0,83,-0.13057838939130306,False,False,0.0,0.0,0,0,0,0.0,0.0,0.0,0.0,-0.13057838939130306,1,-0.13057838939130306
,academy_3_vs_1_with_keeper,42,collect_rollout,3772,0,16,0.0,False,False,0.0,0.0,0,0,0,0.0,0.0,0.0,0.0,0.0,1,0.0
,academy_3_vs_1_with_keeper,42,collect_rollout,3773,0,20,-0.003333333181217313,False,False,0.0,0.0,0,0,0,0.0,0.0,0.0,0.0,-0.003333333181217313,1,-0.003333333181217313
,academy_3_vs_1_with_keeper,42,collect_rollout,3774,0,19,-0.006666666362434626,False,False,0.0,0.0,0,0,0,0.0,0.0,0.0,0.0,-0.006666666362434626,1,-0.006666666362434626
,academy_3_vs_1_with_keeper,42,collect_rollout,3775,0,24,-0.003333333181217313,False,False,0.0,0.0,0,0,0,0.0,0.0,0.0,0.0,-0.003333333181217313,1,-0.003333333181217313
,academy_3_vs_1_with_keeper,42,collect_rollout,3776,0,12,-0.012135002529248595,False,False,0.0,0.0,0,0,0,0.0,0.0,0.0,0.0,-0.012135002529248595,1,-0.012135002529248595
,academy_3_vs_1_with_keeper,42,collect_rollout,3777,0,52,0.08790554548613727,False,False,0.0,0.0,0,0,0,0.0,0.0,0.0,0.0,0.08790554548613727,1,0.08790554548613727
,academy_3_vs_1_with_keeper,42,collect_rollout,3778,0,18,0.0,False,False,0.0,0.0,0,0,0,0.0,0.0,0.0,0.0,0.0,1,0.0
,academy_3_vs_1_with_keeper,42,collect_rollout,3779,0,21,-0.02333333226852119,False,False,0.0,0.0,0,0,0,0.0,0.0,0.0,0.0,-0.02333333226852119,1,-0.02333333226852119
,academy_3_vs_1_with_keeper,42,collect_rollout,3780,0,8,0.005385983036831021,False,False,0.0,0.0,0,0,0,0.0,0.0,0.0,0.0,0.005385983036831021,1,0.005385983036831021
,academy_3_vs_1_with_keeper,42,collect_rollout,3781,0,18,0.0,False,False,0.0,0.0,0,0,0,0.0,0.0,0.0,0.0,0.0,1,0.0
,academy_3_vs_1_with_keeper,42,collect_rollout,3782,0,18,0.0,False,False,0.0,0.0,0,0,0,0.0,0.0,0.0,0.0,0.0,1,0.0
,academy_3_vs_1_with_keeper,42,collect_rollout,3783,0,46,0.3492718783672899,False,False,0.0,0.0,0,0,0,0.0,0.0,0.0,0.0,0.3492718783672899,1,0.3492718783672899
,academy_3_vs_1_with_keeper,42,collect_rollout,3784,0,12,-0.012370275391731411,False,False,0.0,0.0,0,0,0,0.0,0.0,0.0,0.0,-0.012370275391731411,1,-0.012370275391731411
,academy_3_vs_1_with_keeper,42,collect_rollout,3785,0,20,-0.003333333181217313,False,False,0.0,0.0,0,0,0,0.0,0.0,0.0,0.0,-0.003333333181217313,1,-0.003333333181217313
,academy_3_vs_1_with_keeper,42,collect_rollout,3786,0,13,-0.011422685347497463,False,False,0.0,0.0,0,0,0,0.0,0.0,0.0,0.0,-0.011422685347497463,1,-0.011422685347497463
,academy_3_vs_1_with_keeper,42,collect_rollout,3787,0,14,-0.003333333181217313,False,False,0.0,0.0,0,0,0,0.0,0.0,0.0,0.0,-0.003333333181217313,1,-0.003333333181217313
,academy_3_vs_1_with_keeper,42,collect_rollout,3788,0,16,-0.003333333181217313,False,False,0.0,0.0,0,0,0,0.0,0.0,0.0,0.0,-0.003333333181217313,1,-0.003333333181217313
,academy_3_vs_1_with_keeper,42,collect_rollout,3789,0,94,-0.16558970522601157,False,False,0.0,0.0,0,0,0,0.0,0.0,0.0,0.0,-0.16558970522601157,1,-0.16558970522601157
,academy_3_vs_1_with_keeper,42,collect_rollout,3790,0,9,-0.013988016289658844,False,False,0.0,0.0,0,0,0,0.0,0.0,0.0,0.0,-0.013988016289658844,1,-0.013988016289658844
,academy_3_vs_1_with_keeper,42,collect_rollout,3791,0,19,-0.003333333181217313,False,False,0.0,0.0,0,0,0,0.0,0.0,0.0,0.0,-0.003333333181217313,1,-0.003333333181217313
,academy_3_vs_1_with_keeper,42,collect_rollout,3792,0,20,0.0,False,False,0.0,0.0,0,0,0,0.0,0.0,0.0,0.0,0.0,1,0.0
,academy_3_vs_1_with_keeper,42,collect_rollout,3793,0,23,0.0,False,False,0.0,0.0,0,0,0,0.0,0.0,0.0,0.0,0.0,1,0.0
,academy_3_vs_1_with_keeper,42,collect_rollout,3794,0,15,0.0,False,False,0.0,0.0,0,0,0,0.0,0.0,0.0,0.0,0.0,1,0.0
,academy_3_vs_1_with_keeper,42,collect_rollout,3795,0,19,-0.003333333181217313,False,False,0.0,0.0,0,0,0,0.0,0.0,0.0,0.0,-0.003333333181217313,1,-0.003333333181217313
,academy_3_vs_1_with_keeper,42,collect_rollout,3796,0,32,-0.04562595795141533,False,False,0.0,0.0,0,0,0,0.0,0.0,0.0,0.0,-0.04562595795141533,1,-0.04562595795141533
,academy_3_vs_1_with_keeper,42,collect_rollout,3797,0,19,0.0,False,False,0.0,0.0,0,0,0,0.0,0.0,0.0,0.0,0.0,1,0.0
,academy_3_vs_1_with_keeper,42,collect_rollout,3798,0,19,-0.006666666362434626,False,False,0.0,0.0,0,0,0,0.0,0.0,0.0,0.0,-0.006666666362434626,1,-0.006666666362434626
,academy_3_vs_1_with_keeper,42,collect_rollout,3799,0,19,-0.003333333181217313,False,False,0.0,0.0,0,0,0,0.0,0.0,0.0,0.0,-0.003333333181217313,1,-0.003333333181217313
,academy_3_vs_1_with_keeper,42,collect_rollout,3800,0,50,-0.013095234171487391,False,False,0.0,0.0,0,0,0,0.0,0.0,0.0,0.0,-0.013095234171487391,1,-0.013095234171487391
,academy_3_vs_1_with_keeper,42,collect_rollout,3801,0,22,-0.006666666362434626,False,False,0.0,0.0,0,0,0,0.0,0.0,0.0,0.0,-0.006666666362434626,1,-0.006666666362434626
,academy_3_vs_1_with_keeper,42,collect_rollout,3802,0,14,-0.003333333181217313,False,False,0.0,0.0,0,0,0,0.0,0.0,0.0,0.0,-0.003333333181217313,1,-0.003333333181217313
,academy_3_vs_1_with_keeper,42,collect_rollout,3803,0,14,-0.025169326807372272,False,False,0.0,0.0,0,0,0,0.0,0.0,0.0,0.0,-0.025169326807372272,1,-0.025169326807372272
,academy_3_vs_1_with_keeper,42,collect_rollout,3804,0,16,-0.006666666362434626,False,False,0.0,0.0,0,0,0,0.0,0.0,0.0,0.0,-0.006666666362434626,1,-0.006666666362434626
,academy_3_vs_1_with_keeper,42,collect_rollout,3805,0,112,-0.049439177149906754,False,False,0.0,0.0,0,0,0,0.0,0.0,0.0,0.0,-0.049439177149906754,1,-0.049439177149906754
,academy_3_vs_1_with_keeper,42,collect_rollout,3806,0,20,0.0,False,False,0.0,0.0,0,0,0,0.0,0.0,0.0,0.0,0.0,1,0.0
,academy_3_vs_1_with_keeper,42,collect_rollout,3807,0,21,0.0,False,False,0.0,0.0,0,0,0,0.0,0.0,0.0,0.0,0.0,1,0.0
,academy_3_vs_1_with_keeper,42,collect_rollout,3808,0,22,-0.003333333181217313,False,False,0.0,0.0,0,0,0,0.0,0.0,0.0,0.0,-0.003333333181217313,1,-0.003333333181217313
,academy_3_vs_1_with_keeper,42,collect_rollout,3809,0,87,0.057682724902406335,False,False,0.0,0.0,0,0,0,0.0,0.0,0.0,0.0,0.057682724902406335,1,0.057682724902406335
,academy_3_vs_1_with_keeper,42,collect_rollout,3810,0,18,-0.003333333181217313,False,False,0.0,0.0,0,0,0,0.0,0.0,0.0,0.0,-0.003333333181217313,1,-0.003333333181217313
,academy_3_vs_1_with_keeper,42,collect_rollout,3811,0,46,0.10609754547476768,False,False,0.0,0.0,0,0,0,0.0,0.0,0.0,0.0,0.10609754547476768,1,0.10609754547476768
,academy_3_vs_1_with_keeper,42,collect_rollout,3812,0,78,0.053579097613692284,False,False,0.0,0.0,0,0,0,0.0,0.0,0.0,0.0,0.053579097613692284,1,0.053579097613692284
,academy_3_vs_1_with_keeper,42,collect_rollout,3813,0,18,0.0,False,False,0.0,0.0,0,0,0,0.0,0.0,0.0,0.0,0.0,1,0.0
,academy_3_vs_1_with_keeper,42,collect_rollout,3814,0,22,-0.013333332957699895,False,False,0.0,0.0,0,0,0,0.0,0.0,0.0,0.0,-0.013333332957699895,1,-0.013333332957699895
,academy_3_vs_1_with_keeper,42,collect_rollout,3815,0,22,-0.006666666362434626,False,False,0.0,0.0,0,0,0,0.0,0.0,0.0,0.0,-0.006666666362434626,1,-0.006666666362434626
,academy_3_vs_1_with_keeper,42,collect_rollout,3816,0,45,-0.03485033335164189,False,False,0.0,0.0,0,0,0,0.0,0.0,0.0,0.0,-0.03485033335164189,1,-0.03485033335164189
,academy_3_vs_1_with_keeper,42,collect_rollout,3817,0,18,-0.009999999543651938,False,False,0.0,0.0,0,0,0,0.0,0.0,0.0,0.0,-0.009999999543651938,1,-0.009999999543651938
,academy_3_vs_1_with_keeper,42,collect_rollout,3818,0,15,0.0,False,False,0.0,0.0,0,0,0,0.0,0.0,0.0,0.0,0.0,1,0.0
,academy_3_vs_1_with_keeper,42,collect_rollout,3819,0,15,0.0,False,False,0.0,0.0,0,0,0,0.0,0.0,0.0,0.0,0.0,1,0.0
,academy_3_vs_1_with_keeper,42,collect_rollout,3820,0,11,-0.0018162032356485724,False,False,0.0,0.0,0,0,0,0.0,0.0,0.0,0.0,-0.0018162032356485724,1,-0.0018162032356485724
,academy_3_vs_1_with_keeper,42,collect_rollout,3821,0,91,0.027095147175714374,False,False,0.0,0.0,0,0,0,0.0,0.0,0.0,0.0,0.027095147175714374,1,0.027095147175714374
,academy_3_vs_1_with_keeper,42,collect_rollout,3822,0,12,-0.022402749251341447,False,False,0.0,0.0,0,0,0,0.0,0.0,0.0,0.0,-0.022402749251341447,1,-0.022402749251341447
,academy_3_vs_1_with_keeper,42,collect_rollout,3823,0,89,0.03336856851819903,False,False,0.0,0.0,0,0,0,0.0,0.0,0.0,0.0,0.03336856851819903,1,0.03336856851819903
,academy_3_vs_1_with_keeper,42,collect_rollout,3824,0,81,0.04476394585799426,False,False,0.0,0.0,0,0,0,0.0,0.0,0.0,0.0,0.04476394585799426,1,0.04476394585799426
,academy_3_vs_1_with_keeper,42,collect_rollout,3825,0,17,0.0,False,False,0.0,0.0,0,0,0,0.0,0.0,0.0,0.0,0.0,1,0.0
,academy_3_vs_1_with_keeper,42,collect_rollout,3826,0,91,-0.36792115110438317,False,False,0.0,0.0,0,0,0,0.0,0.0,0.0,0.0,-0.36792115110438317,1,-0.36792115110438317
,academy_3_vs_1_with_keeper,42,collect_rollout,3827,0,37,0.05613849556539208,False,False,0.0,0.0,0,0,0,0.0,0.0,0.0,0.0,0.05613849556539208,1,0.05613849556539208
,academy_3_vs_1_with_keeper,42,collect_rollout,3828,0,79,0.03082556265871972,False,False,0.0,0.0,0,0,0,0.0,0.0,0.0,0.0,0.03082556265871972,1,0.03082556265871972
,academy_3_vs_1_with_keeper,42,collect_rollout,3829,0,16,-0.009999999543651938,False,False,0.0,0.0,0,0,0,0.0,0.0,0.0,0.0,-0.009999999543651938,1,-0.009999999543651938
,academy_3_vs_1_with_keeper,42,collect_rollout,3830,0,17,-0.003333333181217313,False,False,0.0,0.0,0,0,0,0.0,0.0,0.0,0.0,-0.003333333181217313,1,-0.003333333181217313
,academy_3_vs_1_with_keeper,42,collect_rollout,3831,0,97,1.9318939718650654,False,False,0.0,0.0,0,0,0,0.0,0.0,0.0,0.0,1.9318939718650654,1,1.9318939718650654
,academy_3_vs_1_with_keeper,42,collect_rollout,3832,0,86,2.045983542688191,False,False,0.0,0.0,0,0,0,0.0,0.0,0.0,0.0,2.045983542688191,1,2.045983542688191
,academy_3_vs_1_with_keeper,42,collect_rollout,3833,0,17,0.0,False,False,0.0,0.0,0,0,0,0.0,0.0,0.0,0.0,0.0,1,0.0
,academy_3_vs_1_with_keeper,42,collect_rollout,3834,0,34,0.0440491356421262,False,False,0.0,0.0,0,0,0,0.0,0.0,0.0,0.0,0.0440491356421262,1,0.0440491356421262
,academy_3_vs_1_with_keeper,42,collect_rollout,3835,0,24,-0.009999999543651938,False,False,0.0,0.0,0,0,0,0.0,0.0,0.0,0.0,-0.009999999543651938,1,-0.009999999543651938
,academy_3_vs_1_with_keeper,42,collect_rollout,3836,0,47,0.0528599068056792,False,False,0.0,0.0,0,0,0,0.0,0.0,0.0,0.0,0.0528599068056792,1,0.0528599068056792
,academy_3_vs_1_with_keeper,42,collect_rollout,3837,0,19,-0.003333333181217313,False,False,0.0,0.0,0,0,0,0.0,0.0,0.0,0.0,-0.003333333181217313,1,-0.003333333181217313
,academy_3_vs_1_with_keeper,42,collect_rollout,3838,0,33,0.03749569715000689,False,False,0.0,0.0,0,0,0,0.0,0.0,0.0,0.0,0.03749569715000689,1,0.03749569715000689
,academy_3_vs_1_with_keeper,42,collect_rollout,3839,0,20,-0.006666666362434626,False,False,0.0,0.0,0,0,0,0.0,0.0,0.0,0.0,-0.006666666362434626,1,-0.006666666362434626
,academy_3_vs_1_with_keeper,42,collect_rollout,3840,0,22,-0.003333333181217313,False,False,0.0,0.0,0,0,0,0.0,0.0,0.0,0.0,-0.003333333181217313,1,-0.003333333181217313
,academy_3_vs_1_with_keeper,42,collect_rollout,3841,0,18,0.0,False,False,0.0,0.0,0,0,0,0.0,0.0,0.0,0.0,0.0,1,0.0
,academy_3_vs_1_with_keeper,42,collect_rollout,3842,0,17,0.0,False,False,0.0,0.0,0,0,0,0.0,0.0,0.0,0.0,0.0,1,0.0
,academy_3_vs_1_with_keeper,42,collect_rollout,3843,0,16,-0.01928985328413546,False,False,0.0,0.0,0,0,0,0.0,0.0,0.0,0.0,-0.01928985328413546,1,-0.01928985328413546
,academy_3_vs_1_with_keeper,42,collect_rollout,3844,0,20,-0.006666666362434626,False,False,0.0,0.0,0,0,0,0.0,0.0,0.0,0.0,-0.006666666362434626,1,-0.006666666362434626
,academy_3_vs_1_with_keeper,42,collect_rollout,3845,0,16,0.0,False,False,0.0,0.0,0,0,0,0.0,0.0,0.0,0.0,0.0,1,0.0
,academy_3_vs_1_with_keeper,42,collect_rollout,3846,0,23,0.0,False,False,0.0,0.0,0,0,0,0.0,0.0,0.0,0.0,0.0,1,0.0
,academy_3_vs_1_with_keeper,42,collect_rollout,3847,0,19,-0.003333333181217313,False,False,0.0,0.0,0,0,0,0.0,0.0,0.0,0.0,-0.003333333181217313,1,-0.003333333181217313
,academy_3_vs_1_with_keeper,42,collect_rollout,3848,0,22,-0.009999999543651938,False,False,0.0,0.0,0,0,0,0.0,0.0,0.0,0.0,-0.009999999543651938,1,-0.009999999543651938
,academy_3_vs_1_with_keeper,42,collect_rollout,3849,0,20,-0.016666665906086564,False,False,0.0,0.0,0,0,0,0.0,0.0,0.0,0.0,-0.016666665906086564,1,-0.016666665906086564
,academy_3_vs_1_with_keeper,42,collect_rollout,3850,0,94,0.04517898865742609,False,False,0.0,0.0,0,0,0,0.0,0.0,0.0,0.0,0.04517898865742609,1,0.04517898865742609
,academy_3_vs_1_with_keeper,42,collect_rollout,3851,0,23,-0.009999999543651938,False,False,0.0,0.0,0,0,0,0.0,0.0,0.0,0.0,-0.009999999543651938,1,-0.009999999543651938
,academy_3_vs_1_with_keeper,42,collect_rollout,3852,0,23,-0.013333332724869251,False,False,0.0,0.0,0,0,0,0.0,0.0,0.0,0.0,-0.013333332724869251,1,-0.013333332724869251
,academy_3_vs_1_with_keeper,42,collect_rollout,3853,0,19,-0.009999999543651938,False,False,0.0,0.0,0,0,0,0.0,0.0,0.0,0.0,-0.009999999543651938,1,-0.009999999543651938
,academy_3_vs_1_with_keeper,42,collect_rollout,3854,0,14,-0.006666666362434626,False,False,0.0,0.0,0,0,0,0.0,0.0,0.0,0.0,-0.006666666362434626,1,-0.006666666362434626
,academy_3_vs_1_with_keeper,42,collect_rollout,3855,0,17,0.0,False,False,0.0,0.0,0,0,0,0.0,0.0,0.0,0.0,0.0,1,0.0
,academy_3_vs_1_with_keeper,42,collect_rollout,3856,0,15,0.0,False,False,0.0,0.0,0,0,0,0.0,0.0,0.0,0.0,0.0,1,0.0
,academy_3_vs_1_with_keeper,42,collect_rollout,3857,0,16,-0.009999999543651938,False,False,0.0,0.0,0,0,0,0.0,0.0,0.0,0.0,-0.009999999543651938,1,-0.009999999543651938
,academy_3_vs_1_with_keeper,42,collect_rollout,3858,0,16,-0.003333333181217313,False,False,0.0,0.0,0,0,0,0.0,0.0,0.0,0.0,-0.003333333181217313,1,-0.003333333181217313
,academy_3_vs_1_with_keeper,42,collect_rollout,3859,0,16,0.0,False,False,0.0,0.0,0,0,0,0.0,0.0,0.0,0.0,0.0,1,0.0
,academy_3_vs_1_with_keeper,42,collect_rollout,3860,0,20,-0.003333333181217313,False,False,0.0,0.0,0,0,0,0.0,0.0,0.0,0.0,-0.003333333181217313,1,-0.003333333181217313
,academy_3_vs_1_with_keeper,42,collect_rollout,3861,0,15,-0.003333333181217313,False,False,0.0,0.0,0,0,0,0.0,0.0,0.0,0.0,-0.003333333181217313,1,-0.003333333181217313
,academy_3_vs_1_with_keeper,42,collect_rollout,3862,0,18,-0.003333333181217313,False,False,0.0,0.0,0,0,0,0.0,0.0,0.0,0.0,-0.003333333181217313,1,-0.003333333181217313
,academy_3_vs_1_with_keeper,42,collect_rollout,3863,0,23,0.0,False,False,0.0,0.0,0,0,0,0.0,0.0,0.0,0.0,0.0,1,0.0
,academy_3_vs_1_with_keeper,42,collect_rollout,3864,0,12,-0.002457499736919999,False,False,0.0,0.0,0,0,0,0.0,0.0,0.0,0.0,-0.002457499736919999,1,-0.002457499736919999
,academy_3_vs_1_with_keeper,42,collect_rollout,3865,0,21,-0.009999999543651938,False,False,0.0,0.0,0,0,0,0.0,0.0,0.0,0.0,-0.009999999543651938,1,-0.009999999543651938
,academy_3_vs_1_with_keeper,42,collect_rollout,3866,0,22,-0.003333333181217313,False,False,0.0,0.0,0,0,0,0.0,0.0,0.0,0.0,-0.003333333181217313,1,-0.003333333181217313
,academy_3_vs_1_with_keeper,42,collect_rollout,3867,0,17,0.0,False,False,0.0,0.0,0,0,0,0.0,0.0,0.0,0.0,0.0,1,0.0
,academy_3_vs_1_with_keeper,42,collect_rollout,3868,0,23,-0.003333333181217313,False,False,0.0,0.0,0,0,0,0.0,0.0,0.0,0.0,-0.003333333181217313,1,-0.003333333181217313
,academy_3_vs_1_with_keeper,42,collect_rollout,3869,0,20,-0.006666666362434626,False,False,0.0,0.0,0,0,0,0.0,0.0,0.0,0.0,-0.006666666362434626,1,-0.006666666362434626
,academy_3_vs_1_with_keeper,42,collect_rollout,3870,0,21,0.0,False,False,0.0,0.0,0,0,0,0.0,0.0,0.0,0.0,0.0,1,0.0
,academy_3_vs_1_with_keeper,42,collect_rollout,3871,0,15,-0.006666666362434626,False,False,0.0,0.0,0,0,0,0.0,0.0,0.0,0.0,-0.006666666362434626,1,-0.006666666362434626
,academy_3_vs_1_with_keeper,42,collect_rollout,3872,0,24,-0.009999999543651938,False,False,0.0,0.0,0,0,0,0.0,0.0,0.0,0.0,-0.009999999543651938,1,-0.009999999543651938
,academy_3_vs_1_with_keeper,42,collect_rollout,3873,0,84,0.062329082953510806,False,False,0.0,0.0,0,0,0,0.0,0.0,0.0,0.0,0.062329082953510806,1,0.062329082953510806
,academy_3_vs_1_with_keeper,42,collect_rollout,3874,0,16,0.0,False,False,0.0,0.0,0,0,0,0.0,0.0,0.0,0.0,0.0,1,0.0
,academy_3_vs_1_with_keeper,42,collect_rollout,3875,0,17,0.0,False,False,0.0,0.0,0,0,0,0.0,0.0,0.0,0.0,0.0,1,0.0
,academy_3_vs_1_with_keeper,42,collect_rollout,3876,0,94,-0.02242197818122804,False,False,0.0,0.0,0,0,0,0.0,0.0,0.0,0.0,-0.02242197818122804,1,-0.02242197818122804
,academy_3_vs_1_with_keeper,42,collect_rollout,3877,0,16,-0.006666666362434626,False,False,0.0,0.0,0,0,0,0.0,0.0,0.0,0.0,-0.006666666362434626,1,-0.006666666362434626
,academy_3_vs_1_with_keeper,42,collect_rollout,3878,0,20,-0.003333333181217313,False,False,0.0,0.0,0,0,0,0.0,0.0,0.0,0.0,-0.003333333181217313,1,-0.003333333181217313
,academy_3_vs_1_with_keeper,42,collect_rollout,3879,0,22,-0.003333333181217313,False,False,0.0,0.0,0,0,0,0.0,0.0,0.0,0.0,-0.003333333181217313,1,-0.003333333181217313
,academy_3_vs_1_with_keeper,42,collect_rollout,3880,0,18,0.0,False,False,0.0,0.0,0,0,0,0.0,0.0,0.0,0.0,0.0,1,0.0
,academy_3_vs_1_with_keeper,42,collect_rollout,3881,0,15,-0.003333333181217313,False,False,0.0,0.0,0,0,0,0.0,0.0,0.0,0.0,-0.003333333181217313,1,-0.003333333181217313
,academy_3_vs_1_with_keeper,42,collect_rollout,3882,0,16,-0.003333333181217313,False,False,0.0,0.0,0,0,0,0.0,0.0,0.0,0.0,-0.003333333181217313,1,-0.003333333181217313
,academy_3_vs_1_with_keeper,42,collect_rollout,3883,0,86,0.057208480313420296,False,False,0.0,0.0,0,0,0,0.0,0.0,0.0,0.0,0.057208480313420296,1,0.057208480313420296
,academy_3_vs_1_with_keeper,42,collect_rollout,3884,0,23,0.0,False,False,0.0,0.0,0,0,0,0.0,0.0,0.0,0.0,0.0,1,0.0
,academy_3_vs_1_with_keeper,42,collect_rollout,3885,0,18,-0.003333333181217313,False,False,0.0,0.0,0,0,0,0.0,0.0,0.0,0.0,-0.003333333181217313,1,-0.003333333181217313
,academy_3_vs_1_with_keeper,42,collect_rollout,3886,0,19,-0.003333333181217313,False,False,0.0,0.0,0,0,0,0.0,0.0,0.0,0.0,-0.003333333181217313,1,-0.003333333181217313
,academy_3_vs_1_with_keeper,42,collect_rollout,3887,0,17,-0.006666666362434626,False,False,0.0,0.0,0,0,0,0.0,0.0,0.0,0.0,-0.006666666362434626,1,-0.006666666362434626
,academy_3_vs_1_with_keeper,42,collect_rollout,3888,0,19,0.0,False,False,0.0,0.0,0,0,0,0.0,0.0,0.0,0.0,0.0,1,0.0
,academy_3_vs_1_with_keeper,42,collect_rollout,3889,0,18,-0.003333333181217313,False,False,0.0,0.0,0,0,0,0.0,0.0,0.0,0.0,-0.003333333181217313,1,-0.003333333181217313
,academy_3_vs_1_with_keeper,42,collect_rollout,3890,0,18,0.0,False,False,0.0,0.0,0,0,0,0.0,0.0,0.0,0.0,0.0,1,0.0
,academy_3_vs_1_with_keeper,42,collect_rollout,3891,0,16,0.0,False,False,0.0,0.0,0,0,0,0.0,0.0,0.0,0.0,0.0,1,0.0
,academy_3_vs_1_with_keeper,42,collect_rollout,3892,0,19,-0.003333333181217313,False,False,0.0,0.0,0,0,0,0.0,0.0,0.0,0.0,-0.003333333181217313,1,-0.003333333181217313
,academy_3_vs_1_with_keeper,42,collect_rollout,3893,0,14,0.0,False,False,0.0,0.0,0,0,0,0.0,0.0,0.0,0.0,0.0,1,0.0
,academy_3_vs_1_with_keeper,42,collect_rollout,3894,0,21,0.0,False,False,0.0,0.0,0,0,0,0.0,0.0,0.0,0.0,0.0,1,0.0
,academy_3_vs_1_with_keeper,42,collect_rollout,3895,0,15,-0.003333333181217313,False,False,0.0,0.0,0,0,0,0.0,0.0,0.0,0.0,-0.003333333181217313,1,-0.003333333181217313
,academy_3_vs_1_with_keeper,42,collect_rollout,3896,0,42,0.054645198048092425,False,False,0.0,0.0,0,0,0,0.0,0.0,0.0,0.0,0.054645198048092425,1,0.054645198048092425
,academy_3_vs_1_with_keeper,42,collect_rollout,3897,0,17,0.0,False,False,0.0,0.0,0,0,0,0.0,0.0,0.0,0.0,0.0,1,0.0
,academy_3_vs_1_with_keeper,42,collect_rollout,3898,0,89,0.04637839284259826,False,False,0.0,0.0,0,0,0,0.0,0.0,0.0,0.0,0.04637839284259826,1,0.04637839284259826
,academy_3_vs_1_with_keeper,42,collect_rollout,3899,0,19,0.0,False,False,0.0,0.0,0,0,0,0.0,0.0,0.0,0.0,0.0,1,0.0
,academy_3_vs_1_with_keeper,42,collect_rollout,3900,0,22,-0.003333333181217313,False,False,0.0,0.0,0,0,0,0.0,0.0,0.0,0.0,-0.003333333181217313,1,-0.003333333181217313
,academy_3_vs_1_with_keeper,42,collect_rollout,3901,0,8,-0.0021814226638525724,False,False,0.0,0.0,0,0,0,0.0,0.0,0.0,0.0,-0.0021814226638525724,1,-0.0021814226638525724
,academy_3_vs_1_with_keeper,42,collect_rollout,3902,0,44,0.06019946467131376,False,False,0.0,0.0,0,0,0,0.0,0.0,0.0,0.0,0.06019946467131376,1,0.06019946467131376
,academy_3_vs_1_with_keeper,42,collect_rollout,3903,0,15,0.0,False,False,0.0,0.0,0,0,0,0.0,0.0,0.0,0.0,0.0,1,0.0
,academy_3_vs_1_with_keeper,42,collect_rollout,3904,0,74,-0.07353313744533807,False,False,0.0,0.0,0,0,0,0.0,0.0,0.0,0.0,-0.07353313744533807,1,-0.07353313744533807
,academy_3_vs_1_with_keeper,42,collect_rollout,3905,0,18,-0.006666666362434626,False,False,0.0,0.0,0,0,0,0.0,0.0,0.0,0.0,-0.006666666362434626,1,-0.006666666362434626
,academy_3_vs_1_with_keeper,42,collect_rollout,3906,0,20,0.0,False,False,0.0,0.0,0,0,0,0.0,0.0,0.0,0.0,0.0,1,0.0
,academy_3_vs_1_with_keeper,42,collect_rollout,3907,0,18,-0.003333333181217313,False,False,0.0,0.0,0,0,0,0.0,0.0,0.0,0.0,-0.003333333181217313,1,-0.003333333181217313
,academy_3_vs_1_with_keeper,42,collect_rollout,3908,0,18,0.0,False,False,0.0,0.0,0,0,0,0.0,0.0,0.0,0.0,0.0,1,0.0
,academy_3_vs_1_with_keeper,42,collect_rollout,3909,0,22,0.0,False,False,0.0,0.0,0,0,0,0.0,0.0,0.0,0.0,0.0,1,0.0
,academy_3_vs_1_with_keeper,42,collect_rollout,3910,0,21,0.0,False,False,0.0,0.0,0,0,0,0.0,0.0,0.0,0.0,0.0,1,0.0
,academy_3_vs_1_with_keeper,42,collect_rollout,3911,0,15,0.0,False,False,0.0,0.0,0,0,0,0.0,0.0,0.0,0.0,0.0,1,0.0
,academy_3_vs_1_with_keeper,42,collect_rollout,3912,0,22,-0.003333333181217313,False,False,0.0,0.0,0,0,0,0.0,0.0,0.0,0.0,-0.003333333181217313,1,-0.003333333181217313
,academy_3_vs_1_with_keeper,42,collect_rollout,3913,0,20,-0.003333333181217313,False,False,0.0,0.0,0,0,0,0.0,0.0,0.0,0.0,-0.003333333181217313,1,-0.003333333181217313
,academy_3_vs_1_with_keeper,42,collect_rollout,3914,0,18,0.0,False,False,0.0,0.0,0,0,0,0.0,0.0,0.0,0.0,0.0,1,0.0
,academy_3_vs_1_with_keeper,42,collect_rollout,3915,0,52,0.0370125537738204,False,False,0.0,0.0,0,0,0,0.0,0.0,0.0,0.0,0.0370125537738204,1,0.0370125537738204
,academy_3_vs_1_with_keeper,42,collect_rollout,3916,0,17,0.0,False,False,0.0,0.0,0,0,0,0.0,0.0,0.0,0.0,0.0,1,0.0
,academy_3_vs_1_with_keeper,42,collect_rollout,3917,0,19,-0.003333333181217313,False,False,0.0,0.0,0,0,0,0.0,0.0,0.0,0.0,-0.003333333181217313,1,-0.003333333181217313
,academy_3_vs_1_with_keeper,42,collect_rollout,3918,0,88,-0.04882621788419783,False,False,0.0,0.0,0,0,0,0.0,0.0,0.0,0.0,-0.04882621788419783,1,-0.04882621788419783
,academy_3_vs_1_with_keeper,42,collect_rollout,3919,0,21,-0.003333333181217313,False,False,0.0,0.0,0,0,0,0.0,0.0,0.0,0.0,-0.003333333181217313,1,-0.003333333181217313
,academy_3_vs_1_with_keeper,42,collect_rollout,3920,0,19,-0.003333333181217313,False,False,0.0,0.0,0,0,0,0.0,0.0,0.0,0.0,-0.003333333181217313,1,-0.003333333181217313
,academy_3_vs_1_with_keeper,42,collect_rollout,3921,0,54,-0.1569440426537767,False,False,0.0,0.0,0,0,0,0.0,0.0,0.0,0.0,-0.1569440426537767,1,-0.1569440426537767
,academy_3_vs_1_with_keeper,42,collect_rollout,3922,0,90,0.0056716924664215185,False,False,0.0,0.0,0,0,0,0.0,0.0,0.0,0.0,0.0056716924664215185,1,0.0056716924664215185
,academy_3_vs_1_with_keeper,42,collect_rollout,3923,0,16,0.0,False,False,0.0,0.0,0,0,0,0.0,0.0,0.0,0.0,0.0,1,0.0
,academy_3_vs_1_with_keeper,42,collect_rollout,3924,0,20,0.0,False,False,0.0,0.0,0,0,0,0.0,0.0,0.0,0.0,0.0,1,0.0
,academy_3_vs_1_with_keeper,42,collect_rollout,3925,0,19,0.0,False,False,0.0,0.0,0,0,0,0.0,0.0,0.0,0.0,0.0,1,0.0
,academy_3_vs_1_with_keeper,42,collect_rollout,3926,0,20,0.0,False,False,0.0,0.0,0,0,0,0.0,0.0,0.0,0.0,0.0,1,0.0
,academy_3_vs_1_with_keeper,42,collect_rollout,3927,0,16,0.0,False,False,0.0,0.0,0,0,0,0.0,0.0,0.0,0.0,0.0,1,0.0
,academy_3_vs_1_with_keeper,42,collect_rollout,3928,0,19,0.0,False,False,0.0,0.0,0,0,0,0.0,0.0,0.0,0.0,0.0,1,0.0
,academy_3_vs_1_with_keeper,42,collect_rollout,3929,0,22,-0.003333333181217313,False,False,0.0,0.0,0,0,0,0.0,0.0,0.0,0.0,-0.003333333181217313,1,-0.003333333181217313
,academy_3_vs_1_with_keeper,42,collect_rollout,3930,0,15,-0.003333333181217313,False,False,0.0,0.0,0,0,0,0.0,0.0,0.0,0.0,-0.003333333181217313,1,-0.003333333181217313
,academy_3_vs_1_with_keeper,42,collect_rollout,3931,0,21,0.0,False,False,0.0,0.0,0,0,0,0.0,0.0,0.0,0.0,0.0,1,0.0
,academy_3_vs_1_with_keeper,42,collect_rollout,3932,0,16,0.0,False,False,0.0,0.0,0,0,0,0.0,0.0,0.0,0.0,0.0,1,0.0
,academy_3_vs_1_with_keeper,42,collect_rollout,3933,0,17,-0.009999999543651938,False,False,0.0,0.0,0,0,0,0.0,0.0,0.0,0.0,-0.009999999543651938,1,-0.009999999543651938
,academy_3_vs_1_with_keeper,42,collect_rollout,3934,0,86,1.6420082598851877,False,False,0.0,0.0,0,0,0,0.0,0.0,0.0,0.0,1.6420082598851877,1,1.6420082598851877
,academy_3_vs_1_with_keeper,42,collect_rollout,3935,0,15,-0.009999999543651938,False,False,0.0,0.0,0,0,0,0.0,0.0,0.0,0.0,-0.009999999543651938,1,-0.009999999543651938
,academy_3_vs_1_with_keeper,42,collect_rollout,3936,0,17,0.0,False,False,0.0,0.0,0,0,0,0.0,0.0,0.0,0.0,0.0,1,0.0
,academy_3_vs_1_with_keeper,42,collect_rollout,3937,0,80,2.175959803396836,False,False,0.0,0.0,0,0,0,0.0,0.0,0.0,0.0,2.175959803396836,1,2.175959803396836
,academy_3_vs_1_with_keeper,42,collect_rollout,3938,0,19,-0.003333333181217313,False,False,0.0,0.0,0,0,0,0.0,0.0,0.0,0.0,-0.003333333181217313,1,-0.003333333181217313
,academy_3_vs_1_with_keeper,42,collect_rollout,3939,0,88,0.04097545158583671,False,False,0.0,0.0,0,0,0,0.0,0.0,0.0,0.0,0.04097545158583671,1,0.04097545158583671
,academy_3_vs_1_with_keeper,42,collect_rollout,3940,0,16,0.0,False,False,0.0,0.0,0,0,0,0.0,0.0,0.0,0.0,0.0,1,0.0
,academy_3_vs_1_with_keeper,42,collect_rollout,3941,0,19,0.0,False,False,0.0,0.0,0,0,0,0.0,0.0,0.0,0.0,0.0,1,0.0
,academy_3_vs_1_with_keeper,42,collect_rollout,3942,0,14,-0.006666666362434626,False,False,0.0,0.0,0,0,0,0.0,0.0,0.0,0.0,-0.006666666362434626,1,-0.006666666362434626
,academy_3_vs_1_with_keeper,42,collect_rollout,3943,0,21,0.0,False,False,0.0,0.0,0,0,0,0.0,0.0,0.0,0.0,0.0,1,0.0
,academy_3_vs_1_with_keeper,42,collect_rollout,3944,0,24,-0.003333333181217313,False,False,0.0,0.0,0,0,0,0.0,0.0,0.0,0.0,-0.003333333181217313,1,-0.003333333181217313
,academy_3_vs_1_with_keeper,42,collect_rollout,3945,0,41,0.029696670884732157,False,False,0.0,0.0,0,0,0,0.0,0.0,0.0,0.0,0.029696670884732157,1,0.029696670884732157
,academy_3_vs_1_with_keeper,42,collect_rollout,3946,0,98,-0.014500108431093395,False,False,0.0,0.0,0,0,0,0.0,0.0,0.0,0.0,-0.014500108431093395,1,-0.014500108431093395
,academy_3_vs_1_with_keeper,42,collect_rollout,3947,0,17,-0.003333333181217313,False,False,0.0,0.0,0,0,0,0.0,0.0,0.0,0.0,-0.003333333181217313,1,-0.003333333181217313
,academy_3_vs_1_with_keeper,42,collect_rollout,3948,0,21,-0.003333333181217313,False,False,0.0,0.0,0,0,0,0.0,0.0,0.0,0.0,-0.003333333181217313,1,-0.003333333181217313
,academy_3_vs_1_with_keeper,42,collect_rollout,3949,0,20,-0.003333333181217313,False,False,0.0,0.0,0,0,0,0.0,0.0,0.0,0.0,-0.003333333181217313,1,-0.003333333181217313
,academy_3_vs_1_with_keeper,42,collect_rollout,3950,0,15,0.0,False,False,0.0,0.0,0,0,0,0.0,0.0,0.0,0.0,0.0,1,0.0
,academy_3_vs_1_with_keeper,42,collect_rollout,3951,0,20,-0.003333333181217313,False,False,0.0,0.0,0,0,0,0.0,0.0,0.0,0.0,-0.003333333181217313,1,-0.003333333181217313
,academy_3_vs_1_with_keeper,42,collect_rollout,3952,0,88,1.6972734730807133,False,False,0.0,0.0,0,0,0,0.0,0.0,0.0,0.0,1.6972734730807133,1,1.6972734730807133
,academy_3_vs_1_with_keeper,42,collect_rollout,3953,0,77,-0.03495193039998412,False,False,0.0,0.0,0,0,0,0.0,0.0,0.0,0.0,-0.03495193039998412,1,-0.03495193039998412
,academy_3_vs_1_with_keeper,42,collect_rollout,3954,0,15,0.0,False,False,0.0,0.0,0,0,0,0.0,0.0,0.0,0.0,0.0,1,0.0
,academy_3_vs_1_with_keeper,42,collect_rollout,3955,0,18,-0.003333333181217313,False,False,0.0,0.0,0,0,0,0.0,0.0,0.0,0.0,-0.003333333181217313,1,-0.003333333181217313
,academy_3_vs_1_with_keeper,42,collect_rollout,3956,0,15,0.0,False,False,0.0,0.0,0,0,0,0.0,0.0,0.0,0.0,0.0,1,0.0
,academy_3_vs_1_with_keeper,42,collect_rollout,3957,0,17,-0.006666666362434626,False,False,0.0,0.0,0,0,0,0.0,0.0,0.0,0.0,-0.006666666362434626,1,-0.006666666362434626
,academy_3_vs_1_with_keeper,42,collect_rollout,3958,0,20,-0.006666666362434626,False,False,0.0,0.0,0,0,0,0.0,0.0,0.0,0.0,-0.006666666362434626,1,-0.006666666362434626
,academy_3_vs_1_with_keeper,42,collect_rollout,3959,0,77,0.021421511948574334,False,False,0.0,0.0,0,0,0,0.0,0.0,0.0,0.0,0.021421511948574334,1,0.021421511948574334
,academy_3_vs_1_with_keeper,42,collect_rollout,3960,0,22,0.0,False,False,0.0,0.0,0,0,0,0.0,0.0,0.0,0.0,0.0,1,0.0
,academy_3_vs_1_with_keeper,42,collect_rollout,3961,0,19,-0.003333333181217313,False,False,0.0,0.0,0,0,0,0.0,0.0,0.0,0.0,-0.003333333181217313,1,-0.003333333181217313
,academy_3_vs_1_with_keeper,42,collect_rollout,3962,0,21,-0.003333333181217313,False,False,0.0,0.0,0,0,0,0.0,0.0,0.0,0.0,-0.003333333181217313,1,-0.003333333181217313
,academy_3_vs_1_with_keeper,42,collect_rollout,3963,0,19,-0.003333333181217313,False,False,0.0,0.0,0,0,0,0.0,0.0,0.0,0.0,-0.003333333181217313,1,-0.003333333181217313
,academy_3_vs_1_with_keeper,42,collect_rollout,3964,0,23,-0.003333333181217313,False,False,0.0,0.0,0,0,0,0.0,0.0,0.0,0.0,-0.003333333181217313,1,-0.003333333181217313
,academy_3_vs_1_with_keeper,42,collect_rollout,3965,0,57,-0.29727410041959956,False,False,0.0,0.0,0,0,0,0.0,0.0,0.0,0.0,-0.29727410041959956,1,-0.29727410041959956
,academy_3_vs_1_with_keeper,42,collect_rollout,3966,0,92,0.00306042970623821,False,False,0.0,0.0,0,0,0,0.0,0.0,0.0,0.0,0.00306042970623821,1,0.00306042970623821
,academy_3_vs_1_with_keeper,42,collect_rollout,3967,0,19,0.0,False,False,0.0,0.0,0,0,0,0.0,0.0,0.0,0.0,0.0,1,0.0
,academy_3_vs_1_with_keeper,42,collect_rollout,3968,0,38,0.029485537786968052,False,False,0.0,0.0,0,0,0,0.0,0.0,0.0,0.0,0.029485537786968052,1,0.029485537786968052
,academy_3_vs_1_with_keeper,42,collect_rollout,3969,0,1801,-0.10533756963559426,False,False,0.0,0.0,0,0,0,0.0,0.0,0.0,0.0,-0.10533756963559426,1,-0.10533756963559426
,academy_3_vs_1_with_keeper,42,collect_rollout,3970,0,21,0.0,False,False,0.0,0.0,0,0,0,0.0,0.0,0.0,0.0,0.0,1,0.0
,academy_3_vs_1_with_keeper,42,collect_rollout,3971,0,17,0.0,False,False,0.0,0.0,0,0,0,0.0,0.0,0.0,0.0,0.0,1,0.0
,academy_3_vs_1_with_keeper,42,collect_rollout,3972,0,16,-0.003333333181217313,False,False,0.0,0.0,0,0,0,0.0,0.0,0.0,0.0,-0.003333333181217313,1,-0.003333333181217313
,academy_3_vs_1_with_keeper,42,collect_rollout,3973,0,84,2.03428765933495,False,False,0.0,0.0,0,0,0,0.0,0.0,0.0,0.0,2.03428765933495,1,2.03428765933495
,academy_3_vs_1_with_keeper,42,collect_rollout,3974,0,66,-0.11403154523577541,False,False,0.0,0.0,0,0,0,0.0,0.0,0.0,0.0,-0.11403154523577541,1,-0.11403154523577541
,academy_3_vs_1_with_keeper,42,collect_rollout,3975,0,130,0.24892368027940392,False,False,0.0,0.0,0,0,0,0.0,0.0,0.0,0.0,0.24892368027940392,1,0.24892368027940392
,academy_3_vs_1_with_keeper,42,collect_rollout,3976,0,20,0.0,False,False,0.0,0.0,0,0,0,0.0,0.0,0.0,0.0,0.0,1,0.0
,academy_3_vs_1_with_keeper,42,collect_rollout,3977,0,17,-0.009999999543651938,False,False,0.0,0.0,0,0,0,0.0,0.0,0.0,0.0,-0.009999999543651938,1,-0.009999999543651938
,academy_3_vs_1_with_keeper,42,collect_rollout,3978,0,18,0.0,False,False,0.0,0.0,0,0,0,0.0,0.0,0.0,0.0,0.0,1,0.0
,academy_3_vs_1_with_keeper,42,collect_rollout,3979,0,35,0.10352772776968777,False,False,0.0,0.0,0,0,0,0.0,0.0,0.0,0.0,0.10352772776968777,1,0.10352772776968777
,academy_3_vs_1_with_keeper,42,collect_rollout,3980,0,22,0.0,False,False,0.0,0.0,0,0,0,0.0,0.0,0.0,0.0,0.0,1,0.0
,academy_3_vs_1_with_keeper,42,collect_rollout,3981,0,23,0.0,False,False,0.0,0.0,0,0,0,0.0,0.0,0.0,0.0,0.0,1,0.0
,academy_3_vs_1_with_keeper,42,collect_rollout,3982,0,18,-0.006666666362434626,False,False,0.0,0.0,0,0,0,0.0,0.0,0.0,0.0,-0.006666666362434626,1,-0.006666666362434626
,academy_3_vs_1_with_keeper,42,collect_rollout,3983,0,22,-0.006666666362434626,False,False,0.0,0.0,0,0,0,0.0,0.0,0.0,0.0,-0.006666666362434626,1,-0.006666666362434626
,academy_3_vs_1_with_keeper,42,collect_rollout,3984,0,22,-0.006666666362434626,False,False,0.0,0.0,0,0,0,0.0,0.0,0.0,0.0,-0.006666666362434626,1,-0.006666666362434626
,academy_3_vs_1_with_keeper,42,collect_rollout,3985,0,18,-0.003333333181217313,False,False,0.0,0.0,0,0,0,0.0,0.0,0.0,0.0,-0.003333333181217313,1,-0.003333333181217313
,academy_3_vs_1_with_keeper,42,collect_rollout,3986,0,19,0.0,False,False,0.0,0.0,0,0,0,0.0,0.0,0.0,0.0,0.0,1,0.0
,academy_3_vs_1_with_keeper,42,collect_rollout,3987,0,14,0.0,False,False,0.0,0.0,0,0,0,0.0,0.0,0.0,0.0,0.0,1,0.0
,academy_3_vs_1_with_keeper,42,collect_rollout,3988,0,20,-0.009999999543651938,False,False,0.0,0.0,0,0,0,0.0,0.0,0.0,0.0,-0.009999999543651938,1,-0.009999999543651938
,academy_3_vs_1_with_keeper,42,collect_rollout,3989,0,19,-0.003333333181217313,False,False,0.0,0.0,0,0,0,0.0,0.0,0.0,0.0,-0.003333333181217313,1,-0.003333333181217313
,academy_3_vs_1_with_keeper,42,collect_rollout,3990,0,18,0.0,False,False,0.0,0.0,0,0,0,0.0,0.0,0.0,0.0,0.0,1,0.0
,academy_3_vs_1_with_keeper,42,collect_rollout,3991,0,88,0.01346153486520052,False,False,0.0,0.0,0,0,0,0.0,0.0,0.0,0.0,0.01346153486520052,1,0.01346153486520052
,academy_3_vs_1_with_keeper,42,collect_rollout,3992,0,78,-0.24323670368175954,False,False,0.0,0.0,0,0,0,0.0,0.0,0.0,0.0,-0.24323670368175954,1,-0.24323670368175954
,academy_3_vs_1_with_keeper,42,collect_rollout,3993,0,20,-0.003333333181217313,False,False,0.0,0.0,0,0,0,0.0,0.0,0.0,0.0,-0.003333333181217313,1,-0.003333333181217313
,academy_3_vs_1_with_keeper,42,collect_rollout,3994,0,19,0.0,False,False,0.0,0.0,0,0,0,0.0,0.0,0.0,0.0,0.0,1,0.0
,academy_3_vs_1_with_keeper,42,collect_rollout,3995,0,68,-0.05837862385669723,False,False,0.0,0.0,0,0,0,0.0,0.0,0.0,0.0,-0.05837862385669723,1,-0.05837862385669723
,academy_3_vs_1_with_keeper,42,collect_rollout,3996,0,78,-0.00833271536976099,False,False,0.0,0.0,0,0,0,0.0,0.0,0.0,0.0,-0.00833271536976099,1,-0.00833271536976099
,academy_3_vs_1_with_keeper,42,collect_rollout,3997,0,43,0.09408994589466602,False,False,0.0,0.0,0,0,0,0.0,0.0,0.0,0.0,0.09408994589466602,1,0.09408994589466602
,academy_3_vs_1_with_keeper,42,collect_rollout,3998,0,21,-0.003333333181217313,False,False,0.0,0.0,0,0,0,0.0,0.0,0.0,0.0,-0.003333333181217313,1,-0.003333333181217313
,academy_3_vs_1_with_keeper,42,collect_rollout,3999,0,22,-0.003333333181217313,False,False,0.0,0.0,0,0,0,0.0,0.0,0.0,0.0,-0.003333333181217313,1,-0.003333333181217313
,academy_3_vs_1_with_keeper,42,collect_rollout,4000,0,17,0.0,False,False,0.0,0.0,0,0,0,0.0,0.0,0.0,0.0,0.0,1,0.0
,academy_3_vs_1_with_keeper,42,collect_rollout,4001,0,18,0.0,False,False,0.0,0.0,0,0,0,0.0,0.0,0.0,0.0,0.0,1,0.0
,academy_3_vs_1_with_keeper,42,collect_rollout,4002,0,81,0.01997798797674477,False,False,0.0,0.0,0,0,0,0.0,0.0,0.0,0.0,0.01997798797674477,1,0.01997798797674477
,academy_3_vs_1_with_keeper,42,collect_rollout,4003,0,21,0.0,False,False,0.0,0.0,0,0,0,0.0,0.0,0.0,0.0,0.0,1,0.0
,academy_3_vs_1_with_keeper,42,collect_rollout,4004,0,13,0.002835563849657774,False,False,0.0,0.0,0,0,0,0.0,0.0,0.0,0.0,0.002835563849657774,1,0.002835563849657774
,academy_3_vs_1_with_keeper,42,collect_rollout,4005,0,47,0.05654774629510939,False,False,0.0,0.0,0,0,0,0.0,0.0,0.0,0.0,0.05654774629510939,1,0.05654774629510939
,academy_3_vs_1_with_keeper,42,collect_rollout,4006,0,91,1.57175219070632,False,False,0.0,0.0,0,0,0,0.0,0.0,0.0,0.0,1.57175219070632,1,1.57175219070632
,academy_3_vs_1_with_keeper,42,collect_rollout,4007,0,42,0.3109747222624719,False,False,0.0,0.0,0,0,0,0.0,0.0,0.0,0.0,0.3109747222624719,1,0.3109747222624719
,academy_3_vs_1_with_keeper,42,collect_rollout,4008,0,46,0.013015998643822968,False,False,0.0,0.0,0,0,0,0.0,0.0,0.0,0.0,0.013015998643822968,1,0.013015998643822968
,academy_3_vs_1_with_keeper,42,collect_rollout,4009,0,23,-0.006666666362434626,False,False,0.0,0.0,0,0,0,0.0,0.0,0.0,0.0,-0.006666666362434626,1,-0.006666666362434626
,academy_3_vs_1_with_keeper,42,collect_rollout,4010,0,18,-0.006666666362434626,False,False,0.0,0.0,0,0,0,0.0,0.0,0.0,0.0,-0.006666666362434626,1,-0.006666666362434626
,academy_3_vs_1_with_keeper,42,collect_rollout,4011,0,19,-0.003333333181217313,False,False,0.0,0.0,0,0,0,0.0,0.0,0.0,0.0,-0.003333333181217313,1,-0.003333333181217313
,academy_3_vs_1_with_keeper,42,collect_rollout,4012,0,22,-0.016666665906086564,False,False,0.0,0.0,0,0,0,0.0,0.0,0.0,0.0,-0.016666665906086564,1,-0.016666665906086564
,academy_3_vs_1_with_keeper,42,collect_rollout,4013,0,50,0.04075054480927065,False,False,0.0,0.0,0,0,0,0.0,0.0,0.0,0.0,0.04075054480927065,1,0.04075054480927065
,academy_3_vs_1_with_keeper,42,collect_rollout,4014,0,17,-0.003333333181217313,False,False,0.0,0.0,0,0,0,0.0,0.0,0.0,0.0,-0.003333333181217313,1,-0.003333333181217313
,academy_3_vs_1_with_keeper,42,collect_rollout,4015,0,18,0.0,False,False,0.0,0.0,0,0,0,0.0,0.0,0.0,0.0,0.0,1,0.0
,academy_3_vs_1_with_keeper,42,collect_rollout,4016,0,14,-0.009999999543651938,False,False,0.0,0.0,0,0,0,0.0,0.0,0.0,0.0,-0.009999999543651938,1,-0.009999999543651938
,academy_3_vs_1_with_keeper,42,collect_rollout,4017,0,19,-0.006666666362434626,False,False,0.0,0.0,0,0,0,0.0,0.0,0.0,0.0,-0.006666666362434626,1,-0.006666666362434626
,academy_3_vs_1_with_keeper,42,collect_rollout,4018,0,44,0.049491859099362046,False,False,0.0,0.0,0,0,0,0.0,0.0,0.0,0.0,0.049491859099362046,1,0.049491859099362046
,academy_3_vs_1_with_keeper,42,collect_rollout,4019,0,20,0.0,False,False,0.0,0.0,0,0,0,0.0,0.0,0.0,0.0,0.0,1,0.0
,academy_3_vs_1_with_keeper,42,collect_rollout,4020,0,88,0.06780232297023758,False,False,0.0,0.0,0,0,0,0.0,0.0,0.0,0.0,0.06780232297023758,1,0.06780232297023758
,academy_3_vs_1_with_keeper,42,collect_rollout,4021,0,19,0.0,False,False,0.0,0.0,0,0,0,0.0,0.0,0.0,0.0,0.0,1,0.0
,academy_3_vs_1_with_keeper,42,collect_rollout,4022,0,18,-0.003333333181217313,False,False,0.0,0.0,0,0,0,0.0,0.0,0.0,0.0,-0.003333333181217313,1,-0.003333333181217313
,academy_3_vs_1_with_keeper,42,collect_rollout,4023,0,21,-0.003333333181217313,False,False,0.0,0.0,0,0,0,0.0,0.0,0.0,0.0,-0.003333333181217313,1,-0.003333333181217313
,academy_3_vs_1_with_keeper,42,collect_rollout,4024,0,8,0.001044461620040238,False,False,0.0,0.0,0,0,0,0.0,0.0,0.0,0.0,0.001044461620040238,1,0.001044461620040238
,academy_3_vs_1_with_keeper,42,collect_rollout,4025,0,20,-0.003333333181217313,False,False,0.0,0.0,0,0,0,0.0,0.0,0.0,0.0,-0.003333333181217313,1,-0.003333333181217313
,academy_3_vs_1_with_keeper,42,collect_rollout,4026,0,20,-0.006666666362434626,False,False,0.0,0.0,0,0,0,0.0,0.0,0.0,0.0,-0.006666666362434626,1,-0.006666666362434626
,academy_3_vs_1_with_keeper,42,collect_rollout,4027,0,88,1.80368933751015,False,False,0.0,0.0,0,0,0,0.0,0.0,0.0,0.0,1.80368933751015,1,1.80368933751015
,academy_3_vs_1_with_keeper,42,collect_rollout,4028,0,20,-0.003333333181217313,False,False,0.0,0.0,0,0,0,0.0,0.0,0.0,0.0,-0.003333333181217313,1,-0.003333333181217313
,academy_3_vs_1_with_keeper,42,collect_rollout,4029,0,17,0.0,False,False,0.0,0.0,0,0,0,0.0,0.0,0.0,0.0,0.0,1,0.0
,academy_3_vs_1_with_keeper,42,collect_rollout,4030,0,15,0.0,False,False,0.0,0.0,0,0,0,0.0,0.0,0.0,0.0,0.0,1,0.0
,academy_3_vs_1_with_keeper,42,collect_rollout,4031,0,18,-0.003333333181217313,False,False,0.0,0.0,0,0,0,0.0,0.0,0.0,0.0,-0.003333333181217313,1,-0.003333333181217313
,academy_3_vs_1_with_keeper,42,collect_rollout,4032,0,21,0.0,False,False,0.0,0.0,0,0,0,0.0,0.0,0.0,0.0,0.0,1,0.0
,academy_3_vs_1_with_keeper,42,collect_rollout,4033,0,20,-0.003333333181217313,False,False,0.0,0.0,0,0,0,0.0,0.0,0.0,0.0,-0.003333333181217313,1,-0.003333333181217313
,academy_3_vs_1_with_keeper,42,collect_rollout,4034,0,23,-0.003333333181217313,False,False,0.0,0.0,0,0,0,0.0,0.0,0.0,0.0,-0.003333333181217313,1,-0.003333333181217313
,academy_3_vs_1_with_keeper,42,collect_rollout,4035,0,15,0.0,False,False,0.0,0.0,0,0,0,0.0,0.0,0.0,0.0,0.0,1,0.0
,academy_3_vs_1_with_keeper,42,collect_rollout,4036,0,80,0.04942149932321627,False,False,0.0,0.0,0,0,0,0.0,0.0,0.0,0.0,0.04942149932321627,1,0.04942149932321627
,academy_3_vs_1_with_keeper,42,collect_rollout,4037,0,18,-0.003333333181217313,False,False,0.0,0.0,0,0,0,0.0,0.0,0.0,0.0,-0.003333333181217313,1,-0.003333333181217313
,academy_3_vs_1_with_keeper,42,collect_rollout,4038,0,19,-0.003333333181217313,False,False,0.0,0.0,0,0,0,0.0,0.0,0.0,0.0,-0.003333333181217313,1,-0.003333333181217313
,academy_3_vs_1_with_keeper,42,collect_rollout,4039,0,15,0.0,False,False,0.0,0.0,0,0,0,0.0,0.0,0.0,0.0,0.0,1,0.0
,academy_3_vs_1_with_keeper,42,collect_rollout,4040,0,21,-0.006666666362434626,False,False,0.0,0.0,0,0,0,0.0,0.0,0.0,0.0,-0.006666666362434626,1,-0.006666666362434626
,academy_3_vs_1_with_keeper,42,collect_rollout,4041,0,16,0.0,False,False,0.0,0.0,0,0,0,0.0,0.0,0.0,0.0,0.0,1,0.0
,academy_3_vs_1_with_keeper,42,collect_rollout,4042,0,21,-0.006666666362434626,False,False,0.0,0.0,0,0,0,0.0,0.0,0.0,0.0,-0.006666666362434626,1,-0.006666666362434626
,academy_3_vs_1_with_keeper,42,collect_rollout,4043,0,22,-0.006666666362434626,False,False,0.0,0.0,0,0,0,0.0,0.0,0.0,0.0,-0.006666666362434626,1,-0.006666666362434626
,academy_3_vs_1_with_keeper,42,collect_rollout,4044,0,16,-0.11470023670699447,False,False,0.0,0.0,0,0,0,0.0,0.0,0.0,0.0,-0.11470023670699447,1,-0.11470023670699447
,academy_3_vs_1_with_keeper,42,collect_rollout,4045,0,87,0.06200509727932513,False,False,0.0,0.0,0,0,0,0.0,0.0,0.0,0.0,0.06200509727932513,1,0.06200509727932513
,academy_3_vs_1_with_keeper,42,collect_rollout,4046,0,20,-0.006666666362434626,False,False,0.0,0.0,0,0,0,0.0,0.0,0.0,0.0,-0.006666666362434626,1,-0.006666666362434626
,academy_3_vs_1_with_keeper,42,collect_rollout,4047,0,11,-0.009397911373525858,False,False,0.0,0.0,0,0,0,0.0,0.0,0.0,0.0,-0.009397911373525858,1,-0.009397911373525858
,academy_3_vs_1_with_keeper,42,collect_rollout,4048,0,18,0.0,False,False,0.0,0.0,0,0,0,0.0,0.0,0.0,0.0,0.0,1,0.0
,academy_3_vs_1_with_keeper,42,collect_rollout,4049,0,51,0.0714635222684592,False,False,0.0,0.0,0,0,0,0.0,0.0,0.0,0.0,0.0714635222684592,1,0.0714635222684592
,academy_3_vs_1_with_keeper,42,collect_rollout,4050,0,83,0.0803164479912084,False,False,0.0,0.0,0,0,0,0.0,0.0,0.0,0.0,0.0803164479912084,1,0.0803164479912084
,academy_3_vs_1_with_keeper,42,collect_rollout,4051,0,19,-0.003333333181217313,False,False,0.0,0.0,0,0,0,0.0,0.0,0.0,0.0,-0.003333333181217313,1,-0.003333333181217313
,academy_3_vs_1_with_keeper,42,collect_rollout,4052,0,19,-0.013333332724869251,False,False,0.0,0.0,0,0,0,0.0,0.0,0.0,0.0,-0.013333332724869251,1,-0.013333332724869251
,academy_3_vs_1_with_keeper,42,collect_rollout,4053,0,49,0.10267461696639657,False,False,0.0,0.0,0,0,0,0.0,0.0,0.0,0.0,0.10267461696639657,1,0.10267461696639657
,academy_3_vs_1_with_keeper,42,collect_rollout,4054,0,17,-0.003333333181217313,False,False,0.0,0.0,0,0,0,0.0,0.0,0.0,0.0,-0.003333333181217313,1,-0.003333333181217313
,academy_3_vs_1_with_keeper,42,collect_rollout,4055,0,41,0.05006039119325578,False,False,0.0,0.0,0,0,0,0.0,0.0,0.0,0.0,0.05006039119325578,1,0.05006039119325578
,academy_3_vs_1_with_keeper,42,collect_rollout,4056,0,20,-0.003333333181217313,False,False,0.0,0.0,0,0,0,0.0,0.0,0.0,0.0,-0.003333333181217313,1,-0.003333333181217313
,academy_3_vs_1_with_keeper,42,collect_rollout,4057,0,20,-0.003333333181217313,False,False,0.0,0.0,0,0,0,0.0,0.0,0.0,0.0,-0.003333333181217313,1,-0.003333333181217313
,academy_3_vs_1_with_keeper,42,collect_rollout,4058,0,20,-0.009999999543651938,False,False,0.0,0.0,0,0,0,0.0,0.0,0.0,0.0,-0.009999999543651938,1,-0.009999999543651938
,academy_3_vs_1_with_keeper,42,collect_rollout,4059,0,79,0.08997036918299273,False,False,0.0,0.0,0,0,0,0.0,0.0,0.0,0.0,0.08997036918299273,1,0.08997036918299273
,academy_3_vs_1_with_keeper,42,collect_rollout,4060,0,77,0.009723819719511084,False,False,0.0,0.0,0,0,0,0.0,0.0,0.0,0.0,0.009723819719511084,1,0.009723819719511084
,academy_3_vs_1_with_keeper,42,collect_rollout,4061,0,80,0.05924621457234025,False,False,0.0,0.0,0,0,0,0.0,0.0,0.0,0.0,0.05924621457234025,1,0.05924621457234025
,academy_3_vs_1_with_keeper,42,collect_rollout,4062,0,13,-0.003333333181217313,False,False,0.0,0.0,0,0,0,0.0,0.0,0.0,0.0,-0.003333333181217313,1,-0.003333333181217313
,academy_3_vs_1_with_keeper,42,collect_rollout,4063,0,16,-0.009999999543651938,False,False,0.0,0.0,0,0,0,0.0,0.0,0.0,0.0,-0.009999999543651938,1,-0.009999999543651938
,academy_3_vs_1_with_keeper,42,collect_rollout,4064,0,12,-0.008242377545684576,False,False,0.0,0.0,0,0,0,0.0,0.0,0.0,0.0,-0.008242377545684576,1,-0.008242377545684576
,academy_3_vs_1_with_keeper,42,collect_rollout,4065,0,41,0.029735494958003983,False,False,0.0,0.0,0,0,0,0.0,0.0,0.0,0.0,0.029735494958003983,1,0.029735494958003983
,academy_3_vs_1_with_keeper,42,collect_rollout,4066,0,17,0.0,False,False,0.0,0.0,0,0,0,0.0,0.0,0.0,0.0,0.0,1,0.0
,academy_3_vs_1_with_keeper,42,collect_rollout,4067,0,18,-0.006666666362434626,False,False,0.0,0.0,0,0,0,0.0,0.0,0.0,0.0,-0.006666666362434626,1,-0.006666666362434626
,academy_3_vs_1_with_keeper,42,collect_rollout,4068,0,18,-0.003333333181217313,False,False,0.0,0.0,0,0,0,0.0,0.0,0.0,0.0,-0.003333333181217313,1,-0.003333333181217313
,academy_3_vs_1_with_keeper,42,collect_rollout,4069,0,42,0.03663041134132072,False,False,0.0,0.0,0,0,0,0.0,0.0,0.0,0.0,0.03663041134132072,1,0.03663041134132072
,academy_3_vs_1_with_keeper,42,collect_rollout,4070,0,41,0.09997437137644738,False,False,0.0,0.0,0,0,0,0.0,0.0,0.0,0.0,0.09997437137644738,1,0.09997437137644738
,academy_3_vs_1_with_keeper,42,collect_rollout,4071,0,19,-0.006666666362434626,False,False,0.0,0.0,0,0,0,0.0,0.0,0.0,0.0,-0.006666666362434626,1,-0.006666666362434626
,academy_3_vs_1_with_keeper,42,collect_rollout,4072,0,18,-0.006666666362434626,False,False,0.0,0.0,0,0,0,0.0,0.0,0.0,0.0,-0.006666666362434626,1,-0.006666666362434626
,academy_3_vs_1_with_keeper,42,collect_rollout,4073,0,84,0.053044227650389075,False,False,0.0,0.0,0,0,0,0.0,0.0,0.0,0.0,0.053044227650389075,1,0.053044227650389075
,academy_3_vs_1_with_keeper,42,collect_rollout,4074,0,20,-0.003333333181217313,False,False,0.0,0.0,0,0,0,0.0,0.0,0.0,0.0,-0.003333333181217313,1,-0.003333333181217313
,academy_3_vs_1_with_keeper,42,collect_rollout,4075,0,17,-0.003333333181217313,False,False,0.0,0.0,0,0,0,0.0,0.0,0.0,0.0,-0.003333333181217313,1,-0.003333333181217313
,academy_3_vs_1_with_keeper,42,collect_rollout,4076,0,47,0.05555555410683155,False,False,0.0,0.0,0,0,0,0.0,0.0,0.0,0.0,0.05555555410683155,1,0.05555555410683155
,academy_3_vs_1_with_keeper,42,collect_rollout,4077,0,19,-0.006666666362434626,False,False,0.0,0.0,0,0,0,0.0,0.0,0.0,0.0,-0.006666666362434626,1,-0.006666666362434626
,academy_3_vs_1_with_keeper,42,collect_rollout,4078,0,21,-0.003333333181217313,False,False,0.0,0.0,0,0,0,0.0,0.0,0.0,0.0,-0.003333333181217313,1,-0.003333333181217313
,academy_3_vs_1_with_keeper,42,collect_rollout,4079,0,18,-0.003333333181217313,False,False,0.0,0.0,0,0,0,0.0,0.0,0.0,0.0,-0.003333333181217313,1,-0.003333333181217313
,academy_3_vs_1_with_keeper,42,collect_rollout,4080,0,18,-0.009999999543651938,False,False,0.0,0.0,0,0,0,0.0,0.0,0.0,0.0,-0.009999999543651938,1,-0.009999999543651938
,academy_3_vs_1_with_keeper,42,collect_rollout,4081,0,24,0.0,False,False,0.0,0.0,0,0,0,0.0,0.0,0.0,0.0,0.0,1,0.0
,academy_3_vs_1_with_keeper,42,collect_rollout,4082,0,16,0.0,False,False,0.0,0.0,0,0,0,0.0,0.0,0.0,0.0,0.0,1,0.0
,academy_3_vs_1_with_keeper,42,collect_rollout,4083,0,91,-0.07558221695944667,False,False,0.0,0.0,0,0,0,0.0,0.0,0.0,0.0,-0.07558221695944667,1,-0.07558221695944667
,academy_3_vs_1_with_keeper,42,collect_rollout,4084,0,12,0.0009929418447427452,False,False,0.0,0.0,0,0,0,0.0,0.0,0.0,0.0,0.0009929418447427452,1,0.0009929418447427452
,academy_3_vs_1_with_keeper,42,collect_rollout,4085,0,16,-0.006666666362434626,False,False,0.0,0.0,0,0,0,0.0,0.0,0.0,0.0,-0.006666666362434626,1,-0.006666666362434626
,academy_3_vs_1_with_keeper,42,collect_rollout,4086,0,18,0.0,False,False,0.0,0.0,0,0,0,0.0,0.0,0.0,0.0,0.0,1,0.0
,academy_3_vs_1_with_keeper,42,collect_rollout,4087,0,24,-0.009999999543651938,False,False,0.0,0.0,0,0,0,0.0,0.0,0.0,0.0,-0.009999999543651938,1,-0.009999999543651938
,academy_3_vs_1_with_keeper,42,collect_rollout,4088,0,22,-0.003333333181217313,False,False,0.0,0.0,0,0,0,0.0,0.0,0.0,0.0,-0.003333333181217313,1,-0.003333333181217313
,academy_3_vs_1_with_keeper,42,collect_rollout,4089,0,8,-0.004291226097848266,False,False,0.0,0.0,0,0,0,0.0,0.0,0.0,0.0,-0.004291226097848266,1,-0.004291226097848266
,academy_3_vs_1_with_keeper,42,collect_rollout,4090,0,85,0.24125234520761296,False,False,0.0,0.0,0,0,0,0.0,0.0,0.0,0.0,0.24125234520761296,1,0.24125234520761296
,academy_3_vs_1_with_keeper,42,collect_rollout,4091,0,45,0.04074567463248968,False,False,0.0,0.0,0,0,0,0.0,0.0,0.0,0.0,0.04074567463248968,1,0.04074567463248968
,academy_3_vs_1_with_keeper,42,collect_rollout,4092,0,20,0.0,False,False,0.0,0.0,0,0,0,0.0,0.0,0.0,0.0,0.0,1,0.0
,academy_3_vs_1_with_keeper,42,collect_rollout,4093,0,73,0.119737893481215,False,False,0.0,0.0,0,0,0,0.0,0.0,0.0,0.0,0.119737893481215,1,0.119737893481215
,academy_3_vs_1_with_keeper,42,collect_rollout,4094,0,15,0.0,False,False,0.0,0.0,0,0,0,0.0,0.0,0.0,0.0,0.0,1,0.0
,academy_3_vs_1_with_keeper,42,collect_rollout,4095,0,20,-0.006666666362434626,False,False,0.0,0.0,0,0,0,0.0,0.0,0.0,0.0,-0.006666666362434626,1,-0.006666666362434626
,academy_3_vs_1_with_keeper,42,collect_rollout,4096,0,22,-0.009999999543651938,False,False,0.0,0.0,0,0,0,0.0,0.0,0.0,0.0,-0.009999999543651938,1,-0.009999999543651938
,academy_3_vs_1_with_keeper,42,collect_rollout,4097,0,20,-0.006666666362434626,False,False,0.0,0.0,0,0,0,0.0,0.0,0.0,0.0,-0.006666666362434626,1,-0.006666666362434626
,academy_3_vs_1_with_keeper,42,collect_rollout,4098,0,18,0.0,False,False,0.0,0.0,0,0,0,0.0,0.0,0.0,0.0,0.0,1,0.0
,academy_3_vs_1_with_keeper,42,collect_rollout,4099,0,18,-0.019999999087303877,False,False,0.0,0.0,0,0,0,0.0,0.0,0.0,0.0,-0.019999999087303877,1,-0.019999999087303877
,academy_3_vs_1_with_keeper,42,collect_rollout,4100,0,22,-0.009999999543651938,False,False,0.0,0.0,0,0,0,0.0,0.0,0.0,0.0,-0.009999999543651938,1,-0.009999999543651938
,academy_3_vs_1_with_keeper,42,collect_rollout,4101,0,41,-0.09900894221755152,False,False,0.0,0.0,0,0,0,0.0,0.0,0.0,0.0,-0.09900894221755152,1,-0.09900894221755152
,academy_3_vs_1_with_keeper,42,collect_rollout,4102,0,17,-0.009999999543651938,False,False,0.0,0.0,0,0,0,0.0,0.0,0.0,0.0,-0.009999999543651938,1,-0.009999999543651938
,academy_3_vs_1_with_keeper,42,collect_rollout,4103,0,21,-0.003333333181217313,False,False,0.0,0.0,0,0,0,0.0,0.0,0.0,0.0,-0.003333333181217313,1,-0.003333333181217313
,academy_3_vs_1_with_keeper,42,collect_rollout,4104,0,84,0.03424549041665159,False,False,0.0,0.0,0,0,0,0.0,0.0,0.0,0.0,0.03424549041665159,1,0.03424549041665159
,academy_3_vs_1_with_keeper,42,collect_rollout,4105,0,22,0.0,False,False,0.0,0.0,0,0,0,0.0,0.0,0.0,0.0,0.0,1,0.0
,academy_3_vs_1_with_keeper,42,collect_rollout,4106,0,110,-0.07818335958290845,False,False,0.0,0.0,0,0,0,0.0,0.0,0.0,0.0,-0.07818335958290845,1,-0.07818335958290845
,academy_3_vs_1_with_keeper,42,collect_rollout,4107,0,17,-0.003333333181217313,False,False,0.0,0.0,0,0,0,0.0,0.0,0.0,0.0,-0.003333333181217313,1,-0.003333333181217313
,academy_3_vs_1_with_keeper,42,collect_rollout,4108,0,14,-0.003333333181217313,False,False,0.0,0.0,0,0,0,0.0,0.0,0.0,0.0,-0.003333333181217313,1,-0.003333333181217313
,academy_3_vs_1_with_keeper,42,collect_rollout,4109,0,23,-0.003333333181217313,False,False,0.0,0.0,0,0,0,0.0,0.0,0.0,0.0,-0.003333333181217313,1,-0.003333333181217313
,academy_3_vs_1_with_keeper,42,collect_rollout,4110,0,11,-0.005876342964860726,False,False,0.0,0.0,0,0,0,0.0,0.0,0.0,0.0,-0.005876342964860726,1,-0.005876342964860726
,academy_3_vs_1_with_keeper,42,collect_rollout,4111,0,10,0.0009591826237738132,False,False,0.0,0.0,0,0,0,0.0,0.0,0.0,0.0,0.0009591826237738132,1,0.0009591826237738132
,academy_3_vs_1_with_keeper,42,collect_rollout,4112,0,79,0.04346227122005075,False,False,0.0,0.0,0,0,0,0.0,0.0,0.0,0.0,0.04346227122005075,1,0.04346227122005075
,academy_3_vs_1_with_keeper,42,collect_rollout,4113,0,21,-0.009999999543651938,False,False,0.0,0.0,0,0,0,0.0,0.0,0.0,0.0,-0.009999999543651938,1,-0.009999999543651938
,academy_3_vs_1_with_keeper,42,collect_rollout,4114,0,85,0.017747951205819845,False,False,0.0,0.0,0,0,0,0.0,0.0,0.0,0.0,0.017747951205819845,1,0.017747951205819845
,academy_3_vs_1_with_keeper,42,collect_rollout,4115,0,24,0.0,False,False,0.0,0.0,0,0,0,0.0,0.0,0.0,0.0,0.0,1,0.0
,academy_3_vs_1_with_keeper,42,collect_rollout,4116,0,19,0.0,False,False,0.0,0.0,0,0,0,0.0,0.0,0.0,0.0,0.0,1,0.0
,academy_3_vs_1_with_keeper,42,collect_rollout,4117,0,19,-0.009999999543651938,False,False,0.0,0.0,0,0,0,0.0,0.0,0.0,0.0,-0.009999999543651938,1,-0.009999999543651938
,academy_3_vs_1_with_keeper,42,collect_rollout,4118,0,40,0.04760455875657499,False,False,0.0,0.0,0,0,0,0.0,0.0,0.0,0.0,0.04760455875657499,1,0.04760455875657499
,academy_3_vs_1_with_keeper,42,collect_rollout,4119,0,8,0.009524946071906015,False,False,0.0,0.0,0,0,0,0.0,0.0,0.0,0.0,0.009524946071906015,1,0.009524946071906015
,academy_3_vs_1_with_keeper,42,collect_rollout,4120,0,19,-0.003333333181217313,False,False,0.0,0.0,0,0,0,0.0,0.0,0.0,0.0,-0.003333333181217313,1,-0.003333333181217313
,academy_3_vs_1_with_keeper,42,collect_rollout,4121,0,16,0.0,False,False,0.0,0.0,0,0,0,0.0,0.0,0.0,0.0,0.0,1,0.0
,academy_3_vs_1_with_keeper,42,collect_rollout,4122,0,84,-0.024882466571398254,False,False,0.0,0.0,0,0,0,0.0,0.0,0.0,0.0,-0.024882466571398254,1,-0.024882466571398254
,academy_3_vs_1_with_keeper,42,collect_rollout,4123,0,84,-0.14013127575162798,False,False,0.0,0.0,0,0,0,0.0,0.0,0.0,0.0,-0.14013127575162798,1,-0.14013127575162798
,academy_3_vs_1_with_keeper,42,collect_rollout,4124,0,95,0.029327822965569794,False,False,0.0,0.0,0,0,0,0.0,0.0,0.0,0.0,0.029327822965569794,1,0.029327822965569794
,academy_3_vs_1_with_keeper,42,collect_rollout,4125,0,18,-0.02333333226852119,False,False,0.0,0.0,0,0,0,0.0,0.0,0.0,0.0,-0.02333333226852119,1,-0.02333333226852119
,academy_3_vs_1_with_keeper,42,collect_rollout,4126,0,16,0.0,False,False,0.0,0.0,0,0,0,0.0,0.0,0.0,0.0,0.0,1,0.0
,academy_3_vs_1_with_keeper,42,collect_rollout,4127,0,23,-0.003333333181217313,False,False,0.0,0.0,0,0,0,0.0,0.0,0.0,0.0,-0.003333333181217313,1,-0.003333333181217313
,academy_3_vs_1_with_keeper,42,collect_rollout,4128,0,14,-0.021933487034402788,False,False,0.0,0.0,0,0,0,0.0,0.0,0.0,0.0,-0.021933487034402788,1,-0.021933487034402788
,academy_3_vs_1_with_keeper,42,collect_rollout,4129,0,12,-0.008276128675788641,False,False,0.0,0.0,0,0,0,0.0,0.0,0.0,0.0,-0.008276128675788641,1,-0.008276128675788641
,academy_3_vs_1_with_keeper,42,collect_rollout,4130,0,21,-0.003333333181217313,False,False,0.0,0.0,0,0,0,0.0,0.0,0.0,0.0,-0.003333333181217313,1,-0.003333333181217313
,academy_3_vs_1_with_keeper,42,collect_rollout,4131,0,50,0.06767827598378062,False,False,0.0,0.0,0,0,0,0.0,0.0,0.0,0.0,0.06767827598378062,1,0.06767827598378062
,academy_3_vs_1_with_keeper,42,collect_rollout,4132,0,22,0.0,False,False,0.0,0.0,0,0,0,0.0,0.0,0.0,0.0,0.0,1,0.0
,academy_3_vs_1_with_keeper,42,collect_rollout,4133,0,18,0.0,False,False,0.0,0.0,0,0,0,0.0,0.0,0.0,0.0,0.0,1,0.0
,academy_3_vs_1_with_keeper,42,collect_rollout,4134,0,83,0.1014138541650027,False,False,0.0,0.0,0,0,0,0.0,0.0,0.0,0.0,0.1014138541650027,1,0.1014138541650027
,academy_3_vs_1_with_keeper,42,collect_rollout,4135,0,127,2.2690453419927508,False,False,0.0,0.0,0,0,0,0.0,0.0,0.0,0.0,2.2690453419927508,1,2.2690453419927508
,academy_3_vs_1_with_keeper,42,collect_rollout,4136,0,92,1.9717624821932986,False,False,0.0,0.0,0,0,0,0.0,0.0,0.0,0.0,1.9717624821932986,1,1.9717624821932986
,academy_3_vs_1_with_keeper,42,collect_rollout,4137,0,83,2.0261135414475575,False,False,0.0,0.0,0,0,0,0.0,0.0,0.0,0.0,2.0261135414475575,1,2.0261135414475575
,academy_3_vs_1_with_keeper,42,collect_rollout,4138,0,715,0.16416329599451274,False,False,0.0,0.0,0,0,0,0.0,0.0,0.0,0.0,0.16416329599451274,1,0.16416329599451274
,academy_3_vs_1_with_keeper,42,collect_rollout,4139,0,13,-0.009554445161484182,False,False,0.0,0.0,0,0,0,0.0,0.0,0.0,0.0,-0.009554445161484182,1,-0.009554445161484182
,academy_3_vs_1_with_keeper,42,collect_rollout,4140,0,18,0.0,False,False,0.0,0.0,0,0,0,0.0,0.0,0.0,0.0,0.0,1,0.0
,academy_3_vs_1_with_keeper,42,collect_rollout,4141,0,12,0.0026090824976563454,False,False,0.0,0.0,0,0,0,0.0,0.0,0.0,0.0,0.0026090824976563454,1,0.0026090824976563454
,academy_3_vs_1_with_keeper,42,collect_rollout,4142,0,24,-0.006666666362434626,False,False,0.0,0.0,0,0,0,0.0,0.0,0.0,0.0,-0.006666666362434626,1,-0.006666666362434626
,academy_3_vs_1_with_keeper,42,collect_rollout,4143,0,17,-0.003333333181217313,False,False,0.0,0.0,0,0,0,0.0,0.0,0.0,0.0,-0.003333333181217313,1,-0.003333333181217313
,academy_3_vs_1_with_keeper,42,collect_rollout,4144,0,17,0.0,False,False,0.0,0.0,0,0,0,0.0,0.0,0.0,0.0,0.0,1,0.0
,academy_3_vs_1_with_keeper,42,collect_rollout,4145,0,17,0.0,False,False,0.0,0.0,0,0,0,0.0,0.0,0.0,0.0,0.0,1,0.0
,academy_3_vs_1_with_keeper,42,collect_rollout,4146,0,13,-0.010602965330690495,False,False,0.0,0.0,0,0,0,0.0,0.0,0.0,0.0,-0.010602965330690495,1,-0.010602965330690495
,academy_3_vs_1_with_keeper,42,collect_rollout,4147,0,82,0.06153825798537582,False,False,0.0,0.0,0,0,0,0.0,0.0,0.0,0.0,0.06153825798537582,1,0.06153825798537582
,academy_3_vs_1_with_keeper,42,collect_rollout,4148,0,11,-0.005060936789959669,False,False,0.0,0.0,0,0,0,0.0,0.0,0.0,0.0,-0.005060936789959669,1,-0.005060936789959669
,academy_3_vs_1_with_keeper,42,collect_rollout,4149,0,18,-0.009999999543651938,False,False,0.0,0.0,0,0,0,0.0,0.0,0.0,0.0,-0.009999999543651938,1,-0.009999999543651938
,academy_3_vs_1_with_keeper,42,collect_rollout,4150,0,16,0.0,False,False,0.0,0.0,0,0,0,0.0,0.0,0.0,0.0,0.0,1,0.0
,academy_3_vs_1_with_keeper,42,collect_rollout,4151,0,47,0.11168801947496831,False,False,0.0,0.0,0,0,0,0.0,0.0,0.0,0.0,0.11168801947496831,1,0.11168801947496831
,academy_3_vs_1_with_keeper,42,collect_rollout,4152,0,18,-0.003333333181217313,False,False,0.0,0.0,0,0,0,0.0,0.0,0.0,0.0,-0.003333333181217313,1,-0.003333333181217313
,academy_3_vs_1_with_keeper,42,collect_rollout,4153,0,80,0.0018393725622445345,False,False,0.0,0.0,0,0,0,0.0,0.0,0.0,0.0,0.0018393725622445345,1,0.0018393725622445345
,academy_3_vs_1_with_keeper,42,collect_rollout,4154,0,16,0.0,False,False,0.0,0.0,0,0,0,0.0,0.0,0.0,0.0,0.0,1,0.0
,academy_3_vs_1_with_keeper,42,collect_rollout,4155,0,6,-0.004833889193832874,False,False,0.0,0.0,0,0,0,0.0,0.0,0.0,0.0,-0.004833889193832874,1,-0.004833889193832874
,academy_3_vs_1_with_keeper,42,collect_rollout,4156,0,14,-0.013333332724869251,False,False,0.0,0.0,0,0,0,0.0,0.0,0.0,0.0,-0.013333332724869251,1,-0.013333332724869251
,academy_3_vs_1_with_keeper,42,collect_rollout,4157,0,21,0.0,False,False,0.0,0.0,0,0,0,0.0,0.0,0.0,0.0,0.0,1,0.0
,academy_3_vs_1_with_keeper,42,collect_rollout,4158,0,19,0.0,False,False,0.0,0.0,0,0,0,0.0,0.0,0.0,0.0,0.0,1,0.0
,academy_3_vs_1_with_keeper,42,collect_rollout,4159,0,84,0.07588520320132375,False,False,0.0,0.0,0,0,0,0.0,0.0,0.0,0.0,0.07588520320132375,1,0.07588520320132375
,academy_3_vs_1_with_keeper,42,collect_rollout,4160,0,19,-0.013333332724869251,False,False,0.0,0.0,0,0,0,0.0,0.0,0.0,0.0,-0.013333332724869251,1,-0.013333332724869251
,academy_3_vs_1_with_keeper,42,collect_rollout,4161,0,14,0.0,False,False,0.0,0.0,0,0,0,0.0,0.0,0.0,0.0,0.0,1,0.0
,academy_3_vs_1_with_keeper,42,collect_rollout,4162,0,17,-0.003333333181217313,False,False,0.0,0.0,0,0,0,0.0,0.0,0.0,0.0,-0.003333333181217313,1,-0.003333333181217313
,academy_3_vs_1_with_keeper,42,collect_rollout,4163,0,11,-0.005563440732657909,False,False,0.0,0.0,0,0,0,0.0,0.0,0.0,0.0,-0.005563440732657909,1,-0.005563440732657909
,academy_3_vs_1_with_keeper,42,collect_rollout,4164,0,15,0.0,False,False,0.0,0.0,0,0,0,0.0,0.0,0.0,0.0,0.0,1,0.0
,academy_3_vs_1_with_keeper,42,collect_rollout,4165,0,79,0.0307414922863245,False,False,0.0,0.0,0,0,0,0.0,0.0,0.0,0.0,0.0307414922863245,1,0.0307414922863245
,academy_3_vs_1_with_keeper,42,collect_rollout,4166,0,51,0.10027641395572573,False,False,0.0,0.0,0,0,0,0.0,0.0,0.0,0.0,0.10027641395572573,1,0.10027641395572573
,academy_3_vs_1_with_keeper,42,collect_rollout,4167,0,80,0.03694608516525477,False,False,0.0,0.0,0,0,0,0.0,0.0,0.0,0.0,0.03694608516525477,1,0.03694608516525477
,academy_3_vs_1_with_keeper,42,collect_rollout,4168,0,17,0.0,False,False,0.0,0.0,0,0,0,0.0,0.0,0.0,0.0,0.0,1,0.0
,academy_3_vs_1_with_keeper,42,collect_rollout,4169,0,16,0.0,False,False,0.0,0.0,0,0,0,0.0,0.0,0.0,0.0,0.0,1,0.0
,academy_3_vs_1_with_keeper,42,collect_rollout,4170,0,38,0.09948973718564957,False,False,0.0,0.0,0,0,0,0.0,0.0,0.0,0.0,0.09948973718564957,1,0.09948973718564957
,academy_3_vs_1_with_keeper,42,collect_rollout,4171,0,21,-0.003333333181217313,False,False,0.0,0.0,0,0,0,0.0,0.0,0.0,0.0,-0.003333333181217313,1,-0.003333333181217313
,academy_3_vs_1_with_keeper,42,collect_rollout,4172,0,18,-0.009999999543651938,False,False,0.0,0.0,0,0,0,0.0,0.0,0.0,0.0,-0.009999999543651938,1,-0.009999999543651938
,academy_3_vs_1_with_keeper,42,collect_rollout,4173,0,19,-0.003333333181217313,False,False,0.0,0.0,0,0,0,0.0,0.0,0.0,0.0,-0.003333333181217313,1,-0.003333333181217313
,academy_3_vs_1_with_keeper,42,collect_rollout,4174,0,16,-0.006666666362434626,False,False,0.0,0.0,0,0,0,0.0,0.0,0.0,0.0,-0.006666666362434626,1,-0.006666666362434626
,academy_3_vs_1_with_keeper,42,collect_rollout,4175,0,12,-0.009944238234311342,False,False,0.0,0.0,0,0,0,0.0,0.0,0.0,0.0,-0.009944238234311342,1,-0.009944238234311342
,academy_3_vs_1_with_keeper,42,collect_rollout,4176,0,19,0.0,False,False,0.0,0.0,0,0,0,0.0,0.0,0.0,0.0,0.0,1,0.0
,academy_3_vs_1_with_keeper,42,collect_rollout,4177,0,20,-0.013333332724869251,False,False,0.0,0.0,0,0,0,0.0,0.0,0.0,0.0,-0.013333332724869251,1,-0.013333332724869251
,academy_3_vs_1_with_keeper,42,collect_rollout,4178,0,16,-0.0059051698772236705,False,False,0.0,0.0,0,0,0,0.0,0.0,0.0,0.0,-0.0059051698772236705,1,-0.0059051698772236705
,academy_3_vs_1_with_keeper,42,collect_rollout,4179,0,81,0.05842359096277505,False,False,0.0,0.0,0,0,0,0.0,0.0,0.0,0.0,0.05842359096277505,1,0.05842359096277505
,academy_3_vs_1_with_keeper,42,collect_rollout,4180,0,40,0.03935423822258599,False,False,0.0,0.0,0,0,0,0.0,0.0,0.0,0.0,0.03935423822258599,1,0.03935423822258599
,academy_3_vs_1_with_keeper,42,collect_rollout,4181,0,15,0.0,False,False,0.0,0.0,0,0,0,0.0,0.0,0.0,0.0,0.0,1,0.0
,academy_3_vs_1_with_keeper,42,collect_rollout,4182,0,17,0.0,False,False,0.0,0.0,0,0,0,0.0,0.0,0.0,0.0,0.0,1,0.0
,academy_3_vs_1_with_keeper,42,collect_rollout,4183,0,91,0.09669248084537685,False,False,0.0,0.0,0,0,0,0.0,0.0,0.0,0.0,0.09669248084537685,1,0.09669248084537685
,academy_3_vs_1_with_keeper,42,collect_rollout,4184,0,14,0.0,False,False,0.0,0.0,0,0,0,0.0,0.0,0.0,0.0,0.0,1,0.0
,academy_3_vs_1_with_keeper,42,collect_rollout,4185,0,40,0.034402743680402637,False,False,0.0,0.0,0,0,0,0.0,0.0,0.0,0.0,0.034402743680402637,1,0.034402743680402637
,academy_3_vs_1_with_keeper,42,collect_rollout,4186,0,22,-0.003333333181217313,False,False,0.0,0.0,0,0,0,0.0,0.0,0.0,0.0,-0.003333333181217313,1,-0.003333333181217313
,academy_3_vs_1_with_keeper,42,collect_rollout,4187,0,23,-0.003333333181217313,False,False,0.0,0.0,0,0,0,0.0,0.0,0.0,0.0,-0.003333333181217313,1,-0.003333333181217313
,academy_3_vs_1_with_keeper,42,collect_rollout,4188,0,83,0.02324595465324819,False,False,0.0,0.0,0,0,0,0.0,0.0,0.0,0.0,0.02324595465324819,1,0.02324595465324819
,academy_3_vs_1_with_keeper,42,collect_rollout,4189,0,18,-0.013333332724869251,False,False,0.0,0.0,0,0,0,0.0,0.0,0.0,0.0,-0.013333332724869251,1,-0.013333332724869251
,academy_3_vs_1_with_keeper,42,collect_rollout,4190,0,36,0.0309855091618374,False,False,0.0,0.0,0,0,0,0.0,0.0,0.0,0.0,0.0309855091618374,1,0.0309855091618374
,academy_3_vs_1_with_keeper,42,collect_rollout,4191,0,18,-0.003333333181217313,False,False,0.0,0.0,0,0,0,0.0,0.0,0.0,0.0,-0.003333333181217313,1,-0.003333333181217313
,academy_3_vs_1_with_keeper,42,collect_rollout,4192,0,20,0.0,False,False,0.0,0.0,0,0,0,0.0,0.0,0.0,0.0,0.0,1,0.0
,academy_3_vs_1_with_keeper,42,collect_rollout,4193,0,89,0.041358163696713746,False,False,0.0,0.0,0,0,0,0.0,0.0,0.0,0.0,0.041358163696713746,1,0.041358163696713746
,academy_3_vs_1_with_keeper,42,collect_rollout,4194,0,14,-0.003333333181217313,False,False,0.0,0.0,0,0,0,0.0,0.0,0.0,0.0,-0.003333333181217313,1,-0.003333333181217313
,academy_3_vs_1_with_keeper,42,collect_rollout,4195,0,14,0.0,False,False,0.0,0.0,0,0,0,0.0,0.0,0.0,0.0,0.0,1,0.0
,academy_3_vs_1_with_keeper,42,collect_rollout,4196,0,19,-0.003333333181217313,False,False,0.0,0.0,0,0,0,0.0,0.0,0.0,0.0,-0.003333333181217313,1,-0.003333333181217313
,academy_3_vs_1_with_keeper,42,collect_rollout,4197,0,17,-0.009999999543651938,False,False,0.0,0.0,0,0,0,0.0,0.0,0.0,0.0,-0.009999999543651938,1,-0.009999999543651938
,academy_3_vs_1_with_keeper,42,collect_rollout,4198,0,19,-0.003333333181217313,False,False,0.0,0.0,0,0,0,0.0,0.0,0.0,0.0,-0.003333333181217313,1,-0.003333333181217313
,academy_3_vs_1_with_keeper,42,collect_rollout,4199,0,22,-0.003333333181217313,False,False,0.0,0.0,0,0,0,0.0,0.0,0.0,0.0,-0.003333333181217313,1,-0.003333333181217313
,academy_3_vs_1_with_keeper,42,collect_rollout,4200,0,20,-0.009999999543651938,False,False,0.0,0.0,0,0,0,0.0,0.0,0.0,0.0,-0.009999999543651938,1,-0.009999999543651938
,academy_3_vs_1_with_keeper,42,collect_rollout,4201,0,15,-0.003333333181217313,False,False,0.0,0.0,0,0,0,0.0,0.0,0.0,0.0,-0.003333333181217313,1,-0.003333333181217313
,academy_3_vs_1_with_keeper,42,collect_rollout,4202,0,83,-0.026468563126400113,False,False,0.0,0.0,0,0,0,0.0,0.0,0.0,0.0,-0.026468563126400113,1,-0.026468563126400113
,academy_3_vs_1_with_keeper,42,collect_rollout,4203,0,78,0.008291569887660444,False,False,0.0,0.0,0,0,0,0.0,0.0,0.0,0.0,0.008291569887660444,1,0.008291569887660444
,academy_3_vs_1_with_keeper,42,collect_rollout,4204,0,18,0.0,False,False,0.0,0.0,0,0,0,0.0,0.0,0.0,0.0,0.0,1,0.0
,academy_3_vs_1_with_keeper,42,collect_rollout,4205,0,16,-0.003333333181217313,False,False,0.0,0.0,0,0,0,0.0,0.0,0.0,0.0,-0.003333333181217313,1,-0.003333333181217313
,academy_3_vs_1_with_keeper,42,collect_rollout,4206,0,85,0.000535977742401883,False,False,0.0,0.0,0,0,0,0.0,0.0,0.0,0.0,0.000535977742401883,1,0.000535977742401883
,academy_3_vs_1_with_keeper,42,collect_rollout,4207,0,86,0.050118584535084665,False,False,0.0,0.0,0,0,0,0.0,0.0,0.0,0.0,0.050118584535084665,1,0.050118584535084665
,academy_3_vs_1_with_keeper,42,collect_rollout,4208,0,85,-0.08193022478371859,False,False,0.0,0.0,0,0,0,0.0,0.0,0.0,0.0,-0.08193022478371859,1,-0.08193022478371859
,academy_3_vs_1_with_keeper,42,collect_rollout,4209,0,20,0.0,False,False,0.0,0.0,0,0,0,0.0,0.0,0.0,0.0,0.0,1,0.0
,academy_3_vs_1_with_keeper,42,collect_rollout,4210,0,81,0.022583443904295564,False,False,0.0,0.0,0,0,0,0.0,0.0,0.0,0.0,0.022583443904295564,1,0.022583443904295564
,academy_3_vs_1_with_keeper,42,collect_rollout,4211,0,20,-0.009999999543651938,False,False,0.0,0.0,0,0,0,0.0,0.0,0.0,0.0,-0.009999999543651938,1,-0.009999999543651938
,academy_3_vs_1_with_keeper,42,collect_rollout,4212,0,17,-0.016666666138917208,False,False,0.0,0.0,0,0,0,0.0,0.0,0.0,0.0,-0.016666666138917208,1,-0.016666666138917208
,academy_3_vs_1_with_keeper,42,collect_rollout,4213,0,14,-0.006666666362434626,False,False,0.0,0.0,0,0,0,0.0,0.0,0.0,0.0,-0.006666666362434626,1,-0.006666666362434626
,academy_3_vs_1_with_keeper,42,collect_rollout,4214,0,15,0.0,False,False,0.0,0.0,0,0,0,0.0,0.0,0.0,0.0,0.0,1,0.0
,academy_3_vs_1_with_keeper,42,collect_rollout,4215,0,18,-0.006666666362434626,False,False,0.0,0.0,0,0,0,0.0,0.0,0.0,0.0,-0.006666666362434626,1,-0.006666666362434626
,academy_3_vs_1_with_keeper,42,collect_rollout,4216,0,20,0.0,False,False,0.0,0.0,0,0,0,0.0,0.0,0.0,0.0,0.0,1,0.0
,academy_3_vs_1_with_keeper,42,collect_rollout,4217,0,22,-0.003333333181217313,False,False,0.0,0.0,0,0,0,0.0,0.0,0.0,0.0,-0.003333333181217313,1,-0.003333333181217313
,academy_3_vs_1_with_keeper,42,collect_rollout,4218,0,83,-0.006392135052010417,False,False,0.0,0.0,0,0,0,0.0,0.0,0.0,0.0,-0.006392135052010417,1,-0.006392135052010417
,academy_3_vs_1_with_keeper,42,collect_rollout,4219,0,17,0.0,False,False,0.0,0.0,0,0,0,0.0,0.0,0.0,0.0,0.0,1,0.0
,academy_3_vs_1_with_keeper,42,collect_rollout,4220,0,14,0.0,False,False,0.0,0.0,0,0,0,0.0,0.0,0.0,0.0,0.0,1,0.0
,academy_3_vs_1_with_keeper,42,collect_rollout,4221,0,18,0.0,False,False,0.0,0.0,0,0,0,0.0,0.0,0.0,0.0,0.0,1,0.0
,academy_3_vs_1_with_keeper,42,collect_rollout,4222,0,18,-0.003333333181217313,False,False,0.0,0.0,0,0,0,0.0,0.0,0.0,0.0,-0.003333333181217313,1,-0.003333333181217313
,academy_3_vs_1_with_keeper,42,collect_rollout,4223,0,23,-0.009999999543651938,False,False,0.0,0.0,0,0,0,0.0,0.0,0.0,0.0,-0.009999999543651938,1,-0.009999999543651938
,academy_3_vs_1_with_keeper,42,collect_rollout,4224,0,38,0.04413554916391149,False,False,0.0,0.0,0,0,0,0.0,0.0,0.0,0.0,0.04413554916391149,1,0.04413554916391149
,academy_3_vs_1_with_keeper,42,collect_rollout,4225,0,19,0.0,False,False,0.0,0.0,0,0,0,0.0,0.0,0.0,0.0,0.0,1,0.0
,academy_3_vs_1_with_keeper,42,collect_rollout,4226,0,86,0.0358949332148768,False,False,0.0,0.0,0,0,0,0.0,0.0,0.0,0.0,0.0358949332148768,1,0.0358949332148768
,academy_3_vs_1_with_keeper,42,collect_rollout,4227,0,20,-0.003333333181217313,False,False,0.0,0.0,0,0,0,0.0,0.0,0.0,0.0,-0.003333333181217313,1,-0.003333333181217313
,academy_3_vs_1_with_keeper,42,collect_rollout,4228,0,20,0.0,False,False,0.0,0.0,0,0,0,0.0,0.0,0.0,0.0,0.0,1,0.0
,academy_3_vs_1_with_keeper,42,collect_rollout,4229,0,10,0.011516625760123134,False,False,0.0,0.0,0,0,0,0.0,0.0,0.0,0.0,0.011516625760123134,1,0.011516625760123134
,academy_3_vs_1_with_keeper,42,collect_rollout,4230,0,78,0.009328026208095253,False,False,0.0,0.0,0,0,0,0.0,0.0,0.0,0.0,0.009328026208095253,1,0.009328026208095253
,academy_3_vs_1_with_keeper,42,collect_rollout,4231,0,13,-0.005192593787796795,False,False,0.0,0.0,0,0,0,0.0,0.0,0.0,0.0,-0.005192593787796795,1,-0.005192593787796795
,academy_3_vs_1_with_keeper,42,collect_rollout,4232,0,17,-0.003333333181217313,False,False,0.0,0.0,0,0,0,0.0,0.0,0.0,0.0,-0.003333333181217313,1,-0.003333333181217313
,academy_3_vs_1_with_keeper,42,collect_rollout,4233,0,23,-0.006666666362434626,False,False,0.0,0.0,0,0,0,0.0,0.0,0.0,0.0,-0.006666666362434626,1,-0.006666666362434626
,academy_3_vs_1_with_keeper,42,collect_rollout,4234,0,20,-0.009999999543651938,False,False,0.0,0.0,0,0,0,0.0,0.0,0.0,0.0,-0.009999999543651938,1,-0.009999999543651938
,academy_3_vs_1_with_keeper,42,collect_rollout,4235,0,80,-0.06529979358310811,False,False,0.0,0.0,0,0,0,0.0,0.0,0.0,0.0,-0.06529979358310811,1,-0.06529979358310811
,academy_3_vs_1_with_keeper,42,collect_rollout,4236,0,22,-0.006666666362434626,False,False,0.0,0.0,0,0,0,0.0,0.0,0.0,0.0,-0.006666666362434626,1,-0.006666666362434626
,academy_3_vs_1_with_keeper,42,collect_rollout,4237,0,88,0.0006071766547393054,False,False,0.0,0.0,0,0,0,0.0,0.0,0.0,0.0,0.0006071766547393054,1,0.0006071766547393054
,academy_3_vs_1_with_keeper,42,collect_rollout,4238,0,19,0.0,False,False,0.0,0.0,0,0,0,0.0,0.0,0.0,0.0,0.0,1,0.0
,academy_3_vs_1_with_keeper,42,collect_rollout,4239,0,19,-0.003333333181217313,False,False,0.0,0.0,0,0,0,0.0,0.0,0.0,0.0,-0.003333333181217313,1,-0.003333333181217313
,academy_3_vs_1_with_keeper,42,collect_rollout,4240,0,42,0.09803352761082351,False,False,0.0,0.0,0,0,0,0.0,0.0,0.0,0.0,0.09803352761082351,1,0.09803352761082351
,academy_3_vs_1_with_keeper,42,collect_rollout,4241,0,19,-0.003333333181217313,False,False,0.0,0.0,0,0,0,0.0,0.0,0.0,0.0,-0.003333333181217313,1,-0.003333333181217313
,academy_3_vs_1_with_keeper,42,collect_rollout,4242,0,20,0.0,False,False,0.0,0.0,0,0,0,0.0,0.0,0.0,0.0,0.0,1,0.0
,academy_3_vs_1_with_keeper,42,collect_rollout,4243,0,17,0.0,False,False,0.0,0.0,0,0,0,0.0,0.0,0.0,0.0,0.0,1,0.0
,academy_3_vs_1_with_keeper,42,collect_rollout,4244,0,20,-0.009999999543651938,False,False,0.0,0.0,0,0,0,0.0,0.0,0.0,0.0,-0.009999999543651938,1,-0.009999999543651938
,academy_3_vs_1_with_keeper,42,collect_rollout,4245,0,20,0.0,False,False,0.0,0.0,0,0,0,0.0,0.0,0.0,0.0,0.0,1,0.0
,academy_3_vs_1_with_keeper,42,collect_rollout,4246,0,20,-0.003333333181217313,False,False,0.0,0.0,0,0,0,0.0,0.0,0.0,0.0,-0.003333333181217313,1,-0.003333333181217313
,academy_3_vs_1_with_keeper,42,collect_rollout,4247,0,16,0.0,False,False,0.0,0.0,0,0,0,0.0,0.0,0.0,0.0,0.0,1,0.0
,academy_3_vs_1_with_keeper,42,collect_rollout,4248,0,17,0.0,False,False,0.0,0.0,0,0,0,0.0,0.0,0.0,0.0,0.0,1,0.0
,academy_3_vs_1_with_keeper,42,collect_rollout,4249,0,83,-0.06838273035828024,False,False,0.0,0.0,0,0,0,0.0,0.0,0.0,0.0,-0.06838273035828024,1,-0.06838273035828024
,academy_3_vs_1_with_keeper,42,collect_rollout,4250,0,20,-0.006666666362434626,False,False,0.0,0.0,0,0,0,0.0,0.0,0.0,0.0,-0.006666666362434626,1,-0.006666666362434626
,academy_3_vs_1_with_keeper,42,collect_rollout,4251,0,9,0.003635425237007439,False,False,0.0,0.0,0,0,0,0.0,0.0,0.0,0.0,0.003635425237007439,1,0.003635425237007439
,academy_3_vs_1_with_keeper,42,collect_rollout,4252,0,38,0.04382876574527472,False,False,0.0,0.0,0,0,0,0.0,0.0,0.0,0.0,0.04382876574527472,1,0.04382876574527472
,academy_3_vs_1_with_keeper,42,collect_rollout,4253,0,42,0.04093120957259089,False,False,0.0,0.0,0,0,0,0.0,0.0,0.0,0.0,0.04093120957259089,1,0.04093120957259089
,academy_3_vs_1_with_keeper,42,collect_rollout,4254,0,23,-0.006666666362434626,False,False,0.0,0.0,0,0,0,0.0,0.0,0.0,0.0,-0.006666666362434626,1,-0.006666666362434626
,academy_3_vs_1_with_keeper,42,collect_rollout,4255,0,18,0.0,False,False,0.0,0.0,0,0,0,0.0,0.0,0.0,0.0,0.0,1,0.0
,academy_3_vs_1_with_keeper,42,collect_rollout,4256,0,17,-0.003333333181217313,False,False,0.0,0.0,0,0,0,0.0,0.0,0.0,0.0,-0.003333333181217313,1,-0.003333333181217313
,academy_3_vs_1_with_keeper,42,collect_rollout,4257,0,21,0.0,False,False,0.0,0.0,0,0,0,0.0,0.0,0.0,0.0,0.0,1,0.0
,academy_3_vs_1_with_keeper,42,collect_rollout,4258,0,87,0.042105058673769236,False,False,0.0,0.0,0,0,0,0.0,0.0,0.0,0.0,0.042105058673769236,1,0.042105058673769236
,academy_3_vs_1_with_keeper,42,collect_rollout,4259,0,21,-0.003333333181217313,False,False,0.0,0.0,0,0,0,0.0,0.0,0.0,0.0,-0.003333333181217313,1,-0.003333333181217313
,academy_3_vs_1_with_keeper,42,collect_rollout,4260,0,20,0.0,False,False,0.0,0.0,0,0,0,0.0,0.0,0.0,0.0,0.0,1,0.0
,academy_3_vs_1_with_keeper,42,collect_rollout,4261,0,18,-0.003333333181217313,False,False,0.0,0.0,0,0,0,0.0,0.0,0.0,0.0,-0.003333333181217313,1,-0.003333333181217313
,academy_3_vs_1_with_keeper,42,collect_rollout,4262,0,19,-0.003333333181217313,False,False,0.0,0.0,0,0,0,0.0,0.0,0.0,0.0,-0.003333333181217313,1,-0.003333333181217313
,academy_3_vs_1_with_keeper,42,collect_rollout,4263,0,19,-0.003333333181217313,False,False,0.0,0.0,0,0,0,0.0,0.0,0.0,0.0,-0.003333333181217313,1,-0.003333333181217313
,academy_3_vs_1_with_keeper,42,collect_rollout,4264,0,16,-0.003333333181217313,False,False,0.0,0.0,0,0,0,0.0,0.0,0.0,0.0,-0.003333333181217313,1,-0.003333333181217313
,academy_3_vs_1_with_keeper,42,collect_rollout,4265,0,17,-0.006666666362434626,False,False,0.0,0.0,0,0,0,0.0,0.0,0.0,0.0,-0.006666666362434626,1,-0.006666666362434626
,academy_3_vs_1_with_keeper,42,collect_rollout,4266,0,41,0.047497856663540006,False,False,0.0,0.0,0,0,0,0.0,0.0,0.0,0.0,0.047497856663540006,1,0.047497856663540006
,academy_3_vs_1_with_keeper,42,collect_rollout,4267,0,16,-0.006666666362434626,False,False,0.0,0.0,0,0,0,0.0,0.0,0.0,0.0,-0.006666666362434626,1,-0.006666666362434626
,academy_3_vs_1_with_keeper,42,collect_rollout,4268,0,18,0.0,False,False,0.0,0.0,0,0,0,0.0,0.0,0.0,0.0,0.0,1,0.0
,academy_3_vs_1_with_keeper,42,collect_rollout,4269,0,23,-0.009999999543651938,False,False,0.0,0.0,0,0,0,0.0,0.0,0.0,0.0,-0.009999999543651938,1,-0.009999999543651938
,academy_3_vs_1_with_keeper,42,collect_rollout,4270,0,19,-0.003333333181217313,False,False,0.0,0.0,0,0,0,0.0,0.0,0.0,0.0,-0.003333333181217313,1,-0.003333333181217313
,academy_3_vs_1_with_keeper,42,collect_rollout,4271,0,18,0.0,False,False,0.0,0.0,0,0,0,0.0,0.0,0.0,0.0,0.0,1,0.0
,academy_3_vs_1_with_keeper,42,collect_rollout,4272,0,18,0.0,False,False,0.0,0.0,0,0,0,0.0,0.0,0.0,0.0,0.0,1,0.0
,academy_3_vs_1_with_keeper,42,collect_rollout,4273,0,17,0.0,False,False,0.0,0.0,0,0,0,0.0,0.0,0.0,0.0,0.0,1,0.0
,academy_3_vs_1_with_keeper,42,collect_rollout,4274,0,49,0.06028799538034946,False,False,0.0,0.0,0,0,0,0.0,0.0,0.0,0.0,0.06028799538034946,1,0.06028799538034946
,academy_3_vs_1_with_keeper,42,collect_rollout,4275,0,22,-0.009999999543651938,False,False,0.0,0.0,0,0,0,0.0,0.0,0.0,0.0,-0.009999999543651938,1,-0.009999999543651938
,academy_3_vs_1_with_keeper,42,collect_rollout,4276,0,80,0.022260797559283674,False,False,0.0,0.0,0,0,0,0.0,0.0,0.0,0.0,0.022260797559283674,1,0.022260797559283674
,academy_3_vs_1_with_keeper,42,collect_rollout,4277,0,85,-0.0035324916534591466,False,False,0.0,0.0,0,0,0,0.0,0.0,0.0,0.0,-0.0035324916534591466,1,-0.0035324916534591466
,academy_3_vs_1_with_keeper,42,collect_rollout,4278,0,20,-0.006666666362434626,False,False,0.0,0.0,0,0,0,0.0,0.0,0.0,0.0,-0.006666666362434626,1,-0.006666666362434626
,academy_3_vs_1_with_keeper,42,collect_rollout,4279,0,17,0.0,False,False,0.0,0.0,0,0,0,0.0,0.0,0.0,0.0,0.0,1,0.0
,academy_3_vs_1_with_keeper,42,collect_rollout,4280,0,17,-0.003333333181217313,False,False,0.0,0.0,0,0,0,0.0,0.0,0.0,0.0,-0.003333333181217313,1,-0.003333333181217313
,academy_3_vs_1_with_keeper,42,collect_rollout,4281,0,14,0.0,False,False,0.0,0.0,0,0,0,0.0,0.0,0.0,0.0,0.0,1,0.0
,academy_3_vs_1_with_keeper,42,collect_rollout,4282,0,22,-0.003333333181217313,False,False,0.0,0.0,0,0,0,0.0,0.0,0.0,0.0,-0.003333333181217313,1,-0.003333333181217313
,academy_3_vs_1_with_keeper,42,collect_rollout,4283,0,98,-0.04060211428441107,False,False,0.0,0.0,0,0,0,0.0,0.0,0.0,0.0,-0.04060211428441107,1,-0.04060211428441107
,academy_3_vs_1_with_keeper,42,collect_rollout,4284,0,21,-0.003333333181217313,False,False,0.0,0.0,0,0,0,0.0,0.0,0.0,0.0,-0.003333333181217313,1,-0.003333333181217313
,academy_3_vs_1_with_keeper,42,collect_rollout,4285,0,13,-0.01180202467367053,False,False,0.0,0.0,0,0,0,0.0,0.0,0.0,0.0,-0.01180202467367053,1,-0.01180202467367053
,academy_3_vs_1_with_keeper,42,collect_rollout,4286,0,19,-0.003333333181217313,False,False,0.0,0.0,0,0,0,0.0,0.0,0.0,0.0,-0.003333333181217313,1,-0.003333333181217313
,academy_3_vs_1_with_keeper,42,collect_rollout,4287,0,18,-0.006666666362434626,False,False,0.0,0.0,0,0,0,0.0,0.0,0.0,0.0,-0.006666666362434626,1,-0.006666666362434626
,academy_3_vs_1_with_keeper,42,collect_rollout,4288,0,89,0.05800921071204357,False,False,0.0,0.0,0,0,0,0.0,0.0,0.0,0.0,0.05800921071204357,1,0.05800921071204357
,academy_3_vs_1_with_keeper,42,collect_rollout,4289,0,87,0.023575192491989583,False,False,0.0,0.0,0,0,0,0.0,0.0,0.0,0.0,0.023575192491989583,1,0.023575192491989583
,academy_3_vs_1_with_keeper,42,collect_rollout,4290,0,21,0.0,False,False,0.0,0.0,0,0,0,0.0,0.0,0.0,0.0,0.0,1,0.0
,academy_3_vs_1_with_keeper,42,collect_rollout,4291,0,24,-0.003333333181217313,False,False,0.0,0.0,0,0,0,0.0,0.0,0.0,0.0,-0.003333333181217313,1,-0.003333333181217313
,academy_3_vs_1_with_keeper,42,collect_rollout,4292,0,23,-0.003333333181217313,False,False,0.0,0.0,0,0,0,0.0,0.0,0.0,0.0,-0.003333333181217313,1,-0.003333333181217313
,academy_3_vs_1_with_keeper,42,collect_rollout,4293,0,19,-0.009999999543651938,False,False,0.0,0.0,0,0,0,0.0,0.0,0.0,0.0,-0.009999999543651938,1,-0.009999999543651938
,academy_3_vs_1_with_keeper,42,collect_rollout,4294,0,17,-0.006666666362434626,False,False,0.0,0.0,0,0,0,0.0,0.0,0.0,0.0,-0.006666666362434626,1,-0.006666666362434626
,academy_3_vs_1_with_keeper,42,collect_rollout,4295,0,14,-0.003333333181217313,False,False,0.0,0.0,0,0,0,0.0,0.0,0.0,0.0,-0.003333333181217313,1,-0.003333333181217313
,academy_3_vs_1_with_keeper,42,collect_rollout,4296,0,88,0.04454760292719584,False,False,0.0,0.0,0,0,0,0.0,0.0,0.0,0.0,0.04454760292719584,1,0.04454760292719584
,academy_3_vs_1_with_keeper,42,collect_rollout,4297,0,14,-0.01595431612804532,False,False,0.0,0.0,0,0,0,0.0,0.0,0.0,0.0,-0.01595431612804532,1,-0.01595431612804532
,academy_3_vs_1_with_keeper,42,collect_rollout,4298,0,91,0.07418941779178567,False,False,0.0,0.0,0,0,0,0.0,0.0,0.0,0.0,0.07418941779178567,1,0.07418941779178567
,academy_3_vs_1_with_keeper,42,collect_rollout,4299,0,10,7.586600258946419e-05,False,False,0.0,0.0,0,0,0,0.0,0.0,0.0,0.0,7.586600258946419e-05,1,7.586600258946419e-05
,academy_3_vs_1_with_keeper,42,collect_rollout,4300,0,18,-0.003333333181217313,False,False,0.0,0.0,0,0,0,0.0,0.0,0.0,0.0,-0.003333333181217313,1,-0.003333333181217313
,academy_3_vs_1_with_keeper,42,collect_rollout,4301,0,24,-0.003333333181217313,False,False,0.0,0.0,0,0,0,0.0,0.0,0.0,0.0,-0.003333333181217313,1,-0.003333333181217313
,academy_3_vs_1_with_keeper,42,collect_rollout,4302,0,6,0.0030428338795900345,False,False,0.0,0.0,0,0,0,0.0,0.0,0.0,0.0,0.0030428338795900345,1,0.0030428338795900345
,academy_3_vs_1_with_keeper,42,collect_rollout,4303,0,17,0.0,False,False,0.0,0.0,0,0,0,0.0,0.0,0.0,0.0,0.0,1,0.0
,academy_3_vs_1_with_keeper,42,collect_rollout,4304,0,18,0.0,False,False,0.0,0.0,0,0,0,0.0,0.0,0.0,0.0,0.0,1,0.0
,academy_3_vs_1_with_keeper,42,collect_rollout,4305,0,81,0.06787560705561191,False,False,0.0,0.0,0,0,0,0.0,0.0,0.0,0.0,0.06787560705561191,1,0.06787560705561191
,academy_3_vs_1_with_keeper,42,collect_rollout,4306,0,17,0.0,False,False,0.0,0.0,0,0,0,0.0,0.0,0.0,0.0,0.0,1,0.0
,academy_3_vs_1_with_keeper,42,collect_rollout,4307,0,12,-0.0023870666045695543,False,False,0.0,0.0,0,0,0,0.0,0.0,0.0,0.0,-0.0023870666045695543,1,-0.0023870666045695543
,academy_3_vs_1_with_keeper,42,collect_rollout,4308,0,79,0.024325950478669256,False,False,0.0,0.0,0,0,0,0.0,0.0,0.0,0.0,0.024325950478669256,1,0.024325950478669256
,academy_3_vs_1_with_keeper,42,collect_rollout,4309,0,19,-0.003333333181217313,False,False,0.0,0.0,0,0,0,0.0,0.0,0.0,0.0,-0.003333333181217313,1,-0.003333333181217313
,academy_3_vs_1_with_keeper,42,collect_rollout,4310,0,78,-0.014725350309163332,False,False,0.0,0.0,0,0,0,0.0,0.0,0.0,0.0,-0.014725350309163332,1,-0.014725350309163332
,academy_3_vs_1_with_keeper,42,collect_rollout,4311,0,21,-0.009999999543651938,False,False,0.0,0.0,0,0,0,0.0,0.0,0.0,0.0,-0.009999999543651938,1,-0.009999999543651938
,academy_3_vs_1_with_keeper,42,collect_rollout,4312,0,17,-0.006666666362434626,False,False,0.0,0.0,0,0,0,0.0,0.0,0.0,0.0,-0.006666666362434626,1,-0.006666666362434626
,academy_3_vs_1_with_keeper,42,collect_rollout,4313,0,18,-0.006666666362434626,False,False,0.0,0.0,0,0,0,0.0,0.0,0.0,0.0,-0.006666666362434626,1,-0.006666666362434626
,academy_3_vs_1_with_keeper,42,collect_rollout,4314,0,83,0.05641947497497313,False,False,0.0,0.0,0,0,0,0.0,0.0,0.0,0.0,0.05641947497497313,1,0.05641947497497313
,academy_3_vs_1_with_keeper,42,collect_rollout,4315,0,93,0.038199109403649345,False,False,0.0,0.0,0,0,0,0.0,0.0,0.0,0.0,0.038199109403649345,1,0.038199109403649345
,academy_3_vs_1_with_keeper,42,collect_rollout,4316,0,85,0.27450630778912455,False,False,0.0,0.0,0,0,0,0.0,0.0,0.0,0.0,0.27450630778912455,1,0.27450630778912455
,academy_3_vs_1_with_keeper,42,collect_rollout,4317,0,20,-0.003333333181217313,False,False,0.0,0.0,0,0,0,0.0,0.0,0.0,0.0,-0.003333333181217313,1,-0.003333333181217313
,academy_3_vs_1_with_keeper,42,collect_rollout,4318,0,20,0.0,False,False,0.0,0.0,0,0,0,0.0,0.0,0.0,0.0,0.0,1,0.0
,academy_3_vs_1_with_keeper,42,collect_rollout,4319,0,18,0.0,False,False,0.0,0.0,0,0,0,0.0,0.0,0.0,0.0,0.0,1,0.0
,academy_3_vs_1_with_keeper,42,collect_rollout,4320,0,81,0.07215442776214331,False,False,0.0,0.0,0,0,0,0.0,0.0,0.0,0.0,0.07215442776214331,1,0.07215442776214331
,academy_3_vs_1_with_keeper,42,collect_rollout,4321,0,20,-0.003333333181217313,False,False,0.0,0.0,0,0,0,0.0,0.0,0.0,0.0,-0.003333333181217313,1,-0.003333333181217313
,academy_3_vs_1_with_keeper,42,collect_rollout,4322,0,86,0.012349337106570601,False,False,0.0,0.0,0,0,0,0.0,0.0,0.0,0.0,0.012349337106570601,1,0.012349337106570601
,academy_3_vs_1_with_keeper,42,collect_rollout,4323,0,79,0.07446080559748225,False,False,0.0,0.0,0,0,0,0.0,0.0,0.0,0.0,0.07446080559748225,1,0.07446080559748225
,academy_3_vs_1_with_keeper,42,collect_rollout,4324,0,19,-0.003333333181217313,False,False,0.0,0.0,0,0,0,0.0,0.0,0.0,0.0,-0.003333333181217313,1,-0.003333333181217313
,academy_3_vs_1_with_keeper,42,collect_rollout,4325,0,20,-0.003333333181217313,False,False,0.0,0.0,0,0,0,0.0,0.0,0.0,0.0,-0.003333333181217313,1,-0.003333333181217313
,academy_3_vs_1_with_keeper,42,collect_rollout,4326,0,16,0.0,False,False,0.0,0.0,0,0,0,0.0,0.0,0.0,0.0,0.0,1,0.0
,academy_3_vs_1_with_keeper,42,collect_rollout,4327,0,81,0.009619830991141498,False,False,0.0,0.0,0,0,0,0.0,0.0,0.0,0.0,0.009619830991141498,1,0.009619830991141498
,academy_3_vs_1_with_keeper,42,collect_rollout,4328,0,18,-0.009999999543651938,False,False,0.0,0.0,0,0,0,0.0,0.0,0.0,0.0,-0.009999999543651938,1,-0.009999999543651938
,academy_3_vs_1_with_keeper,42,collect_rollout,4329,0,65,2.227951248176396,False,False,0.0,0.0,0,0,0,0.0,0.0,0.0,0.0,2.227951248176396,1,2.227951248176396
,academy_3_vs_1_with_keeper,42,collect_rollout,4330,0,18,0.0,False,False,0.0,0.0,0,0,0,0.0,0.0,0.0,0.0,0.0,1,0.0
,academy_3_vs_1_with_keeper,42,collect_rollout,4331,0,85,0.017850665375590324,False,False,0.0,0.0,0,0,0,0.0,0.0,0.0,0.0,0.017850665375590324,1,0.017850665375590324
,academy_3_vs_1_with_keeper,42,collect_rollout,4332,0,18,0.0,False,False,0.0,0.0,0,0,0,0.0,0.0,0.0,0.0,0.0,1,0.0
,academy_3_vs_1_with_keeper,42,collect_rollout,4333,0,15,0.0,False,False,0.0,0.0,0,0,0,0.0,0.0,0.0,0.0,0.0,1,0.0
,academy_3_vs_1_with_keeper,42,collect_rollout,4334,0,17,0.0,False,False,0.0,0.0,0,0,0,0.0,0.0,0.0,0.0,0.0,1,0.0
,academy_3_vs_1_with_keeper,42,collect_rollout,4335,0,16,0.0,False,False,0.0,0.0,0,0,0,0.0,0.0,0.0,0.0,0.0,1,0.0
,academy_3_vs_1_with_keeper,42,collect_rollout,4336,0,80,0.05679282308847178,False,False,0.0,0.0,0,0,0,0.0,0.0,0.0,0.0,0.05679282308847178,1,0.05679282308847178
,academy_3_vs_1_with_keeper,42,collect_rollout,4337,0,85,-0.026970980688929558,False,False,0.0,0.0,0,0,0,0.0,0.0,0.0,0.0,-0.026970980688929558,1,-0.026970980688929558
,academy_3_vs_1_with_keeper,42,collect_rollout,4338,0,83,1.6149213032767875,False,False,0.0,0.0,0,0,0,0.0,0.0,0.0,0.0,1.6149213032767875,1,1.6149213032767875
,academy_3_vs_1_with_keeper,42,collect_rollout,4339,0,47,0.0012010649079456925,False,False,0.0,0.0,0,0,0,0.0,0.0,0.0,0.0,0.0012010649079456925,1,0.0012010649079456925
,academy_3_vs_1_with_keeper,42,collect_rollout,4340,0,85,-0.3295928815878142,False,False,0.0,0.0,0,0,0,0.0,0.0,0.0,0.0,-0.3295928815878142,1,-0.3295928815878142
,academy_3_vs_1_with_keeper,42,collect_rollout,4341,0,18,-0.003333333181217313,False,False,0.0,0.0,0,0,0,0.0,0.0,0.0,0.0,-0.003333333181217313,1,-0.003333333181217313
,academy_3_vs_1_with_keeper,42,collect_rollout,4342,0,18,-0.003333333181217313,False,False,0.0,0.0,0,0,0,0.0,0.0,0.0,0.0,-0.003333333181217313,1,-0.003333333181217313
,academy_3_vs_1_with_keeper,42,collect_rollout,4343,0,17,0.0,False,False,0.0,0.0,0,0,0,0.0,0.0,0.0,0.0,0.0,1,0.0
,academy_3_vs_1_with_keeper,42,collect_rollout,4344,0,10,0.01365278719458729,False,False,0.0,0.0,0,0,0,0.0,0.0,0.0,0.0,0.01365278719458729,1,0.01365278719458729
,academy_3_vs_1_with_keeper,42,collect_rollout,4345,0,17,-0.003333333181217313,False,False,0.0,0.0,0,0,0,0.0,0.0,0.0,0.0,-0.003333333181217313,1,-0.003333333181217313
,academy_3_vs_1_with_keeper,42,collect_rollout,4346,0,18,0.0,False,False,0.0,0.0,0,0,0,0.0,0.0,0.0,0.0,0.0,1,0.0
,academy_3_vs_1_with_keeper,42,collect_rollout,4347,0,15,0.0,False,False,0.0,0.0,0,0,0,0.0,0.0,0.0,0.0,0.0,1,0.0
,academy_3_vs_1_with_keeper,42,collect_rollout,4348,0,46,0.06246522895526141,False,False,0.0,0.0,0,0,0,0.0,0.0,0.0,0.0,0.06246522895526141,1,0.06246522895526141
,academy_3_vs_1_with_keeper,42,collect_rollout,4349,0,18,0.0,False,False,0.0,0.0,0,0,0,0.0,0.0,0.0,0.0,0.0,1,0.0
,academy_3_vs_1_with_keeper,42,collect_rollout,4350,0,64,-0.09309752308763564,False,False,0.0,0.0,0,0,0,0.0,0.0,0.0,0.0,-0.09309752308763564,1,-0.09309752308763564
,academy_3_vs_1_with_keeper,42,collect_rollout,4351,0,66,2.0661117441486567,False,False,0.0,0.0,0,0,0,0.0,0.0,0.0,0.0,2.0661117441486567,1,2.0661117441486567
,academy_3_vs_1_with_keeper,42,collect_rollout,4352,0,83,-0.33184690357302316,False,False,0.0,0.0,0,0,0,0.0,0.0,0.0,0.0,-0.33184690357302316,1,-0.33184690357302316
,academy_3_vs_1_with_keeper,42,collect_rollout,4353,0,22,-0.006666666362434626,False,False,0.0,0.0,0,0,0,0.0,0.0,0.0,0.0,-0.006666666362434626,1,-0.006666666362434626
,academy_3_vs_1_with_keeper,42,collect_rollout,4354,0,20,0.0,False,False,0.0,0.0,0,0,0,0.0,0.0,0.0,0.0,0.0,1,0.0
,academy_3_vs_1_with_keeper,42,collect_rollout,4355,0,16,0.0,False,False,0.0,0.0,0,0,0,0.0,0.0,0.0,0.0,0.0,1,0.0
,academy_3_vs_1_with_keeper,42,collect_rollout,4356,0,18,0.0,False,False,0.0,0.0,0,0,0,0.0,0.0,0.0,0.0,0.0,1,0.0
,academy_3_vs_1_with_keeper,42,collect_rollout,4357,0,18,0.0,False,False,0.0,0.0,0,0,0,0.0,0.0,0.0,0.0,0.0,1,0.0
,academy_3_vs_1_with_keeper,42,collect_rollout,4358,0,18,0.0,False,False,0.0,0.0,0,0,0,0.0,0.0,0.0,0.0,0.0,1,0.0
,academy_3_vs_1_with_keeper,42,collect_rollout,4359,0,72,-0.0027247550315223634,False,False,0.0,0.0,0,0,0,0.0,0.0,0.0,0.0,-0.0027247550315223634,1,-0.0027247550315223634
,academy_3_vs_1_with_keeper,42,collect_rollout,4360,0,17,0.0,False,False,0.0,0.0,0,0,0,0.0,0.0,0.0,0.0,0.0,1,0.0
,academy_3_vs_1_with_keeper,42,collect_rollout,4361,0,14,-0.0094814965268597,False,False,0.0,0.0,0,0,0,0.0,0.0,0.0,0.0,-0.0094814965268597,1,-0.0094814965268597
,academy_3_vs_1_with_keeper,42,collect_rollout,4362,0,89,0.04699740401702002,False,False,0.0,0.0,0,0,0,0.0,0.0,0.0,0.0,0.04699740401702002,1,0.04699740401702002
,academy_3_vs_1_with_keeper,42,collect_rollout,4363,0,19,0.0,False,False,0.0,0.0,0,0,0,0.0,0.0,0.0,0.0,0.0,1,0.0
,academy_3_vs_1_with_keeper,42,collect_rollout,4364,0,14,-0.013398334383964539,False,False,0.0,0.0,0,0,0,0.0,0.0,0.0,0.0,-0.013398334383964539,1,-0.013398334383964539
,academy_3_vs_1_with_keeper,42,collect_rollout,4365,0,21,0.0,False,False,0.0,0.0,0,0,0,0.0,0.0,0.0,0.0,0.0,1,0.0
,academy_3_vs_1_with_keeper,42,collect_rollout,4366,0,18,-0.003333333181217313,False,False,0.0,0.0,0,0,0,0.0,0.0,0.0,0.0,-0.003333333181217313,1,-0.003333333181217313
,academy_3_vs_1_with_keeper,42,collect_rollout,4367,0,54,-0.034599254839122295,False,False,0.0,0.0,0,0,0,0.0,0.0,0.0,0.0,-0.034599254839122295,1,-0.034599254839122295
,academy_3_vs_1_with_keeper,42,collect_rollout,4368,0,15,-0.006666666362434626,False,False,0.0,0.0,0,0,0,0.0,0.0,0.0,0.0,-0.006666666362434626,1,-0.006666666362434626
,academy_3_vs_1_with_keeper,42,collect_rollout,4369,0,17,0.0,False,False,0.0,0.0,0,0,0,0.0,0.0,0.0,0.0,0.0,1,0.0
,academy_3_vs_1_with_keeper,42,collect_rollout,4370,0,21,0.0,False,False,0.0,0.0,0,0,0,0.0,0.0,0.0,0.0,0.0,1,0.0
,academy_3_vs_1_with_keeper,42,collect_rollout,4371,0,23,-0.003333333181217313,False,False,0.0,0.0,0,0,0,0.0,0.0,0.0,0.0,-0.003333333181217313,1,-0.003333333181217313
,academy_3_vs_1_with_keeper,42,collect_rollout,4372,0,12,-0.004391366732306778,False,False,0.0,0.0,0,0,0,0.0,0.0,0.0,0.0,-0.004391366732306778,1,-0.004391366732306778
,academy_3_vs_1_with_keeper,42,collect_rollout,4373,0,18,-0.006666666362434626,False,False,0.0,0.0,0,0,0,0.0,0.0,0.0,0.0,-0.006666666362434626,1,-0.006666666362434626
,academy_3_vs_1_with_keeper,42,collect_rollout,4374,0,17,0.0,False,False,0.0,0.0,0,0,0,0.0,0.0,0.0,0.0,0.0,1,0.0
,academy_3_vs_1_with_keeper,42,collect_rollout,4375,0,81,0.034795775514794514,False,False,0.0,0.0,0,0,0,0.0,0.0,0.0,0.0,0.034795775514794514,1,0.034795775514794514
,academy_3_vs_1_with_keeper,42,collect_rollout,4376,0,20,-0.003333333181217313,False,False,0.0,0.0,0,0,0,0.0,0.0,0.0,0.0,-0.003333333181217313,1,-0.003333333181217313
,academy_3_vs_1_with_keeper,42,collect_rollout,4377,0,37,0.048321677080821246,False,False,0.0,0.0,0,0,0,0.0,0.0,0.0,0.0,0.048321677080821246,1,0.048321677080821246
,academy_3_vs_1_with_keeper,42,collect_rollout,4378,0,18,0.0,False,False,0.0,0.0,0,0,0,0.0,0.0,0.0,0.0,0.0,1,0.0
,academy_3_vs_1_with_keeper,42,collect_rollout,4379,0,17,0.0,False,False,0.0,0.0,0,0,0,0.0,0.0,0.0,0.0,0.0,1,0.0
,academy_3_vs_1_with_keeper,42,collect_rollout,4380,0,18,-0.009999999543651938,False,False,0.0,0.0,0,0,0,0.0,0.0,0.0,0.0,-0.009999999543651938,1,-0.009999999543651938
,academy_3_vs_1_with_keeper,42,collect_rollout,4381,0,84,-0.035517141048330814,False,False,0.0,0.0,0,0,0,0.0,0.0,0.0,0.0,-0.035517141048330814,1,-0.035517141048330814
,academy_3_vs_1_with_keeper,42,collect_rollout,4382,0,75,0.0033351095698890276,False,False,0.0,0.0,0,0,0,0.0,0.0,0.0,0.0,0.0033351095698890276,1,0.0033351095698890276
,academy_3_vs_1_with_keeper,42,collect_rollout,4383,0,44,0.027512115833815187,False,False,0.0,0.0,0,0,0,0.0,0.0,0.0,0.0,0.027512115833815187,1,0.027512115833815187
,academy_3_vs_1_with_keeper,42,collect_rollout,4384,0,23,-0.003333333181217313,False,False,0.0,0.0,0,0,0,0.0,0.0,0.0,0.0,-0.003333333181217313,1,-0.003333333181217313
,academy_3_vs_1_with_keeper,42,collect_rollout,4385,0,23,-0.016666665906086564,False,False,0.0,0.0,0,0,0,0.0,0.0,0.0,0.0,-0.016666665906086564,1,-0.016666665906086564
,academy_3_vs_1_with_keeper,42,collect_rollout,4386,0,17,0.0,False,False,0.0,0.0,0,0,0,0.0,0.0,0.0,0.0,0.0,1,0.0
,academy_3_vs_1_with_keeper,42,collect_rollout,4387,0,83,0.05149749759584665,False,False,0.0,0.0,0,0,0,0.0,0.0,0.0,0.0,0.05149749759584665,1,0.05149749759584665
,academy_3_vs_1_with_keeper,42,collect_rollout,4388,0,81,0.01439268491230905,False,False,0.0,0.0,0,0,0,0.0,0.0,0.0,0.0,0.01439268491230905,1,0.01439268491230905
,academy_3_vs_1_with_keeper,42,collect_rollout,4389,0,11,-0.014501514262519777,False,False,0.0,0.0,0,0,0,0.0,0.0,0.0,0.0,-0.014501514262519777,1,-0.014501514262519777
,academy_3_vs_1_with_keeper,42,collect_rollout,4390,0,19,0.0,False,False,0.0,0.0,0,0,0,0.0,0.0,0.0,0.0,0.0,1,0.0
,academy_3_vs_1_with_keeper,42,collect_rollout,4391,0,20,-0.003333333181217313,False,False,0.0,0.0,0,0,0,0.0,0.0,0.0,0.0,-0.003333333181217313,1,-0.003333333181217313
,academy_3_vs_1_with_keeper,42,collect_rollout,4392,0,15,-0.012838432448916137,False,False,0.0,0.0,0,0,0,0.0,0.0,0.0,0.0,-0.012838432448916137,1,-0.012838432448916137
,academy_3_vs_1_with_keeper,42,collect_rollout,4393,0,32,-0.05564537619284238,False,False,0.0,0.0,0,0,0,0.0,0.0,0.0,0.0,-0.05564537619284238,1,-0.05564537619284238
,academy_3_vs_1_with_keeper,42,collect_rollout,4394,0,19,0.0,False,False,0.0,0.0,0,0,0,0.0,0.0,0.0,0.0,0.0,1,0.0
,academy_3_vs_1_with_keeper,42,collect_rollout,4395,0,48,0.05520247621461749,False,False,0.0,0.0,0,0,0,0.0,0.0,0.0,0.0,0.05520247621461749,1,0.05520247621461749
,academy_3_vs_1_with_keeper,42,collect_rollout,4396,0,52,0.04653107305057347,False,False,0.0,0.0,0,0,0,0.0,0.0,0.0,0.0,0.04653107305057347,1,0.04653107305057347
,academy_3_vs_1_with_keeper,42,collect_rollout,4397,0,95,-0.03778091061394662,False,False,0.0,0.0,0,0,0,0.0,0.0,0.0,0.0,-0.03778091061394662,1,-0.03778091061394662
,academy_3_vs_1_with_keeper,42,collect_rollout,4398,0,18,0.0,False,False,0.0,0.0,0,0,0,0.0,0.0,0.0,0.0,0.0,1,0.0
,academy_3_vs_1_with_keeper,42,collect_rollout,4399,0,97,-0.32042426470434293,False,False,0.0,0.0,0,0,0,0.0,0.0,0.0,0.0,-0.32042426470434293,1,-0.32042426470434293
,academy_3_vs_1_with_keeper,42,collect_rollout,4400,0,65,-0.12380163964189705,False,False,0.0,0.0,0,0,0,0.0,0.0,0.0,0.0,-0.12380163964189705,1,-0.12380163964189705
,academy_3_vs_1_with_keeper,42,collect_rollout,4401,0,84,-0.020046787802129984,False,False,0.0,0.0,0,0,0,0.0,0.0,0.0,0.0,-0.020046787802129984,1,-0.020046787802129984
,academy_3_vs_1_with_keeper,42,collect_rollout,4402,0,18,-0.006666666362434626,False,False,0.0,0.0,0,0,0,0.0,0.0,0.0,0.0,-0.006666666362434626,1,-0.006666666362434626
,academy_3_vs_1_with_keeper,42,collect_rollout,4403,0,18,0.0,False,False,0.0,0.0,0,0,0,0.0,0.0,0.0,0.0,0.0,1,0.0
,academy_3_vs_1_with_keeper,42,collect_rollout,4404,0,19,0.0,False,False,0.0,0.0,0,0,0,0.0,0.0,0.0,0.0,0.0,1,0.0
,academy_3_vs_1_with_keeper,42,collect_rollout,4405,0,19,-0.003333333181217313,False,False,0.0,0.0,0,0,0,0.0,0.0,0.0,0.0,-0.003333333181217313,1,-0.003333333181217313
,academy_3_vs_1_with_keeper,42,collect_rollout,4406,0,88,0.027331513236276805,False,False,0.0,0.0,0,0,0,0.0,0.0,0.0,0.0,0.027331513236276805,1,0.027331513236276805
,academy_3_vs_1_with_keeper,42,collect_rollout,4407,0,86,0.014824813843006268,False,False,0.0,0.0,0,0,0,0.0,0.0,0.0,0.0,0.014824813843006268,1,0.014824813843006268
,academy_3_vs_1_with_keeper,42,collect_rollout,4408,0,18,-0.006666666362434626,False,False,0.0,0.0,0,0,0,0.0,0.0,0.0,0.0,-0.006666666362434626,1,-0.006666666362434626
,academy_3_vs_1_with_keeper,42,collect_rollout,4409,0,32,0.02979874052107334,False,False,0.0,0.0,0,0,0,0.0,0.0,0.0,0.0,0.02979874052107334,1,0.02979874052107334
,academy_3_vs_1_with_keeper,42,collect_rollout,4410,0,47,0.049462143098935485,False,False,0.0,0.0,0,0,0,0.0,0.0,0.0,0.0,0.049462143098935485,1,0.049462143098935485
,academy_3_vs_1_with_keeper,42,collect_rollout,4411,0,42,0.06335261976346374,False,False,0.0,0.0,0,0,0,0.0,0.0,0.0,0.0,0.06335261976346374,1,0.06335261976346374
,academy_3_vs_1_with_keeper,42,collect_rollout,4412,0,19,0.0,False,False,0.0,0.0,0,0,0,0.0,0.0,0.0,0.0,0.0,1,0.0
,academy_3_vs_1_with_keeper,42,collect_rollout,4413,0,52,-0.006407749198842794,False,False,0.0,0.0,0,0,0,0.0,0.0,0.0,0.0,-0.006407749198842794,1,-0.006407749198842794
,academy_3_vs_1_with_keeper,42,collect_rollout,4414,0,24,0.0,False,False,0.0,0.0,0,0,0,0.0,0.0,0.0,0.0,0.0,1,0.0
,academy_3_vs_1_with_keeper,42,collect_rollout,4415,0,16,-0.009999999543651938,False,False,0.0,0.0,0,0,0,0.0,0.0,0.0,0.0,-0.009999999543651938,1,-0.009999999543651938
,academy_3_vs_1_with_keeper,42,collect_rollout,4416,0,18,-0.003333333181217313,False,False,0.0,0.0,0,0,0,0.0,0.0,0.0,0.0,-0.003333333181217313,1,-0.003333333181217313
,academy_3_vs_1_with_keeper,42,collect_rollout,4417,0,19,-0.003333333181217313,False,False,0.0,0.0,0,0,0,0.0,0.0,0.0,0.0,-0.003333333181217313,1,-0.003333333181217313
,academy_3_vs_1_with_keeper,42,collect_rollout,4418,0,22,-0.006666666362434626,False,False,0.0,0.0,0,0,0,0.0,0.0,0.0,0.0,-0.006666666362434626,1,-0.006666666362434626
,academy_3_vs_1_with_keeper,42,collect_rollout,4419,0,22,-0.003333333181217313,False,False,0.0,0.0,0,0,0,0.0,0.0,0.0,0.0,-0.003333333181217313,1,-0.003333333181217313
,academy_3_vs_1_with_keeper,42,collect_rollout,4420,0,19,0.0,False,False,0.0,0.0,0,0,0,0.0,0.0,0.0,0.0,0.0,1,0.0
,academy_3_vs_1_with_keeper,42,collect_rollout,4421,0,81,0.05969474957601051,False,False,0.0,0.0,0,0,0,0.0,0.0,0.0,0.0,0.05969474957601051,1,0.05969474957601051
,academy_3_vs_1_with_keeper,42,collect_rollout,4422,0,78,-0.005415971238107886,False,False,0.0,0.0,0,0,0,0.0,0.0,0.0,0.0,-0.005415971238107886,1,-0.005415971238107886
,academy_3_vs_1_with_keeper,42,collect_rollout,4423,0,20,0.0,False,False,0.0,0.0,0,0,0,0.0,0.0,0.0,0.0,0.0,1,0.0
,academy_3_vs_1_with_keeper,42,collect_rollout,4424,0,49,-0.018493438023142517,False,False,0.0,0.0,0,0,0,0.0,0.0,0.0,0.0,-0.018493438023142517,1,-0.018493438023142517
,academy_3_vs_1_with_keeper,42,collect_rollout,4425,0,62,-0.06638521382410545,False,False,0.0,0.0,0,0,0,0.0,0.0,0.0,0.0,-0.06638521382410545,1,-0.06638521382410545
,academy_3_vs_1_with_keeper,42,collect_rollout,4426,0,20,-0.003333333181217313,False,False,0.0,0.0,0,0,0,0.0,0.0,0.0,0.0,-0.003333333181217313,1,-0.003333333181217313
,academy_3_vs_1_with_keeper,42,collect_rollout,4427,0,83,0.02957702986896038,False,False,0.0,0.0,0,0,0,0.0,0.0,0.0,0.0,0.02957702986896038,1,0.02957702986896038
,academy_3_vs_1_with_keeper,42,collect_rollout,4428,0,46,0.060248019406571984,False,False,0.0,0.0,0,0,0,0.0,0.0,0.0,0.0,0.060248019406571984,1,0.060248019406571984
,academy_3_vs_1_with_keeper,42,collect_rollout,4429,0,15,-0.013333332724869251,False,False,0.0,0.0,0,0,0,0.0,0.0,0.0,0.0,-0.013333332724869251,1,-0.013333332724869251
,academy_3_vs_1_with_keeper,42,collect_rollout,4430,0,88,0.033758395933546126,False,False,0.0,0.0,0,0,0,0.0,0.0,0.0,0.0,0.033758395933546126,1,0.033758395933546126
,academy_3_vs_1_with_keeper,42,collect_rollout,4431,0,17,0.0,False,False,0.0,0.0,0,0,0,0.0,0.0,0.0,0.0,0.0,1,0.0
,academy_3_vs_1_with_keeper,42,collect_rollout,4432,0,87,0.060683505589622655,False,False,0.0,0.0,0,0,0,0.0,0.0,0.0,0.0,0.060683505589622655,1,0.060683505589622655
,academy_3_vs_1_with_keeper,42,collect_rollout,4433,0,16,-0.006666666362434626,False,False,0.0,0.0,0,0,0,0.0,0.0,0.0,0.0,-0.006666666362434626,1,-0.006666666362434626
,academy_3_vs_1_with_keeper,42,collect_rollout,4434,0,162,-0.053333334159106016,False,False,0.0,0.0,0,0,0,0.0,0.0,0.0,0.0,-0.053333334159106016,1,-0.053333334159106016
,academy_3_vs_1_with_keeper,42,collect_rollout,4435,0,44,0.036905792345351074,False,False,0.0,0.0,0,0,0,0.0,0.0,0.0,0.0,0.036905792345351074,1,0.036905792345351074
,academy_3_vs_1_with_keeper,42,collect_rollout,4436,0,16,0.0,False,False,0.0,0.0,0,0,0,0.0,0.0,0.0,0.0,0.0,1,0.0
,academy_3_vs_1_with_keeper,42,collect_rollout,4437,0,18,-0.003333333181217313,False,False,0.0,0.0,0,0,0,0.0,0.0,0.0,0.0,-0.003333333181217313,1,-0.003333333181217313
,academy_3_vs_1_with_keeper,42,collect_rollout,4438,0,19,0.0,False,False,0.0,0.0,0,0,0,0.0,0.0,0.0,0.0,0.0,1,0.0
,academy_3_vs_1_with_keeper,42,collect_rollout,4439,0,21,0.0,False,False,0.0,0.0,0,0,0,0.0,0.0,0.0,0.0,0.0,1,0.0
,academy_3_vs_1_with_keeper,42,collect_rollout,4440,0,10,0.0011382445227354765,False,False,0.0,0.0,0,0,0,0.0,0.0,0.0,0.0,0.0011382445227354765,1,0.0011382445227354765
,academy_3_vs_1_with_keeper,42,collect_rollout,4441,0,82,-0.18495358934160322,False,False,0.0,0.0,0,0,0,0.0,0.0,0.0,0.0,-0.18495358934160322,1,-0.18495358934160322
,academy_3_vs_1_with_keeper,42,collect_rollout,4442,0,17,0.0,False,False,0.0,0.0,0,0,0,0.0,0.0,0.0,0.0,0.0,1,0.0
,academy_3_vs_1_with_keeper,42,collect_rollout,4443,0,19,-0.006666666362434626,False,False,0.0,0.0,0,0,0,0.0,0.0,0.0,0.0,-0.006666666362434626,1,-0.006666666362434626
,academy_3_vs_1_with_keeper,42,collect_rollout,4444,0,33,0.10606262320652604,False,False,0.0,0.0,0,0,0,0.0,0.0,0.0,0.0,0.10606262320652604,1,0.10606262320652604
,academy_3_vs_1_with_keeper,42,collect_rollout,4445,0,18,-0.003333333181217313,False,False,0.0,0.0,0,0,0,0.0,0.0,0.0,0.0,-0.003333333181217313,1,-0.003333333181217313
,academy_3_vs_1_with_keeper,42,collect_rollout,4446,0,22,0.0,False,False,0.0,0.0,0,0,0,0.0,0.0,0.0,0.0,0.0,1,0.0
,academy_3_vs_1_with_keeper,42,collect_rollout,4447,0,14,-0.003333333181217313,False,False,0.0,0.0,0,0,0,0.0,0.0,0.0,0.0,-0.003333333181217313,1,-0.003333333181217313
,academy_3_vs_1_with_keeper,42,collect_rollout,4448,0,13,-0.003567782696336508,False,False,0.0,0.0,0,0,0,0.0,0.0,0.0,0.0,-0.003567782696336508,1,-0.003567782696336508
,academy_3_vs_1_with_keeper,42,collect_rollout,4449,0,18,-0.006666666362434626,False,False,0.0,0.0,0,0,0,0.0,0.0,0.0,0.0,-0.006666666362434626,1,-0.006666666362434626
,academy_3_vs_1_with_keeper,42,collect_rollout,4450,0,19,-0.003333333181217313,False,False,0.0,0.0,0,0,0,0.0,0.0,0.0,0.0,-0.003333333181217313,1,-0.003333333181217313
,academy_3_vs_1_with_keeper,42,collect_rollout,4451,0,85,0.027034401835408062,False,False,0.0,0.0,0,0,0,0.0,0.0,0.0,0.0,0.027034401835408062,1,0.027034401835408062
,academy_3_vs_1_with_keeper,42,collect_rollout,4452,0,14,-0.006666666362434626,False,False,0.0,0.0,0,0,0,0.0,0.0,0.0,0.0,-0.006666666362434626,1,-0.006666666362434626
,academy_3_vs_1_with_keeper,42,collect_rollout,4453,0,100,2.0161074064671993,False,False,0.0,0.0,0,0,0,0.0,0.0,0.0,0.0,2.0161074064671993,1,2.0161074064671993
,academy_3_vs_1_with_keeper,42,collect_rollout,4454,0,79,0.009970140876248479,False,False,0.0,0.0,0,0,0,0.0,0.0,0.0,0.0,0.009970140876248479,1,0.009970140876248479
,academy_3_vs_1_with_keeper,42,collect_rollout,4455,0,14,-0.009999999543651938,False,False,0.0,0.0,0,0,0,0.0,0.0,0.0,0.0,-0.009999999543651938,1,-0.009999999543651938
,academy_3_vs_1_with_keeper,42,collect_rollout,4456,0,21,-0.003333333181217313,False,False,0.0,0.0,0,0,0,0.0,0.0,0.0,0.0,-0.003333333181217313,1,-0.003333333181217313
,academy_3_vs_1_with_keeper,42,collect_rollout,4457,0,14,-0.003333333181217313,False,False,0.0,0.0,0,0,0,0.0,0.0,0.0,0.0,-0.003333333181217313,1,-0.003333333181217313
,academy_3_vs_1_with_keeper,42,collect_rollout,4458,0,17,-0.009999999543651938,False,False,0.0,0.0,0,0,0,0.0,0.0,0.0,0.0,-0.009999999543651938,1,-0.009999999543651938
,academy_3_vs_1_with_keeper,42,collect_rollout,4459,0,17,0.0,False,False,0.0,0.0,0,0,0,0.0,0.0,0.0,0.0,0.0,1,0.0
,academy_3_vs_1_with_keeper,42,collect_rollout,4460,0,21,-0.003333333181217313,False,False,0.0,0.0,0,0,0,0.0,0.0,0.0,0.0,-0.003333333181217313,1,-0.003333333181217313
,academy_3_vs_1_with_keeper,42,collect_rollout,4461,0,20,-0.003333333181217313,False,False,0.0,0.0,0,0,0,0.0,0.0,0.0,0.0,-0.003333333181217313,1,-0.003333333181217313
,academy_3_vs_1_with_keeper,42,collect_rollout,4462,0,21,0.0,False,False,0.0,0.0,0,0,0,0.0,0.0,0.0,0.0,0.0,1,0.0
,academy_3_vs_1_with_keeper,42,collect_rollout,4463,0,17,-0.006666666362434626,False,False,0.0,0.0,0,0,0,0.0,0.0,0.0,0.0,-0.006666666362434626,1,-0.006666666362434626
,academy_3_vs_1_with_keeper,42,collect_rollout,4464,0,19,0.0,False,False,0.0,0.0,0,0,0,0.0,0.0,0.0,0.0,0.0,1,0.0
,academy_3_vs_1_with_keeper,42,collect_rollout,4465,0,16,-0.003333333181217313,False,False,0.0,0.0,0,0,0,0.0,0.0,0.0,0.0,-0.003333333181217313,1,-0.003333333181217313
,academy_3_vs_1_with_keeper,42,collect_rollout,4466,0,97,0.0929671807680279,False,False,0.0,0.0,0,0,0,0.0,0.0,0.0,0.0,0.0929671807680279,1,0.0929671807680279
,academy_3_vs_1_with_keeper,42,collect_rollout,4467,0,18,-0.003333333181217313,False,False,0.0,0.0,0,0,0,0.0,0.0,0.0,0.0,-0.003333333181217313,1,-0.003333333181217313
,academy_3_vs_1_with_keeper,42,collect_rollout,4468,0,19,0.0,False,False,0.0,0.0,0,0,0,0.0,0.0,0.0,0.0,0.0,1,0.0
,academy_3_vs_1_with_keeper,42,collect_rollout,4469,0,20,0.0,False,False,0.0,0.0,0,0,0,0.0,0.0,0.0,0.0,0.0,1,0.0
,academy_3_vs_1_with_keeper,42,collect_rollout,4470,0,13,0.0,False,False,0.0,0.0,0,0,0,0.0,0.0,0.0,0.0,0.0,1,0.0
,academy_3_vs_1_with_keeper,42,collect_rollout,4471,0,14,-0.003333333181217313,False,False,0.0,0.0,0,0,0,0.0,0.0,0.0,0.0,-0.003333333181217313,1,-0.003333333181217313
,academy_3_vs_1_with_keeper,42,collect_rollout,4472,0,21,-0.006666666362434626,False,False,0.0,0.0,0,0,0,0.0,0.0,0.0,0.0,-0.006666666362434626,1,-0.006666666362434626
,academy_3_vs_1_with_keeper,42,collect_rollout,4473,0,159,2.295588090608362,False,False,0.0,0.0,0,0,0,0.0,0.0,0.0,0.0,2.295588090608362,1,2.295588090608362
,academy_3_vs_1_with_keeper,42,collect_rollout,4474,0,43,0.04752591229043901,False,False,0.0,0.0,0,0,0,0.0,0.0,0.0,0.0,0.04752591229043901,1,0.04752591229043901
,academy_3_vs_1_with_keeper,42,collect_rollout,4475,0,24,-0.003333333181217313,False,False,0.0,0.0,0,0,0,0.0,0.0,0.0,0.0,-0.003333333181217313,1,-0.003333333181217313
,academy_3_vs_1_with_keeper,42,collect_rollout,4476,0,17,-0.003333333181217313,False,False,0.0,0.0,0,0,0,0.0,0.0,0.0,0.0,-0.003333333181217313,1,-0.003333333181217313
,academy_3_vs_1_with_keeper,42,collect_rollout,4477,0,16,-0.003333333181217313,False,False,0.0,0.0,0,0,0,0.0,0.0,0.0,0.0,-0.003333333181217313,1,-0.003333333181217313
,academy_3_vs_1_with_keeper,42,collect_rollout,4478,0,19,-0.003333333181217313,False,False,0.0,0.0,0,0,0,0.0,0.0,0.0,0.0,-0.003333333181217313,1,-0.003333333181217313
,academy_3_vs_1_with_keeper,42,collect_rollout,4479,0,72,2.047894691117108,False,False,0.0,0.0,0,0,0,0.0,0.0,0.0,0.0,2.047894691117108,1,2.047894691117108
,academy_3_vs_1_with_keeper,42,collect_rollout,4480,0,20,-0.003333333181217313,False,False,0.0,0.0,0,0,0,0.0,0.0,0.0,0.0,-0.003333333181217313,1,-0.003333333181217313
,academy_3_vs_1_with_keeper,42,collect_rollout,4481,0,15,-0.011339628021232784,False,False,0.0,0.0,0,0,0,0.0,0.0,0.0,0.0,-0.011339628021232784,1,-0.011339628021232784
,academy_3_vs_1_with_keeper,42,collect_rollout,4482,0,19,-0.006666666362434626,False,False,0.0,0.0,0,0,0,0.0,0.0,0.0,0.0,-0.006666666362434626,1,-0.006666666362434626
,academy_3_vs_1_with_keeper,42,collect_rollout,4483,0,19,0.0,False,False,0.0,0.0,0,0,0,0.0,0.0,0.0,0.0,0.0,1,0.0
,academy_3_vs_1_with_keeper,42,collect_rollout,4484,0,16,0.0,False,False,0.0,0.0,0,0,0,0.0,0.0,0.0,0.0,0.0,1,0.0
,academy_3_vs_1_with_keeper,42,collect_rollout,4485,0,88,0.06700343592092395,False,False,0.0,0.0,0,0,0,0.0,0.0,0.0,0.0,0.06700343592092395,1,0.06700343592092395
,academy_3_vs_1_with_keeper,42,collect_rollout,4486,0,75,0.2594936171080917,False,False,0.0,0.0,0,0,0,0.0,0.0,0.0,0.0,0.2594936171080917,1,0.2594936171080917
,academy_3_vs_1_with_keeper,42,collect_rollout,4487,0,23,-0.009999999543651938,False,False,0.0,0.0,0,0,0,0.0,0.0,0.0,0.0,-0.009999999543651938,1,-0.009999999543651938
,academy_3_vs_1_with_keeper,42,collect_rollout,4488,0,19,0.0,False,False,0.0,0.0,0,0,0,0.0,0.0,0.0,0.0,0.0,1,0.0
,academy_3_vs_1_with_keeper,42,collect_rollout,4489,0,18,-0.003333333181217313,False,False,0.0,0.0,0,0,0,0.0,0.0,0.0,0.0,-0.003333333181217313,1,-0.003333333181217313
,academy_3_vs_1_with_keeper,42,collect_rollout,4490,0,33,0.037871731678023934,False,False,0.0,0.0,0,0,0,0.0,0.0,0.0,0.0,0.037871731678023934,1,0.037871731678023934
,academy_3_vs_1_with_keeper,42,collect_rollout,4491,0,22,0.0,False,False,0.0,0.0,0,0,0,0.0,0.0,0.0,0.0,0.0,1,0.0
,academy_3_vs_1_with_keeper,42,collect_rollout,4492,0,24,-0.006666666362434626,False,False,0.0,0.0,0,0,0,0.0,0.0,0.0,0.0,-0.006666666362434626,1,-0.006666666362434626
,academy_3_vs_1_with_keeper,42,collect_rollout,4493,0,22,-0.003333333181217313,False,False,0.0,0.0,0,0,0,0.0,0.0,0.0,0.0,-0.003333333181217313,1,-0.003333333181217313
,academy_3_vs_1_with_keeper,42,collect_rollout,4494,0,17,-0.003333333181217313,False,False,0.0,0.0,0,0,0,0.0,0.0,0.0,0.0,-0.003333333181217313,1,-0.003333333181217313
,academy_3_vs_1_with_keeper,42,collect_rollout,4495,0,20,-0.003333333181217313,False,False,0.0,0.0,0,0,0,0.0,0.0,0.0,0.0,-0.003333333181217313,1,-0.003333333181217313
,academy_3_vs_1_with_keeper,42,collect_rollout,4496,0,96,-0.0034883511252701283,False,False,0.0,0.0,0,0,0,0.0,0.0,0.0,0.0,-0.0034883511252701283,1,-0.0034883511252701283
,academy_3_vs_1_with_keeper,42,collect_rollout,4497,0,86,0.02172710164450109,False,False,0.0,0.0,0,0,0,0.0,0.0,0.0,0.0,0.02172710164450109,1,0.02172710164450109
,academy_3_vs_1_with_keeper,42,collect_rollout,4498,0,17,0.0,False,False,0.0,0.0,0,0,0,0.0,0.0,0.0,0.0,0.0,1,0.0
,academy_3_vs_1_with_keeper,42,collect_rollout,4499,0,96,0.08469793037511408,False,False,0.0,0.0,0,0,0,0.0,0.0,0.0,0.0,0.08469793037511408,1,0.08469793037511408
,academy_3_vs_1_with_keeper,42,collect_rollout,4500,0,20,-0.003333333181217313,False,False,0.0,0.0,0,0,0,0.0,0.0,0.0,0.0,-0.003333333181217313,1,-0.003333333181217313
,academy_3_vs_1_with_keeper,42,collect_rollout,4501,0,19,-0.003333333181217313,False,False,0.0,0.0,0,0,0,0.0,0.0,0.0,0.0,-0.003333333181217313,1,-0.003333333181217313
,academy_3_vs_1_with_keeper,42,collect_rollout,4502,0,19,-0.006666666362434626,False,False,0.0,0.0,0,0,0,0.0,0.0,0.0,0.0,-0.006666666362434626,1,-0.006666666362434626
,academy_3_vs_1_with_keeper,42,collect_rollout,4503,0,59,0.10266783379483968,False,False,0.0,0.0,0,0,0,0.0,0.0,0.0,0.0,0.10266783379483968,1,0.10266783379483968
,academy_3_vs_1_with_keeper,42,collect_rollout,4504,0,22,0.0,False,False,0.0,0.0,0,0,0,0.0,0.0,0.0,0.0,0.0,1,0.0
,academy_3_vs_1_with_keeper,42,collect_rollout,4505,0,20,-0.003333333181217313,False,False,0.0,0.0,0,0,0,0.0,0.0,0.0,0.0,-0.003333333181217313,1,-0.003333333181217313
,academy_3_vs_1_with_keeper,42,collect_rollout,4506,0,37,0.06400119567115325,False,False,0.0,0.0,0,0,0,0.0,0.0,0.0,0.0,0.06400119567115325,1,0.06400119567115325
,academy_3_vs_1_with_keeper,42,collect_rollout,4507,0,20,0.0,False,False,0.0,0.0,0,0,0,0.0,0.0,0.0,0.0,0.0,1,0.0
,academy_3_vs_1_with_keeper,42,collect_rollout,4508,0,98,-0.00043103896314278245,False,False,0.0,0.0,0,0,0,0.0,0.0,0.0,0.0,-0.00043103896314278245,1,-0.00043103896314278245
,academy_3_vs_1_with_keeper,42,collect_rollout,4509,0,85,0.06787694674858358,False,False,0.0,0.0,0,0,0,0.0,0.0,0.0,0.0,0.06787694674858358,1,0.06787694674858358
,academy_3_vs_1_with_keeper,42,collect_rollout,4510,0,79,0.061852830889620236,False,False,0.0,0.0,0,0,0,0.0,0.0,0.0,0.0,0.061852830889620236,1,0.061852830889620236
,academy_3_vs_1_with_keeper,42,collect_rollout,4511,0,82,0.023068401322234422,False,False,0.0,0.0,0,0,0,0.0,0.0,0.0,0.0,0.023068401322234422,1,0.023068401322234422
,academy_3_vs_1_with_keeper,42,collect_rollout,4512,0,21,-0.009999999543651938,False,False,0.0,0.0,0,0,0,0.0,0.0,0.0,0.0,-0.009999999543651938,1,-0.009999999543651938
,academy_3_vs_1_with_keeper,42,collect_rollout,4513,0,21,-0.003333333181217313,False,False,0.0,0.0,0,0,0,0.0,0.0,0.0,0.0,-0.003333333181217313,1,-0.003333333181217313
,academy_3_vs_1_with_keeper,42,collect_rollout,4514,0,123,-0.01765175152104348,False,False,0.0,0.0,0,0,0,0.0,0.0,0.0,0.0,-0.01765175152104348,1,-0.01765175152104348
,academy_3_vs_1_with_keeper,42,collect_rollout,4515,0,16,-0.003333333181217313,False,False,0.0,0.0,0,0,0,0.0,0.0,0.0,0.0,-0.003333333181217313,1,-0.003333333181217313
,academy_3_vs_1_with_keeper,42,collect_rollout,4516,0,81,0.0460064293583855,False,False,0.0,0.0,0,0,0,0.0,0.0,0.0,0.0,0.0460064293583855,1,0.0460064293583855
,academy_3_vs_1_with_keeper,42,collect_rollout,4517,0,19,0.0,False,False,0.0,0.0,0,0,0,0.0,0.0,0.0,0.0,0.0,1,0.0
,academy_3_vs_1_with_keeper,42,collect_rollout,4518,0,91,0.015523776994086802,False,False,0.0,0.0,0,0,0,0.0,0.0,0.0,0.0,0.015523776994086802,1,0.015523776994086802
,academy_3_vs_1_with_keeper,42,collect_rollout,4519,0,20,-0.003333333181217313,False,False,0.0,0.0,0,0,0,0.0,0.0,0.0,0.0,-0.003333333181217313,1,-0.003333333181217313
,academy_3_vs_1_with_keeper,42,collect_rollout,4520,0,16,0.0,False,False,0.0,0.0,0,0,0,0.0,0.0,0.0,0.0,0.0,1,0.0
,academy_3_vs_1_with_keeper,42,collect_rollout,4521,0,18,-0.006666666362434626,False,False,0.0,0.0,0,0,0,0.0,0.0,0.0,0.0,-0.006666666362434626,1,-0.006666666362434626
,academy_3_vs_1_with_keeper,42,collect_rollout,4522,0,19,-0.009999999543651938,False,False,0.0,0.0,0,0,0,0.0,0.0,0.0,0.0,-0.009999999543651938,1,-0.009999999543651938
,academy_3_vs_1_with_keeper,42,collect_rollout,4523,0,21,-0.009999999543651938,False,False,0.0,0.0,0,0,0,0.0,0.0,0.0,0.0,-0.009999999543651938,1,-0.009999999543651938
,academy_3_vs_1_with_keeper,42,collect_rollout,4524,0,101,0.034003923123236746,False,False,0.0,0.0,0,0,0,0.0,0.0,0.0,0.0,0.034003923123236746,1,0.034003923123236746
,academy_3_vs_1_with_keeper,42,collect_rollout,4525,0,15,-0.003333333181217313,False,False,0.0,0.0,0,0,0,0.0,0.0,0.0,0.0,-0.003333333181217313,1,-0.003333333181217313
,academy_3_vs_1_with_keeper,42,collect_rollout,4526,0,19,-0.003333333181217313,False,False,0.0,0.0,0,0,0,0.0,0.0,0.0,0.0,-0.003333333181217313,1,-0.003333333181217313
,academy_3_vs_1_with_keeper,42,collect_rollout,4527,0,19,0.0,False,False,0.0,0.0,0,0,0,0.0,0.0,0.0,0.0,0.0,1,0.0
,academy_3_vs_1_with_keeper,42,collect_rollout,4528,0,42,0.03815355338156223,False,False,0.0,0.0,0,0,0,0.0,0.0,0.0,0.0,0.03815355338156223,1,0.03815355338156223
,academy_3_vs_1_with_keeper,42,collect_rollout,4529,0,12,-0.009349114872748032,False,False,0.0,0.0,0,0,0,0.0,0.0,0.0,0.0,-0.009349114872748032,1,-0.009349114872748032
,academy_3_vs_1_with_keeper,42,collect_rollout,4530,0,15,-0.003333333181217313,False,False,0.0,0.0,0,0,0,0.0,0.0,0.0,0.0,-0.003333333181217313,1,-0.003333333181217313
,academy_3_vs_1_with_keeper,42,collect_rollout,4531,0,42,0.05504843743983656,False,False,0.0,0.0,0,0,0,0.0,0.0,0.0,0.0,0.05504843743983656,1,0.05504843743983656
,academy_3_vs_1_with_keeper,42,collect_rollout,4532,0,82,-0.010640121647156775,False,False,0.0,0.0,0,0,0,0.0,0.0,0.0,0.0,-0.010640121647156775,1,-0.010640121647156775
,academy_3_vs_1_with_keeper,42,collect_rollout,4533,0,86,0.04384241053048754,False,False,0.0,0.0,0,0,0,0.0,0.0,0.0,0.0,0.04384241053048754,1,0.04384241053048754
,academy_3_vs_1_with_keeper,42,collect_rollout,4534,0,77,-0.03577273688279092,False,False,0.0,0.0,0,0,0,0.0,0.0,0.0,0.0,-0.03577273688279092,1,-0.03577273688279092
,academy_3_vs_1_with_keeper,42,collect_rollout,4535,0,16,0.0,False,False,0.0,0.0,0,0,0,0.0,0.0,0.0,0.0,0.0,1,0.0
,academy_3_vs_1_with_keeper,42,collect_rollout,4536,0,10,0.0013619305100291967,False,False,0.0,0.0,0,0,0,0.0,0.0,0.0,0.0,0.0013619305100291967,1,0.0013619305100291967
,academy_3_vs_1_with_keeper,42,collect_rollout,4537,0,17,0.0,False,False,0.0,0.0,0,0,0,0.0,0.0,0.0,0.0,0.0,1,0.0
,academy_3_vs_1_with_keeper,42,collect_rollout,4538,0,23,0.0,False,False,0.0,0.0,0,0,0,0.0,0.0,0.0,0.0,0.0,1,0.0
,academy_3_vs_1_with_keeper,42,collect_rollout,4539,0,19,-0.006666666362434626,False,False,0.0,0.0,0,0,0,0.0,0.0,0.0,0.0,-0.006666666362434626,1,-0.006666666362434626
,academy_3_vs_1_with_keeper,42,collect_rollout,4540,0,22,0.0,False,False,0.0,0.0,0,0,0,0.0,0.0,0.0,0.0,0.0,1,0.0
,academy_3_vs_1_with_keeper,42,collect_rollout,4541,0,17,0.0,False,False,0.0,0.0,0,0,0,0.0,0.0,0.0,0.0,0.0,1,0.0
,academy_3_vs_1_with_keeper,42,collect_rollout,4542,0,18,0.0,False,False,0.0,0.0,0,0,0,0.0,0.0,0.0,0.0,0.0,1,0.0
,academy_3_vs_1_with_keeper,42,collect_rollout,4543,0,19,0.0,False,False,0.0,0.0,0,0,0,0.0,0.0,0.0,0.0,0.0,1,0.0
,academy_3_vs_1_with_keeper,42,collect_rollout,4544,0,19,0.0,False,False,0.0,0.0,0,0,0,0.0,0.0,0.0,0.0,0.0,1,0.0
,academy_3_vs_1_with_keeper,42,collect_rollout,4545,0,14,-0.016275365371257067,False,False,0.0,0.0,0,0,0,0.0,0.0,0.0,0.0,-0.016275365371257067,1,-0.016275365371257067
,academy_3_vs_1_with_keeper,42,collect_rollout,4546,0,8,0.009519781218841672,False,False,0.0,0.0,0,0,0,0.0,0.0,0.0,0.0,0.009519781218841672,1,0.009519781218841672
,academy_3_vs_1_with_keeper,42,collect_rollout,4547,0,16,-0.009999999543651938,False,False,0.0,0.0,0,0,0,0.0,0.0,0.0,0.0,-0.009999999543651938,1,-0.009999999543651938
,academy_3_vs_1_with_keeper,42,collect_rollout,4548,0,19,-0.003333333181217313,False,False,0.0,0.0,0,0,0,0.0,0.0,0.0,0.0,-0.003333333181217313,1,-0.003333333181217313
,academy_3_vs_1_with_keeper,42,collect_rollout,4549,0,20,-0.006666666362434626,False,False,0.0,0.0,0,0,0,0.0,0.0,0.0,0.0,-0.006666666362434626,1,-0.006666666362434626
,academy_3_vs_1_with_keeper,42,collect_rollout,4550,0,21,0.0,False,False,0.0,0.0,0,0,0,0.0,0.0,0.0,0.0,0.0,1,0.0
,academy_3_vs_1_with_keeper,42,collect_rollout,4551,0,19,-0.013333332724869251,False,False,0.0,0.0,0,0,0,0.0,0.0,0.0,0.0,-0.013333332724869251,1,-0.013333332724869251
,academy_3_vs_1_with_keeper,42,collect_rollout,4552,0,14,0.0,False,False,0.0,0.0,0,0,0,0.0,0.0,0.0,0.0,0.0,1,0.0
,academy_3_vs_1_with_keeper,42,collect_rollout,4553,0,85,0.02535959181841463,False,False,0.0,0.0,0,0,0,0.0,0.0,0.0,0.0,0.02535959181841463,1,0.02535959181841463
,academy_3_vs_1_with_keeper,42,collect_rollout,4554,0,14,-0.024247211986221373,False,False,0.0,0.0,0,0,0,0.0,0.0,0.0,0.0,-0.024247211986221373,1,-0.024247211986221373
,academy_3_vs_1_with_keeper,42,collect_rollout,4555,0,19,-0.006666666362434626,False,False,0.0,0.0,0,0,0,0.0,0.0,0.0,0.0,-0.006666666362434626,1,-0.006666666362434626
,academy_3_vs_1_with_keeper,42,collect_rollout,4556,0,16,0.0,False,False,0.0,0.0,0,0,0,0.0,0.0,0.0,0.0,0.0,1,0.0
,academy_3_vs_1_with_keeper,42,collect_rollout,4557,0,8,0.00797524000518024,False,False,0.0,0.0,0,0,0,0.0,0.0,0.0,0.0,0.00797524000518024,1,0.00797524000518024
,academy_3_vs_1_with_keeper,42,collect_rollout,4558,0,86,0.027527025318704545,False,False,0.0,0.0,0,0,0,0.0,0.0,0.0,0.0,0.027527025318704545,1,0.027527025318704545
,academy_3_vs_1_with_keeper,42,collect_rollout,4559,0,18,0.0,False,False,0.0,0.0,0,0,0,0.0,0.0,0.0,0.0,0.0,1,0.0
,academy_3_vs_1_with_keeper,42,collect_rollout,4560,0,14,-0.006666666362434626,False,False,0.0,0.0,0,0,0,0.0,0.0,0.0,0.0,-0.006666666362434626,1,-0.006666666362434626
,academy_3_vs_1_with_keeper,42,collect_rollout,4561,0,80,0.06327032530680299,False,False,0.0,0.0,0,0,0,0.0,0.0,0.0,0.0,0.06327032530680299,1,0.06327032530680299
,academy_3_vs_1_with_keeper,42,collect_rollout,4562,0,81,0.062619513948448,False,False,0.0,0.0,0,0,0,0.0,0.0,0.0,0.0,0.062619513948448,1,0.062619513948448
,academy_3_vs_1_with_keeper,42,collect_rollout,4563,0,17,-0.003333333181217313,False,False,0.0,0.0,0,0,0,0.0,0.0,0.0,0.0,-0.003333333181217313,1,-0.003333333181217313
,academy_3_vs_1_with_keeper,42,collect_rollout,4564,0,15,0.0,False,False,0.0,0.0,0,0,0,0.0,0.0,0.0,0.0,0.0,1,0.0
,academy_3_vs_1_with_keeper,42,collect_rollout,4565,0,73,1.6928429349791259,False,False,0.0,0.0,0,0,0,0.0,0.0,0.0,0.0,1.6928429349791259,1,1.6928429349791259
,academy_3_vs_1_with_keeper,42,collect_rollout,4566,0,66,2.3288053754949942,False,False,0.0,0.0,0,0,0,0.0,0.0,0.0,0.0,2.3288053754949942,1,2.3288053754949942
,academy_3_vs_1_with_keeper,42,collect_rollout,4567,0,16,-0.003333333181217313,False,False,0.0,0.0,0,0,0,0.0,0.0,0.0,0.0,-0.003333333181217313,1,-0.003333333181217313
,academy_3_vs_1_with_keeper,42,collect_rollout,4568,0,15,0.0,False,False,0.0,0.0,0,0,0,0.0,0.0,0.0,0.0,0.0,1,0.0
,academy_3_vs_1_with_keeper,42,collect_rollout,4569,0,17,-0.006666666362434626,False,False,0.0,0.0,0,0,0,0.0,0.0,0.0,0.0,-0.006666666362434626,1,-0.006666666362434626
,academy_3_vs_1_with_keeper,42,collect_rollout,4570,0,17,-0.003333333181217313,False,False,0.0,0.0,0,0,0,0.0,0.0,0.0,0.0,-0.003333333181217313,1,-0.003333333181217313
,academy_3_vs_1_with_keeper,42,collect_rollout,4571,0,81,0.05014477123040706,False,False,0.0,0.0,0,0,0,0.0,0.0,0.0,0.0,0.05014477123040706,1,0.05014477123040706
,academy_3_vs_1_with_keeper,42,collect_rollout,4572,0,21,-0.003333333181217313,False,False,0.0,0.0,0,0,0,0.0,0.0,0.0,0.0,-0.003333333181217313,1,-0.003333333181217313
,academy_3_vs_1_with_keeper,42,collect_rollout,4573,0,35,0.03185084543656558,False,False,0.0,0.0,0,0,0,0.0,0.0,0.0,0.0,0.03185084543656558,1,0.03185084543656558
,academy_3_vs_1_with_keeper,42,collect_rollout,4574,0,15,0.0,False,False,0.0,0.0,0,0,0,0.0,0.0,0.0,0.0,0.0,1,0.0
,academy_3_vs_1_with_keeper,42,collect_rollout,4575,0,15,0.00015200290363281965,False,False,0.0,0.0,0,0,0,0.0,0.0,0.0,0.0,0.00015200290363281965,1,0.00015200290363281965
,academy_3_vs_1_with_keeper,42,collect_rollout,4576,0,85,0.054275174741633236,False,False,0.0,0.0,0,0,0,0.0,0.0,0.0,0.0,0.054275174741633236,1,0.054275174741633236
,academy_3_vs_1_with_keeper,42,collect_rollout,4577,0,18,-0.003333333181217313,False,False,0.0,0.0,0,0,0,0.0,0.0,0.0,0.0,-0.003333333181217313,1,-0.003333333181217313
,academy_3_vs_1_with_keeper,42,collect_rollout,4578,0,21,-0.003333333181217313,False,False,0.0,0.0,0,0,0,0.0,0.0,0.0,0.0,-0.003333333181217313,1,-0.003333333181217313
,academy_3_vs_1_with_keeper,42,collect_rollout,4579,0,21,0.0,False,False,0.0,0.0,0,0,0,0.0,0.0,0.0,0.0,0.0,1,0.0
,academy_3_vs_1_with_keeper,42,collect_rollout,4580,0,83,0.01312516478355974,False,False,0.0,0.0,0,0,0,0.0,0.0,0.0,0.0,0.01312516478355974,1,0.01312516478355974
,academy_3_vs_1_with_keeper,42,collect_rollout,4581,0,88,-0.02216185408178717,False,False,0.0,0.0,0,0,0,0.0,0.0,0.0,0.0,-0.02216185408178717,1,-0.02216185408178717
,academy_3_vs_1_with_keeper,42,collect_rollout,4582,0,76,0.00017411171575076878,False,False,0.0,0.0,0,0,0,0.0,0.0,0.0,0.0,0.00017411171575076878,1,0.00017411171575076878
,academy_3_vs_1_with_keeper,42,collect_rollout,4583,0,19,-0.006666666362434626,False,False,0.0,0.0,0,0,0,0.0,0.0,0.0,0.0,-0.006666666362434626,1,-0.006666666362434626
,academy_3_vs_1_with_keeper,42,collect_rollout,4584,0,43,-0.020931298611685634,False,False,0.0,0.0,0,0,0,0.0,0.0,0.0,0.0,-0.020931298611685634,1,-0.020931298611685634
,academy_3_vs_1_with_keeper,42,collect_rollout,4585,0,18,-0.003333333181217313,False,False,0.0,0.0,0,0,0,0.0,0.0,0.0,0.0,-0.003333333181217313,1,-0.003333333181217313
,academy_3_vs_1_with_keeper,42,collect_rollout,4586,0,16,0.0,False,False,0.0,0.0,0,0,0,0.0,0.0,0.0,0.0,0.0,1,0.0
,academy_3_vs_1_with_keeper,42,collect_rollout,4587,0,20,-0.016666666138917208,False,False,0.0,0.0,0,0,0,0.0,0.0,0.0,0.0,-0.016666666138917208,1,-0.016666666138917208
,academy_3_vs_1_with_keeper,42,collect_rollout,4588,0,20,-0.003333333181217313,False,False,0.0,0.0,0,0,0,0.0,0.0,0.0,0.0,-0.003333333181217313,1,-0.003333333181217313
,academy_3_vs_1_with_keeper,42,collect_rollout,4589,0,17,0.0,False,False,0.0,0.0,0,0,0,0.0,0.0,0.0,0.0,0.0,1,0.0
,academy_3_vs_1_with_keeper,42,collect_rollout,4590,0,15,-0.003333333181217313,False,False,0.0,0.0,0,0,0,0.0,0.0,0.0,0.0,-0.003333333181217313,1,-0.003333333181217313
,academy_3_vs_1_with_keeper,42,collect_rollout,4591,0,19,-0.006666666362434626,False,False,0.0,0.0,0,0,0,0.0,0.0,0.0,0.0,-0.006666666362434626,1,-0.006666666362434626
,academy_3_vs_1_with_keeper,42,collect_rollout,4592,0,17,-0.003333333181217313,False,False,0.0,0.0,0,0,0,0.0,0.0,0.0,0.0,-0.003333333181217313,1,-0.003333333181217313
,academy_3_vs_1_with_keeper,42,collect_rollout,4593,0,22,-0.013333332724869251,False,False,0.0,0.0,0,0,0,0.0,0.0,0.0,0.0,-0.013333332724869251,1,-0.013333332724869251
,academy_3_vs_1_with_keeper,42,collect_rollout,4594,0,20,-0.006666666362434626,False,False,0.0,0.0,0,0,0,0.0,0.0,0.0,0.0,-0.006666666362434626,1,-0.006666666362434626
,academy_3_vs_1_with_keeper,42,collect_rollout,4595,0,18,-0.009999999543651938,False,False,0.0,0.0,0,0,0,0.0,0.0,0.0,0.0,-0.009999999543651938,1,-0.009999999543651938
,academy_3_vs_1_with_keeper,42,collect_rollout,4596,0,23,-0.003333333181217313,False,False,0.0,0.0,0,0,0,0.0,0.0,0.0,0.0,-0.003333333181217313,1,-0.003333333181217313
,academy_3_vs_1_with_keeper,42,collect_rollout,4597,0,22,0.0,False,False,0.0,0.0,0,0,0,0.0,0.0,0.0,0.0,0.0,1,0.0
,academy_3_vs_1_with_keeper,42,collect_rollout,4598,0,14,-0.006666666362434626,False,False,0.0,0.0,0,0,0,0.0,0.0,0.0,0.0,-0.006666666362434626,1,-0.006666666362434626
,academy_3_vs_1_with_keeper,42,collect_rollout,4599,0,22,0.0,False,False,0.0,0.0,0,0,0,0.0,0.0,0.0,0.0,0.0,1,0.0
,academy_3_vs_1_with_keeper,42,collect_rollout,4600,0,78,-0.001952346705365926,False,False,0.0,0.0,0,0,0,0.0,0.0,0.0,0.0,-0.001952346705365926,1,-0.001952346705365926
,academy_3_vs_1_with_keeper,42,collect_rollout,4601,0,82,0.02423164015635848,False,False,0.0,0.0,0,0,0,0.0,0.0,0.0,0.0,0.02423164015635848,1,0.02423164015635848
,academy_3_vs_1_with_keeper,42,collect_rollout,4602,0,96,-0.09508769466378908,False,False,0.0,0.0,0,0,0,0.0,0.0,0.0,0.0,-0.09508769466378908,1,-0.09508769466378908
,academy_3_vs_1_with_keeper,42,collect_rollout,4603,0,20,-0.009999999543651938,False,False,0.0,0.0,0,0,0,0.0,0.0,0.0,0.0,-0.009999999543651938,1,-0.009999999543651938
,academy_3_vs_1_with_keeper,42,collect_rollout,4604,0,77,0.036227042553946376,False,False,0.0,0.0,0,0,0,0.0,0.0,0.0,0.0,0.036227042553946376,1,0.036227042553946376
,academy_3_vs_1_with_keeper,42,collect_rollout,4605,0,18,-0.016666665906086564,False,False,0.0,0.0,0,0,0,0.0,0.0,0.0,0.0,-0.016666665906086564,1,-0.016666665906086564
,academy_3_vs_1_with_keeper,42,collect_rollout,4606,0,17,-0.006666666362434626,False,False,0.0,0.0,0,0,0,0.0,0.0,0.0,0.0,-0.006666666362434626,1,-0.006666666362434626
,academy_3_vs_1_with_keeper,42,collect_rollout,4607,0,21,-0.006666666362434626,False,False,0.0,0.0,0,0,0,0.0,0.0,0.0,0.0,-0.006666666362434626,1,-0.006666666362434626
,academy_3_vs_1_with_keeper,42,collect_rollout,4608,0,19,0.0,False,False,0.0,0.0,0,0,0,0.0,0.0,0.0,0.0,0.0,1,0.0
,academy_3_vs_1_with_keeper,42,collect_rollout,4609,0,17,-0.013333332724869251,False,False,0.0,0.0,0,0,0,0.0,0.0,0.0,0.0,-0.013333332724869251,1,-0.013333332724869251
,academy_3_vs_1_with_keeper,42,collect_rollout,4610,0,88,0.10253057105001062,False,False,0.0,0.0,0,0,0,0.0,0.0,0.0,0.0,0.10253057105001062,1,0.10253057105001062
,academy_3_vs_1_with_keeper,42,collect_rollout,4611,0,21,-0.003333333181217313,False,False,0.0,0.0,0,0,0,0.0,0.0,0.0,0.0,-0.003333333181217313,1,-0.003333333181217313
,academy_3_vs_1_with_keeper,42,collect_rollout,4612,0,84,0.0027303372444293927,False,False,0.0,0.0,0,0,0,0.0,0.0,0.0,0.0,0.0027303372444293927,1,0.0027303372444293927
,academy_3_vs_1_with_keeper,42,collect_rollout,4613,0,15,0.0,False,False,0.0,0.0,0,0,0,0.0,0.0,0.0,0.0,0.0,1,0.0
,academy_3_vs_1_with_keeper,42,collect_rollout,4614,0,21,-0.006666666362434626,False,False,0.0,0.0,0,0,0,0.0,0.0,0.0,0.0,-0.006666666362434626,1,-0.006666666362434626
,academy_3_vs_1_with_keeper,42,collect_rollout,4615,0,74,0.21605621825437993,False,False,0.0,0.0,0,0,0,0.0,0.0,0.0,0.0,0.21605621825437993,1,0.21605621825437993
,academy_3_vs_1_with_keeper,42,collect_rollout,4616,0,81,2.284784861258231,False,False,0.0,0.0,0,0,0,0.0,0.0,0.0,0.0,2.284784861258231,1,2.284784861258231
,academy_3_vs_1_with_keeper,42,collect_rollout,4617,0,41,0.04197351634502411,False,False,0.0,0.0,0,0,0,0.0,0.0,0.0,0.0,0.04197351634502411,1,0.04197351634502411
,academy_3_vs_1_with_keeper,42,collect_rollout,4618,0,93,-0.060016614479536656,False,False,0.0,0.0,0,0,0,0.0,0.0,0.0,0.0,-0.060016614479536656,1,-0.060016614479536656
,academy_3_vs_1_with_keeper,42,collect_rollout,4619,0,22,0.0,False,False,0.0,0.0,0,0,0,0.0,0.0,0.0,0.0,0.0,1,0.0
,academy_3_vs_1_with_keeper,42,collect_rollout,4620,0,20,0.0,False,False,0.0,0.0,0,0,0,0.0,0.0,0.0,0.0,0.0,1,0.0
,academy_3_vs_1_with_keeper,42,collect_rollout,4621,0,41,0.029095084018990747,False,False,0.0,0.0,0,0,0,0.0,0.0,0.0,0.0,0.029095084018990747,1,0.029095084018990747
,academy_3_vs_1_with_keeper,42,collect_rollout,4622,0,18,0.0,False,False,0.0,0.0,0,0,0,0.0,0.0,0.0,0.0,0.0,1,0.0
,academy_3_vs_1_with_keeper,42,collect_rollout,4623,0,19,0.0,False,False,0.0,0.0,0,0,0,0.0,0.0,0.0,0.0,0.0,1,0.0
,academy_3_vs_1_with_keeper,42,collect_rollout,4624,0,40,0.042901425738818944,False,False,0.0,0.0,0,0,0,0.0,0.0,0.0,0.0,0.042901425738818944,1,0.042901425738818944
,academy_3_vs_1_with_keeper,42,collect_rollout,4625,0,20,0.0,False,False,0.0,0.0,0,0,0,0.0,0.0,0.0,0.0,0.0,1,0.0
,academy_3_vs_1_with_keeper,42,collect_rollout,4626,0,20,0.0,False,False,0.0,0.0,0,0,0,0.0,0.0,0.0,0.0,0.0,1,0.0
,academy_3_vs_1_with_keeper,42,collect_rollout,4627,0,17,0.0,False,False,0.0,0.0,0,0,0,0.0,0.0,0.0,0.0,0.0,1,0.0
,academy_3_vs_1_with_keeper,42,collect_rollout,4628,0,19,-0.006666666362434626,False,False,0.0,0.0,0,0,0,0.0,0.0,0.0,0.0,-0.006666666362434626,1,-0.006666666362434626
,academy_3_vs_1_with_keeper,42,collect_rollout,4629,0,17,-0.003333333181217313,False,False,0.0,0.0,0,0,0,0.0,0.0,0.0,0.0,-0.003333333181217313,1,-0.003333333181217313
,academy_3_vs_1_with_keeper,42,collect_rollout,4630,0,14,0.0,False,False,0.0,0.0,0,0,0,0.0,0.0,0.0,0.0,0.0,1,0.0
,academy_3_vs_1_with_keeper,42,collect_rollout,4631,0,78,0.07324140480341157,False,False,0.0,0.0,0,0,0,0.0,0.0,0.0,0.0,0.07324140480341157,1,0.07324140480341157
,academy_3_vs_1_with_keeper,42,collect_rollout,4632,0,20,-0.003333333181217313,False,False,0.0,0.0,0,0,0,0.0,0.0,0.0,0.0,-0.003333333181217313,1,-0.003333333181217313
,academy_3_vs_1_with_keeper,42,collect_rollout,4633,0,19,-0.006666666362434626,False,False,0.0,0.0,0,0,0,0.0,0.0,0.0,0.0,-0.006666666362434626,1,-0.006666666362434626
,academy_3_vs_1_with_keeper,42,collect_rollout,4634,0,13,-0.018334932858124375,False,False,0.0,0.0,0,0,0,0.0,0.0,0.0,0.0,-0.018334932858124375,1,-0.018334932858124375
,academy_3_vs_1_with_keeper,42,collect_rollout,4635,0,10,0.0020491020986810327,False,False,0.0,0.0,0,0,0,0.0,0.0,0.0,0.0,0.0020491020986810327,1,0.0020491020986810327
,academy_3_vs_1_with_keeper,42,collect_rollout,4636,0,16,-0.003333333181217313,False,False,0.0,0.0,0,0,0,0.0,0.0,0.0,0.0,-0.003333333181217313,1,-0.003333333181217313
,academy_3_vs_1_with_keeper,42,collect_rollout,4637,0,18,-0.003333333181217313,False,False,0.0,0.0,0,0,0,0.0,0.0,0.0,0.0,-0.003333333181217313,1,-0.003333333181217313
,academy_3_vs_1_with_keeper,42,collect_rollout,4638,0,18,-0.003333333181217313,False,False,0.0,0.0,0,0,0,0.0,0.0,0.0,0.0,-0.003333333181217313,1,-0.003333333181217313
,academy_3_vs_1_with_keeper,42,collect_rollout,4639,0,17,0.0,False,False,0.0,0.0,0,0,0,0.0,0.0,0.0,0.0,0.0,1,0.0
,academy_3_vs_1_with_keeper,42,collect_rollout,4640,0,18,-0.003333333181217313,False,False,0.0,0.0,0,0,0,0.0,0.0,0.0,0.0,-0.003333333181217313,1,-0.003333333181217313
,academy_3_vs_1_with_keeper,42,collect_rollout,4641,0,45,0.057195779285393655,False,False,0.0,0.0,0,0,0,0.0,0.0,0.0,0.0,0.057195779285393655,1,0.057195779285393655
,academy_3_vs_1_with_keeper,42,collect_rollout,4642,0,19,-0.003333333181217313,False,False,0.0,0.0,0,0,0,0.0,0.0,0.0,0.0,-0.003333333181217313,1,-0.003333333181217313
,academy_3_vs_1_with_keeper,42,collect_rollout,4643,0,42,0.04810733674094081,False,False,0.0,0.0,0,0,0,0.0,0.0,0.0,0.0,0.04810733674094081,1,0.04810733674094081
,academy_3_vs_1_with_keeper,42,collect_rollout,4644,0,17,-0.006666666362434626,False,False,0.0,0.0,0,0,0,0.0,0.0,0.0,0.0,-0.006666666362434626,1,-0.006666666362434626
,academy_3_vs_1_with_keeper,42,collect_rollout,4645,0,35,0.022290071627139696,False,False,0.0,0.0,0,0,0,0.0,0.0,0.0,0.0,0.022290071627139696,1,0.022290071627139696
,academy_3_vs_1_with_keeper,42,collect_rollout,4646,0,23,0.0,False,False,0.0,0.0,0,0,0,0.0,0.0,0.0,0.0,0.0,1,0.0
,academy_3_vs_1_with_keeper,42,collect_rollout,4647,0,18,0.0,False,False,0.0,0.0,0,0,0,0.0,0.0,0.0,0.0,0.0,1,0.0
,academy_3_vs_1_with_keeper,42,collect_rollout,4648,0,17,0.0,False,False,0.0,0.0,0,0,0,0.0,0.0,0.0,0.0,0.0,1,0.0
,academy_3_vs_1_with_keeper,42,collect_rollout,4649,0,17,-0.006666666362434626,False,False,0.0,0.0,0,0,0,0.0,0.0,0.0,0.0,-0.006666666362434626,1,-0.006666666362434626
,academy_3_vs_1_with_keeper,42,collect_rollout,4650,0,17,0.0,False,False,0.0,0.0,0,0,0,0.0,0.0,0.0,0.0,0.0,1,0.0
,academy_3_vs_1_with_keeper,42,collect_rollout,4651,0,89,0.007916414819192141,False,False,0.0,0.0,0,0,0,0.0,0.0,0.0,0.0,0.007916414819192141,1,0.007916414819192141
,academy_3_vs_1_with_keeper,42,collect_rollout,4652,0,83,0.03087579330895096,False,False,0.0,0.0,0,0,0,0.0,0.0,0.0,0.0,0.03087579330895096,1,0.03087579330895096
,academy_3_vs_1_with_keeper,42,collect_rollout,4653,0,88,0.2822862497996539,False,False,0.0,0.0,0,0,0,0.0,0.0,0.0,0.0,0.2822862497996539,1,0.2822862497996539
,academy_3_vs_1_with_keeper,42,collect_rollout,4654,0,20,0.0,False,False,0.0,0.0,0,0,0,0.0,0.0,0.0,0.0,0.0,1,0.0
,academy_3_vs_1_with_keeper,42,collect_rollout,4655,0,122,0.15077470696996897,False,False,0.0,0.0,0,0,0,0.0,0.0,0.0,0.0,0.15077470696996897,1,0.15077470696996897
,academy_3_vs_1_with_keeper,42,collect_rollout,4656,0,17,-0.003333333181217313,False,False,0.0,0.0,0,0,0,0.0,0.0,0.0,0.0,-0.003333333181217313,1,-0.003333333181217313
,academy_3_vs_1_with_keeper,42,collect_rollout,4657,0,18,-0.003333333181217313,False,False,0.0,0.0,0,0,0,0.0,0.0,0.0,0.0,-0.003333333181217313,1,-0.003333333181217313
,academy_3_vs_1_with_keeper,42,collect_rollout,4658,0,44,0.05005979735869914,False,False,0.0,0.0,0,0,0,0.0,0.0,0.0,0.0,0.05005979735869914,1,0.05005979735869914
,academy_3_vs_1_with_keeper,42,collect_rollout,4659,0,21,-0.006666666362434626,False,False,0.0,0.0,0,0,0,0.0,0.0,0.0,0.0,-0.006666666362434626,1,-0.006666666362434626
,academy_3_vs_1_with_keeper,42,collect_rollout,4660,0,14,0.0,False,False,0.0,0.0,0,0,0,0.0,0.0,0.0,0.0,0.0,1,0.0
,academy_3_vs_1_with_keeper,42,collect_rollout,4661,0,13,0.0,False,False,0.0,0.0,0,0,0,0.0,0.0,0.0,0.0,0.0,1,0.0
,academy_3_vs_1_with_keeper,42,collect_rollout,4662,0,20,-0.006666666362434626,False,False,0.0,0.0,0,0,0,0.0,0.0,0.0,0.0,-0.006666666362434626,1,-0.006666666362434626
,academy_3_vs_1_with_keeper,42,collect_rollout,4663,0,17,0.0,False,False,0.0,0.0,0,0,0,0.0,0.0,0.0,0.0,0.0,1,0.0
,academy_3_vs_1_with_keeper,42,collect_rollout,4664,0,109,0.28914068383164704,False,False,0.0,0.0,0,0,0,0.0,0.0,0.0,0.0,0.28914068383164704,1,0.28914068383164704
,academy_3_vs_1_with_keeper,42,collect_rollout,4665,0,42,0.05433815927244723,False,False,0.0,0.0,0,0,0,0.0,0.0,0.0,0.0,0.05433815927244723,1,0.05433815927244723
,academy_3_vs_1_with_keeper,42,collect_rollout,4666,0,83,-0.0006980512989684939,False,False,0.0,0.0,0,0,0,0.0,0.0,0.0,0.0,-0.0006980512989684939,1,-0.0006980512989684939
,academy_3_vs_1_with_keeper,42,collect_rollout,4667,0,21,-0.006666666362434626,False,False,0.0,0.0,0,0,0,0.0,0.0,0.0,0.0,-0.006666666362434626,1,-0.006666666362434626
,academy_3_vs_1_with_keeper,42,collect_rollout,4668,0,18,0.0,False,False,0.0,0.0,0,0,0,0.0,0.0,0.0,0.0,0.0,1,0.0
,academy_3_vs_1_with_keeper,42,collect_rollout,4669,0,48,0.049700388219207525,False,False,0.0,0.0,0,0,0,0.0,0.0,0.0,0.0,0.049700388219207525,1,0.049700388219207525
,academy_3_vs_1_with_keeper,42,collect_rollout,4670,0,14,0.0,False,False,0.0,0.0,0,0,0,0.0,0.0,0.0,0.0,0.0,1,0.0
,academy_3_vs_1_with_keeper,42,collect_rollout,4671,0,16,-0.003333333181217313,False,False,0.0,0.0,0,0,0,0.0,0.0,0.0,0.0,-0.003333333181217313,1,-0.003333333181217313
,academy_3_vs_1_with_keeper,42,collect_rollout,4672,0,18,-0.003333333181217313,False,False,0.0,0.0,0,0,0,0.0,0.0,0.0,0.0,-0.003333333181217313,1,-0.003333333181217313
,academy_3_vs_1_with_keeper,42,collect_rollout,4673,0,21,-0.009999999543651938,False,False,0.0,0.0,0,0,0,0.0,0.0,0.0,0.0,-0.009999999543651938,1,-0.009999999543651938
,academy_3_vs_1_with_keeper,42,collect_rollout,4674,0,16,0.0,False,False,0.0,0.0,0,0,0,0.0,0.0,0.0,0.0,0.0,1,0.0
,academy_3_vs_1_with_keeper,42,collect_rollout,4675,0,19,0.0,False,False,0.0,0.0,0,0,0,0.0,0.0,0.0,0.0,0.0,1,0.0
,academy_3_vs_1_with_keeper,42,collect_rollout,4676,0,14,0.0,False,False,0.0,0.0,0,0,0,0.0,0.0,0.0,0.0,0.0,1,0.0
,academy_3_vs_1_with_keeper,42,collect_rollout,4677,0,16,0.0,False,False,0.0,0.0,0,0,0,0.0,0.0,0.0,0.0,0.0,1,0.0
,academy_3_vs_1_with_keeper,42,collect_rollout,4678,0,84,-0.002928164351033047,False,False,0.0,0.0,0,0,0,0.0,0.0,0.0,0.0,-0.002928164351033047,1,-0.002928164351033047
,academy_3_vs_1_with_keeper,42,collect_rollout,4679,0,21,-0.013333332724869251,False,False,0.0,0.0,0,0,0,0.0,0.0,0.0,0.0,-0.013333332724869251,1,-0.013333332724869251
,academy_3_vs_1_with_keeper,42,collect_rollout,4680,0,18,-0.009999999543651938,False,False,0.0,0.0,0,0,0,0.0,0.0,0.0,0.0,-0.009999999543651938,1,-0.009999999543651938
,academy_3_vs_1_with_keeper,42,collect_rollout,4681,0,16,0.0,False,False,0.0,0.0,0,0,0,0.0,0.0,0.0,0.0,0.0,1,0.0
,academy_3_vs_1_with_keeper,42,collect_rollout,4682,0,16,-0.003333333181217313,False,False,0.0,0.0,0,0,0,0.0,0.0,0.0,0.0,-0.003333333181217313,1,-0.003333333181217313
,academy_3_vs_1_with_keeper,42,collect_rollout,4683,0,21,-0.003333333181217313,False,False,0.0,0.0,0,0,0,0.0,0.0,0.0,0.0,-0.003333333181217313,1,-0.003333333181217313
,academy_3_vs_1_with_keeper,42,collect_rollout,4684,0,37,0.11933670239523053,False,False,0.0,0.0,0,0,0,0.0,0.0,0.0,0.0,0.11933670239523053,1,0.11933670239523053
,academy_3_vs_1_with_keeper,42,collect_rollout,4685,0,70,1.8081828964641318,False,False,0.0,0.0,0,0,0,0.0,0.0,0.0,0.0,1.8081828964641318,1,1.8081828964641318
,academy_3_vs_1_with_keeper,42,collect_rollout,4686,0,18,0.0,False,False,0.0,0.0,0,0,0,0.0,0.0,0.0,0.0,0.0,1,0.0
,academy_3_vs_1_with_keeper,42,collect_rollout,4687,0,19,-0.006666666362434626,False,False,0.0,0.0,0,0,0,0.0,0.0,0.0,0.0,-0.006666666362434626,1,-0.006666666362434626
,academy_3_vs_1_with_keeper,42,collect_rollout,4688,0,82,0.06115035047696438,False,False,0.0,0.0,0,0,0,0.0,0.0,0.0,0.0,0.06115035047696438,1,0.06115035047696438
,academy_3_vs_1_with_keeper,42,collect_rollout,4689,0,18,0.0,False,False,0.0,0.0,0,0,0,0.0,0.0,0.0,0.0,0.0,1,0.0
,academy_3_vs_1_with_keeper,42,collect_rollout,4690,0,18,0.0,False,False,0.0,0.0,0,0,0,0.0,0.0,0.0,0.0,0.0,1,0.0
,academy_3_vs_1_with_keeper,42,collect_rollout,4691,0,16,0.0,False,False,0.0,0.0,0,0,0,0.0,0.0,0.0,0.0,0.0,1,0.0
,academy_3_vs_1_with_keeper,42,collect_rollout,4692,0,16,0.0,False,False,0.0,0.0,0,0,0,0.0,0.0,0.0,0.0,0.0,1,0.0
,academy_3_vs_1_with_keeper,42,collect_rollout,4693,0,22,0.0,False,False,0.0,0.0,0,0,0,0.0,0.0,0.0,0.0,0.0,1,0.0
,academy_3_vs_1_with_keeper,42,collect_rollout,4694,0,17,0.0,False,False,0.0,0.0,0,0,0,0.0,0.0,0.0,0.0,0.0,1,0.0
,academy_3_vs_1_with_keeper,42,collect_rollout,4695,0,53,0.3504619162995368,False,False,0.0,0.0,0,0,0,0.0,0.0,0.0,0.0,0.3504619162995368,1,0.3504619162995368
,academy_3_vs_1_with_keeper,42,collect_rollout,4696,0,8,0.00393895385786891,False,False,0.0,0.0,0,0,0,0.0,0.0,0.0,0.0,0.00393895385786891,1,0.00393895385786891
,academy_3_vs_1_with_keeper,42,collect_rollout,4697,0,37,0.10937305493280292,False,False,0.0,0.0,0,0,0,0.0,0.0,0.0,0.0,0.10937305493280292,1,0.10937305493280292
,academy_3_vs_1_with_keeper,42,collect_rollout,4698,0,22,-0.006666666362434626,False,False,0.0,0.0,0,0,0,0.0,0.0,0.0,0.0,-0.006666666362434626,1,-0.006666666362434626
,academy_3_vs_1_with_keeper,42,collect_rollout,4699,0,19,-0.013333332724869251,False,False,0.0,0.0,0,0,0,0.0,0.0,0.0,0.0,-0.013333332724869251,1,-0.013333332724869251
,academy_3_vs_1_with_keeper,42,collect_rollout,4700,0,46,0.038663837243802845,False,False,0.0,0.0,0,0,0,0.0,0.0,0.0,0.0,0.038663837243802845,1,0.038663837243802845
,academy_3_vs_1_with_keeper,42,collect_rollout,4701,0,51,0.047788392286747694,False,False,0.0,0.0,0,0,0,0.0,0.0,0.0,0.0,0.047788392286747694,1,0.047788392286747694
,academy_3_vs_1_with_keeper,42,collect_rollout,4702,0,17,0.0,False,False,0.0,0.0,0,0,0,0.0,0.0,0.0,0.0,0.0,1,0.0
,academy_3_vs_1_with_keeper,42,collect_rollout,4703,0,21,-0.003333333181217313,False,False,0.0,0.0,0,0,0,0.0,0.0,0.0,0.0,-0.003333333181217313,1,-0.003333333181217313
,academy_3_vs_1_with_keeper,42,collect_rollout,4704,0,139,-0.16640922450460494,False,False,0.0,0.0,0,0,0,0.0,0.0,0.0,0.0,-0.16640922450460494,1,-0.16640922450460494
,academy_3_vs_1_with_keeper,42,collect_rollout,4705,0,22,0.0,False,False,0.0,0.0,0,0,0,0.0,0.0,0.0,0.0,0.0,1,0.0
,academy_3_vs_1_with_keeper,42,collect_rollout,4706,0,13,-0.008998296922072768,False,False,0.0,0.0,0,0,0,0.0,0.0,0.0,0.0,-0.008998296922072768,1,-0.008998296922072768
,academy_3_vs_1_with_keeper,42,collect_rollout,4707,0,86,0.002696267969440669,False,False,0.0,0.0,0,0,0,0.0,0.0,0.0,0.0,0.002696267969440669,1,0.002696267969440669
,academy_3_vs_1_with_keeper,42,collect_rollout,4708,0,14,-0.003333333181217313,False,False,0.0,0.0,0,0,0,0.0,0.0,0.0,0.0,-0.003333333181217313,1,-0.003333333181217313
,academy_3_vs_1_with_keeper,42,collect_rollout,4709,0,16,0.0,False,False,0.0,0.0,0,0,0,0.0,0.0,0.0,0.0,0.0,1,0.0
,academy_3_vs_1_with_keeper,42,collect_rollout,4710,0,24,0.0,False,False,0.0,0.0,0,0,0,0.0,0.0,0.0,0.0,0.0,1,0.0
,academy_3_vs_1_with_keeper,42,collect_rollout,4711,0,22,-0.003333333181217313,False,False,0.0,0.0,0,0,0,0.0,0.0,0.0,0.0,-0.003333333181217313,1,-0.003333333181217313
,academy_3_vs_1_with_keeper,42,collect_rollout,4712,0,21,-0.009999999543651938,False,False,0.0,0.0,0,0,0,0.0,0.0,0.0,0.0,-0.009999999543651938,1,-0.009999999543651938
,academy_3_vs_1_with_keeper,42,collect_rollout,4713,0,135,0.14947244312497787,False,False,0.0,0.0,0,0,0,0.0,0.0,0.0,0.0,0.14947244312497787,1,0.14947244312497787
,academy_3_vs_1_with_keeper,42,collect_rollout,4714,0,21,-0.009999999543651938,False,False,0.0,0.0,0,0,0,0.0,0.0,0.0,0.0,-0.009999999543651938,1,-0.009999999543651938
,academy_3_vs_1_with_keeper,42,collect_rollout,4715,0,57,-0.04063414258416742,False,False,0.0,0.0,0,0,0,0.0,0.0,0.0,0.0,-0.04063414258416742,1,-0.04063414258416742
,academy_3_vs_1_with_keeper,42,collect_rollout,4716,0,43,-0.15407503844471648,False,False,0.0,0.0,0,0,0,0.0,0.0,0.0,0.0,-0.15407503844471648,1,-0.15407503844471648
,academy_3_vs_1_with_keeper,42,collect_rollout,4717,0,17,0.0,False,False,0.0,0.0,0,0,0,0.0,0.0,0.0,0.0,0.0,1,0.0
,academy_3_vs_1_with_keeper,42,collect_rollout,4718,0,18,0.0,False,False,0.0,0.0,0,0,0,0.0,0.0,0.0,0.0,0.0,1,0.0
,academy_3_vs_1_with_keeper,42,collect_rollout,4719,0,86,-0.054107452800963074,False,False,0.0,0.0,0,0,0,0.0,0.0,0.0,0.0,-0.054107452800963074,1,-0.054107452800963074
,academy_3_vs_1_with_keeper,42,collect_rollout,4720,0,85,0.07414396887179464,False,False,0.0,0.0,0,0,0,0.0,0.0,0.0,0.0,0.07414396887179464,1,0.07414396887179464
,academy_3_vs_1_with_keeper,42,collect_rollout,4721,0,20,0.0,False,False,0.0,0.0,0,0,0,0.0,0.0,0.0,0.0,0.0,1,0.0
,academy_3_vs_1_with_keeper,42,collect_rollout,4722,0,101,-0.3411186038283631,False,False,0.0,0.0,0,0,0,0.0,0.0,0.0,0.0,-0.3411186038283631,1,-0.3411186038283631
,academy_3_vs_1_with_keeper,42,collect_rollout,4723,0,13,-0.0063180363504216075,False,False,0.0,0.0,0,0,0,0.0,0.0,0.0,0.0,-0.0063180363504216075,1,-0.0063180363504216075
,academy_3_vs_1_with_keeper,42,collect_rollout,4724,0,18,-0.009999999543651938,False,False,0.0,0.0,0,0,0,0.0,0.0,0.0,0.0,-0.009999999543651938,1,-0.009999999543651938
,academy_3_vs_1_with_keeper,42,collect_rollout,4725,0,48,0.04978061676956713,False,False,0.0,0.0,0,0,0,0.0,0.0,0.0,0.0,0.04978061676956713,1,0.04978061676956713
,academy_3_vs_1_with_keeper,42,collect_rollout,4726,0,20,0.0,False,False,0.0,0.0,0,0,0,0.0,0.0,0.0,0.0,0.0,1,0.0
,academy_3_vs_1_with_keeper,42,collect_rollout,4727,0,52,-0.014765133091714233,False,False,0.0,0.0,0,0,0,0.0,0.0,0.0,0.0,-0.014765133091714233,1,-0.014765133091714233
,academy_3_vs_1_with_keeper,42,collect_rollout,4728,0,20,0.0,False,False,0.0,0.0,0,0,0,0.0,0.0,0.0,0.0,0.0,1,0.0
,academy_3_vs_1_with_keeper,42,collect_rollout,4729,0,14,0.0,False,False,0.0,0.0,0,0,0,0.0,0.0,0.0,0.0,0.0,1,0.0
,academy_3_vs_1_with_keeper,42,collect_rollout,4730,0,15,0.0,False,False,0.0,0.0,0,0,0,0.0,0.0,0.0,0.0,0.0,1,0.0
,academy_3_vs_1_with_keeper,42,collect_rollout,4731,0,15,-0.005072131636552513,False,False,0.0,0.0,0,0,0,0.0,0.0,0.0,0.0,-0.005072131636552513,1,-0.005072131636552513
,academy_3_vs_1_with_keeper,42,collect_rollout,4732,0,79,-0.2842836439376697,False,False,0.0,0.0,0,0,0,0.0,0.0,0.0,0.0,-0.2842836439376697,1,-0.2842836439376697
,academy_3_vs_1_with_keeper,42,collect_rollout,4733,0,20,0.0,False,False,0.0,0.0,0,0,0,0.0,0.0,0.0,0.0,0.0,1,0.0
,academy_3_vs_1_with_keeper,42,collect_rollout,4734,0,35,0.1054977965541184,False,False,0.0,0.0,0,0,0,0.0,0.0,0.0,0.0,0.1054977965541184,1,0.1054977965541184
,academy_3_vs_1_with_keeper,42,collect_rollout,4735,0,90,0.03986471604230246,False,False,0.0,0.0,0,0,0,0.0,0.0,0.0,0.0,0.03986471604230246,1,0.03986471604230246
,academy_3_vs_1_with_keeper,42,collect_rollout,4736,0,18,-0.009999999543651938,False,False,0.0,0.0,0,0,0,0.0,0.0,0.0,0.0,-0.009999999543651938,1,-0.009999999543651938
,academy_3_vs_1_with_keeper,42,collect_rollout,4737,0,14,-0.006666666362434626,False,False,0.0,0.0,0,0,0,0.0,0.0,0.0,0.0,-0.006666666362434626,1,-0.006666666362434626
,academy_3_vs_1_with_keeper,42,collect_rollout,4738,0,19,-0.006666666362434626,False,False,0.0,0.0,0,0,0,0.0,0.0,0.0,0.0,-0.006666666362434626,1,-0.006666666362434626
,academy_3_vs_1_with_keeper,42,collect_rollout,4739,0,17,0.0,False,False,0.0,0.0,0,0,0,0.0,0.0,0.0,0.0,0.0,1,0.0
,academy_3_vs_1_with_keeper,42,collect_rollout,4740,0,38,0.04305563494563103,False,False,0.0,0.0,0,0,0,0.0,0.0,0.0,0.0,0.04305563494563103,1,0.04305563494563103
,academy_3_vs_1_with_keeper,42,collect_rollout,4741,0,17,0.0,False,False,0.0,0.0,0,0,0,0.0,0.0,0.0,0.0,0.0,1,0.0
,academy_3_vs_1_with_keeper,42,collect_rollout,4742,0,13,-0.021571489050984383,False,False,0.0,0.0,0,0,0,0.0,0.0,0.0,0.0,-0.021571489050984383,1,-0.021571489050984383
,academy_3_vs_1_with_keeper,42,collect_rollout,4743,0,19,0.0,False,False,0.0,0.0,0,0,0,0.0,0.0,0.0,0.0,0.0,1,0.0
,academy_3_vs_1_with_keeper,42,collect_rollout,4744,0,20,0.0,False,False,0.0,0.0,0,0,0,0.0,0.0,0.0,0.0,0.0,1,0.0
,academy_3_vs_1_with_keeper,42,collect_rollout,4745,0,22,0.0,False,False,0.0,0.0,0,0,0,0.0,0.0,0.0,0.0,0.0,1,0.0
,academy_3_vs_1_with_keeper,42,collect_rollout,4746,0,21,0.0,False,False,0.0,0.0,0,0,0,0.0,0.0,0.0,0.0,0.0,1,0.0
,academy_3_vs_1_with_keeper,42,collect_rollout,4747,0,20,-0.006666666362434626,False,False,0.0,0.0,0,0,0,0.0,0.0,0.0,0.0,-0.006666666362434626,1,-0.006666666362434626
,academy_3_vs_1_with_keeper,42,collect_rollout,4748,0,42,0.046688665985129774,False,False,0.0,0.0,0,0,0,0.0,0.0,0.0,0.0,0.046688665985129774,1,0.046688665985129774
,academy_3_vs_1_with_keeper,42,collect_rollout,4749,0,7,-0.003406710224226117,False,False,0.0,0.0,0,0,0,0.0,0.0,0.0,0.0,-0.003406710224226117,1,-0.003406710224226117
,academy_3_vs_1_with_keeper,42,collect_rollout,4750,0,21,-0.003333333181217313,False,False,0.0,0.0,0,0,0,0.0,0.0,0.0,0.0,-0.003333333181217313,1,-0.003333333181217313
,academy_3_vs_1_with_keeper,42,collect_rollout,4751,0,12,-0.008035735576413572,False,False,0.0,0.0,0,0,0,0.0,0.0,0.0,0.0,-0.008035735576413572,1,-0.008035735576413572
,academy_3_vs_1_with_keeper,42,collect_rollout,4752,0,15,-0.003333333181217313,False,False,0.0,0.0,0,0,0,0.0,0.0,0.0,0.0,-0.003333333181217313,1,-0.003333333181217313
,academy_3_vs_1_with_keeper,42,collect_rollout,4753,0,20,0.0,False,False,0.0,0.0,0,0,0,0.0,0.0,0.0,0.0,0.0,1,0.0
,academy_3_vs_1_with_keeper,42,collect_rollout,4754,0,21,-0.003333333181217313,False,False,0.0,0.0,0,0,0,0.0,0.0,0.0,0.0,-0.003333333181217313,1,-0.003333333181217313
,academy_3_vs_1_with_keeper,42,collect_rollout,4755,0,80,0.011196153878699988,False,False,0.0,0.0,0,0,0,0.0,0.0,0.0,0.0,0.011196153878699988,1,0.011196153878699988
,academy_3_vs_1_with_keeper,42,collect_rollout,4756,0,20,0.0,False,False,0.0,0.0,0,0,0,0.0,0.0,0.0,0.0,0.0,1,0.0
,academy_3_vs_1_with_keeper,42,collect_rollout,4757,0,22,0.0,False,False,0.0,0.0,0,0,0,0.0,0.0,0.0,0.0,0.0,1,0.0
,academy_3_vs_1_with_keeper,42,collect_rollout,4758,0,15,-0.018119604559615254,False,False,0.0,0.0,0,0,0,0.0,0.0,0.0,0.0,-0.018119604559615254,1,-0.018119604559615254
,academy_3_vs_1_with_keeper,42,collect_rollout,4759,0,85,0.013632680726004764,False,False,0.0,0.0,0,0,0,0.0,0.0,0.0,0.0,0.013632680726004764,1,0.013632680726004764
,academy_3_vs_1_with_keeper,42,collect_rollout,4760,0,19,0.0,False,False,0.0,0.0,0,0,0,0.0,0.0,0.0,0.0,0.0,1,0.0
,academy_3_vs_1_with_keeper,42,collect_rollout,4761,0,72,0.03748462162911892,False,False,0.0,0.0,0,0,0,0.0,0.0,0.0,0.0,0.03748462162911892,1,0.03748462162911892
,academy_3_vs_1_with_keeper,42,collect_rollout,4762,0,19,-0.003333333181217313,False,False,0.0,0.0,0,0,0,0.0,0.0,0.0,0.0,-0.003333333181217313,1,-0.003333333181217313
,academy_3_vs_1_with_keeper,42,collect_rollout,4763,0,20,0.0,False,False,0.0,0.0,0,0,0,0.0,0.0,0.0,0.0,0.0,1,0.0
,academy_3_vs_1_with_keeper,42,collect_rollout,4764,0,22,-0.006666666362434626,False,False,0.0,0.0,0,0,0,0.0,0.0,0.0,0.0,-0.006666666362434626,1,-0.006666666362434626
,academy_3_vs_1_with_keeper,42,collect_rollout,4765,0,14,0.0,False,False,0.0,0.0,0,0,0,0.0,0.0,0.0,0.0,0.0,1,0.0
,academy_3_vs_1_with_keeper,42,collect_rollout,4766,0,22,0.0,False,False,0.0,0.0,0,0,0,0.0,0.0,0.0,0.0,0.0,1,0.0
,academy_3_vs_1_with_keeper,42,collect_rollout,4767,0,19,-0.003333333181217313,False,False,0.0,0.0,0,0,0,0.0,0.0,0.0,0.0,-0.003333333181217313,1,-0.003333333181217313
,academy_3_vs_1_with_keeper,42,collect_rollout,4768,0,18,0.0,False,False,0.0,0.0,0,0,0,0.0,0.0,0.0,0.0,0.0,1,0.0
,academy_3_vs_1_with_keeper,42,collect_rollout,4769,0,17,0.0,False,False,0.0,0.0,0,0,0,0.0,0.0,0.0,0.0,0.0,1,0.0
,academy_3_vs_1_with_keeper,42,collect_rollout,4770,0,15,0.0,False,False,0.0,0.0,0,0,0,0.0,0.0,0.0,0.0,0.0,1,0.0
,academy_3_vs_1_with_keeper,42,collect_rollout,4771,0,18,-0.003333333181217313,False,False,0.0,0.0,0,0,0,0.0,0.0,0.0,0.0,-0.003333333181217313,1,-0.003333333181217313
,academy_3_vs_1_with_keeper,42,collect_rollout,4772,0,21,-0.006666666362434626,False,False,0.0,0.0,0,0,0,0.0,0.0,0.0,0.0,-0.006666666362434626,1,-0.006666666362434626
,academy_3_vs_1_with_keeper,42,collect_rollout,4773,0,83,0.06978459545644,False,False,0.0,0.0,0,0,0,0.0,0.0,0.0,0.0,0.06978459545644,1,0.06978459545644
,academy_3_vs_1_with_keeper,42,collect_rollout,4774,0,19,0.0,False,False,0.0,0.0,0,0,0,0.0,0.0,0.0,0.0,0.0,1,0.0
,academy_3_vs_1_with_keeper,42,collect_rollout,4775,0,20,-0.006666666362434626,False,False,0.0,0.0,0,0,0,0.0,0.0,0.0,0.0,-0.006666666362434626,1,-0.006666666362434626
,academy_3_vs_1_with_keeper,42,collect_rollout,4776,0,16,-0.003333333181217313,False,False,0.0,0.0,0,0,0,0.0,0.0,0.0,0.0,-0.003333333181217313,1,-0.003333333181217313
,academy_3_vs_1_with_keeper,42,collect_rollout,4777,0,37,-0.01780002994928509,False,False,0.0,0.0,0,0,0,0.0,0.0,0.0,0.0,-0.01780002994928509,1,-0.01780002994928509
,academy_3_vs_1_with_keeper,42,collect_rollout,4778,0,20,-0.003333333181217313,False,False,0.0,0.0,0,0,0,0.0,0.0,0.0,0.0,-0.003333333181217313,1,-0.003333333181217313
,academy_3_vs_1_with_keeper,42,collect_rollout,4779,0,47,0.04943310911767185,False,False,0.0,0.0,0,0,0,0.0,0.0,0.0,0.0,0.04943310911767185,1,0.04943310911767185
,academy_3_vs_1_with_keeper,42,collect_rollout,4780,0,19,-0.003333333181217313,False,False,0.0,0.0,0,0,0,0.0,0.0,0.0,0.0,-0.003333333181217313,1,-0.003333333181217313
,academy_3_vs_1_with_keeper,42,collect_rollout,4781,0,49,0.05397172016091645,False,False,0.0,0.0,0,0,0,0.0,0.0,0.0,0.0,0.05397172016091645,1,0.05397172016091645
,academy_3_vs_1_with_keeper,42,collect_rollout,4782,0,41,0.03560569629189558,False,False,0.0,0.0,0,0,0,0.0,0.0,0.0,0.0,0.03560569629189558,1,0.03560569629189558
,academy_3_vs_1_with_keeper,42,collect_rollout,4783,0,18,-0.003333333181217313,False,False,0.0,0.0,0,0,0,0.0,0.0,0.0,0.0,-0.003333333181217313,1,-0.003333333181217313
,academy_3_vs_1_with_keeper,42,collect_rollout,4784,0,18,0.0,False,False,0.0,0.0,0,0,0,0.0,0.0,0.0,0.0,0.0,1,0.0
,academy_3_vs_1_with_keeper,42,collect_rollout,4785,0,88,0.027644963411148638,False,False,0.0,0.0,0,0,0,0.0,0.0,0.0,0.0,0.027644963411148638,1,0.027644963411148638
,academy_3_vs_1_with_keeper,42,collect_rollout,4786,0,16,-0.003333333181217313,False,False,0.0,0.0,0,0,0,0.0,0.0,0.0,0.0,-0.003333333181217313,1,-0.003333333181217313
,academy_3_vs_1_with_keeper,42,collect_rollout,4787,0,44,0.020084408577531576,False,False,0.0,0.0,0,0,0,0.0,0.0,0.0,0.0,0.020084408577531576,1,0.020084408577531576
,academy_3_vs_1_with_keeper,42,collect_rollout,4788,0,43,0.03572363592684269,False,False,0.0,0.0,0,0,0,0.0,0.0,0.0,0.0,0.03572363592684269,1,0.03572363592684269
,academy_3_vs_1_with_keeper,42,collect_rollout,4789,0,16,-0.003333333181217313,False,False,0.0,0.0,0,0,0,0.0,0.0,0.0,0.0,-0.003333333181217313,1,-0.003333333181217313
,academy_3_vs_1_with_keeper,42,collect_rollout,4790,0,19,0.0,False,False,0.0,0.0,0,0,0,0.0,0.0,0.0,0.0,0.0,1,0.0
,academy_3_vs_1_with_keeper,42,collect_rollout,4791,0,22,0.0,False,False,0.0,0.0,0,0,0,0.0,0.0,0.0,0.0,0.0,1,0.0
,academy_3_vs_1_with_keeper,42,collect_rollout,4792,0,20,-0.003333333181217313,False,False,0.0,0.0,0,0,0,0.0,0.0,0.0,0.0,-0.003333333181217313,1,-0.003333333181217313
,academy_3_vs_1_with_keeper,42,collect_rollout,4793,0,83,0.040241800248622894,False,False,0.0,0.0,0,0,0,0.0,0.0,0.0,0.0,0.040241800248622894,1,0.040241800248622894
,academy_3_vs_1_with_keeper,42,collect_rollout,4794,0,16,-0.006666666362434626,False,False,0.0,0.0,0,0,0,0.0,0.0,0.0,0.0,-0.006666666362434626,1,-0.006666666362434626
,academy_3_vs_1_with_keeper,42,collect_rollout,4795,0,18,-0.003333333181217313,False,False,0.0,0.0,0,0,0,0.0,0.0,0.0,0.0,-0.003333333181217313,1,-0.003333333181217313
,academy_3_vs_1_with_keeper,42,collect_rollout,4796,0,41,0.10392075839627068,False,False,0.0,0.0,0,0,0,0.0,0.0,0.0,0.0,0.10392075839627068,1,0.10392075839627068
,academy_3_vs_1_with_keeper,42,collect_rollout,4797,0,18,-0.006666666362434626,False,False,0.0,0.0,0,0,0,0.0,0.0,0.0,0.0,-0.006666666362434626,1,-0.006666666362434626
,academy_3_vs_1_with_keeper,42,collect_rollout,4798,0,20,0.0,False,False,0.0,0.0,0,0,0,0.0,0.0,0.0,0.0,0.0,1,0.0
,academy_3_vs_1_with_keeper,42,collect_rollout,4799,0,21,-0.003333333181217313,False,False,0.0,0.0,0,0,0,0.0,0.0,0.0,0.0,-0.003333333181217313,1,-0.003333333181217313
,academy_3_vs_1_with_keeper,42,collect_rollout,4800,0,83,0.08984534605406225,False,False,0.0,0.0,0,0,0,0.0,0.0,0.0,0.0,0.08984534605406225,1,0.08984534605406225
,academy_3_vs_1_with_keeper,42,collect_rollout,4801,0,16,-0.006666666362434626,False,False,0.0,0.0,0,0,0,0.0,0.0,0.0,0.0,-0.006666666362434626,1,-0.006666666362434626
,academy_3_vs_1_with_keeper,42,collect_rollout,4802,0,17,0.0,False,False,0.0,0.0,0,0,0,0.0,0.0,0.0,0.0,0.0,1,0.0
,academy_3_vs_1_with_keeper,42,collect_rollout,4803,0,36,-0.0311629498610273,False,False,0.0,0.0,0,0,0,0.0,0.0,0.0,0.0,-0.0311629498610273,1,-0.0311629498610273
,academy_3_vs_1_with_keeper,42,collect_rollout,4804,0,18,-0.003333333181217313,False,False,0.0,0.0,0,0,0,0.0,0.0,0.0,0.0,-0.003333333181217313,1,-0.003333333181217313
,academy_3_vs_1_with_keeper,42,collect_rollout,4805,0,86,0.26152073981938884,False,False,0.0,0.0,0,0,0,0.0,0.0,0.0,0.0,0.26152073981938884,1,0.26152073981938884
,academy_3_vs_1_with_keeper,42,collect_rollout,4806,0,54,0.03931669343728572,False,False,0.0,0.0,0,0,0,0.0,0.0,0.0,0.0,0.03931669343728572,1,0.03931669343728572
,academy_3_vs_1_with_keeper,42,collect_rollout,4807,0,61,0.02811812108848244,False,False,0.0,0.0,0,0,0,0.0,0.0,0.0,0.0,0.02811812108848244,1,0.02811812108848244
,academy_3_vs_1_with_keeper,42,collect_rollout,4808,0,19,-0.006666666362434626,False,False,0.0,0.0,0,0,0,0.0,0.0,0.0,0.0,-0.006666666362434626,1,-0.006666666362434626
,academy_3_vs_1_with_keeper,42,collect_rollout,4809,0,19,0.0,False,False,0.0,0.0,0,0,0,0.0,0.0,0.0,0.0,0.0,1,0.0
,academy_3_vs_1_with_keeper,42,collect_rollout,4810,0,21,0.0,False,False,0.0,0.0,0,0,0,0.0,0.0,0.0,0.0,0.0,1,0.0
,academy_3_vs_1_with_keeper,42,collect_rollout,4811,0,19,-0.003333333181217313,False,False,0.0,0.0,0,0,0,0.0,0.0,0.0,0.0,-0.003333333181217313,1,-0.003333333181217313
,academy_3_vs_1_with_keeper,42,collect_rollout,4812,0,24,-0.003333333181217313,False,False,0.0,0.0,0,0,0,0.0,0.0,0.0,0.0,-0.003333333181217313,1,-0.003333333181217313
,academy_3_vs_1_with_keeper,42,collect_rollout,4813,0,85,0.06788666115608066,False,False,0.0,0.0,0,0,0,0.0,0.0,0.0,0.0,0.06788666115608066,1,0.06788666115608066
,academy_3_vs_1_with_keeper,42,collect_rollout,4814,0,21,-0.006666666362434626,False,False,0.0,0.0,0,0,0,0.0,0.0,0.0,0.0,-0.006666666362434626,1,-0.006666666362434626
,academy_3_vs_1_with_keeper,42,collect_rollout,4815,0,83,0.08807322385837324,False,False,0.0,0.0,0,0,0,0.0,0.0,0.0,0.0,0.08807322385837324,1,0.08807322385837324
,academy_3_vs_1_with_keeper,42,collect_rollout,4816,0,18,-0.006666666362434626,False,False,0.0,0.0,0,0,0,0.0,0.0,0.0,0.0,-0.006666666362434626,1,-0.006666666362434626
,academy_3_vs_1_with_keeper,42,collect_rollout,4817,0,19,-0.003333333181217313,False,False,0.0,0.0,0,0,0,0.0,0.0,0.0,0.0,-0.003333333181217313,1,-0.003333333181217313
,academy_3_vs_1_with_keeper,42,collect_rollout,4818,0,21,-0.003333333181217313,False,False,0.0,0.0,0,0,0,0.0,0.0,0.0,0.0,-0.003333333181217313,1,-0.003333333181217313
,academy_3_vs_1_with_keeper,42,collect_rollout,4819,0,22,-0.006666666362434626,False,False,0.0,0.0,0,0,0,0.0,0.0,0.0,0.0,-0.006666666362434626,1,-0.006666666362434626
,academy_3_vs_1_with_keeper,42,collect_rollout,4820,0,17,-0.009999999543651938,False,False,0.0,0.0,0,0,0,0.0,0.0,0.0,0.0,-0.009999999543651938,1,-0.009999999543651938
,academy_3_vs_1_with_keeper,42,collect_rollout,4821,0,15,-0.003333333181217313,False,False,0.0,0.0,0,0,0,0.0,0.0,0.0,0.0,-0.003333333181217313,1,-0.003333333181217313
,academy_3_vs_1_with_keeper,42,collect_rollout,4822,0,18,-0.003333333181217313,False,False,0.0,0.0,0,0,0,0.0,0.0,0.0,0.0,-0.003333333181217313,1,-0.003333333181217313
,academy_3_vs_1_with_keeper,42,collect_rollout,4823,0,13,0.0,False,False,0.0,0.0,0,0,0,0.0,0.0,0.0,0.0,0.0,1,0.0
,academy_3_vs_1_with_keeper,42,collect_rollout,4824,0,91,0.08210598409641534,False,False,0.0,0.0,0,0,0,0.0,0.0,0.0,0.0,0.08210598409641534,1,0.08210598409641534
,academy_3_vs_1_with_keeper,42,collect_rollout,4825,0,17,0.0,False,False,0.0,0.0,0,0,0,0.0,0.0,0.0,0.0,0.0,1,0.0
,academy_3_vs_1_with_keeper,42,collect_rollout,4826,0,39,0.02716068853624165,False,False,0.0,0.0,0,0,0,0.0,0.0,0.0,0.0,0.02716068853624165,1,0.02716068853624165
,academy_3_vs_1_with_keeper,42,collect_rollout,4827,0,23,-0.009999999543651938,False,False,0.0,0.0,0,0,0,0.0,0.0,0.0,0.0,-0.009999999543651938,1,-0.009999999543651938
,academy_3_vs_1_with_keeper,42,collect_rollout,4828,0,175,-0.02350050734821707,False,False,0.0,0.0,0,0,0,0.0,0.0,0.0,0.0,-0.02350050734821707,1,-0.02350050734821707
,academy_3_vs_1_with_keeper,42,collect_rollout,4829,0,20,0.0,False,False,0.0,0.0,0,0,0,0.0,0.0,0.0,0.0,0.0,1,0.0
,academy_3_vs_1_with_keeper,42,collect_rollout,4830,0,23,-0.003333333181217313,False,False,0.0,0.0,0,0,0,0.0,0.0,0.0,0.0,-0.003333333181217313,1,-0.003333333181217313
,academy_3_vs_1_with_keeper,42,collect_rollout,4831,0,19,-0.003333333181217313,False,False,0.0,0.0,0,0,0,0.0,0.0,0.0,0.0,-0.003333333181217313,1,-0.003333333181217313
,academy_3_vs_1_with_keeper,42,collect_rollout,4832,0,80,0.05784952352405526,False,False,0.0,0.0,0,0,0,0.0,0.0,0.0,0.0,0.05784952352405526,1,0.05784952352405526
,academy_3_vs_1_with_keeper,42,collect_rollout,4833,0,17,-0.006666666362434626,False,False,0.0,0.0,0,0,0,0.0,0.0,0.0,0.0,-0.006666666362434626,1,-0.006666666362434626
,academy_3_vs_1_with_keeper,42,collect_rollout,4834,0,18,-0.009999999543651938,False,False,0.0,0.0,0,0,0,0.0,0.0,0.0,0.0,-0.009999999543651938,1,-0.009999999543651938
,academy_3_vs_1_with_keeper,42,collect_rollout,4835,0,16,-0.003333333181217313,False,False,0.0,0.0,0,0,0,0.0,0.0,0.0,0.0,-0.003333333181217313,1,-0.003333333181217313
,academy_3_vs_1_with_keeper,42,collect_rollout,4836,0,19,-0.006666666362434626,False,False,0.0,0.0,0,0,0,0.0,0.0,0.0,0.0,-0.006666666362434626,1,-0.006666666362434626
,academy_3_vs_1_with_keeper,42,collect_rollout,4837,0,16,0.0,False,False,0.0,0.0,0,0,0,0.0,0.0,0.0,0.0,0.0,1,0.0
,academy_3_vs_1_with_keeper,42,collect_rollout,4838,0,16,0.0,False,False,0.0,0.0,0,0,0,0.0,0.0,0.0,0.0,0.0,1,0.0
,academy_3_vs_1_with_keeper,42,collect_rollout,4839,0,18,-0.013333332957699895,False,False,0.0,0.0,0,0,0,0.0,0.0,0.0,0.0,-0.013333332957699895,1,-0.013333332957699895
,academy_3_vs_1_with_keeper,42,collect_rollout,4840,0,19,-0.009999999543651938,False,False,0.0,0.0,0,0,0,0.0,0.0,0.0,0.0,-0.009999999543651938,1,-0.009999999543651938
,academy_3_vs_1_with_keeper,42,collect_rollout,4841,0,15,0.0,False,False,0.0,0.0,0,0,0,0.0,0.0,0.0,0.0,0.0,1,0.0
,academy_3_vs_1_with_keeper,42,collect_rollout,4842,0,24,0.0,False,False,0.0,0.0,0,0,0,0.0,0.0,0.0,0.0,0.0,1,0.0
,academy_3_vs_1_with_keeper,42,collect_rollout,4843,0,81,0.008321074961713748,False,False,0.0,0.0,0,0,0,0.0,0.0,0.0,0.0,0.008321074961713748,1,0.008321074961713748
,academy_3_vs_1_with_keeper,42,collect_rollout,4844,0,18,-0.006666666362434626,False,False,0.0,0.0,0,0,0,0.0,0.0,0.0,0.0,-0.006666666362434626,1,-0.006666666362434626
,academy_3_vs_1_with_keeper,42,collect_rollout,4845,0,19,-0.003333333181217313,False,False,0.0,0.0,0,0,0,0.0,0.0,0.0,0.0,-0.003333333181217313,1,-0.003333333181217313
,academy_3_vs_1_with_keeper,42,collect_rollout,4846,0,51,0.04071855710935779,False,False,0.0,0.0,0,0,0,0.0,0.0,0.0,0.0,0.04071855710935779,1,0.04071855710935779
,academy_3_vs_1_with_keeper,42,collect_rollout,4847,0,22,-0.003333333181217313,False,False,0.0,0.0,0,0,0,0.0,0.0,0.0,0.0,-0.003333333181217313,1,-0.003333333181217313
,academy_3_vs_1_with_keeper,42,collect_rollout,4848,0,15,-0.003333333181217313,False,False,0.0,0.0,0,0,0,0.0,0.0,0.0,0.0,-0.003333333181217313,1,-0.003333333181217313
,academy_3_vs_1_with_keeper,42,collect_rollout,4849,0,14,-0.006666666362434626,False,False,0.0,0.0,0,0,0,0.0,0.0,0.0,0.0,-0.006666666362434626,1,-0.006666666362434626
,academy_3_vs_1_with_keeper,42,collect_rollout,4850,0,92,-0.0239773884677561,False,False,0.0,0.0,0,0,0,0.0,0.0,0.0,0.0,-0.0239773884677561,1,-0.0239773884677561
,academy_3_vs_1_with_keeper,42,collect_rollout,4851,0,14,0.0,False,False,0.0,0.0,0,0,0,0.0,0.0,0.0,0.0,0.0,1,0.0
,academy_3_vs_1_with_keeper,42,collect_rollout,4852,0,22,-0.003333333181217313,False,False,0.0,0.0,0,0,0,0.0,0.0,0.0,0.0,-0.003333333181217313,1,-0.003333333181217313
,academy_3_vs_1_with_keeper,42,collect_rollout,4853,0,68,-0.06271740136435255,False,False,0.0,0.0,0,0,0,0.0,0.0,0.0,0.0,-0.06271740136435255,1,-0.06271740136435255
,academy_3_vs_1_with_keeper,42,collect_rollout,4854,0,17,-0.009999999543651938,False,False,0.0,0.0,0,0,0,0.0,0.0,0.0,0.0,-0.009999999543651938,1,-0.009999999543651938
,academy_3_vs_1_with_keeper,42,collect_rollout,4855,0,16,0.0,False,False,0.0,0.0,0,0,0,0.0,0.0,0.0,0.0,0.0,1,0.0
,academy_3_vs_1_with_keeper,42,collect_rollout,4856,0,73,0.02234774932730943,False,False,0.0,0.0,0,0,0,0.0,0.0,0.0,0.0,0.02234774932730943,1,0.02234774932730943
,academy_3_vs_1_with_keeper,42,collect_rollout,4857,0,15,0.0,False,False,0.0,0.0,0,0,0,0.0,0.0,0.0,0.0,0.0,1,0.0
,academy_3_vs_1_with_keeper,42,collect_rollout,4858,0,16,0.0,False,False,0.0,0.0,0,0,0,0.0,0.0,0.0,0.0,0.0,1,0.0
,academy_3_vs_1_with_keeper,42,collect_rollout,4859,0,21,0.0,False,False,0.0,0.0,0,0,0,0.0,0.0,0.0,0.0,0.0,1,0.0
,academy_3_vs_1_with_keeper,42,collect_rollout,4860,0,15,-0.006666666362434626,False,False,0.0,0.0,0,0,0,0.0,0.0,0.0,0.0,-0.006666666362434626,1,-0.006666666362434626
,academy_3_vs_1_with_keeper,42,collect_rollout,4861,0,17,-0.006666666362434626,False,False,0.0,0.0,0,0,0,0.0,0.0,0.0,0.0,-0.006666666362434626,1,-0.006666666362434626
,academy_3_vs_1_with_keeper,42,collect_rollout,4862,0,78,0.00323247181950137,False,False,0.0,0.0,0,0,0,0.0,0.0,0.0,0.0,0.00323247181950137,1,0.00323247181950137
,academy_3_vs_1_with_keeper,42,collect_rollout,4863,0,49,0.060910543135832995,False,False,0.0,0.0,0,0,0,0.0,0.0,0.0,0.0,0.060910543135832995,1,0.060910543135832995
,academy_3_vs_1_with_keeper,42,collect_rollout,4864,0,18,-0.009999999543651938,False,False,0.0,0.0,0,0,0,0.0,0.0,0.0,0.0,-0.009999999543651938,1,-0.009999999543651938
,academy_3_vs_1_with_keeper,42,collect_rollout,4865,0,34,0.040226773628091905,False,False,0.0,0.0,0,0,0,0.0,0.0,0.0,0.0,0.040226773628091905,1,0.040226773628091905
,academy_3_vs_1_with_keeper,42,collect_rollout,4866,0,11,-0.013252948294393718,False,False,0.0,0.0,0,0,0,0.0,0.0,0.0,0.0,-0.013252948294393718,1,-0.013252948294393718
,academy_3_vs_1_with_keeper,42,collect_rollout,4867,0,38,0.0516538314986974,False,False,0.0,0.0,0,0,0,0.0,0.0,0.0,0.0,0.0516538314986974,1,0.0516538314986974
,academy_3_vs_1_with_keeper,42,collect_rollout,4868,0,20,-0.003333333181217313,False,False,0.0,0.0,0,0,0,0.0,0.0,0.0,0.0,-0.003333333181217313,1,-0.003333333181217313
,academy_3_vs_1_with_keeper,42,collect_rollout,4869,0,18,-0.013333332724869251,False,False,0.0,0.0,0,0,0,0.0,0.0,0.0,0.0,-0.013333332724869251,1,-0.013333332724869251
,academy_3_vs_1_with_keeper,42,collect_rollout,4870,0,23,-0.009999999543651938,False,False,0.0,0.0,0,0,0,0.0,0.0,0.0,0.0,-0.009999999543651938,1,-0.009999999543651938
,academy_3_vs_1_with_keeper,42,collect_rollout,4871,0,413,2.1876001495402306,False,False,0.0,0.0,0,0,0,0.0,0.0,0.0,0.0,2.1876001495402306,1,2.1876001495402306
,academy_3_vs_1_with_keeper,42,collect_rollout,4872,0,63,-0.05252684140577912,False,False,0.0,0.0,0,0,0,0.0,0.0,0.0,0.0,-0.05252684140577912,1,-0.05252684140577912
,academy_3_vs_1_with_keeper,42,collect_rollout,4873,0,44,0.04137853276915848,False,False,0.0,0.0,0,0,0,0.0,0.0,0.0,0.0,0.04137853276915848,1,0.04137853276915848
,academy_3_vs_1_with_keeper,42,collect_rollout,4874,0,11,-0.010721169121097773,False,False,0.0,0.0,0,0,0,0.0,0.0,0.0,0.0,-0.010721169121097773,1,-0.010721169121097773
,academy_3_vs_1_with_keeper,42,collect_rollout,4875,0,19,0.0,False,False,0.0,0.0,0,0,0,0.0,0.0,0.0,0.0,0.0,1,0.0
,academy_3_vs_1_with_keeper,42,collect_rollout,4876,0,17,0.0,False,False,0.0,0.0,0,0,0,0.0,0.0,0.0,0.0,0.0,1,0.0
,academy_3_vs_1_with_keeper,42,collect_rollout,4877,0,16,-0.006666666362434626,False,False,0.0,0.0,0,0,0,0.0,0.0,0.0,0.0,-0.006666666362434626,1,-0.006666666362434626
,academy_3_vs_1_with_keeper,42,collect_rollout,4878,0,82,0.0642829139251262,False,False,0.0,0.0,0,0,0,0.0,0.0,0.0,0.0,0.0642829139251262,1,0.0642829139251262
,academy_3_vs_1_with_keeper,42,collect_rollout,4879,0,24,0.0,False,False,0.0,0.0,0,0,0,0.0,0.0,0.0,0.0,0.0,1,0.0
,academy_3_vs_1_with_keeper,42,collect_rollout,4880,0,22,-0.003333333181217313,False,False,0.0,0.0,0,0,0,0.0,0.0,0.0,0.0,-0.003333333181217313,1,-0.003333333181217313
,academy_3_vs_1_with_keeper,42,collect_rollout,4881,0,44,0.052755606127902865,False,False,0.0,0.0,0,0,0,0.0,0.0,0.0,0.0,0.052755606127902865,1,0.052755606127902865
,academy_3_vs_1_with_keeper,42,collect_rollout,4882,0,41,0.035306850681081414,False,False,0.0,0.0,0,0,0,0.0,0.0,0.0,0.0,0.035306850681081414,1,0.035306850681081414
,academy_3_vs_1_with_keeper,42,collect_rollout,4883,0,18,-0.003333333181217313,False,False,0.0,0.0,0,0,0,0.0,0.0,0.0,0.0,-0.003333333181217313,1,-0.003333333181217313
,academy_3_vs_1_with_keeper,42,collect_rollout,4884,0,18,-0.009999999543651938,False,False,0.0,0.0,0,0,0,0.0,0.0,0.0,0.0,-0.009999999543651938,1,-0.009999999543651938
,academy_3_vs_1_with_keeper,42,collect_rollout,4885,0,16,0.0,False,False,0.0,0.0,0,0,0,0.0,0.0,0.0,0.0,0.0,1,0.0
,academy_3_vs_1_with_keeper,42,collect_rollout,4886,0,19,0.0,False,False,0.0,0.0,0,0,0,0.0,0.0,0.0,0.0,0.0,1,0.0
,academy_3_vs_1_with_keeper,42,collect_rollout,4887,0,87,0.03729768830817193,False,False,0.0,0.0,0,0,0,0.0,0.0,0.0,0.0,0.03729768830817193,1,0.03729768830817193
,academy_3_vs_1_with_keeper,42,collect_rollout,4888,0,16,0.0,False,False,0.0,0.0,0,0,0,0.0,0.0,0.0,0.0,0.0,1,0.0
,academy_3_vs_1_with_keeper,42,collect_rollout,4889,0,9,0.010677133337594569,False,False,0.0,0.0,0,0,0,0.0,0.0,0.0,0.0,0.010677133337594569,1,0.010677133337594569
,academy_3_vs_1_with_keeper,42,collect_rollout,4890,0,18,-0.003333333181217313,False,False,0.0,0.0,0,0,0,0.0,0.0,0.0,0.0,-0.003333333181217313,1,-0.003333333181217313
,academy_3_vs_1_with_keeper,42,collect_rollout,4891,0,46,0.04602445289492607,False,False,0.0,0.0,0,0,0,0.0,0.0,0.0,0.0,0.04602445289492607,1,0.04602445289492607
,academy_3_vs_1_with_keeper,42,collect_rollout,4892,0,82,0.026949572406010702,False,False,0.0,0.0,0,0,0,0.0,0.0,0.0,0.0,0.026949572406010702,1,0.026949572406010702
,academy_3_vs_1_with_keeper,42,collect_rollout,4893,0,12,-0.003876767121255398,False,False,0.0,0.0,0,0,0,0.0,0.0,0.0,0.0,-0.003876767121255398,1,-0.003876767121255398
,academy_3_vs_1_with_keeper,42,collect_rollout,4894,0,24,-0.003333333181217313,False,False,0.0,0.0,0,0,0,0.0,0.0,0.0,0.0,-0.003333333181217313,1,-0.003333333181217313
,academy_3_vs_1_with_keeper,42,collect_rollout,4895,0,15,-0.006666666362434626,False,False,0.0,0.0,0,0,0,0.0,0.0,0.0,0.0,-0.006666666362434626,1,-0.006666666362434626
,academy_3_vs_1_with_keeper,42,collect_rollout,4896,0,19,0.0,False,False,0.0,0.0,0,0,0,0.0,0.0,0.0,0.0,0.0,1,0.0
,academy_3_vs_1_with_keeper,42,collect_rollout,4897,0,14,0.0,False,False,0.0,0.0,0,0,0,0.0,0.0,0.0,0.0,0.0,1,0.0
,academy_3_vs_1_with_keeper,42,collect_rollout,4898,0,78,0.013619007891975343,False,False,0.0,0.0,0,0,0,0.0,0.0,0.0,0.0,0.013619007891975343,1,0.013619007891975343
,academy_3_vs_1_with_keeper,42,collect_rollout,4899,0,14,0.0,False,False,0.0,0.0,0,0,0,0.0,0.0,0.0,0.0,0.0,1,0.0
,academy_3_vs_1_with_keeper,42,collect_rollout,4900,0,16,0.0,False,False,0.0,0.0,0,0,0,0.0,0.0,0.0,0.0,0.0,1,0.0
,academy_3_vs_1_with_keeper,42,collect_rollout,4901,0,20,0.0,False,False,0.0,0.0,0,0,0,0.0,0.0,0.0,0.0,0.0,1,0.0
,academy_3_vs_1_with_keeper,42,collect_rollout,4902,0,9,0.008634658297523856,False,False,0.0,0.0,0,0,0,0.0,0.0,0.0,0.0,0.008634658297523856,1,0.008634658297523856
,academy_3_vs_1_with_keeper,42,collect_rollout,4903,0,18,-0.003333333181217313,False,False,0.0,0.0,0,0,0,0.0,0.0,0.0,0.0,-0.003333333181217313,1,-0.003333333181217313
,academy_3_vs_1_with_keeper,42,collect_rollout,4904,0,17,0.0,False,False,0.0,0.0,0,0,0,0.0,0.0,0.0,0.0,0.0,1,0.0
,academy_3_vs_1_with_keeper,42,collect_rollout,4905,0,75,0.28539890839601867,False,False,0.0,0.0,0,0,0,0.0,0.0,0.0,0.0,0.28539890839601867,1,0.28539890839601867
,academy_3_vs_1_with_keeper,42,collect_rollout,4906,0,20,-0.006666666362434626,False,False,0.0,0.0,0,0,0,0.0,0.0,0.0,0.0,-0.006666666362434626,1,-0.006666666362434626
,academy_3_vs_1_with_keeper,42,collect_rollout,4907,0,51,-0.027718170662410557,False,False,0.0,0.0,0,0,0,0.0,0.0,0.0,0.0,-0.027718170662410557,1,-0.027718170662410557
,academy_3_vs_1_with_keeper,42,collect_rollout,4908,0,17,-0.003333333181217313,False,False,0.0,0.0,0,0,0,0.0,0.0,0.0,0.0,-0.003333333181217313,1,-0.003333333181217313
,academy_3_vs_1_with_keeper,42,collect_rollout,4909,0,21,0.0,False,False,0.0,0.0,0,0,0,0.0,0.0,0.0,0.0,0.0,1,0.0
,academy_3_vs_1_with_keeper,42,collect_rollout,4910,0,16,-0.003333333181217313,False,False,0.0,0.0,0,0,0,0.0,0.0,0.0,0.0,-0.003333333181217313,1,-0.003333333181217313
,academy_3_vs_1_with_keeper,42,collect_rollout,4911,0,18,0.0,False,False,0.0,0.0,0,0,0,0.0,0.0,0.0,0.0,0.0,1,0.0
,academy_3_vs_1_with_keeper,42,collect_rollout,4912,0,94,-0.05718331132084131,False,False,0.0,0.0,0,0,0,0.0,0.0,0.0,0.0,-0.05718331132084131,1,-0.05718331132084131
,academy_3_vs_1_with_keeper,42,collect_rollout,4913,0,12,-0.014864202705211937,False,False,0.0,0.0,0,0,0,0.0,0.0,0.0,0.0,-0.014864202705211937,1,-0.014864202705211937
,academy_3_vs_1_with_keeper,42,collect_rollout,4914,0,22,0.0,False,False,0.0,0.0,0,0,0,0.0,0.0,0.0,0.0,0.0,1,0.0
,academy_3_vs_1_with_keeper,42,collect_rollout,4915,0,14,0.0,False,False,0.0,0.0,0,0,0,0.0,0.0,0.0,0.0,0.0,1,0.0
,academy_3_vs_1_with_keeper,42,collect_rollout,4916,0,32,0.03462724038399756,False,False,0.0,0.0,0,0,0,0.0,0.0,0.0,0.0,0.03462724038399756,1,0.03462724038399756
