commit,scenario,seed,collector,episode_index,global_step,episode_length,episode_reward,terminal,truncated,terminal_raw_reward,terminal_shared_reward,score_left,score_right,event_code,terminal_checkpoint_reward,terminal_distance_to_goal,min_step_reward,max_step_reward,sum_step_rewards,reward_count,reward_sum_validation
,academy_3_vs_1_with_keeper,123,collect_rollout,0,0,17,-0.05333333113230765,False,False,0.0,0.0,0,0,0,0.0,0.0,0.0,0.0,-0.05333333113230765,1,-0.05333333113230765
,academy_3_vs_1_with_keeper,123,collect_rollout,1,0,30,0.1711836219765246,False,False,0.0,0.0,0,0,0,0.0,0.0,0.0,0.0,0.1711836219765246,1,0.1711836219765246
,academy_3_vs_1_with_keeper,123,collect_rollout,2,0,34,-0.05046644753019791,False,False,0.0,0.0,0,0,0,0.0,0.0,0.0,0.0,-0.05046644753019791,1,-0.05046644753019791
,academy_3_vs_1_with_keeper,123,collect_rollout,3,0,22,-0.05666666408069432,False,False,0.0,0.0,0,0,0,0.0,0.0,0.0,0.0,-0.05666666408069432,1,-0.05666666408069432
,academy_3_vs_1_with_keeper,123,collect_rollout,4,0,18,-0.05666666431352496,False,False,0.0,0.0,0,0,0,0.0,0.0,0.0,0.0,-0.05666666431352496,1,-0.05666666431352496
,academy_3_vs_1_with_keeper,123,collect_rollout,5,0,19,-0.03666666499339044,False,False,0.0,0.0,0,0,0,0.0,0.0,0.0,0.0,-0.03666666499339044,1,-0.03666666499339044
,academy_3_vs_1_with_keeper,123,collect_rollout,6,0,19,-0.06333333090879023,False,False,0.0,0.0,0,0,0,0.0,0.0,0.0,0.0,-0.06333333090879023,1,-0.06333333090879023
,academy_3_vs_1_with_keeper,123,collect_rollout,7,0,19,-0.06999999727122486,False,False,0.0,0.0,0,0,0,0.0,0.0,0.0,0.0,-0.06999999727122486,1,-0.06999999727122486
,academy_3_vs_1_with_keeper,123,collect_rollout,8,0,19,-0.026666665449738503,False,False,0.0,0.0,0,0,0,0.0,0.0,0.0,0.0,-0.026666665449738503,1,-0.026666665449738503
,academy_3_vs_1_with_keeper,123,collect_rollout,9,0,21,-0.039999998174607754,False,False,0.0,0.0,0,0,0,0.0,0.0,0.0,0.0,-0.039999998174607754,1,-0.039999998174607754
,academy_3_vs_1_with_keeper,123,collect_rollout,10,0,16,-0.029999998630955815,False,False,0.0,0.0,0,0,0,0.0,0.0,0.0,0.0,-0.029999998630955815,1,-0.029999998630955815
,academy_3_vs_1_with_keeper,123,collect_rollout,11,0,18,-0.04333333158865571,False,False,0.0,0.0,0,0,0,0.0,0.0,0.0,0.0,-0.04333333158865571,1,-0.04333333158865571
,academy_3_vs_1_with_keeper,123,collect_rollout,12,0,16,-0.029999998630955815,False,False,0.0,0.0,0,0,0,0.0,0.0,0.0,0.0,-0.029999998630955815,1,-0.029999998630955815
,academy_3_vs_1_with_keeper,123,collect_rollout,13,0,17,-0.07333333068527281,False,False,0.0,0.0,0,0,0,0.0,0.0,0.0,0.0,-0.07333333068527281,1,-0.07333333068527281
,academy_3_vs_1_with_keeper,123,collect_rollout,14,0,19,-0.029999998630955815,False,False,0.0,0.0,0,0,0,0.0,0.0,0.0,0.0,-0.029999998630955815,1,-0.029999998630955815
,academy_3_vs_1_with_keeper,123,collect_rollout,15,0,22,-0.04333333135582507,False,False,0.0,0.0,0,0,0,0.0,0.0,0.0,0.0,-0.04333333135582507,1,-0.04333333135582507
,academy_3_vs_1_with_keeper,123,collect_rollout,16,0,94,-0.3166666538454592,False,False,0.0,0.0,0,0,0,0.0,0.0,0.0,0.0,-0.3166666538454592,1,-0.3166666538454592
,academy_3_vs_1_with_keeper,123,collect_rollout,17,0,16,-0.039999998174607754,False,False,0.0,0.0,0,0,0,0.0,0.0,0.0,0.0,-0.039999998174607754,1,-0.039999998174607754
,academy_3_vs_1_with_keeper,123,collect_rollout,18,0,19,-0.05333333113230765,False,False,0.0,0.0,0,0,0,0.0,0.0,0.0,0.0,-0.05333333113230765,1,-0.05333333113230765
,academy_3_vs_1_with_keeper,123,collect_rollout,19,0,33,-0.10654692188836634,False,False,0.0,0.0,0,0,0,0.0,0.0,0.0,0.0,-0.10654692188836634,1,-0.10654692188836634
,academy_3_vs_1_with_keeper,123,collect_rollout,20,0,20,-0.029999998630955815,False,False,0.0,0.0,0,0,0,0.0,0.0,0.0,0.0,-0.029999998630955815,1,-0.029999998630955815
,academy_3_vs_1_with_keeper,123,collect_rollout,21,0,57,-0.209999994141981,False,False,0.0,0.0,0,0,0,0.0,0.0,0.0,0.0,-0.209999994141981,1,-0.209999994141981
,academy_3_vs_1_with_keeper,123,collect_rollout,22,0,19,-0.04666666453704238,False,False,0.0,0.0,0,0,0,0.0,0.0,0.0,0.0,-0.04666666453704238,1,-0.04666666453704238
,academy_3_vs_1_with_keeper,123,collect_rollout,23,0,20,-0.056666664546355605,False,False,0.0,0.0,0,0,0,0.0,0.0,0.0,0.0,-0.056666664546355605,1,-0.056666664546355605
,academy_3_vs_1_with_keeper,123,collect_rollout,24,0,49,-0.15333332982845604,False,False,0.0,0.0,0,0,0,0.0,0.0,0.0,0.0,-0.15333332982845604,1,-0.15333332982845604
,academy_3_vs_1_with_keeper,123,collect_rollout,25,0,8,-0.020482517778873444,False,False,0.0,0.0,0,0,0,0.0,0.0,0.0,0.0,-0.020482517778873444,1,-0.020482517778873444
,academy_3_vs_1_with_keeper,123,collect_rollout,26,0,17,-0.04333333135582507,False,False,0.0,0.0,0,0,0,0.0,0.0,0.0,0.0,-0.04333333135582507,1,-0.04333333135582507
,academy_3_vs_1_with_keeper,123,collect_rollout,27,0,15,-0.026666665449738503,False,False,0.0,0.0,0,0,0,0.0,0.0,0.0,0.0,-0.026666665449738503,1,-0.026666665449738503
,academy_3_vs_1_with_keeper,123,collect_rollout,28,0,95,-0.27564583683852106,False,False,0.0,0.0,0,0,0,0.0,0.0,0.0,0.0,-0.27564583683852106,1,-0.27564583683852106
,academy_3_vs_1_with_keeper,123,collect_rollout,29,0,14,-0.06086924101691693,False,False,0.0,0.0,0,0,0,0.0,0.0,0.0,0.0,-0.06086924101691693,1,-0.06086924101691693
,academy_3_vs_1_with_keeper,123,collect_rollout,30,0,16,-0.05666666431352496,False,False,0.0,0.0,0,0,0,0.0,0.0,0.0,0.0,-0.05666666431352496,1,-0.05666666431352496
,academy_3_vs_1_with_keeper,123,collect_rollout,31,0,16,-0.029999998630955815,False,False,0.0,0.0,0,0,0,0.0,0.0,0.0,0.0,-0.029999998630955815,1,-0.029999998630955815
,academy_3_vs_1_with_keeper,123,collect_rollout,32,0,24,-0.029999998630955815,False,False,0.0,0.0,0,0,0,0.0,0.0,0.0,0.0,-0.029999998630955815,1,-0.029999998630955815
,academy_3_vs_1_with_keeper,123,collect_rollout,33,0,68,-0.3415466563310474,False,False,0.0,0.0,0,0,0,0.0,0.0,0.0,0.0,-0.3415466563310474,1,-0.3415466563310474
,academy_3_vs_1_with_keeper,123,collect_rollout,34,0,16,-0.04333333135582507,False,False,0.0,0.0,0,0,0,0.0,0.0,0.0,0.0,-0.04333333135582507,1,-0.04333333135582507
,academy_3_vs_1_with_keeper,123,collect_rollout,35,0,18,-0.059999997494742274,False,False,0.0,0.0,0,0,0,0.0,0.0,0.0,0.0,-0.059999997494742274,1,-0.059999997494742274
,academy_3_vs_1_with_keeper,123,collect_rollout,36,0,39,-0.029360596323385835,False,False,0.0,0.0,0,0,0,0.0,0.0,0.0,0.0,-0.029360596323385835,1,-0.029360596323385835
,academy_3_vs_1_with_keeper,123,collect_rollout,37,0,30,-0.08271582191810012,False,False,0.0,0.0,0,0,0,0.0,0.0,0.0,0.0,-0.08271582191810012,1,-0.08271582191810012
,academy_3_vs_1_with_keeper,123,collect_rollout,38,0,15,-0.04333333158865571,False,False,0.0,0.0,0,0,0,0.0,0.0,0.0,0.0,-0.04333333158865571,1,-0.04333333158865571
,academy_3_vs_1_with_keeper,123,collect_rollout,39,0,18,-0.03333333181217313,False,False,0.0,0.0,0,0,0,0.0,0.0,0.0,0.0,-0.03333333181217313,1,-0.03333333181217313
,academy_3_vs_1_with_keeper,123,collect_rollout,40,0,18,-0.026666665449738503,False,False,0.0,0.0,0,0,0,0.0,0.0,0.0,0.0,-0.026666665449738503,1,-0.026666665449738503
,academy_3_vs_1_with_keeper,123,collect_rollout,41,0,17,-0.02333333226852119,False,False,0.0,0.0,0,0,0,0.0,0.0,0.0,0.0,-0.02333333226852119,1,-0.02333333226852119
,academy_3_vs_1_with_keeper,123,collect_rollout,42,0,16,-0.039999998174607754,False,False,0.0,0.0,0,0,0,0.0,0.0,0.0,0.0,-0.039999998174607754,1,-0.039999998174607754
,academy_3_vs_1_with_keeper,123,collect_rollout,43,0,16,-0.04333333135582507,False,False,0.0,0.0,0,0,0,0.0,0.0,0.0,0.0,-0.04333333135582507,1,-0.04333333135582507
,academy_3_vs_1_with_keeper,123,collect_rollout,44,0,20,-0.05666666431352496,False,False,0.0,0.0,0,0,0,0.0,0.0,0.0,0.0,-0.05666666431352496,1,-0.05666666431352496
,academy_3_vs_1_with_keeper,123,collect_rollout,45,0,8,-0.022284096688963473,False,False,0.0,0.0,0,0,0,0.0,0.0,0.0,0.0,-0.022284096688963473,1,-0.022284096688963473
,academy_3_vs_1_with_keeper,123,collect_rollout,46,0,33,-0.11666666180826724,False,False,0.0,0.0,0,0,0,0.0,0.0,0.0,0.0,-0.11666666180826724,1,-0.11666666180826724
,academy_3_vs_1_with_keeper,123,collect_rollout,47,0,19,-0.039999998174607754,False,False,0.0,0.0,0,0,0,0.0,0.0,0.0,0.0,-0.039999998174607754,1,-0.039999998174607754
,academy_3_vs_1_with_keeper,123,collect_rollout,48,0,61,-0.16666665999218822,False,False,0.0,0.0,0,0,0,0.0,0.0,0.0,0.0,-0.16666665999218822,1,-0.16666665999218822
,academy_3_vs_1_with_keeper,123,collect_rollout,49,0,22,-0.05999999726191163,False,False,0.0,0.0,0,0,0,0.0,0.0,0.0,0.0,-0.05999999726191163,1,-0.05999999726191163
,academy_3_vs_1_with_keeper,123,collect_rollout,50,0,34,-0.024669167876709253,False,False,0.0,0.0,0,0,0,0.0,0.0,0.0,0.0,-0.024669167876709253,1,-0.024669167876709253
,academy_3_vs_1_with_keeper,123,collect_rollout,51,0,8,-0.11325010587461293,False,False,0.0,0.0,0,0,0,0.0,0.0,0.0,0.0,-0.11325010587461293,1,-0.11325010587461293
,academy_3_vs_1_with_keeper,123,collect_rollout,52,0,35,-0.2028352328343317,False,False,0.0,0.0,0,0,0,0.0,0.0,0.0,0.0,-0.2028352328343317,1,-0.2028352328343317
,academy_3_vs_1_with_keeper,123,collect_rollout,53,0,17,-0.026666665449738503,False,False,0.0,0.0,0,0,0,0.0,0.0,0.0,0.0,-0.026666665449738503,1,-0.026666665449738503
,academy_3_vs_1_with_keeper,123,collect_rollout,54,0,19,-0.04333333135582507,False,False,0.0,0.0,0,0,0,0.0,0.0,0.0,0.0,-0.04333333135582507,1,-0.04333333135582507
,academy_3_vs_1_with_keeper,123,collect_rollout,55,0,18,-0.059999997494742274,False,False,0.0,0.0,0,0,0,0.0,0.0,0.0,0.0,-0.059999997494742274,1,-0.059999997494742274
,academy_3_vs_1_with_keeper,123,collect_rollout,56,0,35,1.965642703231424,False,False,0.0,0.0,0,0,0,0.0,0.0,0.0,0.0,1.965642703231424,1,1.965642703231424
,academy_3_vs_1_with_keeper,123,collect_rollout,57,0,18,-0.029999998630955815,False,False,0.0,0.0,0,0,0,0.0,0.0,0.0,0.0,-0.029999998630955815,1,-0.029999998630955815
,academy_3_vs_1_with_keeper,123,collect_rollout,58,0,18,-0.03666666499339044,False,False,0.0,0.0,0,0,0,0.0,0.0,0.0,0.0,-0.03666666499339044,1,-0.03666666499339044
,academy_3_vs_1_with_keeper,123,collect_rollout,59,0,22,-0.02333333226852119,False,False,0.0,0.0,0,0,0,0.0,0.0,0.0,0.0,-0.02333333226852119,1,-0.02333333226852119
,academy_3_vs_1_with_keeper,123,collect_rollout,60,0,35,-0.042961568098689895,False,False,0.0,0.0,0,0,0,0.0,0.0,0.0,0.0,-0.042961568098689895,1,-0.042961568098689895
,academy_3_vs_1_with_keeper,123,collect_rollout,61,0,18,-0.03666666499339044,False,False,0.0,0.0,0,0,0,0.0,0.0,0.0,0.0,-0.03666666499339044,1,-0.03666666499339044
,academy_3_vs_1_with_keeper,123,collect_rollout,62,0,15,-0.019999999087303877,False,False,0.0,0.0,0,0,0,0.0,0.0,0.0,0.0,-0.019999999087303877,1,-0.019999999087303877
,academy_3_vs_1_with_keeper,123,collect_rollout,63,0,21,-0.04666666453704238,False,False,0.0,0.0,0,0,0,0.0,0.0,0.0,0.0,-0.04666666453704238,1,-0.04666666453704238
,academy_3_vs_1_with_keeper,123,collect_rollout,64,0,18,-0.04666666453704238,False,False,0.0,0.0,0,0,0,0.0,0.0,0.0,0.0,-0.04666666453704238,1,-0.04666666453704238
,academy_3_vs_1_with_keeper,123,collect_rollout,65,0,16,-0.03333333181217313,False,False,0.0,0.0,0,0,0,0.0,0.0,0.0,0.0,-0.03333333181217313,1,-0.03333333181217313
,academy_3_vs_1_with_keeper,123,collect_rollout,66,0,17,-0.0399999984074384,False,False,0.0,0.0,0,0,0,0.0,0.0,0.0,0.0,-0.0399999984074384,1,-0.0399999984074384
,academy_3_vs_1_with_keeper,123,collect_rollout,67,0,18,-0.05999999726191163,False,False,0.0,0.0,0,0,0,0.0,0.0,0.0,0.0,-0.05999999726191163,1,-0.05999999726191163
,academy_3_vs_1_with_keeper,123,collect_rollout,68,0,18,-0.039999998174607754,False,False,0.0,0.0,0,0,0,0.0,0.0,0.0,0.0,-0.039999998174607754,1,-0.039999998174607754
,academy_3_vs_1_with_keeper,123,collect_rollout,69,0,16,-0.04666666453704238,False,False,0.0,0.0,0,0,0,0.0,0.0,0.0,0.0,-0.04666666453704238,1,-0.04666666453704238
,academy_3_vs_1_with_keeper,123,collect_rollout,70,0,22,2.017885858309455,False,False,0.0,0.0,0,0,0,0.0,0.0,0.0,0.0,2.017885858309455,1,2.017885858309455
,academy_3_vs_1_with_keeper,123,collect_rollout,71,0,40,-0.09774939180351794,False,False,0.0,0.0,0,0,0,0.0,0.0,0.0,0.0,-0.09774939180351794,1,-0.09774939180351794
,academy_3_vs_1_with_keeper,123,collect_rollout,72,0,17,-0.036666665226221085,False,False,0.0,0.0,0,0,0,0.0,0.0,0.0,0.0,-0.036666665226221085,1,-0.036666665226221085
,academy_3_vs_1_with_keeper,123,collect_rollout,73,0,17,-0.03333333181217313,False,False,0.0,0.0,0,0,0,0.0,0.0,0.0,0.0,-0.03333333181217313,1,-0.03333333181217313
,academy_3_vs_1_with_keeper,123,collect_rollout,74,0,42,-0.03147912761778571,False,False,0.0,0.0,0,0,0,0.0,0.0,0.0,0.0,-0.03147912761778571,1,-0.03147912761778571
,academy_3_vs_1_with_keeper,123,collect_rollout,75,0,19,-0.06666666362434626,False,False,0.0,0.0,0,0,0,0.0,0.0,0.0,0.0,-0.06666666362434626,1,-0.06666666362434626
,academy_3_vs_1_with_keeper,123,collect_rollout,76,0,18,-0.04666666453704238,False,False,0.0,0.0,0,0,0,0.0,0.0,0.0,0.0,-0.04666666453704238,1,-0.04666666453704238
,academy_3_vs_1_with_keeper,123,collect_rollout,77,0,19,-0.04999999771825969,False,False,0.0,0.0,0,0,0,0.0,0.0,0.0,0.0,-0.04999999771825969,1,-0.04999999771825969
,academy_3_vs_1_with_keeper,123,collect_rollout,78,0,26,0.0649990122183226,False,False,0.0,0.0,0,0,0,0.0,0.0,0.0,0.0,0.0649990122183226,1,0.0649990122183226
,academy_3_vs_1_with_keeper,123,collect_rollout,79,0,62,-0.21333333058282733,False,False,0.0,0.0,0,0,0,0.0,0.0,0.0,0.0,-0.21333333058282733,1,-0.21333333058282733
,academy_3_vs_1_with_keeper,123,collect_rollout,80,0,13,-0.02999999886378646,False,False,0.0,0.0,0,0,0,0.0,0.0,0.0,0.0,-0.02999999886378646,1,-0.02999999886378646
,academy_3_vs_1_with_keeper,123,collect_rollout,81,0,17,-0.04045072081498802,False,False,0.0,0.0,0,0,0,0.0,0.0,0.0,0.0,-0.04045072081498802,1,-0.04045072081498802
,academy_3_vs_1_with_keeper,123,collect_rollout,82,0,5,-0.009040816221386194,False,False,0.0,0.0,0,0,0,0.0,0.0,0.0,0.0,-0.009040816221386194,1,-0.009040816221386194
,academy_3_vs_1_with_keeper,123,collect_rollout,83,0,24,-0.04666666476987302,False,False,0.0,0.0,0,0,0,0.0,0.0,0.0,0.0,-0.04666666476987302,1,-0.04666666476987302
,academy_3_vs_1_with_keeper,123,collect_rollout,84,0,17,-0.05333333113230765,False,False,0.0,0.0,0,0,0,0.0,0.0,0.0,0.0,-0.05333333113230765,1,-0.05333333113230765
,academy_3_vs_1_with_keeper,123,collect_rollout,85,0,19,-0.03666666499339044,False,False,0.0,0.0,0,0,0,0.0,0.0,0.0,0.0,-0.03666666499339044,1,-0.03666666499339044
,academy_3_vs_1_with_keeper,123,collect_rollout,86,0,19,-0.059999997494742274,False,False,0.0,0.0,0,0,0,0.0,0.0,0.0,0.0,-0.059999997494742274,1,-0.059999997494742274
,academy_3_vs_1_with_keeper,123,collect_rollout,87,0,19,-0.04666666453704238,False,False,0.0,0.0,0,0,0,0.0,0.0,0.0,0.0,-0.04666666453704238,1,-0.04666666453704238
,academy_3_vs_1_with_keeper,123,collect_rollout,88,0,45,-0.06146418683056254,False,False,0.0,0.0,0,0,0,0.0,0.0,0.0,0.0,-0.06146418683056254,1,-0.06146418683056254
,academy_3_vs_1_with_keeper,123,collect_rollout,89,0,18,-0.016666665906086564,False,False,0.0,0.0,0,0,0,0.0,0.0,0.0,0.0,-0.016666665906086564,1,-0.016666665906086564
,academy_3_vs_1_with_keeper,123,collect_rollout,90,0,24,-0.06333333044312894,False,False,0.0,0.0,0,0,0,0.0,0.0,0.0,0.0,-0.06333333044312894,1,-0.06333333044312894
,academy_3_vs_1_with_keeper,123,collect_rollout,91,0,17,-0.03333333181217313,False,False,0.0,0.0,0,0,0,0.0,0.0,0.0,0.0,-0.03333333181217313,1,-0.03333333181217313
,academy_3_vs_1_with_keeper,123,collect_rollout,92,0,15,-0.14608615636825562,False,False,0.0,0.0,0,0,0,0.0,0.0,0.0,0.0,-0.14608615636825562,1,-0.14608615636825562
,academy_3_vs_1_with_keeper,123,collect_rollout,93,0,21,-0.03333333181217313,False,False,0.0,0.0,0,0,0,0.0,0.0,0.0,0.0,-0.03333333181217313,1,-0.03333333181217313
,academy_3_vs_1_with_keeper,123,collect_rollout,94,0,97,-0.2619238530751318,False,False,0.0,0.0,0,0,0,0.0,0.0,0.0,0.0,-0.2619238530751318,1,-0.2619238530751318
,academy_3_vs_1_with_keeper,123,collect_rollout,95,0,11,-0.12827855651266873,False,False,0.0,0.0,0,0,0,0.0,0.0,0.0,0.0,-0.12827855651266873,1,-0.12827855651266873
,academy_3_vs_1_with_keeper,123,collect_rollout,96,0,17,-0.02333333226852119,False,False,0.0,0.0,0,0,0,0.0,0.0,0.0,0.0,-0.02333333226852119,1,-0.02333333226852119
,academy_3_vs_1_with_keeper,123,collect_rollout,97,0,18,-0.05666666408069432,False,False,0.0,0.0,0,0,0,0.0,0.0,0.0,0.0,-0.05666666408069432,1,-0.05666666408069432
,academy_3_vs_1_with_keeper,123,collect_rollout,98,0,84,-0.27665570823592134,False,False,0.0,0.0,0,0,0,0.0,0.0,0.0,0.0,-0.27665570823592134,1,-0.27665570823592134
,academy_3_vs_1_with_keeper,123,collect_rollout,99,0,19,-0.039999998174607754,False,False,0.0,0.0,0,0,0,0.0,0.0,0.0,0.0,-0.039999998174607754,1,-0.039999998174607754
,academy_3_vs_1_with_keeper,123,collect_rollout,100,0,17,-0.026666665449738503,False,False,0.0,0.0,0,0,0,0.0,0.0,0.0,0.0,-0.026666665449738503,1,-0.026666665449738503
,academy_3_vs_1_with_keeper,123,collect_rollout,101,0,34,-0.12857372825965285,False,False,0.0,0.0,0,0,0,0.0,0.0,0.0,0.0,-0.12857372825965285,1,-0.12857372825965285
,academy_3_vs_1_with_keeper,123,collect_rollout,102,0,93,-0.2098637411108939,False,False,0.0,0.0,0,0,0,0.0,0.0,0.0,0.0,-0.2098637411108939,1,-0.2098637411108939
,academy_3_vs_1_with_keeper,123,collect_rollout,103,0,18,-0.026666665449738503,False,False,0.0,0.0,0,0,0,0.0,0.0,0.0,0.0,-0.026666665449738503,1,-0.026666665449738503
,academy_3_vs_1_with_keeper,123,collect_rollout,104,0,21,-0.029999998630955815,False,False,0.0,0.0,0,0,0,0.0,0.0,0.0,0.0,-0.029999998630955815,1,-0.029999998630955815
,academy_3_vs_1_with_keeper,123,collect_rollout,105,0,16,-0.029999998630955815,False,False,0.0,0.0,0,0,0,0.0,0.0,0.0,0.0,-0.029999998630955815,1,-0.029999998630955815
,academy_3_vs_1_with_keeper,123,collect_rollout,106,0,21,-0.06333333067595959,False,False,0.0,0.0,0,0,0,0.0,0.0,0.0,0.0,-0.06333333067595959,1,-0.06333333067595959
,academy_3_vs_1_with_keeper,123,collect_rollout,107,0,11,-0.13288934482261539,False,False,0.0,0.0,0,0,0,0.0,0.0,0.0,0.0,-0.13288934482261539,1,-0.13288934482261539
,academy_3_vs_1_with_keeper,123,collect_rollout,108,0,32,-0.13333333050832152,False,False,0.0,0.0,0,0,0,0.0,0.0,0.0,0.0,-0.13333333050832152,1,-0.13333333050832152
,academy_3_vs_1_with_keeper,123,collect_rollout,109,0,39,-0.1318505541421473,False,False,0.0,0.0,0,0,0,0.0,0.0,0.0,0.0,-0.1318505541421473,1,-0.1318505541421473
,academy_3_vs_1_with_keeper,123,collect_rollout,110,0,16,-0.03666666499339044,False,False,0.0,0.0,0,0,0,0.0,0.0,0.0,0.0,-0.03666666499339044,1,-0.03666666499339044
,academy_3_vs_1_with_keeper,123,collect_rollout,111,0,781,-1.7924899383215234,False,False,0.0,0.0,0,0,0,0.0,0.0,0.0,0.0,-1.7924899383215234,1,-1.7924899383215234
,academy_3_vs_1_with_keeper,123,collect_rollout,112,0,37,-0.1299999945331365,False,False,0.0,0.0,0,0,0,0.0,0.0,0.0,0.0,-0.1299999945331365,1,-0.1299999945331365
,academy_3_vs_1_with_keeper,123,collect_rollout,113,0,19,-0.026666665449738503,False,False,0.0,0.0,0,0,0,0.0,0.0,0.0,0.0,-0.026666665449738503,1,-0.026666665449738503
,academy_3_vs_1_with_keeper,123,collect_rollout,114,0,50,-0.1433333302848041,False,False,0.0,0.0,0,0,0,0.0,0.0,0.0,0.0,-0.1433333302848041,1,-0.1433333302848041
,academy_3_vs_1_with_keeper,123,collect_rollout,115,0,19,-0.053333330899477005,False,False,0.0,0.0,0,0,0,0.0,0.0,0.0,0.0,-0.053333330899477005,1,-0.053333330899477005
,academy_3_vs_1_with_keeper,123,collect_rollout,116,0,18,-0.029999998630955815,False,False,0.0,0.0,0,0,0,0.0,0.0,0.0,0.0,-0.029999998630955815,1,-0.029999998630955815
,academy_3_vs_1_with_keeper,123,collect_rollout,117,0,35,0.04243637318722904,False,False,0.0,0.0,0,0,0,0.0,0.0,0.0,0.0,0.04243637318722904,1,0.04243637318722904
,academy_3_vs_1_with_keeper,123,collect_rollout,118,0,21,-0.05666666431352496,False,False,0.0,0.0,0,0,0,0.0,0.0,0.0,0.0,-0.05666666431352496,1,-0.05666666431352496
,academy_3_vs_1_with_keeper,123,collect_rollout,119,0,19,-0.029999998630955815,False,False,0.0,0.0,0,0,0,0.0,0.0,0.0,0.0,-0.029999998630955815,1,-0.029999998630955815
,academy_3_vs_1_with_keeper,123,collect_rollout,120,0,17,-0.03666666499339044,False,False,0.0,0.0,0,0,0,0.0,0.0,0.0,0.0,-0.03666666499339044,1,-0.03666666499339044
,academy_3_vs_1_with_keeper,123,collect_rollout,121,0,15,-0.026666665449738503,False,False,0.0,0.0,0,0,0,0.0,0.0,0.0,0.0,-0.026666665449738503,1,-0.026666665449738503
,academy_3_vs_1_with_keeper,123,collect_rollout,122,0,53,-0.13333332748152316,False,False,0.0,0.0,0,0,0,0.0,0.0,0.0,0.0,-0.13333332748152316,1,-0.13333332748152316
,academy_3_vs_1_with_keeper,123,collect_rollout,123,0,19,-0.04666666453704238,False,False,0.0,0.0,0,0,0,0.0,0.0,0.0,0.0,-0.04666666453704238,1,-0.04666666453704238
,academy_3_vs_1_with_keeper,123,collect_rollout,124,0,19,-0.039999998174607754,False,False,0.0,0.0,0,0,0,0.0,0.0,0.0,0.0,-0.039999998174607754,1,-0.039999998174607754
,academy_3_vs_1_with_keeper,123,collect_rollout,125,0,14,-0.04666666476987302,False,False,0.0,0.0,0,0,0,0.0,0.0,0.0,0.0,-0.04666666476987302,1,-0.04666666476987302
,academy_3_vs_1_with_keeper,123,collect_rollout,126,0,16,-0.0399999984074384,False,False,0.0,0.0,0,0,0,0.0,0.0,0.0,0.0,-0.0399999984074384,1,-0.0399999984074384
,academy_3_vs_1_with_keeper,123,collect_rollout,127,0,21,-0.02999999886378646,False,False,0.0,0.0,0,0,0,0.0,0.0,0.0,0.0,-0.02999999886378646,1,-0.02999999886378646
,academy_3_vs_1_with_keeper,123,collect_rollout,128,0,21,-0.029999998630955815,False,False,0.0,0.0,0,0,0,0.0,0.0,0.0,0.0,-0.029999998630955815,1,-0.029999998630955815
,academy_3_vs_1_with_keeper,123,collect_rollout,129,0,79,-0.32762147416360676,False,False,0.0,0.0,0,0,0,0.0,0.0,0.0,0.0,-0.32762147416360676,1,-0.32762147416360676
,academy_3_vs_1_with_keeper,123,collect_rollout,130,0,16,-0.036666665226221085,False,False,0.0,0.0,0,0,0,0.0,0.0,0.0,0.0,-0.036666665226221085,1,-0.036666665226221085
,academy_3_vs_1_with_keeper,123,collect_rollout,131,0,16,-0.039999998174607754,False,False,0.0,0.0,0,0,0,0.0,0.0,0.0,0.0,-0.039999998174607754,1,-0.039999998174607754
,academy_3_vs_1_with_keeper,123,collect_rollout,132,0,33,-0.11333333142101765,False,False,0.0,0.0,0,0,0,0.0,0.0,0.0,0.0,-0.11333333142101765,1,-0.11333333142101765
,academy_3_vs_1_with_keeper,123,collect_rollout,133,0,51,0.0007517318008467555,False,False,0.0,0.0,0,0,0,0.0,0.0,0.0,0.0,0.0007517318008467555,1,0.0007517318008467555
,academy_3_vs_1_with_keeper,123,collect_rollout,134,0,20,-0.04333333135582507,False,False,0.0,0.0,0,0,0,0.0,0.0,0.0,0.0,-0.04333333135582507,1,-0.04333333135582507
,academy_3_vs_1_with_keeper,123,collect_rollout,135,0,51,-0.13440042338334024,False,False,0.0,0.0,0,0,0,0.0,0.0,0.0,0.0,-0.13440042338334024,1,-0.13440042338334024
,academy_3_vs_1_with_keeper,123,collect_rollout,136,0,20,-0.04666666453704238,False,False,0.0,0.0,0,0,0,0.0,0.0,0.0,0.0,-0.04666666453704238,1,-0.04666666453704238
,academy_3_vs_1_with_keeper,123,collect_rollout,137,0,35,-0.11333332839421928,False,False,0.0,0.0,0,0,0,0.0,0.0,0.0,0.0,-0.11333332839421928,1,-0.11333332839421928
,academy_3_vs_1_with_keeper,123,collect_rollout,138,0,23,-0.026666665449738503,False,False,0.0,0.0,0,0,0,0.0,0.0,0.0,0.0,-0.026666665449738503,1,-0.026666665449738503
,academy_3_vs_1_with_keeper,123,collect_rollout,139,0,16,-0.04666666453704238,False,False,0.0,0.0,0,0,0,0.0,0.0,0.0,0.0,-0.04666666453704238,1,-0.04666666453704238
,academy_3_vs_1_with_keeper,123,collect_rollout,140,0,17,-0.03666666499339044,False,False,0.0,0.0,0,0,0,0.0,0.0,0.0,0.0,-0.03666666499339044,1,-0.03666666499339044
,academy_3_vs_1_with_keeper,123,collect_rollout,141,0,45,-0.12048618061817251,False,False,0.0,0.0,0,0,0,0.0,0.0,0.0,0.0,-0.12048618061817251,1,-0.12048618061817251
,academy_3_vs_1_with_keeper,123,collect_rollout,142,0,15,-0.026666665449738503,False,False,0.0,0.0,0,0,0,0.0,0.0,0.0,0.0,-0.026666665449738503,1,-0.026666665449738503
,academy_3_vs_1_with_keeper,123,collect_rollout,143,0,17,-0.04333333135582507,False,False,0.0,0.0,0,0,0,0.0,0.0,0.0,0.0,-0.04333333135582507,1,-0.04333333135582507
,academy_3_vs_1_with_keeper,123,collect_rollout,144,0,23,-0.04666666453704238,False,False,0.0,0.0,0,0,0,0.0,0.0,0.0,0.0,-0.04666666453704238,1,-0.04666666453704238
,academy_3_vs_1_with_keeper,123,collect_rollout,145,0,12,-0.13664801884442568,False,False,0.0,0.0,0,0,0,0.0,0.0,0.0,0.0,-0.13664801884442568,1,-0.13664801884442568
,academy_3_vs_1_with_keeper,123,collect_rollout,146,0,14,-0.029999998630955815,False,False,0.0,0.0,0,0,0,0.0,0.0,0.0,0.0,-0.029999998630955815,1,-0.029999998630955815
,academy_3_vs_1_with_keeper,123,collect_rollout,147,0,19,-0.03333333204500377,False,False,0.0,0.0,0,0,0,0.0,0.0,0.0,0.0,-0.03333333204500377,1,-0.03333333204500377
,academy_3_vs_1_with_keeper,123,collect_rollout,148,0,14,-0.03333333181217313,False,False,0.0,0.0,0,0,0,0.0,0.0,0.0,0.0,-0.03333333181217313,1,-0.03333333181217313
,academy_3_vs_1_with_keeper,123,collect_rollout,149,0,37,-0.11220916372258216,False,False,0.0,0.0,0,0,0,0.0,0.0,0.0,0.0,-0.11220916372258216,1,-0.11220916372258216
,academy_3_vs_1_with_keeper,123,collect_rollout,150,0,20,-0.04333333158865571,False,False,0.0,0.0,0,0,0,0.0,0.0,0.0,0.0,-0.04333333158865571,1,-0.04333333158865571
,academy_3_vs_1_with_keeper,123,collect_rollout,151,0,102,-0.31588279199786484,False,False,0.0,0.0,0,0,0,0.0,0.0,0.0,0.0,-0.31588279199786484,1,-0.31588279199786484
,academy_3_vs_1_with_keeper,123,collect_rollout,152,0,18,-0.02333333226852119,False,False,0.0,0.0,0,0,0,0.0,0.0,0.0,0.0,-0.02333333226852119,1,-0.02333333226852119
,academy_3_vs_1_with_keeper,123,collect_rollout,153,0,32,-0.050604594813194126,False,False,0.0,0.0,0,0,0,0.0,0.0,0.0,0.0,-0.050604594813194126,1,-0.050604594813194126
,academy_3_vs_1_with_keeper,123,collect_rollout,154,0,19,-0.053333330899477005,False,False,0.0,0.0,0,0,0,0.0,0.0,0.0,0.0,-0.053333330899477005,1,-0.053333330899477005
,academy_3_vs_1_with_keeper,123,collect_rollout,155,0,32,-0.032538592371565755,False,False,0.0,0.0,0,0,0,0.0,0.0,0.0,0.0,-0.032538592371565755,1,-0.032538592371565755
,academy_3_vs_1_with_keeper,123,collect_rollout,156,0,23,-0.029999998630955815,False,False,0.0,0.0,0,0,0,0.0,0.0,0.0,0.0,-0.029999998630955815,1,-0.029999998630955815
,academy_3_vs_1_with_keeper,123,collect_rollout,157,0,20,-0.0399999984074384,False,False,0.0,0.0,0,0,0,0.0,0.0,0.0,0.0,-0.0399999984074384,1,-0.0399999984074384
,academy_3_vs_1_with_keeper,123,collect_rollout,158,0,20,-0.04333333135582507,False,False,0.0,0.0,0,0,0,0.0,0.0,0.0,0.0,-0.04333333135582507,1,-0.04333333135582507
,academy_3_vs_1_with_keeper,123,collect_rollout,159,0,32,-0.10333332885056734,False,False,0.0,0.0,0,0,0,0.0,0.0,0.0,0.0,-0.10333332885056734,1,-0.10333332885056734
,academy_3_vs_1_with_keeper,123,collect_rollout,160,0,21,-0.039999998174607754,False,False,0.0,0.0,0,0,0,0.0,0.0,0.0,0.0,-0.039999998174607754,1,-0.039999998174607754
,academy_3_vs_1_with_keeper,123,collect_rollout,161,0,14,-0.016666665906086564,False,False,0.0,0.0,0,0,0,0.0,0.0,0.0,0.0,-0.016666665906086564,1,-0.016666665906086564
,academy_3_vs_1_with_keeper,123,collect_rollout,162,0,22,-0.03666666499339044,False,False,0.0,0.0,0,0,0,0.0,0.0,0.0,0.0,-0.03666666499339044,1,-0.03666666499339044
,academy_3_vs_1_with_keeper,123,collect_rollout,163,0,19,-0.03333333181217313,False,False,0.0,0.0,0,0,0,0.0,0.0,0.0,0.0,-0.03333333181217313,1,-0.03333333181217313
,academy_3_vs_1_with_keeper,123,collect_rollout,164,0,36,0.02340301766525954,False,False,0.0,0.0,0,0,0,0.0,0.0,0.0,0.0,0.02340301766525954,1,0.02340301766525954
,academy_3_vs_1_with_keeper,123,collect_rollout,165,0,17,-0.039999998174607754,False,False,0.0,0.0,0,0,0,0.0,0.0,0.0,0.0,-0.039999998174607754,1,-0.039999998174607754
,academy_3_vs_1_with_keeper,123,collect_rollout,166,0,13,-0.11780697316862643,False,False,0.0,0.0,0,0,0,0.0,0.0,0.0,0.0,-0.11780697316862643,1,-0.11780697316862643
,academy_3_vs_1_with_keeper,123,collect_rollout,167,0,17,-0.059999997494742274,False,False,0.0,0.0,0,0,0,0.0,0.0,0.0,0.0,-0.059999997494742274,1,-0.059999997494742274
,academy_3_vs_1_with_keeper,123,collect_rollout,168,0,15,-0.03333333181217313,False,False,0.0,0.0,0,0,0,0.0,0.0,0.0,0.0,-0.03333333181217313,1,-0.03333333181217313
,academy_3_vs_1_with_keeper,123,collect_rollout,169,0,14,-0.019999999087303877,False,False,0.0,0.0,0,0,0,0.0,0.0,0.0,0.0,-0.019999999087303877,1,-0.019999999087303877
,academy_3_vs_1_with_keeper,123,collect_rollout,170,0,31,-0.08211603900417686,False,False,0.0,0.0,0,0,0,0.0,0.0,0.0,0.0,-0.08211603900417686,1,-0.08211603900417686
,academy_3_vs_1_with_keeper,123,collect_rollout,171,0,19,-0.03666666499339044,False,False,0.0,0.0,0,0,0,0.0,0.0,0.0,0.0,-0.03666666499339044,1,-0.03666666499339044
,academy_3_vs_1_with_keeper,123,collect_rollout,172,0,19,-0.04333333135582507,False,False,0.0,0.0,0,0,0,0.0,0.0,0.0,0.0,-0.04333333135582507,1,-0.04333333135582507
,academy_3_vs_1_with_keeper,123,collect_rollout,173,0,16,-0.026666665449738503,False,False,0.0,0.0,0,0,0,0.0,0.0,0.0,0.0,-0.026666665449738503,1,-0.026666665449738503
,academy_3_vs_1_with_keeper,123,collect_rollout,174,0,15,-0.029999998630955815,False,False,0.0,0.0,0,0,0,0.0,0.0,0.0,0.0,-0.029999998630955815,1,-0.029999998630955815
,academy_3_vs_1_with_keeper,123,collect_rollout,175,0,17,-0.029999998630955815,False,False,0.0,0.0,0,0,0,0.0,0.0,0.0,0.0,-0.029999998630955815,1,-0.029999998630955815
,academy_3_vs_1_with_keeper,123,collect_rollout,176,0,36,-0.05559441126206366,False,False,0.0,0.0,0,0,0,0.0,0.0,0.0,0.0,-0.05559441126206366,1,-0.05559441126206366
,academy_3_vs_1_with_keeper,123,collect_rollout,177,0,20,-0.03666666499339044,False,False,0.0,0.0,0,0,0,0.0,0.0,0.0,0.0,-0.03666666499339044,1,-0.03666666499339044
,academy_3_vs_1_with_keeper,123,collect_rollout,178,0,23,-0.029999998630955815,False,False,0.0,0.0,0,0,0,0.0,0.0,0.0,0.0,-0.029999998630955815,1,-0.029999998630955815
,academy_3_vs_1_with_keeper,123,collect_rollout,179,0,18,-0.029999998630955815,False,False,0.0,0.0,0,0,0,0.0,0.0,0.0,0.0,-0.029999998630955815,1,-0.029999998630955815
,academy_3_vs_1_with_keeper,123,collect_rollout,180,0,18,-0.05666666408069432,False,False,0.0,0.0,0,0,0,0.0,0.0,0.0,0.0,-0.05666666408069432,1,-0.05666666408069432
,academy_3_vs_1_with_keeper,123,collect_rollout,181,0,100,0.022552406240720302,False,False,0.0,0.0,0,0,0,0.0,0.0,0.0,0.0,0.022552406240720302,1,0.022552406240720302
,academy_3_vs_1_with_keeper,123,collect_rollout,182,0,19,-0.016666665906086564,False,False,0.0,0.0,0,0,0,0.0,0.0,0.0,0.0,-0.016666665906086564,1,-0.016666665906086564
,academy_3_vs_1_with_keeper,123,collect_rollout,183,0,18,-0.019999999087303877,False,False,0.0,0.0,0,0,0,0.0,0.0,0.0,0.0,-0.019999999087303877,1,-0.019999999087303877
,academy_3_vs_1_with_keeper,123,collect_rollout,184,0,50,-0.10268593253567815,False,False,0.0,0.0,0,0,0,0.0,0.0,0.0,0.0,-0.10268593253567815,1,-0.10268593253567815
,academy_3_vs_1_with_keeper,123,collect_rollout,185,0,17,-0.03666666499339044,False,False,0.0,0.0,0,0,0,0.0,0.0,0.0,0.0,-0.03666666499339044,1,-0.03666666499339044
,academy_3_vs_1_with_keeper,123,collect_rollout,186,0,71,-0.18901832502160687,False,False,0.0,0.0,0,0,0,0.0,0.0,0.0,0.0,-0.18901832502160687,1,-0.18901832502160687
,academy_3_vs_1_with_keeper,123,collect_rollout,187,0,19,-0.04666666453704238,False,False,0.0,0.0,0,0,0,0.0,0.0,0.0,0.0,-0.04666666453704238,1,-0.04666666453704238
,academy_3_vs_1_with_keeper,123,collect_rollout,188,0,16,-0.03666666499339044,False,False,0.0,0.0,0,0,0,0.0,0.0,0.0,0.0,-0.03666666499339044,1,-0.03666666499339044
,academy_3_vs_1_with_keeper,123,collect_rollout,189,0,20,-0.02333333226852119,False,False,0.0,0.0,0,0,0,0.0,0.0,0.0,0.0,-0.02333333226852119,1,-0.02333333226852119
,academy_3_vs_1_with_keeper,123,collect_rollout,190,0,19,-0.02333333226852119,False,False,0.0,0.0,0,0,0,0.0,0.0,0.0,0.0,-0.02333333226852119,1,-0.02333333226852119
,academy_3_vs_1_with_keeper,123,collect_rollout,191,0,17,-0.036666665226221085,False,False,0.0,0.0,0,0,0,0.0,0.0,0.0,0.0,-0.036666665226221085,1,-0.036666665226221085
,academy_3_vs_1_with_keeper,123,collect_rollout,192,0,20,-0.016666665906086564,False,False,0.0,0.0,0,0,0,0.0,0.0,0.0,0.0,-0.016666665906086564,1,-0.016666665906086564
,academy_3_vs_1_with_keeper,123,collect_rollout,193,0,16,-0.03333333181217313,False,False,0.0,0.0,0,0,0,0.0,0.0,0.0,0.0,-0.03333333181217313,1,-0.03333333181217313
,academy_3_vs_1_with_keeper,123,collect_rollout,194,0,17,-0.026666665449738503,False,False,0.0,0.0,0,0,0,0.0,0.0,0.0,0.0,-0.026666665449738503,1,-0.026666665449738503
,academy_3_vs_1_with_keeper,123,collect_rollout,195,0,18,-0.039999998174607754,False,False,0.0,0.0,0,0,0,0.0,0.0,0.0,0.0,-0.039999998174607754,1,-0.039999998174607754
,academy_3_vs_1_with_keeper,123,collect_rollout,196,0,19,-0.02333333226852119,False,False,0.0,0.0,0,0,0,0.0,0.0,0.0,0.0,-0.02333333226852119,1,-0.02333333226852119
,academy_3_vs_1_with_keeper,123,collect_rollout,197,0,18,-0.019999999087303877,False,False,0.0,0.0,0,0,0,0.0,0.0,0.0,0.0,-0.019999999087303877,1,-0.019999999087303877
,academy_3_vs_1_with_keeper,123,collect_rollout,198,0,23,-0.03333333181217313,False,False,0.0,0.0,0,0,0,0.0,0.0,0.0,0.0,-0.03333333181217313,1,-0.03333333181217313
,academy_3_vs_1_with_keeper,123,collect_rollout,199,0,20,-0.03333333181217313,False,False,0.0,0.0,0,0,0,0.0,0.0,0.0,0.0,-0.03333333181217313,1,-0.03333333181217313
,academy_3_vs_1_with_keeper,123,collect_rollout,200,0,38,-0.09837199898902327,False,False,0.0,0.0,0,0,0,0.0,0.0,0.0,0.0,-0.09837199898902327,1,-0.09837199898902327
,academy_3_vs_1_with_keeper,123,collect_rollout,201,0,17,-0.029999998630955815,False,False,0.0,0.0,0,0,0,0.0,0.0,0.0,0.0,-0.029999998630955815,1,-0.029999998630955815
,academy_3_vs_1_with_keeper,123,collect_rollout,202,0,15,-0.019999999087303877,False,False,0.0,0.0,0,0,0,0.0,0.0,0.0,0.0,-0.019999999087303877,1,-0.019999999087303877
,academy_3_vs_1_with_keeper,123,collect_rollout,203,0,10,-0.21606294193770736,False,False,0.0,0.0,0,0,0,0.0,0.0,0.0,0.0,-0.21606294193770736,1,-0.21606294193770736
,academy_3_vs_1_with_keeper,123,collect_rollout,204,0,18,-0.016666665906086564,False,False,0.0,0.0,0,0,0,0.0,0.0,0.0,0.0,-0.016666665906086564,1,-0.016666665906086564
,academy_3_vs_1_with_keeper,123,collect_rollout,205,0,50,-0.13999999687075615,False,False,0.0,0.0,0,0,0,0.0,0.0,0.0,0.0,-0.13999999687075615,1,-0.13999999687075615
,academy_3_vs_1_with_keeper,123,collect_rollout,206,0,53,-0.10816270974464715,False,False,0.0,0.0,0,0,0,0.0,0.0,0.0,0.0,-0.10816270974464715,1,-0.10816270974464715
,academy_3_vs_1_with_keeper,123,collect_rollout,207,0,15,-0.026666665449738503,False,False,0.0,0.0,0,0,0,0.0,0.0,0.0,0.0,-0.026666665449738503,1,-0.026666665449738503
,academy_3_vs_1_with_keeper,123,collect_rollout,208,0,19,-0.029999998630955815,False,False,0.0,0.0,0,0,0,0.0,0.0,0.0,0.0,-0.029999998630955815,1,-0.029999998630955815
,academy_3_vs_1_with_keeper,123,collect_rollout,209,0,20,-0.019999999087303877,False,False,0.0,0.0,0,0,0,0.0,0.0,0.0,0.0,-0.019999999087303877,1,-0.019999999087303877
,academy_3_vs_1_with_keeper,123,collect_rollout,210,0,18,-0.019999999087303877,False,False,0.0,0.0,0,0,0,0.0,0.0,0.0,0.0,-0.019999999087303877,1,-0.019999999087303877
,academy_3_vs_1_with_keeper,123,collect_rollout,211,0,21,-0.03666666499339044,False,False,0.0,0.0,0,0,0,0.0,0.0,0.0,0.0,-0.03666666499339044,1,-0.03666666499339044
,academy_3_vs_1_with_keeper,123,collect_rollout,212,0,19,-0.016666665906086564,False,False,0.0,0.0,0,0,0,0.0,0.0,0.0,0.0,-0.016666665906086564,1,-0.016666665906086564
,academy_3_vs_1_with_keeper,123,collect_rollout,213,0,19,-0.019999999087303877,False,False,0.0,0.0,0,0,0,0.0,0.0,0.0,0.0,-0.019999999087303877,1,-0.019999999087303877
,academy_3_vs_1_with_keeper,123,collect_rollout,214,0,23,-0.016666665906086564,False,False,0.0,0.0,0,0,0,0.0,0.0,0.0,0.0,-0.016666665906086564,1,-0.016666665906086564
,academy_3_vs_1_with_keeper,123,collect_rollout,215,0,19,-0.009999999543651938,False,False,0.0,0.0,0,0,0,0.0,0.0,0.0,0.0,-0.009999999543651938,1,-0.009999999543651938
,academy_3_vs_1_with_keeper,123,collect_rollout,216,0,18,-0.019999999087303877,False,False,0.0,0.0,0,0,0,0.0,0.0,0.0,0.0,-0.019999999087303877,1,-0.019999999087303877
,academy_3_vs_1_with_keeper,123,collect_rollout,217,0,40,-0.08861633762717247,False,False,0.0,0.0,0,0,0,0.0,0.0,0.0,0.0,-0.08861633762717247,1,-0.08861633762717247
,academy_3_vs_1_with_keeper,123,collect_rollout,218,0,18,-0.016666665906086564,False,False,0.0,0.0,0,0,0,0.0,0.0,0.0,0.0,-0.016666665906086564,1,-0.016666665906086564
,academy_3_vs_1_with_keeper,123,collect_rollout,219,0,19,-0.026666665449738503,False,False,0.0,0.0,0,0,0,0.0,0.0,0.0,0.0,-0.026666665449738503,1,-0.026666665449738503
,academy_3_vs_1_with_keeper,123,collect_rollout,220,0,19,-0.026666665449738503,False,False,0.0,0.0,0,0,0,0.0,0.0,0.0,0.0,-0.026666665449738503,1,-0.026666665449738503
,academy_3_vs_1_with_keeper,123,collect_rollout,221,0,21,-0.03333333181217313,False,False,0.0,0.0,0,0,0,0.0,0.0,0.0,0.0,-0.03333333181217313,1,-0.03333333181217313
,academy_3_vs_1_with_keeper,123,collect_rollout,222,0,21,-0.03333333181217313,False,False,0.0,0.0,0,0,0,0.0,0.0,0.0,0.0,-0.03333333181217313,1,-0.03333333181217313
,academy_3_vs_1_with_keeper,123,collect_rollout,223,0,19,-0.026666665449738503,False,False,0.0,0.0,0,0,0,0.0,0.0,0.0,0.0,-0.026666665449738503,1,-0.026666665449738503
,academy_3_vs_1_with_keeper,123,collect_rollout,224,0,19,-0.026666665449738503,False,False,0.0,0.0,0,0,0,0.0,0.0,0.0,0.0,-0.026666665449738503,1,-0.026666665449738503
,academy_3_vs_1_with_keeper,123,collect_rollout,225,0,18,-0.019999999087303877,False,False,0.0,0.0,0,0,0,0.0,0.0,0.0,0.0,-0.019999999087303877,1,-0.019999999087303877
,academy_3_vs_1_with_keeper,123,collect_rollout,226,0,14,-0.013333332724869251,False,False,0.0,0.0,0,0,0,0.0,0.0,0.0,0.0,-0.013333332724869251,1,-0.013333332724869251
,academy_3_vs_1_with_keeper,123,collect_rollout,227,0,17,-0.013333332724869251,False,False,0.0,0.0,0,0,0,0.0,0.0,0.0,0.0,-0.013333332724869251,1,-0.013333332724869251
,academy_3_vs_1_with_keeper,123,collect_rollout,228,0,19,-0.02333333226852119,False,False,0.0,0.0,0,0,0,0.0,0.0,0.0,0.0,-0.02333333226852119,1,-0.02333333226852119
,academy_3_vs_1_with_keeper,123,collect_rollout,229,0,15,-0.006666666362434626,False,False,0.0,0.0,0,0,0,0.0,0.0,0.0,0.0,-0.006666666362434626,1,-0.006666666362434626
,academy_3_vs_1_with_keeper,123,collect_rollout,230,0,51,-0.06666666688397527,False,False,0.0,0.0,0,0,0,0.0,0.0,0.0,0.0,-0.06666666688397527,1,-0.06666666688397527
,academy_3_vs_1_with_keeper,123,collect_rollout,231,0,7,-0.09976434753298236,False,False,0.0,0.0,0,0,0,0.0,0.0,0.0,0.0,-0.09976434753298236,1,-0.09976434753298236
,academy_3_vs_1_with_keeper,123,collect_rollout,232,0,47,-0.01656850869767368,False,False,0.0,0.0,0,0,0,0.0,0.0,0.0,0.0,-0.01656850869767368,1,-0.01656850869767368
,academy_3_vs_1_with_keeper,123,collect_rollout,233,0,19,-0.019999999087303877,False,False,0.0,0.0,0,0,0,0.0,0.0,0.0,0.0,-0.019999999087303877,1,-0.019999999087303877
,academy_3_vs_1_with_keeper,123,collect_rollout,234,0,16,-0.016666665906086564,False,False,0.0,0.0,0,0,0,0.0,0.0,0.0,0.0,-0.016666665906086564,1,-0.016666665906086564
,academy_3_vs_1_with_keeper,123,collect_rollout,235,0,14,-0.006666666362434626,False,False,0.0,0.0,0,0,0,0.0,0.0,0.0,0.0,-0.006666666362434626,1,-0.006666666362434626
,academy_3_vs_1_with_keeper,123,collect_rollout,236,0,34,-0.08666666620410979,False,False,0.0,0.0,0,0,0,0.0,0.0,0.0,0.0,-0.08666666620410979,1,-0.08666666620410979
,academy_3_vs_1_with_keeper,123,collect_rollout,237,0,25,1.9886457691900432,False,False,0.0,0.0,0,0,0,0.0,0.0,0.0,0.0,1.9886457691900432,1,1.9886457691900432
,academy_3_vs_1_with_keeper,123,collect_rollout,238,0,36,-0.044755749171599746,False,False,0.0,0.0,0,0,0,0.0,0.0,0.0,0.0,-0.044755749171599746,1,-0.044755749171599746
,academy_3_vs_1_with_keeper,123,collect_rollout,239,0,18,-0.14779124432243407,False,False,0.0,0.0,0,0,0,0.0,0.0,0.0,0.0,-0.14779124432243407,1,-0.14779124432243407
,academy_3_vs_1_with_keeper,123,collect_rollout,240,0,16,-0.016666665906086564,False,False,0.0,0.0,0,0,0,0.0,0.0,0.0,0.0,-0.016666665906086564,1,-0.016666665906086564
,academy_3_vs_1_with_keeper,123,collect_rollout,241,0,17,-0.009999999543651938,False,False,0.0,0.0,0,0,0,0.0,0.0,0.0,0.0,-0.009999999543651938,1,-0.009999999543651938
,academy_3_vs_1_with_keeper,123,collect_rollout,242,0,17,-0.016666665906086564,False,False,0.0,0.0,0,0,0,0.0,0.0,0.0,0.0,-0.016666665906086564,1,-0.016666665906086564
,academy_3_vs_1_with_keeper,123,collect_rollout,243,0,19,-0.03333333181217313,False,False,0.0,0.0,0,0,0,0.0,0.0,0.0,0.0,-0.03333333181217313,1,-0.03333333181217313
,academy_3_vs_1_with_keeper,123,collect_rollout,244,0,33,-0.019763613199756946,False,False,0.0,0.0,0,0,0,0.0,0.0,0.0,0.0,-0.019763613199756946,1,-0.019763613199756946
,academy_3_vs_1_with_keeper,123,collect_rollout,245,0,15,-0.026666665449738503,False,False,0.0,0.0,0,0,0,0.0,0.0,0.0,0.0,-0.026666665449738503,1,-0.026666665449738503
,academy_3_vs_1_with_keeper,123,collect_rollout,246,0,17,-0.009999999543651938,False,False,0.0,0.0,0,0,0,0.0,0.0,0.0,0.0,-0.009999999543651938,1,-0.009999999543651938
,academy_3_vs_1_with_keeper,123,collect_rollout,247,0,17,-0.003333333181217313,False,False,0.0,0.0,0,0,0,0.0,0.0,0.0,0.0,-0.003333333181217313,1,-0.003333333181217313
,academy_3_vs_1_with_keeper,123,collect_rollout,248,0,18,-0.03333333181217313,False,False,0.0,0.0,0,0,0,0.0,0.0,0.0,0.0,-0.03333333181217313,1,-0.03333333181217313
,academy_3_vs_1_with_keeper,123,collect_rollout,249,0,16,-0.16067777667194605,False,False,0.0,0.0,0,0,0,0.0,0.0,0.0,0.0,-0.16067777667194605,1,-0.16067777667194605
,academy_3_vs_1_with_keeper,123,collect_rollout,250,0,21,-0.013333332724869251,False,False,0.0,0.0,0,0,0,0.0,0.0,0.0,0.0,-0.013333332724869251,1,-0.013333332724869251
,academy_3_vs_1_with_keeper,123,collect_rollout,251,0,18,-0.02333333226852119,False,False,0.0,0.0,0,0,0,0.0,0.0,0.0,0.0,-0.02333333226852119,1,-0.02333333226852119
,academy_3_vs_1_with_keeper,123,collect_rollout,252,0,6,0.0031975473975762725,False,False,0.0,0.0,0,0,0,0.0,0.0,0.0,0.0,0.0031975473975762725,1,0.0031975473975762725
,academy_3_vs_1_with_keeper,123,collect_rollout,253,0,16,-0.013333332724869251,False,False,0.0,0.0,0,0,0,0.0,0.0,0.0,0.0,-0.013333332724869251,1,-0.013333332724869251
,academy_3_vs_1_with_keeper,123,collect_rollout,254,0,37,-0.03458065710219671,False,False,0.0,0.0,0,0,0,0.0,0.0,0.0,0.0,-0.03458065710219671,1,-0.03458065710219671
,academy_3_vs_1_with_keeper,123,collect_rollout,255,0,21,-0.019999999087303877,False,False,0.0,0.0,0,0,0,0.0,0.0,0.0,0.0,-0.019999999087303877,1,-0.019999999087303877
,academy_3_vs_1_with_keeper,123,collect_rollout,256,0,20,-0.02333333226852119,False,False,0.0,0.0,0,0,0,0.0,0.0,0.0,0.0,-0.02333333226852119,1,-0.02333333226852119
,academy_3_vs_1_with_keeper,123,collect_rollout,257,0,20,-0.02333333226852119,False,False,0.0,0.0,0,0,0,0.0,0.0,0.0,0.0,-0.02333333226852119,1,-0.02333333226852119
,academy_3_vs_1_with_keeper,123,collect_rollout,258,0,16,-0.009999999543651938,False,False,0.0,0.0,0,0,0,0.0,0.0,0.0,0.0,-0.009999999543651938,1,-0.009999999543651938
,academy_3_vs_1_with_keeper,123,collect_rollout,259,0,14,-0.019999999087303877,False,False,0.0,0.0,0,0,0,0.0,0.0,0.0,0.0,-0.019999999087303877,1,-0.019999999087303877
,academy_3_vs_1_with_keeper,123,collect_rollout,260,0,23,-0.026666665449738503,False,False,0.0,0.0,0,0,0,0.0,0.0,0.0,0.0,-0.026666665449738503,1,-0.026666665449738503
,academy_3_vs_1_with_keeper,123,collect_rollout,261,0,19,-0.009999999543651938,False,False,0.0,0.0,0,0,0,0.0,0.0,0.0,0.0,-0.009999999543651938,1,-0.009999999543651938
,academy_3_vs_1_with_keeper,123,collect_rollout,262,0,36,-0.09666666248813272,False,False,0.0,0.0,0,0,0,0.0,0.0,0.0,0.0,-0.09666666248813272,1,-0.09666666248813272
,academy_3_vs_1_with_keeper,123,collect_rollout,263,0,23,-0.009999999543651938,False,False,0.0,0.0,0,0,0,0.0,0.0,0.0,0.0,-0.009999999543651938,1,-0.009999999543651938
,academy_3_vs_1_with_keeper,123,collect_rollout,264,0,18,-0.013333332724869251,False,False,0.0,0.0,0,0,0,0.0,0.0,0.0,0.0,-0.013333332724869251,1,-0.013333332724869251
,academy_3_vs_1_with_keeper,123,collect_rollout,265,0,74,-0.09561010211473331,False,False,0.0,0.0,0,0,0,0.0,0.0,0.0,0.0,-0.09561010211473331,1,-0.09561010211473331
,academy_3_vs_1_with_keeper,123,collect_rollout,266,0,91,-0.2533333282917738,False,False,0.0,0.0,0,0,0,0.0,0.0,0.0,0.0,-0.2533333282917738,1,-0.2533333282917738
,academy_3_vs_1_with_keeper,123,collect_rollout,267,0,89,-0.08763572241878137,False,False,0.0,0.0,0,0,0,0.0,0.0,0.0,0.0,-0.08763572241878137,1,-0.08763572241878137
,academy_3_vs_1_with_keeper,123,collect_rollout,268,0,17,-0.016666665906086564,False,False,0.0,0.0,0,0,0,0.0,0.0,0.0,0.0,-0.016666665906086564,1,-0.016666665906086564
,academy_3_vs_1_with_keeper,123,collect_rollout,269,0,16,-0.01999999932013452,False,False,0.0,0.0,0,0,0,0.0,0.0,0.0,0.0,-0.01999999932013452,1,-0.01999999932013452
,academy_3_vs_1_with_keeper,123,collect_rollout,270,0,18,-0.009999999543651938,False,False,0.0,0.0,0,0,0,0.0,0.0,0.0,0.0,-0.009999999543651938,1,-0.009999999543651938
,academy_3_vs_1_with_keeper,123,collect_rollout,271,0,15,-0.019999999087303877,False,False,0.0,0.0,0,0,0,0.0,0.0,0.0,0.0,-0.019999999087303877,1,-0.019999999087303877
,academy_3_vs_1_with_keeper,123,collect_rollout,272,0,16,-0.009999999543651938,False,False,0.0,0.0,0,0,0,0.0,0.0,0.0,0.0,-0.009999999543651938,1,-0.009999999543651938
,academy_3_vs_1_with_keeper,123,collect_rollout,273,0,19,-0.016666665906086564,False,False,0.0,0.0,0,0,0,0.0,0.0,0.0,0.0,-0.016666665906086564,1,-0.016666665906086564
,academy_3_vs_1_with_keeper,123,collect_rollout,274,0,20,-0.013333332724869251,False,False,0.0,0.0,0,0,0,0.0,0.0,0.0,0.0,-0.013333332724869251,1,-0.013333332724869251
,academy_3_vs_1_with_keeper,123,collect_rollout,275,0,17,-0.013333332724869251,False,False,0.0,0.0,0,0,0,0.0,0.0,0.0,0.0,-0.013333332724869251,1,-0.013333332724869251
,academy_3_vs_1_with_keeper,123,collect_rollout,276,0,22,-0.02333333226852119,False,False,0.0,0.0,0,0,0,0.0,0.0,0.0,0.0,-0.02333333226852119,1,-0.02333333226852119
,academy_3_vs_1_with_keeper,123,collect_rollout,277,0,18,-0.009999999543651938,False,False,0.0,0.0,0,0,0,0.0,0.0,0.0,0.0,-0.009999999543651938,1,-0.009999999543651938
,academy_3_vs_1_with_keeper,123,collect_rollout,278,0,21,-0.019999999087303877,False,False,0.0,0.0,0,0,0,0.0,0.0,0.0,0.0,-0.019999999087303877,1,-0.019999999087303877
,academy_3_vs_1_with_keeper,123,collect_rollout,279,0,14,-0.003333333181217313,False,False,0.0,0.0,0,0,0,0.0,0.0,0.0,0.0,-0.003333333181217313,1,-0.003333333181217313
,academy_3_vs_1_with_keeper,123,collect_rollout,280,0,92,-0.13999999687075615,False,False,0.0,0.0,0,0,0,0.0,0.0,0.0,0.0,-0.13999999687075615,1,-0.13999999687075615
,academy_3_vs_1_with_keeper,123,collect_rollout,281,0,18,-0.026666665449738503,False,False,0.0,0.0,0,0,0,0.0,0.0,0.0,0.0,-0.026666665449738503,1,-0.026666665449738503
,academy_3_vs_1_with_keeper,123,collect_rollout,282,0,16,-0.003333333181217313,False,False,0.0,0.0,0,0,0,0.0,0.0,0.0,0.0,-0.003333333181217313,1,-0.003333333181217313
,academy_3_vs_1_with_keeper,123,collect_rollout,283,0,17,-0.016666665906086564,False,False,0.0,0.0,0,0,0,0.0,0.0,0.0,0.0,-0.016666665906086564,1,-0.016666665906086564
,academy_3_vs_1_with_keeper,123,collect_rollout,284,0,52,-0.15631709364242852,False,False,0.0,0.0,0,0,0,0.0,0.0,0.0,0.0,-0.15631709364242852,1,-0.15631709364242852
,academy_3_vs_1_with_keeper,123,collect_rollout,285,0,20,-0.026666665449738503,False,False,0.0,0.0,0,0,0,0.0,0.0,0.0,0.0,-0.026666665449738503,1,-0.026666665449738503
,academy_3_vs_1_with_keeper,123,collect_rollout,286,0,16,-0.006666666362434626,False,False,0.0,0.0,0,0,0,0.0,0.0,0.0,0.0,-0.006666666362434626,1,-0.006666666362434626
,academy_3_vs_1_with_keeper,123,collect_rollout,287,0,18,-0.013333332724869251,False,False,0.0,0.0,0,0,0,0.0,0.0,0.0,0.0,-0.013333332724869251,1,-0.013333332724869251
,academy_3_vs_1_with_keeper,123,collect_rollout,288,0,20,-0.026666665449738503,False,False,0.0,0.0,0,0,0,0.0,0.0,0.0,0.0,-0.026666665449738503,1,-0.026666665449738503
,academy_3_vs_1_with_keeper,123,collect_rollout,289,0,86,-0.18807574594393373,False,False,0.0,0.0,0,0,0,0.0,0.0,0.0,0.0,-0.18807574594393373,1,-0.18807574594393373
,academy_3_vs_1_with_keeper,123,collect_rollout,290,0,19,-0.02333333226852119,False,False,0.0,0.0,0,0,0,0.0,0.0,0.0,0.0,-0.02333333226852119,1,-0.02333333226852119
,academy_3_vs_1_with_keeper,123,collect_rollout,291,0,19,-0.016666665906086564,False,False,0.0,0.0,0,0,0,0.0,0.0,0.0,0.0,-0.016666665906086564,1,-0.016666665906086564
,academy_3_vs_1_with_keeper,123,collect_rollout,292,0,21,-0.013333332724869251,False,False,0.0,0.0,0,0,0,0.0,0.0,0.0,0.0,-0.013333332724869251,1,-0.013333332724869251
,academy_3_vs_1_with_keeper,123,collect_rollout,293,0,16,-0.009999999543651938,False,False,0.0,0.0,0,0,0,0.0,0.0,0.0,0.0,-0.009999999543651938,1,-0.009999999543651938
,academy_3_vs_1_with_keeper,123,collect_rollout,294,0,19,-0.006666666362434626,False,False,0.0,0.0,0,0,0,0.0,0.0,0.0,0.0,-0.006666666362434626,1,-0.006666666362434626
,academy_3_vs_1_with_keeper,123,collect_rollout,295,0,34,-0.00697673148533795,False,False,0.0,0.0,0,0,0,0.0,0.0,0.0,0.0,-0.00697673148533795,1,-0.00697673148533795
,academy_3_vs_1_with_keeper,123,collect_rollout,296,0,23,-0.006666666362434626,False,False,0.0,0.0,0,0,0,0.0,0.0,0.0,0.0,-0.006666666362434626,1,-0.006666666362434626
,academy_3_vs_1_with_keeper,123,collect_rollout,297,0,38,-0.027030176715925336,False,False,0.0,0.0,0,0,0,0.0,0.0,0.0,0.0,-0.027030176715925336,1,-0.027030176715925336
,academy_3_vs_1_with_keeper,123,collect_rollout,298,0,17,-0.013333332724869251,False,False,0.0,0.0,0,0,0,0.0,0.0,0.0,0.0,-0.013333332724869251,1,-0.013333332724869251
,academy_3_vs_1_with_keeper,123,collect_rollout,299,0,20,0.0,False,False,0.0,0.0,0,0,0,0.0,0.0,0.0,0.0,0.0,1,0.0
,academy_3_vs_1_with_keeper,123,collect_rollout,300,0,88,-0.11141291943931719,False,False,0.0,0.0,0,0,0,0.0,0.0,0.0,0.0,-0.11141291943931719,1,-0.11141291943931719
,academy_3_vs_1_with_keeper,123,collect_rollout,301,0,83,-0.19406258431263268,False,False,0.0,0.0,0,0,0,0.0,0.0,0.0,0.0,-0.19406258431263268,1,-0.19406258431263268
,academy_3_vs_1_with_keeper,123,collect_rollout,302,0,51,-0.07360191456973553,False,False,0.0,0.0,0,0,0,0.0,0.0,0.0,0.0,-0.07360191456973553,1,-0.07360191456973553
,academy_3_vs_1_with_keeper,123,collect_rollout,303,0,14,-0.009999999543651938,False,False,0.0,0.0,0,0,0,0.0,0.0,0.0,0.0,-0.009999999543651938,1,-0.009999999543651938
,academy_3_vs_1_with_keeper,123,collect_rollout,304,0,36,-0.07855938817374408,False,False,0.0,0.0,0,0,0,0.0,0.0,0.0,0.0,-0.07855938817374408,1,-0.07855938817374408
,academy_3_vs_1_with_keeper,123,collect_rollout,305,0,20,-0.03666666499339044,False,False,0.0,0.0,0,0,0,0.0,0.0,0.0,0.0,-0.03666666499339044,1,-0.03666666499339044
,academy_3_vs_1_with_keeper,123,collect_rollout,306,0,18,-0.016666665906086564,False,False,0.0,0.0,0,0,0,0.0,0.0,0.0,0.0,-0.016666665906086564,1,-0.016666665906086564
,academy_3_vs_1_with_keeper,123,collect_rollout,307,0,18,-0.003333333181217313,False,False,0.0,0.0,0,0,0,0.0,0.0,0.0,0.0,-0.003333333181217313,1,-0.003333333181217313
,academy_3_vs_1_with_keeper,123,collect_rollout,308,0,45,-0.03860377187083941,False,False,0.0,0.0,0,0,0,0.0,0.0,0.0,0.0,-0.03860377187083941,1,-0.03860377187083941
,academy_3_vs_1_with_keeper,123,collect_rollout,309,0,19,-0.009999999543651938,False,False,0.0,0.0,0,0,0,0.0,0.0,0.0,0.0,-0.009999999543651938,1,-0.009999999543651938
,academy_3_vs_1_with_keeper,123,collect_rollout,310,0,21,-0.02333333226852119,False,False,0.0,0.0,0,0,0,0.0,0.0,0.0,0.0,-0.02333333226852119,1,-0.02333333226852119
,academy_3_vs_1_with_keeper,123,collect_rollout,311,0,17,-0.013333332724869251,False,False,0.0,0.0,0,0,0,0.0,0.0,0.0,0.0,-0.013333332724869251,1,-0.013333332724869251
,academy_3_vs_1_with_keeper,123,collect_rollout,312,0,22,-0.06529971328563988,False,False,0.0,0.0,0,0,0,0.0,0.0,0.0,0.0,-0.06529971328563988,1,-0.06529971328563988
,academy_3_vs_1_with_keeper,123,collect_rollout,313,0,32,-0.0500000009778887,False,False,0.0,0.0,0,0,0,0.0,0.0,0.0,0.0,-0.0500000009778887,1,-0.0500000009778887
,academy_3_vs_1_with_keeper,123,collect_rollout,314,0,48,-0.0016451996052637696,False,False,0.0,0.0,0,0,0,0.0,0.0,0.0,0.0,-0.0016451996052637696,1,-0.0016451996052637696
,academy_3_vs_1_with_keeper,123,collect_rollout,315,0,71,-0.09395600738935173,False,False,0.0,0.0,0,0,0,0.0,0.0,0.0,0.0,-0.09395600738935173,1,-0.09395600738935173
,academy_3_vs_1_with_keeper,123,collect_rollout,316,0,51,1.9513170716818422,False,False,0.0,0.0,0,0,0,0.0,0.0,0.0,0.0,1.9513170716818422,1,1.9513170716818422
,academy_3_vs_1_with_keeper,123,collect_rollout,317,0,17,-0.016666665906086564,False,False,0.0,0.0,0,0,0,0.0,0.0,0.0,0.0,-0.016666665906086564,1,-0.016666665906086564
,academy_3_vs_1_with_keeper,123,collect_rollout,318,0,18,-0.016666665906086564,False,False,0.0,0.0,0,0,0,0.0,0.0,0.0,0.0,-0.016666665906086564,1,-0.016666665906086564
,academy_3_vs_1_with_keeper,123,collect_rollout,319,0,37,-0.018604518692882266,False,False,0.0,0.0,0,0,0,0.0,0.0,0.0,0.0,-0.018604518692882266,1,-0.018604518692882266
,academy_3_vs_1_with_keeper,123,collect_rollout,320,0,19,-0.006666666362434626,False,False,0.0,0.0,0,0,0,0.0,0.0,0.0,0.0,-0.006666666362434626,1,-0.006666666362434626
,academy_3_vs_1_with_keeper,123,collect_rollout,321,0,17,-0.016666665906086564,False,False,0.0,0.0,0,0,0,0.0,0.0,0.0,0.0,-0.016666665906086564,1,-0.016666665906086564
,academy_3_vs_1_with_keeper,123,collect_rollout,322,0,24,-0.019999999087303877,False,False,0.0,0.0,0,0,0,0.0,0.0,0.0,0.0,-0.019999999087303877,1,-0.019999999087303877
,academy_3_vs_1_with_keeper,123,collect_rollout,323,0,20,-0.006666666362434626,False,False,0.0,0.0,0,0,0,0.0,0.0,0.0,0.0,-0.006666666362434626,1,-0.006666666362434626
,academy_3_vs_1_with_keeper,123,collect_rollout,324,0,16,-0.02333333226852119,False,False,0.0,0.0,0,0,0,0.0,0.0,0.0,0.0,-0.02333333226852119,1,-0.02333333226852119
,academy_3_vs_1_with_keeper,123,collect_rollout,325,0,16,-0.009999999543651938,False,False,0.0,0.0,0,0,0,0.0,0.0,0.0,0.0,-0.009999999543651938,1,-0.009999999543651938
,academy_3_vs_1_with_keeper,123,collect_rollout,326,0,21,-0.013333332724869251,False,False,0.0,0.0,0,0,0,0.0,0.0,0.0,0.0,-0.013333332724869251,1,-0.013333332724869251
,academy_3_vs_1_with_keeper,123,collect_rollout,327,0,13,-0.12139048264361918,False,False,0.0,0.0,0,0,0,0.0,0.0,0.0,0.0,-0.12139048264361918,1,-0.12139048264361918
,academy_3_vs_1_with_keeper,123,collect_rollout,328,0,20,-0.06333335349336267,False,False,0.0,0.0,0,0,0,0.0,0.0,0.0,0.0,-0.06333335349336267,1,-0.06333335349336267
,academy_3_vs_1_with_keeper,123,collect_rollout,329,0,18,-0.009999999543651938,False,False,0.0,0.0,0,0,0,0.0,0.0,0.0,0.0,-0.009999999543651938,1,-0.009999999543651938
,academy_3_vs_1_with_keeper,123,collect_rollout,330,0,121,0.03975484997499734,False,False,0.0,0.0,0,0,0,0.0,0.0,0.0,0.0,0.03975484997499734,1,0.03975484997499734
,academy_3_vs_1_with_keeper,123,collect_rollout,331,0,29,0.08615048608044162,False,False,0.0,0.0,0,0,0,0.0,0.0,0.0,0.0,0.08615048608044162,1,0.08615048608044162
,academy_3_vs_1_with_keeper,123,collect_rollout,332,0,54,-0.011858454090543091,False,False,0.0,0.0,0,0,0,0.0,0.0,0.0,0.0,-0.011858454090543091,1,-0.011858454090543091
,academy_3_vs_1_with_keeper,123,collect_rollout,333,0,18,-0.006666666362434626,False,False,0.0,0.0,0,0,0,0.0,0.0,0.0,0.0,-0.006666666362434626,1,-0.006666666362434626
,academy_3_vs_1_with_keeper,123,collect_rollout,334,0,16,-0.016666665906086564,False,False,0.0,0.0,0,0,0,0.0,0.0,0.0,0.0,-0.016666665906086564,1,-0.016666665906086564
,academy_3_vs_1_with_keeper,123,collect_rollout,335,0,22,-0.02333333226852119,False,False,0.0,0.0,0,0,0,0.0,0.0,0.0,0.0,-0.02333333226852119,1,-0.02333333226852119
,academy_3_vs_1_with_keeper,123,collect_rollout,336,0,16,-0.006666666362434626,False,False,0.0,0.0,0,0,0,0.0,0.0,0.0,0.0,-0.006666666362434626,1,-0.006666666362434626
,academy_3_vs_1_with_keeper,123,collect_rollout,337,0,21,-0.006666666362434626,False,False,0.0,0.0,0,0,0,0.0,0.0,0.0,0.0,-0.006666666362434626,1,-0.006666666362434626
,academy_3_vs_1_with_keeper,123,collect_rollout,338,0,96,-0.11659403098747134,False,False,0.0,0.0,0,0,0,0.0,0.0,0.0,0.0,-0.11659403098747134,1,-0.11659403098747134
,academy_3_vs_1_with_keeper,123,collect_rollout,339,0,17,-0.009999999543651938,False,False,0.0,0.0,0,0,0,0.0,0.0,0.0,0.0,-0.009999999543651938,1,-0.009999999543651938
,academy_3_vs_1_with_keeper,123,collect_rollout,340,0,17,-0.003333333181217313,False,False,0.0,0.0,0,0,0,0.0,0.0,0.0,0.0,-0.003333333181217313,1,-0.003333333181217313
,academy_3_vs_1_with_keeper,123,collect_rollout,341,0,18,-0.006666666362434626,False,False,0.0,0.0,0,0,0,0.0,0.0,0.0,0.0,-0.006666666362434626,1,-0.006666666362434626
,academy_3_vs_1_with_keeper,123,collect_rollout,342,0,16,-0.013333332724869251,False,False,0.0,0.0,0,0,0,0.0,0.0,0.0,0.0,-0.013333332724869251,1,-0.013333332724869251
,academy_3_vs_1_with_keeper,123,collect_rollout,343,0,23,-0.006666666362434626,False,False,0.0,0.0,0,0,0,0.0,0.0,0.0,0.0,-0.006666666362434626,1,-0.006666666362434626
,academy_3_vs_1_with_keeper,123,collect_rollout,344,0,40,-0.10019887564703822,False,False,0.0,0.0,0,0,0,0.0,0.0,0.0,0.0,-0.10019887564703822,1,-0.10019887564703822
,academy_3_vs_1_with_keeper,123,collect_rollout,345,0,18,-0.006666666362434626,False,False,0.0,0.0,0,0,0,0.0,0.0,0.0,0.0,-0.006666666362434626,1,-0.006666666362434626
,academy_3_vs_1_with_keeper,123,collect_rollout,346,0,129,-0.28526081063319,False,False,0.0,0.0,0,0,0,0.0,0.0,0.0,0.0,-0.28526081063319,1,-0.28526081063319
,academy_3_vs_1_with_keeper,123,collect_rollout,347,0,17,-0.019999999087303877,False,False,0.0,0.0,0,0,0,0.0,0.0,0.0,0.0,-0.019999999087303877,1,-0.019999999087303877
,academy_3_vs_1_with_keeper,123,collect_rollout,348,0,64,-0.1136439093388617,False,False,0.0,0.0,0,0,0,0.0,0.0,0.0,0.0,-0.1136439093388617,1,-0.1136439093388617
,academy_3_vs_1_with_keeper,123,collect_rollout,349,0,18,-0.006666666362434626,False,False,0.0,0.0,0,0,0,0.0,0.0,0.0,0.0,-0.006666666362434626,1,-0.006666666362434626
,academy_3_vs_1_with_keeper,123,collect_rollout,350,0,18,-0.003333333181217313,False,False,0.0,0.0,0,0,0,0.0,0.0,0.0,0.0,-0.003333333181217313,1,-0.003333333181217313
,academy_3_vs_1_with_keeper,123,collect_rollout,351,0,36,-0.05731106619350612,False,False,0.0,0.0,0,0,0,0.0,0.0,0.0,0.0,-0.05731106619350612,1,-0.05731106619350612
,academy_3_vs_1_with_keeper,123,collect_rollout,352,0,22,-0.016666665906086564,False,False,0.0,0.0,0,0,0,0.0,0.0,0.0,0.0,-0.016666665906086564,1,-0.016666665906086564
,academy_3_vs_1_with_keeper,123,collect_rollout,353,0,18,-0.003333333181217313,False,False,0.0,0.0,0,0,0,0.0,0.0,0.0,0.0,-0.003333333181217313,1,-0.003333333181217313
,academy_3_vs_1_with_keeper,123,collect_rollout,354,0,22,-0.013333332724869251,False,False,0.0,0.0,0,0,0,0.0,0.0,0.0,0.0,-0.013333332724869251,1,-0.013333332724869251
,academy_3_vs_1_with_keeper,123,collect_rollout,355,0,102,-0.2478412891505286,False,False,0.0,0.0,0,0,0,0.0,0.0,0.0,0.0,-0.2478412891505286,1,-0.2478412891505286
,academy_3_vs_1_with_keeper,123,collect_rollout,356,0,19,-0.009999999543651938,False,False,0.0,0.0,0,0,0,0.0,0.0,0.0,0.0,-0.009999999543651938,1,-0.009999999543651938
,academy_3_vs_1_with_keeper,123,collect_rollout,357,0,19,-0.013333332724869251,False,False,0.0,0.0,0,0,0,0.0,0.0,0.0,0.0,-0.013333332724869251,1,-0.013333332724869251
,academy_3_vs_1_with_keeper,123,collect_rollout,358,0,18,-0.013333332724869251,False,False,0.0,0.0,0,0,0,0.0,0.0,0.0,0.0,-0.013333332724869251,1,-0.013333332724869251
,academy_3_vs_1_with_keeper,123,collect_rollout,359,0,41,-0.0739536180626601,False,False,0.0,0.0,0,0,0,0.0,0.0,0.0,0.0,-0.0739536180626601,1,-0.0739536180626601
,academy_3_vs_1_with_keeper,123,collect_rollout,360,0,36,-0.04567914176732302,False,False,0.0,0.0,0,0,0,0.0,0.0,0.0,0.0,-0.04567914176732302,1,-0.04567914176732302
,academy_3_vs_1_with_keeper,123,collect_rollout,361,0,97,-0.0882524240296334,False,False,0.0,0.0,0,0,0,0.0,0.0,0.0,0.0,-0.0882524240296334,1,-0.0882524240296334
,academy_3_vs_1_with_keeper,123,collect_rollout,362,0,51,-0.057569978293031454,False,False,0.0,0.0,0,0,0,0.0,0.0,0.0,0.0,-0.057569978293031454,1,-0.057569978293031454
,academy_3_vs_1_with_keeper,123,collect_rollout,363,0,15,-0.013333332724869251,False,False,0.0,0.0,0,0,0,0.0,0.0,0.0,0.0,-0.013333332724869251,1,-0.013333332724869251
,academy_3_vs_1_with_keeper,123,collect_rollout,364,0,34,-0.06333333370275795,False,False,0.0,0.0,0,0,0,0.0,0.0,0.0,0.0,-0.06333333370275795,1,-0.06333333370275795
,academy_3_vs_1_with_keeper,123,collect_rollout,365,0,22,-0.006666666362434626,False,False,0.0,0.0,0,0,0,0.0,0.0,0.0,0.0,-0.006666666362434626,1,-0.006666666362434626
,academy_3_vs_1_with_keeper,123,collect_rollout,366,0,19,-0.013333332724869251,False,False,0.0,0.0,0,0,0,0.0,0.0,0.0,0.0,-0.013333332724869251,1,-0.013333332724869251
,academy_3_vs_1_with_keeper,123,collect_rollout,367,0,19,-0.006666666362434626,False,False,0.0,0.0,0,0,0,0.0,0.0,0.0,0.0,-0.006666666362434626,1,-0.006666666362434626
,academy_3_vs_1_with_keeper,123,collect_rollout,368,0,15,-0.003333333181217313,False,False,0.0,0.0,0,0,0,0.0,0.0,0.0,0.0,-0.003333333181217313,1,-0.003333333181217313
,academy_3_vs_1_with_keeper,123,collect_rollout,369,0,18,-0.006666666362434626,False,False,0.0,0.0,0,0,0,0.0,0.0,0.0,0.0,-0.006666666362434626,1,-0.006666666362434626
,academy_3_vs_1_with_keeper,123,collect_rollout,370,0,54,-0.07455139816738665,False,False,0.0,0.0,0,0,0,0.0,0.0,0.0,0.0,-0.07455139816738665,1,-0.07455139816738665
,academy_3_vs_1_with_keeper,123,collect_rollout,371,0,20,-0.003333333181217313,False,False,0.0,0.0,0,0,0,0.0,0.0,0.0,0.0,-0.003333333181217313,1,-0.003333333181217313
,academy_3_vs_1_with_keeper,123,collect_rollout,372,0,22,-0.006666666362434626,False,False,0.0,0.0,0,0,0,0.0,0.0,0.0,0.0,-0.006666666362434626,1,-0.006666666362434626
,academy_3_vs_1_with_keeper,123,collect_rollout,373,0,14,-0.006666666362434626,False,False,0.0,0.0,0,0,0,0.0,0.0,0.0,0.0,-0.006666666362434626,1,-0.006666666362434626
,academy_3_vs_1_with_keeper,123,collect_rollout,374,0,19,-0.003333333181217313,False,False,0.0,0.0,0,0,0,0.0,0.0,0.0,0.0,-0.003333333181217313,1,-0.003333333181217313
,academy_3_vs_1_with_keeper,123,collect_rollout,375,0,18,-0.009999999543651938,False,False,0.0,0.0,0,0,0,0.0,0.0,0.0,0.0,-0.009999999543651938,1,-0.009999999543651938
,academy_3_vs_1_with_keeper,123,collect_rollout,376,0,18,-0.013333332724869251,False,False,0.0,0.0,0,0,0,0.0,0.0,0.0,0.0,-0.013333332724869251,1,-0.013333332724869251
,academy_3_vs_1_with_keeper,123,collect_rollout,377,0,106,-0.14280819962732494,False,False,0.0,0.0,0,0,0,0.0,0.0,0.0,0.0,-0.14280819962732494,1,-0.14280819962732494
,academy_3_vs_1_with_keeper,123,collect_rollout,378,0,40,-0.06999999703839421,False,False,0.0,0.0,0,0,0,0.0,0.0,0.0,0.0,-0.06999999703839421,1,-0.06999999703839421
,academy_3_vs_1_with_keeper,123,collect_rollout,379,0,15,-0.009999999543651938,False,False,0.0,0.0,0,0,0,0.0,0.0,0.0,0.0,-0.009999999543651938,1,-0.009999999543651938
,academy_3_vs_1_with_keeper,123,collect_rollout,380,0,17,-0.013333332724869251,False,False,0.0,0.0,0,0,0,0.0,0.0,0.0,0.0,-0.013333332724869251,1,-0.013333332724869251
,academy_3_vs_1_with_keeper,123,collect_rollout,381,0,12,-0.014771588379517198,False,False,0.0,0.0,0,0,0,0.0,0.0,0.0,0.0,-0.014771588379517198,1,-0.014771588379517198
,academy_3_vs_1_with_keeper,123,collect_rollout,382,0,19,-0.003333333181217313,False,False,0.0,0.0,0,0,0,0.0,0.0,0.0,0.0,-0.003333333181217313,1,-0.003333333181217313
,academy_3_vs_1_with_keeper,123,collect_rollout,383,0,15,-0.11319965356960893,False,False,0.0,0.0,0,0,0,0.0,0.0,0.0,0.0,-0.11319965356960893,1,-0.11319965356960893
,academy_3_vs_1_with_keeper,123,collect_rollout,384,0,17,-0.003333333181217313,False,False,0.0,0.0,0,0,0,0.0,0.0,0.0,0.0,-0.003333333181217313,1,-0.003333333181217313
,academy_3_vs_1_with_keeper,123,collect_rollout,385,0,17,-0.006666666362434626,False,False,0.0,0.0,0,0,0,0.0,0.0,0.0,0.0,-0.006666666362434626,1,-0.006666666362434626
,academy_3_vs_1_with_keeper,123,collect_rollout,386,0,77,-0.15548641758505255,False,False,0.0,0.0,0,0,0,0.0,0.0,0.0,0.0,-0.15548641758505255,1,-0.15548641758505255
,academy_3_vs_1_with_keeper,123,collect_rollout,387,0,15,-0.003333333181217313,False,False,0.0,0.0,0,0,0,0.0,0.0,0.0,0.0,-0.003333333181217313,1,-0.003333333181217313
,academy_3_vs_1_with_keeper,123,collect_rollout,388,0,16,-0.013333332724869251,False,False,0.0,0.0,0,0,0,0.0,0.0,0.0,0.0,-0.013333332724869251,1,-0.013333332724869251
,academy_3_vs_1_with_keeper,123,collect_rollout,389,0,63,-0.11333333468064666,False,False,0.0,0.0,0,0,0,0.0,0.0,0.0,0.0,-0.11333333468064666,1,-0.11333333468064666
,academy_3_vs_1_with_keeper,123,collect_rollout,390,0,73,-0.2566666591446847,False,False,0.0,0.0,0,0,0,0.0,0.0,0.0,0.0,-0.2566666591446847,1,-0.2566666591446847
,academy_3_vs_1_with_keeper,123,collect_rollout,391,0,17,-0.009999999543651938,False,False,0.0,0.0,0,0,0,0.0,0.0,0.0,0.0,-0.009999999543651938,1,-0.009999999543651938
,academy_3_vs_1_with_keeper,123,collect_rollout,392,0,67,-0.09154740162193775,False,False,0.0,0.0,0,0,0,0.0,0.0,0.0,0.0,-0.09154740162193775,1,-0.09154740162193775
,academy_3_vs_1_with_keeper,123,collect_rollout,393,0,17,-0.003333333181217313,False,False,0.0,0.0,0,0,0,0.0,0.0,0.0,0.0,-0.003333333181217313,1,-0.003333333181217313
,academy_3_vs_1_with_keeper,123,collect_rollout,394,0,20,-0.006666666362434626,False,False,0.0,0.0,0,0,0,0.0,0.0,0.0,0.0,-0.006666666362434626,1,-0.006666666362434626
,academy_3_vs_1_with_keeper,123,collect_rollout,395,0,16,-0.009999999543651938,False,False,0.0,0.0,0,0,0,0.0,0.0,0.0,0.0,-0.009999999543651938,1,-0.009999999543651938
,academy_3_vs_1_with_keeper,123,collect_rollout,396,0,17,-0.013333332724869251,False,False,0.0,0.0,0,0,0,0.0,0.0,0.0,0.0,-0.013333332724869251,1,-0.013333332724869251
,academy_3_vs_1_with_keeper,123,collect_rollout,397,0,14,-0.003333333181217313,False,False,0.0,0.0,0,0,0,0.0,0.0,0.0,0.0,-0.003333333181217313,1,-0.003333333181217313
,academy_3_vs_1_with_keeper,123,collect_rollout,398,0,19,0.0,False,False,0.0,0.0,0,0,0,0.0,0.0,0.0,0.0,0.0,1,0.0
,academy_3_vs_1_with_keeper,123,collect_rollout,399,0,20,-0.016666665906086564,False,False,0.0,0.0,0,0,0,0.0,0.0,0.0,0.0,-0.016666665906086564,1,-0.016666665906086564
,academy_3_vs_1_with_keeper,123,collect_rollout,400,0,39,-0.061057937797158957,False,False,0.0,0.0,0,0,0,0.0,0.0,0.0,0.0,-0.061057937797158957,1,-0.061057937797158957
,academy_3_vs_1_with_keeper,123,collect_rollout,401,0,38,-0.01092666364274919,False,False,0.0,0.0,0,0,0,0.0,0.0,0.0,0.0,-0.01092666364274919,1,-0.01092666364274919
,academy_3_vs_1_with_keeper,123,collect_rollout,402,0,20,-0.009999999543651938,False,False,0.0,0.0,0,0,0,0.0,0.0,0.0,0.0,-0.009999999543651938,1,-0.009999999543651938
,academy_3_vs_1_with_keeper,123,collect_rollout,403,0,23,-0.006666666362434626,False,False,0.0,0.0,0,0,0,0.0,0.0,0.0,0.0,-0.006666666362434626,1,-0.006666666362434626
,academy_3_vs_1_with_keeper,123,collect_rollout,404,0,109,-0.3059047645656392,False,False,0.0,0.0,0,0,0,0.0,0.0,0.0,0.0,-0.3059047645656392,1,-0.3059047645656392
,academy_3_vs_1_with_keeper,123,collect_rollout,405,0,51,-0.06371824187226593,False,False,0.0,0.0,0,0,0,0.0,0.0,0.0,0.0,-0.06371824187226593,1,-0.06371824187226593
,academy_3_vs_1_with_keeper,123,collect_rollout,406,0,17,0.0,False,False,0.0,0.0,0,0,0,0.0,0.0,0.0,0.0,0.0,1,0.0
,academy_3_vs_1_with_keeper,123,collect_rollout,407,0,18,-0.016666665906086564,False,False,0.0,0.0,0,0,0,0.0,0.0,0.0,0.0,-0.016666665906086564,1,-0.016666665906086564
,academy_3_vs_1_with_keeper,123,collect_rollout,408,0,24,-0.016666665906086564,False,False,0.0,0.0,0,0,0,0.0,0.0,0.0,0.0,-0.016666665906086564,1,-0.016666665906086564
,academy_3_vs_1_with_keeper,123,collect_rollout,409,0,18,-0.003333333181217313,False,False,0.0,0.0,0,0,0,0.0,0.0,0.0,0.0,-0.003333333181217313,1,-0.003333333181217313
,academy_3_vs_1_with_keeper,123,collect_rollout,410,0,18,-0.016666665906086564,False,False,0.0,0.0,0,0,0,0.0,0.0,0.0,0.0,-0.016666665906086564,1,-0.016666665906086564
,academy_3_vs_1_with_keeper,123,collect_rollout,411,0,21,-0.003333333181217313,False,False,0.0,0.0,0,0,0,0.0,0.0,0.0,0.0,-0.003333333181217313,1,-0.003333333181217313
,academy_3_vs_1_with_keeper,123,collect_rollout,412,0,21,-0.006666666362434626,False,False,0.0,0.0,0,0,0,0.0,0.0,0.0,0.0,-0.006666666362434626,1,-0.006666666362434626
,academy_3_vs_1_with_keeper,123,collect_rollout,413,0,35,-0.05666666734032333,False,False,0.0,0.0,0,0,0,0.0,0.0,0.0,0.0,-0.05666666734032333,1,-0.05666666734032333
,academy_3_vs_1_with_keeper,123,collect_rollout,414,0,19,-0.003333333181217313,False,False,0.0,0.0,0,0,0,0.0,0.0,0.0,0.0,-0.003333333181217313,1,-0.003333333181217313
,academy_3_vs_1_with_keeper,123,collect_rollout,415,0,20,-0.013333332724869251,False,False,0.0,0.0,0,0,0,0.0,0.0,0.0,0.0,-0.013333332724869251,1,-0.013333332724869251
,academy_3_vs_1_with_keeper,123,collect_rollout,416,0,15,-0.013333332724869251,False,False,0.0,0.0,0,0,0,0.0,0.0,0.0,0.0,-0.013333332724869251,1,-0.013333332724869251
,academy_3_vs_1_with_keeper,123,collect_rollout,417,0,52,-0.053333334159106016,False,False,0.0,0.0,0,0,0,0.0,0.0,0.0,0.0,-0.053333334159106016,1,-0.053333334159106016
,academy_3_vs_1_with_keeper,123,collect_rollout,418,0,15,-0.11893956363201141,False,False,0.0,0.0,0,0,0,0.0,0.0,0.0,0.0,-0.11893956363201141,1,-0.11893956363201141
,academy_3_vs_1_with_keeper,123,collect_rollout,419,0,20,-0.013333332724869251,False,False,0.0,0.0,0,0,0,0.0,0.0,0.0,0.0,-0.013333332724869251,1,-0.013333332724869251
,academy_3_vs_1_with_keeper,123,collect_rollout,420,0,19,0.0,False,False,0.0,0.0,0,0,0,0.0,0.0,0.0,0.0,0.0,1,0.0
,academy_3_vs_1_with_keeper,123,collect_rollout,421,0,15,0.0,False,False,0.0,0.0,0,0,0,0.0,0.0,0.0,0.0,0.0,1,0.0
,academy_3_vs_1_with_keeper,123,collect_rollout,422,0,19,-0.009999999543651938,False,False,0.0,0.0,0,0,0,0.0,0.0,0.0,0.0,-0.009999999543651938,1,-0.009999999543651938
,academy_3_vs_1_with_keeper,123,collect_rollout,423,0,21,-0.009999999543651938,False,False,0.0,0.0,0,0,0,0.0,0.0,0.0,0.0,-0.009999999543651938,1,-0.009999999543651938
,academy_3_vs_1_with_keeper,123,collect_rollout,424,0,18,-0.003333333181217313,False,False,0.0,0.0,0,0,0,0.0,0.0,0.0,0.0,-0.003333333181217313,1,-0.003333333181217313
,academy_3_vs_1_with_keeper,123,collect_rollout,425,0,18,-0.013333332724869251,False,False,0.0,0.0,0,0,0,0.0,0.0,0.0,0.0,-0.013333332724869251,1,-0.013333332724869251
,academy_3_vs_1_with_keeper,123,collect_rollout,426,0,15,0.0,False,False,0.0,0.0,0,0,0,0.0,0.0,0.0,0.0,0.0,1,0.0
,academy_3_vs_1_with_keeper,123,collect_rollout,427,0,19,0.0,False,False,0.0,0.0,0,0,0,0.0,0.0,0.0,0.0,0.0,1,0.0
,academy_3_vs_1_with_keeper,123,collect_rollout,428,0,66,-0.18333332636393607,False,False,0.0,0.0,0,0,0,0.0,0.0,0.0,0.0,-0.18333332636393607,1,-0.18333332636393607
,academy_3_vs_1_with_keeper,123,collect_rollout,429,0,18,-0.006666666362434626,False,False,0.0,0.0,0,0,0,0.0,0.0,0.0,0.0,-0.006666666362434626,1,-0.006666666362434626
,academy_3_vs_1_with_keeper,123,collect_rollout,430,0,15,-0.006666666362434626,False,False,0.0,0.0,0,0,0,0.0,0.0,0.0,0.0,-0.006666666362434626,1,-0.006666666362434626
,academy_3_vs_1_with_keeper,123,collect_rollout,431,0,92,-0.36325613455846906,False,False,0.0,0.0,0,0,0,0.0,0.0,0.0,0.0,-0.36325613455846906,1,-0.36325613455846906
,academy_3_vs_1_with_keeper,123,collect_rollout,432,0,51,-0.16666666301898658,False,False,0.0,0.0,0,0,0,0.0,0.0,0.0,0.0,-0.16666666301898658,1,-0.16666666301898658
,academy_3_vs_1_with_keeper,123,collect_rollout,433,0,59,-0.07999999960884452,False,False,0.0,0.0,0,0,0,0.0,0.0,0.0,0.0,-0.07999999960884452,1,-0.07999999960884452
,academy_3_vs_1_with_keeper,123,collect_rollout,434,0,17,-0.006666666362434626,False,False,0.0,0.0,0,0,0,0.0,0.0,0.0,0.0,-0.006666666362434626,1,-0.006666666362434626
,academy_3_vs_1_with_keeper,123,collect_rollout,435,0,18,-0.009999999543651938,False,False,0.0,0.0,0,0,0,0.0,0.0,0.0,0.0,-0.009999999543651938,1,-0.009999999543651938
,academy_3_vs_1_with_keeper,123,collect_rollout,436,0,18,-0.003333333181217313,False,False,0.0,0.0,0,0,0,0.0,0.0,0.0,0.0,-0.003333333181217313,1,-0.003333333181217313
,academy_3_vs_1_with_keeper,123,collect_rollout,437,0,21,-0.003333333181217313,False,False,0.0,0.0,0,0,0,0.0,0.0,0.0,0.0,-0.003333333181217313,1,-0.003333333181217313
,academy_3_vs_1_with_keeper,123,collect_rollout,438,0,19,-0.006666666362434626,False,False,0.0,0.0,0,0,0,0.0,0.0,0.0,0.0,-0.006666666362434626,1,-0.006666666362434626
,academy_3_vs_1_with_keeper,123,collect_rollout,439,0,37,-0.06131445895880461,False,False,0.0,0.0,0,0,0,0.0,0.0,0.0,0.0,-0.06131445895880461,1,-0.06131445895880461
,academy_3_vs_1_with_keeper,123,collect_rollout,440,0,19,-0.006666666362434626,False,False,0.0,0.0,0,0,0,0.0,0.0,0.0,0.0,-0.006666666362434626,1,-0.006666666362434626
,academy_3_vs_1_with_keeper,123,collect_rollout,441,0,38,0.003427179472055286,False,False,0.0,0.0,0,0,0,0.0,0.0,0.0,0.0,0.003427179472055286,1,0.003427179472055286
,academy_3_vs_1_with_keeper,123,collect_rollout,442,0,19,-0.02333333226852119,False,False,0.0,0.0,0,0,0,0.0,0.0,0.0,0.0,-0.02333333226852119,1,-0.02333333226852119
,academy_3_vs_1_with_keeper,123,collect_rollout,443,0,21,-0.003333333181217313,False,False,0.0,0.0,0,0,0,0.0,0.0,0.0,0.0,-0.003333333181217313,1,-0.003333333181217313
,academy_3_vs_1_with_keeper,123,collect_rollout,444,0,16,-0.009999999543651938,False,False,0.0,0.0,0,0,0,0.0,0.0,0.0,0.0,-0.009999999543651938,1,-0.009999999543651938
,academy_3_vs_1_with_keeper,123,collect_rollout,445,0,21,-0.003333333181217313,False,False,0.0,0.0,0,0,0,0.0,0.0,0.0,0.0,-0.003333333181217313,1,-0.003333333181217313
,academy_3_vs_1_with_keeper,123,collect_rollout,446,0,19,-0.006666666362434626,False,False,0.0,0.0,0,0,0,0.0,0.0,0.0,0.0,-0.006666666362434626,1,-0.006666666362434626
,academy_3_vs_1_with_keeper,123,collect_rollout,447,0,16,-0.006666666362434626,False,False,0.0,0.0,0,0,0,0.0,0.0,0.0,0.0,-0.006666666362434626,1,-0.006666666362434626
,academy_3_vs_1_with_keeper,123,collect_rollout,448,0,19,-0.003333333181217313,False,False,0.0,0.0,0,0,0,0.0,0.0,0.0,0.0,-0.003333333181217313,1,-0.003333333181217313
,academy_3_vs_1_with_keeper,123,collect_rollout,449,0,20,-0.016666665906086564,False,False,0.0,0.0,0,0,0,0.0,0.0,0.0,0.0,-0.016666665906086564,1,-0.016666665906086564
,academy_3_vs_1_with_keeper,123,collect_rollout,450,0,16,-0.003333333181217313,False,False,0.0,0.0,0,0,0,0.0,0.0,0.0,0.0,-0.003333333181217313,1,-0.003333333181217313
,academy_3_vs_1_with_keeper,123,collect_rollout,451,0,21,0.0,False,False,0.0,0.0,0,0,0,0.0,0.0,0.0,0.0,0.0,1,0.0
,academy_3_vs_1_with_keeper,123,collect_rollout,452,0,23,-0.006666666362434626,False,False,0.0,0.0,0,0,0,0.0,0.0,0.0,0.0,-0.006666666362434626,1,-0.006666666362434626
,academy_3_vs_1_with_keeper,123,collect_rollout,453,0,20,-0.003333333181217313,False,False,0.0,0.0,0,0,0,0.0,0.0,0.0,0.0,-0.003333333181217313,1,-0.003333333181217313
,academy_3_vs_1_with_keeper,123,collect_rollout,454,0,18,-0.006666666362434626,False,False,0.0,0.0,0,0,0,0.0,0.0,0.0,0.0,-0.006666666362434626,1,-0.006666666362434626
,academy_3_vs_1_with_keeper,123,collect_rollout,455,0,20,-0.009999999543651938,False,False,0.0,0.0,0,0,0,0.0,0.0,0.0,0.0,-0.009999999543651938,1,-0.009999999543651938
,academy_3_vs_1_with_keeper,123,collect_rollout,456,0,21,-0.003333333181217313,False,False,0.0,0.0,0,0,0,0.0,0.0,0.0,0.0,-0.003333333181217313,1,-0.003333333181217313
,academy_3_vs_1_with_keeper,123,collect_rollout,457,0,17,-0.006666666362434626,False,False,0.0,0.0,0,0,0,0.0,0.0,0.0,0.0,-0.006666666362434626,1,-0.006666666362434626
,academy_3_vs_1_with_keeper,123,collect_rollout,458,0,21,-0.003333333181217313,False,False,0.0,0.0,0,0,0,0.0,0.0,0.0,0.0,-0.003333333181217313,1,-0.003333333181217313
,academy_3_vs_1_with_keeper,123,collect_rollout,459,0,78,-0.395104891853407,False,False,0.0,0.0,0,0,0,0.0,0.0,0.0,0.0,-0.395104891853407,1,-0.395104891853407
,academy_3_vs_1_with_keeper,123,collect_rollout,460,0,20,-0.009999999543651938,False,False,0.0,0.0,0,0,0,0.0,0.0,0.0,0.0,-0.009999999543651938,1,-0.009999999543651938
,academy_3_vs_1_with_keeper,123,collect_rollout,461,0,34,0.005244249245151877,False,False,0.0,0.0,0,0,0,0.0,0.0,0.0,0.0,0.005244249245151877,1,0.005244249245151877
,academy_3_vs_1_with_keeper,123,collect_rollout,462,0,17,0.0,False,False,0.0,0.0,0,0,0,0.0,0.0,0.0,0.0,0.0,1,0.0
,academy_3_vs_1_with_keeper,123,collect_rollout,463,0,15,-0.009999999543651938,False,False,0.0,0.0,0,0,0,0.0,0.0,0.0,0.0,-0.009999999543651938,1,-0.009999999543651938
,academy_3_vs_1_with_keeper,123,collect_rollout,464,0,20,-0.013333332724869251,False,False,0.0,0.0,0,0,0,0.0,0.0,0.0,0.0,-0.013333332724869251,1,-0.013333332724869251
,academy_3_vs_1_with_keeper,123,collect_rollout,465,0,16,-0.003333333181217313,False,False,0.0,0.0,0,0,0,0.0,0.0,0.0,0.0,-0.003333333181217313,1,-0.003333333181217313
,academy_3_vs_1_with_keeper,123,collect_rollout,466,0,22,-0.009999999543651938,False,False,0.0,0.0,0,0,0,0.0,0.0,0.0,0.0,-0.009999999543651938,1,-0.009999999543651938
,academy_3_vs_1_with_keeper,123,collect_rollout,467,0,17,-0.006666666362434626,False,False,0.0,0.0,0,0,0,0.0,0.0,0.0,0.0,-0.006666666362434626,1,-0.006666666362434626
,academy_3_vs_1_with_keeper,123,collect_rollout,468,0,18,-0.003333333181217313,False,False,0.0,0.0,0,0,0,0.0,0.0,0.0,0.0,-0.003333333181217313,1,-0.003333333181217313
,academy_3_vs_1_with_keeper,123,collect_rollout,469,0,19,-0.003333333181217313,False,False,0.0,0.0,0,0,0,0.0,0.0,0.0,0.0,-0.003333333181217313,1,-0.003333333181217313
,academy_3_vs_1_with_keeper,123,collect_rollout,470,0,94,-0.17897807118879427,False,False,0.0,0.0,0,0,0,0.0,0.0,0.0,0.0,-0.17897807118879427,1,-0.17897807118879427
,academy_3_vs_1_with_keeper,123,collect_rollout,471,0,21,-0.003333333181217313,False,False,0.0,0.0,0,0,0,0.0,0.0,0.0,0.0,-0.003333333181217313,1,-0.003333333181217313
,academy_3_vs_1_with_keeper,123,collect_rollout,472,0,17,-0.003333333181217313,False,False,0.0,0.0,0,0,0,0.0,0.0,0.0,0.0,-0.003333333181217313,1,-0.003333333181217313
,academy_3_vs_1_with_keeper,123,collect_rollout,473,0,92,-0.35754766140598804,False,False,0.0,0.0,0,0,0,0.0,0.0,0.0,0.0,-0.35754766140598804,1,-0.35754766140598804
,academy_3_vs_1_with_keeper,123,collect_rollout,474,0,15,-0.003333333181217313,False,False,0.0,0.0,0,0,0,0.0,0.0,0.0,0.0,-0.003333333181217313,1,-0.003333333181217313
,academy_3_vs_1_with_keeper,123,collect_rollout,475,0,19,-0.006666666362434626,False,False,0.0,0.0,0,0,0,0.0,0.0,0.0,0.0,-0.006666666362434626,1,-0.006666666362434626
,academy_3_vs_1_with_keeper,123,collect_rollout,476,0,20,-0.006666666362434626,False,False,0.0,0.0,0,0,0,0.0,0.0,0.0,0.0,-0.006666666362434626,1,-0.006666666362434626
,academy_3_vs_1_with_keeper,123,collect_rollout,477,0,20,-0.006666666362434626,False,False,0.0,0.0,0,0,0,0.0,0.0,0.0,0.0,-0.006666666362434626,1,-0.006666666362434626
,academy_3_vs_1_with_keeper,123,collect_rollout,478,0,22,-0.006666666362434626,False,False,0.0,0.0,0,0,0,0.0,0.0,0.0,0.0,-0.006666666362434626,1,-0.006666666362434626
,academy_3_vs_1_with_keeper,123,collect_rollout,479,0,15,-0.006666666362434626,False,False,0.0,0.0,0,0,0,0.0,0.0,0.0,0.0,-0.006666666362434626,1,-0.006666666362434626
,academy_3_vs_1_with_keeper,123,collect_rollout,480,0,80,-0.28333332552574575,False,False,0.0,0.0,0,0,0,0.0,0.0,0.0,0.0,-0.28333332552574575,1,-0.28333332552574575
,academy_3_vs_1_with_keeper,123,collect_rollout,481,0,17,-0.003333333181217313,False,False,0.0,0.0,0,0,0,0.0,0.0,0.0,0.0,-0.003333333181217313,1,-0.003333333181217313
,academy_3_vs_1_with_keeper,123,collect_rollout,482,0,20,0.0,False,False,0.0,0.0,0,0,0,0.0,0.0,0.0,0.0,0.0,1,0.0
,academy_3_vs_1_with_keeper,123,collect_rollout,483,0,68,-0.07425126025918871,False,False,0.0,0.0,0,0,0,0.0,0.0,0.0,0.0,-0.07425126025918871,1,-0.07425126025918871
,academy_3_vs_1_with_keeper,123,collect_rollout,484,0,24,-0.003333333181217313,False,False,0.0,0.0,0,0,0,0.0,0.0,0.0,0.0,-0.003333333181217313,1,-0.003333333181217313
,academy_3_vs_1_with_keeper,123,collect_rollout,485,0,70,-0.34423717961180955,False,False,0.0,0.0,0,0,0,0.0,0.0,0.0,0.0,-0.34423717961180955,1,-0.34423717961180955
,academy_3_vs_1_with_keeper,123,collect_rollout,486,0,18,-0.003333333181217313,False,False,0.0,0.0,0,0,0,0.0,0.0,0.0,0.0,-0.003333333181217313,1,-0.003333333181217313
,academy_3_vs_1_with_keeper,123,collect_rollout,487,0,16,-0.003333333181217313,False,False,0.0,0.0,0,0,0,0.0,0.0,0.0,0.0,-0.003333333181217313,1,-0.003333333181217313
,academy_3_vs_1_with_keeper,123,collect_rollout,488,0,18,-0.003333333181217313,False,False,0.0,0.0,0,0,0,0.0,0.0,0.0,0.0,-0.003333333181217313,1,-0.003333333181217313
,academy_3_vs_1_with_keeper,123,collect_rollout,489,0,19,0.0,False,False,0.0,0.0,0,0,0,0.0,0.0,0.0,0.0,0.0,1,0.0
,academy_3_vs_1_with_keeper,123,collect_rollout,490,0,30,1.9994677844224498,False,False,0.0,0.0,0,0,0,0.0,0.0,0.0,0.0,1.9994677844224498,1,1.9994677844224498
,academy_3_vs_1_with_keeper,123,collect_rollout,491,0,18,-0.003333333181217313,False,False,0.0,0.0,0,0,0,0.0,0.0,0.0,0.0,-0.003333333181217313,1,-0.003333333181217313
,academy_3_vs_1_with_keeper,123,collect_rollout,492,0,18,0.0,False,False,0.0,0.0,0,0,0,0.0,0.0,0.0,0.0,0.0,1,0.0
,academy_3_vs_1_with_keeper,123,collect_rollout,493,0,19,-0.006666666362434626,False,False,0.0,0.0,0,0,0,0.0,0.0,0.0,0.0,-0.006666666362434626,1,-0.006666666362434626
,academy_3_vs_1_with_keeper,123,collect_rollout,494,0,20,-0.003333333181217313,False,False,0.0,0.0,0,0,0,0.0,0.0,0.0,0.0,-0.003333333181217313,1,-0.003333333181217313
,academy_3_vs_1_with_keeper,123,collect_rollout,495,0,34,-0.16999999270774424,False,False,0.0,0.0,0,0,0,0.0,0.0,0.0,0.0,-0.16999999270774424,1,-0.16999999270774424
,academy_3_vs_1_with_keeper,123,collect_rollout,496,0,21,-0.003333333181217313,False,False,0.0,0.0,0,0,0,0.0,0.0,0.0,0.0,-0.003333333181217313,1,-0.003333333181217313
,academy_3_vs_1_with_keeper,123,collect_rollout,497,0,32,0.0061522049363702536,False,False,0.0,0.0,0,0,0,0.0,0.0,0.0,0.0,0.0061522049363702536,1,0.0061522049363702536
,academy_3_vs_1_with_keeper,123,collect_rollout,498,0,18,-0.006666666362434626,False,False,0.0,0.0,0,0,0,0.0,0.0,0.0,0.0,-0.006666666362434626,1,-0.006666666362434626
,academy_3_vs_1_with_keeper,123,collect_rollout,499,0,87,-0.14807169193591108,False,False,0.0,0.0,0,0,0,0.0,0.0,0.0,0.0,-0.14807169193591108,1,-0.14807169193591108
,academy_3_vs_1_with_keeper,123,collect_rollout,500,0,19,-0.003333333181217313,False,False,0.0,0.0,0,0,0,0.0,0.0,0.0,0.0,-0.003333333181217313,1,-0.003333333181217313
,academy_3_vs_1_with_keeper,123,collect_rollout,501,0,33,-0.06333333370275795,False,False,0.0,0.0,0,0,0,0.0,0.0,0.0,0.0,-0.06333333370275795,1,-0.06333333370275795
,academy_3_vs_1_with_keeper,123,collect_rollout,502,0,19,0.0,False,False,0.0,0.0,0,0,0,0.0,0.0,0.0,0.0,0.0,1,0.0
,academy_3_vs_1_with_keeper,123,collect_rollout,503,0,92,1.5063296726439148,False,False,0.0,0.0,0,0,0,0.0,0.0,0.0,0.0,1.5063296726439148,1,1.5063296726439148
,academy_3_vs_1_with_keeper,123,collect_rollout,504,0,96,-0.39777757052797824,False,False,0.0,0.0,0,0,0,0.0,0.0,0.0,0.0,-0.39777757052797824,1,-0.39777757052797824
,academy_3_vs_1_with_keeper,123,collect_rollout,505,0,18,-0.003333333181217313,False,False,0.0,0.0,0,0,0,0.0,0.0,0.0,0.0,-0.003333333181217313,1,-0.003333333181217313
,academy_3_vs_1_with_keeper,123,collect_rollout,506,0,75,-0.2886195732280612,False,False,0.0,0.0,0,0,0,0.0,0.0,0.0,0.0,-0.2886195732280612,1,-0.2886195732280612
,academy_3_vs_1_with_keeper,123,collect_rollout,507,0,14,-0.006666666362434626,False,False,0.0,0.0,0,0,0,0.0,0.0,0.0,0.0,-0.006666666362434626,1,-0.006666666362434626
,academy_3_vs_1_with_keeper,123,collect_rollout,508,0,22,-0.009999999543651938,False,False,0.0,0.0,0,0,0,0.0,0.0,0.0,0.0,-0.009999999543651938,1,-0.009999999543651938
,academy_3_vs_1_with_keeper,123,collect_rollout,509,0,84,-0.2558938985457644,False,False,0.0,0.0,0,0,0,0.0,0.0,0.0,0.0,-0.2558938985457644,1,-0.2558938985457644
,academy_3_vs_1_with_keeper,123,collect_rollout,510,0,17,-0.006666666362434626,False,False,0.0,0.0,0,0,0,0.0,0.0,0.0,0.0,-0.006666666362434626,1,-0.006666666362434626
,academy_3_vs_1_with_keeper,123,collect_rollout,511,0,21,-0.009999999543651938,False,False,0.0,0.0,0,0,0,0.0,0.0,0.0,0.0,-0.009999999543651938,1,-0.009999999543651938
,academy_3_vs_1_with_keeper,123,collect_rollout,512,0,19,-0.006666666362434626,False,False,0.0,0.0,0,0,0,0.0,0.0,0.0,0.0,-0.006666666362434626,1,-0.006666666362434626
,academy_3_vs_1_with_keeper,123,collect_rollout,513,0,15,-0.009999999543651938,False,False,0.0,0.0,0,0,0,0.0,0.0,0.0,0.0,-0.009999999543651938,1,-0.009999999543651938
,academy_3_vs_1_with_keeper,123,collect_rollout,514,0,48,-0.06892217206768692,False,False,0.0,0.0,0,0,0,0.0,0.0,0.0,0.0,-0.06892217206768692,1,-0.06892217206768692
,academy_3_vs_1_with_keeper,123,collect_rollout,515,0,18,-0.003333333181217313,False,False,0.0,0.0,0,0,0,0.0,0.0,0.0,0.0,-0.003333333181217313,1,-0.003333333181217313
,academy_3_vs_1_with_keeper,123,collect_rollout,516,0,14,-0.006666666362434626,False,False,0.0,0.0,0,0,0,0.0,0.0,0.0,0.0,-0.006666666362434626,1,-0.006666666362434626
,academy_3_vs_1_with_keeper,123,collect_rollout,517,0,23,-0.016666665906086564,False,False,0.0,0.0,0,0,0,0.0,0.0,0.0,0.0,-0.016666665906086564,1,-0.016666665906086564
,academy_3_vs_1_with_keeper,123,collect_rollout,518,0,24,-0.006666666362434626,False,False,0.0,0.0,0,0,0,0.0,0.0,0.0,0.0,-0.006666666362434626,1,-0.006666666362434626
,academy_3_vs_1_with_keeper,123,collect_rollout,519,0,21,0.0,False,False,0.0,0.0,0,0,0,0.0,0.0,0.0,0.0,0.0,1,0.0
,academy_3_vs_1_with_keeper,123,collect_rollout,520,0,14,-0.009999999543651938,False,False,0.0,0.0,0,0,0,0.0,0.0,0.0,0.0,-0.009999999543651938,1,-0.009999999543651938
,academy_3_vs_1_with_keeper,123,collect_rollout,521,0,17,-0.003333333181217313,False,False,0.0,0.0,0,0,0,0.0,0.0,0.0,0.0,-0.003333333181217313,1,-0.003333333181217313
,academy_3_vs_1_with_keeper,123,collect_rollout,522,0,19,-0.013333332724869251,False,False,0.0,0.0,0,0,0,0.0,0.0,0.0,0.0,-0.013333332724869251,1,-0.013333332724869251
,academy_3_vs_1_with_keeper,123,collect_rollout,523,0,19,-0.006666666362434626,False,False,0.0,0.0,0,0,0,0.0,0.0,0.0,0.0,-0.006666666362434626,1,-0.006666666362434626
,academy_3_vs_1_with_keeper,123,collect_rollout,524,0,65,-0.08333333279006183,False,False,0.0,0.0,0,0,0,0.0,0.0,0.0,0.0,-0.08333333279006183,1,-0.08333333279006183
,academy_3_vs_1_with_keeper,123,collect_rollout,525,0,74,-0.26611331838648766,False,False,0.0,0.0,0,0,0,0.0,0.0,0.0,0.0,-0.26611331838648766,1,-0.26611331838648766
,academy_3_vs_1_with_keeper,123,collect_rollout,526,0,43,-0.07000000006519258,False,False,0.0,0.0,0,0,0,0.0,0.0,0.0,0.0,-0.07000000006519258,1,-0.07000000006519258
,academy_3_vs_1_with_keeper,123,collect_rollout,527,0,117,-0.3534811483696103,False,False,0.0,0.0,0,0,0,0.0,0.0,0.0,0.0,-0.3534811483696103,1,-0.3534811483696103
,academy_3_vs_1_with_keeper,123,collect_rollout,528,0,21,-0.013333332724869251,False,False,0.0,0.0,0,0,0,0.0,0.0,0.0,0.0,-0.013333332724869251,1,-0.013333332724869251
,academy_3_vs_1_with_keeper,123,collect_rollout,529,0,16,-0.006666666362434626,False,False,0.0,0.0,0,0,0,0.0,0.0,0.0,0.0,-0.006666666362434626,1,-0.006666666362434626
,academy_3_vs_1_with_keeper,123,collect_rollout,530,0,20,-0.009999999543651938,False,False,0.0,0.0,0,0,0,0.0,0.0,0.0,0.0,-0.009999999543651938,1,-0.009999999543651938
,academy_3_vs_1_with_keeper,123,collect_rollout,531,0,20,-0.009999999543651938,False,False,0.0,0.0,0,0,0,0.0,0.0,0.0,0.0,-0.009999999543651938,1,-0.009999999543651938
,academy_3_vs_1_with_keeper,123,collect_rollout,532,0,19,-0.006666666362434626,False,False,0.0,0.0,0,0,0,0.0,0.0,0.0,0.0,-0.006666666362434626,1,-0.006666666362434626
,academy_3_vs_1_with_keeper,123,collect_rollout,533,0,18,-0.009999999543651938,False,False,0.0,0.0,0,0,0,0.0,0.0,0.0,0.0,-0.009999999543651938,1,-0.009999999543651938
,academy_3_vs_1_with_keeper,123,collect_rollout,534,0,45,-0.2184961015591398,False,False,0.0,0.0,0,0,0,0.0,0.0,0.0,0.0,-0.2184961015591398,1,-0.2184961015591398
,academy_3_vs_1_with_keeper,123,collect_rollout,535,0,15,0.0,False,False,0.0,0.0,0,0,0,0.0,0.0,0.0,0.0,0.0,1,0.0
,academy_3_vs_1_with_keeper,123,collect_rollout,536,0,16,0.0,False,False,0.0,0.0,0,0,0,0.0,0.0,0.0,0.0,0.0,1,0.0
,academy_3_vs_1_with_keeper,123,collect_rollout,537,0,20,-0.003333333181217313,False,False,0.0,0.0,0,0,0,0.0,0.0,0.0,0.0,-0.003333333181217313,1,-0.003333333181217313
,academy_3_vs_1_with_keeper,123,collect_rollout,538,0,21,0.0,False,False,0.0,0.0,0,0,0,0.0,0.0,0.0,0.0,0.0,1,0.0
,academy_3_vs_1_with_keeper,123,collect_rollout,539,0,21,0.0,False,False,0.0,0.0,0,0,0,0.0,0.0,0.0,0.0,0.0,1,0.0
,academy_3_vs_1_with_keeper,123,collect_rollout,540,0,23,-0.009999999543651938,False,False,0.0,0.0,0,0,0,0.0,0.0,0.0,0.0,-0.009999999543651938,1,-0.009999999543651938
,academy_3_vs_1_with_keeper,123,collect_rollout,541,0,38,-0.05347262928262353,False,False,0.0,0.0,0,0,0,0.0,0.0,0.0,0.0,-0.05347262928262353,1,-0.05347262928262353
,academy_3_vs_1_with_keeper,123,collect_rollout,542,0,30,-0.06186509772669524,False,False,0.0,0.0,0,0,0,0.0,0.0,0.0,0.0,-0.06186509772669524,1,-0.06186509772669524
,academy_3_vs_1_with_keeper,123,collect_rollout,543,0,15,-0.003333333181217313,False,False,0.0,0.0,0,0,0,0.0,0.0,0.0,0.0,-0.003333333181217313,1,-0.003333333181217313
,academy_3_vs_1_with_keeper,123,collect_rollout,544,0,18,-0.006666666362434626,False,False,0.0,0.0,0,0,0,0.0,0.0,0.0,0.0,-0.006666666362434626,1,-0.006666666362434626
,academy_3_vs_1_with_keeper,123,collect_rollout,545,0,91,-0.236357013694942,False,False,0.0,0.0,0,0,0,0.0,0.0,0.0,0.0,-0.236357013694942,1,-0.236357013694942
,academy_3_vs_1_with_keeper,123,collect_rollout,546,0,20,-0.003333333181217313,False,False,0.0,0.0,0,0,0,0.0,0.0,0.0,0.0,-0.003333333181217313,1,-0.003333333181217313
,academy_3_vs_1_with_keeper,123,collect_rollout,547,0,23,-0.009999999543651938,False,False,0.0,0.0,0,0,0,0.0,0.0,0.0,0.0,-0.009999999543651938,1,-0.009999999543651938
,academy_3_vs_1_with_keeper,123,collect_rollout,548,0,55,-0.05666666734032333,False,False,0.0,0.0,0,0,0,0.0,0.0,0.0,0.0,-0.05666666734032333,1,-0.05666666734032333
,academy_3_vs_1_with_keeper,123,collect_rollout,549,0,17,0.0,False,False,0.0,0.0,0,0,0,0.0,0.0,0.0,0.0,0.0,1,0.0
,academy_3_vs_1_with_keeper,123,collect_rollout,550,0,16,-0.013333332724869251,False,False,0.0,0.0,0,0,0,0.0,0.0,0.0,0.0,-0.013333332724869251,1,-0.013333332724869251
,academy_3_vs_1_with_keeper,123,collect_rollout,551,0,94,-0.09304151928517967,False,False,0.0,0.0,0,0,0,0.0,0.0,0.0,0.0,-0.09304151928517967,1,-0.09304151928517967
,academy_3_vs_1_with_keeper,123,collect_rollout,552,0,21,-0.009999999543651938,False,False,0.0,0.0,0,0,0,0.0,0.0,0.0,0.0,-0.009999999543651938,1,-0.009999999543651938
,academy_3_vs_1_with_keeper,123,collect_rollout,553,0,73,-0.08666666923090816,False,False,0.0,0.0,0,0,0,0.0,0.0,0.0,0.0,-0.08666666923090816,1,-0.08666666923090816
,academy_3_vs_1_with_keeper,123,collect_rollout,554,0,20,-0.003333333181217313,False,False,0.0,0.0,0,0,0,0.0,0.0,0.0,0.0,-0.003333333181217313,1,-0.003333333181217313
,academy_3_vs_1_with_keeper,123,collect_rollout,555,0,18,-0.013333332724869251,False,False,0.0,0.0,0,0,0,0.0,0.0,0.0,0.0,-0.013333332724869251,1,-0.013333332724869251
,academy_3_vs_1_with_keeper,123,collect_rollout,556,0,20,-0.009999999543651938,False,False,0.0,0.0,0,0,0,0.0,0.0,0.0,0.0,-0.009999999543651938,1,-0.009999999543651938
,academy_3_vs_1_with_keeper,123,collect_rollout,557,0,24,-0.009999999543651938,False,False,0.0,0.0,0,0,0,0.0,0.0,0.0,0.0,-0.009999999543651938,1,-0.009999999543651938
,academy_3_vs_1_with_keeper,123,collect_rollout,558,0,20,0.0,False,False,0.0,0.0,0,0,0,0.0,0.0,0.0,0.0,0.0,1,0.0
,academy_3_vs_1_with_keeper,123,collect_rollout,559,0,17,-0.009999999543651938,False,False,0.0,0.0,0,0,0,0.0,0.0,0.0,0.0,-0.009999999543651938,1,-0.009999999543651938
,academy_3_vs_1_with_keeper,123,collect_rollout,560,0,96,-0.17333332961425185,False,False,0.0,0.0,0,0,0,0.0,0.0,0.0,0.0,-0.17333332961425185,1,-0.17333332961425185
,academy_3_vs_1_with_keeper,123,collect_rollout,561,0,18,-0.006666666362434626,False,False,0.0,0.0,0,0,0,0.0,0.0,0.0,0.0,-0.006666666362434626,1,-0.006666666362434626
,academy_3_vs_1_with_keeper,123,collect_rollout,562,0,19,-0.006666666362434626,False,False,0.0,0.0,0,0,0,0.0,0.0,0.0,0.0,-0.006666666362434626,1,-0.006666666362434626
,academy_3_vs_1_with_keeper,123,collect_rollout,563,0,22,-0.003333333181217313,False,False,0.0,0.0,0,0,0,0.0,0.0,0.0,0.0,-0.003333333181217313,1,-0.003333333181217313
,academy_3_vs_1_with_keeper,123,collect_rollout,564,0,19,-0.006666666362434626,False,False,0.0,0.0,0,0,0,0.0,0.0,0.0,0.0,-0.006666666362434626,1,-0.006666666362434626
,academy_3_vs_1_with_keeper,123,collect_rollout,565,0,18,-0.009999999543651938,False,False,0.0,0.0,0,0,0,0.0,0.0,0.0,0.0,-0.009999999543651938,1,-0.009999999543651938
,academy_3_vs_1_with_keeper,123,collect_rollout,566,0,19,-0.003333333181217313,False,False,0.0,0.0,0,0,0,0.0,0.0,0.0,0.0,-0.003333333181217313,1,-0.003333333181217313
,academy_3_vs_1_with_keeper,123,collect_rollout,567,0,14,-0.013333332724869251,False,False,0.0,0.0,0,0,0,0.0,0.0,0.0,0.0,-0.013333332724869251,1,-0.013333332724869251
,academy_3_vs_1_with_keeper,123,collect_rollout,568,0,19,-0.009999999543651938,False,False,0.0,0.0,0,0,0,0.0,0.0,0.0,0.0,-0.009999999543651938,1,-0.009999999543651938
,academy_3_vs_1_with_keeper,123,collect_rollout,569,0,14,-0.009999999543651938,False,False,0.0,0.0,0,0,0,0.0,0.0,0.0,0.0,-0.009999999543651938,1,-0.009999999543651938
,academy_3_vs_1_with_keeper,123,collect_rollout,570,0,19,-0.009999999543651938,False,False,0.0,0.0,0,0,0,0.0,0.0,0.0,0.0,-0.009999999543651938,1,-0.009999999543651938
,academy_3_vs_1_with_keeper,123,collect_rollout,571,0,20,-0.003333333181217313,False,False,0.0,0.0,0,0,0,0.0,0.0,0.0,0.0,-0.003333333181217313,1,-0.003333333181217313
,academy_3_vs_1_with_keeper,123,collect_rollout,572,0,19,-0.006666666362434626,False,False,0.0,0.0,0,0,0,0.0,0.0,0.0,0.0,-0.006666666362434626,1,-0.006666666362434626
,academy_3_vs_1_with_keeper,123,collect_rollout,573,0,19,-0.006666666362434626,False,False,0.0,0.0,0,0,0,0.0,0.0,0.0,0.0,-0.006666666362434626,1,-0.006666666362434626
,academy_3_vs_1_with_keeper,123,collect_rollout,574,0,16,-0.014478438068181276,False,False,0.0,0.0,0,0,0,0.0,0.0,0.0,0.0,-0.014478438068181276,1,-0.014478438068181276
,academy_3_vs_1_with_keeper,123,collect_rollout,575,0,16,-0.003333333181217313,False,False,0.0,0.0,0,0,0,0.0,0.0,0.0,0.0,-0.003333333181217313,1,-0.003333333181217313
,academy_3_vs_1_with_keeper,123,collect_rollout,576,0,15,-0.003333333181217313,False,False,0.0,0.0,0,0,0,0.0,0.0,0.0,0.0,-0.003333333181217313,1,-0.003333333181217313
,academy_3_vs_1_with_keeper,123,collect_rollout,577,0,17,-0.006666666362434626,False,False,0.0,0.0,0,0,0,0.0,0.0,0.0,0.0,-0.006666666362434626,1,-0.006666666362434626
,academy_3_vs_1_with_keeper,123,collect_rollout,578,0,95,0.06526004010811448,False,False,0.0,0.0,0,0,0,0.0,0.0,0.0,0.0,0.06526004010811448,1,0.06526004010811448
,academy_3_vs_1_with_keeper,123,collect_rollout,579,0,18,-0.003333333181217313,False,False,0.0,0.0,0,0,0,0.0,0.0,0.0,0.0,-0.003333333181217313,1,-0.003333333181217313
,academy_3_vs_1_with_keeper,123,collect_rollout,580,0,19,-0.003333333181217313,False,False,0.0,0.0,0,0,0,0.0,0.0,0.0,0.0,-0.003333333181217313,1,-0.003333333181217313
,academy_3_vs_1_with_keeper,123,collect_rollout,581,0,14,-0.006666666362434626,False,False,0.0,0.0,0,0,0,0.0,0.0,0.0,0.0,-0.006666666362434626,1,-0.006666666362434626
,academy_3_vs_1_with_keeper,123,collect_rollout,582,0,87,-0.1542962845414877,False,False,0.0,0.0,0,0,0,0.0,0.0,0.0,0.0,-0.1542962845414877,1,-0.1542962845414877
,academy_3_vs_1_with_keeper,123,collect_rollout,583,0,47,-0.04813436775293667,False,False,0.0,0.0,0,0,0,0.0,0.0,0.0,0.0,-0.04813436775293667,1,-0.04813436775293667
,academy_3_vs_1_with_keeper,123,collect_rollout,584,0,18,-0.003333333181217313,False,False,0.0,0.0,0,0,0,0.0,0.0,0.0,0.0,-0.003333333181217313,1,-0.003333333181217313
,academy_3_vs_1_with_keeper,123,collect_rollout,585,0,20,-0.006666666362434626,False,False,0.0,0.0,0,0,0,0.0,0.0,0.0,0.0,-0.006666666362434626,1,-0.006666666362434626
,academy_3_vs_1_with_keeper,123,collect_rollout,586,0,17,-0.003333333181217313,False,False,0.0,0.0,0,0,0,0.0,0.0,0.0,0.0,-0.003333333181217313,1,-0.003333333181217313
,academy_3_vs_1_with_keeper,123,collect_rollout,587,0,56,-0.08310675213579088,False,False,0.0,0.0,0,0,0,0.0,0.0,0.0,0.0,-0.08310675213579088,1,-0.08310675213579088
,academy_3_vs_1_with_keeper,123,collect_rollout,588,0,55,-0.21214166353456676,False,False,0.0,0.0,0,0,0,0.0,0.0,0.0,0.0,-0.21214166353456676,1,-0.21214166353456676
,academy_3_vs_1_with_keeper,123,collect_rollout,589,0,19,0.0,False,False,0.0,0.0,0,0,0,0.0,0.0,0.0,0.0,0.0,1,0.0
,academy_3_vs_1_with_keeper,123,collect_rollout,590,0,15,-0.009999999543651938,False,False,0.0,0.0,0,0,0,0.0,0.0,0.0,0.0,-0.009999999543651938,1,-0.009999999543651938
,academy_3_vs_1_with_keeper,123,collect_rollout,591,0,20,-0.009999999543651938,False,False,0.0,0.0,0,0,0,0.0,0.0,0.0,0.0,-0.009999999543651938,1,-0.009999999543651938
,academy_3_vs_1_with_keeper,123,collect_rollout,592,0,14,-0.006666666362434626,False,False,0.0,0.0,0,0,0,0.0,0.0,0.0,0.0,-0.006666666362434626,1,-0.006666666362434626
,academy_3_vs_1_with_keeper,123,collect_rollout,593,0,17,-0.003333333181217313,False,False,0.0,0.0,0,0,0,0.0,0.0,0.0,0.0,-0.003333333181217313,1,-0.003333333181217313
,academy_3_vs_1_with_keeper,123,collect_rollout,594,0,17,-0.009999999543651938,False,False,0.0,0.0,0,0,0,0.0,0.0,0.0,0.0,-0.009999999543651938,1,-0.009999999543651938
,academy_3_vs_1_with_keeper,123,collect_rollout,595,0,19,-0.006666666362434626,False,False,0.0,0.0,0,0,0,0.0,0.0,0.0,0.0,-0.006666666362434626,1,-0.006666666362434626
,academy_3_vs_1_with_keeper,123,collect_rollout,596,0,17,-0.006666666362434626,False,False,0.0,0.0,0,0,0,0.0,0.0,0.0,0.0,-0.006666666362434626,1,-0.006666666362434626
,academy_3_vs_1_with_keeper,123,collect_rollout,597,0,24,-0.009999999543651938,False,False,0.0,0.0,0,0,0,0.0,0.0,0.0,0.0,-0.009999999543651938,1,-0.009999999543651938
,academy_3_vs_1_with_keeper,123,collect_rollout,598,0,14,-0.006666666362434626,False,False,0.0,0.0,0,0,0,0.0,0.0,0.0,0.0,-0.006666666362434626,1,-0.006666666362434626
,academy_3_vs_1_with_keeper,123,collect_rollout,599,0,36,-0.06999999703839421,False,False,0.0,0.0,0,0,0,0.0,0.0,0.0,0.0,-0.06999999703839421,1,-0.06999999703839421
,academy_3_vs_1_with_keeper,123,collect_rollout,600,0,17,-0.006666666362434626,False,False,0.0,0.0,0,0,0,0.0,0.0,0.0,0.0,-0.006666666362434626,1,-0.006666666362434626
,academy_3_vs_1_with_keeper,123,collect_rollout,601,0,18,-0.003333333181217313,False,False,0.0,0.0,0,0,0,0.0,0.0,0.0,0.0,-0.003333333181217313,1,-0.003333333181217313
,academy_3_vs_1_with_keeper,123,collect_rollout,602,0,18,-0.003333333181217313,False,False,0.0,0.0,0,0,0,0.0,0.0,0.0,0.0,-0.003333333181217313,1,-0.003333333181217313
,academy_3_vs_1_with_keeper,123,collect_rollout,603,0,21,-0.006666666362434626,False,False,0.0,0.0,0,0,0,0.0,0.0,0.0,0.0,-0.006666666362434626,1,-0.006666666362434626
,academy_3_vs_1_with_keeper,123,collect_rollout,604,0,19,-0.009999999543651938,False,False,0.0,0.0,0,0,0,0.0,0.0,0.0,0.0,-0.009999999543651938,1,-0.009999999543651938
,academy_3_vs_1_with_keeper,123,collect_rollout,605,0,51,-0.0766666664276272,False,False,0.0,0.0,0,0,0,0.0,0.0,0.0,0.0,-0.0766666664276272,1,-0.0766666664276272
,academy_3_vs_1_with_keeper,123,collect_rollout,606,0,14,-0.009999999543651938,False,False,0.0,0.0,0,0,0,0.0,0.0,0.0,0.0,-0.009999999543651938,1,-0.009999999543651938
,academy_3_vs_1_with_keeper,123,collect_rollout,607,0,81,-0.26683836500160396,False,False,0.0,0.0,0,0,0,0.0,0.0,0.0,0.0,-0.26683836500160396,1,-0.26683836500160396
,academy_3_vs_1_with_keeper,123,collect_rollout,608,0,66,-0.06917182309553027,False,False,0.0,0.0,0,0,0,0.0,0.0,0.0,0.0,-0.06917182309553027,1,-0.06917182309553027
,academy_3_vs_1_with_keeper,123,collect_rollout,609,0,111,0.06077835545875132,False,False,0.0,0.0,0,0,0,0.0,0.0,0.0,0.0,0.06077835545875132,1,0.06077835545875132
,academy_3_vs_1_with_keeper,123,collect_rollout,610,0,20,-0.006666666362434626,False,False,0.0,0.0,0,0,0,0.0,0.0,0.0,0.0,-0.006666666362434626,1,-0.006666666362434626
,academy_3_vs_1_with_keeper,123,collect_rollout,611,0,19,-0.006666666362434626,False,False,0.0,0.0,0,0,0,0.0,0.0,0.0,0.0,-0.006666666362434626,1,-0.006666666362434626
,academy_3_vs_1_with_keeper,123,collect_rollout,612,0,19,-0.009999999543651938,False,False,0.0,0.0,0,0,0,0.0,0.0,0.0,0.0,-0.009999999543651938,1,-0.009999999543651938
,academy_3_vs_1_with_keeper,123,collect_rollout,613,0,24,-0.003333333181217313,False,False,0.0,0.0,0,0,0,0.0,0.0,0.0,0.0,-0.003333333181217313,1,-0.003333333181217313
,academy_3_vs_1_with_keeper,123,collect_rollout,614,0,17,0.0,False,False,0.0,0.0,0,0,0,0.0,0.0,0.0,0.0,0.0,1,0.0
,academy_3_vs_1_with_keeper,123,collect_rollout,615,0,89,-0.03820301052473951,False,False,0.0,0.0,0,0,0,0.0,0.0,0.0,0.0,-0.03820301052473951,1,-0.03820301052473951
,academy_3_vs_1_with_keeper,123,collect_rollout,616,0,19,-0.009999999543651938,False,False,0.0,0.0,0,0,0,0.0,0.0,0.0,0.0,-0.009999999543651938,1,-0.009999999543651938
,academy_3_vs_1_with_keeper,123,collect_rollout,617,0,83,-0.038089081877842546,False,False,0.0,0.0,0,0,0,0.0,0.0,0.0,0.0,-0.038089081877842546,1,-0.038089081877842546
,academy_3_vs_1_with_keeper,123,collect_rollout,618,0,16,-0.009999999543651938,False,False,0.0,0.0,0,0,0,0.0,0.0,0.0,0.0,-0.009999999543651938,1,-0.009999999543651938
,academy_3_vs_1_with_keeper,123,collect_rollout,619,0,18,-0.003333333181217313,False,False,0.0,0.0,0,0,0,0.0,0.0,0.0,0.0,-0.003333333181217313,1,-0.003333333181217313
,academy_3_vs_1_with_keeper,123,collect_rollout,620,0,16,-0.003333333181217313,False,False,0.0,0.0,0,0,0,0.0,0.0,0.0,0.0,-0.003333333181217313,1,-0.003333333181217313
,academy_3_vs_1_with_keeper,123,collect_rollout,621,0,18,0.0,False,False,0.0,0.0,0,0,0,0.0,0.0,0.0,0.0,0.0,1,0.0
,academy_3_vs_1_with_keeper,123,collect_rollout,622,0,15,0.0,False,False,0.0,0.0,0,0,0,0.0,0.0,0.0,0.0,0.0,1,0.0
,academy_3_vs_1_with_keeper,123,collect_rollout,623,0,18,-0.003333333181217313,False,False,0.0,0.0,0,0,0,0.0,0.0,0.0,0.0,-0.003333333181217313,1,-0.003333333181217313
,academy_3_vs_1_with_keeper,123,collect_rollout,624,0,15,0.0,False,False,0.0,0.0,0,0,0,0.0,0.0,0.0,0.0,0.0,1,0.0
,academy_3_vs_1_with_keeper,123,collect_rollout,625,0,98,-0.27021898825478274,False,False,0.0,0.0,0,0,0,0.0,0.0,0.0,0.0,-0.27021898825478274,1,-0.27021898825478274
,academy_3_vs_1_with_keeper,123,collect_rollout,626,0,94,-0.3449077195255086,False,False,0.0,0.0,0,0,0,0.0,0.0,0.0,0.0,-0.3449077195255086,1,-0.3449077195255086
,academy_3_vs_1_with_keeper,123,collect_rollout,627,0,60,-0.06831898191012442,False,False,0.0,0.0,0,0,0,0.0,0.0,0.0,0.0,-0.06831898191012442,1,-0.06831898191012442
,academy_3_vs_1_with_keeper,123,collect_rollout,628,0,24,0.0,False,False,0.0,0.0,0,0,0,0.0,0.0,0.0,0.0,0.0,1,0.0
,academy_3_vs_1_with_keeper,123,collect_rollout,629,0,16,0.0,False,False,0.0,0.0,0,0,0,0.0,0.0,0.0,0.0,0.0,1,0.0
,academy_3_vs_1_with_keeper,123,collect_rollout,630,0,52,-0.05666666734032333,False,False,0.0,0.0,0,0,0,0.0,0.0,0.0,0.0,-0.05666666734032333,1,-0.05666666734032333
,academy_3_vs_1_with_keeper,123,collect_rollout,631,0,17,-0.009999999543651938,False,False,0.0,0.0,0,0,0,0.0,0.0,0.0,0.0,-0.009999999543651938,1,-0.009999999543651938
,academy_3_vs_1_with_keeper,123,collect_rollout,632,0,19,-0.003333333181217313,False,False,0.0,0.0,0,0,0,0.0,0.0,0.0,0.0,-0.003333333181217313,1,-0.003333333181217313
,academy_3_vs_1_with_keeper,123,collect_rollout,633,0,20,-0.003333333181217313,False,False,0.0,0.0,0,0,0,0.0,0.0,0.0,0.0,-0.003333333181217313,1,-0.003333333181217313
,academy_3_vs_1_with_keeper,123,collect_rollout,634,0,35,-0.0500000009778887,False,False,0.0,0.0,0,0,0,0.0,0.0,0.0,0.0,-0.0500000009778887,1,-0.0500000009778887
,academy_3_vs_1_with_keeper,123,collect_rollout,635,0,102,-0.29988503021559154,False,False,0.0,0.0,0,0,0,0.0,0.0,0.0,0.0,-0.29988503021559154,1,-0.29988503021559154
,academy_3_vs_1_with_keeper,123,collect_rollout,636,0,17,-0.003333333181217313,False,False,0.0,0.0,0,0,0,0.0,0.0,0.0,0.0,-0.003333333181217313,1,-0.003333333181217313
,academy_3_vs_1_with_keeper,123,collect_rollout,637,0,17,-0.003333333181217313,False,False,0.0,0.0,0,0,0,0.0,0.0,0.0,0.0,-0.003333333181217313,1,-0.003333333181217313
,academy_3_vs_1_with_keeper,123,collect_rollout,638,0,18,-0.006666666362434626,False,False,0.0,0.0,0,0,0,0.0,0.0,0.0,0.0,-0.006666666362434626,1,-0.006666666362434626
,academy_3_vs_1_with_keeper,123,collect_rollout,639,0,18,-0.006666666362434626,False,False,0.0,0.0,0,0,0,0.0,0.0,0.0,0.0,-0.006666666362434626,1,-0.006666666362434626
,academy_3_vs_1_with_keeper,123,collect_rollout,640,0,113,-0.6121758141089231,False,False,0.0,0.0,0,0,0,0.0,0.0,0.0,0.0,-0.6121758141089231,1,-0.6121758141089231
,academy_3_vs_1_with_keeper,123,collect_rollout,641,0,13,-0.003333333181217313,False,False,0.0,0.0,0,0,0,0.0,0.0,0.0,0.0,-0.003333333181217313,1,-0.003333333181217313
,academy_3_vs_1_with_keeper,123,collect_rollout,642,0,21,-0.009999999543651938,False,False,0.0,0.0,0,0,0,0.0,0.0,0.0,0.0,-0.009999999543651938,1,-0.009999999543651938
,academy_3_vs_1_with_keeper,123,collect_rollout,643,0,14,-0.009999999543651938,False,False,0.0,0.0,0,0,0,0.0,0.0,0.0,0.0,-0.009999999543651938,1,-0.009999999543651938
,academy_3_vs_1_with_keeper,123,collect_rollout,644,0,20,0.0,False,False,0.0,0.0,0,0,0,0.0,0.0,0.0,0.0,0.0,1,0.0
,academy_3_vs_1_with_keeper,123,collect_rollout,645,0,19,-0.006666666362434626,False,False,0.0,0.0,0,0,0,0.0,0.0,0.0,0.0,-0.006666666362434626,1,-0.006666666362434626
,academy_3_vs_1_with_keeper,123,collect_rollout,646,0,21,0.0,False,False,0.0,0.0,0,0,0,0.0,0.0,0.0,0.0,0.0,1,0.0
,academy_3_vs_1_with_keeper,123,collect_rollout,647,0,17,-0.003333333181217313,False,False,0.0,0.0,0,0,0,0.0,0.0,0.0,0.0,-0.003333333181217313,1,-0.003333333181217313
,academy_3_vs_1_with_keeper,123,collect_rollout,648,0,15,-0.003333333181217313,False,False,0.0,0.0,0,0,0,0.0,0.0,0.0,0.0,-0.003333333181217313,1,-0.003333333181217313
,academy_3_vs_1_with_keeper,123,collect_rollout,649,0,17,-0.003333333181217313,False,False,0.0,0.0,0,0,0,0.0,0.0,0.0,0.0,-0.003333333181217313,1,-0.003333333181217313
,academy_3_vs_1_with_keeper,123,collect_rollout,650,0,19,-0.003333333181217313,False,False,0.0,0.0,0,0,0,0.0,0.0,0.0,0.0,-0.003333333181217313,1,-0.003333333181217313
,academy_3_vs_1_with_keeper,123,collect_rollout,651,0,17,-0.006666666362434626,False,False,0.0,0.0,0,0,0,0.0,0.0,0.0,0.0,-0.006666666362434626,1,-0.006666666362434626
,academy_3_vs_1_with_keeper,123,collect_rollout,652,0,19,-0.006666666362434626,False,False,0.0,0.0,0,0,0,0.0,0.0,0.0,0.0,-0.006666666362434626,1,-0.006666666362434626
,academy_3_vs_1_with_keeper,123,collect_rollout,653,0,15,-0.11453204974532127,False,False,0.0,0.0,0,0,0,0.0,0.0,0.0,0.0,-0.11453204974532127,1,-0.11453204974532127
,academy_3_vs_1_with_keeper,123,collect_rollout,654,0,69,-0.259801494772546,False,False,0.0,0.0,0,0,0,0.0,0.0,0.0,0.0,-0.259801494772546,1,-0.259801494772546
,academy_3_vs_1_with_keeper,123,collect_rollout,655,0,19,-0.003333333181217313,False,False,0.0,0.0,0,0,0,0.0,0.0,0.0,0.0,-0.003333333181217313,1,-0.003333333181217313
,academy_3_vs_1_with_keeper,123,collect_rollout,656,0,23,-0.003333333181217313,False,False,0.0,0.0,0,0,0,0.0,0.0,0.0,0.0,-0.003333333181217313,1,-0.003333333181217313
,academy_3_vs_1_with_keeper,123,collect_rollout,657,0,49,-0.06666666688397527,False,False,0.0,0.0,0,0,0,0.0,0.0,0.0,0.0,-0.06666666688397527,1,-0.06666666688397527
,academy_3_vs_1_with_keeper,123,collect_rollout,658,0,17,-0.006666666362434626,False,False,0.0,0.0,0,0,0,0.0,0.0,0.0,0.0,-0.006666666362434626,1,-0.006666666362434626
,academy_3_vs_1_with_keeper,123,collect_rollout,659,0,18,-0.003333333181217313,False,False,0.0,0.0,0,0,0,0.0,0.0,0.0,0.0,-0.003333333181217313,1,-0.003333333181217313
,academy_3_vs_1_with_keeper,123,collect_rollout,660,0,75,-0.0974997339071706,False,False,0.0,0.0,0,0,0,0.0,0.0,0.0,0.0,-0.0974997339071706,1,-0.0974997339071706
,academy_3_vs_1_with_keeper,123,collect_rollout,661,0,21,0.0,False,False,0.0,0.0,0,0,0,0.0,0.0,0.0,0.0,0.0,1,0.0
,academy_3_vs_1_with_keeper,123,collect_rollout,662,0,71,-0.07315186018240638,False,False,0.0,0.0,0,0,0,0.0,0.0,0.0,0.0,-0.07315186018240638,1,-0.07315186018240638
,academy_3_vs_1_with_keeper,123,collect_rollout,663,0,116,-0.23791785119101405,False,False,0.0,0.0,0,0,0,0.0,0.0,0.0,0.0,-0.23791785119101405,1,-0.23791785119101405
,academy_3_vs_1_with_keeper,123,collect_rollout,664,0,15,-0.003333333181217313,False,False,0.0,0.0,0,0,0,0.0,0.0,0.0,0.0,-0.003333333181217313,1,-0.003333333181217313
,academy_3_vs_1_with_keeper,123,collect_rollout,665,0,18,-0.003333333181217313,False,False,0.0,0.0,0,0,0,0.0,0.0,0.0,0.0,-0.003333333181217313,1,-0.003333333181217313
,academy_3_vs_1_with_keeper,123,collect_rollout,666,0,20,-0.006666666362434626,False,False,0.0,0.0,0,0,0,0.0,0.0,0.0,0.0,-0.006666666362434626,1,-0.006666666362434626
,academy_3_vs_1_with_keeper,123,collect_rollout,667,0,20,-0.006666666362434626,False,False,0.0,0.0,0,0,0,0.0,0.0,0.0,0.0,-0.006666666362434626,1,-0.006666666362434626
,academy_3_vs_1_with_keeper,123,collect_rollout,668,0,19,0.0,False,False,0.0,0.0,0,0,0,0.0,0.0,0.0,0.0,0.0,1,0.0
,academy_3_vs_1_with_keeper,123,collect_rollout,669,0,16,-0.003333333181217313,False,False,0.0,0.0,0,0,0,0.0,0.0,0.0,0.0,-0.003333333181217313,1,-0.003333333181217313
,academy_3_vs_1_with_keeper,123,collect_rollout,670,0,155,-0.12999999755993485,False,False,0.0,0.0,0,0,0,0.0,0.0,0.0,0.0,-0.12999999755993485,1,-0.12999999755993485
,academy_3_vs_1_with_keeper,123,collect_rollout,671,0,19,-0.006666666362434626,False,False,0.0,0.0,0,0,0,0.0,0.0,0.0,0.0,-0.006666666362434626,1,-0.006666666362434626
,academy_3_vs_1_with_keeper,123,collect_rollout,672,0,19,-0.009999999543651938,False,False,0.0,0.0,0,0,0,0.0,0.0,0.0,0.0,-0.009999999543651938,1,-0.009999999543651938
,academy_3_vs_1_with_keeper,123,collect_rollout,673,0,18,-0.006666666362434626,False,False,0.0,0.0,0,0,0,0.0,0.0,0.0,0.0,-0.006666666362434626,1,-0.006666666362434626
,academy_3_vs_1_with_keeper,123,collect_rollout,674,0,19,-0.003333333181217313,False,False,0.0,0.0,0,0,0,0.0,0.0,0.0,0.0,-0.003333333181217313,1,-0.003333333181217313
,academy_3_vs_1_with_keeper,123,collect_rollout,675,0,24,-0.003333333181217313,False,False,0.0,0.0,0,0,0,0.0,0.0,0.0,0.0,-0.003333333181217313,1,-0.003333333181217313
,academy_3_vs_1_with_keeper,123,collect_rollout,676,0,16,-0.003333333181217313,False,False,0.0,0.0,0,0,0,0.0,0.0,0.0,0.0,-0.003333333181217313,1,-0.003333333181217313
,academy_3_vs_1_with_keeper,123,collect_rollout,677,0,14,0.0,False,False,0.0,0.0,0,0,0,0.0,0.0,0.0,0.0,0.0,1,0.0
,academy_3_vs_1_with_keeper,123,collect_rollout,678,0,21,-0.006666666362434626,False,False,0.0,0.0,0,0,0,0.0,0.0,0.0,0.0,-0.006666666362434626,1,-0.006666666362434626
,academy_3_vs_1_with_keeper,123,collect_rollout,679,0,20,0.0,False,False,0.0,0.0,0,0,0,0.0,0.0,0.0,0.0,0.0,1,0.0
,academy_3_vs_1_with_keeper,123,collect_rollout,680,0,16,-0.006666666362434626,False,False,0.0,0.0,0,0,0,0.0,0.0,0.0,0.0,-0.006666666362434626,1,-0.006666666362434626
,academy_3_vs_1_with_keeper,123,collect_rollout,681,0,90,-0.23333332710899413,False,False,0.0,0.0,0,0,0,0.0,0.0,0.0,0.0,-0.23333332710899413,1,-0.23333332710899413
,academy_3_vs_1_with_keeper,123,collect_rollout,682,0,21,-0.009999999543651938,False,False,0.0,0.0,0,0,0,0.0,0.0,0.0,0.0,-0.009999999543651938,1,-0.009999999543651938
,academy_3_vs_1_with_keeper,123,collect_rollout,683,0,76,-0.11666666786186397,False,False,0.0,0.0,0,0,0,0.0,0.0,0.0,0.0,-0.11666666786186397,1,-0.11666666786186397
,academy_3_vs_1_with_keeper,123,collect_rollout,684,0,18,0.0,False,False,0.0,0.0,0,0,0,0.0,0.0,0.0,0.0,0.0,1,0.0
,academy_3_vs_1_with_keeper,123,collect_rollout,685,0,18,-0.013333332724869251,False,False,0.0,0.0,0,0,0,0.0,0.0,0.0,0.0,-0.013333332724869251,1,-0.013333332724869251
,academy_3_vs_1_with_keeper,123,collect_rollout,686,0,70,-0.1187645752215758,False,False,0.0,0.0,0,0,0,0.0,0.0,0.0,0.0,-0.1187645752215758,1,-0.1187645752215758
,academy_3_vs_1_with_keeper,123,collect_rollout,687,0,19,-0.006666666362434626,False,False,0.0,0.0,0,0,0,0.0,0.0,0.0,0.0,-0.006666666362434626,1,-0.006666666362434626
,academy_3_vs_1_with_keeper,123,collect_rollout,688,0,21,-0.003333333181217313,False,False,0.0,0.0,0,0,0,0.0,0.0,0.0,0.0,-0.003333333181217313,1,-0.003333333181217313
,academy_3_vs_1_with_keeper,123,collect_rollout,689,0,19,0.0,False,False,0.0,0.0,0,0,0,0.0,0.0,0.0,0.0,0.0,1,0.0
,academy_3_vs_1_with_keeper,123,collect_rollout,690,0,22,-0.003333333181217313,False,False,0.0,0.0,0,0,0,0.0,0.0,0.0,0.0,-0.003333333181217313,1,-0.003333333181217313
,academy_3_vs_1_with_keeper,123,collect_rollout,691,0,22,-0.006666666362434626,False,False,0.0,0.0,0,0,0,0.0,0.0,0.0,0.0,-0.006666666362434626,1,-0.006666666362434626
,academy_3_vs_1_with_keeper,123,collect_rollout,692,0,18,-0.003333333181217313,False,False,0.0,0.0,0,0,0,0.0,0.0,0.0,0.0,-0.003333333181217313,1,-0.003333333181217313
,academy_3_vs_1_with_keeper,123,collect_rollout,693,0,17,-0.006666666362434626,False,False,0.0,0.0,0,0,0,0.0,0.0,0.0,0.0,-0.006666666362434626,1,-0.006666666362434626
,academy_3_vs_1_with_keeper,123,collect_rollout,694,0,77,-0.12120942142792046,False,False,0.0,0.0,0,0,0,0.0,0.0,0.0,0.0,-0.12120942142792046,1,-0.12120942142792046
,academy_3_vs_1_with_keeper,123,collect_rollout,695,0,21,-0.003333333181217313,False,False,0.0,0.0,0,0,0,0.0,0.0,0.0,0.0,-0.003333333181217313,1,-0.003333333181217313
,academy_3_vs_1_with_keeper,123,collect_rollout,696,0,75,1.8989152272697538,False,False,0.0,0.0,0,0,0,0.0,0.0,0.0,0.0,1.8989152272697538,1,1.8989152272697538
,academy_3_vs_1_with_keeper,123,collect_rollout,697,0,18,-0.009999999543651938,False,False,0.0,0.0,0,0,0,0.0,0.0,0.0,0.0,-0.009999999543651938,1,-0.009999999543651938
,academy_3_vs_1_with_keeper,123,collect_rollout,698,0,14,0.0,False,False,0.0,0.0,0,0,0,0.0,0.0,0.0,0.0,0.0,1,0.0
,academy_3_vs_1_with_keeper,123,collect_rollout,699,0,22,-0.003333333181217313,False,False,0.0,0.0,0,0,0,0.0,0.0,0.0,0.0,-0.003333333181217313,1,-0.003333333181217313
,academy_3_vs_1_with_keeper,123,collect_rollout,700,0,84,-0.09945284781861119,False,False,0.0,0.0,0,0,0,0.0,0.0,0.0,0.0,-0.09945284781861119,1,-0.09945284781861119
,academy_3_vs_1_with_keeper,123,collect_rollout,701,0,73,-0.3628535703755915,False,False,0.0,0.0,0,0,0,0.0,0.0,0.0,0.0,-0.3628535703755915,1,-0.3628535703755915
,academy_3_vs_1_with_keeper,123,collect_rollout,702,0,18,0.0,False,False,0.0,0.0,0,0,0,0.0,0.0,0.0,0.0,0.0,1,0.0
,academy_3_vs_1_with_keeper,123,collect_rollout,703,0,23,-0.009999999543651938,False,False,0.0,0.0,0,0,0,0.0,0.0,0.0,0.0,-0.009999999543651938,1,-0.009999999543651938
,academy_3_vs_1_with_keeper,123,collect_rollout,704,0,74,-0.1716832856182009,False,False,0.0,0.0,0,0,0,0.0,0.0,0.0,0.0,-0.1716832856182009,1,-0.1716832856182009
,academy_3_vs_1_with_keeper,123,collect_rollout,705,0,21,-0.006666666362434626,False,False,0.0,0.0,0,0,0,0.0,0.0,0.0,0.0,-0.006666666362434626,1,-0.006666666362434626
,academy_3_vs_1_with_keeper,123,collect_rollout,706,0,32,0.027688618516549468,False,False,0.0,0.0,0,0,0,0.0,0.0,0.0,0.0,0.027688618516549468,1,0.027688618516549468
,academy_3_vs_1_with_keeper,123,collect_rollout,707,0,19,0.0,False,False,0.0,0.0,0,0,0,0.0,0.0,0.0,0.0,0.0,1,0.0
,academy_3_vs_1_with_keeper,123,collect_rollout,708,0,17,-0.003333333181217313,False,False,0.0,0.0,0,0,0,0.0,0.0,0.0,0.0,-0.003333333181217313,1,-0.003333333181217313
,academy_3_vs_1_with_keeper,123,collect_rollout,709,0,14,0.0,False,False,0.0,0.0,0,0,0,0.0,0.0,0.0,0.0,0.0,1,0.0
,academy_3_vs_1_with_keeper,123,collect_rollout,710,0,16,0.0,False,False,0.0,0.0,0,0,0,0.0,0.0,0.0,0.0,0.0,1,0.0
,academy_3_vs_1_with_keeper,123,collect_rollout,711,0,108,-0.11081367661245167,False,False,0.0,0.0,0,0,0,0.0,0.0,0.0,0.0,-0.11081367661245167,1,-0.11081367661245167
,academy_3_vs_1_with_keeper,123,collect_rollout,712,0,20,-0.006666666362434626,False,False,0.0,0.0,0,0,0,0.0,0.0,0.0,0.0,-0.006666666362434626,1,-0.006666666362434626
,academy_3_vs_1_with_keeper,123,collect_rollout,713,0,98,-0.35734726220835,False,False,0.0,0.0,0,0,0,0.0,0.0,0.0,0.0,-0.35734726220835,1,-0.35734726220835
,academy_3_vs_1_with_keeper,123,collect_rollout,714,0,22,-0.006666666362434626,False,False,0.0,0.0,0,0,0,0.0,0.0,0.0,0.0,-0.006666666362434626,1,-0.006666666362434626
,academy_3_vs_1_with_keeper,123,collect_rollout,715,0,16,-0.003333333181217313,False,False,0.0,0.0,0,0,0,0.0,0.0,0.0,0.0,-0.003333333181217313,1,-0.003333333181217313
,academy_3_vs_1_with_keeper,123,collect_rollout,716,0,16,0.0,False,False,0.0,0.0,0,0,0,0.0,0.0,0.0,0.0,0.0,1,0.0
,academy_3_vs_1_with_keeper,123,collect_rollout,717,0,86,-1.0600000005215406,False,False,0.0,0.0,0,0,0,0.0,0.0,0.0,0.0,-1.0600000005215406,1,-1.0600000005215406
,academy_3_vs_1_with_keeper,123,collect_rollout,718,0,63,0.01121274579782039,False,False,0.0,0.0,0,0,0,0.0,0.0,0.0,0.0,0.01121274579782039,1,0.01121274579782039
,academy_3_vs_1_with_keeper,123,collect_rollout,719,0,135,-0.5748295746743679,False,False,0.0,0.0,0,0,0,0.0,0.0,0.0,0.0,-0.5748295746743679,1,-0.5748295746743679
,academy_3_vs_1_with_keeper,123,collect_rollout,720,0,19,-0.003333333181217313,False,False,0.0,0.0,0,0,0,0.0,0.0,0.0,0.0,-0.003333333181217313,1,-0.003333333181217313
,academy_3_vs_1_with_keeper,123,collect_rollout,721,0,19,-0.003333333181217313,False,False,0.0,0.0,0,0,0,0.0,0.0,0.0,0.0,-0.003333333181217313,1,-0.003333333181217313
,academy_3_vs_1_with_keeper,123,collect_rollout,722,0,18,-0.003333333181217313,False,False,0.0,0.0,0,0,0,0.0,0.0,0.0,0.0,-0.003333333181217313,1,-0.003333333181217313
,academy_3_vs_1_with_keeper,123,collect_rollout,723,0,52,-0.06566450651735067,False,False,0.0,0.0,0,0,0,0.0,0.0,0.0,0.0,-0.06566450651735067,1,-0.06566450651735067
,academy_3_vs_1_with_keeper,123,collect_rollout,724,0,18,-0.003333333181217313,False,False,0.0,0.0,0,0,0,0.0,0.0,0.0,0.0,-0.003333333181217313,1,-0.003333333181217313
,academy_3_vs_1_with_keeper,123,collect_rollout,725,0,21,-0.016666665906086564,False,False,0.0,0.0,0,0,0,0.0,0.0,0.0,0.0,-0.016666665906086564,1,-0.016666665906086564
,academy_3_vs_1_with_keeper,123,collect_rollout,726,0,16,-0.031387500232085586,False,False,0.0,0.0,0,0,0,0.0,0.0,0.0,0.0,-0.031387500232085586,1,-0.031387500232085586
,academy_3_vs_1_with_keeper,123,collect_rollout,727,0,48,-0.28161701234057546,False,False,0.0,0.0,0,0,0,0.0,0.0,0.0,0.0,-0.28161701234057546,1,-0.28161701234057546
,academy_3_vs_1_with_keeper,123,collect_rollout,728,0,39,0.023827300872653723,False,False,0.0,0.0,0,0,0,0.0,0.0,0.0,0.0,0.023827300872653723,1,0.023827300872653723
,academy_3_vs_1_with_keeper,123,collect_rollout,729,0,22,0.0,False,False,0.0,0.0,0,0,0,0.0,0.0,0.0,0.0,0.0,1,0.0
,academy_3_vs_1_with_keeper,123,collect_rollout,730,0,15,-0.006666666362434626,False,False,0.0,0.0,0,0,0,0.0,0.0,0.0,0.0,-0.006666666362434626,1,-0.006666666362434626
,academy_3_vs_1_with_keeper,123,collect_rollout,731,0,19,-0.003333333181217313,False,False,0.0,0.0,0,0,0,0.0,0.0,0.0,0.0,-0.003333333181217313,1,-0.003333333181217313
,academy_3_vs_1_with_keeper,123,collect_rollout,732,0,176,-1.1247923760674894,False,False,0.0,0.0,0,0,0,0.0,0.0,0.0,0.0,-1.1247923760674894,1,-1.1247923760674894
,academy_3_vs_1_with_keeper,123,collect_rollout,733,0,17,-0.006666666362434626,False,False,0.0,0.0,0,0,0,0.0,0.0,0.0,0.0,-0.006666666362434626,1,-0.006666666362434626
,academy_3_vs_1_with_keeper,123,collect_rollout,734,0,92,-0.07333333324640989,False,False,0.0,0.0,0,0,0,0.0,0.0,0.0,0.0,-0.07333333324640989,1,-0.07333333324640989
,academy_3_vs_1_with_keeper,123,collect_rollout,735,0,21,-0.003333333181217313,False,False,0.0,0.0,0,0,0,0.0,0.0,0.0,0.0,-0.003333333181217313,1,-0.003333333181217313
,academy_3_vs_1_with_keeper,123,collect_rollout,736,0,21,-0.003333333181217313,False,False,0.0,0.0,0,0,0,0.0,0.0,0.0,0.0,-0.003333333181217313,1,-0.003333333181217313
,academy_3_vs_1_with_keeper,123,collect_rollout,737,0,21,-0.003333333181217313,False,False,0.0,0.0,0,0,0,0.0,0.0,0.0,0.0,-0.003333333181217313,1,-0.003333333181217313
,academy_3_vs_1_with_keeper,123,collect_rollout,738,0,84,-0.21186705766012892,False,False,0.0,0.0,0,0,0,0.0,0.0,0.0,0.0,-0.21186705766012892,1,-0.21186705766012892
,academy_3_vs_1_with_keeper,123,collect_rollout,739,0,19,-0.013333332724869251,False,False,0.0,0.0,0,0,0,0.0,0.0,0.0,0.0,-0.013333332724869251,1,-0.013333332724869251
,academy_3_vs_1_with_keeper,123,collect_rollout,740,0,15,-0.003333333181217313,False,False,0.0,0.0,0,0,0,0.0,0.0,0.0,0.0,-0.003333333181217313,1,-0.003333333181217313
,academy_3_vs_1_with_keeper,123,collect_rollout,741,0,21,-0.003333333181217313,False,False,0.0,0.0,0,0,0,0.0,0.0,0.0,0.0,-0.003333333181217313,1,-0.003333333181217313
,academy_3_vs_1_with_keeper,123,collect_rollout,742,0,23,-0.013333332724869251,False,False,0.0,0.0,0,0,0,0.0,0.0,0.0,0.0,-0.013333332724869251,1,-0.013333332724869251
,academy_3_vs_1_with_keeper,123,collect_rollout,743,0,20,-0.006666666362434626,False,False,0.0,0.0,0,0,0,0.0,0.0,0.0,0.0,-0.006666666362434626,1,-0.006666666362434626
,academy_3_vs_1_with_keeper,123,collect_rollout,744,0,23,-0.016666665906086564,False,False,0.0,0.0,0,0,0,0.0,0.0,0.0,0.0,-0.016666665906086564,1,-0.016666665906086564
,academy_3_vs_1_with_keeper,123,collect_rollout,745,0,22,-0.006666666362434626,False,False,0.0,0.0,0,0,0,0.0,0.0,0.0,0.0,-0.006666666362434626,1,-0.006666666362434626
,academy_3_vs_1_with_keeper,123,collect_rollout,746,0,21,-0.006666666362434626,False,False,0.0,0.0,0,0,0,0.0,0.0,0.0,0.0,-0.006666666362434626,1,-0.006666666362434626
,academy_3_vs_1_with_keeper,123,collect_rollout,747,0,17,0.0,False,False,0.0,0.0,0,0,0,0.0,0.0,0.0,0.0,0.0,1,0.0
,academy_3_vs_1_with_keeper,123,collect_rollout,748,0,105,-0.3754042041255161,False,False,0.0,0.0,0,0,0,0.0,0.0,0.0,0.0,-0.3754042041255161,1,-0.3754042041255161
,academy_3_vs_1_with_keeper,123,collect_rollout,749,0,19,-0.006666666362434626,False,False,0.0,0.0,0,0,0,0.0,0.0,0.0,0.0,-0.006666666362434626,1,-0.006666666362434626
,academy_3_vs_1_with_keeper,123,collect_rollout,750,0,18,-0.003333333181217313,False,False,0.0,0.0,0,0,0,0.0,0.0,0.0,0.0,-0.003333333181217313,1,-0.003333333181217313
,academy_3_vs_1_with_keeper,123,collect_rollout,751,0,19,-0.009999999543651938,False,False,0.0,0.0,0,0,0,0.0,0.0,0.0,0.0,-0.009999999543651938,1,-0.009999999543651938
,academy_3_vs_1_with_keeper,123,collect_rollout,752,0,16,-0.006666666362434626,False,False,0.0,0.0,0,0,0,0.0,0.0,0.0,0.0,-0.006666666362434626,1,-0.006666666362434626
,academy_3_vs_1_with_keeper,123,collect_rollout,753,0,18,-0.006666666362434626,False,False,0.0,0.0,0,0,0,0.0,0.0,0.0,0.0,-0.006666666362434626,1,-0.006666666362434626
,academy_3_vs_1_with_keeper,123,collect_rollout,754,0,15,-0.009999999543651938,False,False,0.0,0.0,0,0,0,0.0,0.0,0.0,0.0,-0.009999999543651938,1,-0.009999999543651938
,academy_3_vs_1_with_keeper,123,collect_rollout,755,0,136,-0.5924937937525101,False,False,0.0,0.0,0,0,0,0.0,0.0,0.0,0.0,-0.5924937937525101,1,-0.5924937937525101
,academy_3_vs_1_with_keeper,123,collect_rollout,756,0,9,-0.006617850158363581,False,False,0.0,0.0,0,0,0,0.0,0.0,0.0,0.0,-0.006617850158363581,1,-0.006617850158363581
,academy_3_vs_1_with_keeper,123,collect_rollout,757,0,19,-0.003333333181217313,False,False,0.0,0.0,0,0,0,0.0,0.0,0.0,0.0,-0.003333333181217313,1,-0.003333333181217313
,academy_3_vs_1_with_keeper,123,collect_rollout,758,0,22,-0.003333333181217313,False,False,0.0,0.0,0,0,0,0.0,0.0,0.0,0.0,-0.003333333181217313,1,-0.003333333181217313
,academy_3_vs_1_with_keeper,123,collect_rollout,759,0,14,0.0,False,False,0.0,0.0,0,0,0,0.0,0.0,0.0,0.0,0.0,1,0.0
,academy_3_vs_1_with_keeper,123,collect_rollout,760,0,21,-0.003333333181217313,False,False,0.0,0.0,0,0,0,0.0,0.0,0.0,0.0,-0.003333333181217313,1,-0.003333333181217313
,academy_3_vs_1_with_keeper,123,collect_rollout,761,0,19,-0.009999999543651938,False,False,0.0,0.0,0,0,0,0.0,0.0,0.0,0.0,-0.009999999543651938,1,-0.009999999543651938
,academy_3_vs_1_with_keeper,123,collect_rollout,762,0,21,0.0,False,False,0.0,0.0,0,0,0,0.0,0.0,0.0,0.0,0.0,1,0.0
,academy_3_vs_1_with_keeper,123,collect_rollout,763,0,20,-0.013333332724869251,False,False,0.0,0.0,0,0,0,0.0,0.0,0.0,0.0,-0.013333332724869251,1,-0.013333332724869251
,academy_3_vs_1_with_keeper,123,collect_rollout,764,0,19,-0.003333333181217313,False,False,0.0,0.0,0,0,0,0.0,0.0,0.0,0.0,-0.003333333181217313,1,-0.003333333181217313
,academy_3_vs_1_with_keeper,123,collect_rollout,765,0,14,-0.12756917090155184,False,False,0.0,0.0,0,0,0,0.0,0.0,0.0,0.0,-0.12756917090155184,1,-0.12756917090155184
,academy_3_vs_1_with_keeper,123,collect_rollout,766,0,15,-0.006666666362434626,False,False,0.0,0.0,0,0,0,0.0,0.0,0.0,0.0,-0.006666666362434626,1,-0.006666666362434626
,academy_3_vs_1_with_keeper,123,collect_rollout,767,0,22,-0.013333332724869251,False,False,0.0,0.0,0,0,0,0.0,0.0,0.0,0.0,-0.013333332724869251,1,-0.013333332724869251
,academy_3_vs_1_with_keeper,123,collect_rollout,768,0,19,-0.009999999543651938,False,False,0.0,0.0,0,0,0,0.0,0.0,0.0,0.0,-0.009999999543651938,1,-0.009999999543651938
,academy_3_vs_1_with_keeper,123,collect_rollout,769,0,16,-0.009999999543651938,False,False,0.0,0.0,0,0,0,0.0,0.0,0.0,0.0,-0.009999999543651938,1,-0.009999999543651938
,academy_3_vs_1_with_keeper,123,collect_rollout,770,0,18,-0.003333333181217313,False,False,0.0,0.0,0,0,0,0.0,0.0,0.0,0.0,-0.003333333181217313,1,-0.003333333181217313
,academy_3_vs_1_with_keeper,123,collect_rollout,771,0,98,-0.19802444041124545,False,False,0.0,0.0,0,0,0,0.0,0.0,0.0,0.0,-0.19802444041124545,1,-0.19802444041124545
,academy_3_vs_1_with_keeper,123,collect_rollout,772,0,17,-0.009999999543651938,False,False,0.0,0.0,0,0,0,0.0,0.0,0.0,0.0,-0.009999999543651938,1,-0.009999999543651938
,academy_3_vs_1_with_keeper,123,collect_rollout,773,0,19,-0.016666665906086564,False,False,0.0,0.0,0,0,0,0.0,0.0,0.0,0.0,-0.016666665906086564,1,-0.016666665906086564
,academy_3_vs_1_with_keeper,123,collect_rollout,774,0,52,-0.053333334159106016,False,False,0.0,0.0,0,0,0,0.0,0.0,0.0,0.0,-0.053333334159106016,1,-0.053333334159106016
,academy_3_vs_1_with_keeper,123,collect_rollout,775,0,75,-0.21616717998404056,False,False,0.0,0.0,0,0,0,0.0,0.0,0.0,0.0,-0.21616717998404056,1,-0.21616717998404056
,academy_3_vs_1_with_keeper,123,collect_rollout,776,0,79,-0.2200209554284811,False,False,0.0,0.0,0,0,0,0.0,0.0,0.0,0.0,-0.2200209554284811,1,-0.2200209554284811
,academy_3_vs_1_with_keeper,123,collect_rollout,777,0,17,0.0,False,False,0.0,0.0,0,0,0,0.0,0.0,0.0,0.0,0.0,1,0.0
,academy_3_vs_1_with_keeper,123,collect_rollout,778,0,15,-0.003333333181217313,False,False,0.0,0.0,0,0,0,0.0,0.0,0.0,0.0,-0.003333333181217313,1,-0.003333333181217313
,academy_3_vs_1_with_keeper,123,collect_rollout,779,0,22,-0.006666666362434626,False,False,0.0,0.0,0,0,0,0.0,0.0,0.0,0.0,-0.006666666362434626,1,-0.006666666362434626
,academy_3_vs_1_with_keeper,123,collect_rollout,780,0,16,0.0,False,False,0.0,0.0,0,0,0,0.0,0.0,0.0,0.0,0.0,1,0.0
,academy_3_vs_1_with_keeper,123,collect_rollout,781,0,17,0.0,False,False,0.0,0.0,0,0,0,0.0,0.0,0.0,0.0,0.0,1,0.0
,academy_3_vs_1_with_keeper,123,collect_rollout,782,0,105,-0.13778362242737785,False,False,0.0,0.0,0,0,0,0.0,0.0,0.0,0.0,-0.13778362242737785,1,-0.13778362242737785
,academy_3_vs_1_with_keeper,123,collect_rollout,783,0,23,-0.006666666362434626,False,False,0.0,0.0,0,0,0,0.0,0.0,0.0,0.0,-0.006666666362434626,1,-0.006666666362434626
,academy_3_vs_1_with_keeper,123,collect_rollout,784,0,19,-0.009999999543651938,False,False,0.0,0.0,0,0,0,0.0,0.0,0.0,0.0,-0.009999999543651938,1,-0.009999999543651938
,academy_3_vs_1_with_keeper,123,collect_rollout,785,0,44,-0.11052715266123414,False,False,0.0,0.0,0,0,0,0.0,0.0,0.0,0.0,-0.11052715266123414,1,-0.11052715266123414
,academy_3_vs_1_with_keeper,123,collect_rollout,786,0,19,-0.003333333181217313,False,False,0.0,0.0,0,0,0,0.0,0.0,0.0,0.0,-0.003333333181217313,1,-0.003333333181217313
,academy_3_vs_1_with_keeper,123,collect_rollout,787,0,15,-0.006666666362434626,False,False,0.0,0.0,0,0,0,0.0,0.0,0.0,0.0,-0.006666666362434626,1,-0.006666666362434626
,academy_3_vs_1_with_keeper,123,collect_rollout,788,0,82,-0.2674360544187948,False,False,0.0,0.0,0,0,0,0.0,0.0,0.0,0.0,-0.2674360544187948,1,-0.2674360544187948
,academy_3_vs_1_with_keeper,123,collect_rollout,789,0,23,-0.003333333181217313,False,False,0.0,0.0,0,0,0,0.0,0.0,0.0,0.0,-0.003333333181217313,1,-0.003333333181217313
,academy_3_vs_1_with_keeper,123,collect_rollout,790,0,16,-0.006666666362434626,False,False,0.0,0.0,0,0,0,0.0,0.0,0.0,0.0,-0.006666666362434626,1,-0.006666666362434626
,academy_3_vs_1_with_keeper,123,collect_rollout,791,0,18,-0.013333332724869251,False,False,0.0,0.0,0,0,0,0.0,0.0,0.0,0.0,-0.013333332724869251,1,-0.013333332724869251
,academy_3_vs_1_with_keeper,123,collect_rollout,792,0,15,0.0,False,False,0.0,0.0,0,0,0,0.0,0.0,0.0,0.0,0.0,1,0.0
,academy_3_vs_1_with_keeper,123,collect_rollout,793,0,18,-0.003333333181217313,False,False,0.0,0.0,0,0,0,0.0,0.0,0.0,0.0,-0.003333333181217313,1,-0.003333333181217313
,academy_3_vs_1_with_keeper,123,collect_rollout,794,0,15,-0.006666666362434626,False,False,0.0,0.0,0,0,0,0.0,0.0,0.0,0.0,-0.006666666362434626,1,-0.006666666362434626
,academy_3_vs_1_with_keeper,123,collect_rollout,795,0,20,-0.006666666362434626,False,False,0.0,0.0,0,0,0,0.0,0.0,0.0,0.0,-0.006666666362434626,1,-0.006666666362434626
,academy_3_vs_1_with_keeper,123,collect_rollout,796,0,19,-0.009999999543651938,False,False,0.0,0.0,0,0,0,0.0,0.0,0.0,0.0,-0.009999999543651938,1,-0.009999999543651938
,academy_3_vs_1_with_keeper,123,collect_rollout,797,0,59,-0.15447326726280153,False,False,0.0,0.0,0,0,0,0.0,0.0,0.0,0.0,-0.15447326726280153,1,-0.15447326726280153
,academy_3_vs_1_with_keeper,123,collect_rollout,798,0,18,-0.013333332724869251,False,False,0.0,0.0,0,0,0,0.0,0.0,0.0,0.0,-0.013333332724869251,1,-0.013333332724869251
,academy_3_vs_1_with_keeper,123,collect_rollout,799,0,15,0.0,False,False,0.0,0.0,0,0,0,0.0,0.0,0.0,0.0,0.0,1,0.0
,academy_3_vs_1_with_keeper,123,collect_rollout,800,0,49,-0.05174236360471696,False,False,0.0,0.0,0,0,0,0.0,0.0,0.0,0.0,-0.05174236360471696,1,-0.05174236360471696
,academy_3_vs_1_with_keeper,123,collect_rollout,801,0,19,0.0,False,False,0.0,0.0,0,0,0,0.0,0.0,0.0,0.0,0.0,1,0.0
,academy_3_vs_1_with_keeper,123,collect_rollout,802,0,18,-0.003333333181217313,False,False,0.0,0.0,0,0,0,0.0,0.0,0.0,0.0,-0.003333333181217313,1,-0.003333333181217313
,academy_3_vs_1_with_keeper,123,collect_rollout,803,0,21,-0.019999999087303877,False,False,0.0,0.0,0,0,0,0.0,0.0,0.0,0.0,-0.019999999087303877,1,-0.019999999087303877
,academy_3_vs_1_with_keeper,123,collect_rollout,804,0,18,0.0,False,False,0.0,0.0,0,0,0,0.0,0.0,0.0,0.0,0.0,1,0.0
,academy_3_vs_1_with_keeper,123,collect_rollout,805,0,39,0.003987476346082985,False,False,0.0,0.0,0,0,0,0.0,0.0,0.0,0.0,0.003987476346082985,1,0.003987476346082985
,academy_3_vs_1_with_keeper,123,collect_rollout,806,0,20,-0.003333333181217313,False,False,0.0,0.0,0,0,0,0.0,0.0,0.0,0.0,-0.003333333181217313,1,-0.003333333181217313
,academy_3_vs_1_with_keeper,123,collect_rollout,807,0,19,0.0,False,False,0.0,0.0,0,0,0,0.0,0.0,0.0,0.0,0.0,1,0.0
,academy_3_vs_1_with_keeper,123,collect_rollout,808,0,18,-0.009999999543651938,False,False,0.0,0.0,0,0,0,0.0,0.0,0.0,0.0,-0.009999999543651938,1,-0.009999999543651938
,academy_3_vs_1_with_keeper,123,collect_rollout,809,0,18,-0.003333333181217313,False,False,0.0,0.0,0,0,0,0.0,0.0,0.0,0.0,-0.003333333181217313,1,-0.003333333181217313
,academy_3_vs_1_with_keeper,123,collect_rollout,810,0,18,-0.006666666362434626,False,False,0.0,0.0,0,0,0,0.0,0.0,0.0,0.0,-0.006666666362434626,1,-0.006666666362434626
,academy_3_vs_1_with_keeper,123,collect_rollout,811,0,47,-0.015401976779685356,False,False,0.0,0.0,0,0,0,0.0,0.0,0.0,0.0,-0.015401976779685356,1,-0.015401976779685356
,academy_3_vs_1_with_keeper,123,collect_rollout,812,0,19,-0.009999999543651938,False,False,0.0,0.0,0,0,0,0.0,0.0,0.0,0.0,-0.009999999543651938,1,-0.009999999543651938
,academy_3_vs_1_with_keeper,123,collect_rollout,813,0,21,-0.009999999543651938,False,False,0.0,0.0,0,0,0,0.0,0.0,0.0,0.0,-0.009999999543651938,1,-0.009999999543651938
,academy_3_vs_1_with_keeper,123,collect_rollout,814,0,16,-0.003333333181217313,False,False,0.0,0.0,0,0,0,0.0,0.0,0.0,0.0,-0.003333333181217313,1,-0.003333333181217313
,academy_3_vs_1_with_keeper,123,collect_rollout,815,0,18,-0.013333332724869251,False,False,0.0,0.0,0,0,0,0.0,0.0,0.0,0.0,-0.013333332724869251,1,-0.013333332724869251
,academy_3_vs_1_with_keeper,123,collect_rollout,816,0,18,-0.006666666362434626,False,False,0.0,0.0,0,0,0,0.0,0.0,0.0,0.0,-0.006666666362434626,1,-0.006666666362434626
,academy_3_vs_1_with_keeper,123,collect_rollout,817,0,109,-0.18935198744293302,False,False,0.0,0.0,0,0,0,0.0,0.0,0.0,0.0,-0.18935198744293302,1,-0.18935198744293302
,academy_3_vs_1_with_keeper,123,collect_rollout,818,0,17,-0.006666666362434626,False,False,0.0,0.0,0,0,0,0.0,0.0,0.0,0.0,-0.006666666362434626,1,-0.006666666362434626
,academy_3_vs_1_with_keeper,123,collect_rollout,819,0,32,0.01375778450164944,False,False,0.0,0.0,0,0,0,0.0,0.0,0.0,0.0,0.01375778450164944,1,0.01375778450164944
,academy_3_vs_1_with_keeper,123,collect_rollout,820,0,60,-0.1866666623391211,False,False,0.0,0.0,0,0,0,0.0,0.0,0.0,0.0,-0.1866666623391211,1,-0.1866666623391211
,academy_3_vs_1_with_keeper,123,collect_rollout,821,0,15,-0.006666666362434626,False,False,0.0,0.0,0,0,0,0.0,0.0,0.0,0.0,-0.006666666362434626,1,-0.006666666362434626
,academy_3_vs_1_with_keeper,123,collect_rollout,822,0,17,-0.016666665906086564,False,False,0.0,0.0,0,0,0,0.0,0.0,0.0,0.0,-0.016666665906086564,1,-0.016666665906086564
,academy_3_vs_1_with_keeper,123,collect_rollout,823,0,122,-0.43515987787395716,False,False,0.0,0.0,0,0,0,0.0,0.0,0.0,0.0,-0.43515987787395716,1,-0.43515987787395716
,academy_3_vs_1_with_keeper,123,collect_rollout,824,0,17,-0.003333333181217313,False,False,0.0,0.0,0,0,0,0.0,0.0,0.0,0.0,-0.003333333181217313,1,-0.003333333181217313
,academy_3_vs_1_with_keeper,123,collect_rollout,825,0,21,-0.009999999543651938,False,False,0.0,0.0,0,0,0,0.0,0.0,0.0,0.0,-0.009999999543651938,1,-0.009999999543651938
,academy_3_vs_1_with_keeper,123,collect_rollout,826,0,16,0.0,False,False,0.0,0.0,0,0,0,0.0,0.0,0.0,0.0,0.0,1,0.0
,academy_3_vs_1_with_keeper,123,collect_rollout,827,0,19,-0.006666666362434626,False,False,0.0,0.0,0,0,0,0.0,0.0,0.0,0.0,-0.006666666362434626,1,-0.006666666362434626
,academy_3_vs_1_with_keeper,123,collect_rollout,828,0,20,-0.009999999543651938,False,False,0.0,0.0,0,0,0,0.0,0.0,0.0,0.0,-0.009999999543651938,1,-0.009999999543651938
,academy_3_vs_1_with_keeper,123,collect_rollout,829,0,1567,-0.6327443497721106,False,False,0.0,0.0,0,0,0,0.0,0.0,0.0,0.0,-0.6327443497721106,1,-0.6327443497721106
,academy_3_vs_1_with_keeper,123,collect_rollout,830,0,14,-0.003333333181217313,False,False,0.0,0.0,0,0,0,0.0,0.0,0.0,0.0,-0.003333333181217313,1,-0.003333333181217313
,academy_3_vs_1_with_keeper,123,collect_rollout,831,0,21,-0.003333333181217313,False,False,0.0,0.0,0,0,0,0.0,0.0,0.0,0.0,-0.003333333181217313,1,-0.003333333181217313
,academy_3_vs_1_with_keeper,123,collect_rollout,832,0,14,-0.003333333181217313,False,False,0.0,0.0,0,0,0,0.0,0.0,0.0,0.0,-0.003333333181217313,1,-0.003333333181217313
,academy_3_vs_1_with_keeper,123,collect_rollout,833,0,16,-0.003333333181217313,False,False,0.0,0.0,0,0,0,0.0,0.0,0.0,0.0,-0.003333333181217313,1,-0.003333333181217313
,academy_3_vs_1_with_keeper,123,collect_rollout,834,0,20,0.0,False,False,0.0,0.0,0,0,0,0.0,0.0,0.0,0.0,0.0,1,0.0
,academy_3_vs_1_with_keeper,123,collect_rollout,835,0,93,-1.0744552807882428,False,False,0.0,0.0,0,0,0,0.0,0.0,0.0,0.0,-1.0744552807882428,1,-1.0744552807882428
,academy_3_vs_1_with_keeper,123,collect_rollout,836,0,17,-0.009999999543651938,False,False,0.0,0.0,0,0,0,0.0,0.0,0.0,0.0,-0.009999999543651938,1,-0.009999999543651938
,academy_3_vs_1_with_keeper,123,collect_rollout,837,0,21,-0.006666666362434626,False,False,0.0,0.0,0,0,0,0.0,0.0,0.0,0.0,-0.006666666362434626,1,-0.006666666362434626
,academy_3_vs_1_with_keeper,123,collect_rollout,838,0,40,-0.005401573551353067,False,False,0.0,0.0,0,0,0,0.0,0.0,0.0,0.0,-0.005401573551353067,1,-0.005401573551353067
,academy_3_vs_1_with_keeper,123,collect_rollout,839,0,19,-0.003333333181217313,False,False,0.0,0.0,0,0,0,0.0,0.0,0.0,0.0,-0.003333333181217313,1,-0.003333333181217313
,academy_3_vs_1_with_keeper,123,collect_rollout,840,0,22,-0.003333333181217313,False,False,0.0,0.0,0,0,0,0.0,0.0,0.0,0.0,-0.003333333181217313,1,-0.003333333181217313
,academy_3_vs_1_with_keeper,123,collect_rollout,841,0,19,-0.006666666362434626,False,False,0.0,0.0,0,0,0,0.0,0.0,0.0,0.0,-0.006666666362434626,1,-0.006666666362434626
,academy_3_vs_1_with_keeper,123,collect_rollout,842,0,21,-0.003333333181217313,False,False,0.0,0.0,0,0,0,0.0,0.0,0.0,0.0,-0.003333333181217313,1,-0.003333333181217313
,academy_3_vs_1_with_keeper,123,collect_rollout,843,0,19,-0.006666666362434626,False,False,0.0,0.0,0,0,0,0.0,0.0,0.0,0.0,-0.006666666362434626,1,-0.006666666362434626
,academy_3_vs_1_with_keeper,123,collect_rollout,844,0,17,-0.006666666362434626,False,False,0.0,0.0,0,0,0,0.0,0.0,0.0,0.0,-0.006666666362434626,1,-0.006666666362434626
,academy_3_vs_1_with_keeper,123,collect_rollout,845,0,17,0.0,False,False,0.0,0.0,0,0,0,0.0,0.0,0.0,0.0,0.0,1,0.0
,academy_3_vs_1_with_keeper,123,collect_rollout,846,0,19,-0.009999999543651938,False,False,0.0,0.0,0,0,0,0.0,0.0,0.0,0.0,-0.009999999543651938,1,-0.009999999543651938
,academy_3_vs_1_with_keeper,123,collect_rollout,847,0,16,-0.006666666362434626,False,False,0.0,0.0,0,0,0,0.0,0.0,0.0,0.0,-0.006666666362434626,1,-0.006666666362434626
,academy_3_vs_1_with_keeper,123,collect_rollout,848,0,57,-0.04797119670547545,False,False,0.0,0.0,0,0,0,0.0,0.0,0.0,0.0,-0.04797119670547545,1,-0.04797119670547545
,academy_3_vs_1_with_keeper,123,collect_rollout,849,0,35,0.07131648703943938,False,False,0.0,0.0,0,0,0,0.0,0.0,0.0,0.0,0.07131648703943938,1,0.07131648703943938
,academy_3_vs_1_with_keeper,123,collect_rollout,850,0,19,-0.006666666362434626,False,False,0.0,0.0,0,0,0,0.0,0.0,0.0,0.0,-0.006666666362434626,1,-0.006666666362434626
,academy_3_vs_1_with_keeper,123,collect_rollout,851,0,19,-0.006666666362434626,False,False,0.0,0.0,0,0,0,0.0,0.0,0.0,0.0,-0.006666666362434626,1,-0.006666666362434626
,academy_3_vs_1_with_keeper,123,collect_rollout,852,0,19,-0.013333332724869251,False,False,0.0,0.0,0,0,0,0.0,0.0,0.0,0.0,-0.013333332724869251,1,-0.013333332724869251
,academy_3_vs_1_with_keeper,123,collect_rollout,853,0,17,-0.003333333181217313,False,False,0.0,0.0,0,0,0,0.0,0.0,0.0,0.0,-0.003333333181217313,1,-0.003333333181217313
,academy_3_vs_1_with_keeper,123,collect_rollout,854,0,30,0.02262136002536863,False,False,0.0,0.0,0,0,0,0.0,0.0,0.0,0.0,0.02262136002536863,1,0.02262136002536863
,academy_3_vs_1_with_keeper,123,collect_rollout,855,0,15,0.0,False,False,0.0,0.0,0,0,0,0.0,0.0,0.0,0.0,0.0,1,0.0
,academy_3_vs_1_with_keeper,123,collect_rollout,856,0,16,-0.006666666362434626,False,False,0.0,0.0,0,0,0,0.0,0.0,0.0,0.0,-0.006666666362434626,1,-0.006666666362434626
,academy_3_vs_1_with_keeper,123,collect_rollout,857,0,19,-0.003333333181217313,False,False,0.0,0.0,0,0,0,0.0,0.0,0.0,0.0,-0.003333333181217313,1,-0.003333333181217313
,academy_3_vs_1_with_keeper,123,collect_rollout,858,0,20,0.0,False,False,0.0,0.0,0,0,0,0.0,0.0,0.0,0.0,0.0,1,0.0
,academy_3_vs_1_with_keeper,123,collect_rollout,859,0,17,-0.003333333181217313,False,False,0.0,0.0,0,0,0,0.0,0.0,0.0,0.0,-0.003333333181217313,1,-0.003333333181217313
,academy_3_vs_1_with_keeper,123,collect_rollout,860,0,17,-0.003333333181217313,False,False,0.0,0.0,0,0,0,0.0,0.0,0.0,0.0,-0.003333333181217313,1,-0.003333333181217313
,academy_3_vs_1_with_keeper,123,collect_rollout,861,0,15,-0.009999999543651938,False,False,0.0,0.0,0,0,0,0.0,0.0,0.0,0.0,-0.009999999543651938,1,-0.009999999543651938
,academy_3_vs_1_with_keeper,123,collect_rollout,862,0,19,-0.003333333181217313,False,False,0.0,0.0,0,0,0,0.0,0.0,0.0,0.0,-0.003333333181217313,1,-0.003333333181217313
,academy_3_vs_1_with_keeper,123,collect_rollout,863,0,121,-0.524627769831568,False,False,0.0,0.0,0,0,0,0.0,0.0,0.0,0.0,-0.524627769831568,1,-0.524627769831568
,academy_3_vs_1_with_keeper,123,collect_rollout,864,0,67,-0.2567174194846302,False,False,0.0,0.0,0,0,0,0.0,0.0,0.0,0.0,-0.2567174194846302,1,-0.2567174194846302
,academy_3_vs_1_with_keeper,123,collect_rollout,865,0,64,-0.09185079531744123,False,False,0.0,0.0,0,0,0,0.0,0.0,0.0,0.0,-0.09185079531744123,1,-0.09185079531744123
,academy_3_vs_1_with_keeper,123,collect_rollout,866,0,102,-0.15380751527482062,False,False,0.0,0.0,0,0,0,0.0,0.0,0.0,0.0,-0.15380751527482062,1,-0.15380751527482062
,academy_3_vs_1_with_keeper,123,collect_rollout,867,0,116,-0.3971457539591938,False,False,0.0,0.0,0,0,0,0.0,0.0,0.0,0.0,-0.3971457539591938,1,-0.3971457539591938
,academy_3_vs_1_with_keeper,123,collect_rollout,868,0,20,-0.003333333181217313,False,False,0.0,0.0,0,0,0,0.0,0.0,0.0,0.0,-0.003333333181217313,1,-0.003333333181217313
,academy_3_vs_1_with_keeper,123,collect_rollout,869,0,95,-0.21334602223942056,False,False,0.0,0.0,0,0,0,0.0,0.0,0.0,0.0,-0.21334602223942056,1,-0.21334602223942056
,academy_3_vs_1_with_keeper,123,collect_rollout,870,0,17,-0.003333333181217313,False,False,0.0,0.0,0,0,0,0.0,0.0,0.0,0.0,-0.003333333181217313,1,-0.003333333181217313
,academy_3_vs_1_with_keeper,123,collect_rollout,871,0,110,1.3775575074832886,False,False,0.0,0.0,0,0,0,0.0,0.0,0.0,0.0,1.3775575074832886,1,1.3775575074832886
,academy_3_vs_1_with_keeper,123,collect_rollout,872,0,24,-0.003333333181217313,False,False,0.0,0.0,0,0,0,0.0,0.0,0.0,0.0,-0.003333333181217313,1,-0.003333333181217313
,academy_3_vs_1_with_keeper,123,collect_rollout,873,0,81,-0.17976868757978082,False,False,0.0,0.0,0,0,0,0.0,0.0,0.0,0.0,-0.17976868757978082,1,-0.17976868757978082
,academy_3_vs_1_with_keeper,123,collect_rollout,874,0,16,-0.006666666362434626,False,False,0.0,0.0,0,0,0,0.0,0.0,0.0,0.0,-0.006666666362434626,1,-0.006666666362434626
,academy_3_vs_1_with_keeper,123,collect_rollout,875,0,15,-0.003333333181217313,False,False,0.0,0.0,0,0,0,0.0,0.0,0.0,0.0,-0.003333333181217313,1,-0.003333333181217313
,academy_3_vs_1_with_keeper,123,collect_rollout,876,0,22,-0.003333333181217313,False,False,0.0,0.0,0,0,0,0.0,0.0,0.0,0.0,-0.003333333181217313,1,-0.003333333181217313
,academy_3_vs_1_with_keeper,123,collect_rollout,877,0,21,-0.006666666362434626,False,False,0.0,0.0,0,0,0,0.0,0.0,0.0,0.0,-0.006666666362434626,1,-0.006666666362434626
,academy_3_vs_1_with_keeper,123,collect_rollout,878,0,14,-0.006666666362434626,False,False,0.0,0.0,0,0,0,0.0,0.0,0.0,0.0,-0.006666666362434626,1,-0.006666666362434626
,academy_3_vs_1_with_keeper,123,collect_rollout,879,0,19,-0.003333333181217313,False,False,0.0,0.0,0,0,0,0.0,0.0,0.0,0.0,-0.003333333181217313,1,-0.003333333181217313
,academy_3_vs_1_with_keeper,123,collect_rollout,880,0,20,0.0,False,False,0.0,0.0,0,0,0,0.0,0.0,0.0,0.0,0.0,1,0.0
,academy_3_vs_1_with_keeper,123,collect_rollout,881,0,21,-0.003333333181217313,False,False,0.0,0.0,0,0,0,0.0,0.0,0.0,0.0,-0.003333333181217313,1,-0.003333333181217313
,academy_3_vs_1_with_keeper,123,collect_rollout,882,0,19,-0.003333333181217313,False,False,0.0,0.0,0,0,0,0.0,0.0,0.0,0.0,-0.003333333181217313,1,-0.003333333181217313
,academy_3_vs_1_with_keeper,123,collect_rollout,883,0,17,-0.003333333181217313,False,False,0.0,0.0,0,0,0,0.0,0.0,0.0,0.0,-0.003333333181217313,1,-0.003333333181217313
,academy_3_vs_1_with_keeper,123,collect_rollout,884,0,20,-0.009999999543651938,False,False,0.0,0.0,0,0,0,0.0,0.0,0.0,0.0,-0.009999999543651938,1,-0.009999999543651938
,academy_3_vs_1_with_keeper,123,collect_rollout,885,0,36,-0.05666666734032333,False,False,0.0,0.0,0,0,0,0.0,0.0,0.0,0.0,-0.05666666734032333,1,-0.05666666734032333
,academy_3_vs_1_with_keeper,123,collect_rollout,886,0,79,-0.2766620675101876,False,False,0.0,0.0,0,0,0,0.0,0.0,0.0,0.0,-0.2766620675101876,1,-0.2766620675101876
,academy_3_vs_1_with_keeper,123,collect_rollout,887,0,84,0.0008923141576815397,False,False,0.0,0.0,0,0,0,0.0,0.0,0.0,0.0,0.0008923141576815397,1,0.0008923141576815397
,academy_3_vs_1_with_keeper,123,collect_rollout,888,0,19,-0.013333332724869251,False,False,0.0,0.0,0,0,0,0.0,0.0,0.0,0.0,-0.013333332724869251,1,-0.013333332724869251
,academy_3_vs_1_with_keeper,123,collect_rollout,889,0,19,0.0,False,False,0.0,0.0,0,0,0,0.0,0.0,0.0,0.0,0.0,1,0.0
,academy_3_vs_1_with_keeper,123,collect_rollout,890,0,122,-0.5977329902234487,False,False,0.0,0.0,0,0,0,0.0,0.0,0.0,0.0,-0.5977329902234487,1,-0.5977329902234487
,academy_3_vs_1_with_keeper,123,collect_rollout,891,0,17,-0.016666665906086564,False,False,0.0,0.0,0,0,0,0.0,0.0,0.0,0.0,-0.016666665906086564,1,-0.016666665906086564
,academy_3_vs_1_with_keeper,123,collect_rollout,892,0,74,-0.18691279995255172,False,False,0.0,0.0,0,0,0,0.0,0.0,0.0,0.0,-0.18691279995255172,1,-0.18691279995255172
,academy_3_vs_1_with_keeper,123,collect_rollout,893,0,22,0.0,False,False,0.0,0.0,0,0,0,0.0,0.0,0.0,0.0,0.0,1,0.0
,academy_3_vs_1_with_keeper,123,collect_rollout,894,0,22,-0.006666666362434626,False,False,0.0,0.0,0,0,0,0.0,0.0,0.0,0.0,-0.006666666362434626,1,-0.006666666362434626
,academy_3_vs_1_with_keeper,123,collect_rollout,895,0,18,-0.016666665906086564,False,False,0.0,0.0,0,0,0,0.0,0.0,0.0,0.0,-0.016666665906086564,1,-0.016666665906086564
,academy_3_vs_1_with_keeper,123,collect_rollout,896,0,18,0.0,False,False,0.0,0.0,0,0,0,0.0,0.0,0.0,0.0,0.0,1,0.0
,academy_3_vs_1_with_keeper,123,collect_rollout,897,0,17,-0.003333333181217313,False,False,0.0,0.0,0,0,0,0.0,0.0,0.0,0.0,-0.003333333181217313,1,-0.003333333181217313
,academy_3_vs_1_with_keeper,123,collect_rollout,898,0,128,-0.2560009865555912,False,False,0.0,0.0,0,0,0,0.0,0.0,0.0,0.0,-0.2560009865555912,1,-0.2560009865555912
,academy_3_vs_1_with_keeper,123,collect_rollout,899,0,14,0.0,False,False,0.0,0.0,0,0,0,0.0,0.0,0.0,0.0,0.0,1,0.0
,academy_3_vs_1_with_keeper,123,collect_rollout,900,0,98,-0.10223492702789372,False,False,0.0,0.0,0,0,0,0.0,0.0,0.0,0.0,-0.10223492702789372,1,-0.10223492702789372
,academy_3_vs_1_with_keeper,123,collect_rollout,901,0,20,-0.013333332724869251,False,False,0.0,0.0,0,0,0,0.0,0.0,0.0,0.0,-0.013333332724869251,1,-0.013333332724869251
,academy_3_vs_1_with_keeper,123,collect_rollout,902,0,78,-0.2883056428981945,False,False,0.0,0.0,0,0,0,0.0,0.0,0.0,0.0,-0.2883056428981945,1,-0.2883056428981945
,academy_3_vs_1_with_keeper,123,collect_rollout,903,0,20,-0.009999999543651938,False,False,0.0,0.0,0,0,0,0.0,0.0,0.0,0.0,-0.009999999543651938,1,-0.009999999543651938
,academy_3_vs_1_with_keeper,123,collect_rollout,904,0,20,-0.003333333181217313,False,False,0.0,0.0,0,0,0,0.0,0.0,0.0,0.0,-0.003333333181217313,1,-0.003333333181217313
,academy_3_vs_1_with_keeper,123,collect_rollout,905,0,21,-0.009999999543651938,False,False,0.0,0.0,0,0,0,0.0,0.0,0.0,0.0,-0.009999999543651938,1,-0.009999999543651938
,academy_3_vs_1_with_keeper,123,collect_rollout,906,0,19,-0.003333333181217313,False,False,0.0,0.0,0,0,0,0.0,0.0,0.0,0.0,-0.003333333181217313,1,-0.003333333181217313
,academy_3_vs_1_with_keeper,123,collect_rollout,907,0,88,-0.2294815813365858,False,False,0.0,0.0,0,0,0,0.0,0.0,0.0,0.0,-0.2294815813365858,1,-0.2294815813365858
,academy_3_vs_1_with_keeper,123,collect_rollout,908,0,20,-0.003333333181217313,False,False,0.0,0.0,0,0,0,0.0,0.0,0.0,0.0,-0.003333333181217313,1,-0.003333333181217313
,academy_3_vs_1_with_keeper,123,collect_rollout,909,0,14,-0.006666666362434626,False,False,0.0,0.0,0,0,0,0.0,0.0,0.0,0.0,-0.006666666362434626,1,-0.006666666362434626
,academy_3_vs_1_with_keeper,123,collect_rollout,910,0,88,-0.17310669366270304,False,False,0.0,0.0,0,0,0,0.0,0.0,0.0,0.0,-0.17310669366270304,1,-0.17310669366270304
,academy_3_vs_1_with_keeper,123,collect_rollout,911,0,15,0.0,False,False,0.0,0.0,0,0,0,0.0,0.0,0.0,0.0,0.0,1,0.0
,academy_3_vs_1_with_keeper,123,collect_rollout,912,0,16,-0.009999999543651938,False,False,0.0,0.0,0,0,0,0.0,0.0,0.0,0.0,-0.009999999543651938,1,-0.009999999543651938
,academy_3_vs_1_with_keeper,123,collect_rollout,913,0,22,-0.009999999543651938,False,False,0.0,0.0,0,0,0,0.0,0.0,0.0,0.0,-0.009999999543651938,1,-0.009999999543651938
,academy_3_vs_1_with_keeper,123,collect_rollout,914,0,21,-0.006666666362434626,False,False,0.0,0.0,0,0,0,0.0,0.0,0.0,0.0,-0.006666666362434626,1,-0.006666666362434626
,academy_3_vs_1_with_keeper,123,collect_rollout,915,0,92,0.16727760135836434,False,False,0.0,0.0,0,0,0,0.0,0.0,0.0,0.0,0.16727760135836434,1,0.16727760135836434
,academy_3_vs_1_with_keeper,123,collect_rollout,916,0,55,-0.08317389921285212,False,False,0.0,0.0,0,0,0,0.0,0.0,0.0,0.0,-0.08317389921285212,1,-0.08317389921285212
,academy_3_vs_1_with_keeper,123,collect_rollout,917,0,15,-0.013333332724869251,False,False,0.0,0.0,0,0,0,0.0,0.0,0.0,0.0,-0.013333332724869251,1,-0.013333332724869251
,academy_3_vs_1_with_keeper,123,collect_rollout,918,0,79,-0.17836125358007848,False,False,0.0,0.0,0,0,0,0.0,0.0,0.0,0.0,-0.17836125358007848,1,-0.17836125358007848
,academy_3_vs_1_with_keeper,123,collect_rollout,919,0,113,-0.29267632053233683,False,False,0.0,0.0,0,0,0,0.0,0.0,0.0,0.0,-0.29267632053233683,1,-0.29267632053233683
,academy_3_vs_1_with_keeper,123,collect_rollout,920,0,17,-0.003333333181217313,False,False,0.0,0.0,0,0,0,0.0,0.0,0.0,0.0,-0.003333333181217313,1,-0.003333333181217313
,academy_3_vs_1_with_keeper,123,collect_rollout,921,0,37,1.961950610158965,False,False,0.0,0.0,0,0,0,0.0,0.0,0.0,0.0,1.961950610158965,1,1.961950610158965
,academy_3_vs_1_with_keeper,123,collect_rollout,922,0,15,0.0,False,False,0.0,0.0,0,0,0,0.0,0.0,0.0,0.0,0.0,1,0.0
,academy_3_vs_1_with_keeper,123,collect_rollout,923,0,21,-0.009999999543651938,False,False,0.0,0.0,0,0,0,0.0,0.0,0.0,0.0,-0.009999999543651938,1,-0.009999999543651938
,academy_3_vs_1_with_keeper,123,collect_rollout,924,0,20,-0.006666666362434626,False,False,0.0,0.0,0,0,0,0.0,0.0,0.0,0.0,-0.006666666362434626,1,-0.006666666362434626
,academy_3_vs_1_with_keeper,123,collect_rollout,925,0,19,-0.006666666362434626,False,False,0.0,0.0,0,0,0,0.0,0.0,0.0,0.0,-0.006666666362434626,1,-0.006666666362434626
,academy_3_vs_1_with_keeper,123,collect_rollout,926,0,20,-0.003333333181217313,False,False,0.0,0.0,0,0,0,0.0,0.0,0.0,0.0,-0.003333333181217313,1,-0.003333333181217313
,academy_3_vs_1_with_keeper,123,collect_rollout,927,0,17,-0.009999999543651938,False,False,0.0,0.0,0,0,0,0.0,0.0,0.0,0.0,-0.009999999543651938,1,-0.009999999543651938
,academy_3_vs_1_with_keeper,123,collect_rollout,928,0,17,0.0,False,False,0.0,0.0,0,0,0,0.0,0.0,0.0,0.0,0.0,1,0.0
,academy_3_vs_1_with_keeper,123,collect_rollout,929,0,18,-0.009999999543651938,False,False,0.0,0.0,0,0,0,0.0,0.0,0.0,0.0,-0.009999999543651938,1,-0.009999999543651938
,academy_3_vs_1_with_keeper,123,collect_rollout,930,0,17,-0.003333333181217313,False,False,0.0,0.0,0,0,0,0.0,0.0,0.0,0.0,-0.003333333181217313,1,-0.003333333181217313
,academy_3_vs_1_with_keeper,123,collect_rollout,931,0,18,-0.006666666362434626,False,False,0.0,0.0,0,0,0,0.0,0.0,0.0,0.0,-0.006666666362434626,1,-0.006666666362434626
,academy_3_vs_1_with_keeper,123,collect_rollout,932,0,44,0.04868745361454785,False,False,0.0,0.0,0,0,0,0.0,0.0,0.0,0.0,0.04868745361454785,1,0.04868745361454785
,academy_3_vs_1_with_keeper,123,collect_rollout,933,0,17,-0.009999999543651938,False,False,0.0,0.0,0,0,0,0.0,0.0,0.0,0.0,-0.009999999543651938,1,-0.009999999543651938
,academy_3_vs_1_with_keeper,123,collect_rollout,934,0,48,0.016202767656068318,False,False,0.0,0.0,0,0,0,0.0,0.0,0.0,0.0,0.016202767656068318,1,0.016202767656068318
,academy_3_vs_1_with_keeper,123,collect_rollout,935,0,18,-0.003333333181217313,False,False,0.0,0.0,0,0,0,0.0,0.0,0.0,0.0,-0.003333333181217313,1,-0.003333333181217313
,academy_3_vs_1_with_keeper,123,collect_rollout,936,0,123,-0.3109790552407503,False,False,0.0,0.0,0,0,0,0.0,0.0,0.0,0.0,-0.3109790552407503,1,-0.3109790552407503
,academy_3_vs_1_with_keeper,123,collect_rollout,937,0,94,-0.2222920733038336,False,False,0.0,0.0,0,0,0,0.0,0.0,0.0,0.0,-0.2222920733038336,1,-0.2222920733038336
,academy_3_vs_1_with_keeper,123,collect_rollout,938,0,44,0.006441392513806932,False,False,0.0,0.0,0,0,0,0.0,0.0,0.0,0.0,0.006441392513806932,1,0.006441392513806932
,academy_3_vs_1_with_keeper,123,collect_rollout,939,0,111,-0.5233320180559531,False,False,0.0,0.0,0,0,0,0.0,0.0,0.0,0.0,-0.5233320180559531,1,-0.5233320180559531
,academy_3_vs_1_with_keeper,123,collect_rollout,940,0,21,-0.006666666362434626,False,False,0.0,0.0,0,0,0,0.0,0.0,0.0,0.0,-0.006666666362434626,1,-0.006666666362434626
,academy_3_vs_1_with_keeper,123,collect_rollout,941,0,93,-0.025348074414068833,False,False,0.0,0.0,0,0,0,0.0,0.0,0.0,0.0,-0.025348074414068833,1,-0.025348074414068833
,academy_3_vs_1_with_keeper,123,collect_rollout,942,0,70,-0.10537593753542751,False,False,0.0,0.0,0,0,0,0.0,0.0,0.0,0.0,-0.10537593753542751,1,-0.10537593753542751
,academy_3_vs_1_with_keeper,123,collect_rollout,943,0,17,-0.003333333181217313,False,False,0.0,0.0,0,0,0,0.0,0.0,0.0,0.0,-0.003333333181217313,1,-0.003333333181217313
,academy_3_vs_1_with_keeper,123,collect_rollout,944,0,70,-0.1328267945209518,False,False,0.0,0.0,0,0,0,0.0,0.0,0.0,0.0,-0.1328267945209518,1,-0.1328267945209518
,academy_3_vs_1_with_keeper,123,collect_rollout,945,0,19,-0.013333332724869251,False,False,0.0,0.0,0,0,0,0.0,0.0,0.0,0.0,-0.013333332724869251,1,-0.013333332724869251
,academy_3_vs_1_with_keeper,123,collect_rollout,946,0,20,-0.003333333181217313,False,False,0.0,0.0,0,0,0,0.0,0.0,0.0,0.0,-0.003333333181217313,1,-0.003333333181217313
,academy_3_vs_1_with_keeper,123,collect_rollout,947,0,18,-0.006666666362434626,False,False,0.0,0.0,0,0,0,0.0,0.0,0.0,0.0,-0.006666666362434626,1,-0.006666666362434626
,academy_3_vs_1_with_keeper,123,collect_rollout,948,0,15,-0.003333333181217313,False,False,0.0,0.0,0,0,0,0.0,0.0,0.0,0.0,-0.003333333181217313,1,-0.003333333181217313
,academy_3_vs_1_with_keeper,123,collect_rollout,949,0,19,-0.006666666362434626,False,False,0.0,0.0,0,0,0,0.0,0.0,0.0,0.0,-0.006666666362434626,1,-0.006666666362434626
,academy_3_vs_1_with_keeper,123,collect_rollout,950,0,18,-0.003333333181217313,False,False,0.0,0.0,0,0,0,0.0,0.0,0.0,0.0,-0.003333333181217313,1,-0.003333333181217313
,academy_3_vs_1_with_keeper,123,collect_rollout,951,0,15,0.0,False,False,0.0,0.0,0,0,0,0.0,0.0,0.0,0.0,0.0,1,0.0
,academy_3_vs_1_with_keeper,123,collect_rollout,952,0,76,-0.2944176777964458,False,False,0.0,0.0,0,0,0,0.0,0.0,0.0,0.0,-0.2944176777964458,1,-0.2944176777964458
,academy_3_vs_1_with_keeper,123,collect_rollout,953,0,17,-0.003333333181217313,False,False,0.0,0.0,0,0,0,0.0,0.0,0.0,0.0,-0.003333333181217313,1,-0.003333333181217313
,academy_3_vs_1_with_keeper,123,collect_rollout,954,0,15,0.0,False,False,0.0,0.0,0,0,0,0.0,0.0,0.0,0.0,0.0,1,0.0
,academy_3_vs_1_with_keeper,123,collect_rollout,955,0,17,-0.006666666362434626,False,False,0.0,0.0,0,0,0,0.0,0.0,0.0,0.0,-0.006666666362434626,1,-0.006666666362434626
,academy_3_vs_1_with_keeper,123,collect_rollout,956,0,19,-0.006666666362434626,False,False,0.0,0.0,0,0,0,0.0,0.0,0.0,0.0,-0.006666666362434626,1,-0.006666666362434626
,academy_3_vs_1_with_keeper,123,collect_rollout,957,0,20,0.0,False,False,0.0,0.0,0,0,0,0.0,0.0,0.0,0.0,0.0,1,0.0
,academy_3_vs_1_with_keeper,123,collect_rollout,958,0,16,-0.003333333181217313,False,False,0.0,0.0,0,0,0,0.0,0.0,0.0,0.0,-0.003333333181217313,1,-0.003333333181217313
,academy_3_vs_1_with_keeper,123,collect_rollout,959,0,20,-0.009999999543651938,False,False,0.0,0.0,0,0,0,0.0,0.0,0.0,0.0,-0.009999999543651938,1,-0.009999999543651938
,academy_3_vs_1_with_keeper,123,collect_rollout,960,0,23,0.0,False,False,0.0,0.0,0,0,0,0.0,0.0,0.0,0.0,0.0,1,0.0
,academy_3_vs_1_with_keeper,123,collect_rollout,961,0,17,0.0,False,False,0.0,0.0,0,0,0,0.0,0.0,0.0,0.0,0.0,1,0.0
,academy_3_vs_1_with_keeper,123,collect_rollout,962,0,22,-0.009999999543651938,False,False,0.0,0.0,0,0,0,0.0,0.0,0.0,0.0,-0.009999999543651938,1,-0.009999999543651938
,academy_3_vs_1_with_keeper,123,collect_rollout,963,0,16,-0.003333333181217313,False,False,0.0,0.0,0,0,0,0.0,0.0,0.0,0.0,-0.003333333181217313,1,-0.003333333181217313
,academy_3_vs_1_with_keeper,123,collect_rollout,964,0,21,-0.006666666362434626,False,False,0.0,0.0,0,0,0,0.0,0.0,0.0,0.0,-0.006666666362434626,1,-0.006666666362434626
,academy_3_vs_1_with_keeper,123,collect_rollout,965,0,21,-0.006666666362434626,False,False,0.0,0.0,0,0,0,0.0,0.0,0.0,0.0,-0.006666666362434626,1,-0.006666666362434626
,academy_3_vs_1_with_keeper,123,collect_rollout,966,0,20,0.0,False,False,0.0,0.0,0,0,0,0.0,0.0,0.0,0.0,0.0,1,0.0
,academy_3_vs_1_with_keeper,123,collect_rollout,967,0,16,-0.013333332724869251,False,False,0.0,0.0,0,0,0,0.0,0.0,0.0,0.0,-0.013333332724869251,1,-0.013333332724869251
,academy_3_vs_1_with_keeper,123,collect_rollout,968,0,55,1.8359380916226655,False,False,0.0,0.0,0,0,0,0.0,0.0,0.0,0.0,1.8359380916226655,1,1.8359380916226655
,academy_3_vs_1_with_keeper,123,collect_rollout,969,0,51,-0.07437007068074308,False,False,0.0,0.0,0,0,0,0.0,0.0,0.0,0.0,-0.07437007068074308,1,-0.07437007068074308
,academy_3_vs_1_with_keeper,123,collect_rollout,970,0,16,-0.013333332724869251,False,False,0.0,0.0,0,0,0,0.0,0.0,0.0,0.0,-0.013333332724869251,1,-0.013333332724869251
,academy_3_vs_1_with_keeper,123,collect_rollout,971,0,17,-0.009999999543651938,False,False,0.0,0.0,0,0,0,0.0,0.0,0.0,0.0,-0.009999999543651938,1,-0.009999999543651938
,academy_3_vs_1_with_keeper,123,collect_rollout,972,0,18,-0.006666666362434626,False,False,0.0,0.0,0,0,0,0.0,0.0,0.0,0.0,-0.006666666362434626,1,-0.006666666362434626
,academy_3_vs_1_with_keeper,123,collect_rollout,973,0,84,-0.09697539592161775,False,False,0.0,0.0,0,0,0,0.0,0.0,0.0,0.0,-0.09697539592161775,1,-0.09697539592161775
,academy_3_vs_1_with_keeper,123,collect_rollout,974,0,19,-0.006666666362434626,False,False,0.0,0.0,0,0,0,0.0,0.0,0.0,0.0,-0.006666666362434626,1,-0.006666666362434626
,academy_3_vs_1_with_keeper,123,collect_rollout,975,0,22,0.0,False,False,0.0,0.0,0,0,0,0.0,0.0,0.0,0.0,0.0,1,0.0
,academy_3_vs_1_with_keeper,123,collect_rollout,976,0,19,-0.013333332724869251,False,False,0.0,0.0,0,0,0,0.0,0.0,0.0,0.0,-0.013333332724869251,1,-0.013333332724869251
,academy_3_vs_1_with_keeper,123,collect_rollout,977,0,12,-0.11817552766297013,False,False,0.0,0.0,0,0,0,0.0,0.0,0.0,0.0,-0.11817552766297013,1,-0.11817552766297013
,academy_3_vs_1_with_keeper,123,collect_rollout,978,0,19,-0.003333333181217313,False,False,0.0,0.0,0,0,0,0.0,0.0,0.0,0.0,-0.003333333181217313,1,-0.003333333181217313
,academy_3_vs_1_with_keeper,123,collect_rollout,979,0,23,-0.013333332724869251,False,False,0.0,0.0,0,0,0,0.0,0.0,0.0,0.0,-0.013333332724869251,1,-0.013333332724869251
,academy_3_vs_1_with_keeper,123,collect_rollout,980,0,21,-0.003333333181217313,False,False,0.0,0.0,0,0,0,0.0,0.0,0.0,0.0,-0.003333333181217313,1,-0.003333333181217313
,academy_3_vs_1_with_keeper,123,collect_rollout,981,0,15,-0.003333333181217313,False,False,0.0,0.0,0,0,0,0.0,0.0,0.0,0.0,-0.003333333181217313,1,-0.003333333181217313
,academy_3_vs_1_with_keeper,123,collect_rollout,982,0,16,-0.003333333181217313,False,False,0.0,0.0,0,0,0,0.0,0.0,0.0,0.0,-0.003333333181217313,1,-0.003333333181217313
,academy_3_vs_1_with_keeper,123,collect_rollout,983,0,71,-0.23666666029021144,False,False,0.0,0.0,0,0,0,0.0,0.0,0.0,0.0,-0.23666666029021144,1,-0.23666666029021144
,academy_3_vs_1_with_keeper,123,collect_rollout,984,0,15,-0.003333333181217313,False,False,0.0,0.0,0,0,0,0.0,0.0,0.0,0.0,-0.003333333181217313,1,-0.003333333181217313
,academy_3_vs_1_with_keeper,123,collect_rollout,985,0,38,-0.004304913192754611,False,False,0.0,0.0,0,0,0,0.0,0.0,0.0,0.0,-0.004304913192754611,1,-0.004304913192754611
,academy_3_vs_1_with_keeper,123,collect_rollout,986,0,18,-0.003333333181217313,False,False,0.0,0.0,0,0,0,0.0,0.0,0.0,0.0,-0.003333333181217313,1,-0.003333333181217313
,academy_3_vs_1_with_keeper,123,collect_rollout,987,0,22,-0.013333332724869251,False,False,0.0,0.0,0,0,0,0.0,0.0,0.0,0.0,-0.013333332724869251,1,-0.013333332724869251
,academy_3_vs_1_with_keeper,123,collect_rollout,988,0,16,0.0,False,False,0.0,0.0,0,0,0,0.0,0.0,0.0,0.0,0.0,1,0.0
,academy_3_vs_1_with_keeper,123,collect_rollout,989,0,16,-0.006666666362434626,False,False,0.0,0.0,0,0,0,0.0,0.0,0.0,0.0,-0.006666666362434626,1,-0.006666666362434626
,academy_3_vs_1_with_keeper,123,collect_rollout,990,0,18,-0.006666666362434626,False,False,0.0,0.0,0,0,0,0.0,0.0,0.0,0.0,-0.006666666362434626,1,-0.006666666362434626
,academy_3_vs_1_with_keeper,123,collect_rollout,991,0,18,-0.006666666362434626,False,False,0.0,0.0,0,0,0,0.0,0.0,0.0,0.0,-0.006666666362434626,1,-0.006666666362434626
,academy_3_vs_1_with_keeper,123,collect_rollout,992,0,17,-0.003333333181217313,False,False,0.0,0.0,0,0,0,0.0,0.0,0.0,0.0,-0.003333333181217313,1,-0.003333333181217313
,academy_3_vs_1_with_keeper,123,collect_rollout,993,0,55,-0.046110406634397805,False,False,0.0,0.0,0,0,0,0.0,0.0,0.0,0.0,-0.046110406634397805,1,-0.046110406634397805
,academy_3_vs_1_with_keeper,123,collect_rollout,994,0,18,-0.003333333181217313,False,False,0.0,0.0,0,0,0,0.0,0.0,0.0,0.0,-0.003333333181217313,1,-0.003333333181217313
,academy_3_vs_1_with_keeper,123,collect_rollout,995,0,19,-0.006666666362434626,False,False,0.0,0.0,0,0,0,0.0,0.0,0.0,0.0,-0.006666666362434626,1,-0.006666666362434626
,academy_3_vs_1_with_keeper,123,collect_rollout,996,0,42,-0.011980112467426807,False,False,0.0,0.0,0,0,0,0.0,0.0,0.0,0.0,-0.011980112467426807,1,-0.011980112467426807
,academy_3_vs_1_with_keeper,123,collect_rollout,997,0,7,0.004599487408995628,False,False,0.0,0.0,0,0,0,0.0,0.0,0.0,0.0,0.004599487408995628,1,0.004599487408995628
,academy_3_vs_1_with_keeper,123,collect_rollout,998,0,20,-0.003333333181217313,False,False,0.0,0.0,0,0,0,0.0,0.0,0.0,0.0,-0.003333333181217313,1,-0.003333333181217313
,academy_3_vs_1_with_keeper,123,collect_rollout,999,0,22,-0.009999999543651938,False,False,0.0,0.0,0,0,0,0.0,0.0,0.0,0.0,-0.009999999543651938,1,-0.009999999543651938
,academy_3_vs_1_with_keeper,123,collect_rollout,1000,0,94,-0.15073555972776376,False,False,0.0,0.0,0,0,0,0.0,0.0,0.0,0.0,-0.15073555972776376,1,-0.15073555972776376
,academy_3_vs_1_with_keeper,123,collect_rollout,1001,0,17,0.0,False,False,0.0,0.0,0,0,0,0.0,0.0,0.0,0.0,0.0,1,0.0
,academy_3_vs_1_with_keeper,123,collect_rollout,1002,0,16,-0.003333333181217313,False,False,0.0,0.0,0,0,0,0.0,0.0,0.0,0.0,-0.003333333181217313,1,-0.003333333181217313
,academy_3_vs_1_with_keeper,123,collect_rollout,1003,0,18,-0.006666666362434626,False,False,0.0,0.0,0,0,0,0.0,0.0,0.0,0.0,-0.006666666362434626,1,-0.006666666362434626
,academy_3_vs_1_with_keeper,123,collect_rollout,1004,0,19,-0.009999999543651938,False,False,0.0,0.0,0,0,0,0.0,0.0,0.0,0.0,-0.009999999543651938,1,-0.009999999543651938
,academy_3_vs_1_with_keeper,123,collect_rollout,1005,0,19,-0.013333332724869251,False,False,0.0,0.0,0,0,0,0.0,0.0,0.0,0.0,-0.013333332724869251,1,-0.013333332724869251
,academy_3_vs_1_with_keeper,123,collect_rollout,1006,0,20,-0.009999999543651938,False,False,0.0,0.0,0,0,0,0.0,0.0,0.0,0.0,-0.009999999543651938,1,-0.009999999543651938
,academy_3_vs_1_with_keeper,123,collect_rollout,1007,0,15,-0.013333332724869251,False,False,0.0,0.0,0,0,0,0.0,0.0,0.0,0.0,-0.013333332724869251,1,-0.013333332724869251
,academy_3_vs_1_with_keeper,123,collect_rollout,1008,0,14,0.0,False,False,0.0,0.0,0,0,0,0.0,0.0,0.0,0.0,0.0,1,0.0
,academy_3_vs_1_with_keeper,123,collect_rollout,1009,0,20,0.0,False,False,0.0,0.0,0,0,0,0.0,0.0,0.0,0.0,0.0,1,0.0
,academy_3_vs_1_with_keeper,123,collect_rollout,1010,0,45,-0.03530611749738455,False,False,0.0,0.0,0,0,0,0.0,0.0,0.0,0.0,-0.03530611749738455,1,-0.03530611749738455
,academy_3_vs_1_with_keeper,123,collect_rollout,1011,0,20,-0.006666666362434626,False,False,0.0,0.0,0,0,0,0.0,0.0,0.0,0.0,-0.006666666362434626,1,-0.006666666362434626
,academy_3_vs_1_with_keeper,123,collect_rollout,1012,0,18,-0.009999999543651938,False,False,0.0,0.0,0,0,0,0.0,0.0,0.0,0.0,-0.009999999543651938,1,-0.009999999543651938
,academy_3_vs_1_with_keeper,123,collect_rollout,1013,0,18,-0.003333333181217313,False,False,0.0,0.0,0,0,0,0.0,0.0,0.0,0.0,-0.003333333181217313,1,-0.003333333181217313
,academy_3_vs_1_with_keeper,123,collect_rollout,1014,0,16,-0.006666666362434626,False,False,0.0,0.0,0,0,0,0.0,0.0,0.0,0.0,-0.006666666362434626,1,-0.006666666362434626
,academy_3_vs_1_with_keeper,123,collect_rollout,1015,0,14,-0.003333333181217313,False,False,0.0,0.0,0,0,0,0.0,0.0,0.0,0.0,-0.003333333181217313,1,-0.003333333181217313
,academy_3_vs_1_with_keeper,123,collect_rollout,1016,0,18,-0.006666666362434626,False,False,0.0,0.0,0,0,0,0.0,0.0,0.0,0.0,-0.006666666362434626,1,-0.006666666362434626
,academy_3_vs_1_with_keeper,123,collect_rollout,1017,0,19,0.0,False,False,0.0,0.0,0,0,0,0.0,0.0,0.0,0.0,0.0,1,0.0
,academy_3_vs_1_with_keeper,123,collect_rollout,1018,0,101,-0.07767366757616401,False,False,0.0,0.0,0,0,0,0.0,0.0,0.0,0.0,-0.07767366757616401,1,-0.07767366757616401
,academy_3_vs_1_with_keeper,123,collect_rollout,1019,0,15,-0.006666666362434626,False,False,0.0,0.0,0,0,0,0.0,0.0,0.0,0.0,-0.006666666362434626,1,-0.006666666362434626
,academy_3_vs_1_with_keeper,123,collect_rollout,1020,0,93,-0.07442059519235045,False,False,0.0,0.0,0,0,0,0.0,0.0,0.0,0.0,-0.07442059519235045,1,-0.07442059519235045
,academy_3_vs_1_with_keeper,123,collect_rollout,1021,0,16,-0.006666666362434626,False,False,0.0,0.0,0,0,0,0.0,0.0,0.0,0.0,-0.006666666362434626,1,-0.006666666362434626
,academy_3_vs_1_with_keeper,123,collect_rollout,1022,0,18,-0.003333333181217313,False,False,0.0,0.0,0,0,0,0.0,0.0,0.0,0.0,-0.003333333181217313,1,-0.003333333181217313
,academy_3_vs_1_with_keeper,123,collect_rollout,1023,0,39,0.007066547637805343,False,False,0.0,0.0,0,0,0,0.0,0.0,0.0,0.0,0.007066547637805343,1,0.007066547637805343
,academy_3_vs_1_with_keeper,123,collect_rollout,1024,0,18,-0.006666666362434626,False,False,0.0,0.0,0,0,0,0.0,0.0,0.0,0.0,-0.006666666362434626,1,-0.006666666362434626
,academy_3_vs_1_with_keeper,123,collect_rollout,1025,0,17,0.0,False,False,0.0,0.0,0,0,0,0.0,0.0,0.0,0.0,0.0,1,0.0
,academy_3_vs_1_with_keeper,123,collect_rollout,1026,0,95,-0.05916045926278457,False,False,0.0,0.0,0,0,0,0.0,0.0,0.0,0.0,-0.05916045926278457,1,-0.05916045926278457
,academy_3_vs_1_with_keeper,123,collect_rollout,1027,0,22,-0.006666666362434626,False,False,0.0,0.0,0,0,0,0.0,0.0,0.0,0.0,-0.006666666362434626,1,-0.006666666362434626
,academy_3_vs_1_with_keeper,123,collect_rollout,1028,0,122,-0.12657965684775263,False,False,0.0,0.0,0,0,0,0.0,0.0,0.0,0.0,-0.12657965684775263,1,-0.12657965684775263
,academy_3_vs_1_with_keeper,123,collect_rollout,1029,0,19,-0.003333333181217313,False,False,0.0,0.0,0,0,0,0.0,0.0,0.0,0.0,-0.003333333181217313,1,-0.003333333181217313
,academy_3_vs_1_with_keeper,123,collect_rollout,1030,0,17,-0.013333332724869251,False,False,0.0,0.0,0,0,0,0.0,0.0,0.0,0.0,-0.013333332724869251,1,-0.013333332724869251
,academy_3_vs_1_with_keeper,123,collect_rollout,1031,0,19,-0.006666666362434626,False,False,0.0,0.0,0,0,0,0.0,0.0,0.0,0.0,-0.006666666362434626,1,-0.006666666362434626
,academy_3_vs_1_with_keeper,123,collect_rollout,1032,0,19,-0.006666666362434626,False,False,0.0,0.0,0,0,0,0.0,0.0,0.0,0.0,-0.006666666362434626,1,-0.006666666362434626
,academy_3_vs_1_with_keeper,123,collect_rollout,1033,0,21,-0.006666666362434626,False,False,0.0,0.0,0,0,0,0.0,0.0,0.0,0.0,-0.006666666362434626,1,-0.006666666362434626
,academy_3_vs_1_with_keeper,123,collect_rollout,1034,0,81,-0.007641416470505646,False,False,0.0,0.0,0,0,0,0.0,0.0,0.0,0.0,-0.007641416470505646,1,-0.007641416470505646
,academy_3_vs_1_with_keeper,123,collect_rollout,1035,0,59,-0.06609321106225252,False,False,0.0,0.0,0,0,0,0.0,0.0,0.0,0.0,-0.06609321106225252,1,-0.06609321106225252
,academy_3_vs_1_with_keeper,123,collect_rollout,1036,0,18,-0.003333333181217313,False,False,0.0,0.0,0,0,0,0.0,0.0,0.0,0.0,-0.003333333181217313,1,-0.003333333181217313
,academy_3_vs_1_with_keeper,123,collect_rollout,1037,0,18,-0.003333333181217313,False,False,0.0,0.0,0,0,0,0.0,0.0,0.0,0.0,-0.003333333181217313,1,-0.003333333181217313
,academy_3_vs_1_with_keeper,123,collect_rollout,1038,0,16,-0.003333333181217313,False,False,0.0,0.0,0,0,0,0.0,0.0,0.0,0.0,-0.003333333181217313,1,-0.003333333181217313
,academy_3_vs_1_with_keeper,123,collect_rollout,1039,0,23,-0.006666666362434626,False,False,0.0,0.0,0,0,0,0.0,0.0,0.0,0.0,-0.006666666362434626,1,-0.006666666362434626
,academy_3_vs_1_with_keeper,123,collect_rollout,1040,0,18,-0.003333333181217313,False,False,0.0,0.0,0,0,0,0.0,0.0,0.0,0.0,-0.003333333181217313,1,-0.003333333181217313
,academy_3_vs_1_with_keeper,123,collect_rollout,1041,0,19,-0.006666666362434626,False,False,0.0,0.0,0,0,0,0.0,0.0,0.0,0.0,-0.006666666362434626,1,-0.006666666362434626
,academy_3_vs_1_with_keeper,123,collect_rollout,1042,0,67,-0.1599999968893826,False,False,0.0,0.0,0,0,0,0.0,0.0,0.0,0.0,-0.1599999968893826,1,-0.1599999968893826
,academy_3_vs_1_with_keeper,123,collect_rollout,1043,0,22,0.0,False,False,0.0,0.0,0,0,0,0.0,0.0,0.0,0.0,0.0,1,0.0
,academy_3_vs_1_with_keeper,123,collect_rollout,1044,0,17,-0.009999999543651938,False,False,0.0,0.0,0,0,0,0.0,0.0,0.0,0.0,-0.009999999543651938,1,-0.009999999543651938
,academy_3_vs_1_with_keeper,123,collect_rollout,1045,0,14,0.0,False,False,0.0,0.0,0,0,0,0.0,0.0,0.0,0.0,0.0,1,0.0
,academy_3_vs_1_with_keeper,123,collect_rollout,1046,0,17,-0.003333333181217313,False,False,0.0,0.0,0,0,0,0.0,0.0,0.0,0.0,-0.003333333181217313,1,-0.003333333181217313
,academy_3_vs_1_with_keeper,123,collect_rollout,1047,0,79,-0.24461507379965042,False,False,0.0,0.0,0,0,0,0.0,0.0,0.0,0.0,-0.24461507379965042,1,-0.24461507379965042
,academy_3_vs_1_with_keeper,123,collect_rollout,1048,0,19,-0.003333333181217313,False,False,0.0,0.0,0,0,0,0.0,0.0,0.0,0.0,-0.003333333181217313,1,-0.003333333181217313
,academy_3_vs_1_with_keeper,123,collect_rollout,1049,0,16,0.0,False,False,0.0,0.0,0,0,0,0.0,0.0,0.0,0.0,0.0,1,0.0
,academy_3_vs_1_with_keeper,123,collect_rollout,1050,0,20,-0.003333333181217313,False,False,0.0,0.0,0,0,0,0.0,0.0,0.0,0.0,-0.003333333181217313,1,-0.003333333181217313
,academy_3_vs_1_with_keeper,123,collect_rollout,1051,0,16,-0.006666666362434626,False,False,0.0,0.0,0,0,0,0.0,0.0,0.0,0.0,-0.006666666362434626,1,-0.006666666362434626
,academy_3_vs_1_with_keeper,123,collect_rollout,1052,0,74,-0.14893877133727074,False,False,0.0,0.0,0,0,0,0.0,0.0,0.0,0.0,-0.14893877133727074,1,-0.14893877133727074
,academy_3_vs_1_with_keeper,123,collect_rollout,1053,0,15,0.0,False,False,0.0,0.0,0,0,0,0.0,0.0,0.0,0.0,0.0,1,0.0
,academy_3_vs_1_with_keeper,123,collect_rollout,1054,0,15,0.0,False,False,0.0,0.0,0,0,0,0.0,0.0,0.0,0.0,0.0,1,0.0
,academy_3_vs_1_with_keeper,123,collect_rollout,1055,0,15,-0.003333333181217313,False,False,0.0,0.0,0,0,0,0.0,0.0,0.0,0.0,-0.003333333181217313,1,-0.003333333181217313
,academy_3_vs_1_with_keeper,123,collect_rollout,1056,0,22,0.0,False,False,0.0,0.0,0,0,0,0.0,0.0,0.0,0.0,0.0,1,0.0
,academy_3_vs_1_with_keeper,123,collect_rollout,1057,0,142,-0.1416355713736266,False,False,0.0,0.0,0,0,0,0.0,0.0,0.0,0.0,-0.1416355713736266,1,-0.1416355713736266
,academy_3_vs_1_with_keeper,123,collect_rollout,1058,0,20,-0.003333333181217313,False,False,0.0,0.0,0,0,0,0.0,0.0,0.0,0.0,-0.003333333181217313,1,-0.003333333181217313
,academy_3_vs_1_with_keeper,123,collect_rollout,1059,0,31,-0.05561221553944051,False,False,0.0,0.0,0,0,0,0.0,0.0,0.0,0.0,-0.05561221553944051,1,-0.05561221553944051
,academy_3_vs_1_with_keeper,123,collect_rollout,1060,0,19,-0.003333333181217313,False,False,0.0,0.0,0,0,0,0.0,0.0,0.0,0.0,-0.003333333181217313,1,-0.003333333181217313
,academy_3_vs_1_with_keeper,123,collect_rollout,1061,0,21,0.0,False,False,0.0,0.0,0,0,0,0.0,0.0,0.0,0.0,0.0,1,0.0
,academy_3_vs_1_with_keeper,123,collect_rollout,1062,0,15,-0.003333333181217313,False,False,0.0,0.0,0,0,0,0.0,0.0,0.0,0.0,-0.003333333181217313,1,-0.003333333181217313
,academy_3_vs_1_with_keeper,123,collect_rollout,1063,0,22,-0.009999999543651938,False,False,0.0,0.0,0,0,0,0.0,0.0,0.0,0.0,-0.009999999543651938,1,-0.009999999543651938
,academy_3_vs_1_with_keeper,123,collect_rollout,1064,0,22,-0.003333333181217313,False,False,0.0,0.0,0,0,0,0.0,0.0,0.0,0.0,-0.003333333181217313,1,-0.003333333181217313
,academy_3_vs_1_with_keeper,123,collect_rollout,1065,0,19,-0.003333333181217313,False,False,0.0,0.0,0,0,0,0.0,0.0,0.0,0.0,-0.003333333181217313,1,-0.003333333181217313
,academy_3_vs_1_with_keeper,123,collect_rollout,1066,0,19,-0.006666666362434626,False,False,0.0,0.0,0,0,0,0.0,0.0,0.0,0.0,-0.006666666362434626,1,-0.006666666362434626
,academy_3_vs_1_with_keeper,123,collect_rollout,1067,0,20,-0.003333333181217313,False,False,0.0,0.0,0,0,0,0.0,0.0,0.0,0.0,-0.003333333181217313,1,-0.003333333181217313
,academy_3_vs_1_with_keeper,123,collect_rollout,1068,0,69,-0.13333333376795053,False,False,0.0,0.0,0,0,0,0.0,0.0,0.0,0.0,-0.13333333376795053,1,-0.13333333376795053
,academy_3_vs_1_with_keeper,123,collect_rollout,1069,0,19,-0.003333333181217313,False,False,0.0,0.0,0,0,0,0.0,0.0,0.0,0.0,-0.003333333181217313,1,-0.003333333181217313
,academy_3_vs_1_with_keeper,123,collect_rollout,1070,0,16,0.0,False,False,0.0,0.0,0,0,0,0.0,0.0,0.0,0.0,0.0,1,0.0
,academy_3_vs_1_with_keeper,123,collect_rollout,1071,0,67,-0.3184043567162007,False,False,0.0,0.0,0,0,0,0.0,0.0,0.0,0.0,-0.3184043567162007,1,-0.3184043567162007
,academy_3_vs_1_with_keeper,123,collect_rollout,1072,0,19,-0.003333333181217313,False,False,0.0,0.0,0,0,0,0.0,0.0,0.0,0.0,-0.003333333181217313,1,-0.003333333181217313
,academy_3_vs_1_with_keeper,123,collect_rollout,1073,0,15,-0.006666666362434626,False,False,0.0,0.0,0,0,0,0.0,0.0,0.0,0.0,-0.006666666362434626,1,-0.006666666362434626
,academy_3_vs_1_with_keeper,123,collect_rollout,1074,0,37,0.0040344708249904215,False,False,0.0,0.0,0,0,0,0.0,0.0,0.0,0.0,0.0040344708249904215,1,0.0040344708249904215
,academy_3_vs_1_with_keeper,123,collect_rollout,1075,0,19,-0.006666666362434626,False,False,0.0,0.0,0,0,0,0.0,0.0,0.0,0.0,-0.006666666362434626,1,-0.006666666362434626
,academy_3_vs_1_with_keeper,123,collect_rollout,1076,0,22,-0.003333333181217313,False,False,0.0,0.0,0,0,0,0.0,0.0,0.0,0.0,-0.003333333181217313,1,-0.003333333181217313
,academy_3_vs_1_with_keeper,123,collect_rollout,1077,0,17,-0.003333333181217313,False,False,0.0,0.0,0,0,0,0.0,0.0,0.0,0.0,-0.003333333181217313,1,-0.003333333181217313
,academy_3_vs_1_with_keeper,123,collect_rollout,1078,0,21,-0.006666666362434626,False,False,0.0,0.0,0,0,0,0.0,0.0,0.0,0.0,-0.006666666362434626,1,-0.006666666362434626
,academy_3_vs_1_with_keeper,123,collect_rollout,1079,0,20,-0.003333333181217313,False,False,0.0,0.0,0,0,0,0.0,0.0,0.0,0.0,-0.003333333181217313,1,-0.003333333181217313
,academy_3_vs_1_with_keeper,123,collect_rollout,1080,0,19,-0.009999999543651938,False,False,0.0,0.0,0,0,0,0.0,0.0,0.0,0.0,-0.009999999543651938,1,-0.009999999543651938
,academy_3_vs_1_with_keeper,123,collect_rollout,1081,0,18,0.0,False,False,0.0,0.0,0,0,0,0.0,0.0,0.0,0.0,0.0,1,0.0
,academy_3_vs_1_with_keeper,123,collect_rollout,1082,0,20,0.0,False,False,0.0,0.0,0,0,0,0.0,0.0,0.0,0.0,0.0,1,0.0
,academy_3_vs_1_with_keeper,123,collect_rollout,1083,0,17,-0.003333333181217313,False,False,0.0,0.0,0,0,0,0.0,0.0,0.0,0.0,-0.003333333181217313,1,-0.003333333181217313
,academy_3_vs_1_with_keeper,123,collect_rollout,1084,0,24,-0.003333333181217313,False,False,0.0,0.0,0,0,0,0.0,0.0,0.0,0.0,-0.003333333181217313,1,-0.003333333181217313
,academy_3_vs_1_with_keeper,123,collect_rollout,1085,0,15,0.0,False,False,0.0,0.0,0,0,0,0.0,0.0,0.0,0.0,0.0,1,0.0
,academy_3_vs_1_with_keeper,123,collect_rollout,1086,0,19,0.0,False,False,0.0,0.0,0,0,0,0.0,0.0,0.0,0.0,0.0,1,0.0
,academy_3_vs_1_with_keeper,123,collect_rollout,1087,0,16,-0.006666666362434626,False,False,0.0,0.0,0,0,0,0.0,0.0,0.0,0.0,-0.006666666362434626,1,-0.006666666362434626
,academy_3_vs_1_with_keeper,123,collect_rollout,1088,0,18,-0.003333333181217313,False,False,0.0,0.0,0,0,0,0.0,0.0,0.0,0.0,-0.003333333181217313,1,-0.003333333181217313
,academy_3_vs_1_with_keeper,123,collect_rollout,1089,0,20,-0.006666666362434626,False,False,0.0,0.0,0,0,0,0.0,0.0,0.0,0.0,-0.006666666362434626,1,-0.006666666362434626
,academy_3_vs_1_with_keeper,123,collect_rollout,1090,0,18,-0.006666666362434626,False,False,0.0,0.0,0,0,0,0.0,0.0,0.0,0.0,-0.006666666362434626,1,-0.006666666362434626
,academy_3_vs_1_with_keeper,123,collect_rollout,1091,0,16,-0.009999999543651938,False,False,0.0,0.0,0,0,0,0.0,0.0,0.0,0.0,-0.009999999543651938,1,-0.009999999543651938
,academy_3_vs_1_with_keeper,123,collect_rollout,1092,0,89,-0.17474376689642668,False,False,0.0,0.0,0,0,0,0.0,0.0,0.0,0.0,-0.17474376689642668,1,-0.17474376689642668
,academy_3_vs_1_with_keeper,123,collect_rollout,1093,0,89,-0.03477726352866739,False,False,0.0,0.0,0,0,0,0.0,0.0,0.0,0.0,-0.03477726352866739,1,-0.03477726352866739
,academy_3_vs_1_with_keeper,123,collect_rollout,1094,0,16,0.0,False,False,0.0,0.0,0,0,0,0.0,0.0,0.0,0.0,0.0,1,0.0
,academy_3_vs_1_with_keeper,123,collect_rollout,1095,0,51,-0.05666666431352496,False,False,0.0,0.0,0,0,0,0.0,0.0,0.0,0.0,-0.05666666431352496,1,-0.05666666431352496
,academy_3_vs_1_with_keeper,123,collect_rollout,1096,0,22,-0.003333333181217313,False,False,0.0,0.0,0,0,0,0.0,0.0,0.0,0.0,-0.003333333181217313,1,-0.003333333181217313
,academy_3_vs_1_with_keeper,123,collect_rollout,1097,0,19,-0.003333333181217313,False,False,0.0,0.0,0,0,0,0.0,0.0,0.0,0.0,-0.003333333181217313,1,-0.003333333181217313
,academy_3_vs_1_with_keeper,123,collect_rollout,1098,0,90,-0.48969856835901737,False,False,0.0,0.0,0,0,0,0.0,0.0,0.0,0.0,-0.48969856835901737,1,-0.48969856835901737
,academy_3_vs_1_with_keeper,123,collect_rollout,1099,0,23,-0.003333333181217313,False,False,0.0,0.0,0,0,0,0.0,0.0,0.0,0.0,-0.003333333181217313,1,-0.003333333181217313
,academy_3_vs_1_with_keeper,123,collect_rollout,1100,0,21,-0.003333333181217313,False,False,0.0,0.0,0,0,0,0.0,0.0,0.0,0.0,-0.003333333181217313,1,-0.003333333181217313
,academy_3_vs_1_with_keeper,123,collect_rollout,1101,0,22,0.0,False,False,0.0,0.0,0,0,0,0.0,0.0,0.0,0.0,0.0,1,0.0
,academy_3_vs_1_with_keeper,123,collect_rollout,1102,0,15,-0.003333333181217313,False,False,0.0,0.0,0,0,0,0.0,0.0,0.0,0.0,-0.003333333181217313,1,-0.003333333181217313
,academy_3_vs_1_with_keeper,123,collect_rollout,1103,0,22,0.0,False,False,0.0,0.0,0,0,0,0.0,0.0,0.0,0.0,0.0,1,0.0
,academy_3_vs_1_with_keeper,123,collect_rollout,1104,0,52,-0.053333334159106016,False,False,0.0,0.0,0,0,0,0.0,0.0,0.0,0.0,-0.053333334159106016,1,-0.053333334159106016
,academy_3_vs_1_with_keeper,123,collect_rollout,1105,0,41,0.030904096201993525,False,False,0.0,0.0,0,0,0,0.0,0.0,0.0,0.0,0.030904096201993525,1,0.030904096201993525
,academy_3_vs_1_with_keeper,123,collect_rollout,1106,0,18,0.0,False,False,0.0,0.0,0,0,0,0.0,0.0,0.0,0.0,0.0,1,0.0
,academy_3_vs_1_with_keeper,123,collect_rollout,1107,0,18,0.0,False,False,0.0,0.0,0,0,0,0.0,0.0,0.0,0.0,0.0,1,0.0
,academy_3_vs_1_with_keeper,123,collect_rollout,1108,0,19,-0.009999999543651938,False,False,0.0,0.0,0,0,0,0.0,0.0,0.0,0.0,-0.009999999543651938,1,-0.009999999543651938
,academy_3_vs_1_with_keeper,123,collect_rollout,1109,0,19,0.0,False,False,0.0,0.0,0,0,0,0.0,0.0,0.0,0.0,0.0,1,0.0
,academy_3_vs_1_with_keeper,123,collect_rollout,1110,0,17,-0.006666666362434626,False,False,0.0,0.0,0,0,0,0.0,0.0,0.0,0.0,-0.006666666362434626,1,-0.006666666362434626
,academy_3_vs_1_with_keeper,123,collect_rollout,1111,0,19,0.0,False,False,0.0,0.0,0,0,0,0.0,0.0,0.0,0.0,0.0,1,0.0
,academy_3_vs_1_with_keeper,123,collect_rollout,1112,0,91,-0.203333324752748,False,False,0.0,0.0,0,0,0,0.0,0.0,0.0,0.0,-0.203333324752748,1,-0.203333324752748
,academy_3_vs_1_with_keeper,123,collect_rollout,1113,0,52,-0.04239177471026778,False,False,0.0,0.0,0,0,0,0.0,0.0,0.0,0.0,-0.04239177471026778,1,-0.04239177471026778
,academy_3_vs_1_with_keeper,123,collect_rollout,1114,0,21,-0.009999999543651938,False,False,0.0,0.0,0,0,0,0.0,0.0,0.0,0.0,-0.009999999543651938,1,-0.009999999543651938
,academy_3_vs_1_with_keeper,123,collect_rollout,1115,0,19,0.0,False,False,0.0,0.0,0,0,0,0.0,0.0,0.0,0.0,0.0,1,0.0
,academy_3_vs_1_with_keeper,123,collect_rollout,1116,0,18,-0.013333332724869251,False,False,0.0,0.0,0,0,0,0.0,0.0,0.0,0.0,-0.013333332724869251,1,-0.013333332724869251
,academy_3_vs_1_with_keeper,123,collect_rollout,1117,0,20,-0.006666666362434626,False,False,0.0,0.0,0,0,0,0.0,0.0,0.0,0.0,-0.006666666362434626,1,-0.006666666362434626
,academy_3_vs_1_with_keeper,123,collect_rollout,1118,0,18,-0.003333333181217313,False,False,0.0,0.0,0,0,0,0.0,0.0,0.0,0.0,-0.003333333181217313,1,-0.003333333181217313
,academy_3_vs_1_with_keeper,123,collect_rollout,1119,0,18,-0.009999999543651938,False,False,0.0,0.0,0,0,0,0.0,0.0,0.0,0.0,-0.009999999543651938,1,-0.009999999543651938
,academy_3_vs_1_with_keeper,123,collect_rollout,1120,0,19,-0.003333333181217313,False,False,0.0,0.0,0,0,0,0.0,0.0,0.0,0.0,-0.003333333181217313,1,-0.003333333181217313
,academy_3_vs_1_with_keeper,123,collect_rollout,1121,0,20,-0.003333333181217313,False,False,0.0,0.0,0,0,0,0.0,0.0,0.0,0.0,-0.003333333181217313,1,-0.003333333181217313
,academy_3_vs_1_with_keeper,123,collect_rollout,1122,0,19,-0.003333333181217313,False,False,0.0,0.0,0,0,0,0.0,0.0,0.0,0.0,-0.003333333181217313,1,-0.003333333181217313
,academy_3_vs_1_with_keeper,123,collect_rollout,1123,0,18,0.0,False,False,0.0,0.0,0,0,0,0.0,0.0,0.0,0.0,0.0,1,0.0
,academy_3_vs_1_with_keeper,123,collect_rollout,1124,0,18,-0.003333333181217313,False,False,0.0,0.0,0,0,0,0.0,0.0,0.0,0.0,-0.003333333181217313,1,-0.003333333181217313
,academy_3_vs_1_with_keeper,123,collect_rollout,1125,0,19,-0.009999999543651938,False,False,0.0,0.0,0,0,0,0.0,0.0,0.0,0.0,-0.009999999543651938,1,-0.009999999543651938
,academy_3_vs_1_with_keeper,123,collect_rollout,1126,0,15,0.0,False,False,0.0,0.0,0,0,0,0.0,0.0,0.0,0.0,0.0,1,0.0
,academy_3_vs_1_with_keeper,123,collect_rollout,1127,0,21,-0.003333333181217313,False,False,0.0,0.0,0,0,0,0.0,0.0,0.0,0.0,-0.003333333181217313,1,-0.003333333181217313
,academy_3_vs_1_with_keeper,123,collect_rollout,1128,0,22,0.0,False,False,0.0,0.0,0,0,0,0.0,0.0,0.0,0.0,0.0,1,0.0
,academy_3_vs_1_with_keeper,123,collect_rollout,1129,0,16,-0.003333333181217313,False,False,0.0,0.0,0,0,0,0.0,0.0,0.0,0.0,-0.003333333181217313,1,-0.003333333181217313
,academy_3_vs_1_with_keeper,123,collect_rollout,1130,0,21,-0.006666666362434626,False,False,0.0,0.0,0,0,0,0.0,0.0,0.0,0.0,-0.006666666362434626,1,-0.006666666362434626
,academy_3_vs_1_with_keeper,123,collect_rollout,1131,0,17,0.0,False,False,0.0,0.0,0,0,0,0.0,0.0,0.0,0.0,0.0,1,0.0
,academy_3_vs_1_with_keeper,123,collect_rollout,1132,0,20,-0.003333333181217313,False,False,0.0,0.0,0,0,0,0.0,0.0,0.0,0.0,-0.003333333181217313,1,-0.003333333181217313
,academy_3_vs_1_with_keeper,123,collect_rollout,1133,0,18,0.0,False,False,0.0,0.0,0,0,0,0.0,0.0,0.0,0.0,0.0,1,0.0
,academy_3_vs_1_with_keeper,123,collect_rollout,1134,0,20,-0.003333333181217313,False,False,0.0,0.0,0,0,0,0.0,0.0,0.0,0.0,-0.003333333181217313,1,-0.003333333181217313
,academy_3_vs_1_with_keeper,123,collect_rollout,1135,0,18,-0.003333333181217313,False,False,0.0,0.0,0,0,0,0.0,0.0,0.0,0.0,-0.003333333181217313,1,-0.003333333181217313
,academy_3_vs_1_with_keeper,123,collect_rollout,1136,0,19,-0.003333333181217313,False,False,0.0,0.0,0,0,0,0.0,0.0,0.0,0.0,-0.003333333181217313,1,-0.003333333181217313
,academy_3_vs_1_with_keeper,123,collect_rollout,1137,0,18,-0.006666666362434626,False,False,0.0,0.0,0,0,0,0.0,0.0,0.0,0.0,-0.006666666362434626,1,-0.006666666362434626
,academy_3_vs_1_with_keeper,123,collect_rollout,1138,0,20,-0.006666666362434626,False,False,0.0,0.0,0,0,0,0.0,0.0,0.0,0.0,-0.006666666362434626,1,-0.006666666362434626
,academy_3_vs_1_with_keeper,123,collect_rollout,1139,0,19,-0.006666666362434626,False,False,0.0,0.0,0,0,0,0.0,0.0,0.0,0.0,-0.006666666362434626,1,-0.006666666362434626
,academy_3_vs_1_with_keeper,123,collect_rollout,1140,0,65,-0.1499999964144081,False,False,0.0,0.0,0,0,0,0.0,0.0,0.0,0.0,-0.1499999964144081,1,-0.1499999964144081
,academy_3_vs_1_with_keeper,123,collect_rollout,1141,0,15,0.0,False,False,0.0,0.0,0,0,0,0.0,0.0,0.0,0.0,0.0,1,0.0
,academy_3_vs_1_with_keeper,123,collect_rollout,1142,0,18,0.0,False,False,0.0,0.0,0,0,0,0.0,0.0,0.0,0.0,0.0,1,0.0
,academy_3_vs_1_with_keeper,123,collect_rollout,1143,0,14,-0.003333333181217313,False,False,0.0,0.0,0,0,0,0.0,0.0,0.0,0.0,-0.003333333181217313,1,-0.003333333181217313
,academy_3_vs_1_with_keeper,123,collect_rollout,1144,0,15,0.0,False,False,0.0,0.0,0,0,0,0.0,0.0,0.0,0.0,0.0,1,0.0
,academy_3_vs_1_with_keeper,123,collect_rollout,1145,0,21,0.0,False,False,0.0,0.0,0,0,0,0.0,0.0,0.0,0.0,0.0,1,0.0
,academy_3_vs_1_with_keeper,123,collect_rollout,1146,0,19,0.0,False,False,0.0,0.0,0,0,0,0.0,0.0,0.0,0.0,0.0,1,0.0
,academy_3_vs_1_with_keeper,123,collect_rollout,1147,0,24,-0.003333333181217313,False,False,0.0,0.0,0,0,0,0.0,0.0,0.0,0.0,-0.003333333181217313,1,-0.003333333181217313
,academy_3_vs_1_with_keeper,123,collect_rollout,1148,0,16,0.0,False,False,0.0,0.0,0,0,0,0.0,0.0,0.0,0.0,0.0,1,0.0
,academy_3_vs_1_with_keeper,123,collect_rollout,1149,0,14,-0.003333333181217313,False,False,0.0,0.0,0,0,0,0.0,0.0,0.0,0.0,-0.003333333181217313,1,-0.003333333181217313
,academy_3_vs_1_with_keeper,123,collect_rollout,1150,0,22,-0.003333333181217313,False,False,0.0,0.0,0,0,0,0.0,0.0,0.0,0.0,-0.003333333181217313,1,-0.003333333181217313
,academy_3_vs_1_with_keeper,123,collect_rollout,1151,0,21,-0.003333333181217313,False,False,0.0,0.0,0,0,0,0.0,0.0,0.0,0.0,-0.003333333181217313,1,-0.003333333181217313
,academy_3_vs_1_with_keeper,123,collect_rollout,1152,0,17,0.0,False,False,0.0,0.0,0,0,0,0.0,0.0,0.0,0.0,0.0,1,0.0
,academy_3_vs_1_with_keeper,123,collect_rollout,1153,0,19,-0.003333333181217313,False,False,0.0,0.0,0,0,0,0.0,0.0,0.0,0.0,-0.003333333181217313,1,-0.003333333181217313
,academy_3_vs_1_with_keeper,123,collect_rollout,1154,0,83,-0.10761030684807338,False,False,0.0,0.0,0,0,0,0.0,0.0,0.0,0.0,-0.10761030684807338,1,-0.10761030684807338
,academy_3_vs_1_with_keeper,123,collect_rollout,1155,0,41,-0.06140558223705739,False,False,0.0,0.0,0,0,0,0.0,0.0,0.0,0.0,-0.06140558223705739,1,-0.06140558223705739
,academy_3_vs_1_with_keeper,123,collect_rollout,1156,0,19,-0.003333333181217313,False,False,0.0,0.0,0,0,0,0.0,0.0,0.0,0.0,-0.003333333181217313,1,-0.003333333181217313
,academy_3_vs_1_with_keeper,123,collect_rollout,1157,0,19,-0.006666666362434626,False,False,0.0,0.0,0,0,0,0.0,0.0,0.0,0.0,-0.006666666362434626,1,-0.006666666362434626
,academy_3_vs_1_with_keeper,123,collect_rollout,1158,0,21,0.0,False,False,0.0,0.0,0,0,0,0.0,0.0,0.0,0.0,0.0,1,0.0
,academy_3_vs_1_with_keeper,123,collect_rollout,1159,0,90,-0.2520031436388308,False,False,0.0,0.0,0,0,0,0.0,0.0,0.0,0.0,-0.2520031436388308,1,-0.2520031436388308
,academy_3_vs_1_with_keeper,123,collect_rollout,1160,0,82,-0.21573913097381592,False,False,0.0,0.0,0,0,0,0.0,0.0,0.0,0.0,-0.21573913097381592,1,-0.21573913097381592
,academy_3_vs_1_with_keeper,123,collect_rollout,1161,0,54,-0.08879438904114068,False,False,0.0,0.0,0,0,0,0.0,0.0,0.0,0.0,-0.08879438904114068,1,-0.08879438904114068
,academy_3_vs_1_with_keeper,123,collect_rollout,1162,0,20,0.0,False,False,0.0,0.0,0,0,0,0.0,0.0,0.0,0.0,0.0,1,0.0
,academy_3_vs_1_with_keeper,123,collect_rollout,1163,0,23,-0.006666666362434626,False,False,0.0,0.0,0,0,0,0.0,0.0,0.0,0.0,-0.006666666362434626,1,-0.006666666362434626
,academy_3_vs_1_with_keeper,123,collect_rollout,1164,0,22,-0.003333333181217313,False,False,0.0,0.0,0,0,0,0.0,0.0,0.0,0.0,-0.003333333181217313,1,-0.003333333181217313
,academy_3_vs_1_with_keeper,123,collect_rollout,1165,0,17,-0.003333333181217313,False,False,0.0,0.0,0,0,0,0.0,0.0,0.0,0.0,-0.003333333181217313,1,-0.003333333181217313
,academy_3_vs_1_with_keeper,123,collect_rollout,1166,0,23,0.0,False,False,0.0,0.0,0,0,0,0.0,0.0,0.0,0.0,0.0,1,0.0
,academy_3_vs_1_with_keeper,123,collect_rollout,1167,0,78,-0.10891637112945318,False,False,0.0,0.0,0,0,0,0.0,0.0,0.0,0.0,-0.10891637112945318,1,-0.10891637112945318
,academy_3_vs_1_with_keeper,123,collect_rollout,1168,0,18,-0.003333333181217313,False,False,0.0,0.0,0,0,0,0.0,0.0,0.0,0.0,-0.003333333181217313,1,-0.003333333181217313
,academy_3_vs_1_with_keeper,123,collect_rollout,1169,0,14,0.0,False,False,0.0,0.0,0,0,0,0.0,0.0,0.0,0.0,0.0,1,0.0
,academy_3_vs_1_with_keeper,123,collect_rollout,1170,0,19,-0.003333333181217313,False,False,0.0,0.0,0,0,0,0.0,0.0,0.0,0.0,-0.003333333181217313,1,-0.003333333181217313
,academy_3_vs_1_with_keeper,123,collect_rollout,1171,0,14,-0.003333333181217313,False,False,0.0,0.0,0,0,0,0.0,0.0,0.0,0.0,-0.003333333181217313,1,-0.003333333181217313
,academy_3_vs_1_with_keeper,123,collect_rollout,1172,0,17,0.0,False,False,0.0,0.0,0,0,0,0.0,0.0,0.0,0.0,0.0,1,0.0
,academy_3_vs_1_with_keeper,123,collect_rollout,1173,0,22,-0.003333333181217313,False,False,0.0,0.0,0,0,0,0.0,0.0,0.0,0.0,-0.003333333181217313,1,-0.003333333181217313
,academy_3_vs_1_with_keeper,123,collect_rollout,1174,0,14,-0.006666666362434626,False,False,0.0,0.0,0,0,0,0.0,0.0,0.0,0.0,-0.006666666362434626,1,-0.006666666362434626
,academy_3_vs_1_with_keeper,123,collect_rollout,1175,0,107,-0.3628670097095892,False,False,0.0,0.0,0,0,0,0.0,0.0,0.0,0.0,-0.3628670097095892,1,-0.3628670097095892
,academy_3_vs_1_with_keeper,123,collect_rollout,1176,0,20,-0.003333333181217313,False,False,0.0,0.0,0,0,0,0.0,0.0,0.0,0.0,-0.003333333181217313,1,-0.003333333181217313
,academy_3_vs_1_with_keeper,123,collect_rollout,1177,0,118,-0.3699252096557757,False,False,0.0,0.0,0,0,0,0.0,0.0,0.0,0.0,-0.3699252096557757,1,-0.3699252096557757
,academy_3_vs_1_with_keeper,123,collect_rollout,1178,0,115,-0.3607546172570437,False,False,0.0,0.0,0,0,0,0.0,0.0,0.0,0.0,-0.3607546172570437,1,-0.3607546172570437
,academy_3_vs_1_with_keeper,123,collect_rollout,1179,0,21,-0.016666665906086564,False,False,0.0,0.0,0,0,0,0.0,0.0,0.0,0.0,-0.016666665906086564,1,-0.016666665906086564
,academy_3_vs_1_with_keeper,123,collect_rollout,1180,0,21,-0.013333332724869251,False,False,0.0,0.0,0,0,0,0.0,0.0,0.0,0.0,-0.013333332724869251,1,-0.013333332724869251
,academy_3_vs_1_with_keeper,123,collect_rollout,1181,0,16,-0.003333333181217313,False,False,0.0,0.0,0,0,0,0.0,0.0,0.0,0.0,-0.003333333181217313,1,-0.003333333181217313
,academy_3_vs_1_with_keeper,123,collect_rollout,1182,0,23,-0.006666666362434626,False,False,0.0,0.0,0,0,0,0.0,0.0,0.0,0.0,-0.006666666362434626,1,-0.006666666362434626
,academy_3_vs_1_with_keeper,123,collect_rollout,1183,0,75,-0.16666666022501886,False,False,0.0,0.0,0,0,0,0.0,0.0,0.0,0.0,-0.16666666022501886,1,-0.16666666022501886
,academy_3_vs_1_with_keeper,123,collect_rollout,1184,0,79,-0.12215761200059205,False,False,0.0,0.0,0,0,0,0.0,0.0,0.0,0.0,-0.12215761200059205,1,-0.12215761200059205
,academy_3_vs_1_with_keeper,123,collect_rollout,1185,0,22,-0.003333333181217313,False,False,0.0,0.0,0,0,0,0.0,0.0,0.0,0.0,-0.003333333181217313,1,-0.003333333181217313
,academy_3_vs_1_with_keeper,123,collect_rollout,1186,0,21,0.0,False,False,0.0,0.0,0,0,0,0.0,0.0,0.0,0.0,0.0,1,0.0
,academy_3_vs_1_with_keeper,123,collect_rollout,1187,0,81,-0.21226718166144565,False,False,0.0,0.0,0,0,0,0.0,0.0,0.0,0.0,-0.21226718166144565,1,-0.21226718166144565
,academy_3_vs_1_with_keeper,123,collect_rollout,1188,0,17,0.0,False,False,0.0,0.0,0,0,0,0.0,0.0,0.0,0.0,0.0,1,0.0
,academy_3_vs_1_with_keeper,123,collect_rollout,1189,0,18,0.0,False,False,0.0,0.0,0,0,0,0.0,0.0,0.0,0.0,0.0,1,0.0
,academy_3_vs_1_with_keeper,123,collect_rollout,1190,0,15,0.0,False,False,0.0,0.0,0,0,0,0.0,0.0,0.0,0.0,0.0,1,0.0
,academy_3_vs_1_with_keeper,123,collect_rollout,1191,0,20,-0.003333333181217313,False,False,0.0,0.0,0,0,0,0.0,0.0,0.0,0.0,-0.003333333181217313,1,-0.003333333181217313
,academy_3_vs_1_with_keeper,123,collect_rollout,1192,0,16,0.0,False,False,0.0,0.0,0,0,0,0.0,0.0,0.0,0.0,0.0,1,0.0
,academy_3_vs_1_with_keeper,123,collect_rollout,1193,0,17,0.0,False,False,0.0,0.0,0,0,0,0.0,0.0,0.0,0.0,0.0,1,0.0
,academy_3_vs_1_with_keeper,123,collect_rollout,1194,0,73,-0.14524697535671294,False,False,0.0,0.0,0,0,0,0.0,0.0,0.0,0.0,-0.14524697535671294,1,-0.14524697535671294
,academy_3_vs_1_with_keeper,123,collect_rollout,1195,0,18,0.0,False,False,0.0,0.0,0,0,0,0.0,0.0,0.0,0.0,0.0,1,0.0
,academy_3_vs_1_with_keeper,123,collect_rollout,1196,0,21,-0.003333333181217313,False,False,0.0,0.0,0,0,0,0.0,0.0,0.0,0.0,-0.003333333181217313,1,-0.003333333181217313
,academy_3_vs_1_with_keeper,123,collect_rollout,1197,0,15,-0.003333333181217313,False,False,0.0,0.0,0,0,0,0.0,0.0,0.0,0.0,-0.003333333181217313,1,-0.003333333181217313
,academy_3_vs_1_with_keeper,123,collect_rollout,1198,0,17,0.0,False,False,0.0,0.0,0,0,0,0.0,0.0,0.0,0.0,0.0,1,0.0
,academy_3_vs_1_with_keeper,123,collect_rollout,1199,0,96,-0.11666666460223496,False,False,0.0,0.0,0,0,0,0.0,0.0,0.0,0.0,-0.11666666460223496,1,-0.11666666460223496
,academy_3_vs_1_with_keeper,123,collect_rollout,1200,0,17,-0.003333333181217313,False,False,0.0,0.0,0,0,0,0.0,0.0,0.0,0.0,-0.003333333181217313,1,-0.003333333181217313
,academy_3_vs_1_with_keeper,123,collect_rollout,1201,0,17,-0.006666666362434626,False,False,0.0,0.0,0,0,0,0.0,0.0,0.0,0.0,-0.006666666362434626,1,-0.006666666362434626
,academy_3_vs_1_with_keeper,123,collect_rollout,1202,0,91,-0.2647105256328359,False,False,0.0,0.0,0,0,0,0.0,0.0,0.0,0.0,-0.2647105256328359,1,-0.2647105256328359
,academy_3_vs_1_with_keeper,123,collect_rollout,1203,0,17,0.0,False,False,0.0,0.0,0,0,0,0.0,0.0,0.0,0.0,0.0,1,0.0
,academy_3_vs_1_with_keeper,123,collect_rollout,1204,0,122,-0.5362166911363602,False,False,0.0,0.0,0,0,0,0.0,0.0,0.0,0.0,-0.5362166911363602,1,-0.5362166911363602
,academy_3_vs_1_with_keeper,123,collect_rollout,1205,0,20,-0.006666666362434626,False,False,0.0,0.0,0,0,0,0.0,0.0,0.0,0.0,-0.006666666362434626,1,-0.006666666362434626
,academy_3_vs_1_with_keeper,123,collect_rollout,1206,0,20,-0.006666666362434626,False,False,0.0,0.0,0,0,0,0.0,0.0,0.0,0.0,-0.006666666362434626,1,-0.006666666362434626
,academy_3_vs_1_with_keeper,123,collect_rollout,1207,0,19,-0.003333333181217313,False,False,0.0,0.0,0,0,0,0.0,0.0,0.0,0.0,-0.003333333181217313,1,-0.003333333181217313
,academy_3_vs_1_with_keeper,123,collect_rollout,1208,0,97,-0.05322662461549044,False,False,0.0,0.0,0,0,0,0.0,0.0,0.0,0.0,-0.05322662461549044,1,-0.05322662461549044
,academy_3_vs_1_with_keeper,123,collect_rollout,1209,0,24,-0.013333332724869251,False,False,0.0,0.0,0,0,0,0.0,0.0,0.0,0.0,-0.013333332724869251,1,-0.013333332724869251
,academy_3_vs_1_with_keeper,123,collect_rollout,1210,0,17,-0.009999999543651938,False,False,0.0,0.0,0,0,0,0.0,0.0,0.0,0.0,-0.009999999543651938,1,-0.009999999543651938
,academy_3_vs_1_with_keeper,123,collect_rollout,1211,0,18,0.0,False,False,0.0,0.0,0,0,0,0.0,0.0,0.0,0.0,0.0,1,0.0
,academy_3_vs_1_with_keeper,123,collect_rollout,1212,0,14,0.0,False,False,0.0,0.0,0,0,0,0.0,0.0,0.0,0.0,0.0,1,0.0
,academy_3_vs_1_with_keeper,123,collect_rollout,1213,0,13,-0.006666666362434626,False,False,0.0,0.0,0,0,0,0.0,0.0,0.0,0.0,-0.006666666362434626,1,-0.006666666362434626
,academy_3_vs_1_with_keeper,123,collect_rollout,1214,0,63,-0.2731558639789,False,False,0.0,0.0,0,0,0,0.0,0.0,0.0,0.0,-0.2731558639789,1,-0.2731558639789
,academy_3_vs_1_with_keeper,123,collect_rollout,1215,0,16,0.0,False,False,0.0,0.0,0,0,0,0.0,0.0,0.0,0.0,0.0,1,0.0
,academy_3_vs_1_with_keeper,123,collect_rollout,1216,0,19,-0.009999999543651938,False,False,0.0,0.0,0,0,0,0.0,0.0,0.0,0.0,-0.009999999543651938,1,-0.009999999543651938
,academy_3_vs_1_with_keeper,123,collect_rollout,1217,0,20,0.0,False,False,0.0,0.0,0,0,0,0.0,0.0,0.0,0.0,0.0,1,0.0
,academy_3_vs_1_with_keeper,123,collect_rollout,1218,0,18,0.0,False,False,0.0,0.0,0,0,0,0.0,0.0,0.0,0.0,0.0,1,0.0
,academy_3_vs_1_with_keeper,123,collect_rollout,1219,0,19,0.0,False,False,0.0,0.0,0,0,0,0.0,0.0,0.0,0.0,0.0,1,0.0
,academy_3_vs_1_with_keeper,123,collect_rollout,1220,0,16,0.0,False,False,0.0,0.0,0,0,0,0.0,0.0,0.0,0.0,0.0,1,0.0
,academy_3_vs_1_with_keeper,123,collect_rollout,1221,0,19,-0.006666666362434626,False,False,0.0,0.0,0,0,0,0.0,0.0,0.0,0.0,-0.006666666362434626,1,-0.006666666362434626
,academy_3_vs_1_with_keeper,123,collect_rollout,1222,0,24,0.0,False,False,0.0,0.0,0,0,0,0.0,0.0,0.0,0.0,0.0,1,0.0
,academy_3_vs_1_with_keeper,123,collect_rollout,1223,0,16,0.0,False,False,0.0,0.0,0,0,0,0.0,0.0,0.0,0.0,0.0,1,0.0
,academy_3_vs_1_with_keeper,123,collect_rollout,1224,0,17,-0.009999999543651938,False,False,0.0,0.0,0,0,0,0.0,0.0,0.0,0.0,-0.009999999543651938,1,-0.009999999543651938
,academy_3_vs_1_with_keeper,123,collect_rollout,1225,0,19,-0.003333333181217313,False,False,0.0,0.0,0,0,0,0.0,0.0,0.0,0.0,-0.003333333181217313,1,-0.003333333181217313
,academy_3_vs_1_with_keeper,123,collect_rollout,1226,0,22,-0.009999999543651938,False,False,0.0,0.0,0,0,0,0.0,0.0,0.0,0.0,-0.009999999543651938,1,-0.009999999543651938
,academy_3_vs_1_with_keeper,123,collect_rollout,1227,0,16,0.0,False,False,0.0,0.0,0,0,0,0.0,0.0,0.0,0.0,0.0,1,0.0
,academy_3_vs_1_with_keeper,123,collect_rollout,1228,0,15,-0.003333333181217313,False,False,0.0,0.0,0,0,0,0.0,0.0,0.0,0.0,-0.003333333181217313,1,-0.003333333181217313
,academy_3_vs_1_with_keeper,123,collect_rollout,1229,0,21,0.0,False,False,0.0,0.0,0,0,0,0.0,0.0,0.0,0.0,0.0,1,0.0
,academy_3_vs_1_with_keeper,123,collect_rollout,1230,0,18,0.0,False,False,0.0,0.0,0,0,0,0.0,0.0,0.0,0.0,0.0,1,0.0
,academy_3_vs_1_with_keeper,123,collect_rollout,1231,0,96,-0.25499872263753787,False,False,0.0,0.0,0,0,0,0.0,0.0,0.0,0.0,-0.25499872263753787,1,-0.25499872263753787
,academy_3_vs_1_with_keeper,123,collect_rollout,1232,0,18,0.0,False,False,0.0,0.0,0,0,0,0.0,0.0,0.0,0.0,0.0,1,0.0
,academy_3_vs_1_with_keeper,123,collect_rollout,1233,0,185,-0.8651161147281528,False,False,0.0,0.0,0,0,0,0.0,0.0,0.0,0.0,-0.8651161147281528,1,-0.8651161147281528
,academy_3_vs_1_with_keeper,123,collect_rollout,1234,0,18,0.0,False,False,0.0,0.0,0,0,0,0.0,0.0,0.0,0.0,0.0,1,0.0
,academy_3_vs_1_with_keeper,123,collect_rollout,1235,0,17,-0.003333333181217313,False,False,0.0,0.0,0,0,0,0.0,0.0,0.0,0.0,-0.003333333181217313,1,-0.003333333181217313
,academy_3_vs_1_with_keeper,123,collect_rollout,1236,0,1801,-1.552517348289257,False,False,0.0,0.0,0,0,0,0.0,0.0,0.0,0.0,-1.552517348289257,1,-1.552517348289257
,academy_3_vs_1_with_keeper,123,collect_rollout,1237,0,16,0.0,False,False,0.0,0.0,0,0,0,0.0,0.0,0.0,0.0,0.0,1,0.0
,academy_3_vs_1_with_keeper,123,collect_rollout,1238,0,21,-0.006666666362434626,False,False,0.0,0.0,0,0,0,0.0,0.0,0.0,0.0,-0.006666666362434626,1,-0.006666666362434626
,academy_3_vs_1_with_keeper,123,collect_rollout,1239,0,17,0.0,False,False,0.0,0.0,0,0,0,0.0,0.0,0.0,0.0,0.0,1,0.0
,academy_3_vs_1_with_keeper,123,collect_rollout,1240,0,103,-0.47199538705172017,False,False,0.0,0.0,0,0,0,0.0,0.0,0.0,0.0,-0.47199538705172017,1,-0.47199538705172017
,academy_3_vs_1_with_keeper,123,collect_rollout,1241,0,21,0.0,False,False,0.0,0.0,0,0,0,0.0,0.0,0.0,0.0,0.0,1,0.0
,academy_3_vs_1_with_keeper,123,collect_rollout,1242,0,15,0.0,False,False,0.0,0.0,0,0,0,0.0,0.0,0.0,0.0,0.0,1,0.0
,academy_3_vs_1_with_keeper,123,collect_rollout,1243,0,15,-0.003333333181217313,False,False,0.0,0.0,0,0,0,0.0,0.0,0.0,0.0,-0.003333333181217313,1,-0.003333333181217313
,academy_3_vs_1_with_keeper,123,collect_rollout,1244,0,18,0.0,False,False,0.0,0.0,0,0,0,0.0,0.0,0.0,0.0,0.0,1,0.0
,academy_3_vs_1_with_keeper,123,collect_rollout,1245,0,16,-0.013333332724869251,False,False,0.0,0.0,0,0,0,0.0,0.0,0.0,0.0,-0.013333332724869251,1,-0.013333332724869251
,academy_3_vs_1_with_keeper,123,collect_rollout,1246,0,19,0.0,False,False,0.0,0.0,0,0,0,0.0,0.0,0.0,0.0,0.0,1,0.0
,academy_3_vs_1_with_keeper,123,collect_rollout,1247,0,16,-0.003333333181217313,False,False,0.0,0.0,0,0,0,0.0,0.0,0.0,0.0,-0.003333333181217313,1,-0.003333333181217313
,academy_3_vs_1_with_keeper,123,collect_rollout,1248,0,20,-0.003333333181217313,False,False,0.0,0.0,0,0,0,0.0,0.0,0.0,0.0,-0.003333333181217313,1,-0.003333333181217313
,academy_3_vs_1_with_keeper,123,collect_rollout,1249,0,33,0.04520247667096555,False,False,0.0,0.0,0,0,0,0.0,0.0,0.0,0.0,0.04520247667096555,1,0.04520247667096555
,academy_3_vs_1_with_keeper,123,collect_rollout,1250,0,19,-0.003333333181217313,False,False,0.0,0.0,0,0,0,0.0,0.0,0.0,0.0,-0.003333333181217313,1,-0.003333333181217313
,academy_3_vs_1_with_keeper,123,collect_rollout,1251,0,15,-0.003333333181217313,False,False,0.0,0.0,0,0,0,0.0,0.0,0.0,0.0,-0.003333333181217313,1,-0.003333333181217313
,academy_3_vs_1_with_keeper,123,collect_rollout,1252,0,17,0.0,False,False,0.0,0.0,0,0,0,0.0,0.0,0.0,0.0,0.0,1,0.0
,academy_3_vs_1_with_keeper,123,collect_rollout,1253,0,14,0.0,False,False,0.0,0.0,0,0,0,0.0,0.0,0.0,0.0,0.0,1,0.0
,academy_3_vs_1_with_keeper,123,collect_rollout,1254,0,19,0.0,False,False,0.0,0.0,0,0,0,0.0,0.0,0.0,0.0,0.0,1,0.0
,academy_3_vs_1_with_keeper,123,collect_rollout,1255,0,19,0.0,False,False,0.0,0.0,0,0,0,0.0,0.0,0.0,0.0,0.0,1,0.0
,academy_3_vs_1_with_keeper,123,collect_rollout,1256,0,93,-0.1076598833897151,False,False,0.0,0.0,0,0,0,0.0,0.0,0.0,0.0,-0.1076598833897151,1,-0.1076598833897151
,academy_3_vs_1_with_keeper,123,collect_rollout,1257,0,71,-0.07277446007356048,False,False,0.0,0.0,0,0,0,0.0,0.0,0.0,0.0,-0.07277446007356048,1,-0.07277446007356048
,academy_3_vs_1_with_keeper,123,collect_rollout,1258,0,15,0.0,False,False,0.0,0.0,0,0,0,0.0,0.0,0.0,0.0,0.0,1,0.0
,academy_3_vs_1_with_keeper,123,collect_rollout,1259,0,103,-0.17911740578711033,False,False,0.0,0.0,0,0,0,0.0,0.0,0.0,0.0,-0.17911740578711033,1,-0.17911740578711033
,academy_3_vs_1_with_keeper,123,collect_rollout,1260,0,20,-0.003333333181217313,False,False,0.0,0.0,0,0,0,0.0,0.0,0.0,0.0,-0.003333333181217313,1,-0.003333333181217313
,academy_3_vs_1_with_keeper,123,collect_rollout,1261,0,16,0.0,False,False,0.0,0.0,0,0,0,0.0,0.0,0.0,0.0,0.0,1,0.0
,academy_3_vs_1_with_keeper,123,collect_rollout,1262,0,79,-0.14348166552372277,False,False,0.0,0.0,0,0,0,0.0,0.0,0.0,0.0,-0.14348166552372277,1,-0.14348166552372277
,academy_3_vs_1_with_keeper,123,collect_rollout,1263,0,15,0.0,False,False,0.0,0.0,0,0,0,0.0,0.0,0.0,0.0,0.0,1,0.0
,academy_3_vs_1_with_keeper,123,collect_rollout,1264,0,18,0.0,False,False,0.0,0.0,0,0,0,0.0,0.0,0.0,0.0,0.0,1,0.0
,academy_3_vs_1_with_keeper,123,collect_rollout,1265,0,18,-0.003333333181217313,False,False,0.0,0.0,0,0,0,0.0,0.0,0.0,0.0,-0.003333333181217313,1,-0.003333333181217313
,academy_3_vs_1_with_keeper,123,collect_rollout,1266,0,15,-0.003333333181217313,False,False,0.0,0.0,0,0,0,0.0,0.0,0.0,0.0,-0.003333333181217313,1,-0.003333333181217313
,academy_3_vs_1_with_keeper,123,collect_rollout,1267,0,22,0.0,False,False,0.0,0.0,0,0,0,0.0,0.0,0.0,0.0,0.0,1,0.0
,academy_3_vs_1_with_keeper,123,collect_rollout,1268,0,21,0.0,False,False,0.0,0.0,0,0,0,0.0,0.0,0.0,0.0,0.0,1,0.0
,academy_3_vs_1_with_keeper,123,collect_rollout,1269,0,18,0.0,False,False,0.0,0.0,0,0,0,0.0,0.0,0.0,0.0,0.0,1,0.0
,academy_3_vs_1_with_keeper,123,collect_rollout,1270,0,21,0.0,False,False,0.0,0.0,0,0,0,0.0,0.0,0.0,0.0,0.0,1,0.0
,academy_3_vs_1_with_keeper,123,collect_rollout,1271,0,44,0.058110139216296375,False,False,0.0,0.0,0,0,0,0.0,0.0,0.0,0.0,0.058110139216296375,1,0.058110139216296375
,academy_3_vs_1_with_keeper,123,collect_rollout,1272,0,15,-0.009999999543651938,False,False,0.0,0.0,0,0,0,0.0,0.0,0.0,0.0,-0.009999999543651938,1,-0.009999999543651938
,academy_3_vs_1_with_keeper,123,collect_rollout,1273,0,18,-0.003333333181217313,False,False,0.0,0.0,0,0,0,0.0,0.0,0.0,0.0,-0.003333333181217313,1,-0.003333333181217313
,academy_3_vs_1_with_keeper,123,collect_rollout,1274,0,17,0.0,False,False,0.0,0.0,0,0,0,0.0,0.0,0.0,0.0,0.0,1,0.0
,academy_3_vs_1_with_keeper,123,collect_rollout,1275,0,18,0.0,False,False,0.0,0.0,0,0,0,0.0,0.0,0.0,0.0,0.0,1,0.0
,academy_3_vs_1_with_keeper,123,collect_rollout,1276,0,16,-0.003333333181217313,False,False,0.0,0.0,0,0,0,0.0,0.0,0.0,0.0,-0.003333333181217313,1,-0.003333333181217313
,academy_3_vs_1_with_keeper,123,collect_rollout,1277,0,19,-0.003333333181217313,False,False,0.0,0.0,0,0,0,0.0,0.0,0.0,0.0,-0.003333333181217313,1,-0.003333333181217313
,academy_3_vs_1_with_keeper,123,collect_rollout,1278,0,15,0.0,False,False,0.0,0.0,0,0,0,0.0,0.0,0.0,0.0,0.0,1,0.0
,academy_3_vs_1_with_keeper,123,collect_rollout,1279,0,20,-0.006666666362434626,False,False,0.0,0.0,0,0,0,0.0,0.0,0.0,0.0,-0.006666666362434626,1,-0.006666666362434626
,academy_3_vs_1_with_keeper,123,collect_rollout,1280,0,23,-0.006666666362434626,False,False,0.0,0.0,0,0,0,0.0,0.0,0.0,0.0,-0.006666666362434626,1,-0.006666666362434626
,academy_3_vs_1_with_keeper,123,collect_rollout,1281,0,87,-0.2850474158767611,False,False,0.0,0.0,0,0,0,0.0,0.0,0.0,0.0,-0.2850474158767611,1,-0.2850474158767611
,academy_3_vs_1_with_keeper,123,collect_rollout,1282,0,18,0.0,False,False,0.0,0.0,0,0,0,0.0,0.0,0.0,0.0,0.0,1,0.0
,academy_3_vs_1_with_keeper,123,collect_rollout,1283,0,20,-0.003333333181217313,False,False,0.0,0.0,0,0,0,0.0,0.0,0.0,0.0,-0.003333333181217313,1,-0.003333333181217313
,academy_3_vs_1_with_keeper,123,collect_rollout,1284,0,17,0.0,False,False,0.0,0.0,0,0,0,0.0,0.0,0.0,0.0,0.0,1,0.0
,academy_3_vs_1_with_keeper,123,collect_rollout,1285,0,19,-0.009999999543651938,False,False,0.0,0.0,0,0,0,0.0,0.0,0.0,0.0,-0.009999999543651938,1,-0.009999999543651938
,academy_3_vs_1_with_keeper,123,collect_rollout,1286,0,77,-0.08510455032228492,False,False,0.0,0.0,0,0,0,0.0,0.0,0.0,0.0,-0.08510455032228492,1,-0.08510455032228492
,academy_3_vs_1_with_keeper,123,collect_rollout,1287,0,79,-0.2262851478299126,False,False,0.0,0.0,0,0,0,0.0,0.0,0.0,0.0,-0.2262851478299126,1,-0.2262851478299126
,academy_3_vs_1_with_keeper,123,collect_rollout,1288,0,19,-0.006666666362434626,False,False,0.0,0.0,0,0,0,0.0,0.0,0.0,0.0,-0.006666666362434626,1,-0.006666666362434626
,academy_3_vs_1_with_keeper,123,collect_rollout,1289,0,224,-0.8020840339595452,False,False,0.0,0.0,0,0,0,0.0,0.0,0.0,0.0,-0.8020840339595452,1,-0.8020840339595452
,academy_3_vs_1_with_keeper,123,collect_rollout,1290,0,23,-0.009999999543651938,False,False,0.0,0.0,0,0,0,0.0,0.0,0.0,0.0,-0.009999999543651938,1,-0.009999999543651938
,academy_3_vs_1_with_keeper,123,collect_rollout,1291,0,50,-0.2803646238753572,False,False,0.0,0.0,0,0,0,0.0,0.0,0.0,0.0,-0.2803646238753572,1,-0.2803646238753572
,academy_3_vs_1_with_keeper,123,collect_rollout,1292,0,15,0.0,False,False,0.0,0.0,0,0,0,0.0,0.0,0.0,0.0,0.0,1,0.0
,academy_3_vs_1_with_keeper,123,collect_rollout,1293,0,105,-0.12130315625108778,False,False,0.0,0.0,0,0,0,0.0,0.0,0.0,0.0,-0.12130315625108778,1,-0.12130315625108778
,academy_3_vs_1_with_keeper,123,collect_rollout,1294,0,21,-0.003333333181217313,False,False,0.0,0.0,0,0,0,0.0,0.0,0.0,0.0,-0.003333333181217313,1,-0.003333333181217313
,academy_3_vs_1_with_keeper,123,collect_rollout,1295,0,16,0.0,False,False,0.0,0.0,0,0,0,0.0,0.0,0.0,0.0,0.0,1,0.0
,academy_3_vs_1_with_keeper,123,collect_rollout,1296,0,15,0.0,False,False,0.0,0.0,0,0,0,0.0,0.0,0.0,0.0,0.0,1,0.0
,academy_3_vs_1_with_keeper,123,collect_rollout,1297,0,16,0.0,False,False,0.0,0.0,0,0,0,0.0,0.0,0.0,0.0,0.0,1,0.0
,academy_3_vs_1_with_keeper,123,collect_rollout,1298,0,20,-0.006666666362434626,False,False,0.0,0.0,0,0,0,0.0,0.0,0.0,0.0,-0.006666666362434626,1,-0.006666666362434626
,academy_3_vs_1_with_keeper,123,collect_rollout,1299,0,16,-0.009999999543651938,False,False,0.0,0.0,0,0,0,0.0,0.0,0.0,0.0,-0.009999999543651938,1,-0.009999999543651938
,academy_3_vs_1_with_keeper,123,collect_rollout,1300,0,21,0.0,False,False,0.0,0.0,0,0,0,0.0,0.0,0.0,0.0,0.0,1,0.0
,academy_3_vs_1_with_keeper,123,collect_rollout,1301,0,17,-0.003333333181217313,False,False,0.0,0.0,0,0,0,0.0,0.0,0.0,0.0,-0.003333333181217313,1,-0.003333333181217313
,academy_3_vs_1_with_keeper,123,collect_rollout,1302,0,16,-0.003333333181217313,False,False,0.0,0.0,0,0,0,0.0,0.0,0.0,0.0,-0.003333333181217313,1,-0.003333333181217313
,academy_3_vs_1_with_keeper,123,collect_rollout,1303,0,58,-0.03406996885314584,False,False,0.0,0.0,0,0,0,0.0,0.0,0.0,0.0,-0.03406996885314584,1,-0.03406996885314584
,academy_3_vs_1_with_keeper,123,collect_rollout,1304,0,19,0.0,False,False,0.0,0.0,0,0,0,0.0,0.0,0.0,0.0,0.0,1,0.0
,academy_3_vs_1_with_keeper,123,collect_rollout,1305,0,19,0.0,False,False,0.0,0.0,0,0,0,0.0,0.0,0.0,0.0,0.0,1,0.0
,academy_3_vs_1_with_keeper,123,collect_rollout,1306,0,20,-0.003333333181217313,False,False,0.0,0.0,0,0,0,0.0,0.0,0.0,0.0,-0.003333333181217313,1,-0.003333333181217313
,academy_3_vs_1_with_keeper,123,collect_rollout,1307,0,19,0.0,False,False,0.0,0.0,0,0,0,0.0,0.0,0.0,0.0,0.0,1,0.0
,academy_3_vs_1_with_keeper,123,collect_rollout,1308,0,17,-0.003333333181217313,False,False,0.0,0.0,0,0,0,0.0,0.0,0.0,0.0,-0.003333333181217313,1,-0.003333333181217313
,academy_3_vs_1_with_keeper,123,collect_rollout,1309,0,20,-0.009999999543651938,False,False,0.0,0.0,0,0,0,0.0,0.0,0.0,0.0,-0.009999999543651938,1,-0.009999999543651938
,academy_3_vs_1_with_keeper,123,collect_rollout,1310,0,19,-0.006666666362434626,False,False,0.0,0.0,0,0,0,0.0,0.0,0.0,0.0,-0.006666666362434626,1,-0.006666666362434626
,academy_3_vs_1_with_keeper,123,collect_rollout,1311,0,21,0.0,False,False,0.0,0.0,0,0,0,0.0,0.0,0.0,0.0,0.0,1,0.0
,academy_3_vs_1_with_keeper,123,collect_rollout,1312,0,21,-0.003333333181217313,False,False,0.0,0.0,0,0,0,0.0,0.0,0.0,0.0,-0.003333333181217313,1,-0.003333333181217313
,academy_3_vs_1_with_keeper,123,collect_rollout,1313,0,21,0.0,False,False,0.0,0.0,0,0,0,0.0,0.0,0.0,0.0,0.0,1,0.0
,academy_3_vs_1_with_keeper,123,collect_rollout,1314,0,15,-0.006666666362434626,False,False,0.0,0.0,0,0,0,0.0,0.0,0.0,0.0,-0.006666666362434626,1,-0.006666666362434626
,academy_3_vs_1_with_keeper,123,collect_rollout,1315,0,18,0.0,False,False,0.0,0.0,0,0,0,0.0,0.0,0.0,0.0,0.0,1,0.0
,academy_3_vs_1_with_keeper,123,collect_rollout,1316,0,22,-0.003333333181217313,False,False,0.0,0.0,0,0,0,0.0,0.0,0.0,0.0,-0.003333333181217313,1,-0.003333333181217313
,academy_3_vs_1_with_keeper,123,collect_rollout,1317,0,19,-0.003333333181217313,False,False,0.0,0.0,0,0,0,0.0,0.0,0.0,0.0,-0.003333333181217313,1,-0.003333333181217313
,academy_3_vs_1_with_keeper,123,collect_rollout,1318,0,18,-0.009999999543651938,False,False,0.0,0.0,0,0,0,0.0,0.0,0.0,0.0,-0.009999999543651938,1,-0.009999999543651938
,academy_3_vs_1_with_keeper,123,collect_rollout,1319,0,17,0.0,False,False,0.0,0.0,0,0,0,0.0,0.0,0.0,0.0,0.0,1,0.0
,academy_3_vs_1_with_keeper,123,collect_rollout,1320,0,50,-0.03507525031454861,False,False,0.0,0.0,0,0,0,0.0,0.0,0.0,0.0,-0.03507525031454861,1,-0.03507525031454861
,academy_3_vs_1_with_keeper,123,collect_rollout,1321,0,18,0.0,False,False,0.0,0.0,0,0,0,0.0,0.0,0.0,0.0,0.0,1,0.0
,academy_3_vs_1_with_keeper,123,collect_rollout,1322,0,20,-0.006666666362434626,False,False,0.0,0.0,0,0,0,0.0,0.0,0.0,0.0,-0.006666666362434626,1,-0.006666666362434626
,academy_3_vs_1_with_keeper,123,collect_rollout,1323,0,18,-0.003333333181217313,False,False,0.0,0.0,0,0,0,0.0,0.0,0.0,0.0,-0.003333333181217313,1,-0.003333333181217313
,academy_3_vs_1_with_keeper,123,collect_rollout,1324,0,19,-0.003333333181217313,False,False,0.0,0.0,0,0,0,0.0,0.0,0.0,0.0,-0.003333333181217313,1,-0.003333333181217313
,academy_3_vs_1_with_keeper,123,collect_rollout,1325,0,16,-0.003333333181217313,False,False,0.0,0.0,0,0,0,0.0,0.0,0.0,0.0,-0.003333333181217313,1,-0.003333333181217313
,academy_3_vs_1_with_keeper,123,collect_rollout,1326,0,18,0.0,False,False,0.0,0.0,0,0,0,0.0,0.0,0.0,0.0,0.0,1,0.0
,academy_3_vs_1_with_keeper,123,collect_rollout,1327,0,15,-0.003333333181217313,False,False,0.0,0.0,0,0,0,0.0,0.0,0.0,0.0,-0.003333333181217313,1,-0.003333333181217313
,academy_3_vs_1_with_keeper,123,collect_rollout,1328,0,15,0.0,False,False,0.0,0.0,0,0,0,0.0,0.0,0.0,0.0,0.0,1,0.0
,academy_3_vs_1_with_keeper,123,collect_rollout,1329,0,18,-0.003333333181217313,False,False,0.0,0.0,0,0,0,0.0,0.0,0.0,0.0,-0.003333333181217313,1,-0.003333333181217313
,academy_3_vs_1_with_keeper,123,collect_rollout,1330,0,21,0.0,False,False,0.0,0.0,0,0,0,0.0,0.0,0.0,0.0,0.0,1,0.0
,academy_3_vs_1_with_keeper,123,collect_rollout,1331,0,111,-0.6540699495235458,False,False,0.0,0.0,0,0,0,0.0,0.0,0.0,0.0,-0.6540699495235458,1,-0.6540699495235458
,academy_3_vs_1_with_keeper,123,collect_rollout,1332,0,19,0.0,False,False,0.0,0.0,0,0,0,0.0,0.0,0.0,0.0,0.0,1,0.0
,academy_3_vs_1_with_keeper,123,collect_rollout,1333,0,19,-0.003333333181217313,False,False,0.0,0.0,0,0,0,0.0,0.0,0.0,0.0,-0.003333333181217313,1,-0.003333333181217313
,academy_3_vs_1_with_keeper,123,collect_rollout,1334,0,50,-0.03666666825301945,False,False,0.0,0.0,0,0,0,0.0,0.0,0.0,0.0,-0.03666666825301945,1,-0.03666666825301945
,academy_3_vs_1_with_keeper,123,collect_rollout,1335,0,24,-0.006666666362434626,False,False,0.0,0.0,0,0,0,0.0,0.0,0.0,0.0,-0.006666666362434626,1,-0.006666666362434626
,academy_3_vs_1_with_keeper,123,collect_rollout,1336,0,17,0.0,False,False,0.0,0.0,0,0,0,0.0,0.0,0.0,0.0,0.0,1,0.0
,academy_3_vs_1_with_keeper,123,collect_rollout,1337,0,49,-0.059999997494742274,False,False,0.0,0.0,0,0,0,0.0,0.0,0.0,0.0,-0.059999997494742274,1,-0.059999997494742274
,academy_3_vs_1_with_keeper,123,collect_rollout,1338,0,19,0.0,False,False,0.0,0.0,0,0,0,0.0,0.0,0.0,0.0,0.0,1,0.0
,academy_3_vs_1_with_keeper,123,collect_rollout,1339,0,17,-0.003333333181217313,False,False,0.0,0.0,0,0,0,0.0,0.0,0.0,0.0,-0.003333333181217313,1,-0.003333333181217313
,academy_3_vs_1_with_keeper,123,collect_rollout,1340,0,17,-0.003333333181217313,False,False,0.0,0.0,0,0,0,0.0,0.0,0.0,0.0,-0.003333333181217313,1,-0.003333333181217313
,academy_3_vs_1_with_keeper,123,collect_rollout,1341,0,20,0.0,False,False,0.0,0.0,0,0,0,0.0,0.0,0.0,0.0,0.0,1,0.0
,academy_3_vs_1_with_keeper,123,collect_rollout,1342,0,118,-0.33833390462677926,False,False,0.0,0.0,0,0,0,0.0,0.0,0.0,0.0,-0.33833390462677926,1,-0.33833390462677926
,academy_3_vs_1_with_keeper,123,collect_rollout,1343,0,16,-0.003333333181217313,False,False,0.0,0.0,0,0,0,0.0,0.0,0.0,0.0,-0.003333333181217313,1,-0.003333333181217313
,academy_3_vs_1_with_keeper,123,collect_rollout,1344,0,22,-0.003333333181217313,False,False,0.0,0.0,0,0,0,0.0,0.0,0.0,0.0,-0.003333333181217313,1,-0.003333333181217313
,academy_3_vs_1_with_keeper,123,collect_rollout,1345,0,20,0.0,False,False,0.0,0.0,0,0,0,0.0,0.0,0.0,0.0,0.0,1,0.0
,academy_3_vs_1_with_keeper,123,collect_rollout,1346,0,19,0.0,False,False,0.0,0.0,0,0,0,0.0,0.0,0.0,0.0,0.0,1,0.0
,academy_3_vs_1_with_keeper,123,collect_rollout,1347,0,19,0.0,False,False,0.0,0.0,0,0,0,0.0,0.0,0.0,0.0,0.0,1,0.0
,academy_3_vs_1_with_keeper,123,collect_rollout,1348,0,14,0.0,False,False,0.0,0.0,0,0,0,0.0,0.0,0.0,0.0,0.0,1,0.0
,academy_3_vs_1_with_keeper,123,collect_rollout,1349,0,21,0.0,False,False,0.0,0.0,0,0,0,0.0,0.0,0.0,0.0,0.0,1,0.0
,academy_3_vs_1_with_keeper,123,collect_rollout,1350,0,20,-0.003333333181217313,False,False,0.0,0.0,0,0,0,0.0,0.0,0.0,0.0,-0.003333333181217313,1,-0.003333333181217313
,academy_3_vs_1_with_keeper,123,collect_rollout,1351,0,24,0.0,False,False,0.0,0.0,0,0,0,0.0,0.0,0.0,0.0,0.0,1,0.0
,academy_3_vs_1_with_keeper,123,collect_rollout,1352,0,17,0.0,False,False,0.0,0.0,0,0,0,0.0,0.0,0.0,0.0,0.0,1,0.0
,academy_3_vs_1_with_keeper,123,collect_rollout,1353,0,20,-0.003333333181217313,False,False,0.0,0.0,0,0,0,0.0,0.0,0.0,0.0,-0.003333333181217313,1,-0.003333333181217313
,academy_3_vs_1_with_keeper,123,collect_rollout,1354,0,21,-0.003333333181217313,False,False,0.0,0.0,0,0,0,0.0,0.0,0.0,0.0,-0.003333333181217313,1,-0.003333333181217313
,academy_3_vs_1_with_keeper,123,collect_rollout,1355,0,9,-0.08605071436613798,False,False,0.0,0.0,0,0,0,0.0,0.0,0.0,0.0,-0.08605071436613798,1,-0.08605071436613798
,academy_3_vs_1_with_keeper,123,collect_rollout,1356,0,50,-0.04510208568535745,False,False,0.0,0.0,0,0,0,0.0,0.0,0.0,0.0,-0.04510208568535745,1,-0.04510208568535745
,academy_3_vs_1_with_keeper,123,collect_rollout,1357,0,22,-0.006666666362434626,False,False,0.0,0.0,0,0,0,0.0,0.0,0.0,0.0,-0.006666666362434626,1,-0.006666666362434626
,academy_3_vs_1_with_keeper,123,collect_rollout,1358,0,17,-0.003333333181217313,False,False,0.0,0.0,0,0,0,0.0,0.0,0.0,0.0,-0.003333333181217313,1,-0.003333333181217313
,academy_3_vs_1_with_keeper,123,collect_rollout,1359,0,17,-0.003333333181217313,False,False,0.0,0.0,0,0,0,0.0,0.0,0.0,0.0,-0.003333333181217313,1,-0.003333333181217313
,academy_3_vs_1_with_keeper,123,collect_rollout,1360,0,17,-0.009999999543651938,False,False,0.0,0.0,0,0,0,0.0,0.0,0.0,0.0,-0.009999999543651938,1,-0.009999999543651938
,academy_3_vs_1_with_keeper,123,collect_rollout,1361,0,39,0.11028900719247758,False,False,0.0,0.0,0,0,0,0.0,0.0,0.0,0.0,0.11028900719247758,1,0.11028900719247758
,academy_3_vs_1_with_keeper,123,collect_rollout,1362,0,63,-0.14595306612318382,False,False,0.0,0.0,0,0,0,0.0,0.0,0.0,0.0,-0.14595306612318382,1,-0.14595306612318382
,academy_3_vs_1_with_keeper,123,collect_rollout,1363,0,21,0.0,False,False,0.0,0.0,0,0,0,0.0,0.0,0.0,0.0,0.0,1,0.0
,academy_3_vs_1_with_keeper,123,collect_rollout,1364,0,128,-0.6483994771260768,False,False,0.0,0.0,0,0,0,0.0,0.0,0.0,0.0,-0.6483994771260768,1,-0.6483994771260768
,academy_3_vs_1_with_keeper,123,collect_rollout,1365,0,18,0.0,False,False,0.0,0.0,0,0,0,0.0,0.0,0.0,0.0,0.0,1,0.0
,academy_3_vs_1_with_keeper,123,collect_rollout,1366,0,21,-0.006666666362434626,False,False,0.0,0.0,0,0,0,0.0,0.0,0.0,0.0,-0.006666666362434626,1,-0.006666666362434626
,academy_3_vs_1_with_keeper,123,collect_rollout,1367,0,18,0.0,False,False,0.0,0.0,0,0,0,0.0,0.0,0.0,0.0,0.0,1,0.0
,academy_3_vs_1_with_keeper,123,collect_rollout,1368,0,15,0.0,False,False,0.0,0.0,0,0,0,0.0,0.0,0.0,0.0,0.0,1,0.0
,academy_3_vs_1_with_keeper,123,collect_rollout,1369,0,16,-0.003333333181217313,False,False,0.0,0.0,0,0,0,0.0,0.0,0.0,0.0,-0.003333333181217313,1,-0.003333333181217313
,academy_3_vs_1_with_keeper,123,collect_rollout,1370,0,23,0.0,False,False,0.0,0.0,0,0,0,0.0,0.0,0.0,0.0,0.0,1,0.0
,academy_3_vs_1_with_keeper,123,collect_rollout,1371,0,14,0.0,False,False,0.0,0.0,0,0,0,0.0,0.0,0.0,0.0,0.0,1,0.0
,academy_3_vs_1_with_keeper,123,collect_rollout,1372,0,23,-0.006666666362434626,False,False,0.0,0.0,0,0,0,0.0,0.0,0.0,0.0,-0.006666666362434626,1,-0.006666666362434626
,academy_3_vs_1_with_keeper,123,collect_rollout,1373,0,15,0.0,False,False,0.0,0.0,0,0,0,0.0,0.0,0.0,0.0,0.0,1,0.0
,academy_3_vs_1_with_keeper,123,collect_rollout,1374,0,16,0.0,False,False,0.0,0.0,0,0,0,0.0,0.0,0.0,0.0,0.0,1,0.0
,academy_3_vs_1_with_keeper,123,collect_rollout,1375,0,15,0.0,False,False,0.0,0.0,0,0,0,0.0,0.0,0.0,0.0,0.0,1,0.0
,academy_3_vs_1_with_keeper,123,collect_rollout,1376,0,18,-0.003333333181217313,False,False,0.0,0.0,0,0,0,0.0,0.0,0.0,0.0,-0.003333333181217313,1,-0.003333333181217313
,academy_3_vs_1_with_keeper,123,collect_rollout,1377,0,18,0.0,False,False,0.0,0.0,0,0,0,0.0,0.0,0.0,0.0,0.0,1,0.0
,academy_3_vs_1_with_keeper,123,collect_rollout,1378,0,21,0.0,False,False,0.0,0.0,0,0,0,0.0,0.0,0.0,0.0,0.0,1,0.0
,academy_3_vs_1_with_keeper,123,collect_rollout,1379,0,17,0.0,False,False,0.0,0.0,0,0,0,0.0,0.0,0.0,0.0,0.0,1,0.0
,academy_3_vs_1_with_keeper,123,collect_rollout,1380,0,21,-0.003333333181217313,False,False,0.0,0.0,0,0,0,0.0,0.0,0.0,0.0,-0.003333333181217313,1,-0.003333333181217313
,academy_3_vs_1_with_keeper,123,collect_rollout,1381,0,19,-0.003333333181217313,False,False,0.0,0.0,0,0,0,0.0,0.0,0.0,0.0,-0.003333333181217313,1,-0.003333333181217313
,academy_3_vs_1_with_keeper,123,collect_rollout,1382,0,20,-0.006666666362434626,False,False,0.0,0.0,0,0,0,0.0,0.0,0.0,0.0,-0.006666666362434626,1,-0.006666666362434626
,academy_3_vs_1_with_keeper,123,collect_rollout,1383,0,8,-0.10582655458711088,False,False,0.0,0.0,0,0,0,0.0,0.0,0.0,0.0,-0.10582655458711088,1,-0.10582655458711088
,academy_3_vs_1_with_keeper,123,collect_rollout,1384,0,16,-0.003333333181217313,False,False,0.0,0.0,0,0,0,0.0,0.0,0.0,0.0,-0.003333333181217313,1,-0.003333333181217313
,academy_3_vs_1_with_keeper,123,collect_rollout,1385,0,21,-0.003333333181217313,False,False,0.0,0.0,0,0,0,0.0,0.0,0.0,0.0,-0.003333333181217313,1,-0.003333333181217313
,academy_3_vs_1_with_keeper,123,collect_rollout,1386,0,18,-0.003333333181217313,False,False,0.0,0.0,0,0,0,0.0,0.0,0.0,0.0,-0.003333333181217313,1,-0.003333333181217313
,academy_3_vs_1_with_keeper,123,collect_rollout,1387,0,18,0.0,False,False,0.0,0.0,0,0,0,0.0,0.0,0.0,0.0,0.0,1,0.0
,academy_3_vs_1_with_keeper,123,collect_rollout,1388,0,17,-0.003333333181217313,False,False,0.0,0.0,0,0,0,0.0,0.0,0.0,0.0,-0.003333333181217313,1,-0.003333333181217313
,academy_3_vs_1_with_keeper,123,collect_rollout,1389,0,141,-0.3418605250772089,False,False,0.0,0.0,0,0,0,0.0,0.0,0.0,0.0,-0.3418605250772089,1,-0.3418605250772089
,academy_3_vs_1_with_keeper,123,collect_rollout,1390,0,20,0.0,False,False,0.0,0.0,0,0,0,0.0,0.0,0.0,0.0,0.0,1,0.0
,academy_3_vs_1_with_keeper,123,collect_rollout,1391,0,118,-0.293520416948013,False,False,0.0,0.0,0,0,0,0.0,0.0,0.0,0.0,-0.293520416948013,1,-0.293520416948013
,academy_3_vs_1_with_keeper,123,collect_rollout,1392,0,16,-0.003333333181217313,False,False,0.0,0.0,0,0,0,0.0,0.0,0.0,0.0,-0.003333333181217313,1,-0.003333333181217313
,academy_3_vs_1_with_keeper,123,collect_rollout,1393,0,17,0.0,False,False,0.0,0.0,0,0,0,0.0,0.0,0.0,0.0,0.0,1,0.0
,academy_3_vs_1_with_keeper,123,collect_rollout,1394,0,19,-0.003333333181217313,False,False,0.0,0.0,0,0,0,0.0,0.0,0.0,0.0,-0.003333333181217313,1,-0.003333333181217313
,academy_3_vs_1_with_keeper,123,collect_rollout,1395,0,20,0.0,False,False,0.0,0.0,0,0,0,0.0,0.0,0.0,0.0,0.0,1,0.0
,academy_3_vs_1_with_keeper,123,collect_rollout,1396,0,19,0.0,False,False,0.0,0.0,0,0,0,0.0,0.0,0.0,0.0,0.0,1,0.0
,academy_3_vs_1_with_keeper,123,collect_rollout,1397,0,19,0.0,False,False,0.0,0.0,0,0,0,0.0,0.0,0.0,0.0,0.0,1,0.0
,academy_3_vs_1_with_keeper,123,collect_rollout,1398,0,21,-0.006666666362434626,False,False,0.0,0.0,0,0,0,0.0,0.0,0.0,0.0,-0.006666666362434626,1,-0.006666666362434626
,academy_3_vs_1_with_keeper,123,collect_rollout,1399,0,15,0.0,False,False,0.0,0.0,0,0,0,0.0,0.0,0.0,0.0,0.0,1,0.0
,academy_3_vs_1_with_keeper,123,collect_rollout,1400,0,23,-0.006666666362434626,False,False,0.0,0.0,0,0,0,0.0,0.0,0.0,0.0,-0.006666666362434626,1,-0.006666666362434626
,academy_3_vs_1_with_keeper,123,collect_rollout,1401,0,15,0.0,False,False,0.0,0.0,0,0,0,0.0,0.0,0.0,0.0,0.0,1,0.0
,academy_3_vs_1_with_keeper,123,collect_rollout,1402,0,18,0.0,False,False,0.0,0.0,0,0,0,0.0,0.0,0.0,0.0,0.0,1,0.0
,academy_3_vs_1_with_keeper,123,collect_rollout,1403,0,24,-0.006666666362434626,False,False,0.0,0.0,0,0,0,0.0,0.0,0.0,0.0,-0.006666666362434626,1,-0.006666666362434626
,academy_3_vs_1_with_keeper,123,collect_rollout,1404,0,21,0.0,False,False,0.0,0.0,0,0,0,0.0,0.0,0.0,0.0,0.0,1,0.0
,academy_3_vs_1_with_keeper,123,collect_rollout,1405,0,20,-0.003333333181217313,False,False,0.0,0.0,0,0,0,0.0,0.0,0.0,0.0,-0.003333333181217313,1,-0.003333333181217313
,academy_3_vs_1_with_keeper,123,collect_rollout,1406,0,34,0.08578237425535917,False,False,0.0,0.0,0,0,0,0.0,0.0,0.0,0.0,0.08578237425535917,1,0.08578237425535917
,academy_3_vs_1_with_keeper,123,collect_rollout,1407,0,21,0.0,False,False,0.0,0.0,0,0,0,0.0,0.0,0.0,0.0,0.0,1,0.0
,academy_3_vs_1_with_keeper,123,collect_rollout,1408,0,279,-0.5952102390583605,False,False,0.0,0.0,0,0,0,0.0,0.0,0.0,0.0,-0.5952102390583605,1,-0.5952102390583605
,academy_3_vs_1_with_keeper,123,collect_rollout,1409,0,22,-0.003333333181217313,False,False,0.0,0.0,0,0,0,0.0,0.0,0.0,0.0,-0.003333333181217313,1,-0.003333333181217313
,academy_3_vs_1_with_keeper,123,collect_rollout,1410,0,16,0.0,False,False,0.0,0.0,0,0,0,0.0,0.0,0.0,0.0,0.0,1,0.0
,academy_3_vs_1_with_keeper,123,collect_rollout,1411,0,23,0.0,False,False,0.0,0.0,0,0,0,0.0,0.0,0.0,0.0,0.0,1,0.0
,academy_3_vs_1_with_keeper,123,collect_rollout,1412,0,19,0.0,False,False,0.0,0.0,0,0,0,0.0,0.0,0.0,0.0,0.0,1,0.0
,academy_3_vs_1_with_keeper,123,collect_rollout,1413,0,21,0.0,False,False,0.0,0.0,0,0,0,0.0,0.0,0.0,0.0,0.0,1,0.0
,academy_3_vs_1_with_keeper,123,collect_rollout,1414,0,16,0.0,False,False,0.0,0.0,0,0,0,0.0,0.0,0.0,0.0,0.0,1,0.0
,academy_3_vs_1_with_keeper,123,collect_rollout,1415,0,19,0.0,False,False,0.0,0.0,0,0,0,0.0,0.0,0.0,0.0,0.0,1,0.0
,academy_3_vs_1_with_keeper,123,collect_rollout,1416,0,17,0.0,False,False,0.0,0.0,0,0,0,0.0,0.0,0.0,0.0,0.0,1,0.0
,academy_3_vs_1_with_keeper,123,collect_rollout,1417,0,22,-0.003333333181217313,False,False,0.0,0.0,0,0,0,0.0,0.0,0.0,0.0,-0.003333333181217313,1,-0.003333333181217313
,academy_3_vs_1_with_keeper,123,collect_rollout,1418,0,20,0.0,False,False,0.0,0.0,0,0,0,0.0,0.0,0.0,0.0,0.0,1,0.0
,academy_3_vs_1_with_keeper,123,collect_rollout,1419,0,17,-0.003333333181217313,False,False,0.0,0.0,0,0,0,0.0,0.0,0.0,0.0,-0.003333333181217313,1,-0.003333333181217313
,academy_3_vs_1_with_keeper,123,collect_rollout,1420,0,17,0.0,False,False,0.0,0.0,0,0,0,0.0,0.0,0.0,0.0,0.0,1,0.0
,academy_3_vs_1_with_keeper,123,collect_rollout,1421,0,20,-0.003333333181217313,False,False,0.0,0.0,0,0,0,0.0,0.0,0.0,0.0,-0.003333333181217313,1,-0.003333333181217313
,academy_3_vs_1_with_keeper,123,collect_rollout,1422,0,16,0.0,False,False,0.0,0.0,0,0,0,0.0,0.0,0.0,0.0,0.0,1,0.0
,academy_3_vs_1_with_keeper,123,collect_rollout,1423,0,17,-0.003333333181217313,False,False,0.0,0.0,0,0,0,0.0,0.0,0.0,0.0,-0.003333333181217313,1,-0.003333333181217313
,academy_3_vs_1_with_keeper,123,collect_rollout,1424,0,16,-0.003333333181217313,False,False,0.0,0.0,0,0,0,0.0,0.0,0.0,0.0,-0.003333333181217313,1,-0.003333333181217313
,academy_3_vs_1_with_keeper,123,collect_rollout,1425,0,43,-0.023867843090556562,False,False,0.0,0.0,0,0,0,0.0,0.0,0.0,0.0,-0.023867843090556562,1,-0.023867843090556562
,academy_3_vs_1_with_keeper,123,collect_rollout,1426,0,45,0.025858235196210444,False,False,0.0,0.0,0,0,0,0.0,0.0,0.0,0.0,0.025858235196210444,1,0.025858235196210444
,academy_3_vs_1_with_keeper,123,collect_rollout,1427,0,20,-0.009999999543651938,False,False,0.0,0.0,0,0,0,0.0,0.0,0.0,0.0,-0.009999999543651938,1,-0.009999999543651938
,academy_3_vs_1_with_keeper,123,collect_rollout,1428,0,19,-0.003333333181217313,False,False,0.0,0.0,0,0,0,0.0,0.0,0.0,0.0,-0.003333333181217313,1,-0.003333333181217313
,academy_3_vs_1_with_keeper,123,collect_rollout,1429,0,18,0.0,False,False,0.0,0.0,0,0,0,0.0,0.0,0.0,0.0,0.0,1,0.0
,academy_3_vs_1_with_keeper,123,collect_rollout,1430,0,20,-0.003333333181217313,False,False,0.0,0.0,0,0,0,0.0,0.0,0.0,0.0,-0.003333333181217313,1,-0.003333333181217313
,academy_3_vs_1_with_keeper,123,collect_rollout,1431,0,18,0.0,False,False,0.0,0.0,0,0,0,0.0,0.0,0.0,0.0,0.0,1,0.0
,academy_3_vs_1_with_keeper,123,collect_rollout,1432,0,224,-0.7309077627724037,False,False,0.0,0.0,0,0,0,0.0,0.0,0.0,0.0,-0.7309077627724037,1,-0.7309077627724037
,academy_3_vs_1_with_keeper,123,collect_rollout,1433,0,140,-0.5105732008814812,False,False,0.0,0.0,0,0,0,0.0,0.0,0.0,0.0,-0.5105732008814812,1,-0.5105732008814812
,academy_3_vs_1_with_keeper,123,collect_rollout,1434,0,55,-0.12110089603811502,False,False,0.0,0.0,0,0,0,0.0,0.0,0.0,0.0,-0.12110089603811502,1,-0.12110089603811502
,academy_3_vs_1_with_keeper,123,collect_rollout,1435,0,20,-0.003333333181217313,False,False,0.0,0.0,0,0,0,0.0,0.0,0.0,0.0,-0.003333333181217313,1,-0.003333333181217313
,academy_3_vs_1_with_keeper,123,collect_rollout,1436,0,16,0.0,False,False,0.0,0.0,0,0,0,0.0,0.0,0.0,0.0,0.0,1,0.0
,academy_3_vs_1_with_keeper,123,collect_rollout,1437,0,21,0.0,False,False,0.0,0.0,0,0,0,0.0,0.0,0.0,0.0,0.0,1,0.0
,academy_3_vs_1_with_keeper,123,collect_rollout,1438,0,20,-0.003333333181217313,False,False,0.0,0.0,0,0,0,0.0,0.0,0.0,0.0,-0.003333333181217313,1,-0.003333333181217313
,academy_3_vs_1_with_keeper,123,collect_rollout,1439,0,98,-0.30235528523189714,False,False,0.0,0.0,0,0,0,0.0,0.0,0.0,0.0,-0.30235528523189714,1,-0.30235528523189714
,academy_3_vs_1_with_keeper,123,collect_rollout,1440,0,20,-0.003333333181217313,False,False,0.0,0.0,0,0,0,0.0,0.0,0.0,0.0,-0.003333333181217313,1,-0.003333333181217313
,academy_3_vs_1_with_keeper,123,collect_rollout,1441,0,20,0.0,False,False,0.0,0.0,0,0,0,0.0,0.0,0.0,0.0,0.0,1,0.0
,academy_3_vs_1_with_keeper,123,collect_rollout,1442,0,15,-0.003333333181217313,False,False,0.0,0.0,0,0,0,0.0,0.0,0.0,0.0,-0.003333333181217313,1,-0.003333333181217313
,academy_3_vs_1_with_keeper,123,collect_rollout,1443,0,20,-0.003333333181217313,False,False,0.0,0.0,0,0,0,0.0,0.0,0.0,0.0,-0.003333333181217313,1,-0.003333333181217313
,academy_3_vs_1_with_keeper,123,collect_rollout,1444,0,22,0.0,False,False,0.0,0.0,0,0,0,0.0,0.0,0.0,0.0,0.0,1,0.0
,academy_3_vs_1_with_keeper,123,collect_rollout,1445,0,17,-0.003333333181217313,False,False,0.0,0.0,0,0,0,0.0,0.0,0.0,0.0,-0.003333333181217313,1,-0.003333333181217313
,academy_3_vs_1_with_keeper,123,collect_rollout,1446,0,21,0.0,False,False,0.0,0.0,0,0,0,0.0,0.0,0.0,0.0,0.0,1,0.0
,academy_3_vs_1_with_keeper,123,collect_rollout,1447,0,21,0.0,False,False,0.0,0.0,0,0,0,0.0,0.0,0.0,0.0,0.0,1,0.0
,academy_3_vs_1_with_keeper,123,collect_rollout,1448,0,86,-0.2676816600142047,False,False,0.0,0.0,0,0,0,0.0,0.0,0.0,0.0,-0.2676816600142047,1,-0.2676816600142047
,academy_3_vs_1_with_keeper,123,collect_rollout,1449,0,19,-0.003333333181217313,False,False,0.0,0.0,0,0,0,0.0,0.0,0.0,0.0,-0.003333333181217313,1,-0.003333333181217313
,academy_3_vs_1_with_keeper,123,collect_rollout,1450,0,19,0.0,False,False,0.0,0.0,0,0,0,0.0,0.0,0.0,0.0,0.0,1,0.0
,academy_3_vs_1_with_keeper,123,collect_rollout,1451,0,15,0.0,False,False,0.0,0.0,0,0,0,0.0,0.0,0.0,0.0,0.0,1,0.0
,academy_3_vs_1_with_keeper,123,collect_rollout,1452,0,196,-0.9430891915690154,False,False,0.0,0.0,0,0,0,0.0,0.0,0.0,0.0,-0.9430891915690154,1,-0.9430891915690154
,academy_3_vs_1_with_keeper,123,collect_rollout,1453,0,111,-0.43819573032669723,False,False,0.0,0.0,0,0,0,0.0,0.0,0.0,0.0,-0.43819573032669723,1,-0.43819573032669723
,academy_3_vs_1_with_keeper,123,collect_rollout,1454,0,17,-0.003333333181217313,False,False,0.0,0.0,0,0,0,0.0,0.0,0.0,0.0,-0.003333333181217313,1,-0.003333333181217313
,academy_3_vs_1_with_keeper,123,collect_rollout,1455,0,19,0.0,False,False,0.0,0.0,0,0,0,0.0,0.0,0.0,0.0,0.0,1,0.0
,academy_3_vs_1_with_keeper,123,collect_rollout,1456,0,20,0.0,False,False,0.0,0.0,0,0,0,0.0,0.0,0.0,0.0,0.0,1,0.0
,academy_3_vs_1_with_keeper,123,collect_rollout,1457,0,53,-0.13264654204249382,False,False,0.0,0.0,0,0,0,0.0,0.0,0.0,0.0,-0.13264654204249382,1,-0.13264654204249382
,academy_3_vs_1_with_keeper,123,collect_rollout,1458,0,14,0.0,False,False,0.0,0.0,0,0,0,0.0,0.0,0.0,0.0,0.0,1,0.0
,academy_3_vs_1_with_keeper,123,collect_rollout,1459,0,132,-0.4613385875709355,False,False,0.0,0.0,0,0,0,0.0,0.0,0.0,0.0,-0.4613385875709355,1,-0.4613385875709355
,academy_3_vs_1_with_keeper,123,collect_rollout,1460,0,23,0.0,False,False,0.0,0.0,0,0,0,0.0,0.0,0.0,0.0,0.0,1,0.0
,academy_3_vs_1_with_keeper,123,collect_rollout,1461,0,15,0.0,False,False,0.0,0.0,0,0,0,0.0,0.0,0.0,0.0,0.0,1,0.0
,academy_3_vs_1_with_keeper,123,collect_rollout,1462,0,197,-1.1373038198798895,False,False,0.0,0.0,0,0,0,0.0,0.0,0.0,0.0,-1.1373038198798895,1,-1.1373038198798895
,academy_3_vs_1_with_keeper,123,collect_rollout,1463,0,21,0.0,False,False,0.0,0.0,0,0,0,0.0,0.0,0.0,0.0,0.0,1,0.0
,academy_3_vs_1_with_keeper,123,collect_rollout,1464,0,156,-0.40450228238478303,False,False,0.0,0.0,0,0,0,0.0,0.0,0.0,0.0,-0.40450228238478303,1,-0.40450228238478303
,academy_3_vs_1_with_keeper,123,collect_rollout,1465,0,18,0.0,False,False,0.0,0.0,0,0,0,0.0,0.0,0.0,0.0,0.0,1,0.0
,academy_3_vs_1_with_keeper,123,collect_rollout,1466,0,122,-0.3928714304929599,False,False,0.0,0.0,0,0,0,0.0,0.0,0.0,0.0,-0.3928714304929599,1,-0.3928714304929599
,academy_3_vs_1_with_keeper,123,collect_rollout,1467,0,19,-0.003333333181217313,False,False,0.0,0.0,0,0,0,0.0,0.0,0.0,0.0,-0.003333333181217313,1,-0.003333333181217313
,academy_3_vs_1_with_keeper,123,collect_rollout,1468,0,20,0.0,False,False,0.0,0.0,0,0,0,0.0,0.0,0.0,0.0,0.0,1,0.0
,academy_3_vs_1_with_keeper,123,collect_rollout,1469,0,18,0.0,False,False,0.0,0.0,0,0,0,0.0,0.0,0.0,0.0,0.0,1,0.0
,academy_3_vs_1_with_keeper,123,collect_rollout,1470,0,14,-0.003333333181217313,False,False,0.0,0.0,0,0,0,0.0,0.0,0.0,0.0,-0.003333333181217313,1,-0.003333333181217313
,academy_3_vs_1_with_keeper,123,collect_rollout,1471,0,15,0.0,False,False,0.0,0.0,0,0,0,0.0,0.0,0.0,0.0,0.0,1,0.0
,academy_3_vs_1_with_keeper,123,collect_rollout,1472,0,16,0.0,False,False,0.0,0.0,0,0,0,0.0,0.0,0.0,0.0,0.0,1,0.0
,academy_3_vs_1_with_keeper,123,collect_rollout,1473,0,16,-0.003333333181217313,False,False,0.0,0.0,0,0,0,0.0,0.0,0.0,0.0,-0.003333333181217313,1,-0.003333333181217313
,academy_3_vs_1_with_keeper,123,collect_rollout,1474,0,21,0.0,False,False,0.0,0.0,0,0,0,0.0,0.0,0.0,0.0,0.0,1,0.0
,academy_3_vs_1_with_keeper,123,collect_rollout,1475,0,15,-0.003333333181217313,False,False,0.0,0.0,0,0,0,0.0,0.0,0.0,0.0,-0.003333333181217313,1,-0.003333333181217313
,academy_3_vs_1_with_keeper,123,collect_rollout,1476,0,17,-0.006666666362434626,False,False,0.0,0.0,0,0,0,0.0,0.0,0.0,0.0,-0.006666666362434626,1,-0.006666666362434626
,academy_3_vs_1_with_keeper,123,collect_rollout,1477,0,20,0.0,False,False,0.0,0.0,0,0,0,0.0,0.0,0.0,0.0,0.0,1,0.0
,academy_3_vs_1_with_keeper,123,collect_rollout,1478,0,20,-0.003333333181217313,False,False,0.0,0.0,0,0,0,0.0,0.0,0.0,0.0,-0.003333333181217313,1,-0.003333333181217313
,academy_3_vs_1_with_keeper,123,collect_rollout,1479,0,97,-0.3420251504285261,False,False,0.0,0.0,0,0,0,0.0,0.0,0.0,0.0,-0.3420251504285261,1,-0.3420251504285261
,academy_3_vs_1_with_keeper,123,collect_rollout,1480,0,95,-0.01127986516803503,False,False,0.0,0.0,0,0,0,0.0,0.0,0.0,0.0,-0.01127986516803503,1,-0.01127986516803503
,academy_3_vs_1_with_keeper,123,collect_rollout,1481,0,20,0.0,False,False,0.0,0.0,0,0,0,0.0,0.0,0.0,0.0,0.0,1,0.0
,academy_3_vs_1_with_keeper,123,collect_rollout,1482,0,18,-0.003333333181217313,False,False,0.0,0.0,0,0,0,0.0,0.0,0.0,0.0,-0.003333333181217313,1,-0.003333333181217313
,academy_3_vs_1_with_keeper,123,collect_rollout,1483,0,22,0.0,False,False,0.0,0.0,0,0,0,0.0,0.0,0.0,0.0,0.0,1,0.0
,academy_3_vs_1_with_keeper,123,collect_rollout,1484,0,14,-0.003333333181217313,False,False,0.0,0.0,0,0,0,0.0,0.0,0.0,0.0,-0.003333333181217313,1,-0.003333333181217313
,academy_3_vs_1_with_keeper,123,collect_rollout,1485,0,19,-0.003333333181217313,False,False,0.0,0.0,0,0,0,0.0,0.0,0.0,0.0,-0.003333333181217313,1,-0.003333333181217313
,academy_3_vs_1_with_keeper,123,collect_rollout,1486,0,21,0.0,False,False,0.0,0.0,0,0,0,0.0,0.0,0.0,0.0,0.0,1,0.0
,academy_3_vs_1_with_keeper,123,collect_rollout,1487,0,20,-0.009999999543651938,False,False,0.0,0.0,0,0,0,0.0,0.0,0.0,0.0,-0.009999999543651938,1,-0.009999999543651938
,academy_3_vs_1_with_keeper,123,collect_rollout,1488,0,16,0.0,False,False,0.0,0.0,0,0,0,0.0,0.0,0.0,0.0,0.0,1,0.0
,academy_3_vs_1_with_keeper,123,collect_rollout,1489,0,19,-0.003333333181217313,False,False,0.0,0.0,0,0,0,0.0,0.0,0.0,0.0,-0.003333333181217313,1,-0.003333333181217313
,academy_3_vs_1_with_keeper,123,collect_rollout,1490,0,17,0.0,False,False,0.0,0.0,0,0,0,0.0,0.0,0.0,0.0,0.0,1,0.0
,academy_3_vs_1_with_keeper,123,collect_rollout,1491,0,81,0.04247615486383438,False,False,0.0,0.0,0,0,0,0.0,0.0,0.0,0.0,0.04247615486383438,1,0.04247615486383438
,academy_3_vs_1_with_keeper,123,collect_rollout,1492,0,86,-0.2029853358399123,False,False,0.0,0.0,0,0,0,0.0,0.0,0.0,0.0,-0.2029853358399123,1,-0.2029853358399123
,academy_3_vs_1_with_keeper,123,collect_rollout,1493,0,17,-0.003333333181217313,False,False,0.0,0.0,0,0,0,0.0,0.0,0.0,0.0,-0.003333333181217313,1,-0.003333333181217313
,academy_3_vs_1_with_keeper,123,collect_rollout,1494,0,20,-0.003333333181217313,False,False,0.0,0.0,0,0,0,0.0,0.0,0.0,0.0,-0.003333333181217313,1,-0.003333333181217313
,academy_3_vs_1_with_keeper,123,collect_rollout,1495,0,120,-0.2755355545086786,False,False,0.0,0.0,0,0,0,0.0,0.0,0.0,0.0,-0.2755355545086786,1,-0.2755355545086786
,academy_3_vs_1_with_keeper,123,collect_rollout,1496,0,20,-0.009999999543651938,False,False,0.0,0.0,0,0,0,0.0,0.0,0.0,0.0,-0.009999999543651938,1,-0.009999999543651938
,academy_3_vs_1_with_keeper,123,collect_rollout,1497,0,17,0.0,False,False,0.0,0.0,0,0,0,0.0,0.0,0.0,0.0,0.0,1,0.0
,academy_3_vs_1_with_keeper,123,collect_rollout,1498,0,78,-0.2552349573234096,False,False,0.0,0.0,0,0,0,0.0,0.0,0.0,0.0,-0.2552349573234096,1,-0.2552349573234096
,academy_3_vs_1_with_keeper,123,collect_rollout,1499,0,20,0.0,False,False,0.0,0.0,0,0,0,0.0,0.0,0.0,0.0,0.0,1,0.0
,academy_3_vs_1_with_keeper,123,collect_rollout,1500,0,22,0.0,False,False,0.0,0.0,0,0,0,0.0,0.0,0.0,0.0,0.0,1,0.0
,academy_3_vs_1_with_keeper,123,collect_rollout,1501,0,22,-0.006666666362434626,False,False,0.0,0.0,0,0,0,0.0,0.0,0.0,0.0,-0.006666666362434626,1,-0.006666666362434626
,academy_3_vs_1_with_keeper,123,collect_rollout,1502,0,19,0.0,False,False,0.0,0.0,0,0,0,0.0,0.0,0.0,0.0,0.0,1,0.0
,academy_3_vs_1_with_keeper,123,collect_rollout,1503,0,20,0.0,False,False,0.0,0.0,0,0,0,0.0,0.0,0.0,0.0,0.0,1,0.0
,academy_3_vs_1_with_keeper,123,collect_rollout,1504,0,18,0.0,False,False,0.0,0.0,0,0,0,0.0,0.0,0.0,0.0,0.0,1,0.0
,academy_3_vs_1_with_keeper,123,collect_rollout,1505,0,111,-0.22258549471735023,False,False,0.0,0.0,0,0,0,0.0,0.0,0.0,0.0,-0.22258549471735023,1,-0.22258549471735023
,academy_3_vs_1_with_keeper,123,collect_rollout,1506,0,13,0.0,False,False,0.0,0.0,0,0,0,0.0,0.0,0.0,0.0,0.0,1,0.0
,academy_3_vs_1_with_keeper,123,collect_rollout,1507,0,14,-0.003333333181217313,False,False,0.0,0.0,0,0,0,0.0,0.0,0.0,0.0,-0.003333333181217313,1,-0.003333333181217313
,academy_3_vs_1_with_keeper,123,collect_rollout,1508,0,14,0.0,False,False,0.0,0.0,0,0,0,0.0,0.0,0.0,0.0,0.0,1,0.0
,academy_3_vs_1_with_keeper,123,collect_rollout,1509,0,20,-0.003333333181217313,False,False,0.0,0.0,0,0,0,0.0,0.0,0.0,0.0,-0.003333333181217313,1,-0.003333333181217313
,academy_3_vs_1_with_keeper,123,collect_rollout,1510,0,22,-0.003333333181217313,False,False,0.0,0.0,0,0,0,0.0,0.0,0.0,0.0,-0.003333333181217313,1,-0.003333333181217313
,academy_3_vs_1_with_keeper,123,collect_rollout,1511,0,19,0.0,False,False,0.0,0.0,0,0,0,0.0,0.0,0.0,0.0,0.0,1,0.0
,academy_3_vs_1_with_keeper,123,collect_rollout,1512,0,21,0.0,False,False,0.0,0.0,0,0,0,0.0,0.0,0.0,0.0,0.0,1,0.0
,academy_3_vs_1_with_keeper,123,collect_rollout,1513,0,17,0.0,False,False,0.0,0.0,0,0,0,0.0,0.0,0.0,0.0,0.0,1,0.0
,academy_3_vs_1_with_keeper,123,collect_rollout,1514,0,15,0.0,False,False,0.0,0.0,0,0,0,0.0,0.0,0.0,0.0,0.0,1,0.0
,academy_3_vs_1_with_keeper,123,collect_rollout,1515,0,21,-0.003333333181217313,False,False,0.0,0.0,0,0,0,0.0,0.0,0.0,0.0,-0.003333333181217313,1,-0.003333333181217313
,academy_3_vs_1_with_keeper,123,collect_rollout,1516,0,19,0.0,False,False,0.0,0.0,0,0,0,0.0,0.0,0.0,0.0,0.0,1,0.0
,academy_3_vs_1_with_keeper,123,collect_rollout,1517,0,16,0.0,False,False,0.0,0.0,0,0,0,0.0,0.0,0.0,0.0,0.0,1,0.0
,academy_3_vs_1_with_keeper,123,collect_rollout,1518,0,15,0.0,False,False,0.0,0.0,0,0,0,0.0,0.0,0.0,0.0,0.0,1,0.0
,academy_3_vs_1_with_keeper,123,collect_rollout,1519,0,21,0.0,False,False,0.0,0.0,0,0,0,0.0,0.0,0.0,0.0,0.0,1,0.0
,academy_3_vs_1_with_keeper,123,collect_rollout,1520,0,20,-0.003333333181217313,False,False,0.0,0.0,0,0,0,0.0,0.0,0.0,0.0,-0.003333333181217313,1,-0.003333333181217313
,academy_3_vs_1_with_keeper,123,collect_rollout,1521,0,19,-0.003333333181217313,False,False,0.0,0.0,0,0,0,0.0,0.0,0.0,0.0,-0.003333333181217313,1,-0.003333333181217313
,academy_3_vs_1_with_keeper,123,collect_rollout,1522,0,17,-0.006666666362434626,False,False,0.0,0.0,0,0,0,0.0,0.0,0.0,0.0,-0.006666666362434626,1,-0.006666666362434626
,academy_3_vs_1_with_keeper,123,collect_rollout,1523,0,21,0.0,False,False,0.0,0.0,0,0,0,0.0,0.0,0.0,0.0,0.0,1,0.0
,academy_3_vs_1_with_keeper,123,collect_rollout,1524,0,15,0.0,False,False,0.0,0.0,0,0,0,0.0,0.0,0.0,0.0,0.0,1,0.0
,academy_3_vs_1_with_keeper,123,collect_rollout,1525,0,24,0.0,False,False,0.0,0.0,0,0,0,0.0,0.0,0.0,0.0,0.0,1,0.0
,academy_3_vs_1_with_keeper,123,collect_rollout,1526,0,18,-0.003333333181217313,False,False,0.0,0.0,0,0,0,0.0,0.0,0.0,0.0,-0.003333333181217313,1,-0.003333333181217313
,academy_3_vs_1_with_keeper,123,collect_rollout,1527,0,17,0.0,False,False,0.0,0.0,0,0,0,0.0,0.0,0.0,0.0,0.0,1,0.0
,academy_3_vs_1_with_keeper,123,collect_rollout,1528,0,17,0.0,False,False,0.0,0.0,0,0,0,0.0,0.0,0.0,0.0,0.0,1,0.0
,academy_3_vs_1_with_keeper,123,collect_rollout,1529,0,16,0.0,False,False,0.0,0.0,0,0,0,0.0,0.0,0.0,0.0,0.0,1,0.0
,academy_3_vs_1_with_keeper,123,collect_rollout,1530,0,20,0.0,False,False,0.0,0.0,0,0,0,0.0,0.0,0.0,0.0,0.0,1,0.0
,academy_3_vs_1_with_keeper,123,collect_rollout,1531,0,17,0.0,False,False,0.0,0.0,0,0,0,0.0,0.0,0.0,0.0,0.0,1,0.0
,academy_3_vs_1_with_keeper,123,collect_rollout,1532,0,20,0.0,False,False,0.0,0.0,0,0,0,0.0,0.0,0.0,0.0,0.0,1,0.0
,academy_3_vs_1_with_keeper,123,collect_rollout,1533,0,17,0.0,False,False,0.0,0.0,0,0,0,0.0,0.0,0.0,0.0,0.0,1,0.0
,academy_3_vs_1_with_keeper,123,collect_rollout,1534,0,17,-0.003333333181217313,False,False,0.0,0.0,0,0,0,0.0,0.0,0.0,0.0,-0.003333333181217313,1,-0.003333333181217313
,academy_3_vs_1_with_keeper,123,collect_rollout,1535,0,16,0.0,False,False,0.0,0.0,0,0,0,0.0,0.0,0.0,0.0,0.0,1,0.0
,academy_3_vs_1_with_keeper,123,collect_rollout,1536,0,23,-0.003333333181217313,False,False,0.0,0.0,0,0,0,0.0,0.0,0.0,0.0,-0.003333333181217313,1,-0.003333333181217313
,academy_3_vs_1_with_keeper,123,collect_rollout,1537,0,17,0.0,False,False,0.0,0.0,0,0,0,0.0,0.0,0.0,0.0,0.0,1,0.0
,academy_3_vs_1_with_keeper,123,collect_rollout,1538,0,16,-0.003333333181217313,False,False,0.0,0.0,0,0,0,0.0,0.0,0.0,0.0,-0.003333333181217313,1,-0.003333333181217313
,academy_3_vs_1_with_keeper,123,collect_rollout,1539,0,20,0.0,False,False,0.0,0.0,0,0,0,0.0,0.0,0.0,0.0,0.0,1,0.0
,academy_3_vs_1_with_keeper,123,collect_rollout,1540,0,21,0.0,False,False,0.0,0.0,0,0,0,0.0,0.0,0.0,0.0,0.0,1,0.0
,academy_3_vs_1_with_keeper,123,collect_rollout,1541,0,22,0.0,False,False,0.0,0.0,0,0,0,0.0,0.0,0.0,0.0,0.0,1,0.0
,academy_3_vs_1_with_keeper,123,collect_rollout,1542,0,19,-0.006666666362434626,False,False,0.0,0.0,0,0,0,0.0,0.0,0.0,0.0,-0.006666666362434626,1,-0.006666666362434626
,academy_3_vs_1_with_keeper,123,collect_rollout,1543,0,20,-0.003333333181217313,False,False,0.0,0.0,0,0,0,0.0,0.0,0.0,0.0,-0.003333333181217313,1,-0.003333333181217313
,academy_3_vs_1_with_keeper,123,collect_rollout,1544,0,20,0.0,False,False,0.0,0.0,0,0,0,0.0,0.0,0.0,0.0,0.0,1,0.0
,academy_3_vs_1_with_keeper,123,collect_rollout,1545,0,20,0.0,False,False,0.0,0.0,0,0,0,0.0,0.0,0.0,0.0,0.0,1,0.0
,academy_3_vs_1_with_keeper,123,collect_rollout,1546,0,18,-0.003333333181217313,False,False,0.0,0.0,0,0,0,0.0,0.0,0.0,0.0,-0.003333333181217313,1,-0.003333333181217313
,academy_3_vs_1_with_keeper,123,collect_rollout,1547,0,16,0.0,False,False,0.0,0.0,0,0,0,0.0,0.0,0.0,0.0,0.0,1,0.0
,academy_3_vs_1_with_keeper,123,collect_rollout,1548,0,20,0.0,False,False,0.0,0.0,0,0,0,0.0,0.0,0.0,0.0,0.0,1,0.0
,academy_3_vs_1_with_keeper,123,collect_rollout,1549,0,15,0.0,False,False,0.0,0.0,0,0,0,0.0,0.0,0.0,0.0,0.0,1,0.0
,academy_3_vs_1_with_keeper,123,collect_rollout,1550,0,21,0.0,False,False,0.0,0.0,0,0,0,0.0,0.0,0.0,0.0,0.0,1,0.0
,academy_3_vs_1_with_keeper,123,collect_rollout,1551,0,15,0.0,False,False,0.0,0.0,0,0,0,0.0,0.0,0.0,0.0,0.0,1,0.0
,academy_3_vs_1_with_keeper,123,collect_rollout,1552,0,21,0.0,False,False,0.0,0.0,0,0,0,0.0,0.0,0.0,0.0,0.0,1,0.0
,academy_3_vs_1_with_keeper,123,collect_rollout,1553,0,18,0.0,False,False,0.0,0.0,0,0,0,0.0,0.0,0.0,0.0,0.0,1,0.0
,academy_3_vs_1_with_keeper,123,collect_rollout,1554,0,22,0.0,False,False,0.0,0.0,0,0,0,0.0,0.0,0.0,0.0,0.0,1,0.0
,academy_3_vs_1_with_keeper,123,collect_rollout,1555,0,21,-0.003333333181217313,False,False,0.0,0.0,0,0,0,0.0,0.0,0.0,0.0,-0.003333333181217313,1,-0.003333333181217313
,academy_3_vs_1_with_keeper,123,collect_rollout,1556,0,16,0.0,False,False,0.0,0.0,0,0,0,0.0,0.0,0.0,0.0,0.0,1,0.0
,academy_3_vs_1_with_keeper,123,collect_rollout,1557,0,15,-0.003333333181217313,False,False,0.0,0.0,0,0,0,0.0,0.0,0.0,0.0,-0.003333333181217313,1,-0.003333333181217313
,academy_3_vs_1_with_keeper,123,collect_rollout,1558,0,19,0.0,False,False,0.0,0.0,0,0,0,0.0,0.0,0.0,0.0,0.0,1,0.0
,academy_3_vs_1_with_keeper,123,collect_rollout,1559,0,21,-0.003333333181217313,False,False,0.0,0.0,0,0,0,0.0,0.0,0.0,0.0,-0.003333333181217313,1,-0.003333333181217313
,academy_3_vs_1_with_keeper,123,collect_rollout,1560,0,20,0.0,False,False,0.0,0.0,0,0,0,0.0,0.0,0.0,0.0,0.0,1,0.0
,academy_3_vs_1_with_keeper,123,collect_rollout,1561,0,18,0.0,False,False,0.0,0.0,0,0,0,0.0,0.0,0.0,0.0,0.0,1,0.0
,academy_3_vs_1_with_keeper,123,collect_rollout,1562,0,20,0.0,False,False,0.0,0.0,0,0,0,0.0,0.0,0.0,0.0,0.0,1,0.0
,academy_3_vs_1_with_keeper,123,collect_rollout,1563,0,19,0.0,False,False,0.0,0.0,0,0,0,0.0,0.0,0.0,0.0,0.0,1,0.0
,academy_3_vs_1_with_keeper,123,collect_rollout,1564,0,23,-0.003333333181217313,False,False,0.0,0.0,0,0,0,0.0,0.0,0.0,0.0,-0.003333333181217313,1,-0.003333333181217313
,academy_3_vs_1_with_keeper,123,collect_rollout,1565,0,121,-0.24252294015605003,False,False,0.0,0.0,0,0,0,0.0,0.0,0.0,0.0,-0.24252294015605003,1,-0.24252294015605003
,academy_3_vs_1_with_keeper,123,collect_rollout,1566,0,84,-0.013683060184121132,False,False,0.0,0.0,0,0,0,0.0,0.0,0.0,0.0,-0.013683060184121132,1,-0.013683060184121132
,academy_3_vs_1_with_keeper,123,collect_rollout,1567,0,18,0.0,False,False,0.0,0.0,0,0,0,0.0,0.0,0.0,0.0,0.0,1,0.0
,academy_3_vs_1_with_keeper,123,collect_rollout,1568,0,18,0.0,False,False,0.0,0.0,0,0,0,0.0,0.0,0.0,0.0,0.0,1,0.0
,academy_3_vs_1_with_keeper,123,collect_rollout,1569,0,19,0.0,False,False,0.0,0.0,0,0,0,0.0,0.0,0.0,0.0,0.0,1,0.0
,academy_3_vs_1_with_keeper,123,collect_rollout,1570,0,21,-0.003333333181217313,False,False,0.0,0.0,0,0,0,0.0,0.0,0.0,0.0,-0.003333333181217313,1,-0.003333333181217313
,academy_3_vs_1_with_keeper,123,collect_rollout,1571,0,37,0.030821855238173157,False,False,0.0,0.0,0,0,0,0.0,0.0,0.0,0.0,0.030821855238173157,1,0.030821855238173157
,academy_3_vs_1_with_keeper,123,collect_rollout,1572,0,19,-0.003333333181217313,False,False,0.0,0.0,0,0,0,0.0,0.0,0.0,0.0,-0.003333333181217313,1,-0.003333333181217313
,academy_3_vs_1_with_keeper,123,collect_rollout,1573,0,22,-0.003333333181217313,False,False,0.0,0.0,0,0,0,0.0,0.0,0.0,0.0,-0.003333333181217313,1,-0.003333333181217313
,academy_3_vs_1_with_keeper,123,collect_rollout,1574,0,16,0.0,False,False,0.0,0.0,0,0,0,0.0,0.0,0.0,0.0,0.0,1,0.0
,academy_3_vs_1_with_keeper,123,collect_rollout,1575,0,17,-0.006666666362434626,False,False,0.0,0.0,0,0,0,0.0,0.0,0.0,0.0,-0.006666666362434626,1,-0.006666666362434626
,academy_3_vs_1_with_keeper,123,collect_rollout,1576,0,20,0.0,False,False,0.0,0.0,0,0,0,0.0,0.0,0.0,0.0,0.0,1,0.0
,academy_3_vs_1_with_keeper,123,collect_rollout,1577,0,18,0.0,False,False,0.0,0.0,0,0,0,0.0,0.0,0.0,0.0,0.0,1,0.0
,academy_3_vs_1_with_keeper,123,collect_rollout,1578,0,19,0.0,False,False,0.0,0.0,0,0,0,0.0,0.0,0.0,0.0,0.0,1,0.0
,academy_3_vs_1_with_keeper,123,collect_rollout,1579,0,17,0.0,False,False,0.0,0.0,0,0,0,0.0,0.0,0.0,0.0,0.0,1,0.0
,academy_3_vs_1_with_keeper,123,collect_rollout,1580,0,19,0.0,False,False,0.0,0.0,0,0,0,0.0,0.0,0.0,0.0,0.0,1,0.0
,academy_3_vs_1_with_keeper,123,collect_rollout,1581,0,16,0.0,False,False,0.0,0.0,0,0,0,0.0,0.0,0.0,0.0,0.0,1,0.0
,academy_3_vs_1_with_keeper,123,collect_rollout,1582,0,18,0.0,False,False,0.0,0.0,0,0,0,0.0,0.0,0.0,0.0,0.0,1,0.0
,academy_3_vs_1_with_keeper,123,collect_rollout,1583,0,21,0.0,False,False,0.0,0.0,0,0,0,0.0,0.0,0.0,0.0,0.0,1,0.0
,academy_3_vs_1_with_keeper,123,collect_rollout,1584,0,19,0.0,False,False,0.0,0.0,0,0,0,0.0,0.0,0.0,0.0,0.0,1,0.0
,academy_3_vs_1_with_keeper,123,collect_rollout,1585,0,20,0.0,False,False,0.0,0.0,0,0,0,0.0,0.0,0.0,0.0,0.0,1,0.0
,academy_3_vs_1_with_keeper,123,collect_rollout,1586,0,44,0.044436183176003397,False,False,0.0,0.0,0,0,0,0.0,0.0,0.0,0.0,0.044436183176003397,1,0.044436183176003397
,academy_3_vs_1_with_keeper,123,collect_rollout,1587,0,18,0.0,False,False,0.0,0.0,0,0,0,0.0,0.0,0.0,0.0,0.0,1,0.0
,academy_3_vs_1_with_keeper,123,collect_rollout,1588,0,22,0.0,False,False,0.0,0.0,0,0,0,0.0,0.0,0.0,0.0,0.0,1,0.0
,academy_3_vs_1_with_keeper,123,collect_rollout,1589,0,18,0.0,False,False,0.0,0.0,0,0,0,0.0,0.0,0.0,0.0,0.0,1,0.0
,academy_3_vs_1_with_keeper,123,collect_rollout,1590,0,21,0.0,False,False,0.0,0.0,0,0,0,0.0,0.0,0.0,0.0,0.0,1,0.0
,academy_3_vs_1_with_keeper,123,collect_rollout,1591,0,22,0.0,False,False,0.0,0.0,0,0,0,0.0,0.0,0.0,0.0,0.0,1,0.0
,academy_3_vs_1_with_keeper,123,collect_rollout,1592,0,108,-0.28174597036559135,False,False,0.0,0.0,0,0,0,0.0,0.0,0.0,0.0,-0.28174597036559135,1,-0.28174597036559135
,academy_3_vs_1_with_keeper,123,collect_rollout,1593,0,23,0.0,False,False,0.0,0.0,0,0,0,0.0,0.0,0.0,0.0,0.0,1,0.0
,academy_3_vs_1_with_keeper,123,collect_rollout,1594,0,122,-0.513333314564079,False,False,0.0,0.0,0,0,0,0.0,0.0,0.0,0.0,-0.513333314564079,1,-0.513333314564079
,academy_3_vs_1_with_keeper,123,collect_rollout,1595,0,23,0.0,False,False,0.0,0.0,0,0,0,0.0,0.0,0.0,0.0,0.0,1,0.0
,academy_3_vs_1_with_keeper,123,collect_rollout,1596,0,22,-0.006666666362434626,False,False,0.0,0.0,0,0,0,0.0,0.0,0.0,0.0,-0.006666666362434626,1,-0.006666666362434626
,academy_3_vs_1_with_keeper,123,collect_rollout,1597,0,52,-0.04063662583939731,False,False,0.0,0.0,0,0,0,0.0,0.0,0.0,0.0,-0.04063662583939731,1,-0.04063662583939731
,academy_3_vs_1_with_keeper,123,collect_rollout,1598,0,17,0.0,False,False,0.0,0.0,0,0,0,0.0,0.0,0.0,0.0,0.0,1,0.0
,academy_3_vs_1_with_keeper,123,collect_rollout,1599,0,14,-0.006666666362434626,False,False,0.0,0.0,0,0,0,0.0,0.0,0.0,0.0,-0.006666666362434626,1,-0.006666666362434626
,academy_3_vs_1_with_keeper,123,collect_rollout,1600,0,19,-0.006666666362434626,False,False,0.0,0.0,0,0,0,0.0,0.0,0.0,0.0,-0.006666666362434626,1,-0.006666666362434626
,academy_3_vs_1_with_keeper,123,collect_rollout,1601,0,37,0.025153005379252136,False,False,0.0,0.0,0,0,0,0.0,0.0,0.0,0.0,0.025153005379252136,1,0.025153005379252136
,academy_3_vs_1_with_keeper,123,collect_rollout,1602,0,19,0.0,False,False,0.0,0.0,0,0,0,0.0,0.0,0.0,0.0,0.0,1,0.0
,academy_3_vs_1_with_keeper,123,collect_rollout,1603,0,23,0.0,False,False,0.0,0.0,0,0,0,0.0,0.0,0.0,0.0,0.0,1,0.0
,academy_3_vs_1_with_keeper,123,collect_rollout,1604,0,107,-0.07386560458689928,False,False,0.0,0.0,0,0,0,0.0,0.0,0.0,0.0,-0.07386560458689928,1,-0.07386560458689928
,academy_3_vs_1_with_keeper,123,collect_rollout,1605,0,19,-0.003333333181217313,False,False,0.0,0.0,0,0,0,0.0,0.0,0.0,0.0,-0.003333333181217313,1,-0.003333333181217313
,academy_3_vs_1_with_keeper,123,collect_rollout,1606,0,14,0.0,False,False,0.0,0.0,0,0,0,0.0,0.0,0.0,0.0,0.0,1,0.0
,academy_3_vs_1_with_keeper,123,collect_rollout,1607,0,19,-0.003333333181217313,False,False,0.0,0.0,0,0,0,0.0,0.0,0.0,0.0,-0.003333333181217313,1,-0.003333333181217313
,academy_3_vs_1_with_keeper,123,collect_rollout,1608,0,132,-0.5388865594286472,False,False,0.0,0.0,0,0,0,0.0,0.0,0.0,0.0,-0.5388865594286472,1,-0.5388865594286472
,academy_3_vs_1_with_keeper,123,collect_rollout,1609,0,21,-0.003333333181217313,False,False,0.0,0.0,0,0,0,0.0,0.0,0.0,0.0,-0.003333333181217313,1,-0.003333333181217313
,academy_3_vs_1_with_keeper,123,collect_rollout,1610,0,18,0.0,False,False,0.0,0.0,0,0,0,0.0,0.0,0.0,0.0,0.0,1,0.0
,academy_3_vs_1_with_keeper,123,collect_rollout,1611,0,19,-0.006666666362434626,False,False,0.0,0.0,0,0,0,0.0,0.0,0.0,0.0,-0.006666666362434626,1,-0.006666666362434626
,academy_3_vs_1_with_keeper,123,collect_rollout,1612,0,56,0.029127769521437585,False,False,0.0,0.0,0,0,0,0.0,0.0,0.0,0.0,0.029127769521437585,1,0.029127769521437585
,academy_3_vs_1_with_keeper,123,collect_rollout,1613,0,14,0.0,False,False,0.0,0.0,0,0,0,0.0,0.0,0.0,0.0,0.0,1,0.0
,academy_3_vs_1_with_keeper,123,collect_rollout,1614,0,18,0.0,False,False,0.0,0.0,0,0,0,0.0,0.0,0.0,0.0,0.0,1,0.0
,academy_3_vs_1_with_keeper,123,collect_rollout,1615,0,19,-0.003333333181217313,False,False,0.0,0.0,0,0,0,0.0,0.0,0.0,0.0,-0.003333333181217313,1,-0.003333333181217313
,academy_3_vs_1_with_keeper,123,collect_rollout,1616,0,19,0.0,False,False,0.0,0.0,0,0,0,0.0,0.0,0.0,0.0,0.0,1,0.0
,academy_3_vs_1_with_keeper,123,collect_rollout,1617,0,22,0.0,False,False,0.0,0.0,0,0,0,0.0,0.0,0.0,0.0,0.0,1,0.0
,academy_3_vs_1_with_keeper,123,collect_rollout,1618,0,19,-0.003333333181217313,False,False,0.0,0.0,0,0,0,0.0,0.0,0.0,0.0,-0.003333333181217313,1,-0.003333333181217313
,academy_3_vs_1_with_keeper,123,collect_rollout,1619,0,15,0.0,False,False,0.0,0.0,0,0,0,0.0,0.0,0.0,0.0,0.0,1,0.0
,academy_3_vs_1_with_keeper,123,collect_rollout,1620,0,17,0.0,False,False,0.0,0.0,0,0,0,0.0,0.0,0.0,0.0,0.0,1,0.0
,academy_3_vs_1_with_keeper,123,collect_rollout,1621,0,17,0.0,False,False,0.0,0.0,0,0,0,0.0,0.0,0.0,0.0,0.0,1,0.0
,academy_3_vs_1_with_keeper,123,collect_rollout,1622,0,16,0.0,False,False,0.0,0.0,0,0,0,0.0,0.0,0.0,0.0,0.0,1,0.0
,academy_3_vs_1_with_keeper,123,collect_rollout,1623,0,22,-0.003333333181217313,False,False,0.0,0.0,0,0,0,0.0,0.0,0.0,0.0,-0.003333333181217313,1,-0.003333333181217313
,academy_3_vs_1_with_keeper,123,collect_rollout,1624,0,18,-0.003333333181217313,False,False,0.0,0.0,0,0,0,0.0,0.0,0.0,0.0,-0.003333333181217313,1,-0.003333333181217313
,academy_3_vs_1_with_keeper,123,collect_rollout,1625,0,19,-0.003333333181217313,False,False,0.0,0.0,0,0,0,0.0,0.0,0.0,0.0,-0.003333333181217313,1,-0.003333333181217313
,academy_3_vs_1_with_keeper,123,collect_rollout,1626,0,23,0.0,False,False,0.0,0.0,0,0,0,0.0,0.0,0.0,0.0,0.0,1,0.0
,academy_3_vs_1_with_keeper,123,collect_rollout,1627,0,18,-0.003333333181217313,False,False,0.0,0.0,0,0,0,0.0,0.0,0.0,0.0,-0.003333333181217313,1,-0.003333333181217313
,academy_3_vs_1_with_keeper,123,collect_rollout,1628,0,18,0.0,False,False,0.0,0.0,0,0,0,0.0,0.0,0.0,0.0,0.0,1,0.0
,academy_3_vs_1_with_keeper,123,collect_rollout,1629,0,15,-0.003333333181217313,False,False,0.0,0.0,0,0,0,0.0,0.0,0.0,0.0,-0.003333333181217313,1,-0.003333333181217313
,academy_3_vs_1_with_keeper,123,collect_rollout,1630,0,96,-0.02549761184491217,False,False,0.0,0.0,0,0,0,0.0,0.0,0.0,0.0,-0.02549761184491217,1,-0.02549761184491217
,academy_3_vs_1_with_keeper,123,collect_rollout,1631,0,20,-0.003333333181217313,False,False,0.0,0.0,0,0,0,0.0,0.0,0.0,0.0,-0.003333333181217313,1,-0.003333333181217313
,academy_3_vs_1_with_keeper,123,collect_rollout,1632,0,16,0.0,False,False,0.0,0.0,0,0,0,0.0,0.0,0.0,0.0,0.0,1,0.0
,academy_3_vs_1_with_keeper,123,collect_rollout,1633,0,87,-0.30724623322021216,False,False,0.0,0.0,0,0,0,0.0,0.0,0.0,0.0,-0.30724623322021216,1,-0.30724623322021216
,academy_3_vs_1_with_keeper,123,collect_rollout,1634,0,21,0.0,False,False,0.0,0.0,0,0,0,0.0,0.0,0.0,0.0,0.0,1,0.0
,academy_3_vs_1_with_keeper,123,collect_rollout,1635,0,14,0.0,False,False,0.0,0.0,0,0,0,0.0,0.0,0.0,0.0,0.0,1,0.0
,academy_3_vs_1_with_keeper,123,collect_rollout,1636,0,22,0.0,False,False,0.0,0.0,0,0,0,0.0,0.0,0.0,0.0,0.0,1,0.0
,academy_3_vs_1_with_keeper,123,collect_rollout,1637,0,12,0.001736928941681981,False,False,0.0,0.0,0,0,0,0.0,0.0,0.0,0.0,0.001736928941681981,1,0.001736928941681981
,academy_3_vs_1_with_keeper,123,collect_rollout,1638,0,16,0.0,False,False,0.0,0.0,0,0,0,0.0,0.0,0.0,0.0,0.0,1,0.0
,academy_3_vs_1_with_keeper,123,collect_rollout,1639,0,18,0.0,False,False,0.0,0.0,0,0,0,0.0,0.0,0.0,0.0,0.0,1,0.0
,academy_3_vs_1_with_keeper,123,collect_rollout,1640,0,22,0.0,False,False,0.0,0.0,0,0,0,0.0,0.0,0.0,0.0,0.0,1,0.0
,academy_3_vs_1_with_keeper,123,collect_rollout,1641,0,17,-0.003333333181217313,False,False,0.0,0.0,0,0,0,0.0,0.0,0.0,0.0,-0.003333333181217313,1,-0.003333333181217313
,academy_3_vs_1_with_keeper,123,collect_rollout,1642,0,15,0.0,False,False,0.0,0.0,0,0,0,0.0,0.0,0.0,0.0,0.0,1,0.0
,academy_3_vs_1_with_keeper,123,collect_rollout,1643,0,15,-0.006666666362434626,False,False,0.0,0.0,0,0,0,0.0,0.0,0.0,0.0,-0.006666666362434626,1,-0.006666666362434626
,academy_3_vs_1_with_keeper,123,collect_rollout,1644,0,17,-0.003333333181217313,False,False,0.0,0.0,0,0,0,0.0,0.0,0.0,0.0,-0.003333333181217313,1,-0.003333333181217313
,academy_3_vs_1_with_keeper,123,collect_rollout,1645,0,17,-0.003333333181217313,False,False,0.0,0.0,0,0,0,0.0,0.0,0.0,0.0,-0.003333333181217313,1,-0.003333333181217313
,academy_3_vs_1_with_keeper,123,collect_rollout,1646,0,16,-0.003333333181217313,False,False,0.0,0.0,0,0,0,0.0,0.0,0.0,0.0,-0.003333333181217313,1,-0.003333333181217313
,academy_3_vs_1_with_keeper,123,collect_rollout,1647,0,20,0.0,False,False,0.0,0.0,0,0,0,0.0,0.0,0.0,0.0,0.0,1,0.0
,academy_3_vs_1_with_keeper,123,collect_rollout,1648,0,20,-0.006666666362434626,False,False,0.0,0.0,0,0,0,0.0,0.0,0.0,0.0,-0.006666666362434626,1,-0.006666666362434626
,academy_3_vs_1_with_keeper,123,collect_rollout,1649,0,92,1.5332584514981136,False,False,0.0,0.0,0,0,0,0.0,0.0,0.0,0.0,1.5332584514981136,1,1.5332584514981136
,academy_3_vs_1_with_keeper,123,collect_rollout,1650,0,49,-0.2119594431715086,False,False,0.0,0.0,0,0,0,0.0,0.0,0.0,0.0,-0.2119594431715086,1,-0.2119594431715086
,academy_3_vs_1_with_keeper,123,collect_rollout,1651,0,19,0.0,False,False,0.0,0.0,0,0,0,0.0,0.0,0.0,0.0,0.0,1,0.0
,academy_3_vs_1_with_keeper,123,collect_rollout,1652,0,19,0.0,False,False,0.0,0.0,0,0,0,0.0,0.0,0.0,0.0,0.0,1,0.0
,academy_3_vs_1_with_keeper,123,collect_rollout,1653,0,20,0.0,False,False,0.0,0.0,0,0,0,0.0,0.0,0.0,0.0,0.0,1,0.0
,academy_3_vs_1_with_keeper,123,collect_rollout,1654,0,20,0.0,False,False,0.0,0.0,0,0,0,0.0,0.0,0.0,0.0,0.0,1,0.0
,academy_3_vs_1_with_keeper,123,collect_rollout,1655,0,19,0.0,False,False,0.0,0.0,0,0,0,0.0,0.0,0.0,0.0,0.0,1,0.0
,academy_3_vs_1_with_keeper,123,collect_rollout,1656,0,68,-0.2221853299997747,False,False,0.0,0.0,0,0,0,0.0,0.0,0.0,0.0,-0.2221853299997747,1,-0.2221853299997747
,academy_3_vs_1_with_keeper,123,collect_rollout,1657,0,19,-0.003333333181217313,False,False,0.0,0.0,0,0,0,0.0,0.0,0.0,0.0,-0.003333333181217313,1,-0.003333333181217313
,academy_3_vs_1_with_keeper,123,collect_rollout,1658,0,18,0.0,False,False,0.0,0.0,0,0,0,0.0,0.0,0.0,0.0,0.0,1,0.0
,academy_3_vs_1_with_keeper,123,collect_rollout,1659,0,20,-0.003333333181217313,False,False,0.0,0.0,0,0,0,0.0,0.0,0.0,0.0,-0.003333333181217313,1,-0.003333333181217313
,academy_3_vs_1_with_keeper,123,collect_rollout,1660,0,170,-0.19967502739746124,False,False,0.0,0.0,0,0,0,0.0,0.0,0.0,0.0,-0.19967502739746124,1,-0.19967502739746124
,academy_3_vs_1_with_keeper,123,collect_rollout,1661,0,17,-0.003333333181217313,False,False,0.0,0.0,0,0,0,0.0,0.0,0.0,0.0,-0.003333333181217313,1,-0.003333333181217313
,academy_3_vs_1_with_keeper,123,collect_rollout,1662,0,20,0.0,False,False,0.0,0.0,0,0,0,0.0,0.0,0.0,0.0,0.0,1,0.0
,academy_3_vs_1_with_keeper,123,collect_rollout,1663,0,15,0.0,False,False,0.0,0.0,0,0,0,0.0,0.0,0.0,0.0,0.0,1,0.0
,academy_3_vs_1_with_keeper,123,collect_rollout,1664,0,22,0.0,False,False,0.0,0.0,0,0,0,0.0,0.0,0.0,0.0,0.0,1,0.0
,academy_3_vs_1_with_keeper,123,collect_rollout,1665,0,24,0.0,False,False,0.0,0.0,0,0,0,0.0,0.0,0.0,0.0,0.0,1,0.0
,academy_3_vs_1_with_keeper,123,collect_rollout,1666,0,17,-0.006666666362434626,False,False,0.0,0.0,0,0,0,0.0,0.0,0.0,0.0,-0.006666666362434626,1,-0.006666666362434626
,academy_3_vs_1_with_keeper,123,collect_rollout,1667,0,19,-0.003333333181217313,False,False,0.0,0.0,0,0,0,0.0,0.0,0.0,0.0,-0.003333333181217313,1,-0.003333333181217313
,academy_3_vs_1_with_keeper,123,collect_rollout,1668,0,18,0.0,False,False,0.0,0.0,0,0,0,0.0,0.0,0.0,0.0,0.0,1,0.0
,academy_3_vs_1_with_keeper,123,collect_rollout,1669,0,18,0.0,False,False,0.0,0.0,0,0,0,0.0,0.0,0.0,0.0,0.0,1,0.0
,academy_3_vs_1_with_keeper,123,collect_rollout,1670,0,15,0.0,False,False,0.0,0.0,0,0,0,0.0,0.0,0.0,0.0,0.0,1,0.0
,academy_3_vs_1_with_keeper,123,collect_rollout,1671,0,19,0.0,False,False,0.0,0.0,0,0,0,0.0,0.0,0.0,0.0,0.0,1,0.0
,academy_3_vs_1_with_keeper,123,collect_rollout,1672,0,21,0.0,False,False,0.0,0.0,0,0,0,0.0,0.0,0.0,0.0,0.0,1,0.0
,academy_3_vs_1_with_keeper,123,collect_rollout,1673,0,21,0.0,False,False,0.0,0.0,0,0,0,0.0,0.0,0.0,0.0,0.0,1,0.0
,academy_3_vs_1_with_keeper,123,collect_rollout,1674,0,17,0.0,False,False,0.0,0.0,0,0,0,0.0,0.0,0.0,0.0,0.0,1,0.0
,academy_3_vs_1_with_keeper,123,collect_rollout,1675,0,15,0.0,False,False,0.0,0.0,0,0,0,0.0,0.0,0.0,0.0,0.0,1,0.0
,academy_3_vs_1_with_keeper,123,collect_rollout,1676,0,19,0.0,False,False,0.0,0.0,0,0,0,0.0,0.0,0.0,0.0,0.0,1,0.0
,academy_3_vs_1_with_keeper,123,collect_rollout,1677,0,20,-0.003333333181217313,False,False,0.0,0.0,0,0,0,0.0,0.0,0.0,0.0,-0.003333333181217313,1,-0.003333333181217313
,academy_3_vs_1_with_keeper,123,collect_rollout,1678,0,20,-0.006666666362434626,False,False,0.0,0.0,0,0,0,0.0,0.0,0.0,0.0,-0.006666666362434626,1,-0.006666666362434626
,academy_3_vs_1_with_keeper,123,collect_rollout,1679,0,22,-0.003333333181217313,False,False,0.0,0.0,0,0,0,0.0,0.0,0.0,0.0,-0.003333333181217313,1,-0.003333333181217313
,academy_3_vs_1_with_keeper,123,collect_rollout,1680,0,14,0.0,False,False,0.0,0.0,0,0,0,0.0,0.0,0.0,0.0,0.0,1,0.0
,academy_3_vs_1_with_keeper,123,collect_rollout,1681,0,16,-0.003333333181217313,False,False,0.0,0.0,0,0,0,0.0,0.0,0.0,0.0,-0.003333333181217313,1,-0.003333333181217313
,academy_3_vs_1_with_keeper,123,collect_rollout,1682,0,19,0.0,False,False,0.0,0.0,0,0,0,0.0,0.0,0.0,0.0,0.0,1,0.0
,academy_3_vs_1_with_keeper,123,collect_rollout,1683,0,23,-0.003333333181217313,False,False,0.0,0.0,0,0,0,0.0,0.0,0.0,0.0,-0.003333333181217313,1,-0.003333333181217313
,academy_3_vs_1_with_keeper,123,collect_rollout,1684,0,18,0.0,False,False,0.0,0.0,0,0,0,0.0,0.0,0.0,0.0,0.0,1,0.0
,academy_3_vs_1_with_keeper,123,collect_rollout,1685,0,126,-0.3998800376430154,False,False,0.0,0.0,0,0,0,0.0,0.0,0.0,0.0,-0.3998800376430154,1,-0.3998800376430154
,academy_3_vs_1_with_keeper,123,collect_rollout,1686,0,15,-0.006666666362434626,False,False,0.0,0.0,0,0,0,0.0,0.0,0.0,0.0,-0.006666666362434626,1,-0.006666666362434626
,academy_3_vs_1_with_keeper,123,collect_rollout,1687,0,18,0.0,False,False,0.0,0.0,0,0,0,0.0,0.0,0.0,0.0,0.0,1,0.0
,academy_3_vs_1_with_keeper,123,collect_rollout,1688,0,16,0.0,False,False,0.0,0.0,0,0,0,0.0,0.0,0.0,0.0,0.0,1,0.0
,academy_3_vs_1_with_keeper,123,collect_rollout,1689,0,20,0.0,False,False,0.0,0.0,0,0,0,0.0,0.0,0.0,0.0,0.0,1,0.0
,academy_3_vs_1_with_keeper,123,collect_rollout,1690,0,19,0.0,False,False,0.0,0.0,0,0,0,0.0,0.0,0.0,0.0,0.0,1,0.0
,academy_3_vs_1_with_keeper,123,collect_rollout,1691,0,21,0.0,False,False,0.0,0.0,0,0,0,0.0,0.0,0.0,0.0,0.0,1,0.0
,academy_3_vs_1_with_keeper,123,collect_rollout,1692,0,18,-0.003333333181217313,False,False,0.0,0.0,0,0,0,0.0,0.0,0.0,0.0,-0.003333333181217313,1,-0.003333333181217313
,academy_3_vs_1_with_keeper,123,collect_rollout,1693,0,22,-0.006666666362434626,False,False,0.0,0.0,0,0,0,0.0,0.0,0.0,0.0,-0.006666666362434626,1,-0.006666666362434626
,academy_3_vs_1_with_keeper,123,collect_rollout,1694,0,15,0.0,False,False,0.0,0.0,0,0,0,0.0,0.0,0.0,0.0,0.0,1,0.0
,academy_3_vs_1_with_keeper,123,collect_rollout,1695,0,22,-0.003333333181217313,False,False,0.0,0.0,0,0,0,0.0,0.0,0.0,0.0,-0.003333333181217313,1,-0.003333333181217313
,academy_3_vs_1_with_keeper,123,collect_rollout,1696,0,18,0.0,False,False,0.0,0.0,0,0,0,0.0,0.0,0.0,0.0,0.0,1,0.0
,academy_3_vs_1_with_keeper,123,collect_rollout,1697,0,15,-0.003333333181217313,False,False,0.0,0.0,0,0,0,0.0,0.0,0.0,0.0,-0.003333333181217313,1,-0.003333333181217313
,academy_3_vs_1_with_keeper,123,collect_rollout,1698,0,19,0.0,False,False,0.0,0.0,0,0,0,0.0,0.0,0.0,0.0,0.0,1,0.0
,academy_3_vs_1_with_keeper,123,collect_rollout,1699,0,19,-0.003333333181217313,False,False,0.0,0.0,0,0,0,0.0,0.0,0.0,0.0,-0.003333333181217313,1,-0.003333333181217313
,academy_3_vs_1_with_keeper,123,collect_rollout,1700,0,23,0.0,False,False,0.0,0.0,0,0,0,0.0,0.0,0.0,0.0,0.0,1,0.0
,academy_3_vs_1_with_keeper,123,collect_rollout,1701,0,15,0.0,False,False,0.0,0.0,0,0,0,0.0,0.0,0.0,0.0,0.0,1,0.0
,academy_3_vs_1_with_keeper,123,collect_rollout,1702,0,20,-0.003333333181217313,False,False,0.0,0.0,0,0,0,0.0,0.0,0.0,0.0,-0.003333333181217313,1,-0.003333333181217313
,academy_3_vs_1_with_keeper,123,collect_rollout,1703,0,18,0.0,False,False,0.0,0.0,0,0,0,0.0,0.0,0.0,0.0,0.0,1,0.0
,academy_3_vs_1_with_keeper,123,collect_rollout,1704,0,15,0.0,False,False,0.0,0.0,0,0,0,0.0,0.0,0.0,0.0,0.0,1,0.0
,academy_3_vs_1_with_keeper,123,collect_rollout,1705,0,88,0.025576866872143,False,False,0.0,0.0,0,0,0,0.0,0.0,0.0,0.0,0.025576866872143,1,0.025576866872143
,academy_3_vs_1_with_keeper,123,collect_rollout,1706,0,18,-0.003333333181217313,False,False,0.0,0.0,0,0,0,0.0,0.0,0.0,0.0,-0.003333333181217313,1,-0.003333333181217313
,academy_3_vs_1_with_keeper,123,collect_rollout,1707,0,17,-0.003333333181217313,False,False,0.0,0.0,0,0,0,0.0,0.0,0.0,0.0,-0.003333333181217313,1,-0.003333333181217313
,academy_3_vs_1_with_keeper,123,collect_rollout,1708,0,17,-0.003333333181217313,False,False,0.0,0.0,0,0,0,0.0,0.0,0.0,0.0,-0.003333333181217313,1,-0.003333333181217313
,academy_3_vs_1_with_keeper,123,collect_rollout,1709,0,16,-0.003333333181217313,False,False,0.0,0.0,0,0,0,0.0,0.0,0.0,0.0,-0.003333333181217313,1,-0.003333333181217313
,academy_3_vs_1_with_keeper,123,collect_rollout,1710,0,23,0.0,False,False,0.0,0.0,0,0,0,0.0,0.0,0.0,0.0,0.0,1,0.0
,academy_3_vs_1_with_keeper,123,collect_rollout,1711,0,18,0.0,False,False,0.0,0.0,0,0,0,0.0,0.0,0.0,0.0,0.0,1,0.0
,academy_3_vs_1_with_keeper,123,collect_rollout,1712,0,18,-0.003333333181217313,False,False,0.0,0.0,0,0,0,0.0,0.0,0.0,0.0,-0.003333333181217313,1,-0.003333333181217313
,academy_3_vs_1_with_keeper,123,collect_rollout,1713,0,20,0.0,False,False,0.0,0.0,0,0,0,0.0,0.0,0.0,0.0,0.0,1,0.0
,academy_3_vs_1_with_keeper,123,collect_rollout,1714,0,19,0.0,False,False,0.0,0.0,0,0,0,0.0,0.0,0.0,0.0,0.0,1,0.0
,academy_3_vs_1_with_keeper,123,collect_rollout,1715,0,18,-0.003333333181217313,False,False,0.0,0.0,0,0,0,0.0,0.0,0.0,0.0,-0.003333333181217313,1,-0.003333333181217313
,academy_3_vs_1_with_keeper,123,collect_rollout,1716,0,19,0.0,False,False,0.0,0.0,0,0,0,0.0,0.0,0.0,0.0,0.0,1,0.0
,academy_3_vs_1_with_keeper,123,collect_rollout,1717,0,20,-0.006666666362434626,False,False,0.0,0.0,0,0,0,0.0,0.0,0.0,0.0,-0.006666666362434626,1,-0.006666666362434626
,academy_3_vs_1_with_keeper,123,collect_rollout,1718,0,21,0.0,False,False,0.0,0.0,0,0,0,0.0,0.0,0.0,0.0,0.0,1,0.0
,academy_3_vs_1_with_keeper,123,collect_rollout,1719,0,19,0.0,False,False,0.0,0.0,0,0,0,0.0,0.0,0.0,0.0,0.0,1,0.0
,academy_3_vs_1_with_keeper,123,collect_rollout,1720,0,20,0.0,False,False,0.0,0.0,0,0,0,0.0,0.0,0.0,0.0,0.0,1,0.0
,academy_3_vs_1_with_keeper,123,collect_rollout,1721,0,20,-0.006666666362434626,False,False,0.0,0.0,0,0,0,0.0,0.0,0.0,0.0,-0.006666666362434626,1,-0.006666666362434626
,academy_3_vs_1_with_keeper,123,collect_rollout,1722,0,22,0.0,False,False,0.0,0.0,0,0,0,0.0,0.0,0.0,0.0,0.0,1,0.0
,academy_3_vs_1_with_keeper,123,collect_rollout,1723,0,20,0.0,False,False,0.0,0.0,0,0,0,0.0,0.0,0.0,0.0,0.0,1,0.0
,academy_3_vs_1_with_keeper,123,collect_rollout,1724,0,18,0.0,False,False,0.0,0.0,0,0,0,0.0,0.0,0.0,0.0,0.0,1,0.0
,academy_3_vs_1_with_keeper,123,collect_rollout,1725,0,19,-0.003333333181217313,False,False,0.0,0.0,0,0,0,0.0,0.0,0.0,0.0,-0.003333333181217313,1,-0.003333333181217313
,academy_3_vs_1_with_keeper,123,collect_rollout,1726,0,16,0.0,False,False,0.0,0.0,0,0,0,0.0,0.0,0.0,0.0,0.0,1,0.0
,academy_3_vs_1_with_keeper,123,collect_rollout,1727,0,17,-0.003333333181217313,False,False,0.0,0.0,0,0,0,0.0,0.0,0.0,0.0,-0.003333333181217313,1,-0.003333333181217313
,academy_3_vs_1_with_keeper,123,collect_rollout,1728,0,13,0.0,False,False,0.0,0.0,0,0,0,0.0,0.0,0.0,0.0,0.0,1,0.0
,academy_3_vs_1_with_keeper,123,collect_rollout,1729,0,24,-0.003333333181217313,False,False,0.0,0.0,0,0,0,0.0,0.0,0.0,0.0,-0.003333333181217313,1,-0.003333333181217313
,academy_3_vs_1_with_keeper,123,collect_rollout,1730,0,19,-0.006666666362434626,False,False,0.0,0.0,0,0,0,0.0,0.0,0.0,0.0,-0.006666666362434626,1,-0.006666666362434626
,academy_3_vs_1_with_keeper,123,collect_rollout,1731,0,16,0.0,False,False,0.0,0.0,0,0,0,0.0,0.0,0.0,0.0,0.0,1,0.0
,academy_3_vs_1_with_keeper,123,collect_rollout,1732,0,18,-0.003333333181217313,False,False,0.0,0.0,0,0,0,0.0,0.0,0.0,0.0,-0.003333333181217313,1,-0.003333333181217313
,academy_3_vs_1_with_keeper,123,collect_rollout,1733,0,13,0.0,False,False,0.0,0.0,0,0,0,0.0,0.0,0.0,0.0,0.0,1,0.0
,academy_3_vs_1_with_keeper,123,collect_rollout,1734,0,19,-0.003333333181217313,False,False,0.0,0.0,0,0,0,0.0,0.0,0.0,0.0,-0.003333333181217313,1,-0.003333333181217313
,academy_3_vs_1_with_keeper,123,collect_rollout,1735,0,1801,-0.8739900710061193,False,False,0.0,0.0,0,0,0,0.0,0.0,0.0,0.0,-0.8739900710061193,1,-0.8739900710061193
,academy_3_vs_1_with_keeper,123,collect_rollout,1736,0,16,-0.003333333181217313,False,False,0.0,0.0,0,0,0,0.0,0.0,0.0,0.0,-0.003333333181217313,1,-0.003333333181217313
,academy_3_vs_1_with_keeper,123,collect_rollout,1737,0,19,-0.003333333181217313,False,False,0.0,0.0,0,0,0,0.0,0.0,0.0,0.0,-0.003333333181217313,1,-0.003333333181217313
,academy_3_vs_1_with_keeper,123,collect_rollout,1738,0,16,-0.006666666362434626,False,False,0.0,0.0,0,0,0,0.0,0.0,0.0,0.0,-0.006666666362434626,1,-0.006666666362434626
,academy_3_vs_1_with_keeper,123,collect_rollout,1739,0,22,-0.003333333181217313,False,False,0.0,0.0,0,0,0,0.0,0.0,0.0,0.0,-0.003333333181217313,1,-0.003333333181217313
,academy_3_vs_1_with_keeper,123,collect_rollout,1740,0,18,0.0,False,False,0.0,0.0,0,0,0,0.0,0.0,0.0,0.0,0.0,1,0.0
,academy_3_vs_1_with_keeper,123,collect_rollout,1741,0,23,-0.003333333181217313,False,False,0.0,0.0,0,0,0,0.0,0.0,0.0,0.0,-0.003333333181217313,1,-0.003333333181217313
,academy_3_vs_1_with_keeper,123,collect_rollout,1742,0,18,-0.003333333181217313,False,False,0.0,0.0,0,0,0,0.0,0.0,0.0,0.0,-0.003333333181217313,1,-0.003333333181217313
,academy_3_vs_1_with_keeper,123,collect_rollout,1743,0,19,-0.003333333181217313,False,False,0.0,0.0,0,0,0,0.0,0.0,0.0,0.0,-0.003333333181217313,1,-0.003333333181217313
,academy_3_vs_1_with_keeper,123,collect_rollout,1744,0,17,0.0,False,False,0.0,0.0,0,0,0,0.0,0.0,0.0,0.0,0.0,1,0.0
,academy_3_vs_1_with_keeper,123,collect_rollout,1745,0,16,0.0,False,False,0.0,0.0,0,0,0,0.0,0.0,0.0,0.0,0.0,1,0.0
,academy_3_vs_1_with_keeper,123,collect_rollout,1746,0,20,0.0,False,False,0.0,0.0,0,0,0,0.0,0.0,0.0,0.0,0.0,1,0.0
,academy_3_vs_1_with_keeper,123,collect_rollout,1747,0,16,0.0,False,False,0.0,0.0,0,0,0,0.0,0.0,0.0,0.0,0.0,1,0.0
,academy_3_vs_1_with_keeper,123,collect_rollout,1748,0,21,0.0,False,False,0.0,0.0,0,0,0,0.0,0.0,0.0,0.0,0.0,1,0.0
,academy_3_vs_1_with_keeper,123,collect_rollout,1749,0,17,0.0,False,False,0.0,0.0,0,0,0,0.0,0.0,0.0,0.0,0.0,1,0.0
,academy_3_vs_1_with_keeper,123,collect_rollout,1750,0,16,0.0,False,False,0.0,0.0,0,0,0,0.0,0.0,0.0,0.0,0.0,1,0.0
,academy_3_vs_1_with_keeper,123,collect_rollout,1751,0,20,0.0,False,False,0.0,0.0,0,0,0,0.0,0.0,0.0,0.0,0.0,1,0.0
,academy_3_vs_1_with_keeper,123,collect_rollout,1752,0,16,-0.003333333181217313,False,False,0.0,0.0,0,0,0,0.0,0.0,0.0,0.0,-0.003333333181217313,1,-0.003333333181217313
,academy_3_vs_1_with_keeper,123,collect_rollout,1753,0,149,-0.03177383856382221,False,False,0.0,0.0,0,0,0,0.0,0.0,0.0,0.0,-0.03177383856382221,1,-0.03177383856382221
,academy_3_vs_1_with_keeper,123,collect_rollout,1754,0,24,0.0,False,False,0.0,0.0,0,0,0,0.0,0.0,0.0,0.0,0.0,1,0.0
,academy_3_vs_1_with_keeper,123,collect_rollout,1755,0,15,0.0,False,False,0.0,0.0,0,0,0,0.0,0.0,0.0,0.0,0.0,1,0.0
,academy_3_vs_1_with_keeper,123,collect_rollout,1756,0,127,-0.5561061969492584,False,False,0.0,0.0,0,0,0,0.0,0.0,0.0,0.0,-0.5561061969492584,1,-0.5561061969492584
,academy_3_vs_1_with_keeper,123,collect_rollout,1757,0,23,0.0,False,False,0.0,0.0,0,0,0,0.0,0.0,0.0,0.0,0.0,1,0.0
,academy_3_vs_1_with_keeper,123,collect_rollout,1758,0,18,0.0,False,False,0.0,0.0,0,0,0,0.0,0.0,0.0,0.0,0.0,1,0.0
,academy_3_vs_1_with_keeper,123,collect_rollout,1759,0,15,0.0,False,False,0.0,0.0,0,0,0,0.0,0.0,0.0,0.0,0.0,1,0.0
,academy_3_vs_1_with_keeper,123,collect_rollout,1760,0,14,-0.003333333181217313,False,False,0.0,0.0,0,0,0,0.0,0.0,0.0,0.0,-0.003333333181217313,1,-0.003333333181217313
,academy_3_vs_1_with_keeper,123,collect_rollout,1761,0,16,-0.003333333181217313,False,False,0.0,0.0,0,0,0,0.0,0.0,0.0,0.0,-0.003333333181217313,1,-0.003333333181217313
,academy_3_vs_1_with_keeper,123,collect_rollout,1762,0,16,0.0,False,False,0.0,0.0,0,0,0,0.0,0.0,0.0,0.0,0.0,1,0.0
,academy_3_vs_1_with_keeper,123,collect_rollout,1763,0,53,-0.040000001434236765,False,False,0.0,0.0,0,0,0,0.0,0.0,0.0,0.0,-0.040000001434236765,1,-0.040000001434236765
,academy_3_vs_1_with_keeper,123,collect_rollout,1764,0,17,0.0,False,False,0.0,0.0,0,0,0,0.0,0.0,0.0,0.0,0.0,1,0.0
,academy_3_vs_1_with_keeper,123,collect_rollout,1765,0,89,-0.1703299095388502,False,False,0.0,0.0,0,0,0,0.0,0.0,0.0,0.0,-0.1703299095388502,1,-0.1703299095388502
,academy_3_vs_1_with_keeper,123,collect_rollout,1766,0,16,0.0,False,False,0.0,0.0,0,0,0,0.0,0.0,0.0,0.0,0.0,1,0.0
,academy_3_vs_1_with_keeper,123,collect_rollout,1767,0,20,-0.006666666362434626,False,False,0.0,0.0,0,0,0,0.0,0.0,0.0,0.0,-0.006666666362434626,1,-0.006666666362434626
,academy_3_vs_1_with_keeper,123,collect_rollout,1768,0,20,0.0,False,False,0.0,0.0,0,0,0,0.0,0.0,0.0,0.0,0.0,1,0.0
,academy_3_vs_1_with_keeper,123,collect_rollout,1769,0,55,-0.04333333461545408,False,False,0.0,0.0,0,0,0,0.0,0.0,0.0,0.0,-0.04333333461545408,1,-0.04333333461545408
,academy_3_vs_1_with_keeper,123,collect_rollout,1770,0,15,0.0,False,False,0.0,0.0,0,0,0,0.0,0.0,0.0,0.0,0.0,1,0.0
,academy_3_vs_1_with_keeper,123,collect_rollout,1771,0,16,0.0,False,False,0.0,0.0,0,0,0,0.0,0.0,0.0,0.0,0.0,1,0.0
,academy_3_vs_1_with_keeper,123,collect_rollout,1772,0,20,-0.003333333181217313,False,False,0.0,0.0,0,0,0,0.0,0.0,0.0,0.0,-0.003333333181217313,1,-0.003333333181217313
,academy_3_vs_1_with_keeper,123,collect_rollout,1773,0,18,-0.003333333181217313,False,False,0.0,0.0,0,0,0,0.0,0.0,0.0,0.0,-0.003333333181217313,1,-0.003333333181217313
,academy_3_vs_1_with_keeper,123,collect_rollout,1774,0,19,0.0,False,False,0.0,0.0,0,0,0,0.0,0.0,0.0,0.0,0.0,1,0.0
,academy_3_vs_1_with_keeper,123,collect_rollout,1775,0,23,0.0,False,False,0.0,0.0,0,0,0,0.0,0.0,0.0,0.0,0.0,1,0.0
,academy_3_vs_1_with_keeper,123,collect_rollout,1776,0,16,0.0,False,False,0.0,0.0,0,0,0,0.0,0.0,0.0,0.0,0.0,1,0.0
,academy_3_vs_1_with_keeper,123,collect_rollout,1777,0,18,0.0,False,False,0.0,0.0,0,0,0,0.0,0.0,0.0,0.0,0.0,1,0.0
,academy_3_vs_1_with_keeper,123,collect_rollout,1778,0,22,0.0,False,False,0.0,0.0,0,0,0,0.0,0.0,0.0,0.0,0.0,1,0.0
,academy_3_vs_1_with_keeper,123,collect_rollout,1779,0,22,-0.003333333181217313,False,False,0.0,0.0,0,0,0,0.0,0.0,0.0,0.0,-0.003333333181217313,1,-0.003333333181217313
,academy_3_vs_1_with_keeper,123,collect_rollout,1780,0,15,0.0,False,False,0.0,0.0,0,0,0,0.0,0.0,0.0,0.0,0.0,1,0.0
,academy_3_vs_1_with_keeper,123,collect_rollout,1781,0,22,0.0,False,False,0.0,0.0,0,0,0,0.0,0.0,0.0,0.0,0.0,1,0.0
,academy_3_vs_1_with_keeper,123,collect_rollout,1782,0,76,-0.34981490345671773,False,False,0.0,0.0,0,0,0,0.0,0.0,0.0,0.0,-0.34981490345671773,1,-0.34981490345671773
,academy_3_vs_1_with_keeper,123,collect_rollout,1783,0,20,0.0,False,False,0.0,0.0,0,0,0,0.0,0.0,0.0,0.0,0.0,1,0.0
,academy_3_vs_1_with_keeper,123,collect_rollout,1784,0,19,0.0,False,False,0.0,0.0,0,0,0,0.0,0.0,0.0,0.0,0.0,1,0.0
,academy_3_vs_1_with_keeper,123,collect_rollout,1785,0,18,0.0,False,False,0.0,0.0,0,0,0,0.0,0.0,0.0,0.0,0.0,1,0.0
,academy_3_vs_1_with_keeper,123,collect_rollout,1786,0,22,0.0,False,False,0.0,0.0,0,0,0,0.0,0.0,0.0,0.0,0.0,1,0.0
,academy_3_vs_1_with_keeper,123,collect_rollout,1787,0,12,-0.0010838182643055916,False,False,0.0,0.0,0,0,0,0.0,0.0,0.0,0.0,-0.0010838182643055916,1,-0.0010838182643055916
,academy_3_vs_1_with_keeper,123,collect_rollout,1788,0,15,0.0,False,False,0.0,0.0,0,0,0,0.0,0.0,0.0,0.0,0.0,1,0.0
,academy_3_vs_1_with_keeper,123,collect_rollout,1789,0,16,-0.003333333181217313,False,False,0.0,0.0,0,0,0,0.0,0.0,0.0,0.0,-0.003333333181217313,1,-0.003333333181217313
,academy_3_vs_1_with_keeper,123,collect_rollout,1790,0,17,-0.003333333181217313,False,False,0.0,0.0,0,0,0,0.0,0.0,0.0,0.0,-0.003333333181217313,1,-0.003333333181217313
,academy_3_vs_1_with_keeper,123,collect_rollout,1791,0,61,-0.30693574191536754,False,False,0.0,0.0,0,0,0,0.0,0.0,0.0,0.0,-0.30693574191536754,1,-0.30693574191536754
,academy_3_vs_1_with_keeper,123,collect_rollout,1792,0,21,0.0,False,False,0.0,0.0,0,0,0,0.0,0.0,0.0,0.0,0.0,1,0.0
,academy_3_vs_1_with_keeper,123,collect_rollout,1793,0,75,-0.34879239555448294,False,False,0.0,0.0,0,0,0,0.0,0.0,0.0,0.0,-0.34879239555448294,1,-0.34879239555448294
,academy_3_vs_1_with_keeper,123,collect_rollout,1794,0,87,0.058319452800787985,False,False,0.0,0.0,0,0,0,0.0,0.0,0.0,0.0,0.058319452800787985,1,0.058319452800787985
,academy_3_vs_1_with_keeper,123,collect_rollout,1795,0,18,-0.003333333181217313,False,False,0.0,0.0,0,0,0,0.0,0.0,0.0,0.0,-0.003333333181217313,1,-0.003333333181217313
,academy_3_vs_1_with_keeper,123,collect_rollout,1796,0,20,0.0,False,False,0.0,0.0,0,0,0,0.0,0.0,0.0,0.0,0.0,1,0.0
,academy_3_vs_1_with_keeper,123,collect_rollout,1797,0,20,0.0,False,False,0.0,0.0,0,0,0,0.0,0.0,0.0,0.0,0.0,1,0.0
,academy_3_vs_1_with_keeper,123,collect_rollout,1798,0,24,0.0,False,False,0.0,0.0,0,0,0,0.0,0.0,0.0,0.0,0.0,1,0.0
,academy_3_vs_1_with_keeper,123,collect_rollout,1799,0,19,0.0,False,False,0.0,0.0,0,0,0,0.0,0.0,0.0,0.0,0.0,1,0.0
,academy_3_vs_1_with_keeper,123,collect_rollout,1800,0,18,-0.003333333181217313,False,False,0.0,0.0,0,0,0,0.0,0.0,0.0,0.0,-0.003333333181217313,1,-0.003333333181217313
,academy_3_vs_1_with_keeper,123,collect_rollout,1801,0,82,-0.17265878649777733,False,False,0.0,0.0,0,0,0,0.0,0.0,0.0,0.0,-0.17265878649777733,1,-0.17265878649777733
,academy_3_vs_1_with_keeper,123,collect_rollout,1802,0,17,0.0,False,False,0.0,0.0,0,0,0,0.0,0.0,0.0,0.0,0.0,1,0.0
,academy_3_vs_1_with_keeper,123,collect_rollout,1803,0,17,-0.003333333181217313,False,False,0.0,0.0,0,0,0,0.0,0.0,0.0,0.0,-0.003333333181217313,1,-0.003333333181217313
,academy_3_vs_1_with_keeper,123,collect_rollout,1804,0,20,0.0,False,False,0.0,0.0,0,0,0,0.0,0.0,0.0,0.0,0.0,1,0.0
,academy_3_vs_1_with_keeper,123,collect_rollout,1805,0,14,0.0,False,False,0.0,0.0,0,0,0,0.0,0.0,0.0,0.0,0.0,1,0.0
,academy_3_vs_1_with_keeper,123,collect_rollout,1806,0,17,0.0,False,False,0.0,0.0,0,0,0,0.0,0.0,0.0,0.0,0.0,1,0.0
,academy_3_vs_1_with_keeper,123,collect_rollout,1807,0,17,-0.003333333181217313,False,False,0.0,0.0,0,0,0,0.0,0.0,0.0,0.0,-0.003333333181217313,1,-0.003333333181217313
,academy_3_vs_1_with_keeper,123,collect_rollout,1808,0,18,0.0,False,False,0.0,0.0,0,0,0,0.0,0.0,0.0,0.0,0.0,1,0.0
,academy_3_vs_1_with_keeper,123,collect_rollout,1809,0,19,0.0,False,False,0.0,0.0,0,0,0,0.0,0.0,0.0,0.0,0.0,1,0.0
,academy_3_vs_1_with_keeper,123,collect_rollout,1810,0,19,-0.003333333181217313,False,False,0.0,0.0,0,0,0,0.0,0.0,0.0,0.0,-0.003333333181217313,1,-0.003333333181217313
,academy_3_vs_1_with_keeper,123,collect_rollout,1811,0,22,0.0,False,False,0.0,0.0,0,0,0,0.0,0.0,0.0,0.0,0.0,1,0.0
,academy_3_vs_1_with_keeper,123,collect_rollout,1812,0,21,-0.003333333181217313,False,False,0.0,0.0,0,0,0,0.0,0.0,0.0,0.0,-0.003333333181217313,1,-0.003333333181217313
,academy_3_vs_1_with_keeper,123,collect_rollout,1813,0,19,0.0,False,False,0.0,0.0,0,0,0,0.0,0.0,0.0,0.0,0.0,1,0.0
,academy_3_vs_1_with_keeper,123,collect_rollout,1814,0,19,0.0,False,False,0.0,0.0,0,0,0,0.0,0.0,0.0,0.0,0.0,1,0.0
,academy_3_vs_1_with_keeper,123,collect_rollout,1815,0,20,0.0,False,False,0.0,0.0,0,0,0,0.0,0.0,0.0,0.0,0.0,1,0.0
,academy_3_vs_1_with_keeper,123,collect_rollout,1816,0,17,0.0,False,False,0.0,0.0,0,0,0,0.0,0.0,0.0,0.0,0.0,1,0.0
,academy_3_vs_1_with_keeper,123,collect_rollout,1817,0,21,0.0,False,False,0.0,0.0,0,0,0,0.0,0.0,0.0,0.0,0.0,1,0.0
,academy_3_vs_1_with_keeper,123,collect_rollout,1818,0,20,0.0,False,False,0.0,0.0,0,0,0,0.0,0.0,0.0,0.0,0.0,1,0.0
,academy_3_vs_1_with_keeper,123,collect_rollout,1819,0,16,-0.003333333181217313,False,False,0.0,0.0,0,0,0,0.0,0.0,0.0,0.0,-0.003333333181217313,1,-0.003333333181217313
,academy_3_vs_1_with_keeper,123,collect_rollout,1820,0,19,0.0,False,False,0.0,0.0,0,0,0,0.0,0.0,0.0,0.0,0.0,1,0.0
,academy_3_vs_1_with_keeper,123,collect_rollout,1821,0,23,-0.003333333181217313,False,False,0.0,0.0,0,0,0,0.0,0.0,0.0,0.0,-0.003333333181217313,1,-0.003333333181217313
,academy_3_vs_1_with_keeper,123,collect_rollout,1822,0,18,-0.003333333181217313,False,False,0.0,0.0,0,0,0,0.0,0.0,0.0,0.0,-0.003333333181217313,1,-0.003333333181217313
,academy_3_vs_1_with_keeper,123,collect_rollout,1823,0,22,0.0,False,False,0.0,0.0,0,0,0,0.0,0.0,0.0,0.0,0.0,1,0.0
,academy_3_vs_1_with_keeper,123,collect_rollout,1824,0,99,-0.07026128220604733,False,False,0.0,0.0,0,0,0,0.0,0.0,0.0,0.0,-0.07026128220604733,1,-0.07026128220604733
,academy_3_vs_1_with_keeper,123,collect_rollout,1825,0,18,0.0,False,False,0.0,0.0,0,0,0,0.0,0.0,0.0,0.0,0.0,1,0.0
,academy_3_vs_1_with_keeper,123,collect_rollout,1826,0,17,0.0,False,False,0.0,0.0,0,0,0,0.0,0.0,0.0,0.0,0.0,1,0.0
,academy_3_vs_1_with_keeper,123,collect_rollout,1827,0,14,0.0,False,False,0.0,0.0,0,0,0,0.0,0.0,0.0,0.0,0.0,1,0.0
,academy_3_vs_1_with_keeper,123,collect_rollout,1828,0,17,0.0,False,False,0.0,0.0,0,0,0,0.0,0.0,0.0,0.0,0.0,1,0.0
,academy_3_vs_1_with_keeper,123,collect_rollout,1829,0,20,-0.003333333181217313,False,False,0.0,0.0,0,0,0,0.0,0.0,0.0,0.0,-0.003333333181217313,1,-0.003333333181217313
,academy_3_vs_1_with_keeper,123,collect_rollout,1830,0,14,-0.003333333181217313,False,False,0.0,0.0,0,0,0,0.0,0.0,0.0,0.0,-0.003333333181217313,1,-0.003333333181217313
,academy_3_vs_1_with_keeper,123,collect_rollout,1831,0,17,0.0,False,False,0.0,0.0,0,0,0,0.0,0.0,0.0,0.0,0.0,1,0.0
,academy_3_vs_1_with_keeper,123,collect_rollout,1832,0,17,-0.003333333181217313,False,False,0.0,0.0,0,0,0,0.0,0.0,0.0,0.0,-0.003333333181217313,1,-0.003333333181217313
,academy_3_vs_1_with_keeper,123,collect_rollout,1833,0,17,0.0,False,False,0.0,0.0,0,0,0,0.0,0.0,0.0,0.0,0.0,1,0.0
,academy_3_vs_1_with_keeper,123,collect_rollout,1834,0,17,0.0,False,False,0.0,0.0,0,0,0,0.0,0.0,0.0,0.0,0.0,1,0.0
,academy_3_vs_1_with_keeper,123,collect_rollout,1835,0,19,0.0,False,False,0.0,0.0,0,0,0,0.0,0.0,0.0,0.0,0.0,1,0.0
,academy_3_vs_1_with_keeper,123,collect_rollout,1836,0,20,0.0,False,False,0.0,0.0,0,0,0,0.0,0.0,0.0,0.0,0.0,1,0.0
,academy_3_vs_1_with_keeper,123,collect_rollout,1837,0,68,-0.061747277388349175,False,False,0.0,0.0,0,0,0,0.0,0.0,0.0,0.0,-0.061747277388349175,1,-0.061747277388349175
,academy_3_vs_1_with_keeper,123,collect_rollout,1838,0,15,-0.003333333181217313,False,False,0.0,0.0,0,0,0,0.0,0.0,0.0,0.0,-0.003333333181217313,1,-0.003333333181217313
,academy_3_vs_1_with_keeper,123,collect_rollout,1839,0,90,-0.05462776334024966,False,False,0.0,0.0,0,0,0,0.0,0.0,0.0,0.0,-0.05462776334024966,1,-0.05462776334024966
,academy_3_vs_1_with_keeper,123,collect_rollout,1840,0,37,0.044017624808475375,False,False,0.0,0.0,0,0,0,0.0,0.0,0.0,0.0,0.044017624808475375,1,0.044017624808475375
,academy_3_vs_1_with_keeper,123,collect_rollout,1841,0,18,-0.003333333181217313,False,False,0.0,0.0,0,0,0,0.0,0.0,0.0,0.0,-0.003333333181217313,1,-0.003333333181217313
,academy_3_vs_1_with_keeper,123,collect_rollout,1842,0,16,0.0,False,False,0.0,0.0,0,0,0,0.0,0.0,0.0,0.0,0.0,1,0.0
,academy_3_vs_1_with_keeper,123,collect_rollout,1843,0,68,-0.06999999773688614,False,False,0.0,0.0,0,0,0,0.0,0.0,0.0,0.0,-0.06999999773688614,1,-0.06999999773688614
,academy_3_vs_1_with_keeper,123,collect_rollout,1844,0,23,0.0,False,False,0.0,0.0,0,0,0,0.0,0.0,0.0,0.0,0.0,1,0.0
,academy_3_vs_1_with_keeper,123,collect_rollout,1845,0,23,0.0,False,False,0.0,0.0,0,0,0,0.0,0.0,0.0,0.0,0.0,1,0.0
,academy_3_vs_1_with_keeper,123,collect_rollout,1846,0,19,0.0,False,False,0.0,0.0,0,0,0,0.0,0.0,0.0,0.0,0.0,1,0.0
,academy_3_vs_1_with_keeper,123,collect_rollout,1847,0,8,0.01580662466585636,False,False,0.0,0.0,0,0,0,0.0,0.0,0.0,0.0,0.01580662466585636,1,0.01580662466585636
,academy_3_vs_1_with_keeper,123,collect_rollout,1848,0,16,0.0,False,False,0.0,0.0,0,0,0,0.0,0.0,0.0,0.0,0.0,1,0.0
,academy_3_vs_1_with_keeper,123,collect_rollout,1849,0,22,0.0,False,False,0.0,0.0,0,0,0,0.0,0.0,0.0,0.0,0.0,1,0.0
,academy_3_vs_1_with_keeper,123,collect_rollout,1850,0,17,-0.003333333181217313,False,False,0.0,0.0,0,0,0,0.0,0.0,0.0,0.0,-0.003333333181217313,1,-0.003333333181217313
,academy_3_vs_1_with_keeper,123,collect_rollout,1851,0,18,0.0,False,False,0.0,0.0,0,0,0,0.0,0.0,0.0,0.0,0.0,1,0.0
,academy_3_vs_1_with_keeper,123,collect_rollout,1852,0,19,0.0,False,False,0.0,0.0,0,0,0,0.0,0.0,0.0,0.0,0.0,1,0.0
,academy_3_vs_1_with_keeper,123,collect_rollout,1853,0,16,0.0,False,False,0.0,0.0,0,0,0,0.0,0.0,0.0,0.0,0.0,1,0.0
,academy_3_vs_1_with_keeper,123,collect_rollout,1854,0,22,0.0,False,False,0.0,0.0,0,0,0,0.0,0.0,0.0,0.0,0.0,1,0.0
,academy_3_vs_1_with_keeper,123,collect_rollout,1855,0,21,0.0,False,False,0.0,0.0,0,0,0,0.0,0.0,0.0,0.0,0.0,1,0.0
,academy_3_vs_1_with_keeper,123,collect_rollout,1856,0,20,0.0,False,False,0.0,0.0,0,0,0,0.0,0.0,0.0,0.0,0.0,1,0.0
,academy_3_vs_1_with_keeper,123,collect_rollout,1857,0,20,0.0,False,False,0.0,0.0,0,0,0,0.0,0.0,0.0,0.0,0.0,1,0.0
,academy_3_vs_1_with_keeper,123,collect_rollout,1858,0,87,-0.33136437460780144,False,False,0.0,0.0,0,0,0,0.0,0.0,0.0,0.0,-0.33136437460780144,1,-0.33136437460780144
,academy_3_vs_1_with_keeper,123,collect_rollout,1859,0,19,-0.006666666362434626,False,False,0.0,0.0,0,0,0,0.0,0.0,0.0,0.0,-0.006666666362434626,1,-0.006666666362434626
,academy_3_vs_1_with_keeper,123,collect_rollout,1860,0,17,0.0,False,False,0.0,0.0,0,0,0,0.0,0.0,0.0,0.0,0.0,1,0.0
,academy_3_vs_1_with_keeper,123,collect_rollout,1861,0,19,-0.003333333181217313,False,False,0.0,0.0,0,0,0,0.0,0.0,0.0,0.0,-0.003333333181217313,1,-0.003333333181217313
,academy_3_vs_1_with_keeper,123,collect_rollout,1862,0,18,0.0,False,False,0.0,0.0,0,0,0,0.0,0.0,0.0,0.0,0.0,1,0.0
,academy_3_vs_1_with_keeper,123,collect_rollout,1863,0,24,0.0,False,False,0.0,0.0,0,0,0,0.0,0.0,0.0,0.0,0.0,1,0.0
,academy_3_vs_1_with_keeper,123,collect_rollout,1864,0,20,-0.006666666362434626,False,False,0.0,0.0,0,0,0,0.0,0.0,0.0,0.0,-0.006666666362434626,1,-0.006666666362434626
,academy_3_vs_1_with_keeper,123,collect_rollout,1865,0,20,-0.003333333181217313,False,False,0.0,0.0,0,0,0,0.0,0.0,0.0,0.0,-0.003333333181217313,1,-0.003333333181217313
,academy_3_vs_1_with_keeper,123,collect_rollout,1866,0,64,-0.10383790114428848,False,False,0.0,0.0,0,0,0,0.0,0.0,0.0,0.0,-0.10383790114428848,1,-0.10383790114428848
,academy_3_vs_1_with_keeper,123,collect_rollout,1867,0,22,-0.003333333181217313,False,False,0.0,0.0,0,0,0,0.0,0.0,0.0,0.0,-0.003333333181217313,1,-0.003333333181217313
,academy_3_vs_1_with_keeper,123,collect_rollout,1868,0,18,-0.006666666362434626,False,False,0.0,0.0,0,0,0,0.0,0.0,0.0,0.0,-0.006666666362434626,1,-0.006666666362434626
,academy_3_vs_1_with_keeper,123,collect_rollout,1869,0,38,0.02787780722428579,False,False,0.0,0.0,0,0,0,0.0,0.0,0.0,0.0,0.02787780722428579,1,0.02787780722428579
,academy_3_vs_1_with_keeper,123,collect_rollout,1870,0,21,-0.003333333181217313,False,False,0.0,0.0,0,0,0,0.0,0.0,0.0,0.0,-0.003333333181217313,1,-0.003333333181217313
,academy_3_vs_1_with_keeper,123,collect_rollout,1871,0,21,-0.003333333181217313,False,False,0.0,0.0,0,0,0,0.0,0.0,0.0,0.0,-0.003333333181217313,1,-0.003333333181217313
,academy_3_vs_1_with_keeper,123,collect_rollout,1872,0,22,-0.003333333181217313,False,False,0.0,0.0,0,0,0,0.0,0.0,0.0,0.0,-0.003333333181217313,1,-0.003333333181217313
,academy_3_vs_1_with_keeper,123,collect_rollout,1873,0,20,0.0,False,False,0.0,0.0,0,0,0,0.0,0.0,0.0,0.0,0.0,1,0.0
,academy_3_vs_1_with_keeper,123,collect_rollout,1874,0,23,-0.003333333181217313,False,False,0.0,0.0,0,0,0,0.0,0.0,0.0,0.0,-0.003333333181217313,1,-0.003333333181217313
,academy_3_vs_1_with_keeper,123,collect_rollout,1875,0,19,0.0,False,False,0.0,0.0,0,0,0,0.0,0.0,0.0,0.0,0.0,1,0.0
,academy_3_vs_1_with_keeper,123,collect_rollout,1876,0,17,0.0,False,False,0.0,0.0,0,0,0,0.0,0.0,0.0,0.0,0.0,1,0.0
,academy_3_vs_1_with_keeper,123,collect_rollout,1877,0,18,0.0,False,False,0.0,0.0,0,0,0,0.0,0.0,0.0,0.0,0.0,1,0.0
,academy_3_vs_1_with_keeper,123,collect_rollout,1878,0,20,-0.006666666362434626,False,False,0.0,0.0,0,0,0,0.0,0.0,0.0,0.0,-0.006666666362434626,1,-0.006666666362434626
,academy_3_vs_1_with_keeper,123,collect_rollout,1879,0,14,-0.003333333181217313,False,False,0.0,0.0,0,0,0,0.0,0.0,0.0,0.0,-0.003333333181217313,1,-0.003333333181217313
,academy_3_vs_1_with_keeper,123,collect_rollout,1880,0,18,0.0,False,False,0.0,0.0,0,0,0,0.0,0.0,0.0,0.0,0.0,1,0.0
,academy_3_vs_1_with_keeper,123,collect_rollout,1881,0,97,-0.46380801493069157,False,False,0.0,0.0,0,0,0,0.0,0.0,0.0,0.0,-0.46380801493069157,1,-0.46380801493069157
,academy_3_vs_1_with_keeper,123,collect_rollout,1882,0,66,-0.12450440297834575,False,False,0.0,0.0,0,0,0,0.0,0.0,0.0,0.0,-0.12450440297834575,1,-0.12450440297834575
,academy_3_vs_1_with_keeper,123,collect_rollout,1883,0,18,0.0,False,False,0.0,0.0,0,0,0,0.0,0.0,0.0,0.0,0.0,1,0.0
,academy_3_vs_1_with_keeper,123,collect_rollout,1884,0,21,-0.003333333181217313,False,False,0.0,0.0,0,0,0,0.0,0.0,0.0,0.0,-0.003333333181217313,1,-0.003333333181217313
,academy_3_vs_1_with_keeper,123,collect_rollout,1885,0,155,-0.42211707471869886,False,False,0.0,0.0,0,0,0,0.0,0.0,0.0,0.0,-0.42211707471869886,1,-0.42211707471869886
,academy_3_vs_1_with_keeper,123,collect_rollout,1886,0,18,0.0,False,False,0.0,0.0,0,0,0,0.0,0.0,0.0,0.0,0.0,1,0.0
,academy_3_vs_1_with_keeper,123,collect_rollout,1887,0,20,-0.003333333181217313,False,False,0.0,0.0,0,0,0,0.0,0.0,0.0,0.0,-0.003333333181217313,1,-0.003333333181217313
,academy_3_vs_1_with_keeper,123,collect_rollout,1888,0,17,-0.003333333181217313,False,False,0.0,0.0,0,0,0,0.0,0.0,0.0,0.0,-0.003333333181217313,1,-0.003333333181217313
,academy_3_vs_1_with_keeper,123,collect_rollout,1889,0,18,0.0,False,False,0.0,0.0,0,0,0,0.0,0.0,0.0,0.0,0.0,1,0.0
,academy_3_vs_1_with_keeper,123,collect_rollout,1890,0,18,-0.003333333181217313,False,False,0.0,0.0,0,0,0,0.0,0.0,0.0,0.0,-0.003333333181217313,1,-0.003333333181217313
,academy_3_vs_1_with_keeper,123,collect_rollout,1891,0,81,-0.07211157050915062,False,False,0.0,0.0,0,0,0,0.0,0.0,0.0,0.0,-0.07211157050915062,1,-0.07211157050915062
,academy_3_vs_1_with_keeper,123,collect_rollout,1892,0,20,0.0,False,False,0.0,0.0,0,0,0,0.0,0.0,0.0,0.0,0.0,1,0.0
,academy_3_vs_1_with_keeper,123,collect_rollout,1893,0,21,0.0,False,False,0.0,0.0,0,0,0,0.0,0.0,0.0,0.0,0.0,1,0.0
,academy_3_vs_1_with_keeper,123,collect_rollout,1894,0,17,0.0,False,False,0.0,0.0,0,0,0,0.0,0.0,0.0,0.0,0.0,1,0.0
,academy_3_vs_1_with_keeper,123,collect_rollout,1895,0,22,0.0,False,False,0.0,0.0,0,0,0,0.0,0.0,0.0,0.0,0.0,1,0.0
,academy_3_vs_1_with_keeper,123,collect_rollout,1896,0,21,0.0,False,False,0.0,0.0,0,0,0,0.0,0.0,0.0,0.0,0.0,1,0.0
,academy_3_vs_1_with_keeper,123,collect_rollout,1897,0,23,-0.003333333181217313,False,False,0.0,0.0,0,0,0,0.0,0.0,0.0,0.0,-0.003333333181217313,1,-0.003333333181217313
,academy_3_vs_1_with_keeper,123,collect_rollout,1898,0,19,-0.006666666362434626,False,False,0.0,0.0,0,0,0,0.0,0.0,0.0,0.0,-0.006666666362434626,1,-0.006666666362434626
,academy_3_vs_1_with_keeper,123,collect_rollout,1899,0,16,-0.009999999543651938,False,False,0.0,0.0,0,0,0,0.0,0.0,0.0,0.0,-0.009999999543651938,1,-0.009999999543651938
,academy_3_vs_1_with_keeper,123,collect_rollout,1900,0,90,-0.13966820389032364,False,False,0.0,0.0,0,0,0,0.0,0.0,0.0,0.0,-0.13966820389032364,1,-0.13966820389032364
,academy_3_vs_1_with_keeper,123,collect_rollout,1901,0,18,-0.003333333181217313,False,False,0.0,0.0,0,0,0,0.0,0.0,0.0,0.0,-0.003333333181217313,1,-0.003333333181217313
,academy_3_vs_1_with_keeper,123,collect_rollout,1902,0,18,0.0,False,False,0.0,0.0,0,0,0,0.0,0.0,0.0,0.0,0.0,1,0.0
,academy_3_vs_1_with_keeper,123,collect_rollout,1903,0,20,0.0,False,False,0.0,0.0,0,0,0,0.0,0.0,0.0,0.0,0.0,1,0.0
,academy_3_vs_1_with_keeper,123,collect_rollout,1904,0,20,0.0,False,False,0.0,0.0,0,0,0,0.0,0.0,0.0,0.0,0.0,1,0.0
,academy_3_vs_1_with_keeper,123,collect_rollout,1905,0,16,0.0,False,False,0.0,0.0,0,0,0,0.0,0.0,0.0,0.0,0.0,1,0.0
,academy_3_vs_1_with_keeper,123,collect_rollout,1906,0,18,-0.003333333181217313,False,False,0.0,0.0,0,0,0,0.0,0.0,0.0,0.0,-0.003333333181217313,1,-0.003333333181217313
,academy_3_vs_1_with_keeper,123,collect_rollout,1907,0,19,-0.003333333181217313,False,False,0.0,0.0,0,0,0,0.0,0.0,0.0,0.0,-0.003333333181217313,1,-0.003333333181217313
,academy_3_vs_1_with_keeper,123,collect_rollout,1908,0,15,0.0,False,False,0.0,0.0,0,0,0,0.0,0.0,0.0,0.0,0.0,1,0.0
,academy_3_vs_1_with_keeper,123,collect_rollout,1909,0,73,-0.17893385386560112,False,False,0.0,0.0,0,0,0,0.0,0.0,0.0,0.0,-0.17893385386560112,1,-0.17893385386560112
,academy_3_vs_1_with_keeper,123,collect_rollout,1910,0,14,-0.006666666362434626,False,False,0.0,0.0,0,0,0,0.0,0.0,0.0,0.0,-0.006666666362434626,1,-0.006666666362434626
,academy_3_vs_1_with_keeper,123,collect_rollout,1911,0,74,-1.0466666677966714,False,False,0.0,0.0,0,0,0,0.0,0.0,0.0,0.0,-1.0466666677966714,1,-1.0466666677966714
,academy_3_vs_1_with_keeper,123,collect_rollout,1912,0,19,-0.006666666362434626,False,False,0.0,0.0,0,0,0,0.0,0.0,0.0,0.0,-0.006666666362434626,1,-0.006666666362434626
,academy_3_vs_1_with_keeper,123,collect_rollout,1913,0,18,0.0,False,False,0.0,0.0,0,0,0,0.0,0.0,0.0,0.0,0.0,1,0.0
,academy_3_vs_1_with_keeper,123,collect_rollout,1914,0,16,-0.009999999543651938,False,False,0.0,0.0,0,0,0,0.0,0.0,0.0,0.0,-0.009999999543651938,1,-0.009999999543651938
,academy_3_vs_1_with_keeper,123,collect_rollout,1915,0,16,0.0,False,False,0.0,0.0,0,0,0,0.0,0.0,0.0,0.0,0.0,1,0.0
,academy_3_vs_1_with_keeper,123,collect_rollout,1916,0,21,0.0,False,False,0.0,0.0,0,0,0,0.0,0.0,0.0,0.0,0.0,1,0.0
,academy_3_vs_1_with_keeper,123,collect_rollout,1917,0,22,-0.003333333181217313,False,False,0.0,0.0,0,0,0,0.0,0.0,0.0,0.0,-0.003333333181217313,1,-0.003333333181217313
,academy_3_vs_1_with_keeper,123,collect_rollout,1918,0,17,-0.003333333181217313,False,False,0.0,0.0,0,0,0,0.0,0.0,0.0,0.0,-0.003333333181217313,1,-0.003333333181217313
,academy_3_vs_1_with_keeper,123,collect_rollout,1919,0,17,0.0,False,False,0.0,0.0,0,0,0,0.0,0.0,0.0,0.0,0.0,1,0.0
,academy_3_vs_1_with_keeper,123,collect_rollout,1920,0,18,0.0,False,False,0.0,0.0,0,0,0,0.0,0.0,0.0,0.0,0.0,1,0.0
,academy_3_vs_1_with_keeper,123,collect_rollout,1921,0,18,0.0,False,False,0.0,0.0,0,0,0,0.0,0.0,0.0,0.0,0.0,1,0.0
,academy_3_vs_1_with_keeper,123,collect_rollout,1922,0,21,-0.003333333181217313,False,False,0.0,0.0,0,0,0,0.0,0.0,0.0,0.0,-0.003333333181217313,1,-0.003333333181217313
,academy_3_vs_1_with_keeper,123,collect_rollout,1923,0,117,-0.22963161289226264,False,False,0.0,0.0,0,0,0,0.0,0.0,0.0,0.0,-0.22963161289226264,1,-0.22963161289226264
,academy_3_vs_1_with_keeper,123,collect_rollout,1924,0,22,0.0,False,False,0.0,0.0,0,0,0,0.0,0.0,0.0,0.0,0.0,1,0.0
,academy_3_vs_1_with_keeper,123,collect_rollout,1925,0,18,0.0,False,False,0.0,0.0,0,0,0,0.0,0.0,0.0,0.0,0.0,1,0.0
,academy_3_vs_1_with_keeper,123,collect_rollout,1926,0,21,0.0,False,False,0.0,0.0,0,0,0,0.0,0.0,0.0,0.0,0.0,1,0.0
,academy_3_vs_1_with_keeper,123,collect_rollout,1927,0,19,0.0,False,False,0.0,0.0,0,0,0,0.0,0.0,0.0,0.0,0.0,1,0.0
,academy_3_vs_1_with_keeper,123,collect_rollout,1928,0,15,0.0,False,False,0.0,0.0,0,0,0,0.0,0.0,0.0,0.0,0.0,1,0.0
,academy_3_vs_1_with_keeper,123,collect_rollout,1929,0,17,0.0,False,False,0.0,0.0,0,0,0,0.0,0.0,0.0,0.0,0.0,1,0.0
,academy_3_vs_1_with_keeper,123,collect_rollout,1930,0,19,0.0,False,False,0.0,0.0,0,0,0,0.0,0.0,0.0,0.0,0.0,1,0.0
,academy_3_vs_1_with_keeper,123,collect_rollout,1931,0,157,-0.9252737183123827,False,False,0.0,0.0,0,0,0,0.0,0.0,0.0,0.0,-0.9252737183123827,1,-0.9252737183123827
,academy_3_vs_1_with_keeper,123,collect_rollout,1932,0,23,0.0,False,False,0.0,0.0,0,0,0,0.0,0.0,0.0,0.0,0.0,1,0.0
,academy_3_vs_1_with_keeper,123,collect_rollout,1933,0,22,0.0,False,False,0.0,0.0,0,0,0,0.0,0.0,0.0,0.0,0.0,1,0.0
,academy_3_vs_1_with_keeper,123,collect_rollout,1934,0,22,-0.003333333181217313,False,False,0.0,0.0,0,0,0,0.0,0.0,0.0,0.0,-0.003333333181217313,1,-0.003333333181217313
,academy_3_vs_1_with_keeper,123,collect_rollout,1935,0,20,-0.003333333181217313,False,False,0.0,0.0,0,0,0,0.0,0.0,0.0,0.0,-0.003333333181217313,1,-0.003333333181217313
,academy_3_vs_1_with_keeper,123,collect_rollout,1936,0,23,0.0,False,False,0.0,0.0,0,0,0,0.0,0.0,0.0,0.0,0.0,1,0.0
,academy_3_vs_1_with_keeper,123,collect_rollout,1937,0,19,0.0,False,False,0.0,0.0,0,0,0,0.0,0.0,0.0,0.0,0.0,1,0.0
,academy_3_vs_1_with_keeper,123,collect_rollout,1938,0,21,0.0,False,False,0.0,0.0,0,0,0,0.0,0.0,0.0,0.0,0.0,1,0.0
,academy_3_vs_1_with_keeper,123,collect_rollout,1939,0,22,-0.009999999543651938,False,False,0.0,0.0,0,0,0,0.0,0.0,0.0,0.0,-0.009999999543651938,1,-0.009999999543651938
,academy_3_vs_1_with_keeper,123,collect_rollout,1940,0,21,0.0,False,False,0.0,0.0,0,0,0,0.0,0.0,0.0,0.0,0.0,1,0.0
,academy_3_vs_1_with_keeper,123,collect_rollout,1941,0,50,0.03547243861248717,False,False,0.0,0.0,0,0,0,0.0,0.0,0.0,0.0,0.03547243861248717,1,0.03547243861248717
,academy_3_vs_1_with_keeper,123,collect_rollout,1942,0,19,0.0,False,False,0.0,0.0,0,0,0,0.0,0.0,0.0,0.0,0.0,1,0.0
,academy_3_vs_1_with_keeper,123,collect_rollout,1943,0,121,-0.4811729589710012,False,False,0.0,0.0,0,0,0,0.0,0.0,0.0,0.0,-0.4811729589710012,1,-0.4811729589710012
,academy_3_vs_1_with_keeper,123,collect_rollout,1944,0,16,-0.003333333181217313,False,False,0.0,0.0,0,0,0,0.0,0.0,0.0,0.0,-0.003333333181217313,1,-0.003333333181217313
,academy_3_vs_1_with_keeper,123,collect_rollout,1945,0,19,0.0,False,False,0.0,0.0,0,0,0,0.0,0.0,0.0,0.0,0.0,1,0.0
,academy_3_vs_1_with_keeper,123,collect_rollout,1946,0,17,0.0,False,False,0.0,0.0,0,0,0,0.0,0.0,0.0,0.0,0.0,1,0.0
,academy_3_vs_1_with_keeper,123,collect_rollout,1947,0,18,0.0,False,False,0.0,0.0,0,0,0,0.0,0.0,0.0,0.0,0.0,1,0.0
,academy_3_vs_1_with_keeper,123,collect_rollout,1948,0,18,0.0,False,False,0.0,0.0,0,0,0,0.0,0.0,0.0,0.0,0.0,1,0.0
,academy_3_vs_1_with_keeper,123,collect_rollout,1949,0,17,0.0,False,False,0.0,0.0,0,0,0,0.0,0.0,0.0,0.0,0.0,1,0.0
,academy_3_vs_1_with_keeper,123,collect_rollout,1950,0,18,0.0,False,False,0.0,0.0,0,0,0,0.0,0.0,0.0,0.0,0.0,1,0.0
,academy_3_vs_1_with_keeper,123,collect_rollout,1951,0,19,0.0,False,False,0.0,0.0,0,0,0,0.0,0.0,0.0,0.0,0.0,1,0.0
,academy_3_vs_1_with_keeper,123,collect_rollout,1952,0,19,-0.003333333181217313,False,False,0.0,0.0,0,0,0,0.0,0.0,0.0,0.0,-0.003333333181217313,1,-0.003333333181217313
,academy_3_vs_1_with_keeper,123,collect_rollout,1953,0,22,0.0,False,False,0.0,0.0,0,0,0,0.0,0.0,0.0,0.0,0.0,1,0.0
,academy_3_vs_1_with_keeper,123,collect_rollout,1954,0,18,0.0,False,False,0.0,0.0,0,0,0,0.0,0.0,0.0,0.0,0.0,1,0.0
,academy_3_vs_1_with_keeper,123,collect_rollout,1955,0,97,-0.6082825683988631,False,False,0.0,0.0,0,0,0,0.0,0.0,0.0,0.0,-0.6082825683988631,1,-0.6082825683988631
,academy_3_vs_1_with_keeper,123,collect_rollout,1956,0,19,-0.003333333181217313,False,False,0.0,0.0,0,0,0,0.0,0.0,0.0,0.0,-0.003333333181217313,1,-0.003333333181217313
,academy_3_vs_1_with_keeper,123,collect_rollout,1957,0,19,0.0,False,False,0.0,0.0,0,0,0,0.0,0.0,0.0,0.0,0.0,1,0.0
,academy_3_vs_1_with_keeper,123,collect_rollout,1958,0,19,0.0,False,False,0.0,0.0,0,0,0,0.0,0.0,0.0,0.0,0.0,1,0.0
,academy_3_vs_1_with_keeper,123,collect_rollout,1959,0,16,-0.003333333181217313,False,False,0.0,0.0,0,0,0,0.0,0.0,0.0,0.0,-0.003333333181217313,1,-0.003333333181217313
,academy_3_vs_1_with_keeper,123,collect_rollout,1960,0,19,0.0,False,False,0.0,0.0,0,0,0,0.0,0.0,0.0,0.0,0.0,1,0.0
,academy_3_vs_1_with_keeper,123,collect_rollout,1961,0,19,-0.006666666362434626,False,False,0.0,0.0,0,0,0,0.0,0.0,0.0,0.0,-0.006666666362434626,1,-0.006666666362434626
,academy_3_vs_1_with_keeper,123,collect_rollout,1962,0,14,-0.003333333181217313,False,False,0.0,0.0,0,0,0,0.0,0.0,0.0,0.0,-0.003333333181217313,1,-0.003333333181217313
,academy_3_vs_1_with_keeper,123,collect_rollout,1963,0,20,0.0,False,False,0.0,0.0,0,0,0,0.0,0.0,0.0,0.0,0.0,1,0.0
,academy_3_vs_1_with_keeper,123,collect_rollout,1964,0,18,0.0,False,False,0.0,0.0,0,0,0,0.0,0.0,0.0,0.0,0.0,1,0.0
,academy_3_vs_1_with_keeper,123,collect_rollout,1965,0,21,-0.003333333181217313,False,False,0.0,0.0,0,0,0,0.0,0.0,0.0,0.0,-0.003333333181217313,1,-0.003333333181217313
,academy_3_vs_1_with_keeper,123,collect_rollout,1966,0,42,0.042317098821513355,False,False,0.0,0.0,0,0,0,0.0,0.0,0.0,0.0,0.042317098821513355,1,0.042317098821513355
,academy_3_vs_1_with_keeper,123,collect_rollout,1967,0,18,0.0,False,False,0.0,0.0,0,0,0,0.0,0.0,0.0,0.0,0.0,1,0.0
,academy_3_vs_1_with_keeper,123,collect_rollout,1968,0,15,0.0,False,False,0.0,0.0,0,0,0,0.0,0.0,0.0,0.0,0.0,1,0.0
,academy_3_vs_1_with_keeper,123,collect_rollout,1969,0,18,0.0,False,False,0.0,0.0,0,0,0,0.0,0.0,0.0,0.0,0.0,1,0.0
,academy_3_vs_1_with_keeper,123,collect_rollout,1970,0,19,0.0,False,False,0.0,0.0,0,0,0,0.0,0.0,0.0,0.0,0.0,1,0.0
,academy_3_vs_1_with_keeper,123,collect_rollout,1971,0,20,0.0,False,False,0.0,0.0,0,0,0,0.0,0.0,0.0,0.0,0.0,1,0.0
,academy_3_vs_1_with_keeper,123,collect_rollout,1972,0,17,0.0,False,False,0.0,0.0,0,0,0,0.0,0.0,0.0,0.0,0.0,1,0.0
,academy_3_vs_1_with_keeper,123,collect_rollout,1973,0,20,0.0,False,False,0.0,0.0,0,0,0,0.0,0.0,0.0,0.0,0.0,1,0.0
,academy_3_vs_1_with_keeper,123,collect_rollout,1974,0,49,0.015098486910574138,False,False,0.0,0.0,0,0,0,0.0,0.0,0.0,0.0,0.015098486910574138,1,0.015098486910574138
,academy_3_vs_1_with_keeper,123,collect_rollout,1975,0,16,0.0,False,False,0.0,0.0,0,0,0,0.0,0.0,0.0,0.0,0.0,1,0.0
,academy_3_vs_1_with_keeper,123,collect_rollout,1976,0,23,-0.006666666362434626,False,False,0.0,0.0,0,0,0,0.0,0.0,0.0,0.0,-0.006666666362434626,1,-0.006666666362434626
,academy_3_vs_1_with_keeper,123,collect_rollout,1977,0,23,0.0,False,False,0.0,0.0,0,0,0,0.0,0.0,0.0,0.0,0.0,1,0.0
,academy_3_vs_1_with_keeper,123,collect_rollout,1978,0,18,0.0,False,False,0.0,0.0,0,0,0,0.0,0.0,0.0,0.0,0.0,1,0.0
,academy_3_vs_1_with_keeper,123,collect_rollout,1979,0,20,0.0,False,False,0.0,0.0,0,0,0,0.0,0.0,0.0,0.0,0.0,1,0.0
,academy_3_vs_1_with_keeper,123,collect_rollout,1980,0,16,0.0,False,False,0.0,0.0,0,0,0,0.0,0.0,0.0,0.0,0.0,1,0.0
,academy_3_vs_1_with_keeper,123,collect_rollout,1981,0,19,-0.003333333181217313,False,False,0.0,0.0,0,0,0,0.0,0.0,0.0,0.0,-0.003333333181217313,1,-0.003333333181217313
,academy_3_vs_1_with_keeper,123,collect_rollout,1982,0,19,0.0,False,False,0.0,0.0,0,0,0,0.0,0.0,0.0,0.0,0.0,1,0.0
,academy_3_vs_1_with_keeper,123,collect_rollout,1983,0,221,-0.6886705122888088,False,False,0.0,0.0,0,0,0,0.0,0.0,0.0,0.0,-0.6886705122888088,1,-0.6886705122888088
,academy_3_vs_1_with_keeper,123,collect_rollout,1984,0,22,-0.003333333181217313,False,False,0.0,0.0,0,0,0,0.0,0.0,0.0,0.0,-0.003333333181217313,1,-0.003333333181217313
,academy_3_vs_1_with_keeper,123,collect_rollout,1985,0,67,-0.2967237795237452,False,False,0.0,0.0,0,0,0,0.0,0.0,0.0,0.0,-0.2967237795237452,1,-0.2967237795237452
,academy_3_vs_1_with_keeper,123,collect_rollout,1986,0,20,-0.003333333181217313,False,False,0.0,0.0,0,0,0,0.0,0.0,0.0,0.0,-0.003333333181217313,1,-0.003333333181217313
,academy_3_vs_1_with_keeper,123,collect_rollout,1987,0,17,0.0,False,False,0.0,0.0,0,0,0,0.0,0.0,0.0,0.0,0.0,1,0.0
,academy_3_vs_1_with_keeper,123,collect_rollout,1988,0,17,-0.003333333181217313,False,False,0.0,0.0,0,0,0,0.0,0.0,0.0,0.0,-0.003333333181217313,1,-0.003333333181217313
,academy_3_vs_1_with_keeper,123,collect_rollout,1989,0,17,-0.003333333181217313,False,False,0.0,0.0,0,0,0,0.0,0.0,0.0,0.0,-0.003333333181217313,1,-0.003333333181217313
,academy_3_vs_1_with_keeper,123,collect_rollout,1990,0,22,0.0,False,False,0.0,0.0,0,0,0,0.0,0.0,0.0,0.0,0.0,1,0.0
,academy_3_vs_1_with_keeper,123,collect_rollout,1991,0,16,-0.003333333181217313,False,False,0.0,0.0,0,0,0,0.0,0.0,0.0,0.0,-0.003333333181217313,1,-0.003333333181217313
,academy_3_vs_1_with_keeper,123,collect_rollout,1992,0,20,0.0,False,False,0.0,0.0,0,0,0,0.0,0.0,0.0,0.0,0.0,1,0.0
,academy_3_vs_1_with_keeper,123,collect_rollout,1993,0,22,-0.006666666362434626,False,False,0.0,0.0,0,0,0,0.0,0.0,0.0,0.0,-0.006666666362434626,1,-0.006666666362434626
,academy_3_vs_1_with_keeper,123,collect_rollout,1994,0,17,0.0,False,False,0.0,0.0,0,0,0,0.0,0.0,0.0,0.0,0.0,1,0.0
,academy_3_vs_1_with_keeper,123,collect_rollout,1995,0,16,-0.003333333181217313,False,False,0.0,0.0,0,0,0,0.0,0.0,0.0,0.0,-0.003333333181217313,1,-0.003333333181217313
,academy_3_vs_1_with_keeper,123,collect_rollout,1996,0,19,0.0,False,False,0.0,0.0,0,0,0,0.0,0.0,0.0,0.0,0.0,1,0.0
,academy_3_vs_1_with_keeper,123,collect_rollout,1997,0,18,0.0,False,False,0.0,0.0,0,0,0,0.0,0.0,0.0,0.0,0.0,1,0.0
,academy_3_vs_1_with_keeper,123,collect_rollout,1998,0,19,0.0,False,False,0.0,0.0,0,0,0,0.0,0.0,0.0,0.0,0.0,1,0.0
,academy_3_vs_1_with_keeper,123,collect_rollout,1999,0,24,-0.0933333293069154,False,False,0.0,0.0,0,0,0,0.0,0.0,0.0,0.0,-0.0933333293069154,1,-0.0933333293069154
,academy_3_vs_1_with_keeper,123,collect_rollout,2000,0,20,0.0,False,False,0.0,0.0,0,0,0,0.0,0.0,0.0,0.0,0.0,1,0.0
,academy_3_vs_1_with_keeper,123,collect_rollout,2001,0,19,0.0,False,False,0.0,0.0,0,0,0,0.0,0.0,0.0,0.0,0.0,1,0.0
,academy_3_vs_1_with_keeper,123,collect_rollout,2002,0,21,0.0,False,False,0.0,0.0,0,0,0,0.0,0.0,0.0,0.0,0.0,1,0.0
,academy_3_vs_1_with_keeper,123,collect_rollout,2003,0,20,-0.009999999543651938,False,False,0.0,0.0,0,0,0,0.0,0.0,0.0,0.0,-0.009999999543651938,1,-0.009999999543651938
,academy_3_vs_1_with_keeper,123,collect_rollout,2004,0,72,-0.27307196939364076,False,False,0.0,0.0,0,0,0,0.0,0.0,0.0,0.0,-0.27307196939364076,1,-0.27307196939364076
,academy_3_vs_1_with_keeper,123,collect_rollout,2005,0,18,-0.003333333181217313,False,False,0.0,0.0,0,0,0,0.0,0.0,0.0,0.0,-0.003333333181217313,1,-0.003333333181217313
,academy_3_vs_1_with_keeper,123,collect_rollout,2006,0,15,-0.003333333181217313,False,False,0.0,0.0,0,0,0,0.0,0.0,0.0,0.0,-0.003333333181217313,1,-0.003333333181217313
,academy_3_vs_1_with_keeper,123,collect_rollout,2007,0,21,0.0,False,False,0.0,0.0,0,0,0,0.0,0.0,0.0,0.0,0.0,1,0.0
,academy_3_vs_1_with_keeper,123,collect_rollout,2008,0,21,-0.003333333181217313,False,False,0.0,0.0,0,0,0,0.0,0.0,0.0,0.0,-0.003333333181217313,1,-0.003333333181217313
,academy_3_vs_1_with_keeper,123,collect_rollout,2009,0,16,0.0,False,False,0.0,0.0,0,0,0,0.0,0.0,0.0,0.0,0.0,1,0.0
,academy_3_vs_1_with_keeper,123,collect_rollout,2010,0,19,-0.003333333181217313,False,False,0.0,0.0,0,0,0,0.0,0.0,0.0,0.0,-0.003333333181217313,1,-0.003333333181217313
,academy_3_vs_1_with_keeper,123,collect_rollout,2011,0,20,0.0,False,False,0.0,0.0,0,0,0,0.0,0.0,0.0,0.0,0.0,1,0.0
,academy_3_vs_1_with_keeper,123,collect_rollout,2012,0,18,0.0,False,False,0.0,0.0,0,0,0,0.0,0.0,0.0,0.0,0.0,1,0.0
,academy_3_vs_1_with_keeper,123,collect_rollout,2013,0,20,0.0,False,False,0.0,0.0,0,0,0,0.0,0.0,0.0,0.0,0.0,1,0.0
,academy_3_vs_1_with_keeper,123,collect_rollout,2014,0,22,0.0,False,False,0.0,0.0,0,0,0,0.0,0.0,0.0,0.0,0.0,1,0.0
,academy_3_vs_1_with_keeper,123,collect_rollout,2015,0,18,0.0,False,False,0.0,0.0,0,0,0,0.0,0.0,0.0,0.0,0.0,1,0.0
,academy_3_vs_1_with_keeper,123,collect_rollout,2016,0,1672,-1.2056562047218904,False,False,0.0,0.0,0,0,0,0.0,0.0,0.0,0.0,-1.2056562047218904,1,-1.2056562047218904
,academy_3_vs_1_with_keeper,123,collect_rollout,2017,0,19,0.0,False,False,0.0,0.0,0,0,0,0.0,0.0,0.0,0.0,0.0,1,0.0
,academy_3_vs_1_with_keeper,123,collect_rollout,2018,0,18,0.0,False,False,0.0,0.0,0,0,0,0.0,0.0,0.0,0.0,0.0,1,0.0
,academy_3_vs_1_with_keeper,123,collect_rollout,2019,0,47,-0.09228882158640772,False,False,0.0,0.0,0,0,0,0.0,0.0,0.0,0.0,-0.09228882158640772,1,-0.09228882158640772
,academy_3_vs_1_with_keeper,123,collect_rollout,2020,0,19,-0.003333333181217313,False,False,0.0,0.0,0,0,0,0.0,0.0,0.0,0.0,-0.003333333181217313,1,-0.003333333181217313
,academy_3_vs_1_with_keeper,123,collect_rollout,2021,0,38,0.029066914226859808,False,False,0.0,0.0,0,0,0,0.0,0.0,0.0,0.0,0.029066914226859808,1,0.029066914226859808
,academy_3_vs_1_with_keeper,123,collect_rollout,2022,0,18,-0.003333333181217313,False,False,0.0,0.0,0,0,0,0.0,0.0,0.0,0.0,-0.003333333181217313,1,-0.003333333181217313
,academy_3_vs_1_with_keeper,123,collect_rollout,2023,0,22,0.0,False,False,0.0,0.0,0,0,0,0.0,0.0,0.0,0.0,0.0,1,0.0
,academy_3_vs_1_with_keeper,123,collect_rollout,2024,0,71,-0.20085551380179822,False,False,0.0,0.0,0,0,0,0.0,0.0,0.0,0.0,-0.20085551380179822,1,-0.20085551380179822
,academy_3_vs_1_with_keeper,123,collect_rollout,2025,0,17,0.0,False,False,0.0,0.0,0,0,0,0.0,0.0,0.0,0.0,0.0,1,0.0
,academy_3_vs_1_with_keeper,123,collect_rollout,2026,0,21,0.0,False,False,0.0,0.0,0,0,0,0.0,0.0,0.0,0.0,0.0,1,0.0
,academy_3_vs_1_with_keeper,123,collect_rollout,2027,0,23,0.0,False,False,0.0,0.0,0,0,0,0.0,0.0,0.0,0.0,0.0,1,0.0
,academy_3_vs_1_with_keeper,123,collect_rollout,2028,0,13,-0.003333333181217313,False,False,0.0,0.0,0,0,0,0.0,0.0,0.0,0.0,-0.003333333181217313,1,-0.003333333181217313
,academy_3_vs_1_with_keeper,123,collect_rollout,2029,0,15,0.0,False,False,0.0,0.0,0,0,0,0.0,0.0,0.0,0.0,0.0,1,0.0
,academy_3_vs_1_with_keeper,123,collect_rollout,2030,0,15,-0.006666666362434626,False,False,0.0,0.0,0,0,0,0.0,0.0,0.0,0.0,-0.006666666362434626,1,-0.006666666362434626
,academy_3_vs_1_with_keeper,123,collect_rollout,2031,0,15,0.0,False,False,0.0,0.0,0,0,0,0.0,0.0,0.0,0.0,0.0,1,0.0
,academy_3_vs_1_with_keeper,123,collect_rollout,2032,0,18,0.0,False,False,0.0,0.0,0,0,0,0.0,0.0,0.0,0.0,0.0,1,0.0
,academy_3_vs_1_with_keeper,123,collect_rollout,2033,0,21,-0.003333333181217313,False,False,0.0,0.0,0,0,0,0.0,0.0,0.0,0.0,-0.003333333181217313,1,-0.003333333181217313
,academy_3_vs_1_with_keeper,123,collect_rollout,2034,0,18,0.0,False,False,0.0,0.0,0,0,0,0.0,0.0,0.0,0.0,0.0,1,0.0
,academy_3_vs_1_with_keeper,123,collect_rollout,2035,0,23,0.0,False,False,0.0,0.0,0,0,0,0.0,0.0,0.0,0.0,0.0,1,0.0
,academy_3_vs_1_with_keeper,123,collect_rollout,2036,0,16,0.0,False,False,0.0,0.0,0,0,0,0.0,0.0,0.0,0.0,0.0,1,0.0
,academy_3_vs_1_with_keeper,123,collect_rollout,2037,0,18,0.0,False,False,0.0,0.0,0,0,0,0.0,0.0,0.0,0.0,0.0,1,0.0
,academy_3_vs_1_with_keeper,123,collect_rollout,2038,0,18,-0.003333333181217313,False,False,0.0,0.0,0,0,0,0.0,0.0,0.0,0.0,-0.003333333181217313,1,-0.003333333181217313
,academy_3_vs_1_with_keeper,123,collect_rollout,2039,0,18,0.0,False,False,0.0,0.0,0,0,0,0.0,0.0,0.0,0.0,0.0,1,0.0
,academy_3_vs_1_with_keeper,123,collect_rollout,2040,0,20,0.0,False,False,0.0,0.0,0,0,0,0.0,0.0,0.0,0.0,0.0,1,0.0
,academy_3_vs_1_with_keeper,123,collect_rollout,2041,0,19,0.0,False,False,0.0,0.0,0,0,0,0.0,0.0,0.0,0.0,0.0,1,0.0
,academy_3_vs_1_with_keeper,123,collect_rollout,2042,0,23,-0.006666666362434626,False,False,0.0,0.0,0,0,0,0.0,0.0,0.0,0.0,-0.006666666362434626,1,-0.006666666362434626
,academy_3_vs_1_with_keeper,123,collect_rollout,2043,0,19,0.0,False,False,0.0,0.0,0,0,0,0.0,0.0,0.0,0.0,0.0,1,0.0
,academy_3_vs_1_with_keeper,123,collect_rollout,2044,0,16,0.0,False,False,0.0,0.0,0,0,0,0.0,0.0,0.0,0.0,0.0,1,0.0
,academy_3_vs_1_with_keeper,123,collect_rollout,2045,0,22,-0.003333333181217313,False,False,0.0,0.0,0,0,0,0.0,0.0,0.0,0.0,-0.003333333181217313,1,-0.003333333181217313
,academy_3_vs_1_with_keeper,123,collect_rollout,2046,0,16,0.0,False,False,0.0,0.0,0,0,0,0.0,0.0,0.0,0.0,0.0,1,0.0
,academy_3_vs_1_with_keeper,123,collect_rollout,2047,0,62,-0.2061725053936243,False,False,0.0,0.0,0,0,0,0.0,0.0,0.0,0.0,-0.2061725053936243,1,-0.2061725053936243
,academy_3_vs_1_with_keeper,123,collect_rollout,2048,0,16,0.0,False,False,0.0,0.0,0,0,0,0.0,0.0,0.0,0.0,0.0,1,0.0
,academy_3_vs_1_with_keeper,123,collect_rollout,2049,0,18,0.0,False,False,0.0,0.0,0,0,0,0.0,0.0,0.0,0.0,0.0,1,0.0
,academy_3_vs_1_with_keeper,123,collect_rollout,2050,0,16,0.0,False,False,0.0,0.0,0,0,0,0.0,0.0,0.0,0.0,0.0,1,0.0
,academy_3_vs_1_with_keeper,123,collect_rollout,2051,0,23,-0.003333333181217313,False,False,0.0,0.0,0,0,0,0.0,0.0,0.0,0.0,-0.003333333181217313,1,-0.003333333181217313
,academy_3_vs_1_with_keeper,123,collect_rollout,2052,0,18,0.0,False,False,0.0,0.0,0,0,0,0.0,0.0,0.0,0.0,0.0,1,0.0
,academy_3_vs_1_with_keeper,123,collect_rollout,2053,0,18,-0.003333333181217313,False,False,0.0,0.0,0,0,0,0.0,0.0,0.0,0.0,-0.003333333181217313,1,-0.003333333181217313
,academy_3_vs_1_with_keeper,123,collect_rollout,2054,0,21,-0.003333333181217313,False,False,0.0,0.0,0,0,0,0.0,0.0,0.0,0.0,-0.003333333181217313,1,-0.003333333181217313
,academy_3_vs_1_with_keeper,123,collect_rollout,2055,0,21,-0.003333333181217313,False,False,0.0,0.0,0,0,0,0.0,0.0,0.0,0.0,-0.003333333181217313,1,-0.003333333181217313
,academy_3_vs_1_with_keeper,123,collect_rollout,2056,0,22,0.0,False,False,0.0,0.0,0,0,0,0.0,0.0,0.0,0.0,0.0,1,0.0
,academy_3_vs_1_with_keeper,123,collect_rollout,2057,0,18,0.0,False,False,0.0,0.0,0,0,0,0.0,0.0,0.0,0.0,0.0,1,0.0
,academy_3_vs_1_with_keeper,123,collect_rollout,2058,0,21,0.0,False,False,0.0,0.0,0,0,0,0.0,0.0,0.0,0.0,0.0,1,0.0
,academy_3_vs_1_with_keeper,123,collect_rollout,2059,0,21,0.0,False,False,0.0,0.0,0,0,0,0.0,0.0,0.0,0.0,0.0,1,0.0
,academy_3_vs_1_with_keeper,123,collect_rollout,2060,0,17,-0.006666666362434626,False,False,0.0,0.0,0,0,0,0.0,0.0,0.0,0.0,-0.006666666362434626,1,-0.006666666362434626
,academy_3_vs_1_with_keeper,123,collect_rollout,2061,0,116,-0.24875687326857587,False,False,0.0,0.0,0,0,0,0.0,0.0,0.0,0.0,-0.24875687326857587,1,-0.24875687326857587
,academy_3_vs_1_with_keeper,123,collect_rollout,2062,0,16,-0.003333333181217313,False,False,0.0,0.0,0,0,0,0.0,0.0,0.0,0.0,-0.003333333181217313,1,-0.003333333181217313
,academy_3_vs_1_with_keeper,123,collect_rollout,2063,0,20,-0.003333333181217313,False,False,0.0,0.0,0,0,0,0.0,0.0,0.0,0.0,-0.003333333181217313,1,-0.003333333181217313
,academy_3_vs_1_with_keeper,123,collect_rollout,2064,0,18,0.0,False,False,0.0,0.0,0,0,0,0.0,0.0,0.0,0.0,0.0,1,0.0
,academy_3_vs_1_with_keeper,123,collect_rollout,2065,0,17,0.0,False,False,0.0,0.0,0,0,0,0.0,0.0,0.0,0.0,0.0,1,0.0
,academy_3_vs_1_with_keeper,123,collect_rollout,2066,0,18,-0.003333333181217313,False,False,0.0,0.0,0,0,0,0.0,0.0,0.0,0.0,-0.003333333181217313,1,-0.003333333181217313
,academy_3_vs_1_with_keeper,123,collect_rollout,2067,0,22,0.0,False,False,0.0,0.0,0,0,0,0.0,0.0,0.0,0.0,0.0,1,0.0
,academy_3_vs_1_with_keeper,123,collect_rollout,2068,0,17,-0.009999999543651938,False,False,0.0,0.0,0,0,0,0.0,0.0,0.0,0.0,-0.009999999543651938,1,-0.009999999543651938
,academy_3_vs_1_with_keeper,123,collect_rollout,2069,0,63,-0.14283428410999477,False,False,0.0,0.0,0,0,0,0.0,0.0,0.0,0.0,-0.14283428410999477,1,-0.14283428410999477
,academy_3_vs_1_with_keeper,123,collect_rollout,2070,0,21,0.0,False,False,0.0,0.0,0,0,0,0.0,0.0,0.0,0.0,0.0,1,0.0
,academy_3_vs_1_with_keeper,123,collect_rollout,2071,0,15,0.0,False,False,0.0,0.0,0,0,0,0.0,0.0,0.0,0.0,0.0,1,0.0
,academy_3_vs_1_with_keeper,123,collect_rollout,2072,0,19,0.0,False,False,0.0,0.0,0,0,0,0.0,0.0,0.0,0.0,0.0,1,0.0
,academy_3_vs_1_with_keeper,123,collect_rollout,2073,0,19,0.0,False,False,0.0,0.0,0,0,0,0.0,0.0,0.0,0.0,0.0,1,0.0
,academy_3_vs_1_with_keeper,123,collect_rollout,2074,0,14,0.0,False,False,0.0,0.0,0,0,0,0.0,0.0,0.0,0.0,0.0,1,0.0
,academy_3_vs_1_with_keeper,123,collect_rollout,2075,0,24,0.0,False,False,0.0,0.0,0,0,0,0.0,0.0,0.0,0.0,0.0,1,0.0
,academy_3_vs_1_with_keeper,123,collect_rollout,2076,0,22,-0.003333333181217313,False,False,0.0,0.0,0,0,0,0.0,0.0,0.0,0.0,-0.003333333181217313,1,-0.003333333181217313
,academy_3_vs_1_with_keeper,123,collect_rollout,2077,0,20,0.0,False,False,0.0,0.0,0,0,0,0.0,0.0,0.0,0.0,0.0,1,0.0
,academy_3_vs_1_with_keeper,123,collect_rollout,2078,0,21,0.0,False,False,0.0,0.0,0,0,0,0.0,0.0,0.0,0.0,0.0,1,0.0
,academy_3_vs_1_with_keeper,123,collect_rollout,2079,0,21,-0.006666666362434626,False,False,0.0,0.0,0,0,0,0.0,0.0,0.0,0.0,-0.006666666362434626,1,-0.006666666362434626
,academy_3_vs_1_with_keeper,123,collect_rollout,2080,0,20,0.0,False,False,0.0,0.0,0,0,0,0.0,0.0,0.0,0.0,0.0,1,0.0
,academy_3_vs_1_with_keeper,123,collect_rollout,2081,0,17,0.0,False,False,0.0,0.0,0,0,0,0.0,0.0,0.0,0.0,0.0,1,0.0
,academy_3_vs_1_with_keeper,123,collect_rollout,2082,0,24,0.0,False,False,0.0,0.0,0,0,0,0.0,0.0,0.0,0.0,0.0,1,0.0
,academy_3_vs_1_with_keeper,123,collect_rollout,2083,0,20,0.0,False,False,0.0,0.0,0,0,0,0.0,0.0,0.0,0.0,0.0,1,0.0
,academy_3_vs_1_with_keeper,123,collect_rollout,2084,0,20,0.0,False,False,0.0,0.0,0,0,0,0.0,0.0,0.0,0.0,0.0,1,0.0
,academy_3_vs_1_with_keeper,123,collect_rollout,2085,0,19,0.0,False,False,0.0,0.0,0,0,0,0.0,0.0,0.0,0.0,0.0,1,0.0
,academy_3_vs_1_with_keeper,123,collect_rollout,2086,0,14,0.0,False,False,0.0,0.0,0,0,0,0.0,0.0,0.0,0.0,0.0,1,0.0
,academy_3_vs_1_with_keeper,123,collect_rollout,2087,0,17,-0.003333333181217313,False,False,0.0,0.0,0,0,0,0.0,0.0,0.0,0.0,-0.003333333181217313,1,-0.003333333181217313
,academy_3_vs_1_with_keeper,123,collect_rollout,2088,0,19,0.0,False,False,0.0,0.0,0,0,0,0.0,0.0,0.0,0.0,0.0,1,0.0
,academy_3_vs_1_with_keeper,123,collect_rollout,2089,0,15,-0.003333333181217313,False,False,0.0,0.0,0,0,0,0.0,0.0,0.0,0.0,-0.003333333181217313,1,-0.003333333181217313
,academy_3_vs_1_with_keeper,123,collect_rollout,2090,0,85,-0.007040161290206015,False,False,0.0,0.0,0,0,0,0.0,0.0,0.0,0.0,-0.007040161290206015,1,-0.007040161290206015
,academy_3_vs_1_with_keeper,123,collect_rollout,2091,0,21,0.0,False,False,0.0,0.0,0,0,0,0.0,0.0,0.0,0.0,0.0,1,0.0
,academy_3_vs_1_with_keeper,123,collect_rollout,2092,0,18,-0.003333333181217313,False,False,0.0,0.0,0,0,0,0.0,0.0,0.0,0.0,-0.003333333181217313,1,-0.003333333181217313
,academy_3_vs_1_with_keeper,123,collect_rollout,2093,0,21,0.0,False,False,0.0,0.0,0,0,0,0.0,0.0,0.0,0.0,0.0,1,0.0
,academy_3_vs_1_with_keeper,123,collect_rollout,2094,0,116,-0.6207368316827342,False,False,0.0,0.0,0,0,0,0.0,0.0,0.0,0.0,-0.6207368316827342,1,-0.6207368316827342
,academy_3_vs_1_with_keeper,123,collect_rollout,2095,0,15,0.0,False,False,0.0,0.0,0,0,0,0.0,0.0,0.0,0.0,0.0,1,0.0
,academy_3_vs_1_with_keeper,123,collect_rollout,2096,0,16,0.0,False,False,0.0,0.0,0,0,0,0.0,0.0,0.0,0.0,0.0,1,0.0
,academy_3_vs_1_with_keeper,123,collect_rollout,2097,0,20,0.0,False,False,0.0,0.0,0,0,0,0.0,0.0,0.0,0.0,0.0,1,0.0
,academy_3_vs_1_with_keeper,123,collect_rollout,2098,0,20,0.0,False,False,0.0,0.0,0,0,0,0.0,0.0,0.0,0.0,0.0,1,0.0
,academy_3_vs_1_with_keeper,123,collect_rollout,2099,0,18,0.0,False,False,0.0,0.0,0,0,0,0.0,0.0,0.0,0.0,0.0,1,0.0
,academy_3_vs_1_with_keeper,123,collect_rollout,2100,0,88,-0.11973682604730129,False,False,0.0,0.0,0,0,0,0.0,0.0,0.0,0.0,-0.11973682604730129,1,-0.11973682604730129
,academy_3_vs_1_with_keeper,123,collect_rollout,2101,0,19,-0.006666666362434626,False,False,0.0,0.0,0,0,0,0.0,0.0,0.0,0.0,-0.006666666362434626,1,-0.006666666362434626
,academy_3_vs_1_with_keeper,123,collect_rollout,2102,0,21,0.0,False,False,0.0,0.0,0,0,0,0.0,0.0,0.0,0.0,0.0,1,0.0
,academy_3_vs_1_with_keeper,123,collect_rollout,2103,0,15,0.0,False,False,0.0,0.0,0,0,0,0.0,0.0,0.0,0.0,0.0,1,0.0
,academy_3_vs_1_with_keeper,123,collect_rollout,2104,0,22,0.0,False,False,0.0,0.0,0,0,0,0.0,0.0,0.0,0.0,0.0,1,0.0
,academy_3_vs_1_with_keeper,123,collect_rollout,2105,0,20,-0.009999999543651938,False,False,0.0,0.0,0,0,0,0.0,0.0,0.0,0.0,-0.009999999543651938,1,-0.009999999543651938
,academy_3_vs_1_with_keeper,123,collect_rollout,2106,0,16,-0.003333333181217313,False,False,0.0,0.0,0,0,0,0.0,0.0,0.0,0.0,-0.003333333181217313,1,-0.003333333181217313
,academy_3_vs_1_with_keeper,123,collect_rollout,2107,0,21,0.0,False,False,0.0,0.0,0,0,0,0.0,0.0,0.0,0.0,0.0,1,0.0
,academy_3_vs_1_with_keeper,123,collect_rollout,2108,0,22,-0.006666666362434626,False,False,0.0,0.0,0,0,0,0.0,0.0,0.0,0.0,-0.006666666362434626,1,-0.006666666362434626
,academy_3_vs_1_with_keeper,123,collect_rollout,2109,0,193,-0.6464355184143642,False,False,0.0,0.0,0,0,0,0.0,0.0,0.0,0.0,-0.6464355184143642,1,-0.6464355184143642
,academy_3_vs_1_with_keeper,123,collect_rollout,2110,0,20,-0.003333333181217313,False,False,0.0,0.0,0,0,0,0.0,0.0,0.0,0.0,-0.003333333181217313,1,-0.003333333181217313
,academy_3_vs_1_with_keeper,123,collect_rollout,2111,0,18,0.0,False,False,0.0,0.0,0,0,0,0.0,0.0,0.0,0.0,0.0,1,0.0
,academy_3_vs_1_with_keeper,123,collect_rollout,2112,0,17,0.0,False,False,0.0,0.0,0,0,0,0.0,0.0,0.0,0.0,0.0,1,0.0
,academy_3_vs_1_with_keeper,123,collect_rollout,2113,0,21,0.0,False,False,0.0,0.0,0,0,0,0.0,0.0,0.0,0.0,0.0,1,0.0
,academy_3_vs_1_with_keeper,123,collect_rollout,2114,0,21,0.0,False,False,0.0,0.0,0,0,0,0.0,0.0,0.0,0.0,0.0,1,0.0
,academy_3_vs_1_with_keeper,123,collect_rollout,2115,0,20,0.0,False,False,0.0,0.0,0,0,0,0.0,0.0,0.0,0.0,0.0,1,0.0
,academy_3_vs_1_with_keeper,123,collect_rollout,2116,0,17,0.0,False,False,0.0,0.0,0,0,0,0.0,0.0,0.0,0.0,0.0,1,0.0
,academy_3_vs_1_with_keeper,123,collect_rollout,2117,0,18,0.0,False,False,0.0,0.0,0,0,0,0.0,0.0,0.0,0.0,0.0,1,0.0
,academy_3_vs_1_with_keeper,123,collect_rollout,2118,0,100,-0.10990001272875816,False,False,0.0,0.0,0,0,0,0.0,0.0,0.0,0.0,-0.10990001272875816,1,-0.10990001272875816
,academy_3_vs_1_with_keeper,123,collect_rollout,2119,0,21,-0.003333333181217313,False,False,0.0,0.0,0,0,0,0.0,0.0,0.0,0.0,-0.003333333181217313,1,-0.003333333181217313
,academy_3_vs_1_with_keeper,123,collect_rollout,2120,0,17,0.0,False,False,0.0,0.0,0,0,0,0.0,0.0,0.0,0.0,0.0,1,0.0
,academy_3_vs_1_with_keeper,123,collect_rollout,2121,0,20,-0.003333333181217313,False,False,0.0,0.0,0,0,0,0.0,0.0,0.0,0.0,-0.003333333181217313,1,-0.003333333181217313
,academy_3_vs_1_with_keeper,123,collect_rollout,2122,0,17,-0.006666666362434626,False,False,0.0,0.0,0,0,0,0.0,0.0,0.0,0.0,-0.006666666362434626,1,-0.006666666362434626
,academy_3_vs_1_with_keeper,123,collect_rollout,2123,0,19,-0.003333333181217313,False,False,0.0,0.0,0,0,0,0.0,0.0,0.0,0.0,-0.003333333181217313,1,-0.003333333181217313
,academy_3_vs_1_with_keeper,123,collect_rollout,2124,0,18,0.0,False,False,0.0,0.0,0,0,0,0.0,0.0,0.0,0.0,0.0,1,0.0
,academy_3_vs_1_with_keeper,123,collect_rollout,2125,0,18,0.0,False,False,0.0,0.0,0,0,0,0.0,0.0,0.0,0.0,0.0,1,0.0
,academy_3_vs_1_with_keeper,123,collect_rollout,2126,0,17,0.0,False,False,0.0,0.0,0,0,0,0.0,0.0,0.0,0.0,0.0,1,0.0
,academy_3_vs_1_with_keeper,123,collect_rollout,2127,0,16,0.0,False,False,0.0,0.0,0,0,0,0.0,0.0,0.0,0.0,0.0,1,0.0
,academy_3_vs_1_with_keeper,123,collect_rollout,2128,0,18,0.0,False,False,0.0,0.0,0,0,0,0.0,0.0,0.0,0.0,0.0,1,0.0
,academy_3_vs_1_with_keeper,123,collect_rollout,2129,0,22,0.0,False,False,0.0,0.0,0,0,0,0.0,0.0,0.0,0.0,0.0,1,0.0
,academy_3_vs_1_with_keeper,123,collect_rollout,2130,0,20,0.0,False,False,0.0,0.0,0,0,0,0.0,0.0,0.0,0.0,0.0,1,0.0
,academy_3_vs_1_with_keeper,123,collect_rollout,2131,0,15,0.0,False,False,0.0,0.0,0,0,0,0.0,0.0,0.0,0.0,0.0,1,0.0
,academy_3_vs_1_with_keeper,123,collect_rollout,2132,0,18,0.0,False,False,0.0,0.0,0,0,0,0.0,0.0,0.0,0.0,0.0,1,0.0
,academy_3_vs_1_with_keeper,123,collect_rollout,2133,0,120,-0.3654503438156098,False,False,0.0,0.0,0,0,0,0.0,0.0,0.0,0.0,-0.3654503438156098,1,-0.3654503438156098
,academy_3_vs_1_with_keeper,123,collect_rollout,2134,0,1801,-0.47295746952295303,False,False,0.0,0.0,0,0,0,0.0,0.0,0.0,0.0,-0.47295746952295303,1,-0.47295746952295303
,academy_3_vs_1_with_keeper,123,collect_rollout,2135,0,16,0.0,False,False,0.0,0.0,0,0,0,0.0,0.0,0.0,0.0,0.0,1,0.0
,academy_3_vs_1_with_keeper,123,collect_rollout,2136,0,15,0.0,False,False,0.0,0.0,0,0,0,0.0,0.0,0.0,0.0,0.0,1,0.0
,academy_3_vs_1_with_keeper,123,collect_rollout,2137,0,1801,-0.5127762374468148,False,False,0.0,0.0,0,0,0,0.0,0.0,0.0,0.0,-0.5127762374468148,1,-0.5127762374468148
,academy_3_vs_1_with_keeper,123,collect_rollout,2138,0,23,0.0,False,False,0.0,0.0,0,0,0,0.0,0.0,0.0,0.0,0.0,1,0.0
,academy_3_vs_1_with_keeper,123,collect_rollout,2139,0,113,-0.2575445636175573,False,False,0.0,0.0,0,0,0,0.0,0.0,0.0,0.0,-0.2575445636175573,1,-0.2575445636175573
,academy_3_vs_1_with_keeper,123,collect_rollout,2140,0,20,0.0,False,False,0.0,0.0,0,0,0,0.0,0.0,0.0,0.0,0.0,1,0.0
,academy_3_vs_1_with_keeper,123,collect_rollout,2141,0,22,0.0,False,False,0.0,0.0,0,0,0,0.0,0.0,0.0,0.0,0.0,1,0.0
,academy_3_vs_1_with_keeper,123,collect_rollout,2142,0,23,-0.003333333181217313,False,False,0.0,0.0,0,0,0,0.0,0.0,0.0,0.0,-0.003333333181217313,1,-0.003333333181217313
,academy_3_vs_1_with_keeper,123,collect_rollout,2143,0,15,-0.003333333181217313,False,False,0.0,0.0,0,0,0,0.0,0.0,0.0,0.0,-0.003333333181217313,1,-0.003333333181217313
,academy_3_vs_1_with_keeper,123,collect_rollout,2144,0,12,-0.02049775526393205,False,False,0.0,0.0,0,0,0,0.0,0.0,0.0,0.0,-0.02049775526393205,1,-0.02049775526393205
,academy_3_vs_1_with_keeper,123,collect_rollout,2145,0,22,0.0,False,False,0.0,0.0,0,0,0,0.0,0.0,0.0,0.0,0.0,1,0.0
,academy_3_vs_1_with_keeper,123,collect_rollout,2146,0,21,-0.003333333181217313,False,False,0.0,0.0,0,0,0,0.0,0.0,0.0,0.0,-0.003333333181217313,1,-0.003333333181217313
,academy_3_vs_1_with_keeper,123,collect_rollout,2147,0,17,0.0,False,False,0.0,0.0,0,0,0,0.0,0.0,0.0,0.0,0.0,1,0.0
,academy_3_vs_1_with_keeper,123,collect_rollout,2148,0,17,-0.003333333181217313,False,False,0.0,0.0,0,0,0,0.0,0.0,0.0,0.0,-0.003333333181217313,1,-0.003333333181217313
,academy_3_vs_1_with_keeper,123,collect_rollout,2149,0,18,0.0,False,False,0.0,0.0,0,0,0,0.0,0.0,0.0,0.0,0.0,1,0.0
,academy_3_vs_1_with_keeper,123,collect_rollout,2150,0,16,0.0,False,False,0.0,0.0,0,0,0,0.0,0.0,0.0,0.0,0.0,1,0.0
,academy_3_vs_1_with_keeper,123,collect_rollout,2151,0,24,-0.003333333181217313,False,False,0.0,0.0,0,0,0,0.0,0.0,0.0,0.0,-0.003333333181217313,1,-0.003333333181217313
,academy_3_vs_1_with_keeper,123,collect_rollout,2152,0,16,0.0,False,False,0.0,0.0,0,0,0,0.0,0.0,0.0,0.0,0.0,1,0.0
,academy_3_vs_1_with_keeper,123,collect_rollout,2153,0,18,0.0,False,False,0.0,0.0,0,0,0,0.0,0.0,0.0,0.0,0.0,1,0.0
,academy_3_vs_1_with_keeper,123,collect_rollout,2154,0,20,0.0,False,False,0.0,0.0,0,0,0,0.0,0.0,0.0,0.0,0.0,1,0.0
,academy_3_vs_1_with_keeper,123,collect_rollout,2155,0,18,0.0,False,False,0.0,0.0,0,0,0,0.0,0.0,0.0,0.0,0.0,1,0.0
,academy_3_vs_1_with_keeper,123,collect_rollout,2156,0,15,0.0,False,False,0.0,0.0,0,0,0,0.0,0.0,0.0,0.0,0.0,1,0.0
,academy_3_vs_1_with_keeper,123,collect_rollout,2157,0,18,0.0,False,False,0.0,0.0,0,0,0,0.0,0.0,0.0,0.0,0.0,1,0.0
,academy_3_vs_1_with_keeper,123,collect_rollout,2158,0,15,0.0,False,False,0.0,0.0,0,0,0,0.0,0.0,0.0,0.0,0.0,1,0.0
,academy_3_vs_1_with_keeper,123,collect_rollout,2159,0,21,0.0,False,False,0.0,0.0,0,0,0,0.0,0.0,0.0,0.0,0.0,1,0.0
,academy_3_vs_1_with_keeper,123,collect_rollout,2160,0,20,-0.003333333181217313,False,False,0.0,0.0,0,0,0,0.0,0.0,0.0,0.0,-0.003333333181217313,1,-0.003333333181217313
,academy_3_vs_1_with_keeper,123,collect_rollout,2161,0,18,-0.003333333181217313,False,False,0.0,0.0,0,0,0,0.0,0.0,0.0,0.0,-0.003333333181217313,1,-0.003333333181217313
,academy_3_vs_1_with_keeper,123,collect_rollout,2162,0,19,0.0,False,False,0.0,0.0,0,0,0,0.0,0.0,0.0,0.0,0.0,1,0.0
,academy_3_vs_1_with_keeper,123,collect_rollout,2163,0,19,0.0,False,False,0.0,0.0,0,0,0,0.0,0.0,0.0,0.0,0.0,1,0.0
,academy_3_vs_1_with_keeper,123,collect_rollout,2164,0,19,0.0,False,False,0.0,0.0,0,0,0,0.0,0.0,0.0,0.0,0.0,1,0.0
,academy_3_vs_1_with_keeper,123,collect_rollout,2165,0,122,-0.38764522573910654,False,False,0.0,0.0,0,0,0,0.0,0.0,0.0,0.0,-0.38764522573910654,1,-0.38764522573910654
,academy_3_vs_1_with_keeper,123,collect_rollout,2166,0,16,-0.003333333181217313,False,False,0.0,0.0,0,0,0,0.0,0.0,0.0,0.0,-0.003333333181217313,1,-0.003333333181217313
,academy_3_vs_1_with_keeper,123,collect_rollout,2167,0,20,0.0,False,False,0.0,0.0,0,0,0,0.0,0.0,0.0,0.0,0.0,1,0.0
,academy_3_vs_1_with_keeper,123,collect_rollout,2168,0,18,0.0,False,False,0.0,0.0,0,0,0,0.0,0.0,0.0,0.0,0.0,1,0.0
,academy_3_vs_1_with_keeper,123,collect_rollout,2169,0,14,0.0,False,False,0.0,0.0,0,0,0,0.0,0.0,0.0,0.0,0.0,1,0.0
,academy_3_vs_1_with_keeper,123,collect_rollout,2170,0,20,0.0,False,False,0.0,0.0,0,0,0,0.0,0.0,0.0,0.0,0.0,1,0.0
,academy_3_vs_1_with_keeper,123,collect_rollout,2171,0,18,0.0,False,False,0.0,0.0,0,0,0,0.0,0.0,0.0,0.0,0.0,1,0.0
,academy_3_vs_1_with_keeper,123,collect_rollout,2172,0,22,0.0,False,False,0.0,0.0,0,0,0,0.0,0.0,0.0,0.0,0.0,1,0.0
,academy_3_vs_1_with_keeper,123,collect_rollout,2173,0,15,0.0,False,False,0.0,0.0,0,0,0,0.0,0.0,0.0,0.0,0.0,1,0.0
,academy_3_vs_1_with_keeper,123,collect_rollout,2174,0,20,0.0,False,False,0.0,0.0,0,0,0,0.0,0.0,0.0,0.0,0.0,1,0.0
,academy_3_vs_1_with_keeper,123,collect_rollout,2175,0,62,-0.11619106156285852,False,False,0.0,0.0,0,0,0,0.0,0.0,0.0,0.0,-0.11619106156285852,1,-0.11619106156285852
,academy_3_vs_1_with_keeper,123,collect_rollout,2176,0,18,-0.003333333181217313,False,False,0.0,0.0,0,0,0,0.0,0.0,0.0,0.0,-0.003333333181217313,1,-0.003333333181217313
,academy_3_vs_1_with_keeper,123,collect_rollout,2177,0,161,-0.11258486413862556,False,False,0.0,0.0,0,0,0,0.0,0.0,0.0,0.0,-0.11258486413862556,1,-0.11258486413862556
,academy_3_vs_1_with_keeper,123,collect_rollout,2178,0,22,0.0,False,False,0.0,0.0,0,0,0,0.0,0.0,0.0,0.0,0.0,1,0.0
,academy_3_vs_1_with_keeper,123,collect_rollout,2179,0,17,0.0,False,False,0.0,0.0,0,0,0,0.0,0.0,0.0,0.0,0.0,1,0.0
,academy_3_vs_1_with_keeper,123,collect_rollout,2180,0,18,-0.003333333181217313,False,False,0.0,0.0,0,0,0,0.0,0.0,0.0,0.0,-0.003333333181217313,1,-0.003333333181217313
,academy_3_vs_1_with_keeper,123,collect_rollout,2181,0,17,-0.003333333181217313,False,False,0.0,0.0,0,0,0,0.0,0.0,0.0,0.0,-0.003333333181217313,1,-0.003333333181217313
,academy_3_vs_1_with_keeper,123,collect_rollout,2182,0,16,0.0,False,False,0.0,0.0,0,0,0,0.0,0.0,0.0,0.0,0.0,1,0.0
,academy_3_vs_1_with_keeper,123,collect_rollout,2183,0,18,-0.003333333181217313,False,False,0.0,0.0,0,0,0,0.0,0.0,0.0,0.0,-0.003333333181217313,1,-0.003333333181217313
,academy_3_vs_1_with_keeper,123,collect_rollout,2184,0,19,0.0,False,False,0.0,0.0,0,0,0,0.0,0.0,0.0,0.0,0.0,1,0.0
,academy_3_vs_1_with_keeper,123,collect_rollout,2185,0,21,0.0,False,False,0.0,0.0,0,0,0,0.0,0.0,0.0,0.0,0.0,1,0.0
,academy_3_vs_1_with_keeper,123,collect_rollout,2186,0,19,-0.003333333181217313,False,False,0.0,0.0,0,0,0,0.0,0.0,0.0,0.0,-0.003333333181217313,1,-0.003333333181217313
,academy_3_vs_1_with_keeper,123,collect_rollout,2187,0,24,0.0,False,False,0.0,0.0,0,0,0,0.0,0.0,0.0,0.0,0.0,1,0.0
,academy_3_vs_1_with_keeper,123,collect_rollout,2188,0,16,-0.003333333181217313,False,False,0.0,0.0,0,0,0,0.0,0.0,0.0,0.0,-0.003333333181217313,1,-0.003333333181217313
,academy_3_vs_1_with_keeper,123,collect_rollout,2189,0,22,0.0,False,False,0.0,0.0,0,0,0,0.0,0.0,0.0,0.0,0.0,1,0.0
,academy_3_vs_1_with_keeper,123,collect_rollout,2190,0,20,0.0,False,False,0.0,0.0,0,0,0,0.0,0.0,0.0,0.0,0.0,1,0.0
,academy_3_vs_1_with_keeper,123,collect_rollout,2191,0,19,0.0,False,False,0.0,0.0,0,0,0,0.0,0.0,0.0,0.0,0.0,1,0.0
,academy_3_vs_1_with_keeper,123,collect_rollout,2192,0,19,0.0,False,False,0.0,0.0,0,0,0,0.0,0.0,0.0,0.0,0.0,1,0.0
,academy_3_vs_1_with_keeper,123,collect_rollout,2193,0,15,0.0,False,False,0.0,0.0,0,0,0,0.0,0.0,0.0,0.0,0.0,1,0.0
,academy_3_vs_1_with_keeper,123,collect_rollout,2194,0,16,0.0,False,False,0.0,0.0,0,0,0,0.0,0.0,0.0,0.0,0.0,1,0.0
,academy_3_vs_1_with_keeper,123,collect_rollout,2195,0,18,0.0,False,False,0.0,0.0,0,0,0,0.0,0.0,0.0,0.0,0.0,1,0.0
,academy_3_vs_1_with_keeper,123,collect_rollout,2196,0,21,0.0,False,False,0.0,0.0,0,0,0,0.0,0.0,0.0,0.0,0.0,1,0.0
,academy_3_vs_1_with_keeper,123,collect_rollout,2197,0,18,-0.009999999543651938,False,False,0.0,0.0,0,0,0,0.0,0.0,0.0,0.0,-0.009999999543651938,1,-0.009999999543651938
,academy_3_vs_1_with_keeper,123,collect_rollout,2198,0,20,0.0,False,False,0.0,0.0,0,0,0,0.0,0.0,0.0,0.0,0.0,1,0.0
,academy_3_vs_1_with_keeper,123,collect_rollout,2199,0,119,-0.5839796244399622,False,False,0.0,0.0,0,0,0,0.0,0.0,0.0,0.0,-0.5839796244399622,1,-0.5839796244399622
,academy_3_vs_1_with_keeper,123,collect_rollout,2200,0,23,0.0,False,False,0.0,0.0,0,0,0,0.0,0.0,0.0,0.0,0.0,1,0.0
,academy_3_vs_1_with_keeper,123,collect_rollout,2201,0,15,0.0,False,False,0.0,0.0,0,0,0,0.0,0.0,0.0,0.0,0.0,1,0.0
,academy_3_vs_1_with_keeper,123,collect_rollout,2202,0,20,0.0,False,False,0.0,0.0,0,0,0,0.0,0.0,0.0,0.0,0.0,1,0.0
,academy_3_vs_1_with_keeper,123,collect_rollout,2203,0,19,0.0,False,False,0.0,0.0,0,0,0,0.0,0.0,0.0,0.0,0.0,1,0.0
,academy_3_vs_1_with_keeper,123,collect_rollout,2204,0,17,0.0,False,False,0.0,0.0,0,0,0,0.0,0.0,0.0,0.0,0.0,1,0.0
,academy_3_vs_1_with_keeper,123,collect_rollout,2205,0,15,-0.003333333181217313,False,False,0.0,0.0,0,0,0,0.0,0.0,0.0,0.0,-0.003333333181217313,1,-0.003333333181217313
,academy_3_vs_1_with_keeper,123,collect_rollout,2206,0,16,0.0,False,False,0.0,0.0,0,0,0,0.0,0.0,0.0,0.0,0.0,1,0.0
,academy_3_vs_1_with_keeper,123,collect_rollout,2207,0,14,0.0,False,False,0.0,0.0,0,0,0,0.0,0.0,0.0,0.0,0.0,1,0.0
,academy_3_vs_1_with_keeper,123,collect_rollout,2208,0,19,-0.003333333181217313,False,False,0.0,0.0,0,0,0,0.0,0.0,0.0,0.0,-0.003333333181217313,1,-0.003333333181217313
,academy_3_vs_1_with_keeper,123,collect_rollout,2209,0,16,0.0,False,False,0.0,0.0,0,0,0,0.0,0.0,0.0,0.0,0.0,1,0.0
,academy_3_vs_1_with_keeper,123,collect_rollout,2210,0,214,-0.9266666320618242,False,False,0.0,0.0,0,0,0,0.0,0.0,0.0,0.0,-0.9266666320618242,1,-0.9266666320618242
,academy_3_vs_1_with_keeper,123,collect_rollout,2211,0,20,0.0,False,False,0.0,0.0,0,0,0,0.0,0.0,0.0,0.0,0.0,1,0.0
,academy_3_vs_1_with_keeper,123,collect_rollout,2212,0,18,-0.003333333181217313,False,False,0.0,0.0,0,0,0,0.0,0.0,0.0,0.0,-0.003333333181217313,1,-0.003333333181217313
,academy_3_vs_1_with_keeper,123,collect_rollout,2213,0,18,0.0,False,False,0.0,0.0,0,0,0,0.0,0.0,0.0,0.0,0.0,1,0.0
,academy_3_vs_1_with_keeper,123,collect_rollout,2214,0,21,0.0,False,False,0.0,0.0,0,0,0,0.0,0.0,0.0,0.0,0.0,1,0.0
,academy_3_vs_1_with_keeper,123,collect_rollout,2215,0,17,0.0,False,False,0.0,0.0,0,0,0,0.0,0.0,0.0,0.0,0.0,1,0.0
,academy_3_vs_1_with_keeper,123,collect_rollout,2216,0,18,0.0,False,False,0.0,0.0,0,0,0,0.0,0.0,0.0,0.0,0.0,1,0.0
,academy_3_vs_1_with_keeper,123,collect_rollout,2217,0,20,0.0,False,False,0.0,0.0,0,0,0,0.0,0.0,0.0,0.0,0.0,1,0.0
,academy_3_vs_1_with_keeper,123,collect_rollout,2218,0,19,-0.003333333181217313,False,False,0.0,0.0,0,0,0,0.0,0.0,0.0,0.0,-0.003333333181217313,1,-0.003333333181217313
,academy_3_vs_1_with_keeper,123,collect_rollout,2219,0,18,-0.003333333181217313,False,False,0.0,0.0,0,0,0,0.0,0.0,0.0,0.0,-0.003333333181217313,1,-0.003333333181217313
,academy_3_vs_1_with_keeper,123,collect_rollout,2220,0,16,0.0,False,False,0.0,0.0,0,0,0,0.0,0.0,0.0,0.0,0.0,1,0.0
,academy_3_vs_1_with_keeper,123,collect_rollout,2221,0,17,0.0,False,False,0.0,0.0,0,0,0,0.0,0.0,0.0,0.0,0.0,1,0.0
,academy_3_vs_1_with_keeper,123,collect_rollout,2222,0,129,-0.5089163540396839,False,False,0.0,0.0,0,0,0,0.0,0.0,0.0,0.0,-0.5089163540396839,1,-0.5089163540396839
,academy_3_vs_1_with_keeper,123,collect_rollout,2223,0,24,-0.003333333181217313,False,False,0.0,0.0,0,0,0,0.0,0.0,0.0,0.0,-0.003333333181217313,1,-0.003333333181217313
,academy_3_vs_1_with_keeper,123,collect_rollout,2224,0,17,-0.003333333181217313,False,False,0.0,0.0,0,0,0,0.0,0.0,0.0,0.0,-0.003333333181217313,1,-0.003333333181217313
,academy_3_vs_1_with_keeper,123,collect_rollout,2225,0,18,0.0,False,False,0.0,0.0,0,0,0,0.0,0.0,0.0,0.0,0.0,1,0.0
,academy_3_vs_1_with_keeper,123,collect_rollout,2226,0,19,0.0,False,False,0.0,0.0,0,0,0,0.0,0.0,0.0,0.0,0.0,1,0.0
,academy_3_vs_1_with_keeper,123,collect_rollout,2227,0,17,0.0,False,False,0.0,0.0,0,0,0,0.0,0.0,0.0,0.0,0.0,1,0.0
,academy_3_vs_1_with_keeper,123,collect_rollout,2228,0,23,0.0,False,False,0.0,0.0,0,0,0,0.0,0.0,0.0,0.0,0.0,1,0.0
,academy_3_vs_1_with_keeper,123,collect_rollout,2229,0,19,0.0,False,False,0.0,0.0,0,0,0,0.0,0.0,0.0,0.0,0.0,1,0.0
,academy_3_vs_1_with_keeper,123,collect_rollout,2230,0,18,0.0,False,False,0.0,0.0,0,0,0,0.0,0.0,0.0,0.0,0.0,1,0.0
,academy_3_vs_1_with_keeper,123,collect_rollout,2231,0,19,0.0,False,False,0.0,0.0,0,0,0,0.0,0.0,0.0,0.0,0.0,1,0.0
,academy_3_vs_1_with_keeper,123,collect_rollout,2232,0,20,0.0,False,False,0.0,0.0,0,0,0,0.0,0.0,0.0,0.0,0.0,1,0.0
,academy_3_vs_1_with_keeper,123,collect_rollout,2233,0,23,-0.006666666362434626,False,False,0.0,0.0,0,0,0,0.0,0.0,0.0,0.0,-0.006666666362434626,1,-0.006666666362434626
,academy_3_vs_1_with_keeper,123,collect_rollout,2234,0,15,0.0,False,False,0.0,0.0,0,0,0,0.0,0.0,0.0,0.0,0.0,1,0.0
,academy_3_vs_1_with_keeper,123,collect_rollout,2235,0,15,0.0,False,False,0.0,0.0,0,0,0,0.0,0.0,0.0,0.0,0.0,1,0.0
,academy_3_vs_1_with_keeper,123,collect_rollout,2236,0,18,-0.003333333181217313,False,False,0.0,0.0,0,0,0,0.0,0.0,0.0,0.0,-0.003333333181217313,1,-0.003333333181217313
,academy_3_vs_1_with_keeper,123,collect_rollout,2237,0,16,0.0,False,False,0.0,0.0,0,0,0,0.0,0.0,0.0,0.0,0.0,1,0.0
,academy_3_vs_1_with_keeper,123,collect_rollout,2238,0,17,0.0,False,False,0.0,0.0,0,0,0,0.0,0.0,0.0,0.0,0.0,1,0.0
,academy_3_vs_1_with_keeper,123,collect_rollout,2239,0,18,0.0,False,False,0.0,0.0,0,0,0,0.0,0.0,0.0,0.0,0.0,1,0.0
,academy_3_vs_1_with_keeper,123,collect_rollout,2240,0,18,0.0,False,False,0.0,0.0,0,0,0,0.0,0.0,0.0,0.0,0.0,1,0.0
,academy_3_vs_1_with_keeper,123,collect_rollout,2241,0,17,0.0,False,False,0.0,0.0,0,0,0,0.0,0.0,0.0,0.0,0.0,1,0.0
,academy_3_vs_1_with_keeper,123,collect_rollout,2242,0,18,0.0,False,False,0.0,0.0,0,0,0,0.0,0.0,0.0,0.0,0.0,1,0.0
,academy_3_vs_1_with_keeper,123,collect_rollout,2243,0,18,0.0,False,False,0.0,0.0,0,0,0,0.0,0.0,0.0,0.0,0.0,1,0.0
,academy_3_vs_1_with_keeper,123,collect_rollout,2244,0,21,0.0,False,False,0.0,0.0,0,0,0,0.0,0.0,0.0,0.0,0.0,1,0.0
,academy_3_vs_1_with_keeper,123,collect_rollout,2245,0,64,-0.15862315893173218,False,False,0.0,0.0,0,0,0,0.0,0.0,0.0,0.0,-0.15862315893173218,1,-0.15862315893173218
,academy_3_vs_1_with_keeper,123,collect_rollout,2246,0,17,-0.006666666362434626,False,False,0.0,0.0,0,0,0,0.0,0.0,0.0,0.0,-0.006666666362434626,1,-0.006666666362434626
,academy_3_vs_1_with_keeper,123,collect_rollout,2247,0,88,-0.0880507412366569,False,False,0.0,0.0,0,0,0,0.0,0.0,0.0,0.0,-0.0880507412366569,1,-0.0880507412366569
,academy_3_vs_1_with_keeper,123,collect_rollout,2248,0,19,-0.003333333181217313,False,False,0.0,0.0,0,0,0,0.0,0.0,0.0,0.0,-0.003333333181217313,1,-0.003333333181217313
,academy_3_vs_1_with_keeper,123,collect_rollout,2249,0,18,0.0,False,False,0.0,0.0,0,0,0,0.0,0.0,0.0,0.0,0.0,1,0.0
,academy_3_vs_1_with_keeper,123,collect_rollout,2250,0,20,0.0,False,False,0.0,0.0,0,0,0,0.0,0.0,0.0,0.0,0.0,1,0.0
,academy_3_vs_1_with_keeper,123,collect_rollout,2251,0,20,0.0,False,False,0.0,0.0,0,0,0,0.0,0.0,0.0,0.0,0.0,1,0.0
,academy_3_vs_1_with_keeper,123,collect_rollout,2252,0,22,0.0,False,False,0.0,0.0,0,0,0,0.0,0.0,0.0,0.0,0.0,1,0.0
,academy_3_vs_1_with_keeper,123,collect_rollout,2253,0,21,-0.003333333181217313,False,False,0.0,0.0,0,0,0,0.0,0.0,0.0,0.0,-0.003333333181217313,1,-0.003333333181217313
,academy_3_vs_1_with_keeper,123,collect_rollout,2254,0,17,0.0,False,False,0.0,0.0,0,0,0,0.0,0.0,0.0,0.0,0.0,1,0.0
,academy_3_vs_1_with_keeper,123,collect_rollout,2255,0,21,0.0,False,False,0.0,0.0,0,0,0,0.0,0.0,0.0,0.0,0.0,1,0.0
,academy_3_vs_1_with_keeper,123,collect_rollout,2256,0,21,0.0,False,False,0.0,0.0,0,0,0,0.0,0.0,0.0,0.0,0.0,1,0.0
,academy_3_vs_1_with_keeper,123,collect_rollout,2257,0,19,0.0,False,False,0.0,0.0,0,0,0,0.0,0.0,0.0,0.0,0.0,1,0.0
,academy_3_vs_1_with_keeper,123,collect_rollout,2258,0,18,0.0,False,False,0.0,0.0,0,0,0,0.0,0.0,0.0,0.0,0.0,1,0.0
,academy_3_vs_1_with_keeper,123,collect_rollout,2259,0,15,0.0,False,False,0.0,0.0,0,0,0,0.0,0.0,0.0,0.0,0.0,1,0.0
,academy_3_vs_1_with_keeper,123,collect_rollout,2260,0,17,0.0,False,False,0.0,0.0,0,0,0,0.0,0.0,0.0,0.0,0.0,1,0.0
,academy_3_vs_1_with_keeper,123,collect_rollout,2261,0,16,0.0,False,False,0.0,0.0,0,0,0,0.0,0.0,0.0,0.0,0.0,1,0.0
,academy_3_vs_1_with_keeper,123,collect_rollout,2262,0,16,0.0,False,False,0.0,0.0,0,0,0,0.0,0.0,0.0,0.0,0.0,1,0.0
,academy_3_vs_1_with_keeper,123,collect_rollout,2263,0,19,0.0,False,False,0.0,0.0,0,0,0,0.0,0.0,0.0,0.0,0.0,1,0.0
,academy_3_vs_1_with_keeper,123,collect_rollout,2264,0,13,0.0,False,False,0.0,0.0,0,0,0,0.0,0.0,0.0,0.0,0.0,1,0.0
,academy_3_vs_1_with_keeper,123,collect_rollout,2265,0,140,-0.4965970383491367,False,False,0.0,0.0,0,0,0,0.0,0.0,0.0,0.0,-0.4965970383491367,1,-0.4965970383491367
,academy_3_vs_1_with_keeper,123,collect_rollout,2266,0,17,0.0,False,False,0.0,0.0,0,0,0,0.0,0.0,0.0,0.0,0.0,1,0.0
,academy_3_vs_1_with_keeper,123,collect_rollout,2267,0,18,0.0,False,False,0.0,0.0,0,0,0,0.0,0.0,0.0,0.0,0.0,1,0.0
,academy_3_vs_1_with_keeper,123,collect_rollout,2268,0,17,-0.003333333181217313,False,False,0.0,0.0,0,0,0,0.0,0.0,0.0,0.0,-0.003333333181217313,1,-0.003333333181217313
,academy_3_vs_1_with_keeper,123,collect_rollout,2269,0,21,0.0,False,False,0.0,0.0,0,0,0,0.0,0.0,0.0,0.0,0.0,1,0.0
,academy_3_vs_1_with_keeper,123,collect_rollout,2270,0,90,-0.12228865153156221,False,False,0.0,0.0,0,0,0,0.0,0.0,0.0,0.0,-0.12228865153156221,1,-0.12228865153156221
,academy_3_vs_1_with_keeper,123,collect_rollout,2271,0,20,0.0,False,False,0.0,0.0,0,0,0,0.0,0.0,0.0,0.0,0.0,1,0.0
,academy_3_vs_1_with_keeper,123,collect_rollout,2272,0,24,-0.003333333181217313,False,False,0.0,0.0,0,0,0,0.0,0.0,0.0,0.0,-0.003333333181217313,1,-0.003333333181217313
,academy_3_vs_1_with_keeper,123,collect_rollout,2273,0,19,0.0,False,False,0.0,0.0,0,0,0,0.0,0.0,0.0,0.0,0.0,1,0.0
,academy_3_vs_1_with_keeper,123,collect_rollout,2274,0,146,-0.7397194571094587,False,False,0.0,0.0,0,0,0,0.0,0.0,0.0,0.0,-0.7397194571094587,1,-0.7397194571094587
,academy_3_vs_1_with_keeper,123,collect_rollout,2275,0,18,0.0,False,False,0.0,0.0,0,0,0,0.0,0.0,0.0,0.0,0.0,1,0.0
,academy_3_vs_1_with_keeper,123,collect_rollout,2276,0,172,-0.8640279050450772,False,False,0.0,0.0,0,0,0,0.0,0.0,0.0,0.0,-0.8640279050450772,1,-0.8640279050450772
,academy_3_vs_1_with_keeper,123,collect_rollout,2277,0,18,-0.006666666362434626,False,False,0.0,0.0,0,0,0,0.0,0.0,0.0,0.0,-0.006666666362434626,1,-0.006666666362434626
,academy_3_vs_1_with_keeper,123,collect_rollout,2278,0,18,0.0,False,False,0.0,0.0,0,0,0,0.0,0.0,0.0,0.0,0.0,1,0.0
,academy_3_vs_1_with_keeper,123,collect_rollout,2279,0,16,0.0,False,False,0.0,0.0,0,0,0,0.0,0.0,0.0,0.0,0.0,1,0.0
,academy_3_vs_1_with_keeper,123,collect_rollout,2280,0,15,-0.003333333181217313,False,False,0.0,0.0,0,0,0,0.0,0.0,0.0,0.0,-0.003333333181217313,1,-0.003333333181217313
,academy_3_vs_1_with_keeper,123,collect_rollout,2281,0,167,-0.7736200297367759,False,False,0.0,0.0,0,0,0,0.0,0.0,0.0,0.0,-0.7736200297367759,1,-0.7736200297367759
,academy_3_vs_1_with_keeper,123,collect_rollout,2282,0,16,0.0,False,False,0.0,0.0,0,0,0,0.0,0.0,0.0,0.0,0.0,1,0.0
,academy_3_vs_1_with_keeper,123,collect_rollout,2283,0,16,0.0,False,False,0.0,0.0,0,0,0,0.0,0.0,0.0,0.0,0.0,1,0.0
,academy_3_vs_1_with_keeper,123,collect_rollout,2284,0,90,-0.10723976709414274,False,False,0.0,0.0,0,0,0,0.0,0.0,0.0,0.0,-0.10723976709414274,1,-0.10723976709414274
,academy_3_vs_1_with_keeper,123,collect_rollout,2285,0,94,-0.22937917581293732,False,False,0.0,0.0,0,0,0,0.0,0.0,0.0,0.0,-0.22937917581293732,1,-0.22937917581293732
,academy_3_vs_1_with_keeper,123,collect_rollout,2286,0,15,0.0,False,False,0.0,0.0,0,0,0,0.0,0.0,0.0,0.0,0.0,1,0.0
,academy_3_vs_1_with_keeper,123,collect_rollout,2287,0,50,-0.04333333461545408,False,False,0.0,0.0,0,0,0,0.0,0.0,0.0,0.0,-0.04333333461545408,1,-0.04333333461545408
,academy_3_vs_1_with_keeper,123,collect_rollout,2288,0,16,-0.003333333181217313,False,False,0.0,0.0,0,0,0,0.0,0.0,0.0,0.0,-0.003333333181217313,1,-0.003333333181217313
,academy_3_vs_1_with_keeper,123,collect_rollout,2289,0,15,0.0,False,False,0.0,0.0,0,0,0,0.0,0.0,0.0,0.0,0.0,1,0.0
,academy_3_vs_1_with_keeper,123,collect_rollout,2290,0,18,0.0,False,False,0.0,0.0,0,0,0,0.0,0.0,0.0,0.0,0.0,1,0.0
,academy_3_vs_1_with_keeper,123,collect_rollout,2291,0,15,0.0,False,False,0.0,0.0,0,0,0,0.0,0.0,0.0,0.0,0.0,1,0.0
,academy_3_vs_1_with_keeper,123,collect_rollout,2292,0,15,-0.003333333181217313,False,False,0.0,0.0,0,0,0,0.0,0.0,0.0,0.0,-0.003333333181217313,1,-0.003333333181217313
,academy_3_vs_1_with_keeper,123,collect_rollout,2293,0,19,0.0,False,False,0.0,0.0,0,0,0,0.0,0.0,0.0,0.0,0.0,1,0.0
,academy_3_vs_1_with_keeper,123,collect_rollout,2294,0,19,0.0,False,False,0.0,0.0,0,0,0,0.0,0.0,0.0,0.0,0.0,1,0.0
,academy_3_vs_1_with_keeper,123,collect_rollout,2295,0,19,-0.003333333181217313,False,False,0.0,0.0,0,0,0,0.0,0.0,0.0,0.0,-0.003333333181217313,1,-0.003333333181217313
,academy_3_vs_1_with_keeper,123,collect_rollout,2296,0,14,-0.003333333181217313,False,False,0.0,0.0,0,0,0,0.0,0.0,0.0,0.0,-0.003333333181217313,1,-0.003333333181217313
,academy_3_vs_1_with_keeper,123,collect_rollout,2297,0,16,0.0,False,False,0.0,0.0,0,0,0,0.0,0.0,0.0,0.0,0.0,1,0.0
,academy_3_vs_1_with_keeper,123,collect_rollout,2298,0,17,0.0,False,False,0.0,0.0,0,0,0,0.0,0.0,0.0,0.0,0.0,1,0.0
,academy_3_vs_1_with_keeper,123,collect_rollout,2299,0,20,-0.003333333181217313,False,False,0.0,0.0,0,0,0,0.0,0.0,0.0,0.0,-0.003333333181217313,1,-0.003333333181217313
,academy_3_vs_1_with_keeper,123,collect_rollout,2300,0,17,0.0,False,False,0.0,0.0,0,0,0,0.0,0.0,0.0,0.0,0.0,1,0.0
,academy_3_vs_1_with_keeper,123,collect_rollout,2301,0,16,0.0,False,False,0.0,0.0,0,0,0,0.0,0.0,0.0,0.0,0.0,1,0.0
,academy_3_vs_1_with_keeper,123,collect_rollout,2302,0,20,0.0,False,False,0.0,0.0,0,0,0,0.0,0.0,0.0,0.0,0.0,1,0.0
,academy_3_vs_1_with_keeper,123,collect_rollout,2303,0,18,0.0,False,False,0.0,0.0,0,0,0,0.0,0.0,0.0,0.0,0.0,1,0.0
,academy_3_vs_1_with_keeper,123,collect_rollout,2304,0,18,-0.003333333181217313,False,False,0.0,0.0,0,0,0,0.0,0.0,0.0,0.0,-0.003333333181217313,1,-0.003333333181217313
,academy_3_vs_1_with_keeper,123,collect_rollout,2305,0,17,-0.003333333181217313,False,False,0.0,0.0,0,0,0,0.0,0.0,0.0,0.0,-0.003333333181217313,1,-0.003333333181217313
,academy_3_vs_1_with_keeper,123,collect_rollout,2306,0,18,0.0,False,False,0.0,0.0,0,0,0,0.0,0.0,0.0,0.0,0.0,1,0.0
,academy_3_vs_1_with_keeper,123,collect_rollout,2307,0,21,0.0,False,False,0.0,0.0,0,0,0,0.0,0.0,0.0,0.0,0.0,1,0.0
,academy_3_vs_1_with_keeper,123,collect_rollout,2308,0,21,-0.006666666362434626,False,False,0.0,0.0,0,0,0,0.0,0.0,0.0,0.0,-0.006666666362434626,1,-0.006666666362434626
,academy_3_vs_1_with_keeper,123,collect_rollout,2309,0,20,0.0,False,False,0.0,0.0,0,0,0,0.0,0.0,0.0,0.0,0.0,1,0.0
,academy_3_vs_1_with_keeper,123,collect_rollout,2310,0,18,0.0,False,False,0.0,0.0,0,0,0,0.0,0.0,0.0,0.0,0.0,1,0.0
,academy_3_vs_1_with_keeper,123,collect_rollout,2311,0,20,0.0,False,False,0.0,0.0,0,0,0,0.0,0.0,0.0,0.0,0.0,1,0.0
,academy_3_vs_1_with_keeper,123,collect_rollout,2312,0,18,0.0,False,False,0.0,0.0,0,0,0,0.0,0.0,0.0,0.0,0.0,1,0.0
,academy_3_vs_1_with_keeper,123,collect_rollout,2313,0,22,0.0,False,False,0.0,0.0,0,0,0,0.0,0.0,0.0,0.0,0.0,1,0.0
,academy_3_vs_1_with_keeper,123,collect_rollout,2314,0,20,0.0,False,False,0.0,0.0,0,0,0,0.0,0.0,0.0,0.0,0.0,1,0.0
,academy_3_vs_1_with_keeper,123,collect_rollout,2315,0,22,0.0,False,False,0.0,0.0,0,0,0,0.0,0.0,0.0,0.0,0.0,1,0.0
,academy_3_vs_1_with_keeper,123,collect_rollout,2316,0,24,-0.006666666362434626,False,False,0.0,0.0,0,0,0,0.0,0.0,0.0,0.0,-0.006666666362434626,1,-0.006666666362434626
,academy_3_vs_1_with_keeper,123,collect_rollout,2317,0,19,0.0,False,False,0.0,0.0,0,0,0,0.0,0.0,0.0,0.0,0.0,1,0.0
,academy_3_vs_1_with_keeper,123,collect_rollout,2318,0,17,-0.003333333181217313,False,False,0.0,0.0,0,0,0,0.0,0.0,0.0,0.0,-0.003333333181217313,1,-0.003333333181217313
,academy_3_vs_1_with_keeper,123,collect_rollout,2319,0,21,0.0,False,False,0.0,0.0,0,0,0,0.0,0.0,0.0,0.0,0.0,1,0.0
,academy_3_vs_1_with_keeper,123,collect_rollout,2320,0,20,0.0,False,False,0.0,0.0,0,0,0,0.0,0.0,0.0,0.0,0.0,1,0.0
,academy_3_vs_1_with_keeper,123,collect_rollout,2321,0,18,-0.009999999543651938,False,False,0.0,0.0,0,0,0,0.0,0.0,0.0,0.0,-0.009999999543651938,1,-0.009999999543651938
,academy_3_vs_1_with_keeper,123,collect_rollout,2322,0,19,0.0,False,False,0.0,0.0,0,0,0,0.0,0.0,0.0,0.0,0.0,1,0.0
,academy_3_vs_1_with_keeper,123,collect_rollout,2323,0,22,0.0,False,False,0.0,0.0,0,0,0,0.0,0.0,0.0,0.0,0.0,1,0.0
,academy_3_vs_1_with_keeper,123,collect_rollout,2324,0,22,-0.006666666362434626,False,False,0.0,0.0,0,0,0,0.0,0.0,0.0,0.0,-0.006666666362434626,1,-0.006666666362434626
,academy_3_vs_1_with_keeper,123,collect_rollout,2325,0,19,0.0,False,False,0.0,0.0,0,0,0,0.0,0.0,0.0,0.0,0.0,1,0.0
,academy_3_vs_1_with_keeper,123,collect_rollout,2326,0,18,-0.003333333181217313,False,False,0.0,0.0,0,0,0,0.0,0.0,0.0,0.0,-0.003333333181217313,1,-0.003333333181217313
,academy_3_vs_1_with_keeper,123,collect_rollout,2327,0,22,0.0,False,False,0.0,0.0,0,0,0,0.0,0.0,0.0,0.0,0.0,1,0.0
,academy_3_vs_1_with_keeper,123,collect_rollout,2328,0,18,0.0,False,False,0.0,0.0,0,0,0,0.0,0.0,0.0,0.0,0.0,1,0.0
,academy_3_vs_1_with_keeper,123,collect_rollout,2329,0,16,-0.003333333181217313,False,False,0.0,0.0,0,0,0,0.0,0.0,0.0,0.0,-0.003333333181217313,1,-0.003333333181217313
,academy_3_vs_1_with_keeper,123,collect_rollout,2330,0,17,0.0,False,False,0.0,0.0,0,0,0,0.0,0.0,0.0,0.0,0.0,1,0.0
,academy_3_vs_1_with_keeper,123,collect_rollout,2331,0,23,-0.003333333181217313,False,False,0.0,0.0,0,0,0,0.0,0.0,0.0,0.0,-0.003333333181217313,1,-0.003333333181217313
,academy_3_vs_1_with_keeper,123,collect_rollout,2332,0,18,0.0,False,False,0.0,0.0,0,0,0,0.0,0.0,0.0,0.0,0.0,1,0.0
,academy_3_vs_1_with_keeper,123,collect_rollout,2333,0,19,0.0,False,False,0.0,0.0,0,0,0,0.0,0.0,0.0,0.0,0.0,1,0.0
,academy_3_vs_1_with_keeper,123,collect_rollout,2334,0,17,0.0,False,False,0.0,0.0,0,0,0,0.0,0.0,0.0,0.0,0.0,1,0.0
,academy_3_vs_1_with_keeper,123,collect_rollout,2335,0,19,0.0,False,False,0.0,0.0,0,0,0,0.0,0.0,0.0,0.0,0.0,1,0.0
,academy_3_vs_1_with_keeper,123,collect_rollout,2336,0,21,0.0,False,False,0.0,0.0,0,0,0,0.0,0.0,0.0,0.0,0.0,1,0.0
,academy_3_vs_1_with_keeper,123,collect_rollout,2337,0,15,0.0,False,False,0.0,0.0,0,0,0,0.0,0.0,0.0,0.0,0.0,1,0.0
,academy_3_vs_1_with_keeper,123,collect_rollout,2338,0,19,0.0,False,False,0.0,0.0,0,0,0,0.0,0.0,0.0,0.0,0.0,1,0.0
,academy_3_vs_1_with_keeper,123,collect_rollout,2339,0,18,-0.003333333181217313,False,False,0.0,0.0,0,0,0,0.0,0.0,0.0,0.0,-0.003333333181217313,1,-0.003333333181217313
,academy_3_vs_1_with_keeper,123,collect_rollout,2340,0,18,-0.006666666362434626,False,False,0.0,0.0,0,0,0,0.0,0.0,0.0,0.0,-0.006666666362434626,1,-0.006666666362434626
,academy_3_vs_1_with_keeper,123,collect_rollout,2341,0,16,0.0,False,False,0.0,0.0,0,0,0,0.0,0.0,0.0,0.0,0.0,1,0.0
,academy_3_vs_1_with_keeper,123,collect_rollout,2342,0,20,-0.006666666362434626,False,False,0.0,0.0,0,0,0,0.0,0.0,0.0,0.0,-0.006666666362434626,1,-0.006666666362434626
,academy_3_vs_1_with_keeper,123,collect_rollout,2343,0,15,-0.003333333181217313,False,False,0.0,0.0,0,0,0,0.0,0.0,0.0,0.0,-0.003333333181217313,1,-0.003333333181217313
,academy_3_vs_1_with_keeper,123,collect_rollout,2344,0,14,0.0,False,False,0.0,0.0,0,0,0,0.0,0.0,0.0,0.0,0.0,1,0.0
,academy_3_vs_1_with_keeper,123,collect_rollout,2345,0,15,0.0,False,False,0.0,0.0,0,0,0,0.0,0.0,0.0,0.0,0.0,1,0.0
,academy_3_vs_1_with_keeper,123,collect_rollout,2346,0,16,-0.003333333181217313,False,False,0.0,0.0,0,0,0,0.0,0.0,0.0,0.0,-0.003333333181217313,1,-0.003333333181217313
,academy_3_vs_1_with_keeper,123,collect_rollout,2347,0,18,0.0,False,False,0.0,0.0,0,0,0,0.0,0.0,0.0,0.0,0.0,1,0.0
,academy_3_vs_1_with_keeper,123,collect_rollout,2348,0,20,0.0,False,False,0.0,0.0,0,0,0,0.0,0.0,0.0,0.0,0.0,1,0.0
,academy_3_vs_1_with_keeper,123,collect_rollout,2349,0,19,0.0,False,False,0.0,0.0,0,0,0,0.0,0.0,0.0,0.0,0.0,1,0.0
,academy_3_vs_1_with_keeper,123,collect_rollout,2350,0,20,0.0,False,False,0.0,0.0,0,0,0,0.0,0.0,0.0,0.0,0.0,1,0.0
,academy_3_vs_1_with_keeper,123,collect_rollout,2351,0,18,0.0,False,False,0.0,0.0,0,0,0,0.0,0.0,0.0,0.0,0.0,1,0.0
,academy_3_vs_1_with_keeper,123,collect_rollout,2352,0,20,0.0,False,False,0.0,0.0,0,0,0,0.0,0.0,0.0,0.0,0.0,1,0.0
,academy_3_vs_1_with_keeper,123,collect_rollout,2353,0,14,0.0,False,False,0.0,0.0,0,0,0,0.0,0.0,0.0,0.0,0.0,1,0.0
,academy_3_vs_1_with_keeper,123,collect_rollout,2354,0,21,-0.006666666362434626,False,False,0.0,0.0,0,0,0,0.0,0.0,0.0,0.0,-0.006666666362434626,1,-0.006666666362434626
,academy_3_vs_1_with_keeper,123,collect_rollout,2355,0,21,0.0,False,False,0.0,0.0,0,0,0,0.0,0.0,0.0,0.0,0.0,1,0.0
,academy_3_vs_1_with_keeper,123,collect_rollout,2356,0,52,-0.04890691302716732,False,False,0.0,0.0,0,0,0,0.0,0.0,0.0,0.0,-0.04890691302716732,1,-0.04890691302716732
,academy_3_vs_1_with_keeper,123,collect_rollout,2357,0,18,-0.003333333181217313,False,False,0.0,0.0,0,0,0,0.0,0.0,0.0,0.0,-0.003333333181217313,1,-0.003333333181217313
,academy_3_vs_1_with_keeper,123,collect_rollout,2358,0,24,0.0,False,False,0.0,0.0,0,0,0,0.0,0.0,0.0,0.0,0.0,1,0.0
,academy_3_vs_1_with_keeper,123,collect_rollout,2359,0,21,0.0,False,False,0.0,0.0,0,0,0,0.0,0.0,0.0,0.0,0.0,1,0.0
,academy_3_vs_1_with_keeper,123,collect_rollout,2360,0,16,0.0,False,False,0.0,0.0,0,0,0,0.0,0.0,0.0,0.0,0.0,1,0.0
,academy_3_vs_1_with_keeper,123,collect_rollout,2361,0,14,0.0,False,False,0.0,0.0,0,0,0,0.0,0.0,0.0,0.0,0.0,1,0.0
,academy_3_vs_1_with_keeper,123,collect_rollout,2362,0,102,-0.018964235903695226,False,False,0.0,0.0,0,0,0,0.0,0.0,0.0,0.0,-0.018964235903695226,1,-0.018964235903695226
,academy_3_vs_1_with_keeper,123,collect_rollout,2363,0,18,0.0,False,False,0.0,0.0,0,0,0,0.0,0.0,0.0,0.0,0.0,1,0.0
,academy_3_vs_1_with_keeper,123,collect_rollout,2364,0,22,0.0,False,False,0.0,0.0,0,0,0,0.0,0.0,0.0,0.0,0.0,1,0.0
,academy_3_vs_1_with_keeper,123,collect_rollout,2365,0,13,0.0,False,False,0.0,0.0,0,0,0,0.0,0.0,0.0,0.0,0.0,1,0.0
,academy_3_vs_1_with_keeper,123,collect_rollout,2366,0,18,-0.003333333181217313,False,False,0.0,0.0,0,0,0,0.0,0.0,0.0,0.0,-0.003333333181217313,1,-0.003333333181217313
,academy_3_vs_1_with_keeper,123,collect_rollout,2367,0,21,0.0,False,False,0.0,0.0,0,0,0,0.0,0.0,0.0,0.0,0.0,1,0.0
,academy_3_vs_1_with_keeper,123,collect_rollout,2368,0,19,0.0,False,False,0.0,0.0,0,0,0,0.0,0.0,0.0,0.0,0.0,1,0.0
,academy_3_vs_1_with_keeper,123,collect_rollout,2369,0,16,-0.003333333181217313,False,False,0.0,0.0,0,0,0,0.0,0.0,0.0,0.0,-0.003333333181217313,1,-0.003333333181217313
,academy_3_vs_1_with_keeper,123,collect_rollout,2370,0,18,0.0,False,False,0.0,0.0,0,0,0,0.0,0.0,0.0,0.0,0.0,1,0.0
,academy_3_vs_1_with_keeper,123,collect_rollout,2371,0,17,0.0,False,False,0.0,0.0,0,0,0,0.0,0.0,0.0,0.0,0.0,1,0.0
,academy_3_vs_1_with_keeper,123,collect_rollout,2372,0,17,-0.003333333181217313,False,False,0.0,0.0,0,0,0,0.0,0.0,0.0,0.0,-0.003333333181217313,1,-0.003333333181217313
,academy_3_vs_1_with_keeper,123,collect_rollout,2373,0,243,-1.4135545475874096,False,False,0.0,0.0,0,0,0,0.0,0.0,0.0,0.0,-1.4135545475874096,1,-1.4135545475874096
,academy_3_vs_1_with_keeper,123,collect_rollout,2374,0,23,0.0,False,False,0.0,0.0,0,0,0,0.0,0.0,0.0,0.0,0.0,1,0.0
,academy_3_vs_1_with_keeper,123,collect_rollout,2375,0,21,0.0,False,False,0.0,0.0,0,0,0,0.0,0.0,0.0,0.0,0.0,1,0.0
,academy_3_vs_1_with_keeper,123,collect_rollout,2376,0,19,0.0,False,False,0.0,0.0,0,0,0,0.0,0.0,0.0,0.0,0.0,1,0.0
,academy_3_vs_1_with_keeper,123,collect_rollout,2377,0,17,-0.003333333181217313,False,False,0.0,0.0,0,0,0,0.0,0.0,0.0,0.0,-0.003333333181217313,1,-0.003333333181217313
,academy_3_vs_1_with_keeper,123,collect_rollout,2378,0,14,0.0,False,False,0.0,0.0,0,0,0,0.0,0.0,0.0,0.0,0.0,1,0.0
,academy_3_vs_1_with_keeper,123,collect_rollout,2379,0,77,-0.08353752619586885,False,False,0.0,0.0,0,0,0,0.0,0.0,0.0,0.0,-0.08353752619586885,1,-0.08353752619586885
,academy_3_vs_1_with_keeper,123,collect_rollout,2380,0,20,0.0,False,False,0.0,0.0,0,0,0,0.0,0.0,0.0,0.0,0.0,1,0.0
,academy_3_vs_1_with_keeper,123,collect_rollout,2381,0,21,0.0,False,False,0.0,0.0,0,0,0,0.0,0.0,0.0,0.0,0.0,1,0.0
,academy_3_vs_1_with_keeper,123,collect_rollout,2382,0,22,-0.003333333181217313,False,False,0.0,0.0,0,0,0,0.0,0.0,0.0,0.0,-0.003333333181217313,1,-0.003333333181217313
,academy_3_vs_1_with_keeper,123,collect_rollout,2383,0,18,0.0,False,False,0.0,0.0,0,0,0,0.0,0.0,0.0,0.0,0.0,1,0.0
,academy_3_vs_1_with_keeper,123,collect_rollout,2384,0,17,-0.006666666362434626,False,False,0.0,0.0,0,0,0,0.0,0.0,0.0,0.0,-0.006666666362434626,1,-0.006666666362434626
,academy_3_vs_1_with_keeper,123,collect_rollout,2385,0,19,-0.003333333181217313,False,False,0.0,0.0,0,0,0,0.0,0.0,0.0,0.0,-0.003333333181217313,1,-0.003333333181217313
,academy_3_vs_1_with_keeper,123,collect_rollout,2386,0,19,0.0,False,False,0.0,0.0,0,0,0,0.0,0.0,0.0,0.0,0.0,1,0.0
,academy_3_vs_1_with_keeper,123,collect_rollout,2387,0,52,-0.03406047262251377,False,False,0.0,0.0,0,0,0,0.0,0.0,0.0,0.0,-0.03406047262251377,1,-0.03406047262251377
,academy_3_vs_1_with_keeper,123,collect_rollout,2388,0,20,0.0,False,False,0.0,0.0,0,0,0,0.0,0.0,0.0,0.0,0.0,1,0.0
,academy_3_vs_1_with_keeper,123,collect_rollout,2389,0,20,0.0,False,False,0.0,0.0,0,0,0,0.0,0.0,0.0,0.0,0.0,1,0.0
,academy_3_vs_1_with_keeper,123,collect_rollout,2390,0,17,0.0,False,False,0.0,0.0,0,0,0,0.0,0.0,0.0,0.0,0.0,1,0.0
,academy_3_vs_1_with_keeper,123,collect_rollout,2391,0,18,0.0,False,False,0.0,0.0,0,0,0,0.0,0.0,0.0,0.0,0.0,1,0.0
,academy_3_vs_1_with_keeper,123,collect_rollout,2392,0,16,0.0,False,False,0.0,0.0,0,0,0,0.0,0.0,0.0,0.0,0.0,1,0.0
,academy_3_vs_1_with_keeper,123,collect_rollout,2393,0,16,0.0,False,False,0.0,0.0,0,0,0,0.0,0.0,0.0,0.0,0.0,1,0.0
,academy_3_vs_1_with_keeper,123,collect_rollout,2394,0,21,-0.003333333181217313,False,False,0.0,0.0,0,0,0,0.0,0.0,0.0,0.0,-0.003333333181217313,1,-0.003333333181217313
,academy_3_vs_1_with_keeper,123,collect_rollout,2395,0,21,-0.003333333181217313,False,False,0.0,0.0,0,0,0,0.0,0.0,0.0,0.0,-0.003333333181217313,1,-0.003333333181217313
,academy_3_vs_1_with_keeper,123,collect_rollout,2396,0,21,0.0,False,False,0.0,0.0,0,0,0,0.0,0.0,0.0,0.0,0.0,1,0.0
,academy_3_vs_1_with_keeper,123,collect_rollout,2397,0,16,0.0,False,False,0.0,0.0,0,0,0,0.0,0.0,0.0,0.0,0.0,1,0.0
,academy_3_vs_1_with_keeper,123,collect_rollout,2398,0,16,0.0,False,False,0.0,0.0,0,0,0,0.0,0.0,0.0,0.0,0.0,1,0.0
,academy_3_vs_1_with_keeper,123,collect_rollout,2399,0,18,0.0,False,False,0.0,0.0,0,0,0,0.0,0.0,0.0,0.0,0.0,1,0.0
,academy_3_vs_1_with_keeper,123,collect_rollout,2400,0,57,-0.06333333370275795,False,False,0.0,0.0,0,0,0,0.0,0.0,0.0,0.0,-0.06333333370275795,1,-0.06333333370275795
,academy_3_vs_1_with_keeper,123,collect_rollout,2401,0,20,0.0,False,False,0.0,0.0,0,0,0,0.0,0.0,0.0,0.0,0.0,1,0.0
,academy_3_vs_1_with_keeper,123,collect_rollout,2402,0,20,-0.003333333181217313,False,False,0.0,0.0,0,0,0,0.0,0.0,0.0,0.0,-0.003333333181217313,1,-0.003333333181217313
,academy_3_vs_1_with_keeper,123,collect_rollout,2403,0,14,-0.003333333181217313,False,False,0.0,0.0,0,0,0,0.0,0.0,0.0,0.0,-0.003333333181217313,1,-0.003333333181217313
,academy_3_vs_1_with_keeper,123,collect_rollout,2404,0,21,0.0,False,False,0.0,0.0,0,0,0,0.0,0.0,0.0,0.0,0.0,1,0.0
,academy_3_vs_1_with_keeper,123,collect_rollout,2405,0,21,0.0,False,False,0.0,0.0,0,0,0,0.0,0.0,0.0,0.0,0.0,1,0.0
,academy_3_vs_1_with_keeper,123,collect_rollout,2406,0,21,0.0,False,False,0.0,0.0,0,0,0,0.0,0.0,0.0,0.0,0.0,1,0.0
,academy_3_vs_1_with_keeper,123,collect_rollout,2407,0,17,-0.003333333181217313,False,False,0.0,0.0,0,0,0,0.0,0.0,0.0,0.0,-0.003333333181217313,1,-0.003333333181217313
,academy_3_vs_1_with_keeper,123,collect_rollout,2408,0,18,0.0,False,False,0.0,0.0,0,0,0,0.0,0.0,0.0,0.0,0.0,1,0.0
,academy_3_vs_1_with_keeper,123,collect_rollout,2409,0,19,0.0,False,False,0.0,0.0,0,0,0,0.0,0.0,0.0,0.0,0.0,1,0.0
,academy_3_vs_1_with_keeper,123,collect_rollout,2410,0,16,0.0,False,False,0.0,0.0,0,0,0,0.0,0.0,0.0,0.0,0.0,1,0.0
,academy_3_vs_1_with_keeper,123,collect_rollout,2411,0,16,-0.003333333181217313,False,False,0.0,0.0,0,0,0,0.0,0.0,0.0,0.0,-0.003333333181217313,1,-0.003333333181217313
,academy_3_vs_1_with_keeper,123,collect_rollout,2412,0,18,0.0,False,False,0.0,0.0,0,0,0,0.0,0.0,0.0,0.0,0.0,1,0.0
,academy_3_vs_1_with_keeper,123,collect_rollout,2413,0,22,0.0,False,False,0.0,0.0,0,0,0,0.0,0.0,0.0,0.0,0.0,1,0.0
,academy_3_vs_1_with_keeper,123,collect_rollout,2414,0,19,0.0,False,False,0.0,0.0,0,0,0,0.0,0.0,0.0,0.0,0.0,1,0.0
,academy_3_vs_1_with_keeper,123,collect_rollout,2415,0,18,0.0,False,False,0.0,0.0,0,0,0,0.0,0.0,0.0,0.0,0.0,1,0.0
,academy_3_vs_1_with_keeper,123,collect_rollout,2416,0,18,0.0,False,False,0.0,0.0,0,0,0,0.0,0.0,0.0,0.0,0.0,1,0.0
,academy_3_vs_1_with_keeper,123,collect_rollout,2417,0,21,0.0,False,False,0.0,0.0,0,0,0,0.0,0.0,0.0,0.0,0.0,1,0.0
,academy_3_vs_1_with_keeper,123,collect_rollout,2418,0,15,0.0,False,False,0.0,0.0,0,0,0,0.0,0.0,0.0,0.0,0.0,1,0.0
,academy_3_vs_1_with_keeper,123,collect_rollout,2419,0,17,0.0,False,False,0.0,0.0,0,0,0,0.0,0.0,0.0,0.0,0.0,1,0.0
,academy_3_vs_1_with_keeper,123,collect_rollout,2420,0,21,0.0,False,False,0.0,0.0,0,0,0,0.0,0.0,0.0,0.0,0.0,1,0.0
,academy_3_vs_1_with_keeper,123,collect_rollout,2421,0,16,0.0,False,False,0.0,0.0,0,0,0,0.0,0.0,0.0,0.0,0.0,1,0.0
,academy_3_vs_1_with_keeper,123,collect_rollout,2422,0,19,0.0,False,False,0.0,0.0,0,0,0,0.0,0.0,0.0,0.0,0.0,1,0.0
,academy_3_vs_1_with_keeper,123,collect_rollout,2423,0,22,-0.003333333181217313,False,False,0.0,0.0,0,0,0,0.0,0.0,0.0,0.0,-0.003333333181217313,1,-0.003333333181217313
,academy_3_vs_1_with_keeper,123,collect_rollout,2424,0,15,0.0,False,False,0.0,0.0,0,0,0,0.0,0.0,0.0,0.0,0.0,1,0.0
,academy_3_vs_1_with_keeper,123,collect_rollout,2425,0,70,-0.1873897765763104,False,False,0.0,0.0,0,0,0,0.0,0.0,0.0,0.0,-0.1873897765763104,1,-0.1873897765763104
,academy_3_vs_1_with_keeper,123,collect_rollout,2426,0,120,-0.20769626076798886,False,False,0.0,0.0,0,0,0,0.0,0.0,0.0,0.0,-0.20769626076798886,1,-0.20769626076798886
,academy_3_vs_1_with_keeper,123,collect_rollout,2427,0,23,-0.003333333181217313,False,False,0.0,0.0,0,0,0,0.0,0.0,0.0,0.0,-0.003333333181217313,1,-0.003333333181217313
,academy_3_vs_1_with_keeper,123,collect_rollout,2428,0,23,0.0,False,False,0.0,0.0,0,0,0,0.0,0.0,0.0,0.0,0.0,1,0.0
,academy_3_vs_1_with_keeper,123,collect_rollout,2429,0,15,0.0,False,False,0.0,0.0,0,0,0,0.0,0.0,0.0,0.0,0.0,1,0.0
,academy_3_vs_1_with_keeper,123,collect_rollout,2430,0,18,0.0,False,False,0.0,0.0,0,0,0,0.0,0.0,0.0,0.0,0.0,1,0.0
,academy_3_vs_1_with_keeper,123,collect_rollout,2431,0,20,0.0,False,False,0.0,0.0,0,0,0,0.0,0.0,0.0,0.0,0.0,1,0.0
,academy_3_vs_1_with_keeper,123,collect_rollout,2432,0,19,0.0,False,False,0.0,0.0,0,0,0,0.0,0.0,0.0,0.0,0.0,1,0.0
,academy_3_vs_1_with_keeper,123,collect_rollout,2433,0,19,-0.003333333181217313,False,False,0.0,0.0,0,0,0,0.0,0.0,0.0,0.0,-0.003333333181217313,1,-0.003333333181217313
,academy_3_vs_1_with_keeper,123,collect_rollout,2434,0,19,0.0,False,False,0.0,0.0,0,0,0,0.0,0.0,0.0,0.0,0.0,1,0.0
,academy_3_vs_1_with_keeper,123,collect_rollout,2435,0,22,0.0,False,False,0.0,0.0,0,0,0,0.0,0.0,0.0,0.0,0.0,1,0.0
,academy_3_vs_1_with_keeper,123,collect_rollout,2436,0,21,0.0,False,False,0.0,0.0,0,0,0,0.0,0.0,0.0,0.0,0.0,1,0.0
,academy_3_vs_1_with_keeper,123,collect_rollout,2437,0,17,0.0,False,False,0.0,0.0,0,0,0,0.0,0.0,0.0,0.0,0.0,1,0.0
,academy_3_vs_1_with_keeper,123,collect_rollout,2438,0,18,0.0,False,False,0.0,0.0,0,0,0,0.0,0.0,0.0,0.0,0.0,1,0.0
,academy_3_vs_1_with_keeper,123,collect_rollout,2439,0,22,-0.003333333181217313,False,False,0.0,0.0,0,0,0,0.0,0.0,0.0,0.0,-0.003333333181217313,1,-0.003333333181217313
,academy_3_vs_1_with_keeper,123,collect_rollout,2440,0,17,0.0,False,False,0.0,0.0,0,0,0,0.0,0.0,0.0,0.0,0.0,1,0.0
,academy_3_vs_1_with_keeper,123,collect_rollout,2441,0,16,0.0,False,False,0.0,0.0,0,0,0,0.0,0.0,0.0,0.0,0.0,1,0.0
,academy_3_vs_1_with_keeper,123,collect_rollout,2442,0,22,0.0,False,False,0.0,0.0,0,0,0,0.0,0.0,0.0,0.0,0.0,1,0.0
,academy_3_vs_1_with_keeper,123,collect_rollout,2443,0,24,0.0,False,False,0.0,0.0,0,0,0,0.0,0.0,0.0,0.0,0.0,1,0.0
,academy_3_vs_1_with_keeper,123,collect_rollout,2444,0,18,0.0,False,False,0.0,0.0,0,0,0,0.0,0.0,0.0,0.0,0.0,1,0.0
,academy_3_vs_1_with_keeper,123,collect_rollout,2445,0,20,-0.003333333181217313,False,False,0.0,0.0,0,0,0,0.0,0.0,0.0,0.0,-0.003333333181217313,1,-0.003333333181217313
,academy_3_vs_1_with_keeper,123,collect_rollout,2446,0,21,0.0,False,False,0.0,0.0,0,0,0,0.0,0.0,0.0,0.0,0.0,1,0.0
,academy_3_vs_1_with_keeper,123,collect_rollout,2447,0,18,-0.003333333181217313,False,False,0.0,0.0,0,0,0,0.0,0.0,0.0,0.0,-0.003333333181217313,1,-0.003333333181217313
,academy_3_vs_1_with_keeper,123,collect_rollout,2448,0,105,-0.5671573595609516,False,False,0.0,0.0,0,0,0,0.0,0.0,0.0,0.0,-0.5671573595609516,1,-0.5671573595609516
,academy_3_vs_1_with_keeper,123,collect_rollout,2449,0,20,0.0,False,False,0.0,0.0,0,0,0,0.0,0.0,0.0,0.0,0.0,1,0.0
,academy_3_vs_1_with_keeper,123,collect_rollout,2450,0,19,-0.003333333181217313,False,False,0.0,0.0,0,0,0,0.0,0.0,0.0,0.0,-0.003333333181217313,1,-0.003333333181217313
,academy_3_vs_1_with_keeper,123,collect_rollout,2451,0,21,-0.003333333181217313,False,False,0.0,0.0,0,0,0,0.0,0.0,0.0,0.0,-0.003333333181217313,1,-0.003333333181217313
,academy_3_vs_1_with_keeper,123,collect_rollout,2452,0,17,0.0,False,False,0.0,0.0,0,0,0,0.0,0.0,0.0,0.0,0.0,1,0.0
,academy_3_vs_1_with_keeper,123,collect_rollout,2453,0,19,0.0,False,False,0.0,0.0,0,0,0,0.0,0.0,0.0,0.0,0.0,1,0.0
,academy_3_vs_1_with_keeper,123,collect_rollout,2454,0,16,0.0,False,False,0.0,0.0,0,0,0,0.0,0.0,0.0,0.0,0.0,1,0.0
,academy_3_vs_1_with_keeper,123,collect_rollout,2455,0,14,-0.003333333181217313,False,False,0.0,0.0,0,0,0,0.0,0.0,0.0,0.0,-0.003333333181217313,1,-0.003333333181217313
,academy_3_vs_1_with_keeper,123,collect_rollout,2456,0,18,0.0,False,False,0.0,0.0,0,0,0,0.0,0.0,0.0,0.0,0.0,1,0.0
,academy_3_vs_1_with_keeper,123,collect_rollout,2457,0,19,0.0,False,False,0.0,0.0,0,0,0,0.0,0.0,0.0,0.0,0.0,1,0.0
,academy_3_vs_1_with_keeper,123,collect_rollout,2458,0,21,0.0,False,False,0.0,0.0,0,0,0,0.0,0.0,0.0,0.0,0.0,1,0.0
,academy_3_vs_1_with_keeper,123,collect_rollout,2459,0,19,0.0,False,False,0.0,0.0,0,0,0,0.0,0.0,0.0,0.0,0.0,1,0.0
,academy_3_vs_1_with_keeper,123,collect_rollout,2460,0,18,0.0,False,False,0.0,0.0,0,0,0,0.0,0.0,0.0,0.0,0.0,1,0.0
,academy_3_vs_1_with_keeper,123,collect_rollout,2461,0,171,-0.5391951925121248,False,False,0.0,0.0,0,0,0,0.0,0.0,0.0,0.0,-0.5391951925121248,1,-0.5391951925121248
,academy_3_vs_1_with_keeper,123,collect_rollout,2462,0,18,0.0,False,False,0.0,0.0,0,0,0,0.0,0.0,0.0,0.0,0.0,1,0.0
,academy_3_vs_1_with_keeper,123,collect_rollout,2463,0,23,0.0,False,False,0.0,0.0,0,0,0,0.0,0.0,0.0,0.0,0.0,1,0.0
,academy_3_vs_1_with_keeper,123,collect_rollout,2464,0,157,-1.0989855236839503,False,False,0.0,0.0,0,0,0,0.0,0.0,0.0,0.0,-1.0989855236839503,1,-1.0989855236839503
,academy_3_vs_1_with_keeper,123,collect_rollout,2465,0,19,0.0,False,False,0.0,0.0,0,0,0,0.0,0.0,0.0,0.0,0.0,1,0.0
,academy_3_vs_1_with_keeper,123,collect_rollout,2466,0,22,-0.003333333181217313,False,False,0.0,0.0,0,0,0,0.0,0.0,0.0,0.0,-0.003333333181217313,1,-0.003333333181217313
,academy_3_vs_1_with_keeper,123,collect_rollout,2467,0,22,0.0,False,False,0.0,0.0,0,0,0,0.0,0.0,0.0,0.0,0.0,1,0.0
,academy_3_vs_1_with_keeper,123,collect_rollout,2468,0,23,0.0,False,False,0.0,0.0,0,0,0,0.0,0.0,0.0,0.0,0.0,1,0.0
,academy_3_vs_1_with_keeper,123,collect_rollout,2469,0,15,0.0,False,False,0.0,0.0,0,0,0,0.0,0.0,0.0,0.0,0.0,1,0.0
,academy_3_vs_1_with_keeper,123,collect_rollout,2470,0,17,0.0,False,False,0.0,0.0,0,0,0,0.0,0.0,0.0,0.0,0.0,1,0.0
,academy_3_vs_1_with_keeper,123,collect_rollout,2471,0,18,0.0,False,False,0.0,0.0,0,0,0,0.0,0.0,0.0,0.0,0.0,1,0.0
,academy_3_vs_1_with_keeper,123,collect_rollout,2472,0,22,0.0,False,False,0.0,0.0,0,0,0,0.0,0.0,0.0,0.0,0.0,1,0.0
,academy_3_vs_1_with_keeper,123,collect_rollout,2473,0,19,0.0,False,False,0.0,0.0,0,0,0,0.0,0.0,0.0,0.0,0.0,1,0.0
,academy_3_vs_1_with_keeper,123,collect_rollout,2474,0,17,0.0,False,False,0.0,0.0,0,0,0,0.0,0.0,0.0,0.0,0.0,1,0.0
,academy_3_vs_1_with_keeper,123,collect_rollout,2475,0,22,0.0,False,False,0.0,0.0,0,0,0,0.0,0.0,0.0,0.0,0.0,1,0.0
,academy_3_vs_1_with_keeper,123,collect_rollout,2476,0,18,0.0,False,False,0.0,0.0,0,0,0,0.0,0.0,0.0,0.0,0.0,1,0.0
,academy_3_vs_1_with_keeper,123,collect_rollout,2477,0,22,-0.003333333181217313,False,False,0.0,0.0,0,0,0,0.0,0.0,0.0,0.0,-0.003333333181217313,1,-0.003333333181217313
,academy_3_vs_1_with_keeper,123,collect_rollout,2478,0,19,0.0,False,False,0.0,0.0,0,0,0,0.0,0.0,0.0,0.0,0.0,1,0.0
,academy_3_vs_1_with_keeper,123,collect_rollout,2479,0,20,0.0,False,False,0.0,0.0,0,0,0,0.0,0.0,0.0,0.0,0.0,1,0.0
,academy_3_vs_1_with_keeper,123,collect_rollout,2480,0,17,0.0,False,False,0.0,0.0,0,0,0,0.0,0.0,0.0,0.0,0.0,1,0.0
,academy_3_vs_1_with_keeper,123,collect_rollout,2481,0,18,0.0,False,False,0.0,0.0,0,0,0,0.0,0.0,0.0,0.0,0.0,1,0.0
,academy_3_vs_1_with_keeper,123,collect_rollout,2482,0,67,-0.25529992231167853,False,False,0.0,0.0,0,0,0,0.0,0.0,0.0,0.0,-0.25529992231167853,1,-0.25529992231167853
,academy_3_vs_1_with_keeper,123,collect_rollout,2483,0,20,-0.006666666362434626,False,False,0.0,0.0,0,0,0,0.0,0.0,0.0,0.0,-0.006666666362434626,1,-0.006666666362434626
,academy_3_vs_1_with_keeper,123,collect_rollout,2484,0,17,0.0,False,False,0.0,0.0,0,0,0,0.0,0.0,0.0,0.0,0.0,1,0.0
,academy_3_vs_1_with_keeper,123,collect_rollout,2485,0,20,-0.003333333181217313,False,False,0.0,0.0,0,0,0,0.0,0.0,0.0,0.0,-0.003333333181217313,1,-0.003333333181217313
,academy_3_vs_1_with_keeper,123,collect_rollout,2486,0,15,0.0,False,False,0.0,0.0,0,0,0,0.0,0.0,0.0,0.0,0.0,1,0.0
,academy_3_vs_1_with_keeper,123,collect_rollout,2487,0,19,0.0,False,False,0.0,0.0,0,0,0,0.0,0.0,0.0,0.0,0.0,1,0.0
,academy_3_vs_1_with_keeper,123,collect_rollout,2488,0,18,0.0,False,False,0.0,0.0,0,0,0,0.0,0.0,0.0,0.0,0.0,1,0.0
,academy_3_vs_1_with_keeper,123,collect_rollout,2489,0,18,0.0,False,False,0.0,0.0,0,0,0,0.0,0.0,0.0,0.0,0.0,1,0.0
,academy_3_vs_1_with_keeper,123,collect_rollout,2490,0,19,0.0,False,False,0.0,0.0,0,0,0,0.0,0.0,0.0,0.0,0.0,1,0.0
,academy_3_vs_1_with_keeper,123,collect_rollout,2491,0,20,0.0,False,False,0.0,0.0,0,0,0,0.0,0.0,0.0,0.0,0.0,1,0.0
,academy_3_vs_1_with_keeper,123,collect_rollout,2492,0,17,0.0,False,False,0.0,0.0,0,0,0,0.0,0.0,0.0,0.0,0.0,1,0.0
,academy_3_vs_1_with_keeper,123,collect_rollout,2493,0,20,-0.003333333181217313,False,False,0.0,0.0,0,0,0,0.0,0.0,0.0,0.0,-0.003333333181217313,1,-0.003333333181217313
,academy_3_vs_1_with_keeper,123,collect_rollout,2494,0,22,0.0,False,False,0.0,0.0,0,0,0,0.0,0.0,0.0,0.0,0.0,1,0.0
,academy_3_vs_1_with_keeper,123,collect_rollout,2495,0,21,-0.006666666362434626,False,False,0.0,0.0,0,0,0,0.0,0.0,0.0,0.0,-0.006666666362434626,1,-0.006666666362434626
,academy_3_vs_1_with_keeper,123,collect_rollout,2496,0,19,-0.003333333181217313,False,False,0.0,0.0,0,0,0,0.0,0.0,0.0,0.0,-0.003333333181217313,1,-0.003333333181217313
,academy_3_vs_1_with_keeper,123,collect_rollout,2497,0,16,0.0,False,False,0.0,0.0,0,0,0,0.0,0.0,0.0,0.0,0.0,1,0.0
,academy_3_vs_1_with_keeper,123,collect_rollout,2498,0,14,0.0,False,False,0.0,0.0,0,0,0,0.0,0.0,0.0,0.0,0.0,1,0.0
,academy_3_vs_1_with_keeper,123,collect_rollout,2499,0,18,0.0,False,False,0.0,0.0,0,0,0,0.0,0.0,0.0,0.0,0.0,1,0.0
,academy_3_vs_1_with_keeper,123,collect_rollout,2500,0,21,0.0,False,False,0.0,0.0,0,0,0,0.0,0.0,0.0,0.0,0.0,1,0.0
,academy_3_vs_1_with_keeper,123,collect_rollout,2501,0,17,0.0,False,False,0.0,0.0,0,0,0,0.0,0.0,0.0,0.0,0.0,1,0.0
,academy_3_vs_1_with_keeper,123,collect_rollout,2502,0,21,0.0,False,False,0.0,0.0,0,0,0,0.0,0.0,0.0,0.0,0.0,1,0.0
,academy_3_vs_1_with_keeper,123,collect_rollout,2503,0,21,0.0,False,False,0.0,0.0,0,0,0,0.0,0.0,0.0,0.0,0.0,1,0.0
,academy_3_vs_1_with_keeper,123,collect_rollout,2504,0,19,-0.006666666362434626,False,False,0.0,0.0,0,0,0,0.0,0.0,0.0,0.0,-0.006666666362434626,1,-0.006666666362434626
,academy_3_vs_1_with_keeper,123,collect_rollout,2505,0,15,0.0,False,False,0.0,0.0,0,0,0,0.0,0.0,0.0,0.0,0.0,1,0.0
,academy_3_vs_1_with_keeper,123,collect_rollout,2506,0,16,0.0,False,False,0.0,0.0,0,0,0,0.0,0.0,0.0,0.0,0.0,1,0.0
,academy_3_vs_1_with_keeper,123,collect_rollout,2507,0,19,0.0,False,False,0.0,0.0,0,0,0,0.0,0.0,0.0,0.0,0.0,1,0.0
,academy_3_vs_1_with_keeper,123,collect_rollout,2508,0,22,0.0,False,False,0.0,0.0,0,0,0,0.0,0.0,0.0,0.0,0.0,1,0.0
,academy_3_vs_1_with_keeper,123,collect_rollout,2509,0,19,0.0,False,False,0.0,0.0,0,0,0,0.0,0.0,0.0,0.0,0.0,1,0.0
,academy_3_vs_1_with_keeper,123,collect_rollout,2510,0,18,0.0,False,False,0.0,0.0,0,0,0,0.0,0.0,0.0,0.0,0.0,1,0.0
,academy_3_vs_1_with_keeper,123,collect_rollout,2511,0,21,0.0,False,False,0.0,0.0,0,0,0,0.0,0.0,0.0,0.0,0.0,1,0.0
,academy_3_vs_1_with_keeper,123,collect_rollout,2512,0,17,-0.006666666362434626,False,False,0.0,0.0,0,0,0,0.0,0.0,0.0,0.0,-0.006666666362434626,1,-0.006666666362434626
,academy_3_vs_1_with_keeper,123,collect_rollout,2513,0,22,-0.006666666362434626,False,False,0.0,0.0,0,0,0,0.0,0.0,0.0,0.0,-0.006666666362434626,1,-0.006666666362434626
,academy_3_vs_1_with_keeper,123,collect_rollout,2514,0,22,0.0,False,False,0.0,0.0,0,0,0,0.0,0.0,0.0,0.0,0.0,1,0.0
,academy_3_vs_1_with_keeper,123,collect_rollout,2515,0,22,0.0,False,False,0.0,0.0,0,0,0,0.0,0.0,0.0,0.0,0.0,1,0.0
,academy_3_vs_1_with_keeper,123,collect_rollout,2516,0,16,0.0,False,False,0.0,0.0,0,0,0,0.0,0.0,0.0,0.0,0.0,1,0.0
,academy_3_vs_1_with_keeper,123,collect_rollout,2517,0,117,-0.2528965277597308,False,False,0.0,0.0,0,0,0,0.0,0.0,0.0,0.0,-0.2528965277597308,1,-0.2528965277597308
,academy_3_vs_1_with_keeper,123,collect_rollout,2518,0,17,-0.003333333181217313,False,False,0.0,0.0,0,0,0,0.0,0.0,0.0,0.0,-0.003333333181217313,1,-0.003333333181217313
,academy_3_vs_1_with_keeper,123,collect_rollout,2519,0,17,0.0,False,False,0.0,0.0,0,0,0,0.0,0.0,0.0,0.0,0.0,1,0.0
,academy_3_vs_1_with_keeper,123,collect_rollout,2520,0,22,0.0,False,False,0.0,0.0,0,0,0,0.0,0.0,0.0,0.0,0.0,1,0.0
,academy_3_vs_1_with_keeper,123,collect_rollout,2521,0,17,0.0,False,False,0.0,0.0,0,0,0,0.0,0.0,0.0,0.0,0.0,1,0.0
,academy_3_vs_1_with_keeper,123,collect_rollout,2522,0,16,0.0,False,False,0.0,0.0,0,0,0,0.0,0.0,0.0,0.0,0.0,1,0.0
,academy_3_vs_1_with_keeper,123,collect_rollout,2523,0,14,-0.003333333181217313,False,False,0.0,0.0,0,0,0,0.0,0.0,0.0,0.0,-0.003333333181217313,1,-0.003333333181217313
,academy_3_vs_1_with_keeper,123,collect_rollout,2524,0,16,0.0,False,False,0.0,0.0,0,0,0,0.0,0.0,0.0,0.0,0.0,1,0.0
,academy_3_vs_1_with_keeper,123,collect_rollout,2525,0,55,-0.035349226905964315,False,False,0.0,0.0,0,0,0,0.0,0.0,0.0,0.0,-0.035349226905964315,1,-0.035349226905964315
,academy_3_vs_1_with_keeper,123,collect_rollout,2526,0,16,0.0,False,False,0.0,0.0,0,0,0,0.0,0.0,0.0,0.0,0.0,1,0.0
,academy_3_vs_1_with_keeper,123,collect_rollout,2527,0,128,-0.5973260889295489,False,False,0.0,0.0,0,0,0,0.0,0.0,0.0,0.0,-0.5973260889295489,1,-0.5973260889295489
,academy_3_vs_1_with_keeper,123,collect_rollout,2528,0,19,0.0,False,False,0.0,0.0,0,0,0,0.0,0.0,0.0,0.0,0.0,1,0.0
,academy_3_vs_1_with_keeper,123,collect_rollout,2529,0,17,-0.003333333181217313,False,False,0.0,0.0,0,0,0,0.0,0.0,0.0,0.0,-0.003333333181217313,1,-0.003333333181217313
,academy_3_vs_1_with_keeper,123,collect_rollout,2530,0,79,-0.03867892024572939,False,False,0.0,0.0,0,0,0,0.0,0.0,0.0,0.0,-0.03867892024572939,1,-0.03867892024572939
,academy_3_vs_1_with_keeper,123,collect_rollout,2531,0,121,-0.3668535847682506,False,False,0.0,0.0,0,0,0,0.0,0.0,0.0,0.0,-0.3668535847682506,1,-0.3668535847682506
,academy_3_vs_1_with_keeper,123,collect_rollout,2532,0,161,-0.6051408434286714,False,False,0.0,0.0,0,0,0,0.0,0.0,0.0,0.0,-0.6051408434286714,1,-0.6051408434286714
,academy_3_vs_1_with_keeper,123,collect_rollout,2533,0,20,-0.003333333181217313,False,False,0.0,0.0,0,0,0,0.0,0.0,0.0,0.0,-0.003333333181217313,1,-0.003333333181217313
,academy_3_vs_1_with_keeper,123,collect_rollout,2534,0,157,-0.7037102173781022,False,False,0.0,0.0,0,0,0,0.0,0.0,0.0,0.0,-0.7037102173781022,1,-0.7037102173781022
,academy_3_vs_1_with_keeper,123,collect_rollout,2535,0,15,-0.003333333181217313,False,False,0.0,0.0,0,0,0,0.0,0.0,0.0,0.0,-0.003333333181217313,1,-0.003333333181217313
,academy_3_vs_1_with_keeper,123,collect_rollout,2536,0,20,-0.003333333181217313,False,False,0.0,0.0,0,0,0,0.0,0.0,0.0,0.0,-0.003333333181217313,1,-0.003333333181217313
,academy_3_vs_1_with_keeper,123,collect_rollout,2537,0,19,0.0,False,False,0.0,0.0,0,0,0,0.0,0.0,0.0,0.0,0.0,1,0.0
,academy_3_vs_1_with_keeper,123,collect_rollout,2538,0,19,0.0,False,False,0.0,0.0,0,0,0,0.0,0.0,0.0,0.0,0.0,1,0.0
,academy_3_vs_1_with_keeper,123,collect_rollout,2539,0,22,0.0,False,False,0.0,0.0,0,0,0,0.0,0.0,0.0,0.0,0.0,1,0.0
,academy_3_vs_1_with_keeper,123,collect_rollout,2540,0,18,0.0,False,False,0.0,0.0,0,0,0,0.0,0.0,0.0,0.0,0.0,1,0.0
,academy_3_vs_1_with_keeper,123,collect_rollout,2541,0,20,0.0,False,False,0.0,0.0,0,0,0,0.0,0.0,0.0,0.0,0.0,1,0.0
,academy_3_vs_1_with_keeper,123,collect_rollout,2542,0,15,0.0,False,False,0.0,0.0,0,0,0,0.0,0.0,0.0,0.0,0.0,1,0.0
,academy_3_vs_1_with_keeper,123,collect_rollout,2543,0,17,0.0,False,False,0.0,0.0,0,0,0,0.0,0.0,0.0,0.0,0.0,1,0.0
,academy_3_vs_1_with_keeper,123,collect_rollout,2544,0,14,0.0,False,False,0.0,0.0,0,0,0,0.0,0.0,0.0,0.0,0.0,1,0.0
,academy_3_vs_1_with_keeper,123,collect_rollout,2545,0,22,0.0,False,False,0.0,0.0,0,0,0,0.0,0.0,0.0,0.0,0.0,1,0.0
,academy_3_vs_1_with_keeper,123,collect_rollout,2546,0,20,0.0,False,False,0.0,0.0,0,0,0,0.0,0.0,0.0,0.0,0.0,1,0.0
,academy_3_vs_1_with_keeper,123,collect_rollout,2547,0,19,0.0,False,False,0.0,0.0,0,0,0,0.0,0.0,0.0,0.0,0.0,1,0.0
,academy_3_vs_1_with_keeper,123,collect_rollout,2548,0,18,-0.003333333181217313,False,False,0.0,0.0,0,0,0,0.0,0.0,0.0,0.0,-0.003333333181217313,1,-0.003333333181217313
,academy_3_vs_1_with_keeper,123,collect_rollout,2549,0,17,0.0,False,False,0.0,0.0,0,0,0,0.0,0.0,0.0,0.0,0.0,1,0.0
,academy_3_vs_1_with_keeper,123,collect_rollout,2550,0,19,0.0,False,False,0.0,0.0,0,0,0,0.0,0.0,0.0,0.0,0.0,1,0.0
,academy_3_vs_1_with_keeper,123,collect_rollout,2551,0,20,0.0,False,False,0.0,0.0,0,0,0,0.0,0.0,0.0,0.0,0.0,1,0.0
,academy_3_vs_1_with_keeper,123,collect_rollout,2552,0,16,0.0,False,False,0.0,0.0,0,0,0,0.0,0.0,0.0,0.0,0.0,1,0.0
,academy_3_vs_1_with_keeper,123,collect_rollout,2553,0,14,0.0,False,False,0.0,0.0,0,0,0,0.0,0.0,0.0,0.0,0.0,1,0.0
,academy_3_vs_1_with_keeper,123,collect_rollout,2554,0,18,0.0,False,False,0.0,0.0,0,0,0,0.0,0.0,0.0,0.0,0.0,1,0.0
,academy_3_vs_1_with_keeper,123,collect_rollout,2555,0,21,0.0,False,False,0.0,0.0,0,0,0,0.0,0.0,0.0,0.0,0.0,1,0.0
,academy_3_vs_1_with_keeper,123,collect_rollout,2556,0,14,0.0,False,False,0.0,0.0,0,0,0,0.0,0.0,0.0,0.0,0.0,1,0.0
,academy_3_vs_1_with_keeper,123,collect_rollout,2557,0,24,0.0,False,False,0.0,0.0,0,0,0,0.0,0.0,0.0,0.0,0.0,1,0.0
,academy_3_vs_1_with_keeper,123,collect_rollout,2558,0,17,-0.003333333181217313,False,False,0.0,0.0,0,0,0,0.0,0.0,0.0,0.0,-0.003333333181217313,1,-0.003333333181217313
,academy_3_vs_1_with_keeper,123,collect_rollout,2559,0,20,0.0,False,False,0.0,0.0,0,0,0,0.0,0.0,0.0,0.0,0.0,1,0.0
,academy_3_vs_1_with_keeper,123,collect_rollout,2560,0,21,-0.003333333181217313,False,False,0.0,0.0,0,0,0,0.0,0.0,0.0,0.0,-0.003333333181217313,1,-0.003333333181217313
,academy_3_vs_1_with_keeper,123,collect_rollout,2561,0,21,0.0,False,False,0.0,0.0,0,0,0,0.0,0.0,0.0,0.0,0.0,1,0.0
,academy_3_vs_1_with_keeper,123,collect_rollout,2562,0,22,0.0,False,False,0.0,0.0,0,0,0,0.0,0.0,0.0,0.0,0.0,1,0.0
,academy_3_vs_1_with_keeper,123,collect_rollout,2563,0,21,-0.003333333181217313,False,False,0.0,0.0,0,0,0,0.0,0.0,0.0,0.0,-0.003333333181217313,1,-0.003333333181217313
,academy_3_vs_1_with_keeper,123,collect_rollout,2564,0,19,0.0,False,False,0.0,0.0,0,0,0,0.0,0.0,0.0,0.0,0.0,1,0.0
,academy_3_vs_1_with_keeper,123,collect_rollout,2565,0,19,0.0,False,False,0.0,0.0,0,0,0,0.0,0.0,0.0,0.0,0.0,1,0.0
,academy_3_vs_1_with_keeper,123,collect_rollout,2566,0,19,0.0,False,False,0.0,0.0,0,0,0,0.0,0.0,0.0,0.0,0.0,1,0.0
,academy_3_vs_1_with_keeper,123,collect_rollout,2567,0,22,0.0,False,False,0.0,0.0,0,0,0,0.0,0.0,0.0,0.0,0.0,1,0.0
,academy_3_vs_1_with_keeper,123,collect_rollout,2568,0,15,0.0,False,False,0.0,0.0,0,0,0,0.0,0.0,0.0,0.0,0.0,1,0.0
,academy_3_vs_1_with_keeper,123,collect_rollout,2569,0,17,0.0,False,False,0.0,0.0,0,0,0,0.0,0.0,0.0,0.0,0.0,1,0.0
,academy_3_vs_1_with_keeper,123,collect_rollout,2570,0,17,0.0,False,False,0.0,0.0,0,0,0,0.0,0.0,0.0,0.0,0.0,1,0.0
,academy_3_vs_1_with_keeper,123,collect_rollout,2571,0,20,0.0,False,False,0.0,0.0,0,0,0,0.0,0.0,0.0,0.0,0.0,1,0.0
,academy_3_vs_1_with_keeper,123,collect_rollout,2572,0,22,0.0,False,False,0.0,0.0,0,0,0,0.0,0.0,0.0,0.0,0.0,1,0.0
,academy_3_vs_1_with_keeper,123,collect_rollout,2573,0,19,0.0,False,False,0.0,0.0,0,0,0,0.0,0.0,0.0,0.0,0.0,1,0.0
,academy_3_vs_1_with_keeper,123,collect_rollout,2574,0,21,0.0,False,False,0.0,0.0,0,0,0,0.0,0.0,0.0,0.0,0.0,1,0.0
,academy_3_vs_1_with_keeper,123,collect_rollout,2575,0,21,0.0,False,False,0.0,0.0,0,0,0,0.0,0.0,0.0,0.0,0.0,1,0.0
,academy_3_vs_1_with_keeper,123,collect_rollout,2576,0,19,0.0,False,False,0.0,0.0,0,0,0,0.0,0.0,0.0,0.0,0.0,1,0.0
,academy_3_vs_1_with_keeper,123,collect_rollout,2577,0,18,0.0,False,False,0.0,0.0,0,0,0,0.0,0.0,0.0,0.0,0.0,1,0.0
,academy_3_vs_1_with_keeper,123,collect_rollout,2578,0,15,0.0,False,False,0.0,0.0,0,0,0,0.0,0.0,0.0,0.0,0.0,1,0.0
,academy_3_vs_1_with_keeper,123,collect_rollout,2579,0,14,0.0,False,False,0.0,0.0,0,0,0,0.0,0.0,0.0,0.0,0.0,1,0.0
,academy_3_vs_1_with_keeper,123,collect_rollout,2580,0,18,0.0,False,False,0.0,0.0,0,0,0,0.0,0.0,0.0,0.0,0.0,1,0.0
,academy_3_vs_1_with_keeper,123,collect_rollout,2581,0,18,0.0,False,False,0.0,0.0,0,0,0,0.0,0.0,0.0,0.0,0.0,1,0.0
,academy_3_vs_1_with_keeper,123,collect_rollout,2582,0,23,0.0,False,False,0.0,0.0,0,0,0,0.0,0.0,0.0,0.0,0.0,1,0.0
,academy_3_vs_1_with_keeper,123,collect_rollout,2583,0,20,0.0,False,False,0.0,0.0,0,0,0,0.0,0.0,0.0,0.0,0.0,1,0.0
,academy_3_vs_1_with_keeper,123,collect_rollout,2584,0,112,-0.5631706202984788,False,False,0.0,0.0,0,0,0,0.0,0.0,0.0,0.0,-0.5631706202984788,1,-0.5631706202984788
,academy_3_vs_1_with_keeper,123,collect_rollout,2585,0,16,0.0,False,False,0.0,0.0,0,0,0,0.0,0.0,0.0,0.0,0.0,1,0.0
,academy_3_vs_1_with_keeper,123,collect_rollout,2586,0,19,0.0,False,False,0.0,0.0,0,0,0,0.0,0.0,0.0,0.0,0.0,1,0.0
,academy_3_vs_1_with_keeper,123,collect_rollout,2587,0,18,-0.003333333181217313,False,False,0.0,0.0,0,0,0,0.0,0.0,0.0,0.0,-0.003333333181217313,1,-0.003333333181217313
,academy_3_vs_1_with_keeper,123,collect_rollout,2588,0,17,0.0,False,False,0.0,0.0,0,0,0,0.0,0.0,0.0,0.0,0.0,1,0.0
,academy_3_vs_1_with_keeper,123,collect_rollout,2589,0,18,0.0,False,False,0.0,0.0,0,0,0,0.0,0.0,0.0,0.0,0.0,1,0.0
,academy_3_vs_1_with_keeper,123,collect_rollout,2590,0,20,0.0,False,False,0.0,0.0,0,0,0,0.0,0.0,0.0,0.0,0.0,1,0.0
,academy_3_vs_1_with_keeper,123,collect_rollout,2591,0,19,-0.003333333181217313,False,False,0.0,0.0,0,0,0,0.0,0.0,0.0,0.0,-0.003333333181217313,1,-0.003333333181217313
,academy_3_vs_1_with_keeper,123,collect_rollout,2592,0,20,0.0,False,False,0.0,0.0,0,0,0,0.0,0.0,0.0,0.0,0.0,1,0.0
,academy_3_vs_1_with_keeper,123,collect_rollout,2593,0,21,0.0,False,False,0.0,0.0,0,0,0,0.0,0.0,0.0,0.0,0.0,1,0.0
,academy_3_vs_1_with_keeper,123,collect_rollout,2594,0,17,-0.003333333181217313,False,False,0.0,0.0,0,0,0,0.0,0.0,0.0,0.0,-0.003333333181217313,1,-0.003333333181217313
,academy_3_vs_1_with_keeper,123,collect_rollout,2595,0,21,0.0,False,False,0.0,0.0,0,0,0,0.0,0.0,0.0,0.0,0.0,1,0.0
,academy_3_vs_1_with_keeper,123,collect_rollout,2596,0,16,0.0,False,False,0.0,0.0,0,0,0,0.0,0.0,0.0,0.0,0.0,1,0.0
,academy_3_vs_1_with_keeper,123,collect_rollout,2597,0,19,0.0,False,False,0.0,0.0,0,0,0,0.0,0.0,0.0,0.0,0.0,1,0.0
,academy_3_vs_1_with_keeper,123,collect_rollout,2598,0,18,-0.003333333181217313,False,False,0.0,0.0,0,0,0,0.0,0.0,0.0,0.0,-0.003333333181217313,1,-0.003333333181217313
,academy_3_vs_1_with_keeper,123,collect_rollout,2599,0,20,0.0,False,False,0.0,0.0,0,0,0,0.0,0.0,0.0,0.0,0.0,1,0.0
,academy_3_vs_1_with_keeper,123,collect_rollout,2600,0,20,0.0,False,False,0.0,0.0,0,0,0,0.0,0.0,0.0,0.0,0.0,1,0.0
,academy_3_vs_1_with_keeper,123,collect_rollout,2601,0,20,0.0,False,False,0.0,0.0,0,0,0,0.0,0.0,0.0,0.0,0.0,1,0.0
,academy_3_vs_1_with_keeper,123,collect_rollout,2602,0,23,0.0,False,False,0.0,0.0,0,0,0,0.0,0.0,0.0,0.0,0.0,1,0.0
,academy_3_vs_1_with_keeper,123,collect_rollout,2603,0,36,-0.10696675162762403,False,False,0.0,0.0,0,0,0,0.0,0.0,0.0,0.0,-0.10696675162762403,1,-0.10696675162762403
,academy_3_vs_1_with_keeper,123,collect_rollout,2604,0,18,0.0,False,False,0.0,0.0,0,0,0,0.0,0.0,0.0,0.0,0.0,1,0.0
,academy_3_vs_1_with_keeper,123,collect_rollout,2605,0,21,-0.003333333181217313,False,False,0.0,0.0,0,0,0,0.0,0.0,0.0,0.0,-0.003333333181217313,1,-0.003333333181217313
,academy_3_vs_1_with_keeper,123,collect_rollout,2606,0,18,-0.003333333181217313,False,False,0.0,0.0,0,0,0,0.0,0.0,0.0,0.0,-0.003333333181217313,1,-0.003333333181217313
,academy_3_vs_1_with_keeper,123,collect_rollout,2607,0,23,-0.003333333181217313,False,False,0.0,0.0,0,0,0,0.0,0.0,0.0,0.0,-0.003333333181217313,1,-0.003333333181217313
,academy_3_vs_1_with_keeper,123,collect_rollout,2608,0,24,0.0,False,False,0.0,0.0,0,0,0,0.0,0.0,0.0,0.0,0.0,1,0.0
,academy_3_vs_1_with_keeper,123,collect_rollout,2609,0,22,0.0,False,False,0.0,0.0,0,0,0,0.0,0.0,0.0,0.0,0.0,1,0.0
,academy_3_vs_1_with_keeper,123,collect_rollout,2610,0,22,-0.003333333181217313,False,False,0.0,0.0,0,0,0,0.0,0.0,0.0,0.0,-0.003333333181217313,1,-0.003333333181217313
,academy_3_vs_1_with_keeper,123,collect_rollout,2611,0,22,-0.003333333181217313,False,False,0.0,0.0,0,0,0,0.0,0.0,0.0,0.0,-0.003333333181217313,1,-0.003333333181217313
,academy_3_vs_1_with_keeper,123,collect_rollout,2612,0,19,0.0,False,False,0.0,0.0,0,0,0,0.0,0.0,0.0,0.0,0.0,1,0.0
,academy_3_vs_1_with_keeper,123,collect_rollout,2613,0,18,0.0,False,False,0.0,0.0,0,0,0,0.0,0.0,0.0,0.0,0.0,1,0.0
,academy_3_vs_1_with_keeper,123,collect_rollout,2614,0,17,0.0,False,False,0.0,0.0,0,0,0,0.0,0.0,0.0,0.0,0.0,1,0.0
,academy_3_vs_1_with_keeper,123,collect_rollout,2615,0,20,-0.003333333181217313,False,False,0.0,0.0,0,0,0,0.0,0.0,0.0,0.0,-0.003333333181217313,1,-0.003333333181217313
,academy_3_vs_1_with_keeper,123,collect_rollout,2616,0,21,0.0,False,False,0.0,0.0,0,0,0,0.0,0.0,0.0,0.0,0.0,1,0.0
,academy_3_vs_1_with_keeper,123,collect_rollout,2617,0,16,0.0,False,False,0.0,0.0,0,0,0,0.0,0.0,0.0,0.0,0.0,1,0.0
,academy_3_vs_1_with_keeper,123,collect_rollout,2618,0,143,-0.7403343380428851,False,False,0.0,0.0,0,0,0,0.0,0.0,0.0,0.0,-0.7403343380428851,1,-0.7403343380428851
,academy_3_vs_1_with_keeper,123,collect_rollout,2619,0,17,0.0,False,False,0.0,0.0,0,0,0,0.0,0.0,0.0,0.0,0.0,1,0.0
,academy_3_vs_1_with_keeper,123,collect_rollout,2620,0,23,0.0,False,False,0.0,0.0,0,0,0,0.0,0.0,0.0,0.0,0.0,1,0.0
,academy_3_vs_1_with_keeper,123,collect_rollout,2621,0,19,0.0,False,False,0.0,0.0,0,0,0,0.0,0.0,0.0,0.0,0.0,1,0.0
,academy_3_vs_1_with_keeper,123,collect_rollout,2622,0,18,0.0,False,False,0.0,0.0,0,0,0,0.0,0.0,0.0,0.0,0.0,1,0.0
,academy_3_vs_1_with_keeper,123,collect_rollout,2623,0,15,0.0,False,False,0.0,0.0,0,0,0,0.0,0.0,0.0,0.0,0.0,1,0.0
,academy_3_vs_1_with_keeper,123,collect_rollout,2624,0,18,0.0,False,False,0.0,0.0,0,0,0,0.0,0.0,0.0,0.0,0.0,1,0.0
,academy_3_vs_1_with_keeper,123,collect_rollout,2625,0,22,0.0,False,False,0.0,0.0,0,0,0,0.0,0.0,0.0,0.0,0.0,1,0.0
,academy_3_vs_1_with_keeper,123,collect_rollout,2626,0,20,0.0,False,False,0.0,0.0,0,0,0,0.0,0.0,0.0,0.0,0.0,1,0.0
,academy_3_vs_1_with_keeper,123,collect_rollout,2627,0,16,-0.003333333181217313,False,False,0.0,0.0,0,0,0,0.0,0.0,0.0,0.0,-0.003333333181217313,1,-0.003333333181217313
,academy_3_vs_1_with_keeper,123,collect_rollout,2628,0,17,-0.003333333181217313,False,False,0.0,0.0,0,0,0,0.0,0.0,0.0,0.0,-0.003333333181217313,1,-0.003333333181217313
,academy_3_vs_1_with_keeper,123,collect_rollout,2629,0,17,0.0,False,False,0.0,0.0,0,0,0,0.0,0.0,0.0,0.0,0.0,1,0.0
,academy_3_vs_1_with_keeper,123,collect_rollout,2630,0,16,0.0,False,False,0.0,0.0,0,0,0,0.0,0.0,0.0,0.0,0.0,1,0.0
,academy_3_vs_1_with_keeper,123,collect_rollout,2631,0,17,0.0,False,False,0.0,0.0,0,0,0,0.0,0.0,0.0,0.0,0.0,1,0.0
,academy_3_vs_1_with_keeper,123,collect_rollout,2632,0,23,0.0,False,False,0.0,0.0,0,0,0,0.0,0.0,0.0,0.0,0.0,1,0.0
,academy_3_vs_1_with_keeper,123,collect_rollout,2633,0,21,0.0,False,False,0.0,0.0,0,0,0,0.0,0.0,0.0,0.0,0.0,1,0.0
,academy_3_vs_1_with_keeper,123,collect_rollout,2634,0,19,0.0,False,False,0.0,0.0,0,0,0,0.0,0.0,0.0,0.0,0.0,1,0.0
,academy_3_vs_1_with_keeper,123,collect_rollout,2635,0,20,0.0,False,False,0.0,0.0,0,0,0,0.0,0.0,0.0,0.0,0.0,1,0.0
,academy_3_vs_1_with_keeper,123,collect_rollout,2636,0,17,0.0,False,False,0.0,0.0,0,0,0,0.0,0.0,0.0,0.0,0.0,1,0.0
,academy_3_vs_1_with_keeper,123,collect_rollout,2637,0,18,0.0,False,False,0.0,0.0,0,0,0,0.0,0.0,0.0,0.0,0.0,1,0.0
,academy_3_vs_1_with_keeper,123,collect_rollout,2638,0,17,0.0,False,False,0.0,0.0,0,0,0,0.0,0.0,0.0,0.0,0.0,1,0.0
,academy_3_vs_1_with_keeper,123,collect_rollout,2639,0,23,0.0,False,False,0.0,0.0,0,0,0,0.0,0.0,0.0,0.0,0.0,1,0.0
,academy_3_vs_1_with_keeper,123,collect_rollout,2640,0,18,-0.003333333181217313,False,False,0.0,0.0,0,0,0,0.0,0.0,0.0,0.0,-0.003333333181217313,1,-0.003333333181217313
,academy_3_vs_1_with_keeper,123,collect_rollout,2641,0,16,0.0,False,False,0.0,0.0,0,0,0,0.0,0.0,0.0,0.0,0.0,1,0.0
,academy_3_vs_1_with_keeper,123,collect_rollout,2642,0,18,-0.003333333181217313,False,False,0.0,0.0,0,0,0,0.0,0.0,0.0,0.0,-0.003333333181217313,1,-0.003333333181217313
,academy_3_vs_1_with_keeper,123,collect_rollout,2643,0,20,0.0,False,False,0.0,0.0,0,0,0,0.0,0.0,0.0,0.0,0.0,1,0.0
,academy_3_vs_1_with_keeper,123,collect_rollout,2644,0,17,0.0,False,False,0.0,0.0,0,0,0,0.0,0.0,0.0,0.0,0.0,1,0.0
,academy_3_vs_1_with_keeper,123,collect_rollout,2645,0,18,0.0,False,False,0.0,0.0,0,0,0,0.0,0.0,0.0,0.0,0.0,1,0.0
,academy_3_vs_1_with_keeper,123,collect_rollout,2646,0,17,-0.003333333181217313,False,False,0.0,0.0,0,0,0,0.0,0.0,0.0,0.0,-0.003333333181217313,1,-0.003333333181217313
,academy_3_vs_1_with_keeper,123,collect_rollout,2647,0,17,0.0,False,False,0.0,0.0,0,0,0,0.0,0.0,0.0,0.0,0.0,1,0.0
,academy_3_vs_1_with_keeper,123,collect_rollout,2648,0,19,0.0,False,False,0.0,0.0,0,0,0,0.0,0.0,0.0,0.0,0.0,1,0.0
,academy_3_vs_1_with_keeper,123,collect_rollout,2649,0,16,0.0,False,False,0.0,0.0,0,0,0,0.0,0.0,0.0,0.0,0.0,1,0.0
,academy_3_vs_1_with_keeper,123,collect_rollout,2650,0,20,0.0,False,False,0.0,0.0,0,0,0,0.0,0.0,0.0,0.0,0.0,1,0.0
,academy_3_vs_1_with_keeper,123,collect_rollout,2651,0,15,0.0,False,False,0.0,0.0,0,0,0,0.0,0.0,0.0,0.0,0.0,1,0.0
,academy_3_vs_1_with_keeper,123,collect_rollout,2652,0,15,-0.003333333181217313,False,False,0.0,0.0,0,0,0,0.0,0.0,0.0,0.0,-0.003333333181217313,1,-0.003333333181217313
,academy_3_vs_1_with_keeper,123,collect_rollout,2653,0,79,-0.11859012895729393,False,False,0.0,0.0,0,0,0,0.0,0.0,0.0,0.0,-0.11859012895729393,1,-0.11859012895729393
,academy_3_vs_1_with_keeper,123,collect_rollout,2654,0,21,0.0,False,False,0.0,0.0,0,0,0,0.0,0.0,0.0,0.0,0.0,1,0.0
,academy_3_vs_1_with_keeper,123,collect_rollout,2655,0,15,0.0,False,False,0.0,0.0,0,0,0,0.0,0.0,0.0,0.0,0.0,1,0.0
,academy_3_vs_1_with_keeper,123,collect_rollout,2656,0,23,-0.003333333181217313,False,False,0.0,0.0,0,0,0,0.0,0.0,0.0,0.0,-0.003333333181217313,1,-0.003333333181217313
,academy_3_vs_1_with_keeper,123,collect_rollout,2657,0,16,-0.003333333181217313,False,False,0.0,0.0,0,0,0,0.0,0.0,0.0,0.0,-0.003333333181217313,1,-0.003333333181217313
,academy_3_vs_1_with_keeper,123,collect_rollout,2658,0,14,0.0,False,False,0.0,0.0,0,0,0,0.0,0.0,0.0,0.0,0.0,1,0.0
,academy_3_vs_1_with_keeper,123,collect_rollout,2659,0,23,0.0,False,False,0.0,0.0,0,0,0,0.0,0.0,0.0,0.0,0.0,1,0.0
,academy_3_vs_1_with_keeper,123,collect_rollout,2660,0,21,0.0,False,False,0.0,0.0,0,0,0,0.0,0.0,0.0,0.0,0.0,1,0.0
,academy_3_vs_1_with_keeper,123,collect_rollout,2661,0,20,0.0,False,False,0.0,0.0,0,0,0,0.0,0.0,0.0,0.0,0.0,1,0.0
,academy_3_vs_1_with_keeper,123,collect_rollout,2662,0,18,-0.003333333181217313,False,False,0.0,0.0,0,0,0,0.0,0.0,0.0,0.0,-0.003333333181217313,1,-0.003333333181217313
,academy_3_vs_1_with_keeper,123,collect_rollout,2663,0,20,0.0,False,False,0.0,0.0,0,0,0,0.0,0.0,0.0,0.0,0.0,1,0.0
,academy_3_vs_1_with_keeper,123,collect_rollout,2664,0,18,0.0,False,False,0.0,0.0,0,0,0,0.0,0.0,0.0,0.0,0.0,1,0.0
,academy_3_vs_1_with_keeper,123,collect_rollout,2665,0,20,0.0,False,False,0.0,0.0,0,0,0,0.0,0.0,0.0,0.0,0.0,1,0.0
,academy_3_vs_1_with_keeper,123,collect_rollout,2666,0,19,-0.003333333181217313,False,False,0.0,0.0,0,0,0,0.0,0.0,0.0,0.0,-0.003333333181217313,1,-0.003333333181217313
,academy_3_vs_1_with_keeper,123,collect_rollout,2667,0,22,-0.003333333181217313,False,False,0.0,0.0,0,0,0,0.0,0.0,0.0,0.0,-0.003333333181217313,1,-0.003333333181217313
,academy_3_vs_1_with_keeper,123,collect_rollout,2668,0,21,-0.003333333181217313,False,False,0.0,0.0,0,0,0,0.0,0.0,0.0,0.0,-0.003333333181217313,1,-0.003333333181217313
,academy_3_vs_1_with_keeper,123,collect_rollout,2669,0,20,0.0,False,False,0.0,0.0,0,0,0,0.0,0.0,0.0,0.0,0.0,1,0.0
,academy_3_vs_1_with_keeper,123,collect_rollout,2670,0,19,0.0,False,False,0.0,0.0,0,0,0,0.0,0.0,0.0,0.0,0.0,1,0.0
,academy_3_vs_1_with_keeper,123,collect_rollout,2671,0,20,0.0,False,False,0.0,0.0,0,0,0,0.0,0.0,0.0,0.0,0.0,1,0.0
,academy_3_vs_1_with_keeper,123,collect_rollout,2672,0,20,-0.006666666362434626,False,False,0.0,0.0,0,0,0,0.0,0.0,0.0,0.0,-0.006666666362434626,1,-0.006666666362434626
,academy_3_vs_1_with_keeper,123,collect_rollout,2673,0,21,0.0,False,False,0.0,0.0,0,0,0,0.0,0.0,0.0,0.0,0.0,1,0.0
,academy_3_vs_1_with_keeper,123,collect_rollout,2674,0,19,0.0,False,False,0.0,0.0,0,0,0,0.0,0.0,0.0,0.0,0.0,1,0.0
,academy_3_vs_1_with_keeper,123,collect_rollout,2675,0,23,0.0,False,False,0.0,0.0,0,0,0,0.0,0.0,0.0,0.0,0.0,1,0.0
,academy_3_vs_1_with_keeper,123,collect_rollout,2676,0,20,0.0,False,False,0.0,0.0,0,0,0,0.0,0.0,0.0,0.0,0.0,1,0.0
,academy_3_vs_1_with_keeper,123,collect_rollout,2677,0,20,-0.006666666362434626,False,False,0.0,0.0,0,0,0,0.0,0.0,0.0,0.0,-0.006666666362434626,1,-0.006666666362434626
,academy_3_vs_1_with_keeper,123,collect_rollout,2678,0,20,0.0,False,False,0.0,0.0,0,0,0,0.0,0.0,0.0,0.0,0.0,1,0.0
,academy_3_vs_1_with_keeper,123,collect_rollout,2679,0,17,-0.003333333181217313,False,False,0.0,0.0,0,0,0,0.0,0.0,0.0,0.0,-0.003333333181217313,1,-0.003333333181217313
,academy_3_vs_1_with_keeper,123,collect_rollout,2680,0,18,0.0,False,False,0.0,0.0,0,0,0,0.0,0.0,0.0,0.0,0.0,1,0.0
,academy_3_vs_1_with_keeper,123,collect_rollout,2681,0,15,-0.003333333181217313,False,False,0.0,0.0,0,0,0,0.0,0.0,0.0,0.0,-0.003333333181217313,1,-0.003333333181217313
,academy_3_vs_1_with_keeper,123,collect_rollout,2682,0,20,0.0,False,False,0.0,0.0,0,0,0,0.0,0.0,0.0,0.0,0.0,1,0.0
,academy_3_vs_1_with_keeper,123,collect_rollout,2683,0,17,0.0,False,False,0.0,0.0,0,0,0,0.0,0.0,0.0,0.0,0.0,1,0.0
,academy_3_vs_1_with_keeper,123,collect_rollout,2684,0,21,-0.003333333181217313,False,False,0.0,0.0,0,0,0,0.0,0.0,0.0,0.0,-0.003333333181217313,1,-0.003333333181217313
,academy_3_vs_1_with_keeper,123,collect_rollout,2685,0,22,-0.003333333181217313,False,False,0.0,0.0,0,0,0,0.0,0.0,0.0,0.0,-0.003333333181217313,1,-0.003333333181217313
,academy_3_vs_1_with_keeper,123,collect_rollout,2686,0,20,0.0,False,False,0.0,0.0,0,0,0,0.0,0.0,0.0,0.0,0.0,1,0.0
,academy_3_vs_1_with_keeper,123,collect_rollout,2687,0,19,0.0,False,False,0.0,0.0,0,0,0,0.0,0.0,0.0,0.0,0.0,1,0.0
,academy_3_vs_1_with_keeper,123,collect_rollout,2688,0,19,-0.006666666362434626,False,False,0.0,0.0,0,0,0,0.0,0.0,0.0,0.0,-0.006666666362434626,1,-0.006666666362434626
,academy_3_vs_1_with_keeper,123,collect_rollout,2689,0,22,0.0,False,False,0.0,0.0,0,0,0,0.0,0.0,0.0,0.0,0.0,1,0.0
,academy_3_vs_1_with_keeper,123,collect_rollout,2690,0,19,0.0,False,False,0.0,0.0,0,0,0,0.0,0.0,0.0,0.0,0.0,1,0.0
,academy_3_vs_1_with_keeper,123,collect_rollout,2691,0,19,0.0,False,False,0.0,0.0,0,0,0,0.0,0.0,0.0,0.0,0.0,1,0.0
,academy_3_vs_1_with_keeper,123,collect_rollout,2692,0,17,0.0,False,False,0.0,0.0,0,0,0,0.0,0.0,0.0,0.0,0.0,1,0.0
,academy_3_vs_1_with_keeper,123,collect_rollout,2693,0,19,0.0,False,False,0.0,0.0,0,0,0,0.0,0.0,0.0,0.0,0.0,1,0.0
,academy_3_vs_1_with_keeper,123,collect_rollout,2694,0,16,-0.003333333181217313,False,False,0.0,0.0,0,0,0,0.0,0.0,0.0,0.0,-0.003333333181217313,1,-0.003333333181217313
,academy_3_vs_1_with_keeper,123,collect_rollout,2695,0,21,0.0,False,False,0.0,0.0,0,0,0,0.0,0.0,0.0,0.0,0.0,1,0.0
,academy_3_vs_1_with_keeper,123,collect_rollout,2696,0,18,0.0,False,False,0.0,0.0,0,0,0,0.0,0.0,0.0,0.0,0.0,1,0.0
,academy_3_vs_1_with_keeper,123,collect_rollout,2697,0,18,0.0,False,False,0.0,0.0,0,0,0,0.0,0.0,0.0,0.0,0.0,1,0.0
,academy_3_vs_1_with_keeper,123,collect_rollout,2698,0,19,0.0,False,False,0.0,0.0,0,0,0,0.0,0.0,0.0,0.0,0.0,1,0.0
,academy_3_vs_1_with_keeper,123,collect_rollout,2699,0,17,0.0,False,False,0.0,0.0,0,0,0,0.0,0.0,0.0,0.0,0.0,1,0.0
,academy_3_vs_1_with_keeper,123,collect_rollout,2700,0,20,0.0,False,False,0.0,0.0,0,0,0,0.0,0.0,0.0,0.0,0.0,1,0.0
,academy_3_vs_1_with_keeper,123,collect_rollout,2701,0,16,0.0,False,False,0.0,0.0,0,0,0,0.0,0.0,0.0,0.0,0.0,1,0.0
,academy_3_vs_1_with_keeper,123,collect_rollout,2702,0,19,0.0,False,False,0.0,0.0,0,0,0,0.0,0.0,0.0,0.0,0.0,1,0.0
,academy_3_vs_1_with_keeper,123,collect_rollout,2703,0,14,-0.006666666362434626,False,False,0.0,0.0,0,0,0,0.0,0.0,0.0,0.0,-0.006666666362434626,1,-0.006666666362434626
,academy_3_vs_1_with_keeper,123,collect_rollout,2704,0,17,0.0,False,False,0.0,0.0,0,0,0,0.0,0.0,0.0,0.0,0.0,1,0.0
,academy_3_vs_1_with_keeper,123,collect_rollout,2705,0,18,0.0,False,False,0.0,0.0,0,0,0,0.0,0.0,0.0,0.0,0.0,1,0.0
,academy_3_vs_1_with_keeper,123,collect_rollout,2706,0,16,-0.003333333181217313,False,False,0.0,0.0,0,0,0,0.0,0.0,0.0,0.0,-0.003333333181217313,1,-0.003333333181217313
,academy_3_vs_1_with_keeper,123,collect_rollout,2707,0,19,0.0,False,False,0.0,0.0,0,0,0,0.0,0.0,0.0,0.0,0.0,1,0.0
,academy_3_vs_1_with_keeper,123,collect_rollout,2708,0,23,0.0,False,False,0.0,0.0,0,0,0,0.0,0.0,0.0,0.0,0.0,1,0.0
,academy_3_vs_1_with_keeper,123,collect_rollout,2709,0,16,-0.003333333181217313,False,False,0.0,0.0,0,0,0,0.0,0.0,0.0,0.0,-0.003333333181217313,1,-0.003333333181217313
,academy_3_vs_1_with_keeper,123,collect_rollout,2710,0,46,0.04971301322802901,False,False,0.0,0.0,0,0,0,0.0,0.0,0.0,0.0,0.04971301322802901,1,0.04971301322802901
,academy_3_vs_1_with_keeper,123,collect_rollout,2711,0,20,0.0,False,False,0.0,0.0,0,0,0,0.0,0.0,0.0,0.0,0.0,1,0.0
,academy_3_vs_1_with_keeper,123,collect_rollout,2712,0,16,0.0,False,False,0.0,0.0,0,0,0,0.0,0.0,0.0,0.0,0.0,1,0.0
,academy_3_vs_1_with_keeper,123,collect_rollout,2713,0,17,0.0,False,False,0.0,0.0,0,0,0,0.0,0.0,0.0,0.0,0.0,1,0.0
,academy_3_vs_1_with_keeper,123,collect_rollout,2714,0,21,0.0,False,False,0.0,0.0,0,0,0,0.0,0.0,0.0,0.0,0.0,1,0.0
,academy_3_vs_1_with_keeper,123,collect_rollout,2715,0,19,0.0,False,False,0.0,0.0,0,0,0,0.0,0.0,0.0,0.0,0.0,1,0.0
,academy_3_vs_1_with_keeper,123,collect_rollout,2716,0,16,0.0,False,False,0.0,0.0,0,0,0,0.0,0.0,0.0,0.0,0.0,1,0.0
,academy_3_vs_1_with_keeper,123,collect_rollout,2717,0,16,0.0,False,False,0.0,0.0,0,0,0,0.0,0.0,0.0,0.0,0.0,1,0.0
,academy_3_vs_1_with_keeper,123,collect_rollout,2718,0,20,-0.003333333181217313,False,False,0.0,0.0,0,0,0,0.0,0.0,0.0,0.0,-0.003333333181217313,1,-0.003333333181217313
,academy_3_vs_1_with_keeper,123,collect_rollout,2719,0,16,0.0,False,False,0.0,0.0,0,0,0,0.0,0.0,0.0,0.0,0.0,1,0.0
,academy_3_vs_1_with_keeper,123,collect_rollout,2720,0,15,-0.003333333181217313,False,False,0.0,0.0,0,0,0,0.0,0.0,0.0,0.0,-0.003333333181217313,1,-0.003333333181217313
,academy_3_vs_1_with_keeper,123,collect_rollout,2721,0,18,0.0,False,False,0.0,0.0,0,0,0,0.0,0.0,0.0,0.0,0.0,1,0.0
,academy_3_vs_1_with_keeper,123,collect_rollout,2722,0,20,0.0,False,False,0.0,0.0,0,0,0,0.0,0.0,0.0,0.0,0.0,1,0.0
,academy_3_vs_1_with_keeper,123,collect_rollout,2723,0,20,0.0,False,False,0.0,0.0,0,0,0,0.0,0.0,0.0,0.0,0.0,1,0.0
,academy_3_vs_1_with_keeper,123,collect_rollout,2724,0,55,-0.3116071985568851,False,False,0.0,0.0,0,0,0,0.0,0.0,0.0,0.0,-0.3116071985568851,1,-0.3116071985568851
,academy_3_vs_1_with_keeper,123,collect_rollout,2725,0,19,0.0,False,False,0.0,0.0,0,0,0,0.0,0.0,0.0,0.0,0.0,1,0.0
,academy_3_vs_1_with_keeper,123,collect_rollout,2726,0,19,0.0,False,False,0.0,0.0,0,0,0,0.0,0.0,0.0,0.0,0.0,1,0.0
,academy_3_vs_1_with_keeper,123,collect_rollout,2727,0,16,0.0,False,False,0.0,0.0,0,0,0,0.0,0.0,0.0,0.0,0.0,1,0.0
,academy_3_vs_1_with_keeper,123,collect_rollout,2728,0,18,0.0,False,False,0.0,0.0,0,0,0,0.0,0.0,0.0,0.0,0.0,1,0.0
,academy_3_vs_1_with_keeper,123,collect_rollout,2729,0,15,0.0,False,False,0.0,0.0,0,0,0,0.0,0.0,0.0,0.0,0.0,1,0.0
,academy_3_vs_1_with_keeper,123,collect_rollout,2730,0,18,0.0,False,False,0.0,0.0,0,0,0,0.0,0.0,0.0,0.0,0.0,1,0.0
,academy_3_vs_1_with_keeper,123,collect_rollout,2731,0,18,0.0,False,False,0.0,0.0,0,0,0,0.0,0.0,0.0,0.0,0.0,1,0.0
,academy_3_vs_1_with_keeper,123,collect_rollout,2732,0,14,0.0,False,False,0.0,0.0,0,0,0,0.0,0.0,0.0,0.0,0.0,1,0.0
,academy_3_vs_1_with_keeper,123,collect_rollout,2733,0,20,-0.003333333181217313,False,False,0.0,0.0,0,0,0,0.0,0.0,0.0,0.0,-0.003333333181217313,1,-0.003333333181217313
,academy_3_vs_1_with_keeper,123,collect_rollout,2734,0,19,0.0,False,False,0.0,0.0,0,0,0,0.0,0.0,0.0,0.0,0.0,1,0.0
,academy_3_vs_1_with_keeper,123,collect_rollout,2735,0,16,0.0,False,False,0.0,0.0,0,0,0,0.0,0.0,0.0,0.0,0.0,1,0.0
,academy_3_vs_1_with_keeper,123,collect_rollout,2736,0,17,-0.006666666362434626,False,False,0.0,0.0,0,0,0,0.0,0.0,0.0,0.0,-0.006666666362434626,1,-0.006666666362434626
,academy_3_vs_1_with_keeper,123,collect_rollout,2737,0,16,0.0,False,False,0.0,0.0,0,0,0,0.0,0.0,0.0,0.0,0.0,1,0.0
,academy_3_vs_1_with_keeper,123,collect_rollout,2738,0,104,-0.3544590257370146,False,False,0.0,0.0,0,0,0,0.0,0.0,0.0,0.0,-0.3544590257370146,1,-0.3544590257370146
,academy_3_vs_1_with_keeper,123,collect_rollout,2739,0,21,0.0,False,False,0.0,0.0,0,0,0,0.0,0.0,0.0,0.0,0.0,1,0.0
,academy_3_vs_1_with_keeper,123,collect_rollout,2740,0,17,0.0,False,False,0.0,0.0,0,0,0,0.0,0.0,0.0,0.0,0.0,1,0.0
,academy_3_vs_1_with_keeper,123,collect_rollout,2741,0,19,0.0,False,False,0.0,0.0,0,0,0,0.0,0.0,0.0,0.0,0.0,1,0.0
,academy_3_vs_1_with_keeper,123,collect_rollout,2742,0,20,0.0,False,False,0.0,0.0,0,0,0,0.0,0.0,0.0,0.0,0.0,1,0.0
,academy_3_vs_1_with_keeper,123,collect_rollout,2743,0,15,0.0,False,False,0.0,0.0,0,0,0,0.0,0.0,0.0,0.0,0.0,1,0.0
,academy_3_vs_1_with_keeper,123,collect_rollout,2744,0,19,0.0,False,False,0.0,0.0,0,0,0,0.0,0.0,0.0,0.0,0.0,1,0.0
,academy_3_vs_1_with_keeper,123,collect_rollout,2745,0,19,0.0,False,False,0.0,0.0,0,0,0,0.0,0.0,0.0,0.0,0.0,1,0.0
,academy_3_vs_1_with_keeper,123,collect_rollout,2746,0,19,-0.003333333181217313,False,False,0.0,0.0,0,0,0,0.0,0.0,0.0,0.0,-0.003333333181217313,1,-0.003333333181217313
,academy_3_vs_1_with_keeper,123,collect_rollout,2747,0,21,0.0,False,False,0.0,0.0,0,0,0,0.0,0.0,0.0,0.0,0.0,1,0.0
,academy_3_vs_1_with_keeper,123,collect_rollout,2748,0,19,0.0,False,False,0.0,0.0,0,0,0,0.0,0.0,0.0,0.0,0.0,1,0.0
,academy_3_vs_1_with_keeper,123,collect_rollout,2749,0,24,0.0,False,False,0.0,0.0,0,0,0,0.0,0.0,0.0,0.0,0.0,1,0.0
,academy_3_vs_1_with_keeper,123,collect_rollout,2750,0,18,0.0,False,False,0.0,0.0,0,0,0,0.0,0.0,0.0,0.0,0.0,1,0.0
,academy_3_vs_1_with_keeper,123,collect_rollout,2751,0,21,0.0,False,False,0.0,0.0,0,0,0,0.0,0.0,0.0,0.0,0.0,1,0.0
,academy_3_vs_1_with_keeper,123,collect_rollout,2752,0,23,0.0,False,False,0.0,0.0,0,0,0,0.0,0.0,0.0,0.0,0.0,1,0.0
,academy_3_vs_1_with_keeper,123,collect_rollout,2753,0,18,0.0,False,False,0.0,0.0,0,0,0,0.0,0.0,0.0,0.0,0.0,1,0.0
,academy_3_vs_1_with_keeper,123,collect_rollout,2754,0,19,0.0,False,False,0.0,0.0,0,0,0,0.0,0.0,0.0,0.0,0.0,1,0.0
,academy_3_vs_1_with_keeper,123,collect_rollout,2755,0,21,0.0,False,False,0.0,0.0,0,0,0,0.0,0.0,0.0,0.0,0.0,1,0.0
,academy_3_vs_1_with_keeper,123,collect_rollout,2756,0,22,0.0,False,False,0.0,0.0,0,0,0,0.0,0.0,0.0,0.0,0.0,1,0.0
,academy_3_vs_1_with_keeper,123,collect_rollout,2757,0,17,0.0,False,False,0.0,0.0,0,0,0,0.0,0.0,0.0,0.0,0.0,1,0.0
,academy_3_vs_1_with_keeper,123,collect_rollout,2758,0,15,0.0,False,False,0.0,0.0,0,0,0,0.0,0.0,0.0,0.0,0.0,1,0.0
,academy_3_vs_1_with_keeper,123,collect_rollout,2759,0,18,0.0,False,False,0.0,0.0,0,0,0,0.0,0.0,0.0,0.0,0.0,1,0.0
,academy_3_vs_1_with_keeper,123,collect_rollout,2760,0,13,-0.003333333181217313,False,False,0.0,0.0,0,0,0,0.0,0.0,0.0,0.0,-0.003333333181217313,1,-0.003333333181217313
,academy_3_vs_1_with_keeper,123,collect_rollout,2761,0,23,-0.003333333181217313,False,False,0.0,0.0,0,0,0,0.0,0.0,0.0,0.0,-0.003333333181217313,1,-0.003333333181217313
,academy_3_vs_1_with_keeper,123,collect_rollout,2762,0,17,0.0,False,False,0.0,0.0,0,0,0,0.0,0.0,0.0,0.0,0.0,1,0.0
,academy_3_vs_1_with_keeper,123,collect_rollout,2763,0,20,0.0,False,False,0.0,0.0,0,0,0,0.0,0.0,0.0,0.0,0.0,1,0.0
,academy_3_vs_1_with_keeper,123,collect_rollout,2764,0,99,-0.427048638346605,False,False,0.0,0.0,0,0,0,0.0,0.0,0.0,0.0,-0.427048638346605,1,-0.427048638346605
,academy_3_vs_1_with_keeper,123,collect_rollout,2765,0,19,0.0,False,False,0.0,0.0,0,0,0,0.0,0.0,0.0,0.0,0.0,1,0.0
,academy_3_vs_1_with_keeper,123,collect_rollout,2766,0,21,0.0,False,False,0.0,0.0,0,0,0,0.0,0.0,0.0,0.0,0.0,1,0.0
,academy_3_vs_1_with_keeper,123,collect_rollout,2767,0,16,0.0,False,False,0.0,0.0,0,0,0,0.0,0.0,0.0,0.0,0.0,1,0.0
,academy_3_vs_1_with_keeper,123,collect_rollout,2768,0,17,0.0,False,False,0.0,0.0,0,0,0,0.0,0.0,0.0,0.0,0.0,1,0.0
,academy_3_vs_1_with_keeper,123,collect_rollout,2769,0,19,0.0,False,False,0.0,0.0,0,0,0,0.0,0.0,0.0,0.0,0.0,1,0.0
,academy_3_vs_1_with_keeper,123,collect_rollout,2770,0,19,-0.003333333181217313,False,False,0.0,0.0,0,0,0,0.0,0.0,0.0,0.0,-0.003333333181217313,1,-0.003333333181217313
,academy_3_vs_1_with_keeper,123,collect_rollout,2771,0,18,0.0,False,False,0.0,0.0,0,0,0,0.0,0.0,0.0,0.0,0.0,1,0.0
,academy_3_vs_1_with_keeper,123,collect_rollout,2772,0,15,0.0,False,False,0.0,0.0,0,0,0,0.0,0.0,0.0,0.0,0.0,1,0.0
,academy_3_vs_1_with_keeper,123,collect_rollout,2773,0,19,0.0,False,False,0.0,0.0,0,0,0,0.0,0.0,0.0,0.0,0.0,1,0.0
,academy_3_vs_1_with_keeper,123,collect_rollout,2774,0,14,0.0,False,False,0.0,0.0,0,0,0,0.0,0.0,0.0,0.0,0.0,1,0.0
,academy_3_vs_1_with_keeper,123,collect_rollout,2775,0,16,0.0,False,False,0.0,0.0,0,0,0,0.0,0.0,0.0,0.0,0.0,1,0.0
,academy_3_vs_1_with_keeper,123,collect_rollout,2776,0,22,0.0,False,False,0.0,0.0,0,0,0,0.0,0.0,0.0,0.0,0.0,1,0.0
,academy_3_vs_1_with_keeper,123,collect_rollout,2777,0,76,-0.23755212605465204,False,False,0.0,0.0,0,0,0,0.0,0.0,0.0,0.0,-0.23755212605465204,1,-0.23755212605465204
,academy_3_vs_1_with_keeper,123,collect_rollout,2778,0,15,0.0,False,False,0.0,0.0,0,0,0,0.0,0.0,0.0,0.0,0.0,1,0.0
,academy_3_vs_1_with_keeper,123,collect_rollout,2779,0,24,0.0,False,False,0.0,0.0,0,0,0,0.0,0.0,0.0,0.0,0.0,1,0.0
,academy_3_vs_1_with_keeper,123,collect_rollout,2780,0,18,0.0,False,False,0.0,0.0,0,0,0,0.0,0.0,0.0,0.0,0.0,1,0.0
,academy_3_vs_1_with_keeper,123,collect_rollout,2781,0,18,0.0,False,False,0.0,0.0,0,0,0,0.0,0.0,0.0,0.0,0.0,1,0.0
,academy_3_vs_1_with_keeper,123,collect_rollout,2782,0,19,0.0,False,False,0.0,0.0,0,0,0,0.0,0.0,0.0,0.0,0.0,1,0.0
,academy_3_vs_1_with_keeper,123,collect_rollout,2783,0,20,0.0,False,False,0.0,0.0,0,0,0,0.0,0.0,0.0,0.0,0.0,1,0.0
,academy_3_vs_1_with_keeper,123,collect_rollout,2784,0,17,0.0,False,False,0.0,0.0,0,0,0,0.0,0.0,0.0,0.0,0.0,1,0.0
,academy_3_vs_1_with_keeper,123,collect_rollout,2785,0,15,0.0,False,False,0.0,0.0,0,0,0,0.0,0.0,0.0,0.0,0.0,1,0.0
,academy_3_vs_1_with_keeper,123,collect_rollout,2786,0,19,0.0,False,False,0.0,0.0,0,0,0,0.0,0.0,0.0,0.0,0.0,1,0.0
,academy_3_vs_1_with_keeper,123,collect_rollout,2787,0,21,0.0,False,False,0.0,0.0,0,0,0,0.0,0.0,0.0,0.0,0.0,1,0.0
,academy_3_vs_1_with_keeper,123,collect_rollout,2788,0,16,0.0,False,False,0.0,0.0,0,0,0,0.0,0.0,0.0,0.0,0.0,1,0.0
,academy_3_vs_1_with_keeper,123,collect_rollout,2789,0,20,0.0,False,False,0.0,0.0,0,0,0,0.0,0.0,0.0,0.0,0.0,1,0.0
,academy_3_vs_1_with_keeper,123,collect_rollout,2790,0,17,-0.003333333181217313,False,False,0.0,0.0,0,0,0,0.0,0.0,0.0,0.0,-0.003333333181217313,1,-0.003333333181217313
,academy_3_vs_1_with_keeper,123,collect_rollout,2791,0,14,0.0,False,False,0.0,0.0,0,0,0,0.0,0.0,0.0,0.0,0.0,1,0.0
,academy_3_vs_1_with_keeper,123,collect_rollout,2792,0,18,0.0,False,False,0.0,0.0,0,0,0,0.0,0.0,0.0,0.0,0.0,1,0.0
,academy_3_vs_1_with_keeper,123,collect_rollout,2793,0,19,0.0,False,False,0.0,0.0,0,0,0,0.0,0.0,0.0,0.0,0.0,1,0.0
,academy_3_vs_1_with_keeper,123,collect_rollout,2794,0,16,0.0,False,False,0.0,0.0,0,0,0,0.0,0.0,0.0,0.0,0.0,1,0.0
,academy_3_vs_1_with_keeper,123,collect_rollout,2795,0,21,-0.003333333181217313,False,False,0.0,0.0,0,0,0,0.0,0.0,0.0,0.0,-0.003333333181217313,1,-0.003333333181217313
,academy_3_vs_1_with_keeper,123,collect_rollout,2796,0,20,-0.003333333181217313,False,False,0.0,0.0,0,0,0,0.0,0.0,0.0,0.0,-0.003333333181217313,1,-0.003333333181217313
,academy_3_vs_1_with_keeper,123,collect_rollout,2797,0,18,0.0,False,False,0.0,0.0,0,0,0,0.0,0.0,0.0,0.0,0.0,1,0.0
,academy_3_vs_1_with_keeper,123,collect_rollout,2798,0,9,0.01679544325452298,False,False,0.0,0.0,0,0,0,0.0,0.0,0.0,0.0,0.01679544325452298,1,0.01679544325452298
,academy_3_vs_1_with_keeper,123,collect_rollout,2799,0,19,-0.003333333181217313,False,False,0.0,0.0,0,0,0,0.0,0.0,0.0,0.0,-0.003333333181217313,1,-0.003333333181217313
,academy_3_vs_1_with_keeper,123,collect_rollout,2800,0,16,0.0,False,False,0.0,0.0,0,0,0,0.0,0.0,0.0,0.0,0.0,1,0.0
,academy_3_vs_1_with_keeper,123,collect_rollout,2801,0,19,0.0,False,False,0.0,0.0,0,0,0,0.0,0.0,0.0,0.0,0.0,1,0.0
,academy_3_vs_1_with_keeper,123,collect_rollout,2802,0,20,0.0,False,False,0.0,0.0,0,0,0,0.0,0.0,0.0,0.0,0.0,1,0.0
,academy_3_vs_1_with_keeper,123,collect_rollout,2803,0,18,0.0,False,False,0.0,0.0,0,0,0,0.0,0.0,0.0,0.0,0.0,1,0.0
,academy_3_vs_1_with_keeper,123,collect_rollout,2804,0,99,-0.3300777564290911,False,False,0.0,0.0,0,0,0,0.0,0.0,0.0,0.0,-0.3300777564290911,1,-0.3300777564290911
,academy_3_vs_1_with_keeper,123,collect_rollout,2805,0,24,0.0,False,False,0.0,0.0,0,0,0,0.0,0.0,0.0,0.0,0.0,1,0.0
,academy_3_vs_1_with_keeper,123,collect_rollout,2806,0,20,0.0,False,False,0.0,0.0,0,0,0,0.0,0.0,0.0,0.0,0.0,1,0.0
,academy_3_vs_1_with_keeper,123,collect_rollout,2807,0,20,0.0,False,False,0.0,0.0,0,0,0,0.0,0.0,0.0,0.0,0.0,1,0.0
,academy_3_vs_1_with_keeper,123,collect_rollout,2808,0,18,0.0,False,False,0.0,0.0,0,0,0,0.0,0.0,0.0,0.0,0.0,1,0.0
,academy_3_vs_1_with_keeper,123,collect_rollout,2809,0,14,-0.003333333181217313,False,False,0.0,0.0,0,0,0,0.0,0.0,0.0,0.0,-0.003333333181217313,1,-0.003333333181217313
,academy_3_vs_1_with_keeper,123,collect_rollout,2810,0,19,0.0,False,False,0.0,0.0,0,0,0,0.0,0.0,0.0,0.0,0.0,1,0.0
,academy_3_vs_1_with_keeper,123,collect_rollout,2811,0,16,0.0,False,False,0.0,0.0,0,0,0,0.0,0.0,0.0,0.0,0.0,1,0.0
,academy_3_vs_1_with_keeper,123,collect_rollout,2812,0,20,0.0,False,False,0.0,0.0,0,0,0,0.0,0.0,0.0,0.0,0.0,1,0.0
,academy_3_vs_1_with_keeper,123,collect_rollout,2813,0,20,0.0,False,False,0.0,0.0,0,0,0,0.0,0.0,0.0,0.0,0.0,1,0.0
,academy_3_vs_1_with_keeper,123,collect_rollout,2814,0,17,0.0,False,False,0.0,0.0,0,0,0,0.0,0.0,0.0,0.0,0.0,1,0.0
,academy_3_vs_1_with_keeper,123,collect_rollout,2815,0,17,-0.003333333181217313,False,False,0.0,0.0,0,0,0,0.0,0.0,0.0,0.0,-0.003333333181217313,1,-0.003333333181217313
,academy_3_vs_1_with_keeper,123,collect_rollout,2816,0,17,0.0,False,False,0.0,0.0,0,0,0,0.0,0.0,0.0,0.0,0.0,1,0.0
,academy_3_vs_1_with_keeper,123,collect_rollout,2817,0,19,0.0,False,False,0.0,0.0,0,0,0,0.0,0.0,0.0,0.0,0.0,1,0.0
,academy_3_vs_1_with_keeper,123,collect_rollout,2818,0,17,0.0,False,False,0.0,0.0,0,0,0,0.0,0.0,0.0,0.0,0.0,1,0.0
,academy_3_vs_1_with_keeper,123,collect_rollout,2819,0,21,0.0,False,False,0.0,0.0,0,0,0,0.0,0.0,0.0,0.0,0.0,1,0.0
,academy_3_vs_1_with_keeper,123,collect_rollout,2820,0,19,0.0,False,False,0.0,0.0,0,0,0,0.0,0.0,0.0,0.0,0.0,1,0.0
,academy_3_vs_1_with_keeper,123,collect_rollout,2821,0,21,0.0,False,False,0.0,0.0,0,0,0,0.0,0.0,0.0,0.0,0.0,1,0.0
,academy_3_vs_1_with_keeper,123,collect_rollout,2822,0,16,0.0,False,False,0.0,0.0,0,0,0,0.0,0.0,0.0,0.0,0.0,1,0.0
,academy_3_vs_1_with_keeper,123,collect_rollout,2823,0,17,0.0,False,False,0.0,0.0,0,0,0,0.0,0.0,0.0,0.0,0.0,1,0.0
,academy_3_vs_1_with_keeper,123,collect_rollout,2824,0,17,-0.003333333181217313,False,False,0.0,0.0,0,0,0,0.0,0.0,0.0,0.0,-0.003333333181217313,1,-0.003333333181217313
,academy_3_vs_1_with_keeper,123,collect_rollout,2825,0,22,0.0,False,False,0.0,0.0,0,0,0,0.0,0.0,0.0,0.0,0.0,1,0.0
,academy_3_vs_1_with_keeper,123,collect_rollout,2826,0,21,0.0,False,False,0.0,0.0,0,0,0,0.0,0.0,0.0,0.0,0.0,1,0.0
,academy_3_vs_1_with_keeper,123,collect_rollout,2827,0,17,0.0,False,False,0.0,0.0,0,0,0,0.0,0.0,0.0,0.0,0.0,1,0.0
,academy_3_vs_1_with_keeper,123,collect_rollout,2828,0,14,0.0,False,False,0.0,0.0,0,0,0,0.0,0.0,0.0,0.0,0.0,1,0.0
,academy_3_vs_1_with_keeper,123,collect_rollout,2829,0,16,0.0,False,False,0.0,0.0,0,0,0,0.0,0.0,0.0,0.0,0.0,1,0.0
,academy_3_vs_1_with_keeper,123,collect_rollout,2830,0,17,-0.003333333181217313,False,False,0.0,0.0,0,0,0,0.0,0.0,0.0,0.0,-0.003333333181217313,1,-0.003333333181217313
,academy_3_vs_1_with_keeper,123,collect_rollout,2831,0,15,0.0,False,False,0.0,0.0,0,0,0,0.0,0.0,0.0,0.0,0.0,1,0.0
,academy_3_vs_1_with_keeper,123,collect_rollout,2832,0,13,0.0,False,False,0.0,0.0,0,0,0,0.0,0.0,0.0,0.0,0.0,1,0.0
,academy_3_vs_1_with_keeper,123,collect_rollout,2833,0,19,-0.003333333181217313,False,False,0.0,0.0,0,0,0,0.0,0.0,0.0,0.0,-0.003333333181217313,1,-0.003333333181217313
,academy_3_vs_1_with_keeper,123,collect_rollout,2834,0,21,0.0,False,False,0.0,0.0,0,0,0,0.0,0.0,0.0,0.0,0.0,1,0.0
,academy_3_vs_1_with_keeper,123,collect_rollout,2835,0,22,0.0,False,False,0.0,0.0,0,0,0,0.0,0.0,0.0,0.0,0.0,1,0.0
,academy_3_vs_1_with_keeper,123,collect_rollout,2836,0,16,0.0,False,False,0.0,0.0,0,0,0,0.0,0.0,0.0,0.0,0.0,1,0.0
,academy_3_vs_1_with_keeper,123,collect_rollout,2837,0,18,0.0,False,False,0.0,0.0,0,0,0,0.0,0.0,0.0,0.0,0.0,1,0.0
,academy_3_vs_1_with_keeper,123,collect_rollout,2838,0,14,-0.006666666362434626,False,False,0.0,0.0,0,0,0,0.0,0.0,0.0,0.0,-0.006666666362434626,1,-0.006666666362434626
,academy_3_vs_1_with_keeper,123,collect_rollout,2839,0,16,0.0,False,False,0.0,0.0,0,0,0,0.0,0.0,0.0,0.0,0.0,1,0.0
,academy_3_vs_1_with_keeper,123,collect_rollout,2840,0,20,-0.003333333181217313,False,False,0.0,0.0,0,0,0,0.0,0.0,0.0,0.0,-0.003333333181217313,1,-0.003333333181217313
,academy_3_vs_1_with_keeper,123,collect_rollout,2841,0,22,0.0,False,False,0.0,0.0,0,0,0,0.0,0.0,0.0,0.0,0.0,1,0.0
,academy_3_vs_1_with_keeper,123,collect_rollout,2842,0,18,-0.003333333181217313,False,False,0.0,0.0,0,0,0,0.0,0.0,0.0,0.0,-0.003333333181217313,1,-0.003333333181217313
,academy_3_vs_1_with_keeper,123,collect_rollout,2843,0,17,0.0,False,False,0.0,0.0,0,0,0,0.0,0.0,0.0,0.0,0.0,1,0.0
,academy_3_vs_1_with_keeper,123,collect_rollout,2844,0,21,0.0,False,False,0.0,0.0,0,0,0,0.0,0.0,0.0,0.0,0.0,1,0.0
,academy_3_vs_1_with_keeper,123,collect_rollout,2845,0,20,0.0,False,False,0.0,0.0,0,0,0,0.0,0.0,0.0,0.0,0.0,1,0.0
,academy_3_vs_1_with_keeper,123,collect_rollout,2846,0,15,-0.003333333181217313,False,False,0.0,0.0,0,0,0,0.0,0.0,0.0,0.0,-0.003333333181217313,1,-0.003333333181217313
,academy_3_vs_1_with_keeper,123,collect_rollout,2847,0,15,0.0,False,False,0.0,0.0,0,0,0,0.0,0.0,0.0,0.0,0.0,1,0.0
,academy_3_vs_1_with_keeper,123,collect_rollout,2848,0,18,0.0,False,False,0.0,0.0,0,0,0,0.0,0.0,0.0,0.0,0.0,1,0.0
,academy_3_vs_1_with_keeper,123,collect_rollout,2849,0,19,0.0,False,False,0.0,0.0,0,0,0,0.0,0.0,0.0,0.0,0.0,1,0.0
,academy_3_vs_1_with_keeper,123,collect_rollout,2850,0,17,0.0,False,False,0.0,0.0,0,0,0,0.0,0.0,0.0,0.0,0.0,1,0.0
,academy_3_vs_1_with_keeper,123,collect_rollout,2851,0,17,0.0,False,False,0.0,0.0,0,0,0,0.0,0.0,0.0,0.0,0.0,1,0.0
,academy_3_vs_1_with_keeper,123,collect_rollout,2852,0,22,-0.003333333181217313,False,False,0.0,0.0,0,0,0,0.0,0.0,0.0,0.0,-0.003333333181217313,1,-0.003333333181217313
,academy_3_vs_1_with_keeper,123,collect_rollout,2853,0,17,-0.003333333181217313,False,False,0.0,0.0,0,0,0,0.0,0.0,0.0,0.0,-0.003333333181217313,1,-0.003333333181217313
,academy_3_vs_1_with_keeper,123,collect_rollout,2854,0,22,0.0,False,False,0.0,0.0,0,0,0,0.0,0.0,0.0,0.0,0.0,1,0.0
,academy_3_vs_1_with_keeper,123,collect_rollout,2855,0,17,0.0,False,False,0.0,0.0,0,0,0,0.0,0.0,0.0,0.0,0.0,1,0.0
,academy_3_vs_1_with_keeper,123,collect_rollout,2856,0,20,0.0,False,False,0.0,0.0,0,0,0,0.0,0.0,0.0,0.0,0.0,1,0.0
,academy_3_vs_1_with_keeper,123,collect_rollout,2857,0,18,0.0,False,False,0.0,0.0,0,0,0,0.0,0.0,0.0,0.0,0.0,1,0.0
,academy_3_vs_1_with_keeper,123,collect_rollout,2858,0,20,0.0,False,False,0.0,0.0,0,0,0,0.0,0.0,0.0,0.0,0.0,1,0.0
,academy_3_vs_1_with_keeper,123,collect_rollout,2859,0,20,0.0,False,False,0.0,0.0,0,0,0,0.0,0.0,0.0,0.0,0.0,1,0.0
,academy_3_vs_1_with_keeper,123,collect_rollout,2860,0,18,0.0,False,False,0.0,0.0,0,0,0,0.0,0.0,0.0,0.0,0.0,1,0.0
,academy_3_vs_1_with_keeper,123,collect_rollout,2861,0,17,0.0,False,False,0.0,0.0,0,0,0,0.0,0.0,0.0,0.0,0.0,1,0.0
,academy_3_vs_1_with_keeper,123,collect_rollout,2862,0,19,0.0,False,False,0.0,0.0,0,0,0,0.0,0.0,0.0,0.0,0.0,1,0.0
,academy_3_vs_1_with_keeper,123,collect_rollout,2863,0,17,0.0,False,False,0.0,0.0,0,0,0,0.0,0.0,0.0,0.0,0.0,1,0.0
,academy_3_vs_1_with_keeper,123,collect_rollout,2864,0,22,0.0,False,False,0.0,0.0,0,0,0,0.0,0.0,0.0,0.0,0.0,1,0.0
,academy_3_vs_1_with_keeper,123,collect_rollout,2865,0,20,0.0,False,False,0.0,0.0,0,0,0,0.0,0.0,0.0,0.0,0.0,1,0.0
,academy_3_vs_1_with_keeper,123,collect_rollout,2866,0,18,0.0,False,False,0.0,0.0,0,0,0,0.0,0.0,0.0,0.0,0.0,1,0.0
,academy_3_vs_1_with_keeper,123,collect_rollout,2867,0,16,0.0,False,False,0.0,0.0,0,0,0,0.0,0.0,0.0,0.0,0.0,1,0.0
,academy_3_vs_1_with_keeper,123,collect_rollout,2868,0,18,0.0,False,False,0.0,0.0,0,0,0,0.0,0.0,0.0,0.0,0.0,1,0.0
,academy_3_vs_1_with_keeper,123,collect_rollout,2869,0,21,-0.003333333181217313,False,False,0.0,0.0,0,0,0,0.0,0.0,0.0,0.0,-0.003333333181217313,1,-0.003333333181217313
,academy_3_vs_1_with_keeper,123,collect_rollout,2870,0,14,0.0,False,False,0.0,0.0,0,0,0,0.0,0.0,0.0,0.0,0.0,1,0.0
,academy_3_vs_1_with_keeper,123,collect_rollout,2871,0,18,0.0,False,False,0.0,0.0,0,0,0,0.0,0.0,0.0,0.0,0.0,1,0.0
,academy_3_vs_1_with_keeper,123,collect_rollout,2872,0,22,-0.003333333181217313,False,False,0.0,0.0,0,0,0,0.0,0.0,0.0,0.0,-0.003333333181217313,1,-0.003333333181217313
,academy_3_vs_1_with_keeper,123,collect_rollout,2873,0,83,-0.265677759074606,False,False,0.0,0.0,0,0,0,0.0,0.0,0.0,0.0,-0.265677759074606,1,-0.265677759074606
,academy_3_vs_1_with_keeper,123,collect_rollout,2874,0,16,0.0,False,False,0.0,0.0,0,0,0,0.0,0.0,0.0,0.0,0.0,1,0.0
,academy_3_vs_1_with_keeper,123,collect_rollout,2875,0,17,0.0,False,False,0.0,0.0,0,0,0,0.0,0.0,0.0,0.0,0.0,1,0.0
,academy_3_vs_1_with_keeper,123,collect_rollout,2876,0,17,0.0,False,False,0.0,0.0,0,0,0,0.0,0.0,0.0,0.0,0.0,1,0.0
,academy_3_vs_1_with_keeper,123,collect_rollout,2877,0,20,0.0,False,False,0.0,0.0,0,0,0,0.0,0.0,0.0,0.0,0.0,1,0.0
,academy_3_vs_1_with_keeper,123,collect_rollout,2878,0,145,-0.6471601299708709,False,False,0.0,0.0,0,0,0,0.0,0.0,0.0,0.0,-0.6471601299708709,1,-0.6471601299708709
,academy_3_vs_1_with_keeper,123,collect_rollout,2879,0,22,0.0,False,False,0.0,0.0,0,0,0,0.0,0.0,0.0,0.0,0.0,1,0.0
,academy_3_vs_1_with_keeper,123,collect_rollout,2880,0,21,0.0,False,False,0.0,0.0,0,0,0,0.0,0.0,0.0,0.0,0.0,1,0.0
,academy_3_vs_1_with_keeper,123,collect_rollout,2881,0,20,0.0,False,False,0.0,0.0,0,0,0,0.0,0.0,0.0,0.0,0.0,1,0.0
,academy_3_vs_1_with_keeper,123,collect_rollout,2882,0,21,0.0,False,False,0.0,0.0,0,0,0,0.0,0.0,0.0,0.0,0.0,1,0.0
,academy_3_vs_1_with_keeper,123,collect_rollout,2883,0,17,-0.003333333181217313,False,False,0.0,0.0,0,0,0,0.0,0.0,0.0,0.0,-0.003333333181217313,1,-0.003333333181217313
,academy_3_vs_1_with_keeper,123,collect_rollout,2884,0,17,0.0,False,False,0.0,0.0,0,0,0,0.0,0.0,0.0,0.0,0.0,1,0.0
,academy_3_vs_1_with_keeper,123,collect_rollout,2885,0,20,-0.006666666362434626,False,False,0.0,0.0,0,0,0,0.0,0.0,0.0,0.0,-0.006666666362434626,1,-0.006666666362434626
,academy_3_vs_1_with_keeper,123,collect_rollout,2886,0,19,0.0,False,False,0.0,0.0,0,0,0,0.0,0.0,0.0,0.0,0.0,1,0.0
,academy_3_vs_1_with_keeper,123,collect_rollout,2887,0,17,0.0,False,False,0.0,0.0,0,0,0,0.0,0.0,0.0,0.0,0.0,1,0.0
,academy_3_vs_1_with_keeper,123,collect_rollout,2888,0,19,-0.003333333181217313,False,False,0.0,0.0,0,0,0,0.0,0.0,0.0,0.0,-0.003333333181217313,1,-0.003333333181217313
,academy_3_vs_1_with_keeper,123,collect_rollout,2889,0,17,-0.006666666362434626,False,False,0.0,0.0,0,0,0,0.0,0.0,0.0,0.0,-0.006666666362434626,1,-0.006666666362434626
,academy_3_vs_1_with_keeper,123,collect_rollout,2890,0,17,-0.003333333181217313,False,False,0.0,0.0,0,0,0,0.0,0.0,0.0,0.0,-0.003333333181217313,1,-0.003333333181217313
,academy_3_vs_1_with_keeper,123,collect_rollout,2891,0,18,0.0,False,False,0.0,0.0,0,0,0,0.0,0.0,0.0,0.0,0.0,1,0.0
,academy_3_vs_1_with_keeper,123,collect_rollout,2892,0,18,0.0,False,False,0.0,0.0,0,0,0,0.0,0.0,0.0,0.0,0.0,1,0.0
,academy_3_vs_1_with_keeper,123,collect_rollout,2893,0,18,-0.003333333181217313,False,False,0.0,0.0,0,0,0,0.0,0.0,0.0,0.0,-0.003333333181217313,1,-0.003333333181217313
,academy_3_vs_1_with_keeper,123,collect_rollout,2894,0,21,0.0,False,False,0.0,0.0,0,0,0,0.0,0.0,0.0,0.0,0.0,1,0.0
,academy_3_vs_1_with_keeper,123,collect_rollout,2895,0,16,0.0,False,False,0.0,0.0,0,0,0,0.0,0.0,0.0,0.0,0.0,1,0.0
,academy_3_vs_1_with_keeper,123,collect_rollout,2896,0,16,0.0,False,False,0.0,0.0,0,0,0,0.0,0.0,0.0,0.0,0.0,1,0.0
,academy_3_vs_1_with_keeper,123,collect_rollout,2897,0,32,-0.03666666825301945,False,False,0.0,0.0,0,0,0,0.0,0.0,0.0,0.0,-0.03666666825301945,1,-0.03666666825301945
,academy_3_vs_1_with_keeper,123,collect_rollout,2898,0,23,0.0,False,False,0.0,0.0,0,0,0,0.0,0.0,0.0,0.0,0.0,1,0.0
,academy_3_vs_1_with_keeper,123,collect_rollout,2899,0,20,0.0,False,False,0.0,0.0,0,0,0,0.0,0.0,0.0,0.0,0.0,1,0.0
,academy_3_vs_1_with_keeper,123,collect_rollout,2900,0,20,-0.006666666362434626,False,False,0.0,0.0,0,0,0,0.0,0.0,0.0,0.0,-0.006666666362434626,1,-0.006666666362434626
,academy_3_vs_1_with_keeper,123,collect_rollout,2901,0,18,0.0,False,False,0.0,0.0,0,0,0,0.0,0.0,0.0,0.0,0.0,1,0.0
,academy_3_vs_1_with_keeper,123,collect_rollout,2902,0,20,0.0,False,False,0.0,0.0,0,0,0,0.0,0.0,0.0,0.0,0.0,1,0.0
,academy_3_vs_1_with_keeper,123,collect_rollout,2903,0,15,0.0,False,False,0.0,0.0,0,0,0,0.0,0.0,0.0,0.0,0.0,1,0.0
,academy_3_vs_1_with_keeper,123,collect_rollout,2904,0,21,0.0,False,False,0.0,0.0,0,0,0,0.0,0.0,0.0,0.0,0.0,1,0.0
,academy_3_vs_1_with_keeper,123,collect_rollout,2905,0,23,0.0,False,False,0.0,0.0,0,0,0,0.0,0.0,0.0,0.0,0.0,1,0.0
,academy_3_vs_1_with_keeper,123,collect_rollout,2906,0,14,0.0,False,False,0.0,0.0,0,0,0,0.0,0.0,0.0,0.0,0.0,1,0.0
,academy_3_vs_1_with_keeper,123,collect_rollout,2907,0,19,0.0,False,False,0.0,0.0,0,0,0,0.0,0.0,0.0,0.0,0.0,1,0.0
,academy_3_vs_1_with_keeper,123,collect_rollout,2908,0,21,0.0,False,False,0.0,0.0,0,0,0,0.0,0.0,0.0,0.0,0.0,1,0.0
,academy_3_vs_1_with_keeper,123,collect_rollout,2909,0,20,0.0,False,False,0.0,0.0,0,0,0,0.0,0.0,0.0,0.0,0.0,1,0.0
,academy_3_vs_1_with_keeper,123,collect_rollout,2910,0,15,0.0,False,False,0.0,0.0,0,0,0,0.0,0.0,0.0,0.0,0.0,1,0.0
,academy_3_vs_1_with_keeper,123,collect_rollout,2911,0,20,0.0,False,False,0.0,0.0,0,0,0,0.0,0.0,0.0,0.0,0.0,1,0.0
,academy_3_vs_1_with_keeper,123,collect_rollout,2912,0,19,0.0,False,False,0.0,0.0,0,0,0,0.0,0.0,0.0,0.0,0.0,1,0.0
,academy_3_vs_1_with_keeper,123,collect_rollout,2913,0,15,-0.003333333181217313,False,False,0.0,0.0,0,0,0,0.0,0.0,0.0,0.0,-0.003333333181217313,1,-0.003333333181217313
,academy_3_vs_1_with_keeper,123,collect_rollout,2914,0,19,0.0,False,False,0.0,0.0,0,0,0,0.0,0.0,0.0,0.0,0.0,1,0.0
,academy_3_vs_1_with_keeper,123,collect_rollout,2915,0,23,0.0,False,False,0.0,0.0,0,0,0,0.0,0.0,0.0,0.0,0.0,1,0.0
,academy_3_vs_1_with_keeper,123,collect_rollout,2916,0,18,0.0,False,False,0.0,0.0,0,0,0,0.0,0.0,0.0,0.0,0.0,1,0.0
,academy_3_vs_1_with_keeper,123,collect_rollout,2917,0,16,0.0,False,False,0.0,0.0,0,0,0,0.0,0.0,0.0,0.0,0.0,1,0.0
,academy_3_vs_1_with_keeper,123,collect_rollout,2918,0,17,0.0,False,False,0.0,0.0,0,0,0,0.0,0.0,0.0,0.0,0.0,1,0.0
,academy_3_vs_1_with_keeper,123,collect_rollout,2919,0,20,0.0,False,False,0.0,0.0,0,0,0,0.0,0.0,0.0,0.0,0.0,1,0.0
,academy_3_vs_1_with_keeper,123,collect_rollout,2920,0,20,-0.003333333181217313,False,False,0.0,0.0,0,0,0,0.0,0.0,0.0,0.0,-0.003333333181217313,1,-0.003333333181217313
,academy_3_vs_1_with_keeper,123,collect_rollout,2921,0,19,-0.006666666362434626,False,False,0.0,0.0,0,0,0,0.0,0.0,0.0,0.0,-0.006666666362434626,1,-0.006666666362434626
,academy_3_vs_1_with_keeper,123,collect_rollout,2922,0,87,-0.14993967459304258,False,False,0.0,0.0,0,0,0,0.0,0.0,0.0,0.0,-0.14993967459304258,1,-0.14993967459304258
,academy_3_vs_1_with_keeper,123,collect_rollout,2923,0,19,0.0,False,False,0.0,0.0,0,0,0,0.0,0.0,0.0,0.0,0.0,1,0.0
,academy_3_vs_1_with_keeper,123,collect_rollout,2924,0,19,0.0,False,False,0.0,0.0,0,0,0,0.0,0.0,0.0,0.0,0.0,1,0.0
,academy_3_vs_1_with_keeper,123,collect_rollout,2925,0,19,0.0,False,False,0.0,0.0,0,0,0,0.0,0.0,0.0,0.0,0.0,1,0.0
,academy_3_vs_1_with_keeper,123,collect_rollout,2926,0,23,0.0,False,False,0.0,0.0,0,0,0,0.0,0.0,0.0,0.0,0.0,1,0.0
,academy_3_vs_1_with_keeper,123,collect_rollout,2927,0,19,0.0,False,False,0.0,0.0,0,0,0,0.0,0.0,0.0,0.0,0.0,1,0.0
,academy_3_vs_1_with_keeper,123,collect_rollout,2928,0,18,-0.003333333181217313,False,False,0.0,0.0,0,0,0,0.0,0.0,0.0,0.0,-0.003333333181217313,1,-0.003333333181217313
,academy_3_vs_1_with_keeper,123,collect_rollout,2929,0,79,-0.2491450208472088,False,False,0.0,0.0,0,0,0,0.0,0.0,0.0,0.0,-0.2491450208472088,1,-0.2491450208472088
,academy_3_vs_1_with_keeper,123,collect_rollout,2930,0,98,-0.16015571856405586,False,False,0.0,0.0,0,0,0,0.0,0.0,0.0,0.0,-0.16015571856405586,1,-0.16015571856405586
,academy_3_vs_1_with_keeper,123,collect_rollout,2931,0,15,0.0,False,False,0.0,0.0,0,0,0,0.0,0.0,0.0,0.0,0.0,1,0.0
,academy_3_vs_1_with_keeper,123,collect_rollout,2932,0,19,0.0,False,False,0.0,0.0,0,0,0,0.0,0.0,0.0,0.0,0.0,1,0.0
,academy_3_vs_1_with_keeper,123,collect_rollout,2933,0,17,0.0,False,False,0.0,0.0,0,0,0,0.0,0.0,0.0,0.0,0.0,1,0.0
,academy_3_vs_1_with_keeper,123,collect_rollout,2934,0,20,0.0,False,False,0.0,0.0,0,0,0,0.0,0.0,0.0,0.0,0.0,1,0.0
,academy_3_vs_1_with_keeper,123,collect_rollout,2935,0,16,0.0,False,False,0.0,0.0,0,0,0,0.0,0.0,0.0,0.0,0.0,1,0.0
,academy_3_vs_1_with_keeper,123,collect_rollout,2936,0,18,0.0,False,False,0.0,0.0,0,0,0,0.0,0.0,0.0,0.0,0.0,1,0.0
,academy_3_vs_1_with_keeper,123,collect_rollout,2937,0,18,0.0,False,False,0.0,0.0,0,0,0,0.0,0.0,0.0,0.0,0.0,1,0.0
,academy_3_vs_1_with_keeper,123,collect_rollout,2938,0,18,0.0,False,False,0.0,0.0,0,0,0,0.0,0.0,0.0,0.0,0.0,1,0.0
,academy_3_vs_1_with_keeper,123,collect_rollout,2939,0,17,0.0,False,False,0.0,0.0,0,0,0,0.0,0.0,0.0,0.0,0.0,1,0.0
,academy_3_vs_1_with_keeper,123,collect_rollout,2940,0,22,0.0,False,False,0.0,0.0,0,0,0,0.0,0.0,0.0,0.0,0.0,1,0.0
,academy_3_vs_1_with_keeper,123,collect_rollout,2941,0,92,-0.20761088921426563,False,False,0.0,0.0,0,0,0,0.0,0.0,0.0,0.0,-0.20761088921426563,1,-0.20761088921426563
,academy_3_vs_1_with_keeper,123,collect_rollout,2942,0,23,0.0,False,False,0.0,0.0,0,0,0,0.0,0.0,0.0,0.0,0.0,1,0.0
,academy_3_vs_1_with_keeper,123,collect_rollout,2943,0,19,0.0,False,False,0.0,0.0,0,0,0,0.0,0.0,0.0,0.0,0.0,1,0.0
,academy_3_vs_1_with_keeper,123,collect_rollout,2944,0,15,0.0,False,False,0.0,0.0,0,0,0,0.0,0.0,0.0,0.0,0.0,1,0.0
,academy_3_vs_1_with_keeper,123,collect_rollout,2945,0,18,0.0,False,False,0.0,0.0,0,0,0,0.0,0.0,0.0,0.0,0.0,1,0.0
,academy_3_vs_1_with_keeper,123,collect_rollout,2946,0,102,-0.39138787814590614,False,False,0.0,0.0,0,0,0,0.0,0.0,0.0,0.0,-0.39138787814590614,1,-0.39138787814590614
,academy_3_vs_1_with_keeper,123,collect_rollout,2947,0,17,0.0,False,False,0.0,0.0,0,0,0,0.0,0.0,0.0,0.0,0.0,1,0.0
,academy_3_vs_1_with_keeper,123,collect_rollout,2948,0,15,0.0,False,False,0.0,0.0,0,0,0,0.0,0.0,0.0,0.0,0.0,1,0.0
,academy_3_vs_1_with_keeper,123,collect_rollout,2949,0,21,-0.006666666362434626,False,False,0.0,0.0,0,0,0,0.0,0.0,0.0,0.0,-0.006666666362434626,1,-0.006666666362434626
,academy_3_vs_1_with_keeper,123,collect_rollout,2950,0,15,0.0,False,False,0.0,0.0,0,0,0,0.0,0.0,0.0,0.0,0.0,1,0.0
,academy_3_vs_1_with_keeper,123,collect_rollout,2951,0,20,0.0,False,False,0.0,0.0,0,0,0,0.0,0.0,0.0,0.0,0.0,1,0.0
,academy_3_vs_1_with_keeper,123,collect_rollout,2952,0,18,0.0,False,False,0.0,0.0,0,0,0,0.0,0.0,0.0,0.0,0.0,1,0.0
,academy_3_vs_1_with_keeper,123,collect_rollout,2953,0,20,-0.003333333181217313,False,False,0.0,0.0,0,0,0,0.0,0.0,0.0,0.0,-0.003333333181217313,1,-0.003333333181217313
,academy_3_vs_1_with_keeper,123,collect_rollout,2954,0,19,0.0,False,False,0.0,0.0,0,0,0,0.0,0.0,0.0,0.0,0.0,1,0.0
,academy_3_vs_1_with_keeper,123,collect_rollout,2955,0,15,0.0,False,False,0.0,0.0,0,0,0,0.0,0.0,0.0,0.0,0.0,1,0.0
,academy_3_vs_1_with_keeper,123,collect_rollout,2956,0,17,0.0,False,False,0.0,0.0,0,0,0,0.0,0.0,0.0,0.0,0.0,1,0.0
,academy_3_vs_1_with_keeper,123,collect_rollout,2957,0,19,0.0,False,False,0.0,0.0,0,0,0,0.0,0.0,0.0,0.0,0.0,1,0.0
,academy_3_vs_1_with_keeper,123,collect_rollout,2958,0,16,0.0,False,False,0.0,0.0,0,0,0,0.0,0.0,0.0,0.0,0.0,1,0.0
,academy_3_vs_1_with_keeper,123,collect_rollout,2959,0,17,0.0,False,False,0.0,0.0,0,0,0,0.0,0.0,0.0,0.0,0.0,1,0.0
,academy_3_vs_1_with_keeper,123,collect_rollout,2960,0,19,0.0,False,False,0.0,0.0,0,0,0,0.0,0.0,0.0,0.0,0.0,1,0.0
,academy_3_vs_1_with_keeper,123,collect_rollout,2961,0,16,-0.003333333181217313,False,False,0.0,0.0,0,0,0,0.0,0.0,0.0,0.0,-0.003333333181217313,1,-0.003333333181217313
,academy_3_vs_1_with_keeper,123,collect_rollout,2962,0,20,0.0,False,False,0.0,0.0,0,0,0,0.0,0.0,0.0,0.0,0.0,1,0.0
,academy_3_vs_1_with_keeper,123,collect_rollout,2963,0,20,0.0,False,False,0.0,0.0,0,0,0,0.0,0.0,0.0,0.0,0.0,1,0.0
,academy_3_vs_1_with_keeper,123,collect_rollout,2964,0,16,0.0,False,False,0.0,0.0,0,0,0,0.0,0.0,0.0,0.0,0.0,1,0.0
,academy_3_vs_1_with_keeper,123,collect_rollout,2965,0,18,0.0,False,False,0.0,0.0,0,0,0,0.0,0.0,0.0,0.0,0.0,1,0.0
,academy_3_vs_1_with_keeper,123,collect_rollout,2966,0,17,0.0,False,False,0.0,0.0,0,0,0,0.0,0.0,0.0,0.0,0.0,1,0.0
,academy_3_vs_1_with_keeper,123,collect_rollout,2967,0,18,-0.003333333181217313,False,False,0.0,0.0,0,0,0,0.0,0.0,0.0,0.0,-0.003333333181217313,1,-0.003333333181217313
,academy_3_vs_1_with_keeper,123,collect_rollout,2968,0,16,-0.003333333181217313,False,False,0.0,0.0,0,0,0,0.0,0.0,0.0,0.0,-0.003333333181217313,1,-0.003333333181217313
,academy_3_vs_1_with_keeper,123,collect_rollout,2969,0,17,0.0,False,False,0.0,0.0,0,0,0,0.0,0.0,0.0,0.0,0.0,1,0.0
,academy_3_vs_1_with_keeper,123,collect_rollout,2970,0,14,0.0,False,False,0.0,0.0,0,0,0,0.0,0.0,0.0,0.0,0.0,1,0.0
,academy_3_vs_1_with_keeper,123,collect_rollout,2971,0,18,0.0,False,False,0.0,0.0,0,0,0,0.0,0.0,0.0,0.0,0.0,1,0.0
,academy_3_vs_1_with_keeper,123,collect_rollout,2972,0,22,0.0,False,False,0.0,0.0,0,0,0,0.0,0.0,0.0,0.0,0.0,1,0.0
,academy_3_vs_1_with_keeper,123,collect_rollout,2973,0,16,0.0,False,False,0.0,0.0,0,0,0,0.0,0.0,0.0,0.0,0.0,1,0.0
,academy_3_vs_1_with_keeper,123,collect_rollout,2974,0,24,0.0,False,False,0.0,0.0,0,0,0,0.0,0.0,0.0,0.0,0.0,1,0.0
,academy_3_vs_1_with_keeper,123,collect_rollout,2975,0,18,0.0,False,False,0.0,0.0,0,0,0,0.0,0.0,0.0,0.0,0.0,1,0.0
,academy_3_vs_1_with_keeper,123,collect_rollout,2976,0,17,-0.003333333181217313,False,False,0.0,0.0,0,0,0,0.0,0.0,0.0,0.0,-0.003333333181217313,1,-0.003333333181217313
,academy_3_vs_1_with_keeper,123,collect_rollout,2977,0,17,-0.003333333181217313,False,False,0.0,0.0,0,0,0,0.0,0.0,0.0,0.0,-0.003333333181217313,1,-0.003333333181217313
,academy_3_vs_1_with_keeper,123,collect_rollout,2978,0,17,0.0,False,False,0.0,0.0,0,0,0,0.0,0.0,0.0,0.0,0.0,1,0.0
,academy_3_vs_1_with_keeper,123,collect_rollout,2979,0,22,0.0,False,False,0.0,0.0,0,0,0,0.0,0.0,0.0,0.0,0.0,1,0.0
,academy_3_vs_1_with_keeper,123,collect_rollout,2980,0,19,0.0,False,False,0.0,0.0,0,0,0,0.0,0.0,0.0,0.0,0.0,1,0.0
,academy_3_vs_1_with_keeper,123,collect_rollout,2981,0,23,0.0,False,False,0.0,0.0,0,0,0,0.0,0.0,0.0,0.0,0.0,1,0.0
,academy_3_vs_1_with_keeper,123,collect_rollout,2982,0,16,0.0,False,False,0.0,0.0,0,0,0,0.0,0.0,0.0,0.0,0.0,1,0.0
,academy_3_vs_1_with_keeper,123,collect_rollout,2983,0,14,0.0,False,False,0.0,0.0,0,0,0,0.0,0.0,0.0,0.0,0.0,1,0.0
,academy_3_vs_1_with_keeper,123,collect_rollout,2984,0,19,0.0,False,False,0.0,0.0,0,0,0,0.0,0.0,0.0,0.0,0.0,1,0.0
,academy_3_vs_1_with_keeper,123,collect_rollout,2985,0,23,-0.003333333181217313,False,False,0.0,0.0,0,0,0,0.0,0.0,0.0,0.0,-0.003333333181217313,1,-0.003333333181217313
,academy_3_vs_1_with_keeper,123,collect_rollout,2986,0,17,0.0,False,False,0.0,0.0,0,0,0,0.0,0.0,0.0,0.0,0.0,1,0.0
,academy_3_vs_1_with_keeper,123,collect_rollout,2987,0,21,0.0,False,False,0.0,0.0,0,0,0,0.0,0.0,0.0,0.0,0.0,1,0.0
,academy_3_vs_1_with_keeper,123,collect_rollout,2988,0,18,0.0,False,False,0.0,0.0,0,0,0,0.0,0.0,0.0,0.0,0.0,1,0.0
,academy_3_vs_1_with_keeper,123,collect_rollout,2989,0,17,0.0,False,False,0.0,0.0,0,0,0,0.0,0.0,0.0,0.0,0.0,1,0.0
,academy_3_vs_1_with_keeper,123,collect_rollout,2990,0,14,0.0,False,False,0.0,0.0,0,0,0,0.0,0.0,0.0,0.0,0.0,1,0.0
,academy_3_vs_1_with_keeper,123,collect_rollout,2991,0,15,0.0,False,False,0.0,0.0,0,0,0,0.0,0.0,0.0,0.0,0.0,1,0.0
,academy_3_vs_1_with_keeper,123,collect_rollout,2992,0,19,0.0,False,False,0.0,0.0,0,0,0,0.0,0.0,0.0,0.0,0.0,1,0.0
,academy_3_vs_1_with_keeper,123,collect_rollout,2993,0,21,0.0,False,False,0.0,0.0,0,0,0,0.0,0.0,0.0,0.0,0.0,1,0.0
,academy_3_vs_1_with_keeper,123,collect_rollout,2994,0,22,0.0,False,False,0.0,0.0,0,0,0,0.0,0.0,0.0,0.0,0.0,1,0.0
,academy_3_vs_1_with_keeper,123,collect_rollout,2995,0,19,0.0,False,False,0.0,0.0,0,0,0,0.0,0.0,0.0,0.0,0.0,1,0.0
,academy_3_vs_1_with_keeper,123,collect_rollout,2996,0,20,0.0,False,False,0.0,0.0,0,0,0,0.0,0.0,0.0,0.0,0.0,1,0.0
,academy_3_vs_1_with_keeper,123,collect_rollout,2997,0,22,0.0,False,False,0.0,0.0,0,0,0,0.0,0.0,0.0,0.0,0.0,1,0.0
,academy_3_vs_1_with_keeper,123,collect_rollout,2998,0,17,0.0,False,False,0.0,0.0,0,0,0,0.0,0.0,0.0,0.0,0.0,1,0.0
,academy_3_vs_1_with_keeper,123,collect_rollout,2999,0,20,0.0,False,False,0.0,0.0,0,0,0,0.0,0.0,0.0,0.0,0.0,1,0.0
,academy_3_vs_1_with_keeper,123,collect_rollout,3000,0,18,0.0,False,False,0.0,0.0,0,0,0,0.0,0.0,0.0,0.0,0.0,1,0.0
,academy_3_vs_1_with_keeper,123,collect_rollout,3001,0,16,0.0,False,False,0.0,0.0,0,0,0,0.0,0.0,0.0,0.0,0.0,1,0.0
,academy_3_vs_1_with_keeper,123,collect_rollout,3002,0,19,0.0,False,False,0.0,0.0,0,0,0,0.0,0.0,0.0,0.0,0.0,1,0.0
,academy_3_vs_1_with_keeper,123,collect_rollout,3003,0,18,0.0,False,False,0.0,0.0,0,0,0,0.0,0.0,0.0,0.0,0.0,1,0.0
,academy_3_vs_1_with_keeper,123,collect_rollout,3004,0,14,0.0,False,False,0.0,0.0,0,0,0,0.0,0.0,0.0,0.0,0.0,1,0.0
,academy_3_vs_1_with_keeper,123,collect_rollout,3005,0,19,-0.003333333181217313,False,False,0.0,0.0,0,0,0,0.0,0.0,0.0,0.0,-0.003333333181217313,1,-0.003333333181217313
,academy_3_vs_1_with_keeper,123,collect_rollout,3006,0,16,0.0,False,False,0.0,0.0,0,0,0,0.0,0.0,0.0,0.0,0.0,1,0.0
,academy_3_vs_1_with_keeper,123,collect_rollout,3007,0,21,0.0,False,False,0.0,0.0,0,0,0,0.0,0.0,0.0,0.0,0.0,1,0.0
,academy_3_vs_1_with_keeper,123,collect_rollout,3008,0,21,0.0,False,False,0.0,0.0,0,0,0,0.0,0.0,0.0,0.0,0.0,1,0.0
,academy_3_vs_1_with_keeper,123,collect_rollout,3009,0,22,0.0,False,False,0.0,0.0,0,0,0,0.0,0.0,0.0,0.0,0.0,1,0.0
,academy_3_vs_1_with_keeper,123,collect_rollout,3010,0,19,0.0,False,False,0.0,0.0,0,0,0,0.0,0.0,0.0,0.0,0.0,1,0.0
,academy_3_vs_1_with_keeper,123,collect_rollout,3011,0,21,-0.003333333181217313,False,False,0.0,0.0,0,0,0,0.0,0.0,0.0,0.0,-0.003333333181217313,1,-0.003333333181217313
,academy_3_vs_1_with_keeper,123,collect_rollout,3012,0,19,0.0,False,False,0.0,0.0,0,0,0,0.0,0.0,0.0,0.0,0.0,1,0.0
,academy_3_vs_1_with_keeper,123,collect_rollout,3013,0,19,0.0,False,False,0.0,0.0,0,0,0,0.0,0.0,0.0,0.0,0.0,1,0.0
,academy_3_vs_1_with_keeper,123,collect_rollout,3014,0,251,-1.3046186208666768,False,False,0.0,0.0,0,0,0,0.0,0.0,0.0,0.0,-1.3046186208666768,1,-1.3046186208666768
,academy_3_vs_1_with_keeper,123,collect_rollout,3015,0,21,0.0,False,False,0.0,0.0,0,0,0,0.0,0.0,0.0,0.0,0.0,1,0.0
,academy_3_vs_1_with_keeper,123,collect_rollout,3016,0,18,0.0,False,False,0.0,0.0,0,0,0,0.0,0.0,0.0,0.0,0.0,1,0.0
,academy_3_vs_1_with_keeper,123,collect_rollout,3017,0,20,0.0,False,False,0.0,0.0,0,0,0,0.0,0.0,0.0,0.0,0.0,1,0.0
,academy_3_vs_1_with_keeper,123,collect_rollout,3018,0,23,0.0,False,False,0.0,0.0,0,0,0,0.0,0.0,0.0,0.0,0.0,1,0.0
,academy_3_vs_1_with_keeper,123,collect_rollout,3019,0,18,0.0,False,False,0.0,0.0,0,0,0,0.0,0.0,0.0,0.0,0.0,1,0.0
,academy_3_vs_1_with_keeper,123,collect_rollout,3020,0,17,0.0,False,False,0.0,0.0,0,0,0,0.0,0.0,0.0,0.0,0.0,1,0.0
,academy_3_vs_1_with_keeper,123,collect_rollout,3021,0,19,0.0,False,False,0.0,0.0,0,0,0,0.0,0.0,0.0,0.0,0.0,1,0.0
,academy_3_vs_1_with_keeper,123,collect_rollout,3022,0,20,0.0,False,False,0.0,0.0,0,0,0,0.0,0.0,0.0,0.0,0.0,1,0.0
,academy_3_vs_1_with_keeper,123,collect_rollout,3023,0,22,0.0,False,False,0.0,0.0,0,0,0,0.0,0.0,0.0,0.0,0.0,1,0.0
,academy_3_vs_1_with_keeper,123,collect_rollout,3024,0,20,0.0,False,False,0.0,0.0,0,0,0,0.0,0.0,0.0,0.0,0.0,1,0.0
,academy_3_vs_1_with_keeper,123,collect_rollout,3025,0,21,0.0,False,False,0.0,0.0,0,0,0,0.0,0.0,0.0,0.0,0.0,1,0.0
,academy_3_vs_1_with_keeper,123,collect_rollout,3026,0,18,0.0,False,False,0.0,0.0,0,0,0,0.0,0.0,0.0,0.0,0.0,1,0.0
,academy_3_vs_1_with_keeper,123,collect_rollout,3027,0,24,0.0,False,False,0.0,0.0,0,0,0,0.0,0.0,0.0,0.0,0.0,1,0.0
,academy_3_vs_1_with_keeper,123,collect_rollout,3028,0,21,0.0,False,False,0.0,0.0,0,0,0,0.0,0.0,0.0,0.0,0.0,1,0.0
,academy_3_vs_1_with_keeper,123,collect_rollout,3029,0,21,0.0,False,False,0.0,0.0,0,0,0,0.0,0.0,0.0,0.0,0.0,1,0.0
,academy_3_vs_1_with_keeper,123,collect_rollout,3030,0,23,0.0,False,False,0.0,0.0,0,0,0,0.0,0.0,0.0,0.0,0.0,1,0.0
,academy_3_vs_1_with_keeper,123,collect_rollout,3031,0,22,0.0,False,False,0.0,0.0,0,0,0,0.0,0.0,0.0,0.0,0.0,1,0.0
,academy_3_vs_1_with_keeper,123,collect_rollout,3032,0,17,0.0,False,False,0.0,0.0,0,0,0,0.0,0.0,0.0,0.0,0.0,1,0.0
,academy_3_vs_1_with_keeper,123,collect_rollout,3033,0,16,0.0,False,False,0.0,0.0,0,0,0,0.0,0.0,0.0,0.0,0.0,1,0.0
,academy_3_vs_1_with_keeper,123,collect_rollout,3034,0,22,0.0,False,False,0.0,0.0,0,0,0,0.0,0.0,0.0,0.0,0.0,1,0.0
,academy_3_vs_1_with_keeper,123,collect_rollout,3035,0,16,0.0,False,False,0.0,0.0,0,0,0,0.0,0.0,0.0,0.0,0.0,1,0.0
,academy_3_vs_1_with_keeper,123,collect_rollout,3036,0,17,0.0,False,False,0.0,0.0,0,0,0,0.0,0.0,0.0,0.0,0.0,1,0.0
,academy_3_vs_1_with_keeper,123,collect_rollout,3037,0,15,0.0,False,False,0.0,0.0,0,0,0,0.0,0.0,0.0,0.0,0.0,1,0.0
,academy_3_vs_1_with_keeper,123,collect_rollout,3038,0,18,0.0,False,False,0.0,0.0,0,0,0,0.0,0.0,0.0,0.0,0.0,1,0.0
,academy_3_vs_1_with_keeper,123,collect_rollout,3039,0,24,0.0,False,False,0.0,0.0,0,0,0,0.0,0.0,0.0,0.0,0.0,1,0.0
,academy_3_vs_1_with_keeper,123,collect_rollout,3040,0,19,0.0,False,False,0.0,0.0,0,0,0,0.0,0.0,0.0,0.0,0.0,1,0.0
,academy_3_vs_1_with_keeper,123,collect_rollout,3041,0,25,0.0,False,False,0.0,0.0,0,0,0,0.0,0.0,0.0,0.0,0.0,1,0.0
,academy_3_vs_1_with_keeper,123,collect_rollout,3042,0,18,0.0,False,False,0.0,0.0,0,0,0,0.0,0.0,0.0,0.0,0.0,1,0.0
,academy_3_vs_1_with_keeper,123,collect_rollout,3043,0,19,0.0,False,False,0.0,0.0,0,0,0,0.0,0.0,0.0,0.0,0.0,1,0.0
,academy_3_vs_1_with_keeper,123,collect_rollout,3044,0,20,0.0,False,False,0.0,0.0,0,0,0,0.0,0.0,0.0,0.0,0.0,1,0.0
,academy_3_vs_1_with_keeper,123,collect_rollout,3045,0,18,0.0,False,False,0.0,0.0,0,0,0,0.0,0.0,0.0,0.0,0.0,1,0.0
,academy_3_vs_1_with_keeper,123,collect_rollout,3046,0,17,0.0,False,False,0.0,0.0,0,0,0,0.0,0.0,0.0,0.0,0.0,1,0.0
,academy_3_vs_1_with_keeper,123,collect_rollout,3047,0,17,0.0,False,False,0.0,0.0,0,0,0,0.0,0.0,0.0,0.0,0.0,1,0.0
,academy_3_vs_1_with_keeper,123,collect_rollout,3048,0,21,0.0,False,False,0.0,0.0,0,0,0,0.0,0.0,0.0,0.0,0.0,1,0.0
,academy_3_vs_1_with_keeper,123,collect_rollout,3049,0,17,0.0,False,False,0.0,0.0,0,0,0,0.0,0.0,0.0,0.0,0.0,1,0.0
,academy_3_vs_1_with_keeper,123,collect_rollout,3050,0,16,0.0,False,False,0.0,0.0,0,0,0,0.0,0.0,0.0,0.0,0.0,1,0.0
,academy_3_vs_1_with_keeper,123,collect_rollout,3051,0,1801,-0.6160900661634514,False,False,0.0,0.0,0,0,0,0.0,0.0,0.0,0.0,-0.6160900661634514,1,-0.6160900661634514
,academy_3_vs_1_with_keeper,123,collect_rollout,3052,0,23,0.0,False,False,0.0,0.0,0,0,0,0.0,0.0,0.0,0.0,0.0,1,0.0
,academy_3_vs_1_with_keeper,123,collect_rollout,3053,0,14,0.0,False,False,0.0,0.0,0,0,0,0.0,0.0,0.0,0.0,0.0,1,0.0
,academy_3_vs_1_with_keeper,123,collect_rollout,3054,0,18,0.0,False,False,0.0,0.0,0,0,0,0.0,0.0,0.0,0.0,0.0,1,0.0
,academy_3_vs_1_with_keeper,123,collect_rollout,3055,0,20,0.0,False,False,0.0,0.0,0,0,0,0.0,0.0,0.0,0.0,0.0,1,0.0
,academy_3_vs_1_with_keeper,123,collect_rollout,3056,0,19,0.0,False,False,0.0,0.0,0,0,0,0.0,0.0,0.0,0.0,0.0,1,0.0
,academy_3_vs_1_with_keeper,123,collect_rollout,3057,0,16,0.0,False,False,0.0,0.0,0,0,0,0.0,0.0,0.0,0.0,0.0,1,0.0
,academy_3_vs_1_with_keeper,123,collect_rollout,3058,0,18,0.0,False,False,0.0,0.0,0,0,0,0.0,0.0,0.0,0.0,0.0,1,0.0
,academy_3_vs_1_with_keeper,123,collect_rollout,3059,0,17,0.0,False,False,0.0,0.0,0,0,0,0.0,0.0,0.0,0.0,0.0,1,0.0
,academy_3_vs_1_with_keeper,123,collect_rollout,3060,0,17,0.0,False,False,0.0,0.0,0,0,0,0.0,0.0,0.0,0.0,0.0,1,0.0
,academy_3_vs_1_with_keeper,123,collect_rollout,3061,0,47,-0.01803601998835802,False,False,0.0,0.0,0,0,0,0.0,0.0,0.0,0.0,-0.01803601998835802,1,-0.01803601998835802
,academy_3_vs_1_with_keeper,123,collect_rollout,3062,0,16,0.0,False,False,0.0,0.0,0,0,0,0.0,0.0,0.0,0.0,0.0,1,0.0
,academy_3_vs_1_with_keeper,123,collect_rollout,3063,0,21,0.0,False,False,0.0,0.0,0,0,0,0.0,0.0,0.0,0.0,0.0,1,0.0
,academy_3_vs_1_with_keeper,123,collect_rollout,3064,0,19,0.0,False,False,0.0,0.0,0,0,0,0.0,0.0,0.0,0.0,0.0,1,0.0
,academy_3_vs_1_with_keeper,123,collect_rollout,3065,0,59,-0.06045783800072968,False,False,0.0,0.0,0,0,0,0.0,0.0,0.0,0.0,-0.06045783800072968,1,-0.06045783800072968
,academy_3_vs_1_with_keeper,123,collect_rollout,3066,0,19,0.0,False,False,0.0,0.0,0,0,0,0.0,0.0,0.0,0.0,0.0,1,0.0
,academy_3_vs_1_with_keeper,123,collect_rollout,3067,0,17,0.0,False,False,0.0,0.0,0,0,0,0.0,0.0,0.0,0.0,0.0,1,0.0
,academy_3_vs_1_with_keeper,123,collect_rollout,3068,0,20,0.0,False,False,0.0,0.0,0,0,0,0.0,0.0,0.0,0.0,0.0,1,0.0
,academy_3_vs_1_with_keeper,123,collect_rollout,3069,0,19,0.0,False,False,0.0,0.0,0,0,0,0.0,0.0,0.0,0.0,0.0,1,0.0
,academy_3_vs_1_with_keeper,123,collect_rollout,3070,0,18,0.0,False,False,0.0,0.0,0,0,0,0.0,0.0,0.0,0.0,0.0,1,0.0
,academy_3_vs_1_with_keeper,123,collect_rollout,3071,0,51,0.012198637050460093,False,False,0.0,0.0,0,0,0,0.0,0.0,0.0,0.0,0.012198637050460093,1,0.012198637050460093
,academy_3_vs_1_with_keeper,123,collect_rollout,3072,0,21,0.0,False,False,0.0,0.0,0,0,0,0.0,0.0,0.0,0.0,0.0,1,0.0
,academy_3_vs_1_with_keeper,123,collect_rollout,3073,0,20,0.0,False,False,0.0,0.0,0,0,0,0.0,0.0,0.0,0.0,0.0,1,0.0
,academy_3_vs_1_with_keeper,123,collect_rollout,3074,0,21,-0.003333333181217313,False,False,0.0,0.0,0,0,0,0.0,0.0,0.0,0.0,-0.003333333181217313,1,-0.003333333181217313
,academy_3_vs_1_with_keeper,123,collect_rollout,3075,0,16,0.0,False,False,0.0,0.0,0,0,0,0.0,0.0,0.0,0.0,0.0,1,0.0
,academy_3_vs_1_with_keeper,123,collect_rollout,3076,0,20,0.0,False,False,0.0,0.0,0,0,0,0.0,0.0,0.0,0.0,0.0,1,0.0
,academy_3_vs_1_with_keeper,123,collect_rollout,3077,0,18,0.0,False,False,0.0,0.0,0,0,0,0.0,0.0,0.0,0.0,0.0,1,0.0
,academy_3_vs_1_with_keeper,123,collect_rollout,3078,0,15,0.0,False,False,0.0,0.0,0,0,0,0.0,0.0,0.0,0.0,0.0,1,0.0
,academy_3_vs_1_with_keeper,123,collect_rollout,3079,0,23,0.0,False,False,0.0,0.0,0,0,0,0.0,0.0,0.0,0.0,0.0,1,0.0
,academy_3_vs_1_with_keeper,123,collect_rollout,3080,0,24,0.0,False,False,0.0,0.0,0,0,0,0.0,0.0,0.0,0.0,0.0,1,0.0
,academy_3_vs_1_with_keeper,123,collect_rollout,3081,0,17,0.0,False,False,0.0,0.0,0,0,0,0.0,0.0,0.0,0.0,0.0,1,0.0
,academy_3_vs_1_with_keeper,123,collect_rollout,3082,0,19,0.0,False,False,0.0,0.0,0,0,0,0.0,0.0,0.0,0.0,0.0,1,0.0
,academy_3_vs_1_with_keeper,123,collect_rollout,3083,0,24,0.0,False,False,0.0,0.0,0,0,0,0.0,0.0,0.0,0.0,0.0,1,0.0
,academy_3_vs_1_with_keeper,123,collect_rollout,3084,0,20,0.0,False,False,0.0,0.0,0,0,0,0.0,0.0,0.0,0.0,0.0,1,0.0
,academy_3_vs_1_with_keeper,123,collect_rollout,3085,0,21,0.0,False,False,0.0,0.0,0,0,0,0.0,0.0,0.0,0.0,0.0,1,0.0
,academy_3_vs_1_with_keeper,123,collect_rollout,3086,0,16,0.0,False,False,0.0,0.0,0,0,0,0.0,0.0,0.0,0.0,0.0,1,0.0
,academy_3_vs_1_with_keeper,123,collect_rollout,3087,0,20,-0.003333333181217313,False,False,0.0,0.0,0,0,0,0.0,0.0,0.0,0.0,-0.003333333181217313,1,-0.003333333181217313
,academy_3_vs_1_with_keeper,123,collect_rollout,3088,0,20,0.0,False,False,0.0,0.0,0,0,0,0.0,0.0,0.0,0.0,0.0,1,0.0
,academy_3_vs_1_with_keeper,123,collect_rollout,3089,0,21,-0.003333333181217313,False,False,0.0,0.0,0,0,0,0.0,0.0,0.0,0.0,-0.003333333181217313,1,-0.003333333181217313
,academy_3_vs_1_with_keeper,123,collect_rollout,3090,0,19,0.0,False,False,0.0,0.0,0,0,0,0.0,0.0,0.0,0.0,0.0,1,0.0
,academy_3_vs_1_with_keeper,123,collect_rollout,3091,0,14,0.0,False,False,0.0,0.0,0,0,0,0.0,0.0,0.0,0.0,0.0,1,0.0
,academy_3_vs_1_with_keeper,123,collect_rollout,3092,0,13,-0.003333333181217313,False,False,0.0,0.0,0,0,0,0.0,0.0,0.0,0.0,-0.003333333181217313,1,-0.003333333181217313
,academy_3_vs_1_with_keeper,123,collect_rollout,3093,0,20,0.0,False,False,0.0,0.0,0,0,0,0.0,0.0,0.0,0.0,0.0,1,0.0
,academy_3_vs_1_with_keeper,123,collect_rollout,3094,0,15,0.0,False,False,0.0,0.0,0,0,0,0.0,0.0,0.0,0.0,0.0,1,0.0
,academy_3_vs_1_with_keeper,123,collect_rollout,3095,0,19,0.0,False,False,0.0,0.0,0,0,0,0.0,0.0,0.0,0.0,0.0,1,0.0
,academy_3_vs_1_with_keeper,123,collect_rollout,3096,0,16,0.0,False,False,0.0,0.0,0,0,0,0.0,0.0,0.0,0.0,0.0,1,0.0
,academy_3_vs_1_with_keeper,123,collect_rollout,3097,0,17,-0.003333333181217313,False,False,0.0,0.0,0,0,0,0.0,0.0,0.0,0.0,-0.003333333181217313,1,-0.003333333181217313
,academy_3_vs_1_with_keeper,123,collect_rollout,3098,0,19,0.0,False,False,0.0,0.0,0,0,0,0.0,0.0,0.0,0.0,0.0,1,0.0
,academy_3_vs_1_with_keeper,123,collect_rollout,3099,0,15,0.0,False,False,0.0,0.0,0,0,0,0.0,0.0,0.0,0.0,0.0,1,0.0
,academy_3_vs_1_with_keeper,123,collect_rollout,3100,0,24,0.0,False,False,0.0,0.0,0,0,0,0.0,0.0,0.0,0.0,0.0,1,0.0
,academy_3_vs_1_with_keeper,123,collect_rollout,3101,0,18,0.0,False,False,0.0,0.0,0,0,0,0.0,0.0,0.0,0.0,0.0,1,0.0
,academy_3_vs_1_with_keeper,123,collect_rollout,3102,0,16,0.0,False,False,0.0,0.0,0,0,0,0.0,0.0,0.0,0.0,0.0,1,0.0
,academy_3_vs_1_with_keeper,123,collect_rollout,3103,0,18,0.0,False,False,0.0,0.0,0,0,0,0.0,0.0,0.0,0.0,0.0,1,0.0
,academy_3_vs_1_with_keeper,123,collect_rollout,3104,0,24,0.0,False,False,0.0,0.0,0,0,0,0.0,0.0,0.0,0.0,0.0,1,0.0
,academy_3_vs_1_with_keeper,123,collect_rollout,3105,0,19,0.0,False,False,0.0,0.0,0,0,0,0.0,0.0,0.0,0.0,0.0,1,0.0
,academy_3_vs_1_with_keeper,123,collect_rollout,3106,0,17,0.0,False,False,0.0,0.0,0,0,0,0.0,0.0,0.0,0.0,0.0,1,0.0
,academy_3_vs_1_with_keeper,123,collect_rollout,3107,0,22,0.0,False,False,0.0,0.0,0,0,0,0.0,0.0,0.0,0.0,0.0,1,0.0
,academy_3_vs_1_with_keeper,123,collect_rollout,3108,0,18,0.0,False,False,0.0,0.0,0,0,0,0.0,0.0,0.0,0.0,0.0,1,0.0
,academy_3_vs_1_with_keeper,123,collect_rollout,3109,0,16,0.0,False,False,0.0,0.0,0,0,0,0.0,0.0,0.0,0.0,0.0,1,0.0
,academy_3_vs_1_with_keeper,123,collect_rollout,3110,0,19,0.0,False,False,0.0,0.0,0,0,0,0.0,0.0,0.0,0.0,0.0,1,0.0
,academy_3_vs_1_with_keeper,123,collect_rollout,3111,0,19,0.0,False,False,0.0,0.0,0,0,0,0.0,0.0,0.0,0.0,0.0,1,0.0
,academy_3_vs_1_with_keeper,123,collect_rollout,3112,0,19,0.0,False,False,0.0,0.0,0,0,0,0.0,0.0,0.0,0.0,0.0,1,0.0
,academy_3_vs_1_with_keeper,123,collect_rollout,3113,0,20,0.0,False,False,0.0,0.0,0,0,0,0.0,0.0,0.0,0.0,0.0,1,0.0
,academy_3_vs_1_with_keeper,123,collect_rollout,3114,0,19,0.0,False,False,0.0,0.0,0,0,0,0.0,0.0,0.0,0.0,0.0,1,0.0
,academy_3_vs_1_with_keeper,123,collect_rollout,3115,0,18,0.0,False,False,0.0,0.0,0,0,0,0.0,0.0,0.0,0.0,0.0,1,0.0
,academy_3_vs_1_with_keeper,123,collect_rollout,3116,0,18,0.0,False,False,0.0,0.0,0,0,0,0.0,0.0,0.0,0.0,0.0,1,0.0
,academy_3_vs_1_with_keeper,123,collect_rollout,3117,0,20,0.0,False,False,0.0,0.0,0,0,0,0.0,0.0,0.0,0.0,0.0,1,0.0
,academy_3_vs_1_with_keeper,123,collect_rollout,3118,0,14,-0.003333333181217313,False,False,0.0,0.0,0,0,0,0.0,0.0,0.0,0.0,-0.003333333181217313,1,-0.003333333181217313
,academy_3_vs_1_with_keeper,123,collect_rollout,3119,0,18,0.0,False,False,0.0,0.0,0,0,0,0.0,0.0,0.0,0.0,0.0,1,0.0
,academy_3_vs_1_with_keeper,123,collect_rollout,3120,0,21,0.0,False,False,0.0,0.0,0,0,0,0.0,0.0,0.0,0.0,0.0,1,0.0
,academy_3_vs_1_with_keeper,123,collect_rollout,3121,0,16,0.0,False,False,0.0,0.0,0,0,0,0.0,0.0,0.0,0.0,0.0,1,0.0
,academy_3_vs_1_with_keeper,123,collect_rollout,3122,0,17,0.0,False,False,0.0,0.0,0,0,0,0.0,0.0,0.0,0.0,0.0,1,0.0
,academy_3_vs_1_with_keeper,123,collect_rollout,3123,0,14,0.0,False,False,0.0,0.0,0,0,0,0.0,0.0,0.0,0.0,0.0,1,0.0
,academy_3_vs_1_with_keeper,123,collect_rollout,3124,0,22,0.0,False,False,0.0,0.0,0,0,0,0.0,0.0,0.0,0.0,0.0,1,0.0
,academy_3_vs_1_with_keeper,123,collect_rollout,3125,0,17,0.0,False,False,0.0,0.0,0,0,0,0.0,0.0,0.0,0.0,0.0,1,0.0
,academy_3_vs_1_with_keeper,123,collect_rollout,3126,0,18,-0.003333333181217313,False,False,0.0,0.0,0,0,0,0.0,0.0,0.0,0.0,-0.003333333181217313,1,-0.003333333181217313
,academy_3_vs_1_with_keeper,123,collect_rollout,3127,0,17,-0.003333333181217313,False,False,0.0,0.0,0,0,0,0.0,0.0,0.0,0.0,-0.003333333181217313,1,-0.003333333181217313
,academy_3_vs_1_with_keeper,123,collect_rollout,3128,0,15,-0.003333333181217313,False,False,0.0,0.0,0,0,0,0.0,0.0,0.0,0.0,-0.003333333181217313,1,-0.003333333181217313
,academy_3_vs_1_with_keeper,123,collect_rollout,3129,0,23,-0.003333333181217313,False,False,0.0,0.0,0,0,0,0.0,0.0,0.0,0.0,-0.003333333181217313,1,-0.003333333181217313
,academy_3_vs_1_with_keeper,123,collect_rollout,3130,0,20,-0.003333333181217313,False,False,0.0,0.0,0,0,0,0.0,0.0,0.0,0.0,-0.003333333181217313,1,-0.003333333181217313
,academy_3_vs_1_with_keeper,123,collect_rollout,3131,0,17,0.0,False,False,0.0,0.0,0,0,0,0.0,0.0,0.0,0.0,0.0,1,0.0
,academy_3_vs_1_with_keeper,123,collect_rollout,3132,0,16,0.0,False,False,0.0,0.0,0,0,0,0.0,0.0,0.0,0.0,0.0,1,0.0
,academy_3_vs_1_with_keeper,123,collect_rollout,3133,0,19,0.0,False,False,0.0,0.0,0,0,0,0.0,0.0,0.0,0.0,0.0,1,0.0
,academy_3_vs_1_with_keeper,123,collect_rollout,3134,0,17,0.0,False,False,0.0,0.0,0,0,0,0.0,0.0,0.0,0.0,0.0,1,0.0
,academy_3_vs_1_with_keeper,123,collect_rollout,3135,0,21,0.0,False,False,0.0,0.0,0,0,0,0.0,0.0,0.0,0.0,0.0,1,0.0
,academy_3_vs_1_with_keeper,123,collect_rollout,3136,0,23,-0.003333333181217313,False,False,0.0,0.0,0,0,0,0.0,0.0,0.0,0.0,-0.003333333181217313,1,-0.003333333181217313
,academy_3_vs_1_with_keeper,123,collect_rollout,3137,0,24,0.0,False,False,0.0,0.0,0,0,0,0.0,0.0,0.0,0.0,0.0,1,0.0
,academy_3_vs_1_with_keeper,123,collect_rollout,3138,0,17,-0.006666666362434626,False,False,0.0,0.0,0,0,0,0.0,0.0,0.0,0.0,-0.006666666362434626,1,-0.006666666362434626
,academy_3_vs_1_with_keeper,123,collect_rollout,3139,0,17,-0.003333333181217313,False,False,0.0,0.0,0,0,0,0.0,0.0,0.0,0.0,-0.003333333181217313,1,-0.003333333181217313
,academy_3_vs_1_with_keeper,123,collect_rollout,3140,0,14,0.0,False,False,0.0,0.0,0,0,0,0.0,0.0,0.0,0.0,0.0,1,0.0
,academy_3_vs_1_with_keeper,123,collect_rollout,3141,0,19,0.0,False,False,0.0,0.0,0,0,0,0.0,0.0,0.0,0.0,0.0,1,0.0
,academy_3_vs_1_with_keeper,123,collect_rollout,3142,0,21,0.0,False,False,0.0,0.0,0,0,0,0.0,0.0,0.0,0.0,0.0,1,0.0
,academy_3_vs_1_with_keeper,123,collect_rollout,3143,0,18,0.0,False,False,0.0,0.0,0,0,0,0.0,0.0,0.0,0.0,0.0,1,0.0
,academy_3_vs_1_with_keeper,123,collect_rollout,3144,0,18,0.0,False,False,0.0,0.0,0,0,0,0.0,0.0,0.0,0.0,0.0,1,0.0
,academy_3_vs_1_with_keeper,123,collect_rollout,3145,0,18,0.0,False,False,0.0,0.0,0,0,0,0.0,0.0,0.0,0.0,0.0,1,0.0
,academy_3_vs_1_with_keeper,123,collect_rollout,3146,0,16,0.0,False,False,0.0,0.0,0,0,0,0.0,0.0,0.0,0.0,0.0,1,0.0
,academy_3_vs_1_with_keeper,123,collect_rollout,3147,0,16,0.0,False,False,0.0,0.0,0,0,0,0.0,0.0,0.0,0.0,0.0,1,0.0
,academy_3_vs_1_with_keeper,123,collect_rollout,3148,0,20,-0.003333333181217313,False,False,0.0,0.0,0,0,0,0.0,0.0,0.0,0.0,-0.003333333181217313,1,-0.003333333181217313
,academy_3_vs_1_with_keeper,123,collect_rollout,3149,0,15,0.0,False,False,0.0,0.0,0,0,0,0.0,0.0,0.0,0.0,0.0,1,0.0
,academy_3_vs_1_with_keeper,123,collect_rollout,3150,0,24,0.0,False,False,0.0,0.0,0,0,0,0.0,0.0,0.0,0.0,0.0,1,0.0
,academy_3_vs_1_with_keeper,123,collect_rollout,3151,0,23,-0.003333333181217313,False,False,0.0,0.0,0,0,0,0.0,0.0,0.0,0.0,-0.003333333181217313,1,-0.003333333181217313
,academy_3_vs_1_with_keeper,123,collect_rollout,3152,0,15,0.0,False,False,0.0,0.0,0,0,0,0.0,0.0,0.0,0.0,0.0,1,0.0
,academy_3_vs_1_with_keeper,123,collect_rollout,3153,0,21,0.0,False,False,0.0,0.0,0,0,0,0.0,0.0,0.0,0.0,0.0,1,0.0
,academy_3_vs_1_with_keeper,123,collect_rollout,3154,0,21,0.0,False,False,0.0,0.0,0,0,0,0.0,0.0,0.0,0.0,0.0,1,0.0
,academy_3_vs_1_with_keeper,123,collect_rollout,3155,0,19,0.0,False,False,0.0,0.0,0,0,0,0.0,0.0,0.0,0.0,0.0,1,0.0
,academy_3_vs_1_with_keeper,123,collect_rollout,3156,0,20,0.0,False,False,0.0,0.0,0,0,0,0.0,0.0,0.0,0.0,0.0,1,0.0
,academy_3_vs_1_with_keeper,123,collect_rollout,3157,0,23,0.0,False,False,0.0,0.0,0,0,0,0.0,0.0,0.0,0.0,0.0,1,0.0
,academy_3_vs_1_with_keeper,123,collect_rollout,3158,0,23,0.0,False,False,0.0,0.0,0,0,0,0.0,0.0,0.0,0.0,0.0,1,0.0
,academy_3_vs_1_with_keeper,123,collect_rollout,3159,0,14,0.0,False,False,0.0,0.0,0,0,0,0.0,0.0,0.0,0.0,0.0,1,0.0
,academy_3_vs_1_with_keeper,123,collect_rollout,3160,0,22,0.0,False,False,0.0,0.0,0,0,0,0.0,0.0,0.0,0.0,0.0,1,0.0
,academy_3_vs_1_with_keeper,123,collect_rollout,3161,0,20,0.0,False,False,0.0,0.0,0,0,0,0.0,0.0,0.0,0.0,0.0,1,0.0
,academy_3_vs_1_with_keeper,123,collect_rollout,3162,0,17,0.0,False,False,0.0,0.0,0,0,0,0.0,0.0,0.0,0.0,0.0,1,0.0
,academy_3_vs_1_with_keeper,123,collect_rollout,3163,0,16,0.0,False,False,0.0,0.0,0,0,0,0.0,0.0,0.0,0.0,0.0,1,0.0
,academy_3_vs_1_with_keeper,123,collect_rollout,3164,0,23,0.0,False,False,0.0,0.0,0,0,0,0.0,0.0,0.0,0.0,0.0,1,0.0
,academy_3_vs_1_with_keeper,123,collect_rollout,3165,0,14,0.0,False,False,0.0,0.0,0,0,0,0.0,0.0,0.0,0.0,0.0,1,0.0
,academy_3_vs_1_with_keeper,123,collect_rollout,3166,0,19,0.0,False,False,0.0,0.0,0,0,0,0.0,0.0,0.0,0.0,0.0,1,0.0
,academy_3_vs_1_with_keeper,123,collect_rollout,3167,0,17,0.0,False,False,0.0,0.0,0,0,0,0.0,0.0,0.0,0.0,0.0,1,0.0
,academy_3_vs_1_with_keeper,123,collect_rollout,3168,0,20,-0.003333333181217313,False,False,0.0,0.0,0,0,0,0.0,0.0,0.0,0.0,-0.003333333181217313,1,-0.003333333181217313
,academy_3_vs_1_with_keeper,123,collect_rollout,3169,0,21,0.0,False,False,0.0,0.0,0,0,0,0.0,0.0,0.0,0.0,0.0,1,0.0
,academy_3_vs_1_with_keeper,123,collect_rollout,3170,0,18,0.0,False,False,0.0,0.0,0,0,0,0.0,0.0,0.0,0.0,0.0,1,0.0
,academy_3_vs_1_with_keeper,123,collect_rollout,3171,0,17,0.0,False,False,0.0,0.0,0,0,0,0.0,0.0,0.0,0.0,0.0,1,0.0
,academy_3_vs_1_with_keeper,123,collect_rollout,3172,0,17,0.0,False,False,0.0,0.0,0,0,0,0.0,0.0,0.0,0.0,0.0,1,0.0
,academy_3_vs_1_with_keeper,123,collect_rollout,3173,0,17,0.0,False,False,0.0,0.0,0,0,0,0.0,0.0,0.0,0.0,0.0,1,0.0
,academy_3_vs_1_with_keeper,123,collect_rollout,3174,0,18,0.0,False,False,0.0,0.0,0,0,0,0.0,0.0,0.0,0.0,0.0,1,0.0
,academy_3_vs_1_with_keeper,123,collect_rollout,3175,0,19,0.0,False,False,0.0,0.0,0,0,0,0.0,0.0,0.0,0.0,0.0,1,0.0
,academy_3_vs_1_with_keeper,123,collect_rollout,3176,0,18,0.0,False,False,0.0,0.0,0,0,0,0.0,0.0,0.0,0.0,0.0,1,0.0
,academy_3_vs_1_with_keeper,123,collect_rollout,3177,0,22,0.0,False,False,0.0,0.0,0,0,0,0.0,0.0,0.0,0.0,0.0,1,0.0
,academy_3_vs_1_with_keeper,123,collect_rollout,3178,0,18,0.0,False,False,0.0,0.0,0,0,0,0.0,0.0,0.0,0.0,0.0,1,0.0
,academy_3_vs_1_with_keeper,123,collect_rollout,3179,0,17,0.0,False,False,0.0,0.0,0,0,0,0.0,0.0,0.0,0.0,0.0,1,0.0
,academy_3_vs_1_with_keeper,123,collect_rollout,3180,0,23,0.0,False,False,0.0,0.0,0,0,0,0.0,0.0,0.0,0.0,0.0,1,0.0
,academy_3_vs_1_with_keeper,123,collect_rollout,3181,0,20,0.0,False,False,0.0,0.0,0,0,0,0.0,0.0,0.0,0.0,0.0,1,0.0
,academy_3_vs_1_with_keeper,123,collect_rollout,3182,0,16,0.0,False,False,0.0,0.0,0,0,0,0.0,0.0,0.0,0.0,0.0,1,0.0
,academy_3_vs_1_with_keeper,123,collect_rollout,3183,0,15,0.0,False,False,0.0,0.0,0,0,0,0.0,0.0,0.0,0.0,0.0,1,0.0
,academy_3_vs_1_with_keeper,123,collect_rollout,3184,0,15,0.0,False,False,0.0,0.0,0,0,0,0.0,0.0,0.0,0.0,0.0,1,0.0
,academy_3_vs_1_with_keeper,123,collect_rollout,3185,0,18,0.0,False,False,0.0,0.0,0,0,0,0.0,0.0,0.0,0.0,0.0,1,0.0
,academy_3_vs_1_with_keeper,123,collect_rollout,3186,0,16,0.0,False,False,0.0,0.0,0,0,0,0.0,0.0,0.0,0.0,0.0,1,0.0
,academy_3_vs_1_with_keeper,123,collect_rollout,3187,0,21,0.0,False,False,0.0,0.0,0,0,0,0.0,0.0,0.0,0.0,0.0,1,0.0
,academy_3_vs_1_with_keeper,123,collect_rollout,3188,0,21,0.0,False,False,0.0,0.0,0,0,0,0.0,0.0,0.0,0.0,0.0,1,0.0
,academy_3_vs_1_with_keeper,123,collect_rollout,3189,0,22,0.0,False,False,0.0,0.0,0,0,0,0.0,0.0,0.0,0.0,0.0,1,0.0
,academy_3_vs_1_with_keeper,123,collect_rollout,3190,0,15,-0.003333333181217313,False,False,0.0,0.0,0,0,0,0.0,0.0,0.0,0.0,-0.003333333181217313,1,-0.003333333181217313
,academy_3_vs_1_with_keeper,123,collect_rollout,3191,0,20,0.0,False,False,0.0,0.0,0,0,0,0.0,0.0,0.0,0.0,0.0,1,0.0
,academy_3_vs_1_with_keeper,123,collect_rollout,3192,0,19,0.0,False,False,0.0,0.0,0,0,0,0.0,0.0,0.0,0.0,0.0,1,0.0
,academy_3_vs_1_with_keeper,123,collect_rollout,3193,0,15,0.0,False,False,0.0,0.0,0,0,0,0.0,0.0,0.0,0.0,0.0,1,0.0
,academy_3_vs_1_with_keeper,123,collect_rollout,3194,0,21,0.0,False,False,0.0,0.0,0,0,0,0.0,0.0,0.0,0.0,0.0,1,0.0
,academy_3_vs_1_with_keeper,123,collect_rollout,3195,0,18,0.0,False,False,0.0,0.0,0,0,0,0.0,0.0,0.0,0.0,0.0,1,0.0
,academy_3_vs_1_with_keeper,123,collect_rollout,3196,0,17,0.0,False,False,0.0,0.0,0,0,0,0.0,0.0,0.0,0.0,0.0,1,0.0
,academy_3_vs_1_with_keeper,123,collect_rollout,3197,0,19,0.0,False,False,0.0,0.0,0,0,0,0.0,0.0,0.0,0.0,0.0,1,0.0
,academy_3_vs_1_with_keeper,123,collect_rollout,3198,0,23,0.0,False,False,0.0,0.0,0,0,0,0.0,0.0,0.0,0.0,0.0,1,0.0
,academy_3_vs_1_with_keeper,123,collect_rollout,3199,0,19,0.0,False,False,0.0,0.0,0,0,0,0.0,0.0,0.0,0.0,0.0,1,0.0
,academy_3_vs_1_with_keeper,123,collect_rollout,3200,0,89,-0.04104239438311197,False,False,0.0,0.0,0,0,0,0.0,0.0,0.0,0.0,-0.04104239438311197,1,-0.04104239438311197
,academy_3_vs_1_with_keeper,123,collect_rollout,3201,0,17,0.0,False,False,0.0,0.0,0,0,0,0.0,0.0,0.0,0.0,0.0,1,0.0
,academy_3_vs_1_with_keeper,123,collect_rollout,3202,0,15,0.0,False,False,0.0,0.0,0,0,0,0.0,0.0,0.0,0.0,0.0,1,0.0
,academy_3_vs_1_with_keeper,123,collect_rollout,3203,0,21,0.0,False,False,0.0,0.0,0,0,0,0.0,0.0,0.0,0.0,0.0,1,0.0
,academy_3_vs_1_with_keeper,123,collect_rollout,3204,0,20,-0.003333333181217313,False,False,0.0,0.0,0,0,0,0.0,0.0,0.0,0.0,-0.003333333181217313,1,-0.003333333181217313
,academy_3_vs_1_with_keeper,123,collect_rollout,3205,0,16,0.0,False,False,0.0,0.0,0,0,0,0.0,0.0,0.0,0.0,0.0,1,0.0
,academy_3_vs_1_with_keeper,123,collect_rollout,3206,0,21,0.0,False,False,0.0,0.0,0,0,0,0.0,0.0,0.0,0.0,0.0,1,0.0
,academy_3_vs_1_with_keeper,123,collect_rollout,3207,0,17,0.0,False,False,0.0,0.0,0,0,0,0.0,0.0,0.0,0.0,0.0,1,0.0
,academy_3_vs_1_with_keeper,123,collect_rollout,3208,0,20,0.0,False,False,0.0,0.0,0,0,0,0.0,0.0,0.0,0.0,0.0,1,0.0
,academy_3_vs_1_with_keeper,123,collect_rollout,3209,0,18,0.0,False,False,0.0,0.0,0,0,0,0.0,0.0,0.0,0.0,0.0,1,0.0
,academy_3_vs_1_with_keeper,123,collect_rollout,3210,0,21,0.0,False,False,0.0,0.0,0,0,0,0.0,0.0,0.0,0.0,0.0,1,0.0
,academy_3_vs_1_with_keeper,123,collect_rollout,3211,0,5,0.0,False,False,0.0,0.0,0,0,0,0.0,0.0,0.0,0.0,0.0,1,0.0
,academy_3_vs_1_with_keeper,123,collect_rollout,3212,0,14,0.0,False,False,0.0,0.0,0,0,0,0.0,0.0,0.0,0.0,0.0,1,0.0
,academy_3_vs_1_with_keeper,123,collect_rollout,3213,0,14,0.0,False,False,0.0,0.0,0,0,0,0.0,0.0,0.0,0.0,0.0,1,0.0
,academy_3_vs_1_with_keeper,123,collect_rollout,3214,0,20,0.0,False,False,0.0,0.0,0,0,0,0.0,0.0,0.0,0.0,0.0,1,0.0
,academy_3_vs_1_with_keeper,123,collect_rollout,3215,0,22,0.0,False,False,0.0,0.0,0,0,0,0.0,0.0,0.0,0.0,0.0,1,0.0
,academy_3_vs_1_with_keeper,123,collect_rollout,3216,0,19,0.0,False,False,0.0,0.0,0,0,0,0.0,0.0,0.0,0.0,0.0,1,0.0
,academy_3_vs_1_with_keeper,123,collect_rollout,3217,0,21,0.0,False,False,0.0,0.0,0,0,0,0.0,0.0,0.0,0.0,0.0,1,0.0
,academy_3_vs_1_with_keeper,123,collect_rollout,3218,0,17,0.0,False,False,0.0,0.0,0,0,0,0.0,0.0,0.0,0.0,0.0,1,0.0
,academy_3_vs_1_with_keeper,123,collect_rollout,3219,0,15,0.0,False,False,0.0,0.0,0,0,0,0.0,0.0,0.0,0.0,0.0,1,0.0
,academy_3_vs_1_with_keeper,123,collect_rollout,3220,0,21,0.0,False,False,0.0,0.0,0,0,0,0.0,0.0,0.0,0.0,0.0,1,0.0
,academy_3_vs_1_with_keeper,123,collect_rollout,3221,0,19,0.0,False,False,0.0,0.0,0,0,0,0.0,0.0,0.0,0.0,0.0,1,0.0
,academy_3_vs_1_with_keeper,123,collect_rollout,3222,0,16,0.0,False,False,0.0,0.0,0,0,0,0.0,0.0,0.0,0.0,0.0,1,0.0
,academy_3_vs_1_with_keeper,123,collect_rollout,3223,0,15,0.0,False,False,0.0,0.0,0,0,0,0.0,0.0,0.0,0.0,0.0,1,0.0
,academy_3_vs_1_with_keeper,123,collect_rollout,3224,0,21,0.0,False,False,0.0,0.0,0,0,0,0.0,0.0,0.0,0.0,0.0,1,0.0
,academy_3_vs_1_with_keeper,123,collect_rollout,3225,0,20,0.0,False,False,0.0,0.0,0,0,0,0.0,0.0,0.0,0.0,0.0,1,0.0
,academy_3_vs_1_with_keeper,123,collect_rollout,3226,0,19,0.0,False,False,0.0,0.0,0,0,0,0.0,0.0,0.0,0.0,0.0,1,0.0
,academy_3_vs_1_with_keeper,123,collect_rollout,3227,0,17,0.0,False,False,0.0,0.0,0,0,0,0.0,0.0,0.0,0.0,0.0,1,0.0
,academy_3_vs_1_with_keeper,123,collect_rollout,3228,0,21,0.0,False,False,0.0,0.0,0,0,0,0.0,0.0,0.0,0.0,0.0,1,0.0
,academy_3_vs_1_with_keeper,123,collect_rollout,3229,0,15,0.0,False,False,0.0,0.0,0,0,0,0.0,0.0,0.0,0.0,0.0,1,0.0
,academy_3_vs_1_with_keeper,123,collect_rollout,3230,0,24,0.0,False,False,0.0,0.0,0,0,0,0.0,0.0,0.0,0.0,0.0,1,0.0
,academy_3_vs_1_with_keeper,123,collect_rollout,3231,0,18,0.0,False,False,0.0,0.0,0,0,0,0.0,0.0,0.0,0.0,0.0,1,0.0
,academy_3_vs_1_with_keeper,123,collect_rollout,3232,0,17,0.0,False,False,0.0,0.0,0,0,0,0.0,0.0,0.0,0.0,0.0,1,0.0
,academy_3_vs_1_with_keeper,123,collect_rollout,3233,0,17,0.0,False,False,0.0,0.0,0,0,0,0.0,0.0,0.0,0.0,0.0,1,0.0
,academy_3_vs_1_with_keeper,123,collect_rollout,3234,0,16,0.0,False,False,0.0,0.0,0,0,0,0.0,0.0,0.0,0.0,0.0,1,0.0
,academy_3_vs_1_with_keeper,123,collect_rollout,3235,0,20,0.0,False,False,0.0,0.0,0,0,0,0.0,0.0,0.0,0.0,0.0,1,0.0
,academy_3_vs_1_with_keeper,123,collect_rollout,3236,0,17,0.0,False,False,0.0,0.0,0,0,0,0.0,0.0,0.0,0.0,0.0,1,0.0
,academy_3_vs_1_with_keeper,123,collect_rollout,3237,0,20,0.0,False,False,0.0,0.0,0,0,0,0.0,0.0,0.0,0.0,0.0,1,0.0
,academy_3_vs_1_with_keeper,123,collect_rollout,3238,0,17,0.0,False,False,0.0,0.0,0,0,0,0.0,0.0,0.0,0.0,0.0,1,0.0
,academy_3_vs_1_with_keeper,123,collect_rollout,3239,0,17,0.0,False,False,0.0,0.0,0,0,0,0.0,0.0,0.0,0.0,0.0,1,0.0
,academy_3_vs_1_with_keeper,123,collect_rollout,3240,0,16,0.0,False,False,0.0,0.0,0,0,0,0.0,0.0,0.0,0.0,0.0,1,0.0
,academy_3_vs_1_with_keeper,123,collect_rollout,3241,0,23,0.0,False,False,0.0,0.0,0,0,0,0.0,0.0,0.0,0.0,0.0,1,0.0
,academy_3_vs_1_with_keeper,123,collect_rollout,3242,0,17,0.0,False,False,0.0,0.0,0,0,0,0.0,0.0,0.0,0.0,0.0,1,0.0
,academy_3_vs_1_with_keeper,123,collect_rollout,3243,0,16,0.0,False,False,0.0,0.0,0,0,0,0.0,0.0,0.0,0.0,0.0,1,0.0
,academy_3_vs_1_with_keeper,123,collect_rollout,3244,0,20,0.0,False,False,0.0,0.0,0,0,0,0.0,0.0,0.0,0.0,0.0,1,0.0
,academy_3_vs_1_with_keeper,123,collect_rollout,3245,0,21,0.0,False,False,0.0,0.0,0,0,0,0.0,0.0,0.0,0.0,0.0,1,0.0
,academy_3_vs_1_with_keeper,123,collect_rollout,3246,0,22,0.0,False,False,0.0,0.0,0,0,0,0.0,0.0,0.0,0.0,0.0,1,0.0
,academy_3_vs_1_with_keeper,123,collect_rollout,3247,0,19,0.0,False,False,0.0,0.0,0,0,0,0.0,0.0,0.0,0.0,0.0,1,0.0
,academy_3_vs_1_with_keeper,123,collect_rollout,3248,0,20,0.0,False,False,0.0,0.0,0,0,0,0.0,0.0,0.0,0.0,0.0,1,0.0
,academy_3_vs_1_with_keeper,123,collect_rollout,3249,0,20,0.0,False,False,0.0,0.0,0,0,0,0.0,0.0,0.0,0.0,0.0,1,0.0
,academy_3_vs_1_with_keeper,123,collect_rollout,3250,0,20,0.0,False,False,0.0,0.0,0,0,0,0.0,0.0,0.0,0.0,0.0,1,0.0
,academy_3_vs_1_with_keeper,123,collect_rollout,3251,0,18,0.0,False,False,0.0,0.0,0,0,0,0.0,0.0,0.0,0.0,0.0,1,0.0
,academy_3_vs_1_with_keeper,123,collect_rollout,3252,0,16,0.0,False,False,0.0,0.0,0,0,0,0.0,0.0,0.0,0.0,0.0,1,0.0
,academy_3_vs_1_with_keeper,123,collect_rollout,3253,0,20,0.0,False,False,0.0,0.0,0,0,0,0.0,0.0,0.0,0.0,0.0,1,0.0
,academy_3_vs_1_with_keeper,123,collect_rollout,3254,0,15,0.0,False,False,0.0,0.0,0,0,0,0.0,0.0,0.0,0.0,0.0,1,0.0
,academy_3_vs_1_with_keeper,123,collect_rollout,3255,0,21,0.0,False,False,0.0,0.0,0,0,0,0.0,0.0,0.0,0.0,0.0,1,0.0
,academy_3_vs_1_with_keeper,123,collect_rollout,3256,0,15,0.0,False,False,0.0,0.0,0,0,0,0.0,0.0,0.0,0.0,0.0,1,0.0
,academy_3_vs_1_with_keeper,123,collect_rollout,3257,0,21,0.0,False,False,0.0,0.0,0,0,0,0.0,0.0,0.0,0.0,0.0,1,0.0
,academy_3_vs_1_with_keeper,123,collect_rollout,3258,0,18,0.0,False,False,0.0,0.0,0,0,0,0.0,0.0,0.0,0.0,0.0,1,0.0
,academy_3_vs_1_with_keeper,123,collect_rollout,3259,0,22,0.0,False,False,0.0,0.0,0,0,0,0.0,0.0,0.0,0.0,0.0,1,0.0
,academy_3_vs_1_with_keeper,123,collect_rollout,3260,0,21,-0.003333333181217313,False,False,0.0,0.0,0,0,0,0.0,0.0,0.0,0.0,-0.003333333181217313,1,-0.003333333181217313
,academy_3_vs_1_with_keeper,123,collect_rollout,3261,0,16,0.0,False,False,0.0,0.0,0,0,0,0.0,0.0,0.0,0.0,0.0,1,0.0
,academy_3_vs_1_with_keeper,123,collect_rollout,3262,0,15,0.0,False,False,0.0,0.0,0,0,0,0.0,0.0,0.0,0.0,0.0,1,0.0
,academy_3_vs_1_with_keeper,123,collect_rollout,3263,0,19,0.0,False,False,0.0,0.0,0,0,0,0.0,0.0,0.0,0.0,0.0,1,0.0
,academy_3_vs_1_with_keeper,123,collect_rollout,3264,0,21,0.0,False,False,0.0,0.0,0,0,0,0.0,0.0,0.0,0.0,0.0,1,0.0
,academy_3_vs_1_with_keeper,123,collect_rollout,3265,0,20,0.0,False,False,0.0,0.0,0,0,0,0.0,0.0,0.0,0.0,0.0,1,0.0
,academy_3_vs_1_with_keeper,123,collect_rollout,3266,0,18,0.0,False,False,0.0,0.0,0,0,0,0.0,0.0,0.0,0.0,0.0,1,0.0
,academy_3_vs_1_with_keeper,123,collect_rollout,3267,0,20,0.0,False,False,0.0,0.0,0,0,0,0.0,0.0,0.0,0.0,0.0,1,0.0
,academy_3_vs_1_with_keeper,123,collect_rollout,3268,0,19,0.0,False,False,0.0,0.0,0,0,0,0.0,0.0,0.0,0.0,0.0,1,0.0
,academy_3_vs_1_with_keeper,123,collect_rollout,3269,0,23,0.0,False,False,0.0,0.0,0,0,0,0.0,0.0,0.0,0.0,0.0,1,0.0
,academy_3_vs_1_with_keeper,123,collect_rollout,3270,0,21,0.0,False,False,0.0,0.0,0,0,0,0.0,0.0,0.0,0.0,0.0,1,0.0
,academy_3_vs_1_with_keeper,123,collect_rollout,3271,0,17,0.0,False,False,0.0,0.0,0,0,0,0.0,0.0,0.0,0.0,0.0,1,0.0
,academy_3_vs_1_with_keeper,123,collect_rollout,3272,0,22,-0.003333333181217313,False,False,0.0,0.0,0,0,0,0.0,0.0,0.0,0.0,-0.003333333181217313,1,-0.003333333181217313
,academy_3_vs_1_with_keeper,123,collect_rollout,3273,0,72,-0.1184375926386565,False,False,0.0,0.0,0,0,0,0.0,0.0,0.0,0.0,-0.1184375926386565,1,-0.1184375926386565
,academy_3_vs_1_with_keeper,123,collect_rollout,3274,0,24,0.0,False,False,0.0,0.0,0,0,0,0.0,0.0,0.0,0.0,0.0,1,0.0
,academy_3_vs_1_with_keeper,123,collect_rollout,3275,0,19,0.0,False,False,0.0,0.0,0,0,0,0.0,0.0,0.0,0.0,0.0,1,0.0
,academy_3_vs_1_with_keeper,123,collect_rollout,3276,0,151,1.153182198293507,False,False,0.0,0.0,0,0,0,0.0,0.0,0.0,0.0,1.153182198293507,1,1.153182198293507
,academy_3_vs_1_with_keeper,123,collect_rollout,3277,0,17,0.0,False,False,0.0,0.0,0,0,0,0.0,0.0,0.0,0.0,0.0,1,0.0
,academy_3_vs_1_with_keeper,123,collect_rollout,3278,0,19,0.0,False,False,0.0,0.0,0,0,0,0.0,0.0,0.0,0.0,0.0,1,0.0
,academy_3_vs_1_with_keeper,123,collect_rollout,3279,0,19,0.0,False,False,0.0,0.0,0,0,0,0.0,0.0,0.0,0.0,0.0,1,0.0
,academy_3_vs_1_with_keeper,123,collect_rollout,3280,0,19,0.0,False,False,0.0,0.0,0,0,0,0.0,0.0,0.0,0.0,0.0,1,0.0
,academy_3_vs_1_with_keeper,123,collect_rollout,3281,0,19,0.0,False,False,0.0,0.0,0,0,0,0.0,0.0,0.0,0.0,0.0,1,0.0
,academy_3_vs_1_with_keeper,123,collect_rollout,3282,0,18,0.0,False,False,0.0,0.0,0,0,0,0.0,0.0,0.0,0.0,0.0,1,0.0
,academy_3_vs_1_with_keeper,123,collect_rollout,3283,0,22,0.0,False,False,0.0,0.0,0,0,0,0.0,0.0,0.0,0.0,0.0,1,0.0
,academy_3_vs_1_with_keeper,123,collect_rollout,3284,0,22,0.0,False,False,0.0,0.0,0,0,0,0.0,0.0,0.0,0.0,0.0,1,0.0
,academy_3_vs_1_with_keeper,123,collect_rollout,3285,0,17,0.0,False,False,0.0,0.0,0,0,0,0.0,0.0,0.0,0.0,0.0,1,0.0
,academy_3_vs_1_with_keeper,123,collect_rollout,3286,0,21,0.0,False,False,0.0,0.0,0,0,0,0.0,0.0,0.0,0.0,0.0,1,0.0
,academy_3_vs_1_with_keeper,123,collect_rollout,3287,0,17,-0.003333333181217313,False,False,0.0,0.0,0,0,0,0.0,0.0,0.0,0.0,-0.003333333181217313,1,-0.003333333181217313
,academy_3_vs_1_with_keeper,123,collect_rollout,3288,0,22,0.0,False,False,0.0,0.0,0,0,0,0.0,0.0,0.0,0.0,0.0,1,0.0
,academy_3_vs_1_with_keeper,123,collect_rollout,3289,0,20,0.0,False,False,0.0,0.0,0,0,0,0.0,0.0,0.0,0.0,0.0,1,0.0
,academy_3_vs_1_with_keeper,123,collect_rollout,3290,0,20,0.0,False,False,0.0,0.0,0,0,0,0.0,0.0,0.0,0.0,0.0,1,0.0
,academy_3_vs_1_with_keeper,123,collect_rollout,3291,0,17,-0.003333333181217313,False,False,0.0,0.0,0,0,0,0.0,0.0,0.0,0.0,-0.003333333181217313,1,-0.003333333181217313
,academy_3_vs_1_with_keeper,123,collect_rollout,3292,0,18,0.0,False,False,0.0,0.0,0,0,0,0.0,0.0,0.0,0.0,0.0,1,0.0
,academy_3_vs_1_with_keeper,123,collect_rollout,3293,0,21,0.0,False,False,0.0,0.0,0,0,0,0.0,0.0,0.0,0.0,0.0,1,0.0
,academy_3_vs_1_with_keeper,123,collect_rollout,3294,0,18,0.0,False,False,0.0,0.0,0,0,0,0.0,0.0,0.0,0.0,0.0,1,0.0
,academy_3_vs_1_with_keeper,123,collect_rollout,3295,0,85,-0.07931763969827443,False,False,0.0,0.0,0,0,0,0.0,0.0,0.0,0.0,-0.07931763969827443,1,-0.07931763969827443
,academy_3_vs_1_with_keeper,123,collect_rollout,3296,0,23,0.0,False,False,0.0,0.0,0,0,0,0.0,0.0,0.0,0.0,0.0,1,0.0
,academy_3_vs_1_with_keeper,123,collect_rollout,3297,0,15,0.0,False,False,0.0,0.0,0,0,0,0.0,0.0,0.0,0.0,0.0,1,0.0
,academy_3_vs_1_with_keeper,123,collect_rollout,3298,0,23,0.0,False,False,0.0,0.0,0,0,0,0.0,0.0,0.0,0.0,0.0,1,0.0
,academy_3_vs_1_with_keeper,123,collect_rollout,3299,0,21,0.0,False,False,0.0,0.0,0,0,0,0.0,0.0,0.0,0.0,0.0,1,0.0
,academy_3_vs_1_with_keeper,123,collect_rollout,3300,0,18,0.0,False,False,0.0,0.0,0,0,0,0.0,0.0,0.0,0.0,0.0,1,0.0
,academy_3_vs_1_with_keeper,123,collect_rollout,3301,0,18,0.0,False,False,0.0,0.0,0,0,0,0.0,0.0,0.0,0.0,0.0,1,0.0
,academy_3_vs_1_with_keeper,123,collect_rollout,3302,0,19,0.0,False,False,0.0,0.0,0,0,0,0.0,0.0,0.0,0.0,0.0,1,0.0
,academy_3_vs_1_with_keeper,123,collect_rollout,3303,0,17,-0.003333333181217313,False,False,0.0,0.0,0,0,0,0.0,0.0,0.0,0.0,-0.003333333181217313,1,-0.003333333181217313
,academy_3_vs_1_with_keeper,123,collect_rollout,3304,0,18,0.0,False,False,0.0,0.0,0,0,0,0.0,0.0,0.0,0.0,0.0,1,0.0
,academy_3_vs_1_with_keeper,123,collect_rollout,3305,0,22,0.0,False,False,0.0,0.0,0,0,0,0.0,0.0,0.0,0.0,0.0,1,0.0
,academy_3_vs_1_with_keeper,123,collect_rollout,3306,0,20,0.0,False,False,0.0,0.0,0,0,0,0.0,0.0,0.0,0.0,0.0,1,0.0
,academy_3_vs_1_with_keeper,123,collect_rollout,3307,0,17,0.0,False,False,0.0,0.0,0,0,0,0.0,0.0,0.0,0.0,0.0,1,0.0
,academy_3_vs_1_with_keeper,123,collect_rollout,3308,0,21,0.0,False,False,0.0,0.0,0,0,0,0.0,0.0,0.0,0.0,0.0,1,0.0
,academy_3_vs_1_with_keeper,123,collect_rollout,3309,0,16,0.0,False,False,0.0,0.0,0,0,0,0.0,0.0,0.0,0.0,0.0,1,0.0
,academy_3_vs_1_with_keeper,123,collect_rollout,3310,0,17,0.0,False,False,0.0,0.0,0,0,0,0.0,0.0,0.0,0.0,0.0,1,0.0
,academy_3_vs_1_with_keeper,123,collect_rollout,3311,0,22,0.0,False,False,0.0,0.0,0,0,0,0.0,0.0,0.0,0.0,0.0,1,0.0
,academy_3_vs_1_with_keeper,123,collect_rollout,3312,0,18,0.0,False,False,0.0,0.0,0,0,0,0.0,0.0,0.0,0.0,0.0,1,0.0
,academy_3_vs_1_with_keeper,123,collect_rollout,3313,0,18,0.0,False,False,0.0,0.0,0,0,0,0.0,0.0,0.0,0.0,0.0,1,0.0
,academy_3_vs_1_with_keeper,123,collect_rollout,3314,0,18,0.0,False,False,0.0,0.0,0,0,0,0.0,0.0,0.0,0.0,0.0,1,0.0
,academy_3_vs_1_with_keeper,123,collect_rollout,3315,0,17,0.0,False,False,0.0,0.0,0,0,0,0.0,0.0,0.0,0.0,0.0,1,0.0
,academy_3_vs_1_with_keeper,123,collect_rollout,3316,0,20,0.0,False,False,0.0,0.0,0,0,0,0.0,0.0,0.0,0.0,0.0,1,0.0
,academy_3_vs_1_with_keeper,123,collect_rollout,3317,0,17,0.0,False,False,0.0,0.0,0,0,0,0.0,0.0,0.0,0.0,0.0,1,0.0
,academy_3_vs_1_with_keeper,123,collect_rollout,3318,0,20,0.0,False,False,0.0,0.0,0,0,0,0.0,0.0,0.0,0.0,0.0,1,0.0
,academy_3_vs_1_with_keeper,123,collect_rollout,3319,0,20,0.0,False,False,0.0,0.0,0,0,0,0.0,0.0,0.0,0.0,0.0,1,0.0
,academy_3_vs_1_with_keeper,123,collect_rollout,3320,0,19,0.0,False,False,0.0,0.0,0,0,0,0.0,0.0,0.0,0.0,0.0,1,0.0
,academy_3_vs_1_with_keeper,123,collect_rollout,3321,0,18,0.0,False,False,0.0,0.0,0,0,0,0.0,0.0,0.0,0.0,0.0,1,0.0
,academy_3_vs_1_with_keeper,123,collect_rollout,3322,0,17,0.0,False,False,0.0,0.0,0,0,0,0.0,0.0,0.0,0.0,0.0,1,0.0
,academy_3_vs_1_with_keeper,123,collect_rollout,3323,0,23,0.0,False,False,0.0,0.0,0,0,0,0.0,0.0,0.0,0.0,0.0,1,0.0
,academy_3_vs_1_with_keeper,123,collect_rollout,3324,0,21,0.0,False,False,0.0,0.0,0,0,0,0.0,0.0,0.0,0.0,0.0,1,0.0
,academy_3_vs_1_with_keeper,123,collect_rollout,3325,0,20,0.0,False,False,0.0,0.0,0,0,0,0.0,0.0,0.0,0.0,0.0,1,0.0
,academy_3_vs_1_with_keeper,123,collect_rollout,3326,0,19,0.0,False,False,0.0,0.0,0,0,0,0.0,0.0,0.0,0.0,0.0,1,0.0
,academy_3_vs_1_with_keeper,123,collect_rollout,3327,0,20,0.0,False,False,0.0,0.0,0,0,0,0.0,0.0,0.0,0.0,0.0,1,0.0
,academy_3_vs_1_with_keeper,123,collect_rollout,3328,0,16,0.0,False,False,0.0,0.0,0,0,0,0.0,0.0,0.0,0.0,0.0,1,0.0
,academy_3_vs_1_with_keeper,123,collect_rollout,3329,0,22,0.0,False,False,0.0,0.0,0,0,0,0.0,0.0,0.0,0.0,0.0,1,0.0
,academy_3_vs_1_with_keeper,123,collect_rollout,3330,0,18,0.0,False,False,0.0,0.0,0,0,0,0.0,0.0,0.0,0.0,0.0,1,0.0
,academy_3_vs_1_with_keeper,123,collect_rollout,3331,0,17,-0.003333333181217313,False,False,0.0,0.0,0,0,0,0.0,0.0,0.0,0.0,-0.003333333181217313,1,-0.003333333181217313
,academy_3_vs_1_with_keeper,123,collect_rollout,3332,0,16,0.0,False,False,0.0,0.0,0,0,0,0.0,0.0,0.0,0.0,0.0,1,0.0
,academy_3_vs_1_with_keeper,123,collect_rollout,3333,0,19,-0.003333333181217313,False,False,0.0,0.0,0,0,0,0.0,0.0,0.0,0.0,-0.003333333181217313,1,-0.003333333181217313
,academy_3_vs_1_with_keeper,123,collect_rollout,3334,0,23,0.0,False,False,0.0,0.0,0,0,0,0.0,0.0,0.0,0.0,0.0,1,0.0
,academy_3_vs_1_with_keeper,123,collect_rollout,3335,0,18,-0.003333333181217313,False,False,0.0,0.0,0,0,0,0.0,0.0,0.0,0.0,-0.003333333181217313,1,-0.003333333181217313
,academy_3_vs_1_with_keeper,123,collect_rollout,3336,0,17,0.0,False,False,0.0,0.0,0,0,0,0.0,0.0,0.0,0.0,0.0,1,0.0
,academy_3_vs_1_with_keeper,123,collect_rollout,3337,0,20,0.0,False,False,0.0,0.0,0,0,0,0.0,0.0,0.0,0.0,0.0,1,0.0
,academy_3_vs_1_with_keeper,123,collect_rollout,3338,0,16,0.0,False,False,0.0,0.0,0,0,0,0.0,0.0,0.0,0.0,0.0,1,0.0
,academy_3_vs_1_with_keeper,123,collect_rollout,3339,0,21,0.0,False,False,0.0,0.0,0,0,0,0.0,0.0,0.0,0.0,0.0,1,0.0
,academy_3_vs_1_with_keeper,123,collect_rollout,3340,0,17,0.0,False,False,0.0,0.0,0,0,0,0.0,0.0,0.0,0.0,0.0,1,0.0
,academy_3_vs_1_with_keeper,123,collect_rollout,3341,0,73,-0.04690064361784607,False,False,0.0,0.0,0,0,0,0.0,0.0,0.0,0.0,-0.04690064361784607,1,-0.04690064361784607
,academy_3_vs_1_with_keeper,123,collect_rollout,3342,0,22,0.0,False,False,0.0,0.0,0,0,0,0.0,0.0,0.0,0.0,0.0,1,0.0
,academy_3_vs_1_with_keeper,123,collect_rollout,3343,0,22,0.0,False,False,0.0,0.0,0,0,0,0.0,0.0,0.0,0.0,0.0,1,0.0
,academy_3_vs_1_with_keeper,123,collect_rollout,3344,0,16,0.0,False,False,0.0,0.0,0,0,0,0.0,0.0,0.0,0.0,0.0,1,0.0
,academy_3_vs_1_with_keeper,123,collect_rollout,3345,0,18,0.0,False,False,0.0,0.0,0,0,0,0.0,0.0,0.0,0.0,0.0,1,0.0
,academy_3_vs_1_with_keeper,123,collect_rollout,3346,0,22,0.0,False,False,0.0,0.0,0,0,0,0.0,0.0,0.0,0.0,0.0,1,0.0
,academy_3_vs_1_with_keeper,123,collect_rollout,3347,0,17,0.0,False,False,0.0,0.0,0,0,0,0.0,0.0,0.0,0.0,0.0,1,0.0
,academy_3_vs_1_with_keeper,123,collect_rollout,3348,0,15,0.0,False,False,0.0,0.0,0,0,0,0.0,0.0,0.0,0.0,0.0,1,0.0
,academy_3_vs_1_with_keeper,123,collect_rollout,3349,0,15,-0.003333333181217313,False,False,0.0,0.0,0,0,0,0.0,0.0,0.0,0.0,-0.003333333181217313,1,-0.003333333181217313
,academy_3_vs_1_with_keeper,123,collect_rollout,3350,0,17,-0.003333333181217313,False,False,0.0,0.0,0,0,0,0.0,0.0,0.0,0.0,-0.003333333181217313,1,-0.003333333181217313
,academy_3_vs_1_with_keeper,123,collect_rollout,3351,0,17,0.0,False,False,0.0,0.0,0,0,0,0.0,0.0,0.0,0.0,0.0,1,0.0
,academy_3_vs_1_with_keeper,123,collect_rollout,3352,0,16,0.0,False,False,0.0,0.0,0,0,0,0.0,0.0,0.0,0.0,0.0,1,0.0
,academy_3_vs_1_with_keeper,123,collect_rollout,3353,0,20,0.0,False,False,0.0,0.0,0,0,0,0.0,0.0,0.0,0.0,0.0,1,0.0
,academy_3_vs_1_with_keeper,123,collect_rollout,3354,0,20,0.0,False,False,0.0,0.0,0,0,0,0.0,0.0,0.0,0.0,0.0,1,0.0
,academy_3_vs_1_with_keeper,123,collect_rollout,3355,0,73,-0.30366800690535456,False,False,0.0,0.0,0,0,0,0.0,0.0,0.0,0.0,-0.30366800690535456,1,-0.30366800690535456
,academy_3_vs_1_with_keeper,123,collect_rollout,3356,0,19,0.0,False,False,0.0,0.0,0,0,0,0.0,0.0,0.0,0.0,0.0,1,0.0
,academy_3_vs_1_with_keeper,123,collect_rollout,3357,0,16,0.0,False,False,0.0,0.0,0,0,0,0.0,0.0,0.0,0.0,0.0,1,0.0
,academy_3_vs_1_with_keeper,123,collect_rollout,3358,0,19,0.0,False,False,0.0,0.0,0,0,0,0.0,0.0,0.0,0.0,0.0,1,0.0
,academy_3_vs_1_with_keeper,123,collect_rollout,3359,0,17,0.0,False,False,0.0,0.0,0,0,0,0.0,0.0,0.0,0.0,0.0,1,0.0
,academy_3_vs_1_with_keeper,123,collect_rollout,3360,0,16,0.0,False,False,0.0,0.0,0,0,0,0.0,0.0,0.0,0.0,0.0,1,0.0
,academy_3_vs_1_with_keeper,123,collect_rollout,3361,0,23,0.0,False,False,0.0,0.0,0,0,0,0.0,0.0,0.0,0.0,0.0,1,0.0
,academy_3_vs_1_with_keeper,123,collect_rollout,3362,0,19,0.0,False,False,0.0,0.0,0,0,0,0.0,0.0,0.0,0.0,0.0,1,0.0
,academy_3_vs_1_with_keeper,123,collect_rollout,3363,0,14,0.0,False,False,0.0,0.0,0,0,0,0.0,0.0,0.0,0.0,0.0,1,0.0
,academy_3_vs_1_with_keeper,123,collect_rollout,3364,0,21,0.0,False,False,0.0,0.0,0,0,0,0.0,0.0,0.0,0.0,0.0,1,0.0
,academy_3_vs_1_with_keeper,123,collect_rollout,3365,0,15,0.0,False,False,0.0,0.0,0,0,0,0.0,0.0,0.0,0.0,0.0,1,0.0
,academy_3_vs_1_with_keeper,123,collect_rollout,3366,0,19,0.0,False,False,0.0,0.0,0,0,0,0.0,0.0,0.0,0.0,0.0,1,0.0
,academy_3_vs_1_with_keeper,123,collect_rollout,3367,0,16,0.0,False,False,0.0,0.0,0,0,0,0.0,0.0,0.0,0.0,0.0,1,0.0
,academy_3_vs_1_with_keeper,123,collect_rollout,3368,0,18,0.0,False,False,0.0,0.0,0,0,0,0.0,0.0,0.0,0.0,0.0,1,0.0
,academy_3_vs_1_with_keeper,123,collect_rollout,3369,0,17,0.0,False,False,0.0,0.0,0,0,0,0.0,0.0,0.0,0.0,0.0,1,0.0
,academy_3_vs_1_with_keeper,123,collect_rollout,3370,0,17,0.0,False,False,0.0,0.0,0,0,0,0.0,0.0,0.0,0.0,0.0,1,0.0
,academy_3_vs_1_with_keeper,123,collect_rollout,3371,0,19,0.0,False,False,0.0,0.0,0,0,0,0.0,0.0,0.0,0.0,0.0,1,0.0
,academy_3_vs_1_with_keeper,123,collect_rollout,3372,0,20,0.0,False,False,0.0,0.0,0,0,0,0.0,0.0,0.0,0.0,0.0,1,0.0
,academy_3_vs_1_with_keeper,123,collect_rollout,3373,0,18,0.0,False,False,0.0,0.0,0,0,0,0.0,0.0,0.0,0.0,0.0,1,0.0
,academy_3_vs_1_with_keeper,123,collect_rollout,3374,0,17,0.0,False,False,0.0,0.0,0,0,0,0.0,0.0,0.0,0.0,0.0,1,0.0
,academy_3_vs_1_with_keeper,123,collect_rollout,3375,0,21,0.0,False,False,0.0,0.0,0,0,0,0.0,0.0,0.0,0.0,0.0,1,0.0
,academy_3_vs_1_with_keeper,123,collect_rollout,3376,0,13,0.0,False,False,0.0,0.0,0,0,0,0.0,0.0,0.0,0.0,0.0,1,0.0
,academy_3_vs_1_with_keeper,123,collect_rollout,3377,0,20,0.0,False,False,0.0,0.0,0,0,0,0.0,0.0,0.0,0.0,0.0,1,0.0
,academy_3_vs_1_with_keeper,123,collect_rollout,3378,0,20,0.0,False,False,0.0,0.0,0,0,0,0.0,0.0,0.0,0.0,0.0,1,0.0
,academy_3_vs_1_with_keeper,123,collect_rollout,3379,0,21,0.0,False,False,0.0,0.0,0,0,0,0.0,0.0,0.0,0.0,0.0,1,0.0
,academy_3_vs_1_with_keeper,123,collect_rollout,3380,0,18,0.0,False,False,0.0,0.0,0,0,0,0.0,0.0,0.0,0.0,0.0,1,0.0
,academy_3_vs_1_with_keeper,123,collect_rollout,3381,0,135,-0.7381879516178742,False,False,0.0,0.0,0,0,0,0.0,0.0,0.0,0.0,-0.7381879516178742,1,-0.7381879516178742
,academy_3_vs_1_with_keeper,123,collect_rollout,3382,0,18,0.0,False,False,0.0,0.0,0,0,0,0.0,0.0,0.0,0.0,0.0,1,0.0
,academy_3_vs_1_with_keeper,123,collect_rollout,3383,0,16,0.0,False,False,0.0,0.0,0,0,0,0.0,0.0,0.0,0.0,0.0,1,0.0
,academy_3_vs_1_with_keeper,123,collect_rollout,3384,0,22,0.0,False,False,0.0,0.0,0,0,0,0.0,0.0,0.0,0.0,0.0,1,0.0
,academy_3_vs_1_with_keeper,123,collect_rollout,3385,0,17,0.0,False,False,0.0,0.0,0,0,0,0.0,0.0,0.0,0.0,0.0,1,0.0
,academy_3_vs_1_with_keeper,123,collect_rollout,3386,0,18,0.0,False,False,0.0,0.0,0,0,0,0.0,0.0,0.0,0.0,0.0,1,0.0
,academy_3_vs_1_with_keeper,123,collect_rollout,3387,0,21,0.0,False,False,0.0,0.0,0,0,0,0.0,0.0,0.0,0.0,0.0,1,0.0
,academy_3_vs_1_with_keeper,123,collect_rollout,3388,0,19,0.0,False,False,0.0,0.0,0,0,0,0.0,0.0,0.0,0.0,0.0,1,0.0
,academy_3_vs_1_with_keeper,123,collect_rollout,3389,0,20,0.0,False,False,0.0,0.0,0,0,0,0.0,0.0,0.0,0.0,0.0,1,0.0
,academy_3_vs_1_with_keeper,123,collect_rollout,3390,0,19,0.0,False,False,0.0,0.0,0,0,0,0.0,0.0,0.0,0.0,0.0,1,0.0
,academy_3_vs_1_with_keeper,123,collect_rollout,3391,0,19,0.0,False,False,0.0,0.0,0,0,0,0.0,0.0,0.0,0.0,0.0,1,0.0
,academy_3_vs_1_with_keeper,123,collect_rollout,3392,0,20,0.0,False,False,0.0,0.0,0,0,0,0.0,0.0,0.0,0.0,0.0,1,0.0
,academy_3_vs_1_with_keeper,123,collect_rollout,3393,0,21,0.0,False,False,0.0,0.0,0,0,0,0.0,0.0,0.0,0.0,0.0,1,0.0
,academy_3_vs_1_with_keeper,123,collect_rollout,3394,0,18,0.0,False,False,0.0,0.0,0,0,0,0.0,0.0,0.0,0.0,0.0,1,0.0
,academy_3_vs_1_with_keeper,123,collect_rollout,3395,0,16,-0.003333333181217313,False,False,0.0,0.0,0,0,0,0.0,0.0,0.0,0.0,-0.003333333181217313,1,-0.003333333181217313
,academy_3_vs_1_with_keeper,123,collect_rollout,3396,0,18,0.0,False,False,0.0,0.0,0,0,0,0.0,0.0,0.0,0.0,0.0,1,0.0
,academy_3_vs_1_with_keeper,123,collect_rollout,3397,0,20,0.0,False,False,0.0,0.0,0,0,0,0.0,0.0,0.0,0.0,0.0,1,0.0
,academy_3_vs_1_with_keeper,123,collect_rollout,3398,0,19,0.0,False,False,0.0,0.0,0,0,0,0.0,0.0,0.0,0.0,0.0,1,0.0
,academy_3_vs_1_with_keeper,123,collect_rollout,3399,0,22,0.0,False,False,0.0,0.0,0,0,0,0.0,0.0,0.0,0.0,0.0,1,0.0
,academy_3_vs_1_with_keeper,123,collect_rollout,3400,0,18,0.0,False,False,0.0,0.0,0,0,0,0.0,0.0,0.0,0.0,0.0,1,0.0
,academy_3_vs_1_with_keeper,123,collect_rollout,3401,0,17,0.0,False,False,0.0,0.0,0,0,0,0.0,0.0,0.0,0.0,0.0,1,0.0
,academy_3_vs_1_with_keeper,123,collect_rollout,3402,0,20,0.0,False,False,0.0,0.0,0,0,0,0.0,0.0,0.0,0.0,0.0,1,0.0
,academy_3_vs_1_with_keeper,123,collect_rollout,3403,0,16,0.0,False,False,0.0,0.0,0,0,0,0.0,0.0,0.0,0.0,0.0,1,0.0
,academy_3_vs_1_with_keeper,123,collect_rollout,3404,0,19,0.0,False,False,0.0,0.0,0,0,0,0.0,0.0,0.0,0.0,0.0,1,0.0
,academy_3_vs_1_with_keeper,123,collect_rollout,3405,0,17,-0.003333333181217313,False,False,0.0,0.0,0,0,0,0.0,0.0,0.0,0.0,-0.003333333181217313,1,-0.003333333181217313
,academy_3_vs_1_with_keeper,123,collect_rollout,3406,0,15,0.0,False,False,0.0,0.0,0,0,0,0.0,0.0,0.0,0.0,0.0,1,0.0
,academy_3_vs_1_with_keeper,123,collect_rollout,3407,0,24,0.0,False,False,0.0,0.0,0,0,0,0.0,0.0,0.0,0.0,0.0,1,0.0
,academy_3_vs_1_with_keeper,123,collect_rollout,3408,0,18,0.0,False,False,0.0,0.0,0,0,0,0.0,0.0,0.0,0.0,0.0,1,0.0
,academy_3_vs_1_with_keeper,123,collect_rollout,3409,0,16,0.0,False,False,0.0,0.0,0,0,0,0.0,0.0,0.0,0.0,0.0,1,0.0
,academy_3_vs_1_with_keeper,123,collect_rollout,3410,0,15,0.0,False,False,0.0,0.0,0,0,0,0.0,0.0,0.0,0.0,0.0,1,0.0
,academy_3_vs_1_with_keeper,123,collect_rollout,3411,0,18,0.0,False,False,0.0,0.0,0,0,0,0.0,0.0,0.0,0.0,0.0,1,0.0
,academy_3_vs_1_with_keeper,123,collect_rollout,3412,0,20,0.0,False,False,0.0,0.0,0,0,0,0.0,0.0,0.0,0.0,0.0,1,0.0
,academy_3_vs_1_with_keeper,123,collect_rollout,3413,0,23,0.0,False,False,0.0,0.0,0,0,0,0.0,0.0,0.0,0.0,0.0,1,0.0
,academy_3_vs_1_with_keeper,123,collect_rollout,3414,0,18,-0.009999999543651938,False,False,0.0,0.0,0,0,0,0.0,0.0,0.0,0.0,-0.009999999543651938,1,-0.009999999543651938
,academy_3_vs_1_with_keeper,123,collect_rollout,3415,0,15,0.0,False,False,0.0,0.0,0,0,0,0.0,0.0,0.0,0.0,0.0,1,0.0
,academy_3_vs_1_with_keeper,123,collect_rollout,3416,0,15,0.0,False,False,0.0,0.0,0,0,0,0.0,0.0,0.0,0.0,0.0,1,0.0
,academy_3_vs_1_with_keeper,123,collect_rollout,3417,0,19,0.0,False,False,0.0,0.0,0,0,0,0.0,0.0,0.0,0.0,0.0,1,0.0
,academy_3_vs_1_with_keeper,123,collect_rollout,3418,0,20,0.0,False,False,0.0,0.0,0,0,0,0.0,0.0,0.0,0.0,0.0,1,0.0
,academy_3_vs_1_with_keeper,123,collect_rollout,3419,0,23,0.0,False,False,0.0,0.0,0,0,0,0.0,0.0,0.0,0.0,0.0,1,0.0
,academy_3_vs_1_with_keeper,123,collect_rollout,3420,0,15,0.0,False,False,0.0,0.0,0,0,0,0.0,0.0,0.0,0.0,0.0,1,0.0
,academy_3_vs_1_with_keeper,123,collect_rollout,3421,0,19,0.0,False,False,0.0,0.0,0,0,0,0.0,0.0,0.0,0.0,0.0,1,0.0
,academy_3_vs_1_with_keeper,123,collect_rollout,3422,0,18,0.0,False,False,0.0,0.0,0,0,0,0.0,0.0,0.0,0.0,0.0,1,0.0
,academy_3_vs_1_with_keeper,123,collect_rollout,3423,0,20,0.0,False,False,0.0,0.0,0,0,0,0.0,0.0,0.0,0.0,0.0,1,0.0
,academy_3_vs_1_with_keeper,123,collect_rollout,3424,0,18,0.0,False,False,0.0,0.0,0,0,0,0.0,0.0,0.0,0.0,0.0,1,0.0
,academy_3_vs_1_with_keeper,123,collect_rollout,3425,0,21,0.0,False,False,0.0,0.0,0,0,0,0.0,0.0,0.0,0.0,0.0,1,0.0
,academy_3_vs_1_with_keeper,123,collect_rollout,3426,0,15,0.0,False,False,0.0,0.0,0,0,0,0.0,0.0,0.0,0.0,0.0,1,0.0
,academy_3_vs_1_with_keeper,123,collect_rollout,3427,0,18,0.0,False,False,0.0,0.0,0,0,0,0.0,0.0,0.0,0.0,0.0,1,0.0
,academy_3_vs_1_with_keeper,123,collect_rollout,3428,0,1801,-0.3673244398087263,False,False,0.0,0.0,0,0,0,0.0,0.0,0.0,0.0,-0.3673244398087263,1,-0.3673244398087263
,academy_3_vs_1_with_keeper,123,collect_rollout,3429,0,18,-0.003333333181217313,False,False,0.0,0.0,0,0,0,0.0,0.0,0.0,0.0,-0.003333333181217313,1,-0.003333333181217313
,academy_3_vs_1_with_keeper,123,collect_rollout,3430,0,16,0.0,False,False,0.0,0.0,0,0,0,0.0,0.0,0.0,0.0,0.0,1,0.0
,academy_3_vs_1_with_keeper,123,collect_rollout,3431,0,14,0.0,False,False,0.0,0.0,0,0,0,0.0,0.0,0.0,0.0,0.0,1,0.0
,academy_3_vs_1_with_keeper,123,collect_rollout,3432,0,16,0.0,False,False,0.0,0.0,0,0,0,0.0,0.0,0.0,0.0,0.0,1,0.0
,academy_3_vs_1_with_keeper,123,collect_rollout,3433,0,18,0.0,False,False,0.0,0.0,0,0,0,0.0,0.0,0.0,0.0,0.0,1,0.0
,academy_3_vs_1_with_keeper,123,collect_rollout,3434,0,62,-0.2838793615810573,False,False,0.0,0.0,0,0,0,0.0,0.0,0.0,0.0,-0.2838793615810573,1,-0.2838793615810573
,academy_3_vs_1_with_keeper,123,collect_rollout,3435,0,21,0.0,False,False,0.0,0.0,0,0,0,0.0,0.0,0.0,0.0,0.0,1,0.0
,academy_3_vs_1_with_keeper,123,collect_rollout,3436,0,16,0.0,False,False,0.0,0.0,0,0,0,0.0,0.0,0.0,0.0,0.0,1,0.0
,academy_3_vs_1_with_keeper,123,collect_rollout,3437,0,19,0.0,False,False,0.0,0.0,0,0,0,0.0,0.0,0.0,0.0,0.0,1,0.0
,academy_3_vs_1_with_keeper,123,collect_rollout,3438,0,19,0.0,False,False,0.0,0.0,0,0,0,0.0,0.0,0.0,0.0,0.0,1,0.0
,academy_3_vs_1_with_keeper,123,collect_rollout,3439,0,72,-0.08936243434436619,False,False,0.0,0.0,0,0,0,0.0,0.0,0.0,0.0,-0.08936243434436619,1,-0.08936243434436619
,academy_3_vs_1_with_keeper,123,collect_rollout,3440,0,19,0.0,False,False,0.0,0.0,0,0,0,0.0,0.0,0.0,0.0,0.0,1,0.0
,academy_3_vs_1_with_keeper,123,collect_rollout,3441,0,21,0.0,False,False,0.0,0.0,0,0,0,0.0,0.0,0.0,0.0,0.0,1,0.0
,academy_3_vs_1_with_keeper,123,collect_rollout,3442,0,21,-0.003333333181217313,False,False,0.0,0.0,0,0,0,0.0,0.0,0.0,0.0,-0.003333333181217313,1,-0.003333333181217313
,academy_3_vs_1_with_keeper,123,collect_rollout,3443,0,17,0.0,False,False,0.0,0.0,0,0,0,0.0,0.0,0.0,0.0,0.0,1,0.0
,academy_3_vs_1_with_keeper,123,collect_rollout,3444,0,21,0.0,False,False,0.0,0.0,0,0,0,0.0,0.0,0.0,0.0,0.0,1,0.0
,academy_3_vs_1_with_keeper,123,collect_rollout,3445,0,15,-0.003333333181217313,False,False,0.0,0.0,0,0,0,0.0,0.0,0.0,0.0,-0.003333333181217313,1,-0.003333333181217313
,academy_3_vs_1_with_keeper,123,collect_rollout,3446,0,17,0.0,False,False,0.0,0.0,0,0,0,0.0,0.0,0.0,0.0,0.0,1,0.0
,academy_3_vs_1_with_keeper,123,collect_rollout,3447,0,20,-0.003333333181217313,False,False,0.0,0.0,0,0,0,0.0,0.0,0.0,0.0,-0.003333333181217313,1,-0.003333333181217313
,academy_3_vs_1_with_keeper,123,collect_rollout,3448,0,19,0.0,False,False,0.0,0.0,0,0,0,0.0,0.0,0.0,0.0,0.0,1,0.0
,academy_3_vs_1_with_keeper,123,collect_rollout,3449,0,17,0.0,False,False,0.0,0.0,0,0,0,0.0,0.0,0.0,0.0,0.0,1,0.0
,academy_3_vs_1_with_keeper,123,collect_rollout,3450,0,14,0.0,False,False,0.0,0.0,0,0,0,0.0,0.0,0.0,0.0,0.0,1,0.0
,academy_3_vs_1_with_keeper,123,collect_rollout,3451,0,19,-0.003333333181217313,False,False,0.0,0.0,0,0,0,0.0,0.0,0.0,0.0,-0.003333333181217313,1,-0.003333333181217313
,academy_3_vs_1_with_keeper,123,collect_rollout,3452,0,19,0.0,False,False,0.0,0.0,0,0,0,0.0,0.0,0.0,0.0,0.0,1,0.0
,academy_3_vs_1_with_keeper,123,collect_rollout,3453,0,20,0.0,False,False,0.0,0.0,0,0,0,0.0,0.0,0.0,0.0,0.0,1,0.0
,academy_3_vs_1_with_keeper,123,collect_rollout,3454,0,20,-0.003333333181217313,False,False,0.0,0.0,0,0,0,0.0,0.0,0.0,0.0,-0.003333333181217313,1,-0.003333333181217313
,academy_3_vs_1_with_keeper,123,collect_rollout,3455,0,22,0.0,False,False,0.0,0.0,0,0,0,0.0,0.0,0.0,0.0,0.0,1,0.0
,academy_3_vs_1_with_keeper,123,collect_rollout,3456,0,18,0.0,False,False,0.0,0.0,0,0,0,0.0,0.0,0.0,0.0,0.0,1,0.0
,academy_3_vs_1_with_keeper,123,collect_rollout,3457,0,15,0.0,False,False,0.0,0.0,0,0,0,0.0,0.0,0.0,0.0,0.0,1,0.0
,academy_3_vs_1_with_keeper,123,collect_rollout,3458,0,15,0.0,False,False,0.0,0.0,0,0,0,0.0,0.0,0.0,0.0,0.0,1,0.0
,academy_3_vs_1_with_keeper,123,collect_rollout,3459,0,21,0.0,False,False,0.0,0.0,0,0,0,0.0,0.0,0.0,0.0,0.0,1,0.0
,academy_3_vs_1_with_keeper,123,collect_rollout,3460,0,18,0.0,False,False,0.0,0.0,0,0,0,0.0,0.0,0.0,0.0,0.0,1,0.0
,academy_3_vs_1_with_keeper,123,collect_rollout,3461,0,19,0.0,False,False,0.0,0.0,0,0,0,0.0,0.0,0.0,0.0,0.0,1,0.0
,academy_3_vs_1_with_keeper,123,collect_rollout,3462,0,24,-0.003333333181217313,False,False,0.0,0.0,0,0,0,0.0,0.0,0.0,0.0,-0.003333333181217313,1,-0.003333333181217313
,academy_3_vs_1_with_keeper,123,collect_rollout,3463,0,13,0.0,False,False,0.0,0.0,0,0,0,0.0,0.0,0.0,0.0,0.0,1,0.0
,academy_3_vs_1_with_keeper,123,collect_rollout,3464,0,23,0.0,False,False,0.0,0.0,0,0,0,0.0,0.0,0.0,0.0,0.0,1,0.0
,academy_3_vs_1_with_keeper,123,collect_rollout,3465,0,18,0.0,False,False,0.0,0.0,0,0,0,0.0,0.0,0.0,0.0,0.0,1,0.0
,academy_3_vs_1_with_keeper,123,collect_rollout,3466,0,15,0.0,False,False,0.0,0.0,0,0,0,0.0,0.0,0.0,0.0,0.0,1,0.0
,academy_3_vs_1_with_keeper,123,collect_rollout,3467,0,14,0.0,False,False,0.0,0.0,0,0,0,0.0,0.0,0.0,0.0,0.0,1,0.0
,academy_3_vs_1_with_keeper,123,collect_rollout,3468,0,16,0.0,False,False,0.0,0.0,0,0,0,0.0,0.0,0.0,0.0,0.0,1,0.0
,academy_3_vs_1_with_keeper,123,collect_rollout,3469,0,16,0.0,False,False,0.0,0.0,0,0,0,0.0,0.0,0.0,0.0,0.0,1,0.0
,academy_3_vs_1_with_keeper,123,collect_rollout,3470,0,23,0.0,False,False,0.0,0.0,0,0,0,0.0,0.0,0.0,0.0,0.0,1,0.0
,academy_3_vs_1_with_keeper,123,collect_rollout,3471,0,17,0.0,False,False,0.0,0.0,0,0,0,0.0,0.0,0.0,0.0,0.0,1,0.0
,academy_3_vs_1_with_keeper,123,collect_rollout,3472,0,20,0.0,False,False,0.0,0.0,0,0,0,0.0,0.0,0.0,0.0,0.0,1,0.0
,academy_3_vs_1_with_keeper,123,collect_rollout,3473,0,17,0.0,False,False,0.0,0.0,0,0,0,0.0,0.0,0.0,0.0,0.0,1,0.0
,academy_3_vs_1_with_keeper,123,collect_rollout,3474,0,23,0.0,False,False,0.0,0.0,0,0,0,0.0,0.0,0.0,0.0,0.0,1,0.0
,academy_3_vs_1_with_keeper,123,collect_rollout,3475,0,21,-0.003333333181217313,False,False,0.0,0.0,0,0,0,0.0,0.0,0.0,0.0,-0.003333333181217313,1,-0.003333333181217313
,academy_3_vs_1_with_keeper,123,collect_rollout,3476,0,19,0.0,False,False,0.0,0.0,0,0,0,0.0,0.0,0.0,0.0,0.0,1,0.0
,academy_3_vs_1_with_keeper,123,collect_rollout,3477,0,19,0.0,False,False,0.0,0.0,0,0,0,0.0,0.0,0.0,0.0,0.0,1,0.0
,academy_3_vs_1_with_keeper,123,collect_rollout,3478,0,20,0.0,False,False,0.0,0.0,0,0,0,0.0,0.0,0.0,0.0,0.0,1,0.0
,academy_3_vs_1_with_keeper,123,collect_rollout,3479,0,21,0.0,False,False,0.0,0.0,0,0,0,0.0,0.0,0.0,0.0,0.0,1,0.0
,academy_3_vs_1_with_keeper,123,collect_rollout,3480,0,18,0.0,False,False,0.0,0.0,0,0,0,0.0,0.0,0.0,0.0,0.0,1,0.0
,academy_3_vs_1_with_keeper,123,collect_rollout,3481,0,17,0.0,False,False,0.0,0.0,0,0,0,0.0,0.0,0.0,0.0,0.0,1,0.0
,academy_3_vs_1_with_keeper,123,collect_rollout,3482,0,16,0.0,False,False,0.0,0.0,0,0,0,0.0,0.0,0.0,0.0,0.0,1,0.0
,academy_3_vs_1_with_keeper,123,collect_rollout,3483,0,17,0.0,False,False,0.0,0.0,0,0,0,0.0,0.0,0.0,0.0,0.0,1,0.0
,academy_3_vs_1_with_keeper,123,collect_rollout,3484,0,18,0.0,False,False,0.0,0.0,0,0,0,0.0,0.0,0.0,0.0,0.0,1,0.0
,academy_3_vs_1_with_keeper,123,collect_rollout,3485,0,17,0.0,False,False,0.0,0.0,0,0,0,0.0,0.0,0.0,0.0,0.0,1,0.0
,academy_3_vs_1_with_keeper,123,collect_rollout,3486,0,18,0.0,False,False,0.0,0.0,0,0,0,0.0,0.0,0.0,0.0,0.0,1,0.0
,academy_3_vs_1_with_keeper,123,collect_rollout,3487,0,18,0.0,False,False,0.0,0.0,0,0,0,0.0,0.0,0.0,0.0,0.0,1,0.0
,academy_3_vs_1_with_keeper,123,collect_rollout,3488,0,22,0.0,False,False,0.0,0.0,0,0,0,0.0,0.0,0.0,0.0,0.0,1,0.0
,academy_3_vs_1_with_keeper,123,collect_rollout,3489,0,18,0.0,False,False,0.0,0.0,0,0,0,0.0,0.0,0.0,0.0,0.0,1,0.0
,academy_3_vs_1_with_keeper,123,collect_rollout,3490,0,19,0.0,False,False,0.0,0.0,0,0,0,0.0,0.0,0.0,0.0,0.0,1,0.0
,academy_3_vs_1_with_keeper,123,collect_rollout,3491,0,14,0.0,False,False,0.0,0.0,0,0,0,0.0,0.0,0.0,0.0,0.0,1,0.0
,academy_3_vs_1_with_keeper,123,collect_rollout,3492,0,17,0.0,False,False,0.0,0.0,0,0,0,0.0,0.0,0.0,0.0,0.0,1,0.0
,academy_3_vs_1_with_keeper,123,collect_rollout,3493,0,22,0.0,False,False,0.0,0.0,0,0,0,0.0,0.0,0.0,0.0,0.0,1,0.0
,academy_3_vs_1_with_keeper,123,collect_rollout,3494,0,19,0.0,False,False,0.0,0.0,0,0,0,0.0,0.0,0.0,0.0,0.0,1,0.0
,academy_3_vs_1_with_keeper,123,collect_rollout,3495,0,20,0.0,False,False,0.0,0.0,0,0,0,0.0,0.0,0.0,0.0,0.0,1,0.0
,academy_3_vs_1_with_keeper,123,collect_rollout,3496,0,18,0.0,False,False,0.0,0.0,0,0,0,0.0,0.0,0.0,0.0,0.0,1,0.0
,academy_3_vs_1_with_keeper,123,collect_rollout,3497,0,16,0.0,False,False,0.0,0.0,0,0,0,0.0,0.0,0.0,0.0,0.0,1,0.0
,academy_3_vs_1_with_keeper,123,collect_rollout,3498,0,20,0.0,False,False,0.0,0.0,0,0,0,0.0,0.0,0.0,0.0,0.0,1,0.0
,academy_3_vs_1_with_keeper,123,collect_rollout,3499,0,16,0.0,False,False,0.0,0.0,0,0,0,0.0,0.0,0.0,0.0,0.0,1,0.0
,academy_3_vs_1_with_keeper,123,collect_rollout,3500,0,20,-0.003333333181217313,False,False,0.0,0.0,0,0,0,0.0,0.0,0.0,0.0,-0.003333333181217313,1,-0.003333333181217313
,academy_3_vs_1_with_keeper,123,collect_rollout,3501,0,22,0.0,False,False,0.0,0.0,0,0,0,0.0,0.0,0.0,0.0,0.0,1,0.0
,academy_3_vs_1_with_keeper,123,collect_rollout,3502,0,20,0.0,False,False,0.0,0.0,0,0,0,0.0,0.0,0.0,0.0,0.0,1,0.0
,academy_3_vs_1_with_keeper,123,collect_rollout,3503,0,19,0.0,False,False,0.0,0.0,0,0,0,0.0,0.0,0.0,0.0,0.0,1,0.0
,academy_3_vs_1_with_keeper,123,collect_rollout,3504,0,21,0.0,False,False,0.0,0.0,0,0,0,0.0,0.0,0.0,0.0,0.0,1,0.0
,academy_3_vs_1_with_keeper,123,collect_rollout,3505,0,15,-0.003333333181217313,False,False,0.0,0.0,0,0,0,0.0,0.0,0.0,0.0,-0.003333333181217313,1,-0.003333333181217313
,academy_3_vs_1_with_keeper,123,collect_rollout,3506,0,17,0.0,False,False,0.0,0.0,0,0,0,0.0,0.0,0.0,0.0,0.0,1,0.0
,academy_3_vs_1_with_keeper,123,collect_rollout,3507,0,18,0.0,False,False,0.0,0.0,0,0,0,0.0,0.0,0.0,0.0,0.0,1,0.0
,academy_3_vs_1_with_keeper,123,collect_rollout,3508,0,18,0.0,False,False,0.0,0.0,0,0,0,0.0,0.0,0.0,0.0,0.0,1,0.0
,academy_3_vs_1_with_keeper,123,collect_rollout,3509,0,18,0.0,False,False,0.0,0.0,0,0,0,0.0,0.0,0.0,0.0,0.0,1,0.0
,academy_3_vs_1_with_keeper,123,collect_rollout,3510,0,22,0.0,False,False,0.0,0.0,0,0,0,0.0,0.0,0.0,0.0,0.0,1,0.0
,academy_3_vs_1_with_keeper,123,collect_rollout,3511,0,20,0.0,False,False,0.0,0.0,0,0,0,0.0,0.0,0.0,0.0,0.0,1,0.0
,academy_3_vs_1_with_keeper,123,collect_rollout,3512,0,18,0.0,False,False,0.0,0.0,0,0,0,0.0,0.0,0.0,0.0,0.0,1,0.0
,academy_3_vs_1_with_keeper,123,collect_rollout,3513,0,18,0.0,False,False,0.0,0.0,0,0,0,0.0,0.0,0.0,0.0,0.0,1,0.0
,academy_3_vs_1_with_keeper,123,collect_rollout,3514,0,21,0.0,False,False,0.0,0.0,0,0,0,0.0,0.0,0.0,0.0,0.0,1,0.0
,academy_3_vs_1_with_keeper,123,collect_rollout,3515,0,17,0.0,False,False,0.0,0.0,0,0,0,0.0,0.0,0.0,0.0,0.0,1,0.0
,academy_3_vs_1_with_keeper,123,collect_rollout,3516,0,68,1.9483579148854915,False,False,0.0,0.0,0,0,0,0.0,0.0,0.0,0.0,1.9483579148854915,1,1.9483579148854915
,academy_3_vs_1_with_keeper,123,collect_rollout,3517,0,18,0.0,False,False,0.0,0.0,0,0,0,0.0,0.0,0.0,0.0,0.0,1,0.0
,academy_3_vs_1_with_keeper,123,collect_rollout,3518,0,18,0.0,False,False,0.0,0.0,0,0,0,0.0,0.0,0.0,0.0,0.0,1,0.0
,academy_3_vs_1_with_keeper,123,collect_rollout,3519,0,15,0.0,False,False,0.0,0.0,0,0,0,0.0,0.0,0.0,0.0,0.0,1,0.0
,academy_3_vs_1_with_keeper,123,collect_rollout,3520,0,17,0.0,False,False,0.0,0.0,0,0,0,0.0,0.0,0.0,0.0,0.0,1,0.0
,academy_3_vs_1_with_keeper,123,collect_rollout,3521,0,18,0.0,False,False,0.0,0.0,0,0,0,0.0,0.0,0.0,0.0,0.0,1,0.0
,academy_3_vs_1_with_keeper,123,collect_rollout,3522,0,16,0.0,False,False,0.0,0.0,0,0,0,0.0,0.0,0.0,0.0,0.0,1,0.0
,academy_3_vs_1_with_keeper,123,collect_rollout,3523,0,19,0.0,False,False,0.0,0.0,0,0,0,0.0,0.0,0.0,0.0,0.0,1,0.0
,academy_3_vs_1_with_keeper,123,collect_rollout,3524,0,20,0.0,False,False,0.0,0.0,0,0,0,0.0,0.0,0.0,0.0,0.0,1,0.0
,academy_3_vs_1_with_keeper,123,collect_rollout,3525,0,16,0.0,False,False,0.0,0.0,0,0,0,0.0,0.0,0.0,0.0,0.0,1,0.0
,academy_3_vs_1_with_keeper,123,collect_rollout,3526,0,18,0.0,False,False,0.0,0.0,0,0,0,0.0,0.0,0.0,0.0,0.0,1,0.0
,academy_3_vs_1_with_keeper,123,collect_rollout,3527,0,16,-0.003333333181217313,False,False,0.0,0.0,0,0,0,0.0,0.0,0.0,0.0,-0.003333333181217313,1,-0.003333333181217313
,academy_3_vs_1_with_keeper,123,collect_rollout,3528,0,18,0.0,False,False,0.0,0.0,0,0,0,0.0,0.0,0.0,0.0,0.0,1,0.0
,academy_3_vs_1_with_keeper,123,collect_rollout,3529,0,17,0.0,False,False,0.0,0.0,0,0,0,0.0,0.0,0.0,0.0,0.0,1,0.0
,academy_3_vs_1_with_keeper,123,collect_rollout,3530,0,16,0.0,False,False,0.0,0.0,0,0,0,0.0,0.0,0.0,0.0,0.0,1,0.0
,academy_3_vs_1_with_keeper,123,collect_rollout,3531,0,22,0.0,False,False,0.0,0.0,0,0,0,0.0,0.0,0.0,0.0,0.0,1,0.0
,academy_3_vs_1_with_keeper,123,collect_rollout,3532,0,19,0.0,False,False,0.0,0.0,0,0,0,0.0,0.0,0.0,0.0,0.0,1,0.0
,academy_3_vs_1_with_keeper,123,collect_rollout,3533,0,21,0.0,False,False,0.0,0.0,0,0,0,0.0,0.0,0.0,0.0,0.0,1,0.0
,academy_3_vs_1_with_keeper,123,collect_rollout,3534,0,24,0.0,False,False,0.0,0.0,0,0,0,0.0,0.0,0.0,0.0,0.0,1,0.0
,academy_3_vs_1_with_keeper,123,collect_rollout,3535,0,22,0.0,False,False,0.0,0.0,0,0,0,0.0,0.0,0.0,0.0,0.0,1,0.0
,academy_3_vs_1_with_keeper,123,collect_rollout,3536,0,22,0.0,False,False,0.0,0.0,0,0,0,0.0,0.0,0.0,0.0,0.0,1,0.0
,academy_3_vs_1_with_keeper,123,collect_rollout,3537,0,21,0.0,False,False,0.0,0.0,0,0,0,0.0,0.0,0.0,0.0,0.0,1,0.0
,academy_3_vs_1_with_keeper,123,collect_rollout,3538,0,18,0.0,False,False,0.0,0.0,0,0,0,0.0,0.0,0.0,0.0,0.0,1,0.0
,academy_3_vs_1_with_keeper,123,collect_rollout,3539,0,19,0.0,False,False,0.0,0.0,0,0,0,0.0,0.0,0.0,0.0,0.0,1,0.0
,academy_3_vs_1_with_keeper,123,collect_rollout,3540,0,16,0.0,False,False,0.0,0.0,0,0,0,0.0,0.0,0.0,0.0,0.0,1,0.0
,academy_3_vs_1_with_keeper,123,collect_rollout,3541,0,17,0.0,False,False,0.0,0.0,0,0,0,0.0,0.0,0.0,0.0,0.0,1,0.0
,academy_3_vs_1_with_keeper,123,collect_rollout,3542,0,19,0.0,False,False,0.0,0.0,0,0,0,0.0,0.0,0.0,0.0,0.0,1,0.0
,academy_3_vs_1_with_keeper,123,collect_rollout,3543,0,19,0.0,False,False,0.0,0.0,0,0,0,0.0,0.0,0.0,0.0,0.0,1,0.0
,academy_3_vs_1_with_keeper,123,collect_rollout,3544,0,16,0.0,False,False,0.0,0.0,0,0,0,0.0,0.0,0.0,0.0,0.0,1,0.0
,academy_3_vs_1_with_keeper,123,collect_rollout,3545,0,128,-0.31680099584627897,False,False,0.0,0.0,0,0,0,0.0,0.0,0.0,0.0,-0.31680099584627897,1,-0.31680099584627897
,academy_3_vs_1_with_keeper,123,collect_rollout,3546,0,20,0.0,False,False,0.0,0.0,0,0,0,0.0,0.0,0.0,0.0,0.0,1,0.0
,academy_3_vs_1_with_keeper,123,collect_rollout,3547,0,16,0.0,False,False,0.0,0.0,0,0,0,0.0,0.0,0.0,0.0,0.0,1,0.0
,academy_3_vs_1_with_keeper,123,collect_rollout,3548,0,19,0.0,False,False,0.0,0.0,0,0,0,0.0,0.0,0.0,0.0,0.0,1,0.0
,academy_3_vs_1_with_keeper,123,collect_rollout,3549,0,21,0.0,False,False,0.0,0.0,0,0,0,0.0,0.0,0.0,0.0,0.0,1,0.0
,academy_3_vs_1_with_keeper,123,collect_rollout,3550,0,18,0.0,False,False,0.0,0.0,0,0,0,0.0,0.0,0.0,0.0,0.0,1,0.0
,academy_3_vs_1_with_keeper,123,collect_rollout,3551,0,18,0.0,False,False,0.0,0.0,0,0,0,0.0,0.0,0.0,0.0,0.0,1,0.0
,academy_3_vs_1_with_keeper,123,collect_rollout,3552,0,18,0.0,False,False,0.0,0.0,0,0,0,0.0,0.0,0.0,0.0,0.0,1,0.0
,academy_3_vs_1_with_keeper,123,collect_rollout,3553,0,18,0.0,False,False,0.0,0.0,0,0,0,0.0,0.0,0.0,0.0,0.0,1,0.0
,academy_3_vs_1_with_keeper,123,collect_rollout,3554,0,22,0.0,False,False,0.0,0.0,0,0,0,0.0,0.0,0.0,0.0,0.0,1,0.0
,academy_3_vs_1_with_keeper,123,collect_rollout,3555,0,196,-0.7389332544989884,False,False,0.0,0.0,0,0,0,0.0,0.0,0.0,0.0,-0.7389332544989884,1,-0.7389332544989884
,academy_3_vs_1_with_keeper,123,collect_rollout,3556,0,17,0.0,False,False,0.0,0.0,0,0,0,0.0,0.0,0.0,0.0,0.0,1,0.0
,academy_3_vs_1_with_keeper,123,collect_rollout,3557,0,18,0.0,False,False,0.0,0.0,0,0,0,0.0,0.0,0.0,0.0,0.0,1,0.0
,academy_3_vs_1_with_keeper,123,collect_rollout,3558,0,20,0.0,False,False,0.0,0.0,0,0,0,0.0,0.0,0.0,0.0,0.0,1,0.0
,academy_3_vs_1_with_keeper,123,collect_rollout,3559,0,17,0.0,False,False,0.0,0.0,0,0,0,0.0,0.0,0.0,0.0,0.0,1,0.0
,academy_3_vs_1_with_keeper,123,collect_rollout,3560,0,21,0.0,False,False,0.0,0.0,0,0,0,0.0,0.0,0.0,0.0,0.0,1,0.0
,academy_3_vs_1_with_keeper,123,collect_rollout,3561,0,16,0.0,False,False,0.0,0.0,0,0,0,0.0,0.0,0.0,0.0,0.0,1,0.0
,academy_3_vs_1_with_keeper,123,collect_rollout,3562,0,22,0.0,False,False,0.0,0.0,0,0,0,0.0,0.0,0.0,0.0,0.0,1,0.0
,academy_3_vs_1_with_keeper,123,collect_rollout,3563,0,20,0.0,False,False,0.0,0.0,0,0,0,0.0,0.0,0.0,0.0,0.0,1,0.0
,academy_3_vs_1_with_keeper,123,collect_rollout,3564,0,20,0.0,False,False,0.0,0.0,0,0,0,0.0,0.0,0.0,0.0,0.0,1,0.0
,academy_3_vs_1_with_keeper,123,collect_rollout,3565,0,19,0.0,False,False,0.0,0.0,0,0,0,0.0,0.0,0.0,0.0,0.0,1,0.0
,academy_3_vs_1_with_keeper,123,collect_rollout,3566,0,18,0.0,False,False,0.0,0.0,0,0,0,0.0,0.0,0.0,0.0,0.0,1,0.0
,academy_3_vs_1_with_keeper,123,collect_rollout,3567,0,17,0.0,False,False,0.0,0.0,0,0,0,0.0,0.0,0.0,0.0,0.0,1,0.0
,academy_3_vs_1_with_keeper,123,collect_rollout,3568,0,17,0.0,False,False,0.0,0.0,0,0,0,0.0,0.0,0.0,0.0,0.0,1,0.0
,academy_3_vs_1_with_keeper,123,collect_rollout,3569,0,14,0.0,False,False,0.0,0.0,0,0,0,0.0,0.0,0.0,0.0,0.0,1,0.0
,academy_3_vs_1_with_keeper,123,collect_rollout,3570,0,19,0.0,False,False,0.0,0.0,0,0,0,0.0,0.0,0.0,0.0,0.0,1,0.0
,academy_3_vs_1_with_keeper,123,collect_rollout,3571,0,18,0.0,False,False,0.0,0.0,0,0,0,0.0,0.0,0.0,0.0,0.0,1,0.0
,academy_3_vs_1_with_keeper,123,collect_rollout,3572,0,19,0.0,False,False,0.0,0.0,0,0,0,0.0,0.0,0.0,0.0,0.0,1,0.0
,academy_3_vs_1_with_keeper,123,collect_rollout,3573,0,19,0.0,False,False,0.0,0.0,0,0,0,0.0,0.0,0.0,0.0,0.0,1,0.0
,academy_3_vs_1_with_keeper,123,collect_rollout,3574,0,16,0.0,False,False,0.0,0.0,0,0,0,0.0,0.0,0.0,0.0,0.0,1,0.0
,academy_3_vs_1_with_keeper,123,collect_rollout,3575,0,13,0.0,False,False,0.0,0.0,0,0,0,0.0,0.0,0.0,0.0,0.0,1,0.0
,academy_3_vs_1_with_keeper,123,collect_rollout,3576,0,21,0.0,False,False,0.0,0.0,0,0,0,0.0,0.0,0.0,0.0,0.0,1,0.0
,academy_3_vs_1_with_keeper,123,collect_rollout,3577,0,21,0.0,False,False,0.0,0.0,0,0,0,0.0,0.0,0.0,0.0,0.0,1,0.0
,academy_3_vs_1_with_keeper,123,collect_rollout,3578,0,19,0.0,False,False,0.0,0.0,0,0,0,0.0,0.0,0.0,0.0,0.0,1,0.0
,academy_3_vs_1_with_keeper,123,collect_rollout,3579,0,16,0.0,False,False,0.0,0.0,0,0,0,0.0,0.0,0.0,0.0,0.0,1,0.0
,academy_3_vs_1_with_keeper,123,collect_rollout,3580,0,20,0.0,False,False,0.0,0.0,0,0,0,0.0,0.0,0.0,0.0,0.0,1,0.0
,academy_3_vs_1_with_keeper,123,collect_rollout,3581,0,19,0.0,False,False,0.0,0.0,0,0,0,0.0,0.0,0.0,0.0,0.0,1,0.0
,academy_3_vs_1_with_keeper,123,collect_rollout,3582,0,17,0.0,False,False,0.0,0.0,0,0,0,0.0,0.0,0.0,0.0,0.0,1,0.0
,academy_3_vs_1_with_keeper,123,collect_rollout,3583,0,19,0.0,False,False,0.0,0.0,0,0,0,0.0,0.0,0.0,0.0,0.0,1,0.0
,academy_3_vs_1_with_keeper,123,collect_rollout,3584,0,22,0.0,False,False,0.0,0.0,0,0,0,0.0,0.0,0.0,0.0,0.0,1,0.0
,academy_3_vs_1_with_keeper,123,collect_rollout,3585,0,18,0.0,False,False,0.0,0.0,0,0,0,0.0,0.0,0.0,0.0,0.0,1,0.0
,academy_3_vs_1_with_keeper,123,collect_rollout,3586,0,18,0.0,False,False,0.0,0.0,0,0,0,0.0,0.0,0.0,0.0,0.0,1,0.0
,academy_3_vs_1_with_keeper,123,collect_rollout,3587,0,18,0.0,False,False,0.0,0.0,0,0,0,0.0,0.0,0.0,0.0,0.0,1,0.0
,academy_3_vs_1_with_keeper,123,collect_rollout,3588,0,21,0.0,False,False,0.0,0.0,0,0,0,0.0,0.0,0.0,0.0,0.0,1,0.0
,academy_3_vs_1_with_keeper,123,collect_rollout,3589,0,21,0.0,False,False,0.0,0.0,0,0,0,0.0,0.0,0.0,0.0,0.0,1,0.0
,academy_3_vs_1_with_keeper,123,collect_rollout,3590,0,17,0.0,False,False,0.0,0.0,0,0,0,0.0,0.0,0.0,0.0,0.0,1,0.0
,academy_3_vs_1_with_keeper,123,collect_rollout,3591,0,15,0.0,False,False,0.0,0.0,0,0,0,0.0,0.0,0.0,0.0,0.0,1,0.0
,academy_3_vs_1_with_keeper,123,collect_rollout,3592,0,18,0.0,False,False,0.0,0.0,0,0,0,0.0,0.0,0.0,0.0,0.0,1,0.0
,academy_3_vs_1_with_keeper,123,collect_rollout,3593,0,21,0.0,False,False,0.0,0.0,0,0,0,0.0,0.0,0.0,0.0,0.0,1,0.0
,academy_3_vs_1_with_keeper,123,collect_rollout,3594,0,77,-0.23729273036587983,False,False,0.0,0.0,0,0,0,0.0,0.0,0.0,0.0,-0.23729273036587983,1,-0.23729273036587983
,academy_3_vs_1_with_keeper,123,collect_rollout,3595,0,18,0.0,False,False,0.0,0.0,0,0,0,0.0,0.0,0.0,0.0,0.0,1,0.0
,academy_3_vs_1_with_keeper,123,collect_rollout,3596,0,20,0.0,False,False,0.0,0.0,0,0,0,0.0,0.0,0.0,0.0,0.0,1,0.0
,academy_3_vs_1_with_keeper,123,collect_rollout,3597,0,17,0.0,False,False,0.0,0.0,0,0,0,0.0,0.0,0.0,0.0,0.0,1,0.0
,academy_3_vs_1_with_keeper,123,collect_rollout,3598,0,59,1.8362743813777342,False,False,0.0,0.0,0,0,0,0.0,0.0,0.0,0.0,1.8362743813777342,1,1.8362743813777342
,academy_3_vs_1_with_keeper,123,collect_rollout,3599,0,20,0.0,False,False,0.0,0.0,0,0,0,0.0,0.0,0.0,0.0,0.0,1,0.0
,academy_3_vs_1_with_keeper,123,collect_rollout,3600,0,17,0.0,False,False,0.0,0.0,0,0,0,0.0,0.0,0.0,0.0,0.0,1,0.0
,academy_3_vs_1_with_keeper,123,collect_rollout,3601,0,20,0.0,False,False,0.0,0.0,0,0,0,0.0,0.0,0.0,0.0,0.0,1,0.0
,academy_3_vs_1_with_keeper,123,collect_rollout,3602,0,21,0.0,False,False,0.0,0.0,0,0,0,0.0,0.0,0.0,0.0,0.0,1,0.0
,academy_3_vs_1_with_keeper,123,collect_rollout,3603,0,17,0.0,False,False,0.0,0.0,0,0,0,0.0,0.0,0.0,0.0,0.0,1,0.0
,academy_3_vs_1_with_keeper,123,collect_rollout,3604,0,22,0.0,False,False,0.0,0.0,0,0,0,0.0,0.0,0.0,0.0,0.0,1,0.0
,academy_3_vs_1_with_keeper,123,collect_rollout,3605,0,21,0.0,False,False,0.0,0.0,0,0,0,0.0,0.0,0.0,0.0,0.0,1,0.0
,academy_3_vs_1_with_keeper,123,collect_rollout,3606,0,23,0.0,False,False,0.0,0.0,0,0,0,0.0,0.0,0.0,0.0,0.0,1,0.0
,academy_3_vs_1_with_keeper,123,collect_rollout,3607,0,19,0.0,False,False,0.0,0.0,0,0,0,0.0,0.0,0.0,0.0,0.0,1,0.0
,academy_3_vs_1_with_keeper,123,collect_rollout,3608,0,16,0.0,False,False,0.0,0.0,0,0,0,0.0,0.0,0.0,0.0,0.0,1,0.0
,academy_3_vs_1_with_keeper,123,collect_rollout,3609,0,129,-0.2802194496616721,False,False,0.0,0.0,0,0,0,0.0,0.0,0.0,0.0,-0.2802194496616721,1,-0.2802194496616721
,academy_3_vs_1_with_keeper,123,collect_rollout,3610,0,20,0.0,False,False,0.0,0.0,0,0,0,0.0,0.0,0.0,0.0,0.0,1,0.0
,academy_3_vs_1_with_keeper,123,collect_rollout,3611,0,14,0.0,False,False,0.0,0.0,0,0,0,0.0,0.0,0.0,0.0,0.0,1,0.0
,academy_3_vs_1_with_keeper,123,collect_rollout,3612,0,22,0.0,False,False,0.0,0.0,0,0,0,0.0,0.0,0.0,0.0,0.0,1,0.0
,academy_3_vs_1_with_keeper,123,collect_rollout,3613,0,23,-0.003333333181217313,False,False,0.0,0.0,0,0,0,0.0,0.0,0.0,0.0,-0.003333333181217313,1,-0.003333333181217313
,academy_3_vs_1_with_keeper,123,collect_rollout,3614,0,18,0.0,False,False,0.0,0.0,0,0,0,0.0,0.0,0.0,0.0,0.0,1,0.0
,academy_3_vs_1_with_keeper,123,collect_rollout,3615,0,22,-0.003333333181217313,False,False,0.0,0.0,0,0,0,0.0,0.0,0.0,0.0,-0.003333333181217313,1,-0.003333333181217313
,academy_3_vs_1_with_keeper,123,collect_rollout,3616,0,22,0.0,False,False,0.0,0.0,0,0,0,0.0,0.0,0.0,0.0,0.0,1,0.0
,academy_3_vs_1_with_keeper,123,collect_rollout,3617,0,18,0.0,False,False,0.0,0.0,0,0,0,0.0,0.0,0.0,0.0,0.0,1,0.0
,academy_3_vs_1_with_keeper,123,collect_rollout,3618,0,19,0.0,False,False,0.0,0.0,0,0,0,0.0,0.0,0.0,0.0,0.0,1,0.0
,academy_3_vs_1_with_keeper,123,collect_rollout,3619,0,14,0.0,False,False,0.0,0.0,0,0,0,0.0,0.0,0.0,0.0,0.0,1,0.0
,academy_3_vs_1_with_keeper,123,collect_rollout,3620,0,20,0.0,False,False,0.0,0.0,0,0,0,0.0,0.0,0.0,0.0,0.0,1,0.0
,academy_3_vs_1_with_keeper,123,collect_rollout,3621,0,19,0.0,False,False,0.0,0.0,0,0,0,0.0,0.0,0.0,0.0,0.0,1,0.0
,academy_3_vs_1_with_keeper,123,collect_rollout,3622,0,18,0.0,False,False,0.0,0.0,0,0,0,0.0,0.0,0.0,0.0,0.0,1,0.0
,academy_3_vs_1_with_keeper,123,collect_rollout,3623,0,16,-0.003333333181217313,False,False,0.0,0.0,0,0,0,0.0,0.0,0.0,0.0,-0.003333333181217313,1,-0.003333333181217313
,academy_3_vs_1_with_keeper,123,collect_rollout,3624,0,16,0.0,False,False,0.0,0.0,0,0,0,0.0,0.0,0.0,0.0,0.0,1,0.0
,academy_3_vs_1_with_keeper,123,collect_rollout,3625,0,21,0.0,False,False,0.0,0.0,0,0,0,0.0,0.0,0.0,0.0,0.0,1,0.0
,academy_3_vs_1_with_keeper,123,collect_rollout,3626,0,22,0.0,False,False,0.0,0.0,0,0,0,0.0,0.0,0.0,0.0,0.0,1,0.0
,academy_3_vs_1_with_keeper,123,collect_rollout,3627,0,17,0.0,False,False,0.0,0.0,0,0,0,0.0,0.0,0.0,0.0,0.0,1,0.0
,academy_3_vs_1_with_keeper,123,collect_rollout,3628,0,17,0.0,False,False,0.0,0.0,0,0,0,0.0,0.0,0.0,0.0,0.0,1,0.0
,academy_3_vs_1_with_keeper,123,collect_rollout,3629,0,18,0.0,False,False,0.0,0.0,0,0,0,0.0,0.0,0.0,0.0,0.0,1,0.0
,academy_3_vs_1_with_keeper,123,collect_rollout,3630,0,73,-0.2957223921548575,False,False,0.0,0.0,0,0,0,0.0,0.0,0.0,0.0,-0.2957223921548575,1,-0.2957223921548575
,academy_3_vs_1_with_keeper,123,collect_rollout,3631,0,125,-0.522187789902091,False,False,0.0,0.0,0,0,0,0.0,0.0,0.0,0.0,-0.522187789902091,1,-0.522187789902091
,academy_3_vs_1_with_keeper,123,collect_rollout,3632,0,16,0.0,False,False,0.0,0.0,0,0,0,0.0,0.0,0.0,0.0,0.0,1,0.0
,academy_3_vs_1_with_keeper,123,collect_rollout,3633,0,22,0.0,False,False,0.0,0.0,0,0,0,0.0,0.0,0.0,0.0,0.0,1,0.0
,academy_3_vs_1_with_keeper,123,collect_rollout,3634,0,16,0.0,False,False,0.0,0.0,0,0,0,0.0,0.0,0.0,0.0,0.0,1,0.0
,academy_3_vs_1_with_keeper,123,collect_rollout,3635,0,18,-0.003333333181217313,False,False,0.0,0.0,0,0,0,0.0,0.0,0.0,0.0,-0.003333333181217313,1,-0.003333333181217313
,academy_3_vs_1_with_keeper,123,collect_rollout,3636,0,22,0.0,False,False,0.0,0.0,0,0,0,0.0,0.0,0.0,0.0,0.0,1,0.0
,academy_3_vs_1_with_keeper,123,collect_rollout,3637,0,23,0.0,False,False,0.0,0.0,0,0,0,0.0,0.0,0.0,0.0,0.0,1,0.0
,academy_3_vs_1_with_keeper,123,collect_rollout,3638,0,16,0.0,False,False,0.0,0.0,0,0,0,0.0,0.0,0.0,0.0,0.0,1,0.0
,academy_3_vs_1_with_keeper,123,collect_rollout,3639,0,16,0.0,False,False,0.0,0.0,0,0,0,0.0,0.0,0.0,0.0,0.0,1,0.0
,academy_3_vs_1_with_keeper,123,collect_rollout,3640,0,18,0.0,False,False,0.0,0.0,0,0,0,0.0,0.0,0.0,0.0,0.0,1,0.0
,academy_3_vs_1_with_keeper,123,collect_rollout,3641,0,16,0.0,False,False,0.0,0.0,0,0,0,0.0,0.0,0.0,0.0,0.0,1,0.0
,academy_3_vs_1_with_keeper,123,collect_rollout,3642,0,20,0.0,False,False,0.0,0.0,0,0,0,0.0,0.0,0.0,0.0,0.0,1,0.0
,academy_3_vs_1_with_keeper,123,collect_rollout,3643,0,16,0.0,False,False,0.0,0.0,0,0,0,0.0,0.0,0.0,0.0,0.0,1,0.0
,academy_3_vs_1_with_keeper,123,collect_rollout,3644,0,18,0.0,False,False,0.0,0.0,0,0,0,0.0,0.0,0.0,0.0,0.0,1,0.0
,academy_3_vs_1_with_keeper,123,collect_rollout,3645,0,20,0.0,False,False,0.0,0.0,0,0,0,0.0,0.0,0.0,0.0,0.0,1,0.0
,academy_3_vs_1_with_keeper,123,collect_rollout,3646,0,17,0.0,False,False,0.0,0.0,0,0,0,0.0,0.0,0.0,0.0,0.0,1,0.0
,academy_3_vs_1_with_keeper,123,collect_rollout,3647,0,22,0.0,False,False,0.0,0.0,0,0,0,0.0,0.0,0.0,0.0,0.0,1,0.0
,academy_3_vs_1_with_keeper,123,collect_rollout,3648,0,21,0.0,False,False,0.0,0.0,0,0,0,0.0,0.0,0.0,0.0,0.0,1,0.0
,academy_3_vs_1_with_keeper,123,collect_rollout,3649,0,20,0.0,False,False,0.0,0.0,0,0,0,0.0,0.0,0.0,0.0,0.0,1,0.0
,academy_3_vs_1_with_keeper,123,collect_rollout,3650,0,20,0.0,False,False,0.0,0.0,0,0,0,0.0,0.0,0.0,0.0,0.0,1,0.0
,academy_3_vs_1_with_keeper,123,collect_rollout,3651,0,19,0.0,False,False,0.0,0.0,0,0,0,0.0,0.0,0.0,0.0,0.0,1,0.0
,academy_3_vs_1_with_keeper,123,collect_rollout,3652,0,18,0.0,False,False,0.0,0.0,0,0,0,0.0,0.0,0.0,0.0,0.0,1,0.0
,academy_3_vs_1_with_keeper,123,collect_rollout,3653,0,18,-0.006666666362434626,False,False,0.0,0.0,0,0,0,0.0,0.0,0.0,0.0,-0.006666666362434626,1,-0.006666666362434626
,academy_3_vs_1_with_keeper,123,collect_rollout,3654,0,22,0.0,False,False,0.0,0.0,0,0,0,0.0,0.0,0.0,0.0,0.0,1,0.0
,academy_3_vs_1_with_keeper,123,collect_rollout,3655,0,16,0.0,False,False,0.0,0.0,0,0,0,0.0,0.0,0.0,0.0,0.0,1,0.0
,academy_3_vs_1_with_keeper,123,collect_rollout,3656,0,16,0.0,False,False,0.0,0.0,0,0,0,0.0,0.0,0.0,0.0,0.0,1,0.0
,academy_3_vs_1_with_keeper,123,collect_rollout,3657,0,17,-0.003333333181217313,False,False,0.0,0.0,0,0,0,0.0,0.0,0.0,0.0,-0.003333333181217313,1,-0.003333333181217313
,academy_3_vs_1_with_keeper,123,collect_rollout,3658,0,20,0.0,False,False,0.0,0.0,0,0,0,0.0,0.0,0.0,0.0,0.0,1,0.0
,academy_3_vs_1_with_keeper,123,collect_rollout,3659,0,21,0.0,False,False,0.0,0.0,0,0,0,0.0,0.0,0.0,0.0,0.0,1,0.0
,academy_3_vs_1_with_keeper,123,collect_rollout,3660,0,15,0.0,False,False,0.0,0.0,0,0,0,0.0,0.0,0.0,0.0,0.0,1,0.0
,academy_3_vs_1_with_keeper,123,collect_rollout,3661,0,18,0.0,False,False,0.0,0.0,0,0,0,0.0,0.0,0.0,0.0,0.0,1,0.0
,academy_3_vs_1_with_keeper,123,collect_rollout,3662,0,17,0.0,False,False,0.0,0.0,0,0,0,0.0,0.0,0.0,0.0,0.0,1,0.0
,academy_3_vs_1_with_keeper,123,collect_rollout,3663,0,18,0.0,False,False,0.0,0.0,0,0,0,0.0,0.0,0.0,0.0,0.0,1,0.0
,academy_3_vs_1_with_keeper,123,collect_rollout,3664,0,21,0.0,False,False,0.0,0.0,0,0,0,0.0,0.0,0.0,0.0,0.0,1,0.0
,academy_3_vs_1_with_keeper,123,collect_rollout,3665,0,19,0.0,False,False,0.0,0.0,0,0,0,0.0,0.0,0.0,0.0,0.0,1,0.0
,academy_3_vs_1_with_keeper,123,collect_rollout,3666,0,19,0.0,False,False,0.0,0.0,0,0,0,0.0,0.0,0.0,0.0,0.0,1,0.0
,academy_3_vs_1_with_keeper,123,collect_rollout,3667,0,19,0.0,False,False,0.0,0.0,0,0,0,0.0,0.0,0.0,0.0,0.0,1,0.0
,academy_3_vs_1_with_keeper,123,collect_rollout,3668,0,19,0.0,False,False,0.0,0.0,0,0,0,0.0,0.0,0.0,0.0,0.0,1,0.0
,academy_3_vs_1_with_keeper,123,collect_rollout,3669,0,16,0.0,False,False,0.0,0.0,0,0,0,0.0,0.0,0.0,0.0,0.0,1,0.0
,academy_3_vs_1_with_keeper,123,collect_rollout,3670,0,19,0.0,False,False,0.0,0.0,0,0,0,0.0,0.0,0.0,0.0,0.0,1,0.0
,academy_3_vs_1_with_keeper,123,collect_rollout,3671,0,19,0.0,False,False,0.0,0.0,0,0,0,0.0,0.0,0.0,0.0,0.0,1,0.0
,academy_3_vs_1_with_keeper,123,collect_rollout,3672,0,14,-0.003333333181217313,False,False,0.0,0.0,0,0,0,0.0,0.0,0.0,0.0,-0.003333333181217313,1,-0.003333333181217313
,academy_3_vs_1_with_keeper,123,collect_rollout,3673,0,20,0.0,False,False,0.0,0.0,0,0,0,0.0,0.0,0.0,0.0,0.0,1,0.0
,academy_3_vs_1_with_keeper,123,collect_rollout,3674,0,18,-0.003333333181217313,False,False,0.0,0.0,0,0,0,0.0,0.0,0.0,0.0,-0.003333333181217313,1,-0.003333333181217313
,academy_3_vs_1_with_keeper,123,collect_rollout,3675,0,21,0.0,False,False,0.0,0.0,0,0,0,0.0,0.0,0.0,0.0,0.0,1,0.0
,academy_3_vs_1_with_keeper,123,collect_rollout,3676,0,67,-0.24345830583479255,False,False,0.0,0.0,0,0,0,0.0,0.0,0.0,0.0,-0.24345830583479255,1,-0.24345830583479255
,academy_3_vs_1_with_keeper,123,collect_rollout,3677,0,19,0.0,False,False,0.0,0.0,0,0,0,0.0,0.0,0.0,0.0,0.0,1,0.0
,academy_3_vs_1_with_keeper,123,collect_rollout,3678,0,15,0.0,False,False,0.0,0.0,0,0,0,0.0,0.0,0.0,0.0,0.0,1,0.0
,academy_3_vs_1_with_keeper,123,collect_rollout,3679,0,19,0.0,False,False,0.0,0.0,0,0,0,0.0,0.0,0.0,0.0,0.0,1,0.0
,academy_3_vs_1_with_keeper,123,collect_rollout,3680,0,17,0.0,False,False,0.0,0.0,0,0,0,0.0,0.0,0.0,0.0,0.0,1,0.0
,academy_3_vs_1_with_keeper,123,collect_rollout,3681,0,17,0.0,False,False,0.0,0.0,0,0,0,0.0,0.0,0.0,0.0,0.0,1,0.0
,academy_3_vs_1_with_keeper,123,collect_rollout,3682,0,17,0.0,False,False,0.0,0.0,0,0,0,0.0,0.0,0.0,0.0,0.0,1,0.0
,academy_3_vs_1_with_keeper,123,collect_rollout,3683,0,18,0.0,False,False,0.0,0.0,0,0,0,0.0,0.0,0.0,0.0,0.0,1,0.0
,academy_3_vs_1_with_keeper,123,collect_rollout,3684,0,21,0.0,False,False,0.0,0.0,0,0,0,0.0,0.0,0.0,0.0,0.0,1,0.0
,academy_3_vs_1_with_keeper,123,collect_rollout,3685,0,15,0.0,False,False,0.0,0.0,0,0,0,0.0,0.0,0.0,0.0,0.0,1,0.0
,academy_3_vs_1_with_keeper,123,collect_rollout,3686,0,19,0.0,False,False,0.0,0.0,0,0,0,0.0,0.0,0.0,0.0,0.0,1,0.0
,academy_3_vs_1_with_keeper,123,collect_rollout,3687,0,23,0.0,False,False,0.0,0.0,0,0,0,0.0,0.0,0.0,0.0,0.0,1,0.0
,academy_3_vs_1_with_keeper,123,collect_rollout,3688,0,16,0.0,False,False,0.0,0.0,0,0,0,0.0,0.0,0.0,0.0,0.0,1,0.0
,academy_3_vs_1_with_keeper,123,collect_rollout,3689,0,21,0.0,False,False,0.0,0.0,0,0,0,0.0,0.0,0.0,0.0,0.0,1,0.0
,academy_3_vs_1_with_keeper,123,collect_rollout,3690,0,58,-0.0583778228610754,False,False,0.0,0.0,0,0,0,0.0,0.0,0.0,0.0,-0.0583778228610754,1,-0.0583778228610754
,academy_3_vs_1_with_keeper,123,collect_rollout,3691,0,18,0.0,False,False,0.0,0.0,0,0,0,0.0,0.0,0.0,0.0,0.0,1,0.0
,academy_3_vs_1_with_keeper,123,collect_rollout,3692,0,19,0.0,False,False,0.0,0.0,0,0,0,0.0,0.0,0.0,0.0,0.0,1,0.0
,academy_3_vs_1_with_keeper,123,collect_rollout,3693,0,20,-0.003333333181217313,False,False,0.0,0.0,0,0,0,0.0,0.0,0.0,0.0,-0.003333333181217313,1,-0.003333333181217313
,academy_3_vs_1_with_keeper,123,collect_rollout,3694,0,15,0.0,False,False,0.0,0.0,0,0,0,0.0,0.0,0.0,0.0,0.0,1,0.0
,academy_3_vs_1_with_keeper,123,collect_rollout,3695,0,17,0.0,False,False,0.0,0.0,0,0,0,0.0,0.0,0.0,0.0,0.0,1,0.0
,academy_3_vs_1_with_keeper,123,collect_rollout,3696,0,16,0.0,False,False,0.0,0.0,0,0,0,0.0,0.0,0.0,0.0,0.0,1,0.0
,academy_3_vs_1_with_keeper,123,collect_rollout,3697,0,21,-0.003333333181217313,False,False,0.0,0.0,0,0,0,0.0,0.0,0.0,0.0,-0.003333333181217313,1,-0.003333333181217313
,academy_3_vs_1_with_keeper,123,collect_rollout,3698,0,16,0.0,False,False,0.0,0.0,0,0,0,0.0,0.0,0.0,0.0,0.0,1,0.0
,academy_3_vs_1_with_keeper,123,collect_rollout,3699,0,19,0.0,False,False,0.0,0.0,0,0,0,0.0,0.0,0.0,0.0,0.0,1,0.0
,academy_3_vs_1_with_keeper,123,collect_rollout,3700,0,18,0.0,False,False,0.0,0.0,0,0,0,0.0,0.0,0.0,0.0,0.0,1,0.0
,academy_3_vs_1_with_keeper,123,collect_rollout,3701,0,20,0.0,False,False,0.0,0.0,0,0,0,0.0,0.0,0.0,0.0,0.0,1,0.0
,academy_3_vs_1_with_keeper,123,collect_rollout,3702,0,17,0.0,False,False,0.0,0.0,0,0,0,0.0,0.0,0.0,0.0,0.0,1,0.0
,academy_3_vs_1_with_keeper,123,collect_rollout,3703,0,16,0.0,False,False,0.0,0.0,0,0,0,0.0,0.0,0.0,0.0,0.0,1,0.0
,academy_3_vs_1_with_keeper,123,collect_rollout,3704,0,17,0.0,False,False,0.0,0.0,0,0,0,0.0,0.0,0.0,0.0,0.0,1,0.0
,academy_3_vs_1_with_keeper,123,collect_rollout,3705,0,23,0.0,False,False,0.0,0.0,0,0,0,0.0,0.0,0.0,0.0,0.0,1,0.0
,academy_3_vs_1_with_keeper,123,collect_rollout,3706,0,21,0.0,False,False,0.0,0.0,0,0,0,0.0,0.0,0.0,0.0,0.0,1,0.0
,academy_3_vs_1_with_keeper,123,collect_rollout,3707,0,15,0.0,False,False,0.0,0.0,0,0,0,0.0,0.0,0.0,0.0,0.0,1,0.0
,academy_3_vs_1_with_keeper,123,collect_rollout,3708,0,20,0.0,False,False,0.0,0.0,0,0,0,0.0,0.0,0.0,0.0,0.0,1,0.0
,academy_3_vs_1_with_keeper,123,collect_rollout,3709,0,17,0.0,False,False,0.0,0.0,0,0,0,0.0,0.0,0.0,0.0,0.0,1,0.0
,academy_3_vs_1_with_keeper,123,collect_rollout,3710,0,20,0.0,False,False,0.0,0.0,0,0,0,0.0,0.0,0.0,0.0,0.0,1,0.0
,academy_3_vs_1_with_keeper,123,collect_rollout,3711,0,19,0.0,False,False,0.0,0.0,0,0,0,0.0,0.0,0.0,0.0,0.0,1,0.0
,academy_3_vs_1_with_keeper,123,collect_rollout,3712,0,21,-0.003333333181217313,False,False,0.0,0.0,0,0,0,0.0,0.0,0.0,0.0,-0.003333333181217313,1,-0.003333333181217313
,academy_3_vs_1_with_keeper,123,collect_rollout,3713,0,18,0.0,False,False,0.0,0.0,0,0,0,0.0,0.0,0.0,0.0,0.0,1,0.0
,academy_3_vs_1_with_keeper,123,collect_rollout,3714,0,18,0.0,False,False,0.0,0.0,0,0,0,0.0,0.0,0.0,0.0,0.0,1,0.0
,academy_3_vs_1_with_keeper,123,collect_rollout,3715,0,24,0.0,False,False,0.0,0.0,0,0,0,0.0,0.0,0.0,0.0,0.0,1,0.0
,academy_3_vs_1_with_keeper,123,collect_rollout,3716,0,16,0.0,False,False,0.0,0.0,0,0,0,0.0,0.0,0.0,0.0,0.0,1,0.0
,academy_3_vs_1_with_keeper,123,collect_rollout,3717,0,15,0.0,False,False,0.0,0.0,0,0,0,0.0,0.0,0.0,0.0,0.0,1,0.0
,academy_3_vs_1_with_keeper,123,collect_rollout,3718,0,18,0.0,False,False,0.0,0.0,0,0,0,0.0,0.0,0.0,0.0,0.0,1,0.0
,academy_3_vs_1_with_keeper,123,collect_rollout,3719,0,20,0.0,False,False,0.0,0.0,0,0,0,0.0,0.0,0.0,0.0,0.0,1,0.0
,academy_3_vs_1_with_keeper,123,collect_rollout,3720,0,20,0.0,False,False,0.0,0.0,0,0,0,0.0,0.0,0.0,0.0,0.0,1,0.0
,academy_3_vs_1_with_keeper,123,collect_rollout,3721,0,15,0.0,False,False,0.0,0.0,0,0,0,0.0,0.0,0.0,0.0,0.0,1,0.0
,academy_3_vs_1_with_keeper,123,collect_rollout,3722,0,17,0.0,False,False,0.0,0.0,0,0,0,0.0,0.0,0.0,0.0,0.0,1,0.0
,academy_3_vs_1_with_keeper,123,collect_rollout,3723,0,18,0.0,False,False,0.0,0.0,0,0,0,0.0,0.0,0.0,0.0,0.0,1,0.0
,academy_3_vs_1_with_keeper,123,collect_rollout,3724,0,20,0.0,False,False,0.0,0.0,0,0,0,0.0,0.0,0.0,0.0,0.0,1,0.0
,academy_3_vs_1_with_keeper,123,collect_rollout,3725,0,22,0.0,False,False,0.0,0.0,0,0,0,0.0,0.0,0.0,0.0,0.0,1,0.0
,academy_3_vs_1_with_keeper,123,collect_rollout,3726,0,19,0.0,False,False,0.0,0.0,0,0,0,0.0,0.0,0.0,0.0,0.0,1,0.0
,academy_3_vs_1_with_keeper,123,collect_rollout,3727,0,18,0.0,False,False,0.0,0.0,0,0,0,0.0,0.0,0.0,0.0,0.0,1,0.0
,academy_3_vs_1_with_keeper,123,collect_rollout,3728,0,124,-0.2455902080400847,False,False,0.0,0.0,0,0,0,0.0,0.0,0.0,0.0,-0.2455902080400847,1,-0.2455902080400847
,academy_3_vs_1_with_keeper,123,collect_rollout,3729,0,20,0.0,False,False,0.0,0.0,0,0,0,0.0,0.0,0.0,0.0,0.0,1,0.0
,academy_3_vs_1_with_keeper,123,collect_rollout,3730,0,18,0.0,False,False,0.0,0.0,0,0,0,0.0,0.0,0.0,0.0,0.0,1,0.0
,academy_3_vs_1_with_keeper,123,collect_rollout,3731,0,19,0.0,False,False,0.0,0.0,0,0,0,0.0,0.0,0.0,0.0,0.0,1,0.0
,academy_3_vs_1_with_keeper,123,collect_rollout,3732,0,16,0.0,False,False,0.0,0.0,0,0,0,0.0,0.0,0.0,0.0,0.0,1,0.0
,academy_3_vs_1_with_keeper,123,collect_rollout,3733,0,19,0.0,False,False,0.0,0.0,0,0,0,0.0,0.0,0.0,0.0,0.0,1,0.0
,academy_3_vs_1_with_keeper,123,collect_rollout,3734,0,16,-0.003333333181217313,False,False,0.0,0.0,0,0,0,0.0,0.0,0.0,0.0,-0.003333333181217313,1,-0.003333333181217313
,academy_3_vs_1_with_keeper,123,collect_rollout,3735,0,18,0.0,False,False,0.0,0.0,0,0,0,0.0,0.0,0.0,0.0,0.0,1,0.0
,academy_3_vs_1_with_keeper,123,collect_rollout,3736,0,15,0.0,False,False,0.0,0.0,0,0,0,0.0,0.0,0.0,0.0,0.0,1,0.0
,academy_3_vs_1_with_keeper,123,collect_rollout,3737,0,17,0.0,False,False,0.0,0.0,0,0,0,0.0,0.0,0.0,0.0,0.0,1,0.0
,academy_3_vs_1_with_keeper,123,collect_rollout,3738,0,19,-0.003333333181217313,False,False,0.0,0.0,0,0,0,0.0,0.0,0.0,0.0,-0.003333333181217313,1,-0.003333333181217313
,academy_3_vs_1_with_keeper,123,collect_rollout,3739,0,18,-0.006666666362434626,False,False,0.0,0.0,0,0,0,0.0,0.0,0.0,0.0,-0.006666666362434626,1,-0.006666666362434626
,academy_3_vs_1_with_keeper,123,collect_rollout,3740,0,19,0.0,False,False,0.0,0.0,0,0,0,0.0,0.0,0.0,0.0,0.0,1,0.0
,academy_3_vs_1_with_keeper,123,collect_rollout,3741,0,16,0.0,False,False,0.0,0.0,0,0,0,0.0,0.0,0.0,0.0,0.0,1,0.0
,academy_3_vs_1_with_keeper,123,collect_rollout,3742,0,17,0.0,False,False,0.0,0.0,0,0,0,0.0,0.0,0.0,0.0,0.0,1,0.0
,academy_3_vs_1_with_keeper,123,collect_rollout,3743,0,19,0.0,False,False,0.0,0.0,0,0,0,0.0,0.0,0.0,0.0,0.0,1,0.0
,academy_3_vs_1_with_keeper,123,collect_rollout,3744,0,21,0.0,False,False,0.0,0.0,0,0,0,0.0,0.0,0.0,0.0,0.0,1,0.0
,academy_3_vs_1_with_keeper,123,collect_rollout,3745,0,15,0.0,False,False,0.0,0.0,0,0,0,0.0,0.0,0.0,0.0,0.0,1,0.0
,academy_3_vs_1_with_keeper,123,collect_rollout,3746,0,22,0.0,False,False,0.0,0.0,0,0,0,0.0,0.0,0.0,0.0,0.0,1,0.0
,academy_3_vs_1_with_keeper,123,collect_rollout,3747,0,17,0.0,False,False,0.0,0.0,0,0,0,0.0,0.0,0.0,0.0,0.0,1,0.0
,academy_3_vs_1_with_keeper,123,collect_rollout,3748,0,21,0.0,False,False,0.0,0.0,0,0,0,0.0,0.0,0.0,0.0,0.0,1,0.0
,academy_3_vs_1_with_keeper,123,collect_rollout,3749,0,16,0.0,False,False,0.0,0.0,0,0,0,0.0,0.0,0.0,0.0,0.0,1,0.0
,academy_3_vs_1_with_keeper,123,collect_rollout,3750,0,24,0.0,False,False,0.0,0.0,0,0,0,0.0,0.0,0.0,0.0,0.0,1,0.0
,academy_3_vs_1_with_keeper,123,collect_rollout,3751,0,19,0.0,False,False,0.0,0.0,0,0,0,0.0,0.0,0.0,0.0,0.0,1,0.0
,academy_3_vs_1_with_keeper,123,collect_rollout,3752,0,75,1.8762303567491472,False,False,0.0,0.0,0,0,0,0.0,0.0,0.0,0.0,1.8762303567491472,1,1.8762303567491472
,academy_3_vs_1_with_keeper,123,collect_rollout,3753,0,84,-0.2910625470103696,False,False,0.0,0.0,0,0,0,0.0,0.0,0.0,0.0,-0.2910625470103696,1,-0.2910625470103696
,academy_3_vs_1_with_keeper,123,collect_rollout,3754,0,23,0.0,False,False,0.0,0.0,0,0,0,0.0,0.0,0.0,0.0,0.0,1,0.0
,academy_3_vs_1_with_keeper,123,collect_rollout,3755,0,17,0.0,False,False,0.0,0.0,0,0,0,0.0,0.0,0.0,0.0,0.0,1,0.0
,academy_3_vs_1_with_keeper,123,collect_rollout,3756,0,22,0.0,False,False,0.0,0.0,0,0,0,0.0,0.0,0.0,0.0,0.0,1,0.0
,academy_3_vs_1_with_keeper,123,collect_rollout,3757,0,184,-0.7237248914316297,False,False,0.0,0.0,0,0,0,0.0,0.0,0.0,0.0,-0.7237248914316297,1,-0.7237248914316297
,academy_3_vs_1_with_keeper,123,collect_rollout,3758,0,20,0.0,False,False,0.0,0.0,0,0,0,0.0,0.0,0.0,0.0,0.0,1,0.0
,academy_3_vs_1_with_keeper,123,collect_rollout,3759,0,19,0.0,False,False,0.0,0.0,0,0,0,0.0,0.0,0.0,0.0,0.0,1,0.0
,academy_3_vs_1_with_keeper,123,collect_rollout,3760,0,23,0.0,False,False,0.0,0.0,0,0,0,0.0,0.0,0.0,0.0,0.0,1,0.0
,academy_3_vs_1_with_keeper,123,collect_rollout,3761,0,20,0.0,False,False,0.0,0.0,0,0,0,0.0,0.0,0.0,0.0,0.0,1,0.0
,academy_3_vs_1_with_keeper,123,collect_rollout,3762,0,19,0.0,False,False,0.0,0.0,0,0,0,0.0,0.0,0.0,0.0,0.0,1,0.0
,academy_3_vs_1_with_keeper,123,collect_rollout,3763,0,18,0.0,False,False,0.0,0.0,0,0,0,0.0,0.0,0.0,0.0,0.0,1,0.0
,academy_3_vs_1_with_keeper,123,collect_rollout,3764,0,20,0.0,False,False,0.0,0.0,0,0,0,0.0,0.0,0.0,0.0,0.0,1,0.0
,academy_3_vs_1_with_keeper,123,collect_rollout,3765,0,19,0.0,False,False,0.0,0.0,0,0,0,0.0,0.0,0.0,0.0,0.0,1,0.0
,academy_3_vs_1_with_keeper,123,collect_rollout,3766,0,17,0.0,False,False,0.0,0.0,0,0,0,0.0,0.0,0.0,0.0,0.0,1,0.0
,academy_3_vs_1_with_keeper,123,collect_rollout,3767,0,21,0.0,False,False,0.0,0.0,0,0,0,0.0,0.0,0.0,0.0,0.0,1,0.0
,academy_3_vs_1_with_keeper,123,collect_rollout,3768,0,16,0.0,False,False,0.0,0.0,0,0,0,0.0,0.0,0.0,0.0,0.0,1,0.0
,academy_3_vs_1_with_keeper,123,collect_rollout,3769,0,208,-1.150750607252121,False,False,0.0,0.0,0,0,0,0.0,0.0,0.0,0.0,-1.150750607252121,1,-1.150750607252121
,academy_3_vs_1_with_keeper,123,collect_rollout,3770,0,22,0.0,False,False,0.0,0.0,0,0,0,0.0,0.0,0.0,0.0,0.0,1,0.0
,academy_3_vs_1_with_keeper,123,collect_rollout,3771,0,23,0.0,False,False,0.0,0.0,0,0,0,0.0,0.0,0.0,0.0,0.0,1,0.0
,academy_3_vs_1_with_keeper,123,collect_rollout,3772,0,16,-0.003333333181217313,False,False,0.0,0.0,0,0,0,0.0,0.0,0.0,0.0,-0.003333333181217313,1,-0.003333333181217313
,academy_3_vs_1_with_keeper,123,collect_rollout,3773,0,20,0.0,False,False,0.0,0.0,0,0,0,0.0,0.0,0.0,0.0,0.0,1,0.0
,academy_3_vs_1_with_keeper,123,collect_rollout,3774,0,18,0.0,False,False,0.0,0.0,0,0,0,0.0,0.0,0.0,0.0,0.0,1,0.0
,academy_3_vs_1_with_keeper,123,collect_rollout,3775,0,17,0.0,False,False,0.0,0.0,0,0,0,0.0,0.0,0.0,0.0,0.0,1,0.0
,academy_3_vs_1_with_keeper,123,collect_rollout,3776,0,18,0.0,False,False,0.0,0.0,0,0,0,0.0,0.0,0.0,0.0,0.0,1,0.0
,academy_3_vs_1_with_keeper,123,collect_rollout,3777,0,22,0.0,False,False,0.0,0.0,0,0,0,0.0,0.0,0.0,0.0,0.0,1,0.0
,academy_3_vs_1_with_keeper,123,collect_rollout,3778,0,17,0.0,False,False,0.0,0.0,0,0,0,0.0,0.0,0.0,0.0,0.0,1,0.0
,academy_3_vs_1_with_keeper,123,collect_rollout,3779,0,17,0.0,False,False,0.0,0.0,0,0,0,0.0,0.0,0.0,0.0,0.0,1,0.0
,academy_3_vs_1_with_keeper,123,collect_rollout,3780,0,16,0.0,False,False,0.0,0.0,0,0,0,0.0,0.0,0.0,0.0,0.0,1,0.0
,academy_3_vs_1_with_keeper,123,collect_rollout,3781,0,18,0.0,False,False,0.0,0.0,0,0,0,0.0,0.0,0.0,0.0,0.0,1,0.0
,academy_3_vs_1_with_keeper,123,collect_rollout,3782,0,21,0.0,False,False,0.0,0.0,0,0,0,0.0,0.0,0.0,0.0,0.0,1,0.0
,academy_3_vs_1_with_keeper,123,collect_rollout,3783,0,17,0.0,False,False,0.0,0.0,0,0,0,0.0,0.0,0.0,0.0,0.0,1,0.0
,academy_3_vs_1_with_keeper,123,collect_rollout,3784,0,19,0.0,False,False,0.0,0.0,0,0,0,0.0,0.0,0.0,0.0,0.0,1,0.0
,academy_3_vs_1_with_keeper,123,collect_rollout,3785,0,20,0.0,False,False,0.0,0.0,0,0,0,0.0,0.0,0.0,0.0,0.0,1,0.0
,academy_3_vs_1_with_keeper,123,collect_rollout,3786,0,19,0.0,False,False,0.0,0.0,0,0,0,0.0,0.0,0.0,0.0,0.0,1,0.0
,academy_3_vs_1_with_keeper,123,collect_rollout,3787,0,19,0.0,False,False,0.0,0.0,0,0,0,0.0,0.0,0.0,0.0,0.0,1,0.0
,academy_3_vs_1_with_keeper,123,collect_rollout,3788,0,21,0.0,False,False,0.0,0.0,0,0,0,0.0,0.0,0.0,0.0,0.0,1,0.0
,academy_3_vs_1_with_keeper,123,collect_rollout,3789,0,16,0.0,False,False,0.0,0.0,0,0,0,0.0,0.0,0.0,0.0,0.0,1,0.0
,academy_3_vs_1_with_keeper,123,collect_rollout,3790,0,16,0.0,False,False,0.0,0.0,0,0,0,0.0,0.0,0.0,0.0,0.0,1,0.0
,academy_3_vs_1_with_keeper,123,collect_rollout,3791,0,14,0.0,False,False,0.0,0.0,0,0,0,0.0,0.0,0.0,0.0,0.0,1,0.0
,academy_3_vs_1_with_keeper,123,collect_rollout,3792,0,21,0.0,False,False,0.0,0.0,0,0,0,0.0,0.0,0.0,0.0,0.0,1,0.0
,academy_3_vs_1_with_keeper,123,collect_rollout,3793,0,19,0.0,False,False,0.0,0.0,0,0,0,0.0,0.0,0.0,0.0,0.0,1,0.0
,academy_3_vs_1_with_keeper,123,collect_rollout,3794,0,21,0.0,False,False,0.0,0.0,0,0,0,0.0,0.0,0.0,0.0,0.0,1,0.0
,academy_3_vs_1_with_keeper,123,collect_rollout,3795,0,20,0.0,False,False,0.0,0.0,0,0,0,0.0,0.0,0.0,0.0,0.0,1,0.0
,academy_3_vs_1_with_keeper,123,collect_rollout,3796,0,18,0.0,False,False,0.0,0.0,0,0,0,0.0,0.0,0.0,0.0,0.0,1,0.0
,academy_3_vs_1_with_keeper,123,collect_rollout,3797,0,21,0.0,False,False,0.0,0.0,0,0,0,0.0,0.0,0.0,0.0,0.0,1,0.0
,academy_3_vs_1_with_keeper,123,collect_rollout,3798,0,21,0.0,False,False,0.0,0.0,0,0,0,0.0,0.0,0.0,0.0,0.0,1,0.0
,academy_3_vs_1_with_keeper,123,collect_rollout,3799,0,17,-0.003333333181217313,False,False,0.0,0.0,0,0,0,0.0,0.0,0.0,0.0,-0.003333333181217313,1,-0.003333333181217313
,academy_3_vs_1_with_keeper,123,collect_rollout,3800,0,20,0.0,False,False,0.0,0.0,0,0,0,0.0,0.0,0.0,0.0,0.0,1,0.0
,academy_3_vs_1_with_keeper,123,collect_rollout,3801,0,22,0.0,False,False,0.0,0.0,0,0,0,0.0,0.0,0.0,0.0,0.0,1,0.0
,academy_3_vs_1_with_keeper,123,collect_rollout,3802,0,19,0.0,False,False,0.0,0.0,0,0,0,0.0,0.0,0.0,0.0,0.0,1,0.0
,academy_3_vs_1_with_keeper,123,collect_rollout,3803,0,20,-0.003333333181217313,False,False,0.0,0.0,0,0,0,0.0,0.0,0.0,0.0,-0.003333333181217313,1,-0.003333333181217313
,academy_3_vs_1_with_keeper,123,collect_rollout,3804,0,22,0.0,False,False,0.0,0.0,0,0,0,0.0,0.0,0.0,0.0,0.0,1,0.0
,academy_3_vs_1_with_keeper,123,collect_rollout,3805,0,22,0.0,False,False,0.0,0.0,0,0,0,0.0,0.0,0.0,0.0,0.0,1,0.0
,academy_3_vs_1_with_keeper,123,collect_rollout,3806,0,24,0.0,False,False,0.0,0.0,0,0,0,0.0,0.0,0.0,0.0,0.0,1,0.0
,academy_3_vs_1_with_keeper,123,collect_rollout,3807,0,22,0.0,False,False,0.0,0.0,0,0,0,0.0,0.0,0.0,0.0,0.0,1,0.0
,academy_3_vs_1_with_keeper,123,collect_rollout,3808,0,20,0.0,False,False,0.0,0.0,0,0,0,0.0,0.0,0.0,0.0,0.0,1,0.0
,academy_3_vs_1_with_keeper,123,collect_rollout,3809,0,18,0.0,False,False,0.0,0.0,0,0,0,0.0,0.0,0.0,0.0,0.0,1,0.0
,academy_3_vs_1_with_keeper,123,collect_rollout,3810,0,21,0.0,False,False,0.0,0.0,0,0,0,0.0,0.0,0.0,0.0,0.0,1,0.0
,academy_3_vs_1_with_keeper,123,collect_rollout,3811,0,16,0.0,False,False,0.0,0.0,0,0,0,0.0,0.0,0.0,0.0,0.0,1,0.0
,academy_3_vs_1_with_keeper,123,collect_rollout,3812,0,19,0.0,False,False,0.0,0.0,0,0,0,0.0,0.0,0.0,0.0,0.0,1,0.0
,academy_3_vs_1_with_keeper,123,collect_rollout,3813,0,21,0.0,False,False,0.0,0.0,0,0,0,0.0,0.0,0.0,0.0,0.0,1,0.0
,academy_3_vs_1_with_keeper,123,collect_rollout,3814,0,15,0.0,False,False,0.0,0.0,0,0,0,0.0,0.0,0.0,0.0,0.0,1,0.0
,academy_3_vs_1_with_keeper,123,collect_rollout,3815,0,22,0.0,False,False,0.0,0.0,0,0,0,0.0,0.0,0.0,0.0,0.0,1,0.0
,academy_3_vs_1_with_keeper,123,collect_rollout,3816,0,20,0.0,False,False,0.0,0.0,0,0,0,0.0,0.0,0.0,0.0,0.0,1,0.0
,academy_3_vs_1_with_keeper,123,collect_rollout,3817,0,16,0.0,False,False,0.0,0.0,0,0,0,0.0,0.0,0.0,0.0,0.0,1,0.0
,academy_3_vs_1_with_keeper,123,collect_rollout,3818,0,21,0.0,False,False,0.0,0.0,0,0,0,0.0,0.0,0.0,0.0,0.0,1,0.0
,academy_3_vs_1_with_keeper,123,collect_rollout,3819,0,22,-0.003333333181217313,False,False,0.0,0.0,0,0,0,0.0,0.0,0.0,0.0,-0.003333333181217313,1,-0.003333333181217313
,academy_3_vs_1_with_keeper,123,collect_rollout,3820,0,23,0.0,False,False,0.0,0.0,0,0,0,0.0,0.0,0.0,0.0,0.0,1,0.0
,academy_3_vs_1_with_keeper,123,collect_rollout,3821,0,15,0.0,False,False,0.0,0.0,0,0,0,0.0,0.0,0.0,0.0,0.0,1,0.0
,academy_3_vs_1_with_keeper,123,collect_rollout,3822,0,19,0.0,False,False,0.0,0.0,0,0,0,0.0,0.0,0.0,0.0,0.0,1,0.0
,academy_3_vs_1_with_keeper,123,collect_rollout,3823,0,18,0.0,False,False,0.0,0.0,0,0,0,0.0,0.0,0.0,0.0,0.0,1,0.0
,academy_3_vs_1_with_keeper,123,collect_rollout,3824,0,19,0.0,False,False,0.0,0.0,0,0,0,0.0,0.0,0.0,0.0,0.0,1,0.0
,academy_3_vs_1_with_keeper,123,collect_rollout,3825,0,18,0.0,False,False,0.0,0.0,0,0,0,0.0,0.0,0.0,0.0,0.0,1,0.0
,academy_3_vs_1_with_keeper,123,collect_rollout,3826,0,17,0.0,False,False,0.0,0.0,0,0,0,0.0,0.0,0.0,0.0,0.0,1,0.0
,academy_3_vs_1_with_keeper,123,collect_rollout,3827,0,18,0.0,False,False,0.0,0.0,0,0,0,0.0,0.0,0.0,0.0,0.0,1,0.0
,academy_3_vs_1_with_keeper,123,collect_rollout,3828,0,20,0.0,False,False,0.0,0.0,0,0,0,0.0,0.0,0.0,0.0,0.0,1,0.0
,academy_3_vs_1_with_keeper,123,collect_rollout,3829,0,20,0.0,False,False,0.0,0.0,0,0,0,0.0,0.0,0.0,0.0,0.0,1,0.0
,academy_3_vs_1_with_keeper,123,collect_rollout,3830,0,22,0.0,False,False,0.0,0.0,0,0,0,0.0,0.0,0.0,0.0,0.0,1,0.0
,academy_3_vs_1_with_keeper,123,collect_rollout,3831,0,23,0.0,False,False,0.0,0.0,0,0,0,0.0,0.0,0.0,0.0,0.0,1,0.0
,academy_3_vs_1_with_keeper,123,collect_rollout,3832,0,21,0.0,False,False,0.0,0.0,0,0,0,0.0,0.0,0.0,0.0,0.0,1,0.0
,academy_3_vs_1_with_keeper,123,collect_rollout,3833,0,21,0.0,False,False,0.0,0.0,0,0,0,0.0,0.0,0.0,0.0,0.0,1,0.0
,academy_3_vs_1_with_keeper,123,collect_rollout,3834,0,52,1.8575681301299483,False,False,0.0,0.0,0,0,0,0.0,0.0,0.0,0.0,1.8575681301299483,1,1.8575681301299483
,academy_3_vs_1_with_keeper,123,collect_rollout,3835,0,22,0.0,False,False,0.0,0.0,0,0,0,0.0,0.0,0.0,0.0,0.0,1,0.0
,academy_3_vs_1_with_keeper,123,collect_rollout,3836,0,20,0.0,False,False,0.0,0.0,0,0,0,0.0,0.0,0.0,0.0,0.0,1,0.0
,academy_3_vs_1_with_keeper,123,collect_rollout,3837,0,15,0.0,False,False,0.0,0.0,0,0,0,0.0,0.0,0.0,0.0,0.0,1,0.0
,academy_3_vs_1_with_keeper,123,collect_rollout,3838,0,18,0.0,False,False,0.0,0.0,0,0,0,0.0,0.0,0.0,0.0,0.0,1,0.0
,academy_3_vs_1_with_keeper,123,collect_rollout,3839,0,17,0.0,False,False,0.0,0.0,0,0,0,0.0,0.0,0.0,0.0,0.0,1,0.0
,academy_3_vs_1_with_keeper,123,collect_rollout,3840,0,54,-0.21405935322400182,False,False,0.0,0.0,0,0,0,0.0,0.0,0.0,0.0,-0.21405935322400182,1,-0.21405935322400182
,academy_3_vs_1_with_keeper,123,collect_rollout,3841,0,21,0.0,False,False,0.0,0.0,0,0,0,0.0,0.0,0.0,0.0,0.0,1,0.0
,academy_3_vs_1_with_keeper,123,collect_rollout,3842,0,18,-0.003333333181217313,False,False,0.0,0.0,0,0,0,0.0,0.0,0.0,0.0,-0.003333333181217313,1,-0.003333333181217313
,academy_3_vs_1_with_keeper,123,collect_rollout,3843,0,22,0.0,False,False,0.0,0.0,0,0,0,0.0,0.0,0.0,0.0,0.0,1,0.0
,academy_3_vs_1_with_keeper,123,collect_rollout,3844,0,20,0.0,False,False,0.0,0.0,0,0,0,0.0,0.0,0.0,0.0,0.0,1,0.0
,academy_3_vs_1_with_keeper,123,collect_rollout,3845,0,19,0.0,False,False,0.0,0.0,0,0,0,0.0,0.0,0.0,0.0,0.0,1,0.0
,academy_3_vs_1_with_keeper,123,collect_rollout,3846,0,16,0.0,False,False,0.0,0.0,0,0,0,0.0,0.0,0.0,0.0,0.0,1,0.0
,academy_3_vs_1_with_keeper,123,collect_rollout,3847,0,16,0.0,False,False,0.0,0.0,0,0,0,0.0,0.0,0.0,0.0,0.0,1,0.0
,academy_3_vs_1_with_keeper,123,collect_rollout,3848,0,52,-0.06631732161622494,False,False,0.0,0.0,0,0,0,0.0,0.0,0.0,0.0,-0.06631732161622494,1,-0.06631732161622494
,academy_3_vs_1_with_keeper,123,collect_rollout,3849,0,17,0.0,False,False,0.0,0.0,0,0,0,0.0,0.0,0.0,0.0,0.0,1,0.0
,academy_3_vs_1_with_keeper,123,collect_rollout,3850,0,20,0.0,False,False,0.0,0.0,0,0,0,0.0,0.0,0.0,0.0,0.0,1,0.0
,academy_3_vs_1_with_keeper,123,collect_rollout,3851,0,20,-0.003333333181217313,False,False,0.0,0.0,0,0,0,0.0,0.0,0.0,0.0,-0.003333333181217313,1,-0.003333333181217313
,academy_3_vs_1_with_keeper,123,collect_rollout,3852,0,22,0.0,False,False,0.0,0.0,0,0,0,0.0,0.0,0.0,0.0,0.0,1,0.0
,academy_3_vs_1_with_keeper,123,collect_rollout,3853,0,19,0.0,False,False,0.0,0.0,0,0,0,0.0,0.0,0.0,0.0,0.0,1,0.0
,academy_3_vs_1_with_keeper,123,collect_rollout,3854,0,17,-0.003333333181217313,False,False,0.0,0.0,0,0,0,0.0,0.0,0.0,0.0,-0.003333333181217313,1,-0.003333333181217313
,academy_3_vs_1_with_keeper,123,collect_rollout,3855,0,18,0.0,False,False,0.0,0.0,0,0,0,0.0,0.0,0.0,0.0,0.0,1,0.0
,academy_3_vs_1_with_keeper,123,collect_rollout,3856,0,21,0.0,False,False,0.0,0.0,0,0,0,0.0,0.0,0.0,0.0,0.0,1,0.0
,academy_3_vs_1_with_keeper,123,collect_rollout,3857,0,16,0.0,False,False,0.0,0.0,0,0,0,0.0,0.0,0.0,0.0,0.0,1,0.0
,academy_3_vs_1_with_keeper,123,collect_rollout,3858,0,21,0.0,False,False,0.0,0.0,0,0,0,0.0,0.0,0.0,0.0,0.0,1,0.0
,academy_3_vs_1_with_keeper,123,collect_rollout,3859,0,19,0.0,False,False,0.0,0.0,0,0,0,0.0,0.0,0.0,0.0,0.0,1,0.0
,academy_3_vs_1_with_keeper,123,collect_rollout,3860,0,16,0.0,False,False,0.0,0.0,0,0,0,0.0,0.0,0.0,0.0,0.0,1,0.0
,academy_3_vs_1_with_keeper,123,collect_rollout,3861,0,20,0.0,False,False,0.0,0.0,0,0,0,0.0,0.0,0.0,0.0,0.0,1,0.0
,academy_3_vs_1_with_keeper,123,collect_rollout,3862,0,20,0.0,False,False,0.0,0.0,0,0,0,0.0,0.0,0.0,0.0,0.0,1,0.0
,academy_3_vs_1_with_keeper,123,collect_rollout,3863,0,20,0.0,False,False,0.0,0.0,0,0,0,0.0,0.0,0.0,0.0,0.0,1,0.0
,academy_3_vs_1_with_keeper,123,collect_rollout,3864,0,19,0.0,False,False,0.0,0.0,0,0,0,0.0,0.0,0.0,0.0,0.0,1,0.0
,academy_3_vs_1_with_keeper,123,collect_rollout,3865,0,18,0.0,False,False,0.0,0.0,0,0,0,0.0,0.0,0.0,0.0,0.0,1,0.0
,academy_3_vs_1_with_keeper,123,collect_rollout,3866,0,14,0.0,False,False,0.0,0.0,0,0,0,0.0,0.0,0.0,0.0,0.0,1,0.0
,academy_3_vs_1_with_keeper,123,collect_rollout,3867,0,21,0.0,False,False,0.0,0.0,0,0,0,0.0,0.0,0.0,0.0,0.0,1,0.0
,academy_3_vs_1_with_keeper,123,collect_rollout,3868,0,20,0.0,False,False,0.0,0.0,0,0,0,0.0,0.0,0.0,0.0,0.0,1,0.0
,academy_3_vs_1_with_keeper,123,collect_rollout,3869,0,21,0.0,False,False,0.0,0.0,0,0,0,0.0,0.0,0.0,0.0,0.0,1,0.0
,academy_3_vs_1_with_keeper,123,collect_rollout,3870,0,21,0.0,False,False,0.0,0.0,0,0,0,0.0,0.0,0.0,0.0,0.0,1,0.0
,academy_3_vs_1_with_keeper,123,collect_rollout,3871,0,19,-0.003333333181217313,False,False,0.0,0.0,0,0,0,0.0,0.0,0.0,0.0,-0.003333333181217313,1,-0.003333333181217313
,academy_3_vs_1_with_keeper,123,collect_rollout,3872,0,19,0.0,False,False,0.0,0.0,0,0,0,0.0,0.0,0.0,0.0,0.0,1,0.0
,academy_3_vs_1_with_keeper,123,collect_rollout,3873,0,21,0.0,False,False,0.0,0.0,0,0,0,0.0,0.0,0.0,0.0,0.0,1,0.0
,academy_3_vs_1_with_keeper,123,collect_rollout,3874,0,20,0.0,False,False,0.0,0.0,0,0,0,0.0,0.0,0.0,0.0,0.0,1,0.0
,academy_3_vs_1_with_keeper,123,collect_rollout,3875,0,21,0.0,False,False,0.0,0.0,0,0,0,0.0,0.0,0.0,0.0,0.0,1,0.0
,academy_3_vs_1_with_keeper,123,collect_rollout,3876,0,16,0.0,False,False,0.0,0.0,0,0,0,0.0,0.0,0.0,0.0,0.0,1,0.0
,academy_3_vs_1_with_keeper,123,collect_rollout,3877,0,22,-0.003333333181217313,False,False,0.0,0.0,0,0,0,0.0,0.0,0.0,0.0,-0.003333333181217313,1,-0.003333333181217313
,academy_3_vs_1_with_keeper,123,collect_rollout,3878,0,17,0.0,False,False,0.0,0.0,0,0,0,0.0,0.0,0.0,0.0,0.0,1,0.0
,academy_3_vs_1_with_keeper,123,collect_rollout,3879,0,18,0.0,False,False,0.0,0.0,0,0,0,0.0,0.0,0.0,0.0,0.0,1,0.0
,academy_3_vs_1_with_keeper,123,collect_rollout,3880,0,18,0.0,False,False,0.0,0.0,0,0,0,0.0,0.0,0.0,0.0,0.0,1,0.0
,academy_3_vs_1_with_keeper,123,collect_rollout,3881,0,18,0.0,False,False,0.0,0.0,0,0,0,0.0,0.0,0.0,0.0,0.0,1,0.0
,academy_3_vs_1_with_keeper,123,collect_rollout,3882,0,23,0.0,False,False,0.0,0.0,0,0,0,0.0,0.0,0.0,0.0,0.0,1,0.0
,academy_3_vs_1_with_keeper,123,collect_rollout,3883,0,16,0.0,False,False,0.0,0.0,0,0,0,0.0,0.0,0.0,0.0,0.0,1,0.0
,academy_3_vs_1_with_keeper,123,collect_rollout,3884,0,16,-0.003333333181217313,False,False,0.0,0.0,0,0,0,0.0,0.0,0.0,0.0,-0.003333333181217313,1,-0.003333333181217313
,academy_3_vs_1_with_keeper,123,collect_rollout,3885,0,22,0.0,False,False,0.0,0.0,0,0,0,0.0,0.0,0.0,0.0,0.0,1,0.0
,academy_3_vs_1_with_keeper,123,collect_rollout,3886,0,15,0.0,False,False,0.0,0.0,0,0,0,0.0,0.0,0.0,0.0,0.0,1,0.0
,academy_3_vs_1_with_keeper,123,collect_rollout,3887,0,18,0.0,False,False,0.0,0.0,0,0,0,0.0,0.0,0.0,0.0,0.0,1,0.0
,academy_3_vs_1_with_keeper,123,collect_rollout,3888,0,15,0.0,False,False,0.0,0.0,0,0,0,0.0,0.0,0.0,0.0,0.0,1,0.0
,academy_3_vs_1_with_keeper,123,collect_rollout,3889,0,16,0.0,False,False,0.0,0.0,0,0,0,0.0,0.0,0.0,0.0,0.0,1,0.0
,academy_3_vs_1_with_keeper,123,collect_rollout,3890,0,18,0.0,False,False,0.0,0.0,0,0,0,0.0,0.0,0.0,0.0,0.0,1,0.0
,academy_3_vs_1_with_keeper,123,collect_rollout,3891,0,22,0.0,False,False,0.0,0.0,0,0,0,0.0,0.0,0.0,0.0,0.0,1,0.0
,academy_3_vs_1_with_keeper,123,collect_rollout,3892,0,17,0.0,False,False,0.0,0.0,0,0,0,0.0,0.0,0.0,0.0,0.0,1,0.0
,academy_3_vs_1_with_keeper,123,collect_rollout,3893,0,14,0.0,False,False,0.0,0.0,0,0,0,0.0,0.0,0.0,0.0,0.0,1,0.0
,academy_3_vs_1_with_keeper,123,collect_rollout,3894,0,22,0.0,False,False,0.0,0.0,0,0,0,0.0,0.0,0.0,0.0,0.0,1,0.0
,academy_3_vs_1_with_keeper,123,collect_rollout,3895,0,20,0.0,False,False,0.0,0.0,0,0,0,0.0,0.0,0.0,0.0,0.0,1,0.0
,academy_3_vs_1_with_keeper,123,collect_rollout,3896,0,16,0.0,False,False,0.0,0.0,0,0,0,0.0,0.0,0.0,0.0,0.0,1,0.0
,academy_3_vs_1_with_keeper,123,collect_rollout,3897,0,20,0.0,False,False,0.0,0.0,0,0,0,0.0,0.0,0.0,0.0,0.0,1,0.0
,academy_3_vs_1_with_keeper,123,collect_rollout,3898,0,17,0.0,False,False,0.0,0.0,0,0,0,0.0,0.0,0.0,0.0,0.0,1,0.0
,academy_3_vs_1_with_keeper,123,collect_rollout,3899,0,19,-0.003333333181217313,False,False,0.0,0.0,0,0,0,0.0,0.0,0.0,0.0,-0.003333333181217313,1,-0.003333333181217313
,academy_3_vs_1_with_keeper,123,collect_rollout,3900,0,16,0.0,False,False,0.0,0.0,0,0,0,0.0,0.0,0.0,0.0,0.0,1,0.0
,academy_3_vs_1_with_keeper,123,collect_rollout,3901,0,19,0.0,False,False,0.0,0.0,0,0,0,0.0,0.0,0.0,0.0,0.0,1,0.0
,academy_3_vs_1_with_keeper,123,collect_rollout,3902,0,23,0.0,False,False,0.0,0.0,0,0,0,0.0,0.0,0.0,0.0,0.0,1,0.0
,academy_3_vs_1_with_keeper,123,collect_rollout,3903,0,15,0.0,False,False,0.0,0.0,0,0,0,0.0,0.0,0.0,0.0,0.0,1,0.0
,academy_3_vs_1_with_keeper,123,collect_rollout,3904,0,21,0.0,False,False,0.0,0.0,0,0,0,0.0,0.0,0.0,0.0,0.0,1,0.0
,academy_3_vs_1_with_keeper,123,collect_rollout,3905,0,19,-0.003333333181217313,False,False,0.0,0.0,0,0,0,0.0,0.0,0.0,0.0,-0.003333333181217313,1,-0.003333333181217313
,academy_3_vs_1_with_keeper,123,collect_rollout,3906,0,19,0.0,False,False,0.0,0.0,0,0,0,0.0,0.0,0.0,0.0,0.0,1,0.0
,academy_3_vs_1_with_keeper,123,collect_rollout,3907,0,18,0.0,False,False,0.0,0.0,0,0,0,0.0,0.0,0.0,0.0,0.0,1,0.0
,academy_3_vs_1_with_keeper,123,collect_rollout,3908,0,16,0.0,False,False,0.0,0.0,0,0,0,0.0,0.0,0.0,0.0,0.0,1,0.0
,academy_3_vs_1_with_keeper,123,collect_rollout,3909,0,23,0.0,False,False,0.0,0.0,0,0,0,0.0,0.0,0.0,0.0,0.0,1,0.0
,academy_3_vs_1_with_keeper,123,collect_rollout,3910,0,15,0.0,False,False,0.0,0.0,0,0,0,0.0,0.0,0.0,0.0,0.0,1,0.0
,academy_3_vs_1_with_keeper,123,collect_rollout,3911,0,16,0.0,False,False,0.0,0.0,0,0,0,0.0,0.0,0.0,0.0,0.0,1,0.0
,academy_3_vs_1_with_keeper,123,collect_rollout,3912,0,15,0.0,False,False,0.0,0.0,0,0,0,0.0,0.0,0.0,0.0,0.0,1,0.0
,academy_3_vs_1_with_keeper,123,collect_rollout,3913,0,24,0.0,False,False,0.0,0.0,0,0,0,0.0,0.0,0.0,0.0,0.0,1,0.0
,academy_3_vs_1_with_keeper,123,collect_rollout,3914,0,16,0.0,False,False,0.0,0.0,0,0,0,0.0,0.0,0.0,0.0,0.0,1,0.0
,academy_3_vs_1_with_keeper,123,collect_rollout,3915,0,17,-0.003333333181217313,False,False,0.0,0.0,0,0,0,0.0,0.0,0.0,0.0,-0.003333333181217313,1,-0.003333333181217313
,academy_3_vs_1_with_keeper,123,collect_rollout,3916,0,16,0.0,False,False,0.0,0.0,0,0,0,0.0,0.0,0.0,0.0,0.0,1,0.0
,academy_3_vs_1_with_keeper,123,collect_rollout,3917,0,19,0.0,False,False,0.0,0.0,0,0,0,0.0,0.0,0.0,0.0,0.0,1,0.0
,academy_3_vs_1_with_keeper,123,collect_rollout,3918,0,101,-0.33972019136672316,False,False,0.0,0.0,0,0,0,0.0,0.0,0.0,0.0,-0.33972019136672316,1,-0.33972019136672316
,academy_3_vs_1_with_keeper,123,collect_rollout,3919,0,19,0.0,False,False,0.0,0.0,0,0,0,0.0,0.0,0.0,0.0,0.0,1,0.0
,academy_3_vs_1_with_keeper,123,collect_rollout,3920,0,22,0.0,False,False,0.0,0.0,0,0,0,0.0,0.0,0.0,0.0,0.0,1,0.0
,academy_3_vs_1_with_keeper,123,collect_rollout,3921,0,17,-0.003333333181217313,False,False,0.0,0.0,0,0,0,0.0,0.0,0.0,0.0,-0.003333333181217313,1,-0.003333333181217313
,academy_3_vs_1_with_keeper,123,collect_rollout,3922,0,62,-0.16112102381885052,False,False,0.0,0.0,0,0,0,0.0,0.0,0.0,0.0,-0.16112102381885052,1,-0.16112102381885052
,academy_3_vs_1_with_keeper,123,collect_rollout,3923,0,20,0.0,False,False,0.0,0.0,0,0,0,0.0,0.0,0.0,0.0,0.0,1,0.0
,academy_3_vs_1_with_keeper,123,collect_rollout,3924,0,14,0.0,False,False,0.0,0.0,0,0,0,0.0,0.0,0.0,0.0,0.0,1,0.0
,academy_3_vs_1_with_keeper,123,collect_rollout,3925,0,19,0.0,False,False,0.0,0.0,0,0,0,0.0,0.0,0.0,0.0,0.0,1,0.0
,academy_3_vs_1_with_keeper,123,collect_rollout,3926,0,18,0.0,False,False,0.0,0.0,0,0,0,0.0,0.0,0.0,0.0,0.0,1,0.0
,academy_3_vs_1_with_keeper,123,collect_rollout,3927,0,56,-0.025446642190217972,False,False,0.0,0.0,0,0,0,0.0,0.0,0.0,0.0,-0.025446642190217972,1,-0.025446642190217972
,academy_3_vs_1_with_keeper,123,collect_rollout,3928,0,16,0.0,False,False,0.0,0.0,0,0,0,0.0,0.0,0.0,0.0,0.0,1,0.0
,academy_3_vs_1_with_keeper,123,collect_rollout,3929,0,21,0.0,False,False,0.0,0.0,0,0,0,0.0,0.0,0.0,0.0,0.0,1,0.0
,academy_3_vs_1_with_keeper,123,collect_rollout,3930,0,15,0.0,False,False,0.0,0.0,0,0,0,0.0,0.0,0.0,0.0,0.0,1,0.0
,academy_3_vs_1_with_keeper,123,collect_rollout,3931,0,18,0.0,False,False,0.0,0.0,0,0,0,0.0,0.0,0.0,0.0,0.0,1,0.0
,academy_3_vs_1_with_keeper,123,collect_rollout,3932,0,19,0.0,False,False,0.0,0.0,0,0,0,0.0,0.0,0.0,0.0,0.0,1,0.0
,academy_3_vs_1_with_keeper,123,collect_rollout,3933,0,113,-0.31597008812241256,False,False,0.0,0.0,0,0,0,0.0,0.0,0.0,0.0,-0.31597008812241256,1,-0.31597008812241256
,academy_3_vs_1_with_keeper,123,collect_rollout,3934,0,20,0.0,False,False,0.0,0.0,0,0,0,0.0,0.0,0.0,0.0,0.0,1,0.0
,academy_3_vs_1_with_keeper,123,collect_rollout,3935,0,15,0.0,False,False,0.0,0.0,0,0,0,0.0,0.0,0.0,0.0,0.0,1,0.0
,academy_3_vs_1_with_keeper,123,collect_rollout,3936,0,22,0.0,False,False,0.0,0.0,0,0,0,0.0,0.0,0.0,0.0,0.0,1,0.0
,academy_3_vs_1_with_keeper,123,collect_rollout,3937,0,18,0.0,False,False,0.0,0.0,0,0,0,0.0,0.0,0.0,0.0,0.0,1,0.0
,academy_3_vs_1_with_keeper,123,collect_rollout,3938,0,20,0.0,False,False,0.0,0.0,0,0,0,0.0,0.0,0.0,0.0,0.0,1,0.0
,academy_3_vs_1_with_keeper,123,collect_rollout,3939,0,15,0.0,False,False,0.0,0.0,0,0,0,0.0,0.0,0.0,0.0,0.0,1,0.0
,academy_3_vs_1_with_keeper,123,collect_rollout,3940,0,16,0.0,False,False,0.0,0.0,0,0,0,0.0,0.0,0.0,0.0,0.0,1,0.0
,academy_3_vs_1_with_keeper,123,collect_rollout,3941,0,19,0.0,False,False,0.0,0.0,0,0,0,0.0,0.0,0.0,0.0,0.0,1,0.0
,academy_3_vs_1_with_keeper,123,collect_rollout,3942,0,19,0.0,False,False,0.0,0.0,0,0,0,0.0,0.0,0.0,0.0,0.0,1,0.0
,academy_3_vs_1_with_keeper,123,collect_rollout,3943,0,20,0.0,False,False,0.0,0.0,0,0,0,0.0,0.0,0.0,0.0,0.0,1,0.0
,academy_3_vs_1_with_keeper,123,collect_rollout,3944,0,20,0.0,False,False,0.0,0.0,0,0,0,0.0,0.0,0.0,0.0,0.0,1,0.0
,academy_3_vs_1_with_keeper,123,collect_rollout,3945,0,18,0.0,False,False,0.0,0.0,0,0,0,0.0,0.0,0.0,0.0,0.0,1,0.0
,academy_3_vs_1_with_keeper,123,collect_rollout,3946,0,71,-0.13276083895470947,False,False,0.0,0.0,0,0,0,0.0,0.0,0.0,0.0,-0.13276083895470947,1,-0.13276083895470947
,academy_3_vs_1_with_keeper,123,collect_rollout,3947,0,18,0.0,False,False,0.0,0.0,0,0,0,0.0,0.0,0.0,0.0,0.0,1,0.0
,academy_3_vs_1_with_keeper,123,collect_rollout,3948,0,16,0.0,False,False,0.0,0.0,0,0,0,0.0,0.0,0.0,0.0,0.0,1,0.0
,academy_3_vs_1_with_keeper,123,collect_rollout,3949,0,22,0.0,False,False,0.0,0.0,0,0,0,0.0,0.0,0.0,0.0,0.0,1,0.0
,academy_3_vs_1_with_keeper,123,collect_rollout,3950,0,19,0.0,False,False,0.0,0.0,0,0,0,0.0,0.0,0.0,0.0,0.0,1,0.0
,academy_3_vs_1_with_keeper,123,collect_rollout,3951,0,18,0.0,False,False,0.0,0.0,0,0,0,0.0,0.0,0.0,0.0,0.0,1,0.0
,academy_3_vs_1_with_keeper,123,collect_rollout,3952,0,19,0.0,False,False,0.0,0.0,0,0,0,0.0,0.0,0.0,0.0,0.0,1,0.0
,academy_3_vs_1_with_keeper,123,collect_rollout,3953,0,22,-0.003333333181217313,False,False,0.0,0.0,0,0,0,0.0,0.0,0.0,0.0,-0.003333333181217313,1,-0.003333333181217313
,academy_3_vs_1_with_keeper,123,collect_rollout,3954,0,21,0.0,False,False,0.0,0.0,0,0,0,0.0,0.0,0.0,0.0,0.0,1,0.0
,academy_3_vs_1_with_keeper,123,collect_rollout,3955,0,15,0.0,False,False,0.0,0.0,0,0,0,0.0,0.0,0.0,0.0,0.0,1,0.0
,academy_3_vs_1_with_keeper,123,collect_rollout,3956,0,23,0.0,False,False,0.0,0.0,0,0,0,0.0,0.0,0.0,0.0,0.0,1,0.0
,academy_3_vs_1_with_keeper,123,collect_rollout,3957,0,21,0.0,False,False,0.0,0.0,0,0,0,0.0,0.0,0.0,0.0,0.0,1,0.0
,academy_3_vs_1_with_keeper,123,collect_rollout,3958,0,19,0.0,False,False,0.0,0.0,0,0,0,0.0,0.0,0.0,0.0,0.0,1,0.0
,academy_3_vs_1_with_keeper,123,collect_rollout,3959,0,20,-0.003333333181217313,False,False,0.0,0.0,0,0,0,0.0,0.0,0.0,0.0,-0.003333333181217313,1,-0.003333333181217313
,academy_3_vs_1_with_keeper,123,collect_rollout,3960,0,18,0.0,False,False,0.0,0.0,0,0,0,0.0,0.0,0.0,0.0,0.0,1,0.0
,academy_3_vs_1_with_keeper,123,collect_rollout,3961,0,20,0.0,False,False,0.0,0.0,0,0,0,0.0,0.0,0.0,0.0,0.0,1,0.0
,academy_3_vs_1_with_keeper,123,collect_rollout,3962,0,22,0.0,False,False,0.0,0.0,0,0,0,0.0,0.0,0.0,0.0,0.0,1,0.0
,academy_3_vs_1_with_keeper,123,collect_rollout,3963,0,17,0.0,False,False,0.0,0.0,0,0,0,0.0,0.0,0.0,0.0,0.0,1,0.0
,academy_3_vs_1_with_keeper,123,collect_rollout,3964,0,19,0.0,False,False,0.0,0.0,0,0,0,0.0,0.0,0.0,0.0,0.0,1,0.0
,academy_3_vs_1_with_keeper,123,collect_rollout,3965,0,15,0.0,False,False,0.0,0.0,0,0,0,0.0,0.0,0.0,0.0,0.0,1,0.0
,academy_3_vs_1_with_keeper,123,collect_rollout,3966,0,16,0.0,False,False,0.0,0.0,0,0,0,0.0,0.0,0.0,0.0,0.0,1,0.0
,academy_3_vs_1_with_keeper,123,collect_rollout,3967,0,17,0.0,False,False,0.0,0.0,0,0,0,0.0,0.0,0.0,0.0,0.0,1,0.0
,academy_3_vs_1_with_keeper,123,collect_rollout,3968,0,87,-0.20666666142642498,False,False,0.0,0.0,0,0,0,0.0,0.0,0.0,0.0,-0.20666666142642498,1,-0.20666666142642498
,academy_3_vs_1_with_keeper,123,collect_rollout,3969,0,16,0.0,False,False,0.0,0.0,0,0,0,0.0,0.0,0.0,0.0,0.0,1,0.0
,academy_3_vs_1_with_keeper,123,collect_rollout,3970,0,16,0.0,False,False,0.0,0.0,0,0,0,0.0,0.0,0.0,0.0,0.0,1,0.0
,academy_3_vs_1_with_keeper,123,collect_rollout,3971,0,21,-0.003333333181217313,False,False,0.0,0.0,0,0,0,0.0,0.0,0.0,0.0,-0.003333333181217313,1,-0.003333333181217313
,academy_3_vs_1_with_keeper,123,collect_rollout,3972,0,22,0.0,False,False,0.0,0.0,0,0,0,0.0,0.0,0.0,0.0,0.0,1,0.0
,academy_3_vs_1_with_keeper,123,collect_rollout,3973,0,19,0.0,False,False,0.0,0.0,0,0,0,0.0,0.0,0.0,0.0,0.0,1,0.0
,academy_3_vs_1_with_keeper,123,collect_rollout,3974,0,19,0.0,False,False,0.0,0.0,0,0,0,0.0,0.0,0.0,0.0,0.0,1,0.0
,academy_3_vs_1_with_keeper,123,collect_rollout,3975,0,17,0.0,False,False,0.0,0.0,0,0,0,0.0,0.0,0.0,0.0,0.0,1,0.0
,academy_3_vs_1_with_keeper,123,collect_rollout,3976,0,23,0.0,False,False,0.0,0.0,0,0,0,0.0,0.0,0.0,0.0,0.0,1,0.0
,academy_3_vs_1_with_keeper,123,collect_rollout,3977,0,20,0.0,False,False,0.0,0.0,0,0,0,0.0,0.0,0.0,0.0,0.0,1,0.0
,academy_3_vs_1_with_keeper,123,collect_rollout,3978,0,19,0.0,False,False,0.0,0.0,0,0,0,0.0,0.0,0.0,0.0,0.0,1,0.0
,academy_3_vs_1_with_keeper,123,collect_rollout,3979,0,18,0.0,False,False,0.0,0.0,0,0,0,0.0,0.0,0.0,0.0,0.0,1,0.0
,academy_3_vs_1_with_keeper,123,collect_rollout,3980,0,22,0.0,False,False,0.0,0.0,0,0,0,0.0,0.0,0.0,0.0,0.0,1,0.0
,academy_3_vs_1_with_keeper,123,collect_rollout,3981,0,15,0.0,False,False,0.0,0.0,0,0,0,0.0,0.0,0.0,0.0,0.0,1,0.0
,academy_3_vs_1_with_keeper,123,collect_rollout,3982,0,20,0.0,False,False,0.0,0.0,0,0,0,0.0,0.0,0.0,0.0,0.0,1,0.0
,academy_3_vs_1_with_keeper,123,collect_rollout,3983,0,18,0.0,False,False,0.0,0.0,0,0,0,0.0,0.0,0.0,0.0,0.0,1,0.0
,academy_3_vs_1_with_keeper,123,collect_rollout,3984,0,22,0.0,False,False,0.0,0.0,0,0,0,0.0,0.0,0.0,0.0,0.0,1,0.0
,academy_3_vs_1_with_keeper,123,collect_rollout,3985,0,24,0.0,False,False,0.0,0.0,0,0,0,0.0,0.0,0.0,0.0,0.0,1,0.0
,academy_3_vs_1_with_keeper,123,collect_rollout,3986,0,19,0.0,False,False,0.0,0.0,0,0,0,0.0,0.0,0.0,0.0,0.0,1,0.0
,academy_3_vs_1_with_keeper,123,collect_rollout,3987,0,18,0.0,False,False,0.0,0.0,0,0,0,0.0,0.0,0.0,0.0,0.0,1,0.0
,academy_3_vs_1_with_keeper,123,collect_rollout,3988,0,20,0.0,False,False,0.0,0.0,0,0,0,0.0,0.0,0.0,0.0,0.0,1,0.0
,academy_3_vs_1_with_keeper,123,collect_rollout,3989,0,18,0.0,False,False,0.0,0.0,0,0,0,0.0,0.0,0.0,0.0,0.0,1,0.0
,academy_3_vs_1_with_keeper,123,collect_rollout,3990,0,15,0.0,False,False,0.0,0.0,0,0,0,0.0,0.0,0.0,0.0,0.0,1,0.0
,academy_3_vs_1_with_keeper,123,collect_rollout,3991,0,17,0.0,False,False,0.0,0.0,0,0,0,0.0,0.0,0.0,0.0,0.0,1,0.0
,academy_3_vs_1_with_keeper,123,collect_rollout,3992,0,15,0.0,False,False,0.0,0.0,0,0,0,0.0,0.0,0.0,0.0,0.0,1,0.0
,academy_3_vs_1_with_keeper,123,collect_rollout,3993,0,22,0.0,False,False,0.0,0.0,0,0,0,0.0,0.0,0.0,0.0,0.0,1,0.0
,academy_3_vs_1_with_keeper,123,collect_rollout,3994,0,15,0.0,False,False,0.0,0.0,0,0,0,0.0,0.0,0.0,0.0,0.0,1,0.0
,academy_3_vs_1_with_keeper,123,collect_rollout,3995,0,19,0.0,False,False,0.0,0.0,0,0,0,0.0,0.0,0.0,0.0,0.0,1,0.0
,academy_3_vs_1_with_keeper,123,collect_rollout,3996,0,17,0.0,False,False,0.0,0.0,0,0,0,0.0,0.0,0.0,0.0,0.0,1,0.0
,academy_3_vs_1_with_keeper,123,collect_rollout,3997,0,18,0.0,False,False,0.0,0.0,0,0,0,0.0,0.0,0.0,0.0,0.0,1,0.0
,academy_3_vs_1_with_keeper,123,collect_rollout,3998,0,18,0.0,False,False,0.0,0.0,0,0,0,0.0,0.0,0.0,0.0,0.0,1,0.0
,academy_3_vs_1_with_keeper,123,collect_rollout,3999,0,17,0.0,False,False,0.0,0.0,0,0,0,0.0,0.0,0.0,0.0,0.0,1,0.0
,academy_3_vs_1_with_keeper,123,collect_rollout,4000,0,15,0.0,False,False,0.0,0.0,0,0,0,0.0,0.0,0.0,0.0,0.0,1,0.0
,academy_3_vs_1_with_keeper,123,collect_rollout,4001,0,20,0.0,False,False,0.0,0.0,0,0,0,0.0,0.0,0.0,0.0,0.0,1,0.0
,academy_3_vs_1_with_keeper,123,collect_rollout,4002,0,21,0.0,False,False,0.0,0.0,0,0,0,0.0,0.0,0.0,0.0,0.0,1,0.0
,academy_3_vs_1_with_keeper,123,collect_rollout,4003,0,21,0.0,False,False,0.0,0.0,0,0,0,0.0,0.0,0.0,0.0,0.0,1,0.0
,academy_3_vs_1_with_keeper,123,collect_rollout,4004,0,17,0.0,False,False,0.0,0.0,0,0,0,0.0,0.0,0.0,0.0,0.0,1,0.0
,academy_3_vs_1_with_keeper,123,collect_rollout,4005,0,16,0.0,False,False,0.0,0.0,0,0,0,0.0,0.0,0.0,0.0,0.0,1,0.0
,academy_3_vs_1_with_keeper,123,collect_rollout,4006,0,17,-0.003333333181217313,False,False,0.0,0.0,0,0,0,0.0,0.0,0.0,0.0,-0.003333333181217313,1,-0.003333333181217313
,academy_3_vs_1_with_keeper,123,collect_rollout,4007,0,19,0.0,False,False,0.0,0.0,0,0,0,0.0,0.0,0.0,0.0,0.0,1,0.0
,academy_3_vs_1_with_keeper,123,collect_rollout,4008,0,18,0.0,False,False,0.0,0.0,0,0,0,0.0,0.0,0.0,0.0,0.0,1,0.0
,academy_3_vs_1_with_keeper,123,collect_rollout,4009,0,19,0.0,False,False,0.0,0.0,0,0,0,0.0,0.0,0.0,0.0,0.0,1,0.0
,academy_3_vs_1_with_keeper,123,collect_rollout,4010,0,17,0.0,False,False,0.0,0.0,0,0,0,0.0,0.0,0.0,0.0,0.0,1,0.0
,academy_3_vs_1_with_keeper,123,collect_rollout,4011,0,15,0.0,False,False,0.0,0.0,0,0,0,0.0,0.0,0.0,0.0,0.0,1,0.0
,academy_3_vs_1_with_keeper,123,collect_rollout,4012,0,13,0.0,False,False,0.0,0.0,0,0,0,0.0,0.0,0.0,0.0,0.0,1,0.0
,academy_3_vs_1_with_keeper,123,collect_rollout,4013,0,17,0.0,False,False,0.0,0.0,0,0,0,0.0,0.0,0.0,0.0,0.0,1,0.0
,academy_3_vs_1_with_keeper,123,collect_rollout,4014,0,16,0.0,False,False,0.0,0.0,0,0,0,0.0,0.0,0.0,0.0,0.0,1,0.0
,academy_3_vs_1_with_keeper,123,collect_rollout,4015,0,17,0.0,False,False,0.0,0.0,0,0,0,0.0,0.0,0.0,0.0,0.0,1,0.0
,academy_3_vs_1_with_keeper,123,collect_rollout,4016,0,20,0.0,False,False,0.0,0.0,0,0,0,0.0,0.0,0.0,0.0,0.0,1,0.0
,academy_3_vs_1_with_keeper,123,collect_rollout,4017,0,20,0.0,False,False,0.0,0.0,0,0,0,0.0,0.0,0.0,0.0,0.0,1,0.0
,academy_3_vs_1_with_keeper,123,collect_rollout,4018,0,19,0.0,False,False,0.0,0.0,0,0,0,0.0,0.0,0.0,0.0,0.0,1,0.0
,academy_3_vs_1_with_keeper,123,collect_rollout,4019,0,19,0.0,False,False,0.0,0.0,0,0,0,0.0,0.0,0.0,0.0,0.0,1,0.0
,academy_3_vs_1_with_keeper,123,collect_rollout,4020,0,18,0.0,False,False,0.0,0.0,0,0,0,0.0,0.0,0.0,0.0,0.0,1,0.0
,academy_3_vs_1_with_keeper,123,collect_rollout,4021,0,15,0.0,False,False,0.0,0.0,0,0,0,0.0,0.0,0.0,0.0,0.0,1,0.0
,academy_3_vs_1_with_keeper,123,collect_rollout,4022,0,17,0.0,False,False,0.0,0.0,0,0,0,0.0,0.0,0.0,0.0,0.0,1,0.0
,academy_3_vs_1_with_keeper,123,collect_rollout,4023,0,21,0.0,False,False,0.0,0.0,0,0,0,0.0,0.0,0.0,0.0,0.0,1,0.0
,academy_3_vs_1_with_keeper,123,collect_rollout,4024,0,19,0.0,False,False,0.0,0.0,0,0,0,0.0,0.0,0.0,0.0,0.0,1,0.0
,academy_3_vs_1_with_keeper,123,collect_rollout,4025,0,18,0.0,False,False,0.0,0.0,0,0,0,0.0,0.0,0.0,0.0,0.0,1,0.0
,academy_3_vs_1_with_keeper,123,collect_rollout,4026,0,19,0.0,False,False,0.0,0.0,0,0,0,0.0,0.0,0.0,0.0,0.0,1,0.0
,academy_3_vs_1_with_keeper,123,collect_rollout,4027,0,19,0.0,False,False,0.0,0.0,0,0,0,0.0,0.0,0.0,0.0,0.0,1,0.0
,academy_3_vs_1_with_keeper,123,collect_rollout,4028,0,17,0.0,False,False,0.0,0.0,0,0,0,0.0,0.0,0.0,0.0,0.0,1,0.0
,academy_3_vs_1_with_keeper,123,collect_rollout,4029,0,18,-0.003333333181217313,False,False,0.0,0.0,0,0,0,0.0,0.0,0.0,0.0,-0.003333333181217313,1,-0.003333333181217313
,academy_3_vs_1_with_keeper,123,collect_rollout,4030,0,16,0.0,False,False,0.0,0.0,0,0,0,0.0,0.0,0.0,0.0,0.0,1,0.0
,academy_3_vs_1_with_keeper,123,collect_rollout,4031,0,19,0.0,False,False,0.0,0.0,0,0,0,0.0,0.0,0.0,0.0,0.0,1,0.0
,academy_3_vs_1_with_keeper,123,collect_rollout,4032,0,22,0.0,False,False,0.0,0.0,0,0,0,0.0,0.0,0.0,0.0,0.0,1,0.0
,academy_3_vs_1_with_keeper,123,collect_rollout,4033,0,20,0.0,False,False,0.0,0.0,0,0,0,0.0,0.0,0.0,0.0,0.0,1,0.0
,academy_3_vs_1_with_keeper,123,collect_rollout,4034,0,21,0.0,False,False,0.0,0.0,0,0,0,0.0,0.0,0.0,0.0,0.0,1,0.0
,academy_3_vs_1_with_keeper,123,collect_rollout,4035,0,21,0.0,False,False,0.0,0.0,0,0,0,0.0,0.0,0.0,0.0,0.0,1,0.0
,academy_3_vs_1_with_keeper,123,collect_rollout,4036,0,21,0.0,False,False,0.0,0.0,0,0,0,0.0,0.0,0.0,0.0,0.0,1,0.0
,academy_3_vs_1_with_keeper,123,collect_rollout,4037,0,18,0.0,False,False,0.0,0.0,0,0,0,0.0,0.0,0.0,0.0,0.0,1,0.0
,academy_3_vs_1_with_keeper,123,collect_rollout,4038,0,18,0.0,False,False,0.0,0.0,0,0,0,0.0,0.0,0.0,0.0,0.0,1,0.0
,academy_3_vs_1_with_keeper,123,collect_rollout,4039,0,20,0.0,False,False,0.0,0.0,0,0,0,0.0,0.0,0.0,0.0,0.0,1,0.0
,academy_3_vs_1_with_keeper,123,collect_rollout,4040,0,18,0.0,False,False,0.0,0.0,0,0,0,0.0,0.0,0.0,0.0,0.0,1,0.0
,academy_3_vs_1_with_keeper,123,collect_rollout,4041,0,24,0.0,False,False,0.0,0.0,0,0,0,0.0,0.0,0.0,0.0,0.0,1,0.0
,academy_3_vs_1_with_keeper,123,collect_rollout,4042,0,18,0.0,False,False,0.0,0.0,0,0,0,0.0,0.0,0.0,0.0,0.0,1,0.0
,academy_3_vs_1_with_keeper,123,collect_rollout,4043,0,19,0.0,False,False,0.0,0.0,0,0,0,0.0,0.0,0.0,0.0,0.0,1,0.0
,academy_3_vs_1_with_keeper,123,collect_rollout,4044,0,19,0.0,False,False,0.0,0.0,0,0,0,0.0,0.0,0.0,0.0,0.0,1,0.0
,academy_3_vs_1_with_keeper,123,collect_rollout,4045,0,19,0.0,False,False,0.0,0.0,0,0,0,0.0,0.0,0.0,0.0,0.0,1,0.0
,academy_3_vs_1_with_keeper,123,collect_rollout,4046,0,24,-0.003333333181217313,False,False,0.0,0.0,0,0,0,0.0,0.0,0.0,0.0,-0.003333333181217313,1,-0.003333333181217313
,academy_3_vs_1_with_keeper,123,collect_rollout,4047,0,19,0.0,False,False,0.0,0.0,0,0,0,0.0,0.0,0.0,0.0,0.0,1,0.0
,academy_3_vs_1_with_keeper,123,collect_rollout,4048,0,23,0.0,False,False,0.0,0.0,0,0,0,0.0,0.0,0.0,0.0,0.0,1,0.0
,academy_3_vs_1_with_keeper,123,collect_rollout,4049,0,18,0.0,False,False,0.0,0.0,0,0,0,0.0,0.0,0.0,0.0,0.0,1,0.0
,academy_3_vs_1_with_keeper,123,collect_rollout,4050,0,16,0.0,False,False,0.0,0.0,0,0,0,0.0,0.0,0.0,0.0,0.0,1,0.0
,academy_3_vs_1_with_keeper,123,collect_rollout,4051,0,15,0.0,False,False,0.0,0.0,0,0,0,0.0,0.0,0.0,0.0,0.0,1,0.0
,academy_3_vs_1_with_keeper,123,collect_rollout,4052,0,13,0.0,False,False,0.0,0.0,0,0,0,0.0,0.0,0.0,0.0,0.0,1,0.0
,academy_3_vs_1_with_keeper,123,collect_rollout,4053,0,21,0.0,False,False,0.0,0.0,0,0,0,0.0,0.0,0.0,0.0,0.0,1,0.0
,academy_3_vs_1_with_keeper,123,collect_rollout,4054,0,20,0.0,False,False,0.0,0.0,0,0,0,0.0,0.0,0.0,0.0,0.0,1,0.0
,academy_3_vs_1_with_keeper,123,collect_rollout,4055,0,18,0.0,False,False,0.0,0.0,0,0,0,0.0,0.0,0.0,0.0,0.0,1,0.0
,academy_3_vs_1_with_keeper,123,collect_rollout,4056,0,13,0.0,False,False,0.0,0.0,0,0,0,0.0,0.0,0.0,0.0,0.0,1,0.0
,academy_3_vs_1_with_keeper,123,collect_rollout,4057,0,18,0.0,False,False,0.0,0.0,0,0,0,0.0,0.0,0.0,0.0,0.0,1,0.0
,academy_3_vs_1_with_keeper,123,collect_rollout,4058,0,14,0.0,False,False,0.0,0.0,0,0,0,0.0,0.0,0.0,0.0,0.0,1,0.0
,academy_3_vs_1_with_keeper,123,collect_rollout,4059,0,21,0.0,False,False,0.0,0.0,0,0,0,0.0,0.0,0.0,0.0,0.0,1,0.0
,academy_3_vs_1_with_keeper,123,collect_rollout,4060,0,17,0.0,False,False,0.0,0.0,0,0,0,0.0,0.0,0.0,0.0,0.0,1,0.0
,academy_3_vs_1_with_keeper,123,collect_rollout,4061,0,19,0.0,False,False,0.0,0.0,0,0,0,0.0,0.0,0.0,0.0,0.0,1,0.0
,academy_3_vs_1_with_keeper,123,collect_rollout,4062,0,1801,-0.6150029005948454,False,False,0.0,0.0,0,0,0,0.0,0.0,0.0,0.0,-0.6150029005948454,1,-0.6150029005948454
,academy_3_vs_1_with_keeper,123,collect_rollout,4063,0,18,0.0,False,False,0.0,0.0,0,0,0,0.0,0.0,0.0,0.0,0.0,1,0.0
,academy_3_vs_1_with_keeper,123,collect_rollout,4064,0,20,-0.003333333181217313,False,False,0.0,0.0,0,0,0,0.0,0.0,0.0,0.0,-0.003333333181217313,1,-0.003333333181217313
,academy_3_vs_1_with_keeper,123,collect_rollout,4065,0,18,0.0,False,False,0.0,0.0,0,0,0,0.0,0.0,0.0,0.0,0.0,1,0.0
,academy_3_vs_1_with_keeper,123,collect_rollout,4066,0,18,0.0,False,False,0.0,0.0,0,0,0,0.0,0.0,0.0,0.0,0.0,1,0.0
,academy_3_vs_1_with_keeper,123,collect_rollout,4067,0,130,-0.23812182480469346,False,False,0.0,0.0,0,0,0,0.0,0.0,0.0,0.0,-0.23812182480469346,1,-0.23812182480469346
,academy_3_vs_1_with_keeper,123,collect_rollout,4068,0,22,0.0,False,False,0.0,0.0,0,0,0,0.0,0.0,0.0,0.0,0.0,1,0.0
,academy_3_vs_1_with_keeper,123,collect_rollout,4069,0,15,0.0,False,False,0.0,0.0,0,0,0,0.0,0.0,0.0,0.0,0.0,1,0.0
,academy_3_vs_1_with_keeper,123,collect_rollout,4070,0,16,0.0,False,False,0.0,0.0,0,0,0,0.0,0.0,0.0,0.0,0.0,1,0.0
,academy_3_vs_1_with_keeper,123,collect_rollout,4071,0,20,0.0,False,False,0.0,0.0,0,0,0,0.0,0.0,0.0,0.0,0.0,1,0.0
,academy_3_vs_1_with_keeper,123,collect_rollout,4072,0,16,0.0,False,False,0.0,0.0,0,0,0,0.0,0.0,0.0,0.0,0.0,1,0.0
,academy_3_vs_1_with_keeper,123,collect_rollout,4073,0,21,0.0,False,False,0.0,0.0,0,0,0,0.0,0.0,0.0,0.0,0.0,1,0.0
,academy_3_vs_1_with_keeper,123,collect_rollout,4074,0,22,0.0,False,False,0.0,0.0,0,0,0,0.0,0.0,0.0,0.0,0.0,1,0.0
,academy_3_vs_1_with_keeper,123,collect_rollout,4075,0,21,0.0,False,False,0.0,0.0,0,0,0,0.0,0.0,0.0,0.0,0.0,1,0.0
,academy_3_vs_1_with_keeper,123,collect_rollout,4076,0,18,0.0,False,False,0.0,0.0,0,0,0,0.0,0.0,0.0,0.0,0.0,1,0.0
,academy_3_vs_1_with_keeper,123,collect_rollout,4077,0,15,-0.003333333181217313,False,False,0.0,0.0,0,0,0,0.0,0.0,0.0,0.0,-0.003333333181217313,1,-0.003333333181217313
,academy_3_vs_1_with_keeper,123,collect_rollout,4078,0,21,0.0,False,False,0.0,0.0,0,0,0,0.0,0.0,0.0,0.0,0.0,1,0.0
,academy_3_vs_1_with_keeper,123,collect_rollout,4079,0,19,0.0,False,False,0.0,0.0,0,0,0,0.0,0.0,0.0,0.0,0.0,1,0.0
,academy_3_vs_1_with_keeper,123,collect_rollout,4080,0,20,0.0,False,False,0.0,0.0,0,0,0,0.0,0.0,0.0,0.0,0.0,1,0.0
,academy_3_vs_1_with_keeper,123,collect_rollout,4081,0,19,0.0,False,False,0.0,0.0,0,0,0,0.0,0.0,0.0,0.0,0.0,1,0.0
,academy_3_vs_1_with_keeper,123,collect_rollout,4082,0,22,0.0,False,False,0.0,0.0,0,0,0,0.0,0.0,0.0,0.0,0.0,1,0.0
,academy_3_vs_1_with_keeper,123,collect_rollout,4083,0,124,-0.6480253911577165,False,False,0.0,0.0,0,0,0,0.0,0.0,0.0,0.0,-0.6480253911577165,1,-0.6480253911577165
,academy_3_vs_1_with_keeper,123,collect_rollout,4084,0,23,0.0,False,False,0.0,0.0,0,0,0,0.0,0.0,0.0,0.0,0.0,1,0.0
,academy_3_vs_1_with_keeper,123,collect_rollout,4085,0,17,0.0,False,False,0.0,0.0,0,0,0,0.0,0.0,0.0,0.0,0.0,1,0.0
,academy_3_vs_1_with_keeper,123,collect_rollout,4086,0,20,0.0,False,False,0.0,0.0,0,0,0,0.0,0.0,0.0,0.0,0.0,1,0.0
,academy_3_vs_1_with_keeper,123,collect_rollout,4087,0,18,-0.003333333181217313,False,False,0.0,0.0,0,0,0,0.0,0.0,0.0,0.0,-0.003333333181217313,1,-0.003333333181217313
,academy_3_vs_1_with_keeper,123,collect_rollout,4088,0,21,0.0,False,False,0.0,0.0,0,0,0,0.0,0.0,0.0,0.0,0.0,1,0.0
,academy_3_vs_1_with_keeper,123,collect_rollout,4089,0,20,0.0,False,False,0.0,0.0,0,0,0,0.0,0.0,0.0,0.0,0.0,1,0.0
,academy_3_vs_1_with_keeper,123,collect_rollout,4090,0,18,0.0,False,False,0.0,0.0,0,0,0,0.0,0.0,0.0,0.0,0.0,1,0.0
,academy_3_vs_1_with_keeper,123,collect_rollout,4091,0,21,0.0,False,False,0.0,0.0,0,0,0,0.0,0.0,0.0,0.0,0.0,1,0.0
,academy_3_vs_1_with_keeper,123,collect_rollout,4092,0,22,0.0,False,False,0.0,0.0,0,0,0,0.0,0.0,0.0,0.0,0.0,1,0.0
,academy_3_vs_1_with_keeper,123,collect_rollout,4093,0,150,-0.7317281833384186,False,False,0.0,0.0,0,0,0,0.0,0.0,0.0,0.0,-0.7317281833384186,1,-0.7317281833384186
,academy_3_vs_1_with_keeper,123,collect_rollout,4094,0,18,0.0,False,False,0.0,0.0,0,0,0,0.0,0.0,0.0,0.0,0.0,1,0.0
,academy_3_vs_1_with_keeper,123,collect_rollout,4095,0,19,0.0,False,False,0.0,0.0,0,0,0,0.0,0.0,0.0,0.0,0.0,1,0.0
,academy_3_vs_1_with_keeper,123,collect_rollout,4096,0,17,0.0,False,False,0.0,0.0,0,0,0,0.0,0.0,0.0,0.0,0.0,1,0.0
,academy_3_vs_1_with_keeper,123,collect_rollout,4097,0,23,0.0,False,False,0.0,0.0,0,0,0,0.0,0.0,0.0,0.0,0.0,1,0.0
,academy_3_vs_1_with_keeper,123,collect_rollout,4098,0,19,0.0,False,False,0.0,0.0,0,0,0,0.0,0.0,0.0,0.0,0.0,1,0.0
,academy_3_vs_1_with_keeper,123,collect_rollout,4099,0,16,0.0,False,False,0.0,0.0,0,0,0,0.0,0.0,0.0,0.0,0.0,1,0.0
,academy_3_vs_1_with_keeper,123,collect_rollout,4100,0,15,0.0,False,False,0.0,0.0,0,0,0,0.0,0.0,0.0,0.0,0.0,1,0.0
,academy_3_vs_1_with_keeper,123,collect_rollout,4101,0,78,-0.08008578885346651,False,False,0.0,0.0,0,0,0,0.0,0.0,0.0,0.0,-0.08008578885346651,1,-0.08008578885346651
,academy_3_vs_1_with_keeper,123,collect_rollout,4102,0,18,0.0,False,False,0.0,0.0,0,0,0,0.0,0.0,0.0,0.0,0.0,1,0.0
,academy_3_vs_1_with_keeper,123,collect_rollout,4103,0,18,0.0,False,False,0.0,0.0,0,0,0,0.0,0.0,0.0,0.0,0.0,1,0.0
,academy_3_vs_1_with_keeper,123,collect_rollout,4104,0,18,0.0,False,False,0.0,0.0,0,0,0,0.0,0.0,0.0,0.0,0.0,1,0.0
,academy_3_vs_1_with_keeper,123,collect_rollout,4105,0,18,0.0,False,False,0.0,0.0,0,0,0,0.0,0.0,0.0,0.0,0.0,1,0.0
,academy_3_vs_1_with_keeper,123,collect_rollout,4106,0,18,0.0,False,False,0.0,0.0,0,0,0,0.0,0.0,0.0,0.0,0.0,1,0.0
,academy_3_vs_1_with_keeper,123,collect_rollout,4107,0,15,0.0,False,False,0.0,0.0,0,0,0,0.0,0.0,0.0,0.0,0.0,1,0.0
,academy_3_vs_1_with_keeper,123,collect_rollout,4108,0,14,0.0,False,False,0.0,0.0,0,0,0,0.0,0.0,0.0,0.0,0.0,1,0.0
,academy_3_vs_1_with_keeper,123,collect_rollout,4109,0,16,0.0,False,False,0.0,0.0,0,0,0,0.0,0.0,0.0,0.0,0.0,1,0.0
,academy_3_vs_1_with_keeper,123,collect_rollout,4110,0,16,0.0,False,False,0.0,0.0,0,0,0,0.0,0.0,0.0,0.0,0.0,1,0.0
,academy_3_vs_1_with_keeper,123,collect_rollout,4111,0,17,0.0,False,False,0.0,0.0,0,0,0,0.0,0.0,0.0,0.0,0.0,1,0.0
,academy_3_vs_1_with_keeper,123,collect_rollout,4112,0,19,0.0,False,False,0.0,0.0,0,0,0,0.0,0.0,0.0,0.0,0.0,1,0.0
,academy_3_vs_1_with_keeper,123,collect_rollout,4113,0,21,0.0,False,False,0.0,0.0,0,0,0,0.0,0.0,0.0,0.0,0.0,1,0.0
,academy_3_vs_1_with_keeper,123,collect_rollout,4114,0,18,0.0,False,False,0.0,0.0,0,0,0,0.0,0.0,0.0,0.0,0.0,1,0.0
,academy_3_vs_1_with_keeper,123,collect_rollout,4115,0,19,0.0,False,False,0.0,0.0,0,0,0,0.0,0.0,0.0,0.0,0.0,1,0.0
,academy_3_vs_1_with_keeper,123,collect_rollout,4116,0,17,0.0,False,False,0.0,0.0,0,0,0,0.0,0.0,0.0,0.0,0.0,1,0.0
,academy_3_vs_1_with_keeper,123,collect_rollout,4117,0,21,0.0,False,False,0.0,0.0,0,0,0,0.0,0.0,0.0,0.0,0.0,1,0.0
,academy_3_vs_1_with_keeper,123,collect_rollout,4118,0,16,0.0,False,False,0.0,0.0,0,0,0,0.0,0.0,0.0,0.0,0.0,1,0.0
,academy_3_vs_1_with_keeper,123,collect_rollout,4119,0,17,0.0,False,False,0.0,0.0,0,0,0,0.0,0.0,0.0,0.0,0.0,1,0.0
,academy_3_vs_1_with_keeper,123,collect_rollout,4120,0,18,0.0,False,False,0.0,0.0,0,0,0,0.0,0.0,0.0,0.0,0.0,1,0.0
,academy_3_vs_1_with_keeper,123,collect_rollout,4121,0,19,0.0,False,False,0.0,0.0,0,0,0,0.0,0.0,0.0,0.0,0.0,1,0.0
,academy_3_vs_1_with_keeper,123,collect_rollout,4122,0,21,-0.003333333181217313,False,False,0.0,0.0,0,0,0,0.0,0.0,0.0,0.0,-0.003333333181217313,1,-0.003333333181217313
,academy_3_vs_1_with_keeper,123,collect_rollout,4123,0,18,0.0,False,False,0.0,0.0,0,0,0,0.0,0.0,0.0,0.0,0.0,1,0.0
,academy_3_vs_1_with_keeper,123,collect_rollout,4124,0,19,0.0,False,False,0.0,0.0,0,0,0,0.0,0.0,0.0,0.0,0.0,1,0.0
,academy_3_vs_1_with_keeper,123,collect_rollout,4125,0,19,0.0,False,False,0.0,0.0,0,0,0,0.0,0.0,0.0,0.0,0.0,1,0.0
,academy_3_vs_1_with_keeper,123,collect_rollout,4126,0,20,0.0,False,False,0.0,0.0,0,0,0,0.0,0.0,0.0,0.0,0.0,1,0.0
,academy_3_vs_1_with_keeper,123,collect_rollout,4127,0,23,0.0,False,False,0.0,0.0,0,0,0,0.0,0.0,0.0,0.0,0.0,1,0.0
,academy_3_vs_1_with_keeper,123,collect_rollout,4128,0,19,0.0,False,False,0.0,0.0,0,0,0,0.0,0.0,0.0,0.0,0.0,1,0.0
,academy_3_vs_1_with_keeper,123,collect_rollout,4129,0,19,0.0,False,False,0.0,0.0,0,0,0,0.0,0.0,0.0,0.0,0.0,1,0.0
,academy_3_vs_1_with_keeper,123,collect_rollout,4130,0,16,0.0,False,False,0.0,0.0,0,0,0,0.0,0.0,0.0,0.0,0.0,1,0.0
,academy_3_vs_1_with_keeper,123,collect_rollout,4131,0,20,0.0,False,False,0.0,0.0,0,0,0,0.0,0.0,0.0,0.0,0.0,1,0.0
,academy_3_vs_1_with_keeper,123,collect_rollout,4132,0,18,0.0,False,False,0.0,0.0,0,0,0,0.0,0.0,0.0,0.0,0.0,1,0.0
,academy_3_vs_1_with_keeper,123,collect_rollout,4133,0,19,0.0,False,False,0.0,0.0,0,0,0,0.0,0.0,0.0,0.0,0.0,1,0.0
,academy_3_vs_1_with_keeper,123,collect_rollout,4134,0,20,-0.003333333181217313,False,False,0.0,0.0,0,0,0,0.0,0.0,0.0,0.0,-0.003333333181217313,1,-0.003333333181217313
,academy_3_vs_1_with_keeper,123,collect_rollout,4135,0,19,0.0,False,False,0.0,0.0,0,0,0,0.0,0.0,0.0,0.0,0.0,1,0.0
,academy_3_vs_1_with_keeper,123,collect_rollout,4136,0,23,0.0,False,False,0.0,0.0,0,0,0,0.0,0.0,0.0,0.0,0.0,1,0.0
,academy_3_vs_1_with_keeper,123,collect_rollout,4137,0,23,0.0,False,False,0.0,0.0,0,0,0,0.0,0.0,0.0,0.0,0.0,1,0.0
,academy_3_vs_1_with_keeper,123,collect_rollout,4138,0,22,0.0,False,False,0.0,0.0,0,0,0,0.0,0.0,0.0,0.0,0.0,1,0.0
,academy_3_vs_1_with_keeper,123,collect_rollout,4139,0,18,0.0,False,False,0.0,0.0,0,0,0,0.0,0.0,0.0,0.0,0.0,1,0.0
,academy_3_vs_1_with_keeper,123,collect_rollout,4140,0,19,0.0,False,False,0.0,0.0,0,0,0,0.0,0.0,0.0,0.0,0.0,1,0.0
,academy_3_vs_1_with_keeper,123,collect_rollout,4141,0,19,0.0,False,False,0.0,0.0,0,0,0,0.0,0.0,0.0,0.0,0.0,1,0.0
,academy_3_vs_1_with_keeper,123,collect_rollout,4142,0,21,0.0,False,False,0.0,0.0,0,0,0,0.0,0.0,0.0,0.0,0.0,1,0.0
,academy_3_vs_1_with_keeper,123,collect_rollout,4143,0,16,0.0,False,False,0.0,0.0,0,0,0,0.0,0.0,0.0,0.0,0.0,1,0.0
,academy_3_vs_1_with_keeper,123,collect_rollout,4144,0,108,-0.6241909922100604,False,False,0.0,0.0,0,0,0,0.0,0.0,0.0,0.0,-0.6241909922100604,1,-0.6241909922100604
,academy_3_vs_1_with_keeper,123,collect_rollout,4145,0,20,0.0,False,False,0.0,0.0,0,0,0,0.0,0.0,0.0,0.0,0.0,1,0.0
,academy_3_vs_1_with_keeper,123,collect_rollout,4146,0,17,0.0,False,False,0.0,0.0,0,0,0,0.0,0.0,0.0,0.0,0.0,1,0.0
,academy_3_vs_1_with_keeper,123,collect_rollout,4147,0,17,0.0,False,False,0.0,0.0,0,0,0,0.0,0.0,0.0,0.0,0.0,1,0.0
,academy_3_vs_1_with_keeper,123,collect_rollout,4148,0,22,0.0,False,False,0.0,0.0,0,0,0,0.0,0.0,0.0,0.0,0.0,1,0.0
,academy_3_vs_1_with_keeper,123,collect_rollout,4149,0,15,0.0,False,False,0.0,0.0,0,0,0,0.0,0.0,0.0,0.0,0.0,1,0.0
,academy_3_vs_1_with_keeper,123,collect_rollout,4150,0,17,0.0,False,False,0.0,0.0,0,0,0,0.0,0.0,0.0,0.0,0.0,1,0.0
,academy_3_vs_1_with_keeper,123,collect_rollout,4151,0,126,-0.700936546898447,False,False,0.0,0.0,0,0,0,0.0,0.0,0.0,0.0,-0.700936546898447,1,-0.700936546898447
,academy_3_vs_1_with_keeper,123,collect_rollout,4152,0,22,0.0,False,False,0.0,0.0,0,0,0,0.0,0.0,0.0,0.0,0.0,1,0.0
,academy_3_vs_1_with_keeper,123,collect_rollout,4153,0,20,0.0,False,False,0.0,0.0,0,0,0,0.0,0.0,0.0,0.0,0.0,1,0.0
,academy_3_vs_1_with_keeper,123,collect_rollout,4154,0,17,0.0,False,False,0.0,0.0,0,0,0,0.0,0.0,0.0,0.0,0.0,1,0.0
,academy_3_vs_1_with_keeper,123,collect_rollout,4155,0,18,0.0,False,False,0.0,0.0,0,0,0,0.0,0.0,0.0,0.0,0.0,1,0.0
,academy_3_vs_1_with_keeper,123,collect_rollout,4156,0,19,0.0,False,False,0.0,0.0,0,0,0,0.0,0.0,0.0,0.0,0.0,1,0.0
,academy_3_vs_1_with_keeper,123,collect_rollout,4157,0,20,-0.003333333181217313,False,False,0.0,0.0,0,0,0,0.0,0.0,0.0,0.0,-0.003333333181217313,1,-0.003333333181217313
,academy_3_vs_1_with_keeper,123,collect_rollout,4158,0,20,0.0,False,False,0.0,0.0,0,0,0,0.0,0.0,0.0,0.0,0.0,1,0.0
,academy_3_vs_1_with_keeper,123,collect_rollout,4159,0,21,0.0,False,False,0.0,0.0,0,0,0,0.0,0.0,0.0,0.0,0.0,1,0.0
,academy_3_vs_1_with_keeper,123,collect_rollout,4160,0,21,0.0,False,False,0.0,0.0,0,0,0,0.0,0.0,0.0,0.0,0.0,1,0.0
,academy_3_vs_1_with_keeper,123,collect_rollout,4161,0,18,0.0,False,False,0.0,0.0,0,0,0,0.0,0.0,0.0,0.0,0.0,1,0.0
,academy_3_vs_1_with_keeper,123,collect_rollout,4162,0,16,0.0,False,False,0.0,0.0,0,0,0,0.0,0.0,0.0,0.0,0.0,1,0.0
,academy_3_vs_1_with_keeper,123,collect_rollout,4163,0,18,0.0,False,False,0.0,0.0,0,0,0,0.0,0.0,0.0,0.0,0.0,1,0.0
,academy_3_vs_1_with_keeper,123,collect_rollout,4164,0,22,0.0,False,False,0.0,0.0,0,0,0,0.0,0.0,0.0,0.0,0.0,1,0.0
,academy_3_vs_1_with_keeper,123,collect_rollout,4165,0,16,0.0,False,False,0.0,0.0,0,0,0,0.0,0.0,0.0,0.0,0.0,1,0.0
,academy_3_vs_1_with_keeper,123,collect_rollout,4166,0,18,0.0,False,False,0.0,0.0,0,0,0,0.0,0.0,0.0,0.0,0.0,1,0.0
,academy_3_vs_1_with_keeper,123,collect_rollout,4167,0,21,0.0,False,False,0.0,0.0,0,0,0,0.0,0.0,0.0,0.0,0.0,1,0.0
,academy_3_vs_1_with_keeper,123,collect_rollout,4168,0,15,0.0,False,False,0.0,0.0,0,0,0,0.0,0.0,0.0,0.0,0.0,1,0.0
,academy_3_vs_1_with_keeper,123,collect_rollout,4169,0,16,-0.009999999543651938,False,False,0.0,0.0,0,0,0,0.0,0.0,0.0,0.0,-0.009999999543651938,1,-0.009999999543651938
,academy_3_vs_1_with_keeper,123,collect_rollout,4170,0,16,-0.003333333181217313,False,False,0.0,0.0,0,0,0,0.0,0.0,0.0,0.0,-0.003333333181217313,1,-0.003333333181217313
,academy_3_vs_1_with_keeper,123,collect_rollout,4171,0,18,0.0,False,False,0.0,0.0,0,0,0,0.0,0.0,0.0,0.0,0.0,1,0.0
,academy_3_vs_1_with_keeper,123,collect_rollout,4172,0,20,0.0,False,False,0.0,0.0,0,0,0,0.0,0.0,0.0,0.0,0.0,1,0.0
,academy_3_vs_1_with_keeper,123,collect_rollout,4173,0,19,0.0,False,False,0.0,0.0,0,0,0,0.0,0.0,0.0,0.0,0.0,1,0.0
,academy_3_vs_1_with_keeper,123,collect_rollout,4174,0,21,0.0,False,False,0.0,0.0,0,0,0,0.0,0.0,0.0,0.0,0.0,1,0.0
,academy_3_vs_1_with_keeper,123,collect_rollout,4175,0,17,0.0,False,False,0.0,0.0,0,0,0,0.0,0.0,0.0,0.0,0.0,1,0.0
,academy_3_vs_1_with_keeper,123,collect_rollout,4176,0,18,0.0,False,False,0.0,0.0,0,0,0,0.0,0.0,0.0,0.0,0.0,1,0.0
,academy_3_vs_1_with_keeper,123,collect_rollout,4177,0,21,0.0,False,False,0.0,0.0,0,0,0,0.0,0.0,0.0,0.0,0.0,1,0.0
,academy_3_vs_1_with_keeper,123,collect_rollout,4178,0,22,0.0,False,False,0.0,0.0,0,0,0,0.0,0.0,0.0,0.0,0.0,1,0.0
,academy_3_vs_1_with_keeper,123,collect_rollout,4179,0,17,0.0,False,False,0.0,0.0,0,0,0,0.0,0.0,0.0,0.0,0.0,1,0.0
,academy_3_vs_1_with_keeper,123,collect_rollout,4180,0,16,0.0,False,False,0.0,0.0,0,0,0,0.0,0.0,0.0,0.0,0.0,1,0.0
,academy_3_vs_1_with_keeper,123,collect_rollout,4181,0,18,0.0,False,False,0.0,0.0,0,0,0,0.0,0.0,0.0,0.0,0.0,1,0.0
,academy_3_vs_1_with_keeper,123,collect_rollout,4182,0,17,0.0,False,False,0.0,0.0,0,0,0,0.0,0.0,0.0,0.0,0.0,1,0.0
,academy_3_vs_1_with_keeper,123,collect_rollout,4183,0,20,0.0,False,False,0.0,0.0,0,0,0,0.0,0.0,0.0,0.0,0.0,1,0.0
,academy_3_vs_1_with_keeper,123,collect_rollout,4184,0,19,0.0,False,False,0.0,0.0,0,0,0,0.0,0.0,0.0,0.0,0.0,1,0.0
,academy_3_vs_1_with_keeper,123,collect_rollout,4185,0,21,0.0,False,False,0.0,0.0,0,0,0,0.0,0.0,0.0,0.0,0.0,1,0.0
,academy_3_vs_1_with_keeper,123,collect_rollout,4186,0,19,0.0,False,False,0.0,0.0,0,0,0,0.0,0.0,0.0,0.0,0.0,1,0.0
,academy_3_vs_1_with_keeper,123,collect_rollout,4187,0,14,0.0,False,False,0.0,0.0,0,0,0,0.0,0.0,0.0,0.0,0.0,1,0.0
,academy_3_vs_1_with_keeper,123,collect_rollout,4188,0,19,0.0,False,False,0.0,0.0,0,0,0,0.0,0.0,0.0,0.0,0.0,1,0.0
,academy_3_vs_1_with_keeper,123,collect_rollout,4189,0,15,0.0,False,False,0.0,0.0,0,0,0,0.0,0.0,0.0,0.0,0.0,1,0.0
,academy_3_vs_1_with_keeper,123,collect_rollout,4190,0,20,0.0,False,False,0.0,0.0,0,0,0,0.0,0.0,0.0,0.0,0.0,1,0.0
,academy_3_vs_1_with_keeper,123,collect_rollout,4191,0,18,0.0,False,False,0.0,0.0,0,0,0,0.0,0.0,0.0,0.0,0.0,1,0.0
,academy_3_vs_1_with_keeper,123,collect_rollout,4192,0,14,0.0,False,False,0.0,0.0,0,0,0,0.0,0.0,0.0,0.0,0.0,1,0.0
,academy_3_vs_1_with_keeper,123,collect_rollout,4193,0,22,0.0,False,False,0.0,0.0,0,0,0,0.0,0.0,0.0,0.0,0.0,1,0.0
,academy_3_vs_1_with_keeper,123,collect_rollout,4194,0,19,0.0,False,False,0.0,0.0,0,0,0,0.0,0.0,0.0,0.0,0.0,1,0.0
,academy_3_vs_1_with_keeper,123,collect_rollout,4195,0,20,0.0,False,False,0.0,0.0,0,0,0,0.0,0.0,0.0,0.0,0.0,1,0.0
,academy_3_vs_1_with_keeper,123,collect_rollout,4196,0,23,0.0,False,False,0.0,0.0,0,0,0,0.0,0.0,0.0,0.0,0.0,1,0.0
,academy_3_vs_1_with_keeper,123,collect_rollout,4197,0,20,0.0,False,False,0.0,0.0,0,0,0,0.0,0.0,0.0,0.0,0.0,1,0.0
,academy_3_vs_1_with_keeper,123,collect_rollout,4198,0,18,0.0,False,False,0.0,0.0,0,0,0,0.0,0.0,0.0,0.0,0.0,1,0.0
,academy_3_vs_1_with_keeper,123,collect_rollout,4199,0,20,0.0,False,False,0.0,0.0,0,0,0,0.0,0.0,0.0,0.0,0.0,1,0.0
,academy_3_vs_1_with_keeper,123,collect_rollout,4200,0,20,0.0,False,False,0.0,0.0,0,0,0,0.0,0.0,0.0,0.0,0.0,1,0.0
,academy_3_vs_1_with_keeper,123,collect_rollout,4201,0,73,-0.00832162331789732,False,False,0.0,0.0,0,0,0,0.0,0.0,0.0,0.0,-0.00832162331789732,1,-0.00832162331789732
,academy_3_vs_1_with_keeper,123,collect_rollout,4202,0,20,0.0,False,False,0.0,0.0,0,0,0,0.0,0.0,0.0,0.0,0.0,1,0.0
,academy_3_vs_1_with_keeper,123,collect_rollout,4203,0,18,0.0,False,False,0.0,0.0,0,0,0,0.0,0.0,0.0,0.0,0.0,1,0.0
,academy_3_vs_1_with_keeper,123,collect_rollout,4204,0,17,0.0,False,False,0.0,0.0,0,0,0,0.0,0.0,0.0,0.0,0.0,1,0.0
,academy_3_vs_1_with_keeper,123,collect_rollout,4205,0,21,0.0,False,False,0.0,0.0,0,0,0,0.0,0.0,0.0,0.0,0.0,1,0.0
,academy_3_vs_1_with_keeper,123,collect_rollout,4206,0,19,0.0,False,False,0.0,0.0,0,0,0,0.0,0.0,0.0,0.0,0.0,1,0.0
,academy_3_vs_1_with_keeper,123,collect_rollout,4207,0,21,0.0,False,False,0.0,0.0,0,0,0,0.0,0.0,0.0,0.0,0.0,1,0.0
,academy_3_vs_1_with_keeper,123,collect_rollout,4208,0,16,0.0,False,False,0.0,0.0,0,0,0,0.0,0.0,0.0,0.0,0.0,1,0.0
,academy_3_vs_1_with_keeper,123,collect_rollout,4209,0,21,0.0,False,False,0.0,0.0,0,0,0,0.0,0.0,0.0,0.0,0.0,1,0.0
,academy_3_vs_1_with_keeper,123,collect_rollout,4210,0,17,0.0,False,False,0.0,0.0,0,0,0,0.0,0.0,0.0,0.0,0.0,1,0.0
,academy_3_vs_1_with_keeper,123,collect_rollout,4211,0,19,0.0,False,False,0.0,0.0,0,0,0,0.0,0.0,0.0,0.0,0.0,1,0.0
,academy_3_vs_1_with_keeper,123,collect_rollout,4212,0,16,0.0,False,False,0.0,0.0,0,0,0,0.0,0.0,0.0,0.0,0.0,1,0.0
,academy_3_vs_1_with_keeper,123,collect_rollout,4213,0,18,-0.003333333181217313,False,False,0.0,0.0,0,0,0,0.0,0.0,0.0,0.0,-0.003333333181217313,1,-0.003333333181217313
,academy_3_vs_1_with_keeper,123,collect_rollout,4214,0,21,0.0,False,False,0.0,0.0,0,0,0,0.0,0.0,0.0,0.0,0.0,1,0.0
,academy_3_vs_1_with_keeper,123,collect_rollout,4215,0,20,0.0,False,False,0.0,0.0,0,0,0,0.0,0.0,0.0,0.0,0.0,1,0.0
,academy_3_vs_1_with_keeper,123,collect_rollout,4216,0,19,0.0,False,False,0.0,0.0,0,0,0,0.0,0.0,0.0,0.0,0.0,1,0.0
,academy_3_vs_1_with_keeper,123,collect_rollout,4217,0,21,0.0,False,False,0.0,0.0,0,0,0,0.0,0.0,0.0,0.0,0.0,1,0.0
,academy_3_vs_1_with_keeper,123,collect_rollout,4218,0,21,0.0,False,False,0.0,0.0,0,0,0,0.0,0.0,0.0,0.0,0.0,1,0.0
,academy_3_vs_1_with_keeper,123,collect_rollout,4219,0,18,0.0,False,False,0.0,0.0,0,0,0,0.0,0.0,0.0,0.0,0.0,1,0.0
,academy_3_vs_1_with_keeper,123,collect_rollout,4220,0,16,0.0,False,False,0.0,0.0,0,0,0,0.0,0.0,0.0,0.0,0.0,1,0.0
,academy_3_vs_1_with_keeper,123,collect_rollout,4221,0,18,0.0,False,False,0.0,0.0,0,0,0,0.0,0.0,0.0,0.0,0.0,1,0.0
,academy_3_vs_1_with_keeper,123,collect_rollout,4222,0,15,0.0,False,False,0.0,0.0,0,0,0,0.0,0.0,0.0,0.0,0.0,1,0.0
,academy_3_vs_1_with_keeper,123,collect_rollout,4223,0,20,0.0,False,False,0.0,0.0,0,0,0,0.0,0.0,0.0,0.0,0.0,1,0.0
,academy_3_vs_1_with_keeper,123,collect_rollout,4224,0,18,0.0,False,False,0.0,0.0,0,0,0,0.0,0.0,0.0,0.0,0.0,1,0.0
,academy_3_vs_1_with_keeper,123,collect_rollout,4225,0,18,0.0,False,False,0.0,0.0,0,0,0,0.0,0.0,0.0,0.0,0.0,1,0.0
,academy_3_vs_1_with_keeper,123,collect_rollout,4226,0,21,0.0,False,False,0.0,0.0,0,0,0,0.0,0.0,0.0,0.0,0.0,1,0.0
,academy_3_vs_1_with_keeper,123,collect_rollout,4227,0,22,0.0,False,False,0.0,0.0,0,0,0,0.0,0.0,0.0,0.0,0.0,1,0.0
,academy_3_vs_1_with_keeper,123,collect_rollout,4228,0,19,0.0,False,False,0.0,0.0,0,0,0,0.0,0.0,0.0,0.0,0.0,1,0.0
,academy_3_vs_1_with_keeper,123,collect_rollout,4229,0,67,-0.17507484299130738,False,False,0.0,0.0,0,0,0,0.0,0.0,0.0,0.0,-0.17507484299130738,1,-0.17507484299130738
,academy_3_vs_1_with_keeper,123,collect_rollout,4230,0,21,0.0,False,False,0.0,0.0,0,0,0,0.0,0.0,0.0,0.0,0.0,1,0.0
,academy_3_vs_1_with_keeper,123,collect_rollout,4231,0,20,0.0,False,False,0.0,0.0,0,0,0,0.0,0.0,0.0,0.0,0.0,1,0.0
,academy_3_vs_1_with_keeper,123,collect_rollout,4232,0,23,0.0,False,False,0.0,0.0,0,0,0,0.0,0.0,0.0,0.0,0.0,1,0.0
,academy_3_vs_1_with_keeper,123,collect_rollout,4233,0,21,0.0,False,False,0.0,0.0,0,0,0,0.0,0.0,0.0,0.0,0.0,1,0.0
,academy_3_vs_1_with_keeper,123,collect_rollout,4234,0,21,0.0,False,False,0.0,0.0,0,0,0,0.0,0.0,0.0,0.0,0.0,1,0.0
,academy_3_vs_1_with_keeper,123,collect_rollout,4235,0,19,0.0,False,False,0.0,0.0,0,0,0,0.0,0.0,0.0,0.0,0.0,1,0.0
,academy_3_vs_1_with_keeper,123,collect_rollout,4236,0,20,0.0,False,False,0.0,0.0,0,0,0,0.0,0.0,0.0,0.0,0.0,1,0.0
,academy_3_vs_1_with_keeper,123,collect_rollout,4237,0,19,0.0,False,False,0.0,0.0,0,0,0,0.0,0.0,0.0,0.0,0.0,1,0.0
,academy_3_vs_1_with_keeper,123,collect_rollout,4238,0,19,0.0,False,False,0.0,0.0,0,0,0,0.0,0.0,0.0,0.0,0.0,1,0.0
,academy_3_vs_1_with_keeper,123,collect_rollout,4239,0,22,0.0,False,False,0.0,0.0,0,0,0,0.0,0.0,0.0,0.0,0.0,1,0.0
,academy_3_vs_1_with_keeper,123,collect_rollout,4240,0,17,0.0,False,False,0.0,0.0,0,0,0,0.0,0.0,0.0,0.0,0.0,1,0.0
,academy_3_vs_1_with_keeper,123,collect_rollout,4241,0,19,0.0,False,False,0.0,0.0,0,0,0,0.0,0.0,0.0,0.0,0.0,1,0.0
,academy_3_vs_1_with_keeper,123,collect_rollout,4242,0,17,0.0,False,False,0.0,0.0,0,0,0,0.0,0.0,0.0,0.0,0.0,1,0.0
,academy_3_vs_1_with_keeper,123,collect_rollout,4243,0,16,0.0,False,False,0.0,0.0,0,0,0,0.0,0.0,0.0,0.0,0.0,1,0.0
,academy_3_vs_1_with_keeper,123,collect_rollout,4244,0,23,0.0,False,False,0.0,0.0,0,0,0,0.0,0.0,0.0,0.0,0.0,1,0.0
,academy_3_vs_1_with_keeper,123,collect_rollout,4245,0,20,0.0,False,False,0.0,0.0,0,0,0,0.0,0.0,0.0,0.0,0.0,1,0.0
,academy_3_vs_1_with_keeper,123,collect_rollout,4246,0,19,0.0,False,False,0.0,0.0,0,0,0,0.0,0.0,0.0,0.0,0.0,1,0.0
,academy_3_vs_1_with_keeper,123,collect_rollout,4247,0,24,0.0,False,False,0.0,0.0,0,0,0,0.0,0.0,0.0,0.0,0.0,1,0.0
,academy_3_vs_1_with_keeper,123,collect_rollout,4248,0,15,0.0,False,False,0.0,0.0,0,0,0,0.0,0.0,0.0,0.0,0.0,1,0.0
,academy_3_vs_1_with_keeper,123,collect_rollout,4249,0,20,0.0,False,False,0.0,0.0,0,0,0,0.0,0.0,0.0,0.0,0.0,1,0.0
,academy_3_vs_1_with_keeper,123,collect_rollout,4250,0,17,0.0,False,False,0.0,0.0,0,0,0,0.0,0.0,0.0,0.0,0.0,1,0.0
,academy_3_vs_1_with_keeper,123,collect_rollout,4251,0,19,0.0,False,False,0.0,0.0,0,0,0,0.0,0.0,0.0,0.0,0.0,1,0.0
,academy_3_vs_1_with_keeper,123,collect_rollout,4252,0,20,0.0,False,False,0.0,0.0,0,0,0,0.0,0.0,0.0,0.0,0.0,1,0.0
,academy_3_vs_1_with_keeper,123,collect_rollout,4253,0,17,0.0,False,False,0.0,0.0,0,0,0,0.0,0.0,0.0,0.0,0.0,1,0.0
,academy_3_vs_1_with_keeper,123,collect_rollout,4254,0,15,0.0,False,False,0.0,0.0,0,0,0,0.0,0.0,0.0,0.0,0.0,1,0.0
,academy_3_vs_1_with_keeper,123,collect_rollout,4255,0,20,0.0,False,False,0.0,0.0,0,0,0,0.0,0.0,0.0,0.0,0.0,1,0.0
,academy_3_vs_1_with_keeper,123,collect_rollout,4256,0,19,0.0,False,False,0.0,0.0,0,0,0,0.0,0.0,0.0,0.0,0.0,1,0.0
,academy_3_vs_1_with_keeper,123,collect_rollout,4257,0,18,0.0,False,False,0.0,0.0,0,0,0,0.0,0.0,0.0,0.0,0.0,1,0.0
,academy_3_vs_1_with_keeper,123,collect_rollout,4258,0,18,0.0,False,False,0.0,0.0,0,0,0,0.0,0.0,0.0,0.0,0.0,1,0.0
,academy_3_vs_1_with_keeper,123,collect_rollout,4259,0,16,-0.003333333181217313,False,False,0.0,0.0,0,0,0,0.0,0.0,0.0,0.0,-0.003333333181217313,1,-0.003333333181217313
,academy_3_vs_1_with_keeper,123,collect_rollout,4260,0,18,-0.003333333181217313,False,False,0.0,0.0,0,0,0,0.0,0.0,0.0,0.0,-0.003333333181217313,1,-0.003333333181217313
,academy_3_vs_1_with_keeper,123,collect_rollout,4261,0,21,0.0,False,False,0.0,0.0,0,0,0,0.0,0.0,0.0,0.0,0.0,1,0.0
,academy_3_vs_1_with_keeper,123,collect_rollout,4262,0,17,0.0,False,False,0.0,0.0,0,0,0,0.0,0.0,0.0,0.0,0.0,1,0.0
,academy_3_vs_1_with_keeper,123,collect_rollout,4263,0,18,0.0,False,False,0.0,0.0,0,0,0,0.0,0.0,0.0,0.0,0.0,1,0.0
,academy_3_vs_1_with_keeper,123,collect_rollout,4264,0,23,0.0,False,False,0.0,0.0,0,0,0,0.0,0.0,0.0,0.0,0.0,1,0.0
,academy_3_vs_1_with_keeper,123,collect_rollout,4265,0,20,0.0,False,False,0.0,0.0,0,0,0,0.0,0.0,0.0,0.0,0.0,1,0.0
,academy_3_vs_1_with_keeper,123,collect_rollout,4266,0,20,0.0,False,False,0.0,0.0,0,0,0,0.0,0.0,0.0,0.0,0.0,1,0.0
,academy_3_vs_1_with_keeper,123,collect_rollout,4267,0,15,0.0,False,False,0.0,0.0,0,0,0,0.0,0.0,0.0,0.0,0.0,1,0.0
,academy_3_vs_1_with_keeper,123,collect_rollout,4268,0,141,-0.5335066486150026,False,False,0.0,0.0,0,0,0,0.0,0.0,0.0,0.0,-0.5335066486150026,1,-0.5335066486150026
,academy_3_vs_1_with_keeper,123,collect_rollout,4269,0,15,0.0,False,False,0.0,0.0,0,0,0,0.0,0.0,0.0,0.0,0.0,1,0.0
,academy_3_vs_1_with_keeper,123,collect_rollout,4270,0,22,0.0,False,False,0.0,0.0,0,0,0,0.0,0.0,0.0,0.0,0.0,1,0.0
,academy_3_vs_1_with_keeper,123,collect_rollout,4271,0,19,0.0,False,False,0.0,0.0,0,0,0,0.0,0.0,0.0,0.0,0.0,1,0.0
,academy_3_vs_1_with_keeper,123,collect_rollout,4272,0,20,0.0,False,False,0.0,0.0,0,0,0,0.0,0.0,0.0,0.0,0.0,1,0.0
,academy_3_vs_1_with_keeper,123,collect_rollout,4273,0,14,0.0,False,False,0.0,0.0,0,0,0,0.0,0.0,0.0,0.0,0.0,1,0.0
,academy_3_vs_1_with_keeper,123,collect_rollout,4274,0,21,0.0,False,False,0.0,0.0,0,0,0,0.0,0.0,0.0,0.0,0.0,1,0.0
,academy_3_vs_1_with_keeper,123,collect_rollout,4275,0,24,0.0,False,False,0.0,0.0,0,0,0,0.0,0.0,0.0,0.0,0.0,1,0.0
,academy_3_vs_1_with_keeper,123,collect_rollout,4276,0,118,-0.23927922931034118,False,False,0.0,0.0,0,0,0,0.0,0.0,0.0,0.0,-0.23927922931034118,1,-0.23927922931034118
,academy_3_vs_1_with_keeper,123,collect_rollout,4277,0,22,0.0,False,False,0.0,0.0,0,0,0,0.0,0.0,0.0,0.0,0.0,1,0.0
,academy_3_vs_1_with_keeper,123,collect_rollout,4278,0,21,0.0,False,False,0.0,0.0,0,0,0,0.0,0.0,0.0,0.0,0.0,1,0.0
,academy_3_vs_1_with_keeper,123,collect_rollout,4279,0,21,0.0,False,False,0.0,0.0,0,0,0,0.0,0.0,0.0,0.0,0.0,1,0.0
,academy_3_vs_1_with_keeper,123,collect_rollout,4280,0,14,0.0,False,False,0.0,0.0,0,0,0,0.0,0.0,0.0,0.0,0.0,1,0.0
,academy_3_vs_1_with_keeper,123,collect_rollout,4281,0,22,0.0,False,False,0.0,0.0,0,0,0,0.0,0.0,0.0,0.0,0.0,1,0.0
,academy_3_vs_1_with_keeper,123,collect_rollout,4282,0,21,0.0,False,False,0.0,0.0,0,0,0,0.0,0.0,0.0,0.0,0.0,1,0.0
,academy_3_vs_1_with_keeper,123,collect_rollout,4283,0,19,0.0,False,False,0.0,0.0,0,0,0,0.0,0.0,0.0,0.0,0.0,1,0.0
,academy_3_vs_1_with_keeper,123,collect_rollout,4284,0,17,0.0,False,False,0.0,0.0,0,0,0,0.0,0.0,0.0,0.0,0.0,1,0.0
,academy_3_vs_1_with_keeper,123,collect_rollout,4285,0,18,0.0,False,False,0.0,0.0,0,0,0,0.0,0.0,0.0,0.0,0.0,1,0.0
,academy_3_vs_1_with_keeper,123,collect_rollout,4286,0,19,0.0,False,False,0.0,0.0,0,0,0,0.0,0.0,0.0,0.0,0.0,1,0.0
,academy_3_vs_1_with_keeper,123,collect_rollout,4287,0,15,0.0,False,False,0.0,0.0,0,0,0,0.0,0.0,0.0,0.0,0.0,1,0.0
,academy_3_vs_1_with_keeper,123,collect_rollout,4288,0,20,0.0,False,False,0.0,0.0,0,0,0,0.0,0.0,0.0,0.0,0.0,1,0.0
,academy_3_vs_1_with_keeper,123,collect_rollout,4289,0,15,0.0,False,False,0.0,0.0,0,0,0,0.0,0.0,0.0,0.0,0.0,1,0.0
,academy_3_vs_1_with_keeper,123,collect_rollout,4290,0,21,0.0,False,False,0.0,0.0,0,0,0,0.0,0.0,0.0,0.0,0.0,1,0.0
,academy_3_vs_1_with_keeper,123,collect_rollout,4291,0,18,0.0,False,False,0.0,0.0,0,0,0,0.0,0.0,0.0,0.0,0.0,1,0.0
,academy_3_vs_1_with_keeper,123,collect_rollout,4292,0,24,0.0,False,False,0.0,0.0,0,0,0,0.0,0.0,0.0,0.0,0.0,1,0.0
,academy_3_vs_1_with_keeper,123,collect_rollout,4293,0,17,0.0,False,False,0.0,0.0,0,0,0,0.0,0.0,0.0,0.0,0.0,1,0.0
,academy_3_vs_1_with_keeper,123,collect_rollout,4294,0,17,0.0,False,False,0.0,0.0,0,0,0,0.0,0.0,0.0,0.0,0.0,1,0.0
,academy_3_vs_1_with_keeper,123,collect_rollout,4295,0,16,0.0,False,False,0.0,0.0,0,0,0,0.0,0.0,0.0,0.0,0.0,1,0.0
,academy_3_vs_1_with_keeper,123,collect_rollout,4296,0,20,0.0,False,False,0.0,0.0,0,0,0,0.0,0.0,0.0,0.0,0.0,1,0.0
,academy_3_vs_1_with_keeper,123,collect_rollout,4297,0,21,0.0,False,False,0.0,0.0,0,0,0,0.0,0.0,0.0,0.0,0.0,1,0.0
,academy_3_vs_1_with_keeper,123,collect_rollout,4298,0,17,0.0,False,False,0.0,0.0,0,0,0,0.0,0.0,0.0,0.0,0.0,1,0.0
,academy_3_vs_1_with_keeper,123,collect_rollout,4299,0,21,0.0,False,False,0.0,0.0,0,0,0,0.0,0.0,0.0,0.0,0.0,1,0.0
,academy_3_vs_1_with_keeper,123,collect_rollout,4300,0,15,0.0,False,False,0.0,0.0,0,0,0,0.0,0.0,0.0,0.0,0.0,1,0.0
,academy_3_vs_1_with_keeper,123,collect_rollout,4301,0,15,0.0,False,False,0.0,0.0,0,0,0,0.0,0.0,0.0,0.0,0.0,1,0.0
,academy_3_vs_1_with_keeper,123,collect_rollout,4302,0,20,0.0,False,False,0.0,0.0,0,0,0,0.0,0.0,0.0,0.0,0.0,1,0.0
,academy_3_vs_1_with_keeper,123,collect_rollout,4303,0,19,0.0,False,False,0.0,0.0,0,0,0,0.0,0.0,0.0,0.0,0.0,1,0.0
,academy_3_vs_1_with_keeper,123,collect_rollout,4304,0,17,0.0,False,False,0.0,0.0,0,0,0,0.0,0.0,0.0,0.0,0.0,1,0.0
,academy_3_vs_1_with_keeper,123,collect_rollout,4305,0,19,0.0,False,False,0.0,0.0,0,0,0,0.0,0.0,0.0,0.0,0.0,1,0.0
,academy_3_vs_1_with_keeper,123,collect_rollout,4306,0,22,0.0,False,False,0.0,0.0,0,0,0,0.0,0.0,0.0,0.0,0.0,1,0.0
,academy_3_vs_1_with_keeper,123,collect_rollout,4307,0,19,0.0,False,False,0.0,0.0,0,0,0,0.0,0.0,0.0,0.0,0.0,1,0.0
,academy_3_vs_1_with_keeper,123,collect_rollout,4308,0,14,0.0,False,False,0.0,0.0,0,0,0,0.0,0.0,0.0,0.0,0.0,1,0.0
,academy_3_vs_1_with_keeper,123,collect_rollout,4309,0,19,0.0,False,False,0.0,0.0,0,0,0,0.0,0.0,0.0,0.0,0.0,1,0.0
,academy_3_vs_1_with_keeper,123,collect_rollout,4310,0,19,-0.003333333181217313,False,False,0.0,0.0,0,0,0,0.0,0.0,0.0,0.0,-0.003333333181217313,1,-0.003333333181217313
,academy_3_vs_1_with_keeper,123,collect_rollout,4311,0,13,0.0,False,False,0.0,0.0,0,0,0,0.0,0.0,0.0,0.0,0.0,1,0.0
,academy_3_vs_1_with_keeper,123,collect_rollout,4312,0,81,-0.15057265385985374,False,False,0.0,0.0,0,0,0,0.0,0.0,0.0,0.0,-0.15057265385985374,1,-0.15057265385985374
,academy_3_vs_1_with_keeper,123,collect_rollout,4313,0,19,0.0,False,False,0.0,0.0,0,0,0,0.0,0.0,0.0,0.0,0.0,1,0.0
,academy_3_vs_1_with_keeper,123,collect_rollout,4314,0,23,0.0,False,False,0.0,0.0,0,0,0,0.0,0.0,0.0,0.0,0.0,1,0.0
,academy_3_vs_1_with_keeper,123,collect_rollout,4315,0,17,-0.003333333181217313,False,False,0.0,0.0,0,0,0,0.0,0.0,0.0,0.0,-0.003333333181217313,1,-0.003333333181217313
,academy_3_vs_1_with_keeper,123,collect_rollout,4316,0,16,0.0,False,False,0.0,0.0,0,0,0,0.0,0.0,0.0,0.0,0.0,1,0.0
,academy_3_vs_1_with_keeper,123,collect_rollout,4317,0,17,0.0,False,False,0.0,0.0,0,0,0,0.0,0.0,0.0,0.0,0.0,1,0.0
,academy_3_vs_1_with_keeper,123,collect_rollout,4318,0,21,0.0,False,False,0.0,0.0,0,0,0,0.0,0.0,0.0,0.0,0.0,1,0.0
,academy_3_vs_1_with_keeper,123,collect_rollout,4319,0,18,0.0,False,False,0.0,0.0,0,0,0,0.0,0.0,0.0,0.0,0.0,1,0.0
,academy_3_vs_1_with_keeper,123,collect_rollout,4320,0,19,-0.003333333181217313,False,False,0.0,0.0,0,0,0,0.0,0.0,0.0,0.0,-0.003333333181217313,1,-0.003333333181217313
,academy_3_vs_1_with_keeper,123,collect_rollout,4321,0,343,-2.425159605452791,False,False,0.0,0.0,0,0,0,0.0,0.0,0.0,0.0,-2.425159605452791,1,-2.425159605452791
,academy_3_vs_1_with_keeper,123,collect_rollout,4322,0,19,0.0,False,False,0.0,0.0,0,0,0,0.0,0.0,0.0,0.0,0.0,1,0.0
,academy_3_vs_1_with_keeper,123,collect_rollout,4323,0,20,0.0,False,False,0.0,0.0,0,0,0,0.0,0.0,0.0,0.0,0.0,1,0.0
,academy_3_vs_1_with_keeper,123,collect_rollout,4324,0,22,0.0,False,False,0.0,0.0,0,0,0,0.0,0.0,0.0,0.0,0.0,1,0.0
,academy_3_vs_1_with_keeper,123,collect_rollout,4325,0,18,0.0,False,False,0.0,0.0,0,0,0,0.0,0.0,0.0,0.0,0.0,1,0.0
,academy_3_vs_1_with_keeper,123,collect_rollout,4326,0,18,0.0,False,False,0.0,0.0,0,0,0,0.0,0.0,0.0,0.0,0.0,1,0.0
,academy_3_vs_1_with_keeper,123,collect_rollout,4327,0,17,0.0,False,False,0.0,0.0,0,0,0,0.0,0.0,0.0,0.0,0.0,1,0.0
,academy_3_vs_1_with_keeper,123,collect_rollout,4328,0,20,0.0,False,False,0.0,0.0,0,0,0,0.0,0.0,0.0,0.0,0.0,1,0.0
,academy_3_vs_1_with_keeper,123,collect_rollout,4329,0,143,-0.6173821260454133,False,False,0.0,0.0,0,0,0,0.0,0.0,0.0,0.0,-0.6173821260454133,1,-0.6173821260454133
,academy_3_vs_1_with_keeper,123,collect_rollout,4330,0,15,0.0,False,False,0.0,0.0,0,0,0,0.0,0.0,0.0,0.0,0.0,1,0.0
,academy_3_vs_1_with_keeper,123,collect_rollout,4331,0,22,0.0,False,False,0.0,0.0,0,0,0,0.0,0.0,0.0,0.0,0.0,1,0.0
,academy_3_vs_1_with_keeper,123,collect_rollout,4332,0,24,0.0,False,False,0.0,0.0,0,0,0,0.0,0.0,0.0,0.0,0.0,1,0.0
,academy_3_vs_1_with_keeper,123,collect_rollout,4333,0,19,-0.003333333181217313,False,False,0.0,0.0,0,0,0,0.0,0.0,0.0,0.0,-0.003333333181217313,1,-0.003333333181217313
,academy_3_vs_1_with_keeper,123,collect_rollout,4334,0,15,0.0,False,False,0.0,0.0,0,0,0,0.0,0.0,0.0,0.0,0.0,1,0.0
,academy_3_vs_1_with_keeper,123,collect_rollout,4335,0,22,0.0,False,False,0.0,0.0,0,0,0,0.0,0.0,0.0,0.0,0.0,1,0.0
,academy_3_vs_1_with_keeper,123,collect_rollout,4336,0,14,0.0,False,False,0.0,0.0,0,0,0,0.0,0.0,0.0,0.0,0.0,1,0.0
,academy_3_vs_1_with_keeper,123,collect_rollout,4337,0,17,0.0,False,False,0.0,0.0,0,0,0,0.0,0.0,0.0,0.0,0.0,1,0.0
,academy_3_vs_1_with_keeper,123,collect_rollout,4338,0,17,0.0,False,False,0.0,0.0,0,0,0,0.0,0.0,0.0,0.0,0.0,1,0.0
,academy_3_vs_1_with_keeper,123,collect_rollout,4339,0,17,0.0,False,False,0.0,0.0,0,0,0,0.0,0.0,0.0,0.0,0.0,1,0.0
,academy_3_vs_1_with_keeper,123,collect_rollout,4340,0,19,0.0,False,False,0.0,0.0,0,0,0,0.0,0.0,0.0,0.0,0.0,1,0.0
,academy_3_vs_1_with_keeper,123,collect_rollout,4341,0,18,0.0,False,False,0.0,0.0,0,0,0,0.0,0.0,0.0,0.0,0.0,1,0.0
,academy_3_vs_1_with_keeper,123,collect_rollout,4342,0,18,0.0,False,False,0.0,0.0,0,0,0,0.0,0.0,0.0,0.0,0.0,1,0.0
,academy_3_vs_1_with_keeper,123,collect_rollout,4343,0,24,0.0,False,False,0.0,0.0,0,0,0,0.0,0.0,0.0,0.0,0.0,1,0.0
,academy_3_vs_1_with_keeper,123,collect_rollout,4344,0,22,0.0,False,False,0.0,0.0,0,0,0,0.0,0.0,0.0,0.0,0.0,1,0.0
,academy_3_vs_1_with_keeper,123,collect_rollout,4345,0,19,0.0,False,False,0.0,0.0,0,0,0,0.0,0.0,0.0,0.0,0.0,1,0.0
,academy_3_vs_1_with_keeper,123,collect_rollout,4346,0,22,0.0,False,False,0.0,0.0,0,0,0,0.0,0.0,0.0,0.0,0.0,1,0.0
,academy_3_vs_1_with_keeper,123,collect_rollout,4347,0,24,0.0,False,False,0.0,0.0,0,0,0,0.0,0.0,0.0,0.0,0.0,1,0.0
,academy_3_vs_1_with_keeper,123,collect_rollout,4348,0,21,0.0,False,False,0.0,0.0,0,0,0,0.0,0.0,0.0,0.0,0.0,1,0.0
,academy_3_vs_1_with_keeper,123,collect_rollout,4349,0,17,0.0,False,False,0.0,0.0,0,0,0,0.0,0.0,0.0,0.0,0.0,1,0.0
,academy_3_vs_1_with_keeper,123,collect_rollout,4350,0,14,0.0,False,False,0.0,0.0,0,0,0,0.0,0.0,0.0,0.0,0.0,1,0.0
,academy_3_vs_1_with_keeper,123,collect_rollout,4351,0,20,0.0,False,False,0.0,0.0,0,0,0,0.0,0.0,0.0,0.0,0.0,1,0.0
,academy_3_vs_1_with_keeper,123,collect_rollout,4352,0,19,0.0,False,False,0.0,0.0,0,0,0,0.0,0.0,0.0,0.0,0.0,1,0.0
,academy_3_vs_1_with_keeper,123,collect_rollout,4353,0,16,0.0,False,False,0.0,0.0,0,0,0,0.0,0.0,0.0,0.0,0.0,1,0.0
,academy_3_vs_1_with_keeper,123,collect_rollout,4354,0,21,0.0,False,False,0.0,0.0,0,0,0,0.0,0.0,0.0,0.0,0.0,1,0.0
,academy_3_vs_1_with_keeper,123,collect_rollout,4355,0,15,0.0,False,False,0.0,0.0,0,0,0,0.0,0.0,0.0,0.0,0.0,1,0.0
,academy_3_vs_1_with_keeper,123,collect_rollout,4356,0,17,0.0,False,False,0.0,0.0,0,0,0,0.0,0.0,0.0,0.0,0.0,1,0.0
,academy_3_vs_1_with_keeper,123,collect_rollout,4357,0,16,0.0,False,False,0.0,0.0,0,0,0,0.0,0.0,0.0,0.0,0.0,1,0.0
,academy_3_vs_1_with_keeper,123,collect_rollout,4358,0,19,0.0,False,False,0.0,0.0,0,0,0,0.0,0.0,0.0,0.0,0.0,1,0.0
,academy_3_vs_1_with_keeper,123,collect_rollout,4359,0,19,0.0,False,False,0.0,0.0,0,0,0,0.0,0.0,0.0,0.0,0.0,1,0.0
,academy_3_vs_1_with_keeper,123,collect_rollout,4360,0,17,0.0,False,False,0.0,0.0,0,0,0,0.0,0.0,0.0,0.0,0.0,1,0.0
,academy_3_vs_1_with_keeper,123,collect_rollout,4361,0,16,0.0,False,False,0.0,0.0,0,0,0,0.0,0.0,0.0,0.0,0.0,1,0.0
,academy_3_vs_1_with_keeper,123,collect_rollout,4362,0,19,0.0,False,False,0.0,0.0,0,0,0,0.0,0.0,0.0,0.0,0.0,1,0.0
,academy_3_vs_1_with_keeper,123,collect_rollout,4363,0,20,0.0,False,False,0.0,0.0,0,0,0,0.0,0.0,0.0,0.0,0.0,1,0.0
,academy_3_vs_1_with_keeper,123,collect_rollout,4364,0,16,0.0,False,False,0.0,0.0,0,0,0,0.0,0.0,0.0,0.0,0.0,1,0.0
,academy_3_vs_1_with_keeper,123,collect_rollout,4365,0,18,0.0,False,False,0.0,0.0,0,0,0,0.0,0.0,0.0,0.0,0.0,1,0.0
,academy_3_vs_1_with_keeper,123,collect_rollout,4366,0,20,0.0,False,False,0.0,0.0,0,0,0,0.0,0.0,0.0,0.0,0.0,1,0.0
,academy_3_vs_1_with_keeper,123,collect_rollout,4367,0,18,0.0,False,False,0.0,0.0,0,0,0,0.0,0.0,0.0,0.0,0.0,1,0.0
,academy_3_vs_1_with_keeper,123,collect_rollout,4368,0,16,0.0,False,False,0.0,0.0,0,0,0,0.0,0.0,0.0,0.0,0.0,1,0.0
,academy_3_vs_1_with_keeper,123,collect_rollout,4369,0,19,0.0,False,False,0.0,0.0,0,0,0,0.0,0.0,0.0,0.0,0.0,1,0.0
,academy_3_vs_1_with_keeper,123,collect_rollout,4370,0,77,-0.3741499721072614,False,False,0.0,0.0,0,0,0,0.0,0.0,0.0,0.0,-0.3741499721072614,1,-0.3741499721072614
,academy_3_vs_1_with_keeper,123,collect_rollout,4371,0,18,0.0,False,False,0.0,0.0,0,0,0,0.0,0.0,0.0,0.0,0.0,1,0.0
,academy_3_vs_1_with_keeper,123,collect_rollout,4372,0,103,-0.0976872774772346,False,False,0.0,0.0,0,0,0,0.0,0.0,0.0,0.0,-0.0976872774772346,1,-0.0976872774772346
,academy_3_vs_1_with_keeper,123,collect_rollout,4373,0,19,0.0,False,False,0.0,0.0,0,0,0,0.0,0.0,0.0,0.0,0.0,1,0.0
,academy_3_vs_1_with_keeper,123,collect_rollout,4374,0,19,0.0,False,False,0.0,0.0,0,0,0,0.0,0.0,0.0,0.0,0.0,1,0.0
,academy_3_vs_1_with_keeper,123,collect_rollout,4375,0,17,0.0,False,False,0.0,0.0,0,0,0,0.0,0.0,0.0,0.0,0.0,1,0.0
,academy_3_vs_1_with_keeper,123,collect_rollout,4376,0,19,0.0,False,False,0.0,0.0,0,0,0,0.0,0.0,0.0,0.0,0.0,1,0.0
,academy_3_vs_1_with_keeper,123,collect_rollout,4377,0,18,0.0,False,False,0.0,0.0,0,0,0,0.0,0.0,0.0,0.0,0.0,1,0.0
,academy_3_vs_1_with_keeper,123,collect_rollout,4378,0,21,0.0,False,False,0.0,0.0,0,0,0,0.0,0.0,0.0,0.0,0.0,1,0.0
,academy_3_vs_1_with_keeper,123,collect_rollout,4379,0,16,0.0,False,False,0.0,0.0,0,0,0,0.0,0.0,0.0,0.0,0.0,1,0.0
,academy_3_vs_1_with_keeper,123,collect_rollout,4380,0,15,0.0,False,False,0.0,0.0,0,0,0,0.0,0.0,0.0,0.0,0.0,1,0.0
,academy_3_vs_1_with_keeper,123,collect_rollout,4381,0,17,0.0,False,False,0.0,0.0,0,0,0,0.0,0.0,0.0,0.0,0.0,1,0.0
,academy_3_vs_1_with_keeper,123,collect_rollout,4382,0,21,0.0,False,False,0.0,0.0,0,0,0,0.0,0.0,0.0,0.0,0.0,1,0.0
,academy_3_vs_1_with_keeper,123,collect_rollout,4383,0,16,0.0,False,False,0.0,0.0,0,0,0,0.0,0.0,0.0,0.0,0.0,1,0.0
,academy_3_vs_1_with_keeper,123,collect_rollout,4384,0,23,0.0,False,False,0.0,0.0,0,0,0,0.0,0.0,0.0,0.0,0.0,1,0.0
,academy_3_vs_1_with_keeper,123,collect_rollout,4385,0,20,0.0,False,False,0.0,0.0,0,0,0,0.0,0.0,0.0,0.0,0.0,1,0.0
,academy_3_vs_1_with_keeper,123,collect_rollout,4386,0,16,0.0,False,False,0.0,0.0,0,0,0,0.0,0.0,0.0,0.0,0.0,1,0.0
,academy_3_vs_1_with_keeper,123,collect_rollout,4387,0,19,-0.003333333181217313,False,False,0.0,0.0,0,0,0,0.0,0.0,0.0,0.0,-0.003333333181217313,1,-0.003333333181217313
,academy_3_vs_1_with_keeper,123,collect_rollout,4388,0,16,0.0,False,False,0.0,0.0,0,0,0,0.0,0.0,0.0,0.0,0.0,1,0.0
,academy_3_vs_1_with_keeper,123,collect_rollout,4389,0,19,0.0,False,False,0.0,0.0,0,0,0,0.0,0.0,0.0,0.0,0.0,1,0.0
,academy_3_vs_1_with_keeper,123,collect_rollout,4390,0,23,0.0,False,False,0.0,0.0,0,0,0,0.0,0.0,0.0,0.0,0.0,1,0.0
,academy_3_vs_1_with_keeper,123,collect_rollout,4391,0,19,0.0,False,False,0.0,0.0,0,0,0,0.0,0.0,0.0,0.0,0.0,1,0.0
,academy_3_vs_1_with_keeper,123,collect_rollout,4392,0,17,0.0,False,False,0.0,0.0,0,0,0,0.0,0.0,0.0,0.0,0.0,1,0.0
,academy_3_vs_1_with_keeper,123,collect_rollout,4393,0,15,0.0,False,False,0.0,0.0,0,0,0,0.0,0.0,0.0,0.0,0.0,1,0.0
,academy_3_vs_1_with_keeper,123,collect_rollout,4394,0,22,0.0,False,False,0.0,0.0,0,0,0,0.0,0.0,0.0,0.0,0.0,1,0.0
,academy_3_vs_1_with_keeper,123,collect_rollout,4395,0,21,0.0,False,False,0.0,0.0,0,0,0,0.0,0.0,0.0,0.0,0.0,1,0.0
,academy_3_vs_1_with_keeper,123,collect_rollout,4396,0,21,0.0,False,False,0.0,0.0,0,0,0,0.0,0.0,0.0,0.0,0.0,1,0.0
,academy_3_vs_1_with_keeper,123,collect_rollout,4397,0,14,0.0,False,False,0.0,0.0,0,0,0,0.0,0.0,0.0,0.0,0.0,1,0.0
,academy_3_vs_1_with_keeper,123,collect_rollout,4398,0,23,0.0,False,False,0.0,0.0,0,0,0,0.0,0.0,0.0,0.0,0.0,1,0.0
,academy_3_vs_1_with_keeper,123,collect_rollout,4399,0,160,-1.04866030276753,False,False,0.0,0.0,0,0,0,0.0,0.0,0.0,0.0,-1.04866030276753,1,-1.04866030276753
,academy_3_vs_1_with_keeper,123,collect_rollout,4400,0,55,-0.03679763386026025,False,False,0.0,0.0,0,0,0,0.0,0.0,0.0,0.0,-0.03679763386026025,1,-0.03679763386026025
,academy_3_vs_1_with_keeper,123,collect_rollout,4401,0,19,0.0,False,False,0.0,0.0,0,0,0,0.0,0.0,0.0,0.0,0.0,1,0.0
,academy_3_vs_1_with_keeper,123,collect_rollout,4402,0,20,0.0,False,False,0.0,0.0,0,0,0,0.0,0.0,0.0,0.0,0.0,1,0.0
,academy_3_vs_1_with_keeper,123,collect_rollout,4403,0,19,0.0,False,False,0.0,0.0,0,0,0,0.0,0.0,0.0,0.0,0.0,1,0.0
,academy_3_vs_1_with_keeper,123,collect_rollout,4404,0,18,0.0,False,False,0.0,0.0,0,0,0,0.0,0.0,0.0,0.0,0.0,1,0.0
,academy_3_vs_1_with_keeper,123,collect_rollout,4405,0,16,0.0,False,False,0.0,0.0,0,0,0,0.0,0.0,0.0,0.0,0.0,1,0.0
,academy_3_vs_1_with_keeper,123,collect_rollout,4406,0,22,0.0,False,False,0.0,0.0,0,0,0,0.0,0.0,0.0,0.0,0.0,1,0.0
,academy_3_vs_1_with_keeper,123,collect_rollout,4407,0,18,0.0,False,False,0.0,0.0,0,0,0,0.0,0.0,0.0,0.0,0.0,1,0.0
,academy_3_vs_1_with_keeper,123,collect_rollout,4408,0,22,0.0,False,False,0.0,0.0,0,0,0,0.0,0.0,0.0,0.0,0.0,1,0.0
,academy_3_vs_1_with_keeper,123,collect_rollout,4409,0,24,0.0,False,False,0.0,0.0,0,0,0,0.0,0.0,0.0,0.0,0.0,1,0.0
,academy_3_vs_1_with_keeper,123,collect_rollout,4410,0,24,0.0,False,False,0.0,0.0,0,0,0,0.0,0.0,0.0,0.0,0.0,1,0.0
,academy_3_vs_1_with_keeper,123,collect_rollout,4411,0,18,0.0,False,False,0.0,0.0,0,0,0,0.0,0.0,0.0,0.0,0.0,1,0.0
,academy_3_vs_1_with_keeper,123,collect_rollout,4412,0,21,0.0,False,False,0.0,0.0,0,0,0,0.0,0.0,0.0,0.0,0.0,1,0.0
,academy_3_vs_1_with_keeper,123,collect_rollout,4413,0,19,0.0,False,False,0.0,0.0,0,0,0,0.0,0.0,0.0,0.0,0.0,1,0.0
,academy_3_vs_1_with_keeper,123,collect_rollout,4414,0,16,0.0,False,False,0.0,0.0,0,0,0,0.0,0.0,0.0,0.0,0.0,1,0.0
,academy_3_vs_1_with_keeper,123,collect_rollout,4415,0,22,0.0,False,False,0.0,0.0,0,0,0,0.0,0.0,0.0,0.0,0.0,1,0.0
,academy_3_vs_1_with_keeper,123,collect_rollout,4416,0,22,0.0,False,False,0.0,0.0,0,0,0,0.0,0.0,0.0,0.0,0.0,1,0.0
,academy_3_vs_1_with_keeper,123,collect_rollout,4417,0,20,0.0,False,False,0.0,0.0,0,0,0,0.0,0.0,0.0,0.0,0.0,1,0.0
,academy_3_vs_1_with_keeper,123,collect_rollout,4418,0,21,0.0,False,False,0.0,0.0,0,0,0,0.0,0.0,0.0,0.0,0.0,1,0.0
,academy_3_vs_1_with_keeper,123,collect_rollout,4419,0,16,0.0,False,False,0.0,0.0,0,0,0,0.0,0.0,0.0,0.0,0.0,1,0.0
,academy_3_vs_1_with_keeper,123,collect_rollout,4420,0,22,0.0,False,False,0.0,0.0,0,0,0,0.0,0.0,0.0,0.0,0.0,1,0.0
,academy_3_vs_1_with_keeper,123,collect_rollout,4421,0,17,0.0,False,False,0.0,0.0,0,0,0,0.0,0.0,0.0,0.0,0.0,1,0.0
,academy_3_vs_1_with_keeper,123,collect_rollout,4422,0,20,0.0,False,False,0.0,0.0,0,0,0,0.0,0.0,0.0,0.0,0.0,1,0.0
,academy_3_vs_1_with_keeper,123,collect_rollout,4423,0,16,0.0,False,False,0.0,0.0,0,0,0,0.0,0.0,0.0,0.0,0.0,1,0.0
,academy_3_vs_1_with_keeper,123,collect_rollout,4424,0,21,0.0,False,False,0.0,0.0,0,0,0,0.0,0.0,0.0,0.0,0.0,1,0.0
,academy_3_vs_1_with_keeper,123,collect_rollout,4425,0,20,-0.003333333181217313,False,False,0.0,0.0,0,0,0,0.0,0.0,0.0,0.0,-0.003333333181217313,1,-0.003333333181217313
,academy_3_vs_1_with_keeper,123,collect_rollout,4426,0,19,-0.003333333181217313,False,False,0.0,0.0,0,0,0,0.0,0.0,0.0,0.0,-0.003333333181217313,1,-0.003333333181217313
,academy_3_vs_1_with_keeper,123,collect_rollout,4427,0,16,0.0,False,False,0.0,0.0,0,0,0,0.0,0.0,0.0,0.0,0.0,1,0.0
,academy_3_vs_1_with_keeper,123,collect_rollout,4428,0,19,0.0,False,False,0.0,0.0,0,0,0,0.0,0.0,0.0,0.0,0.0,1,0.0
,academy_3_vs_1_with_keeper,123,collect_rollout,4429,0,19,0.0,False,False,0.0,0.0,0,0,0,0.0,0.0,0.0,0.0,0.0,1,0.0
,academy_3_vs_1_with_keeper,123,collect_rollout,4430,0,17,0.0,False,False,0.0,0.0,0,0,0,0.0,0.0,0.0,0.0,0.0,1,0.0
,academy_3_vs_1_with_keeper,123,collect_rollout,4431,0,17,0.0,False,False,0.0,0.0,0,0,0,0.0,0.0,0.0,0.0,0.0,1,0.0
,academy_3_vs_1_with_keeper,123,collect_rollout,4432,0,17,0.0,False,False,0.0,0.0,0,0,0,0.0,0.0,0.0,0.0,0.0,1,0.0
,academy_3_vs_1_with_keeper,123,collect_rollout,4433,0,17,0.0,False,False,0.0,0.0,0,0,0,0.0,0.0,0.0,0.0,0.0,1,0.0
,academy_3_vs_1_with_keeper,123,collect_rollout,4434,0,19,0.0,False,False,0.0,0.0,0,0,0,0.0,0.0,0.0,0.0,0.0,1,0.0
,academy_3_vs_1_with_keeper,123,collect_rollout,4435,0,19,0.0,False,False,0.0,0.0,0,0,0,0.0,0.0,0.0,0.0,0.0,1,0.0
,academy_3_vs_1_with_keeper,123,collect_rollout,4436,0,20,0.0,False,False,0.0,0.0,0,0,0,0.0,0.0,0.0,0.0,0.0,1,0.0
,academy_3_vs_1_with_keeper,123,collect_rollout,4437,0,18,0.0,False,False,0.0,0.0,0,0,0,0.0,0.0,0.0,0.0,0.0,1,0.0
,academy_3_vs_1_with_keeper,123,collect_rollout,4438,0,21,0.0,False,False,0.0,0.0,0,0,0,0.0,0.0,0.0,0.0,0.0,1,0.0
,academy_3_vs_1_with_keeper,123,collect_rollout,4439,0,20,0.0,False,False,0.0,0.0,0,0,0,0.0,0.0,0.0,0.0,0.0,1,0.0
,academy_3_vs_1_with_keeper,123,collect_rollout,4440,0,19,0.0,False,False,0.0,0.0,0,0,0,0.0,0.0,0.0,0.0,0.0,1,0.0
,academy_3_vs_1_with_keeper,123,collect_rollout,4441,0,15,0.0,False,False,0.0,0.0,0,0,0,0.0,0.0,0.0,0.0,0.0,1,0.0
,academy_3_vs_1_with_keeper,123,collect_rollout,4442,0,16,0.0,False,False,0.0,0.0,0,0,0,0.0,0.0,0.0,0.0,0.0,1,0.0
,academy_3_vs_1_with_keeper,123,collect_rollout,4443,0,20,0.0,False,False,0.0,0.0,0,0,0,0.0,0.0,0.0,0.0,0.0,1,0.0
,academy_3_vs_1_with_keeper,123,collect_rollout,4444,0,18,0.0,False,False,0.0,0.0,0,0,0,0.0,0.0,0.0,0.0,0.0,1,0.0
,academy_3_vs_1_with_keeper,123,collect_rollout,4445,0,20,0.0,False,False,0.0,0.0,0,0,0,0.0,0.0,0.0,0.0,0.0,1,0.0
,academy_3_vs_1_with_keeper,123,collect_rollout,4446,0,22,0.0,False,False,0.0,0.0,0,0,0,0.0,0.0,0.0,0.0,0.0,1,0.0
,academy_3_vs_1_with_keeper,123,collect_rollout,4447,0,17,0.0,False,False,0.0,0.0,0,0,0,0.0,0.0,0.0,0.0,0.0,1,0.0
,academy_3_vs_1_with_keeper,123,collect_rollout,4448,0,16,0.0,False,False,0.0,0.0,0,0,0,0.0,0.0,0.0,0.0,0.0,1,0.0
,academy_3_vs_1_with_keeper,123,collect_rollout,4449,0,14,0.0,False,False,0.0,0.0,0,0,0,0.0,0.0,0.0,0.0,0.0,1,0.0
,academy_3_vs_1_with_keeper,123,collect_rollout,4450,0,29,2.0121891198214144,False,False,0.0,0.0,0,0,0,0.0,0.0,0.0,0.0,2.0121891198214144,1,2.0121891198214144
,academy_3_vs_1_with_keeper,123,collect_rollout,4451,0,19,0.0,False,False,0.0,0.0,0,0,0,0.0,0.0,0.0,0.0,0.0,1,0.0
,academy_3_vs_1_with_keeper,123,collect_rollout,4452,0,18,0.0,False,False,0.0,0.0,0,0,0,0.0,0.0,0.0,0.0,0.0,1,0.0
,academy_3_vs_1_with_keeper,123,collect_rollout,4453,0,24,-0.003333333181217313,False,False,0.0,0.0,0,0,0,0.0,0.0,0.0,0.0,-0.003333333181217313,1,-0.003333333181217313
,academy_3_vs_1_with_keeper,123,collect_rollout,4454,0,19,0.0,False,False,0.0,0.0,0,0,0,0.0,0.0,0.0,0.0,0.0,1,0.0
,academy_3_vs_1_with_keeper,123,collect_rollout,4455,0,14,0.0,False,False,0.0,0.0,0,0,0,0.0,0.0,0.0,0.0,0.0,1,0.0
,academy_3_vs_1_with_keeper,123,collect_rollout,4456,0,21,0.0,False,False,0.0,0.0,0,0,0,0.0,0.0,0.0,0.0,0.0,1,0.0
,academy_3_vs_1_with_keeper,123,collect_rollout,4457,0,21,0.0,False,False,0.0,0.0,0,0,0,0.0,0.0,0.0,0.0,0.0,1,0.0
,academy_3_vs_1_with_keeper,123,collect_rollout,4458,0,19,0.0,False,False,0.0,0.0,0,0,0,0.0,0.0,0.0,0.0,0.0,1,0.0
,academy_3_vs_1_with_keeper,123,collect_rollout,4459,0,22,0.0,False,False,0.0,0.0,0,0,0,0.0,0.0,0.0,0.0,0.0,1,0.0
,academy_3_vs_1_with_keeper,123,collect_rollout,4460,0,19,0.0,False,False,0.0,0.0,0,0,0,0.0,0.0,0.0,0.0,0.0,1,0.0
,academy_3_vs_1_with_keeper,123,collect_rollout,4461,0,21,0.0,False,False,0.0,0.0,0,0,0,0.0,0.0,0.0,0.0,0.0,1,0.0
,academy_3_vs_1_with_keeper,123,collect_rollout,4462,0,15,0.0,False,False,0.0,0.0,0,0,0,0.0,0.0,0.0,0.0,0.0,1,0.0
,academy_3_vs_1_with_keeper,123,collect_rollout,4463,0,18,0.0,False,False,0.0,0.0,0,0,0,0.0,0.0,0.0,0.0,0.0,1,0.0
,academy_3_vs_1_with_keeper,123,collect_rollout,4464,0,17,0.0,False,False,0.0,0.0,0,0,0,0.0,0.0,0.0,0.0,0.0,1,0.0
,academy_3_vs_1_with_keeper,123,collect_rollout,4465,0,18,0.0,False,False,0.0,0.0,0,0,0,0.0,0.0,0.0,0.0,0.0,1,0.0
,academy_3_vs_1_with_keeper,123,collect_rollout,4466,0,21,-0.003333333181217313,False,False,0.0,0.0,0,0,0,0.0,0.0,0.0,0.0,-0.003333333181217313,1,-0.003333333181217313
,academy_3_vs_1_with_keeper,123,collect_rollout,4467,0,20,0.0,False,False,0.0,0.0,0,0,0,0.0,0.0,0.0,0.0,0.0,1,0.0
,academy_3_vs_1_with_keeper,123,collect_rollout,4468,0,16,0.0,False,False,0.0,0.0,0,0,0,0.0,0.0,0.0,0.0,0.0,1,0.0
,academy_3_vs_1_with_keeper,123,collect_rollout,4469,0,18,0.0,False,False,0.0,0.0,0,0,0,0.0,0.0,0.0,0.0,0.0,1,0.0
,academy_3_vs_1_with_keeper,123,collect_rollout,4470,0,15,0.0,False,False,0.0,0.0,0,0,0,0.0,0.0,0.0,0.0,0.0,1,0.0
,academy_3_vs_1_with_keeper,123,collect_rollout,4471,0,17,0.0,False,False,0.0,0.0,0,0,0,0.0,0.0,0.0,0.0,0.0,1,0.0
,academy_3_vs_1_with_keeper,123,collect_rollout,4472,0,18,0.0,False,False,0.0,0.0,0,0,0,0.0,0.0,0.0,0.0,0.0,1,0.0
,academy_3_vs_1_with_keeper,123,collect_rollout,4473,0,14,0.0,False,False,0.0,0.0,0,0,0,0.0,0.0,0.0,0.0,0.0,1,0.0
,academy_3_vs_1_with_keeper,123,collect_rollout,4474,0,18,0.0,False,False,0.0,0.0,0,0,0,0.0,0.0,0.0,0.0,0.0,1,0.0
,academy_3_vs_1_with_keeper,123,collect_rollout,4475,0,20,0.0,False,False,0.0,0.0,0,0,0,0.0,0.0,0.0,0.0,0.0,1,0.0
,academy_3_vs_1_with_keeper,123,collect_rollout,4476,0,18,0.0,False,False,0.0,0.0,0,0,0,0.0,0.0,0.0,0.0,0.0,1,0.0
,academy_3_vs_1_with_keeper,123,collect_rollout,4477,0,21,0.0,False,False,0.0,0.0,0,0,0,0.0,0.0,0.0,0.0,0.0,1,0.0
,academy_3_vs_1_with_keeper,123,collect_rollout,4478,0,17,0.0,False,False,0.0,0.0,0,0,0,0.0,0.0,0.0,0.0,0.0,1,0.0
,academy_3_vs_1_with_keeper,123,collect_rollout,4479,0,17,0.0,False,False,0.0,0.0,0,0,0,0.0,0.0,0.0,0.0,0.0,1,0.0
,academy_3_vs_1_with_keeper,123,collect_rollout,4480,0,15,0.0,False,False,0.0,0.0,0,0,0,0.0,0.0,0.0,0.0,0.0,1,0.0
,academy_3_vs_1_with_keeper,123,collect_rollout,4481,0,17,0.0,False,False,0.0,0.0,0,0,0,0.0,0.0,0.0,0.0,0.0,1,0.0
,academy_3_vs_1_with_keeper,123,collect_rollout,4482,0,18,0.0,False,False,0.0,0.0,0,0,0,0.0,0.0,0.0,0.0,0.0,1,0.0
,academy_3_vs_1_with_keeper,123,collect_rollout,4483,0,14,0.0,False,False,0.0,0.0,0,0,0,0.0,0.0,0.0,0.0,0.0,1,0.0
,academy_3_vs_1_with_keeper,123,collect_rollout,4484,0,17,0.0,False,False,0.0,0.0,0,0,0,0.0,0.0,0.0,0.0,0.0,1,0.0
,academy_3_vs_1_with_keeper,123,collect_rollout,4485,0,18,0.0,False,False,0.0,0.0,0,0,0,0.0,0.0,0.0,0.0,0.0,1,0.0
,academy_3_vs_1_with_keeper,123,collect_rollout,4486,0,18,0.0,False,False,0.0,0.0,0,0,0,0.0,0.0,0.0,0.0,0.0,1,0.0
,academy_3_vs_1_with_keeper,123,collect_rollout,4487,0,22,-0.003333333181217313,False,False,0.0,0.0,0,0,0,0.0,0.0,0.0,0.0,-0.003333333181217313,1,-0.003333333181217313
,academy_3_vs_1_with_keeper,123,collect_rollout,4488,0,17,0.0,False,False,0.0,0.0,0,0,0,0.0,0.0,0.0,0.0,0.0,1,0.0
,academy_3_vs_1_with_keeper,123,collect_rollout,4489,0,18,0.0,False,False,0.0,0.0,0,0,0,0.0,0.0,0.0,0.0,0.0,1,0.0
,academy_3_vs_1_with_keeper,123,collect_rollout,4490,0,18,0.0,False,False,0.0,0.0,0,0,0,0.0,0.0,0.0,0.0,0.0,1,0.0
,academy_3_vs_1_with_keeper,123,collect_rollout,4491,0,18,0.0,False,False,0.0,0.0,0,0,0,0.0,0.0,0.0,0.0,0.0,1,0.0
,academy_3_vs_1_with_keeper,123,collect_rollout,4492,0,17,0.0,False,False,0.0,0.0,0,0,0,0.0,0.0,0.0,0.0,0.0,1,0.0
,academy_3_vs_1_with_keeper,123,collect_rollout,4493,0,18,0.0,False,False,0.0,0.0,0,0,0,0.0,0.0,0.0,0.0,0.0,1,0.0
,academy_3_vs_1_with_keeper,123,collect_rollout,4494,0,20,0.0,False,False,0.0,0.0,0,0,0,0.0,0.0,0.0,0.0,0.0,1,0.0
,academy_3_vs_1_with_keeper,123,collect_rollout,4495,0,19,0.0,False,False,0.0,0.0,0,0,0,0.0,0.0,0.0,0.0,0.0,1,0.0
,academy_3_vs_1_with_keeper,123,collect_rollout,4496,0,20,0.0,False,False,0.0,0.0,0,0,0,0.0,0.0,0.0,0.0,0.0,1,0.0
,academy_3_vs_1_with_keeper,123,collect_rollout,4497,0,19,-0.003333333181217313,False,False,0.0,0.0,0,0,0,0.0,0.0,0.0,0.0,-0.003333333181217313,1,-0.003333333181217313
,academy_3_vs_1_with_keeper,123,collect_rollout,4498,0,18,0.0,False,False,0.0,0.0,0,0,0,0.0,0.0,0.0,0.0,0.0,1,0.0
,academy_3_vs_1_with_keeper,123,collect_rollout,4499,0,20,0.0,False,False,0.0,0.0,0,0,0,0.0,0.0,0.0,0.0,0.0,1,0.0
,academy_3_vs_1_with_keeper,123,collect_rollout,4500,0,16,0.0,False,False,0.0,0.0,0,0,0,0.0,0.0,0.0,0.0,0.0,1,0.0
,academy_3_vs_1_with_keeper,123,collect_rollout,4501,0,15,0.0,False,False,0.0,0.0,0,0,0,0.0,0.0,0.0,0.0,0.0,1,0.0
,academy_3_vs_1_with_keeper,123,collect_rollout,4502,0,20,0.0,False,False,0.0,0.0,0,0,0,0.0,0.0,0.0,0.0,0.0,1,0.0
,academy_3_vs_1_with_keeper,123,collect_rollout,4503,0,22,0.0,False,False,0.0,0.0,0,0,0,0.0,0.0,0.0,0.0,0.0,1,0.0
,academy_3_vs_1_with_keeper,123,collect_rollout,4504,0,20,0.0,False,False,0.0,0.0,0,0,0,0.0,0.0,0.0,0.0,0.0,1,0.0
,academy_3_vs_1_with_keeper,123,collect_rollout,4505,0,23,0.0,False,False,0.0,0.0,0,0,0,0.0,0.0,0.0,0.0,0.0,1,0.0
,academy_3_vs_1_with_keeper,123,collect_rollout,4506,0,17,0.0,False,False,0.0,0.0,0,0,0,0.0,0.0,0.0,0.0,0.0,1,0.0
,academy_3_vs_1_with_keeper,123,collect_rollout,4507,0,15,0.0,False,False,0.0,0.0,0,0,0,0.0,0.0,0.0,0.0,0.0,1,0.0
,academy_3_vs_1_with_keeper,123,collect_rollout,4508,0,18,0.0,False,False,0.0,0.0,0,0,0,0.0,0.0,0.0,0.0,0.0,1,0.0
,academy_3_vs_1_with_keeper,123,collect_rollout,4509,0,22,0.0,False,False,0.0,0.0,0,0,0,0.0,0.0,0.0,0.0,0.0,1,0.0
,academy_3_vs_1_with_keeper,123,collect_rollout,4510,0,19,0.0,False,False,0.0,0.0,0,0,0,0.0,0.0,0.0,0.0,0.0,1,0.0
,academy_3_vs_1_with_keeper,123,collect_rollout,4511,0,18,0.0,False,False,0.0,0.0,0,0,0,0.0,0.0,0.0,0.0,0.0,1,0.0
,academy_3_vs_1_with_keeper,123,collect_rollout,4512,0,18,0.0,False,False,0.0,0.0,0,0,0,0.0,0.0,0.0,0.0,0.0,1,0.0
,academy_3_vs_1_with_keeper,123,collect_rollout,4513,0,21,0.0,False,False,0.0,0.0,0,0,0,0.0,0.0,0.0,0.0,0.0,1,0.0
,academy_3_vs_1_with_keeper,123,collect_rollout,4514,0,21,0.0,False,False,0.0,0.0,0,0,0,0.0,0.0,0.0,0.0,0.0,1,0.0
,academy_3_vs_1_with_keeper,123,collect_rollout,4515,0,19,0.0,False,False,0.0,0.0,0,0,0,0.0,0.0,0.0,0.0,0.0,1,0.0
,academy_3_vs_1_with_keeper,123,collect_rollout,4516,0,14,0.0,False,False,0.0,0.0,0,0,0,0.0,0.0,0.0,0.0,0.0,1,0.0
,academy_3_vs_1_with_keeper,123,collect_rollout,4517,0,15,0.0,False,False,0.0,0.0,0,0,0,0.0,0.0,0.0,0.0,0.0,1,0.0
,academy_3_vs_1_with_keeper,123,collect_rollout,4518,0,18,0.0,False,False,0.0,0.0,0,0,0,0.0,0.0,0.0,0.0,0.0,1,0.0
,academy_3_vs_1_with_keeper,123,collect_rollout,4519,0,19,0.0,False,False,0.0,0.0,0,0,0,0.0,0.0,0.0,0.0,0.0,1,0.0
,academy_3_vs_1_with_keeper,123,collect_rollout,4520,0,19,-0.003333333181217313,False,False,0.0,0.0,0,0,0,0.0,0.0,0.0,0.0,-0.003333333181217313,1,-0.003333333181217313
,academy_3_vs_1_with_keeper,123,collect_rollout,4521,0,21,0.0,False,False,0.0,0.0,0,0,0,0.0,0.0,0.0,0.0,0.0,1,0.0
,academy_3_vs_1_with_keeper,123,collect_rollout,4522,0,22,0.0,False,False,0.0,0.0,0,0,0,0.0,0.0,0.0,0.0,0.0,1,0.0
,academy_3_vs_1_with_keeper,123,collect_rollout,4523,0,20,0.0,False,False,0.0,0.0,0,0,0,0.0,0.0,0.0,0.0,0.0,1,0.0
,academy_3_vs_1_with_keeper,123,collect_rollout,4524,0,20,0.0,False,False,0.0,0.0,0,0,0,0.0,0.0,0.0,0.0,0.0,1,0.0
,academy_3_vs_1_with_keeper,123,collect_rollout,4525,0,22,0.0,False,False,0.0,0.0,0,0,0,0.0,0.0,0.0,0.0,0.0,1,0.0
,academy_3_vs_1_with_keeper,123,collect_rollout,4526,0,22,0.0,False,False,0.0,0.0,0,0,0,0.0,0.0,0.0,0.0,0.0,1,0.0
,academy_3_vs_1_with_keeper,123,collect_rollout,4527,0,16,-0.003333333181217313,False,False,0.0,0.0,0,0,0,0.0,0.0,0.0,0.0,-0.003333333181217313,1,-0.003333333181217313
,academy_3_vs_1_with_keeper,123,collect_rollout,4528,0,18,0.0,False,False,0.0,0.0,0,0,0,0.0,0.0,0.0,0.0,0.0,1,0.0
,academy_3_vs_1_with_keeper,123,collect_rollout,4529,0,17,0.0,False,False,0.0,0.0,0,0,0,0.0,0.0,0.0,0.0,0.0,1,0.0
,academy_3_vs_1_with_keeper,123,collect_rollout,4530,0,23,0.0,False,False,0.0,0.0,0,0,0,0.0,0.0,0.0,0.0,0.0,1,0.0
,academy_3_vs_1_with_keeper,123,collect_rollout,4531,0,14,-0.003333333181217313,False,False,0.0,0.0,0,0,0,0.0,0.0,0.0,0.0,-0.003333333181217313,1,-0.003333333181217313
,academy_3_vs_1_with_keeper,123,collect_rollout,4532,0,20,0.0,False,False,0.0,0.0,0,0,0,0.0,0.0,0.0,0.0,0.0,1,0.0
,academy_3_vs_1_with_keeper,123,collect_rollout,4533,0,93,-0.3750309534370899,False,False,0.0,0.0,0,0,0,0.0,0.0,0.0,0.0,-0.3750309534370899,1,-0.3750309534370899
,academy_3_vs_1_with_keeper,123,collect_rollout,4534,0,20,0.0,False,False,0.0,0.0,0,0,0,0.0,0.0,0.0,0.0,0.0,1,0.0
,academy_3_vs_1_with_keeper,123,collect_rollout,4535,0,18,0.0,False,False,0.0,0.0,0,0,0,0.0,0.0,0.0,0.0,0.0,1,0.0
,academy_3_vs_1_with_keeper,123,collect_rollout,4536,0,20,0.0,False,False,0.0,0.0,0,0,0,0.0,0.0,0.0,0.0,0.0,1,0.0
,academy_3_vs_1_with_keeper,123,collect_rollout,4537,0,22,0.0,False,False,0.0,0.0,0,0,0,0.0,0.0,0.0,0.0,0.0,1,0.0
,academy_3_vs_1_with_keeper,123,collect_rollout,4538,0,20,0.0,False,False,0.0,0.0,0,0,0,0.0,0.0,0.0,0.0,0.0,1,0.0
,academy_3_vs_1_with_keeper,123,collect_rollout,4539,0,19,0.0,False,False,0.0,0.0,0,0,0,0.0,0.0,0.0,0.0,0.0,1,0.0
,academy_3_vs_1_with_keeper,123,collect_rollout,4540,0,16,-0.003333333181217313,False,False,0.0,0.0,0,0,0,0.0,0.0,0.0,0.0,-0.003333333181217313,1,-0.003333333181217313
,academy_3_vs_1_with_keeper,123,collect_rollout,4541,0,16,0.0,False,False,0.0,0.0,0,0,0,0.0,0.0,0.0,0.0,0.0,1,0.0
,academy_3_vs_1_with_keeper,123,collect_rollout,4542,0,23,0.0,False,False,0.0,0.0,0,0,0,0.0,0.0,0.0,0.0,0.0,1,0.0
,academy_3_vs_1_with_keeper,123,collect_rollout,4543,0,19,0.0,False,False,0.0,0.0,0,0,0,0.0,0.0,0.0,0.0,0.0,1,0.0
,academy_3_vs_1_with_keeper,123,collect_rollout,4544,0,16,0.0,False,False,0.0,0.0,0,0,0,0.0,0.0,0.0,0.0,0.0,1,0.0
,academy_3_vs_1_with_keeper,123,collect_rollout,4545,0,18,0.0,False,False,0.0,0.0,0,0,0,0.0,0.0,0.0,0.0,0.0,1,0.0
,academy_3_vs_1_with_keeper,123,collect_rollout,4546,0,23,0.0,False,False,0.0,0.0,0,0,0,0.0,0.0,0.0,0.0,0.0,1,0.0
,academy_3_vs_1_with_keeper,123,collect_rollout,4547,0,18,0.0,False,False,0.0,0.0,0,0,0,0.0,0.0,0.0,0.0,0.0,1,0.0
,academy_3_vs_1_with_keeper,123,collect_rollout,4548,0,18,0.0,False,False,0.0,0.0,0,0,0,0.0,0.0,0.0,0.0,0.0,1,0.0
,academy_3_vs_1_with_keeper,123,collect_rollout,4549,0,18,0.0,False,False,0.0,0.0,0,0,0,0.0,0.0,0.0,0.0,0.0,1,0.0
,academy_3_vs_1_with_keeper,123,collect_rollout,4550,0,18,0.0,False,False,0.0,0.0,0,0,0,0.0,0.0,0.0,0.0,0.0,1,0.0
,academy_3_vs_1_with_keeper,123,collect_rollout,4551,0,16,0.0,False,False,0.0,0.0,0,0,0,0.0,0.0,0.0,0.0,0.0,1,0.0
,academy_3_vs_1_with_keeper,123,collect_rollout,4552,0,22,0.0,False,False,0.0,0.0,0,0,0,0.0,0.0,0.0,0.0,0.0,1,0.0
,academy_3_vs_1_with_keeper,123,collect_rollout,4553,0,17,0.0,False,False,0.0,0.0,0,0,0,0.0,0.0,0.0,0.0,0.0,1,0.0
,academy_3_vs_1_with_keeper,123,collect_rollout,4554,0,16,0.0,False,False,0.0,0.0,0,0,0,0.0,0.0,0.0,0.0,0.0,1,0.0
,academy_3_vs_1_with_keeper,123,collect_rollout,4555,0,19,0.0,False,False,0.0,0.0,0,0,0,0.0,0.0,0.0,0.0,0.0,1,0.0
,academy_3_vs_1_with_keeper,123,collect_rollout,4556,0,92,-0.10846395371481776,False,False,0.0,0.0,0,0,0,0.0,0.0,0.0,0.0,-0.10846395371481776,1,-0.10846395371481776
,academy_3_vs_1_with_keeper,123,collect_rollout,4557,0,19,0.0,False,False,0.0,0.0,0,0,0,0.0,0.0,0.0,0.0,0.0,1,0.0
,academy_3_vs_1_with_keeper,123,collect_rollout,4558,0,17,0.0,False,False,0.0,0.0,0,0,0,0.0,0.0,0.0,0.0,0.0,1,0.0
,academy_3_vs_1_with_keeper,123,collect_rollout,4559,0,155,-0.3806170078460127,False,False,0.0,0.0,0,0,0,0.0,0.0,0.0,0.0,-0.3806170078460127,1,-0.3806170078460127
,academy_3_vs_1_with_keeper,123,collect_rollout,4560,0,22,0.0,False,False,0.0,0.0,0,0,0,0.0,0.0,0.0,0.0,0.0,1,0.0
,academy_3_vs_1_with_keeper,123,collect_rollout,4561,0,15,0.0,False,False,0.0,0.0,0,0,0,0.0,0.0,0.0,0.0,0.0,1,0.0
,academy_3_vs_1_with_keeper,123,collect_rollout,4562,0,19,0.0,False,False,0.0,0.0,0,0,0,0.0,0.0,0.0,0.0,0.0,1,0.0
,academy_3_vs_1_with_keeper,123,collect_rollout,4563,0,19,0.0,False,False,0.0,0.0,0,0,0,0.0,0.0,0.0,0.0,0.0,1,0.0
,academy_3_vs_1_with_keeper,123,collect_rollout,4564,0,15,0.0,False,False,0.0,0.0,0,0,0,0.0,0.0,0.0,0.0,0.0,1,0.0
,academy_3_vs_1_with_keeper,123,collect_rollout,4565,0,20,0.0,False,False,0.0,0.0,0,0,0,0.0,0.0,0.0,0.0,0.0,1,0.0
,academy_3_vs_1_with_keeper,123,collect_rollout,4566,0,19,0.0,False,False,0.0,0.0,0,0,0,0.0,0.0,0.0,0.0,0.0,1,0.0
,academy_3_vs_1_with_keeper,123,collect_rollout,4567,0,21,0.0,False,False,0.0,0.0,0,0,0,0.0,0.0,0.0,0.0,0.0,1,0.0
,academy_3_vs_1_with_keeper,123,collect_rollout,4568,0,19,0.0,False,False,0.0,0.0,0,0,0,0.0,0.0,0.0,0.0,0.0,1,0.0
,academy_3_vs_1_with_keeper,123,collect_rollout,4569,0,17,0.0,False,False,0.0,0.0,0,0,0,0.0,0.0,0.0,0.0,0.0,1,0.0
,academy_3_vs_1_with_keeper,123,collect_rollout,4570,0,23,0.0,False,False,0.0,0.0,0,0,0,0.0,0.0,0.0,0.0,0.0,1,0.0
,academy_3_vs_1_with_keeper,123,collect_rollout,4571,0,22,0.0,False,False,0.0,0.0,0,0,0,0.0,0.0,0.0,0.0,0.0,1,0.0
,academy_3_vs_1_with_keeper,123,collect_rollout,4572,0,19,0.0,False,False,0.0,0.0,0,0,0,0.0,0.0,0.0,0.0,0.0,1,0.0
,academy_3_vs_1_with_keeper,123,collect_rollout,4573,0,20,0.0,False,False,0.0,0.0,0,0,0,0.0,0.0,0.0,0.0,0.0,1,0.0
,academy_3_vs_1_with_keeper,123,collect_rollout,4574,0,15,0.0,False,False,0.0,0.0,0,0,0,0.0,0.0,0.0,0.0,0.0,1,0.0
,academy_3_vs_1_with_keeper,123,collect_rollout,4575,0,19,0.0,False,False,0.0,0.0,0,0,0,0.0,0.0,0.0,0.0,0.0,1,0.0
,academy_3_vs_1_with_keeper,123,collect_rollout,4576,0,16,0.0,False,False,0.0,0.0,0,0,0,0.0,0.0,0.0,0.0,0.0,1,0.0
,academy_3_vs_1_with_keeper,123,collect_rollout,4577,0,15,0.0,False,False,0.0,0.0,0,0,0,0.0,0.0,0.0,0.0,0.0,1,0.0
,academy_3_vs_1_with_keeper,123,collect_rollout,4578,0,21,0.0,False,False,0.0,0.0,0,0,0,0.0,0.0,0.0,0.0,0.0,1,0.0
,academy_3_vs_1_with_keeper,123,collect_rollout,4579,0,20,0.0,False,False,0.0,0.0,0,0,0,0.0,0.0,0.0,0.0,0.0,1,0.0
,academy_3_vs_1_with_keeper,123,collect_rollout,4580,0,19,0.0,False,False,0.0,0.0,0,0,0,0.0,0.0,0.0,0.0,0.0,1,0.0
,academy_3_vs_1_with_keeper,123,collect_rollout,4581,0,18,0.0,False,False,0.0,0.0,0,0,0,0.0,0.0,0.0,0.0,0.0,1,0.0
,academy_3_vs_1_with_keeper,123,collect_rollout,4582,0,17,0.0,False,False,0.0,0.0,0,0,0,0.0,0.0,0.0,0.0,0.0,1,0.0
,academy_3_vs_1_with_keeper,123,collect_rollout,4583,0,16,0.0,False,False,0.0,0.0,0,0,0,0.0,0.0,0.0,0.0,0.0,1,0.0
,academy_3_vs_1_with_keeper,123,collect_rollout,4584,0,20,0.0,False,False,0.0,0.0,0,0,0,0.0,0.0,0.0,0.0,0.0,1,0.0
,academy_3_vs_1_with_keeper,123,collect_rollout,4585,0,20,0.0,False,False,0.0,0.0,0,0,0,0.0,0.0,0.0,0.0,0.0,1,0.0
,academy_3_vs_1_with_keeper,123,collect_rollout,4586,0,22,0.0,False,False,0.0,0.0,0,0,0,0.0,0.0,0.0,0.0,0.0,1,0.0
,academy_3_vs_1_with_keeper,123,collect_rollout,4587,0,17,0.0,False,False,0.0,0.0,0,0,0,0.0,0.0,0.0,0.0,0.0,1,0.0
,academy_3_vs_1_with_keeper,123,collect_rollout,4588,0,19,0.0,False,False,0.0,0.0,0,0,0,0.0,0.0,0.0,0.0,0.0,1,0.0
,academy_3_vs_1_with_keeper,123,collect_rollout,4589,0,22,0.0,False,False,0.0,0.0,0,0,0,0.0,0.0,0.0,0.0,0.0,1,0.0
,academy_3_vs_1_with_keeper,123,collect_rollout,4590,0,19,0.0,False,False,0.0,0.0,0,0,0,0.0,0.0,0.0,0.0,0.0,1,0.0
,academy_3_vs_1_with_keeper,123,collect_rollout,4591,0,22,0.0,False,False,0.0,0.0,0,0,0,0.0,0.0,0.0,0.0,0.0,1,0.0
,academy_3_vs_1_with_keeper,123,collect_rollout,4592,0,17,0.0,False,False,0.0,0.0,0,0,0,0.0,0.0,0.0,0.0,0.0,1,0.0
,academy_3_vs_1_with_keeper,123,collect_rollout,4593,0,19,0.0,False,False,0.0,0.0,0,0,0,0.0,0.0,0.0,0.0,0.0,1,0.0
,academy_3_vs_1_with_keeper,123,collect_rollout,4594,0,16,0.0,False,False,0.0,0.0,0,0,0,0.0,0.0,0.0,0.0,0.0,1,0.0
,academy_3_vs_1_with_keeper,123,collect_rollout,4595,0,14,0.0,False,False,0.0,0.0,0,0,0,0.0,0.0,0.0,0.0,0.0,1,0.0
,academy_3_vs_1_with_keeper,123,collect_rollout,4596,0,19,0.0,False,False,0.0,0.0,0,0,0,0.0,0.0,0.0,0.0,0.0,1,0.0
,academy_3_vs_1_with_keeper,123,collect_rollout,4597,0,18,0.0,False,False,0.0,0.0,0,0,0,0.0,0.0,0.0,0.0,0.0,1,0.0
,academy_3_vs_1_with_keeper,123,collect_rollout,4598,0,21,0.0,False,False,0.0,0.0,0,0,0,0.0,0.0,0.0,0.0,0.0,1,0.0
,academy_3_vs_1_with_keeper,123,collect_rollout,4599,0,14,0.0,False,False,0.0,0.0,0,0,0,0.0,0.0,0.0,0.0,0.0,1,0.0
,academy_3_vs_1_with_keeper,123,collect_rollout,4600,0,20,0.0,False,False,0.0,0.0,0,0,0,0.0,0.0,0.0,0.0,0.0,1,0.0
,academy_3_vs_1_with_keeper,123,collect_rollout,4601,0,16,0.0,False,False,0.0,0.0,0,0,0,0.0,0.0,0.0,0.0,0.0,1,0.0
,academy_3_vs_1_with_keeper,123,collect_rollout,4602,0,18,0.0,False,False,0.0,0.0,0,0,0,0.0,0.0,0.0,0.0,0.0,1,0.0
,academy_3_vs_1_with_keeper,123,collect_rollout,4603,0,20,0.0,False,False,0.0,0.0,0,0,0,0.0,0.0,0.0,0.0,0.0,1,0.0
,academy_3_vs_1_with_keeper,123,collect_rollout,4604,0,23,0.0,False,False,0.0,0.0,0,0,0,0.0,0.0,0.0,0.0,0.0,1,0.0
,academy_3_vs_1_with_keeper,123,collect_rollout,4605,0,18,0.0,False,False,0.0,0.0,0,0,0,0.0,0.0,0.0,0.0,0.0,1,0.0
,academy_3_vs_1_with_keeper,123,collect_rollout,4606,0,17,0.0,False,False,0.0,0.0,0,0,0,0.0,0.0,0.0,0.0,0.0,1,0.0
,academy_3_vs_1_with_keeper,123,collect_rollout,4607,0,21,0.0,False,False,0.0,0.0,0,0,0,0.0,0.0,0.0,0.0,0.0,1,0.0
,academy_3_vs_1_with_keeper,123,collect_rollout,4608,0,15,0.0,False,False,0.0,0.0,0,0,0,0.0,0.0,0.0,0.0,0.0,1,0.0
,academy_3_vs_1_with_keeper,123,collect_rollout,4609,0,17,0.0,False,False,0.0,0.0,0,0,0,0.0,0.0,0.0,0.0,0.0,1,0.0
,academy_3_vs_1_with_keeper,123,collect_rollout,4610,0,17,0.0,False,False,0.0,0.0,0,0,0,0.0,0.0,0.0,0.0,0.0,1,0.0
,academy_3_vs_1_with_keeper,123,collect_rollout,4611,0,18,0.0,False,False,0.0,0.0,0,0,0,0.0,0.0,0.0,0.0,0.0,1,0.0
,academy_3_vs_1_with_keeper,123,collect_rollout,4612,0,22,0.0,False,False,0.0,0.0,0,0,0,0.0,0.0,0.0,0.0,0.0,1,0.0
,academy_3_vs_1_with_keeper,123,collect_rollout,4613,0,18,0.0,False,False,0.0,0.0,0,0,0,0.0,0.0,0.0,0.0,0.0,1,0.0
,academy_3_vs_1_with_keeper,123,collect_rollout,4614,0,16,0.0,False,False,0.0,0.0,0,0,0,0.0,0.0,0.0,0.0,0.0,1,0.0
,academy_3_vs_1_with_keeper,123,collect_rollout,4615,0,18,0.0,False,False,0.0,0.0,0,0,0,0.0,0.0,0.0,0.0,0.0,1,0.0
,academy_3_vs_1_with_keeper,123,collect_rollout,4616,0,18,0.0,False,False,0.0,0.0,0,0,0,0.0,0.0,0.0,0.0,0.0,1,0.0
,academy_3_vs_1_with_keeper,123,collect_rollout,4617,0,19,0.0,False,False,0.0,0.0,0,0,0,0.0,0.0,0.0,0.0,0.0,1,0.0
,academy_3_vs_1_with_keeper,123,collect_rollout,4618,0,16,0.0,False,False,0.0,0.0,0,0,0,0.0,0.0,0.0,0.0,0.0,1,0.0
,academy_3_vs_1_with_keeper,123,collect_rollout,4619,0,19,0.0,False,False,0.0,0.0,0,0,0,0.0,0.0,0.0,0.0,0.0,1,0.0
,academy_3_vs_1_with_keeper,123,collect_rollout,4620,0,18,0.0,False,False,0.0,0.0,0,0,0,0.0,0.0,0.0,0.0,0.0,1,0.0
,academy_3_vs_1_with_keeper,123,collect_rollout,4621,0,23,0.0,False,False,0.0,0.0,0,0,0,0.0,0.0,0.0,0.0,0.0,1,0.0
,academy_3_vs_1_with_keeper,123,collect_rollout,4622,0,18,0.0,False,False,0.0,0.0,0,0,0,0.0,0.0,0.0,0.0,0.0,1,0.0
,academy_3_vs_1_with_keeper,123,collect_rollout,4623,0,13,0.0,False,False,0.0,0.0,0,0,0,0.0,0.0,0.0,0.0,0.0,1,0.0
,academy_3_vs_1_with_keeper,123,collect_rollout,4624,0,17,0.0,False,False,0.0,0.0,0,0,0,0.0,0.0,0.0,0.0,0.0,1,0.0
,academy_3_vs_1_with_keeper,123,collect_rollout,4625,0,23,0.0,False,False,0.0,0.0,0,0,0,0.0,0.0,0.0,0.0,0.0,1,0.0
,academy_3_vs_1_with_keeper,123,collect_rollout,4626,0,20,0.0,False,False,0.0,0.0,0,0,0,0.0,0.0,0.0,0.0,0.0,1,0.0
,academy_3_vs_1_with_keeper,123,collect_rollout,4627,0,15,0.0,False,False,0.0,0.0,0,0,0,0.0,0.0,0.0,0.0,0.0,1,0.0
,academy_3_vs_1_with_keeper,123,collect_rollout,4628,0,22,0.0,False,False,0.0,0.0,0,0,0,0.0,0.0,0.0,0.0,0.0,1,0.0
,academy_3_vs_1_with_keeper,123,collect_rollout,4629,0,17,0.0,False,False,0.0,0.0,0,0,0,0.0,0.0,0.0,0.0,0.0,1,0.0
,academy_3_vs_1_with_keeper,123,collect_rollout,4630,0,21,0.0,False,False,0.0,0.0,0,0,0,0.0,0.0,0.0,0.0,0.0,1,0.0
,academy_3_vs_1_with_keeper,123,collect_rollout,4631,0,23,-0.003333333181217313,False,False,0.0,0.0,0,0,0,0.0,0.0,0.0,0.0,-0.003333333181217313,1,-0.003333333181217313
,academy_3_vs_1_with_keeper,123,collect_rollout,4632,0,17,0.0,False,False,0.0,0.0,0,0,0,0.0,0.0,0.0,0.0,0.0,1,0.0
,academy_3_vs_1_with_keeper,123,collect_rollout,4633,0,18,0.0,False,False,0.0,0.0,0,0,0,0.0,0.0,0.0,0.0,0.0,1,0.0
,academy_3_vs_1_with_keeper,123,collect_rollout,4634,0,19,0.0,False,False,0.0,0.0,0,0,0,0.0,0.0,0.0,0.0,0.0,1,0.0
,academy_3_vs_1_with_keeper,123,collect_rollout,4635,0,13,0.0,False,False,0.0,0.0,0,0,0,0.0,0.0,0.0,0.0,0.0,1,0.0
,academy_3_vs_1_with_keeper,123,collect_rollout,4636,0,15,0.0,False,False,0.0,0.0,0,0,0,0.0,0.0,0.0,0.0,0.0,1,0.0
,academy_3_vs_1_with_keeper,123,collect_rollout,4637,0,19,-0.003333333181217313,False,False,0.0,0.0,0,0,0,0.0,0.0,0.0,0.0,-0.003333333181217313,1,-0.003333333181217313
,academy_3_vs_1_with_keeper,123,collect_rollout,4638,0,19,0.0,False,False,0.0,0.0,0,0,0,0.0,0.0,0.0,0.0,0.0,1,0.0
,academy_3_vs_1_with_keeper,123,collect_rollout,4639,0,16,0.0,False,False,0.0,0.0,0,0,0,0.0,0.0,0.0,0.0,0.0,1,0.0
,academy_3_vs_1_with_keeper,123,collect_rollout,4640,0,15,0.0,False,False,0.0,0.0,0,0,0,0.0,0.0,0.0,0.0,0.0,1,0.0
,academy_3_vs_1_with_keeper,123,collect_rollout,4641,0,16,0.0,False,False,0.0,0.0,0,0,0,0.0,0.0,0.0,0.0,0.0,1,0.0
,academy_3_vs_1_with_keeper,123,collect_rollout,4642,0,14,0.0,False,False,0.0,0.0,0,0,0,0.0,0.0,0.0,0.0,0.0,1,0.0
,academy_3_vs_1_with_keeper,123,collect_rollout,4643,0,24,0.0,False,False,0.0,0.0,0,0,0,0.0,0.0,0.0,0.0,0.0,1,0.0
,academy_3_vs_1_with_keeper,123,collect_rollout,4644,0,21,0.0,False,False,0.0,0.0,0,0,0,0.0,0.0,0.0,0.0,0.0,1,0.0
,academy_3_vs_1_with_keeper,123,collect_rollout,4645,0,19,0.0,False,False,0.0,0.0,0,0,0,0.0,0.0,0.0,0.0,0.0,1,0.0
,academy_3_vs_1_with_keeper,123,collect_rollout,4646,0,17,0.0,False,False,0.0,0.0,0,0,0,0.0,0.0,0.0,0.0,0.0,1,0.0
,academy_3_vs_1_with_keeper,123,collect_rollout,4647,0,21,0.0,False,False,0.0,0.0,0,0,0,0.0,0.0,0.0,0.0,0.0,1,0.0
,academy_3_vs_1_with_keeper,123,collect_rollout,4648,0,15,0.0,False,False,0.0,0.0,0,0,0,0.0,0.0,0.0,0.0,0.0,1,0.0
,academy_3_vs_1_with_keeper,123,collect_rollout,4649,0,20,-0.003333333181217313,False,False,0.0,0.0,0,0,0,0.0,0.0,0.0,0.0,-0.003333333181217313,1,-0.003333333181217313
,academy_3_vs_1_with_keeper,123,collect_rollout,4650,0,18,0.0,False,False,0.0,0.0,0,0,0,0.0,0.0,0.0,0.0,0.0,1,0.0
,academy_3_vs_1_with_keeper,123,collect_rollout,4651,0,20,0.0,False,False,0.0,0.0,0,0,0,0.0,0.0,0.0,0.0,0.0,1,0.0
,academy_3_vs_1_with_keeper,123,collect_rollout,4652,0,20,0.0,False,False,0.0,0.0,0,0,0,0.0,0.0,0.0,0.0,0.0,1,0.0
,academy_3_vs_1_with_keeper,123,collect_rollout,4653,0,20,0.0,False,False,0.0,0.0,0,0,0,0.0,0.0,0.0,0.0,0.0,1,0.0
,academy_3_vs_1_with_keeper,123,collect_rollout,4654,0,14,0.0,False,False,0.0,0.0,0,0,0,0.0,0.0,0.0,0.0,0.0,1,0.0
,academy_3_vs_1_with_keeper,123,collect_rollout,4655,0,21,0.0,False,False,0.0,0.0,0,0,0,0.0,0.0,0.0,0.0,0.0,1,0.0
,academy_3_vs_1_with_keeper,123,collect_rollout,4656,0,17,0.0,False,False,0.0,0.0,0,0,0,0.0,0.0,0.0,0.0,0.0,1,0.0
,academy_3_vs_1_with_keeper,123,collect_rollout,4657,0,16,0.0,False,False,0.0,0.0,0,0,0,0.0,0.0,0.0,0.0,0.0,1,0.0
,academy_3_vs_1_with_keeper,123,collect_rollout,4658,0,19,0.0,False,False,0.0,0.0,0,0,0,0.0,0.0,0.0,0.0,0.0,1,0.0
,academy_3_vs_1_with_keeper,123,collect_rollout,4659,0,19,0.0,False,False,0.0,0.0,0,0,0,0.0,0.0,0.0,0.0,0.0,1,0.0
,academy_3_vs_1_with_keeper,123,collect_rollout,4660,0,21,0.0,False,False,0.0,0.0,0,0,0,0.0,0.0,0.0,0.0,0.0,1,0.0
,academy_3_vs_1_with_keeper,123,collect_rollout,4661,0,19,0.0,False,False,0.0,0.0,0,0,0,0.0,0.0,0.0,0.0,0.0,1,0.0
,academy_3_vs_1_with_keeper,123,collect_rollout,4662,0,18,0.0,False,False,0.0,0.0,0,0,0,0.0,0.0,0.0,0.0,0.0,1,0.0
,academy_3_vs_1_with_keeper,123,collect_rollout,4663,0,17,0.0,False,False,0.0,0.0,0,0,0,0.0,0.0,0.0,0.0,0.0,1,0.0
,academy_3_vs_1_with_keeper,123,collect_rollout,4664,0,19,0.0,False,False,0.0,0.0,0,0,0,0.0,0.0,0.0,0.0,0.0,1,0.0
,academy_3_vs_1_with_keeper,123,collect_rollout,4665,0,20,0.0,False,False,0.0,0.0,0,0,0,0.0,0.0,0.0,0.0,0.0,1,0.0
,academy_3_vs_1_with_keeper,123,collect_rollout,4666,0,18,0.0,False,False,0.0,0.0,0,0,0,0.0,0.0,0.0,0.0,0.0,1,0.0
,academy_3_vs_1_with_keeper,123,collect_rollout,4667,0,21,0.0,False,False,0.0,0.0,0,0,0,0.0,0.0,0.0,0.0,0.0,1,0.0
,academy_3_vs_1_with_keeper,123,collect_rollout,4668,0,14,0.0,False,False,0.0,0.0,0,0,0,0.0,0.0,0.0,0.0,0.0,1,0.0
,academy_3_vs_1_with_keeper,123,collect_rollout,4669,0,17,0.0,False,False,0.0,0.0,0,0,0,0.0,0.0,0.0,0.0,0.0,1,0.0
,academy_3_vs_1_with_keeper,123,collect_rollout,4670,0,17,0.0,False,False,0.0,0.0,0,0,0,0.0,0.0,0.0,0.0,0.0,1,0.0
,academy_3_vs_1_with_keeper,123,collect_rollout,4671,0,75,-0.33686128188855946,False,False,0.0,0.0,0,0,0,0.0,0.0,0.0,0.0,-0.33686128188855946,1,-0.33686128188855946
,academy_3_vs_1_with_keeper,123,collect_rollout,4672,0,20,0.0,False,False,0.0,0.0,0,0,0,0.0,0.0,0.0,0.0,0.0,1,0.0
,academy_3_vs_1_with_keeper,123,collect_rollout,4673,0,21,0.0,False,False,0.0,0.0,0,0,0,0.0,0.0,0.0,0.0,0.0,1,0.0
,academy_3_vs_1_with_keeper,123,collect_rollout,4674,0,23,-0.003333333181217313,False,False,0.0,0.0,0,0,0,0.0,0.0,0.0,0.0,-0.003333333181217313,1,-0.003333333181217313
,academy_3_vs_1_with_keeper,123,collect_rollout,4675,0,21,0.0,False,False,0.0,0.0,0,0,0,0.0,0.0,0.0,0.0,0.0,1,0.0
,academy_3_vs_1_with_keeper,123,collect_rollout,4676,0,24,0.0,False,False,0.0,0.0,0,0,0,0.0,0.0,0.0,0.0,0.0,1,0.0
,academy_3_vs_1_with_keeper,123,collect_rollout,4677,0,93,-0.04666666779667139,False,False,0.0,0.0,0,0,0,0.0,0.0,0.0,0.0,-0.04666666779667139,1,-0.04666666779667139
,academy_3_vs_1_with_keeper,123,collect_rollout,4678,0,19,0.0,False,False,0.0,0.0,0,0,0,0.0,0.0,0.0,0.0,0.0,1,0.0
,academy_3_vs_1_with_keeper,123,collect_rollout,4679,0,140,-0.6214551019947976,False,False,0.0,0.0,0,0,0,0.0,0.0,0.0,0.0,-0.6214551019947976,1,-0.6214551019947976
,academy_3_vs_1_with_keeper,123,collect_rollout,4680,0,22,0.0,False,False,0.0,0.0,0,0,0,0.0,0.0,0.0,0.0,0.0,1,0.0
,academy_3_vs_1_with_keeper,123,collect_rollout,4681,0,16,0.0,False,False,0.0,0.0,0,0,0,0.0,0.0,0.0,0.0,0.0,1,0.0
,academy_3_vs_1_with_keeper,123,collect_rollout,4682,0,21,0.0,False,False,0.0,0.0,0,0,0,0.0,0.0,0.0,0.0,0.0,1,0.0
,academy_3_vs_1_with_keeper,123,collect_rollout,4683,0,18,0.0,False,False,0.0,0.0,0,0,0,0.0,0.0,0.0,0.0,0.0,1,0.0
,academy_3_vs_1_with_keeper,123,collect_rollout,4684,0,19,0.0,False,False,0.0,0.0,0,0,0,0.0,0.0,0.0,0.0,0.0,1,0.0
,academy_3_vs_1_with_keeper,123,collect_rollout,4685,0,15,0.0,False,False,0.0,0.0,0,0,0,0.0,0.0,0.0,0.0,0.0,1,0.0
,academy_3_vs_1_with_keeper,123,collect_rollout,4686,0,18,0.0,False,False,0.0,0.0,0,0,0,0.0,0.0,0.0,0.0,0.0,1,0.0
,academy_3_vs_1_with_keeper,123,collect_rollout,4687,0,17,0.0,False,False,0.0,0.0,0,0,0,0.0,0.0,0.0,0.0,0.0,1,0.0
,academy_3_vs_1_with_keeper,123,collect_rollout,4688,0,18,0.0,False,False,0.0,0.0,0,0,0,0.0,0.0,0.0,0.0,0.0,1,0.0
,academy_3_vs_1_with_keeper,123,collect_rollout,4689,0,19,0.0,False,False,0.0,0.0,0,0,0,0.0,0.0,0.0,0.0,0.0,1,0.0
,academy_3_vs_1_with_keeper,123,collect_rollout,4690,0,19,0.0,False,False,0.0,0.0,0,0,0,0.0,0.0,0.0,0.0,0.0,1,0.0
,academy_3_vs_1_with_keeper,123,collect_rollout,4691,0,16,0.0,False,False,0.0,0.0,0,0,0,0.0,0.0,0.0,0.0,0.0,1,0.0
,academy_3_vs_1_with_keeper,123,collect_rollout,4692,0,18,0.0,False,False,0.0,0.0,0,0,0,0.0,0.0,0.0,0.0,0.0,1,0.0
,academy_3_vs_1_with_keeper,123,collect_rollout,4693,0,19,0.0,False,False,0.0,0.0,0,0,0,0.0,0.0,0.0,0.0,0.0,1,0.0
,academy_3_vs_1_with_keeper,123,collect_rollout,4694,0,16,0.0,False,False,0.0,0.0,0,0,0,0.0,0.0,0.0,0.0,0.0,1,0.0
,academy_3_vs_1_with_keeper,123,collect_rollout,4695,0,16,0.0,False,False,0.0,0.0,0,0,0,0.0,0.0,0.0,0.0,0.0,1,0.0
,academy_3_vs_1_with_keeper,123,collect_rollout,4696,0,20,0.0,False,False,0.0,0.0,0,0,0,0.0,0.0,0.0,0.0,0.0,1,0.0
,academy_3_vs_1_with_keeper,123,collect_rollout,4697,0,16,0.0,False,False,0.0,0.0,0,0,0,0.0,0.0,0.0,0.0,0.0,1,0.0
,academy_3_vs_1_with_keeper,123,collect_rollout,4698,0,18,0.0,False,False,0.0,0.0,0,0,0,0.0,0.0,0.0,0.0,0.0,1,0.0
,academy_3_vs_1_with_keeper,123,collect_rollout,4699,0,21,-0.003333333181217313,False,False,0.0,0.0,0,0,0,0.0,0.0,0.0,0.0,-0.003333333181217313,1,-0.003333333181217313
,academy_3_vs_1_with_keeper,123,collect_rollout,4700,0,48,-0.006559945206390694,False,False,0.0,0.0,0,0,0,0.0,0.0,0.0,0.0,-0.006559945206390694,1,-0.006559945206390694
,academy_3_vs_1_with_keeper,123,collect_rollout,4701,0,16,-0.003333333181217313,False,False,0.0,0.0,0,0,0,0.0,0.0,0.0,0.0,-0.003333333181217313,1,-0.003333333181217313
,academy_3_vs_1_with_keeper,123,collect_rollout,4702,0,18,0.0,False,False,0.0,0.0,0,0,0,0.0,0.0,0.0,0.0,0.0,1,0.0
,academy_3_vs_1_with_keeper,123,collect_rollout,4703,0,19,0.0,False,False,0.0,0.0,0,0,0,0.0,0.0,0.0,0.0,0.0,1,0.0
,academy_3_vs_1_with_keeper,123,collect_rollout,4704,0,22,-0.16463569283951074,False,False,0.0,0.0,0,0,0,0.0,0.0,0.0,0.0,-0.16463569283951074,1,-0.16463569283951074
,academy_3_vs_1_with_keeper,123,collect_rollout,4705,0,57,-0.03498390002641827,False,False,0.0,0.0,0,0,0,0.0,0.0,0.0,0.0,-0.03498390002641827,1,-0.03498390002641827
,academy_3_vs_1_with_keeper,123,collect_rollout,4706,0,18,0.0,False,False,0.0,0.0,0,0,0,0.0,0.0,0.0,0.0,0.0,1,0.0
,academy_3_vs_1_with_keeper,123,collect_rollout,4707,0,16,0.0,False,False,0.0,0.0,0,0,0,0.0,0.0,0.0,0.0,0.0,1,0.0
,academy_3_vs_1_with_keeper,123,collect_rollout,4708,0,22,-0.003333333181217313,False,False,0.0,0.0,0,0,0,0.0,0.0,0.0,0.0,-0.003333333181217313,1,-0.003333333181217313
,academy_3_vs_1_with_keeper,123,collect_rollout,4709,0,16,0.0,False,False,0.0,0.0,0,0,0,0.0,0.0,0.0,0.0,0.0,1,0.0
,academy_3_vs_1_with_keeper,123,collect_rollout,4710,0,18,0.0,False,False,0.0,0.0,0,0,0,0.0,0.0,0.0,0.0,0.0,1,0.0
,academy_3_vs_1_with_keeper,123,collect_rollout,4711,0,23,0.0,False,False,0.0,0.0,0,0,0,0.0,0.0,0.0,0.0,0.0,1,0.0
,academy_3_vs_1_with_keeper,123,collect_rollout,4712,0,22,0.0,False,False,0.0,0.0,0,0,0,0.0,0.0,0.0,0.0,0.0,1,0.0
,academy_3_vs_1_with_keeper,123,collect_rollout,4713,0,19,0.0,False,False,0.0,0.0,0,0,0,0.0,0.0,0.0,0.0,0.0,1,0.0
,academy_3_vs_1_with_keeper,123,collect_rollout,4714,0,22,0.0,False,False,0.0,0.0,0,0,0,0.0,0.0,0.0,0.0,0.0,1,0.0
,academy_3_vs_1_with_keeper,123,collect_rollout,4715,0,20,0.0,False,False,0.0,0.0,0,0,0,0.0,0.0,0.0,0.0,0.0,1,0.0
,academy_3_vs_1_with_keeper,123,collect_rollout,4716,0,17,0.0,False,False,0.0,0.0,0,0,0,0.0,0.0,0.0,0.0,0.0,1,0.0
,academy_3_vs_1_with_keeper,123,collect_rollout,4717,0,21,0.0,False,False,0.0,0.0,0,0,0,0.0,0.0,0.0,0.0,0.0,1,0.0
,academy_3_vs_1_with_keeper,123,collect_rollout,4718,0,20,0.0,False,False,0.0,0.0,0,0,0,0.0,0.0,0.0,0.0,0.0,1,0.0
,academy_3_vs_1_with_keeper,123,collect_rollout,4719,0,17,0.0,False,False,0.0,0.0,0,0,0,0.0,0.0,0.0,0.0,0.0,1,0.0
,academy_3_vs_1_with_keeper,123,collect_rollout,4720,0,86,-0.309999986551702,False,False,0.0,0.0,0,0,0,0.0,0.0,0.0,0.0,-0.309999986551702,1,-0.309999986551702
,academy_3_vs_1_with_keeper,123,collect_rollout,4721,0,16,0.0,False,False,0.0,0.0,0,0,0,0.0,0.0,0.0,0.0,0.0,1,0.0
,academy_3_vs_1_with_keeper,123,collect_rollout,4722,0,20,0.0,False,False,0.0,0.0,0,0,0,0.0,0.0,0.0,0.0,0.0,1,0.0
,academy_3_vs_1_with_keeper,123,collect_rollout,4723,0,14,0.0,False,False,0.0,0.0,0,0,0,0.0,0.0,0.0,0.0,0.0,1,0.0
,academy_3_vs_1_with_keeper,123,collect_rollout,4724,0,19,0.0,False,False,0.0,0.0,0,0,0,0.0,0.0,0.0,0.0,0.0,1,0.0
,academy_3_vs_1_with_keeper,123,collect_rollout,4725,0,22,0.0,False,False,0.0,0.0,0,0,0,0.0,0.0,0.0,0.0,0.0,1,0.0
,academy_3_vs_1_with_keeper,123,collect_rollout,4726,0,69,-0.2702259065117687,False,False,0.0,0.0,0,0,0,0.0,0.0,0.0,0.0,-0.2702259065117687,1,-0.2702259065117687
,academy_3_vs_1_with_keeper,123,collect_rollout,4727,0,22,0.0,False,False,0.0,0.0,0,0,0,0.0,0.0,0.0,0.0,0.0,1,0.0
,academy_3_vs_1_with_keeper,123,collect_rollout,4728,0,78,-0.3515494323801249,False,False,0.0,0.0,0,0,0,0.0,0.0,0.0,0.0,-0.3515494323801249,1,-0.3515494323801249
,academy_3_vs_1_with_keeper,123,collect_rollout,4729,0,18,0.0,False,False,0.0,0.0,0,0,0,0.0,0.0,0.0,0.0,0.0,1,0.0
,academy_3_vs_1_with_keeper,123,collect_rollout,4730,0,22,-0.006666666362434626,False,False,0.0,0.0,0,0,0,0.0,0.0,0.0,0.0,-0.006666666362434626,1,-0.006666666362434626
,academy_3_vs_1_with_keeper,123,collect_rollout,4731,0,19,0.0,False,False,0.0,0.0,0,0,0,0.0,0.0,0.0,0.0,0.0,1,0.0
,academy_3_vs_1_with_keeper,123,collect_rollout,4732,0,19,0.0,False,False,0.0,0.0,0,0,0,0.0,0.0,0.0,0.0,0.0,1,0.0
,academy_3_vs_1_with_keeper,123,collect_rollout,4733,0,21,0.0,False,False,0.0,0.0,0,0,0,0.0,0.0,0.0,0.0,0.0,1,0.0
,academy_3_vs_1_with_keeper,123,collect_rollout,4734,0,20,0.0,False,False,0.0,0.0,0,0,0,0.0,0.0,0.0,0.0,0.0,1,0.0
,academy_3_vs_1_with_keeper,123,collect_rollout,4735,0,18,0.0,False,False,0.0,0.0,0,0,0,0.0,0.0,0.0,0.0,0.0,1,0.0
,academy_3_vs_1_with_keeper,123,collect_rollout,4736,0,19,0.0,False,False,0.0,0.0,0,0,0,0.0,0.0,0.0,0.0,0.0,1,0.0
,academy_3_vs_1_with_keeper,123,collect_rollout,4737,0,21,0.0,False,False,0.0,0.0,0,0,0,0.0,0.0,0.0,0.0,0.0,1,0.0
,academy_3_vs_1_with_keeper,123,collect_rollout,4738,0,17,0.0,False,False,0.0,0.0,0,0,0,0.0,0.0,0.0,0.0,0.0,1,0.0
,academy_3_vs_1_with_keeper,123,collect_rollout,4739,0,20,0.0,False,False,0.0,0.0,0,0,0,0.0,0.0,0.0,0.0,0.0,1,0.0
,academy_3_vs_1_with_keeper,123,collect_rollout,4740,0,20,0.0,False,False,0.0,0.0,0,0,0,0.0,0.0,0.0,0.0,0.0,1,0.0
,academy_3_vs_1_with_keeper,123,collect_rollout,4741,0,22,0.0,False,False,0.0,0.0,0,0,0,0.0,0.0,0.0,0.0,0.0,1,0.0
,academy_3_vs_1_with_keeper,123,collect_rollout,4742,0,14,0.0,False,False,0.0,0.0,0,0,0,0.0,0.0,0.0,0.0,0.0,1,0.0
,academy_3_vs_1_with_keeper,123,collect_rollout,4743,0,23,0.0,False,False,0.0,0.0,0,0,0,0.0,0.0,0.0,0.0,0.0,1,0.0
,academy_3_vs_1_with_keeper,123,collect_rollout,4744,0,21,0.0,False,False,0.0,0.0,0,0,0,0.0,0.0,0.0,0.0,0.0,1,0.0
,academy_3_vs_1_with_keeper,123,collect_rollout,4745,0,20,0.0,False,False,0.0,0.0,0,0,0,0.0,0.0,0.0,0.0,0.0,1,0.0
,academy_3_vs_1_with_keeper,123,collect_rollout,4746,0,16,0.0,False,False,0.0,0.0,0,0,0,0.0,0.0,0.0,0.0,0.0,1,0.0
,academy_3_vs_1_with_keeper,123,collect_rollout,4747,0,17,0.0,False,False,0.0,0.0,0,0,0,0.0,0.0,0.0,0.0,0.0,1,0.0
,academy_3_vs_1_with_keeper,123,collect_rollout,4748,0,18,-0.003333333181217313,False,False,0.0,0.0,0,0,0,0.0,0.0,0.0,0.0,-0.003333333181217313,1,-0.003333333181217313
,academy_3_vs_1_with_keeper,123,collect_rollout,4749,0,19,-0.003333333181217313,False,False,0.0,0.0,0,0,0,0.0,0.0,0.0,0.0,-0.003333333181217313,1,-0.003333333181217313
,academy_3_vs_1_with_keeper,123,collect_rollout,4750,0,67,-0.2844278864795342,False,False,0.0,0.0,0,0,0,0.0,0.0,0.0,0.0,-0.2844278864795342,1,-0.2844278864795342
,academy_3_vs_1_with_keeper,123,collect_rollout,4751,0,23,0.0,False,False,0.0,0.0,0,0,0,0.0,0.0,0.0,0.0,0.0,1,0.0
,academy_3_vs_1_with_keeper,123,collect_rollout,4752,0,18,0.0,False,False,0.0,0.0,0,0,0,0.0,0.0,0.0,0.0,0.0,1,0.0
,academy_3_vs_1_with_keeper,123,collect_rollout,4753,0,17,0.0,False,False,0.0,0.0,0,0,0,0.0,0.0,0.0,0.0,0.0,1,0.0
,academy_3_vs_1_with_keeper,123,collect_rollout,4754,0,17,0.0,False,False,0.0,0.0,0,0,0,0.0,0.0,0.0,0.0,0.0,1,0.0
,academy_3_vs_1_with_keeper,123,collect_rollout,4755,0,19,0.0,False,False,0.0,0.0,0,0,0,0.0,0.0,0.0,0.0,0.0,1,0.0
,academy_3_vs_1_with_keeper,123,collect_rollout,4756,0,14,0.0,False,False,0.0,0.0,0,0,0,0.0,0.0,0.0,0.0,0.0,1,0.0
,academy_3_vs_1_with_keeper,123,collect_rollout,4757,0,15,0.0,False,False,0.0,0.0,0,0,0,0.0,0.0,0.0,0.0,0.0,1,0.0
,academy_3_vs_1_with_keeper,123,collect_rollout,4758,0,16,0.0,False,False,0.0,0.0,0,0,0,0.0,0.0,0.0,0.0,0.0,1,0.0
,academy_3_vs_1_with_keeper,123,collect_rollout,4759,0,14,0.0,False,False,0.0,0.0,0,0,0,0.0,0.0,0.0,0.0,0.0,1,0.0
,academy_3_vs_1_with_keeper,123,collect_rollout,4760,0,17,0.0,False,False,0.0,0.0,0,0,0,0.0,0.0,0.0,0.0,0.0,1,0.0
,academy_3_vs_1_with_keeper,123,collect_rollout,4761,0,20,0.0,False,False,0.0,0.0,0,0,0,0.0,0.0,0.0,0.0,0.0,1,0.0
,academy_3_vs_1_with_keeper,123,collect_rollout,4762,0,17,0.0,False,False,0.0,0.0,0,0,0,0.0,0.0,0.0,0.0,0.0,1,0.0
,academy_3_vs_1_with_keeper,123,collect_rollout,4763,0,23,0.0,False,False,0.0,0.0,0,0,0,0.0,0.0,0.0,0.0,0.0,1,0.0
,academy_3_vs_1_with_keeper,123,collect_rollout,4764,0,15,0.0,False,False,0.0,0.0,0,0,0,0.0,0.0,0.0,0.0,0.0,1,0.0
,academy_3_vs_1_with_keeper,123,collect_rollout,4765,0,19,0.0,False,False,0.0,0.0,0,0,0,0.0,0.0,0.0,0.0,0.0,1,0.0
,academy_3_vs_1_with_keeper,123,collect_rollout,4766,0,21,0.0,False,False,0.0,0.0,0,0,0,0.0,0.0,0.0,0.0,0.0,1,0.0
,academy_3_vs_1_with_keeper,123,collect_rollout,4767,0,17,0.0,False,False,0.0,0.0,0,0,0,0.0,0.0,0.0,0.0,0.0,1,0.0
,academy_3_vs_1_with_keeper,123,collect_rollout,4768,0,54,-0.03988276212476194,False,False,0.0,0.0,0,0,0,0.0,0.0,0.0,0.0,-0.03988276212476194,1,-0.03988276212476194
,academy_3_vs_1_with_keeper,123,collect_rollout,4769,0,19,-0.003333333181217313,False,False,0.0,0.0,0,0,0,0.0,0.0,0.0,0.0,-0.003333333181217313,1,-0.003333333181217313
,academy_3_vs_1_with_keeper,123,collect_rollout,4770,0,22,0.0,False,False,0.0,0.0,0,0,0,0.0,0.0,0.0,0.0,0.0,1,0.0
,academy_3_vs_1_with_keeper,123,collect_rollout,4771,0,17,0.0,False,False,0.0,0.0,0,0,0,0.0,0.0,0.0,0.0,0.0,1,0.0
,academy_3_vs_1_with_keeper,123,collect_rollout,4772,0,22,0.0,False,False,0.0,0.0,0,0,0,0.0,0.0,0.0,0.0,0.0,1,0.0
,academy_3_vs_1_with_keeper,123,collect_rollout,4773,0,21,0.0,False,False,0.0,0.0,0,0,0,0.0,0.0,0.0,0.0,0.0,1,0.0
,academy_3_vs_1_with_keeper,123,collect_rollout,4774,0,15,0.0,False,False,0.0,0.0,0,0,0,0.0,0.0,0.0,0.0,0.0,1,0.0
,academy_3_vs_1_with_keeper,123,collect_rollout,4775,0,21,0.0,False,False,0.0,0.0,0,0,0,0.0,0.0,0.0,0.0,0.0,1,0.0
,academy_3_vs_1_with_keeper,123,collect_rollout,4776,0,20,0.0,False,False,0.0,0.0,0,0,0,0.0,0.0,0.0,0.0,0.0,1,0.0
,academy_3_vs_1_with_keeper,123,collect_rollout,4777,0,19,0.0,False,False,0.0,0.0,0,0,0,0.0,0.0,0.0,0.0,0.0,1,0.0
,academy_3_vs_1_with_keeper,123,collect_rollout,4778,0,18,0.0,False,False,0.0,0.0,0,0,0,0.0,0.0,0.0,0.0,0.0,1,0.0
,academy_3_vs_1_with_keeper,123,collect_rollout,4779,0,14,0.0,False,False,0.0,0.0,0,0,0,0.0,0.0,0.0,0.0,0.0,1,0.0
,academy_3_vs_1_with_keeper,123,collect_rollout,4780,0,18,0.0,False,False,0.0,0.0,0,0,0,0.0,0.0,0.0,0.0,0.0,1,0.0
,academy_3_vs_1_with_keeper,123,collect_rollout,4781,0,17,0.0,False,False,0.0,0.0,0,0,0,0.0,0.0,0.0,0.0,0.0,1,0.0
,academy_3_vs_1_with_keeper,123,collect_rollout,4782,0,16,0.0,False,False,0.0,0.0,0,0,0,0.0,0.0,0.0,0.0,0.0,1,0.0
,academy_3_vs_1_with_keeper,123,collect_rollout,4783,0,21,0.0,False,False,0.0,0.0,0,0,0,0.0,0.0,0.0,0.0,0.0,1,0.0
,academy_3_vs_1_with_keeper,123,collect_rollout,4784,0,21,0.0,False,False,0.0,0.0,0,0,0,0.0,0.0,0.0,0.0,0.0,1,0.0
,academy_3_vs_1_with_keeper,123,collect_rollout,4785,0,14,0.0,False,False,0.0,0.0,0,0,0,0.0,0.0,0.0,0.0,0.0,1,0.0
,academy_3_vs_1_with_keeper,123,collect_rollout,4786,0,18,0.0,False,False,0.0,0.0,0,0,0,0.0,0.0,0.0,0.0,0.0,1,0.0
,academy_3_vs_1_with_keeper,123,collect_rollout,4787,0,16,0.0,False,False,0.0,0.0,0,0,0,0.0,0.0,0.0,0.0,0.0,1,0.0
,academy_3_vs_1_with_keeper,123,collect_rollout,4788,0,20,-0.003333333181217313,False,False,0.0,0.0,0,0,0,0.0,0.0,0.0,0.0,-0.003333333181217313,1,-0.003333333181217313
,academy_3_vs_1_with_keeper,123,collect_rollout,4789,0,18,0.0,False,False,0.0,0.0,0,0,0,0.0,0.0,0.0,0.0,0.0,1,0.0
,academy_3_vs_1_with_keeper,123,collect_rollout,4790,0,17,0.0,False,False,0.0,0.0,0,0,0,0.0,0.0,0.0,0.0,0.0,1,0.0
,academy_3_vs_1_with_keeper,123,collect_rollout,4791,0,16,0.0,False,False,0.0,0.0,0,0,0,0.0,0.0,0.0,0.0,0.0,1,0.0
,academy_3_vs_1_with_keeper,123,collect_rollout,4792,0,16,0.0,False,False,0.0,0.0,0,0,0,0.0,0.0,0.0,0.0,0.0,1,0.0
,academy_3_vs_1_with_keeper,123,collect_rollout,4793,0,19,0.0,False,False,0.0,0.0,0,0,0,0.0,0.0,0.0,0.0,0.0,1,0.0
,academy_3_vs_1_with_keeper,123,collect_rollout,4794,0,18,0.0,False,False,0.0,0.0,0,0,0,0.0,0.0,0.0,0.0,0.0,1,0.0
,academy_3_vs_1_with_keeper,123,collect_rollout,4795,0,18,0.0,False,False,0.0,0.0,0,0,0,0.0,0.0,0.0,0.0,0.0,1,0.0
,academy_3_vs_1_with_keeper,123,collect_rollout,4796,0,21,0.0,False,False,0.0,0.0,0,0,0,0.0,0.0,0.0,0.0,0.0,1,0.0
,academy_3_vs_1_with_keeper,123,collect_rollout,4797,0,17,0.0,False,False,0.0,0.0,0,0,0,0.0,0.0,0.0,0.0,0.0,1,0.0
,academy_3_vs_1_with_keeper,123,collect_rollout,4798,0,17,0.0,False,False,0.0,0.0,0,0,0,0.0,0.0,0.0,0.0,0.0,1,0.0
,academy_3_vs_1_with_keeper,123,collect_rollout,4799,0,17,0.0,False,False,0.0,0.0,0,0,0,0.0,0.0,0.0,0.0,0.0,1,0.0
,academy_3_vs_1_with_keeper,123,collect_rollout,4800,0,18,0.0,False,False,0.0,0.0,0,0,0,0.0,0.0,0.0,0.0,0.0,1,0.0
,academy_3_vs_1_with_keeper,123,collect_rollout,4801,0,22,0.0,False,False,0.0,0.0,0,0,0,0.0,0.0,0.0,0.0,0.0,1,0.0
,academy_3_vs_1_with_keeper,123,collect_rollout,4802,0,18,-0.003333333181217313,False,False,0.0,0.0,0,0,0,0.0,0.0,0.0,0.0,-0.003333333181217313,1,-0.003333333181217313
,academy_3_vs_1_with_keeper,123,collect_rollout,4803,0,18,0.0,False,False,0.0,0.0,0,0,0,0.0,0.0,0.0,0.0,0.0,1,0.0
,academy_3_vs_1_with_keeper,123,collect_rollout,4804,0,17,0.0,False,False,0.0,0.0,0,0,0,0.0,0.0,0.0,0.0,0.0,1,0.0
,academy_3_vs_1_with_keeper,123,collect_rollout,4805,0,23,0.0,False,False,0.0,0.0,0,0,0,0.0,0.0,0.0,0.0,0.0,1,0.0
,academy_3_vs_1_with_keeper,123,collect_rollout,4806,0,20,0.0,False,False,0.0,0.0,0,0,0,0.0,0.0,0.0,0.0,0.0,1,0.0
,academy_3_vs_1_with_keeper,123,collect_rollout,4807,0,22,-0.003333333181217313,False,False,0.0,0.0,0,0,0,0.0,0.0,0.0,0.0,-0.003333333181217313,1,-0.003333333181217313
,academy_3_vs_1_with_keeper,123,collect_rollout,4808,0,14,0.0,False,False,0.0,0.0,0,0,0,0.0,0.0,0.0,0.0,0.0,1,0.0
,academy_3_vs_1_with_keeper,123,collect_rollout,4809,0,16,0.0,False,False,0.0,0.0,0,0,0,0.0,0.0,0.0,0.0,0.0,1,0.0
,academy_3_vs_1_with_keeper,123,collect_rollout,4810,0,21,0.0,False,False,0.0,0.0,0,0,0,0.0,0.0,0.0,0.0,0.0,1,0.0
,academy_3_vs_1_with_keeper,123,collect_rollout,4811,0,22,0.0,False,False,0.0,0.0,0,0,0,0.0,0.0,0.0,0.0,0.0,1,0.0
,academy_3_vs_1_with_keeper,123,collect_rollout,4812,0,18,0.0,False,False,0.0,0.0,0,0,0,0.0,0.0,0.0,0.0,0.0,1,0.0
,academy_3_vs_1_with_keeper,123,collect_rollout,4813,0,25,0.0,False,False,0.0,0.0,0,0,0,0.0,0.0,0.0,0.0,0.0,1,0.0
,academy_3_vs_1_with_keeper,123,collect_rollout,4814,0,18,0.0,False,False,0.0,0.0,0,0,0,0.0,0.0,0.0,0.0,0.0,1,0.0
,academy_3_vs_1_with_keeper,123,collect_rollout,4815,0,18,0.0,False,False,0.0,0.0,0,0,0,0.0,0.0,0.0,0.0,0.0,1,0.0
,academy_3_vs_1_with_keeper,123,collect_rollout,4816,0,18,0.0,False,False,0.0,0.0,0,0,0,0.0,0.0,0.0,0.0,0.0,1,0.0
,academy_3_vs_1_with_keeper,123,collect_rollout,4817,0,21,0.0,False,False,0.0,0.0,0,0,0,0.0,0.0,0.0,0.0,0.0,1,0.0
,academy_3_vs_1_with_keeper,123,collect_rollout,4818,0,24,0.0,False,False,0.0,0.0,0,0,0,0.0,0.0,0.0,0.0,0.0,1,0.0
,academy_3_vs_1_with_keeper,123,collect_rollout,4819,0,19,0.0,False,False,0.0,0.0,0,0,0,0.0,0.0,0.0,0.0,0.0,1,0.0
,academy_3_vs_1_with_keeper,123,collect_rollout,4820,0,20,0.0,False,False,0.0,0.0,0,0,0,0.0,0.0,0.0,0.0,0.0,1,0.0
,academy_3_vs_1_with_keeper,123,collect_rollout,4821,0,20,0.0,False,False,0.0,0.0,0,0,0,0.0,0.0,0.0,0.0,0.0,1,0.0
,academy_3_vs_1_with_keeper,123,collect_rollout,4822,0,16,0.0,False,False,0.0,0.0,0,0,0,0.0,0.0,0.0,0.0,0.0,1,0.0
,academy_3_vs_1_with_keeper,123,collect_rollout,4823,0,20,0.0,False,False,0.0,0.0,0,0,0,0.0,0.0,0.0,0.0,0.0,1,0.0
,academy_3_vs_1_with_keeper,123,collect_rollout,4824,0,17,0.0,False,False,0.0,0.0,0,0,0,0.0,0.0,0.0,0.0,0.0,1,0.0
,academy_3_vs_1_with_keeper,123,collect_rollout,4825,0,16,0.0,False,False,0.0,0.0,0,0,0,0.0,0.0,0.0,0.0,0.0,1,0.0
,academy_3_vs_1_with_keeper,123,collect_rollout,4826,0,18,0.0,False,False,0.0,0.0,0,0,0,0.0,0.0,0.0,0.0,0.0,1,0.0
,academy_3_vs_1_with_keeper,123,collect_rollout,4827,0,18,0.0,False,False,0.0,0.0,0,0,0,0.0,0.0,0.0,0.0,0.0,1,0.0
,academy_3_vs_1_with_keeper,123,collect_rollout,4828,0,19,0.0,False,False,0.0,0.0,0,0,0,0.0,0.0,0.0,0.0,0.0,1,0.0
,academy_3_vs_1_with_keeper,123,collect_rollout,4829,0,22,0.0,False,False,0.0,0.0,0,0,0,0.0,0.0,0.0,0.0,0.0,1,0.0
,academy_3_vs_1_with_keeper,123,collect_rollout,4830,0,17,0.0,False,False,0.0,0.0,0,0,0,0.0,0.0,0.0,0.0,0.0,1,0.0
,academy_3_vs_1_with_keeper,123,collect_rollout,4831,0,18,0.0,False,False,0.0,0.0,0,0,0,0.0,0.0,0.0,0.0,0.0,1,0.0
,academy_3_vs_1_with_keeper,123,collect_rollout,4832,0,19,0.0,False,False,0.0,0.0,0,0,0,0.0,0.0,0.0,0.0,0.0,1,0.0
,academy_3_vs_1_with_keeper,123,collect_rollout,4833,0,17,0.0,False,False,0.0,0.0,0,0,0,0.0,0.0,0.0,0.0,0.0,1,0.0
,academy_3_vs_1_with_keeper,123,collect_rollout,4834,0,13,0.0,False,False,0.0,0.0,0,0,0,0.0,0.0,0.0,0.0,0.0,1,0.0
,academy_3_vs_1_with_keeper,123,collect_rollout,4835,0,17,0.0,False,False,0.0,0.0,0,0,0,0.0,0.0,0.0,0.0,0.0,1,0.0
,academy_3_vs_1_with_keeper,123,collect_rollout,4836,0,18,-0.003333333181217313,False,False,0.0,0.0,0,0,0,0.0,0.0,0.0,0.0,-0.003333333181217313,1,-0.003333333181217313
,academy_3_vs_1_with_keeper,123,collect_rollout,4837,0,20,0.0,False,False,0.0,0.0,0,0,0,0.0,0.0,0.0,0.0,0.0,1,0.0
,academy_3_vs_1_with_keeper,123,collect_rollout,4838,0,20,0.0,False,False,0.0,0.0,0,0,0,0.0,0.0,0.0,0.0,0.0,1,0.0
,academy_3_vs_1_with_keeper,123,collect_rollout,4839,0,23,0.0,False,False,0.0,0.0,0,0,0,0.0,0.0,0.0,0.0,0.0,1,0.0
,academy_3_vs_1_with_keeper,123,collect_rollout,4840,0,21,0.0,False,False,0.0,0.0,0,0,0,0.0,0.0,0.0,0.0,0.0,1,0.0
,academy_3_vs_1_with_keeper,123,collect_rollout,4841,0,20,0.0,False,False,0.0,0.0,0,0,0,0.0,0.0,0.0,0.0,0.0,1,0.0
,academy_3_vs_1_with_keeper,123,collect_rollout,4842,0,19,0.0,False,False,0.0,0.0,0,0,0,0.0,0.0,0.0,0.0,0.0,1,0.0
,academy_3_vs_1_with_keeper,123,collect_rollout,4843,0,17,0.0,False,False,0.0,0.0,0,0,0,0.0,0.0,0.0,0.0,0.0,1,0.0
,academy_3_vs_1_with_keeper,123,collect_rollout,4844,0,21,0.0,False,False,0.0,0.0,0,0,0,0.0,0.0,0.0,0.0,0.0,1,0.0
,academy_3_vs_1_with_keeper,123,collect_rollout,4845,0,18,0.0,False,False,0.0,0.0,0,0,0,0.0,0.0,0.0,0.0,0.0,1,0.0
,academy_3_vs_1_with_keeper,123,collect_rollout,4846,0,23,0.0,False,False,0.0,0.0,0,0,0,0.0,0.0,0.0,0.0,0.0,1,0.0
,academy_3_vs_1_with_keeper,123,collect_rollout,4847,0,20,0.0,False,False,0.0,0.0,0,0,0,0.0,0.0,0.0,0.0,0.0,1,0.0
,academy_3_vs_1_with_keeper,123,collect_rollout,4848,0,14,0.0,False,False,0.0,0.0,0,0,0,0.0,0.0,0.0,0.0,0.0,1,0.0
,academy_3_vs_1_with_keeper,123,collect_rollout,4849,0,20,0.0,False,False,0.0,0.0,0,0,0,0.0,0.0,0.0,0.0,0.0,1,0.0
,academy_3_vs_1_with_keeper,123,collect_rollout,4850,0,19,0.0,False,False,0.0,0.0,0,0,0,0.0,0.0,0.0,0.0,0.0,1,0.0
,academy_3_vs_1_with_keeper,123,collect_rollout,4851,0,20,0.0,False,False,0.0,0.0,0,0,0,0.0,0.0,0.0,0.0,0.0,1,0.0
,academy_3_vs_1_with_keeper,123,collect_rollout,4852,0,16,-0.003333333181217313,False,False,0.0,0.0,0,0,0,0.0,0.0,0.0,0.0,-0.003333333181217313,1,-0.003333333181217313
,academy_3_vs_1_with_keeper,123,collect_rollout,4853,0,18,0.0,False,False,0.0,0.0,0,0,0,0.0,0.0,0.0,0.0,0.0,1,0.0
,academy_3_vs_1_with_keeper,123,collect_rollout,4854,0,19,0.0,False,False,0.0,0.0,0,0,0,0.0,0.0,0.0,0.0,0.0,1,0.0
,academy_3_vs_1_with_keeper,123,collect_rollout,4855,0,17,0.0,False,False,0.0,0.0,0,0,0,0.0,0.0,0.0,0.0,0.0,1,0.0
,academy_3_vs_1_with_keeper,123,collect_rollout,4856,0,18,0.0,False,False,0.0,0.0,0,0,0,0.0,0.0,0.0,0.0,0.0,1,0.0
,academy_3_vs_1_with_keeper,123,collect_rollout,4857,0,22,0.0,False,False,0.0,0.0,0,0,0,0.0,0.0,0.0,0.0,0.0,1,0.0
,academy_3_vs_1_with_keeper,123,collect_rollout,4858,0,17,0.0,False,False,0.0,0.0,0,0,0,0.0,0.0,0.0,0.0,0.0,1,0.0
,academy_3_vs_1_with_keeper,123,collect_rollout,4859,0,21,0.0,False,False,0.0,0.0,0,0,0,0.0,0.0,0.0,0.0,0.0,1,0.0
,academy_3_vs_1_with_keeper,123,collect_rollout,4860,0,19,0.0,False,False,0.0,0.0,0,0,0,0.0,0.0,0.0,0.0,0.0,1,0.0
,academy_3_vs_1_with_keeper,123,collect_rollout,4861,0,16,0.0,False,False,0.0,0.0,0,0,0,0.0,0.0,0.0,0.0,0.0,1,0.0
,academy_3_vs_1_with_keeper,123,collect_rollout,4862,0,20,0.0,False,False,0.0,0.0,0,0,0,0.0,0.0,0.0,0.0,0.0,1,0.0
,academy_3_vs_1_with_keeper,123,collect_rollout,4863,0,21,0.0,False,False,0.0,0.0,0,0,0,0.0,0.0,0.0,0.0,0.0,1,0.0
,academy_3_vs_1_with_keeper,123,collect_rollout,4864,0,17,0.0,False,False,0.0,0.0,0,0,0,0.0,0.0,0.0,0.0,0.0,1,0.0
,academy_3_vs_1_with_keeper,123,collect_rollout,4865,0,18,0.0,False,False,0.0,0.0,0,0,0,0.0,0.0,0.0,0.0,0.0,1,0.0
,academy_3_vs_1_with_keeper,123,collect_rollout,4866,0,15,0.0,False,False,0.0,0.0,0,0,0,0.0,0.0,0.0,0.0,0.0,1,0.0
,academy_3_vs_1_with_keeper,123,collect_rollout,4867,0,17,0.0,False,False,0.0,0.0,0,0,0,0.0,0.0,0.0,0.0,0.0,1,0.0
,academy_3_vs_1_with_keeper,123,collect_rollout,4868,0,17,0.0,False,False,0.0,0.0,0,0,0,0.0,0.0,0.0,0.0,0.0,1,0.0
,academy_3_vs_1_with_keeper,123,collect_rollout,4869,0,18,0.0,False,False,0.0,0.0,0,0,0,0.0,0.0,0.0,0.0,0.0,1,0.0
,academy_3_vs_1_with_keeper,123,collect_rollout,4870,0,17,0.0,False,False,0.0,0.0,0,0,0,0.0,0.0,0.0,0.0,0.0,1,0.0
,academy_3_vs_1_with_keeper,123,collect_rollout,4871,0,18,0.0,False,False,0.0,0.0,0,0,0,0.0,0.0,0.0,0.0,0.0,1,0.0
,academy_3_vs_1_with_keeper,123,collect_rollout,4872,0,20,0.0,False,False,0.0,0.0,0,0,0,0.0,0.0,0.0,0.0,0.0,1,0.0
,academy_3_vs_1_with_keeper,123,collect_rollout,4873,0,19,0.0,False,False,0.0,0.0,0,0,0,0.0,0.0,0.0,0.0,0.0,1,0.0
,academy_3_vs_1_with_keeper,123,collect_rollout,4874,0,17,0.0,False,False,0.0,0.0,0,0,0,0.0,0.0,0.0,0.0,0.0,1,0.0
,academy_3_vs_1_with_keeper,123,collect_rollout,4875,0,16,0.0,False,False,0.0,0.0,0,0,0,0.0,0.0,0.0,0.0,0.0,1,0.0
,academy_3_vs_1_with_keeper,123,collect_rollout,4876,0,21,0.0,False,False,0.0,0.0,0,0,0,0.0,0.0,0.0,0.0,0.0,1,0.0
,academy_3_vs_1_with_keeper,123,collect_rollout,4877,0,16,0.0,False,False,0.0,0.0,0,0,0,0.0,0.0,0.0,0.0,0.0,1,0.0
,academy_3_vs_1_with_keeper,123,collect_rollout,4878,0,23,0.0,False,False,0.0,0.0,0,0,0,0.0,0.0,0.0,0.0,0.0,1,0.0
,academy_3_vs_1_with_keeper,123,collect_rollout,4879,0,17,0.0,False,False,0.0,0.0,0,0,0,0.0,0.0,0.0,0.0,0.0,1,0.0
,academy_3_vs_1_with_keeper,123,collect_rollout,4880,0,18,0.0,False,False,0.0,0.0,0,0,0,0.0,0.0,0.0,0.0,0.0,1,0.0
,academy_3_vs_1_with_keeper,123,collect_rollout,4881,0,17,0.0,False,False,0.0,0.0,0,0,0,0.0,0.0,0.0,0.0,0.0,1,0.0
,academy_3_vs_1_with_keeper,123,collect_rollout,4882,0,23,0.0,False,False,0.0,0.0,0,0,0,0.0,0.0,0.0,0.0,0.0,1,0.0
,academy_3_vs_1_with_keeper,123,collect_rollout,4883,0,20,0.0,False,False,0.0,0.0,0,0,0,0.0,0.0,0.0,0.0,0.0,1,0.0
,academy_3_vs_1_with_keeper,123,collect_rollout,4884,0,16,0.0,False,False,0.0,0.0,0,0,0,0.0,0.0,0.0,0.0,0.0,1,0.0
,academy_3_vs_1_with_keeper,123,collect_rollout,4885,0,21,0.0,False,False,0.0,0.0,0,0,0,0.0,0.0,0.0,0.0,0.0,1,0.0
,academy_3_vs_1_with_keeper,123,collect_rollout,4886,0,17,0.0,False,False,0.0,0.0,0,0,0,0.0,0.0,0.0,0.0,0.0,1,0.0
,academy_3_vs_1_with_keeper,123,collect_rollout,4887,0,23,0.0,False,False,0.0,0.0,0,0,0,0.0,0.0,0.0,0.0,0.0,1,0.0
,academy_3_vs_1_with_keeper,123,collect_rollout,4888,0,20,0.0,False,False,0.0,0.0,0,0,0,0.0,0.0,0.0,0.0,0.0,1,0.0
,academy_3_vs_1_with_keeper,123,collect_rollout,4889,0,20,0.0,False,False,0.0,0.0,0,0,0,0.0,0.0,0.0,0.0,0.0,1,0.0
,academy_3_vs_1_with_keeper,123,collect_rollout,4890,0,19,0.0,False,False,0.0,0.0,0,0,0,0.0,0.0,0.0,0.0,0.0,1,0.0
,academy_3_vs_1_with_keeper,123,collect_rollout,4891,0,17,0.0,False,False,0.0,0.0,0,0,0,0.0,0.0,0.0,0.0,0.0,1,0.0
,academy_3_vs_1_with_keeper,123,collect_rollout,4892,0,18,0.0,False,False,0.0,0.0,0,0,0,0.0,0.0,0.0,0.0,0.0,1,0.0
,academy_3_vs_1_with_keeper,123,collect_rollout,4893,0,18,0.0,False,False,0.0,0.0,0,0,0,0.0,0.0,0.0,0.0,0.0,1,0.0
,academy_3_vs_1_with_keeper,123,collect_rollout,4894,0,19,0.0,False,False,0.0,0.0,0,0,0,0.0,0.0,0.0,0.0,0.0,1,0.0
,academy_3_vs_1_with_keeper,123,collect_rollout,4895,0,20,0.0,False,False,0.0,0.0,0,0,0,0.0,0.0,0.0,0.0,0.0,1,0.0
,academy_3_vs_1_with_keeper,123,collect_rollout,4896,0,18,0.0,False,False,0.0,0.0,0,0,0,0.0,0.0,0.0,0.0,0.0,1,0.0
,academy_3_vs_1_with_keeper,123,collect_rollout,4897,0,16,0.0,False,False,0.0,0.0,0,0,0,0.0,0.0,0.0,0.0,0.0,1,0.0
,academy_3_vs_1_with_keeper,123,collect_rollout,4898,0,17,0.0,False,False,0.0,0.0,0,0,0,0.0,0.0,0.0,0.0,0.0,1,0.0
,academy_3_vs_1_with_keeper,123,collect_rollout,4899,0,15,0.0,False,False,0.0,0.0,0,0,0,0.0,0.0,0.0,0.0,0.0,1,0.0
,academy_3_vs_1_with_keeper,123,collect_rollout,4900,0,16,0.0,False,False,0.0,0.0,0,0,0,0.0,0.0,0.0,0.0,0.0,1,0.0
,academy_3_vs_1_with_keeper,123,collect_rollout,4901,0,23,0.0,False,False,0.0,0.0,0,0,0,0.0,0.0,0.0,0.0,0.0,1,0.0
,academy_3_vs_1_with_keeper,123,collect_rollout,4902,0,18,0.0,False,False,0.0,0.0,0,0,0,0.0,0.0,0.0,0.0,0.0,1,0.0
,academy_3_vs_1_with_keeper,123,collect_rollout,4903,0,17,0.0,False,False,0.0,0.0,0,0,0,0.0,0.0,0.0,0.0,0.0,1,0.0
,academy_3_vs_1_with_keeper,123,collect_rollout,4904,0,18,-0.003333333181217313,False,False,0.0,0.0,0,0,0,0.0,0.0,0.0,0.0,-0.003333333181217313,1,-0.003333333181217313
,academy_3_vs_1_with_keeper,123,collect_rollout,4905,0,17,0.0,False,False,0.0,0.0,0,0,0,0.0,0.0,0.0,0.0,0.0,1,0.0
,academy_3_vs_1_with_keeper,123,collect_rollout,4906,0,29,-0.12333332793787122,False,False,0.0,0.0,0,0,0,0.0,0.0,0.0,0.0,-0.12333332793787122,1,-0.12333332793787122
,academy_3_vs_1_with_keeper,123,collect_rollout,4907,0,17,0.0,False,False,0.0,0.0,0,0,0,0.0,0.0,0.0,0.0,0.0,1,0.0
,academy_3_vs_1_with_keeper,123,collect_rollout,4908,0,22,0.0,False,False,0.0,0.0,0,0,0,0.0,0.0,0.0,0.0,0.0,1,0.0
,academy_3_vs_1_with_keeper,123,collect_rollout,4909,0,17,0.0,False,False,0.0,0.0,0,0,0,0.0,0.0,0.0,0.0,0.0,1,0.0
,academy_3_vs_1_with_keeper,123,collect_rollout,4910,0,21,0.0,False,False,0.0,0.0,0,0,0,0.0,0.0,0.0,0.0,0.0,1,0.0
,academy_3_vs_1_with_keeper,123,collect_rollout,4911,0,21,0.0,False,False,0.0,0.0,0,0,0,0.0,0.0,0.0,0.0,0.0,1,0.0
,academy_3_vs_1_with_keeper,123,collect_rollout,4912,0,22,0.0,False,False,0.0,0.0,0,0,0,0.0,0.0,0.0,0.0,0.0,1,0.0
,academy_3_vs_1_with_keeper,123,collect_rollout,4913,0,22,0.0,False,False,0.0,0.0,0,0,0,0.0,0.0,0.0,0.0,0.0,1,0.0
,academy_3_vs_1_with_keeper,123,collect_rollout,4914,0,14,0.0,False,False,0.0,0.0,0,0,0,0.0,0.0,0.0,0.0,0.0,1,0.0
,academy_3_vs_1_with_keeper,123,collect_rollout,4915,0,74,1.7236481972504407,False,False,0.0,0.0,0,0,0,0.0,0.0,0.0,0.0,1.7236481972504407,1,1.7236481972504407
,academy_3_vs_1_with_keeper,123,collect_rollout,4916,0,20,0.0,False,False,0.0,0.0,0,0,0,0.0,0.0,0.0,0.0,0.0,1,0.0
,academy_3_vs_1_with_keeper,123,collect_rollout,4917,0,23,-0.003333333181217313,False,False,0.0,0.0,0,0,0,0.0,0.0,0.0,0.0,-0.003333333181217313,1,-0.003333333181217313
,academy_3_vs_1_with_keeper,123,collect_rollout,4918,0,17,0.0,False,False,0.0,0.0,0,0,0,0.0,0.0,0.0,0.0,0.0,1,0.0
,academy_3_vs_1_with_keeper,123,collect_rollout,4919,0,16,0.0,False,False,0.0,0.0,0,0,0,0.0,0.0,0.0,0.0,0.0,1,0.0
,academy_3_vs_1_with_keeper,123,collect_rollout,4920,0,20,0.0,False,False,0.0,0.0,0,0,0,0.0,0.0,0.0,0.0,0.0,1,0.0
,academy_3_vs_1_with_keeper,123,collect_rollout,4921,0,16,-0.003333333181217313,False,False,0.0,0.0,0,0,0,0.0,0.0,0.0,0.0,-0.003333333181217313,1,-0.003333333181217313
,academy_3_vs_1_with_keeper,123,collect_rollout,4922,0,22,0.0,False,False,0.0,0.0,0,0,0,0.0,0.0,0.0,0.0,0.0,1,0.0
,academy_3_vs_1_with_keeper,123,collect_rollout,4923,0,20,0.0,False,False,0.0,0.0,0,0,0,0.0,0.0,0.0,0.0,0.0,1,0.0
,academy_3_vs_1_with_keeper,123,collect_rollout,4924,0,18,0.0,False,False,0.0,0.0,0,0,0,0.0,0.0,0.0,0.0,0.0,1,0.0
,academy_3_vs_1_with_keeper,123,collect_rollout,4925,0,17,0.0,False,False,0.0,0.0,0,0,0,0.0,0.0,0.0,0.0,0.0,1,0.0
,academy_3_vs_1_with_keeper,123,collect_rollout,4926,0,21,0.0,False,False,0.0,0.0,0,0,0,0.0,0.0,0.0,0.0,0.0,1,0.0
,academy_3_vs_1_with_keeper,123,collect_rollout,4927,0,18,0.0,False,False,0.0,0.0,0,0,0,0.0,0.0,0.0,0.0,0.0,1,0.0
,academy_3_vs_1_with_keeper,123,collect_rollout,4928,0,17,0.0,False,False,0.0,0.0,0,0,0,0.0,0.0,0.0,0.0,0.0,1,0.0
,academy_3_vs_1_with_keeper,123,collect_rollout,4929,0,20,0.0,False,False,0.0,0.0,0,0,0,0.0,0.0,0.0,0.0,0.0,1,0.0
,academy_3_vs_1_with_keeper,123,collect_rollout,4930,0,18,0.0,False,False,0.0,0.0,0,0,0,0.0,0.0,0.0,0.0,0.0,1,0.0
,academy_3_vs_1_with_keeper,123,collect_rollout,4931,0,14,0.0,False,False,0.0,0.0,0,0,0,0.0,0.0,0.0,0.0,0.0,1,0.0
,academy_3_vs_1_with_keeper,123,collect_rollout,4932,0,16,0.0,False,False,0.0,0.0,0,0,0,0.0,0.0,0.0,0.0,0.0,1,0.0
,academy_3_vs_1_with_keeper,123,collect_rollout,4933,0,15,0.0,False,False,0.0,0.0,0,0,0,0.0,0.0,0.0,0.0,0.0,1,0.0
,academy_3_vs_1_with_keeper,123,collect_rollout,4934,0,15,0.0,False,False,0.0,0.0,0,0,0,0.0,0.0,0.0,0.0,0.0,1,0.0
,academy_3_vs_1_with_keeper,123,collect_rollout,4935,0,22,-0.003333333181217313,False,False,0.0,0.0,0,0,0,0.0,0.0,0.0,0.0,-0.003333333181217313,1,-0.003333333181217313
,academy_3_vs_1_with_keeper,123,collect_rollout,4936,0,21,0.0,False,False,0.0,0.0,0,0,0,0.0,0.0,0.0,0.0,0.0,1,0.0
,academy_3_vs_1_with_keeper,123,collect_rollout,4937,0,18,0.0,False,False,0.0,0.0,0,0,0,0.0,0.0,0.0,0.0,0.0,1,0.0
,academy_3_vs_1_with_keeper,123,collect_rollout,4938,0,20,0.0,False,False,0.0,0.0,0,0,0,0.0,0.0,0.0,0.0,0.0,1,0.0
,academy_3_vs_1_with_keeper,123,collect_rollout,4939,0,18,0.0,False,False,0.0,0.0,0,0,0,0.0,0.0,0.0,0.0,0.0,1,0.0
,academy_3_vs_1_with_keeper,123,collect_rollout,4940,0,21,0.0,False,False,0.0,0.0,0,0,0,0.0,0.0,0.0,0.0,0.0,1,0.0
,academy_3_vs_1_with_keeper,123,collect_rollout,4941,0,18,0.0,False,False,0.0,0.0,0,0,0,0.0,0.0,0.0,0.0,0.0,1,0.0
,academy_3_vs_1_with_keeper,123,collect_rollout,4942,0,20,0.0,False,False,0.0,0.0,0,0,0,0.0,0.0,0.0,0.0,0.0,1,0.0
,academy_3_vs_1_with_keeper,123,collect_rollout,4943,0,21,0.0,False,False,0.0,0.0,0,0,0,0.0,0.0,0.0,0.0,0.0,1,0.0
,academy_3_vs_1_with_keeper,123,collect_rollout,4944,0,19,0.0,False,False,0.0,0.0,0,0,0,0.0,0.0,0.0,0.0,0.0,1,0.0
,academy_3_vs_1_with_keeper,123,collect_rollout,4945,0,16,0.0,False,False,0.0,0.0,0,0,0,0.0,0.0,0.0,0.0,0.0,1,0.0
,academy_3_vs_1_with_keeper,123,collect_rollout,4946,0,70,-0.3123094212496653,False,False,0.0,0.0,0,0,0,0.0,0.0,0.0,0.0,-0.3123094212496653,1,-0.3123094212496653
,academy_3_vs_1_with_keeper,123,collect_rollout,4947,0,18,0.0,False,False,0.0,0.0,0,0,0,0.0,0.0,0.0,0.0,0.0,1,0.0
,academy_3_vs_1_with_keeper,123,collect_rollout,4948,0,20,0.0,False,False,0.0,0.0,0,0,0,0.0,0.0,0.0,0.0,0.0,1,0.0
,academy_3_vs_1_with_keeper,123,collect_rollout,4949,0,19,0.0,False,False,0.0,0.0,0,0,0,0.0,0.0,0.0,0.0,0.0,1,0.0
,academy_3_vs_1_with_keeper,123,collect_rollout,4950,0,19,0.0,False,False,0.0,0.0,0,0,0,0.0,0.0,0.0,0.0,0.0,1,0.0
,academy_3_vs_1_with_keeper,123,collect_rollout,4951,0,18,0.0,False,False,0.0,0.0,0,0,0,0.0,0.0,0.0,0.0,0.0,1,0.0
,academy_3_vs_1_with_keeper,123,collect_rollout,4952,0,20,0.0,False,False,0.0,0.0,0,0,0,0.0,0.0,0.0,0.0,0.0,1,0.0
,academy_3_vs_1_with_keeper,123,collect_rollout,4953,0,15,0.0,False,False,0.0,0.0,0,0,0,0.0,0.0,0.0,0.0,0.0,1,0.0
,academy_3_vs_1_with_keeper,123,collect_rollout,4954,0,21,0.0,False,False,0.0,0.0,0,0,0,0.0,0.0,0.0,0.0,0.0,1,0.0
,academy_3_vs_1_with_keeper,123,collect_rollout,4955,0,19,0.0,False,False,0.0,0.0,0,0,0,0.0,0.0,0.0,0.0,0.0,1,0.0
,academy_3_vs_1_with_keeper,123,collect_rollout,4956,0,21,-0.003333333181217313,False,False,0.0,0.0,0,0,0,0.0,0.0,0.0,0.0,-0.003333333181217313,1,-0.003333333181217313
,academy_3_vs_1_with_keeper,123,collect_rollout,4957,0,21,0.0,False,False,0.0,0.0,0,0,0,0.0,0.0,0.0,0.0,0.0,1,0.0
,academy_3_vs_1_with_keeper,123,collect_rollout,4958,0,16,0.0,False,False,0.0,0.0,0,0,0,0.0,0.0,0.0,0.0,0.0,1,0.0
,academy_3_vs_1_with_keeper,123,collect_rollout,4959,0,16,0.0,False,False,0.0,0.0,0,0,0,0.0,0.0,0.0,0.0,0.0,1,0.0
,academy_3_vs_1_with_keeper,123,collect_rollout,4960,0,18,0.0,False,False,0.0,0.0,0,0,0,0.0,0.0,0.0,0.0,0.0,1,0.0
,academy_3_vs_1_with_keeper,123,collect_rollout,4961,0,16,0.0,False,False,0.0,0.0,0,0,0,0.0,0.0,0.0,0.0,0.0,1,0.0
,academy_3_vs_1_with_keeper,123,collect_rollout,4962,0,21,0.0,False,False,0.0,0.0,0,0,0,0.0,0.0,0.0,0.0,0.0,1,0.0
,academy_3_vs_1_with_keeper,123,collect_rollout,4963,0,16,0.0,False,False,0.0,0.0,0,0,0,0.0,0.0,0.0,0.0,0.0,1,0.0
,academy_3_vs_1_with_keeper,123,collect_rollout,4964,0,19,0.0,False,False,0.0,0.0,0,0,0,0.0,0.0,0.0,0.0,0.0,1,0.0
,academy_3_vs_1_with_keeper,123,collect_rollout,4965,0,24,0.0,False,False,0.0,0.0,0,0,0,0.0,0.0,0.0,0.0,0.0,1,0.0
,academy_3_vs_1_with_keeper,123,collect_rollout,4966,0,19,0.0,False,False,0.0,0.0,0,0,0,0.0,0.0,0.0,0.0,0.0,1,0.0
,academy_3_vs_1_with_keeper,123,collect_rollout,4967,0,15,0.0,False,False,0.0,0.0,0,0,0,0.0,0.0,0.0,0.0,0.0,1,0.0
,academy_3_vs_1_with_keeper,123,collect_rollout,4968,0,16,0.0,False,False,0.0,0.0,0,0,0,0.0,0.0,0.0,0.0,0.0,1,0.0
,academy_3_vs_1_with_keeper,123,collect_rollout,4969,0,17,0.0,False,False,0.0,0.0,0,0,0,0.0,0.0,0.0,0.0,0.0,1,0.0
,academy_3_vs_1_with_keeper,123,collect_rollout,4970,0,22,0.0,False,False,0.0,0.0,0,0,0,0.0,0.0,0.0,0.0,0.0,1,0.0
,academy_3_vs_1_with_keeper,123,collect_rollout,4971,0,17,0.0,False,False,0.0,0.0,0,0,0,0.0,0.0,0.0,0.0,0.0,1,0.0
,academy_3_vs_1_with_keeper,123,collect_rollout,4972,0,16,0.0,False,False,0.0,0.0,0,0,0,0.0,0.0,0.0,0.0,0.0,1,0.0
,academy_3_vs_1_with_keeper,123,collect_rollout,4973,0,18,0.0,False,False,0.0,0.0,0,0,0,0.0,0.0,0.0,0.0,0.0,1,0.0
,academy_3_vs_1_with_keeper,123,collect_rollout,4974,0,18,0.0,False,False,0.0,0.0,0,0,0,0.0,0.0,0.0,0.0,0.0,1,0.0
,academy_3_vs_1_with_keeper,123,collect_rollout,4975,0,21,0.0,False,False,0.0,0.0,0,0,0,0.0,0.0,0.0,0.0,0.0,1,0.0
,academy_3_vs_1_with_keeper,123,collect_rollout,4976,0,15,0.0,False,False,0.0,0.0,0,0,0,0.0,0.0,0.0,0.0,0.0,1,0.0
,academy_3_vs_1_with_keeper,123,collect_rollout,4977,0,19,0.0,False,False,0.0,0.0,0,0,0,0.0,0.0,0.0,0.0,0.0,1,0.0
,academy_3_vs_1_with_keeper,123,collect_rollout,4978,0,141,-0.6759924222715199,False,False,0.0,0.0,0,0,0,0.0,0.0,0.0,0.0,-0.6759924222715199,1,-0.6759924222715199
,academy_3_vs_1_with_keeper,123,collect_rollout,4979,0,19,0.0,False,False,0.0,0.0,0,0,0,0.0,0.0,0.0,0.0,0.0,1,0.0
,academy_3_vs_1_with_keeper,123,collect_rollout,4980,0,19,0.0,False,False,0.0,0.0,0,0,0,0.0,0.0,0.0,0.0,0.0,1,0.0
,academy_3_vs_1_with_keeper,123,collect_rollout,4981,0,18,0.0,False,False,0.0,0.0,0,0,0,0.0,0.0,0.0,0.0,0.0,1,0.0
,academy_3_vs_1_with_keeper,123,collect_rollout,4982,0,17,0.0,False,False,0.0,0.0,0,0,0,0.0,0.0,0.0,0.0,0.0,1,0.0
,academy_3_vs_1_with_keeper,123,collect_rollout,4983,0,18,0.0,False,False,0.0,0.0,0,0,0,0.0,0.0,0.0,0.0,0.0,1,0.0
,academy_3_vs_1_with_keeper,123,collect_rollout,4984,0,21,0.0,False,False,0.0,0.0,0,0,0,0.0,0.0,0.0,0.0,0.0,1,0.0
,academy_3_vs_1_with_keeper,123,collect_rollout,4985,0,21,0.0,False,False,0.0,0.0,0,0,0,0.0,0.0,0.0,0.0,0.0,1,0.0
,academy_3_vs_1_with_keeper,123,collect_rollout,4986,0,17,0.0,False,False,0.0,0.0,0,0,0,0.0,0.0,0.0,0.0,0.0,1,0.0
,academy_3_vs_1_with_keeper,123,collect_rollout,4987,0,21,0.0,False,False,0.0,0.0,0,0,0,0.0,0.0,0.0,0.0,0.0,1,0.0
,academy_3_vs_1_with_keeper,123,collect_rollout,4988,0,18,0.0,False,False,0.0,0.0,0,0,0,0.0,0.0,0.0,0.0,0.0,1,0.0
,academy_3_vs_1_with_keeper,123,collect_rollout,4989,0,20,0.0,False,False,0.0,0.0,0,0,0,0.0,0.0,0.0,0.0,0.0,1,0.0
,academy_3_vs_1_with_keeper,123,collect_rollout,4990,0,23,0.0,False,False,0.0,0.0,0,0,0,0.0,0.0,0.0,0.0,0.0,1,0.0
,academy_3_vs_1_with_keeper,123,collect_rollout,4991,0,18,-0.003333333181217313,False,False,0.0,0.0,0,0,0,0.0,0.0,0.0,0.0,-0.003333333181217313,1,-0.003333333181217313
,academy_3_vs_1_with_keeper,123,collect_rollout,4992,0,168,-0.3298462622333318,False,False,0.0,0.0,0,0,0,0.0,0.0,0.0,0.0,-0.3298462622333318,1,-0.3298462622333318
,academy_3_vs_1_with_keeper,123,collect_rollout,4993,0,18,0.0,False,False,0.0,0.0,0,0,0,0.0,0.0,0.0,0.0,0.0,1,0.0
,academy_3_vs_1_with_keeper,123,collect_rollout,4994,0,83,-0.22152606025338173,False,False,0.0,0.0,0,0,0,0.0,0.0,0.0,0.0,-0.22152606025338173,1,-0.22152606025338173
,academy_3_vs_1_with_keeper,123,collect_rollout,4995,0,18,0.0,False,False,0.0,0.0,0,0,0,0.0,0.0,0.0,0.0,0.0,1,0.0
,academy_3_vs_1_with_keeper,123,collect_rollout,4996,0,16,0.0,False,False,0.0,0.0,0,0,0,0.0,0.0,0.0,0.0,0.0,1,0.0
,academy_3_vs_1_with_keeper,123,collect_rollout,4997,0,52,1.8652672241441905,False,False,0.0,0.0,0,0,0,0.0,0.0,0.0,0.0,1.8652672241441905,1,1.8652672241441905
,academy_3_vs_1_with_keeper,123,collect_rollout,4998,0,17,0.0,False,False,0.0,0.0,0,0,0,0.0,0.0,0.0,0.0,0.0,1,0.0
,academy_3_vs_1_with_keeper,123,collect_rollout,4999,0,20,0.0,False,False,0.0,0.0,0,0,0,0.0,0.0,0.0,0.0,0.0,1,0.0
,academy_3_vs_1_with_keeper,123,collect_rollout,5000,0,20,0.0,False,False,0.0,0.0,0,0,0,0.0,0.0,0.0,0.0,0.0,1,0.0
,academy_3_vs_1_with_keeper,123,collect_rollout,5001,0,20,0.0,False,False,0.0,0.0,0,0,0,0.0,0.0,0.0,0.0,0.0,1,0.0
,academy_3_vs_1_with_keeper,123,collect_rollout,5002,0,19,0.0,False,False,0.0,0.0,0,0,0,0.0,0.0,0.0,0.0,0.0,1,0.0
,academy_3_vs_1_with_keeper,123,collect_rollout,5003,0,15,0.0,False,False,0.0,0.0,0,0,0,0.0,0.0,0.0,0.0,0.0,1,0.0
,academy_3_vs_1_with_keeper,123,collect_rollout,5004,0,20,-0.003333333181217313,False,False,0.0,0.0,0,0,0,0.0,0.0,0.0,0.0,-0.003333333181217313,1,-0.003333333181217313
,academy_3_vs_1_with_keeper,123,collect_rollout,5005,0,20,0.0,False,False,0.0,0.0,0,0,0,0.0,0.0,0.0,0.0,0.0,1,0.0
,academy_3_vs_1_with_keeper,123,collect_rollout,5006,0,23,0.0,False,False,0.0,0.0,0,0,0,0.0,0.0,0.0,0.0,0.0,1,0.0
,academy_3_vs_1_with_keeper,123,collect_rollout,5007,0,16,0.0,False,False,0.0,0.0,0,0,0,0.0,0.0,0.0,0.0,0.0,1,0.0
,academy_3_vs_1_with_keeper,123,collect_rollout,5008,0,20,0.0,False,False,0.0,0.0,0,0,0,0.0,0.0,0.0,0.0,0.0,1,0.0
,academy_3_vs_1_with_keeper,123,collect_rollout,5009,0,22,0.0,False,False,0.0,0.0,0,0,0,0.0,0.0,0.0,0.0,0.0,1,0.0
,academy_3_vs_1_with_keeper,123,collect_rollout,5010,0,124,-0.393890363862738,False,False,0.0,0.0,0,0,0,0.0,0.0,0.0,0.0,-0.393890363862738,1,-0.393890363862738
,academy_3_vs_1_with_keeper,123,collect_rollout,5011,0,18,0.0,False,False,0.0,0.0,0,0,0,0.0,0.0,0.0,0.0,0.0,1,0.0
,academy_3_vs_1_with_keeper,123,collect_rollout,5012,0,21,0.0,False,False,0.0,0.0,0,0,0,0.0,0.0,0.0,0.0,0.0,1,0.0
,academy_3_vs_1_with_keeper,123,collect_rollout,5013,0,21,0.0,False,False,0.0,0.0,0,0,0,0.0,0.0,0.0,0.0,0.0,1,0.0
,academy_3_vs_1_with_keeper,123,collect_rollout,5014,0,19,0.0,False,False,0.0,0.0,0,0,0,0.0,0.0,0.0,0.0,0.0,1,0.0
,academy_3_vs_1_with_keeper,123,collect_rollout,5015,0,16,-0.003333333181217313,False,False,0.0,0.0,0,0,0,0.0,0.0,0.0,0.0,-0.003333333181217313,1,-0.003333333181217313
,academy_3_vs_1_with_keeper,123,collect_rollout,5016,0,16,0.0,False,False,0.0,0.0,0,0,0,0.0,0.0,0.0,0.0,0.0,1,0.0
,academy_3_vs_1_with_keeper,123,collect_rollout,5017,0,20,0.0,False,False,0.0,0.0,0,0,0,0.0,0.0,0.0,0.0,0.0,1,0.0
,academy_3_vs_1_with_keeper,123,collect_rollout,5018,0,18,0.0,False,False,0.0,0.0,0,0,0,0.0,0.0,0.0,0.0,0.0,1,0.0
,academy_3_vs_1_with_keeper,123,collect_rollout,5019,0,21,0.0,False,False,0.0,0.0,0,0,0,0.0,0.0,0.0,0.0,0.0,1,0.0
,academy_3_vs_1_with_keeper,123,collect_rollout,5020,0,17,0.0,False,False,0.0,0.0,0,0,0,0.0,0.0,0.0,0.0,0.0,1,0.0
,academy_3_vs_1_with_keeper,123,collect_rollout,5021,0,17,0.0,False,False,0.0,0.0,0,0,0,0.0,0.0,0.0,0.0,0.0,1,0.0
,academy_3_vs_1_with_keeper,123,collect_rollout,5022,0,19,0.0,False,False,0.0,0.0,0,0,0,0.0,0.0,0.0,0.0,0.0,1,0.0
,academy_3_vs_1_with_keeper,123,collect_rollout,5023,0,18,0.0,False,False,0.0,0.0,0,0,0,0.0,0.0,0.0,0.0,0.0,1,0.0
,academy_3_vs_1_with_keeper,123,collect_rollout,5024,0,17,0.0,False,False,0.0,0.0,0,0,0,0.0,0.0,0.0,0.0,0.0,1,0.0
,academy_3_vs_1_with_keeper,123,collect_rollout,5025,0,23,0.0,False,False,0.0,0.0,0,0,0,0.0,0.0,0.0,0.0,0.0,1,0.0
,academy_3_vs_1_with_keeper,123,collect_rollout,5026,0,21,0.0,False,False,0.0,0.0,0,0,0,0.0,0.0,0.0,0.0,0.0,1,0.0
,academy_3_vs_1_with_keeper,123,collect_rollout,5027,0,19,0.0,False,False,0.0,0.0,0,0,0,0.0,0.0,0.0,0.0,0.0,1,0.0
,academy_3_vs_1_with_keeper,123,collect_rollout,5028,0,18,0.0,False,False,0.0,0.0,0,0,0,0.0,0.0,0.0,0.0,0.0,1,0.0
,academy_3_vs_1_with_keeper,123,collect_rollout,5029,0,21,0.0,False,False,0.0,0.0,0,0,0,0.0,0.0,0.0,0.0,0.0,1,0.0
,academy_3_vs_1_with_keeper,123,collect_rollout,5030,0,19,0.0,False,False,0.0,0.0,0,0,0,0.0,0.0,0.0,0.0,0.0,1,0.0
,academy_3_vs_1_with_keeper,123,collect_rollout,5031,0,16,0.0,False,False,0.0,0.0,0,0,0,0.0,0.0,0.0,0.0,0.0,1,0.0
,academy_3_vs_1_with_keeper,123,collect_rollout,5032,0,16,0.0,False,False,0.0,0.0,0,0,0,0.0,0.0,0.0,0.0,0.0,1,0.0
,academy_3_vs_1_with_keeper,123,collect_rollout,5033,0,19,0.0,False,False,0.0,0.0,0,0,0,0.0,0.0,0.0,0.0,0.0,1,0.0
,academy_3_vs_1_with_keeper,123,collect_rollout,5034,0,15,0.0,False,False,0.0,0.0,0,0,0,0.0,0.0,0.0,0.0,0.0,1,0.0
,academy_3_vs_1_with_keeper,123,collect_rollout,5035,0,23,0.0,False,False,0.0,0.0,0,0,0,0.0,0.0,0.0,0.0,0.0,1,0.0
,academy_3_vs_1_with_keeper,123,collect_rollout,5036,0,20,0.0,False,False,0.0,0.0,0,0,0,0.0,0.0,0.0,0.0,0.0,1,0.0
,academy_3_vs_1_with_keeper,123,collect_rollout,5037,0,17,0.0,False,False,0.0,0.0,0,0,0,0.0,0.0,0.0,0.0,0.0,1,0.0
,academy_3_vs_1_with_keeper,123,collect_rollout,5038,0,19,0.0,False,False,0.0,0.0,0,0,0,0.0,0.0,0.0,0.0,0.0,1,0.0
,academy_3_vs_1_with_keeper,123,collect_rollout,5039,0,22,0.0,False,False,0.0,0.0,0,0,0,0.0,0.0,0.0,0.0,0.0,1,0.0
,academy_3_vs_1_with_keeper,123,collect_rollout,5040,0,15,0.0,False,False,0.0,0.0,0,0,0,0.0,0.0,0.0,0.0,0.0,1,0.0
,academy_3_vs_1_with_keeper,123,collect_rollout,5041,0,18,0.0,False,False,0.0,0.0,0,0,0,0.0,0.0,0.0,0.0,0.0,1,0.0
,academy_3_vs_1_with_keeper,123,collect_rollout,5042,0,19,0.0,False,False,0.0,0.0,0,0,0,0.0,0.0,0.0,0.0,0.0,1,0.0
,academy_3_vs_1_with_keeper,123,collect_rollout,5043,0,21,0.0,False,False,0.0,0.0,0,0,0,0.0,0.0,0.0,0.0,0.0,1,0.0
,academy_3_vs_1_with_keeper,123,collect_rollout,5044,0,20,0.0,False,False,0.0,0.0,0,0,0,0.0,0.0,0.0,0.0,0.0,1,0.0
,academy_3_vs_1_with_keeper,123,collect_rollout,5045,0,55,-0.028123040799982846,False,False,0.0,0.0,0,0,0,0.0,0.0,0.0,0.0,-0.028123040799982846,1,-0.028123040799982846
,academy_3_vs_1_with_keeper,123,collect_rollout,5046,0,21,0.0,False,False,0.0,0.0,0,0,0,0.0,0.0,0.0,0.0,0.0,1,0.0
,academy_3_vs_1_with_keeper,123,collect_rollout,5047,0,18,0.0,False,False,0.0,0.0,0,0,0,0.0,0.0,0.0,0.0,0.0,1,0.0
,academy_3_vs_1_with_keeper,123,collect_rollout,5048,0,17,0.0,False,False,0.0,0.0,0,0,0,0.0,0.0,0.0,0.0,0.0,1,0.0
,academy_3_vs_1_with_keeper,123,collect_rollout,5049,0,15,0.0,False,False,0.0,0.0,0,0,0,0.0,0.0,0.0,0.0,0.0,1,0.0
,academy_3_vs_1_with_keeper,123,collect_rollout,5050,0,16,0.0,False,False,0.0,0.0,0,0,0,0.0,0.0,0.0,0.0,0.0,1,0.0
,academy_3_vs_1_with_keeper,123,collect_rollout,5051,0,21,0.0,False,False,0.0,0.0,0,0,0,0.0,0.0,0.0,0.0,0.0,1,0.0
,academy_3_vs_1_with_keeper,123,collect_rollout,5052,0,16,-0.003333333181217313,False,False,0.0,0.0,0,0,0,0.0,0.0,0.0,0.0,-0.003333333181217313,1,-0.003333333181217313
,academy_3_vs_1_with_keeper,123,collect_rollout,5053,0,20,-0.003333333181217313,False,False,0.0,0.0,0,0,0,0.0,0.0,0.0,0.0,-0.003333333181217313,1,-0.003333333181217313
,academy_3_vs_1_with_keeper,123,collect_rollout,5054,0,20,0.0,False,False,0.0,0.0,0,0,0,0.0,0.0,0.0,0.0,0.0,1,0.0
,academy_3_vs_1_with_keeper,123,collect_rollout,5055,0,14,0.0,False,False,0.0,0.0,0,0,0,0.0,0.0,0.0,0.0,0.0,1,0.0
,academy_3_vs_1_with_keeper,123,collect_rollout,5056,0,18,0.0,False,False,0.0,0.0,0,0,0,0.0,0.0,0.0,0.0,0.0,1,0.0
,academy_3_vs_1_with_keeper,123,collect_rollout,5057,0,146,-0.6117901678662747,False,False,0.0,0.0,0,0,0,0.0,0.0,0.0,0.0,-0.6117901678662747,1,-0.6117901678662747
,academy_3_vs_1_with_keeper,123,collect_rollout,5058,0,17,0.0,False,False,0.0,0.0,0,0,0,0.0,0.0,0.0,0.0,0.0,1,0.0
,academy_3_vs_1_with_keeper,123,collect_rollout,5059,0,22,0.0,False,False,0.0,0.0,0,0,0,0.0,0.0,0.0,0.0,0.0,1,0.0
,academy_3_vs_1_with_keeper,123,collect_rollout,5060,0,20,0.0,False,False,0.0,0.0,0,0,0,0.0,0.0,0.0,0.0,0.0,1,0.0
,academy_3_vs_1_with_keeper,123,collect_rollout,5061,0,15,0.0,False,False,0.0,0.0,0,0,0,0.0,0.0,0.0,0.0,0.0,1,0.0
,academy_3_vs_1_with_keeper,123,collect_rollout,5062,0,18,0.0,False,False,0.0,0.0,0,0,0,0.0,0.0,0.0,0.0,0.0,1,0.0
,academy_3_vs_1_with_keeper,123,collect_rollout,5063,0,17,0.0,False,False,0.0,0.0,0,0,0,0.0,0.0,0.0,0.0,0.0,1,0.0
,academy_3_vs_1_with_keeper,123,collect_rollout,5064,0,19,0.0,False,False,0.0,0.0,0,0,0,0.0,0.0,0.0,0.0,0.0,1,0.0
,academy_3_vs_1_with_keeper,123,collect_rollout,5065,0,20,0.0,False,False,0.0,0.0,0,0,0,0.0,0.0,0.0,0.0,0.0,1,0.0
,academy_3_vs_1_with_keeper,123,collect_rollout,5066,0,19,0.0,False,False,0.0,0.0,0,0,0,0.0,0.0,0.0,0.0,0.0,1,0.0
,academy_3_vs_1_with_keeper,123,collect_rollout,5067,0,15,0.0,False,False,0.0,0.0,0,0,0,0.0,0.0,0.0,0.0,0.0,1,0.0
,academy_3_vs_1_with_keeper,123,collect_rollout,5068,0,19,0.0,False,False,0.0,0.0,0,0,0,0.0,0.0,0.0,0.0,0.0,1,0.0
,academy_3_vs_1_with_keeper,123,collect_rollout,5069,0,19,0.0,False,False,0.0,0.0,0,0,0,0.0,0.0,0.0,0.0,0.0,1,0.0
,academy_3_vs_1_with_keeper,123,collect_rollout,5070,0,19,0.0,False,False,0.0,0.0,0,0,0,0.0,0.0,0.0,0.0,0.0,1,0.0
,academy_3_vs_1_with_keeper,123,collect_rollout,5071,0,22,0.0,False,False,0.0,0.0,0,0,0,0.0,0.0,0.0,0.0,0.0,1,0.0
,academy_3_vs_1_with_keeper,123,collect_rollout,5072,0,16,0.0,False,False,0.0,0.0,0,0,0,0.0,0.0,0.0,0.0,0.0,1,0.0
,academy_3_vs_1_with_keeper,123,collect_rollout,5073,0,20,0.0,False,False,0.0,0.0,0,0,0,0.0,0.0,0.0,0.0,0.0,1,0.0
,academy_3_vs_1_with_keeper,123,collect_rollout,5074,0,18,0.0,False,False,0.0,0.0,0,0,0,0.0,0.0,0.0,0.0,0.0,1,0.0
,academy_3_vs_1_with_keeper,123,collect_rollout,5075,0,19,0.0,False,False,0.0,0.0,0,0,0,0.0,0.0,0.0,0.0,0.0,1,0.0
,academy_3_vs_1_with_keeper,123,collect_rollout,5076,0,21,-0.003333333181217313,False,False,0.0,0.0,0,0,0,0.0,0.0,0.0,0.0,-0.003333333181217313,1,-0.003333333181217313
,academy_3_vs_1_with_keeper,123,collect_rollout,5077,0,18,0.0,False,False,0.0,0.0,0,0,0,0.0,0.0,0.0,0.0,0.0,1,0.0
,academy_3_vs_1_with_keeper,123,collect_rollout,5078,0,18,-0.003333333181217313,False,False,0.0,0.0,0,0,0,0.0,0.0,0.0,0.0,-0.003333333181217313,1,-0.003333333181217313
,academy_3_vs_1_with_keeper,123,collect_rollout,5079,0,20,0.0,False,False,0.0,0.0,0,0,0,0.0,0.0,0.0,0.0,0.0,1,0.0
,academy_3_vs_1_with_keeper,123,collect_rollout,5080,0,18,0.0,False,False,0.0,0.0,0,0,0,0.0,0.0,0.0,0.0,0.0,1,0.0
,academy_3_vs_1_with_keeper,123,collect_rollout,5081,0,23,0.0,False,False,0.0,0.0,0,0,0,0.0,0.0,0.0,0.0,0.0,1,0.0
,academy_3_vs_1_with_keeper,123,collect_rollout,5082,0,20,0.0,False,False,0.0,0.0,0,0,0,0.0,0.0,0.0,0.0,0.0,1,0.0
,academy_3_vs_1_with_keeper,123,collect_rollout,5083,0,20,0.0,False,False,0.0,0.0,0,0,0,0.0,0.0,0.0,0.0,0.0,1,0.0
,academy_3_vs_1_with_keeper,123,collect_rollout,5084,0,20,0.0,False,False,0.0,0.0,0,0,0,0.0,0.0,0.0,0.0,0.0,1,0.0
,academy_3_vs_1_with_keeper,123,collect_rollout,5085,0,21,0.0,False,False,0.0,0.0,0,0,0,0.0,0.0,0.0,0.0,0.0,1,0.0
,academy_3_vs_1_with_keeper,123,collect_rollout,5086,0,17,0.0,False,False,0.0,0.0,0,0,0,0.0,0.0,0.0,0.0,0.0,1,0.0
,academy_3_vs_1_with_keeper,123,collect_rollout,5087,0,105,-0.3895249544621038,False,False,0.0,0.0,0,0,0,0.0,0.0,0.0,0.0,-0.3895249544621038,1,-0.3895249544621038
,academy_3_vs_1_with_keeper,123,collect_rollout,5088,0,16,0.0,False,False,0.0,0.0,0,0,0,0.0,0.0,0.0,0.0,0.0,1,0.0
,academy_3_vs_1_with_keeper,123,collect_rollout,5089,0,18,0.0,False,False,0.0,0.0,0,0,0,0.0,0.0,0.0,0.0,0.0,1,0.0
,academy_3_vs_1_with_keeper,123,collect_rollout,5090,0,20,0.0,False,False,0.0,0.0,0,0,0,0.0,0.0,0.0,0.0,0.0,1,0.0
,academy_3_vs_1_with_keeper,123,collect_rollout,5091,0,20,0.0,False,False,0.0,0.0,0,0,0,0.0,0.0,0.0,0.0,0.0,1,0.0
,academy_3_vs_1_with_keeper,123,collect_rollout,5092,0,19,0.0,False,False,0.0,0.0,0,0,0,0.0,0.0,0.0,0.0,0.0,1,0.0
,academy_3_vs_1_with_keeper,123,collect_rollout,5093,0,21,0.0,False,False,0.0,0.0,0,0,0,0.0,0.0,0.0,0.0,0.0,1,0.0
,academy_3_vs_1_with_keeper,123,collect_rollout,5094,0,15,0.0,False,False,0.0,0.0,0,0,0,0.0,0.0,0.0,0.0,0.0,1,0.0
,academy_3_vs_1_with_keeper,123,collect_rollout,5095,0,19,0.0,False,False,0.0,0.0,0,0,0,0.0,0.0,0.0,0.0,0.0,1,0.0
,academy_3_vs_1_with_keeper,123,collect_rollout,5096,0,18,0.0,False,False,0.0,0.0,0,0,0,0.0,0.0,0.0,0.0,0.0,1,0.0
,academy_3_vs_1_with_keeper,123,collect_rollout,5097,0,19,0.0,False,False,0.0,0.0,0,0,0,0.0,0.0,0.0,0.0,0.0,1,0.0
,academy_3_vs_1_with_keeper,123,collect_rollout,5098,0,18,0.0,False,False,0.0,0.0,0,0,0,0.0,0.0,0.0,0.0,0.0,1,0.0
,academy_3_vs_1_with_keeper,123,collect_rollout,5099,0,20,0.0,False,False,0.0,0.0,0,0,0,0.0,0.0,0.0,0.0,0.0,1,0.0
,academy_3_vs_1_with_keeper,123,collect_rollout,5100,0,20,0.0,False,False,0.0,0.0,0,0,0,0.0,0.0,0.0,0.0,0.0,1,0.0
,academy_3_vs_1_with_keeper,123,collect_rollout,5101,0,19,0.0,False,False,0.0,0.0,0,0,0,0.0,0.0,0.0,0.0,0.0,1,0.0
,academy_3_vs_1_with_keeper,123,collect_rollout,5102,0,22,0.0,False,False,0.0,0.0,0,0,0,0.0,0.0,0.0,0.0,0.0,1,0.0
,academy_3_vs_1_with_keeper,123,collect_rollout,5103,0,16,0.0,False,False,0.0,0.0,0,0,0,0.0,0.0,0.0,0.0,0.0,1,0.0
,academy_3_vs_1_with_keeper,123,collect_rollout,5104,0,15,0.0,False,False,0.0,0.0,0,0,0,0.0,0.0,0.0,0.0,0.0,1,0.0
,academy_3_vs_1_with_keeper,123,collect_rollout,5105,0,16,0.0,False,False,0.0,0.0,0,0,0,0.0,0.0,0.0,0.0,0.0,1,0.0
,academy_3_vs_1_with_keeper,123,collect_rollout,5106,0,20,0.0,False,False,0.0,0.0,0,0,0,0.0,0.0,0.0,0.0,0.0,1,0.0
,academy_3_vs_1_with_keeper,123,collect_rollout,5107,0,21,0.0,False,False,0.0,0.0,0,0,0,0.0,0.0,0.0,0.0,0.0,1,0.0
,academy_3_vs_1_with_keeper,123,collect_rollout,5108,0,16,0.0,False,False,0.0,0.0,0,0,0,0.0,0.0,0.0,0.0,0.0,1,0.0
,academy_3_vs_1_with_keeper,123,collect_rollout,5109,0,19,0.0,False,False,0.0,0.0,0,0,0,0.0,0.0,0.0,0.0,0.0,1,0.0
,academy_3_vs_1_with_keeper,123,collect_rollout,5110,0,19,0.0,False,False,0.0,0.0,0,0,0,0.0,0.0,0.0,0.0,0.0,1,0.0
,academy_3_vs_1_with_keeper,123,collect_rollout,5111,0,20,0.0,False,False,0.0,0.0,0,0,0,0.0,0.0,0.0,0.0,0.0,1,0.0
,academy_3_vs_1_with_keeper,123,collect_rollout,5112,0,17,0.0,False,False,0.0,0.0,0,0,0,0.0,0.0,0.0,0.0,0.0,1,0.0
,academy_3_vs_1_with_keeper,123,collect_rollout,5113,0,19,0.0,False,False,0.0,0.0,0,0,0,0.0,0.0,0.0,0.0,0.0,1,0.0
,academy_3_vs_1_with_keeper,123,collect_rollout,5114,0,17,0.0,False,False,0.0,0.0,0,0,0,0.0,0.0,0.0,0.0,0.0,1,0.0
,academy_3_vs_1_with_keeper,123,collect_rollout,5115,0,19,0.0,False,False,0.0,0.0,0,0,0,0.0,0.0,0.0,0.0,0.0,1,0.0
,academy_3_vs_1_with_keeper,123,collect_rollout,5116,0,18,0.0,False,False,0.0,0.0,0,0,0,0.0,0.0,0.0,0.0,0.0,1,0.0
,academy_3_vs_1_with_keeper,123,collect_rollout,5117,0,21,0.0,False,False,0.0,0.0,0,0,0,0.0,0.0,0.0,0.0,0.0,1,0.0
,academy_3_vs_1_with_keeper,123,collect_rollout,5118,0,18,0.0,False,False,0.0,0.0,0,0,0,0.0,0.0,0.0,0.0,0.0,1,0.0
,academy_3_vs_1_with_keeper,123,collect_rollout,5119,0,18,0.0,False,False,0.0,0.0,0,0,0,0.0,0.0,0.0,0.0,0.0,1,0.0
,academy_3_vs_1_with_keeper,123,collect_rollout,5120,0,22,0.0,False,False,0.0,0.0,0,0,0,0.0,0.0,0.0,0.0,0.0,1,0.0
,academy_3_vs_1_with_keeper,123,collect_rollout,5121,0,17,0.0,False,False,0.0,0.0,0,0,0,0.0,0.0,0.0,0.0,0.0,1,0.0
,academy_3_vs_1_with_keeper,123,collect_rollout,5122,0,18,-0.003333333181217313,False,False,0.0,0.0,0,0,0,0.0,0.0,0.0,0.0,-0.003333333181217313,1,-0.003333333181217313
,academy_3_vs_1_with_keeper,123,collect_rollout,5123,0,64,-0.3062289352528751,False,False,0.0,0.0,0,0,0,0.0,0.0,0.0,0.0,-0.3062289352528751,1,-0.3062289352528751
,academy_3_vs_1_with_keeper,123,collect_rollout,5124,0,14,0.0,False,False,0.0,0.0,0,0,0,0.0,0.0,0.0,0.0,0.0,1,0.0
,academy_3_vs_1_with_keeper,123,collect_rollout,5125,0,22,-0.003333333181217313,False,False,0.0,0.0,0,0,0,0.0,0.0,0.0,0.0,-0.003333333181217313,1,-0.003333333181217313
,academy_3_vs_1_with_keeper,123,collect_rollout,5126,0,17,0.0,False,False,0.0,0.0,0,0,0,0.0,0.0,0.0,0.0,0.0,1,0.0
,academy_3_vs_1_with_keeper,123,collect_rollout,5127,0,20,0.0,False,False,0.0,0.0,0,0,0,0.0,0.0,0.0,0.0,0.0,1,0.0
,academy_3_vs_1_with_keeper,123,collect_rollout,5128,0,19,0.0,False,False,0.0,0.0,0,0,0,0.0,0.0,0.0,0.0,0.0,1,0.0
,academy_3_vs_1_with_keeper,123,collect_rollout,5129,0,22,0.0,False,False,0.0,0.0,0,0,0,0.0,0.0,0.0,0.0,0.0,1,0.0
,academy_3_vs_1_with_keeper,123,collect_rollout,5130,0,15,0.0,False,False,0.0,0.0,0,0,0,0.0,0.0,0.0,0.0,0.0,1,0.0
,academy_3_vs_1_with_keeper,123,collect_rollout,5131,0,16,0.0,False,False,0.0,0.0,0,0,0,0.0,0.0,0.0,0.0,0.0,1,0.0
,academy_3_vs_1_with_keeper,123,collect_rollout,5132,0,21,0.0,False,False,0.0,0.0,0,0,0,0.0,0.0,0.0,0.0,0.0,1,0.0
,academy_3_vs_1_with_keeper,123,collect_rollout,5133,0,19,-0.003333333181217313,False,False,0.0,0.0,0,0,0,0.0,0.0,0.0,0.0,-0.003333333181217313,1,-0.003333333181217313
,academy_3_vs_1_with_keeper,123,collect_rollout,5134,0,19,0.0,False,False,0.0,0.0,0,0,0,0.0,0.0,0.0,0.0,0.0,1,0.0
,academy_3_vs_1_with_keeper,123,collect_rollout,5135,0,22,0.0,False,False,0.0,0.0,0,0,0,0.0,0.0,0.0,0.0,0.0,1,0.0
,academy_3_vs_1_with_keeper,123,collect_rollout,5136,0,17,0.0,False,False,0.0,0.0,0,0,0,0.0,0.0,0.0,0.0,0.0,1,0.0
,academy_3_vs_1_with_keeper,123,collect_rollout,5137,0,20,0.0,False,False,0.0,0.0,0,0,0,0.0,0.0,0.0,0.0,0.0,1,0.0
,academy_3_vs_1_with_keeper,123,collect_rollout,5138,0,14,0.0,False,False,0.0,0.0,0,0,0,0.0,0.0,0.0,0.0,0.0,1,0.0
,academy_3_vs_1_with_keeper,123,collect_rollout,5139,0,18,0.0,False,False,0.0,0.0,0,0,0,0.0,0.0,0.0,0.0,0.0,1,0.0
,academy_3_vs_1_with_keeper,123,collect_rollout,5140,0,15,0.0,False,False,0.0,0.0,0,0,0,0.0,0.0,0.0,0.0,0.0,1,0.0
,academy_3_vs_1_with_keeper,123,collect_rollout,5141,0,16,0.0,False,False,0.0,0.0,0,0,0,0.0,0.0,0.0,0.0,0.0,1,0.0
,academy_3_vs_1_with_keeper,123,collect_rollout,5142,0,18,0.0,False,False,0.0,0.0,0,0,0,0.0,0.0,0.0,0.0,0.0,1,0.0
,academy_3_vs_1_with_keeper,123,collect_rollout,5143,0,17,0.0,False,False,0.0,0.0,0,0,0,0.0,0.0,0.0,0.0,0.0,1,0.0
,academy_3_vs_1_with_keeper,123,collect_rollout,5144,0,17,0.0,False,False,0.0,0.0,0,0,0,0.0,0.0,0.0,0.0,0.0,1,0.0
,academy_3_vs_1_with_keeper,123,collect_rollout,5145,0,18,0.0,False,False,0.0,0.0,0,0,0,0.0,0.0,0.0,0.0,0.0,1,0.0
,academy_3_vs_1_with_keeper,123,collect_rollout,5146,0,19,0.0,False,False,0.0,0.0,0,0,0,0.0,0.0,0.0,0.0,0.0,1,0.0
,academy_3_vs_1_with_keeper,123,collect_rollout,5147,0,17,0.0,False,False,0.0,0.0,0,0,0,0.0,0.0,0.0,0.0,0.0,1,0.0
,academy_3_vs_1_with_keeper,123,collect_rollout,5148,0,13,0.0,False,False,0.0,0.0,0,0,0,0.0,0.0,0.0,0.0,0.0,1,0.0
,academy_3_vs_1_with_keeper,123,collect_rollout,5149,0,39,1.9821256469003856,False,False,0.0,0.0,0,0,0,0.0,0.0,0.0,0.0,1.9821256469003856,1,1.9821256469003856
,academy_3_vs_1_with_keeper,123,collect_rollout,5150,0,20,0.0,False,False,0.0,0.0,0,0,0,0.0,0.0,0.0,0.0,0.0,1,0.0
,academy_3_vs_1_with_keeper,123,collect_rollout,5151,0,18,0.0,False,False,0.0,0.0,0,0,0,0.0,0.0,0.0,0.0,0.0,1,0.0
,academy_3_vs_1_with_keeper,123,collect_rollout,5152,0,24,0.0,False,False,0.0,0.0,0,0,0,0.0,0.0,0.0,0.0,0.0,1,0.0
,academy_3_vs_1_with_keeper,123,collect_rollout,5153,0,19,0.0,False,False,0.0,0.0,0,0,0,0.0,0.0,0.0,0.0,0.0,1,0.0
,academy_3_vs_1_with_keeper,123,collect_rollout,5154,0,20,0.0,False,False,0.0,0.0,0,0,0,0.0,0.0,0.0,0.0,0.0,1,0.0
,academy_3_vs_1_with_keeper,123,collect_rollout,5155,0,15,0.0,False,False,0.0,0.0,0,0,0,0.0,0.0,0.0,0.0,0.0,1,0.0
,academy_3_vs_1_with_keeper,123,collect_rollout,5156,0,20,0.0,False,False,0.0,0.0,0,0,0,0.0,0.0,0.0,0.0,0.0,1,0.0
,academy_3_vs_1_with_keeper,123,collect_rollout,5157,0,20,0.0,False,False,0.0,0.0,0,0,0,0.0,0.0,0.0,0.0,0.0,1,0.0
,academy_3_vs_1_with_keeper,123,collect_rollout,5158,0,18,0.0,False,False,0.0,0.0,0,0,0,0.0,0.0,0.0,0.0,0.0,1,0.0
,academy_3_vs_1_with_keeper,123,collect_rollout,5159,0,18,0.0,False,False,0.0,0.0,0,0,0,0.0,0.0,0.0,0.0,0.0,1,0.0
,academy_3_vs_1_with_keeper,123,collect_rollout,5160,0,21,0.0,False,False,0.0,0.0,0,0,0,0.0,0.0,0.0,0.0,0.0,1,0.0
,academy_3_vs_1_with_keeper,123,collect_rollout,5161,0,20,0.0,False,False,0.0,0.0,0,0,0,0.0,0.0,0.0,0.0,0.0,1,0.0
,academy_3_vs_1_with_keeper,123,collect_rollout,5162,0,19,0.0,False,False,0.0,0.0,0,0,0,0.0,0.0,0.0,0.0,0.0,1,0.0
,academy_3_vs_1_with_keeper,123,collect_rollout,5163,0,18,0.0,False,False,0.0,0.0,0,0,0,0.0,0.0,0.0,0.0,0.0,1,0.0
,academy_3_vs_1_with_keeper,123,collect_rollout,5164,0,18,0.0,False,False,0.0,0.0,0,0,0,0.0,0.0,0.0,0.0,0.0,1,0.0
,academy_3_vs_1_with_keeper,123,collect_rollout,5165,0,16,0.0,False,False,0.0,0.0,0,0,0,0.0,0.0,0.0,0.0,0.0,1,0.0
,academy_3_vs_1_with_keeper,123,collect_rollout,5166,0,14,0.0,False,False,0.0,0.0,0,0,0,0.0,0.0,0.0,0.0,0.0,1,0.0
,academy_3_vs_1_with_keeper,123,collect_rollout,5167,0,72,-0.12666666507720947,False,False,0.0,0.0,0,0,0,0.0,0.0,0.0,0.0,-0.12666666507720947,1,-0.12666666507720947
,academy_3_vs_1_with_keeper,123,collect_rollout,5168,0,17,0.0,False,False,0.0,0.0,0,0,0,0.0,0.0,0.0,0.0,0.0,1,0.0
,academy_3_vs_1_with_keeper,123,collect_rollout,5169,0,22,0.0,False,False,0.0,0.0,0,0,0,0.0,0.0,0.0,0.0,0.0,1,0.0
,academy_3_vs_1_with_keeper,123,collect_rollout,5170,0,23,0.0,False,False,0.0,0.0,0,0,0,0.0,0.0,0.0,0.0,0.0,1,0.0
,academy_3_vs_1_with_keeper,123,collect_rollout,5171,0,18,0.0,False,False,0.0,0.0,0,0,0,0.0,0.0,0.0,0.0,0.0,1,0.0
,academy_3_vs_1_with_keeper,123,collect_rollout,5172,0,21,0.0,False,False,0.0,0.0,0,0,0,0.0,0.0,0.0,0.0,0.0,1,0.0
,academy_3_vs_1_with_keeper,123,collect_rollout,5173,0,17,0.0,False,False,0.0,0.0,0,0,0,0.0,0.0,0.0,0.0,0.0,1,0.0
,academy_3_vs_1_with_keeper,123,collect_rollout,5174,0,144,-0.7600404173135757,False,False,0.0,0.0,0,0,0,0.0,0.0,0.0,0.0,-0.7600404173135757,1,-0.7600404173135757
,academy_3_vs_1_with_keeper,123,collect_rollout,5175,0,20,0.0,False,False,0.0,0.0,0,0,0,0.0,0.0,0.0,0.0,0.0,1,0.0
,academy_3_vs_1_with_keeper,123,collect_rollout,5176,0,21,0.0,False,False,0.0,0.0,0,0,0,0.0,0.0,0.0,0.0,0.0,1,0.0
,academy_3_vs_1_with_keeper,123,collect_rollout,5177,0,20,0.0,False,False,0.0,0.0,0,0,0,0.0,0.0,0.0,0.0,0.0,1,0.0
,academy_3_vs_1_with_keeper,123,collect_rollout,5178,0,17,0.0,False,False,0.0,0.0,0,0,0,0.0,0.0,0.0,0.0,0.0,1,0.0
,academy_3_vs_1_with_keeper,123,collect_rollout,5179,0,71,-0.016646686931380827,False,False,0.0,0.0,0,0,0,0.0,0.0,0.0,0.0,-0.016646686931380827,1,-0.016646686931380827
,academy_3_vs_1_with_keeper,123,collect_rollout,5180,0,19,0.0,False,False,0.0,0.0,0,0,0,0.0,0.0,0.0,0.0,0.0,1,0.0
,academy_3_vs_1_with_keeper,123,collect_rollout,5181,0,17,0.0,False,False,0.0,0.0,0,0,0,0.0,0.0,0.0,0.0,0.0,1,0.0
,academy_3_vs_1_with_keeper,123,collect_rollout,5182,0,22,0.0,False,False,0.0,0.0,0,0,0,0.0,0.0,0.0,0.0,0.0,1,0.0
,academy_3_vs_1_with_keeper,123,collect_rollout,5183,0,21,0.0,False,False,0.0,0.0,0,0,0,0.0,0.0,0.0,0.0,0.0,1,0.0
,academy_3_vs_1_with_keeper,123,collect_rollout,5184,0,17,0.0,False,False,0.0,0.0,0,0,0,0.0,0.0,0.0,0.0,0.0,1,0.0
,academy_3_vs_1_with_keeper,123,collect_rollout,5185,0,21,0.0,False,False,0.0,0.0,0,0,0,0.0,0.0,0.0,0.0,0.0,1,0.0
,academy_3_vs_1_with_keeper,123,collect_rollout,5186,0,19,-0.003333333181217313,False,False,0.0,0.0,0,0,0,0.0,0.0,0.0,0.0,-0.003333333181217313,1,-0.003333333181217313
,academy_3_vs_1_with_keeper,123,collect_rollout,5187,0,15,0.0,False,False,0.0,0.0,0,0,0,0.0,0.0,0.0,0.0,0.0,1,0.0
,academy_3_vs_1_with_keeper,123,collect_rollout,5188,0,21,0.0,False,False,0.0,0.0,0,0,0,0.0,0.0,0.0,0.0,0.0,1,0.0
,academy_3_vs_1_with_keeper,123,collect_rollout,5189,0,19,0.0,False,False,0.0,0.0,0,0,0,0.0,0.0,0.0,0.0,0.0,1,0.0
,academy_3_vs_1_with_keeper,123,collect_rollout,5190,0,19,0.0,False,False,0.0,0.0,0,0,0,0.0,0.0,0.0,0.0,0.0,1,0.0
,academy_3_vs_1_with_keeper,123,collect_rollout,5191,0,20,0.0,False,False,0.0,0.0,0,0,0,0.0,0.0,0.0,0.0,0.0,1,0.0
,academy_3_vs_1_with_keeper,123,collect_rollout,5192,0,18,0.0,False,False,0.0,0.0,0,0,0,0.0,0.0,0.0,0.0,0.0,1,0.0
,academy_3_vs_1_with_keeper,123,collect_rollout,5193,0,19,0.0,False,False,0.0,0.0,0,0,0,0.0,0.0,0.0,0.0,0.0,1,0.0
,academy_3_vs_1_with_keeper,123,collect_rollout,5194,0,17,0.0,False,False,0.0,0.0,0,0,0,0.0,0.0,0.0,0.0,0.0,1,0.0
,academy_3_vs_1_with_keeper,123,collect_rollout,5195,0,20,0.0,False,False,0.0,0.0,0,0,0,0.0,0.0,0.0,0.0,0.0,1,0.0
,academy_3_vs_1_with_keeper,123,collect_rollout,5196,0,15,0.0,False,False,0.0,0.0,0,0,0,0.0,0.0,0.0,0.0,0.0,1,0.0
,academy_3_vs_1_with_keeper,123,collect_rollout,5197,0,16,0.0,False,False,0.0,0.0,0,0,0,0.0,0.0,0.0,0.0,0.0,1,0.0
,academy_3_vs_1_with_keeper,123,collect_rollout,5198,0,22,0.0,False,False,0.0,0.0,0,0,0,0.0,0.0,0.0,0.0,0.0,1,0.0
,academy_3_vs_1_with_keeper,123,collect_rollout,5199,0,17,0.0,False,False,0.0,0.0,0,0,0,0.0,0.0,0.0,0.0,0.0,1,0.0
,academy_3_vs_1_with_keeper,123,collect_rollout,5200,0,15,0.0,False,False,0.0,0.0,0,0,0,0.0,0.0,0.0,0.0,0.0,1,0.0
,academy_3_vs_1_with_keeper,123,collect_rollout,5201,0,22,0.0,False,False,0.0,0.0,0,0,0,0.0,0.0,0.0,0.0,0.0,1,0.0
,academy_3_vs_1_with_keeper,123,collect_rollout,5202,0,19,0.0,False,False,0.0,0.0,0,0,0,0.0,0.0,0.0,0.0,0.0,1,0.0
,academy_3_vs_1_with_keeper,123,collect_rollout,5203,0,17,0.0,False,False,0.0,0.0,0,0,0,0.0,0.0,0.0,0.0,0.0,1,0.0
,academy_3_vs_1_with_keeper,123,collect_rollout,5204,0,18,0.0,False,False,0.0,0.0,0,0,0,0.0,0.0,0.0,0.0,0.0,1,0.0
,academy_3_vs_1_with_keeper,123,collect_rollout,5205,0,22,0.0,False,False,0.0,0.0,0,0,0,0.0,0.0,0.0,0.0,0.0,1,0.0
,academy_3_vs_1_with_keeper,123,collect_rollout,5206,0,17,0.0,False,False,0.0,0.0,0,0,0,0.0,0.0,0.0,0.0,0.0,1,0.0
,academy_3_vs_1_with_keeper,123,collect_rollout,5207,0,20,0.0,False,False,0.0,0.0,0,0,0,0.0,0.0,0.0,0.0,0.0,1,0.0
,academy_3_vs_1_with_keeper,123,collect_rollout,5208,0,23,0.0,False,False,0.0,0.0,0,0,0,0.0,0.0,0.0,0.0,0.0,1,0.0
,academy_3_vs_1_with_keeper,123,collect_rollout,5209,0,19,0.0,False,False,0.0,0.0,0,0,0,0.0,0.0,0.0,0.0,0.0,1,0.0
,academy_3_vs_1_with_keeper,123,collect_rollout,5210,0,19,0.0,False,False,0.0,0.0,0,0,0,0.0,0.0,0.0,0.0,0.0,1,0.0
,academy_3_vs_1_with_keeper,123,collect_rollout,5211,0,15,0.0,False,False,0.0,0.0,0,0,0,0.0,0.0,0.0,0.0,0.0,1,0.0
,academy_3_vs_1_with_keeper,123,collect_rollout,5212,0,19,0.0,False,False,0.0,0.0,0,0,0,0.0,0.0,0.0,0.0,0.0,1,0.0
,academy_3_vs_1_with_keeper,123,collect_rollout,5213,0,14,0.0,False,False,0.0,0.0,0,0,0,0.0,0.0,0.0,0.0,0.0,1,0.0
,academy_3_vs_1_with_keeper,123,collect_rollout,5214,0,17,0.0,False,False,0.0,0.0,0,0,0,0.0,0.0,0.0,0.0,0.0,1,0.0
,academy_3_vs_1_with_keeper,123,collect_rollout,5215,0,19,0.0,False,False,0.0,0.0,0,0,0,0.0,0.0,0.0,0.0,0.0,1,0.0
,academy_3_vs_1_with_keeper,123,collect_rollout,5216,0,18,0.0,False,False,0.0,0.0,0,0,0,0.0,0.0,0.0,0.0,0.0,1,0.0
,academy_3_vs_1_with_keeper,123,collect_rollout,5217,0,19,0.0,False,False,0.0,0.0,0,0,0,0.0,0.0,0.0,0.0,0.0,1,0.0
,academy_3_vs_1_with_keeper,123,collect_rollout,5218,0,15,0.0,False,False,0.0,0.0,0,0,0,0.0,0.0,0.0,0.0,0.0,1,0.0
,academy_3_vs_1_with_keeper,123,collect_rollout,5219,0,15,0.0,False,False,0.0,0.0,0,0,0,0.0,0.0,0.0,0.0,0.0,1,0.0
,academy_3_vs_1_with_keeper,123,collect_rollout,5220,0,23,0.0,False,False,0.0,0.0,0,0,0,0.0,0.0,0.0,0.0,0.0,1,0.0
,academy_3_vs_1_with_keeper,123,collect_rollout,5221,0,19,0.0,False,False,0.0,0.0,0,0,0,0.0,0.0,0.0,0.0,0.0,1,0.0
,academy_3_vs_1_with_keeper,123,collect_rollout,5222,0,23,0.0,False,False,0.0,0.0,0,0,0,0.0,0.0,0.0,0.0,0.0,1,0.0
,academy_3_vs_1_with_keeper,123,collect_rollout,5223,0,17,0.0,False,False,0.0,0.0,0,0,0,0.0,0.0,0.0,0.0,0.0,1,0.0
,academy_3_vs_1_with_keeper,123,collect_rollout,5224,0,16,0.0,False,False,0.0,0.0,0,0,0,0.0,0.0,0.0,0.0,0.0,1,0.0
,academy_3_vs_1_with_keeper,123,collect_rollout,5225,0,19,-0.003333333181217313,False,False,0.0,0.0,0,0,0,0.0,0.0,0.0,0.0,-0.003333333181217313,1,-0.003333333181217313
,academy_3_vs_1_with_keeper,123,collect_rollout,5226,0,18,0.0,False,False,0.0,0.0,0,0,0,0.0,0.0,0.0,0.0,0.0,1,0.0
,academy_3_vs_1_with_keeper,123,collect_rollout,5227,0,15,0.0,False,False,0.0,0.0,0,0,0,0.0,0.0,0.0,0.0,0.0,1,0.0
,academy_3_vs_1_with_keeper,123,collect_rollout,5228,0,16,0.0,False,False,0.0,0.0,0,0,0,0.0,0.0,0.0,0.0,0.0,1,0.0
,academy_3_vs_1_with_keeper,123,collect_rollout,5229,0,17,0.0,False,False,0.0,0.0,0,0,0,0.0,0.0,0.0,0.0,0.0,1,0.0
,academy_3_vs_1_with_keeper,123,collect_rollout,5230,0,49,-0.12408419046550989,False,False,0.0,0.0,0,0,0,0.0,0.0,0.0,0.0,-0.12408419046550989,1,-0.12408419046550989
,academy_3_vs_1_with_keeper,123,collect_rollout,5231,0,37,0.05330252810381353,False,False,0.0,0.0,0,0,0,0.0,0.0,0.0,0.0,0.05330252810381353,1,0.05330252810381353
,academy_3_vs_1_with_keeper,123,collect_rollout,5232,0,16,0.0,False,False,0.0,0.0,0,0,0,0.0,0.0,0.0,0.0,0.0,1,0.0
,academy_3_vs_1_with_keeper,123,collect_rollout,5233,0,17,0.0,False,False,0.0,0.0,0,0,0,0.0,0.0,0.0,0.0,0.0,1,0.0
,academy_3_vs_1_with_keeper,123,collect_rollout,5234,0,19,0.0,False,False,0.0,0.0,0,0,0,0.0,0.0,0.0,0.0,0.0,1,0.0
,academy_3_vs_1_with_keeper,123,collect_rollout,5235,0,18,0.0,False,False,0.0,0.0,0,0,0,0.0,0.0,0.0,0.0,0.0,1,0.0
,academy_3_vs_1_with_keeper,123,collect_rollout,5236,0,18,0.0,False,False,0.0,0.0,0,0,0,0.0,0.0,0.0,0.0,0.0,1,0.0
,academy_3_vs_1_with_keeper,123,collect_rollout,5237,0,20,0.0,False,False,0.0,0.0,0,0,0,0.0,0.0,0.0,0.0,0.0,1,0.0
,academy_3_vs_1_with_keeper,123,collect_rollout,5238,0,44,-0.05658759520156309,False,False,0.0,0.0,0,0,0,0.0,0.0,0.0,0.0,-0.05658759520156309,1,-0.05658759520156309
,academy_3_vs_1_with_keeper,123,collect_rollout,5239,0,16,0.0,False,False,0.0,0.0,0,0,0,0.0,0.0,0.0,0.0,0.0,1,0.0
,academy_3_vs_1_with_keeper,123,collect_rollout,5240,0,21,0.0,False,False,0.0,0.0,0,0,0,0.0,0.0,0.0,0.0,0.0,1,0.0
,academy_3_vs_1_with_keeper,123,collect_rollout,5241,0,19,0.0,False,False,0.0,0.0,0,0,0,0.0,0.0,0.0,0.0,0.0,1,0.0
,academy_3_vs_1_with_keeper,123,collect_rollout,5242,0,16,0.0,False,False,0.0,0.0,0,0,0,0.0,0.0,0.0,0.0,0.0,1,0.0
,academy_3_vs_1_with_keeper,123,collect_rollout,5243,0,20,0.0,False,False,0.0,0.0,0,0,0,0.0,0.0,0.0,0.0,0.0,1,0.0
,academy_3_vs_1_with_keeper,123,collect_rollout,5244,0,16,0.0,False,False,0.0,0.0,0,0,0,0.0,0.0,0.0,0.0,0.0,1,0.0
,academy_3_vs_1_with_keeper,123,collect_rollout,5245,0,17,0.0,False,False,0.0,0.0,0,0,0,0.0,0.0,0.0,0.0,0.0,1,0.0
,academy_3_vs_1_with_keeper,123,collect_rollout,5246,0,21,-0.003333333181217313,False,False,0.0,0.0,0,0,0,0.0,0.0,0.0,0.0,-0.003333333181217313,1,-0.003333333181217313
,academy_3_vs_1_with_keeper,123,collect_rollout,5247,0,17,0.0,False,False,0.0,0.0,0,0,0,0.0,0.0,0.0,0.0,0.0,1,0.0
,academy_3_vs_1_with_keeper,123,collect_rollout,5248,0,19,0.0,False,False,0.0,0.0,0,0,0,0.0,0.0,0.0,0.0,0.0,1,0.0
,academy_3_vs_1_with_keeper,123,collect_rollout,5249,0,18,0.0,False,False,0.0,0.0,0,0,0,0.0,0.0,0.0,0.0,0.0,1,0.0
,academy_3_vs_1_with_keeper,123,collect_rollout,5250,0,16,-0.003333333181217313,False,False,0.0,0.0,0,0,0,0.0,0.0,0.0,0.0,-0.003333333181217313,1,-0.003333333181217313
,academy_3_vs_1_with_keeper,123,collect_rollout,5251,0,17,0.0,False,False,0.0,0.0,0,0,0,0.0,0.0,0.0,0.0,0.0,1,0.0
,academy_3_vs_1_with_keeper,123,collect_rollout,5252,0,17,0.0,False,False,0.0,0.0,0,0,0,0.0,0.0,0.0,0.0,0.0,1,0.0
,academy_3_vs_1_with_keeper,123,collect_rollout,5253,0,17,0.0,False,False,0.0,0.0,0,0,0,0.0,0.0,0.0,0.0,0.0,1,0.0
,academy_3_vs_1_with_keeper,123,collect_rollout,5254,0,17,0.0,False,False,0.0,0.0,0,0,0,0.0,0.0,0.0,0.0,0.0,1,0.0
,academy_3_vs_1_with_keeper,123,collect_rollout,5255,0,19,0.0,False,False,0.0,0.0,0,0,0,0.0,0.0,0.0,0.0,0.0,1,0.0
,academy_3_vs_1_with_keeper,123,collect_rollout,5256,0,16,0.0,False,False,0.0,0.0,0,0,0,0.0,0.0,0.0,0.0,0.0,1,0.0
,academy_3_vs_1_with_keeper,123,collect_rollout,5257,0,19,-0.003333333181217313,False,False,0.0,0.0,0,0,0,0.0,0.0,0.0,0.0,-0.003333333181217313,1,-0.003333333181217313
,academy_3_vs_1_with_keeper,123,collect_rollout,5258,0,17,0.0,False,False,0.0,0.0,0,0,0,0.0,0.0,0.0,0.0,0.0,1,0.0
,academy_3_vs_1_with_keeper,123,collect_rollout,5259,0,18,0.0,False,False,0.0,0.0,0,0,0,0.0,0.0,0.0,0.0,0.0,1,0.0
,academy_3_vs_1_with_keeper,123,collect_rollout,5260,0,19,0.0,False,False,0.0,0.0,0,0,0,0.0,0.0,0.0,0.0,0.0,1,0.0
,academy_3_vs_1_with_keeper,123,collect_rollout,5261,0,19,-0.003333333181217313,False,False,0.0,0.0,0,0,0,0.0,0.0,0.0,0.0,-0.003333333181217313,1,-0.003333333181217313
,academy_3_vs_1_with_keeper,123,collect_rollout,5262,0,21,0.0,False,False,0.0,0.0,0,0,0,0.0,0.0,0.0,0.0,0.0,1,0.0
,academy_3_vs_1_with_keeper,123,collect_rollout,5263,0,17,0.0,False,False,0.0,0.0,0,0,0,0.0,0.0,0.0,0.0,0.0,1,0.0
,academy_3_vs_1_with_keeper,123,collect_rollout,5264,0,14,0.0,False,False,0.0,0.0,0,0,0,0.0,0.0,0.0,0.0,0.0,1,0.0
,academy_3_vs_1_with_keeper,123,collect_rollout,5265,0,18,0.0,False,False,0.0,0.0,0,0,0,0.0,0.0,0.0,0.0,0.0,1,0.0
,academy_3_vs_1_with_keeper,123,collect_rollout,5266,0,18,0.0,False,False,0.0,0.0,0,0,0,0.0,0.0,0.0,0.0,0.0,1,0.0
,academy_3_vs_1_with_keeper,123,collect_rollout,5267,0,20,0.0,False,False,0.0,0.0,0,0,0,0.0,0.0,0.0,0.0,0.0,1,0.0
,academy_3_vs_1_with_keeper,123,collect_rollout,5268,0,17,0.0,False,False,0.0,0.0,0,0,0,0.0,0.0,0.0,0.0,0.0,1,0.0
,academy_3_vs_1_with_keeper,123,collect_rollout,5269,0,18,0.0,False,False,0.0,0.0,0,0,0,0.0,0.0,0.0,0.0,0.0,1,0.0
,academy_3_vs_1_with_keeper,123,collect_rollout,5270,0,21,0.0,False,False,0.0,0.0,0,0,0,0.0,0.0,0.0,0.0,0.0,1,0.0
,academy_3_vs_1_with_keeper,123,collect_rollout,5271,0,19,0.0,False,False,0.0,0.0,0,0,0,0.0,0.0,0.0,0.0,0.0,1,0.0
,academy_3_vs_1_with_keeper,123,collect_rollout,5272,0,18,0.0,False,False,0.0,0.0,0,0,0,0.0,0.0,0.0,0.0,0.0,1,0.0
,academy_3_vs_1_with_keeper,123,collect_rollout,5273,0,15,0.0,False,False,0.0,0.0,0,0,0,0.0,0.0,0.0,0.0,0.0,1,0.0
,academy_3_vs_1_with_keeper,123,collect_rollout,5274,0,23,-0.003333333181217313,False,False,0.0,0.0,0,0,0,0.0,0.0,0.0,0.0,-0.003333333181217313,1,-0.003333333181217313
,academy_3_vs_1_with_keeper,123,collect_rollout,5275,0,18,0.0,False,False,0.0,0.0,0,0,0,0.0,0.0,0.0,0.0,0.0,1,0.0
,academy_3_vs_1_with_keeper,123,collect_rollout,5276,0,19,0.0,False,False,0.0,0.0,0,0,0,0.0,0.0,0.0,0.0,0.0,1,0.0
,academy_3_vs_1_with_keeper,123,collect_rollout,5277,0,21,0.0,False,False,0.0,0.0,0,0,0,0.0,0.0,0.0,0.0,0.0,1,0.0
,academy_3_vs_1_with_keeper,123,collect_rollout,5278,0,23,0.0,False,False,0.0,0.0,0,0,0,0.0,0.0,0.0,0.0,0.0,1,0.0
,academy_3_vs_1_with_keeper,123,collect_rollout,5279,0,21,0.0,False,False,0.0,0.0,0,0,0,0.0,0.0,0.0,0.0,0.0,1,0.0
,academy_3_vs_1_with_keeper,123,collect_rollout,5280,0,16,0.0,False,False,0.0,0.0,0,0,0,0.0,0.0,0.0,0.0,0.0,1,0.0
,academy_3_vs_1_with_keeper,123,collect_rollout,5281,0,17,0.0,False,False,0.0,0.0,0,0,0,0.0,0.0,0.0,0.0,0.0,1,0.0
,academy_3_vs_1_with_keeper,123,collect_rollout,5282,0,21,0.0,False,False,0.0,0.0,0,0,0,0.0,0.0,0.0,0.0,0.0,1,0.0
,academy_3_vs_1_with_keeper,123,collect_rollout,5283,0,17,0.0,False,False,0.0,0.0,0,0,0,0.0,0.0,0.0,0.0,0.0,1,0.0
,academy_3_vs_1_with_keeper,123,collect_rollout,5284,0,15,0.0,False,False,0.0,0.0,0,0,0,0.0,0.0,0.0,0.0,0.0,1,0.0
,academy_3_vs_1_with_keeper,123,collect_rollout,5285,0,16,0.0,False,False,0.0,0.0,0,0,0,0.0,0.0,0.0,0.0,0.0,1,0.0
,academy_3_vs_1_with_keeper,123,collect_rollout,5286,0,20,0.0,False,False,0.0,0.0,0,0,0,0.0,0.0,0.0,0.0,0.0,1,0.0
,academy_3_vs_1_with_keeper,123,collect_rollout,5287,0,24,0.0,False,False,0.0,0.0,0,0,0,0.0,0.0,0.0,0.0,0.0,1,0.0
,academy_3_vs_1_with_keeper,123,collect_rollout,5288,0,17,0.0,False,False,0.0,0.0,0,0,0,0.0,0.0,0.0,0.0,0.0,1,0.0
,academy_3_vs_1_with_keeper,123,collect_rollout,5289,0,14,0.0,False,False,0.0,0.0,0,0,0,0.0,0.0,0.0,0.0,0.0,1,0.0
,academy_3_vs_1_with_keeper,123,collect_rollout,5290,0,19,0.0,False,False,0.0,0.0,0,0,0,0.0,0.0,0.0,0.0,0.0,1,0.0
,academy_3_vs_1_with_keeper,123,collect_rollout,5291,0,19,0.0,False,False,0.0,0.0,0,0,0,0.0,0.0,0.0,0.0,0.0,1,0.0
,academy_3_vs_1_with_keeper,123,collect_rollout,5292,0,142,-0.05943368643056601,False,False,0.0,0.0,0,0,0,0.0,0.0,0.0,0.0,-0.05943368643056601,1,-0.05943368643056601
,academy_3_vs_1_with_keeper,123,collect_rollout,5293,0,18,0.0,False,False,0.0,0.0,0,0,0,0.0,0.0,0.0,0.0,0.0,1,0.0
,academy_3_vs_1_with_keeper,123,collect_rollout,5294,0,18,0.0,False,False,0.0,0.0,0,0,0,0.0,0.0,0.0,0.0,0.0,1,0.0
,academy_3_vs_1_with_keeper,123,collect_rollout,5295,0,16,0.0,False,False,0.0,0.0,0,0,0,0.0,0.0,0.0,0.0,0.0,1,0.0
,academy_3_vs_1_with_keeper,123,collect_rollout,5296,0,19,0.0,False,False,0.0,0.0,0,0,0,0.0,0.0,0.0,0.0,0.0,1,0.0
,academy_3_vs_1_with_keeper,123,collect_rollout,5297,0,20,0.0,False,False,0.0,0.0,0,0,0,0.0,0.0,0.0,0.0,0.0,1,0.0
,academy_3_vs_1_with_keeper,123,collect_rollout,5298,0,21,0.0,False,False,0.0,0.0,0,0,0,0.0,0.0,0.0,0.0,0.0,1,0.0
,academy_3_vs_1_with_keeper,123,collect_rollout,5299,0,18,0.0,False,False,0.0,0.0,0,0,0,0.0,0.0,0.0,0.0,0.0,1,0.0
,academy_3_vs_1_with_keeper,123,collect_rollout,5300,0,17,0.0,False,False,0.0,0.0,0,0,0,0.0,0.0,0.0,0.0,0.0,1,0.0
,academy_3_vs_1_with_keeper,123,collect_rollout,5301,0,21,0.0,False,False,0.0,0.0,0,0,0,0.0,0.0,0.0,0.0,0.0,1,0.0
,academy_3_vs_1_with_keeper,123,collect_rollout,5302,0,17,0.0,False,False,0.0,0.0,0,0,0,0.0,0.0,0.0,0.0,0.0,1,0.0
,academy_3_vs_1_with_keeper,123,collect_rollout,5303,0,22,0.0,False,False,0.0,0.0,0,0,0,0.0,0.0,0.0,0.0,0.0,1,0.0
,academy_3_vs_1_with_keeper,123,collect_rollout,5304,0,16,0.0,False,False,0.0,0.0,0,0,0,0.0,0.0,0.0,0.0,0.0,1,0.0
,academy_3_vs_1_with_keeper,123,collect_rollout,5305,0,18,0.0,False,False,0.0,0.0,0,0,0,0.0,0.0,0.0,0.0,0.0,1,0.0
,academy_3_vs_1_with_keeper,123,collect_rollout,5306,0,19,0.0,False,False,0.0,0.0,0,0,0,0.0,0.0,0.0,0.0,0.0,1,0.0
,academy_3_vs_1_with_keeper,123,collect_rollout,5307,0,16,0.0,False,False,0.0,0.0,0,0,0,0.0,0.0,0.0,0.0,0.0,1,0.0
,academy_3_vs_1_with_keeper,123,collect_rollout,5308,0,16,0.0,False,False,0.0,0.0,0,0,0,0.0,0.0,0.0,0.0,0.0,1,0.0
,academy_3_vs_1_with_keeper,123,collect_rollout,5309,0,19,0.0,False,False,0.0,0.0,0,0,0,0.0,0.0,0.0,0.0,0.0,1,0.0
,academy_3_vs_1_with_keeper,123,collect_rollout,5310,0,17,0.0,False,False,0.0,0.0,0,0,0,0.0,0.0,0.0,0.0,0.0,1,0.0
,academy_3_vs_1_with_keeper,123,collect_rollout,5311,0,19,-0.003333333181217313,False,False,0.0,0.0,0,0,0,0.0,0.0,0.0,0.0,-0.003333333181217313,1,-0.003333333181217313
,academy_3_vs_1_with_keeper,123,collect_rollout,5312,0,18,0.0,False,False,0.0,0.0,0,0,0,0.0,0.0,0.0,0.0,0.0,1,0.0
,academy_3_vs_1_with_keeper,123,collect_rollout,5313,0,17,0.0,False,False,0.0,0.0,0,0,0,0.0,0.0,0.0,0.0,0.0,1,0.0
,academy_3_vs_1_with_keeper,123,collect_rollout,5314,0,21,0.0,False,False,0.0,0.0,0,0,0,0.0,0.0,0.0,0.0,0.0,1,0.0
,academy_3_vs_1_with_keeper,123,collect_rollout,5315,0,19,0.0,False,False,0.0,0.0,0,0,0,0.0,0.0,0.0,0.0,0.0,1,0.0
,academy_3_vs_1_with_keeper,123,collect_rollout,5316,0,22,0.0,False,False,0.0,0.0,0,0,0,0.0,0.0,0.0,0.0,0.0,1,0.0
,academy_3_vs_1_with_keeper,123,collect_rollout,5317,0,18,0.0,False,False,0.0,0.0,0,0,0,0.0,0.0,0.0,0.0,0.0,1,0.0
,academy_3_vs_1_with_keeper,123,collect_rollout,5318,0,19,0.0,False,False,0.0,0.0,0,0,0,0.0,0.0,0.0,0.0,0.0,1,0.0
,academy_3_vs_1_with_keeper,123,collect_rollout,5319,0,21,0.0,False,False,0.0,0.0,0,0,0,0.0,0.0,0.0,0.0,0.0,1,0.0
,academy_3_vs_1_with_keeper,123,collect_rollout,5320,0,20,0.0,False,False,0.0,0.0,0,0,0,0.0,0.0,0.0,0.0,0.0,1,0.0
,academy_3_vs_1_with_keeper,123,collect_rollout,5321,0,14,0.0,False,False,0.0,0.0,0,0,0,0.0,0.0,0.0,0.0,0.0,1,0.0
,academy_3_vs_1_with_keeper,123,collect_rollout,5322,0,15,0.0,False,False,0.0,0.0,0,0,0,0.0,0.0,0.0,0.0,0.0,1,0.0
,academy_3_vs_1_with_keeper,123,collect_rollout,5323,0,19,0.0,False,False,0.0,0.0,0,0,0,0.0,0.0,0.0,0.0,0.0,1,0.0
,academy_3_vs_1_with_keeper,123,collect_rollout,5324,0,21,0.0,False,False,0.0,0.0,0,0,0,0.0,0.0,0.0,0.0,0.0,1,0.0
,academy_3_vs_1_with_keeper,123,collect_rollout,5325,0,14,0.0,False,False,0.0,0.0,0,0,0,0.0,0.0,0.0,0.0,0.0,1,0.0
,academy_3_vs_1_with_keeper,123,collect_rollout,5326,0,21,0.0,False,False,0.0,0.0,0,0,0,0.0,0.0,0.0,0.0,0.0,1,0.0
,academy_3_vs_1_with_keeper,123,collect_rollout,5327,0,20,0.0,False,False,0.0,0.0,0,0,0,0.0,0.0,0.0,0.0,0.0,1,0.0
,academy_3_vs_1_with_keeper,123,collect_rollout,5328,0,21,-0.003333333181217313,False,False,0.0,0.0,0,0,0,0.0,0.0,0.0,0.0,-0.003333333181217313,1,-0.003333333181217313
,academy_3_vs_1_with_keeper,123,collect_rollout,5329,0,21,0.0,False,False,0.0,0.0,0,0,0,0.0,0.0,0.0,0.0,0.0,1,0.0
,academy_3_vs_1_with_keeper,123,collect_rollout,5330,0,20,0.0,False,False,0.0,0.0,0,0,0,0.0,0.0,0.0,0.0,0.0,1,0.0
,academy_3_vs_1_with_keeper,123,collect_rollout,5331,0,20,0.0,False,False,0.0,0.0,0,0,0,0.0,0.0,0.0,0.0,0.0,1,0.0
,academy_3_vs_1_with_keeper,123,collect_rollout,5332,0,14,0.0,False,False,0.0,0.0,0,0,0,0.0,0.0,0.0,0.0,0.0,1,0.0
,academy_3_vs_1_with_keeper,123,collect_rollout,5333,0,17,0.0,False,False,0.0,0.0,0,0,0,0.0,0.0,0.0,0.0,0.0,1,0.0
,academy_3_vs_1_with_keeper,123,collect_rollout,5334,0,92,-0.40766951465047896,False,False,0.0,0.0,0,0,0,0.0,0.0,0.0,0.0,-0.40766951465047896,1,-0.40766951465047896
,academy_3_vs_1_with_keeper,123,collect_rollout,5335,0,21,0.0,False,False,0.0,0.0,0,0,0,0.0,0.0,0.0,0.0,0.0,1,0.0
,academy_3_vs_1_with_keeper,123,collect_rollout,5336,0,16,0.0,False,False,0.0,0.0,0,0,0,0.0,0.0,0.0,0.0,0.0,1,0.0
,academy_3_vs_1_with_keeper,123,collect_rollout,5337,0,19,0.0,False,False,0.0,0.0,0,0,0,0.0,0.0,0.0,0.0,0.0,1,0.0
,academy_3_vs_1_with_keeper,123,collect_rollout,5338,0,16,0.0,False,False,0.0,0.0,0,0,0,0.0,0.0,0.0,0.0,0.0,1,0.0
,academy_3_vs_1_with_keeper,123,collect_rollout,5339,0,21,0.0,False,False,0.0,0.0,0,0,0,0.0,0.0,0.0,0.0,0.0,1,0.0
,academy_3_vs_1_with_keeper,123,collect_rollout,5340,0,16,0.0,False,False,0.0,0.0,0,0,0,0.0,0.0,0.0,0.0,0.0,1,0.0
,academy_3_vs_1_with_keeper,123,collect_rollout,5341,0,19,0.0,False,False,0.0,0.0,0,0,0,0.0,0.0,0.0,0.0,0.0,1,0.0
,academy_3_vs_1_with_keeper,123,collect_rollout,5342,0,18,0.0,False,False,0.0,0.0,0,0,0,0.0,0.0,0.0,0.0,0.0,1,0.0
,academy_3_vs_1_with_keeper,123,collect_rollout,5343,0,16,0.0,False,False,0.0,0.0,0,0,0,0.0,0.0,0.0,0.0,0.0,1,0.0
,academy_3_vs_1_with_keeper,123,collect_rollout,5344,0,23,0.0,False,False,0.0,0.0,0,0,0,0.0,0.0,0.0,0.0,0.0,1,0.0
,academy_3_vs_1_with_keeper,123,collect_rollout,5345,0,16,0.0,False,False,0.0,0.0,0,0,0,0.0,0.0,0.0,0.0,0.0,1,0.0
,academy_3_vs_1_with_keeper,123,collect_rollout,5346,0,14,0.0,False,False,0.0,0.0,0,0,0,0.0,0.0,0.0,0.0,0.0,1,0.0
,academy_3_vs_1_with_keeper,123,collect_rollout,5347,0,18,0.0,False,False,0.0,0.0,0,0,0,0.0,0.0,0.0,0.0,0.0,1,0.0
,academy_3_vs_1_with_keeper,123,collect_rollout,5348,0,18,0.0,False,False,0.0,0.0,0,0,0,0.0,0.0,0.0,0.0,0.0,1,0.0
,academy_3_vs_1_with_keeper,123,collect_rollout,5349,0,17,0.0,False,False,0.0,0.0,0,0,0,0.0,0.0,0.0,0.0,0.0,1,0.0
,academy_3_vs_1_with_keeper,123,collect_rollout,5350,0,19,0.0,False,False,0.0,0.0,0,0,0,0.0,0.0,0.0,0.0,0.0,1,0.0
,academy_3_vs_1_with_keeper,123,collect_rollout,5351,0,19,0.0,False,False,0.0,0.0,0,0,0,0.0,0.0,0.0,0.0,0.0,1,0.0
,academy_3_vs_1_with_keeper,123,collect_rollout,5352,0,16,0.0,False,False,0.0,0.0,0,0,0,0.0,0.0,0.0,0.0,0.0,1,0.0
,academy_3_vs_1_with_keeper,123,collect_rollout,5353,0,49,0.04920713824685663,False,False,0.0,0.0,0,0,0,0.0,0.0,0.0,0.0,0.04920713824685663,1,0.04920713824685663
,academy_3_vs_1_with_keeper,123,collect_rollout,5354,0,21,0.0,False,False,0.0,0.0,0,0,0,0.0,0.0,0.0,0.0,0.0,1,0.0
,academy_3_vs_1_with_keeper,123,collect_rollout,5355,0,17,0.0,False,False,0.0,0.0,0,0,0,0.0,0.0,0.0,0.0,0.0,1,0.0
,academy_3_vs_1_with_keeper,123,collect_rollout,5356,0,19,0.0,False,False,0.0,0.0,0,0,0,0.0,0.0,0.0,0.0,0.0,1,0.0
,academy_3_vs_1_with_keeper,123,collect_rollout,5357,0,21,0.0,False,False,0.0,0.0,0,0,0,0.0,0.0,0.0,0.0,0.0,1,0.0
,academy_3_vs_1_with_keeper,123,collect_rollout,5358,0,17,0.0,False,False,0.0,0.0,0,0,0,0.0,0.0,0.0,0.0,0.0,1,0.0
,academy_3_vs_1_with_keeper,123,collect_rollout,5359,0,18,0.0,False,False,0.0,0.0,0,0,0,0.0,0.0,0.0,0.0,0.0,1,0.0
,academy_3_vs_1_with_keeper,123,collect_rollout,5360,0,20,0.0,False,False,0.0,0.0,0,0,0,0.0,0.0,0.0,0.0,0.0,1,0.0
,academy_3_vs_1_with_keeper,123,collect_rollout,5361,0,20,0.0,False,False,0.0,0.0,0,0,0,0.0,0.0,0.0,0.0,0.0,1,0.0
,academy_3_vs_1_with_keeper,123,collect_rollout,5362,0,15,0.0,False,False,0.0,0.0,0,0,0,0.0,0.0,0.0,0.0,0.0,1,0.0
,academy_3_vs_1_with_keeper,123,collect_rollout,5363,0,19,0.0,False,False,0.0,0.0,0,0,0,0.0,0.0,0.0,0.0,0.0,1,0.0
,academy_3_vs_1_with_keeper,123,collect_rollout,5364,0,6,0.0,False,False,0.0,0.0,0,0,0,0.0,0.0,0.0,0.0,0.0,1,0.0
,academy_3_vs_1_with_keeper,123,collect_rollout,5365,0,14,0.0,False,False,0.0,0.0,0,0,0,0.0,0.0,0.0,0.0,0.0,1,0.0
,academy_3_vs_1_with_keeper,123,collect_rollout,5366,0,14,0.0,False,False,0.0,0.0,0,0,0,0.0,0.0,0.0,0.0,0.0,1,0.0
,academy_3_vs_1_with_keeper,123,collect_rollout,5367,0,20,0.0,False,False,0.0,0.0,0,0,0,0.0,0.0,0.0,0.0,0.0,1,0.0
,academy_3_vs_1_with_keeper,123,collect_rollout,5368,0,22,0.0,False,False,0.0,0.0,0,0,0,0.0,0.0,0.0,0.0,0.0,1,0.0
,academy_3_vs_1_with_keeper,123,collect_rollout,5369,0,19,0.0,False,False,0.0,0.0,0,0,0,0.0,0.0,0.0,0.0,0.0,1,0.0
,academy_3_vs_1_with_keeper,123,collect_rollout,5370,0,21,0.0,False,False,0.0,0.0,0,0,0,0.0,0.0,0.0,0.0,0.0,1,0.0
,academy_3_vs_1_with_keeper,123,collect_rollout,5371,0,17,0.0,False,False,0.0,0.0,0,0,0,0.0,0.0,0.0,0.0,0.0,1,0.0
,academy_3_vs_1_with_keeper,123,collect_rollout,5372,0,15,0.0,False,False,0.0,0.0,0,0,0,0.0,0.0,0.0,0.0,0.0,1,0.0
,academy_3_vs_1_with_keeper,123,collect_rollout,5373,0,21,0.0,False,False,0.0,0.0,0,0,0,0.0,0.0,0.0,0.0,0.0,1,0.0
,academy_3_vs_1_with_keeper,123,collect_rollout,5374,0,19,0.0,False,False,0.0,0.0,0,0,0,0.0,0.0,0.0,0.0,0.0,1,0.0
,academy_3_vs_1_with_keeper,123,collect_rollout,5375,0,16,0.0,False,False,0.0,0.0,0,0,0,0.0,0.0,0.0,0.0,0.0,1,0.0
,academy_3_vs_1_with_keeper,123,collect_rollout,5376,0,15,0.0,False,False,0.0,0.0,0,0,0,0.0,0.0,0.0,0.0,0.0,1,0.0
,academy_3_vs_1_with_keeper,123,collect_rollout,5377,0,21,0.0,False,False,0.0,0.0,0,0,0,0.0,0.0,0.0,0.0,0.0,1,0.0
,academy_3_vs_1_with_keeper,123,collect_rollout,5378,0,20,0.0,False,False,0.0,0.0,0,0,0,0.0,0.0,0.0,0.0,0.0,1,0.0
,academy_3_vs_1_with_keeper,123,collect_rollout,5379,0,19,0.0,False,False,0.0,0.0,0,0,0,0.0,0.0,0.0,0.0,0.0,1,0.0
,academy_3_vs_1_with_keeper,123,collect_rollout,5380,0,17,0.0,False,False,0.0,0.0,0,0,0,0.0,0.0,0.0,0.0,0.0,1,0.0
,academy_3_vs_1_with_keeper,123,collect_rollout,5381,0,21,0.0,False,False,0.0,0.0,0,0,0,0.0,0.0,0.0,0.0,0.0,1,0.0
,academy_3_vs_1_with_keeper,123,collect_rollout,5382,0,15,0.0,False,False,0.0,0.0,0,0,0,0.0,0.0,0.0,0.0,0.0,1,0.0
,academy_3_vs_1_with_keeper,123,collect_rollout,5383,0,24,0.0,False,False,0.0,0.0,0,0,0,0.0,0.0,0.0,0.0,0.0,1,0.0
,academy_3_vs_1_with_keeper,123,collect_rollout,5384,0,18,0.0,False,False,0.0,0.0,0,0,0,0.0,0.0,0.0,0.0,0.0,1,0.0
,academy_3_vs_1_with_keeper,123,collect_rollout,5385,0,17,0.0,False,False,0.0,0.0,0,0,0,0.0,0.0,0.0,0.0,0.0,1,0.0
,academy_3_vs_1_with_keeper,123,collect_rollout,5386,0,17,0.0,False,False,0.0,0.0,0,0,0,0.0,0.0,0.0,0.0,0.0,1,0.0
,academy_3_vs_1_with_keeper,123,collect_rollout,5387,0,16,0.0,False,False,0.0,0.0,0,0,0,0.0,0.0,0.0,0.0,0.0,1,0.0
,academy_3_vs_1_with_keeper,123,collect_rollout,5388,0,39,-0.08615533413831145,False,False,0.0,0.0,0,0,0,0.0,0.0,0.0,0.0,-0.08615533413831145,1,-0.08615533413831145
,academy_3_vs_1_with_keeper,123,collect_rollout,5389,0,17,0.0,False,False,0.0,0.0,0,0,0,0.0,0.0,0.0,0.0,0.0,1,0.0
,academy_3_vs_1_with_keeper,123,collect_rollout,5390,0,20,0.0,False,False,0.0,0.0,0,0,0,0.0,0.0,0.0,0.0,0.0,1,0.0
,academy_3_vs_1_with_keeper,123,collect_rollout,5391,0,17,0.0,False,False,0.0,0.0,0,0,0,0.0,0.0,0.0,0.0,0.0,1,0.0
,academy_3_vs_1_with_keeper,123,collect_rollout,5392,0,17,0.0,False,False,0.0,0.0,0,0,0,0.0,0.0,0.0,0.0,0.0,1,0.0
,academy_3_vs_1_with_keeper,123,collect_rollout,5393,0,16,0.0,False,False,0.0,0.0,0,0,0,0.0,0.0,0.0,0.0,0.0,1,0.0
,academy_3_vs_1_with_keeper,123,collect_rollout,5394,0,23,0.0,False,False,0.0,0.0,0,0,0,0.0,0.0,0.0,0.0,0.0,1,0.0
,academy_3_vs_1_with_keeper,123,collect_rollout,5395,0,17,0.0,False,False,0.0,0.0,0,0,0,0.0,0.0,0.0,0.0,0.0,1,0.0
,academy_3_vs_1_with_keeper,123,collect_rollout,5396,0,16,0.0,False,False,0.0,0.0,0,0,0,0.0,0.0,0.0,0.0,0.0,1,0.0
,academy_3_vs_1_with_keeper,123,collect_rollout,5397,0,20,0.0,False,False,0.0,0.0,0,0,0,0.0,0.0,0.0,0.0,0.0,1,0.0
,academy_3_vs_1_with_keeper,123,collect_rollout,5398,0,21,0.0,False,False,0.0,0.0,0,0,0,0.0,0.0,0.0,0.0,0.0,1,0.0
,academy_3_vs_1_with_keeper,123,collect_rollout,5399,0,22,-0.003333333181217313,False,False,0.0,0.0,0,0,0,0.0,0.0,0.0,0.0,-0.003333333181217313,1,-0.003333333181217313
,academy_3_vs_1_with_keeper,123,collect_rollout,5400,0,40,-0.012769328448484885,False,False,0.0,0.0,0,0,0,0.0,0.0,0.0,0.0,-0.012769328448484885,1,-0.012769328448484885
,academy_3_vs_1_with_keeper,123,collect_rollout,5401,0,20,0.0,False,False,0.0,0.0,0,0,0,0.0,0.0,0.0,0.0,0.0,1,0.0
,academy_3_vs_1_with_keeper,123,collect_rollout,5402,0,19,0.0,False,False,0.0,0.0,0,0,0,0.0,0.0,0.0,0.0,0.0,1,0.0
,academy_3_vs_1_with_keeper,123,collect_rollout,5403,0,18,0.0,False,False,0.0,0.0,0,0,0,0.0,0.0,0.0,0.0,0.0,1,0.0
,academy_3_vs_1_with_keeper,123,collect_rollout,5404,0,23,0.0,False,False,0.0,0.0,0,0,0,0.0,0.0,0.0,0.0,0.0,1,0.0
,academy_3_vs_1_with_keeper,123,collect_rollout,5405,0,16,0.0,False,False,0.0,0.0,0,0,0,0.0,0.0,0.0,0.0,0.0,1,0.0
,academy_3_vs_1_with_keeper,123,collect_rollout,5406,0,18,0.0,False,False,0.0,0.0,0,0,0,0.0,0.0,0.0,0.0,0.0,1,0.0
,academy_3_vs_1_with_keeper,123,collect_rollout,5407,0,19,0.0,False,False,0.0,0.0,0,0,0,0.0,0.0,0.0,0.0,0.0,1,0.0
,academy_3_vs_1_with_keeper,123,collect_rollout,5408,0,21,0.0,False,False,0.0,0.0,0,0,0,0.0,0.0,0.0,0.0,0.0,1,0.0
,academy_3_vs_1_with_keeper,123,collect_rollout,5409,0,14,0.0,False,False,0.0,0.0,0,0,0,0.0,0.0,0.0,0.0,0.0,1,0.0
,academy_3_vs_1_with_keeper,123,collect_rollout,5410,0,19,0.0,False,False,0.0,0.0,0,0,0,0.0,0.0,0.0,0.0,0.0,1,0.0
,academy_3_vs_1_with_keeper,123,collect_rollout,5411,0,18,0.0,False,False,0.0,0.0,0,0,0,0.0,0.0,0.0,0.0,0.0,1,0.0
,academy_3_vs_1_with_keeper,123,collect_rollout,5412,0,16,0.0,False,False,0.0,0.0,0,0,0,0.0,0.0,0.0,0.0,0.0,1,0.0
,academy_3_vs_1_with_keeper,123,collect_rollout,5413,0,19,0.0,False,False,0.0,0.0,0,0,0,0.0,0.0,0.0,0.0,0.0,1,0.0
,academy_3_vs_1_with_keeper,123,collect_rollout,5414,0,20,0.0,False,False,0.0,0.0,0,0,0,0.0,0.0,0.0,0.0,0.0,1,0.0
,academy_3_vs_1_with_keeper,123,collect_rollout,5415,0,21,-0.003333333181217313,False,False,0.0,0.0,0,0,0,0.0,0.0,0.0,0.0,-0.003333333181217313,1,-0.003333333181217313
,academy_3_vs_1_with_keeper,123,collect_rollout,5416,0,18,0.0,False,False,0.0,0.0,0,0,0,0.0,0.0,0.0,0.0,0.0,1,0.0
,academy_3_vs_1_with_keeper,123,collect_rollout,5417,0,17,0.0,False,False,0.0,0.0,0,0,0,0.0,0.0,0.0,0.0,0.0,1,0.0
,academy_3_vs_1_with_keeper,123,collect_rollout,5418,0,17,0.0,False,False,0.0,0.0,0,0,0,0.0,0.0,0.0,0.0,0.0,1,0.0
,academy_3_vs_1_with_keeper,123,collect_rollout,5419,0,19,0.0,False,False,0.0,0.0,0,0,0,0.0,0.0,0.0,0.0,0.0,1,0.0
,academy_3_vs_1_with_keeper,123,collect_rollout,5420,0,19,-0.003333333181217313,False,False,0.0,0.0,0,0,0,0.0,0.0,0.0,0.0,-0.003333333181217313,1,-0.003333333181217313
,academy_3_vs_1_with_keeper,123,collect_rollout,5421,0,18,0.0,False,False,0.0,0.0,0,0,0,0.0,0.0,0.0,0.0,0.0,1,0.0
,academy_3_vs_1_with_keeper,123,collect_rollout,5422,0,17,0.0,False,False,0.0,0.0,0,0,0,0.0,0.0,0.0,0.0,0.0,1,0.0
,academy_3_vs_1_with_keeper,123,collect_rollout,5423,0,18,0.0,False,False,0.0,0.0,0,0,0,0.0,0.0,0.0,0.0,0.0,1,0.0
,academy_3_vs_1_with_keeper,123,collect_rollout,5424,0,18,0.0,False,False,0.0,0.0,0,0,0,0.0,0.0,0.0,0.0,0.0,1,0.0
,academy_3_vs_1_with_keeper,123,collect_rollout,5425,0,17,0.0,False,False,0.0,0.0,0,0,0,0.0,0.0,0.0,0.0,0.0,1,0.0
,academy_3_vs_1_with_keeper,123,collect_rollout,5426,0,19,0.0,False,False,0.0,0.0,0,0,0,0.0,0.0,0.0,0.0,0.0,1,0.0
,academy_3_vs_1_with_keeper,123,collect_rollout,5427,0,24,0.0,False,False,0.0,0.0,0,0,0,0.0,0.0,0.0,0.0,0.0,1,0.0
,academy_3_vs_1_with_keeper,123,collect_rollout,5428,0,19,0.0,False,False,0.0,0.0,0,0,0,0.0,0.0,0.0,0.0,0.0,1,0.0
,academy_3_vs_1_with_keeper,123,collect_rollout,5429,0,18,0.0,False,False,0.0,0.0,0,0,0,0.0,0.0,0.0,0.0,0.0,1,0.0
,academy_3_vs_1_with_keeper,123,collect_rollout,5430,0,347,-0.7352336936164647,False,False,0.0,0.0,0,0,0,0.0,0.0,0.0,0.0,-0.7352336936164647,1,-0.7352336936164647
,academy_3_vs_1_with_keeper,123,collect_rollout,5431,0,22,-0.003333333181217313,False,False,0.0,0.0,0,0,0,0.0,0.0,0.0,0.0,-0.003333333181217313,1,-0.003333333181217313
,academy_3_vs_1_with_keeper,123,collect_rollout,5432,0,16,0.0,False,False,0.0,0.0,0,0,0,0.0,0.0,0.0,0.0,0.0,1,0.0
,academy_3_vs_1_with_keeper,123,collect_rollout,5433,0,17,0.0,False,False,0.0,0.0,0,0,0,0.0,0.0,0.0,0.0,0.0,1,0.0
,academy_3_vs_1_with_keeper,123,collect_rollout,5434,0,20,0.0,False,False,0.0,0.0,0,0,0,0.0,0.0,0.0,0.0,0.0,1,0.0
,academy_3_vs_1_with_keeper,123,collect_rollout,5435,0,18,0.0,False,False,0.0,0.0,0,0,0,0.0,0.0,0.0,0.0,0.0,1,0.0
,academy_3_vs_1_with_keeper,123,collect_rollout,5436,0,19,0.0,False,False,0.0,0.0,0,0,0,0.0,0.0,0.0,0.0,0.0,1,0.0
,academy_3_vs_1_with_keeper,123,collect_rollout,5437,0,17,0.0,False,False,0.0,0.0,0,0,0,0.0,0.0,0.0,0.0,0.0,1,0.0
,academy_3_vs_1_with_keeper,123,collect_rollout,5438,0,19,-0.003333333181217313,False,False,0.0,0.0,0,0,0,0.0,0.0,0.0,0.0,-0.003333333181217313,1,-0.003333333181217313
,academy_3_vs_1_with_keeper,123,collect_rollout,5439,0,16,0.0,False,False,0.0,0.0,0,0,0,0.0,0.0,0.0,0.0,0.0,1,0.0
,academy_3_vs_1_with_keeper,123,collect_rollout,5440,0,18,0.0,False,False,0.0,0.0,0,0,0,0.0,0.0,0.0,0.0,0.0,1,0.0
,academy_3_vs_1_with_keeper,123,collect_rollout,5441,0,21,0.0,False,False,0.0,0.0,0,0,0,0.0,0.0,0.0,0.0,0.0,1,0.0
,academy_3_vs_1_with_keeper,123,collect_rollout,5442,0,19,-0.003333333181217313,False,False,0.0,0.0,0,0,0,0.0,0.0,0.0,0.0,-0.003333333181217313,1,-0.003333333181217313
,academy_3_vs_1_with_keeper,123,collect_rollout,5443,0,20,0.0,False,False,0.0,0.0,0,0,0,0.0,0.0,0.0,0.0,0.0,1,0.0
,academy_3_vs_1_with_keeper,123,collect_rollout,5444,0,20,0.0,False,False,0.0,0.0,0,0,0,0.0,0.0,0.0,0.0,0.0,1,0.0
,academy_3_vs_1_with_keeper,123,collect_rollout,5445,0,18,0.0,False,False,0.0,0.0,0,0,0,0.0,0.0,0.0,0.0,0.0,1,0.0
,academy_3_vs_1_with_keeper,123,collect_rollout,5446,0,22,0.0,False,False,0.0,0.0,0,0,0,0.0,0.0,0.0,0.0,0.0,1,0.0
,academy_3_vs_1_with_keeper,123,collect_rollout,5447,0,18,0.0,False,False,0.0,0.0,0,0,0,0.0,0.0,0.0,0.0,0.0,1,0.0
,academy_3_vs_1_with_keeper,123,collect_rollout,5448,0,21,0.0,False,False,0.0,0.0,0,0,0,0.0,0.0,0.0,0.0,0.0,1,0.0
,academy_3_vs_1_with_keeper,123,collect_rollout,5449,0,22,0.0,False,False,0.0,0.0,0,0,0,0.0,0.0,0.0,0.0,0.0,1,0.0
,academy_3_vs_1_with_keeper,123,collect_rollout,5450,0,20,-0.003333333181217313,False,False,0.0,0.0,0,0,0,0.0,0.0,0.0,0.0,-0.003333333181217313,1,-0.003333333181217313
,academy_3_vs_1_with_keeper,123,collect_rollout,5451,0,22,0.0,False,False,0.0,0.0,0,0,0,0.0,0.0,0.0,0.0,0.0,1,0.0
,academy_3_vs_1_with_keeper,123,collect_rollout,5452,0,21,-0.003333333181217313,False,False,0.0,0.0,0,0,0,0.0,0.0,0.0,0.0,-0.003333333181217313,1,-0.003333333181217313
,academy_3_vs_1_with_keeper,123,collect_rollout,5453,0,20,0.0,False,False,0.0,0.0,0,0,0,0.0,0.0,0.0,0.0,0.0,1,0.0
,academy_3_vs_1_with_keeper,123,collect_rollout,5454,0,19,0.0,False,False,0.0,0.0,0,0,0,0.0,0.0,0.0,0.0,0.0,1,0.0
,academy_3_vs_1_with_keeper,123,collect_rollout,5455,0,18,0.0,False,False,0.0,0.0,0,0,0,0.0,0.0,0.0,0.0,0.0,1,0.0
,academy_3_vs_1_with_keeper,123,collect_rollout,5456,0,87,-0.3268508546316298,False,False,0.0,0.0,0,0,0,0.0,0.0,0.0,0.0,-0.3268508546316298,1,-0.3268508546316298
,academy_3_vs_1_with_keeper,123,collect_rollout,5457,0,18,0.0,False,False,0.0,0.0,0,0,0,0.0,0.0,0.0,0.0,0.0,1,0.0
,academy_3_vs_1_with_keeper,123,collect_rollout,5458,0,18,0.0,False,False,0.0,0.0,0,0,0,0.0,0.0,0.0,0.0,0.0,1,0.0
,academy_3_vs_1_with_keeper,123,collect_rollout,5459,0,19,0.0,False,False,0.0,0.0,0,0,0,0.0,0.0,0.0,0.0,0.0,1,0.0
,academy_3_vs_1_with_keeper,123,collect_rollout,5460,0,19,0.0,False,False,0.0,0.0,0,0,0,0.0,0.0,0.0,0.0,0.0,1,0.0
,academy_3_vs_1_with_keeper,123,collect_rollout,5461,0,20,-0.003333333181217313,False,False,0.0,0.0,0,0,0,0.0,0.0,0.0,0.0,-0.003333333181217313,1,-0.003333333181217313
,academy_3_vs_1_with_keeper,123,collect_rollout,5462,0,17,0.0,False,False,0.0,0.0,0,0,0,0.0,0.0,0.0,0.0,0.0,1,0.0
,academy_3_vs_1_with_keeper,123,collect_rollout,5463,0,16,0.0,False,False,0.0,0.0,0,0,0,0.0,0.0,0.0,0.0,0.0,1,0.0
,academy_3_vs_1_with_keeper,123,collect_rollout,5464,0,20,0.0,False,False,0.0,0.0,0,0,0,0.0,0.0,0.0,0.0,0.0,1,0.0
,academy_3_vs_1_with_keeper,123,collect_rollout,5465,0,19,0.0,False,False,0.0,0.0,0,0,0,0.0,0.0,0.0,0.0,0.0,1,0.0
,academy_3_vs_1_with_keeper,123,collect_rollout,5466,0,17,0.0,False,False,0.0,0.0,0,0,0,0.0,0.0,0.0,0.0,0.0,1,0.0
,academy_3_vs_1_with_keeper,123,collect_rollout,5467,0,142,-0.6966858247760683,False,False,0.0,0.0,0,0,0,0.0,0.0,0.0,0.0,-0.6966858247760683,1,-0.6966858247760683
,academy_3_vs_1_with_keeper,123,collect_rollout,5468,0,19,0.0,False,False,0.0,0.0,0,0,0,0.0,0.0,0.0,0.0,0.0,1,0.0
,academy_3_vs_1_with_keeper,123,collect_rollout,5469,0,17,0.0,False,False,0.0,0.0,0,0,0,0.0,0.0,0.0,0.0,0.0,1,0.0
,academy_3_vs_1_with_keeper,123,collect_rollout,5470,0,15,0.0,False,False,0.0,0.0,0,0,0,0.0,0.0,0.0,0.0,0.0,1,0.0
,academy_3_vs_1_with_keeper,123,collect_rollout,5471,0,18,0.0,False,False,0.0,0.0,0,0,0,0.0,0.0,0.0,0.0,0.0,1,0.0
,academy_3_vs_1_with_keeper,123,collect_rollout,5472,0,17,0.0,False,False,0.0,0.0,0,0,0,0.0,0.0,0.0,0.0,0.0,1,0.0
,academy_3_vs_1_with_keeper,123,collect_rollout,5473,0,18,0.0,False,False,0.0,0.0,0,0,0,0.0,0.0,0.0,0.0,0.0,1,0.0
,academy_3_vs_1_with_keeper,123,collect_rollout,5474,0,23,0.0,False,False,0.0,0.0,0,0,0,0.0,0.0,0.0,0.0,0.0,1,0.0
,academy_3_vs_1_with_keeper,123,collect_rollout,5475,0,15,0.0,False,False,0.0,0.0,0,0,0,0.0,0.0,0.0,0.0,0.0,1,0.0
,academy_3_vs_1_with_keeper,123,collect_rollout,5476,0,20,-0.003333333181217313,False,False,0.0,0.0,0,0,0,0.0,0.0,0.0,0.0,-0.003333333181217313,1,-0.003333333181217313
,academy_3_vs_1_with_keeper,123,collect_rollout,5477,0,16,0.0,False,False,0.0,0.0,0,0,0,0.0,0.0,0.0,0.0,0.0,1,0.0
,academy_3_vs_1_with_keeper,123,collect_rollout,5478,0,14,0.0,False,False,0.0,0.0,0,0,0,0.0,0.0,0.0,0.0,0.0,1,0.0
,academy_3_vs_1_with_keeper,123,collect_rollout,5479,0,22,0.0,False,False,0.0,0.0,0,0,0,0.0,0.0,0.0,0.0,0.0,1,0.0
,academy_3_vs_1_with_keeper,123,collect_rollout,5480,0,18,0.0,False,False,0.0,0.0,0,0,0,0.0,0.0,0.0,0.0,0.0,1,0.0
,academy_3_vs_1_with_keeper,123,collect_rollout,5481,0,17,0.0,False,False,0.0,0.0,0,0,0,0.0,0.0,0.0,0.0,0.0,1,0.0
,academy_3_vs_1_with_keeper,123,collect_rollout,5482,0,19,0.0,False,False,0.0,0.0,0,0,0,0.0,0.0,0.0,0.0,0.0,1,0.0
,academy_3_vs_1_with_keeper,123,collect_rollout,5483,0,22,0.0,False,False,0.0,0.0,0,0,0,0.0,0.0,0.0,0.0,0.0,1,0.0
,academy_3_vs_1_with_keeper,123,collect_rollout,5484,0,22,0.0,False,False,0.0,0.0,0,0,0,0.0,0.0,0.0,0.0,0.0,1,0.0
,academy_3_vs_1_with_keeper,123,collect_rollout,5485,0,19,-0.003333333181217313,False,False,0.0,0.0,0,0,0,0.0,0.0,0.0,0.0,-0.003333333181217313,1,-0.003333333181217313
,academy_3_vs_1_with_keeper,123,collect_rollout,5486,0,17,0.0,False,False,0.0,0.0,0,0,0,0.0,0.0,0.0,0.0,0.0,1,0.0
,academy_3_vs_1_with_keeper,123,collect_rollout,5487,0,41,-0.004040907719172537,False,False,0.0,0.0,0,0,0,0.0,0.0,0.0,0.0,-0.004040907719172537,1,-0.004040907719172537
,academy_3_vs_1_with_keeper,123,collect_rollout,5488,0,18,0.0,False,False,0.0,0.0,0,0,0,0.0,0.0,0.0,0.0,0.0,1,0.0
,academy_3_vs_1_with_keeper,123,collect_rollout,5489,0,23,0.0,False,False,0.0,0.0,0,0,0,0.0,0.0,0.0,0.0,0.0,1,0.0
,academy_3_vs_1_with_keeper,123,collect_rollout,5490,0,22,0.0,False,False,0.0,0.0,0,0,0,0.0,0.0,0.0,0.0,0.0,1,0.0
,academy_3_vs_1_with_keeper,123,collect_rollout,5491,0,75,1.6863479022867978,False,False,0.0,0.0,0,0,0,0.0,0.0,0.0,0.0,1.6863479022867978,1,1.6863479022867978
,academy_3_vs_1_with_keeper,123,collect_rollout,5492,0,17,0.0,False,False,0.0,0.0,0,0,0,0.0,0.0,0.0,0.0,0.0,1,0.0
,academy_3_vs_1_with_keeper,123,collect_rollout,5493,0,18,-0.003333333181217313,False,False,0.0,0.0,0,0,0,0.0,0.0,0.0,0.0,-0.003333333181217313,1,-0.003333333181217313
,academy_3_vs_1_with_keeper,123,collect_rollout,5494,0,19,0.0,False,False,0.0,0.0,0,0,0,0.0,0.0,0.0,0.0,0.0,1,0.0
,academy_3_vs_1_with_keeper,123,collect_rollout,5495,0,16,0.0,False,False,0.0,0.0,0,0,0,0.0,0.0,0.0,0.0,0.0,1,0.0
,academy_3_vs_1_with_keeper,123,collect_rollout,5496,0,14,0.0,False,False,0.0,0.0,0,0,0,0.0,0.0,0.0,0.0,0.0,1,0.0
,academy_3_vs_1_with_keeper,123,collect_rollout,5497,0,21,-0.003333333181217313,False,False,0.0,0.0,0,0,0,0.0,0.0,0.0,0.0,-0.003333333181217313,1,-0.003333333181217313
,academy_3_vs_1_with_keeper,123,collect_rollout,5498,0,17,0.0,False,False,0.0,0.0,0,0,0,0.0,0.0,0.0,0.0,0.0,1,0.0
,academy_3_vs_1_with_keeper,123,collect_rollout,5499,0,15,0.0,False,False,0.0,0.0,0,0,0,0.0,0.0,0.0,0.0,0.0,1,0.0
,academy_3_vs_1_with_keeper,123,collect_rollout,5500,0,20,0.0,False,False,0.0,0.0,0,0,0,0.0,0.0,0.0,0.0,0.0,1,0.0
,academy_3_vs_1_with_keeper,123,collect_rollout,5501,0,21,0.0,False,False,0.0,0.0,0,0,0,0.0,0.0,0.0,0.0,0.0,1,0.0
,academy_3_vs_1_with_keeper,123,collect_rollout,5502,0,19,-0.003333333181217313,False,False,0.0,0.0,0,0,0,0.0,0.0,0.0,0.0,-0.003333333181217313,1,-0.003333333181217313
,academy_3_vs_1_with_keeper,123,collect_rollout,5503,0,15,0.0,False,False,0.0,0.0,0,0,0,0.0,0.0,0.0,0.0,0.0,1,0.0
,academy_3_vs_1_with_keeper,123,collect_rollout,5504,0,21,-0.006666666362434626,False,False,0.0,0.0,0,0,0,0.0,0.0,0.0,0.0,-0.006666666362434626,1,-0.006666666362434626
,academy_3_vs_1_with_keeper,123,collect_rollout,5505,0,20,0.0,False,False,0.0,0.0,0,0,0,0.0,0.0,0.0,0.0,0.0,1,0.0
,academy_3_vs_1_with_keeper,123,collect_rollout,5506,0,19,0.0,False,False,0.0,0.0,0,0,0,0.0,0.0,0.0,0.0,0.0,1,0.0
,academy_3_vs_1_with_keeper,123,collect_rollout,5507,0,19,0.0,False,False,0.0,0.0,0,0,0,0.0,0.0,0.0,0.0,0.0,1,0.0
,academy_3_vs_1_with_keeper,123,collect_rollout,5508,0,22,0.0,False,False,0.0,0.0,0,0,0,0.0,0.0,0.0,0.0,0.0,1,0.0
,academy_3_vs_1_with_keeper,123,collect_rollout,5509,0,18,0.0,False,False,0.0,0.0,0,0,0,0.0,0.0,0.0,0.0,0.0,1,0.0
,academy_3_vs_1_with_keeper,123,collect_rollout,5510,0,18,0.0,False,False,0.0,0.0,0,0,0,0.0,0.0,0.0,0.0,0.0,1,0.0
,academy_3_vs_1_with_keeper,123,collect_rollout,5511,0,22,0.0,False,False,0.0,0.0,0,0,0,0.0,0.0,0.0,0.0,0.0,1,0.0
,academy_3_vs_1_with_keeper,123,collect_rollout,5512,0,21,0.0,False,False,0.0,0.0,0,0,0,0.0,0.0,0.0,0.0,0.0,1,0.0
,academy_3_vs_1_with_keeper,123,collect_rollout,5513,0,19,0.0,False,False,0.0,0.0,0,0,0,0.0,0.0,0.0,0.0,0.0,1,0.0
,academy_3_vs_1_with_keeper,123,collect_rollout,5514,0,19,-0.003333333181217313,False,False,0.0,0.0,0,0,0,0.0,0.0,0.0,0.0,-0.003333333181217313,1,-0.003333333181217313
,academy_3_vs_1_with_keeper,123,collect_rollout,5515,0,23,0.0,False,False,0.0,0.0,0,0,0,0.0,0.0,0.0,0.0,0.0,1,0.0
,academy_3_vs_1_with_keeper,123,collect_rollout,5516,0,15,0.0,False,False,0.0,0.0,0,0,0,0.0,0.0,0.0,0.0,0.0,1,0.0
,academy_3_vs_1_with_keeper,123,collect_rollout,5517,0,19,0.0,False,False,0.0,0.0,0,0,0,0.0,0.0,0.0,0.0,0.0,1,0.0
,academy_3_vs_1_with_keeper,123,collect_rollout,5518,0,17,0.0,False,False,0.0,0.0,0,0,0,0.0,0.0,0.0,0.0,0.0,1,0.0
,academy_3_vs_1_with_keeper,123,collect_rollout,5519,0,20,0.0,False,False,0.0,0.0,0,0,0,0.0,0.0,0.0,0.0,0.0,1,0.0
,academy_3_vs_1_with_keeper,123,collect_rollout,5520,0,17,0.0,False,False,0.0,0.0,0,0,0,0.0,0.0,0.0,0.0,0.0,1,0.0
,academy_3_vs_1_with_keeper,123,collect_rollout,5521,0,19,0.0,False,False,0.0,0.0,0,0,0,0.0,0.0,0.0,0.0,0.0,1,0.0
,academy_3_vs_1_with_keeper,123,collect_rollout,5522,0,20,0.0,False,False,0.0,0.0,0,0,0,0.0,0.0,0.0,0.0,0.0,1,0.0
,academy_3_vs_1_with_keeper,123,collect_rollout,5523,0,22,0.0,False,False,0.0,0.0,0,0,0,0.0,0.0,0.0,0.0,0.0,1,0.0
,academy_3_vs_1_with_keeper,123,collect_rollout,5524,0,14,0.0,False,False,0.0,0.0,0,0,0,0.0,0.0,0.0,0.0,0.0,1,0.0
,academy_3_vs_1_with_keeper,123,collect_rollout,5525,0,18,0.0,False,False,0.0,0.0,0,0,0,0.0,0.0,0.0,0.0,0.0,1,0.0
,academy_3_vs_1_with_keeper,123,collect_rollout,5526,0,19,0.0,False,False,0.0,0.0,0,0,0,0.0,0.0,0.0,0.0,0.0,1,0.0
,academy_3_vs_1_with_keeper,123,collect_rollout,5527,0,14,0.0,False,False,0.0,0.0,0,0,0,0.0,0.0,0.0,0.0,0.0,1,0.0
,academy_3_vs_1_with_keeper,123,collect_rollout,5528,0,19,0.0,False,False,0.0,0.0,0,0,0,0.0,0.0,0.0,0.0,0.0,1,0.0
,academy_3_vs_1_with_keeper,123,collect_rollout,5529,0,20,0.0,False,False,0.0,0.0,0,0,0,0.0,0.0,0.0,0.0,0.0,1,0.0
,academy_3_vs_1_with_keeper,123,collect_rollout,5530,0,20,0.0,False,False,0.0,0.0,0,0,0,0.0,0.0,0.0,0.0,0.0,1,0.0
,academy_3_vs_1_with_keeper,123,collect_rollout,5531,0,21,0.0,False,False,0.0,0.0,0,0,0,0.0,0.0,0.0,0.0,0.0,1,0.0
,academy_3_vs_1_with_keeper,123,collect_rollout,5532,0,21,0.0,False,False,0.0,0.0,0,0,0,0.0,0.0,0.0,0.0,0.0,1,0.0
,academy_3_vs_1_with_keeper,123,collect_rollout,5533,0,22,0.0,False,False,0.0,0.0,0,0,0,0.0,0.0,0.0,0.0,0.0,1,0.0
,academy_3_vs_1_with_keeper,123,collect_rollout,5534,0,19,0.0,False,False,0.0,0.0,0,0,0,0.0,0.0,0.0,0.0,0.0,1,0.0
,academy_3_vs_1_with_keeper,123,collect_rollout,5535,0,18,0.0,False,False,0.0,0.0,0,0,0,0.0,0.0,0.0,0.0,0.0,1,0.0
,academy_3_vs_1_with_keeper,123,collect_rollout,5536,0,16,0.0,False,False,0.0,0.0,0,0,0,0.0,0.0,0.0,0.0,0.0,1,0.0
,academy_3_vs_1_with_keeper,123,collect_rollout,5537,0,22,0.0,False,False,0.0,0.0,0,0,0,0.0,0.0,0.0,0.0,0.0,1,0.0
,academy_3_vs_1_with_keeper,123,collect_rollout,5538,0,17,0.0,False,False,0.0,0.0,0,0,0,0.0,0.0,0.0,0.0,0.0,1,0.0
,academy_3_vs_1_with_keeper,123,collect_rollout,5539,0,18,0.0,False,False,0.0,0.0,0,0,0,0.0,0.0,0.0,0.0,0.0,1,0.0
,academy_3_vs_1_with_keeper,123,collect_rollout,5540,0,21,0.0,False,False,0.0,0.0,0,0,0,0.0,0.0,0.0,0.0,0.0,1,0.0
,academy_3_vs_1_with_keeper,123,collect_rollout,5541,0,19,-0.003333333181217313,False,False,0.0,0.0,0,0,0,0.0,0.0,0.0,0.0,-0.003333333181217313,1,-0.003333333181217313
,academy_3_vs_1_with_keeper,123,collect_rollout,5542,0,20,0.0,False,False,0.0,0.0,0,0,0,0.0,0.0,0.0,0.0,0.0,1,0.0
,academy_3_vs_1_with_keeper,123,collect_rollout,5543,0,19,0.0,False,False,0.0,0.0,0,0,0,0.0,0.0,0.0,0.0,0.0,1,0.0
,academy_3_vs_1_with_keeper,123,collect_rollout,5544,0,19,0.0,False,False,0.0,0.0,0,0,0,0.0,0.0,0.0,0.0,0.0,1,0.0
,academy_3_vs_1_with_keeper,123,collect_rollout,5545,0,20,-0.003333333181217313,False,False,0.0,0.0,0,0,0,0.0,0.0,0.0,0.0,-0.003333333181217313,1,-0.003333333181217313
,academy_3_vs_1_with_keeper,123,collect_rollout,5546,0,21,0.0,False,False,0.0,0.0,0,0,0,0.0,0.0,0.0,0.0,0.0,1,0.0
,academy_3_vs_1_with_keeper,123,collect_rollout,5547,0,18,0.0,False,False,0.0,0.0,0,0,0,0.0,0.0,0.0,0.0,0.0,1,0.0
,academy_3_vs_1_with_keeper,123,collect_rollout,5548,0,16,-0.003333333181217313,False,False,0.0,0.0,0,0,0,0.0,0.0,0.0,0.0,-0.003333333181217313,1,-0.003333333181217313
,academy_3_vs_1_with_keeper,123,collect_rollout,5549,0,18,0.0,False,False,0.0,0.0,0,0,0,0.0,0.0,0.0,0.0,0.0,1,0.0
,academy_3_vs_1_with_keeper,123,collect_rollout,5550,0,20,0.0,False,False,0.0,0.0,0,0,0,0.0,0.0,0.0,0.0,0.0,1,0.0
,academy_3_vs_1_with_keeper,123,collect_rollout,5551,0,19,-0.003333333181217313,False,False,0.0,0.0,0,0,0,0.0,0.0,0.0,0.0,-0.003333333181217313,1,-0.003333333181217313
,academy_3_vs_1_with_keeper,123,collect_rollout,5552,0,22,0.0,False,False,0.0,0.0,0,0,0,0.0,0.0,0.0,0.0,0.0,1,0.0
,academy_3_vs_1_with_keeper,123,collect_rollout,5553,0,18,0.0,False,False,0.0,0.0,0,0,0,0.0,0.0,0.0,0.0,0.0,1,0.0
,academy_3_vs_1_with_keeper,123,collect_rollout,5554,0,17,0.0,False,False,0.0,0.0,0,0,0,0.0,0.0,0.0,0.0,0.0,1,0.0
,academy_3_vs_1_with_keeper,123,collect_rollout,5555,0,20,0.0,False,False,0.0,0.0,0,0,0,0.0,0.0,0.0,0.0,0.0,1,0.0
,academy_3_vs_1_with_keeper,123,collect_rollout,5556,0,16,0.0,False,False,0.0,0.0,0,0,0,0.0,0.0,0.0,0.0,0.0,1,0.0
,academy_3_vs_1_with_keeper,123,collect_rollout,5557,0,19,-0.003333333181217313,False,False,0.0,0.0,0,0,0,0.0,0.0,0.0,0.0,-0.003333333181217313,1,-0.003333333181217313
,academy_3_vs_1_with_keeper,123,collect_rollout,5558,0,63,-0.09999999892897904,False,False,0.0,0.0,0,0,0,0.0,0.0,0.0,0.0,-0.09999999892897904,1,-0.09999999892897904
,academy_3_vs_1_with_keeper,123,collect_rollout,5559,0,18,0.0,False,False,0.0,0.0,0,0,0,0.0,0.0,0.0,0.0,0.0,1,0.0
,academy_3_vs_1_with_keeper,123,collect_rollout,5560,0,16,0.0,False,False,0.0,0.0,0,0,0,0.0,0.0,0.0,0.0,0.0,1,0.0
,academy_3_vs_1_with_keeper,123,collect_rollout,5561,0,62,-0.07954753749072552,False,False,0.0,0.0,0,0,0,0.0,0.0,0.0,0.0,-0.07954753749072552,1,-0.07954753749072552
,academy_3_vs_1_with_keeper,123,collect_rollout,5562,0,21,0.0,False,False,0.0,0.0,0,0,0,0.0,0.0,0.0,0.0,0.0,1,0.0
,academy_3_vs_1_with_keeper,123,collect_rollout,5563,0,103,-0.15790565096540377,False,False,0.0,0.0,0,0,0,0.0,0.0,0.0,0.0,-0.15790565096540377,1,-0.15790565096540377
,academy_3_vs_1_with_keeper,123,collect_rollout,5564,0,21,0.0,False,False,0.0,0.0,0,0,0,0.0,0.0,0.0,0.0,0.0,1,0.0
,academy_3_vs_1_with_keeper,123,collect_rollout,5565,0,20,0.0,False,False,0.0,0.0,0,0,0,0.0,0.0,0.0,0.0,0.0,1,0.0
,academy_3_vs_1_with_keeper,123,collect_rollout,5566,0,20,0.0,False,False,0.0,0.0,0,0,0,0.0,0.0,0.0,0.0,0.0,1,0.0
,academy_3_vs_1_with_keeper,123,collect_rollout,5567,0,19,0.0,False,False,0.0,0.0,0,0,0,0.0,0.0,0.0,0.0,0.0,1,0.0
,academy_3_vs_1_with_keeper,123,collect_rollout,5568,0,18,0.0,False,False,0.0,0.0,0,0,0,0.0,0.0,0.0,0.0,0.0,1,0.0
,academy_3_vs_1_with_keeper,123,collect_rollout,5569,0,23,0.0,False,False,0.0,0.0,0,0,0,0.0,0.0,0.0,0.0,0.0,1,0.0
,academy_3_vs_1_with_keeper,123,collect_rollout,5570,0,18,0.0,False,False,0.0,0.0,0,0,0,0.0,0.0,0.0,0.0,0.0,1,0.0
,academy_3_vs_1_with_keeper,123,collect_rollout,5571,0,16,0.0,False,False,0.0,0.0,0,0,0,0.0,0.0,0.0,0.0,0.0,1,0.0
,academy_3_vs_1_with_keeper,123,collect_rollout,5572,0,17,0.0,False,False,0.0,0.0,0,0,0,0.0,0.0,0.0,0.0,0.0,1,0.0
,academy_3_vs_1_with_keeper,123,collect_rollout,5573,0,17,0.0,False,False,0.0,0.0,0,0,0,0.0,0.0,0.0,0.0,0.0,1,0.0
,academy_3_vs_1_with_keeper,123,collect_rollout,5574,0,19,-0.003333333181217313,False,False,0.0,0.0,0,0,0,0.0,0.0,0.0,0.0,-0.003333333181217313,1,-0.003333333181217313
,academy_3_vs_1_with_keeper,123,collect_rollout,5575,0,15,0.0,False,False,0.0,0.0,0,0,0,0.0,0.0,0.0,0.0,0.0,1,0.0
,academy_3_vs_1_with_keeper,123,collect_rollout,5576,0,20,0.0,False,False,0.0,0.0,0,0,0,0.0,0.0,0.0,0.0,0.0,1,0.0
,academy_3_vs_1_with_keeper,123,collect_rollout,5577,0,15,0.0,False,False,0.0,0.0,0,0,0,0.0,0.0,0.0,0.0,0.0,1,0.0
,academy_3_vs_1_with_keeper,123,collect_rollout,5578,0,24,0.0,False,False,0.0,0.0,0,0,0,0.0,0.0,0.0,0.0,0.0,1,0.0
,academy_3_vs_1_with_keeper,123,collect_rollout,5579,0,18,0.0,False,False,0.0,0.0,0,0,0,0.0,0.0,0.0,0.0,0.0,1,0.0
,academy_3_vs_1_with_keeper,123,collect_rollout,5580,0,17,0.0,False,False,0.0,0.0,0,0,0,0.0,0.0,0.0,0.0,0.0,1,0.0
,academy_3_vs_1_with_keeper,123,collect_rollout,5581,0,18,0.0,False,False,0.0,0.0,0,0,0,0.0,0.0,0.0,0.0,0.0,1,0.0
,academy_3_vs_1_with_keeper,123,collect_rollout,5582,0,18,0.0,False,False,0.0,0.0,0,0,0,0.0,0.0,0.0,0.0,0.0,1,0.0
,academy_3_vs_1_with_keeper,123,collect_rollout,5583,0,20,0.0,False,False,0.0,0.0,0,0,0,0.0,0.0,0.0,0.0,0.0,1,0.0
,academy_3_vs_1_with_keeper,123,collect_rollout,5584,0,16,0.0,False,False,0.0,0.0,0,0,0,0.0,0.0,0.0,0.0,0.0,1,0.0
,academy_3_vs_1_with_keeper,123,collect_rollout,5585,0,20,-0.006666666362434626,False,False,0.0,0.0,0,0,0,0.0,0.0,0.0,0.0,-0.006666666362434626,1,-0.006666666362434626
,academy_3_vs_1_with_keeper,123,collect_rollout,5586,0,21,0.0,False,False,0.0,0.0,0,0,0,0.0,0.0,0.0,0.0,0.0,1,0.0
,academy_3_vs_1_with_keeper,123,collect_rollout,5587,0,22,0.0,False,False,0.0,0.0,0,0,0,0.0,0.0,0.0,0.0,0.0,1,0.0
,academy_3_vs_1_with_keeper,123,collect_rollout,5588,0,18,0.0,False,False,0.0,0.0,0,0,0,0.0,0.0,0.0,0.0,0.0,1,0.0
,academy_3_vs_1_with_keeper,123,collect_rollout,5589,0,17,0.0,False,False,0.0,0.0,0,0,0,0.0,0.0,0.0,0.0,0.0,1,0.0
,academy_3_vs_1_with_keeper,123,collect_rollout,5590,0,18,0.0,False,False,0.0,0.0,0,0,0,0.0,0.0,0.0,0.0,0.0,1,0.0
,academy_3_vs_1_with_keeper,123,collect_rollout,5591,0,19,0.0,False,False,0.0,0.0,0,0,0,0.0,0.0,0.0,0.0,0.0,1,0.0
,academy_3_vs_1_with_keeper,123,collect_rollout,5592,0,20,0.0,False,False,0.0,0.0,0,0,0,0.0,0.0,0.0,0.0,0.0,1,0.0
,academy_3_vs_1_with_keeper,123,collect_rollout,5593,0,20,0.0,False,False,0.0,0.0,0,0,0,0.0,0.0,0.0,0.0,0.0,1,0.0
,academy_3_vs_1_with_keeper,123,collect_rollout,5594,0,18,-0.003333333181217313,False,False,0.0,0.0,0,0,0,0.0,0.0,0.0,0.0,-0.003333333181217313,1,-0.003333333181217313
,academy_3_vs_1_with_keeper,123,collect_rollout,5595,0,15,0.0,False,False,0.0,0.0,0,0,0,0.0,0.0,0.0,0.0,0.0,1,0.0
,academy_3_vs_1_with_keeper,123,collect_rollout,5596,0,17,0.0,False,False,0.0,0.0,0,0,0,0.0,0.0,0.0,0.0,0.0,1,0.0
,academy_3_vs_1_with_keeper,123,collect_rollout,5597,0,18,0.0,False,False,0.0,0.0,0,0,0,0.0,0.0,0.0,0.0,0.0,1,0.0
,academy_3_vs_1_with_keeper,123,collect_rollout,5598,0,23,0.0,False,False,0.0,0.0,0,0,0,0.0,0.0,0.0,0.0,0.0,1,0.0
,academy_3_vs_1_with_keeper,123,collect_rollout,5599,0,21,0.0,False,False,0.0,0.0,0,0,0,0.0,0.0,0.0,0.0,0.0,1,0.0
,academy_3_vs_1_with_keeper,123,collect_rollout,5600,0,14,0.0,False,False,0.0,0.0,0,0,0,0.0,0.0,0.0,0.0,0.0,1,0.0
,academy_3_vs_1_with_keeper,123,collect_rollout,5601,0,42,-0.01148038703831844,False,False,0.0,0.0,0,0,0,0.0,0.0,0.0,0.0,-0.01148038703831844,1,-0.01148038703831844
,academy_3_vs_1_with_keeper,123,collect_rollout,5602,0,19,0.0,False,False,0.0,0.0,0,0,0,0.0,0.0,0.0,0.0,0.0,1,0.0
,academy_3_vs_1_with_keeper,123,collect_rollout,5603,0,15,0.0,False,False,0.0,0.0,0,0,0,0.0,0.0,0.0,0.0,0.0,1,0.0
,academy_3_vs_1_with_keeper,123,collect_rollout,5604,0,20,0.0,False,False,0.0,0.0,0,0,0,0.0,0.0,0.0,0.0,0.0,1,0.0
,academy_3_vs_1_with_keeper,123,collect_rollout,5605,0,18,0.0,False,False,0.0,0.0,0,0,0,0.0,0.0,0.0,0.0,0.0,1,0.0
,academy_3_vs_1_with_keeper,123,collect_rollout,5606,0,19,0.0,False,False,0.0,0.0,0,0,0,0.0,0.0,0.0,0.0,0.0,1,0.0
,academy_3_vs_1_with_keeper,123,collect_rollout,5607,0,24,0.0,False,False,0.0,0.0,0,0,0,0.0,0.0,0.0,0.0,0.0,1,0.0
,academy_3_vs_1_with_keeper,123,collect_rollout,5608,0,20,0.0,False,False,0.0,0.0,0,0,0,0.0,0.0,0.0,0.0,0.0,1,0.0
,academy_3_vs_1_with_keeper,123,collect_rollout,5609,0,20,0.0,False,False,0.0,0.0,0,0,0,0.0,0.0,0.0,0.0,0.0,1,0.0
,academy_3_vs_1_with_keeper,123,collect_rollout,5610,0,21,0.0,False,False,0.0,0.0,0,0,0,0.0,0.0,0.0,0.0,0.0,1,0.0
,academy_3_vs_1_with_keeper,123,collect_rollout,5611,0,19,0.0,False,False,0.0,0.0,0,0,0,0.0,0.0,0.0,0.0,0.0,1,0.0
,academy_3_vs_1_with_keeper,123,collect_rollout,5612,0,18,0.0,False,False,0.0,0.0,0,0,0,0.0,0.0,0.0,0.0,0.0,1,0.0
,academy_3_vs_1_with_keeper,123,collect_rollout,5613,0,19,0.0,False,False,0.0,0.0,0,0,0,0.0,0.0,0.0,0.0,0.0,1,0.0
,academy_3_vs_1_with_keeper,123,collect_rollout,5614,0,17,0.0,False,False,0.0,0.0,0,0,0,0.0,0.0,0.0,0.0,0.0,1,0.0
,academy_3_vs_1_with_keeper,123,collect_rollout,5615,0,19,-0.003333333181217313,False,False,0.0,0.0,0,0,0,0.0,0.0,0.0,0.0,-0.003333333181217313,1,-0.003333333181217313
,academy_3_vs_1_with_keeper,123,collect_rollout,5616,0,17,0.0,False,False,0.0,0.0,0,0,0,0.0,0.0,0.0,0.0,0.0,1,0.0
,academy_3_vs_1_with_keeper,123,collect_rollout,5617,0,17,0.0,False,False,0.0,0.0,0,0,0,0.0,0.0,0.0,0.0,0.0,1,0.0
,academy_3_vs_1_with_keeper,123,collect_rollout,5618,0,20,0.0,False,False,0.0,0.0,0,0,0,0.0,0.0,0.0,0.0,0.0,1,0.0
,academy_3_vs_1_with_keeper,123,collect_rollout,5619,0,18,0.0,False,False,0.0,0.0,0,0,0,0.0,0.0,0.0,0.0,0.0,1,0.0
,academy_3_vs_1_with_keeper,123,collect_rollout,5620,0,18,0.0,False,False,0.0,0.0,0,0,0,0.0,0.0,0.0,0.0,0.0,1,0.0
,academy_3_vs_1_with_keeper,123,collect_rollout,5621,0,20,0.0,False,False,0.0,0.0,0,0,0,0.0,0.0,0.0,0.0,0.0,1,0.0
,academy_3_vs_1_with_keeper,123,collect_rollout,5622,0,22,-0.003333333181217313,False,False,0.0,0.0,0,0,0,0.0,0.0,0.0,0.0,-0.003333333181217313,1,-0.003333333181217313
,academy_3_vs_1_with_keeper,123,collect_rollout,5623,0,17,0.0,False,False,0.0,0.0,0,0,0,0.0,0.0,0.0,0.0,0.0,1,0.0
,academy_3_vs_1_with_keeper,123,collect_rollout,5624,0,20,0.0,False,False,0.0,0.0,0,0,0,0.0,0.0,0.0,0.0,0.0,1,0.0
,academy_3_vs_1_with_keeper,123,collect_rollout,5625,0,16,0.0,False,False,0.0,0.0,0,0,0,0.0,0.0,0.0,0.0,0.0,1,0.0
,academy_3_vs_1_with_keeper,123,collect_rollout,5626,0,20,0.0,False,False,0.0,0.0,0,0,0,0.0,0.0,0.0,0.0,0.0,1,0.0
,academy_3_vs_1_with_keeper,123,collect_rollout,5627,0,20,0.0,False,False,0.0,0.0,0,0,0,0.0,0.0,0.0,0.0,0.0,1,0.0
,academy_3_vs_1_with_keeper,123,collect_rollout,5628,0,15,0.0,False,False,0.0,0.0,0,0,0,0.0,0.0,0.0,0.0,0.0,1,0.0
,academy_3_vs_1_with_keeper,123,collect_rollout,5629,0,19,0.0,False,False,0.0,0.0,0,0,0,0.0,0.0,0.0,0.0,0.0,1,0.0
,academy_3_vs_1_with_keeper,123,collect_rollout,5630,0,21,0.0,False,False,0.0,0.0,0,0,0,0.0,0.0,0.0,0.0,0.0,1,0.0
,academy_3_vs_1_with_keeper,123,collect_rollout,5631,0,23,0.0,False,False,0.0,0.0,0,0,0,0.0,0.0,0.0,0.0,0.0,1,0.0
,academy_3_vs_1_with_keeper,123,collect_rollout,5632,0,112,-0.43366405298002064,False,False,0.0,0.0,0,0,0,0.0,0.0,0.0,0.0,-0.43366405298002064,1,-0.43366405298002064
,academy_3_vs_1_with_keeper,123,collect_rollout,5633,0,24,0.0,False,False,0.0,0.0,0,0,0,0.0,0.0,0.0,0.0,0.0,1,0.0
,academy_3_vs_1_with_keeper,123,collect_rollout,5634,0,17,0.0,False,False,0.0,0.0,0,0,0,0.0,0.0,0.0,0.0,0.0,1,0.0
,academy_3_vs_1_with_keeper,123,collect_rollout,5635,0,20,0.0,False,False,0.0,0.0,0,0,0,0.0,0.0,0.0,0.0,0.0,1,0.0
,academy_3_vs_1_with_keeper,123,collect_rollout,5636,0,22,0.0,False,False,0.0,0.0,0,0,0,0.0,0.0,0.0,0.0,0.0,1,0.0
,academy_3_vs_1_with_keeper,123,collect_rollout,5637,0,17,0.0,False,False,0.0,0.0,0,0,0,0.0,0.0,0.0,0.0,0.0,1,0.0
,academy_3_vs_1_with_keeper,123,collect_rollout,5638,0,20,0.0,False,False,0.0,0.0,0,0,0,0.0,0.0,0.0,0.0,0.0,1,0.0
,academy_3_vs_1_with_keeper,123,collect_rollout,5639,0,23,0.0,False,False,0.0,0.0,0,0,0,0.0,0.0,0.0,0.0,0.0,1,0.0
,academy_3_vs_1_with_keeper,123,collect_rollout,5640,0,20,0.0,False,False,0.0,0.0,0,0,0,0.0,0.0,0.0,0.0,0.0,1,0.0
,academy_3_vs_1_with_keeper,123,collect_rollout,5641,0,19,0.0,False,False,0.0,0.0,0,0,0,0.0,0.0,0.0,0.0,0.0,1,0.0
,academy_3_vs_1_with_keeper,123,collect_rollout,5642,0,22,0.0,False,False,0.0,0.0,0,0,0,0.0,0.0,0.0,0.0,0.0,1,0.0
,academy_3_vs_1_with_keeper,123,collect_rollout,5643,0,21,0.0,False,False,0.0,0.0,0,0,0,0.0,0.0,0.0,0.0,0.0,1,0.0
,academy_3_vs_1_with_keeper,123,collect_rollout,5644,0,20,-0.003333333181217313,False,False,0.0,0.0,0,0,0,0.0,0.0,0.0,0.0,-0.003333333181217313,1,-0.003333333181217313
,academy_3_vs_1_with_keeper,123,collect_rollout,5645,0,18,0.0,False,False,0.0,0.0,0,0,0,0.0,0.0,0.0,0.0,0.0,1,0.0
,academy_3_vs_1_with_keeper,123,collect_rollout,5646,0,17,0.0,False,False,0.0,0.0,0,0,0,0.0,0.0,0.0,0.0,0.0,1,0.0
,academy_3_vs_1_with_keeper,123,collect_rollout,5647,0,16,0.0,False,False,0.0,0.0,0,0,0,0.0,0.0,0.0,0.0,0.0,1,0.0
,academy_3_vs_1_with_keeper,123,collect_rollout,5648,0,23,0.0,False,False,0.0,0.0,0,0,0,0.0,0.0,0.0,0.0,0.0,1,0.0
,academy_3_vs_1_with_keeper,123,collect_rollout,5649,0,24,0.0,False,False,0.0,0.0,0,0,0,0.0,0.0,0.0,0.0,0.0,1,0.0
,academy_3_vs_1_with_keeper,123,collect_rollout,5650,0,17,0.0,False,False,0.0,0.0,0,0,0,0.0,0.0,0.0,0.0,0.0,1,0.0
,academy_3_vs_1_with_keeper,123,collect_rollout,5651,0,16,0.0,False,False,0.0,0.0,0,0,0,0.0,0.0,0.0,0.0,0.0,1,0.0
,academy_3_vs_1_with_keeper,123,collect_rollout,5652,0,20,0.0,False,False,0.0,0.0,0,0,0,0.0,0.0,0.0,0.0,0.0,1,0.0
,academy_3_vs_1_with_keeper,123,collect_rollout,5653,0,23,0.0,False,False,0.0,0.0,0,0,0,0.0,0.0,0.0,0.0,0.0,1,0.0
,academy_3_vs_1_with_keeper,123,collect_rollout,5654,0,20,0.0,False,False,0.0,0.0,0,0,0,0.0,0.0,0.0,0.0,0.0,1,0.0
,academy_3_vs_1_with_keeper,123,collect_rollout,5655,0,19,0.0,False,False,0.0,0.0,0,0,0,0.0,0.0,0.0,0.0,0.0,1,0.0
,academy_3_vs_1_with_keeper,123,collect_rollout,5656,0,18,0.0,False,False,0.0,0.0,0,0,0,0.0,0.0,0.0,0.0,0.0,1,0.0
,academy_3_vs_1_with_keeper,123,collect_rollout,5657,0,15,0.0,False,False,0.0,0.0,0,0,0,0.0,0.0,0.0,0.0,0.0,1,0.0
,academy_3_vs_1_with_keeper,123,collect_rollout,5658,0,19,-0.003333333181217313,False,False,0.0,0.0,0,0,0,0.0,0.0,0.0,0.0,-0.003333333181217313,1,-0.003333333181217313
,academy_3_vs_1_with_keeper,123,collect_rollout,5659,0,20,0.0,False,False,0.0,0.0,0,0,0,0.0,0.0,0.0,0.0,0.0,1,0.0
,academy_3_vs_1_with_keeper,123,collect_rollout,5660,0,20,0.0,False,False,0.0,0.0,0,0,0,0.0,0.0,0.0,0.0,0.0,1,0.0
,academy_3_vs_1_with_keeper,123,collect_rollout,5661,0,19,0.0,False,False,0.0,0.0,0,0,0,0.0,0.0,0.0,0.0,0.0,1,0.0
,academy_3_vs_1_with_keeper,123,collect_rollout,5662,0,22,0.0,False,False,0.0,0.0,0,0,0,0.0,0.0,0.0,0.0,0.0,1,0.0
,academy_3_vs_1_with_keeper,123,collect_rollout,5663,0,21,0.0,False,False,0.0,0.0,0,0,0,0.0,0.0,0.0,0.0,0.0,1,0.0
,academy_3_vs_1_with_keeper,123,collect_rollout,5664,0,15,0.0,False,False,0.0,0.0,0,0,0,0.0,0.0,0.0,0.0,0.0,1,0.0
,academy_3_vs_1_with_keeper,123,collect_rollout,5665,0,85,-0.054104403126984835,False,False,0.0,0.0,0,0,0,0.0,0.0,0.0,0.0,-0.054104403126984835,1,-0.054104403126984835
,academy_3_vs_1_with_keeper,123,collect_rollout,5666,0,20,0.0,False,False,0.0,0.0,0,0,0,0.0,0.0,0.0,0.0,0.0,1,0.0
,academy_3_vs_1_with_keeper,123,collect_rollout,5667,0,16,0.0,False,False,0.0,0.0,0,0,0,0.0,0.0,0.0,0.0,0.0,1,0.0
,academy_3_vs_1_with_keeper,123,collect_rollout,5668,0,40,-0.013471570506226271,False,False,0.0,0.0,0,0,0,0.0,0.0,0.0,0.0,-0.013471570506226271,1,-0.013471570506226271
,academy_3_vs_1_with_keeper,123,collect_rollout,5669,0,19,0.0,False,False,0.0,0.0,0,0,0,0.0,0.0,0.0,0.0,0.0,1,0.0
,academy_3_vs_1_with_keeper,123,collect_rollout,5670,0,19,0.0,False,False,0.0,0.0,0,0,0,0.0,0.0,0.0,0.0,0.0,1,0.0
,academy_3_vs_1_with_keeper,123,collect_rollout,5671,0,18,0.0,False,False,0.0,0.0,0,0,0,0.0,0.0,0.0,0.0,0.0,1,0.0
,academy_3_vs_1_with_keeper,123,collect_rollout,5672,0,18,0.0,False,False,0.0,0.0,0,0,0,0.0,0.0,0.0,0.0,0.0,1,0.0
,academy_3_vs_1_with_keeper,123,collect_rollout,5673,0,20,0.0,False,False,0.0,0.0,0,0,0,0.0,0.0,0.0,0.0,0.0,1,0.0
,academy_3_vs_1_with_keeper,123,collect_rollout,5674,0,14,0.0,False,False,0.0,0.0,0,0,0,0.0,0.0,0.0,0.0,0.0,1,0.0
,academy_3_vs_1_with_keeper,123,collect_rollout,5675,0,18,0.0,False,False,0.0,0.0,0,0,0,0.0,0.0,0.0,0.0,0.0,1,0.0
,academy_3_vs_1_with_keeper,123,collect_rollout,5676,0,15,-0.003333333181217313,False,False,0.0,0.0,0,0,0,0.0,0.0,0.0,0.0,-0.003333333181217313,1,-0.003333333181217313
,academy_3_vs_1_with_keeper,123,collect_rollout,5677,0,16,-0.003333333181217313,False,False,0.0,0.0,0,0,0,0.0,0.0,0.0,0.0,-0.003333333181217313,1,-0.003333333181217313
,academy_3_vs_1_with_keeper,123,collect_rollout,5678,0,19,0.0,False,False,0.0,0.0,0,0,0,0.0,0.0,0.0,0.0,0.0,1,0.0
,academy_3_vs_1_with_keeper,123,collect_rollout,5679,0,24,0.0,False,False,0.0,0.0,0,0,0,0.0,0.0,0.0,0.0,0.0,1,0.0
,academy_3_vs_1_with_keeper,123,collect_rollout,5680,0,19,0.0,False,False,0.0,0.0,0,0,0,0.0,0.0,0.0,0.0,0.0,1,0.0
,academy_3_vs_1_with_keeper,123,collect_rollout,5681,0,19,0.0,False,False,0.0,0.0,0,0,0,0.0,0.0,0.0,0.0,0.0,1,0.0
,academy_3_vs_1_with_keeper,123,collect_rollout,5682,0,22,0.0,False,False,0.0,0.0,0,0,0,0.0,0.0,0.0,0.0,0.0,1,0.0
,academy_3_vs_1_with_keeper,123,collect_rollout,5683,0,19,0.0,False,False,0.0,0.0,0,0,0,0.0,0.0,0.0,0.0,0.0,1,0.0
,academy_3_vs_1_with_keeper,123,collect_rollout,5684,0,16,0.0,False,False,0.0,0.0,0,0,0,0.0,0.0,0.0,0.0,0.0,1,0.0
,academy_3_vs_1_with_keeper,123,collect_rollout,5685,0,15,0.0,False,False,0.0,0.0,0,0,0,0.0,0.0,0.0,0.0,0.0,1,0.0
,academy_3_vs_1_with_keeper,123,collect_rollout,5686,0,19,0.0,False,False,0.0,0.0,0,0,0,0.0,0.0,0.0,0.0,0.0,1,0.0
,academy_3_vs_1_with_keeper,123,collect_rollout,5687,0,18,0.0,False,False,0.0,0.0,0,0,0,0.0,0.0,0.0,0.0,0.0,1,0.0
,academy_3_vs_1_with_keeper,123,collect_rollout,5688,0,20,-0.003333333181217313,False,False,0.0,0.0,0,0,0,0.0,0.0,0.0,0.0,-0.003333333181217313,1,-0.003333333181217313
,academy_3_vs_1_with_keeper,123,collect_rollout,5689,0,17,0.0,False,False,0.0,0.0,0,0,0,0.0,0.0,0.0,0.0,0.0,1,0.0
,academy_3_vs_1_with_keeper,123,collect_rollout,5690,0,16,0.0,False,False,0.0,0.0,0,0,0,0.0,0.0,0.0,0.0,0.0,1,0.0
,academy_3_vs_1_with_keeper,123,collect_rollout,5691,0,21,0.0,False,False,0.0,0.0,0,0,0,0.0,0.0,0.0,0.0,0.0,1,0.0
,academy_3_vs_1_with_keeper,123,collect_rollout,5692,0,20,0.0,False,False,0.0,0.0,0,0,0,0.0,0.0,0.0,0.0,0.0,1,0.0
,academy_3_vs_1_with_keeper,123,collect_rollout,5693,0,18,0.0,False,False,0.0,0.0,0,0,0,0.0,0.0,0.0,0.0,0.0,1,0.0
,academy_3_vs_1_with_keeper,123,collect_rollout,5694,0,22,0.0,False,False,0.0,0.0,0,0,0,0.0,0.0,0.0,0.0,0.0,1,0.0
,academy_3_vs_1_with_keeper,123,collect_rollout,5695,0,18,0.0,False,False,0.0,0.0,0,0,0,0.0,0.0,0.0,0.0,0.0,1,0.0
,academy_3_vs_1_with_keeper,123,collect_rollout,5696,0,18,0.0,False,False,0.0,0.0,0,0,0,0.0,0.0,0.0,0.0,0.0,1,0.0
,academy_3_vs_1_with_keeper,123,collect_rollout,5697,0,17,0.0,False,False,0.0,0.0,0,0,0,0.0,0.0,0.0,0.0,0.0,1,0.0
,academy_3_vs_1_with_keeper,123,collect_rollout,5698,0,14,0.0,False,False,0.0,0.0,0,0,0,0.0,0.0,0.0,0.0,0.0,1,0.0
,academy_3_vs_1_with_keeper,123,collect_rollout,5699,0,16,0.0,False,False,0.0,0.0,0,0,0,0.0,0.0,0.0,0.0,0.0,1,0.0
,academy_3_vs_1_with_keeper,123,collect_rollout,5700,0,22,0.0,False,False,0.0,0.0,0,0,0,0.0,0.0,0.0,0.0,0.0,1,0.0
,academy_3_vs_1_with_keeper,123,collect_rollout,5701,0,22,0.0,False,False,0.0,0.0,0,0,0,0.0,0.0,0.0,0.0,0.0,1,0.0
,academy_3_vs_1_with_keeper,123,collect_rollout,5702,0,18,0.0,False,False,0.0,0.0,0,0,0,0.0,0.0,0.0,0.0,0.0,1,0.0
,academy_3_vs_1_with_keeper,123,collect_rollout,5703,0,18,0.0,False,False,0.0,0.0,0,0,0,0.0,0.0,0.0,0.0,0.0,1,0.0
,academy_3_vs_1_with_keeper,123,collect_rollout,5704,0,16,0.0,False,False,0.0,0.0,0,0,0,0.0,0.0,0.0,0.0,0.0,1,0.0
,academy_3_vs_1_with_keeper,123,collect_rollout,5705,0,15,0.0,False,False,0.0,0.0,0,0,0,0.0,0.0,0.0,0.0,0.0,1,0.0
,academy_3_vs_1_with_keeper,123,collect_rollout,5706,0,17,0.0,False,False,0.0,0.0,0,0,0,0.0,0.0,0.0,0.0,0.0,1,0.0
,academy_3_vs_1_with_keeper,123,collect_rollout,5707,0,15,0.0,False,False,0.0,0.0,0,0,0,0.0,0.0,0.0,0.0,0.0,1,0.0
,academy_3_vs_1_with_keeper,123,collect_rollout,5708,0,18,0.0,False,False,0.0,0.0,0,0,0,0.0,0.0,0.0,0.0,0.0,1,0.0
,academy_3_vs_1_with_keeper,123,collect_rollout,5709,0,19,0.0,False,False,0.0,0.0,0,0,0,0.0,0.0,0.0,0.0,0.0,1,0.0
,academy_3_vs_1_with_keeper,123,collect_rollout,5710,0,19,0.0,False,False,0.0,0.0,0,0,0,0.0,0.0,0.0,0.0,0.0,1,0.0
,academy_3_vs_1_with_keeper,123,collect_rollout,5711,0,15,0.0,False,False,0.0,0.0,0,0,0,0.0,0.0,0.0,0.0,0.0,1,0.0
,academy_3_vs_1_with_keeper,123,collect_rollout,5712,0,21,0.0,False,False,0.0,0.0,0,0,0,0.0,0.0,0.0,0.0,0.0,1,0.0
,academy_3_vs_1_with_keeper,123,collect_rollout,5713,0,15,0.0,False,False,0.0,0.0,0,0,0,0.0,0.0,0.0,0.0,0.0,1,0.0
,academy_3_vs_1_with_keeper,123,collect_rollout,5714,0,21,0.0,False,False,0.0,0.0,0,0,0,0.0,0.0,0.0,0.0,0.0,1,0.0
,academy_3_vs_1_with_keeper,123,collect_rollout,5715,0,16,0.0,False,False,0.0,0.0,0,0,0,0.0,0.0,0.0,0.0,0.0,1,0.0
,academy_3_vs_1_with_keeper,123,collect_rollout,5716,0,22,0.0,False,False,0.0,0.0,0,0,0,0.0,0.0,0.0,0.0,0.0,1,0.0
,academy_3_vs_1_with_keeper,123,collect_rollout,5717,0,20,0.0,False,False,0.0,0.0,0,0,0,0.0,0.0,0.0,0.0,0.0,1,0.0
,academy_3_vs_1_with_keeper,123,collect_rollout,5718,0,15,0.0,False,False,0.0,0.0,0,0,0,0.0,0.0,0.0,0.0,0.0,1,0.0
,academy_3_vs_1_with_keeper,123,collect_rollout,5719,0,17,0.0,False,False,0.0,0.0,0,0,0,0.0,0.0,0.0,0.0,0.0,1,0.0
,academy_3_vs_1_with_keeper,123,collect_rollout,5720,0,24,-0.006666666362434626,False,False,0.0,0.0,0,0,0,0.0,0.0,0.0,0.0,-0.006666666362434626,1,-0.006666666362434626
,academy_3_vs_1_with_keeper,123,collect_rollout,5721,0,19,0.0,False,False,0.0,0.0,0,0,0,0.0,0.0,0.0,0.0,0.0,1,0.0
,academy_3_vs_1_with_keeper,123,collect_rollout,5722,0,16,-0.003333333181217313,False,False,0.0,0.0,0,0,0,0.0,0.0,0.0,0.0,-0.003333333181217313,1,-0.003333333181217313
,academy_3_vs_1_with_keeper,123,collect_rollout,5723,0,18,0.0,False,False,0.0,0.0,0,0,0,0.0,0.0,0.0,0.0,0.0,1,0.0
,academy_3_vs_1_with_keeper,123,collect_rollout,5724,0,20,0.0,False,False,0.0,0.0,0,0,0,0.0,0.0,0.0,0.0,0.0,1,0.0
,academy_3_vs_1_with_keeper,123,collect_rollout,5725,0,22,0.0,False,False,0.0,0.0,0,0,0,0.0,0.0,0.0,0.0,0.0,1,0.0
,academy_3_vs_1_with_keeper,123,collect_rollout,5726,0,16,0.0,False,False,0.0,0.0,0,0,0,0.0,0.0,0.0,0.0,0.0,1,0.0
,academy_3_vs_1_with_keeper,123,collect_rollout,5727,0,19,0.0,False,False,0.0,0.0,0,0,0,0.0,0.0,0.0,0.0,0.0,1,0.0
,academy_3_vs_1_with_keeper,123,collect_rollout,5728,0,65,-0.19716567924479023,False,False,0.0,0.0,0,0,0,0.0,0.0,0.0,0.0,-0.19716567924479023,1,-0.19716567924479023
,academy_3_vs_1_with_keeper,123,collect_rollout,5729,0,17,-0.003333333181217313,False,False,0.0,0.0,0,0,0,0.0,0.0,0.0,0.0,-0.003333333181217313,1,-0.003333333181217313
,academy_3_vs_1_with_keeper,123,collect_rollout,5730,0,17,0.0,False,False,0.0,0.0,0,0,0,0.0,0.0,0.0,0.0,0.0,1,0.0
,academy_3_vs_1_with_keeper,123,collect_rollout,5731,0,20,0.0,False,False,0.0,0.0,0,0,0,0.0,0.0,0.0,0.0,0.0,1,0.0
,academy_3_vs_1_with_keeper,123,collect_rollout,5732,0,23,0.0,False,False,0.0,0.0,0,0,0,0.0,0.0,0.0,0.0,0.0,1,0.0
,academy_3_vs_1_with_keeper,123,collect_rollout,5733,0,22,0.0,False,False,0.0,0.0,0,0,0,0.0,0.0,0.0,0.0,0.0,1,0.0
,academy_3_vs_1_with_keeper,123,collect_rollout,5734,0,18,0.0,False,False,0.0,0.0,0,0,0,0.0,0.0,0.0,0.0,0.0,1,0.0
,academy_3_vs_1_with_keeper,123,collect_rollout,5735,0,20,0.0,False,False,0.0,0.0,0,0,0,0.0,0.0,0.0,0.0,0.0,1,0.0
,academy_3_vs_1_with_keeper,123,collect_rollout,5736,0,17,0.0,False,False,0.0,0.0,0,0,0,0.0,0.0,0.0,0.0,0.0,1,0.0
,academy_3_vs_1_with_keeper,123,collect_rollout,5737,0,18,-0.009999999543651938,False,False,0.0,0.0,0,0,0,0.0,0.0,0.0,0.0,-0.009999999543651938,1,-0.009999999543651938
,academy_3_vs_1_with_keeper,123,collect_rollout,5738,0,22,0.0,False,False,0.0,0.0,0,0,0,0.0,0.0,0.0,0.0,0.0,1,0.0
,academy_3_vs_1_with_keeper,123,collect_rollout,5739,0,23,0.0,False,False,0.0,0.0,0,0,0,0.0,0.0,0.0,0.0,0.0,1,0.0
,academy_3_vs_1_with_keeper,123,collect_rollout,5740,0,17,-0.003333333181217313,False,False,0.0,0.0,0,0,0,0.0,0.0,0.0,0.0,-0.003333333181217313,1,-0.003333333181217313
,academy_3_vs_1_with_keeper,123,collect_rollout,5741,0,19,0.0,False,False,0.0,0.0,0,0,0,0.0,0.0,0.0,0.0,0.0,1,0.0
,academy_3_vs_1_with_keeper,123,collect_rollout,5742,0,18,0.0,False,False,0.0,0.0,0,0,0,0.0,0.0,0.0,0.0,0.0,1,0.0
,academy_3_vs_1_with_keeper,123,collect_rollout,5743,0,16,0.0,False,False,0.0,0.0,0,0,0,0.0,0.0,0.0,0.0,0.0,1,0.0
,academy_3_vs_1_with_keeper,123,collect_rollout,5744,0,19,0.0,False,False,0.0,0.0,0,0,0,0.0,0.0,0.0,0.0,0.0,1,0.0
,academy_3_vs_1_with_keeper,123,collect_rollout,5745,0,14,-0.003333333181217313,False,False,0.0,0.0,0,0,0,0.0,0.0,0.0,0.0,-0.003333333181217313,1,-0.003333333181217313
,academy_3_vs_1_with_keeper,123,collect_rollout,5746,0,17,0.0,False,False,0.0,0.0,0,0,0,0.0,0.0,0.0,0.0,0.0,1,0.0
,academy_3_vs_1_with_keeper,123,collect_rollout,5747,0,18,0.0,False,False,0.0,0.0,0,0,0,0.0,0.0,0.0,0.0,0.0,1,0.0
,academy_3_vs_1_with_keeper,123,collect_rollout,5748,0,21,0.0,False,False,0.0,0.0,0,0,0,0.0,0.0,0.0,0.0,0.0,1,0.0
,academy_3_vs_1_with_keeper,123,collect_rollout,5749,0,56,1.8779305291827768,False,False,0.0,0.0,0,0,0,0.0,0.0,0.0,0.0,1.8779305291827768,1,1.8779305291827768
,academy_3_vs_1_with_keeper,123,collect_rollout,5750,0,23,0.0,False,False,0.0,0.0,0,0,0,0.0,0.0,0.0,0.0,0.0,1,0.0
,academy_3_vs_1_with_keeper,123,collect_rollout,5751,0,21,0.0,False,False,0.0,0.0,0,0,0,0.0,0.0,0.0,0.0,0.0,1,0.0
,academy_3_vs_1_with_keeper,123,collect_rollout,5752,0,51,0.015148844038776588,False,False,0.0,0.0,0,0,0,0.0,0.0,0.0,0.0,0.015148844038776588,1,0.015148844038776588
,academy_3_vs_1_with_keeper,123,collect_rollout,5753,0,19,0.0,False,False,0.0,0.0,0,0,0,0.0,0.0,0.0,0.0,0.0,1,0.0
,academy_3_vs_1_with_keeper,123,collect_rollout,5754,0,18,0.0,False,False,0.0,0.0,0,0,0,0.0,0.0,0.0,0.0,0.0,1,0.0
,academy_3_vs_1_with_keeper,123,collect_rollout,5755,0,18,0.0,False,False,0.0,0.0,0,0,0,0.0,0.0,0.0,0.0,0.0,1,0.0
,academy_3_vs_1_with_keeper,123,collect_rollout,5756,0,43,0.06650195104884915,False,False,0.0,0.0,0,0,0,0.0,0.0,0.0,0.0,0.06650195104884915,1,0.06650195104884915
,academy_3_vs_1_with_keeper,123,collect_rollout,5757,0,21,0.0,False,False,0.0,0.0,0,0,0,0.0,0.0,0.0,0.0,0.0,1,0.0
,academy_3_vs_1_with_keeper,123,collect_rollout,5758,0,20,-0.003333333181217313,False,False,0.0,0.0,0,0,0,0.0,0.0,0.0,0.0,-0.003333333181217313,1,-0.003333333181217313
,academy_3_vs_1_with_keeper,123,collect_rollout,5759,0,18,0.0,False,False,0.0,0.0,0,0,0,0.0,0.0,0.0,0.0,0.0,1,0.0
,academy_3_vs_1_with_keeper,123,collect_rollout,5760,0,19,0.0,False,False,0.0,0.0,0,0,0,0.0,0.0,0.0,0.0,0.0,1,0.0
,academy_3_vs_1_with_keeper,123,collect_rollout,5761,0,17,0.0,False,False,0.0,0.0,0,0,0,0.0,0.0,0.0,0.0,0.0,1,0.0
,academy_3_vs_1_with_keeper,123,collect_rollout,5762,0,19,0.0,False,False,0.0,0.0,0,0,0,0.0,0.0,0.0,0.0,0.0,1,0.0
,academy_3_vs_1_with_keeper,123,collect_rollout,5763,0,21,0.0,False,False,0.0,0.0,0,0,0,0.0,0.0,0.0,0.0,0.0,1,0.0
,academy_3_vs_1_with_keeper,123,collect_rollout,5764,0,19,-0.003333333181217313,False,False,0.0,0.0,0,0,0,0.0,0.0,0.0,0.0,-0.003333333181217313,1,-0.003333333181217313
,academy_3_vs_1_with_keeper,123,collect_rollout,5765,0,17,0.0,False,False,0.0,0.0,0,0,0,0.0,0.0,0.0,0.0,0.0,1,0.0
,academy_3_vs_1_with_keeper,123,collect_rollout,5766,0,18,0.0,False,False,0.0,0.0,0,0,0,0.0,0.0,0.0,0.0,0.0,1,0.0
,academy_3_vs_1_with_keeper,123,collect_rollout,5767,0,20,0.0,False,False,0.0,0.0,0,0,0,0.0,0.0,0.0,0.0,0.0,1,0.0
,academy_3_vs_1_with_keeper,123,collect_rollout,5768,0,17,0.0,False,False,0.0,0.0,0,0,0,0.0,0.0,0.0,0.0,0.0,1,0.0
,academy_3_vs_1_with_keeper,123,collect_rollout,5769,0,17,0.0,False,False,0.0,0.0,0,0,0,0.0,0.0,0.0,0.0,0.0,1,0.0
,academy_3_vs_1_with_keeper,123,collect_rollout,5770,0,16,0.0,False,False,0.0,0.0,0,0,0,0.0,0.0,0.0,0.0,0.0,1,0.0
,academy_3_vs_1_with_keeper,123,collect_rollout,5771,0,19,0.0,False,False,0.0,0.0,0,0,0,0.0,0.0,0.0,0.0,0.0,1,0.0
,academy_3_vs_1_with_keeper,123,collect_rollout,5772,0,83,-0.21974911610595882,False,False,0.0,0.0,0,0,0,0.0,0.0,0.0,0.0,-0.21974911610595882,1,-0.21974911610595882
,academy_3_vs_1_with_keeper,123,collect_rollout,5773,0,52,-0.02410559356212616,False,False,0.0,0.0,0,0,0,0.0,0.0,0.0,0.0,-0.02410559356212616,1,-0.02410559356212616
,academy_3_vs_1_with_keeper,123,collect_rollout,5774,0,20,0.0,False,False,0.0,0.0,0,0,0,0.0,0.0,0.0,0.0,0.0,1,0.0
,academy_3_vs_1_with_keeper,123,collect_rollout,5775,0,23,0.0,False,False,0.0,0.0,0,0,0,0.0,0.0,0.0,0.0,0.0,1,0.0
,academy_3_vs_1_with_keeper,123,collect_rollout,5776,0,21,0.0,False,False,0.0,0.0,0,0,0,0.0,0.0,0.0,0.0,0.0,1,0.0
,academy_3_vs_1_with_keeper,123,collect_rollout,5777,0,20,0.0,False,False,0.0,0.0,0,0,0,0.0,0.0,0.0,0.0,0.0,1,0.0
,academy_3_vs_1_with_keeper,123,collect_rollout,5778,0,18,-0.003333333181217313,False,False,0.0,0.0,0,0,0,0.0,0.0,0.0,0.0,-0.003333333181217313,1,-0.003333333181217313
,academy_3_vs_1_with_keeper,123,collect_rollout,5779,0,19,0.0,False,False,0.0,0.0,0,0,0,0.0,0.0,0.0,0.0,0.0,1,0.0
,academy_3_vs_1_with_keeper,123,collect_rollout,5780,0,21,0.0,False,False,0.0,0.0,0,0,0,0.0,0.0,0.0,0.0,0.0,1,0.0
,academy_3_vs_1_with_keeper,123,collect_rollout,5781,0,19,0.0,False,False,0.0,0.0,0,0,0,0.0,0.0,0.0,0.0,0.0,1,0.0
,academy_3_vs_1_with_keeper,123,collect_rollout,5782,0,18,0.0,False,False,0.0,0.0,0,0,0,0.0,0.0,0.0,0.0,0.0,1,0.0
,academy_3_vs_1_with_keeper,123,collect_rollout,5783,0,17,0.0,False,False,0.0,0.0,0,0,0,0.0,0.0,0.0,0.0,0.0,1,0.0
,academy_3_vs_1_with_keeper,123,collect_rollout,5784,0,21,0.0,False,False,0.0,0.0,0,0,0,0.0,0.0,0.0,0.0,0.0,1,0.0
,academy_3_vs_1_with_keeper,123,collect_rollout,5785,0,22,0.0,False,False,0.0,0.0,0,0,0,0.0,0.0,0.0,0.0,0.0,1,0.0
,academy_3_vs_1_with_keeper,123,collect_rollout,5786,0,22,0.0,False,False,0.0,0.0,0,0,0,0.0,0.0,0.0,0.0,0.0,1,0.0
,academy_3_vs_1_with_keeper,123,collect_rollout,5787,0,19,0.0,False,False,0.0,0.0,0,0,0,0.0,0.0,0.0,0.0,0.0,1,0.0
,academy_3_vs_1_with_keeper,123,collect_rollout,5788,0,16,0.0,False,False,0.0,0.0,0,0,0,0.0,0.0,0.0,0.0,0.0,1,0.0
,academy_3_vs_1_with_keeper,123,collect_rollout,5789,0,18,0.0,False,False,0.0,0.0,0,0,0,0.0,0.0,0.0,0.0,0.0,1,0.0
,academy_3_vs_1_with_keeper,123,collect_rollout,5790,0,18,0.0,False,False,0.0,0.0,0,0,0,0.0,0.0,0.0,0.0,0.0,1,0.0
,academy_3_vs_1_with_keeper,123,collect_rollout,5791,0,15,0.0,False,False,0.0,0.0,0,0,0,0.0,0.0,0.0,0.0,0.0,1,0.0
,academy_3_vs_1_with_keeper,123,collect_rollout,5792,0,15,0.0,False,False,0.0,0.0,0,0,0,0.0,0.0,0.0,0.0,0.0,1,0.0
,academy_3_vs_1_with_keeper,123,collect_rollout,5793,0,14,0.0,False,False,0.0,0.0,0,0,0,0.0,0.0,0.0,0.0,0.0,1,0.0
,academy_3_vs_1_with_keeper,123,collect_rollout,5794,0,20,0.0,False,False,0.0,0.0,0,0,0,0.0,0.0,0.0,0.0,0.0,1,0.0
,academy_3_vs_1_with_keeper,123,collect_rollout,5795,0,16,0.0,False,False,0.0,0.0,0,0,0,0.0,0.0,0.0,0.0,0.0,1,0.0
,academy_3_vs_1_with_keeper,123,collect_rollout,5796,0,18,0.0,False,False,0.0,0.0,0,0,0,0.0,0.0,0.0,0.0,0.0,1,0.0
,academy_3_vs_1_with_keeper,123,collect_rollout,5797,0,15,0.0,False,False,0.0,0.0,0,0,0,0.0,0.0,0.0,0.0,0.0,1,0.0
,academy_3_vs_1_with_keeper,123,collect_rollout,5798,0,16,0.0,False,False,0.0,0.0,0,0,0,0.0,0.0,0.0,0.0,0.0,1,0.0
,academy_3_vs_1_with_keeper,123,collect_rollout,5799,0,15,-0.003333333181217313,False,False,0.0,0.0,0,0,0,0.0,0.0,0.0,0.0,-0.003333333181217313,1,-0.003333333181217313
,academy_3_vs_1_with_keeper,123,collect_rollout,5800,0,19,0.0,False,False,0.0,0.0,0,0,0,0.0,0.0,0.0,0.0,0.0,1,0.0
,academy_3_vs_1_with_keeper,123,collect_rollout,5801,0,23,0.0,False,False,0.0,0.0,0,0,0,0.0,0.0,0.0,0.0,0.0,1,0.0
,academy_3_vs_1_with_keeper,123,collect_rollout,5802,0,17,0.0,False,False,0.0,0.0,0,0,0,0.0,0.0,0.0,0.0,0.0,1,0.0
,academy_3_vs_1_with_keeper,123,collect_rollout,5803,0,19,0.0,False,False,0.0,0.0,0,0,0,0.0,0.0,0.0,0.0,0.0,1,0.0
,academy_3_vs_1_with_keeper,123,collect_rollout,5804,0,17,0.0,False,False,0.0,0.0,0,0,0,0.0,0.0,0.0,0.0,0.0,1,0.0
,academy_3_vs_1_with_keeper,123,collect_rollout,5805,0,17,0.0,False,False,0.0,0.0,0,0,0,0.0,0.0,0.0,0.0,0.0,1,0.0
,academy_3_vs_1_with_keeper,123,collect_rollout,5806,0,19,0.0,False,False,0.0,0.0,0,0,0,0.0,0.0,0.0,0.0,0.0,1,0.0
,academy_3_vs_1_with_keeper,123,collect_rollout,5807,0,119,-0.3476344811497256,False,False,0.0,0.0,0,0,0,0.0,0.0,0.0,0.0,-0.3476344811497256,1,-0.3476344811497256
,academy_3_vs_1_with_keeper,123,collect_rollout,5808,0,22,0.0,False,False,0.0,0.0,0,0,0,0.0,0.0,0.0,0.0,0.0,1,0.0
,academy_3_vs_1_with_keeper,123,collect_rollout,5809,0,18,0.0,False,False,0.0,0.0,0,0,0,0.0,0.0,0.0,0.0,0.0,1,0.0
,academy_3_vs_1_with_keeper,123,collect_rollout,5810,0,21,0.0,False,False,0.0,0.0,0,0,0,0.0,0.0,0.0,0.0,0.0,1,0.0
,academy_3_vs_1_with_keeper,123,collect_rollout,5811,0,19,0.0,False,False,0.0,0.0,0,0,0,0.0,0.0,0.0,0.0,0.0,1,0.0
,academy_3_vs_1_with_keeper,123,collect_rollout,5812,0,17,0.0,False,False,0.0,0.0,0,0,0,0.0,0.0,0.0,0.0,0.0,1,0.0
,academy_3_vs_1_with_keeper,123,collect_rollout,5813,0,22,0.0,False,False,0.0,0.0,0,0,0,0.0,0.0,0.0,0.0,0.0,1,0.0
,academy_3_vs_1_with_keeper,123,collect_rollout,5814,0,18,0.0,False,False,0.0,0.0,0,0,0,0.0,0.0,0.0,0.0,0.0,1,0.0
,academy_3_vs_1_with_keeper,123,collect_rollout,5815,0,21,0.0,False,False,0.0,0.0,0,0,0,0.0,0.0,0.0,0.0,0.0,1,0.0
,academy_3_vs_1_with_keeper,123,collect_rollout,5816,0,22,0.0,False,False,0.0,0.0,0,0,0,0.0,0.0,0.0,0.0,0.0,1,0.0
,academy_3_vs_1_with_keeper,123,collect_rollout,5817,0,21,-0.003333333181217313,False,False,0.0,0.0,0,0,0,0.0,0.0,0.0,0.0,-0.003333333181217313,1,-0.003333333181217313
,academy_3_vs_1_with_keeper,123,collect_rollout,5818,0,19,0.0,False,False,0.0,0.0,0,0,0,0.0,0.0,0.0,0.0,0.0,1,0.0
,academy_3_vs_1_with_keeper,123,collect_rollout,5819,0,17,0.0,False,False,0.0,0.0,0,0,0,0.0,0.0,0.0,0.0,0.0,1,0.0
,academy_3_vs_1_with_keeper,123,collect_rollout,5820,0,22,0.0,False,False,0.0,0.0,0,0,0,0.0,0.0,0.0,0.0,0.0,1,0.0
,academy_3_vs_1_with_keeper,123,collect_rollout,5821,0,21,0.0,False,False,0.0,0.0,0,0,0,0.0,0.0,0.0,0.0,0.0,1,0.0
,academy_3_vs_1_with_keeper,123,collect_rollout,5822,0,18,0.0,False,False,0.0,0.0,0,0,0,0.0,0.0,0.0,0.0,0.0,1,0.0
,academy_3_vs_1_with_keeper,123,collect_rollout,5823,0,134,-0.4793610193300992,False,False,0.0,0.0,0,0,0,0.0,0.0,0.0,0.0,-0.4793610193300992,1,-0.4793610193300992
,academy_3_vs_1_with_keeper,123,collect_rollout,5824,0,16,0.0,False,False,0.0,0.0,0,0,0,0.0,0.0,0.0,0.0,0.0,1,0.0
,academy_3_vs_1_with_keeper,123,collect_rollout,5825,0,16,0.0,False,False,0.0,0.0,0,0,0,0.0,0.0,0.0,0.0,0.0,1,0.0
,academy_3_vs_1_with_keeper,123,collect_rollout,5826,0,19,0.0,False,False,0.0,0.0,0,0,0,0.0,0.0,0.0,0.0,0.0,1,0.0
,academy_3_vs_1_with_keeper,123,collect_rollout,5827,0,19,-0.003333333181217313,False,False,0.0,0.0,0,0,0,0.0,0.0,0.0,0.0,-0.003333333181217313,1,-0.003333333181217313
,academy_3_vs_1_with_keeper,123,collect_rollout,5828,0,17,0.0,False,False,0.0,0.0,0,0,0,0.0,0.0,0.0,0.0,0.0,1,0.0
,academy_3_vs_1_with_keeper,123,collect_rollout,5829,0,18,0.0,False,False,0.0,0.0,0,0,0,0.0,0.0,0.0,0.0,0.0,1,0.0
,academy_3_vs_1_with_keeper,123,collect_rollout,5830,0,20,0.0,False,False,0.0,0.0,0,0,0,0.0,0.0,0.0,0.0,0.0,1,0.0
,academy_3_vs_1_with_keeper,123,collect_rollout,5831,0,18,0.0,False,False,0.0,0.0,0,0,0,0.0,0.0,0.0,0.0,0.0,1,0.0
,academy_3_vs_1_with_keeper,123,collect_rollout,5832,0,21,-0.003333333181217313,False,False,0.0,0.0,0,0,0,0.0,0.0,0.0,0.0,-0.003333333181217313,1,-0.003333333181217313
,academy_3_vs_1_with_keeper,123,collect_rollout,5833,0,17,0.0,False,False,0.0,0.0,0,0,0,0.0,0.0,0.0,0.0,0.0,1,0.0
,academy_3_vs_1_with_keeper,123,collect_rollout,5834,0,18,0.0,False,False,0.0,0.0,0,0,0,0.0,0.0,0.0,0.0,0.0,1,0.0
,academy_3_vs_1_with_keeper,123,collect_rollout,5835,0,16,0.0,False,False,0.0,0.0,0,0,0,0.0,0.0,0.0,0.0,0.0,1,0.0
,academy_3_vs_1_with_keeper,123,collect_rollout,5836,0,21,0.0,False,False,0.0,0.0,0,0,0,0.0,0.0,0.0,0.0,0.0,1,0.0
,academy_3_vs_1_with_keeper,123,collect_rollout,5837,0,21,0.0,False,False,0.0,0.0,0,0,0,0.0,0.0,0.0,0.0,0.0,1,0.0
,academy_3_vs_1_with_keeper,123,collect_rollout,5838,0,19,0.0,False,False,0.0,0.0,0,0,0,0.0,0.0,0.0,0.0,0.0,1,0.0
,academy_3_vs_1_with_keeper,123,collect_rollout,5839,0,20,0.0,False,False,0.0,0.0,0,0,0,0.0,0.0,0.0,0.0,0.0,1,0.0
,academy_3_vs_1_with_keeper,123,collect_rollout,5840,0,23,0.0,False,False,0.0,0.0,0,0,0,0.0,0.0,0.0,0.0,0.0,1,0.0
,academy_3_vs_1_with_keeper,123,collect_rollout,5841,0,17,0.0,False,False,0.0,0.0,0,0,0,0.0,0.0,0.0,0.0,0.0,1,0.0
,academy_3_vs_1_with_keeper,123,collect_rollout,5842,0,16,0.0,False,False,0.0,0.0,0,0,0,0.0,0.0,0.0,0.0,0.0,1,0.0
,academy_3_vs_1_with_keeper,123,collect_rollout,5843,0,18,-0.003333333181217313,False,False,0.0,0.0,0,0,0,0.0,0.0,0.0,0.0,-0.003333333181217313,1,-0.003333333181217313
,academy_3_vs_1_with_keeper,123,collect_rollout,5844,0,18,0.0,False,False,0.0,0.0,0,0,0,0.0,0.0,0.0,0.0,0.0,1,0.0
,academy_3_vs_1_with_keeper,123,collect_rollout,5845,0,21,0.0,False,False,0.0,0.0,0,0,0,0.0,0.0,0.0,0.0,0.0,1,0.0
,academy_3_vs_1_with_keeper,123,collect_rollout,5846,0,23,0.0,False,False,0.0,0.0,0,0,0,0.0,0.0,0.0,0.0,0.0,1,0.0
,academy_3_vs_1_with_keeper,123,collect_rollout,5847,0,22,-0.006666666362434626,False,False,0.0,0.0,0,0,0,0.0,0.0,0.0,0.0,-0.006666666362434626,1,-0.006666666362434626
,academy_3_vs_1_with_keeper,123,collect_rollout,5848,0,18,0.0,False,False,0.0,0.0,0,0,0,0.0,0.0,0.0,0.0,0.0,1,0.0
,academy_3_vs_1_with_keeper,123,collect_rollout,5849,0,17,0.0,False,False,0.0,0.0,0,0,0,0.0,0.0,0.0,0.0,0.0,1,0.0
,academy_3_vs_1_with_keeper,123,collect_rollout,5850,0,19,0.0,False,False,0.0,0.0,0,0,0,0.0,0.0,0.0,0.0,0.0,1,0.0
,academy_3_vs_1_with_keeper,123,collect_rollout,5851,0,17,0.0,False,False,0.0,0.0,0,0,0,0.0,0.0,0.0,0.0,0.0,1,0.0
,academy_3_vs_1_with_keeper,123,collect_rollout,5852,0,20,-0.003333333181217313,False,False,0.0,0.0,0,0,0,0.0,0.0,0.0,0.0,-0.003333333181217313,1,-0.003333333181217313
,academy_3_vs_1_with_keeper,123,collect_rollout,5853,0,19,-0.003333333181217313,False,False,0.0,0.0,0,0,0,0.0,0.0,0.0,0.0,-0.003333333181217313,1,-0.003333333181217313
,academy_3_vs_1_with_keeper,123,collect_rollout,5854,0,15,0.0,False,False,0.0,0.0,0,0,0,0.0,0.0,0.0,0.0,0.0,1,0.0
,academy_3_vs_1_with_keeper,123,collect_rollout,5855,0,17,0.0,False,False,0.0,0.0,0,0,0,0.0,0.0,0.0,0.0,0.0,1,0.0
,academy_3_vs_1_with_keeper,123,collect_rollout,5856,0,21,0.0,False,False,0.0,0.0,0,0,0,0.0,0.0,0.0,0.0,0.0,1,0.0
,academy_3_vs_1_with_keeper,123,collect_rollout,5857,0,22,0.0,False,False,0.0,0.0,0,0,0,0.0,0.0,0.0,0.0,0.0,1,0.0
,academy_3_vs_1_with_keeper,123,collect_rollout,5858,0,15,0.0,False,False,0.0,0.0,0,0,0,0.0,0.0,0.0,0.0,0.0,1,0.0
,academy_3_vs_1_with_keeper,123,collect_rollout,5859,0,17,0.0,False,False,0.0,0.0,0,0,0,0.0,0.0,0.0,0.0,0.0,1,0.0
,academy_3_vs_1_with_keeper,123,collect_rollout,5860,0,18,0.0,False,False,0.0,0.0,0,0,0,0.0,0.0,0.0,0.0,0.0,1,0.0
,academy_3_vs_1_with_keeper,123,collect_rollout,5861,0,18,0.0,False,False,0.0,0.0,0,0,0,0.0,0.0,0.0,0.0,0.0,1,0.0
,academy_3_vs_1_with_keeper,123,collect_rollout,5862,0,16,0.0,False,False,0.0,0.0,0,0,0,0.0,0.0,0.0,0.0,0.0,1,0.0
,academy_3_vs_1_with_keeper,123,collect_rollout,5863,0,20,0.0,False,False,0.0,0.0,0,0,0,0.0,0.0,0.0,0.0,0.0,1,0.0
,academy_3_vs_1_with_keeper,123,collect_rollout,5864,0,16,0.0,False,False,0.0,0.0,0,0,0,0.0,0.0,0.0,0.0,0.0,1,0.0
,academy_3_vs_1_with_keeper,123,collect_rollout,5865,0,14,0.0,False,False,0.0,0.0,0,0,0,0.0,0.0,0.0,0.0,0.0,1,0.0
,academy_3_vs_1_with_keeper,123,collect_rollout,5866,0,17,-0.003333333181217313,False,False,0.0,0.0,0,0,0,0.0,0.0,0.0,0.0,-0.003333333181217313,1,-0.003333333181217313
,academy_3_vs_1_with_keeper,123,collect_rollout,5867,0,21,0.0,False,False,0.0,0.0,0,0,0,0.0,0.0,0.0,0.0,0.0,1,0.0
,academy_3_vs_1_with_keeper,123,collect_rollout,5868,0,97,-0.11685167055111378,False,False,0.0,0.0,0,0,0,0.0,0.0,0.0,0.0,-0.11685167055111378,1,-0.11685167055111378
,academy_3_vs_1_with_keeper,123,collect_rollout,5869,0,20,0.0,False,False,0.0,0.0,0,0,0,0.0,0.0,0.0,0.0,0.0,1,0.0
,academy_3_vs_1_with_keeper,123,collect_rollout,5870,0,15,0.0,False,False,0.0,0.0,0,0,0,0.0,0.0,0.0,0.0,0.0,1,0.0
,academy_3_vs_1_with_keeper,123,collect_rollout,5871,0,17,0.0,False,False,0.0,0.0,0,0,0,0.0,0.0,0.0,0.0,0.0,1,0.0
,academy_3_vs_1_with_keeper,123,collect_rollout,5872,0,21,0.0,False,False,0.0,0.0,0,0,0,0.0,0.0,0.0,0.0,0.0,1,0.0
,academy_3_vs_1_with_keeper,123,collect_rollout,5873,0,22,-0.003333333181217313,False,False,0.0,0.0,0,0,0,0.0,0.0,0.0,0.0,-0.003333333181217313,1,-0.003333333181217313
,academy_3_vs_1_with_keeper,123,collect_rollout,5874,0,18,0.0,False,False,0.0,0.0,0,0,0,0.0,0.0,0.0,0.0,0.0,1,0.0
,academy_3_vs_1_with_keeper,123,collect_rollout,5875,0,18,0.0,False,False,0.0,0.0,0,0,0,0.0,0.0,0.0,0.0,0.0,1,0.0
,academy_3_vs_1_with_keeper,123,collect_rollout,5876,0,17,0.0,False,False,0.0,0.0,0,0,0,0.0,0.0,0.0,0.0,0.0,1,0.0
,academy_3_vs_1_with_keeper,123,collect_rollout,5877,0,20,0.0,False,False,0.0,0.0,0,0,0,0.0,0.0,0.0,0.0,0.0,1,0.0
,academy_3_vs_1_with_keeper,123,collect_rollout,5878,0,19,-0.006666666362434626,False,False,0.0,0.0,0,0,0,0.0,0.0,0.0,0.0,-0.006666666362434626,1,-0.006666666362434626
,academy_3_vs_1_with_keeper,123,collect_rollout,5879,0,18,0.0,False,False,0.0,0.0,0,0,0,0.0,0.0,0.0,0.0,0.0,1,0.0
,academy_3_vs_1_with_keeper,123,collect_rollout,5880,0,18,0.0,False,False,0.0,0.0,0,0,0,0.0,0.0,0.0,0.0,0.0,1,0.0
,academy_3_vs_1_with_keeper,123,collect_rollout,5881,0,20,0.0,False,False,0.0,0.0,0,0,0,0.0,0.0,0.0,0.0,0.0,1,0.0
,academy_3_vs_1_with_keeper,123,collect_rollout,5882,0,20,0.0,False,False,0.0,0.0,0,0,0,0.0,0.0,0.0,0.0,0.0,1,0.0
,academy_3_vs_1_with_keeper,123,collect_rollout,5883,0,19,0.0,False,False,0.0,0.0,0,0,0,0.0,0.0,0.0,0.0,0.0,1,0.0
,academy_3_vs_1_with_keeper,123,collect_rollout,5884,0,18,0.0,False,False,0.0,0.0,0,0,0,0.0,0.0,0.0,0.0,0.0,1,0.0
,academy_3_vs_1_with_keeper,123,collect_rollout,5885,0,94,-0.1498513106489554,False,False,0.0,0.0,0,0,0,0.0,0.0,0.0,0.0,-0.1498513106489554,1,-0.1498513106489554
,academy_3_vs_1_with_keeper,123,collect_rollout,5886,0,16,0.0,False,False,0.0,0.0,0,0,0,0.0,0.0,0.0,0.0,0.0,1,0.0
,academy_3_vs_1_with_keeper,123,collect_rollout,5887,0,16,0.0,False,False,0.0,0.0,0,0,0,0.0,0.0,0.0,0.0,0.0,1,0.0
,academy_3_vs_1_with_keeper,123,collect_rollout,5888,0,18,0.0,False,False,0.0,0.0,0,0,0,0.0,0.0,0.0,0.0,0.0,1,0.0
,academy_3_vs_1_with_keeper,123,collect_rollout,5889,0,19,0.0,False,False,0.0,0.0,0,0,0,0.0,0.0,0.0,0.0,0.0,1,0.0
,academy_3_vs_1_with_keeper,123,collect_rollout,5890,0,24,0.0,False,False,0.0,0.0,0,0,0,0.0,0.0,0.0,0.0,0.0,1,0.0
,academy_3_vs_1_with_keeper,123,collect_rollout,5891,0,56,-0.01627594989258796,False,False,0.0,0.0,0,0,0,0.0,0.0,0.0,0.0,-0.01627594989258796,1,-0.01627594989258796
,academy_3_vs_1_with_keeper,123,collect_rollout,5892,0,17,0.0,False,False,0.0,0.0,0,0,0,0.0,0.0,0.0,0.0,0.0,1,0.0
,academy_3_vs_1_with_keeper,123,collect_rollout,5893,0,16,0.0,False,False,0.0,0.0,0,0,0,0.0,0.0,0.0,0.0,0.0,1,0.0
,academy_3_vs_1_with_keeper,123,collect_rollout,5894,0,17,0.0,False,False,0.0,0.0,0,0,0,0.0,0.0,0.0,0.0,0.0,1,0.0
,academy_3_vs_1_with_keeper,123,collect_rollout,5895,0,22,0.0,False,False,0.0,0.0,0,0,0,0.0,0.0,0.0,0.0,0.0,1,0.0
,academy_3_vs_1_with_keeper,123,collect_rollout,5896,0,22,0.0,False,False,0.0,0.0,0,0,0,0.0,0.0,0.0,0.0,0.0,1,0.0
,academy_3_vs_1_with_keeper,123,collect_rollout,5897,0,19,0.0,False,False,0.0,0.0,0,0,0,0.0,0.0,0.0,0.0,0.0,1,0.0
,academy_3_vs_1_with_keeper,123,collect_rollout,5898,0,23,0.0,False,False,0.0,0.0,0,0,0,0.0,0.0,0.0,0.0,0.0,1,0.0
,academy_3_vs_1_with_keeper,123,collect_rollout,5899,0,18,0.0,False,False,0.0,0.0,0,0,0,0.0,0.0,0.0,0.0,0.0,1,0.0
,academy_3_vs_1_with_keeper,123,collect_rollout,5900,0,18,0.0,False,False,0.0,0.0,0,0,0,0.0,0.0,0.0,0.0,0.0,1,0.0
,academy_3_vs_1_with_keeper,123,collect_rollout,5901,0,21,0.0,False,False,0.0,0.0,0,0,0,0.0,0.0,0.0,0.0,0.0,1,0.0
,academy_3_vs_1_with_keeper,123,collect_rollout,5902,0,22,0.0,False,False,0.0,0.0,0,0,0,0.0,0.0,0.0,0.0,0.0,1,0.0
,academy_3_vs_1_with_keeper,123,collect_rollout,5903,0,15,0.0,False,False,0.0,0.0,0,0,0,0.0,0.0,0.0,0.0,0.0,1,0.0
,academy_3_vs_1_with_keeper,123,collect_rollout,5904,0,20,0.0,False,False,0.0,0.0,0,0,0,0.0,0.0,0.0,0.0,0.0,1,0.0
,academy_3_vs_1_with_keeper,123,collect_rollout,5905,0,23,-0.003333333181217313,False,False,0.0,0.0,0,0,0,0.0,0.0,0.0,0.0,-0.003333333181217313,1,-0.003333333181217313
,academy_3_vs_1_with_keeper,123,collect_rollout,5906,0,22,0.0,False,False,0.0,0.0,0,0,0,0.0,0.0,0.0,0.0,0.0,1,0.0
,academy_3_vs_1_with_keeper,123,collect_rollout,5907,0,19,0.0,False,False,0.0,0.0,0,0,0,0.0,0.0,0.0,0.0,0.0,1,0.0
,academy_3_vs_1_with_keeper,123,collect_rollout,5908,0,22,0.0,False,False,0.0,0.0,0,0,0,0.0,0.0,0.0,0.0,0.0,1,0.0
,academy_3_vs_1_with_keeper,123,collect_rollout,5909,0,19,0.0,False,False,0.0,0.0,0,0,0,0.0,0.0,0.0,0.0,0.0,1,0.0
,academy_3_vs_1_with_keeper,123,collect_rollout,5910,0,23,0.0,False,False,0.0,0.0,0,0,0,0.0,0.0,0.0,0.0,0.0,1,0.0
,academy_3_vs_1_with_keeper,123,collect_rollout,5911,0,16,0.0,False,False,0.0,0.0,0,0,0,0.0,0.0,0.0,0.0,0.0,1,0.0
,academy_3_vs_1_with_keeper,123,collect_rollout,5912,0,15,0.0,False,False,0.0,0.0,0,0,0,0.0,0.0,0.0,0.0,0.0,1,0.0
,academy_3_vs_1_with_keeper,123,collect_rollout,5913,0,21,0.0,False,False,0.0,0.0,0,0,0,0.0,0.0,0.0,0.0,0.0,1,0.0
,academy_3_vs_1_with_keeper,123,collect_rollout,5914,0,17,0.0,False,False,0.0,0.0,0,0,0,0.0,0.0,0.0,0.0,0.0,1,0.0
,academy_3_vs_1_with_keeper,123,collect_rollout,5915,0,22,0.0,False,False,0.0,0.0,0,0,0,0.0,0.0,0.0,0.0,0.0,1,0.0
,academy_3_vs_1_with_keeper,123,collect_rollout,5916,0,19,0.0,False,False,0.0,0.0,0,0,0,0.0,0.0,0.0,0.0,0.0,1,0.0
,academy_3_vs_1_with_keeper,123,collect_rollout,5917,0,17,0.0,False,False,0.0,0.0,0,0,0,0.0,0.0,0.0,0.0,0.0,1,0.0
,academy_3_vs_1_with_keeper,123,collect_rollout,5918,0,16,0.0,False,False,0.0,0.0,0,0,0,0.0,0.0,0.0,0.0,0.0,1,0.0
,academy_3_vs_1_with_keeper,123,collect_rollout,5919,0,19,0.0,False,False,0.0,0.0,0,0,0,0.0,0.0,0.0,0.0,0.0,1,0.0
,academy_3_vs_1_with_keeper,123,collect_rollout,5920,0,22,0.0,False,False,0.0,0.0,0,0,0,0.0,0.0,0.0,0.0,0.0,1,0.0
,academy_3_vs_1_with_keeper,123,collect_rollout,5921,0,18,0.0,False,False,0.0,0.0,0,0,0,0.0,0.0,0.0,0.0,0.0,1,0.0
,academy_3_vs_1_with_keeper,123,collect_rollout,5922,0,18,0.0,False,False,0.0,0.0,0,0,0,0.0,0.0,0.0,0.0,0.0,1,0.0
,academy_3_vs_1_with_keeper,123,collect_rollout,5923,0,19,0.0,False,False,0.0,0.0,0,0,0,0.0,0.0,0.0,0.0,0.0,1,0.0
,academy_3_vs_1_with_keeper,123,collect_rollout,5924,0,17,0.0,False,False,0.0,0.0,0,0,0,0.0,0.0,0.0,0.0,0.0,1,0.0
,academy_3_vs_1_with_keeper,123,collect_rollout,5925,0,17,0.0,False,False,0.0,0.0,0,0,0,0.0,0.0,0.0,0.0,0.0,1,0.0
,academy_3_vs_1_with_keeper,123,collect_rollout,5926,0,24,0.0,False,False,0.0,0.0,0,0,0,0.0,0.0,0.0,0.0,0.0,1,0.0
,academy_3_vs_1_with_keeper,123,collect_rollout,5927,0,17,0.0,False,False,0.0,0.0,0,0,0,0.0,0.0,0.0,0.0,0.0,1,0.0
,academy_3_vs_1_with_keeper,123,collect_rollout,5928,0,19,0.0,False,False,0.0,0.0,0,0,0,0.0,0.0,0.0,0.0,0.0,1,0.0
,academy_3_vs_1_with_keeper,123,collect_rollout,5929,0,19,0.0,False,False,0.0,0.0,0,0,0,0.0,0.0,0.0,0.0,0.0,1,0.0
,academy_3_vs_1_with_keeper,123,collect_rollout,5930,0,18,0.0,False,False,0.0,0.0,0,0,0,0.0,0.0,0.0,0.0,0.0,1,0.0
,academy_3_vs_1_with_keeper,123,collect_rollout,5931,0,19,0.0,False,False,0.0,0.0,0,0,0,0.0,0.0,0.0,0.0,0.0,1,0.0
,academy_3_vs_1_with_keeper,123,collect_rollout,5932,0,20,0.0,False,False,0.0,0.0,0,0,0,0.0,0.0,0.0,0.0,0.0,1,0.0
,academy_3_vs_1_with_keeper,123,collect_rollout,5933,0,23,0.0,False,False,0.0,0.0,0,0,0,0.0,0.0,0.0,0.0,0.0,1,0.0
,academy_3_vs_1_with_keeper,123,collect_rollout,5934,0,19,0.0,False,False,0.0,0.0,0,0,0,0.0,0.0,0.0,0.0,0.0,1,0.0
,academy_3_vs_1_with_keeper,123,collect_rollout,5935,0,17,0.0,False,False,0.0,0.0,0,0,0,0.0,0.0,0.0,0.0,0.0,1,0.0
,academy_3_vs_1_with_keeper,123,collect_rollout,5936,0,17,0.0,False,False,0.0,0.0,0,0,0,0.0,0.0,0.0,0.0,0.0,1,0.0
,academy_3_vs_1_with_keeper,123,collect_rollout,5937,0,18,0.0,False,False,0.0,0.0,0,0,0,0.0,0.0,0.0,0.0,0.0,1,0.0
,academy_3_vs_1_with_keeper,123,collect_rollout,5938,0,18,0.0,False,False,0.0,0.0,0,0,0,0.0,0.0,0.0,0.0,0.0,1,0.0
,academy_3_vs_1_with_keeper,123,collect_rollout,5939,0,19,0.0,False,False,0.0,0.0,0,0,0,0.0,0.0,0.0,0.0,0.0,1,0.0
,academy_3_vs_1_with_keeper,123,collect_rollout,5940,0,18,0.0,False,False,0.0,0.0,0,0,0,0.0,0.0,0.0,0.0,0.0,1,0.0
,academy_3_vs_1_with_keeper,123,collect_rollout,5941,0,18,0.0,False,False,0.0,0.0,0,0,0,0.0,0.0,0.0,0.0,0.0,1,0.0
,academy_3_vs_1_with_keeper,123,collect_rollout,5942,0,14,0.0,False,False,0.0,0.0,0,0,0,0.0,0.0,0.0,0.0,0.0,1,0.0
,academy_3_vs_1_with_keeper,123,collect_rollout,5943,0,17,0.0,False,False,0.0,0.0,0,0,0,0.0,0.0,0.0,0.0,0.0,1,0.0
,academy_3_vs_1_with_keeper,123,collect_rollout,5944,0,23,0.0,False,False,0.0,0.0,0,0,0,0.0,0.0,0.0,0.0,0.0,1,0.0
,academy_3_vs_1_with_keeper,123,collect_rollout,5945,0,18,0.0,False,False,0.0,0.0,0,0,0,0.0,0.0,0.0,0.0,0.0,1,0.0
,academy_3_vs_1_with_keeper,123,collect_rollout,5946,0,22,0.0,False,False,0.0,0.0,0,0,0,0.0,0.0,0.0,0.0,0.0,1,0.0
,academy_3_vs_1_with_keeper,123,collect_rollout,5947,0,20,0.0,False,False,0.0,0.0,0,0,0,0.0,0.0,0.0,0.0,0.0,1,0.0
,academy_3_vs_1_with_keeper,123,collect_rollout,5948,0,17,0.0,False,False,0.0,0.0,0,0,0,0.0,0.0,0.0,0.0,0.0,1,0.0
,academy_3_vs_1_with_keeper,123,collect_rollout,5949,0,21,0.0,False,False,0.0,0.0,0,0,0,0.0,0.0,0.0,0.0,0.0,1,0.0
,academy_3_vs_1_with_keeper,123,collect_rollout,5950,0,17,0.0,False,False,0.0,0.0,0,0,0,0.0,0.0,0.0,0.0,0.0,1,0.0
,academy_3_vs_1_with_keeper,123,collect_rollout,5951,0,19,0.0,False,False,0.0,0.0,0,0,0,0.0,0.0,0.0,0.0,0.0,1,0.0
,academy_3_vs_1_with_keeper,123,collect_rollout,5952,0,17,0.0,False,False,0.0,0.0,0,0,0,0.0,0.0,0.0,0.0,0.0,1,0.0
,academy_3_vs_1_with_keeper,123,collect_rollout,5953,0,19,0.0,False,False,0.0,0.0,0,0,0,0.0,0.0,0.0,0.0,0.0,1,0.0
,academy_3_vs_1_with_keeper,123,collect_rollout,5954,0,83,-0.0431272770074429,False,False,0.0,0.0,0,0,0,0.0,0.0,0.0,0.0,-0.0431272770074429,1,-0.0431272770074429
,academy_3_vs_1_with_keeper,123,collect_rollout,5955,0,18,0.0,False,False,0.0,0.0,0,0,0,0.0,0.0,0.0,0.0,0.0,1,0.0
,academy_3_vs_1_with_keeper,123,collect_rollout,5956,0,18,0.0,False,False,0.0,0.0,0,0,0,0.0,0.0,0.0,0.0,0.0,1,0.0
,academy_3_vs_1_with_keeper,123,collect_rollout,5957,0,19,0.0,False,False,0.0,0.0,0,0,0,0.0,0.0,0.0,0.0,0.0,1,0.0
,academy_3_vs_1_with_keeper,123,collect_rollout,5958,0,20,0.0,False,False,0.0,0.0,0,0,0,0.0,0.0,0.0,0.0,0.0,1,0.0
,academy_3_vs_1_with_keeper,123,collect_rollout,5959,0,22,0.0,False,False,0.0,0.0,0,0,0,0.0,0.0,0.0,0.0,0.0,1,0.0
,academy_3_vs_1_with_keeper,123,collect_rollout,5960,0,18,0.0,False,False,0.0,0.0,0,0,0,0.0,0.0,0.0,0.0,0.0,1,0.0
,academy_3_vs_1_with_keeper,123,collect_rollout,5961,0,21,0.0,False,False,0.0,0.0,0,0,0,0.0,0.0,0.0,0.0,0.0,1,0.0
,academy_3_vs_1_with_keeper,123,collect_rollout,5962,0,20,0.0,False,False,0.0,0.0,0,0,0,0.0,0.0,0.0,0.0,0.0,1,0.0
,academy_3_vs_1_with_keeper,123,collect_rollout,5963,0,15,0.0,False,False,0.0,0.0,0,0,0,0.0,0.0,0.0,0.0,0.0,1,0.0
,academy_3_vs_1_with_keeper,123,collect_rollout,5964,0,16,0.0,False,False,0.0,0.0,0,0,0,0.0,0.0,0.0,0.0,0.0,1,0.0
,academy_3_vs_1_with_keeper,123,collect_rollout,5965,0,20,0.0,False,False,0.0,0.0,0,0,0,0.0,0.0,0.0,0.0,0.0,1,0.0
,academy_3_vs_1_with_keeper,123,collect_rollout,5966,0,16,0.0,False,False,0.0,0.0,0,0,0,0.0,0.0,0.0,0.0,0.0,1,0.0
,academy_3_vs_1_with_keeper,123,collect_rollout,5967,0,23,0.0,False,False,0.0,0.0,0,0,0,0.0,0.0,0.0,0.0,0.0,1,0.0
,academy_3_vs_1_with_keeper,123,collect_rollout,5968,0,18,0.0,False,False,0.0,0.0,0,0,0,0.0,0.0,0.0,0.0,0.0,1,0.0
,academy_3_vs_1_with_keeper,123,collect_rollout,5969,0,16,-0.003333333181217313,False,False,0.0,0.0,0,0,0,0.0,0.0,0.0,0.0,-0.003333333181217313,1,-0.003333333181217313
,academy_3_vs_1_with_keeper,123,collect_rollout,5970,0,18,0.0,False,False,0.0,0.0,0,0,0,0.0,0.0,0.0,0.0,0.0,1,0.0
,academy_3_vs_1_with_keeper,123,collect_rollout,5971,0,20,0.0,False,False,0.0,0.0,0,0,0,0.0,0.0,0.0,0.0,0.0,1,0.0
,academy_3_vs_1_with_keeper,123,collect_rollout,5972,0,19,0.0,False,False,0.0,0.0,0,0,0,0.0,0.0,0.0,0.0,0.0,1,0.0
,academy_3_vs_1_with_keeper,123,collect_rollout,5973,0,22,0.0,False,False,0.0,0.0,0,0,0,0.0,0.0,0.0,0.0,0.0,1,0.0
,academy_3_vs_1_with_keeper,123,collect_rollout,5974,0,15,0.0,False,False,0.0,0.0,0,0,0,0.0,0.0,0.0,0.0,0.0,1,0.0
,academy_3_vs_1_with_keeper,123,collect_rollout,5975,0,20,0.0,False,False,0.0,0.0,0,0,0,0.0,0.0,0.0,0.0,0.0,1,0.0
,academy_3_vs_1_with_keeper,123,collect_rollout,5976,0,16,0.0,False,False,0.0,0.0,0,0,0,0.0,0.0,0.0,0.0,0.0,1,0.0
,academy_3_vs_1_with_keeper,123,collect_rollout,5977,0,16,0.0,False,False,0.0,0.0,0,0,0,0.0,0.0,0.0,0.0,0.0,1,0.0
,academy_3_vs_1_with_keeper,123,collect_rollout,5978,0,18,0.0,False,False,0.0,0.0,0,0,0,0.0,0.0,0.0,0.0,0.0,1,0.0
,academy_3_vs_1_with_keeper,123,collect_rollout,5979,0,17,0.0,False,False,0.0,0.0,0,0,0,0.0,0.0,0.0,0.0,0.0,1,0.0
,academy_3_vs_1_with_keeper,123,collect_rollout,5980,0,22,-0.006666666362434626,False,False,0.0,0.0,0,0,0,0.0,0.0,0.0,0.0,-0.006666666362434626,1,-0.006666666362434626
,academy_3_vs_1_with_keeper,123,collect_rollout,5981,0,22,0.0,False,False,0.0,0.0,0,0,0,0.0,0.0,0.0,0.0,0.0,1,0.0
,academy_3_vs_1_with_keeper,123,collect_rollout,5982,0,19,0.0,False,False,0.0,0.0,0,0,0,0.0,0.0,0.0,0.0,0.0,1,0.0
,academy_3_vs_1_with_keeper,123,collect_rollout,5983,0,17,0.0,False,False,0.0,0.0,0,0,0,0.0,0.0,0.0,0.0,0.0,1,0.0
,academy_3_vs_1_with_keeper,123,collect_rollout,5984,0,16,0.0,False,False,0.0,0.0,0,0,0,0.0,0.0,0.0,0.0,0.0,1,0.0
,academy_3_vs_1_with_keeper,123,collect_rollout,5985,0,23,0.0,False,False,0.0,0.0,0,0,0,0.0,0.0,0.0,0.0,0.0,1,0.0
,academy_3_vs_1_with_keeper,123,collect_rollout,5986,0,18,0.0,False,False,0.0,0.0,0,0,0,0.0,0.0,0.0,0.0,0.0,1,0.0
,academy_3_vs_1_with_keeper,123,collect_rollout,5987,0,19,0.0,False,False,0.0,0.0,0,0,0,0.0,0.0,0.0,0.0,0.0,1,0.0
,academy_3_vs_1_with_keeper,123,collect_rollout,5988,0,23,0.0,False,False,0.0,0.0,0,0,0,0.0,0.0,0.0,0.0,0.0,1,0.0
,academy_3_vs_1_with_keeper,123,collect_rollout,5989,0,16,0.0,False,False,0.0,0.0,0,0,0,0.0,0.0,0.0,0.0,0.0,1,0.0
,academy_3_vs_1_with_keeper,123,collect_rollout,5990,0,19,-0.003333333181217313,False,False,0.0,0.0,0,0,0,0.0,0.0,0.0,0.0,-0.003333333181217313,1,-0.003333333181217313
,academy_3_vs_1_with_keeper,123,collect_rollout,5991,0,36,-0.0009022443846333772,False,False,0.0,0.0,0,0,0,0.0,0.0,0.0,0.0,-0.0009022443846333772,1,-0.0009022443846333772
,academy_3_vs_1_with_keeper,123,collect_rollout,5992,0,22,0.0,False,False,0.0,0.0,0,0,0,0.0,0.0,0.0,0.0,0.0,1,0.0
,academy_3_vs_1_with_keeper,123,collect_rollout,5993,0,18,0.0,False,False,0.0,0.0,0,0,0,0.0,0.0,0.0,0.0,0.0,1,0.0
,academy_3_vs_1_with_keeper,123,collect_rollout,5994,0,18,0.0,False,False,0.0,0.0,0,0,0,0.0,0.0,0.0,0.0,0.0,1,0.0
,academy_3_vs_1_with_keeper,123,collect_rollout,5995,0,20,0.0,False,False,0.0,0.0,0,0,0,0.0,0.0,0.0,0.0,0.0,1,0.0
,academy_3_vs_1_with_keeper,123,collect_rollout,5996,0,15,0.0,False,False,0.0,0.0,0,0,0,0.0,0.0,0.0,0.0,0.0,1,0.0
,academy_3_vs_1_with_keeper,123,collect_rollout,5997,0,20,-0.003333333181217313,False,False,0.0,0.0,0,0,0,0.0,0.0,0.0,0.0,-0.003333333181217313,1,-0.003333333181217313
,academy_3_vs_1_with_keeper,123,collect_rollout,5998,0,21,0.0,False,False,0.0,0.0,0,0,0,0.0,0.0,0.0,0.0,0.0,1,0.0
,academy_3_vs_1_with_keeper,123,collect_rollout,5999,0,15,0.0,False,False,0.0,0.0,0,0,0,0.0,0.0,0.0,0.0,0.0,1,0.0
,academy_3_vs_1_with_keeper,123,collect_rollout,6000,0,20,0.0,False,False,0.0,0.0,0,0,0,0.0,0.0,0.0,0.0,0.0,1,0.0
,academy_3_vs_1_with_keeper,123,collect_rollout,6001,0,18,0.0,False,False,0.0,0.0,0,0,0,0.0,0.0,0.0,0.0,0.0,1,0.0
,academy_3_vs_1_with_keeper,123,collect_rollout,6002,0,21,0.0,False,False,0.0,0.0,0,0,0,0.0,0.0,0.0,0.0,0.0,1,0.0
,academy_3_vs_1_with_keeper,123,collect_rollout,6003,0,23,0.0,False,False,0.0,0.0,0,0,0,0.0,0.0,0.0,0.0,0.0,1,0.0
,academy_3_vs_1_with_keeper,123,collect_rollout,6004,0,16,0.0,False,False,0.0,0.0,0,0,0,0.0,0.0,0.0,0.0,0.0,1,0.0
,academy_3_vs_1_with_keeper,123,collect_rollout,6005,0,22,0.0,False,False,0.0,0.0,0,0,0,0.0,0.0,0.0,0.0,0.0,1,0.0
,academy_3_vs_1_with_keeper,123,collect_rollout,6006,0,24,0.0,False,False,0.0,0.0,0,0,0,0.0,0.0,0.0,0.0,0.0,1,0.0
,academy_3_vs_1_with_keeper,123,collect_rollout,6007,0,23,0.0,False,False,0.0,0.0,0,0,0,0.0,0.0,0.0,0.0,0.0,1,0.0
,academy_3_vs_1_with_keeper,123,collect_rollout,6008,0,21,0.0,False,False,0.0,0.0,0,0,0,0.0,0.0,0.0,0.0,0.0,1,0.0
,academy_3_vs_1_with_keeper,123,collect_rollout,6009,0,16,0.0,False,False,0.0,0.0,0,0,0,0.0,0.0,0.0,0.0,0.0,1,0.0
,academy_3_vs_1_with_keeper,123,collect_rollout,6010,0,23,0.0,False,False,0.0,0.0,0,0,0,0.0,0.0,0.0,0.0,0.0,1,0.0
,academy_3_vs_1_with_keeper,123,collect_rollout,6011,0,19,0.0,False,False,0.0,0.0,0,0,0,0.0,0.0,0.0,0.0,0.0,1,0.0
,academy_3_vs_1_with_keeper,123,collect_rollout,6012,0,19,0.0,False,False,0.0,0.0,0,0,0,0.0,0.0,0.0,0.0,0.0,1,0.0
,academy_3_vs_1_with_keeper,123,collect_rollout,6013,0,150,-0.0609896524110809,False,False,0.0,0.0,0,0,0,0.0,0.0,0.0,0.0,-0.0609896524110809,1,-0.0609896524110809
,academy_3_vs_1_with_keeper,123,collect_rollout,6014,0,15,-0.003333333181217313,False,False,0.0,0.0,0,0,0,0.0,0.0,0.0,0.0,-0.003333333181217313,1,-0.003333333181217313
,academy_3_vs_1_with_keeper,123,collect_rollout,6015,0,21,0.0,False,False,0.0,0.0,0,0,0,0.0,0.0,0.0,0.0,0.0,1,0.0
,academy_3_vs_1_with_keeper,123,collect_rollout,6016,0,19,0.0,False,False,0.0,0.0,0,0,0,0.0,0.0,0.0,0.0,0.0,1,0.0
,academy_3_vs_1_with_keeper,123,collect_rollout,6017,0,21,0.0,False,False,0.0,0.0,0,0,0,0.0,0.0,0.0,0.0,0.0,1,0.0
,academy_3_vs_1_with_keeper,123,collect_rollout,6018,0,16,0.0,False,False,0.0,0.0,0,0,0,0.0,0.0,0.0,0.0,0.0,1,0.0
,academy_3_vs_1_with_keeper,123,collect_rollout,6019,0,24,0.0,False,False,0.0,0.0,0,0,0,0.0,0.0,0.0,0.0,0.0,1,0.0
,academy_3_vs_1_with_keeper,123,collect_rollout,6020,0,14,-0.003333333181217313,False,False,0.0,0.0,0,0,0,0.0,0.0,0.0,0.0,-0.003333333181217313,1,-0.003333333181217313
,academy_3_vs_1_with_keeper,123,collect_rollout,6021,0,18,0.0,False,False,0.0,0.0,0,0,0,0.0,0.0,0.0,0.0,0.0,1,0.0
,academy_3_vs_1_with_keeper,123,collect_rollout,6022,0,15,0.0,False,False,0.0,0.0,0,0,0,0.0,0.0,0.0,0.0,0.0,1,0.0
,academy_3_vs_1_with_keeper,123,collect_rollout,6023,0,16,0.0,False,False,0.0,0.0,0,0,0,0.0,0.0,0.0,0.0,0.0,1,0.0
,academy_3_vs_1_with_keeper,123,collect_rollout,6024,0,16,0.0,False,False,0.0,0.0,0,0,0,0.0,0.0,0.0,0.0,0.0,1,0.0
,academy_3_vs_1_with_keeper,123,collect_rollout,6025,0,17,0.0,False,False,0.0,0.0,0,0,0,0.0,0.0,0.0,0.0,0.0,1,0.0
,academy_3_vs_1_with_keeper,123,collect_rollout,6026,0,19,0.0,False,False,0.0,0.0,0,0,0,0.0,0.0,0.0,0.0,0.0,1,0.0
,academy_3_vs_1_with_keeper,123,collect_rollout,6027,0,19,0.0,False,False,0.0,0.0,0,0,0,0.0,0.0,0.0,0.0,0.0,1,0.0
,academy_3_vs_1_with_keeper,123,collect_rollout,6028,0,17,0.0,False,False,0.0,0.0,0,0,0,0.0,0.0,0.0,0.0,0.0,1,0.0
,academy_3_vs_1_with_keeper,123,collect_rollout,6029,0,22,0.0,False,False,0.0,0.0,0,0,0,0.0,0.0,0.0,0.0,0.0,1,0.0
,academy_3_vs_1_with_keeper,123,collect_rollout,6030,0,20,0.0,False,False,0.0,0.0,0,0,0,0.0,0.0,0.0,0.0,0.0,1,0.0
,academy_3_vs_1_with_keeper,123,collect_rollout,6031,0,59,-0.19282807491254061,False,False,0.0,0.0,0,0,0,0.0,0.0,0.0,0.0,-0.19282807491254061,1,-0.19282807491254061
,academy_3_vs_1_with_keeper,123,collect_rollout,6032,0,18,0.0,False,False,0.0,0.0,0,0,0,0.0,0.0,0.0,0.0,0.0,1,0.0
,academy_3_vs_1_with_keeper,123,collect_rollout,6033,0,17,0.0,False,False,0.0,0.0,0,0,0,0.0,0.0,0.0,0.0,0.0,1,0.0
,academy_3_vs_1_with_keeper,123,collect_rollout,6034,0,22,0.0,False,False,0.0,0.0,0,0,0,0.0,0.0,0.0,0.0,0.0,1,0.0
,academy_3_vs_1_with_keeper,123,collect_rollout,6035,0,18,-0.003333333181217313,False,False,0.0,0.0,0,0,0,0.0,0.0,0.0,0.0,-0.003333333181217313,1,-0.003333333181217313
,academy_3_vs_1_with_keeper,123,collect_rollout,6036,0,17,0.0,False,False,0.0,0.0,0,0,0,0.0,0.0,0.0,0.0,0.0,1,0.0
,academy_3_vs_1_with_keeper,123,collect_rollout,6037,0,19,0.0,False,False,0.0,0.0,0,0,0,0.0,0.0,0.0,0.0,0.0,1,0.0
,academy_3_vs_1_with_keeper,123,collect_rollout,6038,0,14,0.0,False,False,0.0,0.0,0,0,0,0.0,0.0,0.0,0.0,0.0,1,0.0
,academy_3_vs_1_with_keeper,123,collect_rollout,6039,0,19,-0.003333333181217313,False,False,0.0,0.0,0,0,0,0.0,0.0,0.0,0.0,-0.003333333181217313,1,-0.003333333181217313
,academy_3_vs_1_with_keeper,123,collect_rollout,6040,0,21,0.0,False,False,0.0,0.0,0,0,0,0.0,0.0,0.0,0.0,0.0,1,0.0
,academy_3_vs_1_with_keeper,123,collect_rollout,6041,0,15,0.0,False,False,0.0,0.0,0,0,0,0.0,0.0,0.0,0.0,0.0,1,0.0
,academy_3_vs_1_with_keeper,123,collect_rollout,6042,0,23,0.0,False,False,0.0,0.0,0,0,0,0.0,0.0,0.0,0.0,0.0,1,0.0
,academy_3_vs_1_with_keeper,123,collect_rollout,6043,0,18,0.0,False,False,0.0,0.0,0,0,0,0.0,0.0,0.0,0.0,0.0,1,0.0
,academy_3_vs_1_with_keeper,123,collect_rollout,6044,0,18,0.0,False,False,0.0,0.0,0,0,0,0.0,0.0,0.0,0.0,0.0,1,0.0
,academy_3_vs_1_with_keeper,123,collect_rollout,6045,0,24,0.0,False,False,0.0,0.0,0,0,0,0.0,0.0,0.0,0.0,0.0,1,0.0
,academy_3_vs_1_with_keeper,123,collect_rollout,6046,0,20,-0.003333333181217313,False,False,0.0,0.0,0,0,0,0.0,0.0,0.0,0.0,-0.003333333181217313,1,-0.003333333181217313
,academy_3_vs_1_with_keeper,123,collect_rollout,6047,0,19,0.0,False,False,0.0,0.0,0,0,0,0.0,0.0,0.0,0.0,0.0,1,0.0
,academy_3_vs_1_with_keeper,123,collect_rollout,6048,0,20,0.0,False,False,0.0,0.0,0,0,0,0.0,0.0,0.0,0.0,0.0,1,0.0
,academy_3_vs_1_with_keeper,123,collect_rollout,6049,0,22,-0.003333333181217313,False,False,0.0,0.0,0,0,0,0.0,0.0,0.0,0.0,-0.003333333181217313,1,-0.003333333181217313
,academy_3_vs_1_with_keeper,123,collect_rollout,6050,0,18,0.0,False,False,0.0,0.0,0,0,0,0.0,0.0,0.0,0.0,0.0,1,0.0
,academy_3_vs_1_with_keeper,123,collect_rollout,6051,0,18,0.0,False,False,0.0,0.0,0,0,0,0.0,0.0,0.0,0.0,0.0,1,0.0
,academy_3_vs_1_with_keeper,123,collect_rollout,6052,0,20,0.0,False,False,0.0,0.0,0,0,0,0.0,0.0,0.0,0.0,0.0,1,0.0
,academy_3_vs_1_with_keeper,123,collect_rollout,6053,0,14,0.0,False,False,0.0,0.0,0,0,0,0.0,0.0,0.0,0.0,0.0,1,0.0
,academy_3_vs_1_with_keeper,123,collect_rollout,6054,0,18,0.0,False,False,0.0,0.0,0,0,0,0.0,0.0,0.0,0.0,0.0,1,0.0
,academy_3_vs_1_with_keeper,123,collect_rollout,6055,0,17,0.0,False,False,0.0,0.0,0,0,0,0.0,0.0,0.0,0.0,0.0,1,0.0
,academy_3_vs_1_with_keeper,123,collect_rollout,6056,0,23,0.0,False,False,0.0,0.0,0,0,0,0.0,0.0,0.0,0.0,0.0,1,0.0
,academy_3_vs_1_with_keeper,123,collect_rollout,6057,0,19,0.0,False,False,0.0,0.0,0,0,0,0.0,0.0,0.0,0.0,0.0,1,0.0
,academy_3_vs_1_with_keeper,123,collect_rollout,6058,0,14,0.0,False,False,0.0,0.0,0,0,0,0.0,0.0,0.0,0.0,0.0,1,0.0
,academy_3_vs_1_with_keeper,123,collect_rollout,6059,0,19,0.0,False,False,0.0,0.0,0,0,0,0.0,0.0,0.0,0.0,0.0,1,0.0
,academy_3_vs_1_with_keeper,123,collect_rollout,6060,0,16,0.0,False,False,0.0,0.0,0,0,0,0.0,0.0,0.0,0.0,0.0,1,0.0
,academy_3_vs_1_with_keeper,123,collect_rollout,6061,0,114,-0.5079306900734082,False,False,0.0,0.0,0,0,0,0.0,0.0,0.0,0.0,-0.5079306900734082,1,-0.5079306900734082
,academy_3_vs_1_with_keeper,123,collect_rollout,6062,0,22,-0.003333333181217313,False,False,0.0,0.0,0,0,0,0.0,0.0,0.0,0.0,-0.003333333181217313,1,-0.003333333181217313
,academy_3_vs_1_with_keeper,123,collect_rollout,6063,0,16,0.0,False,False,0.0,0.0,0,0,0,0.0,0.0,0.0,0.0,0.0,1,0.0
,academy_3_vs_1_with_keeper,123,collect_rollout,6064,0,19,0.0,False,False,0.0,0.0,0,0,0,0.0,0.0,0.0,0.0,0.0,1,0.0
,academy_3_vs_1_with_keeper,123,collect_rollout,6065,0,19,0.0,False,False,0.0,0.0,0,0,0,0.0,0.0,0.0,0.0,0.0,1,0.0
,academy_3_vs_1_with_keeper,123,collect_rollout,6066,0,18,0.0,False,False,0.0,0.0,0,0,0,0.0,0.0,0.0,0.0,0.0,1,0.0
,academy_3_vs_1_with_keeper,123,collect_rollout,6067,0,17,0.0,False,False,0.0,0.0,0,0,0,0.0,0.0,0.0,0.0,0.0,1,0.0
,academy_3_vs_1_with_keeper,123,collect_rollout,6068,0,21,0.0,False,False,0.0,0.0,0,0,0,0.0,0.0,0.0,0.0,0.0,1,0.0
,academy_3_vs_1_with_keeper,123,collect_rollout,6069,0,19,0.0,False,False,0.0,0.0,0,0,0,0.0,0.0,0.0,0.0,0.0,1,0.0
,academy_3_vs_1_with_keeper,123,collect_rollout,6070,0,19,0.0,False,False,0.0,0.0,0,0,0,0.0,0.0,0.0,0.0,0.0,1,0.0
,academy_3_vs_1_with_keeper,123,collect_rollout,6071,0,19,0.0,False,False,0.0,0.0,0,0,0,0.0,0.0,0.0,0.0,0.0,1,0.0
,academy_3_vs_1_with_keeper,123,collect_rollout,6072,0,16,0.0,False,False,0.0,0.0,0,0,0,0.0,0.0,0.0,0.0,0.0,1,0.0
,academy_3_vs_1_with_keeper,123,collect_rollout,6073,0,18,0.0,False,False,0.0,0.0,0,0,0,0.0,0.0,0.0,0.0,0.0,1,0.0
,academy_3_vs_1_with_keeper,123,collect_rollout,6074,0,19,0.0,False,False,0.0,0.0,0,0,0,0.0,0.0,0.0,0.0,0.0,1,0.0
,academy_3_vs_1_with_keeper,123,collect_rollout,6075,0,22,0.0,False,False,0.0,0.0,0,0,0,0.0,0.0,0.0,0.0,0.0,1,0.0
,academy_3_vs_1_with_keeper,123,collect_rollout,6076,0,17,0.0,False,False,0.0,0.0,0,0,0,0.0,0.0,0.0,0.0,0.0,1,0.0
,academy_3_vs_1_with_keeper,123,collect_rollout,6077,0,83,-0.15831372293177992,False,False,0.0,0.0,0,0,0,0.0,0.0,0.0,0.0,-0.15831372293177992,1,-0.15831372293177992
,academy_3_vs_1_with_keeper,123,collect_rollout,6078,0,20,0.0,False,False,0.0,0.0,0,0,0,0.0,0.0,0.0,0.0,0.0,1,0.0
,academy_3_vs_1_with_keeper,123,collect_rollout,6079,0,14,0.0,False,False,0.0,0.0,0,0,0,0.0,0.0,0.0,0.0,0.0,1,0.0
,academy_3_vs_1_with_keeper,123,collect_rollout,6080,0,19,0.0,False,False,0.0,0.0,0,0,0,0.0,0.0,0.0,0.0,0.0,1,0.0
,academy_3_vs_1_with_keeper,123,collect_rollout,6081,0,18,0.0,False,False,0.0,0.0,0,0,0,0.0,0.0,0.0,0.0,0.0,1,0.0
,academy_3_vs_1_with_keeper,123,collect_rollout,6082,0,129,0.044075643410906196,False,False,0.0,0.0,0,0,0,0.0,0.0,0.0,0.0,0.044075643410906196,1,0.044075643410906196
,academy_3_vs_1_with_keeper,123,collect_rollout,6083,0,15,0.0,False,False,0.0,0.0,0,0,0,0.0,0.0,0.0,0.0,0.0,1,0.0
,academy_3_vs_1_with_keeper,123,collect_rollout,6084,0,22,-0.003333333181217313,False,False,0.0,0.0,0,0,0,0.0,0.0,0.0,0.0,-0.003333333181217313,1,-0.003333333181217313
,academy_3_vs_1_with_keeper,123,collect_rollout,6085,0,21,0.0,False,False,0.0,0.0,0,0,0,0.0,0.0,0.0,0.0,0.0,1,0.0
,academy_3_vs_1_with_keeper,123,collect_rollout,6086,0,40,-0.029243883340313914,False,False,0.0,0.0,0,0,0,0.0,0.0,0.0,0.0,-0.029243883340313914,1,-0.029243883340313914
,academy_3_vs_1_with_keeper,123,collect_rollout,6087,0,17,0.0,False,False,0.0,0.0,0,0,0,0.0,0.0,0.0,0.0,0.0,1,0.0
,academy_3_vs_1_with_keeper,123,collect_rollout,6088,0,16,0.0,False,False,0.0,0.0,0,0,0,0.0,0.0,0.0,0.0,0.0,1,0.0
,academy_3_vs_1_with_keeper,123,collect_rollout,6089,0,14,0.0,False,False,0.0,0.0,0,0,0,0.0,0.0,0.0,0.0,0.0,1,0.0
,academy_3_vs_1_with_keeper,123,collect_rollout,6090,0,16,-0.003333333181217313,False,False,0.0,0.0,0,0,0,0.0,0.0,0.0,0.0,-0.003333333181217313,1,-0.003333333181217313
,academy_3_vs_1_with_keeper,123,collect_rollout,6091,0,20,0.0,False,False,0.0,0.0,0,0,0,0.0,0.0,0.0,0.0,0.0,1,0.0
,academy_3_vs_1_with_keeper,123,collect_rollout,6092,0,17,0.0,False,False,0.0,0.0,0,0,0,0.0,0.0,0.0,0.0,0.0,1,0.0
,academy_3_vs_1_with_keeper,123,collect_rollout,6093,0,20,0.0,False,False,0.0,0.0,0,0,0,0.0,0.0,0.0,0.0,0.0,1,0.0
,academy_3_vs_1_with_keeper,123,collect_rollout,6094,0,17,-0.003333333181217313,False,False,0.0,0.0,0,0,0,0.0,0.0,0.0,0.0,-0.003333333181217313,1,-0.003333333181217313
,academy_3_vs_1_with_keeper,123,collect_rollout,6095,0,23,0.0,False,False,0.0,0.0,0,0,0,0.0,0.0,0.0,0.0,0.0,1,0.0
,academy_3_vs_1_with_keeper,123,collect_rollout,6096,0,22,0.0,False,False,0.0,0.0,0,0,0,0.0,0.0,0.0,0.0,0.0,1,0.0
,academy_3_vs_1_with_keeper,123,collect_rollout,6097,0,21,0.0,False,False,0.0,0.0,0,0,0,0.0,0.0,0.0,0.0,0.0,1,0.0
,academy_3_vs_1_with_keeper,123,collect_rollout,6098,0,21,0.0,False,False,0.0,0.0,0,0,0,0.0,0.0,0.0,0.0,0.0,1,0.0
,academy_3_vs_1_with_keeper,123,collect_rollout,6099,0,166,-0.31025677639991045,False,False,0.0,0.0,0,0,0,0.0,0.0,0.0,0.0,-0.31025677639991045,1,-0.31025677639991045
,academy_3_vs_1_with_keeper,123,collect_rollout,6100,0,19,0.0,False,False,0.0,0.0,0,0,0,0.0,0.0,0.0,0.0,0.0,1,0.0
,academy_3_vs_1_with_keeper,123,collect_rollout,6101,0,17,0.0,False,False,0.0,0.0,0,0,0,0.0,0.0,0.0,0.0,0.0,1,0.0
,academy_3_vs_1_with_keeper,123,collect_rollout,6102,0,18,0.0,False,False,0.0,0.0,0,0,0,0.0,0.0,0.0,0.0,0.0,1,0.0
,academy_3_vs_1_with_keeper,123,collect_rollout,6103,0,16,0.0,False,False,0.0,0.0,0,0,0,0.0,0.0,0.0,0.0,0.0,1,0.0
,academy_3_vs_1_with_keeper,123,collect_rollout,6104,0,83,-0.08060459662010544,False,False,0.0,0.0,0,0,0,0.0,0.0,0.0,0.0,-0.08060459662010544,1,-0.08060459662010544
,academy_3_vs_1_with_keeper,123,collect_rollout,6105,0,19,0.0,False,False,0.0,0.0,0,0,0,0.0,0.0,0.0,0.0,0.0,1,0.0
,academy_3_vs_1_with_keeper,123,collect_rollout,6106,0,18,0.0,False,False,0.0,0.0,0,0,0,0.0,0.0,0.0,0.0,0.0,1,0.0
,academy_3_vs_1_with_keeper,123,collect_rollout,6107,0,19,0.0,False,False,0.0,0.0,0,0,0,0.0,0.0,0.0,0.0,0.0,1,0.0
,academy_3_vs_1_with_keeper,123,collect_rollout,6108,0,22,0.0,False,False,0.0,0.0,0,0,0,0.0,0.0,0.0,0.0,0.0,1,0.0
,academy_3_vs_1_with_keeper,123,collect_rollout,6109,0,21,0.0,False,False,0.0,0.0,0,0,0,0.0,0.0,0.0,0.0,0.0,1,0.0
,academy_3_vs_1_with_keeper,123,collect_rollout,6110,0,15,0.0,False,False,0.0,0.0,0,0,0,0.0,0.0,0.0,0.0,0.0,1,0.0
,academy_3_vs_1_with_keeper,123,collect_rollout,6111,0,76,-0.2039473734330386,False,False,0.0,0.0,0,0,0,0.0,0.0,0.0,0.0,-0.2039473734330386,1,-0.2039473734330386
,academy_3_vs_1_with_keeper,123,collect_rollout,6112,0,17,0.0,False,False,0.0,0.0,0,0,0,0.0,0.0,0.0,0.0,0.0,1,0.0
,academy_3_vs_1_with_keeper,123,collect_rollout,6113,0,87,-0.3947911290451884,False,False,0.0,0.0,0,0,0,0.0,0.0,0.0,0.0,-0.3947911290451884,1,-0.3947911290451884
,academy_3_vs_1_with_keeper,123,collect_rollout,6114,0,17,0.0,False,False,0.0,0.0,0,0,0,0.0,0.0,0.0,0.0,0.0,1,0.0
,academy_3_vs_1_with_keeper,123,collect_rollout,6115,0,18,0.0,False,False,0.0,0.0,0,0,0,0.0,0.0,0.0,0.0,0.0,1,0.0
,academy_3_vs_1_with_keeper,123,collect_rollout,6116,0,22,-0.003333333181217313,False,False,0.0,0.0,0,0,0,0.0,0.0,0.0,0.0,-0.003333333181217313,1,-0.003333333181217313
,academy_3_vs_1_with_keeper,123,collect_rollout,6117,0,22,0.0,False,False,0.0,0.0,0,0,0,0.0,0.0,0.0,0.0,0.0,1,0.0
,academy_3_vs_1_with_keeper,123,collect_rollout,6118,0,18,-0.003333333181217313,False,False,0.0,0.0,0,0,0,0.0,0.0,0.0,0.0,-0.003333333181217313,1,-0.003333333181217313
,academy_3_vs_1_with_keeper,123,collect_rollout,6119,0,16,0.0,False,False,0.0,0.0,0,0,0,0.0,0.0,0.0,0.0,0.0,1,0.0
,academy_3_vs_1_with_keeper,123,collect_rollout,6120,0,75,0.01968571124598384,False,False,0.0,0.0,0,0,0,0.0,0.0,0.0,0.0,0.01968571124598384,1,0.01968571124598384
,academy_3_vs_1_with_keeper,123,collect_rollout,6121,0,23,0.0,False,False,0.0,0.0,0,0,0,0.0,0.0,0.0,0.0,0.0,1,0.0
,academy_3_vs_1_with_keeper,123,collect_rollout,6122,0,19,0.0,False,False,0.0,0.0,0,0,0,0.0,0.0,0.0,0.0,0.0,1,0.0
,academy_3_vs_1_with_keeper,123,collect_rollout,6123,0,21,0.0,False,False,0.0,0.0,0,0,0,0.0,0.0,0.0,0.0,0.0,1,0.0
,academy_3_vs_1_with_keeper,123,collect_rollout,6124,0,89,-0.2655774094746448,False,False,0.0,0.0,0,0,0,0.0,0.0,0.0,0.0,-0.2655774094746448,1,-0.2655774094746448
,academy_3_vs_1_with_keeper,123,collect_rollout,6125,0,18,0.0,False,False,0.0,0.0,0,0,0,0.0,0.0,0.0,0.0,0.0,1,0.0
,academy_3_vs_1_with_keeper,123,collect_rollout,6126,0,17,0.0,False,False,0.0,0.0,0,0,0,0.0,0.0,0.0,0.0,0.0,1,0.0
,academy_3_vs_1_with_keeper,123,collect_rollout,6127,0,20,-0.003333333181217313,False,False,0.0,0.0,0,0,0,0.0,0.0,0.0,0.0,-0.003333333181217313,1,-0.003333333181217313
,academy_3_vs_1_with_keeper,123,collect_rollout,6128,0,22,0.0,False,False,0.0,0.0,0,0,0,0.0,0.0,0.0,0.0,0.0,1,0.0
,academy_3_vs_1_with_keeper,123,collect_rollout,6129,0,19,0.0,False,False,0.0,0.0,0,0,0,0.0,0.0,0.0,0.0,0.0,1,0.0
,academy_3_vs_1_with_keeper,123,collect_rollout,6130,0,80,-0.223448388511315,False,False,0.0,0.0,0,0,0,0.0,0.0,0.0,0.0,-0.223448388511315,1,-0.223448388511315
,academy_3_vs_1_with_keeper,123,collect_rollout,6131,0,20,0.0,False,False,0.0,0.0,0,0,0,0.0,0.0,0.0,0.0,0.0,1,0.0
,academy_3_vs_1_with_keeper,123,collect_rollout,6132,0,15,0.0,False,False,0.0,0.0,0,0,0,0.0,0.0,0.0,0.0,0.0,1,0.0
,academy_3_vs_1_with_keeper,123,collect_rollout,6133,0,20,0.0,False,False,0.0,0.0,0,0,0,0.0,0.0,0.0,0.0,0.0,1,0.0
,academy_3_vs_1_with_keeper,123,collect_rollout,6134,0,20,0.0,False,False,0.0,0.0,0,0,0,0.0,0.0,0.0,0.0,0.0,1,0.0
,academy_3_vs_1_with_keeper,123,collect_rollout,6135,0,18,0.0,False,False,0.0,0.0,0,0,0,0.0,0.0,0.0,0.0,0.0,1,0.0
,academy_3_vs_1_with_keeper,123,collect_rollout,6136,0,23,0.0,False,False,0.0,0.0,0,0,0,0.0,0.0,0.0,0.0,0.0,1,0.0
,academy_3_vs_1_with_keeper,123,collect_rollout,6137,0,17,0.0,False,False,0.0,0.0,0,0,0,0.0,0.0,0.0,0.0,0.0,1,0.0
,academy_3_vs_1_with_keeper,123,collect_rollout,6138,0,16,0.0,False,False,0.0,0.0,0,0,0,0.0,0.0,0.0,0.0,0.0,1,0.0
,academy_3_vs_1_with_keeper,123,collect_rollout,6139,0,16,0.0,False,False,0.0,0.0,0,0,0,0.0,0.0,0.0,0.0,0.0,1,0.0
,academy_3_vs_1_with_keeper,123,collect_rollout,6140,0,19,0.0,False,False,0.0,0.0,0,0,0,0.0,0.0,0.0,0.0,0.0,1,0.0
,academy_3_vs_1_with_keeper,123,collect_rollout,6141,0,21,0.0,False,False,0.0,0.0,0,0,0,0.0,0.0,0.0,0.0,0.0,1,0.0
,academy_3_vs_1_with_keeper,123,collect_rollout,6142,0,15,0.0,False,False,0.0,0.0,0,0,0,0.0,0.0,0.0,0.0,0.0,1,0.0
,academy_3_vs_1_with_keeper,123,collect_rollout,6143,0,15,0.0,False,False,0.0,0.0,0,0,0,0.0,0.0,0.0,0.0,0.0,1,0.0
,academy_3_vs_1_with_keeper,123,collect_rollout,6144,0,18,0.0,False,False,0.0,0.0,0,0,0,0.0,0.0,0.0,0.0,0.0,1,0.0
,academy_3_vs_1_with_keeper,123,collect_rollout,6145,0,19,0.0,False,False,0.0,0.0,0,0,0,0.0,0.0,0.0,0.0,0.0,1,0.0
,academy_3_vs_1_with_keeper,123,collect_rollout,6146,0,19,0.0,False,False,0.0,0.0,0,0,0,0.0,0.0,0.0,0.0,0.0,1,0.0
,academy_3_vs_1_with_keeper,123,collect_rollout,6147,0,18,0.0,False,False,0.0,0.0,0,0,0,0.0,0.0,0.0,0.0,0.0,1,0.0
,academy_3_vs_1_with_keeper,123,collect_rollout,6148,0,17,0.0,False,False,0.0,0.0,0,0,0,0.0,0.0,0.0,0.0,0.0,1,0.0
,academy_3_vs_1_with_keeper,123,collect_rollout,6149,0,14,0.0,False,False,0.0,0.0,0,0,0,0.0,0.0,0.0,0.0,0.0,1,0.0
,academy_3_vs_1_with_keeper,123,collect_rollout,6150,0,15,0.0,False,False,0.0,0.0,0,0,0,0.0,0.0,0.0,0.0,0.0,1,0.0
,academy_3_vs_1_with_keeper,123,collect_rollout,6151,0,17,0.0,False,False,0.0,0.0,0,0,0,0.0,0.0,0.0,0.0,0.0,1,0.0
,academy_3_vs_1_with_keeper,123,collect_rollout,6152,0,18,-0.003333333181217313,False,False,0.0,0.0,0,0,0,0.0,0.0,0.0,0.0,-0.003333333181217313,1,-0.003333333181217313
,academy_3_vs_1_with_keeper,123,collect_rollout,6153,0,19,0.0,False,False,0.0,0.0,0,0,0,0.0,0.0,0.0,0.0,0.0,1,0.0
,academy_3_vs_1_with_keeper,123,collect_rollout,6154,0,79,-0.22459605435142294,False,False,0.0,0.0,0,0,0,0.0,0.0,0.0,0.0,-0.22459605435142294,1,-0.22459605435142294
,academy_3_vs_1_with_keeper,123,collect_rollout,6155,0,23,0.0,False,False,0.0,0.0,0,0,0,0.0,0.0,0.0,0.0,0.0,1,0.0
,academy_3_vs_1_with_keeper,123,collect_rollout,6156,0,18,0.0,False,False,0.0,0.0,0,0,0,0.0,0.0,0.0,0.0,0.0,1,0.0
,academy_3_vs_1_with_keeper,123,collect_rollout,6157,0,20,0.0,False,False,0.0,0.0,0,0,0,0.0,0.0,0.0,0.0,0.0,1,0.0
,academy_3_vs_1_with_keeper,123,collect_rollout,6158,0,19,0.0,False,False,0.0,0.0,0,0,0,0.0,0.0,0.0,0.0,0.0,1,0.0
,academy_3_vs_1_with_keeper,123,collect_rollout,6159,0,16,0.0,False,False,0.0,0.0,0,0,0,0.0,0.0,0.0,0.0,0.0,1,0.0
,academy_3_vs_1_with_keeper,123,collect_rollout,6160,0,22,-0.003333333181217313,False,False,0.0,0.0,0,0,0,0.0,0.0,0.0,0.0,-0.003333333181217313,1,-0.003333333181217313
,academy_3_vs_1_with_keeper,123,collect_rollout,6161,0,20,0.0,False,False,0.0,0.0,0,0,0,0.0,0.0,0.0,0.0,0.0,1,0.0
,academy_3_vs_1_with_keeper,123,collect_rollout,6162,0,17,0.0,False,False,0.0,0.0,0,0,0,0.0,0.0,0.0,0.0,0.0,1,0.0
,academy_3_vs_1_with_keeper,123,collect_rollout,6163,0,14,0.0,False,False,0.0,0.0,0,0,0,0.0,0.0,0.0,0.0,0.0,1,0.0
,academy_3_vs_1_with_keeper,123,collect_rollout,6164,0,23,0.0,False,False,0.0,0.0,0,0,0,0.0,0.0,0.0,0.0,0.0,1,0.0
,academy_3_vs_1_with_keeper,123,collect_rollout,6165,0,21,0.0,False,False,0.0,0.0,0,0,0,0.0,0.0,0.0,0.0,0.0,1,0.0
,academy_3_vs_1_with_keeper,123,collect_rollout,6166,0,22,0.0,False,False,0.0,0.0,0,0,0,0.0,0.0,0.0,0.0,0.0,1,0.0
,academy_3_vs_1_with_keeper,123,collect_rollout,6167,0,21,0.0,False,False,0.0,0.0,0,0,0,0.0,0.0,0.0,0.0,0.0,1,0.0
,academy_3_vs_1_with_keeper,123,collect_rollout,6168,0,23,0.0,False,False,0.0,0.0,0,0,0,0.0,0.0,0.0,0.0,0.0,1,0.0
,academy_3_vs_1_with_keeper,123,collect_rollout,6169,0,18,0.0,False,False,0.0,0.0,0,0,0,0.0,0.0,0.0,0.0,0.0,1,0.0
,academy_3_vs_1_with_keeper,123,collect_rollout,6170,0,21,0.0,False,False,0.0,0.0,0,0,0,0.0,0.0,0.0,0.0,0.0,1,0.0
,academy_3_vs_1_with_keeper,123,collect_rollout,6171,0,19,0.0,False,False,0.0,0.0,0,0,0,0.0,0.0,0.0,0.0,0.0,1,0.0
,academy_3_vs_1_with_keeper,123,collect_rollout,6172,0,22,0.0,False,False,0.0,0.0,0,0,0,0.0,0.0,0.0,0.0,0.0,1,0.0
,academy_3_vs_1_with_keeper,123,collect_rollout,6173,0,22,0.0,False,False,0.0,0.0,0,0,0,0.0,0.0,0.0,0.0,0.0,1,0.0
,academy_3_vs_1_with_keeper,123,collect_rollout,6174,0,19,0.0,False,False,0.0,0.0,0,0,0,0.0,0.0,0.0,0.0,0.0,1,0.0
,academy_3_vs_1_with_keeper,123,collect_rollout,6175,0,20,0.0,False,False,0.0,0.0,0,0,0,0.0,0.0,0.0,0.0,0.0,1,0.0
,academy_3_vs_1_with_keeper,123,collect_rollout,6176,0,14,0.0,False,False,0.0,0.0,0,0,0,0.0,0.0,0.0,0.0,0.0,1,0.0
,academy_3_vs_1_with_keeper,123,collect_rollout,6177,0,20,0.0,False,False,0.0,0.0,0,0,0,0.0,0.0,0.0,0.0,0.0,1,0.0
,academy_3_vs_1_with_keeper,123,collect_rollout,6178,0,23,0.0,False,False,0.0,0.0,0,0,0,0.0,0.0,0.0,0.0,0.0,1,0.0
,academy_3_vs_1_with_keeper,123,collect_rollout,6179,0,15,0.0,False,False,0.0,0.0,0,0,0,0.0,0.0,0.0,0.0,0.0,1,0.0
,academy_3_vs_1_with_keeper,123,collect_rollout,6180,0,21,0.0,False,False,0.0,0.0,0,0,0,0.0,0.0,0.0,0.0,0.0,1,0.0
,academy_3_vs_1_with_keeper,123,collect_rollout,6181,0,17,0.0,False,False,0.0,0.0,0,0,0,0.0,0.0,0.0,0.0,0.0,1,0.0
,academy_3_vs_1_with_keeper,123,collect_rollout,6182,0,21,0.0,False,False,0.0,0.0,0,0,0,0.0,0.0,0.0,0.0,0.0,1,0.0
,academy_3_vs_1_with_keeper,123,collect_rollout,6183,0,19,0.0,False,False,0.0,0.0,0,0,0,0.0,0.0,0.0,0.0,0.0,1,0.0
,academy_3_vs_1_with_keeper,123,collect_rollout,6184,0,14,0.0,False,False,0.0,0.0,0,0,0,0.0,0.0,0.0,0.0,0.0,1,0.0
,academy_3_vs_1_with_keeper,123,collect_rollout,6185,0,23,0.0,False,False,0.0,0.0,0,0,0,0.0,0.0,0.0,0.0,0.0,1,0.0
,academy_3_vs_1_with_keeper,123,collect_rollout,6186,0,17,0.0,False,False,0.0,0.0,0,0,0,0.0,0.0,0.0,0.0,0.0,1,0.0
,academy_3_vs_1_with_keeper,123,collect_rollout,6187,0,22,0.0,False,False,0.0,0.0,0,0,0,0.0,0.0,0.0,0.0,0.0,1,0.0
,academy_3_vs_1_with_keeper,123,collect_rollout,6188,0,23,0.0,False,False,0.0,0.0,0,0,0,0.0,0.0,0.0,0.0,0.0,1,0.0
,academy_3_vs_1_with_keeper,123,collect_rollout,6189,0,15,0.0,False,False,0.0,0.0,0,0,0,0.0,0.0,0.0,0.0,0.0,1,0.0
,academy_3_vs_1_with_keeper,123,collect_rollout,6190,0,23,0.0,False,False,0.0,0.0,0,0,0,0.0,0.0,0.0,0.0,0.0,1,0.0
,academy_3_vs_1_with_keeper,123,collect_rollout,6191,0,16,0.0,False,False,0.0,0.0,0,0,0,0.0,0.0,0.0,0.0,0.0,1,0.0
,academy_3_vs_1_with_keeper,123,collect_rollout,6192,0,20,0.0,False,False,0.0,0.0,0,0,0,0.0,0.0,0.0,0.0,0.0,1,0.0
,academy_3_vs_1_with_keeper,123,collect_rollout,6193,0,22,0.0,False,False,0.0,0.0,0,0,0,0.0,0.0,0.0,0.0,0.0,1,0.0
,academy_3_vs_1_with_keeper,123,collect_rollout,6194,0,19,0.0,False,False,0.0,0.0,0,0,0,0.0,0.0,0.0,0.0,0.0,1,0.0
,academy_3_vs_1_with_keeper,123,collect_rollout,6195,0,16,0.0,False,False,0.0,0.0,0,0,0,0.0,0.0,0.0,0.0,0.0,1,0.0
,academy_3_vs_1_with_keeper,123,collect_rollout,6196,0,21,0.0,False,False,0.0,0.0,0,0,0,0.0,0.0,0.0,0.0,0.0,1,0.0
,academy_3_vs_1_with_keeper,123,collect_rollout,6197,0,19,0.0,False,False,0.0,0.0,0,0,0,0.0,0.0,0.0,0.0,0.0,1,0.0
,academy_3_vs_1_with_keeper,123,collect_rollout,6198,0,13,0.0,False,False,0.0,0.0,0,0,0,0.0,0.0,0.0,0.0,0.0,1,0.0
,academy_3_vs_1_with_keeper,123,collect_rollout,6199,0,19,0.0,False,False,0.0,0.0,0,0,0,0.0,0.0,0.0,0.0,0.0,1,0.0
,academy_3_vs_1_with_keeper,123,collect_rollout,6200,0,19,0.0,False,False,0.0,0.0,0,0,0,0.0,0.0,0.0,0.0,0.0,1,0.0
,academy_3_vs_1_with_keeper,123,collect_rollout,6201,0,16,0.0,False,False,0.0,0.0,0,0,0,0.0,0.0,0.0,0.0,0.0,1,0.0
,academy_3_vs_1_with_keeper,123,collect_rollout,6202,0,18,0.0,False,False,0.0,0.0,0,0,0,0.0,0.0,0.0,0.0,0.0,1,0.0
,academy_3_vs_1_with_keeper,123,collect_rollout,6203,0,23,0.0,False,False,0.0,0.0,0,0,0,0.0,0.0,0.0,0.0,0.0,1,0.0
,academy_3_vs_1_with_keeper,123,collect_rollout,6204,0,14,0.0,False,False,0.0,0.0,0,0,0,0.0,0.0,0.0,0.0,0.0,1,0.0
,academy_3_vs_1_with_keeper,123,collect_rollout,6205,0,71,-0.055123761761933565,False,False,0.0,0.0,0,0,0,0.0,0.0,0.0,0.0,-0.055123761761933565,1,-0.055123761761933565
,academy_3_vs_1_with_keeper,123,collect_rollout,6206,0,18,-0.006666666362434626,False,False,0.0,0.0,0,0,0,0.0,0.0,0.0,0.0,-0.006666666362434626,1,-0.006666666362434626
,academy_3_vs_1_with_keeper,123,collect_rollout,6207,0,20,0.0,False,False,0.0,0.0,0,0,0,0.0,0.0,0.0,0.0,0.0,1,0.0
,academy_3_vs_1_with_keeper,123,collect_rollout,6208,0,22,0.0,False,False,0.0,0.0,0,0,0,0.0,0.0,0.0,0.0,0.0,1,0.0
,academy_3_vs_1_with_keeper,123,collect_rollout,6209,0,17,0.0,False,False,0.0,0.0,0,0,0,0.0,0.0,0.0,0.0,0.0,1,0.0
,academy_3_vs_1_with_keeper,123,collect_rollout,6210,0,61,-0.0754506690427661,False,False,0.0,0.0,0,0,0,0.0,0.0,0.0,0.0,-0.0754506690427661,1,-0.0754506690427661
,academy_3_vs_1_with_keeper,123,collect_rollout,6211,0,18,0.0,False,False,0.0,0.0,0,0,0,0.0,0.0,0.0,0.0,0.0,1,0.0
,academy_3_vs_1_with_keeper,123,collect_rollout,6212,0,14,0.0,False,False,0.0,0.0,0,0,0,0.0,0.0,0.0,0.0,0.0,1,0.0
,academy_3_vs_1_with_keeper,123,collect_rollout,6213,0,21,0.0,False,False,0.0,0.0,0,0,0,0.0,0.0,0.0,0.0,0.0,1,0.0
,academy_3_vs_1_with_keeper,123,collect_rollout,6214,0,17,0.0,False,False,0.0,0.0,0,0,0,0.0,0.0,0.0,0.0,0.0,1,0.0
,academy_3_vs_1_with_keeper,123,collect_rollout,6215,0,19,0.0,False,False,0.0,0.0,0,0,0,0.0,0.0,0.0,0.0,0.0,1,0.0
,academy_3_vs_1_with_keeper,123,collect_rollout,6216,0,23,0.0,False,False,0.0,0.0,0,0,0,0.0,0.0,0.0,0.0,0.0,1,0.0
,academy_3_vs_1_with_keeper,123,collect_rollout,6217,0,17,0.0,False,False,0.0,0.0,0,0,0,0.0,0.0,0.0,0.0,0.0,1,0.0
,academy_3_vs_1_with_keeper,123,collect_rollout,6218,0,18,0.0,False,False,0.0,0.0,0,0,0,0.0,0.0,0.0,0.0,0.0,1,0.0
,academy_3_vs_1_with_keeper,123,collect_rollout,6219,0,16,0.0,False,False,0.0,0.0,0,0,0,0.0,0.0,0.0,0.0,0.0,1,0.0
,academy_3_vs_1_with_keeper,123,collect_rollout,6220,0,19,0.0,False,False,0.0,0.0,0,0,0,0.0,0.0,0.0,0.0,0.0,1,0.0
,academy_3_vs_1_with_keeper,123,collect_rollout,6221,0,19,0.0,False,False,0.0,0.0,0,0,0,0.0,0.0,0.0,0.0,0.0,1,0.0
,academy_3_vs_1_with_keeper,123,collect_rollout,6222,0,17,0.0,False,False,0.0,0.0,0,0,0,0.0,0.0,0.0,0.0,0.0,1,0.0
,academy_3_vs_1_with_keeper,123,collect_rollout,6223,0,72,-0.08596544084139168,False,False,0.0,0.0,0,0,0,0.0,0.0,0.0,0.0,-0.08596544084139168,1,-0.08596544084139168
,academy_3_vs_1_with_keeper,123,collect_rollout,6224,0,17,0.0,False,False,0.0,0.0,0,0,0,0.0,0.0,0.0,0.0,0.0,1,0.0
,academy_3_vs_1_with_keeper,123,collect_rollout,6225,0,19,0.0,False,False,0.0,0.0,0,0,0,0.0,0.0,0.0,0.0,0.0,1,0.0
,academy_3_vs_1_with_keeper,123,collect_rollout,6226,0,17,0.0,False,False,0.0,0.0,0,0,0,0.0,0.0,0.0,0.0,0.0,1,0.0
,academy_3_vs_1_with_keeper,123,collect_rollout,6227,0,20,0.0,False,False,0.0,0.0,0,0,0,0.0,0.0,0.0,0.0,0.0,1,0.0
,academy_3_vs_1_with_keeper,123,collect_rollout,6228,0,19,0.0,False,False,0.0,0.0,0,0,0,0.0,0.0,0.0,0.0,0.0,1,0.0
,academy_3_vs_1_with_keeper,123,collect_rollout,6229,0,15,0.0,False,False,0.0,0.0,0,0,0,0.0,0.0,0.0,0.0,0.0,1,0.0
,academy_3_vs_1_with_keeper,123,collect_rollout,6230,0,21,0.0,False,False,0.0,0.0,0,0,0,0.0,0.0,0.0,0.0,0.0,1,0.0
,academy_3_vs_1_with_keeper,123,collect_rollout,6231,0,20,0.0,False,False,0.0,0.0,0,0,0,0.0,0.0,0.0,0.0,0.0,1,0.0
,academy_3_vs_1_with_keeper,123,collect_rollout,6232,0,19,0.0,False,False,0.0,0.0,0,0,0,0.0,0.0,0.0,0.0,0.0,1,0.0
,academy_3_vs_1_with_keeper,123,collect_rollout,6233,0,23,0.0,False,False,0.0,0.0,0,0,0,0.0,0.0,0.0,0.0,0.0,1,0.0
,academy_3_vs_1_with_keeper,123,collect_rollout,6234,0,16,0.0,False,False,0.0,0.0,0,0,0,0.0,0.0,0.0,0.0,0.0,1,0.0
,academy_3_vs_1_with_keeper,123,collect_rollout,6235,0,19,0.0,False,False,0.0,0.0,0,0,0,0.0,0.0,0.0,0.0,0.0,1,0.0
,academy_3_vs_1_with_keeper,123,collect_rollout,6236,0,16,0.0,False,False,0.0,0.0,0,0,0,0.0,0.0,0.0,0.0,0.0,1,0.0
,academy_3_vs_1_with_keeper,123,collect_rollout,6237,0,20,0.0,False,False,0.0,0.0,0,0,0,0.0,0.0,0.0,0.0,0.0,1,0.0
,academy_3_vs_1_with_keeper,123,collect_rollout,6238,0,18,0.0,False,False,0.0,0.0,0,0,0,0.0,0.0,0.0,0.0,0.0,1,0.0
,academy_3_vs_1_with_keeper,123,collect_rollout,6239,0,18,0.0,False,False,0.0,0.0,0,0,0,0.0,0.0,0.0,0.0,0.0,1,0.0
,academy_3_vs_1_with_keeper,123,collect_rollout,6240,0,18,0.0,False,False,0.0,0.0,0,0,0,0.0,0.0,0.0,0.0,0.0,1,0.0
,academy_3_vs_1_with_keeper,123,collect_rollout,6241,0,20,0.0,False,False,0.0,0.0,0,0,0,0.0,0.0,0.0,0.0,0.0,1,0.0
,academy_3_vs_1_with_keeper,123,collect_rollout,6242,0,18,0.0,False,False,0.0,0.0,0,0,0,0.0,0.0,0.0,0.0,0.0,1,0.0
,academy_3_vs_1_with_keeper,123,collect_rollout,6243,0,79,-0.15137364885413263,False,False,0.0,0.0,0,0,0,0.0,0.0,0.0,0.0,-0.15137364885413263,1,-0.15137364885413263
,academy_3_vs_1_with_keeper,123,collect_rollout,6244,0,20,0.0,False,False,0.0,0.0,0,0,0,0.0,0.0,0.0,0.0,0.0,1,0.0
,academy_3_vs_1_with_keeper,123,collect_rollout,6245,0,18,-0.003333333181217313,False,False,0.0,0.0,0,0,0,0.0,0.0,0.0,0.0,-0.003333333181217313,1,-0.003333333181217313
,academy_3_vs_1_with_keeper,123,collect_rollout,6246,0,21,0.0,False,False,0.0,0.0,0,0,0,0.0,0.0,0.0,0.0,0.0,1,0.0
,academy_3_vs_1_with_keeper,123,collect_rollout,6247,0,22,0.0,False,False,0.0,0.0,0,0,0,0.0,0.0,0.0,0.0,0.0,1,0.0
,academy_3_vs_1_with_keeper,123,collect_rollout,6248,0,21,0.0,False,False,0.0,0.0,0,0,0,0.0,0.0,0.0,0.0,0.0,1,0.0
,academy_3_vs_1_with_keeper,123,collect_rollout,6249,0,15,0.0,False,False,0.0,0.0,0,0,0,0.0,0.0,0.0,0.0,0.0,1,0.0
,academy_3_vs_1_with_keeper,123,collect_rollout,6250,0,16,0.0,False,False,0.0,0.0,0,0,0,0.0,0.0,0.0,0.0,0.0,1,0.0
,academy_3_vs_1_with_keeper,123,collect_rollout,6251,0,17,0.0,False,False,0.0,0.0,0,0,0,0.0,0.0,0.0,0.0,0.0,1,0.0
,academy_3_vs_1_with_keeper,123,collect_rollout,6252,0,24,0.0,False,False,0.0,0.0,0,0,0,0.0,0.0,0.0,0.0,0.0,1,0.0
,academy_3_vs_1_with_keeper,123,collect_rollout,6253,0,20,0.0,False,False,0.0,0.0,0,0,0,0.0,0.0,0.0,0.0,0.0,1,0.0
,academy_3_vs_1_with_keeper,123,collect_rollout,6254,0,23,0.0,False,False,0.0,0.0,0,0,0,0.0,0.0,0.0,0.0,0.0,1,0.0
,academy_3_vs_1_with_keeper,123,collect_rollout,6255,0,18,0.0,False,False,0.0,0.0,0,0,0,0.0,0.0,0.0,0.0,0.0,1,0.0
,academy_3_vs_1_with_keeper,123,collect_rollout,6256,0,16,0.0,False,False,0.0,0.0,0,0,0,0.0,0.0,0.0,0.0,0.0,1,0.0
,academy_3_vs_1_with_keeper,123,collect_rollout,6257,0,19,0.0,False,False,0.0,0.0,0,0,0,0.0,0.0,0.0,0.0,0.0,1,0.0
,academy_3_vs_1_with_keeper,123,collect_rollout,6258,0,16,0.0,False,False,0.0,0.0,0,0,0,0.0,0.0,0.0,0.0,0.0,1,0.0
,academy_3_vs_1_with_keeper,123,collect_rollout,6259,0,19,0.0,False,False,0.0,0.0,0,0,0,0.0,0.0,0.0,0.0,0.0,1,0.0
,academy_3_vs_1_with_keeper,123,collect_rollout,6260,0,19,0.0,False,False,0.0,0.0,0,0,0,0.0,0.0,0.0,0.0,0.0,1,0.0
,academy_3_vs_1_with_keeper,123,collect_rollout,6261,0,20,0.0,False,False,0.0,0.0,0,0,0,0.0,0.0,0.0,0.0,0.0,1,0.0
,academy_3_vs_1_with_keeper,123,collect_rollout,6262,0,19,0.0,False,False,0.0,0.0,0,0,0,0.0,0.0,0.0,0.0,0.0,1,0.0
,academy_3_vs_1_with_keeper,123,collect_rollout,6263,0,17,0.0,False,False,0.0,0.0,0,0,0,0.0,0.0,0.0,0.0,0.0,1,0.0
,academy_3_vs_1_with_keeper,123,collect_rollout,6264,0,16,0.0,False,False,0.0,0.0,0,0,0,0.0,0.0,0.0,0.0,0.0,1,0.0
,academy_3_vs_1_with_keeper,123,collect_rollout,6265,0,18,0.0,False,False,0.0,0.0,0,0,0,0.0,0.0,0.0,0.0,0.0,1,0.0
,academy_3_vs_1_with_keeper,123,collect_rollout,6266,0,17,0.0,False,False,0.0,0.0,0,0,0,0.0,0.0,0.0,0.0,0.0,1,0.0
,academy_3_vs_1_with_keeper,123,collect_rollout,6267,0,23,0.0,False,False,0.0,0.0,0,0,0,0.0,0.0,0.0,0.0,0.0,1,0.0
,academy_3_vs_1_with_keeper,123,collect_rollout,6268,0,15,0.0,False,False,0.0,0.0,0,0,0,0.0,0.0,0.0,0.0,0.0,1,0.0
,academy_3_vs_1_with_keeper,123,collect_rollout,6269,0,18,0.0,False,False,0.0,0.0,0,0,0,0.0,0.0,0.0,0.0,0.0,1,0.0
,academy_3_vs_1_with_keeper,123,collect_rollout,6270,0,21,0.0,False,False,0.0,0.0,0,0,0,0.0,0.0,0.0,0.0,0.0,1,0.0
,academy_3_vs_1_with_keeper,123,collect_rollout,6271,0,22,0.0,False,False,0.0,0.0,0,0,0,0.0,0.0,0.0,0.0,0.0,1,0.0
,academy_3_vs_1_with_keeper,123,collect_rollout,6272,0,21,0.0,False,False,0.0,0.0,0,0,0,0.0,0.0,0.0,0.0,0.0,1,0.0
,academy_3_vs_1_with_keeper,123,collect_rollout,6273,0,18,0.0,False,False,0.0,0.0,0,0,0,0.0,0.0,0.0,0.0,0.0,1,0.0
,academy_3_vs_1_with_keeper,123,collect_rollout,6274,0,20,0.0,False,False,0.0,0.0,0,0,0,0.0,0.0,0.0,0.0,0.0,1,0.0
,academy_3_vs_1_with_keeper,123,collect_rollout,6275,0,16,0.0,False,False,0.0,0.0,0,0,0,0.0,0.0,0.0,0.0,0.0,1,0.0
,academy_3_vs_1_with_keeper,123,collect_rollout,6276,0,21,0.0,False,False,0.0,0.0,0,0,0,0.0,0.0,0.0,0.0,0.0,1,0.0
,academy_3_vs_1_with_keeper,123,collect_rollout,6277,0,19,0.0,False,False,0.0,0.0,0,0,0,0.0,0.0,0.0,0.0,0.0,1,0.0
,academy_3_vs_1_with_keeper,123,collect_rollout,6278,0,20,0.0,False,False,0.0,0.0,0,0,0,0.0,0.0,0.0,0.0,0.0,1,0.0
,academy_3_vs_1_with_keeper,123,collect_rollout,6279,0,16,0.0,False,False,0.0,0.0,0,0,0,0.0,0.0,0.0,0.0,0.0,1,0.0
,academy_3_vs_1_with_keeper,123,collect_rollout,6280,0,20,0.0,False,False,0.0,0.0,0,0,0,0.0,0.0,0.0,0.0,0.0,1,0.0
,academy_3_vs_1_with_keeper,123,collect_rollout,6281,0,23,0.0,False,False,0.0,0.0,0,0,0,0.0,0.0,0.0,0.0,0.0,1,0.0
,academy_3_vs_1_with_keeper,123,collect_rollout,6282,0,20,-0.009999999543651938,False,False,0.0,0.0,0,0,0,0.0,0.0,0.0,0.0,-0.009999999543651938,1,-0.009999999543651938
,academy_3_vs_1_with_keeper,123,collect_rollout,6283,0,111,-0.6899999740999192,False,False,0.0,0.0,0,0,0,0.0,0.0,0.0,0.0,-0.6899999740999192,1,-0.6899999740999192
,academy_3_vs_1_with_keeper,123,collect_rollout,6284,0,19,0.0,False,False,0.0,0.0,0,0,0,0.0,0.0,0.0,0.0,0.0,1,0.0
,academy_3_vs_1_with_keeper,123,collect_rollout,6285,0,18,0.0,False,False,0.0,0.0,0,0,0,0.0,0.0,0.0,0.0,0.0,1,0.0
,academy_3_vs_1_with_keeper,123,collect_rollout,6286,0,87,-0.053333334159106016,False,False,0.0,0.0,0,0,0,0.0,0.0,0.0,0.0,-0.053333334159106016,1,-0.053333334159106016
,academy_3_vs_1_with_keeper,123,collect_rollout,6287,0,18,0.0,False,False,0.0,0.0,0,0,0,0.0,0.0,0.0,0.0,0.0,1,0.0
,academy_3_vs_1_with_keeper,123,collect_rollout,6288,0,20,0.0,False,False,0.0,0.0,0,0,0,0.0,0.0,0.0,0.0,0.0,1,0.0
,academy_3_vs_1_with_keeper,123,collect_rollout,6289,0,21,0.0,False,False,0.0,0.0,0,0,0,0.0,0.0,0.0,0.0,0.0,1,0.0
,academy_3_vs_1_with_keeper,123,collect_rollout,6290,0,14,0.0,False,False,0.0,0.0,0,0,0,0.0,0.0,0.0,0.0,0.0,1,0.0
,academy_3_vs_1_with_keeper,123,collect_rollout,6291,0,16,0.0,False,False,0.0,0.0,0,0,0,0.0,0.0,0.0,0.0,0.0,1,0.0
,academy_3_vs_1_with_keeper,123,collect_rollout,6292,0,17,0.0,False,False,0.0,0.0,0,0,0,0.0,0.0,0.0,0.0,0.0,1,0.0
,academy_3_vs_1_with_keeper,123,collect_rollout,6293,0,15,0.0,False,False,0.0,0.0,0,0,0,0.0,0.0,0.0,0.0,0.0,1,0.0
,academy_3_vs_1_with_keeper,123,collect_rollout,6294,0,16,0.0,False,False,0.0,0.0,0,0,0,0.0,0.0,0.0,0.0,0.0,1,0.0
,academy_3_vs_1_with_keeper,123,collect_rollout,6295,0,18,0.0,False,False,0.0,0.0,0,0,0,0.0,0.0,0.0,0.0,0.0,1,0.0
,academy_3_vs_1_with_keeper,123,collect_rollout,6296,0,17,-0.003333333181217313,False,False,0.0,0.0,0,0,0,0.0,0.0,0.0,0.0,-0.003333333181217313,1,-0.003333333181217313
,academy_3_vs_1_with_keeper,123,collect_rollout,6297,0,18,0.0,False,False,0.0,0.0,0,0,0,0.0,0.0,0.0,0.0,0.0,1,0.0
,academy_3_vs_1_with_keeper,123,collect_rollout,6298,0,19,0.0,False,False,0.0,0.0,0,0,0,0.0,0.0,0.0,0.0,0.0,1,0.0
,academy_3_vs_1_with_keeper,123,collect_rollout,6299,0,19,0.0,False,False,0.0,0.0,0,0,0,0.0,0.0,0.0,0.0,0.0,1,0.0
,academy_3_vs_1_with_keeper,123,collect_rollout,6300,0,15,0.0,False,False,0.0,0.0,0,0,0,0.0,0.0,0.0,0.0,0.0,1,0.0
,academy_3_vs_1_with_keeper,123,collect_rollout,6301,0,21,0.0,False,False,0.0,0.0,0,0,0,0.0,0.0,0.0,0.0,0.0,1,0.0
,academy_3_vs_1_with_keeper,123,collect_rollout,6302,0,17,-0.003333333181217313,False,False,0.0,0.0,0,0,0,0.0,0.0,0.0,0.0,-0.003333333181217313,1,-0.003333333181217313
,academy_3_vs_1_with_keeper,123,collect_rollout,6303,0,23,0.0,False,False,0.0,0.0,0,0,0,0.0,0.0,0.0,0.0,0.0,1,0.0
,academy_3_vs_1_with_keeper,123,collect_rollout,6304,0,19,0.0,False,False,0.0,0.0,0,0,0,0.0,0.0,0.0,0.0,0.0,1,0.0
,academy_3_vs_1_with_keeper,123,collect_rollout,6305,0,17,0.0,False,False,0.0,0.0,0,0,0,0.0,0.0,0.0,0.0,0.0,1,0.0
,academy_3_vs_1_with_keeper,123,collect_rollout,6306,0,21,0.0,False,False,0.0,0.0,0,0,0,0.0,0.0,0.0,0.0,0.0,1,0.0
,academy_3_vs_1_with_keeper,123,collect_rollout,6307,0,18,0.0,False,False,0.0,0.0,0,0,0,0.0,0.0,0.0,0.0,0.0,1,0.0
,academy_3_vs_1_with_keeper,123,collect_rollout,6308,0,22,0.0,False,False,0.0,0.0,0,0,0,0.0,0.0,0.0,0.0,0.0,1,0.0
,academy_3_vs_1_with_keeper,123,collect_rollout,6309,0,20,0.0,False,False,0.0,0.0,0,0,0,0.0,0.0,0.0,0.0,0.0,1,0.0
,academy_3_vs_1_with_keeper,123,collect_rollout,6310,0,17,0.0,False,False,0.0,0.0,0,0,0,0.0,0.0,0.0,0.0,0.0,1,0.0
,academy_3_vs_1_with_keeper,123,collect_rollout,6311,0,18,0.0,False,False,0.0,0.0,0,0,0,0.0,0.0,0.0,0.0,0.0,1,0.0
,academy_3_vs_1_with_keeper,123,collect_rollout,6312,0,19,0.0,False,False,0.0,0.0,0,0,0,0.0,0.0,0.0,0.0,0.0,1,0.0
,academy_3_vs_1_with_keeper,123,collect_rollout,6313,0,20,0.0,False,False,0.0,0.0,0,0,0,0.0,0.0,0.0,0.0,0.0,1,0.0
,academy_3_vs_1_with_keeper,123,collect_rollout,6314,0,20,0.0,False,False,0.0,0.0,0,0,0,0.0,0.0,0.0,0.0,0.0,1,0.0
,academy_3_vs_1_with_keeper,123,collect_rollout,6315,0,21,-0.003333333181217313,False,False,0.0,0.0,0,0,0,0.0,0.0,0.0,0.0,-0.003333333181217313,1,-0.003333333181217313
,academy_3_vs_1_with_keeper,123,collect_rollout,6316,0,21,0.0,False,False,0.0,0.0,0,0,0,0.0,0.0,0.0,0.0,0.0,1,0.0
,academy_3_vs_1_with_keeper,123,collect_rollout,6317,0,18,0.0,False,False,0.0,0.0,0,0,0,0.0,0.0,0.0,0.0,0.0,1,0.0
,academy_3_vs_1_with_keeper,123,collect_rollout,6318,0,16,0.0,False,False,0.0,0.0,0,0,0,0.0,0.0,0.0,0.0,0.0,1,0.0
,academy_3_vs_1_with_keeper,123,collect_rollout,6319,0,18,0.0,False,False,0.0,0.0,0,0,0,0.0,0.0,0.0,0.0,0.0,1,0.0
,academy_3_vs_1_with_keeper,123,collect_rollout,6320,0,49,-0.03334617646760307,False,False,0.0,0.0,0,0,0,0.0,0.0,0.0,0.0,-0.03334617646760307,1,-0.03334617646760307
,academy_3_vs_1_with_keeper,123,collect_rollout,6321,0,16,0.0,False,False,0.0,0.0,0,0,0,0.0,0.0,0.0,0.0,0.0,1,0.0
,academy_3_vs_1_with_keeper,123,collect_rollout,6322,0,62,1.7536275496386224,False,False,0.0,0.0,0,0,0,0.0,0.0,0.0,0.0,1.7536275496386224,1,1.7536275496386224
,academy_3_vs_1_with_keeper,123,collect_rollout,6323,0,16,0.0,False,False,0.0,0.0,0,0,0,0.0,0.0,0.0,0.0,0.0,1,0.0
,academy_3_vs_1_with_keeper,123,collect_rollout,6324,0,18,0.0,False,False,0.0,0.0,0,0,0,0.0,0.0,0.0,0.0,0.0,1,0.0
,academy_3_vs_1_with_keeper,123,collect_rollout,6325,0,19,-0.003333333181217313,False,False,0.0,0.0,0,0,0,0.0,0.0,0.0,0.0,-0.003333333181217313,1,-0.003333333181217313
,academy_3_vs_1_with_keeper,123,collect_rollout,6326,0,21,-0.003333333181217313,False,False,0.0,0.0,0,0,0,0.0,0.0,0.0,0.0,-0.003333333181217313,1,-0.003333333181217313
,academy_3_vs_1_with_keeper,123,collect_rollout,6327,0,17,0.0,False,False,0.0,0.0,0,0,0,0.0,0.0,0.0,0.0,0.0,1,0.0
,academy_3_vs_1_with_keeper,123,collect_rollout,6328,0,161,-0.4720661615720019,False,False,0.0,0.0,0,0,0,0.0,0.0,0.0,0.0,-0.4720661615720019,1,-0.4720661615720019
,academy_3_vs_1_with_keeper,123,collect_rollout,6329,0,20,-0.006666666362434626,False,False,0.0,0.0,0,0,0,0.0,0.0,0.0,0.0,-0.006666666362434626,1,-0.006666666362434626
,academy_3_vs_1_with_keeper,123,collect_rollout,6330,0,14,0.0,False,False,0.0,0.0,0,0,0,0.0,0.0,0.0,0.0,0.0,1,0.0
,academy_3_vs_1_with_keeper,123,collect_rollout,6331,0,23,0.0,False,False,0.0,0.0,0,0,0,0.0,0.0,0.0,0.0,0.0,1,0.0
,academy_3_vs_1_with_keeper,123,collect_rollout,6332,0,98,-0.34484499880636577,False,False,0.0,0.0,0,0,0,0.0,0.0,0.0,0.0,-0.34484499880636577,1,-0.34484499880636577
,academy_3_vs_1_with_keeper,123,collect_rollout,6333,0,22,0.0,False,False,0.0,0.0,0,0,0,0.0,0.0,0.0,0.0,0.0,1,0.0
,academy_3_vs_1_with_keeper,123,collect_rollout,6334,0,17,0.0,False,False,0.0,0.0,0,0,0,0.0,0.0,0.0,0.0,0.0,1,0.0
,academy_3_vs_1_with_keeper,123,collect_rollout,6335,0,16,0.0,False,False,0.0,0.0,0,0,0,0.0,0.0,0.0,0.0,0.0,1,0.0
,academy_3_vs_1_with_keeper,123,collect_rollout,6336,0,18,0.0,False,False,0.0,0.0,0,0,0,0.0,0.0,0.0,0.0,0.0,1,0.0
,academy_3_vs_1_with_keeper,123,collect_rollout,6337,0,17,0.0,False,False,0.0,0.0,0,0,0,0.0,0.0,0.0,0.0,0.0,1,0.0
,academy_3_vs_1_with_keeper,123,collect_rollout,6338,0,20,0.0,False,False,0.0,0.0,0,0,0,0.0,0.0,0.0,0.0,0.0,1,0.0
,academy_3_vs_1_with_keeper,123,collect_rollout,6339,0,19,0.0,False,False,0.0,0.0,0,0,0,0.0,0.0,0.0,0.0,0.0,1,0.0
,academy_3_vs_1_with_keeper,123,collect_rollout,6340,0,21,0.0,False,False,0.0,0.0,0,0,0,0.0,0.0,0.0,0.0,0.0,1,0.0
,academy_3_vs_1_with_keeper,123,collect_rollout,6341,0,19,0.0,False,False,0.0,0.0,0,0,0,0.0,0.0,0.0,0.0,0.0,1,0.0
,academy_3_vs_1_with_keeper,123,collect_rollout,6342,0,14,0.0,False,False,0.0,0.0,0,0,0,0.0,0.0,0.0,0.0,0.0,1,0.0
,academy_3_vs_1_with_keeper,123,collect_rollout,6343,0,19,-0.003333333181217313,False,False,0.0,0.0,0,0,0,0.0,0.0,0.0,0.0,-0.003333333181217313,1,-0.003333333181217313
,academy_3_vs_1_with_keeper,123,collect_rollout,6344,0,15,-0.003333333181217313,False,False,0.0,0.0,0,0,0,0.0,0.0,0.0,0.0,-0.003333333181217313,1,-0.003333333181217313
,academy_3_vs_1_with_keeper,123,collect_rollout,6345,0,20,0.0,False,False,0.0,0.0,0,0,0,0.0,0.0,0.0,0.0,0.0,1,0.0
,academy_3_vs_1_with_keeper,123,collect_rollout,6346,0,18,0.0,False,False,0.0,0.0,0,0,0,0.0,0.0,0.0,0.0,0.0,1,0.0
,academy_3_vs_1_with_keeper,123,collect_rollout,6347,0,14,0.0,False,False,0.0,0.0,0,0,0,0.0,0.0,0.0,0.0,0.0,1,0.0
,academy_3_vs_1_with_keeper,123,collect_rollout,6348,0,71,-0.10999999823980033,False,False,0.0,0.0,0,0,0,0.0,0.0,0.0,0.0,-0.10999999823980033,1,-0.10999999823980033
,academy_3_vs_1_with_keeper,123,collect_rollout,6349,0,19,0.0,False,False,0.0,0.0,0,0,0,0.0,0.0,0.0,0.0,0.0,1,0.0
,academy_3_vs_1_with_keeper,123,collect_rollout,6350,0,16,0.0,False,False,0.0,0.0,0,0,0,0.0,0.0,0.0,0.0,0.0,1,0.0
,academy_3_vs_1_with_keeper,123,collect_rollout,6351,0,19,0.0,False,False,0.0,0.0,0,0,0,0.0,0.0,0.0,0.0,0.0,1,0.0
,academy_3_vs_1_with_keeper,123,collect_rollout,6352,0,20,0.0,False,False,0.0,0.0,0,0,0,0.0,0.0,0.0,0.0,0.0,1,0.0
,academy_3_vs_1_with_keeper,123,collect_rollout,6353,0,21,0.0,False,False,0.0,0.0,0,0,0,0.0,0.0,0.0,0.0,0.0,1,0.0
,academy_3_vs_1_with_keeper,123,collect_rollout,6354,0,19,0.0,False,False,0.0,0.0,0,0,0,0.0,0.0,0.0,0.0,0.0,1,0.0
,academy_3_vs_1_with_keeper,123,collect_rollout,6355,0,14,0.0,False,False,0.0,0.0,0,0,0,0.0,0.0,0.0,0.0,0.0,1,0.0
,academy_3_vs_1_with_keeper,123,collect_rollout,6356,0,22,0.0,False,False,0.0,0.0,0,0,0,0.0,0.0,0.0,0.0,0.0,1,0.0
,academy_3_vs_1_with_keeper,123,collect_rollout,6357,0,20,0.0,False,False,0.0,0.0,0,0,0,0.0,0.0,0.0,0.0,0.0,1,0.0
,academy_3_vs_1_with_keeper,123,collect_rollout,6358,0,18,-0.003333333181217313,False,False,0.0,0.0,0,0,0,0.0,0.0,0.0,0.0,-0.003333333181217313,1,-0.003333333181217313
,academy_3_vs_1_with_keeper,123,collect_rollout,6359,0,17,0.0,False,False,0.0,0.0,0,0,0,0.0,0.0,0.0,0.0,0.0,1,0.0
,academy_3_vs_1_with_keeper,123,collect_rollout,6360,0,21,0.0,False,False,0.0,0.0,0,0,0,0.0,0.0,0.0,0.0,0.0,1,0.0
,academy_3_vs_1_with_keeper,123,collect_rollout,6361,0,19,0.0,False,False,0.0,0.0,0,0,0,0.0,0.0,0.0,0.0,0.0,1,0.0
,academy_3_vs_1_with_keeper,123,collect_rollout,6362,0,21,0.0,False,False,0.0,0.0,0,0,0,0.0,0.0,0.0,0.0,0.0,1,0.0
,academy_3_vs_1_with_keeper,123,collect_rollout,6363,0,16,0.0,False,False,0.0,0.0,0,0,0,0.0,0.0,0.0,0.0,0.0,1,0.0
,academy_3_vs_1_with_keeper,123,collect_rollout,6364,0,21,0.0,False,False,0.0,0.0,0,0,0,0.0,0.0,0.0,0.0,0.0,1,0.0
,academy_3_vs_1_with_keeper,123,collect_rollout,6365,0,17,-0.003333333181217313,False,False,0.0,0.0,0,0,0,0.0,0.0,0.0,0.0,-0.003333333181217313,1,-0.003333333181217313
,academy_3_vs_1_with_keeper,123,collect_rollout,6366,0,19,0.0,False,False,0.0,0.0,0,0,0,0.0,0.0,0.0,0.0,0.0,1,0.0
,academy_3_vs_1_with_keeper,123,collect_rollout,6367,0,16,0.0,False,False,0.0,0.0,0,0,0,0.0,0.0,0.0,0.0,0.0,1,0.0
,academy_3_vs_1_with_keeper,123,collect_rollout,6368,0,18,0.0,False,False,0.0,0.0,0,0,0,0.0,0.0,0.0,0.0,0.0,1,0.0
,academy_3_vs_1_with_keeper,123,collect_rollout,6369,0,21,0.0,False,False,0.0,0.0,0,0,0,0.0,0.0,0.0,0.0,0.0,1,0.0
,academy_3_vs_1_with_keeper,123,collect_rollout,6370,0,20,0.0,False,False,0.0,0.0,0,0,0,0.0,0.0,0.0,0.0,0.0,1,0.0
,academy_3_vs_1_with_keeper,123,collect_rollout,6371,0,19,0.0,False,False,0.0,0.0,0,0,0,0.0,0.0,0.0,0.0,0.0,1,0.0
,academy_3_vs_1_with_keeper,123,collect_rollout,6372,0,21,0.0,False,False,0.0,0.0,0,0,0,0.0,0.0,0.0,0.0,0.0,1,0.0
,academy_3_vs_1_with_keeper,123,collect_rollout,6373,0,21,0.0,False,False,0.0,0.0,0,0,0,0.0,0.0,0.0,0.0,0.0,1,0.0
,academy_3_vs_1_with_keeper,123,collect_rollout,6374,0,18,0.0,False,False,0.0,0.0,0,0,0,0.0,0.0,0.0,0.0,0.0,1,0.0
,academy_3_vs_1_with_keeper,123,collect_rollout,6375,0,16,0.0,False,False,0.0,0.0,0,0,0,0.0,0.0,0.0,0.0,0.0,1,0.0
,academy_3_vs_1_with_keeper,123,collect_rollout,6376,0,94,-0.3480339306406677,False,False,0.0,0.0,0,0,0,0.0,0.0,0.0,0.0,-0.3480339306406677,1,-0.3480339306406677
,academy_3_vs_1_with_keeper,123,collect_rollout,6377,0,20,0.0,False,False,0.0,0.0,0,0,0,0.0,0.0,0.0,0.0,0.0,1,0.0
,academy_3_vs_1_with_keeper,123,collect_rollout,6378,0,17,0.0,False,False,0.0,0.0,0,0,0,0.0,0.0,0.0,0.0,0.0,1,0.0
,academy_3_vs_1_with_keeper,123,collect_rollout,6379,0,21,0.0,False,False,0.0,0.0,0,0,0,0.0,0.0,0.0,0.0,0.0,1,0.0
,academy_3_vs_1_with_keeper,123,collect_rollout,6380,0,15,0.0,False,False,0.0,0.0,0,0,0,0.0,0.0,0.0,0.0,0.0,1,0.0
,academy_3_vs_1_with_keeper,123,collect_rollout,6381,0,18,0.0,False,False,0.0,0.0,0,0,0,0.0,0.0,0.0,0.0,0.0,1,0.0
,academy_3_vs_1_with_keeper,123,collect_rollout,6382,0,132,-0.4411602031905204,False,False,0.0,0.0,0,0,0,0.0,0.0,0.0,0.0,-0.4411602031905204,1,-0.4411602031905204
,academy_3_vs_1_with_keeper,123,collect_rollout,6383,0,19,0.0,False,False,0.0,0.0,0,0,0,0.0,0.0,0.0,0.0,0.0,1,0.0
,academy_3_vs_1_with_keeper,123,collect_rollout,6384,0,15,0.0,False,False,0.0,0.0,0,0,0,0.0,0.0,0.0,0.0,0.0,1,0.0
,academy_3_vs_1_with_keeper,123,collect_rollout,6385,0,17,-0.003333333181217313,False,False,0.0,0.0,0,0,0,0.0,0.0,0.0,0.0,-0.003333333181217313,1,-0.003333333181217313
,academy_3_vs_1_with_keeper,123,collect_rollout,6386,0,20,0.0,False,False,0.0,0.0,0,0,0,0.0,0.0,0.0,0.0,0.0,1,0.0
,academy_3_vs_1_with_keeper,123,collect_rollout,6387,0,19,0.0,False,False,0.0,0.0,0,0,0,0.0,0.0,0.0,0.0,0.0,1,0.0
,academy_3_vs_1_with_keeper,123,collect_rollout,6388,0,17,0.0,False,False,0.0,0.0,0,0,0,0.0,0.0,0.0,0.0,0.0,1,0.0
,academy_3_vs_1_with_keeper,123,collect_rollout,6389,0,21,0.0,False,False,0.0,0.0,0,0,0,0.0,0.0,0.0,0.0,0.0,1,0.0
,academy_3_vs_1_with_keeper,123,collect_rollout,6390,0,23,0.0,False,False,0.0,0.0,0,0,0,0.0,0.0,0.0,0.0,0.0,1,0.0
,academy_3_vs_1_with_keeper,123,collect_rollout,6391,0,19,0.0,False,False,0.0,0.0,0,0,0,0.0,0.0,0.0,0.0,0.0,1,0.0
,academy_3_vs_1_with_keeper,123,collect_rollout,6392,0,16,0.0,False,False,0.0,0.0,0,0,0,0.0,0.0,0.0,0.0,0.0,1,0.0
,academy_3_vs_1_with_keeper,123,collect_rollout,6393,0,24,0.0,False,False,0.0,0.0,0,0,0,0.0,0.0,0.0,0.0,0.0,1,0.0
,academy_3_vs_1_with_keeper,123,collect_rollout,6394,0,22,0.0,False,False,0.0,0.0,0,0,0,0.0,0.0,0.0,0.0,0.0,1,0.0
,academy_3_vs_1_with_keeper,123,collect_rollout,6395,0,107,-0.2157556319143623,False,False,0.0,0.0,0,0,0,0.0,0.0,0.0,0.0,-0.2157556319143623,1,-0.2157556319143623
,academy_3_vs_1_with_keeper,123,collect_rollout,6396,0,21,0.0,False,False,0.0,0.0,0,0,0,0.0,0.0,0.0,0.0,0.0,1,0.0
,academy_3_vs_1_with_keeper,123,collect_rollout,6397,0,18,-0.003333333181217313,False,False,0.0,0.0,0,0,0,0.0,0.0,0.0,0.0,-0.003333333181217313,1,-0.003333333181217313
,academy_3_vs_1_with_keeper,123,collect_rollout,6398,0,18,0.0,False,False,0.0,0.0,0,0,0,0.0,0.0,0.0,0.0,0.0,1,0.0
,academy_3_vs_1_with_keeper,123,collect_rollout,6399,0,17,-0.003333333181217313,False,False,0.0,0.0,0,0,0,0.0,0.0,0.0,0.0,-0.003333333181217313,1,-0.003333333181217313
,academy_3_vs_1_with_keeper,123,collect_rollout,6400,0,16,0.0,False,False,0.0,0.0,0,0,0,0.0,0.0,0.0,0.0,0.0,1,0.0
,academy_3_vs_1_with_keeper,123,collect_rollout,6401,0,17,0.0,False,False,0.0,0.0,0,0,0,0.0,0.0,0.0,0.0,0.0,1,0.0
,academy_3_vs_1_with_keeper,123,collect_rollout,6402,0,13,0.0,False,False,0.0,0.0,0,0,0,0.0,0.0,0.0,0.0,0.0,1,0.0
,academy_3_vs_1_with_keeper,123,collect_rollout,6403,0,22,0.0,False,False,0.0,0.0,0,0,0,0.0,0.0,0.0,0.0,0.0,1,0.0
,academy_3_vs_1_with_keeper,123,collect_rollout,6404,0,17,0.0,False,False,0.0,0.0,0,0,0,0.0,0.0,0.0,0.0,0.0,1,0.0
,academy_3_vs_1_with_keeper,123,collect_rollout,6405,0,19,0.0,False,False,0.0,0.0,0,0,0,0.0,0.0,0.0,0.0,0.0,1,0.0
,academy_3_vs_1_with_keeper,123,collect_rollout,6406,0,16,0.0,False,False,0.0,0.0,0,0,0,0.0,0.0,0.0,0.0,0.0,1,0.0
,academy_3_vs_1_with_keeper,123,collect_rollout,6407,0,18,0.0,False,False,0.0,0.0,0,0,0,0.0,0.0,0.0,0.0,0.0,1,0.0
,academy_3_vs_1_with_keeper,123,collect_rollout,6408,0,18,0.0,False,False,0.0,0.0,0,0,0,0.0,0.0,0.0,0.0,0.0,1,0.0
,academy_3_vs_1_with_keeper,123,collect_rollout,6409,0,16,0.0,False,False,0.0,0.0,0,0,0,0.0,0.0,0.0,0.0,0.0,1,0.0
,academy_3_vs_1_with_keeper,123,collect_rollout,6410,0,24,0.0,False,False,0.0,0.0,0,0,0,0.0,0.0,0.0,0.0,0.0,1,0.0
,academy_3_vs_1_with_keeper,123,collect_rollout,6411,0,18,0.0,False,False,0.0,0.0,0,0,0,0.0,0.0,0.0,0.0,0.0,1,0.0
,academy_3_vs_1_with_keeper,123,collect_rollout,6412,0,17,0.0,False,False,0.0,0.0,0,0,0,0.0,0.0,0.0,0.0,0.0,1,0.0
,academy_3_vs_1_with_keeper,123,collect_rollout,6413,0,20,-0.003333333181217313,False,False,0.0,0.0,0,0,0,0.0,0.0,0.0,0.0,-0.003333333181217313,1,-0.003333333181217313
,academy_3_vs_1_with_keeper,123,collect_rollout,6414,0,18,0.0,False,False,0.0,0.0,0,0,0,0.0,0.0,0.0,0.0,0.0,1,0.0
,academy_3_vs_1_with_keeper,123,collect_rollout,6415,0,16,0.0,False,False,0.0,0.0,0,0,0,0.0,0.0,0.0,0.0,0.0,1,0.0
,academy_3_vs_1_with_keeper,123,collect_rollout,6416,0,21,0.0,False,False,0.0,0.0,0,0,0,0.0,0.0,0.0,0.0,0.0,1,0.0
,academy_3_vs_1_with_keeper,123,collect_rollout,6417,0,21,-0.003333333181217313,False,False,0.0,0.0,0,0,0,0.0,0.0,0.0,0.0,-0.003333333181217313,1,-0.003333333181217313
,academy_3_vs_1_with_keeper,123,collect_rollout,6418,0,22,0.0,False,False,0.0,0.0,0,0,0,0.0,0.0,0.0,0.0,0.0,1,0.0
,academy_3_vs_1_with_keeper,123,collect_rollout,6419,0,20,0.0,False,False,0.0,0.0,0,0,0,0.0,0.0,0.0,0.0,0.0,1,0.0
,academy_3_vs_1_with_keeper,123,collect_rollout,6420,0,13,0.0,False,False,0.0,0.0,0,0,0,0.0,0.0,0.0,0.0,0.0,1,0.0
,academy_3_vs_1_with_keeper,123,collect_rollout,6421,0,17,-0.003333333181217313,False,False,0.0,0.0,0,0,0,0.0,0.0,0.0,0.0,-0.003333333181217313,1,-0.003333333181217313
,academy_3_vs_1_with_keeper,123,collect_rollout,6422,0,19,0.0,False,False,0.0,0.0,0,0,0,0.0,0.0,0.0,0.0,0.0,1,0.0
,academy_3_vs_1_with_keeper,123,collect_rollout,6423,0,16,0.0,False,False,0.0,0.0,0,0,0,0.0,0.0,0.0,0.0,0.0,1,0.0
,academy_3_vs_1_with_keeper,123,collect_rollout,6424,0,17,0.0,False,False,0.0,0.0,0,0,0,0.0,0.0,0.0,0.0,0.0,1,0.0
,academy_3_vs_1_with_keeper,123,collect_rollout,6425,0,17,0.0,False,False,0.0,0.0,0,0,0,0.0,0.0,0.0,0.0,0.0,1,0.0
,academy_3_vs_1_with_keeper,123,collect_rollout,6426,0,18,0.0,False,False,0.0,0.0,0,0,0,0.0,0.0,0.0,0.0,0.0,1,0.0
,academy_3_vs_1_with_keeper,123,collect_rollout,6427,0,19,0.0,False,False,0.0,0.0,0,0,0,0.0,0.0,0.0,0.0,0.0,1,0.0
,academy_3_vs_1_with_keeper,123,collect_rollout,6428,0,18,0.0,False,False,0.0,0.0,0,0,0,0.0,0.0,0.0,0.0,0.0,1,0.0
,academy_3_vs_1_with_keeper,123,collect_rollout,6429,0,19,0.0,False,False,0.0,0.0,0,0,0,0.0,0.0,0.0,0.0,0.0,1,0.0
,academy_3_vs_1_with_keeper,123,collect_rollout,6430,0,19,0.0,False,False,0.0,0.0,0,0,0,0.0,0.0,0.0,0.0,0.0,1,0.0
,academy_3_vs_1_with_keeper,123,collect_rollout,6431,0,20,-0.003333333181217313,False,False,0.0,0.0,0,0,0,0.0,0.0,0.0,0.0,-0.003333333181217313,1,-0.003333333181217313
,academy_3_vs_1_with_keeper,123,collect_rollout,6432,0,20,0.0,False,False,0.0,0.0,0,0,0,0.0,0.0,0.0,0.0,0.0,1,0.0
,academy_3_vs_1_with_keeper,123,collect_rollout,6433,0,17,0.0,False,False,0.0,0.0,0,0,0,0.0,0.0,0.0,0.0,0.0,1,0.0
,academy_3_vs_1_with_keeper,123,collect_rollout,6434,0,19,0.0,False,False,0.0,0.0,0,0,0,0.0,0.0,0.0,0.0,0.0,1,0.0
,academy_3_vs_1_with_keeper,123,collect_rollout,6435,0,17,0.0,False,False,0.0,0.0,0,0,0,0.0,0.0,0.0,0.0,0.0,1,0.0
,academy_3_vs_1_with_keeper,123,collect_rollout,6436,0,14,0.0,False,False,0.0,0.0,0,0,0,0.0,0.0,0.0,0.0,0.0,1,0.0
,academy_3_vs_1_with_keeper,123,collect_rollout,6437,0,43,-0.028647628496401012,False,False,0.0,0.0,0,0,0,0.0,0.0,0.0,0.0,-0.028647628496401012,1,-0.028647628496401012
,academy_3_vs_1_with_keeper,123,collect_rollout,6438,0,21,0.0,False,False,0.0,0.0,0,0,0,0.0,0.0,0.0,0.0,0.0,1,0.0
,academy_3_vs_1_with_keeper,123,collect_rollout,6439,0,23,0.0,False,False,0.0,0.0,0,0,0,0.0,0.0,0.0,0.0,0.0,1,0.0
,academy_3_vs_1_with_keeper,123,collect_rollout,6440,0,20,0.0,False,False,0.0,0.0,0,0,0,0.0,0.0,0.0,0.0,0.0,1,0.0
,academy_3_vs_1_with_keeper,123,collect_rollout,6441,0,20,0.0,False,False,0.0,0.0,0,0,0,0.0,0.0,0.0,0.0,0.0,1,0.0
,academy_3_vs_1_with_keeper,123,collect_rollout,6442,0,18,0.0,False,False,0.0,0.0,0,0,0,0.0,0.0,0.0,0.0,0.0,1,0.0
,academy_3_vs_1_with_keeper,123,collect_rollout,6443,0,23,0.0,False,False,0.0,0.0,0,0,0,0.0,0.0,0.0,0.0,0.0,1,0.0
,academy_3_vs_1_with_keeper,123,collect_rollout,6444,0,18,0.0,False,False,0.0,0.0,0,0,0,0.0,0.0,0.0,0.0,0.0,1,0.0
,academy_3_vs_1_with_keeper,123,collect_rollout,6445,0,17,-0.003333333181217313,False,False,0.0,0.0,0,0,0,0.0,0.0,0.0,0.0,-0.003333333181217313,1,-0.003333333181217313
,academy_3_vs_1_with_keeper,123,collect_rollout,6446,0,18,-0.003333333181217313,False,False,0.0,0.0,0,0,0,0.0,0.0,0.0,0.0,-0.003333333181217313,1,-0.003333333181217313
,academy_3_vs_1_with_keeper,123,collect_rollout,6447,0,19,0.0,False,False,0.0,0.0,0,0,0,0.0,0.0,0.0,0.0,0.0,1,0.0
,academy_3_vs_1_with_keeper,123,collect_rollout,6448,0,23,0.0,False,False,0.0,0.0,0,0,0,0.0,0.0,0.0,0.0,0.0,1,0.0
,academy_3_vs_1_with_keeper,123,collect_rollout,6449,0,22,-0.003333333181217313,False,False,0.0,0.0,0,0,0,0.0,0.0,0.0,0.0,-0.003333333181217313,1,-0.003333333181217313
,academy_3_vs_1_with_keeper,123,collect_rollout,6450,0,18,0.0,False,False,0.0,0.0,0,0,0,0.0,0.0,0.0,0.0,0.0,1,0.0
,academy_3_vs_1_with_keeper,123,collect_rollout,6451,0,16,0.0,False,False,0.0,0.0,0,0,0,0.0,0.0,0.0,0.0,0.0,1,0.0
,academy_3_vs_1_with_keeper,123,collect_rollout,6452,0,23,0.0,False,False,0.0,0.0,0,0,0,0.0,0.0,0.0,0.0,0.0,1,0.0
,academy_3_vs_1_with_keeper,123,collect_rollout,6453,0,18,0.0,False,False,0.0,0.0,0,0,0,0.0,0.0,0.0,0.0,0.0,1,0.0
,academy_3_vs_1_with_keeper,123,collect_rollout,6454,0,23,0.0,False,False,0.0,0.0,0,0,0,0.0,0.0,0.0,0.0,0.0,1,0.0
,academy_3_vs_1_with_keeper,123,collect_rollout,6455,0,20,0.0,False,False,0.0,0.0,0,0,0,0.0,0.0,0.0,0.0,0.0,1,0.0
,academy_3_vs_1_with_keeper,123,collect_rollout,6456,0,15,0.0,False,False,0.0,0.0,0,0,0,0.0,0.0,0.0,0.0,0.0,1,0.0
,academy_3_vs_1_with_keeper,123,collect_rollout,6457,0,62,-0.16788064676802605,False,False,0.0,0.0,0,0,0,0.0,0.0,0.0,0.0,-0.16788064676802605,1,-0.16788064676802605
,academy_3_vs_1_with_keeper,123,collect_rollout,6458,0,21,0.0,False,False,0.0,0.0,0,0,0,0.0,0.0,0.0,0.0,0.0,1,0.0
,academy_3_vs_1_with_keeper,123,collect_rollout,6459,0,18,0.0,False,False,0.0,0.0,0,0,0,0.0,0.0,0.0,0.0,0.0,1,0.0
,academy_3_vs_1_with_keeper,123,collect_rollout,6460,0,17,0.0,False,False,0.0,0.0,0,0,0,0.0,0.0,0.0,0.0,0.0,1,0.0
,academy_3_vs_1_with_keeper,123,collect_rollout,6461,0,14,0.0,False,False,0.0,0.0,0,0,0,0.0,0.0,0.0,0.0,0.0,1,0.0
,academy_3_vs_1_with_keeper,123,collect_rollout,6462,0,15,0.0,False,False,0.0,0.0,0,0,0,0.0,0.0,0.0,0.0,0.0,1,0.0
,academy_3_vs_1_with_keeper,123,collect_rollout,6463,0,17,0.0,False,False,0.0,0.0,0,0,0,0.0,0.0,0.0,0.0,0.0,1,0.0
,academy_3_vs_1_with_keeper,123,collect_rollout,6464,0,18,0.0,False,False,0.0,0.0,0,0,0,0.0,0.0,0.0,0.0,0.0,1,0.0
,academy_3_vs_1_with_keeper,123,collect_rollout,6465,0,16,0.0,False,False,0.0,0.0,0,0,0,0.0,0.0,0.0,0.0,0.0,1,0.0
,academy_3_vs_1_with_keeper,123,collect_rollout,6466,0,21,0.0,False,False,0.0,0.0,0,0,0,0.0,0.0,0.0,0.0,0.0,1,0.0
,academy_3_vs_1_with_keeper,123,collect_rollout,6467,0,14,-0.003333333181217313,False,False,0.0,0.0,0,0,0,0.0,0.0,0.0,0.0,-0.003333333181217313,1,-0.003333333181217313
,academy_3_vs_1_with_keeper,123,collect_rollout,6468,0,13,0.0,False,False,0.0,0.0,0,0,0,0.0,0.0,0.0,0.0,0.0,1,0.0
,academy_3_vs_1_with_keeper,123,collect_rollout,6469,0,20,0.0,False,False,0.0,0.0,0,0,0,0.0,0.0,0.0,0.0,0.0,1,0.0
,academy_3_vs_1_with_keeper,123,collect_rollout,6470,0,17,0.0,False,False,0.0,0.0,0,0,0,0.0,0.0,0.0,0.0,0.0,1,0.0
,academy_3_vs_1_with_keeper,123,collect_rollout,6471,0,19,0.0,False,False,0.0,0.0,0,0,0,0.0,0.0,0.0,0.0,0.0,1,0.0
,academy_3_vs_1_with_keeper,123,collect_rollout,6472,0,22,0.0,False,False,0.0,0.0,0,0,0,0.0,0.0,0.0,0.0,0.0,1,0.0
,academy_3_vs_1_with_keeper,123,collect_rollout,6473,0,21,0.0,False,False,0.0,0.0,0,0,0,0.0,0.0,0.0,0.0,0.0,1,0.0
,academy_3_vs_1_with_keeper,123,collect_rollout,6474,0,19,-0.003333333181217313,False,False,0.0,0.0,0,0,0,0.0,0.0,0.0,0.0,-0.003333333181217313,1,-0.003333333181217313
,academy_3_vs_1_with_keeper,123,collect_rollout,6475,0,16,0.0,False,False,0.0,0.0,0,0,0,0.0,0.0,0.0,0.0,0.0,1,0.0
,academy_3_vs_1_with_keeper,123,collect_rollout,6476,0,20,0.0,False,False,0.0,0.0,0,0,0,0.0,0.0,0.0,0.0,0.0,1,0.0
,academy_3_vs_1_with_keeper,123,collect_rollout,6477,0,79,-0.08351723066880368,False,False,0.0,0.0,0,0,0,0.0,0.0,0.0,0.0,-0.08351723066880368,1,-0.08351723066880368
,academy_3_vs_1_with_keeper,123,collect_rollout,6478,0,18,0.0,False,False,0.0,0.0,0,0,0,0.0,0.0,0.0,0.0,0.0,1,0.0
,academy_3_vs_1_with_keeper,123,collect_rollout,6479,0,19,0.0,False,False,0.0,0.0,0,0,0,0.0,0.0,0.0,0.0,0.0,1,0.0
,academy_3_vs_1_with_keeper,123,collect_rollout,6480,0,19,0.0,False,False,0.0,0.0,0,0,0,0.0,0.0,0.0,0.0,0.0,1,0.0
,academy_3_vs_1_with_keeper,123,collect_rollout,6481,0,16,-0.003333333181217313,False,False,0.0,0.0,0,0,0,0.0,0.0,0.0,0.0,-0.003333333181217313,1,-0.003333333181217313
,academy_3_vs_1_with_keeper,123,collect_rollout,6482,0,18,0.0,False,False,0.0,0.0,0,0,0,0.0,0.0,0.0,0.0,0.0,1,0.0
,academy_3_vs_1_with_keeper,123,collect_rollout,6483,0,24,0.0,False,False,0.0,0.0,0,0,0,0.0,0.0,0.0,0.0,0.0,1,0.0
,academy_3_vs_1_with_keeper,123,collect_rollout,6484,0,18,0.0,False,False,0.0,0.0,0,0,0,0.0,0.0,0.0,0.0,0.0,1,0.0
,academy_3_vs_1_with_keeper,123,collect_rollout,6485,0,20,0.0,False,False,0.0,0.0,0,0,0,0.0,0.0,0.0,0.0,0.0,1,0.0
,academy_3_vs_1_with_keeper,123,collect_rollout,6486,0,19,0.0,False,False,0.0,0.0,0,0,0,0.0,0.0,0.0,0.0,0.0,1,0.0
,academy_3_vs_1_with_keeper,123,collect_rollout,6487,0,17,0.0,False,False,0.0,0.0,0,0,0,0.0,0.0,0.0,0.0,0.0,1,0.0
,academy_3_vs_1_with_keeper,123,collect_rollout,6488,0,19,-0.003333333181217313,False,False,0.0,0.0,0,0,0,0.0,0.0,0.0,0.0,-0.003333333181217313,1,-0.003333333181217313
,academy_3_vs_1_with_keeper,123,collect_rollout,6489,0,15,0.0,False,False,0.0,0.0,0,0,0,0.0,0.0,0.0,0.0,0.0,1,0.0
,academy_3_vs_1_with_keeper,123,collect_rollout,6490,0,14,0.0,False,False,0.0,0.0,0,0,0,0.0,0.0,0.0,0.0,0.0,1,0.0
,academy_3_vs_1_with_keeper,123,collect_rollout,6491,0,15,0.0,False,False,0.0,0.0,0,0,0,0.0,0.0,0.0,0.0,0.0,1,0.0
,academy_3_vs_1_with_keeper,123,collect_rollout,6492,0,17,0.0,False,False,0.0,0.0,0,0,0,0.0,0.0,0.0,0.0,0.0,1,0.0
,academy_3_vs_1_with_keeper,123,collect_rollout,6493,0,22,0.0,False,False,0.0,0.0,0,0,0,0.0,0.0,0.0,0.0,0.0,1,0.0
,academy_3_vs_1_with_keeper,123,collect_rollout,6494,0,19,0.0,False,False,0.0,0.0,0,0,0,0.0,0.0,0.0,0.0,0.0,1,0.0
,academy_3_vs_1_with_keeper,123,collect_rollout,6495,0,14,0.0,False,False,0.0,0.0,0,0,0,0.0,0.0,0.0,0.0,0.0,1,0.0
,academy_3_vs_1_with_keeper,123,collect_rollout,6496,0,19,0.0,False,False,0.0,0.0,0,0,0,0.0,0.0,0.0,0.0,0.0,1,0.0
,academy_3_vs_1_with_keeper,123,collect_rollout,6497,0,22,0.0,False,False,0.0,0.0,0,0,0,0.0,0.0,0.0,0.0,0.0,1,0.0
,academy_3_vs_1_with_keeper,123,collect_rollout,6498,0,19,0.0,False,False,0.0,0.0,0,0,0,0.0,0.0,0.0,0.0,0.0,1,0.0
,academy_3_vs_1_with_keeper,123,collect_rollout,6499,0,22,0.0,False,False,0.0,0.0,0,0,0,0.0,0.0,0.0,0.0,0.0,1,0.0
,academy_3_vs_1_with_keeper,123,collect_rollout,6500,0,19,0.0,False,False,0.0,0.0,0,0,0,0.0,0.0,0.0,0.0,0.0,1,0.0
,academy_3_vs_1_with_keeper,123,collect_rollout,6501,0,20,0.0,False,False,0.0,0.0,0,0,0,0.0,0.0,0.0,0.0,0.0,1,0.0
,academy_3_vs_1_with_keeper,123,collect_rollout,6502,0,38,-0.04669362970162183,False,False,0.0,0.0,0,0,0,0.0,0.0,0.0,0.0,-0.04669362970162183,1,-0.04669362970162183
,academy_3_vs_1_with_keeper,123,collect_rollout,6503,0,18,0.0,False,False,0.0,0.0,0,0,0,0.0,0.0,0.0,0.0,0.0,1,0.0
,academy_3_vs_1_with_keeper,123,collect_rollout,6504,0,17,0.0,False,False,0.0,0.0,0,0,0,0.0,0.0,0.0,0.0,0.0,1,0.0
,academy_3_vs_1_with_keeper,123,collect_rollout,6505,0,17,0.0,False,False,0.0,0.0,0,0,0,0.0,0.0,0.0,0.0,0.0,1,0.0
,academy_3_vs_1_with_keeper,123,collect_rollout,6506,0,83,-0.09389509866014123,False,False,0.0,0.0,0,0,0,0.0,0.0,0.0,0.0,-0.09389509866014123,1,-0.09389509866014123
,academy_3_vs_1_with_keeper,123,collect_rollout,6507,0,18,0.0,False,False,0.0,0.0,0,0,0,0.0,0.0,0.0,0.0,0.0,1,0.0
,academy_3_vs_1_with_keeper,123,collect_rollout,6508,0,22,0.0,False,False,0.0,0.0,0,0,0,0.0,0.0,0.0,0.0,0.0,1,0.0
,academy_3_vs_1_with_keeper,123,collect_rollout,6509,0,23,0.0,False,False,0.0,0.0,0,0,0,0.0,0.0,0.0,0.0,0.0,1,0.0
,academy_3_vs_1_with_keeper,123,collect_rollout,6510,0,19,0.0,False,False,0.0,0.0,0,0,0,0.0,0.0,0.0,0.0,0.0,1,0.0
,academy_3_vs_1_with_keeper,123,collect_rollout,6511,0,17,0.0,False,False,0.0,0.0,0,0,0,0.0,0.0,0.0,0.0,0.0,1,0.0
,academy_3_vs_1_with_keeper,123,collect_rollout,6512,0,17,0.0,False,False,0.0,0.0,0,0,0,0.0,0.0,0.0,0.0,0.0,1,0.0
,academy_3_vs_1_with_keeper,123,collect_rollout,6513,0,21,0.0,False,False,0.0,0.0,0,0,0,0.0,0.0,0.0,0.0,0.0,1,0.0
,academy_3_vs_1_with_keeper,123,collect_rollout,6514,0,23,0.0,False,False,0.0,0.0,0,0,0,0.0,0.0,0.0,0.0,0.0,1,0.0
,academy_3_vs_1_with_keeper,123,collect_rollout,6515,0,17,0.0,False,False,0.0,0.0,0,0,0,0.0,0.0,0.0,0.0,0.0,1,0.0
,academy_3_vs_1_with_keeper,123,collect_rollout,6516,0,14,-0.003333333181217313,False,False,0.0,0.0,0,0,0,0.0,0.0,0.0,0.0,-0.003333333181217313,1,-0.003333333181217313
,academy_3_vs_1_with_keeper,123,collect_rollout,6517,0,16,0.0,False,False,0.0,0.0,0,0,0,0.0,0.0,0.0,0.0,0.0,1,0.0
,academy_3_vs_1_with_keeper,123,collect_rollout,6518,0,24,0.0,False,False,0.0,0.0,0,0,0,0.0,0.0,0.0,0.0,0.0,1,0.0
,academy_3_vs_1_with_keeper,123,collect_rollout,6519,0,22,0.0,False,False,0.0,0.0,0,0,0,0.0,0.0,0.0,0.0,0.0,1,0.0
,academy_3_vs_1_with_keeper,123,collect_rollout,6520,0,21,-0.003333333181217313,False,False,0.0,0.0,0,0,0,0.0,0.0,0.0,0.0,-0.003333333181217313,1,-0.003333333181217313
,academy_3_vs_1_with_keeper,123,collect_rollout,6521,0,18,-0.003333333181217313,False,False,0.0,0.0,0,0,0,0.0,0.0,0.0,0.0,-0.003333333181217313,1,-0.003333333181217313
,academy_3_vs_1_with_keeper,123,collect_rollout,6522,0,20,0.0,False,False,0.0,0.0,0,0,0,0.0,0.0,0.0,0.0,0.0,1,0.0
,academy_3_vs_1_with_keeper,123,collect_rollout,6523,0,19,0.0,False,False,0.0,0.0,0,0,0,0.0,0.0,0.0,0.0,0.0,1,0.0
,academy_3_vs_1_with_keeper,123,collect_rollout,6524,0,18,0.0,False,False,0.0,0.0,0,0,0,0.0,0.0,0.0,0.0,0.0,1,0.0
,academy_3_vs_1_with_keeper,123,collect_rollout,6525,0,15,0.0,False,False,0.0,0.0,0,0,0,0.0,0.0,0.0,0.0,0.0,1,0.0
,academy_3_vs_1_with_keeper,123,collect_rollout,6526,0,20,0.0,False,False,0.0,0.0,0,0,0,0.0,0.0,0.0,0.0,0.0,1,0.0
,academy_3_vs_1_with_keeper,123,collect_rollout,6527,0,17,0.0,False,False,0.0,0.0,0,0,0,0.0,0.0,0.0,0.0,0.0,1,0.0
,academy_3_vs_1_with_keeper,123,collect_rollout,6528,0,18,0.0,False,False,0.0,0.0,0,0,0,0.0,0.0,0.0,0.0,0.0,1,0.0
,academy_3_vs_1_with_keeper,123,collect_rollout,6529,0,19,0.0,False,False,0.0,0.0,0,0,0,0.0,0.0,0.0,0.0,0.0,1,0.0
,academy_3_vs_1_with_keeper,123,collect_rollout,6530,0,14,0.0,False,False,0.0,0.0,0,0,0,0.0,0.0,0.0,0.0,0.0,1,0.0
,academy_3_vs_1_with_keeper,123,collect_rollout,6531,0,19,0.0,False,False,0.0,0.0,0,0,0,0.0,0.0,0.0,0.0,0.0,1,0.0
,academy_3_vs_1_with_keeper,123,collect_rollout,6532,0,18,0.0,False,False,0.0,0.0,0,0,0,0.0,0.0,0.0,0.0,0.0,1,0.0
,academy_3_vs_1_with_keeper,123,collect_rollout,6533,0,16,0.0,False,False,0.0,0.0,0,0,0,0.0,0.0,0.0,0.0,0.0,1,0.0
,academy_3_vs_1_with_keeper,123,collect_rollout,6534,0,18,0.0,False,False,0.0,0.0,0,0,0,0.0,0.0,0.0,0.0,0.0,1,0.0
,academy_3_vs_1_with_keeper,123,collect_rollout,6535,0,153,-0.07974709756672382,False,False,0.0,0.0,0,0,0,0.0,0.0,0.0,0.0,-0.07974709756672382,1,-0.07974709756672382
,academy_3_vs_1_with_keeper,123,collect_rollout,6536,0,17,0.0,False,False,0.0,0.0,0,0,0,0.0,0.0,0.0,0.0,0.0,1,0.0
,academy_3_vs_1_with_keeper,123,collect_rollout,6537,0,78,-0.3669435544870794,False,False,0.0,0.0,0,0,0,0.0,0.0,0.0,0.0,-0.3669435544870794,1,-0.3669435544870794
,academy_3_vs_1_with_keeper,123,collect_rollout,6538,0,20,0.0,False,False,0.0,0.0,0,0,0,0.0,0.0,0.0,0.0,0.0,1,0.0
,academy_3_vs_1_with_keeper,123,collect_rollout,6539,0,19,-0.003333333181217313,False,False,0.0,0.0,0,0,0,0.0,0.0,0.0,0.0,-0.003333333181217313,1,-0.003333333181217313
,academy_3_vs_1_with_keeper,123,collect_rollout,6540,0,17,0.0,False,False,0.0,0.0,0,0,0,0.0,0.0,0.0,0.0,0.0,1,0.0
,academy_3_vs_1_with_keeper,123,collect_rollout,6541,0,22,0.0,False,False,0.0,0.0,0,0,0,0.0,0.0,0.0,0.0,0.0,1,0.0
,academy_3_vs_1_with_keeper,123,collect_rollout,6542,0,21,0.0,False,False,0.0,0.0,0,0,0,0.0,0.0,0.0,0.0,0.0,1,0.0
,academy_3_vs_1_with_keeper,123,collect_rollout,6543,0,17,0.0,False,False,0.0,0.0,0,0,0,0.0,0.0,0.0,0.0,0.0,1,0.0
,academy_3_vs_1_with_keeper,123,collect_rollout,6544,0,19,0.0,False,False,0.0,0.0,0,0,0,0.0,0.0,0.0,0.0,0.0,1,0.0
,academy_3_vs_1_with_keeper,123,collect_rollout,6545,0,18,0.0,False,False,0.0,0.0,0,0,0,0.0,0.0,0.0,0.0,0.0,1,0.0
,academy_3_vs_1_with_keeper,123,collect_rollout,6546,0,18,0.0,False,False,0.0,0.0,0,0,0,0.0,0.0,0.0,0.0,0.0,1,0.0
,academy_3_vs_1_with_keeper,123,collect_rollout,6547,0,23,0.0,False,False,0.0,0.0,0,0,0,0.0,0.0,0.0,0.0,0.0,1,0.0
,academy_3_vs_1_with_keeper,123,collect_rollout,6548,0,19,0.0,False,False,0.0,0.0,0,0,0,0.0,0.0,0.0,0.0,0.0,1,0.0
,academy_3_vs_1_with_keeper,123,collect_rollout,6549,0,18,0.0,False,False,0.0,0.0,0,0,0,0.0,0.0,0.0,0.0,0.0,1,0.0
,academy_3_vs_1_with_keeper,123,collect_rollout,6550,0,18,0.0,False,False,0.0,0.0,0,0,0,0.0,0.0,0.0,0.0,0.0,1,0.0
,academy_3_vs_1_with_keeper,123,collect_rollout,6551,0,19,0.0,False,False,0.0,0.0,0,0,0,0.0,0.0,0.0,0.0,0.0,1,0.0
,academy_3_vs_1_with_keeper,123,collect_rollout,6552,0,16,0.0,False,False,0.0,0.0,0,0,0,0.0,0.0,0.0,0.0,0.0,1,0.0
,academy_3_vs_1_with_keeper,123,collect_rollout,6553,0,20,0.0,False,False,0.0,0.0,0,0,0,0.0,0.0,0.0,0.0,0.0,1,0.0
,academy_3_vs_1_with_keeper,123,collect_rollout,6554,0,22,0.0,False,False,0.0,0.0,0,0,0,0.0,0.0,0.0,0.0,0.0,1,0.0
,academy_3_vs_1_with_keeper,123,collect_rollout,6555,0,20,0.0,False,False,0.0,0.0,0,0,0,0.0,0.0,0.0,0.0,0.0,1,0.0
,academy_3_vs_1_with_keeper,123,collect_rollout,6556,0,18,0.0,False,False,0.0,0.0,0,0,0,0.0,0.0,0.0,0.0,0.0,1,0.0
,academy_3_vs_1_with_keeper,123,collect_rollout,6557,0,42,0.03325784590560943,False,False,0.0,0.0,0,0,0,0.0,0.0,0.0,0.0,0.03325784590560943,1,0.03325784590560943
,academy_3_vs_1_with_keeper,123,collect_rollout,6558,0,19,-0.003333333181217313,False,False,0.0,0.0,0,0,0,0.0,0.0,0.0,0.0,-0.003333333181217313,1,-0.003333333181217313
,academy_3_vs_1_with_keeper,123,collect_rollout,6559,0,20,-0.003333333181217313,False,False,0.0,0.0,0,0,0,0.0,0.0,0.0,0.0,-0.003333333181217313,1,-0.003333333181217313
,academy_3_vs_1_with_keeper,123,collect_rollout,6560,0,19,-0.003333333181217313,False,False,0.0,0.0,0,0,0,0.0,0.0,0.0,0.0,-0.003333333181217313,1,-0.003333333181217313
,academy_3_vs_1_with_keeper,123,collect_rollout,6561,0,18,0.0,False,False,0.0,0.0,0,0,0,0.0,0.0,0.0,0.0,0.0,1,0.0
,academy_3_vs_1_with_keeper,123,collect_rollout,6562,0,16,0.0,False,False,0.0,0.0,0,0,0,0.0,0.0,0.0,0.0,0.0,1,0.0
,academy_3_vs_1_with_keeper,123,collect_rollout,6563,0,22,0.0,False,False,0.0,0.0,0,0,0,0.0,0.0,0.0,0.0,0.0,1,0.0
,academy_3_vs_1_with_keeper,123,collect_rollout,6564,0,18,0.0,False,False,0.0,0.0,0,0,0,0.0,0.0,0.0,0.0,0.0,1,0.0
,academy_3_vs_1_with_keeper,123,collect_rollout,6565,0,22,0.0,False,False,0.0,0.0,0,0,0,0.0,0.0,0.0,0.0,0.0,1,0.0
,academy_3_vs_1_with_keeper,123,collect_rollout,6566,0,24,0.0,False,False,0.0,0.0,0,0,0,0.0,0.0,0.0,0.0,0.0,1,0.0
,academy_3_vs_1_with_keeper,123,collect_rollout,6567,0,24,0.0,False,False,0.0,0.0,0,0,0,0.0,0.0,0.0,0.0,0.0,1,0.0
,academy_3_vs_1_with_keeper,123,collect_rollout,6568,0,18,0.0,False,False,0.0,0.0,0,0,0,0.0,0.0,0.0,0.0,0.0,1,0.0
,academy_3_vs_1_with_keeper,123,collect_rollout,6569,0,21,0.0,False,False,0.0,0.0,0,0,0,0.0,0.0,0.0,0.0,0.0,1,0.0
,academy_3_vs_1_with_keeper,123,collect_rollout,6570,0,19,0.0,False,False,0.0,0.0,0,0,0,0.0,0.0,0.0,0.0,0.0,1,0.0
,academy_3_vs_1_with_keeper,123,collect_rollout,6571,0,95,0.00292996596544981,False,False,0.0,0.0,0,0,0,0.0,0.0,0.0,0.0,0.00292996596544981,1,0.00292996596544981
,academy_3_vs_1_with_keeper,123,collect_rollout,6572,0,18,0.0,False,False,0.0,0.0,0,0,0,0.0,0.0,0.0,0.0,0.0,1,0.0
,academy_3_vs_1_with_keeper,123,collect_rollout,6573,0,15,0.0,False,False,0.0,0.0,0,0,0,0.0,0.0,0.0,0.0,0.0,1,0.0
,academy_3_vs_1_with_keeper,123,collect_rollout,6574,0,149,-0.0766666664276272,False,False,0.0,0.0,0,0,0,0.0,0.0,0.0,0.0,-0.0766666664276272,1,-0.0766666664276272
,academy_3_vs_1_with_keeper,123,collect_rollout,6575,0,19,0.0,False,False,0.0,0.0,0,0,0,0.0,0.0,0.0,0.0,0.0,1,0.0
,academy_3_vs_1_with_keeper,123,collect_rollout,6576,0,21,-0.003333333181217313,False,False,0.0,0.0,0,0,0,0.0,0.0,0.0,0.0,-0.003333333181217313,1,-0.003333333181217313
,academy_3_vs_1_with_keeper,123,collect_rollout,6577,0,20,0.0,False,False,0.0,0.0,0,0,0,0.0,0.0,0.0,0.0,0.0,1,0.0
,academy_3_vs_1_with_keeper,123,collect_rollout,6578,0,46,-0.05856231617508456,False,False,0.0,0.0,0,0,0,0.0,0.0,0.0,0.0,-0.05856231617508456,1,-0.05856231617508456
,academy_3_vs_1_with_keeper,123,collect_rollout,6579,0,18,0.0,False,False,0.0,0.0,0,0,0,0.0,0.0,0.0,0.0,0.0,1,0.0
,academy_3_vs_1_with_keeper,123,collect_rollout,6580,0,20,0.0,False,False,0.0,0.0,0,0,0,0.0,0.0,0.0,0.0,0.0,1,0.0
,academy_3_vs_1_with_keeper,123,collect_rollout,6581,0,22,0.0,False,False,0.0,0.0,0,0,0,0.0,0.0,0.0,0.0,0.0,1,0.0
,academy_3_vs_1_with_keeper,123,collect_rollout,6582,0,20,0.0,False,False,0.0,0.0,0,0,0,0.0,0.0,0.0,0.0,0.0,1,0.0
,academy_3_vs_1_with_keeper,123,collect_rollout,6583,0,18,0.0,False,False,0.0,0.0,0,0,0,0.0,0.0,0.0,0.0,0.0,1,0.0
,academy_3_vs_1_with_keeper,123,collect_rollout,6584,0,14,0.0,False,False,0.0,0.0,0,0,0,0.0,0.0,0.0,0.0,0.0,1,0.0
,academy_3_vs_1_with_keeper,123,collect_rollout,6585,0,16,0.0,False,False,0.0,0.0,0,0,0,0.0,0.0,0.0,0.0,0.0,1,0.0
,academy_3_vs_1_with_keeper,123,collect_rollout,6586,0,17,0.0,False,False,0.0,0.0,0,0,0,0.0,0.0,0.0,0.0,0.0,1,0.0
,academy_3_vs_1_with_keeper,123,collect_rollout,6587,0,16,0.0,False,False,0.0,0.0,0,0,0,0.0,0.0,0.0,0.0,0.0,1,0.0
,academy_3_vs_1_with_keeper,123,collect_rollout,6588,0,21,0.0,False,False,0.0,0.0,0,0,0,0.0,0.0,0.0,0.0,0.0,1,0.0
,academy_3_vs_1_with_keeper,123,collect_rollout,6589,0,52,-0.13287471537478268,False,False,0.0,0.0,0,0,0,0.0,0.0,0.0,0.0,-0.13287471537478268,1,-0.13287471537478268
,academy_3_vs_1_with_keeper,123,collect_rollout,6590,0,18,0.0,False,False,0.0,0.0,0,0,0,0.0,0.0,0.0,0.0,0.0,1,0.0
,academy_3_vs_1_with_keeper,123,collect_rollout,6591,0,23,-0.003333333181217313,False,False,0.0,0.0,0,0,0,0.0,0.0,0.0,0.0,-0.003333333181217313,1,-0.003333333181217313
,academy_3_vs_1_with_keeper,123,collect_rollout,6592,0,17,0.0,False,False,0.0,0.0,0,0,0,0.0,0.0,0.0,0.0,0.0,1,0.0
,academy_3_vs_1_with_keeper,123,collect_rollout,6593,0,17,0.0,False,False,0.0,0.0,0,0,0,0.0,0.0,0.0,0.0,0.0,1,0.0
,academy_3_vs_1_with_keeper,123,collect_rollout,6594,0,18,0.0,False,False,0.0,0.0,0,0,0,0.0,0.0,0.0,0.0,0.0,1,0.0
,academy_3_vs_1_with_keeper,123,collect_rollout,6595,0,18,0.0,False,False,0.0,0.0,0,0,0,0.0,0.0,0.0,0.0,0.0,1,0.0
,academy_3_vs_1_with_keeper,123,collect_rollout,6596,0,17,0.0,False,False,0.0,0.0,0,0,0,0.0,0.0,0.0,0.0,0.0,1,0.0
,academy_3_vs_1_with_keeper,123,collect_rollout,6597,0,20,0.0,False,False,0.0,0.0,0,0,0,0.0,0.0,0.0,0.0,0.0,1,0.0
,academy_3_vs_1_with_keeper,123,collect_rollout,6598,0,18,0.0,False,False,0.0,0.0,0,0,0,0.0,0.0,0.0,0.0,0.0,1,0.0
,academy_3_vs_1_with_keeper,123,collect_rollout,6599,0,18,0.0,False,False,0.0,0.0,0,0,0,0.0,0.0,0.0,0.0,0.0,1,0.0
,academy_3_vs_1_with_keeper,123,collect_rollout,6600,0,17,0.0,False,False,0.0,0.0,0,0,0,0.0,0.0,0.0,0.0,0.0,1,0.0
,academy_3_vs_1_with_keeper,123,collect_rollout,6601,0,14,0.0,False,False,0.0,0.0,0,0,0,0.0,0.0,0.0,0.0,0.0,1,0.0
,academy_3_vs_1_with_keeper,123,collect_rollout,6602,0,20,-0.003333333181217313,False,False,0.0,0.0,0,0,0,0.0,0.0,0.0,0.0,-0.003333333181217313,1,-0.003333333181217313
,academy_3_vs_1_with_keeper,123,collect_rollout,6603,0,22,0.0,False,False,0.0,0.0,0,0,0,0.0,0.0,0.0,0.0,0.0,1,0.0
,academy_3_vs_1_with_keeper,123,collect_rollout,6604,0,15,-0.003333333181217313,False,False,0.0,0.0,0,0,0,0.0,0.0,0.0,0.0,-0.003333333181217313,1,-0.003333333181217313
,academy_3_vs_1_with_keeper,123,collect_rollout,6605,0,20,0.0,False,False,0.0,0.0,0,0,0,0.0,0.0,0.0,0.0,0.0,1,0.0
,academy_3_vs_1_with_keeper,123,collect_rollout,6606,0,22,0.0,False,False,0.0,0.0,0,0,0,0.0,0.0,0.0,0.0,0.0,1,0.0
,academy_3_vs_1_with_keeper,123,collect_rollout,6607,0,20,0.0,False,False,0.0,0.0,0,0,0,0.0,0.0,0.0,0.0,0.0,1,0.0
,academy_3_vs_1_with_keeper,123,collect_rollout,6608,0,51,-0.06204648017046566,False,False,0.0,0.0,0,0,0,0.0,0.0,0.0,0.0,-0.06204648017046566,1,-0.06204648017046566
,academy_3_vs_1_with_keeper,123,collect_rollout,6609,0,18,0.0,False,False,0.0,0.0,0,0,0,0.0,0.0,0.0,0.0,0.0,1,0.0
,academy_3_vs_1_with_keeper,123,collect_rollout,6610,0,19,0.0,False,False,0.0,0.0,0,0,0,0.0,0.0,0.0,0.0,0.0,1,0.0
,academy_3_vs_1_with_keeper,123,collect_rollout,6611,0,19,0.0,False,False,0.0,0.0,0,0,0,0.0,0.0,0.0,0.0,0.0,1,0.0
,academy_3_vs_1_with_keeper,123,collect_rollout,6612,0,19,0.0,False,False,0.0,0.0,0,0,0,0.0,0.0,0.0,0.0,0.0,1,0.0
,academy_3_vs_1_with_keeper,123,collect_rollout,6613,0,17,0.0,False,False,0.0,0.0,0,0,0,0.0,0.0,0.0,0.0,0.0,1,0.0
,academy_3_vs_1_with_keeper,123,collect_rollout,6614,0,20,0.0,False,False,0.0,0.0,0,0,0,0.0,0.0,0.0,0.0,0.0,1,0.0
,academy_3_vs_1_with_keeper,123,collect_rollout,6615,0,16,0.0,False,False,0.0,0.0,0,0,0,0.0,0.0,0.0,0.0,0.0,1,0.0
,academy_3_vs_1_with_keeper,123,collect_rollout,6616,0,17,0.0,False,False,0.0,0.0,0,0,0,0.0,0.0,0.0,0.0,0.0,1,0.0
,academy_3_vs_1_with_keeper,123,collect_rollout,6617,0,17,0.0,False,False,0.0,0.0,0,0,0,0.0,0.0,0.0,0.0,0.0,1,0.0
,academy_3_vs_1_with_keeper,123,collect_rollout,6618,0,112,-0.34062170979996154,False,False,0.0,0.0,0,0,0,0.0,0.0,0.0,0.0,-0.34062170979996154,1,-0.34062170979996154
,academy_3_vs_1_with_keeper,123,collect_rollout,6619,0,21,0.0,False,False,0.0,0.0,0,0,0,0.0,0.0,0.0,0.0,0.0,1,0.0
,academy_3_vs_1_with_keeper,123,collect_rollout,6620,0,17,0.0,False,False,0.0,0.0,0,0,0,0.0,0.0,0.0,0.0,0.0,1,0.0
,academy_3_vs_1_with_keeper,123,collect_rollout,6621,0,22,0.0,False,False,0.0,0.0,0,0,0,0.0,0.0,0.0,0.0,0.0,1,0.0
,academy_3_vs_1_with_keeper,123,collect_rollout,6622,0,17,0.0,False,False,0.0,0.0,0,0,0,0.0,0.0,0.0,0.0,0.0,1,0.0
,academy_3_vs_1_with_keeper,123,collect_rollout,6623,0,16,0.0,False,False,0.0,0.0,0,0,0,0.0,0.0,0.0,0.0,0.0,1,0.0
,academy_3_vs_1_with_keeper,123,collect_rollout,6624,0,19,0.0,False,False,0.0,0.0,0,0,0,0.0,0.0,0.0,0.0,0.0,1,0.0
,academy_3_vs_1_with_keeper,123,collect_rollout,6625,0,18,0.0,False,False,0.0,0.0,0,0,0,0.0,0.0,0.0,0.0,0.0,1,0.0
,academy_3_vs_1_with_keeper,123,collect_rollout,6626,0,22,-0.003333333181217313,False,False,0.0,0.0,0,0,0,0.0,0.0,0.0,0.0,-0.003333333181217313,1,-0.003333333181217313
,academy_3_vs_1_with_keeper,123,collect_rollout,6627,0,22,0.0,False,False,0.0,0.0,0,0,0,0.0,0.0,0.0,0.0,0.0,1,0.0
,academy_3_vs_1_with_keeper,123,collect_rollout,6628,0,20,0.0,False,False,0.0,0.0,0,0,0,0.0,0.0,0.0,0.0,0.0,1,0.0
,academy_3_vs_1_with_keeper,123,collect_rollout,6629,0,22,0.0,False,False,0.0,0.0,0,0,0,0.0,0.0,0.0,0.0,0.0,1,0.0
,academy_3_vs_1_with_keeper,123,collect_rollout,6630,0,22,0.0,False,False,0.0,0.0,0,0,0,0.0,0.0,0.0,0.0,0.0,1,0.0
,academy_3_vs_1_with_keeper,123,collect_rollout,6631,0,67,-0.16868806653656065,False,False,0.0,0.0,0,0,0,0.0,0.0,0.0,0.0,-0.16868806653656065,1,-0.16868806653656065
,academy_3_vs_1_with_keeper,123,collect_rollout,6632,0,18,0.0,False,False,0.0,0.0,0,0,0,0.0,0.0,0.0,0.0,0.0,1,0.0
,academy_3_vs_1_with_keeper,123,collect_rollout,6633,0,21,0.0,False,False,0.0,0.0,0,0,0,0.0,0.0,0.0,0.0,0.0,1,0.0
,academy_3_vs_1_with_keeper,123,collect_rollout,6634,0,17,0.0,False,False,0.0,0.0,0,0,0,0.0,0.0,0.0,0.0,0.0,1,0.0
,academy_3_vs_1_with_keeper,123,collect_rollout,6635,0,17,0.0,False,False,0.0,0.0,0,0,0,0.0,0.0,0.0,0.0,0.0,1,0.0
,academy_3_vs_1_with_keeper,123,collect_rollout,6636,0,15,0.0,False,False,0.0,0.0,0,0,0,0.0,0.0,0.0,0.0,0.0,1,0.0
,academy_3_vs_1_with_keeper,123,collect_rollout,6637,0,17,0.0,False,False,0.0,0.0,0,0,0,0.0,0.0,0.0,0.0,0.0,1,0.0
,academy_3_vs_1_with_keeper,123,collect_rollout,6638,0,18,0.0,False,False,0.0,0.0,0,0,0,0.0,0.0,0.0,0.0,0.0,1,0.0
,academy_3_vs_1_with_keeper,123,collect_rollout,6639,0,14,0.0,False,False,0.0,0.0,0,0,0,0.0,0.0,0.0,0.0,0.0,1,0.0
,academy_3_vs_1_with_keeper,123,collect_rollout,6640,0,17,0.0,False,False,0.0,0.0,0,0,0,0.0,0.0,0.0,0.0,0.0,1,0.0
,academy_3_vs_1_with_keeper,123,collect_rollout,6641,0,18,0.0,False,False,0.0,0.0,0,0,0,0.0,0.0,0.0,0.0,0.0,1,0.0
,academy_3_vs_1_with_keeper,123,collect_rollout,6642,0,18,0.0,False,False,0.0,0.0,0,0,0,0.0,0.0,0.0,0.0,0.0,1,0.0
,academy_3_vs_1_with_keeper,123,collect_rollout,6643,0,22,0.0,False,False,0.0,0.0,0,0,0,0.0,0.0,0.0,0.0,0.0,1,0.0
,academy_3_vs_1_with_keeper,123,collect_rollout,6644,0,17,0.0,False,False,0.0,0.0,0,0,0,0.0,0.0,0.0,0.0,0.0,1,0.0
,academy_3_vs_1_with_keeper,123,collect_rollout,6645,0,18,0.0,False,False,0.0,0.0,0,0,0,0.0,0.0,0.0,0.0,0.0,1,0.0
,academy_3_vs_1_with_keeper,123,collect_rollout,6646,0,18,0.0,False,False,0.0,0.0,0,0,0,0.0,0.0,0.0,0.0,0.0,1,0.0
,academy_3_vs_1_with_keeper,123,collect_rollout,6647,0,18,0.0,False,False,0.0,0.0,0,0,0,0.0,0.0,0.0,0.0,0.0,1,0.0
,academy_3_vs_1_with_keeper,123,collect_rollout,6648,0,17,0.0,False,False,0.0,0.0,0,0,0,0.0,0.0,0.0,0.0,0.0,1,0.0
,academy_3_vs_1_with_keeper,123,collect_rollout,6649,0,18,0.0,False,False,0.0,0.0,0,0,0,0.0,0.0,0.0,0.0,0.0,1,0.0
,academy_3_vs_1_with_keeper,123,collect_rollout,6650,0,20,0.0,False,False,0.0,0.0,0,0,0,0.0,0.0,0.0,0.0,0.0,1,0.0
,academy_3_vs_1_with_keeper,123,collect_rollout,6651,0,19,0.0,False,False,0.0,0.0,0,0,0,0.0,0.0,0.0,0.0,0.0,1,0.0
,academy_3_vs_1_with_keeper,123,collect_rollout,6652,0,20,0.0,False,False,0.0,0.0,0,0,0,0.0,0.0,0.0,0.0,0.0,1,0.0
,academy_3_vs_1_with_keeper,123,collect_rollout,6653,0,19,0.0,False,False,0.0,0.0,0,0,0,0.0,0.0,0.0,0.0,0.0,1,0.0
,academy_3_vs_1_with_keeper,123,collect_rollout,6654,0,18,0.0,False,False,0.0,0.0,0,0,0,0.0,0.0,0.0,0.0,0.0,1,0.0
,academy_3_vs_1_with_keeper,123,collect_rollout,6655,0,20,0.0,False,False,0.0,0.0,0,0,0,0.0,0.0,0.0,0.0,0.0,1,0.0
,academy_3_vs_1_with_keeper,123,collect_rollout,6656,0,16,-0.003333333181217313,False,False,0.0,0.0,0,0,0,0.0,0.0,0.0,0.0,-0.003333333181217313,1,-0.003333333181217313
,academy_3_vs_1_with_keeper,123,collect_rollout,6657,0,15,0.0,False,False,0.0,0.0,0,0,0,0.0,0.0,0.0,0.0,0.0,1,0.0
,academy_3_vs_1_with_keeper,123,collect_rollout,6658,0,20,0.0,False,False,0.0,0.0,0,0,0,0.0,0.0,0.0,0.0,0.0,1,0.0
,academy_3_vs_1_with_keeper,123,collect_rollout,6659,0,22,0.0,False,False,0.0,0.0,0,0,0,0.0,0.0,0.0,0.0,0.0,1,0.0
,academy_3_vs_1_with_keeper,123,collect_rollout,6660,0,20,0.0,False,False,0.0,0.0,0,0,0,0.0,0.0,0.0,0.0,0.0,1,0.0
,academy_3_vs_1_with_keeper,123,collect_rollout,6661,0,23,0.0,False,False,0.0,0.0,0,0,0,0.0,0.0,0.0,0.0,0.0,1,0.0
,academy_3_vs_1_with_keeper,123,collect_rollout,6662,0,17,0.0,False,False,0.0,0.0,0,0,0,0.0,0.0,0.0,0.0,0.0,1,0.0
,academy_3_vs_1_with_keeper,123,collect_rollout,6663,0,15,-0.003333333181217313,False,False,0.0,0.0,0,0,0,0.0,0.0,0.0,0.0,-0.003333333181217313,1,-0.003333333181217313
,academy_3_vs_1_with_keeper,123,collect_rollout,6664,0,18,0.0,False,False,0.0,0.0,0,0,0,0.0,0.0,0.0,0.0,0.0,1,0.0
,academy_3_vs_1_with_keeper,123,collect_rollout,6665,0,22,0.0,False,False,0.0,0.0,0,0,0,0.0,0.0,0.0,0.0,0.0,1,0.0
,academy_3_vs_1_with_keeper,123,collect_rollout,6666,0,19,0.0,False,False,0.0,0.0,0,0,0,0.0,0.0,0.0,0.0,0.0,1,0.0
,academy_3_vs_1_with_keeper,123,collect_rollout,6667,0,18,0.0,False,False,0.0,0.0,0,0,0,0.0,0.0,0.0,0.0,0.0,1,0.0
,academy_3_vs_1_with_keeper,123,collect_rollout,6668,0,18,0.0,False,False,0.0,0.0,0,0,0,0.0,0.0,0.0,0.0,0.0,1,0.0
,academy_3_vs_1_with_keeper,123,collect_rollout,6669,0,11,0.00035082781687378883,False,False,0.0,0.0,0,0,0,0.0,0.0,0.0,0.0,0.00035082781687378883,1,0.00035082781687378883
,academy_3_vs_1_with_keeper,123,collect_rollout,6670,0,21,0.0,False,False,0.0,0.0,0,0,0,0.0,0.0,0.0,0.0,0.0,1,0.0
,academy_3_vs_1_with_keeper,123,collect_rollout,6671,0,19,0.0,False,False,0.0,0.0,0,0,0,0.0,0.0,0.0,0.0,0.0,1,0.0
,academy_3_vs_1_with_keeper,123,collect_rollout,6672,0,14,-0.003333333181217313,False,False,0.0,0.0,0,0,0,0.0,0.0,0.0,0.0,-0.003333333181217313,1,-0.003333333181217313
,academy_3_vs_1_with_keeper,123,collect_rollout,6673,0,15,0.0,False,False,0.0,0.0,0,0,0,0.0,0.0,0.0,0.0,0.0,1,0.0
,academy_3_vs_1_with_keeper,123,collect_rollout,6674,0,18,0.0,False,False,0.0,0.0,0,0,0,0.0,0.0,0.0,0.0,0.0,1,0.0
,academy_3_vs_1_with_keeper,123,collect_rollout,6675,0,19,0.0,False,False,0.0,0.0,0,0,0,0.0,0.0,0.0,0.0,0.0,1,0.0
,academy_3_vs_1_with_keeper,123,collect_rollout,6676,0,19,0.0,False,False,0.0,0.0,0,0,0,0.0,0.0,0.0,0.0,0.0,1,0.0
,academy_3_vs_1_with_keeper,123,collect_rollout,6677,0,21,0.0,False,False,0.0,0.0,0,0,0,0.0,0.0,0.0,0.0,0.0,1,0.0
,academy_3_vs_1_with_keeper,123,collect_rollout,6678,0,22,0.0,False,False,0.0,0.0,0,0,0,0.0,0.0,0.0,0.0,0.0,1,0.0
,academy_3_vs_1_with_keeper,123,collect_rollout,6679,0,20,0.0,False,False,0.0,0.0,0,0,0,0.0,0.0,0.0,0.0,0.0,1,0.0
,academy_3_vs_1_with_keeper,123,collect_rollout,6680,0,20,0.0,False,False,0.0,0.0,0,0,0,0.0,0.0,0.0,0.0,0.0,1,0.0
,academy_3_vs_1_with_keeper,123,collect_rollout,6681,0,93,-0.18372153407835867,False,False,0.0,0.0,0,0,0,0.0,0.0,0.0,0.0,-0.18372153407835867,1,-0.18372153407835867
,academy_3_vs_1_with_keeper,123,collect_rollout,6682,0,22,0.0,False,False,0.0,0.0,0,0,0,0.0,0.0,0.0,0.0,0.0,1,0.0
,academy_3_vs_1_with_keeper,123,collect_rollout,6683,0,20,-0.003333333181217313,False,False,0.0,0.0,0,0,0,0.0,0.0,0.0,0.0,-0.003333333181217313,1,-0.003333333181217313
,academy_3_vs_1_with_keeper,123,collect_rollout,6684,0,19,0.0,False,False,0.0,0.0,0,0,0,0.0,0.0,0.0,0.0,0.0,1,0.0
,academy_3_vs_1_with_keeper,123,collect_rollout,6685,0,17,-0.003333333181217313,False,False,0.0,0.0,0,0,0,0.0,0.0,0.0,0.0,-0.003333333181217313,1,-0.003333333181217313
,academy_3_vs_1_with_keeper,123,collect_rollout,6686,0,20,0.0,False,False,0.0,0.0,0,0,0,0.0,0.0,0.0,0.0,0.0,1,0.0
,academy_3_vs_1_with_keeper,123,collect_rollout,6687,0,21,0.0,False,False,0.0,0.0,0,0,0,0.0,0.0,0.0,0.0,0.0,1,0.0
,academy_3_vs_1_with_keeper,123,collect_rollout,6688,0,17,0.0,False,False,0.0,0.0,0,0,0,0.0,0.0,0.0,0.0,0.0,1,0.0
,academy_3_vs_1_with_keeper,123,collect_rollout,6689,0,17,0.0,False,False,0.0,0.0,0,0,0,0.0,0.0,0.0,0.0,0.0,1,0.0
,academy_3_vs_1_with_keeper,123,collect_rollout,6690,0,17,0.0,False,False,0.0,0.0,0,0,0,0.0,0.0,0.0,0.0,0.0,1,0.0
,academy_3_vs_1_with_keeper,123,collect_rollout,6691,0,21,0.0,False,False,0.0,0.0,0,0,0,0.0,0.0,0.0,0.0,0.0,1,0.0
,academy_3_vs_1_with_keeper,123,collect_rollout,6692,0,17,0.0,False,False,0.0,0.0,0,0,0,0.0,0.0,0.0,0.0,0.0,1,0.0
,academy_3_vs_1_with_keeper,123,collect_rollout,6693,0,21,0.0,False,False,0.0,0.0,0,0,0,0.0,0.0,0.0,0.0,0.0,1,0.0
,academy_3_vs_1_with_keeper,123,collect_rollout,6694,0,17,0.0,False,False,0.0,0.0,0,0,0,0.0,0.0,0.0,0.0,0.0,1,0.0
,academy_3_vs_1_with_keeper,123,collect_rollout,6695,0,20,0.0,False,False,0.0,0.0,0,0,0,0.0,0.0,0.0,0.0,0.0,1,0.0
,academy_3_vs_1_with_keeper,123,collect_rollout,6696,0,22,0.0,False,False,0.0,0.0,0,0,0,0.0,0.0,0.0,0.0,0.0,1,0.0
,academy_3_vs_1_with_keeper,123,collect_rollout,6697,0,18,-0.02133111155126244,False,False,0.0,0.0,0,0,0,0.0,0.0,0.0,0.0,-0.02133111155126244,1,-0.02133111155126244
,academy_3_vs_1_with_keeper,123,collect_rollout,6698,0,21,0.0,False,False,0.0,0.0,0,0,0,0.0,0.0,0.0,0.0,0.0,1,0.0
,academy_3_vs_1_with_keeper,123,collect_rollout,6699,0,18,0.0,False,False,0.0,0.0,0,0,0,0.0,0.0,0.0,0.0,0.0,1,0.0
,academy_3_vs_1_with_keeper,123,collect_rollout,6700,0,21,0.0,False,False,0.0,0.0,0,0,0,0.0,0.0,0.0,0.0,0.0,1,0.0
,academy_3_vs_1_with_keeper,123,collect_rollout,6701,0,22,0.0,False,False,0.0,0.0,0,0,0,0.0,0.0,0.0,0.0,0.0,1,0.0
,academy_3_vs_1_with_keeper,123,collect_rollout,6702,0,16,0.0,False,False,0.0,0.0,0,0,0,0.0,0.0,0.0,0.0,0.0,1,0.0
,academy_3_vs_1_with_keeper,123,collect_rollout,6703,0,15,0.0,False,False,0.0,0.0,0,0,0,0.0,0.0,0.0,0.0,0.0,1,0.0
,academy_3_vs_1_with_keeper,123,collect_rollout,6704,0,21,0.0,False,False,0.0,0.0,0,0,0,0.0,0.0,0.0,0.0,0.0,1,0.0
,academy_3_vs_1_with_keeper,123,collect_rollout,6705,0,21,0.0,False,False,0.0,0.0,0,0,0,0.0,0.0,0.0,0.0,0.0,1,0.0
,academy_3_vs_1_with_keeper,123,collect_rollout,6706,0,22,0.0,False,False,0.0,0.0,0,0,0,0.0,0.0,0.0,0.0,0.0,1,0.0
,academy_3_vs_1_with_keeper,123,collect_rollout,6707,0,48,-0.037769648246467113,False,False,0.0,0.0,0,0,0,0.0,0.0,0.0,0.0,-0.037769648246467113,1,-0.037769648246467113
,academy_3_vs_1_with_keeper,123,collect_rollout,6708,0,20,0.0,False,False,0.0,0.0,0,0,0,0.0,0.0,0.0,0.0,0.0,1,0.0
,academy_3_vs_1_with_keeper,123,collect_rollout,6709,0,16,0.0,False,False,0.0,0.0,0,0,0,0.0,0.0,0.0,0.0,0.0,1,0.0
,academy_3_vs_1_with_keeper,123,collect_rollout,6710,0,20,0.0,False,False,0.0,0.0,0,0,0,0.0,0.0,0.0,0.0,0.0,1,0.0
,academy_3_vs_1_with_keeper,123,collect_rollout,6711,0,18,0.0,False,False,0.0,0.0,0,0,0,0.0,0.0,0.0,0.0,0.0,1,0.0
,academy_3_vs_1_with_keeper,123,collect_rollout,6712,0,19,-0.003333333181217313,False,False,0.0,0.0,0,0,0,0.0,0.0,0.0,0.0,-0.003333333181217313,1,-0.003333333181217313
,academy_3_vs_1_with_keeper,123,collect_rollout,6713,0,20,0.0,False,False,0.0,0.0,0,0,0,0.0,0.0,0.0,0.0,0.0,1,0.0
,academy_3_vs_1_with_keeper,123,collect_rollout,6714,0,19,0.0,False,False,0.0,0.0,0,0,0,0.0,0.0,0.0,0.0,0.0,1,0.0
,academy_3_vs_1_with_keeper,123,collect_rollout,6715,0,25,0.0,False,False,0.0,0.0,0,0,0,0.0,0.0,0.0,0.0,0.0,1,0.0
,academy_3_vs_1_with_keeper,123,collect_rollout,6716,0,16,0.0,False,False,0.0,0.0,0,0,0,0.0,0.0,0.0,0.0,0.0,1,0.0
,academy_3_vs_1_with_keeper,123,collect_rollout,6717,0,21,0.0,False,False,0.0,0.0,0,0,0,0.0,0.0,0.0,0.0,0.0,1,0.0
,academy_3_vs_1_with_keeper,123,collect_rollout,6718,0,19,0.0,False,False,0.0,0.0,0,0,0,0.0,0.0,0.0,0.0,0.0,1,0.0
,academy_3_vs_1_with_keeper,123,collect_rollout,6719,0,19,0.0,False,False,0.0,0.0,0,0,0,0.0,0.0,0.0,0.0,0.0,1,0.0
,academy_3_vs_1_with_keeper,123,collect_rollout,6720,0,20,0.0,False,False,0.0,0.0,0,0,0,0.0,0.0,0.0,0.0,0.0,1,0.0
,academy_3_vs_1_with_keeper,123,collect_rollout,6721,0,16,0.0,False,False,0.0,0.0,0,0,0,0.0,0.0,0.0,0.0,0.0,1,0.0
,academy_3_vs_1_with_keeper,123,collect_rollout,6722,0,17,0.0,False,False,0.0,0.0,0,0,0,0.0,0.0,0.0,0.0,0.0,1,0.0
,academy_3_vs_1_with_keeper,123,collect_rollout,6723,0,18,0.0,False,False,0.0,0.0,0,0,0,0.0,0.0,0.0,0.0,0.0,1,0.0
,academy_3_vs_1_with_keeper,123,collect_rollout,6724,0,18,0.0,False,False,0.0,0.0,0,0,0,0.0,0.0,0.0,0.0,0.0,1,0.0
,academy_3_vs_1_with_keeper,123,collect_rollout,6725,0,21,0.0,False,False,0.0,0.0,0,0,0,0.0,0.0,0.0,0.0,0.0,1,0.0
,academy_3_vs_1_with_keeper,123,collect_rollout,6726,0,16,0.0,False,False,0.0,0.0,0,0,0,0.0,0.0,0.0,0.0,0.0,1,0.0
,academy_3_vs_1_with_keeper,123,collect_rollout,6727,0,17,0.0,False,False,0.0,0.0,0,0,0,0.0,0.0,0.0,0.0,0.0,1,0.0
,academy_3_vs_1_with_keeper,123,collect_rollout,6728,0,18,0.0,False,False,0.0,0.0,0,0,0,0.0,0.0,0.0,0.0,0.0,1,0.0
,academy_3_vs_1_with_keeper,123,collect_rollout,6729,0,17,0.0,False,False,0.0,0.0,0,0,0,0.0,0.0,0.0,0.0,0.0,1,0.0
,academy_3_vs_1_with_keeper,123,collect_rollout,6730,0,20,0.0,False,False,0.0,0.0,0,0,0,0.0,0.0,0.0,0.0,0.0,1,0.0
,academy_3_vs_1_with_keeper,123,collect_rollout,6731,0,15,0.0,False,False,0.0,0.0,0,0,0,0.0,0.0,0.0,0.0,0.0,1,0.0
,academy_3_vs_1_with_keeper,123,collect_rollout,6732,0,21,0.0,False,False,0.0,0.0,0,0,0,0.0,0.0,0.0,0.0,0.0,1,0.0
,academy_3_vs_1_with_keeper,123,collect_rollout,6733,0,22,-0.003333333181217313,False,False,0.0,0.0,0,0,0,0.0,0.0,0.0,0.0,-0.003333333181217313,1,-0.003333333181217313
,academy_3_vs_1_with_keeper,123,collect_rollout,6734,0,18,0.0,False,False,0.0,0.0,0,0,0,0.0,0.0,0.0,0.0,0.0,1,0.0
,academy_3_vs_1_with_keeper,123,collect_rollout,6735,0,20,0.0,False,False,0.0,0.0,0,0,0,0.0,0.0,0.0,0.0,0.0,1,0.0
,academy_3_vs_1_with_keeper,123,collect_rollout,6736,0,19,0.0,False,False,0.0,0.0,0,0,0,0.0,0.0,0.0,0.0,0.0,1,0.0
,academy_3_vs_1_with_keeper,123,collect_rollout,6737,0,19,0.0,False,False,0.0,0.0,0,0,0,0.0,0.0,0.0,0.0,0.0,1,0.0
,academy_3_vs_1_with_keeper,123,collect_rollout,6738,0,19,0.0,False,False,0.0,0.0,0,0,0,0.0,0.0,0.0,0.0,0.0,1,0.0
,academy_3_vs_1_with_keeper,123,collect_rollout,6739,0,21,0.0,False,False,0.0,0.0,0,0,0,0.0,0.0,0.0,0.0,0.0,1,0.0
,academy_3_vs_1_with_keeper,123,collect_rollout,6740,0,15,0.0,False,False,0.0,0.0,0,0,0,0.0,0.0,0.0,0.0,0.0,1,0.0
,academy_3_vs_1_with_keeper,123,collect_rollout,6741,0,16,0.0,False,False,0.0,0.0,0,0,0,0.0,0.0,0.0,0.0,0.0,1,0.0
,academy_3_vs_1_with_keeper,123,collect_rollout,6742,0,13,-0.003333333181217313,False,False,0.0,0.0,0,0,0,0.0,0.0,0.0,0.0,-0.003333333181217313,1,-0.003333333181217313
,academy_3_vs_1_with_keeper,123,collect_rollout,6743,0,21,0.0,False,False,0.0,0.0,0,0,0,0.0,0.0,0.0,0.0,0.0,1,0.0
,academy_3_vs_1_with_keeper,123,collect_rollout,6744,0,17,0.0,False,False,0.0,0.0,0,0,0,0.0,0.0,0.0,0.0,0.0,1,0.0
,academy_3_vs_1_with_keeper,123,collect_rollout,6745,0,16,0.0,False,False,0.0,0.0,0,0,0,0.0,0.0,0.0,0.0,0.0,1,0.0
,academy_3_vs_1_with_keeper,123,collect_rollout,6746,0,17,0.0,False,False,0.0,0.0,0,0,0,0.0,0.0,0.0,0.0,0.0,1,0.0
,academy_3_vs_1_with_keeper,123,collect_rollout,6747,0,22,0.0,False,False,0.0,0.0,0,0,0,0.0,0.0,0.0,0.0,0.0,1,0.0
,academy_3_vs_1_with_keeper,123,collect_rollout,6748,0,22,0.0,False,False,0.0,0.0,0,0,0,0.0,0.0,0.0,0.0,0.0,1,0.0
,academy_3_vs_1_with_keeper,123,collect_rollout,6749,0,20,-0.003333333181217313,False,False,0.0,0.0,0,0,0,0.0,0.0,0.0,0.0,-0.003333333181217313,1,-0.003333333181217313
,academy_3_vs_1_with_keeper,123,collect_rollout,6750,0,22,0.0,False,False,0.0,0.0,0,0,0,0.0,0.0,0.0,0.0,0.0,1,0.0
,academy_3_vs_1_with_keeper,123,collect_rollout,6751,0,23,0.0,False,False,0.0,0.0,0,0,0,0.0,0.0,0.0,0.0,0.0,1,0.0
,academy_3_vs_1_with_keeper,123,collect_rollout,6752,0,18,-0.003333333181217313,False,False,0.0,0.0,0,0,0,0.0,0.0,0.0,0.0,-0.003333333181217313,1,-0.003333333181217313
,academy_3_vs_1_with_keeper,123,collect_rollout,6753,0,22,0.0,False,False,0.0,0.0,0,0,0,0.0,0.0,0.0,0.0,0.0,1,0.0
,academy_3_vs_1_with_keeper,123,collect_rollout,6754,0,49,-0.033233731519430876,False,False,0.0,0.0,0,0,0,0.0,0.0,0.0,0.0,-0.033233731519430876,1,-0.033233731519430876
,academy_3_vs_1_with_keeper,123,collect_rollout,6755,0,20,0.0,False,False,0.0,0.0,0,0,0,0.0,0.0,0.0,0.0,0.0,1,0.0
,academy_3_vs_1_with_keeper,123,collect_rollout,6756,0,22,0.0,False,False,0.0,0.0,0,0,0,0.0,0.0,0.0,0.0,0.0,1,0.0
,academy_3_vs_1_with_keeper,123,collect_rollout,6757,0,20,0.0,False,False,0.0,0.0,0,0,0,0.0,0.0,0.0,0.0,0.0,1,0.0
,academy_3_vs_1_with_keeper,123,collect_rollout,6758,0,16,0.0,False,False,0.0,0.0,0,0,0,0.0,0.0,0.0,0.0,0.0,1,0.0
,academy_3_vs_1_with_keeper,123,collect_rollout,6759,0,20,0.0,False,False,0.0,0.0,0,0,0,0.0,0.0,0.0,0.0,0.0,1,0.0
,academy_3_vs_1_with_keeper,123,collect_rollout,6760,0,18,0.0,False,False,0.0,0.0,0,0,0,0.0,0.0,0.0,0.0,0.0,1,0.0
,academy_3_vs_1_with_keeper,123,collect_rollout,6761,0,23,0.0,False,False,0.0,0.0,0,0,0,0.0,0.0,0.0,0.0,0.0,1,0.0
,academy_3_vs_1_with_keeper,123,collect_rollout,6762,0,17,0.0,False,False,0.0,0.0,0,0,0,0.0,0.0,0.0,0.0,0.0,1,0.0
,academy_3_vs_1_with_keeper,123,collect_rollout,6763,0,18,0.0,False,False,0.0,0.0,0,0,0,0.0,0.0,0.0,0.0,0.0,1,0.0
,academy_3_vs_1_with_keeper,123,collect_rollout,6764,0,18,0.0,False,False,0.0,0.0,0,0,0,0.0,0.0,0.0,0.0,0.0,1,0.0
,academy_3_vs_1_with_keeper,123,collect_rollout,6765,0,19,0.0,False,False,0.0,0.0,0,0,0,0.0,0.0,0.0,0.0,0.0,1,0.0
,academy_3_vs_1_with_keeper,123,collect_rollout,6766,0,17,-0.003333333181217313,False,False,0.0,0.0,0,0,0,0.0,0.0,0.0,0.0,-0.003333333181217313,1,-0.003333333181217313
,academy_3_vs_1_with_keeper,123,collect_rollout,6767,0,17,0.0,False,False,0.0,0.0,0,0,0,0.0,0.0,0.0,0.0,0.0,1,0.0
,academy_3_vs_1_with_keeper,123,collect_rollout,6768,0,17,0.0,False,False,0.0,0.0,0,0,0,0.0,0.0,0.0,0.0,0.0,1,0.0
,academy_3_vs_1_with_keeper,123,collect_rollout,6769,0,19,0.0,False,False,0.0,0.0,0,0,0,0.0,0.0,0.0,0.0,0.0,1,0.0
,academy_3_vs_1_with_keeper,123,collect_rollout,6770,0,20,0.0,False,False,0.0,0.0,0,0,0,0.0,0.0,0.0,0.0,0.0,1,0.0
,academy_3_vs_1_with_keeper,123,collect_rollout,6771,0,20,0.0,False,False,0.0,0.0,0,0,0,0.0,0.0,0.0,0.0,0.0,1,0.0
,academy_3_vs_1_with_keeper,123,collect_rollout,6772,0,18,0.0,False,False,0.0,0.0,0,0,0,0.0,0.0,0.0,0.0,0.0,1,0.0
,academy_3_vs_1_with_keeper,123,collect_rollout,6773,0,19,0.0,False,False,0.0,0.0,0,0,0,0.0,0.0,0.0,0.0,0.0,1,0.0
,academy_3_vs_1_with_keeper,123,collect_rollout,6774,0,22,0.0,False,False,0.0,0.0,0,0,0,0.0,0.0,0.0,0.0,0.0,1,0.0
,academy_3_vs_1_with_keeper,123,collect_rollout,6775,0,15,0.0,False,False,0.0,0.0,0,0,0,0.0,0.0,0.0,0.0,0.0,1,0.0
,academy_3_vs_1_with_keeper,123,collect_rollout,6776,0,18,0.0,False,False,0.0,0.0,0,0,0,0.0,0.0,0.0,0.0,0.0,1,0.0
,academy_3_vs_1_with_keeper,123,collect_rollout,6777,0,19,0.0,False,False,0.0,0.0,0,0,0,0.0,0.0,0.0,0.0,0.0,1,0.0
,academy_3_vs_1_with_keeper,123,collect_rollout,6778,0,20,0.0,False,False,0.0,0.0,0,0,0,0.0,0.0,0.0,0.0,0.0,1,0.0
,academy_3_vs_1_with_keeper,123,collect_rollout,6779,0,22,-0.006666666362434626,False,False,0.0,0.0,0,0,0,0.0,0.0,0.0,0.0,-0.006666666362434626,1,-0.006666666362434626
,academy_3_vs_1_with_keeper,123,collect_rollout,6780,0,50,-0.01703667757101357,False,False,0.0,0.0,0,0,0,0.0,0.0,0.0,0.0,-0.01703667757101357,1,-0.01703667757101357
,academy_3_vs_1_with_keeper,123,collect_rollout,6781,0,19,0.0,False,False,0.0,0.0,0,0,0,0.0,0.0,0.0,0.0,0.0,1,0.0
,academy_3_vs_1_with_keeper,123,collect_rollout,6782,0,20,0.0,False,False,0.0,0.0,0,0,0,0.0,0.0,0.0,0.0,0.0,1,0.0
,academy_3_vs_1_with_keeper,123,collect_rollout,6783,0,24,0.0,False,False,0.0,0.0,0,0,0,0.0,0.0,0.0,0.0,0.0,1,0.0
,academy_3_vs_1_with_keeper,123,collect_rollout,6784,0,19,0.0,False,False,0.0,0.0,0,0,0,0.0,0.0,0.0,0.0,0.0,1,0.0
,academy_3_vs_1_with_keeper,123,collect_rollout,6785,0,22,0.0,False,False,0.0,0.0,0,0,0,0.0,0.0,0.0,0.0,0.0,1,0.0
,academy_3_vs_1_with_keeper,123,collect_rollout,6786,0,17,0.0,False,False,0.0,0.0,0,0,0,0.0,0.0,0.0,0.0,0.0,1,0.0
,academy_3_vs_1_with_keeper,123,collect_rollout,6787,0,82,-0.03597885387716815,False,False,0.0,0.0,0,0,0,0.0,0.0,0.0,0.0,-0.03597885387716815,1,-0.03597885387716815
,academy_3_vs_1_with_keeper,123,collect_rollout,6788,0,18,0.0,False,False,0.0,0.0,0,0,0,0.0,0.0,0.0,0.0,0.0,1,0.0
,academy_3_vs_1_with_keeper,123,collect_rollout,6789,0,18,0.0,False,False,0.0,0.0,0,0,0,0.0,0.0,0.0,0.0,0.0,1,0.0
,academy_3_vs_1_with_keeper,123,collect_rollout,6790,0,17,0.0,False,False,0.0,0.0,0,0,0,0.0,0.0,0.0,0.0,0.0,1,0.0
,academy_3_vs_1_with_keeper,123,collect_rollout,6791,0,15,0.0,False,False,0.0,0.0,0,0,0,0.0,0.0,0.0,0.0,0.0,1,0.0
,academy_3_vs_1_with_keeper,123,collect_rollout,6792,0,17,0.0,False,False,0.0,0.0,0,0,0,0.0,0.0,0.0,0.0,0.0,1,0.0
,academy_3_vs_1_with_keeper,123,collect_rollout,6793,0,18,0.0,False,False,0.0,0.0,0,0,0,0.0,0.0,0.0,0.0,0.0,1,0.0
,academy_3_vs_1_with_keeper,123,collect_rollout,6794,0,17,-0.003333333181217313,False,False,0.0,0.0,0,0,0,0.0,0.0,0.0,0.0,-0.003333333181217313,1,-0.003333333181217313
,academy_3_vs_1_with_keeper,123,collect_rollout,6795,0,21,0.0,False,False,0.0,0.0,0,0,0,0.0,0.0,0.0,0.0,0.0,1,0.0
,academy_3_vs_1_with_keeper,123,collect_rollout,6796,0,18,0.0,False,False,0.0,0.0,0,0,0,0.0,0.0,0.0,0.0,0.0,1,0.0
,academy_3_vs_1_with_keeper,123,collect_rollout,6797,0,64,-0.2040563285117969,False,False,0.0,0.0,0,0,0,0.0,0.0,0.0,0.0,-0.2040563285117969,1,-0.2040563285117969
,academy_3_vs_1_with_keeper,123,collect_rollout,6798,0,21,0.0,False,False,0.0,0.0,0,0,0,0.0,0.0,0.0,0.0,0.0,1,0.0
,academy_3_vs_1_with_keeper,123,collect_rollout,6799,0,19,0.0,False,False,0.0,0.0,0,0,0,0.0,0.0,0.0,0.0,0.0,1,0.0
,academy_3_vs_1_with_keeper,123,collect_rollout,6800,0,19,0.0,False,False,0.0,0.0,0,0,0,0.0,0.0,0.0,0.0,0.0,1,0.0
,academy_3_vs_1_with_keeper,123,collect_rollout,6801,0,22,0.0,False,False,0.0,0.0,0,0,0,0.0,0.0,0.0,0.0,0.0,1,0.0
,academy_3_vs_1_with_keeper,123,collect_rollout,6802,0,20,0.0,False,False,0.0,0.0,0,0,0,0.0,0.0,0.0,0.0,0.0,1,0.0
,academy_3_vs_1_with_keeper,123,collect_rollout,6803,0,20,0.0,False,False,0.0,0.0,0,0,0,0.0,0.0,0.0,0.0,0.0,1,0.0
,academy_3_vs_1_with_keeper,123,collect_rollout,6804,0,18,0.0,False,False,0.0,0.0,0,0,0,0.0,0.0,0.0,0.0,0.0,1,0.0
,academy_3_vs_1_with_keeper,123,collect_rollout,6805,0,19,0.0,False,False,0.0,0.0,0,0,0,0.0,0.0,0.0,0.0,0.0,1,0.0
,academy_3_vs_1_with_keeper,123,collect_rollout,6806,0,18,0.0,False,False,0.0,0.0,0,0,0,0.0,0.0,0.0,0.0,0.0,1,0.0
,academy_3_vs_1_with_keeper,123,collect_rollout,6807,0,20,0.0,False,False,0.0,0.0,0,0,0,0.0,0.0,0.0,0.0,0.0,1,0.0
,academy_3_vs_1_with_keeper,123,collect_rollout,6808,0,20,0.0,False,False,0.0,0.0,0,0,0,0.0,0.0,0.0,0.0,0.0,1,0.0
,academy_3_vs_1_with_keeper,123,collect_rollout,6809,0,20,-0.003333333181217313,False,False,0.0,0.0,0,0,0,0.0,0.0,0.0,0.0,-0.003333333181217313,1,-0.003333333181217313
,academy_3_vs_1_with_keeper,123,collect_rollout,6810,0,20,0.0,False,False,0.0,0.0,0,0,0,0.0,0.0,0.0,0.0,0.0,1,0.0
,academy_3_vs_1_with_keeper,123,collect_rollout,6811,0,21,0.0,False,False,0.0,0.0,0,0,0,0.0,0.0,0.0,0.0,0.0,1,0.0
,academy_3_vs_1_with_keeper,123,collect_rollout,6812,0,20,-0.006666666362434626,False,False,0.0,0.0,0,0,0,0.0,0.0,0.0,0.0,-0.006666666362434626,1,-0.006666666362434626
,academy_3_vs_1_with_keeper,123,collect_rollout,6813,0,18,0.0,False,False,0.0,0.0,0,0,0,0.0,0.0,0.0,0.0,0.0,1,0.0
,academy_3_vs_1_with_keeper,123,collect_rollout,6814,0,21,0.0,False,False,0.0,0.0,0,0,0,0.0,0.0,0.0,0.0,0.0,1,0.0
,academy_3_vs_1_with_keeper,123,collect_rollout,6815,0,21,0.0,False,False,0.0,0.0,0,0,0,0.0,0.0,0.0,0.0,0.0,1,0.0
,academy_3_vs_1_with_keeper,123,collect_rollout,6816,0,17,0.0,False,False,0.0,0.0,0,0,0,0.0,0.0,0.0,0.0,0.0,1,0.0
,academy_3_vs_1_with_keeper,123,collect_rollout,6817,0,16,0.0,False,False,0.0,0.0,0,0,0,0.0,0.0,0.0,0.0,0.0,1,0.0
,academy_3_vs_1_with_keeper,123,collect_rollout,6818,0,18,0.0,False,False,0.0,0.0,0,0,0,0.0,0.0,0.0,0.0,0.0,1,0.0
,academy_3_vs_1_with_keeper,123,collect_rollout,6819,0,17,0.0,False,False,0.0,0.0,0,0,0,0.0,0.0,0.0,0.0,0.0,1,0.0
,academy_3_vs_1_with_keeper,123,collect_rollout,6820,0,24,0.0,False,False,0.0,0.0,0,0,0,0.0,0.0,0.0,0.0,0.0,1,0.0
,academy_3_vs_1_with_keeper,123,collect_rollout,6821,0,20,0.0,False,False,0.0,0.0,0,0,0,0.0,0.0,0.0,0.0,0.0,1,0.0
,academy_3_vs_1_with_keeper,123,collect_rollout,6822,0,19,0.0,False,False,0.0,0.0,0,0,0,0.0,0.0,0.0,0.0,0.0,1,0.0
,academy_3_vs_1_with_keeper,123,collect_rollout,6823,0,15,0.0,False,False,0.0,0.0,0,0,0,0.0,0.0,0.0,0.0,0.0,1,0.0
,academy_3_vs_1_with_keeper,123,collect_rollout,6824,0,20,0.0,False,False,0.0,0.0,0,0,0,0.0,0.0,0.0,0.0,0.0,1,0.0
,academy_3_vs_1_with_keeper,123,collect_rollout,6825,0,16,0.0,False,False,0.0,0.0,0,0,0,0.0,0.0,0.0,0.0,0.0,1,0.0
,academy_3_vs_1_with_keeper,123,collect_rollout,6826,0,16,0.0,False,False,0.0,0.0,0,0,0,0.0,0.0,0.0,0.0,0.0,1,0.0
,academy_3_vs_1_with_keeper,123,collect_rollout,6827,0,20,0.0,False,False,0.0,0.0,0,0,0,0.0,0.0,0.0,0.0,0.0,1,0.0
,academy_3_vs_1_with_keeper,123,collect_rollout,6828,0,18,0.0,False,False,0.0,0.0,0,0,0,0.0,0.0,0.0,0.0,0.0,1,0.0
,academy_3_vs_1_with_keeper,123,collect_rollout,6829,0,17,0.0,False,False,0.0,0.0,0,0,0,0.0,0.0,0.0,0.0,0.0,1,0.0
,academy_3_vs_1_with_keeper,123,collect_rollout,6830,0,21,0.0,False,False,0.0,0.0,0,0,0,0.0,0.0,0.0,0.0,0.0,1,0.0
,academy_3_vs_1_with_keeper,123,collect_rollout,6831,0,20,0.0,False,False,0.0,0.0,0,0,0,0.0,0.0,0.0,0.0,0.0,1,0.0
,academy_3_vs_1_with_keeper,123,collect_rollout,6832,0,15,0.0,False,False,0.0,0.0,0,0,0,0.0,0.0,0.0,0.0,0.0,1,0.0
,academy_3_vs_1_with_keeper,123,collect_rollout,6833,0,18,0.0,False,False,0.0,0.0,0,0,0,0.0,0.0,0.0,0.0,0.0,1,0.0
,academy_3_vs_1_with_keeper,123,collect_rollout,6834,0,21,-0.003333333181217313,False,False,0.0,0.0,0,0,0,0.0,0.0,0.0,0.0,-0.003333333181217313,1,-0.003333333181217313
,academy_3_vs_1_with_keeper,123,collect_rollout,6835,0,19,0.0,False,False,0.0,0.0,0,0,0,0.0,0.0,0.0,0.0,0.0,1,0.0
,academy_3_vs_1_with_keeper,123,collect_rollout,6836,0,23,0.0,False,False,0.0,0.0,0,0,0,0.0,0.0,0.0,0.0,0.0,1,0.0
,academy_3_vs_1_with_keeper,123,collect_rollout,6837,0,18,0.0,False,False,0.0,0.0,0,0,0,0.0,0.0,0.0,0.0,0.0,1,0.0
,academy_3_vs_1_with_keeper,123,collect_rollout,6838,0,21,0.0,False,False,0.0,0.0,0,0,0,0.0,0.0,0.0,0.0,0.0,1,0.0
,academy_3_vs_1_with_keeper,123,collect_rollout,6839,0,19,0.0,False,False,0.0,0.0,0,0,0,0.0,0.0,0.0,0.0,0.0,1,0.0
,academy_3_vs_1_with_keeper,123,collect_rollout,6840,0,22,0.0,False,False,0.0,0.0,0,0,0,0.0,0.0,0.0,0.0,0.0,1,0.0
,academy_3_vs_1_with_keeper,123,collect_rollout,6841,0,15,0.0,False,False,0.0,0.0,0,0,0,0.0,0.0,0.0,0.0,0.0,1,0.0
,academy_3_vs_1_with_keeper,123,collect_rollout,6842,0,21,0.0,False,False,0.0,0.0,0,0,0,0.0,0.0,0.0,0.0,0.0,1,0.0
,academy_3_vs_1_with_keeper,123,collect_rollout,6843,0,19,-0.003333333181217313,False,False,0.0,0.0,0,0,0,0.0,0.0,0.0,0.0,-0.003333333181217313,1,-0.003333333181217313
,academy_3_vs_1_with_keeper,123,collect_rollout,6844,0,19,0.0,False,False,0.0,0.0,0,0,0,0.0,0.0,0.0,0.0,0.0,1,0.0
,academy_3_vs_1_with_keeper,123,collect_rollout,6845,0,19,0.0,False,False,0.0,0.0,0,0,0,0.0,0.0,0.0,0.0,0.0,1,0.0
,academy_3_vs_1_with_keeper,123,collect_rollout,6846,0,21,-0.006666666362434626,False,False,0.0,0.0,0,0,0,0.0,0.0,0.0,0.0,-0.006666666362434626,1,-0.006666666362434626
,academy_3_vs_1_with_keeper,123,collect_rollout,6847,0,22,0.0,False,False,0.0,0.0,0,0,0,0.0,0.0,0.0,0.0,0.0,1,0.0
,academy_3_vs_1_with_keeper,123,collect_rollout,6848,0,17,0.0,False,False,0.0,0.0,0,0,0,0.0,0.0,0.0,0.0,0.0,1,0.0
,academy_3_vs_1_with_keeper,123,collect_rollout,6849,0,22,0.0,False,False,0.0,0.0,0,0,0,0.0,0.0,0.0,0.0,0.0,1,0.0
,academy_3_vs_1_with_keeper,123,collect_rollout,6850,0,18,0.0,False,False,0.0,0.0,0,0,0,0.0,0.0,0.0,0.0,0.0,1,0.0
,academy_3_vs_1_with_keeper,123,collect_rollout,6851,0,16,0.0,False,False,0.0,0.0,0,0,0,0.0,0.0,0.0,0.0,0.0,1,0.0
,academy_3_vs_1_with_keeper,123,collect_rollout,6852,0,21,0.0,False,False,0.0,0.0,0,0,0,0.0,0.0,0.0,0.0,0.0,1,0.0
,academy_3_vs_1_with_keeper,123,collect_rollout,6853,0,18,0.0,False,False,0.0,0.0,0,0,0,0.0,0.0,0.0,0.0,0.0,1,0.0
,academy_3_vs_1_with_keeper,123,collect_rollout,6854,0,19,0.0,False,False,0.0,0.0,0,0,0,0.0,0.0,0.0,0.0,0.0,1,0.0
,academy_3_vs_1_with_keeper,123,collect_rollout,6855,0,22,0.0,False,False,0.0,0.0,0,0,0,0.0,0.0,0.0,0.0,0.0,1,0.0
,academy_3_vs_1_with_keeper,123,collect_rollout,6856,0,14,0.0,False,False,0.0,0.0,0,0,0,0.0,0.0,0.0,0.0,0.0,1,0.0
,academy_3_vs_1_with_keeper,123,collect_rollout,6857,0,16,0.0,False,False,0.0,0.0,0,0,0,0.0,0.0,0.0,0.0,0.0,1,0.0
,academy_3_vs_1_with_keeper,123,collect_rollout,6858,0,21,0.0,False,False,0.0,0.0,0,0,0,0.0,0.0,0.0,0.0,0.0,1,0.0
,academy_3_vs_1_with_keeper,123,collect_rollout,6859,0,18,0.0,False,False,0.0,0.0,0,0,0,0.0,0.0,0.0,0.0,0.0,1,0.0
,academy_3_vs_1_with_keeper,123,collect_rollout,6860,0,23,0.0,False,False,0.0,0.0,0,0,0,0.0,0.0,0.0,0.0,0.0,1,0.0
,academy_3_vs_1_with_keeper,123,collect_rollout,6861,0,20,0.0,False,False,0.0,0.0,0,0,0,0.0,0.0,0.0,0.0,0.0,1,0.0
,academy_3_vs_1_with_keeper,123,collect_rollout,6862,0,19,0.0,False,False,0.0,0.0,0,0,0,0.0,0.0,0.0,0.0,0.0,1,0.0
,academy_3_vs_1_with_keeper,123,collect_rollout,6863,0,18,0.0,False,False,0.0,0.0,0,0,0,0.0,0.0,0.0,0.0,0.0,1,0.0
,academy_3_vs_1_with_keeper,123,collect_rollout,6864,0,19,0.0,False,False,0.0,0.0,0,0,0,0.0,0.0,0.0,0.0,0.0,1,0.0
,academy_3_vs_1_with_keeper,123,collect_rollout,6865,0,19,0.0,False,False,0.0,0.0,0,0,0,0.0,0.0,0.0,0.0,0.0,1,0.0
,academy_3_vs_1_with_keeper,123,collect_rollout,6866,0,21,0.0,False,False,0.0,0.0,0,0,0,0.0,0.0,0.0,0.0,0.0,1,0.0
,academy_3_vs_1_with_keeper,123,collect_rollout,6867,0,96,-0.28176220471505076,False,False,0.0,0.0,0,0,0,0.0,0.0,0.0,0.0,-0.28176220471505076,1,-0.28176220471505076
,academy_3_vs_1_with_keeper,123,collect_rollout,6868,0,21,0.0,False,False,0.0,0.0,0,0,0,0.0,0.0,0.0,0.0,0.0,1,0.0
,academy_3_vs_1_with_keeper,123,collect_rollout,6869,0,19,0.0,False,False,0.0,0.0,0,0,0,0.0,0.0,0.0,0.0,0.0,1,0.0
,academy_3_vs_1_with_keeper,123,collect_rollout,6870,0,17,0.0,False,False,0.0,0.0,0,0,0,0.0,0.0,0.0,0.0,0.0,1,0.0
,academy_3_vs_1_with_keeper,123,collect_rollout,6871,0,13,-0.003333333181217313,False,False,0.0,0.0,0,0,0,0.0,0.0,0.0,0.0,-0.003333333181217313,1,-0.003333333181217313
,academy_3_vs_1_with_keeper,123,collect_rollout,6872,0,22,0.0,False,False,0.0,0.0,0,0,0,0.0,0.0,0.0,0.0,0.0,1,0.0
,academy_3_vs_1_with_keeper,123,collect_rollout,6873,0,19,0.0,False,False,0.0,0.0,0,0,0,0.0,0.0,0.0,0.0,0.0,1,0.0
,academy_3_vs_1_with_keeper,123,collect_rollout,6874,0,24,0.0,False,False,0.0,0.0,0,0,0,0.0,0.0,0.0,0.0,0.0,1,0.0
,academy_3_vs_1_with_keeper,123,collect_rollout,6875,0,20,0.0,False,False,0.0,0.0,0,0,0,0.0,0.0,0.0,0.0,0.0,1,0.0
,academy_3_vs_1_with_keeper,123,collect_rollout,6876,0,17,0.0,False,False,0.0,0.0,0,0,0,0.0,0.0,0.0,0.0,0.0,1,0.0
,academy_3_vs_1_with_keeper,123,collect_rollout,6877,0,19,0.0,False,False,0.0,0.0,0,0,0,0.0,0.0,0.0,0.0,0.0,1,0.0
,academy_3_vs_1_with_keeper,123,collect_rollout,6878,0,19,0.0,False,False,0.0,0.0,0,0,0,0.0,0.0,0.0,0.0,0.0,1,0.0
,academy_3_vs_1_with_keeper,123,collect_rollout,6879,0,21,0.0,False,False,0.0,0.0,0,0,0,0.0,0.0,0.0,0.0,0.0,1,0.0
,academy_3_vs_1_with_keeper,123,collect_rollout,6880,0,19,0.0,False,False,0.0,0.0,0,0,0,0.0,0.0,0.0,0.0,0.0,1,0.0
,academy_3_vs_1_with_keeper,123,collect_rollout,6881,0,24,0.0,False,False,0.0,0.0,0,0,0,0.0,0.0,0.0,0.0,0.0,1,0.0
,academy_3_vs_1_with_keeper,123,collect_rollout,6882,0,15,0.0,False,False,0.0,0.0,0,0,0,0.0,0.0,0.0,0.0,0.0,1,0.0
,academy_3_vs_1_with_keeper,123,collect_rollout,6883,0,18,0.0,False,False,0.0,0.0,0,0,0,0.0,0.0,0.0,0.0,0.0,1,0.0
,academy_3_vs_1_with_keeper,123,collect_rollout,6884,0,18,0.0,False,False,0.0,0.0,0,0,0,0.0,0.0,0.0,0.0,0.0,1,0.0
,academy_3_vs_1_with_keeper,123,collect_rollout,6885,0,18,0.0,False,False,0.0,0.0,0,0,0,0.0,0.0,0.0,0.0,0.0,1,0.0
,academy_3_vs_1_with_keeper,123,collect_rollout,6886,0,19,0.0,False,False,0.0,0.0,0,0,0,0.0,0.0,0.0,0.0,0.0,1,0.0
,academy_3_vs_1_with_keeper,123,collect_rollout,6887,0,20,0.0,False,False,0.0,0.0,0,0,0,0.0,0.0,0.0,0.0,0.0,1,0.0
,academy_3_vs_1_with_keeper,123,collect_rollout,6888,0,14,0.0,False,False,0.0,0.0,0,0,0,0.0,0.0,0.0,0.0,0.0,1,0.0
,academy_3_vs_1_with_keeper,123,collect_rollout,6889,0,19,0.0,False,False,0.0,0.0,0,0,0,0.0,0.0,0.0,0.0,0.0,1,0.0
,academy_3_vs_1_with_keeper,123,collect_rollout,6890,0,19,0.0,False,False,0.0,0.0,0,0,0,0.0,0.0,0.0,0.0,0.0,1,0.0
,academy_3_vs_1_with_keeper,123,collect_rollout,6891,0,23,0.0,False,False,0.0,0.0,0,0,0,0.0,0.0,0.0,0.0,0.0,1,0.0
,academy_3_vs_1_with_keeper,123,collect_rollout,6892,0,18,0.0,False,False,0.0,0.0,0,0,0,0.0,0.0,0.0,0.0,0.0,1,0.0
,academy_3_vs_1_with_keeper,123,collect_rollout,6893,0,17,0.0,False,False,0.0,0.0,0,0,0,0.0,0.0,0.0,0.0,0.0,1,0.0
,academy_3_vs_1_with_keeper,123,collect_rollout,6894,0,107,-0.06872383179143071,False,False,0.0,0.0,0,0,0,0.0,0.0,0.0,0.0,-0.06872383179143071,1,-0.06872383179143071
,academy_3_vs_1_with_keeper,123,collect_rollout,6895,0,19,0.0,False,False,0.0,0.0,0,0,0,0.0,0.0,0.0,0.0,0.0,1,0.0
,academy_3_vs_1_with_keeper,123,collect_rollout,6896,0,19,0.0,False,False,0.0,0.0,0,0,0,0.0,0.0,0.0,0.0,0.0,1,0.0
,academy_3_vs_1_with_keeper,123,collect_rollout,6897,0,18,0.0,False,False,0.0,0.0,0,0,0,0.0,0.0,0.0,0.0,0.0,1,0.0
,academy_3_vs_1_with_keeper,123,collect_rollout,6898,0,20,0.0,False,False,0.0,0.0,0,0,0,0.0,0.0,0.0,0.0,0.0,1,0.0
,academy_3_vs_1_with_keeper,123,collect_rollout,6899,0,15,0.0,False,False,0.0,0.0,0,0,0,0.0,0.0,0.0,0.0,0.0,1,0.0
,academy_3_vs_1_with_keeper,123,collect_rollout,6900,0,19,0.0,False,False,0.0,0.0,0,0,0,0.0,0.0,0.0,0.0,0.0,1,0.0
,academy_3_vs_1_with_keeper,123,collect_rollout,6901,0,15,0.0,False,False,0.0,0.0,0,0,0,0.0,0.0,0.0,0.0,0.0,1,0.0
,academy_3_vs_1_with_keeper,123,collect_rollout,6902,0,20,0.0,False,False,0.0,0.0,0,0,0,0.0,0.0,0.0,0.0,0.0,1,0.0
,academy_3_vs_1_with_keeper,123,collect_rollout,6903,0,21,0.0,False,False,0.0,0.0,0,0,0,0.0,0.0,0.0,0.0,0.0,1,0.0
,academy_3_vs_1_with_keeper,123,collect_rollout,6904,0,16,0.0,False,False,0.0,0.0,0,0,0,0.0,0.0,0.0,0.0,0.0,1,0.0
,academy_3_vs_1_with_keeper,123,collect_rollout,6905,0,18,0.0,False,False,0.0,0.0,0,0,0,0.0,0.0,0.0,0.0,0.0,1,0.0
,academy_3_vs_1_with_keeper,123,collect_rollout,6906,0,17,0.0,False,False,0.0,0.0,0,0,0,0.0,0.0,0.0,0.0,0.0,1,0.0
,academy_3_vs_1_with_keeper,123,collect_rollout,6907,0,17,0.0,False,False,0.0,0.0,0,0,0,0.0,0.0,0.0,0.0,0.0,1,0.0
,academy_3_vs_1_with_keeper,123,collect_rollout,6908,0,22,0.0,False,False,0.0,0.0,0,0,0,0.0,0.0,0.0,0.0,0.0,1,0.0
,academy_3_vs_1_with_keeper,123,collect_rollout,6909,0,24,0.0,False,False,0.0,0.0,0,0,0,0.0,0.0,0.0,0.0,0.0,1,0.0
,academy_3_vs_1_with_keeper,123,collect_rollout,6910,0,37,0.059061464038677514,False,False,0.0,0.0,0,0,0,0.0,0.0,0.0,0.0,0.059061464038677514,1,0.059061464038677514
,academy_3_vs_1_with_keeper,123,collect_rollout,6911,0,20,0.0,False,False,0.0,0.0,0,0,0,0.0,0.0,0.0,0.0,0.0,1,0.0
,academy_3_vs_1_with_keeper,123,collect_rollout,6912,0,23,0.0,False,False,0.0,0.0,0,0,0,0.0,0.0,0.0,0.0,0.0,1,0.0
,academy_3_vs_1_with_keeper,123,collect_rollout,6913,0,23,0.0,False,False,0.0,0.0,0,0,0,0.0,0.0,0.0,0.0,0.0,1,0.0
,academy_3_vs_1_with_keeper,123,collect_rollout,6914,0,20,0.0,False,False,0.0,0.0,0,0,0,0.0,0.0,0.0,0.0,0.0,1,0.0
,academy_3_vs_1_with_keeper,123,collect_rollout,6915,0,17,0.0,False,False,0.0,0.0,0,0,0,0.0,0.0,0.0,0.0,0.0,1,0.0
,academy_3_vs_1_with_keeper,123,collect_rollout,6916,0,19,-0.003333333181217313,False,False,0.0,0.0,0,0,0,0.0,0.0,0.0,0.0,-0.003333333181217313,1,-0.003333333181217313
,academy_3_vs_1_with_keeper,123,collect_rollout,6917,0,14,0.0,False,False,0.0,0.0,0,0,0,0.0,0.0,0.0,0.0,0.0,1,0.0
,academy_3_vs_1_with_keeper,123,collect_rollout,6918,0,18,0.0,False,False,0.0,0.0,0,0,0,0.0,0.0,0.0,0.0,0.0,1,0.0
,academy_3_vs_1_with_keeper,123,collect_rollout,6919,0,16,-0.003333333181217313,False,False,0.0,0.0,0,0,0,0.0,0.0,0.0,0.0,-0.003333333181217313,1,-0.003333333181217313
,academy_3_vs_1_with_keeper,123,collect_rollout,6920,0,22,0.0,False,False,0.0,0.0,0,0,0,0.0,0.0,0.0,0.0,0.0,1,0.0
,academy_3_vs_1_with_keeper,123,collect_rollout,6921,0,21,0.0,False,False,0.0,0.0,0,0,0,0.0,0.0,0.0,0.0,0.0,1,0.0
,academy_3_vs_1_with_keeper,123,collect_rollout,6922,0,15,0.0,False,False,0.0,0.0,0,0,0,0.0,0.0,0.0,0.0,0.0,1,0.0
,academy_3_vs_1_with_keeper,123,collect_rollout,6923,0,22,0.0,False,False,0.0,0.0,0,0,0,0.0,0.0,0.0,0.0,0.0,1,0.0
,academy_3_vs_1_with_keeper,123,collect_rollout,6924,0,22,0.0,False,False,0.0,0.0,0,0,0,0.0,0.0,0.0,0.0,0.0,1,0.0
,academy_3_vs_1_with_keeper,123,collect_rollout,6925,0,17,0.0,False,False,0.0,0.0,0,0,0,0.0,0.0,0.0,0.0,0.0,1,0.0
,academy_3_vs_1_with_keeper,123,collect_rollout,6926,0,174,-0.6577759667234204,False,False,0.0,0.0,0,0,0,0.0,0.0,0.0,0.0,-0.6577759667234204,1,-0.6577759667234204
,academy_3_vs_1_with_keeper,123,collect_rollout,6927,0,22,0.0,False,False,0.0,0.0,0,0,0,0.0,0.0,0.0,0.0,0.0,1,0.0
,academy_3_vs_1_with_keeper,123,collect_rollout,6928,0,17,0.0,False,False,0.0,0.0,0,0,0,0.0,0.0,0.0,0.0,0.0,1,0.0
,academy_3_vs_1_with_keeper,123,collect_rollout,6929,0,22,0.0,False,False,0.0,0.0,0,0,0,0.0,0.0,0.0,0.0,0.0,1,0.0
,academy_3_vs_1_with_keeper,123,collect_rollout,6930,0,21,0.0,False,False,0.0,0.0,0,0,0,0.0,0.0,0.0,0.0,0.0,1,0.0
,academy_3_vs_1_with_keeper,123,collect_rollout,6931,0,15,0.0,False,False,0.0,0.0,0,0,0,0.0,0.0,0.0,0.0,0.0,1,0.0
,academy_3_vs_1_with_keeper,123,collect_rollout,6932,0,21,0.0,False,False,0.0,0.0,0,0,0,0.0,0.0,0.0,0.0,0.0,1,0.0
,academy_3_vs_1_with_keeper,123,collect_rollout,6933,0,20,0.0,False,False,0.0,0.0,0,0,0,0.0,0.0,0.0,0.0,0.0,1,0.0
,academy_3_vs_1_with_keeper,123,collect_rollout,6934,0,19,0.0,False,False,0.0,0.0,0,0,0,0.0,0.0,0.0,0.0,0.0,1,0.0
,academy_3_vs_1_with_keeper,123,collect_rollout,6935,0,18,0.0,False,False,0.0,0.0,0,0,0,0.0,0.0,0.0,0.0,0.0,1,0.0
,academy_3_vs_1_with_keeper,123,collect_rollout,6936,0,14,0.0,False,False,0.0,0.0,0,0,0,0.0,0.0,0.0,0.0,0.0,1,0.0
,academy_3_vs_1_with_keeper,123,collect_rollout,6937,0,18,-0.003333333181217313,False,False,0.0,0.0,0,0,0,0.0,0.0,0.0,0.0,-0.003333333181217313,1,-0.003333333181217313
,academy_3_vs_1_with_keeper,123,collect_rollout,6938,0,17,0.0,False,False,0.0,0.0,0,0,0,0.0,0.0,0.0,0.0,0.0,1,0.0
,academy_3_vs_1_with_keeper,123,collect_rollout,6939,0,16,0.0,False,False,0.0,0.0,0,0,0,0.0,0.0,0.0,0.0,0.0,1,0.0
,academy_3_vs_1_with_keeper,123,collect_rollout,6940,0,21,0.0,False,False,0.0,0.0,0,0,0,0.0,0.0,0.0,0.0,0.0,1,0.0
,academy_3_vs_1_with_keeper,123,collect_rollout,6941,0,21,0.0,False,False,0.0,0.0,0,0,0,0.0,0.0,0.0,0.0,0.0,1,0.0
,academy_3_vs_1_with_keeper,123,collect_rollout,6942,0,14,0.0,False,False,0.0,0.0,0,0,0,0.0,0.0,0.0,0.0,0.0,1,0.0
,academy_3_vs_1_with_keeper,123,collect_rollout,6943,0,18,0.0,False,False,0.0,0.0,0,0,0,0.0,0.0,0.0,0.0,0.0,1,0.0
,academy_3_vs_1_with_keeper,123,collect_rollout,6944,0,16,0.0,False,False,0.0,0.0,0,0,0,0.0,0.0,0.0,0.0,0.0,1,0.0
,academy_3_vs_1_with_keeper,123,collect_rollout,6945,0,20,0.0,False,False,0.0,0.0,0,0,0,0.0,0.0,0.0,0.0,0.0,1,0.0
,academy_3_vs_1_with_keeper,123,collect_rollout,6946,0,18,0.0,False,False,0.0,0.0,0,0,0,0.0,0.0,0.0,0.0,0.0,1,0.0
,academy_3_vs_1_with_keeper,123,collect_rollout,6947,0,17,0.0,False,False,0.0,0.0,0,0,0,0.0,0.0,0.0,0.0,0.0,1,0.0
,academy_3_vs_1_with_keeper,123,collect_rollout,6948,0,16,0.0,False,False,0.0,0.0,0,0,0,0.0,0.0,0.0,0.0,0.0,1,0.0
,academy_3_vs_1_with_keeper,123,collect_rollout,6949,0,16,0.0,False,False,0.0,0.0,0,0,0,0.0,0.0,0.0,0.0,0.0,1,0.0
,academy_3_vs_1_with_keeper,123,collect_rollout,6950,0,19,0.0,False,False,0.0,0.0,0,0,0,0.0,0.0,0.0,0.0,0.0,1,0.0
,academy_3_vs_1_with_keeper,123,collect_rollout,6951,0,18,0.0,False,False,0.0,0.0,0,0,0,0.0,0.0,0.0,0.0,0.0,1,0.0
,academy_3_vs_1_with_keeper,123,collect_rollout,6952,0,18,0.0,False,False,0.0,0.0,0,0,0,0.0,0.0,0.0,0.0,0.0,1,0.0
,academy_3_vs_1_with_keeper,123,collect_rollout,6953,0,21,0.0,False,False,0.0,0.0,0,0,0,0.0,0.0,0.0,0.0,0.0,1,0.0
,academy_3_vs_1_with_keeper,123,collect_rollout,6954,0,17,0.0,False,False,0.0,0.0,0,0,0,0.0,0.0,0.0,0.0,0.0,1,0.0
,academy_3_vs_1_with_keeper,123,collect_rollout,6955,0,17,0.0,False,False,0.0,0.0,0,0,0,0.0,0.0,0.0,0.0,0.0,1,0.0
,academy_3_vs_1_with_keeper,123,collect_rollout,6956,0,17,0.0,False,False,0.0,0.0,0,0,0,0.0,0.0,0.0,0.0,0.0,1,0.0
,academy_3_vs_1_with_keeper,123,collect_rollout,6957,0,18,0.0,False,False,0.0,0.0,0,0,0,0.0,0.0,0.0,0.0,0.0,1,0.0
,academy_3_vs_1_with_keeper,123,collect_rollout,6958,0,22,0.0,False,False,0.0,0.0,0,0,0,0.0,0.0,0.0,0.0,0.0,1,0.0
,academy_3_vs_1_with_keeper,123,collect_rollout,6959,0,18,0.0,False,False,0.0,0.0,0,0,0,0.0,0.0,0.0,0.0,0.0,1,0.0
,academy_3_vs_1_with_keeper,123,collect_rollout,6960,0,18,0.0,False,False,0.0,0.0,0,0,0,0.0,0.0,0.0,0.0,0.0,1,0.0
,academy_3_vs_1_with_keeper,123,collect_rollout,6961,0,17,0.0,False,False,0.0,0.0,0,0,0,0.0,0.0,0.0,0.0,0.0,1,0.0
,academy_3_vs_1_with_keeper,123,collect_rollout,6962,0,91,-0.13896604994079098,False,False,0.0,0.0,0,0,0,0.0,0.0,0.0,0.0,-0.13896604994079098,1,-0.13896604994079098
,academy_3_vs_1_with_keeper,123,collect_rollout,6963,0,20,0.0,False,False,0.0,0.0,0,0,0,0.0,0.0,0.0,0.0,0.0,1,0.0
,academy_3_vs_1_with_keeper,123,collect_rollout,6964,0,24,0.0,False,False,0.0,0.0,0,0,0,0.0,0.0,0.0,0.0,0.0,1,0.0
,academy_3_vs_1_with_keeper,123,collect_rollout,6965,0,18,0.0,False,False,0.0,0.0,0,0,0,0.0,0.0,0.0,0.0,0.0,1,0.0
,academy_3_vs_1_with_keeper,123,collect_rollout,6966,0,18,0.0,False,False,0.0,0.0,0,0,0,0.0,0.0,0.0,0.0,0.0,1,0.0
,academy_3_vs_1_with_keeper,123,collect_rollout,6967,0,17,0.0,False,False,0.0,0.0,0,0,0,0.0,0.0,0.0,0.0,0.0,1,0.0
,academy_3_vs_1_with_keeper,123,collect_rollout,6968,0,23,0.0,False,False,0.0,0.0,0,0,0,0.0,0.0,0.0,0.0,0.0,1,0.0
,academy_3_vs_1_with_keeper,123,collect_rollout,6969,0,19,0.0,False,False,0.0,0.0,0,0,0,0.0,0.0,0.0,0.0,0.0,1,0.0
,academy_3_vs_1_with_keeper,123,collect_rollout,6970,0,19,0.0,False,False,0.0,0.0,0,0,0,0.0,0.0,0.0,0.0,0.0,1,0.0
,academy_3_vs_1_with_keeper,123,collect_rollout,6971,0,18,0.0,False,False,0.0,0.0,0,0,0,0.0,0.0,0.0,0.0,0.0,1,0.0
,academy_3_vs_1_with_keeper,123,collect_rollout,6972,0,20,0.0,False,False,0.0,0.0,0,0,0,0.0,0.0,0.0,0.0,0.0,1,0.0
,academy_3_vs_1_with_keeper,123,collect_rollout,6973,0,17,0.0,False,False,0.0,0.0,0,0,0,0.0,0.0,0.0,0.0,0.0,1,0.0
,academy_3_vs_1_with_keeper,123,collect_rollout,6974,0,19,0.0,False,False,0.0,0.0,0,0,0,0.0,0.0,0.0,0.0,0.0,1,0.0
,academy_3_vs_1_with_keeper,123,collect_rollout,6975,0,19,0.0,False,False,0.0,0.0,0,0,0,0.0,0.0,0.0,0.0,0.0,1,0.0
,academy_3_vs_1_with_keeper,123,collect_rollout,6976,0,19,0.0,False,False,0.0,0.0,0,0,0,0.0,0.0,0.0,0.0,0.0,1,0.0
,academy_3_vs_1_with_keeper,123,collect_rollout,6977,0,21,0.0,False,False,0.0,0.0,0,0,0,0.0,0.0,0.0,0.0,0.0,1,0.0
,academy_3_vs_1_with_keeper,123,collect_rollout,6978,0,22,0.0,False,False,0.0,0.0,0,0,0,0.0,0.0,0.0,0.0,0.0,1,0.0
,academy_3_vs_1_with_keeper,123,collect_rollout,6979,0,19,0.0,False,False,0.0,0.0,0,0,0,0.0,0.0,0.0,0.0,0.0,1,0.0
,academy_3_vs_1_with_keeper,123,collect_rollout,6980,0,19,-0.003333333181217313,False,False,0.0,0.0,0,0,0,0.0,0.0,0.0,0.0,-0.003333333181217313,1,-0.003333333181217313
,academy_3_vs_1_with_keeper,123,collect_rollout,6981,0,18,0.0,False,False,0.0,0.0,0,0,0,0.0,0.0,0.0,0.0,0.0,1,0.0
,academy_3_vs_1_with_keeper,123,collect_rollout,6982,0,23,0.0,False,False,0.0,0.0,0,0,0,0.0,0.0,0.0,0.0,0.0,1,0.0
,academy_3_vs_1_with_keeper,123,collect_rollout,6983,0,19,0.0,False,False,0.0,0.0,0,0,0,0.0,0.0,0.0,0.0,0.0,1,0.0
,academy_3_vs_1_with_keeper,123,collect_rollout,6984,0,115,-0.5391380592482165,False,False,0.0,0.0,0,0,0,0.0,0.0,0.0,0.0,-0.5391380592482165,1,-0.5391380592482165
,academy_3_vs_1_with_keeper,123,collect_rollout,6985,0,20,0.0,False,False,0.0,0.0,0,0,0,0.0,0.0,0.0,0.0,0.0,1,0.0
,academy_3_vs_1_with_keeper,123,collect_rollout,6986,0,16,-0.003333333181217313,False,False,0.0,0.0,0,0,0,0.0,0.0,0.0,0.0,-0.003333333181217313,1,-0.003333333181217313
,academy_3_vs_1_with_keeper,123,collect_rollout,6987,0,18,0.0,False,False,0.0,0.0,0,0,0,0.0,0.0,0.0,0.0,0.0,1,0.0
,academy_3_vs_1_with_keeper,123,collect_rollout,6988,0,16,0.0,False,False,0.0,0.0,0,0,0,0.0,0.0,0.0,0.0,0.0,1,0.0
,academy_3_vs_1_with_keeper,123,collect_rollout,6989,0,76,-0.25566422229167074,False,False,0.0,0.0,0,0,0,0.0,0.0,0.0,0.0,-0.25566422229167074,1,-0.25566422229167074
,academy_3_vs_1_with_keeper,123,collect_rollout,6990,0,86,-0.07352085197999259,False,False,0.0,0.0,0,0,0,0.0,0.0,0.0,0.0,-0.07352085197999259,1,-0.07352085197999259
,academy_3_vs_1_with_keeper,123,collect_rollout,6991,0,22,0.0,False,False,0.0,0.0,0,0,0,0.0,0.0,0.0,0.0,0.0,1,0.0
,academy_3_vs_1_with_keeper,123,collect_rollout,6992,0,17,0.0,False,False,0.0,0.0,0,0,0,0.0,0.0,0.0,0.0,0.0,1,0.0
,academy_3_vs_1_with_keeper,123,collect_rollout,6993,0,15,-0.003333333181217313,False,False,0.0,0.0,0,0,0,0.0,0.0,0.0,0.0,-0.003333333181217313,1,-0.003333333181217313
,academy_3_vs_1_with_keeper,123,collect_rollout,6994,0,17,0.0,False,False,0.0,0.0,0,0,0,0.0,0.0,0.0,0.0,0.0,1,0.0
,academy_3_vs_1_with_keeper,123,collect_rollout,6995,0,21,0.0,False,False,0.0,0.0,0,0,0,0.0,0.0,0.0,0.0,0.0,1,0.0
,academy_3_vs_1_with_keeper,123,collect_rollout,6996,0,16,0.0,False,False,0.0,0.0,0,0,0,0.0,0.0,0.0,0.0,0.0,1,0.0
,academy_3_vs_1_with_keeper,123,collect_rollout,6997,0,19,0.0,False,False,0.0,0.0,0,0,0,0.0,0.0,0.0,0.0,0.0,1,0.0
,academy_3_vs_1_with_keeper,123,collect_rollout,6998,0,19,0.0,False,False,0.0,0.0,0,0,0,0.0,0.0,0.0,0.0,0.0,1,0.0
,academy_3_vs_1_with_keeper,123,collect_rollout,6999,0,17,0.0,False,False,0.0,0.0,0,0,0,0.0,0.0,0.0,0.0,0.0,1,0.0
,academy_3_vs_1_with_keeper,123,collect_rollout,7000,0,19,0.0,False,False,0.0,0.0,0,0,0,0.0,0.0,0.0,0.0,0.0,1,0.0
,academy_3_vs_1_with_keeper,123,collect_rollout,7001,0,91,-0.3075977210755809,False,False,0.0,0.0,0,0,0,0.0,0.0,0.0,0.0,-0.3075977210755809,1,-0.3075977210755809
,academy_3_vs_1_with_keeper,123,collect_rollout,7002,0,23,0.0,False,False,0.0,0.0,0,0,0,0.0,0.0,0.0,0.0,0.0,1,0.0
,academy_3_vs_1_with_keeper,123,collect_rollout,7003,0,20,0.0,False,False,0.0,0.0,0,0,0,0.0,0.0,0.0,0.0,0.0,1,0.0
,academy_3_vs_1_with_keeper,123,collect_rollout,7004,0,14,0.0,False,False,0.0,0.0,0,0,0,0.0,0.0,0.0,0.0,0.0,1,0.0
,academy_3_vs_1_with_keeper,123,collect_rollout,7005,0,20,0.0,False,False,0.0,0.0,0,0,0,0.0,0.0,0.0,0.0,0.0,1,0.0
,academy_3_vs_1_with_keeper,123,collect_rollout,7006,0,19,0.0,False,False,0.0,0.0,0,0,0,0.0,0.0,0.0,0.0,0.0,1,0.0
,academy_3_vs_1_with_keeper,123,collect_rollout,7007,0,20,0.0,False,False,0.0,0.0,0,0,0,0.0,0.0,0.0,0.0,0.0,1,0.0
,academy_3_vs_1_with_keeper,123,collect_rollout,7008,0,16,0.0,False,False,0.0,0.0,0,0,0,0.0,0.0,0.0,0.0,0.0,1,0.0
,academy_3_vs_1_with_keeper,123,collect_rollout,7009,0,18,0.0,False,False,0.0,0.0,0,0,0,0.0,0.0,0.0,0.0,0.0,1,0.0
,academy_3_vs_1_with_keeper,123,collect_rollout,7010,0,19,0.0,False,False,0.0,0.0,0,0,0,0.0,0.0,0.0,0.0,0.0,1,0.0
,academy_3_vs_1_with_keeper,123,collect_rollout,7011,0,17,0.0,False,False,0.0,0.0,0,0,0,0.0,0.0,0.0,0.0,0.0,1,0.0
,academy_3_vs_1_with_keeper,123,collect_rollout,7012,0,18,0.0,False,False,0.0,0.0,0,0,0,0.0,0.0,0.0,0.0,0.0,1,0.0
,academy_3_vs_1_with_keeper,123,collect_rollout,7013,0,22,0.0,False,False,0.0,0.0,0,0,0,0.0,0.0,0.0,0.0,0.0,1,0.0
,academy_3_vs_1_with_keeper,123,collect_rollout,7014,0,17,0.0,False,False,0.0,0.0,0,0,0,0.0,0.0,0.0,0.0,0.0,1,0.0
,academy_3_vs_1_with_keeper,123,collect_rollout,7015,0,21,0.0,False,False,0.0,0.0,0,0,0,0.0,0.0,0.0,0.0,0.0,1,0.0
,academy_3_vs_1_with_keeper,123,collect_rollout,7016,0,19,0.0,False,False,0.0,0.0,0,0,0,0.0,0.0,0.0,0.0,0.0,1,0.0
,academy_3_vs_1_with_keeper,123,collect_rollout,7017,0,16,0.0,False,False,0.0,0.0,0,0,0,0.0,0.0,0.0,0.0,0.0,1,0.0
,academy_3_vs_1_with_keeper,123,collect_rollout,7018,0,20,0.0,False,False,0.0,0.0,0,0,0,0.0,0.0,0.0,0.0,0.0,1,0.0
,academy_3_vs_1_with_keeper,123,collect_rollout,7019,0,21,0.0,False,False,0.0,0.0,0,0,0,0.0,0.0,0.0,0.0,0.0,1,0.0
,academy_3_vs_1_with_keeper,123,collect_rollout,7020,0,17,0.0,False,False,0.0,0.0,0,0,0,0.0,0.0,0.0,0.0,0.0,1,0.0
,academy_3_vs_1_with_keeper,123,collect_rollout,7021,0,18,0.0,False,False,0.0,0.0,0,0,0,0.0,0.0,0.0,0.0,0.0,1,0.0
,academy_3_vs_1_with_keeper,123,collect_rollout,7022,0,15,0.0,False,False,0.0,0.0,0,0,0,0.0,0.0,0.0,0.0,0.0,1,0.0
,academy_3_vs_1_with_keeper,123,collect_rollout,7023,0,17,0.0,False,False,0.0,0.0,0,0,0,0.0,0.0,0.0,0.0,0.0,1,0.0
,academy_3_vs_1_with_keeper,123,collect_rollout,7024,0,17,0.0,False,False,0.0,0.0,0,0,0,0.0,0.0,0.0,0.0,0.0,1,0.0
,academy_3_vs_1_with_keeper,123,collect_rollout,7025,0,18,0.0,False,False,0.0,0.0,0,0,0,0.0,0.0,0.0,0.0,0.0,1,0.0
,academy_3_vs_1_with_keeper,123,collect_rollout,7026,0,17,0.0,False,False,0.0,0.0,0,0,0,0.0,0.0,0.0,0.0,0.0,1,0.0
,academy_3_vs_1_with_keeper,123,collect_rollout,7027,0,18,0.0,False,False,0.0,0.0,0,0,0,0.0,0.0,0.0,0.0,0.0,1,0.0
,academy_3_vs_1_with_keeper,123,collect_rollout,7028,0,20,0.0,False,False,0.0,0.0,0,0,0,0.0,0.0,0.0,0.0,0.0,1,0.0
,academy_3_vs_1_with_keeper,123,collect_rollout,7029,0,19,0.0,False,False,0.0,0.0,0,0,0,0.0,0.0,0.0,0.0,0.0,1,0.0
,academy_3_vs_1_with_keeper,123,collect_rollout,7030,0,17,0.0,False,False,0.0,0.0,0,0,0,0.0,0.0,0.0,0.0,0.0,1,0.0
,academy_3_vs_1_with_keeper,123,collect_rollout,7031,0,16,0.0,False,False,0.0,0.0,0,0,0,0.0,0.0,0.0,0.0,0.0,1,0.0
,academy_3_vs_1_with_keeper,123,collect_rollout,7032,0,21,0.0,False,False,0.0,0.0,0,0,0,0.0,0.0,0.0,0.0,0.0,1,0.0
,academy_3_vs_1_with_keeper,123,collect_rollout,7033,0,16,0.0,False,False,0.0,0.0,0,0,0,0.0,0.0,0.0,0.0,0.0,1,0.0
,academy_3_vs_1_with_keeper,123,collect_rollout,7034,0,23,0.0,False,False,0.0,0.0,0,0,0,0.0,0.0,0.0,0.0,0.0,1,0.0
,academy_3_vs_1_with_keeper,123,collect_rollout,7035,0,17,0.0,False,False,0.0,0.0,0,0,0,0.0,0.0,0.0,0.0,0.0,1,0.0
,academy_3_vs_1_with_keeper,123,collect_rollout,7036,0,18,0.0,False,False,0.0,0.0,0,0,0,0.0,0.0,0.0,0.0,0.0,1,0.0
,academy_3_vs_1_with_keeper,123,collect_rollout,7037,0,17,0.0,False,False,0.0,0.0,0,0,0,0.0,0.0,0.0,0.0,0.0,1,0.0
,academy_3_vs_1_with_keeper,123,collect_rollout,7038,0,23,0.0,False,False,0.0,0.0,0,0,0,0.0,0.0,0.0,0.0,0.0,1,0.0
,academy_3_vs_1_with_keeper,123,collect_rollout,7039,0,20,0.0,False,False,0.0,0.0,0,0,0,0.0,0.0,0.0,0.0,0.0,1,0.0
,academy_3_vs_1_with_keeper,123,collect_rollout,7040,0,16,0.0,False,False,0.0,0.0,0,0,0,0.0,0.0,0.0,0.0,0.0,1,0.0
,academy_3_vs_1_with_keeper,123,collect_rollout,7041,0,21,0.0,False,False,0.0,0.0,0,0,0,0.0,0.0,0.0,0.0,0.0,1,0.0
,academy_3_vs_1_with_keeper,123,collect_rollout,7042,0,17,0.0,False,False,0.0,0.0,0,0,0,0.0,0.0,0.0,0.0,0.0,1,0.0
,academy_3_vs_1_with_keeper,123,collect_rollout,7043,0,23,0.0,False,False,0.0,0.0,0,0,0,0.0,0.0,0.0,0.0,0.0,1,0.0
,academy_3_vs_1_with_keeper,123,collect_rollout,7044,0,20,-0.003333333181217313,False,False,0.0,0.0,0,0,0,0.0,0.0,0.0,0.0,-0.003333333181217313,1,-0.003333333181217313
,academy_3_vs_1_with_keeper,123,collect_rollout,7045,0,20,0.0,False,False,0.0,0.0,0,0,0,0.0,0.0,0.0,0.0,0.0,1,0.0
,academy_3_vs_1_with_keeper,123,collect_rollout,7046,0,19,0.0,False,False,0.0,0.0,0,0,0,0.0,0.0,0.0,0.0,0.0,1,0.0
,academy_3_vs_1_with_keeper,123,collect_rollout,7047,0,17,0.0,False,False,0.0,0.0,0,0,0,0.0,0.0,0.0,0.0,0.0,1,0.0
,academy_3_vs_1_with_keeper,123,collect_rollout,7048,0,18,0.0,False,False,0.0,0.0,0,0,0,0.0,0.0,0.0,0.0,0.0,1,0.0
,academy_3_vs_1_with_keeper,123,collect_rollout,7049,0,18,0.0,False,False,0.0,0.0,0,0,0,0.0,0.0,0.0,0.0,0.0,1,0.0
,academy_3_vs_1_with_keeper,123,collect_rollout,7050,0,19,0.0,False,False,0.0,0.0,0,0,0,0.0,0.0,0.0,0.0,0.0,1,0.0
,academy_3_vs_1_with_keeper,123,collect_rollout,7051,0,20,0.0,False,False,0.0,0.0,0,0,0,0.0,0.0,0.0,0.0,0.0,1,0.0
,academy_3_vs_1_with_keeper,123,collect_rollout,7052,0,18,0.0,False,False,0.0,0.0,0,0,0,0.0,0.0,0.0,0.0,0.0,1,0.0
,academy_3_vs_1_with_keeper,123,collect_rollout,7053,0,16,0.0,False,False,0.0,0.0,0,0,0,0.0,0.0,0.0,0.0,0.0,1,0.0
,academy_3_vs_1_with_keeper,123,collect_rollout,7054,0,17,0.0,False,False,0.0,0.0,0,0,0,0.0,0.0,0.0,0.0,0.0,1,0.0
,academy_3_vs_1_with_keeper,123,collect_rollout,7055,0,15,0.0,False,False,0.0,0.0,0,0,0,0.0,0.0,0.0,0.0,0.0,1,0.0
,academy_3_vs_1_with_keeper,123,collect_rollout,7056,0,16,0.0,False,False,0.0,0.0,0,0,0,0.0,0.0,0.0,0.0,0.0,1,0.0
,academy_3_vs_1_with_keeper,123,collect_rollout,7057,0,23,0.0,False,False,0.0,0.0,0,0,0,0.0,0.0,0.0,0.0,0.0,1,0.0
,academy_3_vs_1_with_keeper,123,collect_rollout,7058,0,18,0.0,False,False,0.0,0.0,0,0,0,0.0,0.0,0.0,0.0,0.0,1,0.0
,academy_3_vs_1_with_keeper,123,collect_rollout,7059,0,17,0.0,False,False,0.0,0.0,0,0,0,0.0,0.0,0.0,0.0,0.0,1,0.0
,academy_3_vs_1_with_keeper,123,collect_rollout,7060,0,18,0.0,False,False,0.0,0.0,0,0,0,0.0,0.0,0.0,0.0,0.0,1,0.0
,academy_3_vs_1_with_keeper,123,collect_rollout,7061,0,17,0.0,False,False,0.0,0.0,0,0,0,0.0,0.0,0.0,0.0,0.0,1,0.0
,academy_3_vs_1_with_keeper,123,collect_rollout,7062,0,22,0.0,False,False,0.0,0.0,0,0,0,0.0,0.0,0.0,0.0,0.0,1,0.0
,academy_3_vs_1_with_keeper,123,collect_rollout,7063,0,17,0.0,False,False,0.0,0.0,0,0,0,0.0,0.0,0.0,0.0,0.0,1,0.0
,academy_3_vs_1_with_keeper,123,collect_rollout,7064,0,22,0.0,False,False,0.0,0.0,0,0,0,0.0,0.0,0.0,0.0,0.0,1,0.0
,academy_3_vs_1_with_keeper,123,collect_rollout,7065,0,17,0.0,False,False,0.0,0.0,0,0,0,0.0,0.0,0.0,0.0,0.0,1,0.0
,academy_3_vs_1_with_keeper,123,collect_rollout,7066,0,21,0.0,False,False,0.0,0.0,0,0,0,0.0,0.0,0.0,0.0,0.0,1,0.0
,academy_3_vs_1_with_keeper,123,collect_rollout,7067,0,21,0.0,False,False,0.0,0.0,0,0,0,0.0,0.0,0.0,0.0,0.0,1,0.0
,academy_3_vs_1_with_keeper,123,collect_rollout,7068,0,22,0.0,False,False,0.0,0.0,0,0,0,0.0,0.0,0.0,0.0,0.0,1,0.0
,academy_3_vs_1_with_keeper,123,collect_rollout,7069,0,22,0.0,False,False,0.0,0.0,0,0,0,0.0,0.0,0.0,0.0,0.0,1,0.0
,academy_3_vs_1_with_keeper,123,collect_rollout,7070,0,14,0.0,False,False,0.0,0.0,0,0,0,0.0,0.0,0.0,0.0,0.0,1,0.0
,academy_3_vs_1_with_keeper,123,collect_rollout,7071,0,23,0.0,False,False,0.0,0.0,0,0,0,0.0,0.0,0.0,0.0,0.0,1,0.0
,academy_3_vs_1_with_keeper,123,collect_rollout,7072,0,16,0.0,False,False,0.0,0.0,0,0,0,0.0,0.0,0.0,0.0,0.0,1,0.0
,academy_3_vs_1_with_keeper,123,collect_rollout,7073,0,16,0.0,False,False,0.0,0.0,0,0,0,0.0,0.0,0.0,0.0,0.0,1,0.0
,academy_3_vs_1_with_keeper,123,collect_rollout,7074,0,17,0.0,False,False,0.0,0.0,0,0,0,0.0,0.0,0.0,0.0,0.0,1,0.0
,academy_3_vs_1_with_keeper,123,collect_rollout,7075,0,20,0.0,False,False,0.0,0.0,0,0,0,0.0,0.0,0.0,0.0,0.0,1,0.0
,academy_3_vs_1_with_keeper,123,collect_rollout,7076,0,18,0.0,False,False,0.0,0.0,0,0,0,0.0,0.0,0.0,0.0,0.0,1,0.0
,academy_3_vs_1_with_keeper,123,collect_rollout,7077,0,16,0.0,False,False,0.0,0.0,0,0,0,0.0,0.0,0.0,0.0,0.0,1,0.0
,academy_3_vs_1_with_keeper,123,collect_rollout,7078,0,18,0.0,False,False,0.0,0.0,0,0,0,0.0,0.0,0.0,0.0,0.0,1,0.0
,academy_3_vs_1_with_keeper,123,collect_rollout,7079,0,14,0.0,False,False,0.0,0.0,0,0,0,0.0,0.0,0.0,0.0,0.0,1,0.0
,academy_3_vs_1_with_keeper,123,collect_rollout,7080,0,20,0.0,False,False,0.0,0.0,0,0,0,0.0,0.0,0.0,0.0,0.0,1,0.0
,academy_3_vs_1_with_keeper,123,collect_rollout,7081,0,20,0.0,False,False,0.0,0.0,0,0,0,0.0,0.0,0.0,0.0,0.0,1,0.0
,academy_3_vs_1_with_keeper,123,collect_rollout,7082,0,22,0.0,False,False,0.0,0.0,0,0,0,0.0,0.0,0.0,0.0,0.0,1,0.0
,academy_3_vs_1_with_keeper,123,collect_rollout,7083,0,18,0.0,False,False,0.0,0.0,0,0,0,0.0,0.0,0.0,0.0,0.0,1,0.0
,academy_3_vs_1_with_keeper,123,collect_rollout,7084,0,20,0.0,False,False,0.0,0.0,0,0,0,0.0,0.0,0.0,0.0,0.0,1,0.0
,academy_3_vs_1_with_keeper,123,collect_rollout,7085,0,21,0.0,False,False,0.0,0.0,0,0,0,0.0,0.0,0.0,0.0,0.0,1,0.0
,academy_3_vs_1_with_keeper,123,collect_rollout,7086,0,17,0.0,False,False,0.0,0.0,0,0,0,0.0,0.0,0.0,0.0,0.0,1,0.0
,academy_3_vs_1_with_keeper,123,collect_rollout,7087,0,19,0.0,False,False,0.0,0.0,0,0,0,0.0,0.0,0.0,0.0,0.0,1,0.0
,academy_3_vs_1_with_keeper,123,collect_rollout,7088,0,19,-0.003333333181217313,False,False,0.0,0.0,0,0,0,0.0,0.0,0.0,0.0,-0.003333333181217313,1,-0.003333333181217313
,academy_3_vs_1_with_keeper,123,collect_rollout,7089,0,20,0.0,False,False,0.0,0.0,0,0,0,0.0,0.0,0.0,0.0,0.0,1,0.0
,academy_3_vs_1_with_keeper,123,collect_rollout,7090,0,23,0.0,False,False,0.0,0.0,0,0,0,0.0,0.0,0.0,0.0,0.0,1,0.0
,academy_3_vs_1_with_keeper,123,collect_rollout,7091,0,19,0.0,False,False,0.0,0.0,0,0,0,0.0,0.0,0.0,0.0,0.0,1,0.0
,academy_3_vs_1_with_keeper,123,collect_rollout,7092,0,18,-0.003333333181217313,False,False,0.0,0.0,0,0,0,0.0,0.0,0.0,0.0,-0.003333333181217313,1,-0.003333333181217313
,academy_3_vs_1_with_keeper,123,collect_rollout,7093,0,16,0.0,False,False,0.0,0.0,0,0,0,0.0,0.0,0.0,0.0,0.0,1,0.0
,academy_3_vs_1_with_keeper,123,collect_rollout,7094,0,16,0.0,False,False,0.0,0.0,0,0,0,0.0,0.0,0.0,0.0,0.0,1,0.0
,academy_3_vs_1_with_keeper,123,collect_rollout,7095,0,17,0.0,False,False,0.0,0.0,0,0,0,0.0,0.0,0.0,0.0,0.0,1,0.0
,academy_3_vs_1_with_keeper,123,collect_rollout,7096,0,18,-0.003333333181217313,False,False,0.0,0.0,0,0,0,0.0,0.0,0.0,0.0,-0.003333333181217313,1,-0.003333333181217313
,academy_3_vs_1_with_keeper,123,collect_rollout,7097,0,16,0.0,False,False,0.0,0.0,0,0,0,0.0,0.0,0.0,0.0,0.0,1,0.0
,academy_3_vs_1_with_keeper,123,collect_rollout,7098,0,17,0.0,False,False,0.0,0.0,0,0,0,0.0,0.0,0.0,0.0,0.0,1,0.0
,academy_3_vs_1_with_keeper,123,collect_rollout,7099,0,20,0.0,False,False,0.0,0.0,0,0,0,0.0,0.0,0.0,0.0,0.0,1,0.0
,academy_3_vs_1_with_keeper,123,collect_rollout,7100,0,20,0.0,False,False,0.0,0.0,0,0,0,0.0,0.0,0.0,0.0,0.0,1,0.0
,academy_3_vs_1_with_keeper,123,collect_rollout,7101,0,13,0.0,False,False,0.0,0.0,0,0,0,0.0,0.0,0.0,0.0,0.0,1,0.0
,academy_3_vs_1_with_keeper,123,collect_rollout,7102,0,20,0.0,False,False,0.0,0.0,0,0,0,0.0,0.0,0.0,0.0,0.0,1,0.0
,academy_3_vs_1_with_keeper,123,collect_rollout,7103,0,19,0.0,False,False,0.0,0.0,0,0,0,0.0,0.0,0.0,0.0,0.0,1,0.0
,academy_3_vs_1_with_keeper,123,collect_rollout,7104,0,19,0.0,False,False,0.0,0.0,0,0,0,0.0,0.0,0.0,0.0,0.0,1,0.0
,academy_3_vs_1_with_keeper,123,collect_rollout,7105,0,20,0.0,False,False,0.0,0.0,0,0,0,0.0,0.0,0.0,0.0,0.0,1,0.0
,academy_3_vs_1_with_keeper,123,collect_rollout,7106,0,90,-0.2858110773959197,False,False,0.0,0.0,0,0,0,0.0,0.0,0.0,0.0,-0.2858110773959197,1,-0.2858110773959197
,academy_3_vs_1_with_keeper,123,collect_rollout,7107,0,20,0.0,False,False,0.0,0.0,0,0,0,0.0,0.0,0.0,0.0,0.0,1,0.0
,academy_3_vs_1_with_keeper,123,collect_rollout,7108,0,20,0.0,False,False,0.0,0.0,0,0,0,0.0,0.0,0.0,0.0,0.0,1,0.0
,academy_3_vs_1_with_keeper,123,collect_rollout,7109,0,19,0.0,False,False,0.0,0.0,0,0,0,0.0,0.0,0.0,0.0,0.0,1,0.0
,academy_3_vs_1_with_keeper,123,collect_rollout,7110,0,19,0.0,False,False,0.0,0.0,0,0,0,0.0,0.0,0.0,0.0,0.0,1,0.0
,academy_3_vs_1_with_keeper,123,collect_rollout,7111,0,19,0.0,False,False,0.0,0.0,0,0,0,0.0,0.0,0.0,0.0,0.0,1,0.0
,academy_3_vs_1_with_keeper,123,collect_rollout,7112,0,17,0.0,False,False,0.0,0.0,0,0,0,0.0,0.0,0.0,0.0,0.0,1,0.0
,academy_3_vs_1_with_keeper,123,collect_rollout,7113,0,18,0.0,False,False,0.0,0.0,0,0,0,0.0,0.0,0.0,0.0,0.0,1,0.0
,academy_3_vs_1_with_keeper,123,collect_rollout,7114,0,16,0.0,False,False,0.0,0.0,0,0,0,0.0,0.0,0.0,0.0,0.0,1,0.0
,academy_3_vs_1_with_keeper,123,collect_rollout,7115,0,20,0.0,False,False,0.0,0.0,0,0,0,0.0,0.0,0.0,0.0,0.0,1,0.0
,academy_3_vs_1_with_keeper,123,collect_rollout,7116,0,19,0.0,False,False,0.0,0.0,0,0,0,0.0,0.0,0.0,0.0,0.0,1,0.0
,academy_3_vs_1_with_keeper,123,collect_rollout,7117,0,21,0.0,False,False,0.0,0.0,0,0,0,0.0,0.0,0.0,0.0,0.0,1,0.0
,academy_3_vs_1_with_keeper,123,collect_rollout,7118,0,18,0.0,False,False,0.0,0.0,0,0,0,0.0,0.0,0.0,0.0,0.0,1,0.0
,academy_3_vs_1_with_keeper,123,collect_rollout,7119,0,22,0.0,False,False,0.0,0.0,0,0,0,0.0,0.0,0.0,0.0,0.0,1,0.0
,academy_3_vs_1_with_keeper,123,collect_rollout,7120,0,22,0.0,False,False,0.0,0.0,0,0,0,0.0,0.0,0.0,0.0,0.0,1,0.0
,academy_3_vs_1_with_keeper,123,collect_rollout,7121,0,19,0.0,False,False,0.0,0.0,0,0,0,0.0,0.0,0.0,0.0,0.0,1,0.0
,academy_3_vs_1_with_keeper,123,collect_rollout,7122,0,18,0.0,False,False,0.0,0.0,0,0,0,0.0,0.0,0.0,0.0,0.0,1,0.0
,academy_3_vs_1_with_keeper,123,collect_rollout,7123,0,17,0.0,False,False,0.0,0.0,0,0,0,0.0,0.0,0.0,0.0,0.0,1,0.0
,academy_3_vs_1_with_keeper,123,collect_rollout,7124,0,21,0.0,False,False,0.0,0.0,0,0,0,0.0,0.0,0.0,0.0,0.0,1,0.0
,academy_3_vs_1_with_keeper,123,collect_rollout,7125,0,18,-0.003333333181217313,False,False,0.0,0.0,0,0,0,0.0,0.0,0.0,0.0,-0.003333333181217313,1,-0.003333333181217313
,academy_3_vs_1_with_keeper,123,collect_rollout,7126,0,20,0.0,False,False,0.0,0.0,0,0,0,0.0,0.0,0.0,0.0,0.0,1,0.0
,academy_3_vs_1_with_keeper,123,collect_rollout,7127,0,17,0.0,False,False,0.0,0.0,0,0,0,0.0,0.0,0.0,0.0,0.0,1,0.0
,academy_3_vs_1_with_keeper,123,collect_rollout,7128,0,17,0.0,False,False,0.0,0.0,0,0,0,0.0,0.0,0.0,0.0,0.0,1,0.0
,academy_3_vs_1_with_keeper,123,collect_rollout,7129,0,22,0.0,False,False,0.0,0.0,0,0,0,0.0,0.0,0.0,0.0,0.0,1,0.0
,academy_3_vs_1_with_keeper,123,collect_rollout,7130,0,20,0.0,False,False,0.0,0.0,0,0,0,0.0,0.0,0.0,0.0,0.0,1,0.0
,academy_3_vs_1_with_keeper,123,collect_rollout,7131,0,22,-0.003333333181217313,False,False,0.0,0.0,0,0,0,0.0,0.0,0.0,0.0,-0.003333333181217313,1,-0.003333333181217313
,academy_3_vs_1_with_keeper,123,collect_rollout,7132,0,18,0.0,False,False,0.0,0.0,0,0,0,0.0,0.0,0.0,0.0,0.0,1,0.0
,academy_3_vs_1_with_keeper,123,collect_rollout,7133,0,21,0.0,False,False,0.0,0.0,0,0,0,0.0,0.0,0.0,0.0,0.0,1,0.0
,academy_3_vs_1_with_keeper,123,collect_rollout,7134,0,21,0.0,False,False,0.0,0.0,0,0,0,0.0,0.0,0.0,0.0,0.0,1,0.0
,academy_3_vs_1_with_keeper,123,collect_rollout,7135,0,21,0.0,False,False,0.0,0.0,0,0,0,0.0,0.0,0.0,0.0,0.0,1,0.0
,academy_3_vs_1_with_keeper,123,collect_rollout,7136,0,17,0.0,False,False,0.0,0.0,0,0,0,0.0,0.0,0.0,0.0,0.0,1,0.0
,academy_3_vs_1_with_keeper,123,collect_rollout,7137,0,20,0.0,False,False,0.0,0.0,0,0,0,0.0,0.0,0.0,0.0,0.0,1,0.0
,academy_3_vs_1_with_keeper,123,collect_rollout,7138,0,16,0.0,False,False,0.0,0.0,0,0,0,0.0,0.0,0.0,0.0,0.0,1,0.0
,academy_3_vs_1_with_keeper,123,collect_rollout,7139,0,21,0.0,False,False,0.0,0.0,0,0,0,0.0,0.0,0.0,0.0,0.0,1,0.0
,academy_3_vs_1_with_keeper,123,collect_rollout,7140,0,23,0.0,False,False,0.0,0.0,0,0,0,0.0,0.0,0.0,0.0,0.0,1,0.0
,academy_3_vs_1_with_keeper,123,collect_rollout,7141,0,21,0.0,False,False,0.0,0.0,0,0,0,0.0,0.0,0.0,0.0,0.0,1,0.0
,academy_3_vs_1_with_keeper,123,collect_rollout,7142,0,19,0.0,False,False,0.0,0.0,0,0,0,0.0,0.0,0.0,0.0,0.0,1,0.0
,academy_3_vs_1_with_keeper,123,collect_rollout,7143,0,65,-0.19546933367382735,False,False,0.0,0.0,0,0,0,0.0,0.0,0.0,0.0,-0.19546933367382735,1,-0.19546933367382735
,academy_3_vs_1_with_keeper,123,collect_rollout,7144,0,19,0.0,False,False,0.0,0.0,0,0,0,0.0,0.0,0.0,0.0,0.0,1,0.0
,academy_3_vs_1_with_keeper,123,collect_rollout,7145,0,18,0.0,False,False,0.0,0.0,0,0,0,0.0,0.0,0.0,0.0,0.0,1,0.0
,academy_3_vs_1_with_keeper,123,collect_rollout,7146,0,20,0.0,False,False,0.0,0.0,0,0,0,0.0,0.0,0.0,0.0,0.0,1,0.0
,academy_3_vs_1_with_keeper,123,collect_rollout,7147,0,22,0.0,False,False,0.0,0.0,0,0,0,0.0,0.0,0.0,0.0,0.0,1,0.0
,academy_3_vs_1_with_keeper,123,collect_rollout,7148,0,22,0.0,False,False,0.0,0.0,0,0,0,0.0,0.0,0.0,0.0,0.0,1,0.0
,academy_3_vs_1_with_keeper,123,collect_rollout,7149,0,20,0.0,False,False,0.0,0.0,0,0,0,0.0,0.0,0.0,0.0,0.0,1,0.0
,academy_3_vs_1_with_keeper,123,collect_rollout,7150,0,19,0.0,False,False,0.0,0.0,0,0,0,0.0,0.0,0.0,0.0,0.0,1,0.0
,academy_3_vs_1_with_keeper,123,collect_rollout,7151,0,17,0.0,False,False,0.0,0.0,0,0,0,0.0,0.0,0.0,0.0,0.0,1,0.0
,academy_3_vs_1_with_keeper,123,collect_rollout,7152,0,18,0.0,False,False,0.0,0.0,0,0,0,0.0,0.0,0.0,0.0,0.0,1,0.0
,academy_3_vs_1_with_keeper,123,collect_rollout,7153,0,16,0.0,False,False,0.0,0.0,0,0,0,0.0,0.0,0.0,0.0,0.0,1,0.0
,academy_3_vs_1_with_keeper,123,collect_rollout,7154,0,20,0.0,False,False,0.0,0.0,0,0,0,0.0,0.0,0.0,0.0,0.0,1,0.0
,academy_3_vs_1_with_keeper,123,collect_rollout,7155,0,19,0.0,False,False,0.0,0.0,0,0,0,0.0,0.0,0.0,0.0,0.0,1,0.0
,academy_3_vs_1_with_keeper,123,collect_rollout,7156,0,18,0.0,False,False,0.0,0.0,0,0,0,0.0,0.0,0.0,0.0,0.0,1,0.0
,academy_3_vs_1_with_keeper,123,collect_rollout,7157,0,19,0.0,False,False,0.0,0.0,0,0,0,0.0,0.0,0.0,0.0,0.0,1,0.0
,academy_3_vs_1_with_keeper,123,collect_rollout,7158,0,23,0.0,False,False,0.0,0.0,0,0,0,0.0,0.0,0.0,0.0,0.0,1,0.0
,academy_3_vs_1_with_keeper,123,collect_rollout,7159,0,18,0.0,False,False,0.0,0.0,0,0,0,0.0,0.0,0.0,0.0,0.0,1,0.0
,academy_3_vs_1_with_keeper,123,collect_rollout,7160,0,15,0.0,False,False,0.0,0.0,0,0,0,0.0,0.0,0.0,0.0,0.0,1,0.0
,academy_3_vs_1_with_keeper,123,collect_rollout,7161,0,20,0.0,False,False,0.0,0.0,0,0,0,0.0,0.0,0.0,0.0,0.0,1,0.0
,academy_3_vs_1_with_keeper,123,collect_rollout,7162,0,17,0.0,False,False,0.0,0.0,0,0,0,0.0,0.0,0.0,0.0,0.0,1,0.0
,academy_3_vs_1_with_keeper,123,collect_rollout,7163,0,19,0.0,False,False,0.0,0.0,0,0,0,0.0,0.0,0.0,0.0,0.0,1,0.0
,academy_3_vs_1_with_keeper,123,collect_rollout,7164,0,16,0.0,False,False,0.0,0.0,0,0,0,0.0,0.0,0.0,0.0,0.0,1,0.0
,academy_3_vs_1_with_keeper,123,collect_rollout,7165,0,18,0.0,False,False,0.0,0.0,0,0,0,0.0,0.0,0.0,0.0,0.0,1,0.0
,academy_3_vs_1_with_keeper,123,collect_rollout,7166,0,20,0.0,False,False,0.0,0.0,0,0,0,0.0,0.0,0.0,0.0,0.0,1,0.0
,academy_3_vs_1_with_keeper,123,collect_rollout,7167,0,16,0.0,False,False,0.0,0.0,0,0,0,0.0,0.0,0.0,0.0,0.0,1,0.0
,academy_3_vs_1_with_keeper,123,collect_rollout,7168,0,20,0.0,False,False,0.0,0.0,0,0,0,0.0,0.0,0.0,0.0,0.0,1,0.0
,academy_3_vs_1_with_keeper,123,collect_rollout,7169,0,18,0.0,False,False,0.0,0.0,0,0,0,0.0,0.0,0.0,0.0,0.0,1,0.0
,academy_3_vs_1_with_keeper,123,collect_rollout,7170,0,16,0.0,False,False,0.0,0.0,0,0,0,0.0,0.0,0.0,0.0,0.0,1,0.0
,academy_3_vs_1_with_keeper,123,collect_rollout,7171,0,18,0.0,False,False,0.0,0.0,0,0,0,0.0,0.0,0.0,0.0,0.0,1,0.0
,academy_3_vs_1_with_keeper,123,collect_rollout,7172,0,20,0.0,False,False,0.0,0.0,0,0,0,0.0,0.0,0.0,0.0,0.0,1,0.0
,academy_3_vs_1_with_keeper,123,collect_rollout,7173,0,18,0.0,False,False,0.0,0.0,0,0,0,0.0,0.0,0.0,0.0,0.0,1,0.0
,academy_3_vs_1_with_keeper,123,collect_rollout,7174,0,17,0.0,False,False,0.0,0.0,0,0,0,0.0,0.0,0.0,0.0,0.0,1,0.0
,academy_3_vs_1_with_keeper,123,collect_rollout,7175,0,82,-0.10850225345348008,False,False,0.0,0.0,0,0,0,0.0,0.0,0.0,0.0,-0.10850225345348008,1,-0.10850225345348008
,academy_3_vs_1_with_keeper,123,collect_rollout,7176,0,21,0.0,False,False,0.0,0.0,0,0,0,0.0,0.0,0.0,0.0,0.0,1,0.0
,academy_3_vs_1_with_keeper,123,collect_rollout,7177,0,20,0.0,False,False,0.0,0.0,0,0,0,0.0,0.0,0.0,0.0,0.0,1,0.0
,academy_3_vs_1_with_keeper,123,collect_rollout,7178,0,15,0.0,False,False,0.0,0.0,0,0,0,0.0,0.0,0.0,0.0,0.0,1,0.0
,academy_3_vs_1_with_keeper,123,collect_rollout,7179,0,18,0.0,False,False,0.0,0.0,0,0,0,0.0,0.0,0.0,0.0,0.0,1,0.0
,academy_3_vs_1_with_keeper,123,collect_rollout,7180,0,21,0.0,False,False,0.0,0.0,0,0,0,0.0,0.0,0.0,0.0,0.0,1,0.0
,academy_3_vs_1_with_keeper,123,collect_rollout,7181,0,17,0.0,False,False,0.0,0.0,0,0,0,0.0,0.0,0.0,0.0,0.0,1,0.0
,academy_3_vs_1_with_keeper,123,collect_rollout,7182,0,19,0.0,False,False,0.0,0.0,0,0,0,0.0,0.0,0.0,0.0,0.0,1,0.0
,academy_3_vs_1_with_keeper,123,collect_rollout,7183,0,21,0.0,False,False,0.0,0.0,0,0,0,0.0,0.0,0.0,0.0,0.0,1,0.0
,academy_3_vs_1_with_keeper,123,collect_rollout,7184,0,22,0.0,False,False,0.0,0.0,0,0,0,0.0,0.0,0.0,0.0,0.0,1,0.0
,academy_3_vs_1_with_keeper,123,collect_rollout,7185,0,21,0.0,False,False,0.0,0.0,0,0,0,0.0,0.0,0.0,0.0,0.0,1,0.0
,academy_3_vs_1_with_keeper,123,collect_rollout,7186,0,96,-0.15543377795256674,False,False,0.0,0.0,0,0,0,0.0,0.0,0.0,0.0,-0.15543377795256674,1,-0.15543377795256674
,academy_3_vs_1_with_keeper,123,collect_rollout,7187,0,20,0.0,False,False,0.0,0.0,0,0,0,0.0,0.0,0.0,0.0,0.0,1,0.0
,academy_3_vs_1_with_keeper,123,collect_rollout,7188,0,21,0.0,False,False,0.0,0.0,0,0,0,0.0,0.0,0.0,0.0,0.0,1,0.0
,academy_3_vs_1_with_keeper,123,collect_rollout,7189,0,19,0.0,False,False,0.0,0.0,0,0,0,0.0,0.0,0.0,0.0,0.0,1,0.0
,academy_3_vs_1_with_keeper,123,collect_rollout,7190,0,17,0.0,False,False,0.0,0.0,0,0,0,0.0,0.0,0.0,0.0,0.0,1,0.0
,academy_3_vs_1_with_keeper,123,collect_rollout,7191,0,17,0.0,False,False,0.0,0.0,0,0,0,0.0,0.0,0.0,0.0,0.0,1,0.0
,academy_3_vs_1_with_keeper,123,collect_rollout,7192,0,24,0.0,False,False,0.0,0.0,0,0,0,0.0,0.0,0.0,0.0,0.0,1,0.0
,academy_3_vs_1_with_keeper,123,collect_rollout,7193,0,15,-0.003333333181217313,False,False,0.0,0.0,0,0,0,0.0,0.0,0.0,0.0,-0.003333333181217313,1,-0.003333333181217313
,academy_3_vs_1_with_keeper,123,collect_rollout,7194,0,14,0.0,False,False,0.0,0.0,0,0,0,0.0,0.0,0.0,0.0,0.0,1,0.0
,academy_3_vs_1_with_keeper,123,collect_rollout,7195,0,21,0.0,False,False,0.0,0.0,0,0,0,0.0,0.0,0.0,0.0,0.0,1,0.0
,academy_3_vs_1_with_keeper,123,collect_rollout,7196,0,22,0.0,False,False,0.0,0.0,0,0,0,0.0,0.0,0.0,0.0,0.0,1,0.0
,academy_3_vs_1_with_keeper,123,collect_rollout,7197,0,18,0.0,False,False,0.0,0.0,0,0,0,0.0,0.0,0.0,0.0,0.0,1,0.0
,academy_3_vs_1_with_keeper,123,collect_rollout,7198,0,78,-0.18114669038914144,False,False,0.0,0.0,0,0,0,0.0,0.0,0.0,0.0,-0.18114669038914144,1,-0.18114669038914144
,academy_3_vs_1_with_keeper,123,collect_rollout,7199,0,19,0.0,False,False,0.0,0.0,0,0,0,0.0,0.0,0.0,0.0,0.0,1,0.0
,academy_3_vs_1_with_keeper,123,collect_rollout,7200,0,21,-0.003333333181217313,False,False,0.0,0.0,0,0,0,0.0,0.0,0.0,0.0,-0.003333333181217313,1,-0.003333333181217313
,academy_3_vs_1_with_keeper,123,collect_rollout,7201,0,20,0.0,False,False,0.0,0.0,0,0,0,0.0,0.0,0.0,0.0,0.0,1,0.0
,academy_3_vs_1_with_keeper,123,collect_rollout,7202,0,18,0.0,False,False,0.0,0.0,0,0,0,0.0,0.0,0.0,0.0,0.0,1,0.0
,academy_3_vs_1_with_keeper,123,collect_rollout,7203,0,20,0.0,False,False,0.0,0.0,0,0,0,0.0,0.0,0.0,0.0,0.0,1,0.0
,academy_3_vs_1_with_keeper,123,collect_rollout,7204,0,17,0.0,False,False,0.0,0.0,0,0,0,0.0,0.0,0.0,0.0,0.0,1,0.0
,academy_3_vs_1_with_keeper,123,collect_rollout,7205,0,21,0.0,False,False,0.0,0.0,0,0,0,0.0,0.0,0.0,0.0,0.0,1,0.0
,academy_3_vs_1_with_keeper,123,collect_rollout,7206,0,23,0.0,False,False,0.0,0.0,0,0,0,0.0,0.0,0.0,0.0,0.0,1,0.0
,academy_3_vs_1_with_keeper,123,collect_rollout,7207,0,18,0.0,False,False,0.0,0.0,0,0,0,0.0,0.0,0.0,0.0,0.0,1,0.0
,academy_3_vs_1_with_keeper,123,collect_rollout,7208,0,22,0.0,False,False,0.0,0.0,0,0,0,0.0,0.0,0.0,0.0,0.0,1,0.0
,academy_3_vs_1_with_keeper,123,collect_rollout,7209,0,16,0.0,False,False,0.0,0.0,0,0,0,0.0,0.0,0.0,0.0,0.0,1,0.0
,academy_3_vs_1_with_keeper,123,collect_rollout,7210,0,21,0.0,False,False,0.0,0.0,0,0,0,0.0,0.0,0.0,0.0,0.0,1,0.0
,academy_3_vs_1_with_keeper,123,collect_rollout,7211,0,18,0.0,False,False,0.0,0.0,0,0,0,0.0,0.0,0.0,0.0,0.0,1,0.0
,academy_3_vs_1_with_keeper,123,collect_rollout,7212,0,17,0.0,False,False,0.0,0.0,0,0,0,0.0,0.0,0.0,0.0,0.0,1,0.0
,academy_3_vs_1_with_keeper,123,collect_rollout,7213,0,22,0.0,False,False,0.0,0.0,0,0,0,0.0,0.0,0.0,0.0,0.0,1,0.0
,academy_3_vs_1_with_keeper,123,collect_rollout,7214,0,16,0.0,False,False,0.0,0.0,0,0,0,0.0,0.0,0.0,0.0,0.0,1,0.0
,academy_3_vs_1_with_keeper,123,collect_rollout,7215,0,17,0.0,False,False,0.0,0.0,0,0,0,0.0,0.0,0.0,0.0,0.0,1,0.0
,academy_3_vs_1_with_keeper,123,collect_rollout,7216,0,20,0.0,False,False,0.0,0.0,0,0,0,0.0,0.0,0.0,0.0,0.0,1,0.0
,academy_3_vs_1_with_keeper,123,collect_rollout,7217,0,20,0.0,False,False,0.0,0.0,0,0,0,0.0,0.0,0.0,0.0,0.0,1,0.0
,academy_3_vs_1_with_keeper,123,collect_rollout,7218,0,17,0.0,False,False,0.0,0.0,0,0,0,0.0,0.0,0.0,0.0,0.0,1,0.0
,academy_3_vs_1_with_keeper,123,collect_rollout,7219,0,16,0.0,False,False,0.0,0.0,0,0,0,0.0,0.0,0.0,0.0,0.0,1,0.0
,academy_3_vs_1_with_keeper,123,collect_rollout,7220,0,16,0.0,False,False,0.0,0.0,0,0,0,0.0,0.0,0.0,0.0,0.0,1,0.0
,academy_3_vs_1_with_keeper,123,collect_rollout,7221,0,15,0.0,False,False,0.0,0.0,0,0,0,0.0,0.0,0.0,0.0,0.0,1,0.0
,academy_3_vs_1_with_keeper,123,collect_rollout,7222,0,18,0.0,False,False,0.0,0.0,0,0,0,0.0,0.0,0.0,0.0,0.0,1,0.0
,academy_3_vs_1_with_keeper,123,collect_rollout,7223,0,22,0.0,False,False,0.0,0.0,0,0,0,0.0,0.0,0.0,0.0,0.0,1,0.0
,academy_3_vs_1_with_keeper,123,collect_rollout,7224,0,23,0.0,False,False,0.0,0.0,0,0,0,0.0,0.0,0.0,0.0,0.0,1,0.0
,academy_3_vs_1_with_keeper,123,collect_rollout,7225,0,15,0.0,False,False,0.0,0.0,0,0,0,0.0,0.0,0.0,0.0,0.0,1,0.0
,academy_3_vs_1_with_keeper,123,collect_rollout,7226,0,16,0.0,False,False,0.0,0.0,0,0,0,0.0,0.0,0.0,0.0,0.0,1,0.0
,academy_3_vs_1_with_keeper,123,collect_rollout,7227,0,19,0.0,False,False,0.0,0.0,0,0,0,0.0,0.0,0.0,0.0,0.0,1,0.0
,academy_3_vs_1_with_keeper,123,collect_rollout,7228,0,21,0.0,False,False,0.0,0.0,0,0,0,0.0,0.0,0.0,0.0,0.0,1,0.0
,academy_3_vs_1_with_keeper,123,collect_rollout,7229,0,16,0.0,False,False,0.0,0.0,0,0,0,0.0,0.0,0.0,0.0,0.0,1,0.0
,academy_3_vs_1_with_keeper,123,collect_rollout,7230,0,34,-0.042828524485230446,False,False,0.0,0.0,0,0,0,0.0,0.0,0.0,0.0,-0.042828524485230446,1,-0.042828524485230446
,academy_3_vs_1_with_keeper,123,collect_rollout,7231,0,19,0.0,False,False,0.0,0.0,0,0,0,0.0,0.0,0.0,0.0,0.0,1,0.0
,academy_3_vs_1_with_keeper,123,collect_rollout,7232,0,17,0.0,False,False,0.0,0.0,0,0,0,0.0,0.0,0.0,0.0,0.0,1,0.0
,academy_3_vs_1_with_keeper,123,collect_rollout,7233,0,18,0.0,False,False,0.0,0.0,0,0,0,0.0,0.0,0.0,0.0,0.0,1,0.0
,academy_3_vs_1_with_keeper,123,collect_rollout,7234,0,20,0.0,False,False,0.0,0.0,0,0,0,0.0,0.0,0.0,0.0,0.0,1,0.0
,academy_3_vs_1_with_keeper,123,collect_rollout,7235,0,21,0.0,False,False,0.0,0.0,0,0,0,0.0,0.0,0.0,0.0,0.0,1,0.0
,academy_3_vs_1_with_keeper,123,collect_rollout,7236,0,17,0.0,False,False,0.0,0.0,0,0,0,0.0,0.0,0.0,0.0,0.0,1,0.0
,academy_3_vs_1_with_keeper,123,collect_rollout,7237,0,18,0.0,False,False,0.0,0.0,0,0,0,0.0,0.0,0.0,0.0,0.0,1,0.0
,academy_3_vs_1_with_keeper,123,collect_rollout,7238,0,18,0.0,False,False,0.0,0.0,0,0,0,0.0,0.0,0.0,0.0,0.0,1,0.0
,academy_3_vs_1_with_keeper,123,collect_rollout,7239,0,20,0.0,False,False,0.0,0.0,0,0,0,0.0,0.0,0.0,0.0,0.0,1,0.0
,academy_3_vs_1_with_keeper,123,collect_rollout,7240,0,17,0.0,False,False,0.0,0.0,0,0,0,0.0,0.0,0.0,0.0,0.0,1,0.0
,academy_3_vs_1_with_keeper,123,collect_rollout,7241,0,21,0.0,False,False,0.0,0.0,0,0,0,0.0,0.0,0.0,0.0,0.0,1,0.0
,academy_3_vs_1_with_keeper,123,collect_rollout,7242,0,22,0.0,False,False,0.0,0.0,0,0,0,0.0,0.0,0.0,0.0,0.0,1,0.0
,academy_3_vs_1_with_keeper,123,collect_rollout,7243,0,19,0.0,False,False,0.0,0.0,0,0,0,0.0,0.0,0.0,0.0,0.0,1,0.0
,academy_3_vs_1_with_keeper,123,collect_rollout,7244,0,21,0.0,False,False,0.0,0.0,0,0,0,0.0,0.0,0.0,0.0,0.0,1,0.0
,academy_3_vs_1_with_keeper,123,collect_rollout,7245,0,19,0.0,False,False,0.0,0.0,0,0,0,0.0,0.0,0.0,0.0,0.0,1,0.0
,academy_3_vs_1_with_keeper,123,collect_rollout,7246,0,16,0.0,False,False,0.0,0.0,0,0,0,0.0,0.0,0.0,0.0,0.0,1,0.0
,academy_3_vs_1_with_keeper,123,collect_rollout,7247,0,18,0.0,False,False,0.0,0.0,0,0,0,0.0,0.0,0.0,0.0,0.0,1,0.0
,academy_3_vs_1_with_keeper,123,collect_rollout,7248,0,42,-0.013379369134781882,False,False,0.0,0.0,0,0,0,0.0,0.0,0.0,0.0,-0.013379369134781882,1,-0.013379369134781882
,academy_3_vs_1_with_keeper,123,collect_rollout,7249,0,20,0.0,False,False,0.0,0.0,0,0,0,0.0,0.0,0.0,0.0,0.0,1,0.0
,academy_3_vs_1_with_keeper,123,collect_rollout,7250,0,19,0.0,False,False,0.0,0.0,0,0,0,0.0,0.0,0.0,0.0,0.0,1,0.0
,academy_3_vs_1_with_keeper,123,collect_rollout,7251,0,21,0.0,False,False,0.0,0.0,0,0,0,0.0,0.0,0.0,0.0,0.0,1,0.0
,academy_3_vs_1_with_keeper,123,collect_rollout,7252,0,15,0.0,False,False,0.0,0.0,0,0,0,0.0,0.0,0.0,0.0,0.0,1,0.0
,academy_3_vs_1_with_keeper,123,collect_rollout,7253,0,19,0.0,False,False,0.0,0.0,0,0,0,0.0,0.0,0.0,0.0,0.0,1,0.0
,academy_3_vs_1_with_keeper,123,collect_rollout,7254,0,18,0.0,False,False,0.0,0.0,0,0,0,0.0,0.0,0.0,0.0,0.0,1,0.0
,academy_3_vs_1_with_keeper,123,collect_rollout,7255,0,19,0.0,False,False,0.0,0.0,0,0,0,0.0,0.0,0.0,0.0,0.0,1,0.0
,academy_3_vs_1_with_keeper,123,collect_rollout,7256,0,18,0.0,False,False,0.0,0.0,0,0,0,0.0,0.0,0.0,0.0,0.0,1,0.0
,academy_3_vs_1_with_keeper,123,collect_rollout,7257,0,20,0.0,False,False,0.0,0.0,0,0,0,0.0,0.0,0.0,0.0,0.0,1,0.0
,academy_3_vs_1_with_keeper,123,collect_rollout,7258,0,20,0.0,False,False,0.0,0.0,0,0,0,0.0,0.0,0.0,0.0,0.0,1,0.0
,academy_3_vs_1_with_keeper,123,collect_rollout,7259,0,19,0.0,False,False,0.0,0.0,0,0,0,0.0,0.0,0.0,0.0,0.0,1,0.0
,academy_3_vs_1_with_keeper,123,collect_rollout,7260,0,22,0.0,False,False,0.0,0.0,0,0,0,0.0,0.0,0.0,0.0,0.0,1,0.0
,academy_3_vs_1_with_keeper,123,collect_rollout,7261,0,16,0.0,False,False,0.0,0.0,0,0,0,0.0,0.0,0.0,0.0,0.0,1,0.0
,academy_3_vs_1_with_keeper,123,collect_rollout,7262,0,15,0.0,False,False,0.0,0.0,0,0,0,0.0,0.0,0.0,0.0,0.0,1,0.0
,academy_3_vs_1_with_keeper,123,collect_rollout,7263,0,16,0.0,False,False,0.0,0.0,0,0,0,0.0,0.0,0.0,0.0,0.0,1,0.0
,academy_3_vs_1_with_keeper,123,collect_rollout,7264,0,20,-0.003333333181217313,False,False,0.0,0.0,0,0,0,0.0,0.0,0.0,0.0,-0.003333333181217313,1,-0.003333333181217313
,academy_3_vs_1_with_keeper,123,collect_rollout,7265,0,21,0.0,False,False,0.0,0.0,0,0,0,0.0,0.0,0.0,0.0,0.0,1,0.0
,academy_3_vs_1_with_keeper,123,collect_rollout,7266,0,16,0.0,False,False,0.0,0.0,0,0,0,0.0,0.0,0.0,0.0,0.0,1,0.0
,academy_3_vs_1_with_keeper,123,collect_rollout,7267,0,19,0.0,False,False,0.0,0.0,0,0,0,0.0,0.0,0.0,0.0,0.0,1,0.0
,academy_3_vs_1_with_keeper,123,collect_rollout,7268,0,19,0.0,False,False,0.0,0.0,0,0,0,0.0,0.0,0.0,0.0,0.0,1,0.0
,academy_3_vs_1_with_keeper,123,collect_rollout,7269,0,20,0.0,False,False,0.0,0.0,0,0,0,0.0,0.0,0.0,0.0,0.0,1,0.0
,academy_3_vs_1_with_keeper,123,collect_rollout,7270,0,17,0.0,False,False,0.0,0.0,0,0,0,0.0,0.0,0.0,0.0,0.0,1,0.0
,academy_3_vs_1_with_keeper,123,collect_rollout,7271,0,19,0.0,False,False,0.0,0.0,0,0,0,0.0,0.0,0.0,0.0,0.0,1,0.0
,academy_3_vs_1_with_keeper,123,collect_rollout,7272,0,17,0.0,False,False,0.0,0.0,0,0,0,0.0,0.0,0.0,0.0,0.0,1,0.0
,academy_3_vs_1_with_keeper,123,collect_rollout,7273,0,98,-0.3880501030216692,False,False,0.0,0.0,0,0,0,0.0,0.0,0.0,0.0,-0.3880501030216692,1,-0.3880501030216692
,academy_3_vs_1_with_keeper,123,collect_rollout,7274,0,18,0.0,False,False,0.0,0.0,0,0,0,0.0,0.0,0.0,0.0,0.0,1,0.0
,academy_3_vs_1_with_keeper,123,collect_rollout,7275,0,17,0.0,False,False,0.0,0.0,0,0,0,0.0,0.0,0.0,0.0,0.0,1,0.0
,academy_3_vs_1_with_keeper,123,collect_rollout,7276,0,17,0.0,False,False,0.0,0.0,0,0,0,0.0,0.0,0.0,0.0,0.0,1,0.0
,academy_3_vs_1_with_keeper,123,collect_rollout,7277,0,18,0.0,False,False,0.0,0.0,0,0,0,0.0,0.0,0.0,0.0,0.0,1,0.0
,academy_3_vs_1_with_keeper,123,collect_rollout,7278,0,75,-0.25171328436772455,False,False,0.0,0.0,0,0,0,0.0,0.0,0.0,0.0,-0.25171328436772455,1,-0.25171328436772455
,academy_3_vs_1_with_keeper,123,collect_rollout,7279,0,91,-0.08414978168912057,False,False,0.0,0.0,0,0,0,0.0,0.0,0.0,0.0,-0.08414978168912057,1,-0.08414978168912057
,academy_3_vs_1_with_keeper,123,collect_rollout,7280,0,15,0.0,False,False,0.0,0.0,0,0,0,0.0,0.0,0.0,0.0,0.0,1,0.0
,academy_3_vs_1_with_keeper,123,collect_rollout,7281,0,23,0.0,False,False,0.0,0.0,0,0,0,0.0,0.0,0.0,0.0,0.0,1,0.0
,academy_3_vs_1_with_keeper,123,collect_rollout,7282,0,17,0.0,False,False,0.0,0.0,0,0,0,0.0,0.0,0.0,0.0,0.0,1,0.0
,academy_3_vs_1_with_keeper,123,collect_rollout,7283,0,18,0.0,False,False,0.0,0.0,0,0,0,0.0,0.0,0.0,0.0,0.0,1,0.0
,academy_3_vs_1_with_keeper,123,collect_rollout,7284,0,18,0.0,False,False,0.0,0.0,0,0,0,0.0,0.0,0.0,0.0,0.0,1,0.0
,academy_3_vs_1_with_keeper,123,collect_rollout,7285,0,17,0.0,False,False,0.0,0.0,0,0,0,0.0,0.0,0.0,0.0,0.0,1,0.0
,academy_3_vs_1_with_keeper,123,collect_rollout,7286,0,21,0.0,False,False,0.0,0.0,0,0,0,0.0,0.0,0.0,0.0,0.0,1,0.0
,academy_3_vs_1_with_keeper,123,collect_rollout,7287,0,16,0.0,False,False,0.0,0.0,0,0,0,0.0,0.0,0.0,0.0,0.0,1,0.0
,academy_3_vs_1_with_keeper,123,collect_rollout,7288,0,18,0.0,False,False,0.0,0.0,0,0,0,0.0,0.0,0.0,0.0,0.0,1,0.0
,academy_3_vs_1_with_keeper,123,collect_rollout,7289,0,20,0.0,False,False,0.0,0.0,0,0,0,0.0,0.0,0.0,0.0,0.0,1,0.0
,academy_3_vs_1_with_keeper,123,collect_rollout,7290,0,22,-0.003333333181217313,False,False,0.0,0.0,0,0,0,0.0,0.0,0.0,0.0,-0.003333333181217313,1,-0.003333333181217313
,academy_3_vs_1_with_keeper,123,collect_rollout,7291,0,19,0.0,False,False,0.0,0.0,0,0,0,0.0,0.0,0.0,0.0,0.0,1,0.0
,academy_3_vs_1_with_keeper,123,collect_rollout,7292,0,18,0.0,False,False,0.0,0.0,0,0,0,0.0,0.0,0.0,0.0,0.0,1,0.0
,academy_3_vs_1_with_keeper,123,collect_rollout,7293,0,21,0.0,False,False,0.0,0.0,0,0,0,0.0,0.0,0.0,0.0,0.0,1,0.0
,academy_3_vs_1_with_keeper,123,collect_rollout,7294,0,19,0.0,False,False,0.0,0.0,0,0,0,0.0,0.0,0.0,0.0,0.0,1,0.0
,academy_3_vs_1_with_keeper,123,collect_rollout,7295,0,20,0.0,False,False,0.0,0.0,0,0,0,0.0,0.0,0.0,0.0,0.0,1,0.0
,academy_3_vs_1_with_keeper,123,collect_rollout,7296,0,23,-0.003333333181217313,False,False,0.0,0.0,0,0,0,0.0,0.0,0.0,0.0,-0.003333333181217313,1,-0.003333333181217313
,academy_3_vs_1_with_keeper,123,collect_rollout,7297,0,17,0.0,False,False,0.0,0.0,0,0,0,0.0,0.0,0.0,0.0,0.0,1,0.0
,academy_3_vs_1_with_keeper,123,collect_rollout,7298,0,16,0.0,False,False,0.0,0.0,0,0,0,0.0,0.0,0.0,0.0,0.0,1,0.0
,academy_3_vs_1_with_keeper,123,collect_rollout,7299,0,88,-0.0500000009778887,False,False,0.0,0.0,0,0,0,0.0,0.0,0.0,0.0,-0.0500000009778887,1,-0.0500000009778887
,academy_3_vs_1_with_keeper,123,collect_rollout,7300,0,22,0.0,False,False,0.0,0.0,0,0,0,0.0,0.0,0.0,0.0,0.0,1,0.0
,academy_3_vs_1_with_keeper,123,collect_rollout,7301,0,17,0.0,False,False,0.0,0.0,0,0,0,0.0,0.0,0.0,0.0,0.0,1,0.0
,academy_3_vs_1_with_keeper,123,collect_rollout,7302,0,22,0.0,False,False,0.0,0.0,0,0,0,0.0,0.0,0.0,0.0,0.0,1,0.0
,academy_3_vs_1_with_keeper,123,collect_rollout,7303,0,20,0.0,False,False,0.0,0.0,0,0,0,0.0,0.0,0.0,0.0,0.0,1,0.0
,academy_3_vs_1_with_keeper,123,collect_rollout,7304,0,18,0.0,False,False,0.0,0.0,0,0,0,0.0,0.0,0.0,0.0,0.0,1,0.0
,academy_3_vs_1_with_keeper,123,collect_rollout,7305,0,22,0.0,False,False,0.0,0.0,0,0,0,0.0,0.0,0.0,0.0,0.0,1,0.0
,academy_3_vs_1_with_keeper,123,collect_rollout,7306,0,21,0.0,False,False,0.0,0.0,0,0,0,0.0,0.0,0.0,0.0,0.0,1,0.0
,academy_3_vs_1_with_keeper,123,collect_rollout,7307,0,14,0.0,False,False,0.0,0.0,0,0,0,0.0,0.0,0.0,0.0,0.0,1,0.0
,academy_3_vs_1_with_keeper,123,collect_rollout,7308,0,17,0.0,False,False,0.0,0.0,0,0,0,0.0,0.0,0.0,0.0,0.0,1,0.0
,academy_3_vs_1_with_keeper,123,collect_rollout,7309,0,21,-0.003333333181217313,False,False,0.0,0.0,0,0,0,0.0,0.0,0.0,0.0,-0.003333333181217313,1,-0.003333333181217313
,academy_3_vs_1_with_keeper,123,collect_rollout,7310,0,21,0.0,False,False,0.0,0.0,0,0,0,0.0,0.0,0.0,0.0,0.0,1,0.0
,academy_3_vs_1_with_keeper,123,collect_rollout,7311,0,21,-0.003333333181217313,False,False,0.0,0.0,0,0,0,0.0,0.0,0.0,0.0,-0.003333333181217313,1,-0.003333333181217313
,academy_3_vs_1_with_keeper,123,collect_rollout,7312,0,97,-0.17312443780247122,False,False,0.0,0.0,0,0,0,0.0,0.0,0.0,0.0,-0.17312443780247122,1,-0.17312443780247122
,academy_3_vs_1_with_keeper,123,collect_rollout,7313,0,22,0.0,False,False,0.0,0.0,0,0,0,0.0,0.0,0.0,0.0,0.0,1,0.0
,academy_3_vs_1_with_keeper,123,collect_rollout,7314,0,17,0.0,False,False,0.0,0.0,0,0,0,0.0,0.0,0.0,0.0,0.0,1,0.0
,academy_3_vs_1_with_keeper,123,collect_rollout,7315,0,22,0.0,False,False,0.0,0.0,0,0,0,0.0,0.0,0.0,0.0,0.0,1,0.0
,academy_3_vs_1_with_keeper,123,collect_rollout,7316,0,162,-0.7303354264004156,False,False,0.0,0.0,0,0,0,0.0,0.0,0.0,0.0,-0.7303354264004156,1,-0.7303354264004156
,academy_3_vs_1_with_keeper,123,collect_rollout,7317,0,126,-0.5279616590414662,False,False,0.0,0.0,0,0,0,0.0,0.0,0.0,0.0,-0.5279616590414662,1,-0.5279616590414662
,academy_3_vs_1_with_keeper,123,collect_rollout,7318,0,89,-0.19924700394039974,False,False,0.0,0.0,0,0,0,0.0,0.0,0.0,0.0,-0.19924700394039974,1,-0.19924700394039974
,academy_3_vs_1_with_keeper,123,collect_rollout,7319,0,16,0.0,False,False,0.0,0.0,0,0,0,0.0,0.0,0.0,0.0,0.0,1,0.0
,academy_3_vs_1_with_keeper,123,collect_rollout,7320,0,21,0.0,False,False,0.0,0.0,0,0,0,0.0,0.0,0.0,0.0,0.0,1,0.0
,academy_3_vs_1_with_keeper,123,collect_rollout,7321,0,19,0.0,False,False,0.0,0.0,0,0,0,0.0,0.0,0.0,0.0,0.0,1,0.0
,academy_3_vs_1_with_keeper,123,collect_rollout,7322,0,16,0.0,False,False,0.0,0.0,0,0,0,0.0,0.0,0.0,0.0,0.0,1,0.0
,academy_3_vs_1_with_keeper,123,collect_rollout,7323,0,21,0.0,False,False,0.0,0.0,0,0,0,0.0,0.0,0.0,0.0,0.0,1,0.0
,academy_3_vs_1_with_keeper,123,collect_rollout,7324,0,20,0.0,False,False,0.0,0.0,0,0,0,0.0,0.0,0.0,0.0,0.0,1,0.0
,academy_3_vs_1_with_keeper,123,collect_rollout,7325,0,16,0.0,False,False,0.0,0.0,0,0,0,0.0,0.0,0.0,0.0,0.0,1,0.0
,academy_3_vs_1_with_keeper,123,collect_rollout,7326,0,19,0.0,False,False,0.0,0.0,0,0,0,0.0,0.0,0.0,0.0,0.0,1,0.0
,academy_3_vs_1_with_keeper,123,collect_rollout,7327,0,21,0.0,False,False,0.0,0.0,0,0,0,0.0,0.0,0.0,0.0,0.0,1,0.0
,academy_3_vs_1_with_keeper,123,collect_rollout,7328,0,20,0.0,False,False,0.0,0.0,0,0,0,0.0,0.0,0.0,0.0,0.0,1,0.0
,academy_3_vs_1_with_keeper,123,collect_rollout,7329,0,20,0.0,False,False,0.0,0.0,0,0,0,0.0,0.0,0.0,0.0,0.0,1,0.0
,academy_3_vs_1_with_keeper,123,collect_rollout,7330,0,15,0.0,False,False,0.0,0.0,0,0,0,0.0,0.0,0.0,0.0,0.0,1,0.0
,academy_3_vs_1_with_keeper,123,collect_rollout,7331,0,20,0.0,False,False,0.0,0.0,0,0,0,0.0,0.0,0.0,0.0,0.0,1,0.0
,academy_3_vs_1_with_keeper,123,collect_rollout,7332,0,23,0.0,False,False,0.0,0.0,0,0,0,0.0,0.0,0.0,0.0,0.0,1,0.0
,academy_3_vs_1_with_keeper,123,collect_rollout,7333,0,16,0.0,False,False,0.0,0.0,0,0,0,0.0,0.0,0.0,0.0,0.0,1,0.0
,academy_3_vs_1_with_keeper,123,collect_rollout,7334,0,21,0.0,False,False,0.0,0.0,0,0,0,0.0,0.0,0.0,0.0,0.0,1,0.0
,academy_3_vs_1_with_keeper,123,collect_rollout,7335,0,20,0.0,False,False,0.0,0.0,0,0,0,0.0,0.0,0.0,0.0,0.0,1,0.0
,academy_3_vs_1_with_keeper,123,collect_rollout,7336,0,20,0.0,False,False,0.0,0.0,0,0,0,0.0,0.0,0.0,0.0,0.0,1,0.0
,academy_3_vs_1_with_keeper,123,collect_rollout,7337,0,18,0.0,False,False,0.0,0.0,0,0,0,0.0,0.0,0.0,0.0,0.0,1,0.0
,academy_3_vs_1_with_keeper,123,collect_rollout,7338,0,17,0.0,False,False,0.0,0.0,0,0,0,0.0,0.0,0.0,0.0,0.0,1,0.0
,academy_3_vs_1_with_keeper,123,collect_rollout,7339,0,21,0.0,False,False,0.0,0.0,0,0,0,0.0,0.0,0.0,0.0,0.0,1,0.0
,academy_3_vs_1_with_keeper,123,collect_rollout,7340,0,15,0.0,False,False,0.0,0.0,0,0,0,0.0,0.0,0.0,0.0,0.0,1,0.0
,academy_3_vs_1_with_keeper,123,collect_rollout,7341,0,15,0.0,False,False,0.0,0.0,0,0,0,0.0,0.0,0.0,0.0,0.0,1,0.0
,academy_3_vs_1_with_keeper,123,collect_rollout,7342,0,19,0.0,False,False,0.0,0.0,0,0,0,0.0,0.0,0.0,0.0,0.0,1,0.0
,academy_3_vs_1_with_keeper,123,collect_rollout,7343,0,17,0.0,False,False,0.0,0.0,0,0,0,0.0,0.0,0.0,0.0,0.0,1,0.0
,academy_3_vs_1_with_keeper,123,collect_rollout,7344,0,15,0.0,False,False,0.0,0.0,0,0,0,0.0,0.0,0.0,0.0,0.0,1,0.0
,academy_3_vs_1_with_keeper,123,collect_rollout,7345,0,19,0.0,False,False,0.0,0.0,0,0,0,0.0,0.0,0.0,0.0,0.0,1,0.0
,academy_3_vs_1_with_keeper,123,collect_rollout,7346,0,19,0.0,False,False,0.0,0.0,0,0,0,0.0,0.0,0.0,0.0,0.0,1,0.0
,academy_3_vs_1_with_keeper,123,collect_rollout,7347,0,18,0.0,False,False,0.0,0.0,0,0,0,0.0,0.0,0.0,0.0,0.0,1,0.0
,academy_3_vs_1_with_keeper,123,collect_rollout,7348,0,17,0.0,False,False,0.0,0.0,0,0,0,0.0,0.0,0.0,0.0,0.0,1,0.0
,academy_3_vs_1_with_keeper,123,collect_rollout,7349,0,19,0.0,False,False,0.0,0.0,0,0,0,0.0,0.0,0.0,0.0,0.0,1,0.0
,academy_3_vs_1_with_keeper,123,collect_rollout,7350,0,16,0.0,False,False,0.0,0.0,0,0,0,0.0,0.0,0.0,0.0,0.0,1,0.0
,academy_3_vs_1_with_keeper,123,collect_rollout,7351,0,19,0.0,False,False,0.0,0.0,0,0,0,0.0,0.0,0.0,0.0,0.0,1,0.0
,academy_3_vs_1_with_keeper,123,collect_rollout,7352,0,19,0.0,False,False,0.0,0.0,0,0,0,0.0,0.0,0.0,0.0,0.0,1,0.0
,academy_3_vs_1_with_keeper,123,collect_rollout,7353,0,18,0.0,False,False,0.0,0.0,0,0,0,0.0,0.0,0.0,0.0,0.0,1,0.0
,academy_3_vs_1_with_keeper,123,collect_rollout,7354,0,23,0.0,False,False,0.0,0.0,0,0,0,0.0,0.0,0.0,0.0,0.0,1,0.0
,academy_3_vs_1_with_keeper,123,collect_rollout,7355,0,20,0.0,False,False,0.0,0.0,0,0,0,0.0,0.0,0.0,0.0,0.0,1,0.0
,academy_3_vs_1_with_keeper,123,collect_rollout,7356,0,18,0.0,False,False,0.0,0.0,0,0,0,0.0,0.0,0.0,0.0,0.0,1,0.0
,academy_3_vs_1_with_keeper,123,collect_rollout,7357,0,19,0.0,False,False,0.0,0.0,0,0,0,0.0,0.0,0.0,0.0,0.0,1,0.0
,academy_3_vs_1_with_keeper,123,collect_rollout,7358,0,20,0.0,False,False,0.0,0.0,0,0,0,0.0,0.0,0.0,0.0,0.0,1,0.0
,academy_3_vs_1_with_keeper,123,collect_rollout,7359,0,18,0.0,False,False,0.0,0.0,0,0,0,0.0,0.0,0.0,0.0,0.0,1,0.0
,academy_3_vs_1_with_keeper,123,collect_rollout,7360,0,19,0.0,False,False,0.0,0.0,0,0,0,0.0,0.0,0.0,0.0,0.0,1,0.0
,academy_3_vs_1_with_keeper,123,collect_rollout,7361,0,23,0.0,False,False,0.0,0.0,0,0,0,0.0,0.0,0.0,0.0,0.0,1,0.0
,academy_3_vs_1_with_keeper,123,collect_rollout,7362,0,17,0.0,False,False,0.0,0.0,0,0,0,0.0,0.0,0.0,0.0,0.0,1,0.0
,academy_3_vs_1_with_keeper,123,collect_rollout,7363,0,15,0.0,False,False,0.0,0.0,0,0,0,0.0,0.0,0.0,0.0,0.0,1,0.0
,academy_3_vs_1_with_keeper,123,collect_rollout,7364,0,51,-0.0070990055428410415,False,False,0.0,0.0,0,0,0,0.0,0.0,0.0,0.0,-0.0070990055428410415,1,-0.0070990055428410415
,academy_3_vs_1_with_keeper,123,collect_rollout,7365,0,16,0.0,False,False,0.0,0.0,0,0,0,0.0,0.0,0.0,0.0,0.0,1,0.0
,academy_3_vs_1_with_keeper,123,collect_rollout,7366,0,18,0.0,False,False,0.0,0.0,0,0,0,0.0,0.0,0.0,0.0,0.0,1,0.0
,academy_3_vs_1_with_keeper,123,collect_rollout,7367,0,21,-0.003333333181217313,False,False,0.0,0.0,0,0,0,0.0,0.0,0.0,0.0,-0.003333333181217313,1,-0.003333333181217313
,academy_3_vs_1_with_keeper,123,collect_rollout,7368,0,36,-0.06361239217221737,False,False,0.0,0.0,0,0,0,0.0,0.0,0.0,0.0,-0.06361239217221737,1,-0.06361239217221737
,academy_3_vs_1_with_keeper,123,collect_rollout,7369,0,19,0.0,False,False,0.0,0.0,0,0,0,0.0,0.0,0.0,0.0,0.0,1,0.0
,academy_3_vs_1_with_keeper,123,collect_rollout,7370,0,19,0.0,False,False,0.0,0.0,0,0,0,0.0,0.0,0.0,0.0,0.0,1,0.0
,academy_3_vs_1_with_keeper,123,collect_rollout,7371,0,23,0.0,False,False,0.0,0.0,0,0,0,0.0,0.0,0.0,0.0,0.0,1,0.0
,academy_3_vs_1_with_keeper,123,collect_rollout,7372,0,19,0.0,False,False,0.0,0.0,0,0,0,0.0,0.0,0.0,0.0,0.0,1,0.0
,academy_3_vs_1_with_keeper,123,collect_rollout,7373,0,14,0.0,False,False,0.0,0.0,0,0,0,0.0,0.0,0.0,0.0,0.0,1,0.0
,academy_3_vs_1_with_keeper,123,collect_rollout,7374,0,16,-0.003333333181217313,False,False,0.0,0.0,0,0,0,0.0,0.0,0.0,0.0,-0.003333333181217313,1,-0.003333333181217313
,academy_3_vs_1_with_keeper,123,collect_rollout,7375,0,16,0.0,False,False,0.0,0.0,0,0,0,0.0,0.0,0.0,0.0,0.0,1,0.0
,academy_3_vs_1_with_keeper,123,collect_rollout,7376,0,23,0.0,False,False,0.0,0.0,0,0,0,0.0,0.0,0.0,0.0,0.0,1,0.0
,academy_3_vs_1_with_keeper,123,collect_rollout,7377,0,20,0.0,False,False,0.0,0.0,0,0,0,0.0,0.0,0.0,0.0,0.0,1,0.0
,academy_3_vs_1_with_keeper,123,collect_rollout,7378,0,15,0.0,False,False,0.0,0.0,0,0,0,0.0,0.0,0.0,0.0,0.0,1,0.0
,academy_3_vs_1_with_keeper,123,collect_rollout,7379,0,20,0.0,False,False,0.0,0.0,0,0,0,0.0,0.0,0.0,0.0,0.0,1,0.0
,academy_3_vs_1_with_keeper,123,collect_rollout,7380,0,18,-0.003333333181217313,False,False,0.0,0.0,0,0,0,0.0,0.0,0.0,0.0,-0.003333333181217313,1,-0.003333333181217313
,academy_3_vs_1_with_keeper,123,collect_rollout,7381,0,19,0.0,False,False,0.0,0.0,0,0,0,0.0,0.0,0.0,0.0,0.0,1,0.0
,academy_3_vs_1_with_keeper,123,collect_rollout,7382,0,21,0.0,False,False,0.0,0.0,0,0,0,0.0,0.0,0.0,0.0,0.0,1,0.0
,academy_3_vs_1_with_keeper,123,collect_rollout,7383,0,22,0.0,False,False,0.0,0.0,0,0,0,0.0,0.0,0.0,0.0,0.0,1,0.0
,academy_3_vs_1_with_keeper,123,collect_rollout,7384,0,19,0.0,False,False,0.0,0.0,0,0,0,0.0,0.0,0.0,0.0,0.0,1,0.0
,academy_3_vs_1_with_keeper,123,collect_rollout,7385,0,23,0.0,False,False,0.0,0.0,0,0,0,0.0,0.0,0.0,0.0,0.0,1,0.0
,academy_3_vs_1_with_keeper,123,collect_rollout,7386,0,22,0.0,False,False,0.0,0.0,0,0,0,0.0,0.0,0.0,0.0,0.0,1,0.0
,academy_3_vs_1_with_keeper,123,collect_rollout,7387,0,19,0.0,False,False,0.0,0.0,0,0,0,0.0,0.0,0.0,0.0,0.0,1,0.0
,academy_3_vs_1_with_keeper,123,collect_rollout,7388,0,17,0.0,False,False,0.0,0.0,0,0,0,0.0,0.0,0.0,0.0,0.0,1,0.0
,academy_3_vs_1_with_keeper,123,collect_rollout,7389,0,19,0.0,False,False,0.0,0.0,0,0,0,0.0,0.0,0.0,0.0,0.0,1,0.0
,academy_3_vs_1_with_keeper,123,collect_rollout,7390,0,23,0.0,False,False,0.0,0.0,0,0,0,0.0,0.0,0.0,0.0,0.0,1,0.0
,academy_3_vs_1_with_keeper,123,collect_rollout,7391,0,77,-0.17146408068947494,False,False,0.0,0.0,0,0,0,0.0,0.0,0.0,0.0,-0.17146408068947494,1,-0.17146408068947494
,academy_3_vs_1_with_keeper,123,collect_rollout,7392,0,18,0.0,False,False,0.0,0.0,0,0,0,0.0,0.0,0.0,0.0,0.0,1,0.0
,academy_3_vs_1_with_keeper,123,collect_rollout,7393,0,18,0.0,False,False,0.0,0.0,0,0,0,0.0,0.0,0.0,0.0,0.0,1,0.0
,academy_3_vs_1_with_keeper,123,collect_rollout,7394,0,54,-0.028354259109619306,False,False,0.0,0.0,0,0,0,0.0,0.0,0.0,0.0,-0.028354259109619306,1,-0.028354259109619306
,academy_3_vs_1_with_keeper,123,collect_rollout,7395,0,19,0.0,False,False,0.0,0.0,0,0,0,0.0,0.0,0.0,0.0,0.0,1,0.0
,academy_3_vs_1_with_keeper,123,collect_rollout,7396,0,16,0.0,False,False,0.0,0.0,0,0,0,0.0,0.0,0.0,0.0,0.0,1,0.0
,academy_3_vs_1_with_keeper,123,collect_rollout,7397,0,101,-0.23944993302575313,False,False,0.0,0.0,0,0,0,0.0,0.0,0.0,0.0,-0.23944993302575313,1,-0.23944993302575313
,academy_3_vs_1_with_keeper,123,collect_rollout,7398,0,20,0.0,False,False,0.0,0.0,0,0,0,0.0,0.0,0.0,0.0,0.0,1,0.0
,academy_3_vs_1_with_keeper,123,collect_rollout,7399,0,18,0.0,False,False,0.0,0.0,0,0,0,0.0,0.0,0.0,0.0,0.0,1,0.0
,academy_3_vs_1_with_keeper,123,collect_rollout,7400,0,16,0.0,False,False,0.0,0.0,0,0,0,0.0,0.0,0.0,0.0,0.0,1,0.0
,academy_3_vs_1_with_keeper,123,collect_rollout,7401,0,18,0.0,False,False,0.0,0.0,0,0,0,0.0,0.0,0.0,0.0,0.0,1,0.0
,academy_3_vs_1_with_keeper,123,collect_rollout,7402,0,18,0.0,False,False,0.0,0.0,0,0,0,0.0,0.0,0.0,0.0,0.0,1,0.0
,academy_3_vs_1_with_keeper,123,collect_rollout,7403,0,21,0.0,False,False,0.0,0.0,0,0,0,0.0,0.0,0.0,0.0,0.0,1,0.0
,academy_3_vs_1_with_keeper,123,collect_rollout,7404,0,18,0.0,False,False,0.0,0.0,0,0,0,0.0,0.0,0.0,0.0,0.0,1,0.0
,academy_3_vs_1_with_keeper,123,collect_rollout,7405,0,20,0.0,False,False,0.0,0.0,0,0,0,0.0,0.0,0.0,0.0,0.0,1,0.0
,academy_3_vs_1_with_keeper,123,collect_rollout,7406,0,21,0.0,False,False,0.0,0.0,0,0,0,0.0,0.0,0.0,0.0,0.0,1,0.0
,academy_3_vs_1_with_keeper,123,collect_rollout,7407,0,20,0.0,False,False,0.0,0.0,0,0,0,0.0,0.0,0.0,0.0,0.0,1,0.0
,academy_3_vs_1_with_keeper,123,collect_rollout,7408,0,17,0.0,False,False,0.0,0.0,0,0,0,0.0,0.0,0.0,0.0,0.0,1,0.0
,academy_3_vs_1_with_keeper,123,collect_rollout,7409,0,20,0.0,False,False,0.0,0.0,0,0,0,0.0,0.0,0.0,0.0,0.0,1,0.0
,academy_3_vs_1_with_keeper,123,collect_rollout,7410,0,19,-0.003333333181217313,False,False,0.0,0.0,0,0,0,0.0,0.0,0.0,0.0,-0.003333333181217313,1,-0.003333333181217313
,academy_3_vs_1_with_keeper,123,collect_rollout,7411,0,19,0.0,False,False,0.0,0.0,0,0,0,0.0,0.0,0.0,0.0,0.0,1,0.0
,academy_3_vs_1_with_keeper,123,collect_rollout,7412,0,22,0.0,False,False,0.0,0.0,0,0,0,0.0,0.0,0.0,0.0,0.0,1,0.0
,academy_3_vs_1_with_keeper,123,collect_rollout,7413,0,20,0.0,False,False,0.0,0.0,0,0,0,0.0,0.0,0.0,0.0,0.0,1,0.0
,academy_3_vs_1_with_keeper,123,collect_rollout,7414,0,19,0.0,False,False,0.0,0.0,0,0,0,0.0,0.0,0.0,0.0,0.0,1,0.0
,academy_3_vs_1_with_keeper,123,collect_rollout,7415,0,20,0.0,False,False,0.0,0.0,0,0,0,0.0,0.0,0.0,0.0,0.0,1,0.0
,academy_3_vs_1_with_keeper,123,collect_rollout,7416,0,19,0.0,False,False,0.0,0.0,0,0,0,0.0,0.0,0.0,0.0,0.0,1,0.0
,academy_3_vs_1_with_keeper,123,collect_rollout,7417,0,20,-0.003333333181217313,False,False,0.0,0.0,0,0,0,0.0,0.0,0.0,0.0,-0.003333333181217313,1,-0.003333333181217313
,academy_3_vs_1_with_keeper,123,collect_rollout,7418,0,19,0.0,False,False,0.0,0.0,0,0,0,0.0,0.0,0.0,0.0,0.0,1,0.0
,academy_3_vs_1_with_keeper,123,collect_rollout,7419,0,20,0.0,False,False,0.0,0.0,0,0,0,0.0,0.0,0.0,0.0,0.0,1,0.0
,academy_3_vs_1_with_keeper,123,collect_rollout,7420,0,22,0.0,False,False,0.0,0.0,0,0,0,0.0,0.0,0.0,0.0,0.0,1,0.0
,academy_3_vs_1_with_keeper,123,collect_rollout,7421,0,21,0.0,False,False,0.0,0.0,0,0,0,0.0,0.0,0.0,0.0,0.0,1,0.0
,academy_3_vs_1_with_keeper,123,collect_rollout,7422,0,20,0.0,False,False,0.0,0.0,0,0,0,0.0,0.0,0.0,0.0,0.0,1,0.0
,academy_3_vs_1_with_keeper,123,collect_rollout,7423,0,16,0.0,False,False,0.0,0.0,0,0,0,0.0,0.0,0.0,0.0,0.0,1,0.0
,academy_3_vs_1_with_keeper,123,collect_rollout,7424,0,18,0.0,False,False,0.0,0.0,0,0,0,0.0,0.0,0.0,0.0,0.0,1,0.0
,academy_3_vs_1_with_keeper,123,collect_rollout,7425,0,20,0.0,False,False,0.0,0.0,0,0,0,0.0,0.0,0.0,0.0,0.0,1,0.0
,academy_3_vs_1_with_keeper,123,collect_rollout,7426,0,20,0.0,False,False,0.0,0.0,0,0,0,0.0,0.0,0.0,0.0,0.0,1,0.0
,academy_3_vs_1_with_keeper,123,collect_rollout,7427,0,18,0.0,False,False,0.0,0.0,0,0,0,0.0,0.0,0.0,0.0,0.0,1,0.0
,academy_3_vs_1_with_keeper,123,collect_rollout,7428,0,18,0.0,False,False,0.0,0.0,0,0,0,0.0,0.0,0.0,0.0,0.0,1,0.0
,academy_3_vs_1_with_keeper,123,collect_rollout,7429,0,23,0.0,False,False,0.0,0.0,0,0,0,0.0,0.0,0.0,0.0,0.0,1,0.0
,academy_3_vs_1_with_keeper,123,collect_rollout,7430,0,13,0.0,False,False,0.0,0.0,0,0,0,0.0,0.0,0.0,0.0,0.0,1,0.0
,academy_3_vs_1_with_keeper,123,collect_rollout,7431,0,15,0.0,False,False,0.0,0.0,0,0,0,0.0,0.0,0.0,0.0,0.0,1,0.0
,academy_3_vs_1_with_keeper,123,collect_rollout,7432,0,18,0.0,False,False,0.0,0.0,0,0,0,0.0,0.0,0.0,0.0,0.0,1,0.0
,academy_3_vs_1_with_keeper,123,collect_rollout,7433,0,73,1.7013664913829416,False,False,0.0,0.0,0,0,0,0.0,0.0,0.0,0.0,1.7013664913829416,1,1.7013664913829416
,academy_3_vs_1_with_keeper,123,collect_rollout,7434,0,15,0.0,False,False,0.0,0.0,0,0,0,0.0,0.0,0.0,0.0,0.0,1,0.0
,academy_3_vs_1_with_keeper,123,collect_rollout,7435,0,15,0.0,False,False,0.0,0.0,0,0,0,0.0,0.0,0.0,0.0,0.0,1,0.0
,academy_3_vs_1_with_keeper,123,collect_rollout,7436,0,17,0.0,False,False,0.0,0.0,0,0,0,0.0,0.0,0.0,0.0,0.0,1,0.0
,academy_3_vs_1_with_keeper,123,collect_rollout,7437,0,22,0.0,False,False,0.0,0.0,0,0,0,0.0,0.0,0.0,0.0,0.0,1,0.0
,academy_3_vs_1_with_keeper,123,collect_rollout,7438,0,21,0.0,False,False,0.0,0.0,0,0,0,0.0,0.0,0.0,0.0,0.0,1,0.0
,academy_3_vs_1_with_keeper,123,collect_rollout,7439,0,46,-0.035061005590250716,False,False,0.0,0.0,0,0,0,0.0,0.0,0.0,0.0,-0.035061005590250716,1,-0.035061005590250716
,academy_3_vs_1_with_keeper,123,collect_rollout,7440,0,21,0.0,False,False,0.0,0.0,0,0,0,0.0,0.0,0.0,0.0,0.0,1,0.0
,academy_3_vs_1_with_keeper,123,collect_rollout,7441,0,18,0.0,False,False,0.0,0.0,0,0,0,0.0,0.0,0.0,0.0,0.0,1,0.0
,academy_3_vs_1_with_keeper,123,collect_rollout,7442,0,22,0.0,False,False,0.0,0.0,0,0,0,0.0,0.0,0.0,0.0,0.0,1,0.0
,academy_3_vs_1_with_keeper,123,collect_rollout,7443,0,19,0.0,False,False,0.0,0.0,0,0,0,0.0,0.0,0.0,0.0,0.0,1,0.0
,academy_3_vs_1_with_keeper,123,collect_rollout,7444,0,19,0.0,False,False,0.0,0.0,0,0,0,0.0,0.0,0.0,0.0,0.0,1,0.0
,academy_3_vs_1_with_keeper,123,collect_rollout,7445,0,22,0.0,False,False,0.0,0.0,0,0,0,0.0,0.0,0.0,0.0,0.0,1,0.0
,academy_3_vs_1_with_keeper,123,collect_rollout,7446,0,18,0.0,False,False,0.0,0.0,0,0,0,0.0,0.0,0.0,0.0,0.0,1,0.0
,academy_3_vs_1_with_keeper,123,collect_rollout,7447,0,19,0.0,False,False,0.0,0.0,0,0,0,0.0,0.0,0.0,0.0,0.0,1,0.0
,academy_3_vs_1_with_keeper,123,collect_rollout,7448,0,18,0.0,False,False,0.0,0.0,0,0,0,0.0,0.0,0.0,0.0,0.0,1,0.0
,academy_3_vs_1_with_keeper,123,collect_rollout,7449,0,22,0.0,False,False,0.0,0.0,0,0,0,0.0,0.0,0.0,0.0,0.0,1,0.0
,academy_3_vs_1_with_keeper,123,collect_rollout,7450,0,20,0.0,False,False,0.0,0.0,0,0,0,0.0,0.0,0.0,0.0,0.0,1,0.0
,academy_3_vs_1_with_keeper,123,collect_rollout,7451,0,18,0.0,False,False,0.0,0.0,0,0,0,0.0,0.0,0.0,0.0,0.0,1,0.0
,academy_3_vs_1_with_keeper,123,collect_rollout,7452,0,45,-0.021847255004104227,False,False,0.0,0.0,0,0,0,0.0,0.0,0.0,0.0,-0.021847255004104227,1,-0.021847255004104227
,academy_3_vs_1_with_keeper,123,collect_rollout,7453,0,20,0.0,False,False,0.0,0.0,0,0,0,0.0,0.0,0.0,0.0,0.0,1,0.0
,academy_3_vs_1_with_keeper,123,collect_rollout,7454,0,22,0.0,False,False,0.0,0.0,0,0,0,0.0,0.0,0.0,0.0,0.0,1,0.0
,academy_3_vs_1_with_keeper,123,collect_rollout,7455,0,23,0.0,False,False,0.0,0.0,0,0,0,0.0,0.0,0.0,0.0,0.0,1,0.0
,academy_3_vs_1_with_keeper,123,collect_rollout,7456,0,18,0.0,False,False,0.0,0.0,0,0,0,0.0,0.0,0.0,0.0,0.0,1,0.0
,academy_3_vs_1_with_keeper,123,collect_rollout,7457,0,14,0.0,False,False,0.0,0.0,0,0,0,0.0,0.0,0.0,0.0,0.0,1,0.0
,academy_3_vs_1_with_keeper,123,collect_rollout,7458,0,17,0.0,False,False,0.0,0.0,0,0,0,0.0,0.0,0.0,0.0,0.0,1,0.0
,academy_3_vs_1_with_keeper,123,collect_rollout,7459,0,15,0.0,False,False,0.0,0.0,0,0,0,0.0,0.0,0.0,0.0,0.0,1,0.0
,academy_3_vs_1_with_keeper,123,collect_rollout,7460,0,19,0.0,False,False,0.0,0.0,0,0,0,0.0,0.0,0.0,0.0,0.0,1,0.0
,academy_3_vs_1_with_keeper,123,collect_rollout,7461,0,22,0.0,False,False,0.0,0.0,0,0,0,0.0,0.0,0.0,0.0,0.0,1,0.0
,academy_3_vs_1_with_keeper,123,collect_rollout,7462,0,19,0.0,False,False,0.0,0.0,0,0,0,0.0,0.0,0.0,0.0,0.0,1,0.0
,academy_3_vs_1_with_keeper,123,collect_rollout,7463,0,17,0.0,False,False,0.0,0.0,0,0,0,0.0,0.0,0.0,0.0,0.0,1,0.0
,academy_3_vs_1_with_keeper,123,collect_rollout,7464,0,16,0.0,False,False,0.0,0.0,0,0,0,0.0,0.0,0.0,0.0,0.0,1,0.0
,academy_3_vs_1_with_keeper,123,collect_rollout,7465,0,19,0.0,False,False,0.0,0.0,0,0,0,0.0,0.0,0.0,0.0,0.0,1,0.0
,academy_3_vs_1_with_keeper,123,collect_rollout,7466,0,15,0.0,False,False,0.0,0.0,0,0,0,0.0,0.0,0.0,0.0,0.0,1,0.0
,academy_3_vs_1_with_keeper,123,collect_rollout,7467,0,19,0.0,False,False,0.0,0.0,0,0,0,0.0,0.0,0.0,0.0,0.0,1,0.0
,academy_3_vs_1_with_keeper,123,collect_rollout,7468,0,19,0.0,False,False,0.0,0.0,0,0,0,0.0,0.0,0.0,0.0,0.0,1,0.0
,academy_3_vs_1_with_keeper,123,collect_rollout,7469,0,22,0.0,False,False,0.0,0.0,0,0,0,0.0,0.0,0.0,0.0,0.0,1,0.0
,academy_3_vs_1_with_keeper,123,collect_rollout,7470,0,23,0.0,False,False,0.0,0.0,0,0,0,0.0,0.0,0.0,0.0,0.0,1,0.0
,academy_3_vs_1_with_keeper,123,collect_rollout,7471,0,16,0.0,False,False,0.0,0.0,0,0,0,0.0,0.0,0.0,0.0,0.0,1,0.0
,academy_3_vs_1_with_keeper,123,collect_rollout,7472,0,22,0.0,False,False,0.0,0.0,0,0,0,0.0,0.0,0.0,0.0,0.0,1,0.0
,academy_3_vs_1_with_keeper,123,collect_rollout,7473,0,22,0.0,False,False,0.0,0.0,0,0,0,0.0,0.0,0.0,0.0,0.0,1,0.0
,academy_3_vs_1_with_keeper,123,collect_rollout,7474,0,17,0.0,False,False,0.0,0.0,0,0,0,0.0,0.0,0.0,0.0,0.0,1,0.0
,academy_3_vs_1_with_keeper,123,collect_rollout,7475,0,19,0.0,False,False,0.0,0.0,0,0,0,0.0,0.0,0.0,0.0,0.0,1,0.0
,academy_3_vs_1_with_keeper,123,collect_rollout,7476,0,44,1.918396258028224,False,False,0.0,0.0,0,0,0,0.0,0.0,0.0,0.0,1.918396258028224,1,1.918396258028224
,academy_3_vs_1_with_keeper,123,collect_rollout,7477,0,17,0.0,False,False,0.0,0.0,0,0,0,0.0,0.0,0.0,0.0,0.0,1,0.0
,academy_3_vs_1_with_keeper,123,collect_rollout,7478,0,15,0.0,False,False,0.0,0.0,0,0,0,0.0,0.0,0.0,0.0,0.0,1,0.0
,academy_3_vs_1_with_keeper,123,collect_rollout,7479,0,22,0.0,False,False,0.0,0.0,0,0,0,0.0,0.0,0.0,0.0,0.0,1,0.0
,academy_3_vs_1_with_keeper,123,collect_rollout,7480,0,22,0.0,False,False,0.0,0.0,0,0,0,0.0,0.0,0.0,0.0,0.0,1,0.0
,academy_3_vs_1_with_keeper,123,collect_rollout,7481,0,24,0.0,False,False,0.0,0.0,0,0,0,0.0,0.0,0.0,0.0,0.0,1,0.0
,academy_3_vs_1_with_keeper,123,collect_rollout,7482,0,18,0.0,False,False,0.0,0.0,0,0,0,0.0,0.0,0.0,0.0,0.0,1,0.0
,academy_3_vs_1_with_keeper,123,collect_rollout,7483,0,19,0.0,False,False,0.0,0.0,0,0,0,0.0,0.0,0.0,0.0,0.0,1,0.0
,academy_3_vs_1_with_keeper,123,collect_rollout,7484,0,17,0.0,False,False,0.0,0.0,0,0,0,0.0,0.0,0.0,0.0,0.0,1,0.0
,academy_3_vs_1_with_keeper,123,collect_rollout,7485,0,18,0.0,False,False,0.0,0.0,0,0,0,0.0,0.0,0.0,0.0,0.0,1,0.0
,academy_3_vs_1_with_keeper,123,collect_rollout,7486,0,15,0.0,False,False,0.0,0.0,0,0,0,0.0,0.0,0.0,0.0,0.0,1,0.0
,academy_3_vs_1_with_keeper,123,collect_rollout,7487,0,18,0.0,False,False,0.0,0.0,0,0,0,0.0,0.0,0.0,0.0,0.0,1,0.0
,academy_3_vs_1_with_keeper,123,collect_rollout,7488,0,21,0.0,False,False,0.0,0.0,0,0,0,0.0,0.0,0.0,0.0,0.0,1,0.0
,academy_3_vs_1_with_keeper,123,collect_rollout,7489,0,20,0.0,False,False,0.0,0.0,0,0,0,0.0,0.0,0.0,0.0,0.0,1,0.0
,academy_3_vs_1_with_keeper,123,collect_rollout,7490,0,16,0.0,False,False,0.0,0.0,0,0,0,0.0,0.0,0.0,0.0,0.0,1,0.0
,academy_3_vs_1_with_keeper,123,collect_rollout,7491,0,18,0.0,False,False,0.0,0.0,0,0,0,0.0,0.0,0.0,0.0,0.0,1,0.0
,academy_3_vs_1_with_keeper,123,collect_rollout,7492,0,18,0.0,False,False,0.0,0.0,0,0,0,0.0,0.0,0.0,0.0,0.0,1,0.0
,academy_3_vs_1_with_keeper,123,collect_rollout,7493,0,20,0.0,False,False,0.0,0.0,0,0,0,0.0,0.0,0.0,0.0,0.0,1,0.0
,academy_3_vs_1_with_keeper,123,collect_rollout,7494,0,20,0.0,False,False,0.0,0.0,0,0,0,0.0,0.0,0.0,0.0,0.0,1,0.0
,academy_3_vs_1_with_keeper,123,collect_rollout,7495,0,16,0.0,False,False,0.0,0.0,0,0,0,0.0,0.0,0.0,0.0,0.0,1,0.0
,academy_3_vs_1_with_keeper,123,collect_rollout,7496,0,17,0.0,False,False,0.0,0.0,0,0,0,0.0,0.0,0.0,0.0,0.0,1,0.0
,academy_3_vs_1_with_keeper,123,collect_rollout,7497,0,23,0.0,False,False,0.0,0.0,0,0,0,0.0,0.0,0.0,0.0,0.0,1,0.0
,academy_3_vs_1_with_keeper,123,collect_rollout,7498,0,22,0.0,False,False,0.0,0.0,0,0,0,0.0,0.0,0.0,0.0,0.0,1,0.0
,academy_3_vs_1_with_keeper,123,collect_rollout,7499,0,22,0.0,False,False,0.0,0.0,0,0,0,0.0,0.0,0.0,0.0,0.0,1,0.0
,academy_3_vs_1_with_keeper,123,collect_rollout,7500,0,18,0.0,False,False,0.0,0.0,0,0,0,0.0,0.0,0.0,0.0,0.0,1,0.0
,academy_3_vs_1_with_keeper,123,collect_rollout,7501,0,19,-0.003333333181217313,False,False,0.0,0.0,0,0,0,0.0,0.0,0.0,0.0,-0.003333333181217313,1,-0.003333333181217313
,academy_3_vs_1_with_keeper,123,collect_rollout,7502,0,54,-0.013892443006625399,False,False,0.0,0.0,0,0,0,0.0,0.0,0.0,0.0,-0.013892443006625399,1,-0.013892443006625399
,academy_3_vs_1_with_keeper,123,collect_rollout,7503,0,14,0.0,False,False,0.0,0.0,0,0,0,0.0,0.0,0.0,0.0,0.0,1,0.0
,academy_3_vs_1_with_keeper,123,collect_rollout,7504,0,20,0.0,False,False,0.0,0.0,0,0,0,0.0,0.0,0.0,0.0,0.0,1,0.0
,academy_3_vs_1_with_keeper,123,collect_rollout,7505,0,14,0.0,False,False,0.0,0.0,0,0,0,0.0,0.0,0.0,0.0,0.0,1,0.0
,academy_3_vs_1_with_keeper,123,collect_rollout,7506,0,21,0.0,False,False,0.0,0.0,0,0,0,0.0,0.0,0.0,0.0,0.0,1,0.0
,academy_3_vs_1_with_keeper,123,collect_rollout,7507,0,22,0.0,False,False,0.0,0.0,0,0,0,0.0,0.0,0.0,0.0,0.0,1,0.0
,academy_3_vs_1_with_keeper,123,collect_rollout,7508,0,18,0.0,False,False,0.0,0.0,0,0,0,0.0,0.0,0.0,0.0,0.0,1,0.0
,academy_3_vs_1_with_keeper,123,collect_rollout,7509,0,21,0.0,False,False,0.0,0.0,0,0,0,0.0,0.0,0.0,0.0,0.0,1,0.0
,academy_3_vs_1_with_keeper,123,collect_rollout,7510,0,18,0.0,False,False,0.0,0.0,0,0,0,0.0,0.0,0.0,0.0,0.0,1,0.0
,academy_3_vs_1_with_keeper,123,collect_rollout,7511,0,22,0.0,False,False,0.0,0.0,0,0,0,0.0,0.0,0.0,0.0,0.0,1,0.0
,academy_3_vs_1_with_keeper,123,collect_rollout,7512,0,18,0.0,False,False,0.0,0.0,0,0,0,0.0,0.0,0.0,0.0,0.0,1,0.0
,academy_3_vs_1_with_keeper,123,collect_rollout,7513,0,17,0.0,False,False,0.0,0.0,0,0,0,0.0,0.0,0.0,0.0,0.0,1,0.0
,academy_3_vs_1_with_keeper,123,collect_rollout,7514,0,19,0.0,False,False,0.0,0.0,0,0,0,0.0,0.0,0.0,0.0,0.0,1,0.0
,academy_3_vs_1_with_keeper,123,collect_rollout,7515,0,22,0.0,False,False,0.0,0.0,0,0,0,0.0,0.0,0.0,0.0,0.0,1,0.0
,academy_3_vs_1_with_keeper,123,collect_rollout,7516,0,20,0.0,False,False,0.0,0.0,0,0,0,0.0,0.0,0.0,0.0,0.0,1,0.0
,academy_3_vs_1_with_keeper,123,collect_rollout,7517,0,21,0.0,False,False,0.0,0.0,0,0,0,0.0,0.0,0.0,0.0,0.0,1,0.0
,academy_3_vs_1_with_keeper,123,collect_rollout,7518,0,17,0.0,False,False,0.0,0.0,0,0,0,0.0,0.0,0.0,0.0,0.0,1,0.0
,academy_3_vs_1_with_keeper,123,collect_rollout,7519,0,19,0.0,False,False,0.0,0.0,0,0,0,0.0,0.0,0.0,0.0,0.0,1,0.0
,academy_3_vs_1_with_keeper,123,collect_rollout,7520,0,23,0.0,False,False,0.0,0.0,0,0,0,0.0,0.0,0.0,0.0,0.0,1,0.0
,academy_3_vs_1_with_keeper,123,collect_rollout,7521,0,18,0.0,False,False,0.0,0.0,0,0,0,0.0,0.0,0.0,0.0,0.0,1,0.0
,academy_3_vs_1_with_keeper,123,collect_rollout,7522,0,22,0.0,False,False,0.0,0.0,0,0,0,0.0,0.0,0.0,0.0,0.0,1,0.0
,academy_3_vs_1_with_keeper,123,collect_rollout,7523,0,17,0.0,False,False,0.0,0.0,0,0,0,0.0,0.0,0.0,0.0,0.0,1,0.0
,academy_3_vs_1_with_keeper,123,collect_rollout,7524,0,21,0.0,False,False,0.0,0.0,0,0,0,0.0,0.0,0.0,0.0,0.0,1,0.0
,academy_3_vs_1_with_keeper,123,collect_rollout,7525,0,21,0.0,False,False,0.0,0.0,0,0,0,0.0,0.0,0.0,0.0,0.0,1,0.0
,academy_3_vs_1_with_keeper,123,collect_rollout,7526,0,81,-0.17941318319935817,False,False,0.0,0.0,0,0,0,0.0,0.0,0.0,0.0,-0.17941318319935817,1,-0.17941318319935817
,academy_3_vs_1_with_keeper,123,collect_rollout,7527,0,20,0.0,False,False,0.0,0.0,0,0,0,0.0,0.0,0.0,0.0,0.0,1,0.0
,academy_3_vs_1_with_keeper,123,collect_rollout,7528,0,15,0.0,False,False,0.0,0.0,0,0,0,0.0,0.0,0.0,0.0,0.0,1,0.0
,academy_3_vs_1_with_keeper,123,collect_rollout,7529,0,15,0.0,False,False,0.0,0.0,0,0,0,0.0,0.0,0.0,0.0,0.0,1,0.0
,academy_3_vs_1_with_keeper,123,collect_rollout,7530,0,18,0.0,False,False,0.0,0.0,0,0,0,0.0,0.0,0.0,0.0,0.0,1,0.0
,academy_3_vs_1_with_keeper,123,collect_rollout,7531,0,20,0.0,False,False,0.0,0.0,0,0,0,0.0,0.0,0.0,0.0,0.0,1,0.0
,academy_3_vs_1_with_keeper,123,collect_rollout,7532,0,116,-0.3628970559220761,False,False,0.0,0.0,0,0,0,0.0,0.0,0.0,0.0,-0.3628970559220761,1,-0.3628970559220761
,academy_3_vs_1_with_keeper,123,collect_rollout,7533,0,19,0.0,False,False,0.0,0.0,0,0,0,0.0,0.0,0.0,0.0,0.0,1,0.0
,academy_3_vs_1_with_keeper,123,collect_rollout,7534,0,17,0.0,False,False,0.0,0.0,0,0,0,0.0,0.0,0.0,0.0,0.0,1,0.0
,academy_3_vs_1_with_keeper,123,collect_rollout,7535,0,48,0.05007979285437614,False,False,0.0,0.0,0,0,0,0.0,0.0,0.0,0.0,0.05007979285437614,1,0.05007979285437614
,academy_3_vs_1_with_keeper,123,collect_rollout,7536,0,18,0.0,False,False,0.0,0.0,0,0,0,0.0,0.0,0.0,0.0,0.0,1,0.0
,academy_3_vs_1_with_keeper,123,collect_rollout,7537,0,17,0.0,False,False,0.0,0.0,0,0,0,0.0,0.0,0.0,0.0,0.0,1,0.0
,academy_3_vs_1_with_keeper,123,collect_rollout,7538,0,92,-0.20005785512330476,False,False,0.0,0.0,0,0,0,0.0,0.0,0.0,0.0,-0.20005785512330476,1,-0.20005785512330476
,academy_3_vs_1_with_keeper,123,collect_rollout,7539,0,111,0.04819638910703361,False,False,0.0,0.0,0,0,0,0.0,0.0,0.0,0.0,0.04819638910703361,1,0.04819638910703361
,academy_3_vs_1_with_keeper,123,collect_rollout,7540,0,15,0.0,False,False,0.0,0.0,0,0,0,0.0,0.0,0.0,0.0,0.0,1,0.0
,academy_3_vs_1_with_keeper,123,collect_rollout,7541,0,19,0.0,False,False,0.0,0.0,0,0,0,0.0,0.0,0.0,0.0,0.0,1,0.0
,academy_3_vs_1_with_keeper,123,collect_rollout,7542,0,14,0.0,False,False,0.0,0.0,0,0,0,0.0,0.0,0.0,0.0,0.0,1,0.0
,academy_3_vs_1_with_keeper,123,collect_rollout,7543,0,22,0.0,False,False,0.0,0.0,0,0,0,0.0,0.0,0.0,0.0,0.0,1,0.0
,academy_3_vs_1_with_keeper,123,collect_rollout,7544,0,21,0.0,False,False,0.0,0.0,0,0,0,0.0,0.0,0.0,0.0,0.0,1,0.0
,academy_3_vs_1_with_keeper,123,collect_rollout,7545,0,15,0.0,False,False,0.0,0.0,0,0,0,0.0,0.0,0.0,0.0,0.0,1,0.0
,academy_3_vs_1_with_keeper,123,collect_rollout,7546,0,20,0.0,False,False,0.0,0.0,0,0,0,0.0,0.0,0.0,0.0,0.0,1,0.0
,academy_3_vs_1_with_keeper,123,collect_rollout,7547,0,21,0.0,False,False,0.0,0.0,0,0,0,0.0,0.0,0.0,0.0,0.0,1,0.0
,academy_3_vs_1_with_keeper,123,collect_rollout,7548,0,16,0.0,False,False,0.0,0.0,0,0,0,0.0,0.0,0.0,0.0,0.0,1,0.0
,academy_3_vs_1_with_keeper,123,collect_rollout,7549,0,20,-0.003333333181217313,False,False,0.0,0.0,0,0,0,0.0,0.0,0.0,0.0,-0.003333333181217313,1,-0.003333333181217313
,academy_3_vs_1_with_keeper,123,collect_rollout,7550,0,20,0.0,False,False,0.0,0.0,0,0,0,0.0,0.0,0.0,0.0,0.0,1,0.0
,academy_3_vs_1_with_keeper,123,collect_rollout,7551,0,19,0.0,False,False,0.0,0.0,0,0,0,0.0,0.0,0.0,0.0,0.0,1,0.0
,academy_3_vs_1_with_keeper,123,collect_rollout,7552,0,20,0.0,False,False,0.0,0.0,0,0,0,0.0,0.0,0.0,0.0,0.0,1,0.0
,academy_3_vs_1_with_keeper,123,collect_rollout,7553,0,19,0.0,False,False,0.0,0.0,0,0,0,0.0,0.0,0.0,0.0,0.0,1,0.0
,academy_3_vs_1_with_keeper,123,collect_rollout,7554,0,16,0.0,False,False,0.0,0.0,0,0,0,0.0,0.0,0.0,0.0,0.0,1,0.0
,academy_3_vs_1_with_keeper,123,collect_rollout,7555,0,23,0.0,False,False,0.0,0.0,0,0,0,0.0,0.0,0.0,0.0,0.0,1,0.0
,academy_3_vs_1_with_keeper,123,collect_rollout,7556,0,21,-0.003333333181217313,False,False,0.0,0.0,0,0,0,0.0,0.0,0.0,0.0,-0.003333333181217313,1,-0.003333333181217313
,academy_3_vs_1_with_keeper,123,collect_rollout,7557,0,18,0.0,False,False,0.0,0.0,0,0,0,0.0,0.0,0.0,0.0,0.0,1,0.0
,academy_3_vs_1_with_keeper,123,collect_rollout,7558,0,19,0.0,False,False,0.0,0.0,0,0,0,0.0,0.0,0.0,0.0,0.0,1,0.0
,academy_3_vs_1_with_keeper,123,collect_rollout,7559,0,19,0.0,False,False,0.0,0.0,0,0,0,0.0,0.0,0.0,0.0,0.0,1,0.0
,academy_3_vs_1_with_keeper,123,collect_rollout,7560,0,20,0.0,False,False,0.0,0.0,0,0,0,0.0,0.0,0.0,0.0,0.0,1,0.0
,academy_3_vs_1_with_keeper,123,collect_rollout,7561,0,17,0.0,False,False,0.0,0.0,0,0,0,0.0,0.0,0.0,0.0,0.0,1,0.0
,academy_3_vs_1_with_keeper,123,collect_rollout,7562,0,18,0.0,False,False,0.0,0.0,0,0,0,0.0,0.0,0.0,0.0,0.0,1,0.0
,academy_3_vs_1_with_keeper,123,collect_rollout,7563,0,17,0.0,False,False,0.0,0.0,0,0,0,0.0,0.0,0.0,0.0,0.0,1,0.0
,academy_3_vs_1_with_keeper,123,collect_rollout,7564,0,22,0.0,False,False,0.0,0.0,0,0,0,0.0,0.0,0.0,0.0,0.0,1,0.0
,academy_3_vs_1_with_keeper,123,collect_rollout,7565,0,20,0.0,False,False,0.0,0.0,0,0,0,0.0,0.0,0.0,0.0,0.0,1,0.0
,academy_3_vs_1_with_keeper,123,collect_rollout,7566,0,22,-0.003333333181217313,False,False,0.0,0.0,0,0,0,0.0,0.0,0.0,0.0,-0.003333333181217313,1,-0.003333333181217313
,academy_3_vs_1_with_keeper,123,collect_rollout,7567,0,14,0.0,False,False,0.0,0.0,0,0,0,0.0,0.0,0.0,0.0,0.0,1,0.0
,academy_3_vs_1_with_keeper,123,collect_rollout,7568,0,20,0.0,False,False,0.0,0.0,0,0,0,0.0,0.0,0.0,0.0,0.0,1,0.0
,academy_3_vs_1_with_keeper,123,collect_rollout,7569,0,18,0.0,False,False,0.0,0.0,0,0,0,0.0,0.0,0.0,0.0,0.0,1,0.0
,academy_3_vs_1_with_keeper,123,collect_rollout,7570,0,21,0.0,False,False,0.0,0.0,0,0,0,0.0,0.0,0.0,0.0,0.0,1,0.0
,academy_3_vs_1_with_keeper,123,collect_rollout,7571,0,23,0.0,False,False,0.0,0.0,0,0,0,0.0,0.0,0.0,0.0,0.0,1,0.0
,academy_3_vs_1_with_keeper,123,collect_rollout,7572,0,18,0.0,False,False,0.0,0.0,0,0,0,0.0,0.0,0.0,0.0,0.0,1,0.0
,academy_3_vs_1_with_keeper,123,collect_rollout,7573,0,18,0.0,False,False,0.0,0.0,0,0,0,0.0,0.0,0.0,0.0,0.0,1,0.0
,academy_3_vs_1_with_keeper,123,collect_rollout,7574,0,22,0.0,False,False,0.0,0.0,0,0,0,0.0,0.0,0.0,0.0,0.0,1,0.0
,academy_3_vs_1_with_keeper,123,collect_rollout,7575,0,23,0.0,False,False,0.0,0.0,0,0,0,0.0,0.0,0.0,0.0,0.0,1,0.0
,academy_3_vs_1_with_keeper,123,collect_rollout,7576,0,17,0.0,False,False,0.0,0.0,0,0,0,0.0,0.0,0.0,0.0,0.0,1,0.0
,academy_3_vs_1_with_keeper,123,collect_rollout,7577,0,15,0.0,False,False,0.0,0.0,0,0,0,0.0,0.0,0.0,0.0,0.0,1,0.0
,academy_3_vs_1_with_keeper,123,collect_rollout,7578,0,16,0.0,False,False,0.0,0.0,0,0,0,0.0,0.0,0.0,0.0,0.0,1,0.0
,academy_3_vs_1_with_keeper,123,collect_rollout,7579,0,23,0.0,False,False,0.0,0.0,0,0,0,0.0,0.0,0.0,0.0,0.0,1,0.0
,academy_3_vs_1_with_keeper,123,collect_rollout,7580,0,16,0.0,False,False,0.0,0.0,0,0,0,0.0,0.0,0.0,0.0,0.0,1,0.0
,academy_3_vs_1_with_keeper,123,collect_rollout,7581,0,19,0.0,False,False,0.0,0.0,0,0,0,0.0,0.0,0.0,0.0,0.0,1,0.0
,academy_3_vs_1_with_keeper,123,collect_rollout,7582,0,20,0.0,False,False,0.0,0.0,0,0,0,0.0,0.0,0.0,0.0,0.0,1,0.0
,academy_3_vs_1_with_keeper,123,collect_rollout,7583,0,20,0.0,False,False,0.0,0.0,0,0,0,0.0,0.0,0.0,0.0,0.0,1,0.0
,academy_3_vs_1_with_keeper,123,collect_rollout,7584,0,20,0.0,False,False,0.0,0.0,0,0,0,0.0,0.0,0.0,0.0,0.0,1,0.0
,academy_3_vs_1_with_keeper,123,collect_rollout,7585,0,18,0.0,False,False,0.0,0.0,0,0,0,0.0,0.0,0.0,0.0,0.0,1,0.0
,academy_3_vs_1_with_keeper,123,collect_rollout,7586,0,44,-0.004685935797169805,False,False,0.0,0.0,0,0,0,0.0,0.0,0.0,0.0,-0.004685935797169805,1,-0.004685935797169805
,academy_3_vs_1_with_keeper,123,collect_rollout,7587,0,17,0.0,False,False,0.0,0.0,0,0,0,0.0,0.0,0.0,0.0,0.0,1,0.0
,academy_3_vs_1_with_keeper,123,collect_rollout,7588,0,17,0.0,False,False,0.0,0.0,0,0,0,0.0,0.0,0.0,0.0,0.0,1,0.0
,academy_3_vs_1_with_keeper,123,collect_rollout,7589,0,15,0.0,False,False,0.0,0.0,0,0,0,0.0,0.0,0.0,0.0,0.0,1,0.0
,academy_3_vs_1_with_keeper,123,collect_rollout,7590,0,20,0.0,False,False,0.0,0.0,0,0,0,0.0,0.0,0.0,0.0,0.0,1,0.0
,academy_3_vs_1_with_keeper,123,collect_rollout,7591,0,20,0.0,False,False,0.0,0.0,0,0,0,0.0,0.0,0.0,0.0,0.0,1,0.0
,academy_3_vs_1_with_keeper,123,collect_rollout,7592,0,16,0.0,False,False,0.0,0.0,0,0,0,0.0,0.0,0.0,0.0,0.0,1,0.0
,academy_3_vs_1_with_keeper,123,collect_rollout,7593,0,18,0.0,False,False,0.0,0.0,0,0,0,0.0,0.0,0.0,0.0,0.0,1,0.0
,academy_3_vs_1_with_keeper,123,collect_rollout,7594,0,15,0.0,False,False,0.0,0.0,0,0,0,0.0,0.0,0.0,0.0,0.0,1,0.0
,academy_3_vs_1_with_keeper,123,collect_rollout,7595,0,17,0.0,False,False,0.0,0.0,0,0,0,0.0,0.0,0.0,0.0,0.0,1,0.0
,academy_3_vs_1_with_keeper,123,collect_rollout,7596,0,22,0.0,False,False,0.0,0.0,0,0,0,0.0,0.0,0.0,0.0,0.0,1,0.0
,academy_3_vs_1_with_keeper,123,collect_rollout,7597,0,20,0.0,False,False,0.0,0.0,0,0,0,0.0,0.0,0.0,0.0,0.0,1,0.0
,academy_3_vs_1_with_keeper,123,collect_rollout,7598,0,17,0.0,False,False,0.0,0.0,0,0,0,0.0,0.0,0.0,0.0,0.0,1,0.0
,academy_3_vs_1_with_keeper,123,collect_rollout,7599,0,17,0.0,False,False,0.0,0.0,0,0,0,0.0,0.0,0.0,0.0,0.0,1,0.0
