commit,scenario,seed,collector,episode_index,global_step,episode_length,episode_reward,terminal,truncated,terminal_raw_reward,terminal_shared_reward,score_left,score_right,event_code,terminal_checkpoint_reward,terminal_distance_to_goal,min_step_reward,max_step_reward,sum_step_rewards,reward_count,reward_sum_validation
,academy_3_vs_1_with_keeper,42,collect_rollout,0,0,18,-0.03333333181217313,False,False,0.0,0.0,0,0,0,0.0,0.0,0.0,0.0,-0.03333333181217313,1,-0.03333333181217313
,academy_3_vs_1_with_keeper,42,collect_rollout,1,0,20,-0.059999997494742274,False,False,0.0,0.0,0,0,0,0.0,0.0,0.0,0.0,-0.059999997494742274,1,-0.059999997494742274
,academy_3_vs_1_with_keeper,42,collect_rollout,2,0,6,0.030508969444781542,False,False,0.0,0.0,0,0,0,0.0,0.0,0.0,0.0,0.030508969444781542,1,0.030508969444781542
,academy_3_vs_1_with_keeper,42,collect_rollout,3,0,18,-0.039999998174607754,False,False,0.0,0.0,0,0,0,0.0,0.0,0.0,0.0,-0.039999998174607754,1,-0.039999998174607754
,academy_3_vs_1_with_keeper,42,collect_rollout,4,0,16,-0.02333333226852119,False,False,0.0,0.0,0,0,0,0.0,0.0,0.0,0.0,-0.02333333226852119,1,-0.02333333226852119
,academy_3_vs_1_with_keeper,42,collect_rollout,5,0,7,0.048990641022101045,False,False,0.0,0.0,0,0,0,0.0,0.0,0.0,0.0,0.048990641022101045,1,0.048990641022101045
,academy_3_vs_1_with_keeper,42,collect_rollout,6,0,33,-0.12666666135191917,False,False,0.0,0.0,0,0,0,0.0,0.0,0.0,0.0,-0.12666666135191917,1,-0.12666666135191917
,academy_3_vs_1_with_keeper,42,collect_rollout,7,0,20,-0.04666666476987302,False,False,0.0,0.0,0,0,0,0.0,0.0,0.0,0.0,-0.04666666476987302,1,-0.04666666476987302
,academy_3_vs_1_with_keeper,42,collect_rollout,8,0,22,-0.05333333113230765,False,False,0.0,0.0,0,0,0,0.0,0.0,0.0,0.0,-0.05333333113230765,1,-0.05333333113230765
,academy_3_vs_1_with_keeper,42,collect_rollout,9,0,18,-0.026666665449738503,False,False,0.0,0.0,0,0,0,0.0,0.0,0.0,0.0,-0.026666665449738503,1,-0.026666665449738503
,academy_3_vs_1_with_keeper,42,collect_rollout,10,0,18,-0.043333332054317,False,False,0.0,0.0,0,0,0,0.0,0.0,0.0,0.0,-0.043333332054317,1,-0.043333332054317
,academy_3_vs_1_with_keeper,42,collect_rollout,11,0,20,-0.039999998174607754,False,False,0.0,0.0,0,0,0,0.0,0.0,0.0,0.0,-0.039999998174607754,1,-0.039999998174607754
,academy_3_vs_1_with_keeper,42,collect_rollout,12,0,17,-0.05666666431352496,False,False,0.0,0.0,0,0,0,0.0,0.0,0.0,0.0,-0.05666666431352496,1,-0.05666666431352496
,academy_3_vs_1_with_keeper,42,collect_rollout,13,0,15,-0.03333333181217313,False,False,0.0,0.0,0,0,0,0.0,0.0,0.0,0.0,-0.03333333181217313,1,-0.03333333181217313
,academy_3_vs_1_with_keeper,42,collect_rollout,14,0,19,-0.04333333135582507,False,False,0.0,0.0,0,0,0,0.0,0.0,0.0,0.0,-0.04333333135582507,1,-0.04333333135582507
,academy_3_vs_1_with_keeper,42,collect_rollout,15,0,21,-0.04666666453704238,False,False,0.0,0.0,0,0,0,0.0,0.0,0.0,0.0,-0.04666666453704238,1,-0.04666666453704238
,academy_3_vs_1_with_keeper,42,collect_rollout,16,0,36,-0.07999999634921551,False,False,0.0,0.0,0,0,0,0.0,0.0,0.0,0.0,-0.07999999634921551,1,-0.07999999634921551
,academy_3_vs_1_with_keeper,42,collect_rollout,17,0,19,-0.0399999984074384,False,False,0.0,0.0,0,0,0,0.0,0.0,0.0,0.0,-0.0399999984074384,1,-0.0399999984074384
,academy_3_vs_1_with_keeper,42,collect_rollout,18,0,17,-0.02999999886378646,False,False,0.0,0.0,0,0,0,0.0,0.0,0.0,0.0,-0.02999999886378646,1,-0.02999999886378646
,academy_3_vs_1_with_keeper,42,collect_rollout,19,0,19,-0.019999999087303877,False,False,0.0,0.0,0,0,0,0.0,0.0,0.0,0.0,-0.019999999087303877,1,-0.019999999087303877
,academy_3_vs_1_with_keeper,42,collect_rollout,20,0,20,-0.04333333135582507,False,False,0.0,0.0,0,0,0,0.0,0.0,0.0,0.0,-0.04333333135582507,1,-0.04333333135582507
,academy_3_vs_1_with_keeper,42,collect_rollout,21,0,15,-0.02333333226852119,False,False,0.0,0.0,0,0,0,0.0,0.0,0.0,0.0,-0.02333333226852119,1,-0.02333333226852119
,academy_3_vs_1_with_keeper,42,collect_rollout,22,0,50,-0.11999999452382326,False,False,0.0,0.0,0,0,0,0.0,0.0,0.0,0.0,-0.11999999452382326,1,-0.11999999452382326
,academy_3_vs_1_with_keeper,42,collect_rollout,23,0,42,-0.08081797906197608,False,False,0.0,0.0,0,0,0,0.0,0.0,0.0,0.0,-0.08081797906197608,1,-0.08081797906197608
,academy_3_vs_1_with_keeper,42,collect_rollout,24,0,17,-0.03666666499339044,False,False,0.0,0.0,0,0,0,0.0,0.0,0.0,0.0,-0.03666666499339044,1,-0.03666666499339044
,academy_3_vs_1_with_keeper,42,collect_rollout,25,0,22,-0.029999998630955815,False,False,0.0,0.0,0,0,0,0.0,0.0,0.0,0.0,-0.029999998630955815,1,-0.029999998630955815
,academy_3_vs_1_with_keeper,42,collect_rollout,26,0,20,-0.03333333181217313,False,False,0.0,0.0,0,0,0,0.0,0.0,0.0,0.0,-0.03333333181217313,1,-0.03333333181217313
,academy_3_vs_1_with_keeper,42,collect_rollout,27,0,18,-0.04333333135582507,False,False,0.0,0.0,0,0,0,0.0,0.0,0.0,0.0,-0.04333333135582507,1,-0.04333333135582507
,academy_3_vs_1_with_keeper,42,collect_rollout,28,0,91,-0.2266666570212692,False,False,0.0,0.0,0,0,0,0.0,0.0,0.0,0.0,-0.2266666570212692,1,-0.2266666570212692
,academy_3_vs_1_with_keeper,42,collect_rollout,29,0,15,-0.029999998630955815,False,False,0.0,0.0,0,0,0,0.0,0.0,0.0,0.0,-0.029999998630955815,1,-0.029999998630955815
,academy_3_vs_1_with_keeper,42,collect_rollout,30,0,8,0.02479271055199206,False,False,0.0,0.0,0,0,0,0.0,0.0,0.0,0.0,0.02479271055199206,1,0.02479271055199206
,academy_3_vs_1_with_keeper,42,collect_rollout,31,0,18,-0.039999998174607754,False,False,0.0,0.0,0,0,0,0.0,0.0,0.0,0.0,-0.039999998174607754,1,-0.039999998174607754
,academy_3_vs_1_with_keeper,42,collect_rollout,32,0,35,0.05089548765681684,False,False,0.0,0.0,0,0,0,0.0,0.0,0.0,0.0,0.05089548765681684,1,0.05089548765681684
,academy_3_vs_1_with_keeper,42,collect_rollout,33,0,17,-0.0399999984074384,False,False,0.0,0.0,0,0,0,0.0,0.0,0.0,0.0,-0.0399999984074384,1,-0.0399999984074384
,academy_3_vs_1_with_keeper,42,collect_rollout,34,0,34,-0.08553140540607274,False,False,0.0,0.0,0,0,0,0.0,0.0,0.0,0.0,-0.08553140540607274,1,-0.08553140540607274
,academy_3_vs_1_with_keeper,42,collect_rollout,35,0,17,-0.009999999543651938,False,False,0.0,0.0,0,0,0,0.0,0.0,0.0,0.0,-0.009999999543651938,1,-0.009999999543651938
,academy_3_vs_1_with_keeper,42,collect_rollout,36,0,16,-0.03333333181217313,False,False,0.0,0.0,0,0,0,0.0,0.0,0.0,0.0,-0.03333333181217313,1,-0.03333333181217313
,academy_3_vs_1_with_keeper,42,collect_rollout,37,0,51,-0.09999999566935003,False,False,0.0,0.0,0,0,0,0.0,0.0,0.0,0.0,-0.09999999566935003,1,-0.09999999566935003
,academy_3_vs_1_with_keeper,42,collect_rollout,38,0,18,-0.04333333135582507,False,False,0.0,0.0,0,0,0,0.0,0.0,0.0,0.0,-0.04333333135582507,1,-0.04333333135582507
,academy_3_vs_1_with_keeper,42,collect_rollout,39,0,11,0.010959185427054763,False,False,0.0,0.0,0,0,0,0.0,0.0,0.0,0.0,0.010959185427054763,1,0.010959185427054763
,academy_3_vs_1_with_keeper,42,collect_rollout,40,0,87,-1.2133333238307387,False,False,0.0,0.0,0,0,0,0.0,0.0,0.0,0.0,-1.2133333238307387,1,-1.2133333238307387
,academy_3_vs_1_with_keeper,42,collect_rollout,41,0,19,-0.04333333135582507,False,False,0.0,0.0,0,0,0,0.0,0.0,0.0,0.0,-0.04333333135582507,1,-0.04333333135582507
,academy_3_vs_1_with_keeper,42,collect_rollout,42,0,16,-0.02333333226852119,False,False,0.0,0.0,0,0,0,0.0,0.0,0.0,0.0,-0.02333333226852119,1,-0.02333333226852119
,academy_3_vs_1_with_keeper,42,collect_rollout,43,0,21,-0.04333333158865571,False,False,0.0,0.0,0,0,0,0.0,0.0,0.0,0.0,-0.04333333158865571,1,-0.04333333158865571
,academy_3_vs_1_with_keeper,42,collect_rollout,44,0,37,-0.07333332998678088,False,False,0.0,0.0,0,0,0,0.0,0.0,0.0,0.0,-0.07333332998678088,1,-0.07333332998678088
,academy_3_vs_1_with_keeper,42,collect_rollout,45,0,18,-0.03333333181217313,False,False,0.0,0.0,0,0,0,0.0,0.0,0.0,0.0,-0.03333333181217313,1,-0.03333333181217313
,academy_3_vs_1_with_keeper,42,collect_rollout,46,0,17,-0.019999999087303877,False,False,0.0,0.0,0,0,0,0.0,0.0,0.0,0.0,-0.019999999087303877,1,-0.019999999087303877
,academy_3_vs_1_with_keeper,42,collect_rollout,47,0,23,-0.04666666453704238,False,False,0.0,0.0,0,0,0,0.0,0.0,0.0,0.0,-0.04666666453704238,1,-0.04666666453704238
,academy_3_vs_1_with_keeper,42,collect_rollout,48,0,20,-0.04333333158865571,False,False,0.0,0.0,0,0,0,0.0,0.0,0.0,0.0,-0.04333333158865571,1,-0.04333333158865571
,academy_3_vs_1_with_keeper,42,collect_rollout,49,0,14,-0.019999999087303877,False,False,0.0,0.0,0,0,0,0.0,0.0,0.0,0.0,-0.019999999087303877,1,-0.019999999087303877
,academy_3_vs_1_with_keeper,42,collect_rollout,50,0,37,0.033102541230618954,False,False,0.0,0.0,0,0,0,0.0,0.0,0.0,0.0,0.033102541230618954,1,0.033102541230618954
,academy_3_vs_1_with_keeper,42,collect_rollout,51,0,15,-0.026666665449738503,False,False,0.0,0.0,0,0,0,0.0,0.0,0.0,0.0,-0.026666665449738503,1,-0.026666665449738503
,academy_3_vs_1_with_keeper,42,collect_rollout,52,0,16,-0.026666665449738503,False,False,0.0,0.0,0,0,0,0.0,0.0,0.0,0.0,-0.026666665449738503,1,-0.026666665449738503
,academy_3_vs_1_with_keeper,42,collect_rollout,53,0,17,-0.04666666453704238,False,False,0.0,0.0,0,0,0,0.0,0.0,0.0,0.0,-0.04666666453704238,1,-0.04666666453704238
,academy_3_vs_1_with_keeper,42,collect_rollout,54,0,20,-0.04666666453704238,False,False,0.0,0.0,0,0,0,0.0,0.0,0.0,0.0,-0.04666666453704238,1,-0.04666666453704238
,academy_3_vs_1_with_keeper,42,collect_rollout,55,0,15,-0.016666665906086564,False,False,0.0,0.0,0,0,0,0.0,0.0,0.0,0.0,-0.016666665906086564,1,-0.016666665906086564
,academy_3_vs_1_with_keeper,42,collect_rollout,56,0,17,-0.02333333226852119,False,False,0.0,0.0,0,0,0,0.0,0.0,0.0,0.0,-0.02333333226852119,1,-0.02333333226852119
,academy_3_vs_1_with_keeper,42,collect_rollout,57,0,18,-0.029999998630955815,False,False,0.0,0.0,0,0,0,0.0,0.0,0.0,0.0,-0.029999998630955815,1,-0.029999998630955815
,academy_3_vs_1_with_keeper,42,collect_rollout,58,0,16,-0.03666666499339044,False,False,0.0,0.0,0,0,0,0.0,0.0,0.0,0.0,-0.03666666499339044,1,-0.03666666499339044
,academy_3_vs_1_with_keeper,42,collect_rollout,59,0,18,-0.039999998174607754,False,False,0.0,0.0,0,0,0,0.0,0.0,0.0,0.0,-0.039999998174607754,1,-0.039999998174607754
,academy_3_vs_1_with_keeper,42,collect_rollout,60,0,35,-0.014669165073428303,False,False,0.0,0.0,0,0,0,0.0,0.0,0.0,0.0,-0.014669165073428303,1,-0.014669165073428303
,academy_3_vs_1_with_keeper,42,collect_rollout,61,0,21,-0.029999998630955815,False,False,0.0,0.0,0,0,0,0.0,0.0,0.0,0.0,-0.029999998630955815,1,-0.029999998630955815
,academy_3_vs_1_with_keeper,42,collect_rollout,62,0,21,-0.016666665906086564,False,False,0.0,0.0,0,0,0,0.0,0.0,0.0,0.0,-0.016666665906086564,1,-0.016666665906086564
,academy_3_vs_1_with_keeper,42,collect_rollout,63,0,18,-0.03666666499339044,False,False,0.0,0.0,0,0,0,0.0,0.0,0.0,0.0,-0.03666666499339044,1,-0.03666666499339044
,academy_3_vs_1_with_keeper,42,collect_rollout,64,0,15,-0.019999999087303877,False,False,0.0,0.0,0,0,0,0.0,0.0,0.0,0.0,-0.019999999087303877,1,-0.019999999087303877
,academy_3_vs_1_with_keeper,42,collect_rollout,65,0,20,-0.04333333135582507,False,False,0.0,0.0,0,0,0,0.0,0.0,0.0,0.0,-0.04333333135582507,1,-0.04333333135582507
,academy_3_vs_1_with_keeper,42,collect_rollout,66,0,19,-0.03666666499339044,False,False,0.0,0.0,0,0,0,0.0,0.0,0.0,0.0,-0.03666666499339044,1,-0.03666666499339044
,academy_3_vs_1_with_keeper,42,collect_rollout,67,0,17,-0.02333333226852119,False,False,0.0,0.0,0,0,0,0.0,0.0,0.0,0.0,-0.02333333226852119,1,-0.02333333226852119
,academy_3_vs_1_with_keeper,42,collect_rollout,68,0,19,-0.039999998174607754,False,False,0.0,0.0,0,0,0,0.0,0.0,0.0,0.0,-0.039999998174607754,1,-0.039999998174607754
,academy_3_vs_1_with_keeper,42,collect_rollout,69,0,20,-0.039999998174607754,False,False,0.0,0.0,0,0,0,0.0,0.0,0.0,0.0,-0.039999998174607754,1,-0.039999998174607754
,academy_3_vs_1_with_keeper,42,collect_rollout,70,0,22,-0.05999999726191163,False,False,0.0,0.0,0,0,0,0.0,0.0,0.0,0.0,-0.05999999726191163,1,-0.05999999726191163
,academy_3_vs_1_with_keeper,42,collect_rollout,71,0,21,-0.039999998174607754,False,False,0.0,0.0,0,0,0,0.0,0.0,0.0,0.0,-0.039999998174607754,1,-0.039999998174607754
,academy_3_vs_1_with_keeper,42,collect_rollout,72,0,22,-0.03333333181217313,False,False,0.0,0.0,0,0,0,0.0,0.0,0.0,0.0,-0.03333333181217313,1,-0.03333333181217313
,academy_3_vs_1_with_keeper,42,collect_rollout,73,0,19,-0.039999998174607754,False,False,0.0,0.0,0,0,0,0.0,0.0,0.0,0.0,-0.039999998174607754,1,-0.039999998174607754
,academy_3_vs_1_with_keeper,42,collect_rollout,74,0,20,-0.039999998174607754,False,False,0.0,0.0,0,0,0,0.0,0.0,0.0,0.0,-0.039999998174607754,1,-0.039999998174607754
,academy_3_vs_1_with_keeper,42,collect_rollout,75,0,7,0.0409933312330395,False,False,0.0,0.0,0,0,0,0.0,0.0,0.0,0.0,0.0409933312330395,1,0.0409933312330395
,academy_3_vs_1_with_keeper,42,collect_rollout,76,0,15,-0.019999999087303877,False,False,0.0,0.0,0,0,0,0.0,0.0,0.0,0.0,-0.019999999087303877,1,-0.019999999087303877
,academy_3_vs_1_with_keeper,42,collect_rollout,77,0,54,-0.1199999947566539,False,False,0.0,0.0,0,0,0,0.0,0.0,0.0,0.0,-0.1199999947566539,1,-0.1199999947566539
,academy_3_vs_1_with_keeper,42,collect_rollout,78,0,18,-0.039999998174607754,False,False,0.0,0.0,0,0,0,0.0,0.0,0.0,0.0,-0.039999998174607754,1,-0.039999998174607754
,academy_3_vs_1_with_keeper,42,collect_rollout,79,0,16,-0.02333333226852119,False,False,0.0,0.0,0,0,0,0.0,0.0,0.0,0.0,-0.02333333226852119,1,-0.02333333226852119
,academy_3_vs_1_with_keeper,42,collect_rollout,80,0,20,-0.03333333181217313,False,False,0.0,0.0,0,0,0,0.0,0.0,0.0,0.0,-0.03333333181217313,1,-0.03333333181217313
,academy_3_vs_1_with_keeper,42,collect_rollout,81,0,18,-0.02333333226852119,False,False,0.0,0.0,0,0,0,0.0,0.0,0.0,0.0,-0.02333333226852119,1,-0.02333333226852119
,academy_3_vs_1_with_keeper,42,collect_rollout,82,0,30,-0.06333333044312894,False,False,0.0,0.0,0,0,0,0.0,0.0,0.0,0.0,-0.06333333044312894,1,-0.06333333044312894
,academy_3_vs_1_with_keeper,42,collect_rollout,83,0,21,-0.04666666453704238,False,False,0.0,0.0,0,0,0,0.0,0.0,0.0,0.0,-0.04666666453704238,1,-0.04666666453704238
,academy_3_vs_1_with_keeper,42,collect_rollout,84,0,16,-0.029999998630955815,False,False,0.0,0.0,0,0,0,0.0,0.0,0.0,0.0,-0.029999998630955815,1,-0.029999998630955815
,academy_3_vs_1_with_keeper,42,collect_rollout,85,0,15,-0.019999999087303877,False,False,0.0,0.0,0,0,0,0.0,0.0,0.0,0.0,-0.019999999087303877,1,-0.019999999087303877
,academy_3_vs_1_with_keeper,42,collect_rollout,86,0,15,-0.029999998630955815,False,False,0.0,0.0,0,0,0,0.0,0.0,0.0,0.0,-0.029999998630955815,1,-0.029999998630955815
,academy_3_vs_1_with_keeper,42,collect_rollout,87,0,51,-0.09999999543651938,False,False,0.0,0.0,0,0,0,0.0,0.0,0.0,0.0,-0.09999999543651938,1,-0.09999999543651938
,academy_3_vs_1_with_keeper,42,collect_rollout,88,0,15,-0.029999998630955815,False,False,0.0,0.0,0,0,0,0.0,0.0,0.0,0.0,-0.029999998630955815,1,-0.029999998630955815
,academy_3_vs_1_with_keeper,42,collect_rollout,89,0,18,-0.02333333226852119,False,False,0.0,0.0,0,0,0,0.0,0.0,0.0,0.0,-0.02333333226852119,1,-0.02333333226852119
,academy_3_vs_1_with_keeper,42,collect_rollout,90,0,19,-0.03333333204500377,False,False,0.0,0.0,0,0,0,0.0,0.0,0.0,0.0,-0.03333333204500377,1,-0.03333333204500377
,academy_3_vs_1_with_keeper,42,collect_rollout,91,0,8,0.01858082681428641,False,False,0.0,0.0,0,0,0,0.0,0.0,0.0,0.0,0.01858082681428641,1,0.01858082681428641
,academy_3_vs_1_with_keeper,42,collect_rollout,92,0,16,-0.03333333181217313,False,False,0.0,0.0,0,0,0,0.0,0.0,0.0,0.0,-0.03333333181217313,1,-0.03333333181217313
,academy_3_vs_1_with_keeper,42,collect_rollout,93,0,18,-0.029999998630955815,False,False,0.0,0.0,0,0,0,0.0,0.0,0.0,0.0,-0.029999998630955815,1,-0.029999998630955815
,academy_3_vs_1_with_keeper,42,collect_rollout,94,0,90,-0.22666665655560791,False,False,0.0,0.0,0,0,0,0.0,0.0,0.0,0.0,-0.22666665655560791,1,-0.22666665655560791
,academy_3_vs_1_with_keeper,42,collect_rollout,95,0,19,-0.03333333181217313,False,False,0.0,0.0,0,0,0,0.0,0.0,0.0,0.0,-0.03333333181217313,1,-0.03333333181217313
,academy_3_vs_1_with_keeper,42,collect_rollout,96,0,17,-0.02333333226852119,False,False,0.0,0.0,0,0,0,0.0,0.0,0.0,0.0,-0.02333333226852119,1,-0.02333333226852119
,academy_3_vs_1_with_keeper,42,collect_rollout,97,0,20,-0.03333333181217313,False,False,0.0,0.0,0,0,0,0.0,0.0,0.0,0.0,-0.03333333181217313,1,-0.03333333181217313
,academy_3_vs_1_with_keeper,42,collect_rollout,98,0,24,-0.03333333181217313,False,False,0.0,0.0,0,0,0,0.0,0.0,0.0,0.0,-0.03333333181217313,1,-0.03333333181217313
,academy_3_vs_1_with_keeper,42,collect_rollout,99,0,28,2.0901108243269846,False,False,0.0,0.0,0,0,0,0.0,0.0,0.0,0.0,2.0901108243269846,1,2.0901108243269846
,academy_3_vs_1_with_keeper,42,collect_rollout,100,0,18,-0.03666666499339044,False,False,0.0,0.0,0,0,0,0.0,0.0,0.0,0.0,-0.03666666499339044,1,-0.03666666499339044
,academy_3_vs_1_with_keeper,42,collect_rollout,101,0,14,-0.026666665449738503,False,False,0.0,0.0,0,0,0,0.0,0.0,0.0,0.0,-0.026666665449738503,1,-0.026666665449738503
,academy_3_vs_1_with_keeper,42,collect_rollout,102,0,19,-0.03333333181217313,False,False,0.0,0.0,0,0,0,0.0,0.0,0.0,0.0,-0.03333333181217313,1,-0.03333333181217313
,academy_3_vs_1_with_keeper,42,collect_rollout,103,0,22,-0.03666666499339044,False,False,0.0,0.0,0,0,0,0.0,0.0,0.0,0.0,-0.03666666499339044,1,-0.03666666499339044
,academy_3_vs_1_with_keeper,42,collect_rollout,104,0,19,-0.026666665449738503,False,False,0.0,0.0,0,0,0,0.0,0.0,0.0,0.0,-0.026666665449738503,1,-0.026666665449738503
,academy_3_vs_1_with_keeper,42,collect_rollout,105,0,38,-0.09333332907408476,False,False,0.0,0.0,0,0,0,0.0,0.0,0.0,0.0,-0.09333332907408476,1,-0.09333332907408476
,academy_3_vs_1_with_keeper,42,collect_rollout,106,0,6,0.030537810642272234,False,False,0.0,0.0,0,0,0,0.0,0.0,0.0,0.0,0.030537810642272234,1,0.030537810642272234
,academy_3_vs_1_with_keeper,42,collect_rollout,107,0,17,-0.02333333226852119,False,False,0.0,0.0,0,0,0,0.0,0.0,0.0,0.0,-0.02333333226852119,1,-0.02333333226852119
,academy_3_vs_1_with_keeper,42,collect_rollout,108,0,17,-0.026666665449738503,False,False,0.0,0.0,0,0,0,0.0,0.0,0.0,0.0,-0.026666665449738503,1,-0.026666665449738503
,academy_3_vs_1_with_keeper,42,collect_rollout,109,0,19,-0.04333333135582507,False,False,0.0,0.0,0,0,0,0.0,0.0,0.0,0.0,-0.04333333135582507,1,-0.04333333135582507
,academy_3_vs_1_with_keeper,42,collect_rollout,110,0,20,-0.026666665449738503,False,False,0.0,0.0,0,0,0,0.0,0.0,0.0,0.0,-0.026666665449738503,1,-0.026666665449738503
,academy_3_vs_1_with_keeper,42,collect_rollout,111,0,15,-0.02333333226852119,False,False,0.0,0.0,0,0,0,0.0,0.0,0.0,0.0,-0.02333333226852119,1,-0.02333333226852119
,academy_3_vs_1_with_keeper,42,collect_rollout,112,0,13,-0.016666665906086564,False,False,0.0,0.0,0,0,0,0.0,0.0,0.0,0.0,-0.016666665906086564,1,-0.016666665906086564
,academy_3_vs_1_with_keeper,42,collect_rollout,113,0,21,-0.026666665449738503,False,False,0.0,0.0,0,0,0,0.0,0.0,0.0,0.0,-0.026666665449738503,1,-0.026666665449738503
,academy_3_vs_1_with_keeper,42,collect_rollout,114,0,20,-0.026666665449738503,False,False,0.0,0.0,0,0,0,0.0,0.0,0.0,0.0,-0.026666665449738503,1,-0.026666665449738503
,academy_3_vs_1_with_keeper,42,collect_rollout,115,0,24,-0.04333333135582507,False,False,0.0,0.0,0,0,0,0.0,0.0,0.0,0.0,-0.04333333135582507,1,-0.04333333135582507
,academy_3_vs_1_with_keeper,42,collect_rollout,116,0,22,-0.04666666453704238,False,False,0.0,0.0,0,0,0,0.0,0.0,0.0,0.0,-0.04666666453704238,1,-0.04666666453704238
,academy_3_vs_1_with_keeper,42,collect_rollout,117,0,17,-0.016666665906086564,False,False,0.0,0.0,0,0,0,0.0,0.0,0.0,0.0,-0.016666665906086564,1,-0.016666665906086564
,academy_3_vs_1_with_keeper,42,collect_rollout,118,0,18,-0.02333333226852119,False,False,0.0,0.0,0,0,0,0.0,0.0,0.0,0.0,-0.02333333226852119,1,-0.02333333226852119
,academy_3_vs_1_with_keeper,42,collect_rollout,119,0,23,-0.03666666499339044,False,False,0.0,0.0,0,0,0,0.0,0.0,0.0,0.0,-0.03666666499339044,1,-0.03666666499339044
,academy_3_vs_1_with_keeper,42,collect_rollout,120,0,10,0.010331816660254844,False,False,0.0,0.0,0,0,0,0.0,0.0,0.0,0.0,0.010331816660254844,1,0.010331816660254844
,academy_3_vs_1_with_keeper,42,collect_rollout,121,0,18,-0.04666666476987302,False,False,0.0,0.0,0,0,0,0.0,0.0,0.0,0.0,-0.04666666476987302,1,-0.04666666476987302
,academy_3_vs_1_with_keeper,42,collect_rollout,122,0,19,-0.039999998174607754,False,False,0.0,0.0,0,0,0,0.0,0.0,0.0,0.0,-0.039999998174607754,1,-0.039999998174607754
,academy_3_vs_1_with_keeper,42,collect_rollout,123,0,22,-0.053333330899477005,False,False,0.0,0.0,0,0,0,0.0,0.0,0.0,0.0,-0.053333330899477005,1,-0.053333330899477005
,academy_3_vs_1_with_keeper,42,collect_rollout,124,0,9,0.02077034953981638,False,False,0.0,0.0,0,0,0,0.0,0.0,0.0,0.0,0.02077034953981638,1,0.02077034953981638
,academy_3_vs_1_with_keeper,42,collect_rollout,125,0,48,-0.03904372816396062,False,False,0.0,0.0,0,0,0,0.0,0.0,0.0,0.0,-0.03904372816396062,1,-0.03904372816396062
,academy_3_vs_1_with_keeper,42,collect_rollout,126,0,19,-0.04333333135582507,False,False,0.0,0.0,0,0,0,0.0,0.0,0.0,0.0,-0.04333333135582507,1,-0.04333333135582507
,academy_3_vs_1_with_keeper,42,collect_rollout,127,0,20,-0.029999998630955815,False,False,0.0,0.0,0,0,0,0.0,0.0,0.0,0.0,-0.029999998630955815,1,-0.029999998630955815
,academy_3_vs_1_with_keeper,42,collect_rollout,128,0,52,-0.08333332976326346,False,False,0.0,0.0,0,0,0,0.0,0.0,0.0,0.0,-0.08333332976326346,1,-0.08333332976326346
,academy_3_vs_1_with_keeper,42,collect_rollout,129,0,62,-0.07318139658309519,False,False,0.0,0.0,0,0,0,0.0,0.0,0.0,0.0,-0.07318139658309519,1,-0.07318139658309519
,academy_3_vs_1_with_keeper,42,collect_rollout,130,0,42,-0.06999999703839421,False,False,0.0,0.0,0,0,0,0.0,0.0,0.0,0.0,-0.06999999703839421,1,-0.06999999703839421
,academy_3_vs_1_with_keeper,42,collect_rollout,131,0,39,-0.06543466367293149,False,False,0.0,0.0,0,0,0,0.0,0.0,0.0,0.0,-0.06543466367293149,1,-0.06543466367293149
,academy_3_vs_1_with_keeper,42,collect_rollout,132,0,17,-0.02333333226852119,False,False,0.0,0.0,0,0,0,0.0,0.0,0.0,0.0,-0.02333333226852119,1,-0.02333333226852119
,academy_3_vs_1_with_keeper,42,collect_rollout,133,0,38,-0.07999999634921551,False,False,0.0,0.0,0,0,0,0.0,0.0,0.0,0.0,-0.07999999634921551,1,-0.07999999634921551
,academy_3_vs_1_with_keeper,42,collect_rollout,134,0,38,-0.0033500728895887733,False,False,0.0,0.0,0,0,0,0.0,0.0,0.0,0.0,-0.0033500728895887733,1,-0.0033500728895887733
,academy_3_vs_1_with_keeper,42,collect_rollout,135,0,18,-0.013333332724869251,False,False,0.0,0.0,0,0,0,0.0,0.0,0.0,0.0,-0.013333332724869251,1,-0.013333332724869251
,academy_3_vs_1_with_keeper,42,collect_rollout,136,0,35,2.097281076014042,False,False,0.0,0.0,0,0,0,0.0,0.0,0.0,0.0,2.097281076014042,1,2.097281076014042
,academy_3_vs_1_with_keeper,42,collect_rollout,137,0,18,-0.016666665906086564,False,False,0.0,0.0,0,0,0,0.0,0.0,0.0,0.0,-0.016666665906086564,1,-0.016666665906086564
,academy_3_vs_1_with_keeper,42,collect_rollout,138,0,14,0.01969625917263329,False,False,0.0,0.0,0,0,0,0.0,0.0,0.0,0.0,0.01969625917263329,1,0.01969625917263329
,academy_3_vs_1_with_keeper,42,collect_rollout,139,0,17,-0.019999999087303877,False,False,0.0,0.0,0,0,0,0.0,0.0,0.0,0.0,-0.019999999087303877,1,-0.019999999087303877
,academy_3_vs_1_with_keeper,42,collect_rollout,140,0,18,-0.026666665449738503,False,False,0.0,0.0,0,0,0,0.0,0.0,0.0,0.0,-0.026666665449738503,1,-0.026666665449738503
,academy_3_vs_1_with_keeper,42,collect_rollout,141,0,7,0.037277731811627746,False,False,0.0,0.0,0,0,0,0.0,0.0,0.0,0.0,0.037277731811627746,1,0.037277731811627746
,academy_3_vs_1_with_keeper,42,collect_rollout,142,0,31,0.012413050088071031,False,False,0.0,0.0,0,0,0,0.0,0.0,0.0,0.0,0.012413050088071031,1,0.012413050088071031
,academy_3_vs_1_with_keeper,42,collect_rollout,143,0,18,-0.029999998630955815,False,False,0.0,0.0,0,0,0,0.0,0.0,0.0,0.0,-0.029999998630955815,1,-0.029999998630955815
,academy_3_vs_1_with_keeper,42,collect_rollout,144,0,18,-0.02333333226852119,False,False,0.0,0.0,0,0,0,0.0,0.0,0.0,0.0,-0.02333333226852119,1,-0.02333333226852119
,academy_3_vs_1_with_keeper,42,collect_rollout,145,0,18,-0.026666665449738503,False,False,0.0,0.0,0,0,0,0.0,0.0,0.0,0.0,-0.026666665449738503,1,-0.026666665449738503
,academy_3_vs_1_with_keeper,42,collect_rollout,146,0,23,-0.05666666408069432,False,False,0.0,0.0,0,0,0,0.0,0.0,0.0,0.0,-0.05666666408069432,1,-0.05666666408069432
,academy_3_vs_1_with_keeper,42,collect_rollout,147,0,21,-0.03333333181217313,False,False,0.0,0.0,0,0,0,0.0,0.0,0.0,0.0,-0.03333333181217313,1,-0.03333333181217313
,academy_3_vs_1_with_keeper,42,collect_rollout,148,0,18,-0.029999998630955815,False,False,0.0,0.0,0,0,0,0.0,0.0,0.0,0.0,-0.029999998630955815,1,-0.029999998630955815
,academy_3_vs_1_with_keeper,42,collect_rollout,149,0,52,-0.07794820284470916,False,False,0.0,0.0,0,0,0,0.0,0.0,0.0,0.0,-0.07794820284470916,1,-0.07794820284470916
,academy_3_vs_1_with_keeper,42,collect_rollout,150,0,18,-0.016666665906086564,False,False,0.0,0.0,0,0,0,0.0,0.0,0.0,0.0,-0.016666665906086564,1,-0.016666665906086564
,academy_3_vs_1_with_keeper,42,collect_rollout,151,0,16,-0.02333333226852119,False,False,0.0,0.0,0,0,0,0.0,0.0,0.0,0.0,-0.02333333226852119,1,-0.02333333226852119
,academy_3_vs_1_with_keeper,42,collect_rollout,152,0,7,0.036522506037727,False,False,0.0,0.0,0,0,0,0.0,0.0,0.0,0.0,0.036522506037727,1,0.036522506037727
,academy_3_vs_1_with_keeper,42,collect_rollout,153,0,19,-0.026666665449738503,False,False,0.0,0.0,0,0,0,0.0,0.0,0.0,0.0,-0.026666665449738503,1,-0.026666665449738503
,academy_3_vs_1_with_keeper,42,collect_rollout,154,0,47,-0.015668446896597743,False,False,0.0,0.0,0,0,0,0.0,0.0,0.0,0.0,-0.015668446896597743,1,-0.015668446896597743
,academy_3_vs_1_with_keeper,42,collect_rollout,155,0,21,-0.026666665449738503,False,False,0.0,0.0,0,0,0,0.0,0.0,0.0,0.0,-0.026666665449738503,1,-0.026666665449738503
,academy_3_vs_1_with_keeper,42,collect_rollout,156,0,18,-0.0399999984074384,False,False,0.0,0.0,0,0,0,0.0,0.0,0.0,0.0,-0.0399999984074384,1,-0.0399999984074384
,academy_3_vs_1_with_keeper,42,collect_rollout,157,0,19,-0.039999998174607754,False,False,0.0,0.0,0,0,0,0.0,0.0,0.0,0.0,-0.039999998174607754,1,-0.039999998174607754
,academy_3_vs_1_with_keeper,42,collect_rollout,158,0,58,-0.09666666225530207,False,False,0.0,0.0,0,0,0,0.0,0.0,0.0,0.0,-0.09666666225530207,1,-0.09666666225530207
,academy_3_vs_1_with_keeper,42,collect_rollout,159,0,20,-0.03333333204500377,False,False,0.0,0.0,0,0,0,0.0,0.0,0.0,0.0,-0.03333333204500377,1,-0.03333333204500377
,academy_3_vs_1_with_keeper,42,collect_rollout,160,0,17,-0.019999999087303877,False,False,0.0,0.0,0,0,0,0.0,0.0,0.0,0.0,-0.019999999087303877,1,-0.019999999087303877
,academy_3_vs_1_with_keeper,42,collect_rollout,161,0,17,-0.019999999087303877,False,False,0.0,0.0,0,0,0,0.0,0.0,0.0,0.0,-0.019999999087303877,1,-0.019999999087303877
,academy_3_vs_1_with_keeper,42,collect_rollout,162,0,21,-0.029999998630955815,False,False,0.0,0.0,0,0,0,0.0,0.0,0.0,0.0,-0.029999998630955815,1,-0.029999998630955815
,academy_3_vs_1_with_keeper,42,collect_rollout,163,0,16,-0.019999999087303877,False,False,0.0,0.0,0,0,0,0.0,0.0,0.0,0.0,-0.019999999087303877,1,-0.019999999087303877
,academy_3_vs_1_with_keeper,42,collect_rollout,164,0,19,-0.03333333181217313,False,False,0.0,0.0,0,0,0,0.0,0.0,0.0,0.0,-0.03333333181217313,1,-0.03333333181217313
,academy_3_vs_1_with_keeper,42,collect_rollout,165,0,18,-0.026666665449738503,False,False,0.0,0.0,0,0,0,0.0,0.0,0.0,0.0,-0.026666665449738503,1,-0.026666665449738503
,academy_3_vs_1_with_keeper,42,collect_rollout,166,0,16,-0.016666665906086564,False,False,0.0,0.0,0,0,0,0.0,0.0,0.0,0.0,-0.016666665906086564,1,-0.016666665906086564
,academy_3_vs_1_with_keeper,42,collect_rollout,167,0,20,-0.01999999932013452,False,False,0.0,0.0,0,0,0,0.0,0.0,0.0,0.0,-0.01999999932013452,1,-0.01999999932013452
,academy_3_vs_1_with_keeper,42,collect_rollout,168,0,20,-0.026666665449738503,False,False,0.0,0.0,0,0,0,0.0,0.0,0.0,0.0,-0.026666665449738503,1,-0.026666665449738503
,academy_3_vs_1_with_keeper,42,collect_rollout,169,0,18,-0.019999999087303877,False,False,0.0,0.0,0,0,0,0.0,0.0,0.0,0.0,-0.019999999087303877,1,-0.019999999087303877
,academy_3_vs_1_with_keeper,42,collect_rollout,170,0,17,-0.019999999087303877,False,False,0.0,0.0,0,0,0,0.0,0.0,0.0,0.0,-0.019999999087303877,1,-0.019999999087303877
,academy_3_vs_1_with_keeper,42,collect_rollout,171,0,9,0.031302136747399345,False,False,0.0,0.0,0,0,0,0.0,0.0,0.0,0.0,0.031302136747399345,1,0.031302136747399345
,academy_3_vs_1_with_keeper,42,collect_rollout,172,0,21,-0.03666666499339044,False,False,0.0,0.0,0,0,0,0.0,0.0,0.0,0.0,-0.03666666499339044,1,-0.03666666499339044
,academy_3_vs_1_with_keeper,42,collect_rollout,173,0,34,0.012953536919667386,False,False,0.0,0.0,0,0,0,0.0,0.0,0.0,0.0,0.012953536919667386,1,0.012953536919667386
,academy_3_vs_1_with_keeper,42,collect_rollout,174,0,22,-0.029999998630955815,False,False,0.0,0.0,0,0,0,0.0,0.0,0.0,0.0,-0.029999998630955815,1,-0.029999998630955815
,academy_3_vs_1_with_keeper,42,collect_rollout,175,0,36,0.02171189966611564,False,False,0.0,0.0,0,0,0,0.0,0.0,0.0,0.0,0.02171189966611564,1,0.02171189966611564
,academy_3_vs_1_with_keeper,42,collect_rollout,176,0,21,-0.04999999771825969,False,False,0.0,0.0,0,0,0,0.0,0.0,0.0,0.0,-0.04999999771825969,1,-0.04999999771825969
,academy_3_vs_1_with_keeper,42,collect_rollout,177,0,22,-0.03666666499339044,False,False,0.0,0.0,0,0,0,0.0,0.0,0.0,0.0,-0.03666666499339044,1,-0.03666666499339044
,academy_3_vs_1_with_keeper,42,collect_rollout,178,0,17,-0.02333333226852119,False,False,0.0,0.0,0,0,0,0.0,0.0,0.0,0.0,-0.02333333226852119,1,-0.02333333226852119
,academy_3_vs_1_with_keeper,42,collect_rollout,179,0,18,-0.029999998630955815,False,False,0.0,0.0,0,0,0,0.0,0.0,0.0,0.0,-0.029999998630955815,1,-0.029999998630955815
,academy_3_vs_1_with_keeper,42,collect_rollout,180,0,21,-0.03666666499339044,False,False,0.0,0.0,0,0,0,0.0,0.0,0.0,0.0,-0.03666666499339044,1,-0.03666666499339044
,academy_3_vs_1_with_keeper,42,collect_rollout,181,0,18,-0.02999999886378646,False,False,0.0,0.0,0,0,0,0.0,0.0,0.0,0.0,-0.02999999886378646,1,-0.02999999886378646
,academy_3_vs_1_with_keeper,42,collect_rollout,182,0,17,-0.01721474778605625,False,False,0.0,0.0,0,0,0,0.0,0.0,0.0,0.0,-0.01721474778605625,1,-0.01721474778605625
,academy_3_vs_1_with_keeper,42,collect_rollout,183,0,22,-0.019999999087303877,False,False,0.0,0.0,0,0,0,0.0,0.0,0.0,0.0,-0.019999999087303877,1,-0.019999999087303877
,academy_3_vs_1_with_keeper,42,collect_rollout,184,0,21,-0.04999999771825969,False,False,0.0,0.0,0,0,0,0.0,0.0,0.0,0.0,-0.04999999771825969,1,-0.04999999771825969
,academy_3_vs_1_with_keeper,42,collect_rollout,185,0,15,-0.009999999543651938,False,False,0.0,0.0,0,0,0,0.0,0.0,0.0,0.0,-0.009999999543651938,1,-0.009999999543651938
,academy_3_vs_1_with_keeper,42,collect_rollout,186,0,21,-0.019999999087303877,False,False,0.0,0.0,0,0,0,0.0,0.0,0.0,0.0,-0.019999999087303877,1,-0.019999999087303877
,academy_3_vs_1_with_keeper,42,collect_rollout,187,0,23,-0.02333333226852119,False,False,0.0,0.0,0,0,0,0.0,0.0,0.0,0.0,-0.02333333226852119,1,-0.02333333226852119
,academy_3_vs_1_with_keeper,42,collect_rollout,188,0,23,-0.04666666453704238,False,False,0.0,0.0,0,0,0,0.0,0.0,0.0,0.0,-0.04666666453704238,1,-0.04666666453704238
,academy_3_vs_1_with_keeper,42,collect_rollout,189,0,32,-0.04333333135582507,False,False,0.0,0.0,0,0,0,0.0,0.0,0.0,0.0,-0.04333333135582507,1,-0.04333333135582507
,academy_3_vs_1_with_keeper,42,collect_rollout,190,0,18,-0.016666665906086564,False,False,0.0,0.0,0,0,0,0.0,0.0,0.0,0.0,-0.016666665906086564,1,-0.016666665906086564
,academy_3_vs_1_with_keeper,42,collect_rollout,191,0,82,-0.09170935702786664,False,False,0.0,0.0,0,0,0,0.0,0.0,0.0,0.0,-0.09170935702786664,1,-0.09170935702786664
,academy_3_vs_1_with_keeper,42,collect_rollout,192,0,9,0.01903637801297009,False,False,0.0,0.0,0,0,0,0.0,0.0,0.0,0.0,0.01903637801297009,1,0.01903637801297009
,academy_3_vs_1_with_keeper,42,collect_rollout,193,0,20,-0.026666665449738503,False,False,0.0,0.0,0,0,0,0.0,0.0,0.0,0.0,-0.026666665449738503,1,-0.026666665449738503
,academy_3_vs_1_with_keeper,42,collect_rollout,194,0,32,0.05911570880562067,False,False,0.0,0.0,0,0,0,0.0,0.0,0.0,0.0,0.05911570880562067,1,0.05911570880562067
,academy_3_vs_1_with_keeper,42,collect_rollout,195,0,23,-0.04333333135582507,False,False,0.0,0.0,0,0,0,0.0,0.0,0.0,0.0,-0.04333333135582507,1,-0.04333333135582507
,academy_3_vs_1_with_keeper,42,collect_rollout,196,0,17,-0.013333332724869251,False,False,0.0,0.0,0,0,0,0.0,0.0,0.0,0.0,-0.013333332724869251,1,-0.013333332724869251
,academy_3_vs_1_with_keeper,42,collect_rollout,197,0,19,-0.02333333226852119,False,False,0.0,0.0,0,0,0,0.0,0.0,0.0,0.0,-0.02333333226852119,1,-0.02333333226852119
,academy_3_vs_1_with_keeper,42,collect_rollout,198,0,19,-0.0399999984074384,False,False,0.0,0.0,0,0,0,0.0,0.0,0.0,0.0,-0.0399999984074384,1,-0.0399999984074384
,academy_3_vs_1_with_keeper,42,collect_rollout,199,0,15,-0.01999999932013452,False,False,0.0,0.0,0,0,0,0.0,0.0,0.0,0.0,-0.01999999932013452,1,-0.01999999932013452
,academy_3_vs_1_with_keeper,42,collect_rollout,200,0,15,-0.016666665906086564,False,False,0.0,0.0,0,0,0,0.0,0.0,0.0,0.0,-0.016666665906086564,1,-0.016666665906086564
,academy_3_vs_1_with_keeper,42,collect_rollout,201,0,40,0.0058813365758396685,False,False,0.0,0.0,0,0,0,0.0,0.0,0.0,0.0,0.0058813365758396685,1,0.0058813365758396685
,academy_3_vs_1_with_keeper,42,collect_rollout,202,0,35,0.07833262672647834,False,False,0.0,0.0,0,0,0,0.0,0.0,0.0,0.0,0.07833262672647834,1,0.07833262672647834
,academy_3_vs_1_with_keeper,42,collect_rollout,203,0,52,1.9087958257005084,False,False,0.0,0.0,0,0,0,0.0,0.0,0.0,0.0,1.9087958257005084,1,1.9087958257005084
,academy_3_vs_1_with_keeper,42,collect_rollout,204,0,16,-0.006666666362434626,False,False,0.0,0.0,0,0,0,0.0,0.0,0.0,0.0,-0.006666666362434626,1,-0.006666666362434626
,academy_3_vs_1_with_keeper,42,collect_rollout,205,0,20,-0.02333333226852119,False,False,0.0,0.0,0,0,0,0.0,0.0,0.0,0.0,-0.02333333226852119,1,-0.02333333226852119
,academy_3_vs_1_with_keeper,42,collect_rollout,206,0,21,-0.03666666499339044,False,False,0.0,0.0,0,0,0,0.0,0.0,0.0,0.0,-0.03666666499339044,1,-0.03666666499339044
,academy_3_vs_1_with_keeper,42,collect_rollout,207,0,70,-0.10587995848618448,False,False,0.0,0.0,0,0,0,0.0,0.0,0.0,0.0,-0.10587995848618448,1,-0.10587995848618448
,academy_3_vs_1_with_keeper,42,collect_rollout,208,0,24,-0.029999998630955815,False,False,0.0,0.0,0,0,0,0.0,0.0,0.0,0.0,-0.029999998630955815,1,-0.029999998630955815
,academy_3_vs_1_with_keeper,42,collect_rollout,209,0,18,-0.016666665906086564,False,False,0.0,0.0,0,0,0,0.0,0.0,0.0,0.0,-0.016666665906086564,1,-0.016666665906086564
,academy_3_vs_1_with_keeper,42,collect_rollout,210,0,18,-0.019999999087303877,False,False,0.0,0.0,0,0,0,0.0,0.0,0.0,0.0,-0.019999999087303877,1,-0.019999999087303877
,academy_3_vs_1_with_keeper,42,collect_rollout,211,0,21,-0.013333332724869251,False,False,0.0,0.0,0,0,0,0.0,0.0,0.0,0.0,-0.013333332724869251,1,-0.013333332724869251
,academy_3_vs_1_with_keeper,42,collect_rollout,212,0,6,0.04048727569170296,False,False,0.0,0.0,0,0,0,0.0,0.0,0.0,0.0,0.04048727569170296,1,0.04048727569170296
,academy_3_vs_1_with_keeper,42,collect_rollout,213,0,34,0.036729370716784615,False,False,0.0,0.0,0,0,0,0.0,0.0,0.0,0.0,0.036729370716784615,1,0.036729370716784615
,academy_3_vs_1_with_keeper,42,collect_rollout,214,0,6,0.04376056371256709,False,False,0.0,0.0,0,0,0,0.0,0.0,0.0,0.0,0.04376056371256709,1,0.04376056371256709
,academy_3_vs_1_with_keeper,42,collect_rollout,215,0,38,2.045511828036979,False,False,0.0,0.0,0,0,0,0.0,0.0,0.0,0.0,2.045511828036979,1,2.045511828036979
,academy_3_vs_1_with_keeper,42,collect_rollout,216,0,35,-0.06333333044312894,False,False,0.0,0.0,0,0,0,0.0,0.0,0.0,0.0,-0.06333333044312894,1,-0.06333333044312894
,academy_3_vs_1_with_keeper,42,collect_rollout,217,0,19,-0.03333333181217313,False,False,0.0,0.0,0,0,0,0.0,0.0,0.0,0.0,-0.03333333181217313,1,-0.03333333181217313
,academy_3_vs_1_with_keeper,42,collect_rollout,218,0,39,2.042270534147974,False,False,0.0,0.0,0,0,0,0.0,0.0,0.0,0.0,2.042270534147974,1,2.042270534147974
,academy_3_vs_1_with_keeper,42,collect_rollout,219,0,92,-0.14343148548869067,False,False,0.0,0.0,0,0,0,0.0,0.0,0.0,0.0,-0.14343148548869067,1,-0.14343148548869067
,academy_3_vs_1_with_keeper,42,collect_rollout,220,0,16,-0.016666665906086564,False,False,0.0,0.0,0,0,0,0.0,0.0,0.0,0.0,-0.016666665906086564,1,-0.016666665906086564
,academy_3_vs_1_with_keeper,42,collect_rollout,221,0,20,-0.013333332724869251,False,False,0.0,0.0,0,0,0,0.0,0.0,0.0,0.0,-0.013333332724869251,1,-0.013333332724869251
,academy_3_vs_1_with_keeper,42,collect_rollout,222,0,19,-0.04333333158865571,False,False,0.0,0.0,0,0,0,0.0,0.0,0.0,0.0,-0.04333333158865571,1,-0.04333333158865571
,academy_3_vs_1_with_keeper,42,collect_rollout,223,0,17,-0.026666665449738503,False,False,0.0,0.0,0,0,0,0.0,0.0,0.0,0.0,-0.026666665449738503,1,-0.026666665449738503
,academy_3_vs_1_with_keeper,42,collect_rollout,224,0,18,-0.03333333204500377,False,False,0.0,0.0,0,0,0,0.0,0.0,0.0,0.0,-0.03333333204500377,1,-0.03333333204500377
,academy_3_vs_1_with_keeper,42,collect_rollout,225,0,19,-0.02333333226852119,False,False,0.0,0.0,0,0,0,0.0,0.0,0.0,0.0,-0.02333333226852119,1,-0.02333333226852119
,academy_3_vs_1_with_keeper,42,collect_rollout,226,0,21,-0.029999998630955815,False,False,0.0,0.0,0,0,0,0.0,0.0,0.0,0.0,-0.029999998630955815,1,-0.029999998630955815
,academy_3_vs_1_with_keeper,42,collect_rollout,227,0,18,-0.019999999087303877,False,False,0.0,0.0,0,0,0,0.0,0.0,0.0,0.0,-0.019999999087303877,1,-0.019999999087303877
,academy_3_vs_1_with_keeper,42,collect_rollout,228,0,22,-0.026666665449738503,False,False,0.0,0.0,0,0,0,0.0,0.0,0.0,0.0,-0.026666665449738503,1,-0.026666665449738503
,academy_3_vs_1_with_keeper,42,collect_rollout,229,0,19,-0.013333332724869251,False,False,0.0,0.0,0,0,0,0.0,0.0,0.0,0.0,-0.013333332724869251,1,-0.013333332724869251
,academy_3_vs_1_with_keeper,42,collect_rollout,230,0,33,-0.029999998630955815,False,False,0.0,0.0,0,0,0,0.0,0.0,0.0,0.0,-0.029999998630955815,1,-0.029999998630955815
,academy_3_vs_1_with_keeper,42,collect_rollout,231,0,17,-0.029999998630955815,False,False,0.0,0.0,0,0,0,0.0,0.0,0.0,0.0,-0.029999998630955815,1,-0.029999998630955815
,academy_3_vs_1_with_keeper,42,collect_rollout,232,0,15,-0.026666665449738503,False,False,0.0,0.0,0,0,0,0.0,0.0,0.0,0.0,-0.026666665449738503,1,-0.026666665449738503
,academy_3_vs_1_with_keeper,42,collect_rollout,233,0,19,-0.02333333226852119,False,False,0.0,0.0,0,0,0,0.0,0.0,0.0,0.0,-0.02333333226852119,1,-0.02333333226852119
,academy_3_vs_1_with_keeper,42,collect_rollout,234,0,17,-0.016666665906086564,False,False,0.0,0.0,0,0,0,0.0,0.0,0.0,0.0,-0.016666665906086564,1,-0.016666665906086564
,academy_3_vs_1_with_keeper,42,collect_rollout,235,0,20,-0.009999999543651938,False,False,0.0,0.0,0,0,0,0.0,0.0,0.0,0.0,-0.009999999543651938,1,-0.009999999543651938
,academy_3_vs_1_with_keeper,42,collect_rollout,236,0,22,-0.03333333181217313,False,False,0.0,0.0,0,0,0,0.0,0.0,0.0,0.0,-0.03333333181217313,1,-0.03333333181217313
,academy_3_vs_1_with_keeper,42,collect_rollout,237,0,19,-0.026666665449738503,False,False,0.0,0.0,0,0,0,0.0,0.0,0.0,0.0,-0.026666665449738503,1,-0.026666665449738503
,academy_3_vs_1_with_keeper,42,collect_rollout,238,0,19,-0.026666665449738503,False,False,0.0,0.0,0,0,0,0.0,0.0,0.0,0.0,-0.026666665449738503,1,-0.026666665449738503
,academy_3_vs_1_with_keeper,42,collect_rollout,239,0,50,-0.06666666362434626,False,False,0.0,0.0,0,0,0,0.0,0.0,0.0,0.0,-0.06666666362434626,1,-0.06666666362434626
,academy_3_vs_1_with_keeper,42,collect_rollout,240,0,20,-0.016666665906086564,False,False,0.0,0.0,0,0,0,0.0,0.0,0.0,0.0,-0.016666665906086564,1,-0.016666665906086564
,academy_3_vs_1_with_keeper,42,collect_rollout,241,0,18,-0.026666665449738503,False,False,0.0,0.0,0,0,0,0.0,0.0,0.0,0.0,-0.026666665449738503,1,-0.026666665449738503
,academy_3_vs_1_with_keeper,42,collect_rollout,242,0,17,-0.026666665682569146,False,False,0.0,0.0,0,0,0,0.0,0.0,0.0,0.0,-0.026666665682569146,1,-0.026666665682569146
,academy_3_vs_1_with_keeper,42,collect_rollout,243,0,15,-0.013333332724869251,False,False,0.0,0.0,0,0,0,0.0,0.0,0.0,0.0,-0.013333332724869251,1,-0.013333332724869251
,academy_3_vs_1_with_keeper,42,collect_rollout,244,0,17,-0.02333333226852119,False,False,0.0,0.0,0,0,0,0.0,0.0,0.0,0.0,-0.02333333226852119,1,-0.02333333226852119
,academy_3_vs_1_with_keeper,42,collect_rollout,245,0,16,-0.02999999886378646,False,False,0.0,0.0,0,0,0,0.0,0.0,0.0,0.0,-0.02999999886378646,1,-0.02999999886378646
,academy_3_vs_1_with_keeper,42,collect_rollout,246,0,18,-0.009999999543651938,False,False,0.0,0.0,0,0,0,0.0,0.0,0.0,0.0,-0.009999999543651938,1,-0.009999999543651938
,academy_3_vs_1_with_keeper,42,collect_rollout,247,0,19,-0.029999998630955815,False,False,0.0,0.0,0,0,0,0.0,0.0,0.0,0.0,-0.029999998630955815,1,-0.029999998630955815
,academy_3_vs_1_with_keeper,42,collect_rollout,248,0,19,-0.026666665449738503,False,False,0.0,0.0,0,0,0,0.0,0.0,0.0,0.0,-0.026666665449738503,1,-0.026666665449738503
,academy_3_vs_1_with_keeper,42,collect_rollout,249,0,20,-0.02333333226852119,False,False,0.0,0.0,0,0,0,0.0,0.0,0.0,0.0,-0.02333333226852119,1,-0.02333333226852119
,academy_3_vs_1_with_keeper,42,collect_rollout,250,0,22,-0.016666665906086564,False,False,0.0,0.0,0,0,0,0.0,0.0,0.0,0.0,-0.016666665906086564,1,-0.016666665906086564
,academy_3_vs_1_with_keeper,42,collect_rollout,251,0,31,-0.038991574198007584,False,False,0.0,0.0,0,0,0,0.0,0.0,0.0,0.0,-0.038991574198007584,1,-0.038991574198007584
,academy_3_vs_1_with_keeper,42,collect_rollout,252,0,74,-0.10412228829227388,False,False,0.0,0.0,0,0,0,0.0,0.0,0.0,0.0,-0.10412228829227388,1,-0.10412228829227388
,academy_3_vs_1_with_keeper,42,collect_rollout,253,0,15,-0.003333333181217313,False,False,0.0,0.0,0,0,0,0.0,0.0,0.0,0.0,-0.003333333181217313,1,-0.003333333181217313
,academy_3_vs_1_with_keeper,42,collect_rollout,254,0,14,-0.019999999087303877,False,False,0.0,0.0,0,0,0,0.0,0.0,0.0,0.0,-0.019999999087303877,1,-0.019999999087303877
,academy_3_vs_1_with_keeper,42,collect_rollout,255,0,40,2.054491391754709,False,False,0.0,0.0,0,0,0,0.0,0.0,0.0,0.0,2.054491391754709,1,2.054491391754709
,academy_3_vs_1_with_keeper,42,collect_rollout,256,0,92,0.0391862120195583,False,False,0.0,0.0,0,0,0,0.0,0.0,0.0,0.0,0.0391862120195583,1,0.0391862120195583
,academy_3_vs_1_with_keeper,42,collect_rollout,257,0,17,-0.02333333226852119,False,False,0.0,0.0,0,0,0,0.0,0.0,0.0,0.0,-0.02333333226852119,1,-0.02333333226852119
,academy_3_vs_1_with_keeper,42,collect_rollout,258,0,19,-0.02333333226852119,False,False,0.0,0.0,0,0,0,0.0,0.0,0.0,0.0,-0.02333333226852119,1,-0.02333333226852119
,academy_3_vs_1_with_keeper,42,collect_rollout,259,0,19,-0.02333333226852119,False,False,0.0,0.0,0,0,0,0.0,0.0,0.0,0.0,-0.02333333226852119,1,-0.02333333226852119
,academy_3_vs_1_with_keeper,42,collect_rollout,260,0,46,-0.07999999634921551,False,False,0.0,0.0,0,0,0,0.0,0.0,0.0,0.0,-0.07999999634921551,1,-0.07999999634921551
,academy_3_vs_1_with_keeper,42,collect_rollout,261,0,19,-0.019999999087303877,False,False,0.0,0.0,0,0,0,0.0,0.0,0.0,0.0,-0.019999999087303877,1,-0.019999999087303877
,academy_3_vs_1_with_keeper,42,collect_rollout,262,0,18,-0.03333333181217313,False,False,0.0,0.0,0,0,0,0.0,0.0,0.0,0.0,-0.03333333181217313,1,-0.03333333181217313
,academy_3_vs_1_with_keeper,42,collect_rollout,263,0,72,-0.1599999931640923,False,False,0.0,0.0,0,0,0,0.0,0.0,0.0,0.0,-0.1599999931640923,1,-0.1599999931640923
,academy_3_vs_1_with_keeper,42,collect_rollout,264,0,19,-0.019999999087303877,False,False,0.0,0.0,0,0,0,0.0,0.0,0.0,0.0,-0.019999999087303877,1,-0.019999999087303877
,academy_3_vs_1_with_keeper,42,collect_rollout,265,0,40,-0.053333330899477005,False,False,0.0,0.0,0,0,0,0.0,0.0,0.0,0.0,-0.053333330899477005,1,-0.053333330899477005
,academy_3_vs_1_with_keeper,42,collect_rollout,266,0,16,-0.013333332724869251,False,False,0.0,0.0,0,0,0,0.0,0.0,0.0,0.0,-0.013333332724869251,1,-0.013333332724869251
,academy_3_vs_1_with_keeper,42,collect_rollout,267,0,16,-0.006666666362434626,False,False,0.0,0.0,0,0,0,0.0,0.0,0.0,0.0,-0.006666666362434626,1,-0.006666666362434626
,academy_3_vs_1_with_keeper,42,collect_rollout,268,0,16,-0.015909439185634255,False,False,0.0,0.0,0,0,0,0.0,0.0,0.0,0.0,-0.015909439185634255,1,-0.015909439185634255
,academy_3_vs_1_with_keeper,42,collect_rollout,269,0,17,-0.02333333226852119,False,False,0.0,0.0,0,0,0,0.0,0.0,0.0,0.0,-0.02333333226852119,1,-0.02333333226852119
,academy_3_vs_1_with_keeper,42,collect_rollout,270,0,21,-0.06333333044312894,False,False,0.0,0.0,0,0,0,0.0,0.0,0.0,0.0,-0.06333333044312894,1,-0.06333333044312894
,academy_3_vs_1_with_keeper,42,collect_rollout,271,0,16,-0.019999999087303877,False,False,0.0,0.0,0,0,0,0.0,0.0,0.0,0.0,-0.019999999087303877,1,-0.019999999087303877
,academy_3_vs_1_with_keeper,42,collect_rollout,272,0,41,0.06801271071890369,False,False,0.0,0.0,0,0,0,0.0,0.0,0.0,0.0,0.06801271071890369,1,0.06801271071890369
,academy_3_vs_1_with_keeper,42,collect_rollout,273,0,17,-0.013333332724869251,False,False,0.0,0.0,0,0,0,0.0,0.0,0.0,0.0,-0.013333332724869251,1,-0.013333332724869251
,academy_3_vs_1_with_keeper,42,collect_rollout,274,0,20,-0.013333332724869251,False,False,0.0,0.0,0,0,0,0.0,0.0,0.0,0.0,-0.013333332724869251,1,-0.013333332724869251
,academy_3_vs_1_with_keeper,42,collect_rollout,275,0,17,-0.03333333181217313,False,False,0.0,0.0,0,0,0,0.0,0.0,0.0,0.0,-0.03333333181217313,1,-0.03333333181217313
,academy_3_vs_1_with_keeper,42,collect_rollout,276,0,20,-0.02333333226852119,False,False,0.0,0.0,0,0,0,0.0,0.0,0.0,0.0,-0.02333333226852119,1,-0.02333333226852119
,academy_3_vs_1_with_keeper,42,collect_rollout,277,0,21,-0.019999999087303877,False,False,0.0,0.0,0,0,0,0.0,0.0,0.0,0.0,-0.019999999087303877,1,-0.019999999087303877
,academy_3_vs_1_with_keeper,42,collect_rollout,278,0,20,-0.016666665906086564,False,False,0.0,0.0,0,0,0,0.0,0.0,0.0,0.0,-0.016666665906086564,1,-0.016666665906086564
,academy_3_vs_1_with_keeper,42,collect_rollout,279,0,12,0.03387310216203332,False,False,0.0,0.0,0,0,0,0.0,0.0,0.0,0.0,0.03387310216203332,1,0.03387310216203332
,academy_3_vs_1_with_keeper,42,collect_rollout,280,0,16,0.014462633058428764,False,False,0.0,0.0,0,0,0,0.0,0.0,0.0,0.0,0.014462633058428764,1,0.014462633058428764
,academy_3_vs_1_with_keeper,42,collect_rollout,281,0,76,-0.0991957823280245,False,False,0.0,0.0,0,0,0,0.0,0.0,0.0,0.0,-0.0991957823280245,1,-0.0991957823280245
,academy_3_vs_1_with_keeper,42,collect_rollout,282,0,19,-0.029999998630955815,False,False,0.0,0.0,0,0,0,0.0,0.0,0.0,0.0,-0.029999998630955815,1,-0.029999998630955815
,academy_3_vs_1_with_keeper,42,collect_rollout,283,0,18,-0.016666665906086564,False,False,0.0,0.0,0,0,0,0.0,0.0,0.0,0.0,-0.016666665906086564,1,-0.016666665906086564
,academy_3_vs_1_with_keeper,42,collect_rollout,284,0,63,-0.10051808931166306,False,False,0.0,0.0,0,0,0,0.0,0.0,0.0,0.0,-0.10051808931166306,1,-0.10051808931166306
,academy_3_vs_1_with_keeper,42,collect_rollout,285,0,21,-0.019999999087303877,False,False,0.0,0.0,0,0,0,0.0,0.0,0.0,0.0,-0.019999999087303877,1,-0.019999999087303877
,academy_3_vs_1_with_keeper,42,collect_rollout,286,0,35,-0.06999999703839421,False,False,0.0,0.0,0,0,0,0.0,0.0,0.0,0.0,-0.06999999703839421,1,-0.06999999703839421
,academy_3_vs_1_with_keeper,42,collect_rollout,287,0,7,0.04945550509728491,False,False,0.0,0.0,0,0,0,0.0,0.0,0.0,0.0,0.04945550509728491,1,0.04945550509728491
,academy_3_vs_1_with_keeper,42,collect_rollout,288,0,20,-0.02333333226852119,False,False,0.0,0.0,0,0,0,0.0,0.0,0.0,0.0,-0.02333333226852119,1,-0.02333333226852119
,academy_3_vs_1_with_keeper,42,collect_rollout,289,0,17,-0.03333333181217313,False,False,0.0,0.0,0,0,0,0.0,0.0,0.0,0.0,-0.03333333181217313,1,-0.03333333181217313
,academy_3_vs_1_with_keeper,42,collect_rollout,290,0,20,2.097628594376147,False,False,0.0,0.0,0,0,0,0.0,0.0,0.0,0.0,2.097628594376147,1,2.097628594376147
,academy_3_vs_1_with_keeper,42,collect_rollout,291,0,17,-0.02333333226852119,False,False,0.0,0.0,0,0,0,0.0,0.0,0.0,0.0,-0.02333333226852119,1,-0.02333333226852119
,academy_3_vs_1_with_keeper,42,collect_rollout,292,0,20,-0.03333333181217313,False,False,0.0,0.0,0,0,0,0.0,0.0,0.0,0.0,-0.03333333181217313,1,-0.03333333181217313
,academy_3_vs_1_with_keeper,42,collect_rollout,293,0,16,-0.013333332724869251,False,False,0.0,0.0,0,0,0,0.0,0.0,0.0,0.0,-0.013333332724869251,1,-0.013333332724869251
,academy_3_vs_1_with_keeper,42,collect_rollout,294,0,19,-0.009999999543651938,False,False,0.0,0.0,0,0,0,0.0,0.0,0.0,0.0,-0.009999999543651938,1,-0.009999999543651938
,academy_3_vs_1_with_keeper,42,collect_rollout,295,0,17,-0.009999999543651938,False,False,0.0,0.0,0,0,0,0.0,0.0,0.0,0.0,-0.009999999543651938,1,-0.009999999543651938
,academy_3_vs_1_with_keeper,42,collect_rollout,296,0,21,-0.02333333226852119,False,False,0.0,0.0,0,0,0,0.0,0.0,0.0,0.0,-0.02333333226852119,1,-0.02333333226852119
,academy_3_vs_1_with_keeper,42,collect_rollout,297,0,16,-0.009999999543651938,False,False,0.0,0.0,0,0,0,0.0,0.0,0.0,0.0,-0.009999999543651938,1,-0.009999999543651938
,academy_3_vs_1_with_keeper,42,collect_rollout,298,0,20,-0.016666665906086564,False,False,0.0,0.0,0,0,0,0.0,0.0,0.0,0.0,-0.016666665906086564,1,-0.016666665906086564
,academy_3_vs_1_with_keeper,42,collect_rollout,299,0,39,0.020256081130355597,False,False,0.0,0.0,0,0,0,0.0,0.0,0.0,0.0,0.020256081130355597,1,0.020256081130355597
,academy_3_vs_1_with_keeper,42,collect_rollout,300,0,14,-0.02333333226852119,False,False,0.0,0.0,0,0,0,0.0,0.0,0.0,0.0,-0.02333333226852119,1,-0.02333333226852119
,academy_3_vs_1_with_keeper,42,collect_rollout,301,0,16,-0.016666665906086564,False,False,0.0,0.0,0,0,0,0.0,0.0,0.0,0.0,-0.016666665906086564,1,-0.016666665906086564
,academy_3_vs_1_with_keeper,42,collect_rollout,302,0,18,2.120061308145523,False,False,0.0,0.0,0,0,0,0.0,0.0,0.0,0.0,2.120061308145523,1,2.120061308145523
,academy_3_vs_1_with_keeper,42,collect_rollout,303,0,32,-0.03959069575648755,False,False,0.0,0.0,0,0,0,0.0,0.0,0.0,0.0,-0.03959069575648755,1,-0.03959069575648755
,academy_3_vs_1_with_keeper,42,collect_rollout,304,0,17,-0.013333332724869251,False,False,0.0,0.0,0,0,0,0.0,0.0,0.0,0.0,-0.013333332724869251,1,-0.013333332724869251
,academy_3_vs_1_with_keeper,42,collect_rollout,305,0,19,-0.013333332724869251,False,False,0.0,0.0,0,0,0,0.0,0.0,0.0,0.0,-0.013333332724869251,1,-0.013333332724869251
,academy_3_vs_1_with_keeper,42,collect_rollout,306,0,22,-0.016666665906086564,False,False,0.0,0.0,0,0,0,0.0,0.0,0.0,0.0,-0.016666665906086564,1,-0.016666665906086564
,academy_3_vs_1_with_keeper,42,collect_rollout,307,0,17,-0.013333332724869251,False,False,0.0,0.0,0,0,0,0.0,0.0,0.0,0.0,-0.013333332724869251,1,-0.013333332724869251
,academy_3_vs_1_with_keeper,42,collect_rollout,308,0,20,-0.016666665906086564,False,False,0.0,0.0,0,0,0,0.0,0.0,0.0,0.0,-0.016666665906086564,1,-0.016666665906086564
,academy_3_vs_1_with_keeper,42,collect_rollout,309,0,11,0.024542176630347967,False,False,0.0,0.0,0,0,0,0.0,0.0,0.0,0.0,0.024542176630347967,1,0.024542176630347967
,academy_3_vs_1_with_keeper,42,collect_rollout,310,0,54,-0.05407185363583267,False,False,0.0,0.0,0,0,0,0.0,0.0,0.0,0.0,-0.05407185363583267,1,-0.05407185363583267
,academy_3_vs_1_with_keeper,42,collect_rollout,311,0,16,-0.019999999087303877,False,False,0.0,0.0,0,0,0,0.0,0.0,0.0,0.0,-0.019999999087303877,1,-0.019999999087303877
,academy_3_vs_1_with_keeper,42,collect_rollout,312,0,20,2.1058888655679766,False,False,0.0,0.0,0,0,0,0.0,0.0,0.0,0.0,2.1058888655679766,1,2.1058888655679766
,academy_3_vs_1_with_keeper,42,collect_rollout,313,0,15,-0.013333332724869251,False,False,0.0,0.0,0,0,0,0.0,0.0,0.0,0.0,-0.013333332724869251,1,-0.013333332724869251
,academy_3_vs_1_with_keeper,42,collect_rollout,314,0,21,-0.04333333135582507,False,False,0.0,0.0,0,0,0,0.0,0.0,0.0,0.0,-0.04333333135582507,1,-0.04333333135582507
,academy_3_vs_1_with_keeper,42,collect_rollout,315,0,95,-0.2183577122632414,False,False,0.0,0.0,0,0,0,0.0,0.0,0.0,0.0,-0.2183577122632414,1,-0.2183577122632414
,academy_3_vs_1_with_keeper,42,collect_rollout,316,0,40,0.04493398193153553,False,False,0.0,0.0,0,0,0,0.0,0.0,0.0,0.0,0.04493398193153553,1,0.04493398193153553
,academy_3_vs_1_with_keeper,42,collect_rollout,317,0,17,-0.029999998630955815,False,False,0.0,0.0,0,0,0,0.0,0.0,0.0,0.0,-0.029999998630955815,1,-0.029999998630955815
,academy_3_vs_1_with_keeper,42,collect_rollout,318,0,13,-0.02333333226852119,False,False,0.0,0.0,0,0,0,0.0,0.0,0.0,0.0,-0.02333333226852119,1,-0.02333333226852119
,academy_3_vs_1_with_keeper,42,collect_rollout,319,0,112,-0.30333332088775933,False,False,0.0,0.0,0,0,0,0.0,0.0,0.0,0.0,-0.30333332088775933,1,-0.30333332088775933
,academy_3_vs_1_with_keeper,42,collect_rollout,320,0,18,-0.02333333226852119,False,False,0.0,0.0,0,0,0,0.0,0.0,0.0,0.0,-0.02333333226852119,1,-0.02333333226852119
,academy_3_vs_1_with_keeper,42,collect_rollout,321,0,8,0.03100254340097308,False,False,0.0,0.0,0,0,0,0.0,0.0,0.0,0.0,0.03100254340097308,1,0.03100254340097308
,academy_3_vs_1_with_keeper,42,collect_rollout,322,0,16,-0.019999999087303877,False,False,0.0,0.0,0,0,0,0.0,0.0,0.0,0.0,-0.019999999087303877,1,-0.019999999087303877
,academy_3_vs_1_with_keeper,42,collect_rollout,323,0,60,0.13776789559051394,False,False,0.0,0.0,0,0,0,0.0,0.0,0.0,0.0,0.13776789559051394,1,0.13776789559051394
,academy_3_vs_1_with_keeper,42,collect_rollout,324,0,46,0.041776714846491814,False,False,0.0,0.0,0,0,0,0.0,0.0,0.0,0.0,0.041776714846491814,1,0.041776714846491814
,academy_3_vs_1_with_keeper,42,collect_rollout,325,0,54,-0.05666666408069432,False,False,0.0,0.0,0,0,0,0.0,0.0,0.0,0.0,-0.05666666408069432,1,-0.05666666408069432
,academy_3_vs_1_with_keeper,42,collect_rollout,326,0,39,-0.04017291497439146,False,False,0.0,0.0,0,0,0,0.0,0.0,0.0,0.0,-0.04017291497439146,1,-0.04017291497439146
,academy_3_vs_1_with_keeper,42,collect_rollout,327,0,16,-0.006666666362434626,False,False,0.0,0.0,0,0,0,0.0,0.0,0.0,0.0,-0.006666666362434626,1,-0.006666666362434626
,academy_3_vs_1_with_keeper,42,collect_rollout,328,0,17,-0.019999999087303877,False,False,0.0,0.0,0,0,0,0.0,0.0,0.0,0.0,-0.019999999087303877,1,-0.019999999087303877
,academy_3_vs_1_with_keeper,42,collect_rollout,329,0,17,-0.013333332724869251,False,False,0.0,0.0,0,0,0,0.0,0.0,0.0,0.0,-0.013333332724869251,1,-0.013333332724869251
,academy_3_vs_1_with_keeper,42,collect_rollout,330,0,20,-0.019999999087303877,False,False,0.0,0.0,0,0,0,0.0,0.0,0.0,0.0,-0.019999999087303877,1,-0.019999999087303877
,academy_3_vs_1_with_keeper,42,collect_rollout,331,0,20,-0.019999999087303877,False,False,0.0,0.0,0,0,0,0.0,0.0,0.0,0.0,-0.019999999087303877,1,-0.019999999087303877
,academy_3_vs_1_with_keeper,42,collect_rollout,332,0,21,-0.019999999087303877,False,False,0.0,0.0,0,0,0,0.0,0.0,0.0,0.0,-0.019999999087303877,1,-0.019999999087303877
,academy_3_vs_1_with_keeper,42,collect_rollout,333,0,20,-0.03333333204500377,False,False,0.0,0.0,0,0,0,0.0,0.0,0.0,0.0,-0.03333333204500377,1,-0.03333333204500377
,academy_3_vs_1_with_keeper,42,collect_rollout,334,0,17,-0.019999999087303877,False,False,0.0,0.0,0,0,0,0.0,0.0,0.0,0.0,-0.019999999087303877,1,-0.019999999087303877
,academy_3_vs_1_with_keeper,42,collect_rollout,335,0,14,-0.003333333181217313,False,False,0.0,0.0,0,0,0,0.0,0.0,0.0,0.0,-0.003333333181217313,1,-0.003333333181217313
,academy_3_vs_1_with_keeper,42,collect_rollout,336,0,16,0.010002515045925975,False,False,0.0,0.0,0,0,0,0.0,0.0,0.0,0.0,0.010002515045925975,1,0.010002515045925975
,academy_3_vs_1_with_keeper,42,collect_rollout,337,0,15,-0.009999999543651938,False,False,0.0,0.0,0,0,0,0.0,0.0,0.0,0.0,-0.009999999543651938,1,-0.009999999543651938
,academy_3_vs_1_with_keeper,42,collect_rollout,338,0,53,-0.10963009120314382,False,False,0.0,0.0,0,0,0,0.0,0.0,0.0,0.0,-0.10963009120314382,1,-0.10963009120314382
,academy_3_vs_1_with_keeper,42,collect_rollout,339,0,39,0.025306851757704862,False,False,0.0,0.0,0,0,0,0.0,0.0,0.0,0.0,0.025306851757704862,1,0.025306851757704862
,academy_3_vs_1_with_keeper,42,collect_rollout,340,0,22,-0.04999999771825969,False,False,0.0,0.0,0,0,0,0.0,0.0,0.0,0.0,-0.04999999771825969,1,-0.04999999771825969
,academy_3_vs_1_with_keeper,42,collect_rollout,341,0,11,0.013962870929390192,False,False,0.0,0.0,0,0,0,0.0,0.0,0.0,0.0,0.013962870929390192,1,0.013962870929390192
,academy_3_vs_1_with_keeper,42,collect_rollout,342,0,21,-0.029999998630955815,False,False,0.0,0.0,0,0,0,0.0,0.0,0.0,0.0,-0.029999998630955815,1,-0.029999998630955815
,academy_3_vs_1_with_keeper,42,collect_rollout,343,0,16,-0.02333333226852119,False,False,0.0,0.0,0,0,0,0.0,0.0,0.0,0.0,-0.02333333226852119,1,-0.02333333226852119
,academy_3_vs_1_with_keeper,42,collect_rollout,344,0,65,-0.05005782062653452,False,False,0.0,0.0,0,0,0,0.0,0.0,0.0,0.0,-0.05005782062653452,1,-0.05005782062653452
,academy_3_vs_1_with_keeper,42,collect_rollout,345,0,61,-0.06783525750506669,False,False,0.0,0.0,0,0,0,0.0,0.0,0.0,0.0,-0.06783525750506669,1,-0.06783525750506669
,academy_3_vs_1_with_keeper,42,collect_rollout,346,0,16,-0.009999999543651938,False,False,0.0,0.0,0,0,0,0.0,0.0,0.0,0.0,-0.009999999543651938,1,-0.009999999543651938
,academy_3_vs_1_with_keeper,42,collect_rollout,347,0,57,-0.07430090714478865,False,False,0.0,0.0,0,0,0,0.0,0.0,0.0,0.0,-0.07430090714478865,1,-0.07430090714478865
,academy_3_vs_1_with_keeper,42,collect_rollout,348,0,93,-0.054771321316366084,False,False,0.0,0.0,0,0,0,0.0,0.0,0.0,0.0,-0.054771321316366084,1,-0.054771321316366084
,academy_3_vs_1_with_keeper,42,collect_rollout,349,0,20,-0.006666666362434626,False,False,0.0,0.0,0,0,0,0.0,0.0,0.0,0.0,-0.006666666362434626,1,-0.006666666362434626
,academy_3_vs_1_with_keeper,42,collect_rollout,350,0,17,-0.019999999087303877,False,False,0.0,0.0,0,0,0,0.0,0.0,0.0,0.0,-0.019999999087303877,1,-0.019999999087303877
,academy_3_vs_1_with_keeper,42,collect_rollout,351,0,42,0.054041026800405234,False,False,0.0,0.0,0,0,0,0.0,0.0,0.0,0.0,0.054041026800405234,1,0.054041026800405234
,academy_3_vs_1_with_keeper,42,collect_rollout,352,0,19,-0.019999999087303877,False,False,0.0,0.0,0,0,0,0.0,0.0,0.0,0.0,-0.019999999087303877,1,-0.019999999087303877
,academy_3_vs_1_with_keeper,42,collect_rollout,353,0,19,-0.026666665449738503,False,False,0.0,0.0,0,0,0,0.0,0.0,0.0,0.0,-0.026666665449738503,1,-0.026666665449738503
,academy_3_vs_1_with_keeper,42,collect_rollout,354,0,34,-0.04018330492544919,False,False,0.0,0.0,0,0,0,0.0,0.0,0.0,0.0,-0.04018330492544919,1,-0.04018330492544919
,academy_3_vs_1_with_keeper,42,collect_rollout,355,0,19,-0.02333333226852119,False,False,0.0,0.0,0,0,0,0.0,0.0,0.0,0.0,-0.02333333226852119,1,-0.02333333226852119
,academy_3_vs_1_with_keeper,42,collect_rollout,356,0,19,-0.029999998630955815,False,False,0.0,0.0,0,0,0,0.0,0.0,0.0,0.0,-0.029999998630955815,1,-0.029999998630955815
,academy_3_vs_1_with_keeper,42,collect_rollout,357,0,15,-0.016666665906086564,False,False,0.0,0.0,0,0,0,0.0,0.0,0.0,0.0,-0.016666665906086564,1,-0.016666665906086564
,academy_3_vs_1_with_keeper,42,collect_rollout,358,0,14,-0.016666665906086564,False,False,0.0,0.0,0,0,0,0.0,0.0,0.0,0.0,-0.016666665906086564,1,-0.016666665906086564
,academy_3_vs_1_with_keeper,42,collect_rollout,359,0,18,0.2682675488758832,False,False,0.0,0.0,0,0,0,0.0,0.0,0.0,0.0,0.2682675488758832,1,0.2682675488758832
,academy_3_vs_1_with_keeper,42,collect_rollout,360,0,18,-0.019999999087303877,False,False,0.0,0.0,0,0,0,0.0,0.0,0.0,0.0,-0.019999999087303877,1,-0.019999999087303877
,academy_3_vs_1_with_keeper,42,collect_rollout,361,0,90,-0.1033333286177367,False,False,0.0,0.0,0,0,0,0.0,0.0,0.0,0.0,-0.1033333286177367,1,-0.1033333286177367
,academy_3_vs_1_with_keeper,42,collect_rollout,362,0,32,-0.03666666499339044,False,False,0.0,0.0,0,0,0,0.0,0.0,0.0,0.0,-0.03666666499339044,1,-0.03666666499339044
,academy_3_vs_1_with_keeper,42,collect_rollout,363,0,33,-0.03730244014877826,False,False,0.0,0.0,0,0,0,0.0,0.0,0.0,0.0,-0.03730244014877826,1,-0.03730244014877826
,academy_3_vs_1_with_keeper,42,collect_rollout,364,0,19,-0.016666665906086564,False,False,0.0,0.0,0,0,0,0.0,0.0,0.0,0.0,-0.016666665906086564,1,-0.016666665906086564
,academy_3_vs_1_with_keeper,42,collect_rollout,365,0,16,-0.016666665906086564,False,False,0.0,0.0,0,0,0,0.0,0.0,0.0,0.0,-0.016666665906086564,1,-0.016666665906086564
,academy_3_vs_1_with_keeper,42,collect_rollout,366,0,19,-0.009999999543651938,False,False,0.0,0.0,0,0,0,0.0,0.0,0.0,0.0,-0.009999999543651938,1,-0.009999999543651938
,academy_3_vs_1_with_keeper,42,collect_rollout,367,0,15,-0.016666665906086564,False,False,0.0,0.0,0,0,0,0.0,0.0,0.0,0.0,-0.016666665906086564,1,-0.016666665906086564
,academy_3_vs_1_with_keeper,42,collect_rollout,368,0,54,0.013606320309918374,False,False,0.0,0.0,0,0,0,0.0,0.0,0.0,0.0,0.013606320309918374,1,0.013606320309918374
,academy_3_vs_1_with_keeper,42,collect_rollout,369,0,21,-0.003333333181217313,False,False,0.0,0.0,0,0,0,0.0,0.0,0.0,0.0,-0.003333333181217313,1,-0.003333333181217313
,academy_3_vs_1_with_keeper,42,collect_rollout,370,0,13,0.025426629232242703,False,False,0.0,0.0,0,0,0,0.0,0.0,0.0,0.0,0.025426629232242703,1,0.025426629232242703
,academy_3_vs_1_with_keeper,42,collect_rollout,371,0,93,-0.1450807002838701,False,False,0.0,0.0,0,0,0,0.0,0.0,0.0,0.0,-0.1450807002838701,1,-0.1450807002838701
,academy_3_vs_1_with_keeper,42,collect_rollout,372,0,17,-0.009999999543651938,False,False,0.0,0.0,0,0,0,0.0,0.0,0.0,0.0,-0.009999999543651938,1,-0.009999999543651938
,academy_3_vs_1_with_keeper,42,collect_rollout,373,0,95,-0.09794137859717011,False,False,0.0,0.0,0,0,0,0.0,0.0,0.0,0.0,-0.09794137859717011,1,-0.09794137859717011
,academy_3_vs_1_with_keeper,42,collect_rollout,374,0,18,-0.02333333226852119,False,False,0.0,0.0,0,0,0,0.0,0.0,0.0,0.0,-0.02333333226852119,1,-0.02333333226852119
,academy_3_vs_1_with_keeper,42,collect_rollout,375,0,19,-0.016666665906086564,False,False,0.0,0.0,0,0,0,0.0,0.0,0.0,0.0,-0.016666665906086564,1,-0.016666665906086564
,academy_3_vs_1_with_keeper,42,collect_rollout,376,0,54,0.03538170305546373,False,False,0.0,0.0,0,0,0,0.0,0.0,0.0,0.0,0.03538170305546373,1,0.03538170305546373
,academy_3_vs_1_with_keeper,42,collect_rollout,377,0,34,-0.04463388863950968,False,False,0.0,0.0,0,0,0,0.0,0.0,0.0,0.0,-0.04463388863950968,1,-0.04463388863950968
,academy_3_vs_1_with_keeper,42,collect_rollout,378,0,20,-0.026666665449738503,False,False,0.0,0.0,0,0,0,0.0,0.0,0.0,0.0,-0.026666665449738503,1,-0.026666665449738503
,academy_3_vs_1_with_keeper,42,collect_rollout,379,0,24,-0.07333333068527281,False,False,0.0,0.0,0,0,0,0.0,0.0,0.0,0.0,-0.07333333068527281,1,-0.07333333068527281
,academy_3_vs_1_with_keeper,42,collect_rollout,380,0,20,-0.013333332724869251,False,False,0.0,0.0,0,0,0,0.0,0.0,0.0,0.0,-0.013333332724869251,1,-0.013333332724869251
,academy_3_vs_1_with_keeper,42,collect_rollout,381,0,21,-0.04333333135582507,False,False,0.0,0.0,0,0,0,0.0,0.0,0.0,0.0,-0.04333333135582507,1,-0.04333333135582507
,academy_3_vs_1_with_keeper,42,collect_rollout,382,0,17,-0.006666666362434626,False,False,0.0,0.0,0,0,0,0.0,0.0,0.0,0.0,-0.006666666362434626,1,-0.006666666362434626
,academy_3_vs_1_with_keeper,42,collect_rollout,383,0,20,-0.016666665906086564,False,False,0.0,0.0,0,0,0,0.0,0.0,0.0,0.0,-0.016666665906086564,1,-0.016666665906086564
,academy_3_vs_1_with_keeper,42,collect_rollout,384,0,55,-0.060215509962290525,False,False,0.0,0.0,0,0,0,0.0,0.0,0.0,0.0,-0.060215509962290525,1,-0.060215509962290525
,academy_3_vs_1_with_keeper,42,collect_rollout,385,0,17,-0.02333333226852119,False,False,0.0,0.0,0,0,0,0.0,0.0,0.0,0.0,-0.02333333226852119,1,-0.02333333226852119
,academy_3_vs_1_with_keeper,42,collect_rollout,386,0,19,-0.03333333181217313,False,False,0.0,0.0,0,0,0,0.0,0.0,0.0,0.0,-0.03333333181217313,1,-0.03333333181217313
,academy_3_vs_1_with_keeper,42,collect_rollout,387,0,9,0.02008038409985602,False,False,0.0,0.0,0,0,0,0.0,0.0,0.0,0.0,0.02008038409985602,1,0.02008038409985602
,academy_3_vs_1_with_keeper,42,collect_rollout,388,0,19,-0.019999999087303877,False,False,0.0,0.0,0,0,0,0.0,0.0,0.0,0.0,-0.019999999087303877,1,-0.019999999087303877
,academy_3_vs_1_with_keeper,42,collect_rollout,389,0,23,-0.016666665906086564,False,False,0.0,0.0,0,0,0,0.0,0.0,0.0,0.0,-0.016666665906086564,1,-0.016666665906086564
,academy_3_vs_1_with_keeper,42,collect_rollout,390,0,16,-0.003333333181217313,False,False,0.0,0.0,0,0,0,0.0,0.0,0.0,0.0,-0.003333333181217313,1,-0.003333333181217313
,academy_3_vs_1_with_keeper,42,collect_rollout,391,0,17,-0.009999999543651938,False,False,0.0,0.0,0,0,0,0.0,0.0,0.0,0.0,-0.009999999543651938,1,-0.009999999543651938
,academy_3_vs_1_with_keeper,42,collect_rollout,392,0,14,-0.02333333226852119,False,False,0.0,0.0,0,0,0,0.0,0.0,0.0,0.0,-0.02333333226852119,1,-0.02333333226852119
,academy_3_vs_1_with_keeper,42,collect_rollout,393,0,17,-0.013333332724869251,False,False,0.0,0.0,0,0,0,0.0,0.0,0.0,0.0,-0.013333332724869251,1,-0.013333332724869251
,academy_3_vs_1_with_keeper,42,collect_rollout,394,0,19,-0.016666665906086564,False,False,0.0,0.0,0,0,0,0.0,0.0,0.0,0.0,-0.016666665906086564,1,-0.016666665906086564
,academy_3_vs_1_with_keeper,42,collect_rollout,395,0,20,-0.009999999543651938,False,False,0.0,0.0,0,0,0,0.0,0.0,0.0,0.0,-0.009999999543651938,1,-0.009999999543651938
,academy_3_vs_1_with_keeper,42,collect_rollout,396,0,98,-0.0778771981713362,False,False,0.0,0.0,0,0,0,0.0,0.0,0.0,0.0,-0.0778771981713362,1,-0.0778771981713362
,academy_3_vs_1_with_keeper,42,collect_rollout,397,0,11,0.027326891664415598,False,False,0.0,0.0,0,0,0,0.0,0.0,0.0,0.0,0.027326891664415598,1,0.027326891664415598
,academy_3_vs_1_with_keeper,42,collect_rollout,398,0,18,-0.02333333226852119,False,False,0.0,0.0,0,0,0,0.0,0.0,0.0,0.0,-0.02333333226852119,1,-0.02333333226852119
,academy_3_vs_1_with_keeper,42,collect_rollout,399,0,21,-0.019999999087303877,False,False,0.0,0.0,0,0,0,0.0,0.0,0.0,0.0,-0.019999999087303877,1,-0.019999999087303877
,academy_3_vs_1_with_keeper,42,collect_rollout,400,0,19,-0.006666666362434626,False,False,0.0,0.0,0,0,0,0.0,0.0,0.0,0.0,-0.006666666362434626,1,-0.006666666362434626
,academy_3_vs_1_with_keeper,42,collect_rollout,401,0,17,-0.006666666362434626,False,False,0.0,0.0,0,0,0,0.0,0.0,0.0,0.0,-0.006666666362434626,1,-0.006666666362434626
,academy_3_vs_1_with_keeper,42,collect_rollout,402,0,75,-0.15473060414660722,False,False,0.0,0.0,0,0,0,0.0,0.0,0.0,0.0,-0.15473060414660722,1,-0.15473060414660722
,academy_3_vs_1_with_keeper,42,collect_rollout,403,0,21,-0.029999998630955815,False,False,0.0,0.0,0,0,0,0.0,0.0,0.0,0.0,-0.029999998630955815,1,-0.029999998630955815
,academy_3_vs_1_with_keeper,42,collect_rollout,404,0,10,0.02528143022209406,False,False,0.0,0.0,0,0,0,0.0,0.0,0.0,0.0,0.02528143022209406,1,0.02528143022209406
,academy_3_vs_1_with_keeper,42,collect_rollout,405,0,19,-0.013333332724869251,False,False,0.0,0.0,0,0,0,0.0,0.0,0.0,0.0,-0.013333332724869251,1,-0.013333332724869251
,academy_3_vs_1_with_keeper,42,collect_rollout,406,0,15,-0.013333332724869251,False,False,0.0,0.0,0,0,0,0.0,0.0,0.0,0.0,-0.013333332724869251,1,-0.013333332724869251
,academy_3_vs_1_with_keeper,42,collect_rollout,407,0,17,-0.006666666362434626,False,False,0.0,0.0,0,0,0,0.0,0.0,0.0,0.0,-0.006666666362434626,1,-0.006666666362434626
,academy_3_vs_1_with_keeper,42,collect_rollout,408,0,15,-0.016666665906086564,False,False,0.0,0.0,0,0,0,0.0,0.0,0.0,0.0,-0.016666665906086564,1,-0.016666665906086564
,academy_3_vs_1_with_keeper,42,collect_rollout,409,0,48,0.0104295237979386,False,False,0.0,0.0,0,0,0,0.0,0.0,0.0,0.0,0.0104295237979386,1,0.0104295237979386
,academy_3_vs_1_with_keeper,42,collect_rollout,410,0,14,-0.006666666362434626,False,False,0.0,0.0,0,0,0,0.0,0.0,0.0,0.0,-0.006666666362434626,1,-0.006666666362434626
,academy_3_vs_1_with_keeper,42,collect_rollout,411,0,19,-0.016666665906086564,False,False,0.0,0.0,0,0,0,0.0,0.0,0.0,0.0,-0.016666665906086564,1,-0.016666665906086564
,academy_3_vs_1_with_keeper,42,collect_rollout,412,0,18,-0.016666665906086564,False,False,0.0,0.0,0,0,0,0.0,0.0,0.0,0.0,-0.016666665906086564,1,-0.016666665906086564
,academy_3_vs_1_with_keeper,42,collect_rollout,413,0,20,-0.019999999087303877,False,False,0.0,0.0,0,0,0,0.0,0.0,0.0,0.0,-0.019999999087303877,1,-0.019999999087303877
,academy_3_vs_1_with_keeper,42,collect_rollout,414,0,109,0.18781100111664273,False,False,0.0,0.0,0,0,0,0.0,0.0,0.0,0.0,0.18781100111664273,1,0.18781100111664273
,academy_3_vs_1_with_keeper,42,collect_rollout,415,0,26,0.11625698872376233,False,False,0.0,0.0,0,0,0,0.0,0.0,0.0,0.0,0.11625698872376233,1,0.11625698872376233
,academy_3_vs_1_with_keeper,42,collect_rollout,416,0,18,-0.006666666362434626,False,False,0.0,0.0,0,0,0,0.0,0.0,0.0,0.0,-0.006666666362434626,1,-0.006666666362434626
,academy_3_vs_1_with_keeper,42,collect_rollout,417,0,18,-0.006666666362434626,False,False,0.0,0.0,0,0,0,0.0,0.0,0.0,0.0,-0.006666666362434626,1,-0.006666666362434626
,academy_3_vs_1_with_keeper,42,collect_rollout,418,0,19,-0.013333332724869251,False,False,0.0,0.0,0,0,0,0.0,0.0,0.0,0.0,-0.013333332724869251,1,-0.013333332724869251
,academy_3_vs_1_with_keeper,42,collect_rollout,419,0,24,-0.019999999087303877,False,False,0.0,0.0,0,0,0,0.0,0.0,0.0,0.0,-0.019999999087303877,1,-0.019999999087303877
,academy_3_vs_1_with_keeper,42,collect_rollout,420,0,20,-0.013333332724869251,False,False,0.0,0.0,0,0,0,0.0,0.0,0.0,0.0,-0.013333332724869251,1,-0.013333332724869251
,academy_3_vs_1_with_keeper,42,collect_rollout,421,0,19,-0.003333333181217313,False,False,0.0,0.0,0,0,0,0.0,0.0,0.0,0.0,-0.003333333181217313,1,-0.003333333181217313
,academy_3_vs_1_with_keeper,42,collect_rollout,422,0,39,-0.053333330899477005,False,False,0.0,0.0,0,0,0,0.0,0.0,0.0,0.0,-0.053333330899477005,1,-0.053333330899477005
,academy_3_vs_1_with_keeper,42,collect_rollout,423,0,14,-0.006666666362434626,False,False,0.0,0.0,0,0,0,0.0,0.0,0.0,0.0,-0.006666666362434626,1,-0.006666666362434626
,academy_3_vs_1_with_keeper,42,collect_rollout,424,0,24,-0.006666666362434626,False,False,0.0,0.0,0,0,0,0.0,0.0,0.0,0.0,-0.006666666362434626,1,-0.006666666362434626
,academy_3_vs_1_with_keeper,42,collect_rollout,425,0,64,-0.09154123673215508,False,False,0.0,0.0,0,0,0,0.0,0.0,0.0,0.0,-0.09154123673215508,1,-0.09154123673215508
,academy_3_vs_1_with_keeper,42,collect_rollout,426,0,19,-0.013333332724869251,False,False,0.0,0.0,0,0,0,0.0,0.0,0.0,0.0,-0.013333332724869251,1,-0.013333332724869251
,academy_3_vs_1_with_keeper,42,collect_rollout,427,0,34,-0.03272345825098455,False,False,0.0,0.0,0,0,0,0.0,0.0,0.0,0.0,-0.03272345825098455,1,-0.03272345825098455
,academy_3_vs_1_with_keeper,42,collect_rollout,428,0,17,-0.009999999543651938,False,False,0.0,0.0,0,0,0,0.0,0.0,0.0,0.0,-0.009999999543651938,1,-0.009999999543651938
,academy_3_vs_1_with_keeper,42,collect_rollout,429,0,94,-0.029955196398077533,False,False,0.0,0.0,0,0,0,0.0,0.0,0.0,0.0,-0.029955196398077533,1,-0.029955196398077533
,academy_3_vs_1_with_keeper,42,collect_rollout,430,0,16,-0.006666666362434626,False,False,0.0,0.0,0,0,0,0.0,0.0,0.0,0.0,-0.006666666362434626,1,-0.006666666362434626
,academy_3_vs_1_with_keeper,42,collect_rollout,431,0,62,-0.04627937881741673,False,False,0.0,0.0,0,0,0,0.0,0.0,0.0,0.0,-0.04627937881741673,1,-0.04627937881741673
,academy_3_vs_1_with_keeper,42,collect_rollout,432,0,17,-0.016666665906086564,False,False,0.0,0.0,0,0,0,0.0,0.0,0.0,0.0,-0.016666665906086564,1,-0.016666665906086564
,academy_3_vs_1_with_keeper,42,collect_rollout,433,0,20,-0.013333332724869251,False,False,0.0,0.0,0,0,0,0.0,0.0,0.0,0.0,-0.013333332724869251,1,-0.013333332724869251
,academy_3_vs_1_with_keeper,42,collect_rollout,434,0,15,-0.006666666362434626,False,False,0.0,0.0,0,0,0,0.0,0.0,0.0,0.0,-0.006666666362434626,1,-0.006666666362434626
,academy_3_vs_1_with_keeper,42,collect_rollout,435,0,19,-0.009999999543651938,False,False,0.0,0.0,0,0,0,0.0,0.0,0.0,0.0,-0.009999999543651938,1,-0.009999999543651938
,academy_3_vs_1_with_keeper,42,collect_rollout,436,0,22,-0.006666666362434626,False,False,0.0,0.0,0,0,0,0.0,0.0,0.0,0.0,-0.006666666362434626,1,-0.006666666362434626
,academy_3_vs_1_with_keeper,42,collect_rollout,437,0,19,-0.006666666362434626,False,False,0.0,0.0,0,0,0,0.0,0.0,0.0,0.0,-0.006666666362434626,1,-0.006666666362434626
,academy_3_vs_1_with_keeper,42,collect_rollout,438,0,84,-0.05999999726191163,False,False,0.0,0.0,0,0,0,0.0,0.0,0.0,0.0,-0.05999999726191163,1,-0.05999999726191163
,academy_3_vs_1_with_keeper,42,collect_rollout,439,0,21,-0.006666666362434626,False,False,0.0,0.0,0,0,0,0.0,0.0,0.0,0.0,-0.006666666362434626,1,-0.006666666362434626
,academy_3_vs_1_with_keeper,42,collect_rollout,440,0,67,-0.06075266865082085,False,False,0.0,0.0,0,0,0,0.0,0.0,0.0,0.0,-0.06075266865082085,1,-0.06075266865082085
,academy_3_vs_1_with_keeper,42,collect_rollout,441,0,98,-0.05480965867172927,False,False,0.0,0.0,0,0,0,0.0,0.0,0.0,0.0,-0.05480965867172927,1,-0.05480965867172927
,academy_3_vs_1_with_keeper,42,collect_rollout,442,0,19,-0.013333332724869251,False,False,0.0,0.0,0,0,0,0.0,0.0,0.0,0.0,-0.013333332724869251,1,-0.013333332724869251
,academy_3_vs_1_with_keeper,42,collect_rollout,443,0,17,-0.009999999543651938,False,False,0.0,0.0,0,0,0,0.0,0.0,0.0,0.0,-0.009999999543651938,1,-0.009999999543651938
,academy_3_vs_1_with_keeper,42,collect_rollout,444,0,49,0.05981448994134553,False,False,0.0,0.0,0,0,0,0.0,0.0,0.0,0.0,0.05981448994134553,1,0.05981448994134553
,academy_3_vs_1_with_keeper,42,collect_rollout,445,0,88,-0.009553894342388958,False,False,0.0,0.0,0,0,0,0.0,0.0,0.0,0.0,-0.009553894342388958,1,-0.009553894342388958
,academy_3_vs_1_with_keeper,42,collect_rollout,446,0,16,-0.009999999543651938,False,False,0.0,0.0,0,0,0,0.0,0.0,0.0,0.0,-0.009999999543651938,1,-0.009999999543651938
,academy_3_vs_1_with_keeper,42,collect_rollout,447,0,23,-0.013333332724869251,False,False,0.0,0.0,0,0,0,0.0,0.0,0.0,0.0,-0.013333332724869251,1,-0.013333332724869251
,academy_3_vs_1_with_keeper,42,collect_rollout,448,0,17,-0.006666666362434626,False,False,0.0,0.0,0,0,0,0.0,0.0,0.0,0.0,-0.006666666362434626,1,-0.006666666362434626
,academy_3_vs_1_with_keeper,42,collect_rollout,449,0,17,-0.016666665906086564,False,False,0.0,0.0,0,0,0,0.0,0.0,0.0,0.0,-0.016666665906086564,1,-0.016666665906086564
,academy_3_vs_1_with_keeper,42,collect_rollout,450,0,31,2.113125604344532,False,False,0.0,0.0,0,0,0,0.0,0.0,0.0,0.0,2.113125604344532,1,2.113125604344532
,academy_3_vs_1_with_keeper,42,collect_rollout,451,0,20,-0.009999999543651938,False,False,0.0,0.0,0,0,0,0.0,0.0,0.0,0.0,-0.009999999543651938,1,-0.009999999543651938
,academy_3_vs_1_with_keeper,42,collect_rollout,452,0,16,-0.003333333181217313,False,False,0.0,0.0,0,0,0,0.0,0.0,0.0,0.0,-0.003333333181217313,1,-0.003333333181217313
,academy_3_vs_1_with_keeper,42,collect_rollout,453,0,11,0.023271658224985003,False,False,0.0,0.0,0,0,0,0.0,0.0,0.0,0.0,0.023271658224985003,1,0.023271658224985003
,academy_3_vs_1_with_keeper,42,collect_rollout,454,0,20,-0.02333333226852119,False,False,0.0,0.0,0,0,0,0.0,0.0,0.0,0.0,-0.02333333226852119,1,-0.02333333226852119
,academy_3_vs_1_with_keeper,42,collect_rollout,455,0,22,-0.019999999087303877,False,False,0.0,0.0,0,0,0,0.0,0.0,0.0,0.0,-0.019999999087303877,1,-0.019999999087303877
,academy_3_vs_1_with_keeper,42,collect_rollout,456,0,40,-0.03333333181217313,False,False,0.0,0.0,0,0,0,0.0,0.0,0.0,0.0,-0.03333333181217313,1,-0.03333333181217313
,academy_3_vs_1_with_keeper,42,collect_rollout,457,0,19,-0.016666665906086564,False,False,0.0,0.0,0,0,0,0.0,0.0,0.0,0.0,-0.016666665906086564,1,-0.016666665906086564
,academy_3_vs_1_with_keeper,42,collect_rollout,458,0,27,0.11527133744675666,False,False,0.0,0.0,0,0,0,0.0,0.0,0.0,0.0,0.11527133744675666,1,0.11527133744675666
,academy_3_vs_1_with_keeper,42,collect_rollout,459,0,44,2.095415082934778,False,False,0.0,0.0,0,0,0,0.0,0.0,0.0,0.0,2.095415082934778,1,2.095415082934778
,academy_3_vs_1_with_keeper,42,collect_rollout,460,0,18,-0.009999999543651938,False,False,0.0,0.0,0,0,0,0.0,0.0,0.0,0.0,-0.009999999543651938,1,-0.009999999543651938
,academy_3_vs_1_with_keeper,42,collect_rollout,461,0,49,-0.04333333135582507,False,False,0.0,0.0,0,0,0,0.0,0.0,0.0,0.0,-0.04333333135582507,1,-0.04333333135582507
,academy_3_vs_1_with_keeper,42,collect_rollout,462,0,60,-0.04377454693894833,False,False,0.0,0.0,0,0,0,0.0,0.0,0.0,0.0,-0.04377454693894833,1,-0.04377454693894833
,academy_3_vs_1_with_keeper,42,collect_rollout,463,0,19,-0.009999999543651938,False,False,0.0,0.0,0,0,0,0.0,0.0,0.0,0.0,-0.009999999543651938,1,-0.009999999543651938
,academy_3_vs_1_with_keeper,42,collect_rollout,464,0,43,0.042949865499394946,False,False,0.0,0.0,0,0,0,0.0,0.0,0.0,0.0,0.042949865499394946,1,0.042949865499394946
,academy_3_vs_1_with_keeper,42,collect_rollout,465,0,18,-0.003333333181217313,False,False,0.0,0.0,0,0,0,0.0,0.0,0.0,0.0,-0.003333333181217313,1,-0.003333333181217313
,academy_3_vs_1_with_keeper,42,collect_rollout,466,0,19,-0.009999999543651938,False,False,0.0,0.0,0,0,0,0.0,0.0,0.0,0.0,-0.009999999543651938,1,-0.009999999543651938
,academy_3_vs_1_with_keeper,42,collect_rollout,467,0,63,-0.05681855809962144,False,False,0.0,0.0,0,0,0,0.0,0.0,0.0,0.0,-0.05681855809962144,1,-0.05681855809962144
,academy_3_vs_1_with_keeper,42,collect_rollout,468,0,15,-0.006666666362434626,False,False,0.0,0.0,0,0,0,0.0,0.0,0.0,0.0,-0.006666666362434626,1,-0.006666666362434626
,academy_3_vs_1_with_keeper,42,collect_rollout,469,0,37,0.06344929133774713,False,False,0.0,0.0,0,0,0,0.0,0.0,0.0,0.0,0.06344929133774713,1,0.06344929133774713
,academy_3_vs_1_with_keeper,42,collect_rollout,470,0,17,-0.016666665906086564,False,False,0.0,0.0,0,0,0,0.0,0.0,0.0,0.0,-0.016666665906086564,1,-0.016666665906086564
,academy_3_vs_1_with_keeper,42,collect_rollout,471,0,18,-0.013333332724869251,False,False,0.0,0.0,0,0,0,0.0,0.0,0.0,0.0,-0.013333332724869251,1,-0.013333332724869251
,academy_3_vs_1_with_keeper,42,collect_rollout,472,0,87,-0.06055573322373675,False,False,0.0,0.0,0,0,0,0.0,0.0,0.0,0.0,-0.06055573322373675,1,-0.06055573322373675
,academy_3_vs_1_with_keeper,42,collect_rollout,473,0,33,-0.026666665449738503,False,False,0.0,0.0,0,0,0,0.0,0.0,0.0,0.0,-0.026666665449738503,1,-0.026666665449738503
,academy_3_vs_1_with_keeper,42,collect_rollout,474,0,15,-0.003333333181217313,False,False,0.0,0.0,0,0,0,0.0,0.0,0.0,0.0,-0.003333333181217313,1,-0.003333333181217313
,academy_3_vs_1_with_keeper,42,collect_rollout,475,0,62,-0.01598623875179328,False,False,0.0,0.0,0,0,0,0.0,0.0,0.0,0.0,-0.01598623875179328,1,-0.01598623875179328
,academy_3_vs_1_with_keeper,42,collect_rollout,476,0,20,-0.016666665906086564,False,False,0.0,0.0,0,0,0,0.0,0.0,0.0,0.0,-0.016666665906086564,1,-0.016666665906086564
,academy_3_vs_1_with_keeper,42,collect_rollout,477,0,18,-0.013333332724869251,False,False,0.0,0.0,0,0,0,0.0,0.0,0.0,0.0,-0.013333332724869251,1,-0.013333332724869251
,academy_3_vs_1_with_keeper,42,collect_rollout,478,0,22,0.09540959337027743,False,False,0.0,0.0,0,0,0,0.0,0.0,0.0,0.0,0.09540959337027743,1,0.09540959337027743
,academy_3_vs_1_with_keeper,42,collect_rollout,479,0,83,-0.07832493451132905,False,False,0.0,0.0,0,0,0,0.0,0.0,0.0,0.0,-0.07832493451132905,1,-0.07832493451132905
,academy_3_vs_1_with_keeper,42,collect_rollout,480,0,20,-0.006666666362434626,False,False,0.0,0.0,0,0,0,0.0,0.0,0.0,0.0,-0.006666666362434626,1,-0.006666666362434626
,academy_3_vs_1_with_keeper,42,collect_rollout,481,0,15,-0.003333333181217313,False,False,0.0,0.0,0,0,0,0.0,0.0,0.0,0.0,-0.003333333181217313,1,-0.003333333181217313
,academy_3_vs_1_with_keeper,42,collect_rollout,482,0,23,-0.006666666362434626,False,False,0.0,0.0,0,0,0,0.0,0.0,0.0,0.0,-0.006666666362434626,1,-0.006666666362434626
,academy_3_vs_1_with_keeper,42,collect_rollout,483,0,51,0.01818884633394191,False,False,0.0,0.0,0,0,0,0.0,0.0,0.0,0.0,0.01818884633394191,1,0.01818884633394191
,academy_3_vs_1_with_keeper,42,collect_rollout,484,0,11,0.026126549229957163,False,False,0.0,0.0,0,0,0,0.0,0.0,0.0,0.0,0.026126549229957163,1,0.026126549229957163
,academy_3_vs_1_with_keeper,42,collect_rollout,485,0,19,-0.019999999087303877,False,False,0.0,0.0,0,0,0,0.0,0.0,0.0,0.0,-0.019999999087303877,1,-0.019999999087303877
,academy_3_vs_1_with_keeper,42,collect_rollout,486,0,59,-0.019143619807437062,False,False,0.0,0.0,0,0,0,0.0,0.0,0.0,0.0,-0.019143619807437062,1,-0.019143619807437062
,academy_3_vs_1_with_keeper,42,collect_rollout,487,0,17,-0.016666665906086564,False,False,0.0,0.0,0,0,0,0.0,0.0,0.0,0.0,-0.016666665906086564,1,-0.016666665906086564
,academy_3_vs_1_with_keeper,42,collect_rollout,488,0,42,0.05542187299579382,False,False,0.0,0.0,0,0,0,0.0,0.0,0.0,0.0,0.05542187299579382,1,0.05542187299579382
,academy_3_vs_1_with_keeper,42,collect_rollout,489,0,89,-0.13104308987385593,False,False,0.0,0.0,0,0,0,0.0,0.0,0.0,0.0,-0.13104308987385593,1,-0.13104308987385593
,academy_3_vs_1_with_keeper,42,collect_rollout,490,0,6,0.043869590386748314,False,False,0.0,0.0,0,0,0,0.0,0.0,0.0,0.0,0.043869590386748314,1,0.043869590386748314
,academy_3_vs_1_with_keeper,42,collect_rollout,491,0,21,-0.009999999543651938,False,False,0.0,0.0,0,0,0,0.0,0.0,0.0,0.0,-0.009999999543651938,1,-0.009999999543651938
,academy_3_vs_1_with_keeper,42,collect_rollout,492,0,81,-0.14198743269662373,False,False,0.0,0.0,0,0,0,0.0,0.0,0.0,0.0,-0.14198743269662373,1,-0.14198743269662373
,academy_3_vs_1_with_keeper,42,collect_rollout,493,0,19,-0.003333333181217313,False,False,0.0,0.0,0,0,0,0.0,0.0,0.0,0.0,-0.003333333181217313,1,-0.003333333181217313
,academy_3_vs_1_with_keeper,42,collect_rollout,494,0,16,-0.016666665906086564,False,False,0.0,0.0,0,0,0,0.0,0.0,0.0,0.0,-0.016666665906086564,1,-0.016666665906086564
,academy_3_vs_1_with_keeper,42,collect_rollout,495,0,48,-0.03333333181217313,False,False,0.0,0.0,0,0,0,0.0,0.0,0.0,0.0,-0.03333333181217313,1,-0.03333333181217313
,academy_3_vs_1_with_keeper,42,collect_rollout,496,0,16,-0.009999999543651938,False,False,0.0,0.0,0,0,0,0.0,0.0,0.0,0.0,-0.009999999543651938,1,-0.009999999543651938
,academy_3_vs_1_with_keeper,42,collect_rollout,497,0,15,-0.003333333181217313,False,False,0.0,0.0,0,0,0,0.0,0.0,0.0,0.0,-0.003333333181217313,1,-0.003333333181217313
,academy_3_vs_1_with_keeper,42,collect_rollout,498,0,13,0.02047169886645861,False,False,0.0,0.0,0,0,0,0.0,0.0,0.0,0.0,0.02047169886645861,1,0.02047169886645861
,academy_3_vs_1_with_keeper,42,collect_rollout,499,0,40,2.099266890436411,False,False,0.0,0.0,0,0,0,0.0,0.0,0.0,0.0,2.099266890436411,1,2.099266890436411
,academy_3_vs_1_with_keeper,42,collect_rollout,500,0,18,-0.016666665906086564,False,False,0.0,0.0,0,0,0,0.0,0.0,0.0,0.0,-0.016666665906086564,1,-0.016666665906086564
,academy_3_vs_1_with_keeper,42,collect_rollout,501,0,19,-0.013333332724869251,False,False,0.0,0.0,0,0,0,0.0,0.0,0.0,0.0,-0.013333332724869251,1,-0.013333332724869251
,academy_3_vs_1_with_keeper,42,collect_rollout,502,0,18,-0.013333332724869251,False,False,0.0,0.0,0,0,0,0.0,0.0,0.0,0.0,-0.013333332724869251,1,-0.013333332724869251
,academy_3_vs_1_with_keeper,42,collect_rollout,503,0,18,-0.016666665906086564,False,False,0.0,0.0,0,0,0,0.0,0.0,0.0,0.0,-0.016666665906086564,1,-0.016666665906086564
,academy_3_vs_1_with_keeper,42,collect_rollout,504,0,1801,-2.993543901568046,False,False,0.0,0.0,0,0,0,0.0,0.0,0.0,0.0,-2.993543901568046,1,-2.993543901568046
,academy_3_vs_1_with_keeper,42,collect_rollout,505,0,40,0.06592146481852978,False,False,0.0,0.0,0,0,0,0.0,0.0,0.0,0.0,0.06592146481852978,1,0.06592146481852978
,academy_3_vs_1_with_keeper,42,collect_rollout,506,0,159,-0.14441041939426214,False,False,0.0,0.0,0,0,0,0.0,0.0,0.0,0.0,-0.14441041939426214,1,-0.14441041939426214
,academy_3_vs_1_with_keeper,42,collect_rollout,507,0,15,-0.016666665906086564,False,False,0.0,0.0,0,0,0,0.0,0.0,0.0,0.0,-0.016666665906086564,1,-0.016666665906086564
,academy_3_vs_1_with_keeper,42,collect_rollout,508,0,77,-0.0754018593870569,False,False,0.0,0.0,0,0,0,0.0,0.0,0.0,0.0,-0.0754018593870569,1,-0.0754018593870569
,academy_3_vs_1_with_keeper,42,collect_rollout,509,0,13,0.015057206619530916,False,False,0.0,0.0,0,0,0,0.0,0.0,0.0,0.0,0.015057206619530916,1,0.015057206619530916
,academy_3_vs_1_with_keeper,42,collect_rollout,510,0,19,-0.019999999087303877,False,False,0.0,0.0,0,0,0,0.0,0.0,0.0,0.0,-0.019999999087303877,1,-0.019999999087303877
,academy_3_vs_1_with_keeper,42,collect_rollout,511,0,22,-0.02333333226852119,False,False,0.0,0.0,0,0,0,0.0,0.0,0.0,0.0,-0.02333333226852119,1,-0.02333333226852119
,academy_3_vs_1_with_keeper,42,collect_rollout,512,0,20,-0.02333333226852119,False,False,0.0,0.0,0,0,0,0.0,0.0,0.0,0.0,-0.02333333226852119,1,-0.02333333226852119
,academy_3_vs_1_with_keeper,42,collect_rollout,513,0,35,-0.04319713148288429,False,False,0.0,0.0,0,0,0,0.0,0.0,0.0,0.0,-0.04319713148288429,1,-0.04319713148288429
,academy_3_vs_1_with_keeper,42,collect_rollout,514,0,20,-0.009365967358462512,False,False,0.0,0.0,0,0,0,0.0,0.0,0.0,0.0,-0.009365967358462512,1,-0.009365967358462512
,academy_3_vs_1_with_keeper,42,collect_rollout,515,0,98,0.032285247230902314,False,False,0.0,0.0,0,0,0,0.0,0.0,0.0,0.0,0.032285247230902314,1,0.032285247230902314
,academy_3_vs_1_with_keeper,42,collect_rollout,516,0,18,-0.009999999543651938,False,False,0.0,0.0,0,0,0,0.0,0.0,0.0,0.0,-0.009999999543651938,1,-0.009999999543651938
,academy_3_vs_1_with_keeper,42,collect_rollout,517,0,39,0.10680164897348732,False,False,0.0,0.0,0,0,0,0.0,0.0,0.0,0.0,0.10680164897348732,1,0.10680164897348732
,academy_3_vs_1_with_keeper,42,collect_rollout,518,0,93,0.009454657905735075,False,False,0.0,0.0,0,0,0,0.0,0.0,0.0,0.0,0.009454657905735075,1,0.009454657905735075
,academy_3_vs_1_with_keeper,42,collect_rollout,519,0,23,-0.009999999543651938,False,False,0.0,0.0,0,0,0,0.0,0.0,0.0,0.0,-0.009999999543651938,1,-0.009999999543651938
,academy_3_vs_1_with_keeper,42,collect_rollout,520,0,59,-0.10870966470611165,False,False,0.0,0.0,0,0,0,0.0,0.0,0.0,0.0,-0.10870966470611165,1,-0.10870966470611165
,academy_3_vs_1_with_keeper,42,collect_rollout,521,0,11,0.022695594816468656,False,False,0.0,0.0,0,0,0,0.0,0.0,0.0,0.0,0.022695594816468656,1,0.022695594816468656
,academy_3_vs_1_with_keeper,42,collect_rollout,522,0,86,0.01342406019102782,False,False,0.0,0.0,0,0,0,0.0,0.0,0.0,0.0,0.01342406019102782,1,0.01342406019102782
,academy_3_vs_1_with_keeper,42,collect_rollout,523,0,16,-0.016666665906086564,False,False,0.0,0.0,0,0,0,0.0,0.0,0.0,0.0,-0.016666665906086564,1,-0.016666665906086564
,academy_3_vs_1_with_keeper,42,collect_rollout,524,0,21,-0.016666665906086564,False,False,0.0,0.0,0,0,0,0.0,0.0,0.0,0.0,-0.016666665906086564,1,-0.016666665906086564
,academy_3_vs_1_with_keeper,42,collect_rollout,525,0,15,0.020453442935831845,False,False,0.0,0.0,0,0,0,0.0,0.0,0.0,0.0,0.020453442935831845,1,0.020453442935831845
,academy_3_vs_1_with_keeper,42,collect_rollout,526,0,43,0.0347314230966731,False,False,0.0,0.0,0,0,0,0.0,0.0,0.0,0.0,0.0347314230966731,1,0.0347314230966731
,academy_3_vs_1_with_keeper,42,collect_rollout,527,0,17,-0.009999999543651938,False,False,0.0,0.0,0,0,0,0.0,0.0,0.0,0.0,-0.009999999543651938,1,-0.009999999543651938
,academy_3_vs_1_with_keeper,42,collect_rollout,528,0,21,-0.006666666362434626,False,False,0.0,0.0,0,0,0,0.0,0.0,0.0,0.0,-0.006666666362434626,1,-0.006666666362434626
,academy_3_vs_1_with_keeper,42,collect_rollout,529,0,81,-0.13265988999046385,False,False,0.0,0.0,0,0,0,0.0,0.0,0.0,0.0,-0.13265988999046385,1,-0.13265988999046385
,academy_3_vs_1_with_keeper,42,collect_rollout,530,0,19,-0.003333333181217313,False,False,0.0,0.0,0,0,0,0.0,0.0,0.0,0.0,-0.003333333181217313,1,-0.003333333181217313
,academy_3_vs_1_with_keeper,42,collect_rollout,531,0,20,-0.013333332724869251,False,False,0.0,0.0,0,0,0,0.0,0.0,0.0,0.0,-0.013333332724869251,1,-0.013333332724869251
,academy_3_vs_1_with_keeper,42,collect_rollout,532,0,20,-0.019999999087303877,False,False,0.0,0.0,0,0,0,0.0,0.0,0.0,0.0,-0.019999999087303877,1,-0.019999999087303877
,academy_3_vs_1_with_keeper,42,collect_rollout,533,0,19,-0.026666665449738503,False,False,0.0,0.0,0,0,0,0.0,0.0,0.0,0.0,-0.026666665449738503,1,-0.026666665449738503
,academy_3_vs_1_with_keeper,42,collect_rollout,534,0,15,-0.006666666362434626,False,False,0.0,0.0,0,0,0,0.0,0.0,0.0,0.0,-0.006666666362434626,1,-0.006666666362434626
,academy_3_vs_1_with_keeper,42,collect_rollout,535,0,37,0.08861817014985718,False,False,0.0,0.0,0,0,0,0.0,0.0,0.0,0.0,0.08861817014985718,1,0.08861817014985718
,academy_3_vs_1_with_keeper,42,collect_rollout,536,0,18,-0.016666665906086564,False,False,0.0,0.0,0,0,0,0.0,0.0,0.0,0.0,-0.016666665906086564,1,-0.016666665906086564
,academy_3_vs_1_with_keeper,42,collect_rollout,537,0,26,2.1146525238873437,False,False,0.0,0.0,0,0,0,0.0,0.0,0.0,0.0,2.1146525238873437,1,2.1146525238873437
,academy_3_vs_1_with_keeper,42,collect_rollout,538,0,17,-0.016666665906086564,False,False,0.0,0.0,0,0,0,0.0,0.0,0.0,0.0,-0.016666665906086564,1,-0.016666665906086564
,academy_3_vs_1_with_keeper,42,collect_rollout,539,0,87,0.029016767453867942,False,False,0.0,0.0,0,0,0,0.0,0.0,0.0,0.0,0.029016767453867942,1,0.029016767453867942
,academy_3_vs_1_with_keeper,42,collect_rollout,540,0,46,0.030363863508682698,False,False,0.0,0.0,0,0,0,0.0,0.0,0.0,0.0,0.030363863508682698,1,0.030363863508682698
,academy_3_vs_1_with_keeper,42,collect_rollout,541,0,47,-0.025838628178462386,False,False,0.0,0.0,0,0,0,0.0,0.0,0.0,0.0,-0.025838628178462386,1,-0.025838628178462386
,academy_3_vs_1_with_keeper,42,collect_rollout,542,0,19,-0.013333332724869251,False,False,0.0,0.0,0,0,0,0.0,0.0,0.0,0.0,-0.013333332724869251,1,-0.013333332724869251
,academy_3_vs_1_with_keeper,42,collect_rollout,543,0,20,-0.006666666362434626,False,False,0.0,0.0,0,0,0,0.0,0.0,0.0,0.0,-0.006666666362434626,1,-0.006666666362434626
,academy_3_vs_1_with_keeper,42,collect_rollout,544,0,23,-0.006666666362434626,False,False,0.0,0.0,0,0,0,0.0,0.0,0.0,0.0,-0.006666666362434626,1,-0.006666666362434626
,academy_3_vs_1_with_keeper,42,collect_rollout,545,0,18,-0.006666666362434626,False,False,0.0,0.0,0,0,0,0.0,0.0,0.0,0.0,-0.006666666362434626,1,-0.006666666362434626
,academy_3_vs_1_with_keeper,42,collect_rollout,546,0,34,0.10386375925736502,False,False,0.0,0.0,0,0,0,0.0,0.0,0.0,0.0,0.10386375925736502,1,0.10386375925736502
,academy_3_vs_1_with_keeper,42,collect_rollout,547,0,21,-0.016666665906086564,False,False,0.0,0.0,0,0,0,0.0,0.0,0.0,0.0,-0.016666665906086564,1,-0.016666665906086564
,academy_3_vs_1_with_keeper,42,collect_rollout,548,0,38,0.0030694908928126097,False,False,0.0,0.0,0,0,0,0.0,0.0,0.0,0.0,0.0030694908928126097,1,0.0030694908928126097
,academy_3_vs_1_with_keeper,42,collect_rollout,549,0,19,-0.019999999087303877,False,False,0.0,0.0,0,0,0,0.0,0.0,0.0,0.0,-0.019999999087303877,1,-0.019999999087303877
,academy_3_vs_1_with_keeper,42,collect_rollout,550,0,20,-0.026666665449738503,False,False,0.0,0.0,0,0,0,0.0,0.0,0.0,0.0,-0.026666665449738503,1,-0.026666665449738503
,academy_3_vs_1_with_keeper,42,collect_rollout,551,0,9,0.02488648130383808,False,False,0.0,0.0,0,0,0,0.0,0.0,0.0,0.0,0.02488648130383808,1,0.02488648130383808
,academy_3_vs_1_with_keeper,42,collect_rollout,552,0,15,0.0130166468443349,False,False,0.0,0.0,0,0,0,0.0,0.0,0.0,0.0,0.0130166468443349,1,0.0130166468443349
,academy_3_vs_1_with_keeper,42,collect_rollout,553,0,9,0.031742266146466136,False,False,0.0,0.0,0,0,0,0.0,0.0,0.0,0.0,0.031742266146466136,1,0.031742266146466136
,academy_3_vs_1_with_keeper,42,collect_rollout,554,0,17,0.009674756089225411,False,False,0.0,0.0,0,0,0,0.0,0.0,0.0,0.0,0.009674756089225411,1,0.009674756089225411
,academy_3_vs_1_with_keeper,42,collect_rollout,555,0,99,-0.04836513715054025,False,False,0.0,0.0,0,0,0,0.0,0.0,0.0,0.0,-0.04836513715054025,1,-0.04836513715054025
,academy_3_vs_1_with_keeper,42,collect_rollout,556,0,23,-0.009999999543651938,False,False,0.0,0.0,0,0,0,0.0,0.0,0.0,0.0,-0.009999999543651938,1,-0.009999999543651938
,academy_3_vs_1_with_keeper,42,collect_rollout,557,0,9,0.04122486291453242,False,False,0.0,0.0,0,0,0,0.0,0.0,0.0,0.0,0.04122486291453242,1,0.04122486291453242
,academy_3_vs_1_with_keeper,42,collect_rollout,558,0,39,0.06304844515398145,False,False,0.0,0.0,0,0,0,0.0,0.0,0.0,0.0,0.06304844515398145,1,0.06304844515398145
,academy_3_vs_1_with_keeper,42,collect_rollout,559,0,16,-0.016666665906086564,False,False,0.0,0.0,0,0,0,0.0,0.0,0.0,0.0,-0.016666665906086564,1,-0.016666665906086564
,academy_3_vs_1_with_keeper,42,collect_rollout,560,0,60,-0.041197694605216384,False,False,0.0,0.0,0,0,0,0.0,0.0,0.0,0.0,-0.041197694605216384,1,-0.041197694605216384
,academy_3_vs_1_with_keeper,42,collect_rollout,561,0,16,-0.02333333226852119,False,False,0.0,0.0,0,0,0,0.0,0.0,0.0,0.0,-0.02333333226852119,1,-0.02333333226852119
,academy_3_vs_1_with_keeper,42,collect_rollout,562,0,18,-0.009999999543651938,False,False,0.0,0.0,0,0,0,0.0,0.0,0.0,0.0,-0.009999999543651938,1,-0.009999999543651938
,academy_3_vs_1_with_keeper,42,collect_rollout,563,0,31,0.08564807512448169,False,False,0.0,0.0,0,0,0,0.0,0.0,0.0,0.0,0.08564807512448169,1,0.08564807512448169
,academy_3_vs_1_with_keeper,42,collect_rollout,564,0,12,0.028814587800297886,False,False,0.0,0.0,0,0,0,0.0,0.0,0.0,0.0,0.028814587800297886,1,0.028814587800297886
,academy_3_vs_1_with_keeper,42,collect_rollout,565,0,18,-0.013333332724869251,False,False,0.0,0.0,0,0,0,0.0,0.0,0.0,0.0,-0.013333332724869251,1,-0.013333332724869251
,academy_3_vs_1_with_keeper,42,collect_rollout,566,0,17,0.00862205948214978,False,False,0.0,0.0,0,0,0,0.0,0.0,0.0,0.0,0.00862205948214978,1,0.00862205948214978
,academy_3_vs_1_with_keeper,42,collect_rollout,567,0,16,-0.009999999543651938,False,False,0.0,0.0,0,0,0,0.0,0.0,0.0,0.0,-0.009999999543651938,1,-0.009999999543651938
,academy_3_vs_1_with_keeper,42,collect_rollout,568,0,32,0.1272749959025532,False,False,0.0,0.0,0,0,0,0.0,0.0,0.0,0.0,0.1272749959025532,1,0.1272749959025532
,academy_3_vs_1_with_keeper,42,collect_rollout,569,0,73,0.20746556849917397,False,False,0.0,0.0,0,0,0,0.0,0.0,0.0,0.0,0.20746556849917397,1,0.20746556849917397
,academy_3_vs_1_with_keeper,42,collect_rollout,570,0,14,-0.009999999543651938,False,False,0.0,0.0,0,0,0,0.0,0.0,0.0,0.0,-0.009999999543651938,1,-0.009999999543651938
,academy_3_vs_1_with_keeper,42,collect_rollout,571,0,25,0.11141670410870574,False,False,0.0,0.0,0,0,0,0.0,0.0,0.0,0.0,0.11141670410870574,1,0.11141670410870574
,academy_3_vs_1_with_keeper,42,collect_rollout,572,0,17,-0.009999999543651938,False,False,0.0,0.0,0,0,0,0.0,0.0,0.0,0.0,-0.009999999543651938,1,-0.009999999543651938
,academy_3_vs_1_with_keeper,42,collect_rollout,573,0,21,-0.029999998630955815,False,False,0.0,0.0,0,0,0,0.0,0.0,0.0,0.0,-0.029999998630955815,1,-0.029999998630955815
,academy_3_vs_1_with_keeper,42,collect_rollout,574,0,19,-0.019999999087303877,False,False,0.0,0.0,0,0,0,0.0,0.0,0.0,0.0,-0.019999999087303877,1,-0.019999999087303877
,academy_3_vs_1_with_keeper,42,collect_rollout,575,0,20,-0.016666665906086564,False,False,0.0,0.0,0,0,0,0.0,0.0,0.0,0.0,-0.016666665906086564,1,-0.016666665906086564
,academy_3_vs_1_with_keeper,42,collect_rollout,576,0,109,0.21722606499679387,False,False,0.0,0.0,0,0,0,0.0,0.0,0.0,0.0,0.21722606499679387,1,0.21722606499679387
,academy_3_vs_1_with_keeper,42,collect_rollout,577,0,15,-0.009999999543651938,False,False,0.0,0.0,0,0,0,0.0,0.0,0.0,0.0,-0.009999999543651938,1,-0.009999999543651938
,academy_3_vs_1_with_keeper,42,collect_rollout,578,0,62,-0.20330506542813964,False,False,0.0,0.0,0,0,0,0.0,0.0,0.0,0.0,-0.20330506542813964,1,-0.20330506542813964
,academy_3_vs_1_with_keeper,42,collect_rollout,579,0,16,-0.003333333181217313,False,False,0.0,0.0,0,0,0,0.0,0.0,0.0,0.0,-0.003333333181217313,1,-0.003333333181217313
,academy_3_vs_1_with_keeper,42,collect_rollout,580,0,15,-0.009999999543651938,False,False,0.0,0.0,0,0,0,0.0,0.0,0.0,0.0,-0.009999999543651938,1,-0.009999999543651938
,academy_3_vs_1_with_keeper,42,collect_rollout,581,0,33,0.09621232201789098,False,False,0.0,0.0,0,0,0,0.0,0.0,0.0,0.0,0.09621232201789098,1,0.09621232201789098
,academy_3_vs_1_with_keeper,42,collect_rollout,582,0,18,-0.006666666362434626,False,False,0.0,0.0,0,0,0,0.0,0.0,0.0,0.0,-0.006666666362434626,1,-0.006666666362434626
,academy_3_vs_1_with_keeper,42,collect_rollout,583,0,66,-0.20317730837268755,False,False,0.0,0.0,0,0,0,0.0,0.0,0.0,0.0,-0.20317730837268755,1,-0.20317730837268755
,academy_3_vs_1_with_keeper,42,collect_rollout,584,0,30,2.100635813563713,False,False,0.0,0.0,0,0,0,0.0,0.0,0.0,0.0,2.100635813563713,1,2.100635813563713
,academy_3_vs_1_with_keeper,42,collect_rollout,585,0,17,-0.016666665906086564,False,False,0.0,0.0,0,0,0,0.0,0.0,0.0,0.0,-0.016666665906086564,1,-0.016666665906086564
,academy_3_vs_1_with_keeper,42,collect_rollout,586,0,18,-0.003333333181217313,False,False,0.0,0.0,0,0,0,0.0,0.0,0.0,0.0,-0.003333333181217313,1,-0.003333333181217313
,academy_3_vs_1_with_keeper,42,collect_rollout,587,0,34,0.026807878784893546,False,False,0.0,0.0,0,0,0,0.0,0.0,0.0,0.0,0.026807878784893546,1,0.026807878784893546
,academy_3_vs_1_with_keeper,42,collect_rollout,588,0,18,-0.006666666362434626,False,False,0.0,0.0,0,0,0,0.0,0.0,0.0,0.0,-0.006666666362434626,1,-0.006666666362434626
,academy_3_vs_1_with_keeper,42,collect_rollout,589,0,17,-0.009999999543651938,False,False,0.0,0.0,0,0,0,0.0,0.0,0.0,0.0,-0.009999999543651938,1,-0.009999999543651938
,academy_3_vs_1_with_keeper,42,collect_rollout,590,0,91,-0.13540010039287154,False,False,0.0,0.0,0,0,0,0.0,0.0,0.0,0.0,-0.13540010039287154,1,-0.13540010039287154
,academy_3_vs_1_with_keeper,42,collect_rollout,591,0,20,-0.019999999087303877,False,False,0.0,0.0,0,0,0,0.0,0.0,0.0,0.0,-0.019999999087303877,1,-0.019999999087303877
,academy_3_vs_1_with_keeper,42,collect_rollout,592,0,22,-0.019999999087303877,False,False,0.0,0.0,0,0,0,0.0,0.0,0.0,0.0,-0.019999999087303877,1,-0.019999999087303877
,academy_3_vs_1_with_keeper,42,collect_rollout,593,0,17,-0.006666666362434626,False,False,0.0,0.0,0,0,0,0.0,0.0,0.0,0.0,-0.006666666362434626,1,-0.006666666362434626
,academy_3_vs_1_with_keeper,42,collect_rollout,594,0,15,-0.016666665906086564,False,False,0.0,0.0,0,0,0,0.0,0.0,0.0,0.0,-0.016666665906086564,1,-0.016666665906086564
,academy_3_vs_1_with_keeper,42,collect_rollout,595,0,17,-0.006666666362434626,False,False,0.0,0.0,0,0,0,0.0,0.0,0.0,0.0,-0.006666666362434626,1,-0.006666666362434626
,academy_3_vs_1_with_keeper,42,collect_rollout,596,0,22,-0.016666665906086564,False,False,0.0,0.0,0,0,0,0.0,0.0,0.0,0.0,-0.016666665906086564,1,-0.016666665906086564
,academy_3_vs_1_with_keeper,42,collect_rollout,597,0,101,0.23742128276717267,False,False,0.0,0.0,0,0,0,0.0,0.0,0.0,0.0,0.23742128276717267,1,0.23742128276717267
,academy_3_vs_1_with_keeper,42,collect_rollout,598,0,20,-0.013333332724869251,False,False,0.0,0.0,0,0,0,0.0,0.0,0.0,0.0,-0.013333332724869251,1,-0.013333332724869251
,academy_3_vs_1_with_keeper,42,collect_rollout,599,0,89,0.015557588764750108,False,False,0.0,0.0,0,0,0,0.0,0.0,0.0,0.0,0.015557588764750108,1,0.015557588764750108
,academy_3_vs_1_with_keeper,42,collect_rollout,600,0,81,0.03194546978920698,False,False,0.0,0.0,0,0,0,0.0,0.0,0.0,0.0,0.03194546978920698,1,0.03194546978920698
,academy_3_vs_1_with_keeper,42,collect_rollout,601,0,17,-0.003333333181217313,False,False,0.0,0.0,0,0,0,0.0,0.0,0.0,0.0,-0.003333333181217313,1,-0.003333333181217313
,academy_3_vs_1_with_keeper,42,collect_rollout,602,0,18,-0.013333332724869251,False,False,0.0,0.0,0,0,0,0.0,0.0,0.0,0.0,-0.013333332724869251,1,-0.013333332724869251
,academy_3_vs_1_with_keeper,42,collect_rollout,603,0,26,0.08879531634738669,False,False,0.0,0.0,0,0,0,0.0,0.0,0.0,0.0,0.08879531634738669,1,0.08879531634738669
,academy_3_vs_1_with_keeper,42,collect_rollout,604,0,18,-0.013333332724869251,False,False,0.0,0.0,0,0,0,0.0,0.0,0.0,0.0,-0.013333332724869251,1,-0.013333332724869251
,academy_3_vs_1_with_keeper,42,collect_rollout,605,0,88,0.015672701032599434,False,False,0.0,0.0,0,0,0,0.0,0.0,0.0,0.0,0.015672701032599434,1,0.015672701032599434
,academy_3_vs_1_with_keeper,42,collect_rollout,606,0,90,-0.1278536517638713,False,False,0.0,0.0,0,0,0,0.0,0.0,0.0,0.0,-0.1278536517638713,1,-0.1278536517638713
,academy_3_vs_1_with_keeper,42,collect_rollout,607,0,21,-0.02333333226852119,False,False,0.0,0.0,0,0,0,0.0,0.0,0.0,0.0,-0.02333333226852119,1,-0.02333333226852119
,academy_3_vs_1_with_keeper,42,collect_rollout,608,0,20,-0.019999999087303877,False,False,0.0,0.0,0,0,0,0.0,0.0,0.0,0.0,-0.019999999087303877,1,-0.019999999087303877
,academy_3_vs_1_with_keeper,42,collect_rollout,609,0,16,-0.016666665906086564,False,False,0.0,0.0,0,0,0,0.0,0.0,0.0,0.0,-0.016666665906086564,1,-0.016666665906086564
,academy_3_vs_1_with_keeper,42,collect_rollout,610,0,21,-0.02333333226852119,False,False,0.0,0.0,0,0,0,0.0,0.0,0.0,0.0,-0.02333333226852119,1,-0.02333333226852119
,academy_3_vs_1_with_keeper,42,collect_rollout,611,0,21,-0.019999999087303877,False,False,0.0,0.0,0,0,0,0.0,0.0,0.0,0.0,-0.019999999087303877,1,-0.019999999087303877
,academy_3_vs_1_with_keeper,42,collect_rollout,612,0,25,2.121344402199611,False,False,0.0,0.0,0,0,0,0.0,0.0,0.0,0.0,2.121344402199611,1,2.121344402199611
,academy_3_vs_1_with_keeper,42,collect_rollout,613,0,9,0.031161446822807193,False,False,0.0,0.0,0,0,0,0.0,0.0,0.0,0.0,0.031161446822807193,1,0.031161446822807193
,academy_3_vs_1_with_keeper,42,collect_rollout,614,0,22,-0.019999999087303877,False,False,0.0,0.0,0,0,0,0.0,0.0,0.0,0.0,-0.019999999087303877,1,-0.019999999087303877
,academy_3_vs_1_with_keeper,42,collect_rollout,615,0,45,-0.0006632707954850048,False,False,0.0,0.0,0,0,0,0.0,0.0,0.0,0.0,-0.0006632707954850048,1,-0.0006632707954850048
,academy_3_vs_1_with_keeper,42,collect_rollout,616,0,9,0.0282864470500499,False,False,0.0,0.0,0,0,0,0.0,0.0,0.0,0.0,0.0282864470500499,1,0.0282864470500499
,academy_3_vs_1_with_keeper,42,collect_rollout,617,0,23,-0.019999999087303877,False,False,0.0,0.0,0,0,0,0.0,0.0,0.0,0.0,-0.019999999087303877,1,-0.019999999087303877
,academy_3_vs_1_with_keeper,42,collect_rollout,618,0,13,0.03362026042304933,False,False,0.0,0.0,0,0,0,0.0,0.0,0.0,0.0,0.03362026042304933,1,0.03362026042304933
,academy_3_vs_1_with_keeper,42,collect_rollout,619,0,34,0.08315619616769254,False,False,0.0,0.0,0,0,0,0.0,0.0,0.0,0.0,0.08315619616769254,1,0.08315619616769254
,academy_3_vs_1_with_keeper,42,collect_rollout,620,0,21,-0.019999999087303877,False,False,0.0,0.0,0,0,0,0.0,0.0,0.0,0.0,-0.019999999087303877,1,-0.019999999087303877
,academy_3_vs_1_with_keeper,42,collect_rollout,621,0,19,-0.036666665226221085,False,False,0.0,0.0,0,0,0,0.0,0.0,0.0,0.0,-0.036666665226221085,1,-0.036666665226221085
,academy_3_vs_1_with_keeper,42,collect_rollout,622,0,19,-0.026666665682569146,False,False,0.0,0.0,0,0,0,0.0,0.0,0.0,0.0,-0.026666665682569146,1,-0.026666665682569146
,academy_3_vs_1_with_keeper,42,collect_rollout,623,0,14,0.008207763195969164,False,False,0.0,0.0,0,0,0,0.0,0.0,0.0,0.0,0.008207763195969164,1,0.008207763195969164
,academy_3_vs_1_with_keeper,42,collect_rollout,624,0,49,-0.059500718489289284,False,False,0.0,0.0,0,0,0,0.0,0.0,0.0,0.0,-0.059500718489289284,1,-0.059500718489289284
,academy_3_vs_1_with_keeper,42,collect_rollout,625,0,44,0.08010106300935149,False,False,0.0,0.0,0,0,0,0.0,0.0,0.0,0.0,0.08010106300935149,1,0.08010106300935149
,academy_3_vs_1_with_keeper,42,collect_rollout,626,0,41,0.09531930802950228,False,False,0.0,0.0,0,0,0,0.0,0.0,0.0,0.0,0.09531930802950228,1,0.09531930802950228
,academy_3_vs_1_with_keeper,42,collect_rollout,627,0,13,-0.006666666362434626,False,False,0.0,0.0,0,0,0,0.0,0.0,0.0,0.0,-0.006666666362434626,1,-0.006666666362434626
,academy_3_vs_1_with_keeper,42,collect_rollout,628,0,9,0.03783811233006418,False,False,0.0,0.0,0,0,0,0.0,0.0,0.0,0.0,0.03783811233006418,1,0.03783811233006418
,academy_3_vs_1_with_keeper,42,collect_rollout,629,0,20,-0.009999999543651938,False,False,0.0,0.0,0,0,0,0.0,0.0,0.0,0.0,-0.009999999543651938,1,-0.009999999543651938
,academy_3_vs_1_with_keeper,42,collect_rollout,630,0,20,-0.016666665906086564,False,False,0.0,0.0,0,0,0,0.0,0.0,0.0,0.0,-0.016666665906086564,1,-0.016666665906086564
,academy_3_vs_1_with_keeper,42,collect_rollout,631,0,10,0.02135631861165166,False,False,0.0,0.0,0,0,0,0.0,0.0,0.0,0.0,0.02135631861165166,1,0.02135631861165166
,academy_3_vs_1_with_keeper,42,collect_rollout,632,0,63,-0.0573422774541541,False,False,0.0,0.0,0,0,0,0.0,0.0,0.0,0.0,-0.0573422774541541,1,-0.0573422774541541
,academy_3_vs_1_with_keeper,42,collect_rollout,633,0,18,-0.016666665906086564,False,False,0.0,0.0,0,0,0,0.0,0.0,0.0,0.0,-0.016666665906086564,1,-0.016666665906086564
,academy_3_vs_1_with_keeper,42,collect_rollout,634,0,19,-0.016666665906086564,False,False,0.0,0.0,0,0,0,0.0,0.0,0.0,0.0,-0.016666665906086564,1,-0.016666665906086564
,academy_3_vs_1_with_keeper,42,collect_rollout,635,0,24,-0.03333333181217313,False,False,0.0,0.0,0,0,0,0.0,0.0,0.0,0.0,-0.03333333181217313,1,-0.03333333181217313
,academy_3_vs_1_with_keeper,42,collect_rollout,636,0,20,-0.013333332724869251,False,False,0.0,0.0,0,0,0,0.0,0.0,0.0,0.0,-0.013333332724869251,1,-0.013333332724869251
,academy_3_vs_1_with_keeper,42,collect_rollout,637,0,20,-0.013333332724869251,False,False,0.0,0.0,0,0,0,0.0,0.0,0.0,0.0,-0.013333332724869251,1,-0.013333332724869251
,academy_3_vs_1_with_keeper,42,collect_rollout,638,0,24,-0.009999999543651938,False,False,0.0,0.0,0,0,0,0.0,0.0,0.0,0.0,-0.009999999543651938,1,-0.009999999543651938
,academy_3_vs_1_with_keeper,42,collect_rollout,639,0,18,-0.009999999543651938,False,False,0.0,0.0,0,0,0,0.0,0.0,0.0,0.0,-0.009999999543651938,1,-0.009999999543651938
,academy_3_vs_1_with_keeper,42,collect_rollout,640,0,21,-0.02333333226852119,False,False,0.0,0.0,0,0,0,0.0,0.0,0.0,0.0,-0.02333333226852119,1,-0.02333333226852119
,academy_3_vs_1_with_keeper,42,collect_rollout,641,0,17,-0.006666666362434626,False,False,0.0,0.0,0,0,0,0.0,0.0,0.0,0.0,-0.006666666362434626,1,-0.006666666362434626
,academy_3_vs_1_with_keeper,42,collect_rollout,642,0,23,-0.013333332724869251,False,False,0.0,0.0,0,0,0,0.0,0.0,0.0,0.0,-0.013333332724869251,1,-0.013333332724869251
,academy_3_vs_1_with_keeper,42,collect_rollout,643,0,19,-0.006666666362434626,False,False,0.0,0.0,0,0,0,0.0,0.0,0.0,0.0,-0.006666666362434626,1,-0.006666666362434626
,academy_3_vs_1_with_keeper,42,collect_rollout,644,0,24,-0.02333333226852119,False,False,0.0,0.0,0,0,0,0.0,0.0,0.0,0.0,-0.02333333226852119,1,-0.02333333226852119
,academy_3_vs_1_with_keeper,42,collect_rollout,645,0,91,0.19286392466165125,False,False,0.0,0.0,0,0,0,0.0,0.0,0.0,0.0,0.19286392466165125,1,0.19286392466165125
,academy_3_vs_1_with_keeper,42,collect_rollout,646,0,8,0.029500666772946715,False,False,0.0,0.0,0,0,0,0.0,0.0,0.0,0.0,0.029500666772946715,1,0.029500666772946715
,academy_3_vs_1_with_keeper,42,collect_rollout,647,0,17,-0.02333333226852119,False,False,0.0,0.0,0,0,0,0.0,0.0,0.0,0.0,-0.02333333226852119,1,-0.02333333226852119
,academy_3_vs_1_with_keeper,42,collect_rollout,648,0,20,-0.016666665906086564,False,False,0.0,0.0,0,0,0,0.0,0.0,0.0,0.0,-0.016666665906086564,1,-0.016666665906086564
,academy_3_vs_1_with_keeper,42,collect_rollout,649,0,89,-0.1517018531976646,False,False,0.0,0.0,0,0,0,0.0,0.0,0.0,0.0,-0.1517018531976646,1,-0.1517018531976646
,academy_3_vs_1_with_keeper,42,collect_rollout,650,0,88,0.04962127042381326,False,False,0.0,0.0,0,0,0,0.0,0.0,0.0,0.0,0.04962127042381326,1,0.04962127042381326
,academy_3_vs_1_with_keeper,42,collect_rollout,651,0,48,-0.029999998630955815,False,False,0.0,0.0,0,0,0,0.0,0.0,0.0,0.0,-0.029999998630955815,1,-0.029999998630955815
,academy_3_vs_1_with_keeper,42,collect_rollout,652,0,21,-0.009999999543651938,False,False,0.0,0.0,0,0,0,0.0,0.0,0.0,0.0,-0.009999999543651938,1,-0.009999999543651938
,academy_3_vs_1_with_keeper,42,collect_rollout,653,0,38,0.02941777859814465,False,False,0.0,0.0,0,0,0,0.0,0.0,0.0,0.0,0.02941777859814465,1,0.02941777859814465
,academy_3_vs_1_with_keeper,42,collect_rollout,654,0,43,0.08964710781583562,False,False,0.0,0.0,0,0,0,0.0,0.0,0.0,0.0,0.08964710781583562,1,0.08964710781583562
,academy_3_vs_1_with_keeper,42,collect_rollout,655,0,20,-0.029999998630955815,False,False,0.0,0.0,0,0,0,0.0,0.0,0.0,0.0,-0.029999998630955815,1,-0.029999998630955815
,academy_3_vs_1_with_keeper,42,collect_rollout,656,0,26,2.125834496167954,False,False,0.0,0.0,0,0,0,0.0,0.0,0.0,0.0,2.125834496167954,1,2.125834496167954
,academy_3_vs_1_with_keeper,42,collect_rollout,657,0,18,-0.009999999543651938,False,False,0.0,0.0,0,0,0,0.0,0.0,0.0,0.0,-0.009999999543651938,1,-0.009999999543651938
,academy_3_vs_1_with_keeper,42,collect_rollout,658,0,16,0.0,False,False,0.0,0.0,0,0,0,0.0,0.0,0.0,0.0,0.0,1,0.0
,academy_3_vs_1_with_keeper,42,collect_rollout,659,0,112,-0.3512721675215289,False,False,0.0,0.0,0,0,0,0.0,0.0,0.0,0.0,-0.3512721675215289,1,-0.3512721675215289
,academy_3_vs_1_with_keeper,42,collect_rollout,660,0,46,-0.027768730418756604,False,False,0.0,0.0,0,0,0,0.0,0.0,0.0,0.0,-0.027768730418756604,1,-0.027768730418756604
,academy_3_vs_1_with_keeper,42,collect_rollout,661,0,18,-0.019999999087303877,False,False,0.0,0.0,0,0,0,0.0,0.0,0.0,0.0,-0.019999999087303877,1,-0.019999999087303877
,academy_3_vs_1_with_keeper,42,collect_rollout,662,0,82,-0.03443885443266481,False,False,0.0,0.0,0,0,0,0.0,0.0,0.0,0.0,-0.03443885443266481,1,-0.03443885443266481
,academy_3_vs_1_with_keeper,42,collect_rollout,663,0,23,0.0,False,False,0.0,0.0,0,0,0,0.0,0.0,0.0,0.0,0.0,1,0.0
,academy_3_vs_1_with_keeper,42,collect_rollout,664,0,32,-0.019999999087303877,False,False,0.0,0.0,0,0,0,0.0,0.0,0.0,0.0,-0.019999999087303877,1,-0.019999999087303877
,academy_3_vs_1_with_keeper,42,collect_rollout,665,0,11,0.016557269264012575,False,False,0.0,0.0,0,0,0,0.0,0.0,0.0,0.0,0.016557269264012575,1,0.016557269264012575
,academy_3_vs_1_with_keeper,42,collect_rollout,666,0,18,-0.003333333181217313,False,False,0.0,0.0,0,0,0,0.0,0.0,0.0,0.0,-0.003333333181217313,1,-0.003333333181217313
,academy_3_vs_1_with_keeper,42,collect_rollout,667,0,23,-0.02333333226852119,False,False,0.0,0.0,0,0,0,0.0,0.0,0.0,0.0,-0.02333333226852119,1,-0.02333333226852119
,academy_3_vs_1_with_keeper,42,collect_rollout,668,0,83,-0.04944106363109313,False,False,0.0,0.0,0,0,0,0.0,0.0,0.0,0.0,-0.04944106363109313,1,-0.04944106363109313
,academy_3_vs_1_with_keeper,42,collect_rollout,669,0,42,0.07156615555868484,False,False,0.0,0.0,0,0,0,0.0,0.0,0.0,0.0,0.07156615555868484,1,0.07156615555868484
,academy_3_vs_1_with_keeper,42,collect_rollout,670,0,1801,-0.815441453596577,False,False,0.0,0.0,0,0,0,0.0,0.0,0.0,0.0,-0.815441453596577,1,-0.815441453596577
,academy_3_vs_1_with_keeper,42,collect_rollout,671,0,20,-0.003333333181217313,False,False,0.0,0.0,0,0,0,0.0,0.0,0.0,0.0,-0.003333333181217313,1,-0.003333333181217313
,academy_3_vs_1_with_keeper,42,collect_rollout,672,0,16,-0.006666666362434626,False,False,0.0,0.0,0,0,0,0.0,0.0,0.0,0.0,-0.006666666362434626,1,-0.006666666362434626
,academy_3_vs_1_with_keeper,42,collect_rollout,673,0,23,-0.013333332724869251,False,False,0.0,0.0,0,0,0,0.0,0.0,0.0,0.0,-0.013333332724869251,1,-0.013333332724869251
,academy_3_vs_1_with_keeper,42,collect_rollout,674,0,15,-0.003333333181217313,False,False,0.0,0.0,0,0,0,0.0,0.0,0.0,0.0,-0.003333333181217313,1,-0.003333333181217313
,academy_3_vs_1_with_keeper,42,collect_rollout,675,0,21,-0.006666666362434626,False,False,0.0,0.0,0,0,0,0.0,0.0,0.0,0.0,-0.006666666362434626,1,-0.006666666362434626
,academy_3_vs_1_with_keeper,42,collect_rollout,676,0,65,-0.02924917673226446,False,False,0.0,0.0,0,0,0,0.0,0.0,0.0,0.0,-0.02924917673226446,1,-0.02924917673226446
,academy_3_vs_1_with_keeper,42,collect_rollout,677,0,18,-0.016666665906086564,False,False,0.0,0.0,0,0,0,0.0,0.0,0.0,0.0,-0.016666665906086564,1,-0.016666665906086564
,academy_3_vs_1_with_keeper,42,collect_rollout,678,0,66,-0.023026959388516843,False,False,0.0,0.0,0,0,0,0.0,0.0,0.0,0.0,-0.023026959388516843,1,-0.023026959388516843
,academy_3_vs_1_with_keeper,42,collect_rollout,679,0,21,-0.026666665449738503,False,False,0.0,0.0,0,0,0,0.0,0.0,0.0,0.0,-0.026666665449738503,1,-0.026666665449738503
,academy_3_vs_1_with_keeper,42,collect_rollout,680,0,15,-0.006666666362434626,False,False,0.0,0.0,0,0,0,0.0,0.0,0.0,0.0,-0.006666666362434626,1,-0.006666666362434626
,academy_3_vs_1_with_keeper,42,collect_rollout,681,0,19,0.0,False,False,0.0,0.0,0,0,0,0.0,0.0,0.0,0.0,0.0,1,0.0
,academy_3_vs_1_with_keeper,42,collect_rollout,682,0,11,0.011196832172572613,False,False,0.0,0.0,0,0,0,0.0,0.0,0.0,0.0,0.011196832172572613,1,0.011196832172572613
,academy_3_vs_1_with_keeper,42,collect_rollout,683,0,18,-0.009999999543651938,False,False,0.0,0.0,0,0,0,0.0,0.0,0.0,0.0,-0.009999999543651938,1,-0.009999999543651938
,academy_3_vs_1_with_keeper,42,collect_rollout,684,0,23,-0.013333332724869251,False,False,0.0,0.0,0,0,0,0.0,0.0,0.0,0.0,-0.013333332724869251,1,-0.013333332724869251
,academy_3_vs_1_with_keeper,42,collect_rollout,685,0,17,-0.006666666362434626,False,False,0.0,0.0,0,0,0,0.0,0.0,0.0,0.0,-0.006666666362434626,1,-0.006666666362434626
,academy_3_vs_1_with_keeper,42,collect_rollout,686,0,32,-0.026666665449738503,False,False,0.0,0.0,0,0,0,0.0,0.0,0.0,0.0,-0.026666665449738503,1,-0.026666665449738503
,academy_3_vs_1_with_keeper,42,collect_rollout,687,0,82,0.09566244250163436,False,False,0.0,0.0,0,0,0,0.0,0.0,0.0,0.0,0.09566244250163436,1,0.09566244250163436
,academy_3_vs_1_with_keeper,42,collect_rollout,688,0,11,0.04774084792006761,False,False,0.0,0.0,0,0,0,0.0,0.0,0.0,0.0,0.04774084792006761,1,0.04774084792006761
,academy_3_vs_1_with_keeper,42,collect_rollout,689,0,15,-0.003333333181217313,False,False,0.0,0.0,0,0,0,0.0,0.0,0.0,0.0,-0.003333333181217313,1,-0.003333333181217313
,academy_3_vs_1_with_keeper,42,collect_rollout,690,0,40,0.040901850239606574,False,False,0.0,0.0,0,0,0,0.0,0.0,0.0,0.0,0.040901850239606574,1,0.040901850239606574
,academy_3_vs_1_with_keeper,42,collect_rollout,691,0,147,0.09992840050836094,False,False,0.0,0.0,0,0,0,0.0,0.0,0.0,0.0,0.09992840050836094,1,0.09992840050836094
,academy_3_vs_1_with_keeper,42,collect_rollout,692,0,17,-0.003333333181217313,False,False,0.0,0.0,0,0,0,0.0,0.0,0.0,0.0,-0.003333333181217313,1,-0.003333333181217313
,academy_3_vs_1_with_keeper,42,collect_rollout,693,0,55,-0.0338833243586123,False,False,0.0,0.0,0,0,0,0.0,0.0,0.0,0.0,-0.0338833243586123,1,-0.0338833243586123
,academy_3_vs_1_with_keeper,42,collect_rollout,694,0,86,-0.20576981722842902,False,False,0.0,0.0,0,0,0,0.0,0.0,0.0,0.0,-0.20576981722842902,1,-0.20576981722842902
,academy_3_vs_1_with_keeper,42,collect_rollout,695,0,21,0.0,False,False,0.0,0.0,0,0,0,0.0,0.0,0.0,0.0,0.0,1,0.0
,academy_3_vs_1_with_keeper,42,collect_rollout,696,0,16,-0.003333333181217313,False,False,0.0,0.0,0,0,0,0.0,0.0,0.0,0.0,-0.003333333181217313,1,-0.003333333181217313
,academy_3_vs_1_with_keeper,42,collect_rollout,697,0,21,-0.003333333181217313,False,False,0.0,0.0,0,0,0,0.0,0.0,0.0,0.0,-0.003333333181217313,1,-0.003333333181217313
,academy_3_vs_1_with_keeper,42,collect_rollout,698,0,11,0.03104923781938851,False,False,0.0,0.0,0,0,0,0.0,0.0,0.0,0.0,0.03104923781938851,1,0.03104923781938851
,academy_3_vs_1_with_keeper,42,collect_rollout,699,0,16,-0.006666666362434626,False,False,0.0,0.0,0,0,0,0.0,0.0,0.0,0.0,-0.006666666362434626,1,-0.006666666362434626
,academy_3_vs_1_with_keeper,42,collect_rollout,700,0,17,0.0,False,False,0.0,0.0,0,0,0,0.0,0.0,0.0,0.0,0.0,1,0.0
,academy_3_vs_1_with_keeper,42,collect_rollout,701,0,20,-0.006666666362434626,False,False,0.0,0.0,0,0,0,0.0,0.0,0.0,0.0,-0.006666666362434626,1,-0.006666666362434626
,academy_3_vs_1_with_keeper,42,collect_rollout,702,0,16,-0.006666666362434626,False,False,0.0,0.0,0,0,0,0.0,0.0,0.0,0.0,-0.006666666362434626,1,-0.006666666362434626
,academy_3_vs_1_with_keeper,42,collect_rollout,703,0,42,0.04309804848162457,False,False,0.0,0.0,0,0,0,0.0,0.0,0.0,0.0,0.04309804848162457,1,0.04309804848162457
,academy_3_vs_1_with_keeper,42,collect_rollout,704,0,18,-0.013333332724869251,False,False,0.0,0.0,0,0,0,0.0,0.0,0.0,0.0,-0.013333332724869251,1,-0.013333332724869251
,academy_3_vs_1_with_keeper,42,collect_rollout,705,0,29,0.05939540080726147,False,False,0.0,0.0,0,0,0,0.0,0.0,0.0,0.0,0.05939540080726147,1,0.05939540080726147
,academy_3_vs_1_with_keeper,42,collect_rollout,706,0,95,-0.05181768762122374,False,False,0.0,0.0,0,0,0,0.0,0.0,0.0,0.0,-0.05181768762122374,1,-0.05181768762122374
,academy_3_vs_1_with_keeper,42,collect_rollout,707,0,16,-0.003333333181217313,False,False,0.0,0.0,0,0,0,0.0,0.0,0.0,0.0,-0.003333333181217313,1,-0.003333333181217313
,academy_3_vs_1_with_keeper,42,collect_rollout,708,0,17,-0.003333333181217313,False,False,0.0,0.0,0,0,0,0.0,0.0,0.0,0.0,-0.003333333181217313,1,-0.003333333181217313
,academy_3_vs_1_with_keeper,42,collect_rollout,709,0,37,2.122161042992957,False,False,0.0,0.0,0,0,0,0.0,0.0,0.0,0.0,2.122161042992957,1,2.122161042992957
,academy_3_vs_1_with_keeper,42,collect_rollout,710,0,20,-0.003333333181217313,False,False,0.0,0.0,0,0,0,0.0,0.0,0.0,0.0,-0.003333333181217313,1,-0.003333333181217313
,academy_3_vs_1_with_keeper,42,collect_rollout,711,0,24,-0.006666666362434626,False,False,0.0,0.0,0,0,0,0.0,0.0,0.0,0.0,-0.006666666362434626,1,-0.006666666362434626
,academy_3_vs_1_with_keeper,42,collect_rollout,712,0,16,-0.003333333181217313,False,False,0.0,0.0,0,0,0,0.0,0.0,0.0,0.0,-0.003333333181217313,1,-0.003333333181217313
,academy_3_vs_1_with_keeper,42,collect_rollout,713,0,19,-0.003333333181217313,False,False,0.0,0.0,0,0,0,0.0,0.0,0.0,0.0,-0.003333333181217313,1,-0.003333333181217313
,academy_3_vs_1_with_keeper,42,collect_rollout,714,0,53,0.007482606975827366,False,False,0.0,0.0,0,0,0,0.0,0.0,0.0,0.0,0.007482606975827366,1,0.007482606975827366
,academy_3_vs_1_with_keeper,42,collect_rollout,715,0,12,0.03266427980270237,False,False,0.0,0.0,0,0,0,0.0,0.0,0.0,0.0,0.03266427980270237,1,0.03266427980270237
,academy_3_vs_1_with_keeper,42,collect_rollout,716,0,45,0.04218296310864389,False,False,0.0,0.0,0,0,0,0.0,0.0,0.0,0.0,0.04218296310864389,1,0.04218296310864389
,academy_3_vs_1_with_keeper,42,collect_rollout,717,0,23,2.133287124685012,False,False,0.0,0.0,0,0,0,0.0,0.0,0.0,0.0,2.133287124685012,1,2.133287124685012
,academy_3_vs_1_with_keeper,42,collect_rollout,718,0,13,0.022941875737160444,False,False,0.0,0.0,0,0,0,0.0,0.0,0.0,0.0,0.022941875737160444,1,0.022941875737160444
,academy_3_vs_1_with_keeper,42,collect_rollout,719,0,18,0.013281547813676298,False,False,0.0,0.0,0,0,0,0.0,0.0,0.0,0.0,0.013281547813676298,1,0.013281547813676298
,academy_3_vs_1_with_keeper,42,collect_rollout,720,0,7,0.05021004402078688,False,False,0.0,0.0,0,0,0,0.0,0.0,0.0,0.0,0.05021004402078688,1,0.05021004402078688
,academy_3_vs_1_with_keeper,42,collect_rollout,721,0,15,-0.003333333181217313,False,False,0.0,0.0,0,0,0,0.0,0.0,0.0,0.0,-0.003333333181217313,1,-0.003333333181217313
,academy_3_vs_1_with_keeper,42,collect_rollout,722,0,36,2.1155657704221085,False,False,0.0,0.0,0,0,0,0.0,0.0,0.0,0.0,2.1155657704221085,1,2.1155657704221085
,academy_3_vs_1_with_keeper,42,collect_rollout,723,0,56,0.2552892102394253,False,False,0.0,0.0,0,0,0,0.0,0.0,0.0,0.0,0.2552892102394253,1,0.2552892102394253
,academy_3_vs_1_with_keeper,42,collect_rollout,724,0,16,-0.006666666362434626,False,False,0.0,0.0,0,0,0,0.0,0.0,0.0,0.0,-0.006666666362434626,1,-0.006666666362434626
,academy_3_vs_1_with_keeper,42,collect_rollout,725,0,21,-0.003333333181217313,False,False,0.0,0.0,0,0,0,0.0,0.0,0.0,0.0,-0.003333333181217313,1,-0.003333333181217313
,academy_3_vs_1_with_keeper,42,collect_rollout,726,0,109,-0.08252489159349352,False,False,0.0,0.0,0,0,0,0.0,0.0,0.0,0.0,-0.08252489159349352,1,-0.08252489159349352
,academy_3_vs_1_with_keeper,42,collect_rollout,727,0,90,-0.22541423159418628,False,False,0.0,0.0,0,0,0,0.0,0.0,0.0,0.0,-0.22541423159418628,1,-0.22541423159418628
,academy_3_vs_1_with_keeper,42,collect_rollout,728,0,18,-0.016666666138917208,False,False,0.0,0.0,0,0,0,0.0,0.0,0.0,0.0,-0.016666666138917208,1,-0.016666666138917208
,academy_3_vs_1_with_keeper,42,collect_rollout,729,0,22,-0.019999999087303877,False,False,0.0,0.0,0,0,0,0.0,0.0,0.0,0.0,-0.019999999087303877,1,-0.019999999087303877
,academy_3_vs_1_with_keeper,42,collect_rollout,730,0,18,0.01948215439915657,False,False,0.0,0.0,0,0,0,0.0,0.0,0.0,0.0,0.01948215439915657,1,0.01948215439915657
,academy_3_vs_1_with_keeper,42,collect_rollout,731,0,13,0.02749777992721647,False,False,0.0,0.0,0,0,0,0.0,0.0,0.0,0.0,0.02749777992721647,1,0.02749777992721647
,academy_3_vs_1_with_keeper,42,collect_rollout,732,0,15,-0.009999999543651938,False,False,0.0,0.0,0,0,0,0.0,0.0,0.0,0.0,-0.009999999543651938,1,-0.009999999543651938
,academy_3_vs_1_with_keeper,42,collect_rollout,733,0,18,-0.006666666362434626,False,False,0.0,0.0,0,0,0,0.0,0.0,0.0,0.0,-0.006666666362434626,1,-0.006666666362434626
,academy_3_vs_1_with_keeper,42,collect_rollout,734,0,50,0.09479615895543247,False,False,0.0,0.0,0,0,0,0.0,0.0,0.0,0.0,0.09479615895543247,1,0.09479615895543247
,academy_3_vs_1_with_keeper,42,collect_rollout,735,0,45,0.1176112532557454,False,False,0.0,0.0,0,0,0,0.0,0.0,0.0,0.0,0.1176112532557454,1,0.1176112532557454
,academy_3_vs_1_with_keeper,42,collect_rollout,736,0,17,-0.003333333181217313,False,False,0.0,0.0,0,0,0,0.0,0.0,0.0,0.0,-0.003333333181217313,1,-0.003333333181217313
,academy_3_vs_1_with_keeper,42,collect_rollout,737,0,40,0.025729803135618567,False,False,0.0,0.0,0,0,0,0.0,0.0,0.0,0.0,0.025729803135618567,1,0.025729803135618567
,academy_3_vs_1_with_keeper,42,collect_rollout,738,0,92,0.06688196514733136,False,False,0.0,0.0,0,0,0,0.0,0.0,0.0,0.0,0.06688196514733136,1,0.06688196514733136
,academy_3_vs_1_with_keeper,42,collect_rollout,739,0,70,-0.017519453045679256,False,False,0.0,0.0,0,0,0,0.0,0.0,0.0,0.0,-0.017519453045679256,1,-0.017519453045679256
,academy_3_vs_1_with_keeper,42,collect_rollout,740,0,42,0.02512036985717714,False,False,0.0,0.0,0,0,0,0.0,0.0,0.0,0.0,0.02512036985717714,1,0.02512036985717714
,academy_3_vs_1_with_keeper,42,collect_rollout,741,0,20,-0.013333332724869251,False,False,0.0,0.0,0,0,0,0.0,0.0,0.0,0.0,-0.013333332724869251,1,-0.013333332724869251
,academy_3_vs_1_with_keeper,42,collect_rollout,742,0,7,0.044342856388539076,False,False,0.0,0.0,0,0,0,0.0,0.0,0.0,0.0,0.044342856388539076,1,0.044342856388539076
,academy_3_vs_1_with_keeper,42,collect_rollout,743,0,16,-0.006666666362434626,False,False,0.0,0.0,0,0,0,0.0,0.0,0.0,0.0,-0.006666666362434626,1,-0.006666666362434626
,academy_3_vs_1_with_keeper,42,collect_rollout,744,0,35,0.09570012595213484,False,False,0.0,0.0,0,0,0,0.0,0.0,0.0,0.0,0.09570012595213484,1,0.09570012595213484
,academy_3_vs_1_with_keeper,42,collect_rollout,745,0,15,0.0,False,False,0.0,0.0,0,0,0,0.0,0.0,0.0,0.0,0.0,1,0.0
,academy_3_vs_1_with_keeper,42,collect_rollout,746,0,16,0.0,False,False,0.0,0.0,0,0,0,0.0,0.0,0.0,0.0,0.0,1,0.0
,academy_3_vs_1_with_keeper,42,collect_rollout,747,0,18,-0.009999999543651938,False,False,0.0,0.0,0,0,0,0.0,0.0,0.0,0.0,-0.009999999543651938,1,-0.009999999543651938
,academy_3_vs_1_with_keeper,42,collect_rollout,748,0,18,0.0,False,False,0.0,0.0,0,0,0,0.0,0.0,0.0,0.0,0.0,1,0.0
,academy_3_vs_1_with_keeper,42,collect_rollout,749,0,19,-0.009999999543651938,False,False,0.0,0.0,0,0,0,0.0,0.0,0.0,0.0,-0.009999999543651938,1,-0.009999999543651938
,academy_3_vs_1_with_keeper,42,collect_rollout,750,0,16,-0.003333333181217313,False,False,0.0,0.0,0,0,0,0.0,0.0,0.0,0.0,-0.003333333181217313,1,-0.003333333181217313
,academy_3_vs_1_with_keeper,42,collect_rollout,751,0,21,-0.006666666362434626,False,False,0.0,0.0,0,0,0,0.0,0.0,0.0,0.0,-0.006666666362434626,1,-0.006666666362434626
,academy_3_vs_1_with_keeper,42,collect_rollout,752,0,80,-0.030050934350583702,False,False,0.0,0.0,0,0,0,0.0,0.0,0.0,0.0,-0.030050934350583702,1,-0.030050934350583702
,academy_3_vs_1_with_keeper,42,collect_rollout,753,0,19,-0.013333332724869251,False,False,0.0,0.0,0,0,0,0.0,0.0,0.0,0.0,-0.013333332724869251,1,-0.013333332724869251
,academy_3_vs_1_with_keeper,42,collect_rollout,754,0,16,-0.003333333181217313,False,False,0.0,0.0,0,0,0,0.0,0.0,0.0,0.0,-0.003333333181217313,1,-0.003333333181217313
,academy_3_vs_1_with_keeper,42,collect_rollout,755,0,20,0.004287013318389654,False,False,0.0,0.0,0,0,0,0.0,0.0,0.0,0.0,0.004287013318389654,1,0.004287013318389654
,academy_3_vs_1_with_keeper,42,collect_rollout,756,0,14,-0.009999999543651938,False,False,0.0,0.0,0,0,0,0.0,0.0,0.0,0.0,-0.009999999543651938,1,-0.009999999543651938
,academy_3_vs_1_with_keeper,42,collect_rollout,757,0,74,-0.22466656006872654,False,False,0.0,0.0,0,0,0,0.0,0.0,0.0,0.0,-0.22466656006872654,1,-0.22466656006872654
,academy_3_vs_1_with_keeper,42,collect_rollout,758,0,41,2.0982591167630744,False,False,0.0,0.0,0,0,0,0.0,0.0,0.0,0.0,2.0982591167630744,1,2.0982591167630744
,academy_3_vs_1_with_keeper,42,collect_rollout,759,0,100,-0.153180685127154,False,False,0.0,0.0,0,0,0,0.0,0.0,0.0,0.0,-0.153180685127154,1,-0.153180685127154
,academy_3_vs_1_with_keeper,42,collect_rollout,760,0,16,0.020450948388315737,False,False,0.0,0.0,0,0,0,0.0,0.0,0.0,0.0,0.020450948388315737,1,0.020450948388315737
,academy_3_vs_1_with_keeper,42,collect_rollout,761,0,39,2.106120144831948,False,False,0.0,0.0,0,0,0,0.0,0.0,0.0,0.0,2.106120144831948,1,2.106120144831948
,academy_3_vs_1_with_keeper,42,collect_rollout,762,0,18,-0.006666666362434626,False,False,0.0,0.0,0,0,0,0.0,0.0,0.0,0.0,-0.006666666362434626,1,-0.006666666362434626
,academy_3_vs_1_with_keeper,42,collect_rollout,763,0,16,-0.009999999543651938,False,False,0.0,0.0,0,0,0,0.0,0.0,0.0,0.0,-0.009999999543651938,1,-0.009999999543651938
,academy_3_vs_1_with_keeper,42,collect_rollout,764,0,6,0.03771590441465378,False,False,0.0,0.0,0,0,0,0.0,0.0,0.0,0.0,0.03771590441465378,1,0.03771590441465378
,academy_3_vs_1_with_keeper,42,collect_rollout,765,0,31,2.1192891485989094,False,False,0.0,0.0,0,0,0,0.0,0.0,0.0,0.0,2.1192891485989094,1,2.1192891485989094
,academy_3_vs_1_with_keeper,42,collect_rollout,766,0,122,-0.17813696822850034,False,False,0.0,0.0,0,0,0,0.0,0.0,0.0,0.0,-0.17813696822850034,1,-0.17813696822850034
,academy_3_vs_1_with_keeper,42,collect_rollout,767,0,34,2.1232614249165636,False,False,0.0,0.0,0,0,0,0.0,0.0,0.0,0.0,2.1232614249165636,1,2.1232614249165636
,academy_3_vs_1_with_keeper,42,collect_rollout,768,0,52,-0.03597864252515137,False,False,0.0,0.0,0,0,0,0.0,0.0,0.0,0.0,-0.03597864252515137,1,-0.03597864252515137
,academy_3_vs_1_with_keeper,42,collect_rollout,769,0,21,-0.006666666362434626,False,False,0.0,0.0,0,0,0,0.0,0.0,0.0,0.0,-0.006666666362434626,1,-0.006666666362434626
,academy_3_vs_1_with_keeper,42,collect_rollout,770,0,87,-0.11333332839421928,False,False,0.0,0.0,0,0,0,0.0,0.0,0.0,0.0,-0.11333332839421928,1,-0.11333332839421928
,academy_3_vs_1_with_keeper,42,collect_rollout,771,0,19,0.0,False,False,0.0,0.0,0,0,0,0.0,0.0,0.0,0.0,0.0,1,0.0
,academy_3_vs_1_with_keeper,42,collect_rollout,772,0,21,-0.006666666362434626,False,False,0.0,0.0,0,0,0,0.0,0.0,0.0,0.0,-0.006666666362434626,1,-0.006666666362434626
,academy_3_vs_1_with_keeper,42,collect_rollout,773,0,33,2.1106534131104127,False,False,0.0,0.0,0,0,0,0.0,0.0,0.0,0.0,2.1106534131104127,1,2.1106534131104127
,academy_3_vs_1_with_keeper,42,collect_rollout,774,0,19,-0.01999999932013452,False,False,0.0,0.0,0,0,0,0.0,0.0,0.0,0.0,-0.01999999932013452,1,-0.01999999932013452
,academy_3_vs_1_with_keeper,42,collect_rollout,775,0,24,2.126908868784085,False,False,0.0,0.0,0,0,0,0.0,0.0,0.0,0.0,2.126908868784085,1,2.126908868784085
,academy_3_vs_1_with_keeper,42,collect_rollout,776,0,16,-0.013333332724869251,False,False,0.0,0.0,0,0,0,0.0,0.0,0.0,0.0,-0.013333332724869251,1,-0.013333332724869251
,academy_3_vs_1_with_keeper,42,collect_rollout,777,0,27,0.132353002903983,False,False,0.0,0.0,0,0,0,0.0,0.0,0.0,0.0,0.132353002903983,1,0.132353002903983
,academy_3_vs_1_with_keeper,42,collect_rollout,778,0,18,-0.003333333181217313,False,False,0.0,0.0,0,0,0,0.0,0.0,0.0,0.0,-0.003333333181217313,1,-0.003333333181217313
,academy_3_vs_1_with_keeper,42,collect_rollout,779,0,79,-0.20494537719059736,False,False,0.0,0.0,0,0,0,0.0,0.0,0.0,0.0,-0.20494537719059736,1,-0.20494537719059736
,academy_3_vs_1_with_keeper,42,collect_rollout,780,0,21,-0.009999999543651938,False,False,0.0,0.0,0,0,0,0.0,0.0,0.0,0.0,-0.009999999543651938,1,-0.009999999543651938
,academy_3_vs_1_with_keeper,42,collect_rollout,781,0,16,-0.003333333181217313,False,False,0.0,0.0,0,0,0,0.0,0.0,0.0,0.0,-0.003333333181217313,1,-0.003333333181217313
,academy_3_vs_1_with_keeper,42,collect_rollout,782,0,19,-0.006666666362434626,False,False,0.0,0.0,0,0,0,0.0,0.0,0.0,0.0,-0.006666666362434626,1,-0.006666666362434626
,academy_3_vs_1_with_keeper,42,collect_rollout,783,0,79,-0.23141079663764685,False,False,0.0,0.0,0,0,0,0.0,0.0,0.0,0.0,-0.23141079663764685,1,-0.23141079663764685
,academy_3_vs_1_with_keeper,42,collect_rollout,784,0,19,-0.019999999087303877,False,False,0.0,0.0,0,0,0,0.0,0.0,0.0,0.0,-0.019999999087303877,1,-0.019999999087303877
,academy_3_vs_1_with_keeper,42,collect_rollout,785,0,41,0.05280693859094754,False,False,0.0,0.0,0,0,0,0.0,0.0,0.0,0.0,0.05280693859094754,1,0.05280693859094754
,academy_3_vs_1_with_keeper,42,collect_rollout,786,0,19,-0.009999999543651938,False,False,0.0,0.0,0,0,0,0.0,0.0,0.0,0.0,-0.009999999543651938,1,-0.009999999543651938
,academy_3_vs_1_with_keeper,42,collect_rollout,787,0,17,-0.006666666362434626,False,False,0.0,0.0,0,0,0,0.0,0.0,0.0,0.0,-0.006666666362434626,1,-0.006666666362434626
,academy_3_vs_1_with_keeper,42,collect_rollout,788,0,7,0.046948496252298355,False,False,0.0,0.0,0,0,0,0.0,0.0,0.0,0.0,0.046948496252298355,1,0.046948496252298355
,academy_3_vs_1_with_keeper,42,collect_rollout,789,0,19,-0.016666665906086564,False,False,0.0,0.0,0,0,0,0.0,0.0,0.0,0.0,-0.016666665906086564,1,-0.016666665906086564
,academy_3_vs_1_with_keeper,42,collect_rollout,790,0,11,0.01738993590697646,False,False,0.0,0.0,0,0,0,0.0,0.0,0.0,0.0,0.01738993590697646,1,0.01738993590697646
,academy_3_vs_1_with_keeper,42,collect_rollout,791,0,81,-0.14040429960004985,False,False,0.0,0.0,0,0,0,0.0,0.0,0.0,0.0,-0.14040429960004985,1,-0.14040429960004985
,academy_3_vs_1_with_keeper,42,collect_rollout,792,0,18,-0.006666666362434626,False,False,0.0,0.0,0,0,0,0.0,0.0,0.0,0.0,-0.006666666362434626,1,-0.006666666362434626
,academy_3_vs_1_with_keeper,42,collect_rollout,793,0,19,-0.003333333181217313,False,False,0.0,0.0,0,0,0,0.0,0.0,0.0,0.0,-0.003333333181217313,1,-0.003333333181217313
,academy_3_vs_1_with_keeper,42,collect_rollout,794,0,20,-0.003333333181217313,False,False,0.0,0.0,0,0,0,0.0,0.0,0.0,0.0,-0.003333333181217313,1,-0.003333333181217313
,academy_3_vs_1_with_keeper,42,collect_rollout,795,0,65,-0.11333332816138864,False,False,0.0,0.0,0,0,0,0.0,0.0,0.0,0.0,-0.11333332816138864,1,-0.11333332816138864
,academy_3_vs_1_with_keeper,42,collect_rollout,796,0,18,-0.006666666362434626,False,False,0.0,0.0,0,0,0,0.0,0.0,0.0,0.0,-0.006666666362434626,1,-0.006666666362434626
,academy_3_vs_1_with_keeper,42,collect_rollout,797,0,71,-0.08314285855158232,False,False,0.0,0.0,0,0,0,0.0,0.0,0.0,0.0,-0.08314285855158232,1,-0.08314285855158232
,academy_3_vs_1_with_keeper,42,collect_rollout,798,0,89,0.07836519577540457,False,False,0.0,0.0,0,0,0,0.0,0.0,0.0,0.0,0.07836519577540457,1,0.07836519577540457
,academy_3_vs_1_with_keeper,42,collect_rollout,799,0,46,2.0269812459591776,False,False,0.0,0.0,0,0,0,0.0,0.0,0.0,0.0,2.0269812459591776,1,2.0269812459591776
,academy_3_vs_1_with_keeper,42,collect_rollout,800,0,18,0.0,False,False,0.0,0.0,0,0,0,0.0,0.0,0.0,0.0,0.0,1,0.0
,academy_3_vs_1_with_keeper,42,collect_rollout,801,0,14,0.015402080374769866,False,False,0.0,0.0,0,0,0,0.0,0.0,0.0,0.0,0.015402080374769866,1,0.015402080374769866
,academy_3_vs_1_with_keeper,42,collect_rollout,802,0,95,0.03297793710953556,False,False,0.0,0.0,0,0,0,0.0,0.0,0.0,0.0,0.03297793710953556,1,0.03297793710953556
,academy_3_vs_1_with_keeper,42,collect_rollout,803,0,49,0.05287384195253253,False,False,0.0,0.0,0,0,0,0.0,0.0,0.0,0.0,0.05287384195253253,1,0.05287384195253253
,academy_3_vs_1_with_keeper,42,collect_rollout,804,0,22,-0.013333332724869251,False,False,0.0,0.0,0,0,0,0.0,0.0,0.0,0.0,-0.013333332724869251,1,-0.013333332724869251
,academy_3_vs_1_with_keeper,42,collect_rollout,805,0,22,-0.022128863318357617,False,False,0.0,0.0,0,0,0,0.0,0.0,0.0,0.0,-0.022128863318357617,1,-0.022128863318357617
,academy_3_vs_1_with_keeper,42,collect_rollout,806,0,14,-0.009999999543651938,False,False,0.0,0.0,0,0,0,0.0,0.0,0.0,0.0,-0.009999999543651938,1,-0.009999999543651938
,academy_3_vs_1_with_keeper,42,collect_rollout,807,0,50,2.0280816233716905,False,False,0.0,0.0,0,0,0,0.0,0.0,0.0,0.0,2.0280816233716905,1,2.0280816233716905
,academy_3_vs_1_with_keeper,42,collect_rollout,808,0,60,-0.01282700477167964,False,False,0.0,0.0,0,0,0,0.0,0.0,0.0,0.0,-0.01282700477167964,1,-0.01282700477167964
,academy_3_vs_1_with_keeper,42,collect_rollout,809,0,23,-0.013333332724869251,False,False,0.0,0.0,0,0,0,0.0,0.0,0.0,0.0,-0.013333332724869251,1,-0.013333332724869251
,academy_3_vs_1_with_keeper,42,collect_rollout,810,0,17,-0.003333333181217313,False,False,0.0,0.0,0,0,0,0.0,0.0,0.0,0.0,-0.003333333181217313,1,-0.003333333181217313
,academy_3_vs_1_with_keeper,42,collect_rollout,811,0,20,-0.006666666362434626,False,False,0.0,0.0,0,0,0,0.0,0.0,0.0,0.0,-0.006666666362434626,1,-0.006666666362434626
,academy_3_vs_1_with_keeper,42,collect_rollout,812,0,17,-0.003333333181217313,False,False,0.0,0.0,0,0,0,0.0,0.0,0.0,0.0,-0.003333333181217313,1,-0.003333333181217313
,academy_3_vs_1_with_keeper,42,collect_rollout,813,0,1801,-1.1286462834250415,False,False,0.0,0.0,0,0,0,0.0,0.0,0.0,0.0,-1.1286462834250415,1,-1.1286462834250415
,academy_3_vs_1_with_keeper,42,collect_rollout,814,0,34,-0.02481506043113768,False,False,0.0,0.0,0,0,0,0.0,0.0,0.0,0.0,-0.02481506043113768,1,-0.02481506043113768
,academy_3_vs_1_with_keeper,42,collect_rollout,815,0,13,0.0070183302741497755,False,False,0.0,0.0,0,0,0,0.0,0.0,0.0,0.0,0.0070183302741497755,1,0.0070183302741497755
,academy_3_vs_1_with_keeper,42,collect_rollout,816,0,19,-0.003333333181217313,False,False,0.0,0.0,0,0,0,0.0,0.0,0.0,0.0,-0.003333333181217313,1,-0.003333333181217313
,academy_3_vs_1_with_keeper,42,collect_rollout,817,0,14,0.023689919151365757,False,False,0.0,0.0,0,0,0,0.0,0.0,0.0,0.0,0.023689919151365757,1,0.023689919151365757
,academy_3_vs_1_with_keeper,42,collect_rollout,818,0,18,-0.003333333181217313,False,False,0.0,0.0,0,0,0,0.0,0.0,0.0,0.0,-0.003333333181217313,1,-0.003333333181217313
,academy_3_vs_1_with_keeper,42,collect_rollout,819,0,9,0.037451307754963636,False,False,0.0,0.0,0,0,0,0.0,0.0,0.0,0.0,0.037451307754963636,1,0.037451307754963636
,academy_3_vs_1_with_keeper,42,collect_rollout,820,0,86,0.10531692137010396,False,False,0.0,0.0,0,0,0,0.0,0.0,0.0,0.0,0.10531692137010396,1,0.10531692137010396
,academy_3_vs_1_with_keeper,42,collect_rollout,821,0,9,0.03091096505522728,False,False,0.0,0.0,0,0,0,0.0,0.0,0.0,0.0,0.03091096505522728,1,0.03091096505522728
,academy_3_vs_1_with_keeper,42,collect_rollout,822,0,37,0.03605548350606114,False,False,0.0,0.0,0,0,0,0.0,0.0,0.0,0.0,0.03605548350606114,1,0.03605548350606114
,academy_3_vs_1_with_keeper,42,collect_rollout,823,0,19,-0.003333333181217313,False,False,0.0,0.0,0,0,0,0.0,0.0,0.0,0.0,-0.003333333181217313,1,-0.003333333181217313
,academy_3_vs_1_with_keeper,42,collect_rollout,824,0,16,-0.003333333181217313,False,False,0.0,0.0,0,0,0,0.0,0.0,0.0,0.0,-0.003333333181217313,1,-0.003333333181217313
,academy_3_vs_1_with_keeper,42,collect_rollout,825,0,15,-0.003333333181217313,False,False,0.0,0.0,0,0,0,0.0,0.0,0.0,0.0,-0.003333333181217313,1,-0.003333333181217313
,academy_3_vs_1_with_keeper,42,collect_rollout,826,0,17,0.0,False,False,0.0,0.0,0,0,0,0.0,0.0,0.0,0.0,0.0,1,0.0
,academy_3_vs_1_with_keeper,42,collect_rollout,827,0,20,-0.003333333181217313,False,False,0.0,0.0,0,0,0,0.0,0.0,0.0,0.0,-0.003333333181217313,1,-0.003333333181217313
,academy_3_vs_1_with_keeper,42,collect_rollout,828,0,106,1.7419042861583875,False,False,0.0,0.0,0,0,0,0.0,0.0,0.0,0.0,1.7419042861583875,1,1.7419042861583875
,academy_3_vs_1_with_keeper,42,collect_rollout,829,0,23,-0.009999999543651938,False,False,0.0,0.0,0,0,0,0.0,0.0,0.0,0.0,-0.009999999543651938,1,-0.009999999543651938
,academy_3_vs_1_with_keeper,42,collect_rollout,830,0,41,0.07856968697160482,False,False,0.0,0.0,0,0,0,0.0,0.0,0.0,0.0,0.07856968697160482,1,0.07856968697160482
,academy_3_vs_1_with_keeper,42,collect_rollout,831,0,18,0.0,False,False,0.0,0.0,0,0,0,0.0,0.0,0.0,0.0,0.0,1,0.0
,academy_3_vs_1_with_keeper,42,collect_rollout,832,0,19,-0.003333333181217313,False,False,0.0,0.0,0,0,0,0.0,0.0,0.0,0.0,-0.003333333181217313,1,-0.003333333181217313
,academy_3_vs_1_with_keeper,42,collect_rollout,833,0,16,-0.009999999543651938,False,False,0.0,0.0,0,0,0,0.0,0.0,0.0,0.0,-0.009999999543651938,1,-0.009999999543651938
,academy_3_vs_1_with_keeper,42,collect_rollout,834,0,54,-0.20046103768981993,False,False,0.0,0.0,0,0,0,0.0,0.0,0.0,0.0,-0.20046103768981993,1,-0.20046103768981993
,academy_3_vs_1_with_keeper,42,collect_rollout,835,0,20,-0.009999999543651938,False,False,0.0,0.0,0,0,0,0.0,0.0,0.0,0.0,-0.009999999543651938,1,-0.009999999543651938
,academy_3_vs_1_with_keeper,42,collect_rollout,836,0,103,-0.06778772842517355,False,False,0.0,0.0,0,0,0,0.0,0.0,0.0,0.0,-0.06778772842517355,1,-0.06778772842517355
,academy_3_vs_1_with_keeper,42,collect_rollout,837,0,52,0.04911888592687319,False,False,0.0,0.0,0,0,0,0.0,0.0,0.0,0.0,0.04911888592687319,1,0.04911888592687319
,academy_3_vs_1_with_keeper,42,collect_rollout,838,0,15,-0.003333333181217313,False,False,0.0,0.0,0,0,0,0.0,0.0,0.0,0.0,-0.003333333181217313,1,-0.003333333181217313
,academy_3_vs_1_with_keeper,42,collect_rollout,839,0,56,1.9804888766957447,False,False,0.0,0.0,0,0,0,0.0,0.0,0.0,0.0,1.9804888766957447,1,1.9804888766957447
,academy_3_vs_1_with_keeper,42,collect_rollout,840,0,54,-0.0034205929059680784,False,False,0.0,0.0,0,0,0,0.0,0.0,0.0,0.0,-0.0034205929059680784,1,-0.0034205929059680784
,academy_3_vs_1_with_keeper,42,collect_rollout,841,0,16,-0.003333333181217313,False,False,0.0,0.0,0,0,0,0.0,0.0,0.0,0.0,-0.003333333181217313,1,-0.003333333181217313
,academy_3_vs_1_with_keeper,42,collect_rollout,842,0,19,-0.004650777205824852,False,False,0.0,0.0,0,0,0,0.0,0.0,0.0,0.0,-0.004650777205824852,1,-0.004650777205824852
,academy_3_vs_1_with_keeper,42,collect_rollout,843,0,20,-0.003333333181217313,False,False,0.0,0.0,0,0,0,0.0,0.0,0.0,0.0,-0.003333333181217313,1,-0.003333333181217313
,academy_3_vs_1_with_keeper,42,collect_rollout,844,0,21,-0.013333332724869251,False,False,0.0,0.0,0,0,0,0.0,0.0,0.0,0.0,-0.013333332724869251,1,-0.013333332724869251
,academy_3_vs_1_with_keeper,42,collect_rollout,845,0,123,-0.18544680444756523,False,False,0.0,0.0,0,0,0,0.0,0.0,0.0,0.0,-0.18544680444756523,1,-0.18544680444756523
,academy_3_vs_1_with_keeper,42,collect_rollout,846,0,21,-0.003333333181217313,False,False,0.0,0.0,0,0,0,0.0,0.0,0.0,0.0,-0.003333333181217313,1,-0.003333333181217313
,academy_3_vs_1_with_keeper,42,collect_rollout,847,0,41,0.030441709328442812,False,False,0.0,0.0,0,0,0,0.0,0.0,0.0,0.0,0.030441709328442812,1,0.030441709328442812
,academy_3_vs_1_with_keeper,42,collect_rollout,848,0,19,-0.006666666362434626,False,False,0.0,0.0,0,0,0,0.0,0.0,0.0,0.0,-0.006666666362434626,1,-0.006666666362434626
,academy_3_vs_1_with_keeper,42,collect_rollout,849,0,20,-0.003333333181217313,False,False,0.0,0.0,0,0,0,0.0,0.0,0.0,0.0,-0.003333333181217313,1,-0.003333333181217313
,academy_3_vs_1_with_keeper,42,collect_rollout,850,0,53,-0.003333333181217313,False,False,0.0,0.0,0,0,0,0.0,0.0,0.0,0.0,-0.003333333181217313,1,-0.003333333181217313
,academy_3_vs_1_with_keeper,42,collect_rollout,851,0,78,-0.10703541396651417,False,False,0.0,0.0,0,0,0,0.0,0.0,0.0,0.0,-0.10703541396651417,1,-0.10703541396651417
,academy_3_vs_1_with_keeper,42,collect_rollout,852,0,17,-0.006666666362434626,False,False,0.0,0.0,0,0,0,0.0,0.0,0.0,0.0,-0.006666666362434626,1,-0.006666666362434626
,academy_3_vs_1_with_keeper,42,collect_rollout,853,0,19,-0.009999999543651938,False,False,0.0,0.0,0,0,0,0.0,0.0,0.0,0.0,-0.009999999543651938,1,-0.009999999543651938
,academy_3_vs_1_with_keeper,42,collect_rollout,854,0,17,-0.003333333181217313,False,False,0.0,0.0,0,0,0,0.0,0.0,0.0,0.0,-0.003333333181217313,1,-0.003333333181217313
,academy_3_vs_1_with_keeper,42,collect_rollout,855,0,67,-0.15589201753027737,False,False,0.0,0.0,0,0,0,0.0,0.0,0.0,0.0,-0.15589201753027737,1,-0.15589201753027737
,academy_3_vs_1_with_keeper,42,collect_rollout,856,0,16,0.01373151014558971,False,False,0.0,0.0,0,0,0,0.0,0.0,0.0,0.0,0.01373151014558971,1,0.01373151014558971
,academy_3_vs_1_with_keeper,42,collect_rollout,857,0,44,-0.033948308089748025,False,False,0.0,0.0,0,0,0,0.0,0.0,0.0,0.0,-0.033948308089748025,1,-0.033948308089748025
,academy_3_vs_1_with_keeper,42,collect_rollout,858,0,14,-0.003333333181217313,False,False,0.0,0.0,0,0,0,0.0,0.0,0.0,0.0,-0.003333333181217313,1,-0.003333333181217313
,academy_3_vs_1_with_keeper,42,collect_rollout,859,0,20,-0.009999999543651938,False,False,0.0,0.0,0,0,0,0.0,0.0,0.0,0.0,-0.009999999543651938,1,-0.009999999543651938
,academy_3_vs_1_with_keeper,42,collect_rollout,860,0,19,-0.009999999543651938,False,False,0.0,0.0,0,0,0,0.0,0.0,0.0,0.0,-0.009999999543651938,1,-0.009999999543651938
,academy_3_vs_1_with_keeper,42,collect_rollout,861,0,66,-0.03333333181217313,False,False,0.0,0.0,0,0,0,0.0,0.0,0.0,0.0,-0.03333333181217313,1,-0.03333333181217313
,academy_3_vs_1_with_keeper,42,collect_rollout,862,0,55,-0.03333333181217313,False,False,0.0,0.0,0,0,0,0.0,0.0,0.0,0.0,-0.03333333181217313,1,-0.03333333181217313
,academy_3_vs_1_with_keeper,42,collect_rollout,863,0,47,0.018450167204719037,False,False,0.0,0.0,0,0,0,0.0,0.0,0.0,0.0,0.018450167204719037,1,0.018450167204719037
,academy_3_vs_1_with_keeper,42,collect_rollout,864,0,15,-0.003333333181217313,False,False,0.0,0.0,0,0,0,0.0,0.0,0.0,0.0,-0.003333333181217313,1,-0.003333333181217313
,academy_3_vs_1_with_keeper,42,collect_rollout,865,0,18,-0.003333333181217313,False,False,0.0,0.0,0,0,0,0.0,0.0,0.0,0.0,-0.003333333181217313,1,-0.003333333181217313
,academy_3_vs_1_with_keeper,42,collect_rollout,866,0,123,-0.1957611598772928,False,False,0.0,0.0,0,0,0,0.0,0.0,0.0,0.0,-0.1957611598772928,1,-0.1957611598772928
,academy_3_vs_1_with_keeper,42,collect_rollout,867,0,20,-0.003333333181217313,False,False,0.0,0.0,0,0,0,0.0,0.0,0.0,0.0,-0.003333333181217313,1,-0.003333333181217313
,academy_3_vs_1_with_keeper,42,collect_rollout,868,0,16,-0.006666666362434626,False,False,0.0,0.0,0,0,0,0.0,0.0,0.0,0.0,-0.006666666362434626,1,-0.006666666362434626
,academy_3_vs_1_with_keeper,42,collect_rollout,869,0,18,-0.006666666362434626,False,False,0.0,0.0,0,0,0,0.0,0.0,0.0,0.0,-0.006666666362434626,1,-0.006666666362434626
,academy_3_vs_1_with_keeper,42,collect_rollout,870,0,15,0.0,False,False,0.0,0.0,0,0,0,0.0,0.0,0.0,0.0,0.0,1,0.0
,academy_3_vs_1_with_keeper,42,collect_rollout,871,0,90,-0.16895347693935037,False,False,0.0,0.0,0,0,0,0.0,0.0,0.0,0.0,-0.16895347693935037,1,-0.16895347693935037
,academy_3_vs_1_with_keeper,42,collect_rollout,872,0,20,-0.009999999543651938,False,False,0.0,0.0,0,0,0,0.0,0.0,0.0,0.0,-0.009999999543651938,1,-0.009999999543651938
,academy_3_vs_1_with_keeper,42,collect_rollout,873,0,16,-0.006666666362434626,False,False,0.0,0.0,0,0,0,0.0,0.0,0.0,0.0,-0.006666666362434626,1,-0.006666666362434626
,academy_3_vs_1_with_keeper,42,collect_rollout,874,0,68,2.0301915769232437,False,False,0.0,0.0,0,0,0,0.0,0.0,0.0,0.0,2.0301915769232437,1,2.0301915769232437
,academy_3_vs_1_with_keeper,42,collect_rollout,875,0,15,-0.009999999543651938,False,False,0.0,0.0,0,0,0,0.0,0.0,0.0,0.0,-0.009999999543651938,1,-0.009999999543651938
,academy_3_vs_1_with_keeper,42,collect_rollout,876,0,22,-0.006666666362434626,False,False,0.0,0.0,0,0,0,0.0,0.0,0.0,0.0,-0.006666666362434626,1,-0.006666666362434626
,academy_3_vs_1_with_keeper,42,collect_rollout,877,0,47,0.048907642252743244,False,False,0.0,0.0,0,0,0,0.0,0.0,0.0,0.0,0.048907642252743244,1,0.048907642252743244
,academy_3_vs_1_with_keeper,42,collect_rollout,878,0,16,0.01610681100282818,False,False,0.0,0.0,0,0,0,0.0,0.0,0.0,0.0,0.01610681100282818,1,0.01610681100282818
,academy_3_vs_1_with_keeper,42,collect_rollout,879,0,47,0.09096529171802104,False,False,0.0,0.0,0,0,0,0.0,0.0,0.0,0.0,0.09096529171802104,1,0.09096529171802104
,academy_3_vs_1_with_keeper,42,collect_rollout,880,0,17,0.0,False,False,0.0,0.0,0,0,0,0.0,0.0,0.0,0.0,0.0,1,0.0
,academy_3_vs_1_with_keeper,42,collect_rollout,881,0,65,-0.02496685367077589,False,False,0.0,0.0,0,0,0,0.0,0.0,0.0,0.0,-0.02496685367077589,1,-0.02496685367077589
,academy_3_vs_1_with_keeper,42,collect_rollout,882,0,19,-0.006666666362434626,False,False,0.0,0.0,0,0,0,0.0,0.0,0.0,0.0,-0.006666666362434626,1,-0.006666666362434626
,academy_3_vs_1_with_keeper,42,collect_rollout,883,0,45,0.05326709896326065,False,False,0.0,0.0,0,0,0,0.0,0.0,0.0,0.0,0.05326709896326065,1,0.05326709896326065
,academy_3_vs_1_with_keeper,42,collect_rollout,884,0,18,-0.006666666362434626,False,False,0.0,0.0,0,0,0,0.0,0.0,0.0,0.0,-0.006666666362434626,1,-0.006666666362434626
,academy_3_vs_1_with_keeper,42,collect_rollout,885,0,16,-0.013333332724869251,False,False,0.0,0.0,0,0,0,0.0,0.0,0.0,0.0,-0.013333332724869251,1,-0.013333332724869251
,academy_3_vs_1_with_keeper,42,collect_rollout,886,0,162,-0.04666666453704238,False,False,0.0,0.0,0,0,0,0.0,0.0,0.0,0.0,-0.04666666453704238,1,-0.04666666453704238
,academy_3_vs_1_with_keeper,42,collect_rollout,887,0,15,-0.009999999543651938,False,False,0.0,0.0,0,0,0,0.0,0.0,0.0,0.0,-0.009999999543651938,1,-0.009999999543651938
,academy_3_vs_1_with_keeper,42,collect_rollout,888,0,20,-0.009999999543651938,False,False,0.0,0.0,0,0,0,0.0,0.0,0.0,0.0,-0.009999999543651938,1,-0.009999999543651938
,academy_3_vs_1_with_keeper,42,collect_rollout,889,0,38,2.1155207795090973,False,False,0.0,0.0,0,0,0,0.0,0.0,0.0,0.0,2.1155207795090973,1,2.1155207795090973
,academy_3_vs_1_with_keeper,42,collect_rollout,890,0,100,-0.0001312828972004354,False,False,0.0,0.0,0,0,0,0.0,0.0,0.0,0.0,-0.0001312828972004354,1,-0.0001312828972004354
,academy_3_vs_1_with_keeper,42,collect_rollout,891,0,21,-0.009999999543651938,False,False,0.0,0.0,0,0,0,0.0,0.0,0.0,0.0,-0.009999999543651938,1,-0.009999999543651938
,academy_3_vs_1_with_keeper,42,collect_rollout,892,0,19,-0.003333333181217313,False,False,0.0,0.0,0,0,0,0.0,0.0,0.0,0.0,-0.003333333181217313,1,-0.003333333181217313
,academy_3_vs_1_with_keeper,42,collect_rollout,893,0,17,-0.003333333181217313,False,False,0.0,0.0,0,0,0,0.0,0.0,0.0,0.0,-0.003333333181217313,1,-0.003333333181217313
,academy_3_vs_1_with_keeper,42,collect_rollout,894,0,10,0.03191573452204466,False,False,0.0,0.0,0,0,0,0.0,0.0,0.0,0.0,0.03191573452204466,1,0.03191573452204466
,academy_3_vs_1_with_keeper,42,collect_rollout,895,0,15,-0.016666665906086564,False,False,0.0,0.0,0,0,0,0.0,0.0,0.0,0.0,-0.016666665906086564,1,-0.016666665906086564
,academy_3_vs_1_with_keeper,42,collect_rollout,896,0,20,-0.009999999543651938,False,False,0.0,0.0,0,0,0,0.0,0.0,0.0,0.0,-0.009999999543651938,1,-0.009999999543651938
,academy_3_vs_1_with_keeper,42,collect_rollout,897,0,18,-0.003333333181217313,False,False,0.0,0.0,0,0,0,0.0,0.0,0.0,0.0,-0.003333333181217313,1,-0.003333333181217313
,academy_3_vs_1_with_keeper,42,collect_rollout,898,0,64,0.36918896168936044,False,False,0.0,0.0,0,0,0,0.0,0.0,0.0,0.0,0.36918896168936044,1,0.36918896168936044
,academy_3_vs_1_with_keeper,42,collect_rollout,899,0,21,-0.006666666362434626,False,False,0.0,0.0,0,0,0,0.0,0.0,0.0,0.0,-0.006666666362434626,1,-0.006666666362434626
,academy_3_vs_1_with_keeper,42,collect_rollout,900,0,35,-0.019999999087303877,False,False,0.0,0.0,0,0,0,0.0,0.0,0.0,0.0,-0.019999999087303877,1,-0.019999999087303877
,academy_3_vs_1_with_keeper,42,collect_rollout,901,0,19,-0.006666666362434626,False,False,0.0,0.0,0,0,0,0.0,0.0,0.0,0.0,-0.006666666362434626,1,-0.006666666362434626
,academy_3_vs_1_with_keeper,42,collect_rollout,902,0,19,-0.003333333181217313,False,False,0.0,0.0,0,0,0,0.0,0.0,0.0,0.0,-0.003333333181217313,1,-0.003333333181217313
,academy_3_vs_1_with_keeper,42,collect_rollout,903,0,47,0.06955101806670427,False,False,0.0,0.0,0,0,0,0.0,0.0,0.0,0.0,0.06955101806670427,1,0.06955101806670427
,academy_3_vs_1_with_keeper,42,collect_rollout,904,0,15,-0.003333333181217313,False,False,0.0,0.0,0,0,0,0.0,0.0,0.0,0.0,-0.003333333181217313,1,-0.003333333181217313
,academy_3_vs_1_with_keeper,42,collect_rollout,905,0,16,-0.003333333181217313,False,False,0.0,0.0,0,0,0,0.0,0.0,0.0,0.0,-0.003333333181217313,1,-0.003333333181217313
,academy_3_vs_1_with_keeper,42,collect_rollout,906,0,10,0.0173510261811316,False,False,0.0,0.0,0,0,0,0.0,0.0,0.0,0.0,0.0173510261811316,1,0.0173510261811316
,academy_3_vs_1_with_keeper,42,collect_rollout,907,0,19,-0.003333333181217313,False,False,0.0,0.0,0,0,0,0.0,0.0,0.0,0.0,-0.003333333181217313,1,-0.003333333181217313
,academy_3_vs_1_with_keeper,42,collect_rollout,908,0,68,-0.007876706309616566,False,False,0.0,0.0,0,0,0,0.0,0.0,0.0,0.0,-0.007876706309616566,1,-0.007876706309616566
,academy_3_vs_1_with_keeper,42,collect_rollout,909,0,21,-0.013333332724869251,False,False,0.0,0.0,0,0,0,0.0,0.0,0.0,0.0,-0.013333332724869251,1,-0.013333332724869251
,academy_3_vs_1_with_keeper,42,collect_rollout,910,0,17,0.0,False,False,0.0,0.0,0,0,0,0.0,0.0,0.0,0.0,0.0,1,0.0
,academy_3_vs_1_with_keeper,42,collect_rollout,911,0,91,0.27830455731600523,False,False,0.0,0.0,0,0,0,0.0,0.0,0.0,0.0,0.27830455731600523,1,0.27830455731600523
,academy_3_vs_1_with_keeper,42,collect_rollout,912,0,21,-0.006666666362434626,False,False,0.0,0.0,0,0,0,0.0,0.0,0.0,0.0,-0.006666666362434626,1,-0.006666666362434626
,academy_3_vs_1_with_keeper,42,collect_rollout,913,0,14,-0.003333333181217313,False,False,0.0,0.0,0,0,0,0.0,0.0,0.0,0.0,-0.003333333181217313,1,-0.003333333181217313
,academy_3_vs_1_with_keeper,42,collect_rollout,914,0,19,-0.003333333181217313,False,False,0.0,0.0,0,0,0,0.0,0.0,0.0,0.0,-0.003333333181217313,1,-0.003333333181217313
,academy_3_vs_1_with_keeper,42,collect_rollout,915,0,17,-0.003333333181217313,False,False,0.0,0.0,0,0,0,0.0,0.0,0.0,0.0,-0.003333333181217313,1,-0.003333333181217313
,academy_3_vs_1_with_keeper,42,collect_rollout,916,0,15,0.0,False,False,0.0,0.0,0,0,0,0.0,0.0,0.0,0.0,0.0,1,0.0
,academy_3_vs_1_with_keeper,42,collect_rollout,917,0,21,-0.006666666362434626,False,False,0.0,0.0,0,0,0,0.0,0.0,0.0,0.0,-0.006666666362434626,1,-0.006666666362434626
,academy_3_vs_1_with_keeper,42,collect_rollout,918,0,57,-0.018725219881162047,False,False,0.0,0.0,0,0,0,0.0,0.0,0.0,0.0,-0.018725219881162047,1,-0.018725219881162047
,academy_3_vs_1_with_keeper,42,collect_rollout,919,0,16,-0.006666666362434626,False,False,0.0,0.0,0,0,0,0.0,0.0,0.0,0.0,-0.006666666362434626,1,-0.006666666362434626
,academy_3_vs_1_with_keeper,42,collect_rollout,920,0,17,-0.003333333181217313,False,False,0.0,0.0,0,0,0,0.0,0.0,0.0,0.0,-0.003333333181217313,1,-0.003333333181217313
,academy_3_vs_1_with_keeper,42,collect_rollout,921,0,57,0.3318546039517969,False,False,0.0,0.0,0,0,0,0.0,0.0,0.0,0.0,0.3318546039517969,1,0.3318546039517969
,academy_3_vs_1_with_keeper,42,collect_rollout,922,0,18,-0.006666666362434626,False,False,0.0,0.0,0,0,0,0.0,0.0,0.0,0.0,-0.006666666362434626,1,-0.006666666362434626
,academy_3_vs_1_with_keeper,42,collect_rollout,923,0,19,-0.006666666362434626,False,False,0.0,0.0,0,0,0,0.0,0.0,0.0,0.0,-0.006666666362434626,1,-0.006666666362434626
,academy_3_vs_1_with_keeper,42,collect_rollout,924,0,79,-0.21485551400110126,False,False,0.0,0.0,0,0,0,0.0,0.0,0.0,0.0,-0.21485551400110126,1,-0.21485551400110126
,academy_3_vs_1_with_keeper,42,collect_rollout,925,0,17,-0.003333333181217313,False,False,0.0,0.0,0,0,0,0.0,0.0,0.0,0.0,-0.003333333181217313,1,-0.003333333181217313
,academy_3_vs_1_with_keeper,42,collect_rollout,926,0,16,-0.003333333181217313,False,False,0.0,0.0,0,0,0,0.0,0.0,0.0,0.0,-0.003333333181217313,1,-0.003333333181217313
,academy_3_vs_1_with_keeper,42,collect_rollout,927,0,22,-0.006666666362434626,False,False,0.0,0.0,0,0,0,0.0,0.0,0.0,0.0,-0.006666666362434626,1,-0.006666666362434626
,academy_3_vs_1_with_keeper,42,collect_rollout,928,0,18,-0.006666666362434626,False,False,0.0,0.0,0,0,0,0.0,0.0,0.0,0.0,-0.006666666362434626,1,-0.006666666362434626
,academy_3_vs_1_with_keeper,42,collect_rollout,929,0,34,-0.018970495439134538,False,False,0.0,0.0,0,0,0,0.0,0.0,0.0,0.0,-0.018970495439134538,1,-0.018970495439134538
,academy_3_vs_1_with_keeper,42,collect_rollout,930,0,18,-0.003333333181217313,False,False,0.0,0.0,0,0,0,0.0,0.0,0.0,0.0,-0.003333333181217313,1,-0.003333333181217313
,academy_3_vs_1_with_keeper,42,collect_rollout,931,0,20,-0.006666666362434626,False,False,0.0,0.0,0,0,0,0.0,0.0,0.0,0.0,-0.006666666362434626,1,-0.006666666362434626
,academy_3_vs_1_with_keeper,42,collect_rollout,932,0,56,-0.026589581975713372,False,False,0.0,0.0,0,0,0,0.0,0.0,0.0,0.0,-0.026589581975713372,1,-0.026589581975713372
,academy_3_vs_1_with_keeper,42,collect_rollout,933,0,92,-0.030101083568297327,False,False,0.0,0.0,0,0,0,0.0,0.0,0.0,0.0,-0.030101083568297327,1,-0.030101083568297327
,academy_3_vs_1_with_keeper,42,collect_rollout,934,0,21,-0.013333332724869251,False,False,0.0,0.0,0,0,0,0.0,0.0,0.0,0.0,-0.013333332724869251,1,-0.013333332724869251
,academy_3_vs_1_with_keeper,42,collect_rollout,935,0,38,0.09317897582513979,False,False,0.0,0.0,0,0,0,0.0,0.0,0.0,0.0,0.09317897582513979,1,0.09317897582513979
,academy_3_vs_1_with_keeper,42,collect_rollout,936,0,110,-0.04987038648687303,False,False,0.0,0.0,0,0,0,0.0,0.0,0.0,0.0,-0.04987038648687303,1,-0.04987038648687303
,academy_3_vs_1_with_keeper,42,collect_rollout,937,0,19,-0.003333333181217313,False,False,0.0,0.0,0,0,0,0.0,0.0,0.0,0.0,-0.003333333181217313,1,-0.003333333181217313
,academy_3_vs_1_with_keeper,42,collect_rollout,938,0,42,0.10945488838478923,False,False,0.0,0.0,0,0,0,0.0,0.0,0.0,0.0,0.10945488838478923,1,0.10945488838478923
,academy_3_vs_1_with_keeper,42,collect_rollout,939,0,18,-0.003333333181217313,False,False,0.0,0.0,0,0,0,0.0,0.0,0.0,0.0,-0.003333333181217313,1,-0.003333333181217313
,academy_3_vs_1_with_keeper,42,collect_rollout,940,0,18,-0.019999999087303877,False,False,0.0,0.0,0,0,0,0.0,0.0,0.0,0.0,-0.019999999087303877,1,-0.019999999087303877
,academy_3_vs_1_with_keeper,42,collect_rollout,941,0,22,-0.003333333181217313,False,False,0.0,0.0,0,0,0,0.0,0.0,0.0,0.0,-0.003333333181217313,1,-0.003333333181217313
,academy_3_vs_1_with_keeper,42,collect_rollout,942,0,112,-0.10030984075274318,False,False,0.0,0.0,0,0,0,0.0,0.0,0.0,0.0,-0.10030984075274318,1,-0.10030984075274318
,academy_3_vs_1_with_keeper,42,collect_rollout,943,0,8,0.025166109669953585,False,False,0.0,0.0,0,0,0,0.0,0.0,0.0,0.0,0.025166109669953585,1,0.025166109669953585
,academy_3_vs_1_with_keeper,42,collect_rollout,944,0,17,-0.006666666362434626,False,False,0.0,0.0,0,0,0,0.0,0.0,0.0,0.0,-0.006666666362434626,1,-0.006666666362434626
,academy_3_vs_1_with_keeper,42,collect_rollout,945,0,14,-0.003333333181217313,False,False,0.0,0.0,0,0,0,0.0,0.0,0.0,0.0,-0.003333333181217313,1,-0.003333333181217313
,academy_3_vs_1_with_keeper,42,collect_rollout,946,0,17,-0.003333333181217313,False,False,0.0,0.0,0,0,0,0.0,0.0,0.0,0.0,-0.003333333181217313,1,-0.003333333181217313
,academy_3_vs_1_with_keeper,42,collect_rollout,947,0,20,0.0,False,False,0.0,0.0,0,0,0,0.0,0.0,0.0,0.0,0.0,1,0.0
,academy_3_vs_1_with_keeper,42,collect_rollout,948,0,1801,-0.5911250784993172,False,False,0.0,0.0,0,0,0,0.0,0.0,0.0,0.0,-0.5911250784993172,1,-0.5911250784993172
,academy_3_vs_1_with_keeper,42,collect_rollout,949,0,54,0.012318760389462113,False,False,0.0,0.0,0,0,0,0.0,0.0,0.0,0.0,0.012318760389462113,1,0.012318760389462113
,academy_3_vs_1_with_keeper,42,collect_rollout,950,0,86,-0.05917509421124123,False,False,0.0,0.0,0,0,0,0.0,0.0,0.0,0.0,-0.05917509421124123,1,-0.05917509421124123
,academy_3_vs_1_with_keeper,42,collect_rollout,951,0,18,-0.006666666362434626,False,False,0.0,0.0,0,0,0,0.0,0.0,0.0,0.0,-0.006666666362434626,1,-0.006666666362434626
,academy_3_vs_1_with_keeper,42,collect_rollout,952,0,15,-0.006666666362434626,False,False,0.0,0.0,0,0,0,0.0,0.0,0.0,0.0,-0.006666666362434626,1,-0.006666666362434626
,academy_3_vs_1_with_keeper,42,collect_rollout,953,0,22,-0.009999999543651938,False,False,0.0,0.0,0,0,0,0.0,0.0,0.0,0.0,-0.009999999543651938,1,-0.009999999543651938
,academy_3_vs_1_with_keeper,42,collect_rollout,954,0,17,-0.003333333181217313,False,False,0.0,0.0,0,0,0,0.0,0.0,0.0,0.0,-0.003333333181217313,1,-0.003333333181217313
,academy_3_vs_1_with_keeper,42,collect_rollout,955,0,21,-0.006666666362434626,False,False,0.0,0.0,0,0,0,0.0,0.0,0.0,0.0,-0.006666666362434626,1,-0.006666666362434626
,academy_3_vs_1_with_keeper,42,collect_rollout,956,0,17,-0.013333332724869251,False,False,0.0,0.0,0,0,0,0.0,0.0,0.0,0.0,-0.013333332724869251,1,-0.013333332724869251
,academy_3_vs_1_with_keeper,42,collect_rollout,957,0,18,-0.006666666362434626,False,False,0.0,0.0,0,0,0,0.0,0.0,0.0,0.0,-0.006666666362434626,1,-0.006666666362434626
,academy_3_vs_1_with_keeper,42,collect_rollout,958,0,46,-0.024147626012563705,False,False,0.0,0.0,0,0,0,0.0,0.0,0.0,0.0,-0.024147626012563705,1,-0.024147626012563705
,academy_3_vs_1_with_keeper,42,collect_rollout,959,0,15,-0.009999999543651938,False,False,0.0,0.0,0,0,0,0.0,0.0,0.0,0.0,-0.009999999543651938,1,-0.009999999543651938
,academy_3_vs_1_with_keeper,42,collect_rollout,960,0,16,-0.003333333181217313,False,False,0.0,0.0,0,0,0,0.0,0.0,0.0,0.0,-0.003333333181217313,1,-0.003333333181217313
,academy_3_vs_1_with_keeper,42,collect_rollout,961,0,22,-0.006666666362434626,False,False,0.0,0.0,0,0,0,0.0,0.0,0.0,0.0,-0.006666666362434626,1,-0.006666666362434626
,academy_3_vs_1_with_keeper,42,collect_rollout,962,0,16,-0.003333333181217313,False,False,0.0,0.0,0,0,0,0.0,0.0,0.0,0.0,-0.003333333181217313,1,-0.003333333181217313
,academy_3_vs_1_with_keeper,42,collect_rollout,963,0,18,-0.013333332724869251,False,False,0.0,0.0,0,0,0,0.0,0.0,0.0,0.0,-0.013333332724869251,1,-0.013333332724869251
,academy_3_vs_1_with_keeper,42,collect_rollout,964,0,19,-0.006666666362434626,False,False,0.0,0.0,0,0,0,0.0,0.0,0.0,0.0,-0.006666666362434626,1,-0.006666666362434626
,academy_3_vs_1_with_keeper,42,collect_rollout,965,0,57,-0.03172393830027431,False,False,0.0,0.0,0,0,0,0.0,0.0,0.0,0.0,-0.03172393830027431,1,-0.03172393830027431
,academy_3_vs_1_with_keeper,42,collect_rollout,966,0,22,-0.013333332724869251,False,False,0.0,0.0,0,0,0,0.0,0.0,0.0,0.0,-0.013333332724869251,1,-0.013333332724869251
,academy_3_vs_1_with_keeper,42,collect_rollout,967,0,20,0.0,False,False,0.0,0.0,0,0,0,0.0,0.0,0.0,0.0,0.0,1,0.0
,academy_3_vs_1_with_keeper,42,collect_rollout,968,0,17,-0.003333333181217313,False,False,0.0,0.0,0,0,0,0.0,0.0,0.0,0.0,-0.003333333181217313,1,-0.003333333181217313
,academy_3_vs_1_with_keeper,42,collect_rollout,969,0,103,0.016489587491378188,False,False,0.0,0.0,0,0,0,0.0,0.0,0.0,0.0,0.016489587491378188,1,0.016489587491378188
,academy_3_vs_1_with_keeper,42,collect_rollout,970,0,21,-0.003333333181217313,False,False,0.0,0.0,0,0,0,0.0,0.0,0.0,0.0,-0.003333333181217313,1,-0.003333333181217313
,academy_3_vs_1_with_keeper,42,collect_rollout,971,0,23,-0.006666666362434626,False,False,0.0,0.0,0,0,0,0.0,0.0,0.0,0.0,-0.006666666362434626,1,-0.006666666362434626
,academy_3_vs_1_with_keeper,42,collect_rollout,972,0,23,-0.013333332724869251,False,False,0.0,0.0,0,0,0,0.0,0.0,0.0,0.0,-0.013333332724869251,1,-0.013333332724869251
,academy_3_vs_1_with_keeper,42,collect_rollout,973,0,21,-0.003333333181217313,False,False,0.0,0.0,0,0,0,0.0,0.0,0.0,0.0,-0.003333333181217313,1,-0.003333333181217313
,academy_3_vs_1_with_keeper,42,collect_rollout,974,0,65,1.8940347808238585,False,False,0.0,0.0,0,0,0,0.0,0.0,0.0,0.0,1.8940347808238585,1,1.8940347808238585
,academy_3_vs_1_with_keeper,42,collect_rollout,975,0,89,0.08117045887047425,False,False,0.0,0.0,0,0,0,0.0,0.0,0.0,0.0,0.08117045887047425,1,0.08117045887047425
,academy_3_vs_1_with_keeper,42,collect_rollout,976,0,17,-0.006666666362434626,False,False,0.0,0.0,0,0,0,0.0,0.0,0.0,0.0,-0.006666666362434626,1,-0.006666666362434626
,academy_3_vs_1_with_keeper,42,collect_rollout,977,0,17,-0.009999999543651938,False,False,0.0,0.0,0,0,0,0.0,0.0,0.0,0.0,-0.009999999543651938,1,-0.009999999543651938
,academy_3_vs_1_with_keeper,42,collect_rollout,978,0,30,2.1260763382306322,False,False,0.0,0.0,0,0,0,0.0,0.0,0.0,0.0,2.1260763382306322,1,2.1260763382306322
,academy_3_vs_1_with_keeper,42,collect_rollout,979,0,18,-0.009999999543651938,False,False,0.0,0.0,0,0,0,0.0,0.0,0.0,0.0,-0.009999999543651938,1,-0.009999999543651938
,academy_3_vs_1_with_keeper,42,collect_rollout,980,0,22,-0.003333333181217313,False,False,0.0,0.0,0,0,0,0.0,0.0,0.0,0.0,-0.003333333181217313,1,-0.003333333181217313
,academy_3_vs_1_with_keeper,42,collect_rollout,981,0,85,0.03794368339003995,False,False,0.0,0.0,0,0,0,0.0,0.0,0.0,0.0,0.03794368339003995,1,0.03794368339003995
,academy_3_vs_1_with_keeper,42,collect_rollout,982,0,19,0.0,False,False,0.0,0.0,0,0,0,0.0,0.0,0.0,0.0,0.0,1,0.0
,academy_3_vs_1_with_keeper,42,collect_rollout,983,0,88,-0.14348738093394786,False,False,0.0,0.0,0,0,0,0.0,0.0,0.0,0.0,-0.14348738093394786,1,-0.14348738093394786
,academy_3_vs_1_with_keeper,42,collect_rollout,984,0,17,-0.003333333181217313,False,False,0.0,0.0,0,0,0,0.0,0.0,0.0,0.0,-0.003333333181217313,1,-0.003333333181217313
,academy_3_vs_1_with_keeper,42,collect_rollout,985,0,18,0.0,False,False,0.0,0.0,0,0,0,0.0,0.0,0.0,0.0,0.0,1,0.0
,academy_3_vs_1_with_keeper,42,collect_rollout,986,0,23,-0.016666665906086564,False,False,0.0,0.0,0,0,0,0.0,0.0,0.0,0.0,-0.016666665906086564,1,-0.016666665906086564
,academy_3_vs_1_with_keeper,42,collect_rollout,987,0,21,-0.003333333181217313,False,False,0.0,0.0,0,0,0,0.0,0.0,0.0,0.0,-0.003333333181217313,1,-0.003333333181217313
,academy_3_vs_1_with_keeper,42,collect_rollout,988,0,58,-0.03010795684531331,False,False,0.0,0.0,0,0,0,0.0,0.0,0.0,0.0,-0.03010795684531331,1,-0.03010795684531331
,academy_3_vs_1_with_keeper,42,collect_rollout,989,0,107,0.2096063359058462,False,False,0.0,0.0,0,0,0,0.0,0.0,0.0,0.0,0.2096063359058462,1,0.2096063359058462
,academy_3_vs_1_with_keeper,42,collect_rollout,990,0,20,-0.003333333181217313,False,False,0.0,0.0,0,0,0,0.0,0.0,0.0,0.0,-0.003333333181217313,1,-0.003333333181217313
,academy_3_vs_1_with_keeper,42,collect_rollout,991,0,15,-0.003333333181217313,False,False,0.0,0.0,0,0,0,0.0,0.0,0.0,0.0,-0.003333333181217313,1,-0.003333333181217313
,academy_3_vs_1_with_keeper,42,collect_rollout,992,0,20,-0.003333333181217313,False,False,0.0,0.0,0,0,0,0.0,0.0,0.0,0.0,-0.003333333181217313,1,-0.003333333181217313
,academy_3_vs_1_with_keeper,42,collect_rollout,993,0,19,-0.009999999543651938,False,False,0.0,0.0,0,0,0,0.0,0.0,0.0,0.0,-0.009999999543651938,1,-0.009999999543651938
,academy_3_vs_1_with_keeper,42,collect_rollout,994,0,88,0.11072382668498904,False,False,0.0,0.0,0,0,0,0.0,0.0,0.0,0.0,0.11072382668498904,1,0.11072382668498904
,academy_3_vs_1_with_keeper,42,collect_rollout,995,0,15,0.0,False,False,0.0,0.0,0,0,0,0.0,0.0,0.0,0.0,0.0,1,0.0
,academy_3_vs_1_with_keeper,42,collect_rollout,996,0,44,0.11639309342717752,False,False,0.0,0.0,0,0,0,0.0,0.0,0.0,0.0,0.11639309342717752,1,0.11639309342717752
,academy_3_vs_1_with_keeper,42,collect_rollout,997,0,19,-0.006666666362434626,False,False,0.0,0.0,0,0,0,0.0,0.0,0.0,0.0,-0.006666666362434626,1,-0.006666666362434626
,academy_3_vs_1_with_keeper,42,collect_rollout,998,0,19,0.0,False,False,0.0,0.0,0,0,0,0.0,0.0,0.0,0.0,0.0,1,0.0
,academy_3_vs_1_with_keeper,42,collect_rollout,999,0,18,-0.016666665906086564,False,False,0.0,0.0,0,0,0,0.0,0.0,0.0,0.0,-0.016666665906086564,1,-0.016666665906086564
,academy_3_vs_1_with_keeper,42,collect_rollout,1000,0,78,-0.06644570012576878,False,False,0.0,0.0,0,0,0,0.0,0.0,0.0,0.0,-0.06644570012576878,1,-0.06644570012576878
,academy_3_vs_1_with_keeper,42,collect_rollout,1001,0,16,-0.006666666362434626,False,False,0.0,0.0,0,0,0,0.0,0.0,0.0,0.0,-0.006666666362434626,1,-0.006666666362434626
,academy_3_vs_1_with_keeper,42,collect_rollout,1002,0,14,0.0,False,False,0.0,0.0,0,0,0,0.0,0.0,0.0,0.0,0.0,1,0.0
,academy_3_vs_1_with_keeper,42,collect_rollout,1003,0,17,0.0,False,False,0.0,0.0,0,0,0,0.0,0.0,0.0,0.0,0.0,1,0.0
,academy_3_vs_1_with_keeper,42,collect_rollout,1004,0,19,-0.02333333226852119,False,False,0.0,0.0,0,0,0,0.0,0.0,0.0,0.0,-0.02333333226852119,1,-0.02333333226852119
,academy_3_vs_1_with_keeper,42,collect_rollout,1005,0,20,-0.013333332724869251,False,False,0.0,0.0,0,0,0,0.0,0.0,0.0,0.0,-0.013333332724869251,1,-0.013333332724869251
,academy_3_vs_1_with_keeper,42,collect_rollout,1006,0,20,0.0,False,False,0.0,0.0,0,0,0,0.0,0.0,0.0,0.0,0.0,1,0.0
,academy_3_vs_1_with_keeper,42,collect_rollout,1007,0,16,-0.013333332724869251,False,False,0.0,0.0,0,0,0,0.0,0.0,0.0,0.0,-0.013333332724869251,1,-0.013333332724869251
,academy_3_vs_1_with_keeper,42,collect_rollout,1008,0,19,-0.009999999543651938,False,False,0.0,0.0,0,0,0,0.0,0.0,0.0,0.0,-0.009999999543651938,1,-0.009999999543651938
,academy_3_vs_1_with_keeper,42,collect_rollout,1009,0,92,0.03727852622978389,False,False,0.0,0.0,0,0,0,0.0,0.0,0.0,0.0,0.03727852622978389,1,0.03727852622978389
,academy_3_vs_1_with_keeper,42,collect_rollout,1010,0,75,-0.17068396077957004,False,False,0.0,0.0,0,0,0,0.0,0.0,0.0,0.0,-0.17068396077957004,1,-0.17068396077957004
,academy_3_vs_1_with_keeper,42,collect_rollout,1011,0,17,0.0,False,False,0.0,0.0,0,0,0,0.0,0.0,0.0,0.0,0.0,1,0.0
,academy_3_vs_1_with_keeper,42,collect_rollout,1012,0,18,-0.006666666362434626,False,False,0.0,0.0,0,0,0,0.0,0.0,0.0,0.0,-0.006666666362434626,1,-0.006666666362434626
,academy_3_vs_1_with_keeper,42,collect_rollout,1013,0,16,-0.006666666362434626,False,False,0.0,0.0,0,0,0,0.0,0.0,0.0,0.0,-0.006666666362434626,1,-0.006666666362434626
,academy_3_vs_1_with_keeper,42,collect_rollout,1014,0,20,-0.019999999087303877,False,False,0.0,0.0,0,0,0,0.0,0.0,0.0,0.0,-0.019999999087303877,1,-0.019999999087303877
,academy_3_vs_1_with_keeper,42,collect_rollout,1015,0,18,-0.003333333181217313,False,False,0.0,0.0,0,0,0,0.0,0.0,0.0,0.0,-0.003333333181217313,1,-0.003333333181217313
,academy_3_vs_1_with_keeper,42,collect_rollout,1016,0,21,-0.016666665906086564,False,False,0.0,0.0,0,0,0,0.0,0.0,0.0,0.0,-0.016666665906086564,1,-0.016666665906086564
,academy_3_vs_1_with_keeper,42,collect_rollout,1017,0,19,-0.003333333181217313,False,False,0.0,0.0,0,0,0,0.0,0.0,0.0,0.0,-0.003333333181217313,1,-0.003333333181217313
,academy_3_vs_1_with_keeper,42,collect_rollout,1018,0,95,0.06551649915672897,False,False,0.0,0.0,0,0,0,0.0,0.0,0.0,0.0,0.06551649915672897,1,0.06551649915672897
,academy_3_vs_1_with_keeper,42,collect_rollout,1019,0,15,-0.009999999543651938,False,False,0.0,0.0,0,0,0,0.0,0.0,0.0,0.0,-0.009999999543651938,1,-0.009999999543651938
,academy_3_vs_1_with_keeper,42,collect_rollout,1020,0,20,-0.016666665906086564,False,False,0.0,0.0,0,0,0,0.0,0.0,0.0,0.0,-0.016666665906086564,1,-0.016666665906086564
,academy_3_vs_1_with_keeper,42,collect_rollout,1021,0,19,0.0,False,False,0.0,0.0,0,0,0,0.0,0.0,0.0,0.0,0.0,1,0.0
,academy_3_vs_1_with_keeper,42,collect_rollout,1022,0,18,0.002371567999944091,False,False,0.0,0.0,0,0,0,0.0,0.0,0.0,0.0,0.002371567999944091,1,0.002371567999944091
,academy_3_vs_1_with_keeper,42,collect_rollout,1023,0,19,-0.009999999543651938,False,False,0.0,0.0,0,0,0,0.0,0.0,0.0,0.0,-0.009999999543651938,1,-0.009999999543651938
,academy_3_vs_1_with_keeper,42,collect_rollout,1024,0,36,-0.010835364693775773,False,False,0.0,0.0,0,0,0,0.0,0.0,0.0,0.0,-0.010835364693775773,1,-0.010835364693775773
,academy_3_vs_1_with_keeper,42,collect_rollout,1025,0,17,-0.009999999543651938,False,False,0.0,0.0,0,0,0,0.0,0.0,0.0,0.0,-0.009999999543651938,1,-0.009999999543651938
,academy_3_vs_1_with_keeper,42,collect_rollout,1026,0,30,-0.019999999087303877,False,False,0.0,0.0,0,0,0,0.0,0.0,0.0,0.0,-0.019999999087303877,1,-0.019999999087303877
,academy_3_vs_1_with_keeper,42,collect_rollout,1027,0,18,-0.003333333181217313,False,False,0.0,0.0,0,0,0,0.0,0.0,0.0,0.0,-0.003333333181217313,1,-0.003333333181217313
,academy_3_vs_1_with_keeper,42,collect_rollout,1028,0,16,0.0,False,False,0.0,0.0,0,0,0,0.0,0.0,0.0,0.0,0.0,1,0.0
,academy_3_vs_1_with_keeper,42,collect_rollout,1029,0,19,-0.006666666362434626,False,False,0.0,0.0,0,0,0,0.0,0.0,0.0,0.0,-0.006666666362434626,1,-0.006666666362434626
,academy_3_vs_1_with_keeper,42,collect_rollout,1030,0,22,-0.003333333181217313,False,False,0.0,0.0,0,0,0,0.0,0.0,0.0,0.0,-0.003333333181217313,1,-0.003333333181217313
,academy_3_vs_1_with_keeper,42,collect_rollout,1031,0,99,-0.13674478311440907,False,False,0.0,0.0,0,0,0,0.0,0.0,0.0,0.0,-0.13674478311440907,1,-0.13674478311440907
,academy_3_vs_1_with_keeper,42,collect_rollout,1032,0,20,-0.003333333181217313,False,False,0.0,0.0,0,0,0,0.0,0.0,0.0,0.0,-0.003333333181217313,1,-0.003333333181217313
,academy_3_vs_1_with_keeper,42,collect_rollout,1033,0,20,-0.006666666362434626,False,False,0.0,0.0,0,0,0,0.0,0.0,0.0,0.0,-0.006666666362434626,1,-0.006666666362434626
,academy_3_vs_1_with_keeper,42,collect_rollout,1034,0,13,0.02852466411422938,False,False,0.0,0.0,0,0,0,0.0,0.0,0.0,0.0,0.02852466411422938,1,0.02852466411422938
,academy_3_vs_1_with_keeper,42,collect_rollout,1035,0,18,0.0,False,False,0.0,0.0,0,0,0,0.0,0.0,0.0,0.0,0.0,1,0.0
,academy_3_vs_1_with_keeper,42,collect_rollout,1036,0,57,0.005698765395209193,False,False,0.0,0.0,0,0,0,0.0,0.0,0.0,0.0,0.005698765395209193,1,0.005698765395209193
,academy_3_vs_1_with_keeper,42,collect_rollout,1037,0,20,-0.006666666362434626,False,False,0.0,0.0,0,0,0,0.0,0.0,0.0,0.0,-0.006666666362434626,1,-0.006666666362434626
,academy_3_vs_1_with_keeper,42,collect_rollout,1038,0,12,0.023029103293083608,False,False,0.0,0.0,0,0,0,0.0,0.0,0.0,0.0,0.023029103293083608,1,0.023029103293083608
,academy_3_vs_1_with_keeper,42,collect_rollout,1039,0,49,0.04154186075902544,False,False,0.0,0.0,0,0,0,0.0,0.0,0.0,0.0,0.04154186075902544,1,0.04154186075902544
,academy_3_vs_1_with_keeper,42,collect_rollout,1040,0,15,-0.003333333181217313,False,False,0.0,0.0,0,0,0,0.0,0.0,0.0,0.0,-0.003333333181217313,1,-0.003333333181217313
,academy_3_vs_1_with_keeper,42,collect_rollout,1041,0,14,0.0,False,False,0.0,0.0,0,0,0,0.0,0.0,0.0,0.0,0.0,1,0.0
,academy_3_vs_1_with_keeper,42,collect_rollout,1042,0,21,-0.006666666362434626,False,False,0.0,0.0,0,0,0,0.0,0.0,0.0,0.0,-0.006666666362434626,1,-0.006666666362434626
,academy_3_vs_1_with_keeper,42,collect_rollout,1043,0,20,0.0,False,False,0.0,0.0,0,0,0,0.0,0.0,0.0,0.0,0.0,1,0.0
,academy_3_vs_1_with_keeper,42,collect_rollout,1044,0,86,0.11121038917917758,False,False,0.0,0.0,0,0,0,0.0,0.0,0.0,0.0,0.11121038917917758,1,0.11121038917917758
,academy_3_vs_1_with_keeper,42,collect_rollout,1045,0,61,-0.05892630870221183,False,False,0.0,0.0,0,0,0,0.0,0.0,0.0,0.0,-0.05892630870221183,1,-0.05892630870221183
,academy_3_vs_1_with_keeper,42,collect_rollout,1046,0,19,-0.009999999543651938,False,False,0.0,0.0,0,0,0,0.0,0.0,0.0,0.0,-0.009999999543651938,1,-0.009999999543651938
,academy_3_vs_1_with_keeper,42,collect_rollout,1047,0,17,-0.013333332724869251,False,False,0.0,0.0,0,0,0,0.0,0.0,0.0,0.0,-0.013333332724869251,1,-0.013333332724869251
,academy_3_vs_1_with_keeper,42,collect_rollout,1048,0,19,0.0,False,False,0.0,0.0,0,0,0,0.0,0.0,0.0,0.0,0.0,1,0.0
,academy_3_vs_1_with_keeper,42,collect_rollout,1049,0,19,-0.003333333181217313,False,False,0.0,0.0,0,0,0,0.0,0.0,0.0,0.0,-0.003333333181217313,1,-0.003333333181217313
,academy_3_vs_1_with_keeper,42,collect_rollout,1050,0,19,-0.013333332724869251,False,False,0.0,0.0,0,0,0,0.0,0.0,0.0,0.0,-0.013333332724869251,1,-0.013333332724869251
,academy_3_vs_1_with_keeper,42,collect_rollout,1051,0,16,0.0,False,False,0.0,0.0,0,0,0,0.0,0.0,0.0,0.0,0.0,1,0.0
,academy_3_vs_1_with_keeper,42,collect_rollout,1052,0,35,0.05109112546779215,False,False,0.0,0.0,0,0,0,0.0,0.0,0.0,0.0,0.05109112546779215,1,0.05109112546779215
,academy_3_vs_1_with_keeper,42,collect_rollout,1053,0,18,-0.003333333181217313,False,False,0.0,0.0,0,0,0,0.0,0.0,0.0,0.0,-0.003333333181217313,1,-0.003333333181217313
,academy_3_vs_1_with_keeper,42,collect_rollout,1054,0,15,-0.009999999543651938,False,False,0.0,0.0,0,0,0,0.0,0.0,0.0,0.0,-0.009999999543651938,1,-0.009999999543651938
,academy_3_vs_1_with_keeper,42,collect_rollout,1055,0,20,-0.003333333181217313,False,False,0.0,0.0,0,0,0,0.0,0.0,0.0,0.0,-0.003333333181217313,1,-0.003333333181217313
,academy_3_vs_1_with_keeper,42,collect_rollout,1056,0,91,0.06710080767516047,False,False,0.0,0.0,0,0,0,0.0,0.0,0.0,0.0,0.06710080767516047,1,0.06710080767516047
,academy_3_vs_1_with_keeper,42,collect_rollout,1057,0,20,-0.003333333181217313,False,False,0.0,0.0,0,0,0,0.0,0.0,0.0,0.0,-0.003333333181217313,1,-0.003333333181217313
,academy_3_vs_1_with_keeper,42,collect_rollout,1058,0,22,-0.006666666362434626,False,False,0.0,0.0,0,0,0,0.0,0.0,0.0,0.0,-0.006666666362434626,1,-0.006666666362434626
,academy_3_vs_1_with_keeper,42,collect_rollout,1059,0,16,0.0,False,False,0.0,0.0,0,0,0,0.0,0.0,0.0,0.0,0.0,1,0.0
,academy_3_vs_1_with_keeper,42,collect_rollout,1060,0,21,-0.003333333181217313,False,False,0.0,0.0,0,0,0,0.0,0.0,0.0,0.0,-0.003333333181217313,1,-0.003333333181217313
,academy_3_vs_1_with_keeper,42,collect_rollout,1061,0,30,2.1341237038141116,False,False,0.0,0.0,0,0,0,0.0,0.0,0.0,0.0,2.1341237038141116,1,2.1341237038141116
,academy_3_vs_1_with_keeper,42,collect_rollout,1062,0,48,0.1341458106180653,False,False,0.0,0.0,0,0,0,0.0,0.0,0.0,0.0,0.1341458106180653,1,0.1341458106180653
,academy_3_vs_1_with_keeper,42,collect_rollout,1063,0,15,0.0,False,False,0.0,0.0,0,0,0,0.0,0.0,0.0,0.0,0.0,1,0.0
,academy_3_vs_1_with_keeper,42,collect_rollout,1064,0,11,0.01794179971329868,False,False,0.0,0.0,0,0,0,0.0,0.0,0.0,0.0,0.01794179971329868,1,0.01794179971329868
,academy_3_vs_1_with_keeper,42,collect_rollout,1065,0,17,-0.003333333181217313,False,False,0.0,0.0,0,0,0,0.0,0.0,0.0,0.0,-0.003333333181217313,1,-0.003333333181217313
,academy_3_vs_1_with_keeper,42,collect_rollout,1066,0,15,0.0,False,False,0.0,0.0,0,0,0,0.0,0.0,0.0,0.0,0.0,1,0.0
,academy_3_vs_1_with_keeper,42,collect_rollout,1067,0,86,-0.07246640406083316,False,False,0.0,0.0,0,0,0,0.0,0.0,0.0,0.0,-0.07246640406083316,1,-0.07246640406083316
,academy_3_vs_1_with_keeper,42,collect_rollout,1068,0,19,-0.003333333181217313,False,False,0.0,0.0,0,0,0,0.0,0.0,0.0,0.0,-0.003333333181217313,1,-0.003333333181217313
,academy_3_vs_1_with_keeper,42,collect_rollout,1069,0,19,-0.009999999543651938,False,False,0.0,0.0,0,0,0,0.0,0.0,0.0,0.0,-0.009999999543651938,1,-0.009999999543651938
,academy_3_vs_1_with_keeper,42,collect_rollout,1070,0,21,-0.003333333181217313,False,False,0.0,0.0,0,0,0,0.0,0.0,0.0,0.0,-0.003333333181217313,1,-0.003333333181217313
,academy_3_vs_1_with_keeper,42,collect_rollout,1071,0,41,0.03756342327687889,False,False,0.0,0.0,0,0,0,0.0,0.0,0.0,0.0,0.03756342327687889,1,0.03756342327687889
,academy_3_vs_1_with_keeper,42,collect_rollout,1072,0,15,-0.006666666362434626,False,False,0.0,0.0,0,0,0,0.0,0.0,0.0,0.0,-0.006666666362434626,1,-0.006666666362434626
,academy_3_vs_1_with_keeper,42,collect_rollout,1073,0,33,0.11484323116019368,False,False,0.0,0.0,0,0,0,0.0,0.0,0.0,0.0,0.11484323116019368,1,0.11484323116019368
,academy_3_vs_1_with_keeper,42,collect_rollout,1074,0,74,0.008246394048910588,False,False,0.0,0.0,0,0,0,0.0,0.0,0.0,0.0,0.008246394048910588,1,0.008246394048910588
,academy_3_vs_1_with_keeper,42,collect_rollout,1075,0,21,0.0,False,False,0.0,0.0,0,0,0,0.0,0.0,0.0,0.0,0.0,1,0.0
,academy_3_vs_1_with_keeper,42,collect_rollout,1076,0,18,-0.013333332724869251,False,False,0.0,0.0,0,0,0,0.0,0.0,0.0,0.0,-0.013333332724869251,1,-0.013333332724869251
,academy_3_vs_1_with_keeper,42,collect_rollout,1077,0,18,-0.003333333181217313,False,False,0.0,0.0,0,0,0,0.0,0.0,0.0,0.0,-0.003333333181217313,1,-0.003333333181217313
,academy_3_vs_1_with_keeper,42,collect_rollout,1078,0,44,-0.020181909552775323,False,False,0.0,0.0,0,0,0,0.0,0.0,0.0,0.0,-0.020181909552775323,1,-0.020181909552775323
,academy_3_vs_1_with_keeper,42,collect_rollout,1079,0,38,2.123758173547685,False,False,0.0,0.0,0,0,0,0.0,0.0,0.0,0.0,2.123758173547685,1,2.123758173547685
,academy_3_vs_1_with_keeper,42,collect_rollout,1080,0,12,0.02339369128458202,False,False,0.0,0.0,0,0,0,0.0,0.0,0.0,0.0,0.02339369128458202,1,0.02339369128458202
,academy_3_vs_1_with_keeper,42,collect_rollout,1081,0,14,0.036469509825110435,False,False,0.0,0.0,0,0,0,0.0,0.0,0.0,0.0,0.036469509825110435,1,0.036469509825110435
,academy_3_vs_1_with_keeper,42,collect_rollout,1082,0,21,-0.009999999543651938,False,False,0.0,0.0,0,0,0,0.0,0.0,0.0,0.0,-0.009999999543651938,1,-0.009999999543651938
,academy_3_vs_1_with_keeper,42,collect_rollout,1083,0,23,-0.016666665906086564,False,False,0.0,0.0,0,0,0,0.0,0.0,0.0,0.0,-0.016666665906086564,1,-0.016666665906086564
,academy_3_vs_1_with_keeper,42,collect_rollout,1084,0,14,0.0272102530580014,False,False,0.0,0.0,0,0,0,0.0,0.0,0.0,0.0,0.0272102530580014,1,0.0272102530580014
,academy_3_vs_1_with_keeper,42,collect_rollout,1085,0,17,-0.003333333181217313,False,False,0.0,0.0,0,0,0,0.0,0.0,0.0,0.0,-0.003333333181217313,1,-0.003333333181217313
,academy_3_vs_1_with_keeper,42,collect_rollout,1086,0,19,-0.018697686144150794,False,False,0.0,0.0,0,0,0,0.0,0.0,0.0,0.0,-0.018697686144150794,1,-0.018697686144150794
,academy_3_vs_1_with_keeper,42,collect_rollout,1087,0,16,0.0,False,False,0.0,0.0,0,0,0,0.0,0.0,0.0,0.0,0.0,1,0.0
,academy_3_vs_1_with_keeper,42,collect_rollout,1088,0,17,-0.009999999543651938,False,False,0.0,0.0,0,0,0,0.0,0.0,0.0,0.0,-0.009999999543651938,1,-0.009999999543651938
,academy_3_vs_1_with_keeper,42,collect_rollout,1089,0,22,-0.006666666362434626,False,False,0.0,0.0,0,0,0,0.0,0.0,0.0,0.0,-0.006666666362434626,1,-0.006666666362434626
,academy_3_vs_1_with_keeper,42,collect_rollout,1090,0,21,-0.016666665906086564,False,False,0.0,0.0,0,0,0,0.0,0.0,0.0,0.0,-0.016666665906086564,1,-0.016666665906086564
,academy_3_vs_1_with_keeper,42,collect_rollout,1091,0,15,-0.016666665906086564,False,False,0.0,0.0,0,0,0,0.0,0.0,0.0,0.0,-0.016666665906086564,1,-0.016666665906086564
,academy_3_vs_1_with_keeper,42,collect_rollout,1092,0,34,0.11451016440332751,False,False,0.0,0.0,0,0,0,0.0,0.0,0.0,0.0,0.11451016440332751,1,0.11451016440332751
,academy_3_vs_1_with_keeper,42,collect_rollout,1093,0,63,-0.07378122908994555,False,False,0.0,0.0,0,0,0,0.0,0.0,0.0,0.0,-0.07378122908994555,1,-0.07378122908994555
,academy_3_vs_1_with_keeper,42,collect_rollout,1094,0,667,0.2306503162253648,False,False,0.0,0.0,0,0,0,0.0,0.0,0.0,0.0,0.2306503162253648,1,0.2306503162253648
,academy_3_vs_1_with_keeper,42,collect_rollout,1095,0,21,-0.003333333181217313,False,False,0.0,0.0,0,0,0,0.0,0.0,0.0,0.0,-0.003333333181217313,1,-0.003333333181217313
,academy_3_vs_1_with_keeper,42,collect_rollout,1096,0,17,-0.013333332724869251,False,False,0.0,0.0,0,0,0,0.0,0.0,0.0,0.0,-0.013333332724869251,1,-0.013333332724869251
,academy_3_vs_1_with_keeper,42,collect_rollout,1097,0,15,-0.003333333181217313,False,False,0.0,0.0,0,0,0,0.0,0.0,0.0,0.0,-0.003333333181217313,1,-0.003333333181217313
,academy_3_vs_1_with_keeper,42,collect_rollout,1098,0,101,-0.08380225859582424,False,False,0.0,0.0,0,0,0,0.0,0.0,0.0,0.0,-0.08380225859582424,1,-0.08380225859582424
,academy_3_vs_1_with_keeper,42,collect_rollout,1099,0,18,-0.003333333181217313,False,False,0.0,0.0,0,0,0,0.0,0.0,0.0,0.0,-0.003333333181217313,1,-0.003333333181217313
,academy_3_vs_1_with_keeper,42,collect_rollout,1100,0,26,2.1240994291147217,False,False,0.0,0.0,0,0,0,0.0,0.0,0.0,0.0,2.1240994291147217,1,2.1240994291147217
,academy_3_vs_1_with_keeper,42,collect_rollout,1101,0,33,2.1163184865145013,False,False,0.0,0.0,0,0,0,0.0,0.0,0.0,0.0,2.1163184865145013,1,2.1163184865145013
,academy_3_vs_1_with_keeper,42,collect_rollout,1102,0,20,-0.003333333181217313,False,False,0.0,0.0,0,0,0,0.0,0.0,0.0,0.0,-0.003333333181217313,1,-0.003333333181217313
,academy_3_vs_1_with_keeper,42,collect_rollout,1103,0,16,0.0,False,False,0.0,0.0,0,0,0,0.0,0.0,0.0,0.0,0.0,1,0.0
,academy_3_vs_1_with_keeper,42,collect_rollout,1104,0,19,-0.003333333181217313,False,False,0.0,0.0,0,0,0,0.0,0.0,0.0,0.0,-0.003333333181217313,1,-0.003333333181217313
,academy_3_vs_1_with_keeper,42,collect_rollout,1105,0,75,-0.22023021904169582,False,False,0.0,0.0,0,0,0,0.0,0.0,0.0,0.0,-0.22023021904169582,1,-0.22023021904169582
,academy_3_vs_1_with_keeper,42,collect_rollout,1106,0,84,-0.1447756754932925,False,False,0.0,0.0,0,0,0,0.0,0.0,0.0,0.0,-0.1447756754932925,1,-0.1447756754932925
,academy_3_vs_1_with_keeper,42,collect_rollout,1107,0,18,-0.003333333181217313,False,False,0.0,0.0,0,0,0,0.0,0.0,0.0,0.0,-0.003333333181217313,1,-0.003333333181217313
,academy_3_vs_1_with_keeper,42,collect_rollout,1108,0,70,0.014084321359405294,False,False,0.0,0.0,0,0,0,0.0,0.0,0.0,0.0,0.014084321359405294,1,0.014084321359405294
,academy_3_vs_1_with_keeper,42,collect_rollout,1109,0,16,0.010635158279910684,False,False,0.0,0.0,0,0,0,0.0,0.0,0.0,0.0,0.010635158279910684,1,0.010635158279910684
,academy_3_vs_1_with_keeper,42,collect_rollout,1110,0,19,-0.009999999543651938,False,False,0.0,0.0,0,0,0,0.0,0.0,0.0,0.0,-0.009999999543651938,1,-0.009999999543651938
,academy_3_vs_1_with_keeper,42,collect_rollout,1111,0,15,0.0,False,False,0.0,0.0,0,0,0,0.0,0.0,0.0,0.0,0.0,1,0.0
,academy_3_vs_1_with_keeper,42,collect_rollout,1112,0,93,2.0490569112589583,False,False,0.0,0.0,0,0,0,0.0,0.0,0.0,0.0,2.0490569112589583,1,2.0490569112589583
,academy_3_vs_1_with_keeper,42,collect_rollout,1113,0,18,-0.013333332724869251,False,False,0.0,0.0,0,0,0,0.0,0.0,0.0,0.0,-0.013333332724869251,1,-0.013333332724869251
,academy_3_vs_1_with_keeper,42,collect_rollout,1114,0,73,-0.0950399445137009,False,False,0.0,0.0,0,0,0,0.0,0.0,0.0,0.0,-0.0950399445137009,1,-0.0950399445137009
,academy_3_vs_1_with_keeper,42,collect_rollout,1115,0,130,-0.23178262705914676,False,False,0.0,0.0,0,0,0,0.0,0.0,0.0,0.0,-0.23178262705914676,1,-0.23178262705914676
,academy_3_vs_1_with_keeper,42,collect_rollout,1116,0,23,-0.009999999543651938,False,False,0.0,0.0,0,0,0,0.0,0.0,0.0,0.0,-0.009999999543651938,1,-0.009999999543651938
,academy_3_vs_1_with_keeper,42,collect_rollout,1117,0,46,0.09978700964711607,False,False,0.0,0.0,0,0,0,0.0,0.0,0.0,0.0,0.09978700964711607,1,0.09978700964711607
,academy_3_vs_1_with_keeper,42,collect_rollout,1118,0,19,-0.006666666362434626,False,False,0.0,0.0,0,0,0,0.0,0.0,0.0,0.0,-0.006666666362434626,1,-0.006666666362434626
,academy_3_vs_1_with_keeper,42,collect_rollout,1119,0,17,0.0,False,False,0.0,0.0,0,0,0,0.0,0.0,0.0,0.0,0.0,1,0.0
,academy_3_vs_1_with_keeper,42,collect_rollout,1120,0,21,-0.006666666362434626,False,False,0.0,0.0,0,0,0,0.0,0.0,0.0,0.0,-0.006666666362434626,1,-0.006666666362434626
,academy_3_vs_1_with_keeper,42,collect_rollout,1121,0,23,0.0,False,False,0.0,0.0,0,0,0,0.0,0.0,0.0,0.0,0.0,1,0.0
,academy_3_vs_1_with_keeper,42,collect_rollout,1122,0,20,-0.003333333181217313,False,False,0.0,0.0,0,0,0,0.0,0.0,0.0,0.0,-0.003333333181217313,1,-0.003333333181217313
,academy_3_vs_1_with_keeper,42,collect_rollout,1123,0,105,-0.41120396802944015,False,False,0.0,0.0,0,0,0,0.0,0.0,0.0,0.0,-0.41120396802944015,1,-0.41120396802944015
,academy_3_vs_1_with_keeper,42,collect_rollout,1124,0,18,-0.003333333181217313,False,False,0.0,0.0,0,0,0,0.0,0.0,0.0,0.0,-0.003333333181217313,1,-0.003333333181217313
,academy_3_vs_1_with_keeper,42,collect_rollout,1125,0,10,0.029675961122848094,False,False,0.0,0.0,0,0,0,0.0,0.0,0.0,0.0,0.029675961122848094,1,0.029675961122848094
,academy_3_vs_1_with_keeper,42,collect_rollout,1126,0,27,2.127966961939819,False,False,0.0,0.0,0,0,0,0.0,0.0,0.0,0.0,2.127966961939819,1,2.127966961939819
,academy_3_vs_1_with_keeper,42,collect_rollout,1127,0,13,0.014444952830672264,False,False,0.0,0.0,0,0,0,0.0,0.0,0.0,0.0,0.014444952830672264,1,0.014444952830672264
,academy_3_vs_1_with_keeper,42,collect_rollout,1128,0,17,-0.003333333181217313,False,False,0.0,0.0,0,0,0,0.0,0.0,0.0,0.0,-0.003333333181217313,1,-0.003333333181217313
,academy_3_vs_1_with_keeper,42,collect_rollout,1129,0,19,-0.009999999543651938,False,False,0.0,0.0,0,0,0,0.0,0.0,0.0,0.0,-0.009999999543651938,1,-0.009999999543651938
,academy_3_vs_1_with_keeper,42,collect_rollout,1130,0,94,-0.26507406565360725,False,False,0.0,0.0,0,0,0,0.0,0.0,0.0,0.0,-0.26507406565360725,1,-0.26507406565360725
,academy_3_vs_1_with_keeper,42,collect_rollout,1131,0,19,-0.016666665906086564,False,False,0.0,0.0,0,0,0,0.0,0.0,0.0,0.0,-0.016666665906086564,1,-0.016666665906086564
,academy_3_vs_1_with_keeper,42,collect_rollout,1132,0,15,-0.003333333181217313,False,False,0.0,0.0,0,0,0,0.0,0.0,0.0,0.0,-0.003333333181217313,1,-0.003333333181217313
,academy_3_vs_1_with_keeper,42,collect_rollout,1133,0,17,-0.006666666362434626,False,False,0.0,0.0,0,0,0,0.0,0.0,0.0,0.0,-0.006666666362434626,1,-0.006666666362434626
,academy_3_vs_1_with_keeper,42,collect_rollout,1134,0,37,2.0834606426069513,False,False,0.0,0.0,0,0,0,0.0,0.0,0.0,0.0,2.0834606426069513,1,2.0834606426069513
,academy_3_vs_1_with_keeper,42,collect_rollout,1135,0,14,0.019671826506964862,False,False,0.0,0.0,0,0,0,0.0,0.0,0.0,0.0,0.019671826506964862,1,0.019671826506964862
,academy_3_vs_1_with_keeper,42,collect_rollout,1136,0,20,-0.003333333181217313,False,False,0.0,0.0,0,0,0,0.0,0.0,0.0,0.0,-0.003333333181217313,1,-0.003333333181217313
,academy_3_vs_1_with_keeper,42,collect_rollout,1137,0,49,0.0779185154242441,False,False,0.0,0.0,0,0,0,0.0,0.0,0.0,0.0,0.0779185154242441,1,0.0779185154242441
,academy_3_vs_1_with_keeper,42,collect_rollout,1138,0,45,0.12184633413562551,False,False,0.0,0.0,0,0,0,0.0,0.0,0.0,0.0,0.12184633413562551,1,0.12184633413562551
,academy_3_vs_1_with_keeper,42,collect_rollout,1139,0,17,-0.006666666362434626,False,False,0.0,0.0,0,0,0,0.0,0.0,0.0,0.0,-0.006666666362434626,1,-0.006666666362434626
,academy_3_vs_1_with_keeper,42,collect_rollout,1140,0,9,0.035242522484622896,False,False,0.0,0.0,0,0,0,0.0,0.0,0.0,0.0,0.035242522484622896,1,0.035242522484622896
,academy_3_vs_1_with_keeper,42,collect_rollout,1141,0,36,-0.01086705771740526,False,False,0.0,0.0,0,0,0,0.0,0.0,0.0,0.0,-0.01086705771740526,1,-0.01086705771740526
,academy_3_vs_1_with_keeper,42,collect_rollout,1142,0,15,0.0,False,False,0.0,0.0,0,0,0,0.0,0.0,0.0,0.0,0.0,1,0.0
,academy_3_vs_1_with_keeper,42,collect_rollout,1143,0,20,-0.003333333181217313,False,False,0.0,0.0,0,0,0,0.0,0.0,0.0,0.0,-0.003333333181217313,1,-0.003333333181217313
,academy_3_vs_1_with_keeper,42,collect_rollout,1144,0,18,-0.003333333181217313,False,False,0.0,0.0,0,0,0,0.0,0.0,0.0,0.0,-0.003333333181217313,1,-0.003333333181217313
,academy_3_vs_1_with_keeper,42,collect_rollout,1145,0,97,0.07245415382203646,False,False,0.0,0.0,0,0,0,0.0,0.0,0.0,0.0,0.07245415382203646,1,0.07245415382203646
,academy_3_vs_1_with_keeper,42,collect_rollout,1146,0,15,0.017255017766728997,False,False,0.0,0.0,0,0,0,0.0,0.0,0.0,0.0,0.017255017766728997,1,0.017255017766728997
,academy_3_vs_1_with_keeper,42,collect_rollout,1147,0,19,-0.003333333181217313,False,False,0.0,0.0,0,0,0,0.0,0.0,0.0,0.0,-0.003333333181217313,1,-0.003333333181217313
,academy_3_vs_1_with_keeper,42,collect_rollout,1148,0,22,-0.006666666362434626,False,False,0.0,0.0,0,0,0,0.0,0.0,0.0,0.0,-0.006666666362434626,1,-0.006666666362434626
,academy_3_vs_1_with_keeper,42,collect_rollout,1149,0,80,-0.251033722772263,False,False,0.0,0.0,0,0,0,0.0,0.0,0.0,0.0,-0.251033722772263,1,-0.251033722772263
,academy_3_vs_1_with_keeper,42,collect_rollout,1150,0,35,0.05280025367392227,False,False,0.0,0.0,0,0,0,0.0,0.0,0.0,0.0,0.05280025367392227,1,0.05280025367392227
,academy_3_vs_1_with_keeper,42,collect_rollout,1151,0,19,0.0,False,False,0.0,0.0,0,0,0,0.0,0.0,0.0,0.0,0.0,1,0.0
,academy_3_vs_1_with_keeper,42,collect_rollout,1152,0,20,0.0,False,False,0.0,0.0,0,0,0,0.0,0.0,0.0,0.0,0.0,1,0.0
,academy_3_vs_1_with_keeper,42,collect_rollout,1153,0,54,0.005279814242385328,False,False,0.0,0.0,0,0,0,0.0,0.0,0.0,0.0,0.005279814242385328,1,0.005279814242385328
,academy_3_vs_1_with_keeper,42,collect_rollout,1154,0,20,-0.02333333226852119,False,False,0.0,0.0,0,0,0,0.0,0.0,0.0,0.0,-0.02333333226852119,1,-0.02333333226852119
,academy_3_vs_1_with_keeper,42,collect_rollout,1155,0,21,-0.003333333181217313,False,False,0.0,0.0,0,0,0,0.0,0.0,0.0,0.0,-0.003333333181217313,1,-0.003333333181217313
,academy_3_vs_1_with_keeper,42,collect_rollout,1156,0,8,0.032533947145566344,False,False,0.0,0.0,0,0,0,0.0,0.0,0.0,0.0,0.032533947145566344,1,0.032533947145566344
,academy_3_vs_1_with_keeper,42,collect_rollout,1157,0,90,0.05606043164152652,False,False,0.0,0.0,0,0,0,0.0,0.0,0.0,0.0,0.05606043164152652,1,0.05606043164152652
,academy_3_vs_1_with_keeper,42,collect_rollout,1158,0,22,-0.009999999543651938,False,False,0.0,0.0,0,0,0,0.0,0.0,0.0,0.0,-0.009999999543651938,1,-0.009999999543651938
,academy_3_vs_1_with_keeper,42,collect_rollout,1159,0,22,-0.013333332724869251,False,False,0.0,0.0,0,0,0,0.0,0.0,0.0,0.0,-0.013333332724869251,1,-0.013333332724869251
,academy_3_vs_1_with_keeper,42,collect_rollout,1160,0,18,-0.003333333181217313,False,False,0.0,0.0,0,0,0,0.0,0.0,0.0,0.0,-0.003333333181217313,1,-0.003333333181217313
,academy_3_vs_1_with_keeper,42,collect_rollout,1161,0,22,-0.013333332724869251,False,False,0.0,0.0,0,0,0,0.0,0.0,0.0,0.0,-0.013333332724869251,1,-0.013333332724869251
,academy_3_vs_1_with_keeper,42,collect_rollout,1162,0,18,-0.009999999543651938,False,False,0.0,0.0,0,0,0,0.0,0.0,0.0,0.0,-0.009999999543651938,1,-0.009999999543651938
,academy_3_vs_1_with_keeper,42,collect_rollout,1163,0,20,0.0,False,False,0.0,0.0,0,0,0,0.0,0.0,0.0,0.0,0.0,1,0.0
,academy_3_vs_1_with_keeper,42,collect_rollout,1164,0,24,-0.006666666362434626,False,False,0.0,0.0,0,0,0,0.0,0.0,0.0,0.0,-0.006666666362434626,1,-0.006666666362434626
,academy_3_vs_1_with_keeper,42,collect_rollout,1165,0,17,-0.006666666362434626,False,False,0.0,0.0,0,0,0,0.0,0.0,0.0,0.0,-0.006666666362434626,1,-0.006666666362434626
,academy_3_vs_1_with_keeper,42,collect_rollout,1166,0,23,-0.006666666362434626,False,False,0.0,0.0,0,0,0,0.0,0.0,0.0,0.0,-0.006666666362434626,1,-0.006666666362434626
,academy_3_vs_1_with_keeper,42,collect_rollout,1167,0,105,-0.3199999858625233,False,False,0.0,0.0,0,0,0,0.0,0.0,0.0,0.0,-0.3199999858625233,1,-0.3199999858625233
,academy_3_vs_1_with_keeper,42,collect_rollout,1168,0,20,0.0,False,False,0.0,0.0,0,0,0,0.0,0.0,0.0,0.0,0.0,1,0.0
,academy_3_vs_1_with_keeper,42,collect_rollout,1169,0,19,0.0,False,False,0.0,0.0,0,0,0,0.0,0.0,0.0,0.0,0.0,1,0.0
,academy_3_vs_1_with_keeper,42,collect_rollout,1170,0,21,-0.009999999543651938,False,False,0.0,0.0,0,0,0,0.0,0.0,0.0,0.0,-0.009999999543651938,1,-0.009999999543651938
,academy_3_vs_1_with_keeper,42,collect_rollout,1171,0,20,-0.009999999543651938,False,False,0.0,0.0,0,0,0,0.0,0.0,0.0,0.0,-0.009999999543651938,1,-0.009999999543651938
,academy_3_vs_1_with_keeper,42,collect_rollout,1172,0,17,-0.006666666362434626,False,False,0.0,0.0,0,0,0,0.0,0.0,0.0,0.0,-0.006666666362434626,1,-0.006666666362434626
,academy_3_vs_1_with_keeper,42,collect_rollout,1173,0,15,-0.006666666362434626,False,False,0.0,0.0,0,0,0,0.0,0.0,0.0,0.0,-0.006666666362434626,1,-0.006666666362434626
,academy_3_vs_1_with_keeper,42,collect_rollout,1174,0,19,-0.009999999543651938,False,False,0.0,0.0,0,0,0,0.0,0.0,0.0,0.0,-0.009999999543651938,1,-0.009999999543651938
,academy_3_vs_1_with_keeper,42,collect_rollout,1175,0,19,-0.003333333181217313,False,False,0.0,0.0,0,0,0,0.0,0.0,0.0,0.0,-0.003333333181217313,1,-0.003333333181217313
,academy_3_vs_1_with_keeper,42,collect_rollout,1176,0,17,-0.003333333181217313,False,False,0.0,0.0,0,0,0,0.0,0.0,0.0,0.0,-0.003333333181217313,1,-0.003333333181217313
,academy_3_vs_1_with_keeper,42,collect_rollout,1177,0,17,-0.013333332724869251,False,False,0.0,0.0,0,0,0,0.0,0.0,0.0,0.0,-0.013333332724869251,1,-0.013333332724869251
,academy_3_vs_1_with_keeper,42,collect_rollout,1178,0,15,-0.003333333181217313,False,False,0.0,0.0,0,0,0,0.0,0.0,0.0,0.0,-0.003333333181217313,1,-0.003333333181217313
,academy_3_vs_1_with_keeper,42,collect_rollout,1179,0,40,2.100394159555435,False,False,0.0,0.0,0,0,0,0.0,0.0,0.0,0.0,2.100394159555435,1,2.100394159555435
,academy_3_vs_1_with_keeper,42,collect_rollout,1180,0,20,-0.006666666362434626,False,False,0.0,0.0,0,0,0,0.0,0.0,0.0,0.0,-0.006666666362434626,1,-0.006666666362434626
,academy_3_vs_1_with_keeper,42,collect_rollout,1181,0,73,-0.03737583244219422,False,False,0.0,0.0,0,0,0,0.0,0.0,0.0,0.0,-0.03737583244219422,1,-0.03737583244219422
,academy_3_vs_1_with_keeper,42,collect_rollout,1182,0,22,-0.003333333181217313,False,False,0.0,0.0,0,0,0,0.0,0.0,0.0,0.0,-0.003333333181217313,1,-0.003333333181217313
,academy_3_vs_1_with_keeper,42,collect_rollout,1183,0,87,-0.03871590446215123,False,False,0.0,0.0,0,0,0,0.0,0.0,0.0,0.0,-0.03871590446215123,1,-0.03871590446215123
,academy_3_vs_1_with_keeper,42,collect_rollout,1184,0,86,0.10834605649870355,False,False,0.0,0.0,0,0,0,0.0,0.0,0.0,0.0,0.10834605649870355,1,0.10834605649870355
,academy_3_vs_1_with_keeper,42,collect_rollout,1185,0,87,-0.05266731069423258,False,False,0.0,0.0,0,0,0,0.0,0.0,0.0,0.0,-0.05266731069423258,1,-0.05266731069423258
,academy_3_vs_1_with_keeper,42,collect_rollout,1186,0,19,-0.003333333181217313,False,False,0.0,0.0,0,0,0,0.0,0.0,0.0,0.0,-0.003333333181217313,1,-0.003333333181217313
,academy_3_vs_1_with_keeper,42,collect_rollout,1187,0,19,-0.006666666362434626,False,False,0.0,0.0,0,0,0,0.0,0.0,0.0,0.0,-0.006666666362434626,1,-0.006666666362434626
,academy_3_vs_1_with_keeper,42,collect_rollout,1188,0,22,-0.003333333181217313,False,False,0.0,0.0,0,0,0,0.0,0.0,0.0,0.0,-0.003333333181217313,1,-0.003333333181217313
,academy_3_vs_1_with_keeper,42,collect_rollout,1189,0,16,-0.006666666362434626,False,False,0.0,0.0,0,0,0,0.0,0.0,0.0,0.0,-0.006666666362434626,1,-0.006666666362434626
,academy_3_vs_1_with_keeper,42,collect_rollout,1190,0,16,-0.009999999543651938,False,False,0.0,0.0,0,0,0,0.0,0.0,0.0,0.0,-0.009999999543651938,1,-0.009999999543651938
,academy_3_vs_1_with_keeper,42,collect_rollout,1191,0,16,-0.006666666362434626,False,False,0.0,0.0,0,0,0,0.0,0.0,0.0,0.0,-0.006666666362434626,1,-0.006666666362434626
,academy_3_vs_1_with_keeper,42,collect_rollout,1192,0,18,-0.003333333181217313,False,False,0.0,0.0,0,0,0,0.0,0.0,0.0,0.0,-0.003333333181217313,1,-0.003333333181217313
,academy_3_vs_1_with_keeper,42,collect_rollout,1193,0,195,1.7389858380010992,False,False,0.0,0.0,0,0,0,0.0,0.0,0.0,0.0,1.7389858380010992,1,1.7389858380010992
,academy_3_vs_1_with_keeper,42,collect_rollout,1194,0,17,-0.003333333181217313,False,False,0.0,0.0,0,0,0,0.0,0.0,0.0,0.0,-0.003333333181217313,1,-0.003333333181217313
,academy_3_vs_1_with_keeper,42,collect_rollout,1195,0,35,0.1009162183618173,False,False,0.0,0.0,0,0,0,0.0,0.0,0.0,0.0,0.1009162183618173,1,0.1009162183618173
,academy_3_vs_1_with_keeper,42,collect_rollout,1196,0,20,-0.009999999543651938,False,False,0.0,0.0,0,0,0,0.0,0.0,0.0,0.0,-0.009999999543651938,1,-0.009999999543651938
,academy_3_vs_1_with_keeper,42,collect_rollout,1197,0,20,-0.003333333181217313,False,False,0.0,0.0,0,0,0,0.0,0.0,0.0,0.0,-0.003333333181217313,1,-0.003333333181217313
,academy_3_vs_1_with_keeper,42,collect_rollout,1198,0,23,-0.006666666362434626,False,False,0.0,0.0,0,0,0,0.0,0.0,0.0,0.0,-0.006666666362434626,1,-0.006666666362434626
,academy_3_vs_1_with_keeper,42,collect_rollout,1199,0,77,0.025985600164858624,False,False,0.0,0.0,0,0,0,0.0,0.0,0.0,0.0,0.025985600164858624,1,0.025985600164858624
,academy_3_vs_1_with_keeper,42,collect_rollout,1200,0,20,-0.009999999543651938,False,False,0.0,0.0,0,0,0,0.0,0.0,0.0,0.0,-0.009999999543651938,1,-0.009999999543651938
,academy_3_vs_1_with_keeper,42,collect_rollout,1201,0,23,2.1324602940585464,False,False,0.0,0.0,0,0,0,0.0,0.0,0.0,0.0,2.1324602940585464,1,2.1324602940585464
,academy_3_vs_1_with_keeper,42,collect_rollout,1202,0,16,0.0,False,False,0.0,0.0,0,0,0,0.0,0.0,0.0,0.0,0.0,1,0.0
,academy_3_vs_1_with_keeper,42,collect_rollout,1203,0,47,2.072769902413711,False,False,0.0,0.0,0,0,0,0.0,0.0,0.0,0.0,2.072769902413711,1,2.072769902413711
,academy_3_vs_1_with_keeper,42,collect_rollout,1204,0,19,-0.006666666362434626,False,False,0.0,0.0,0,0,0,0.0,0.0,0.0,0.0,-0.006666666362434626,1,-0.006666666362434626
,academy_3_vs_1_with_keeper,42,collect_rollout,1205,0,21,-0.026666665449738503,False,False,0.0,0.0,0,0,0,0.0,0.0,0.0,0.0,-0.026666665449738503,1,-0.026666665449738503
,academy_3_vs_1_with_keeper,42,collect_rollout,1206,0,20,-0.006666666362434626,False,False,0.0,0.0,0,0,0,0.0,0.0,0.0,0.0,-0.006666666362434626,1,-0.006666666362434626
,academy_3_vs_1_with_keeper,42,collect_rollout,1207,0,83,-8.017981599550694e-06,False,False,0.0,0.0,0,0,0,0.0,0.0,0.0,0.0,-8.017981599550694e-06,1,-8.017981599550694e-06
,academy_3_vs_1_with_keeper,42,collect_rollout,1208,0,16,-0.013333332724869251,False,False,0.0,0.0,0,0,0,0.0,0.0,0.0,0.0,-0.013333332724869251,1,-0.013333332724869251
,academy_3_vs_1_with_keeper,42,collect_rollout,1209,0,19,0.004266305244527757,False,False,0.0,0.0,0,0,0,0.0,0.0,0.0,0.0,0.004266305244527757,1,0.004266305244527757
,academy_3_vs_1_with_keeper,42,collect_rollout,1210,0,20,-0.006666666362434626,False,False,0.0,0.0,0,0,0,0.0,0.0,0.0,0.0,-0.006666666362434626,1,-0.006666666362434626
,academy_3_vs_1_with_keeper,42,collect_rollout,1211,0,17,-0.009999999543651938,False,False,0.0,0.0,0,0,0,0.0,0.0,0.0,0.0,-0.009999999543651938,1,-0.009999999543651938
,academy_3_vs_1_with_keeper,42,collect_rollout,1212,0,19,2.1293366334866732,False,False,0.0,0.0,0,0,0,0.0,0.0,0.0,0.0,2.1293366334866732,1,2.1293366334866732
,academy_3_vs_1_with_keeper,42,collect_rollout,1213,0,30,2.1281774120870978,False,False,0.0,0.0,0,0,0,0.0,0.0,0.0,0.0,2.1281774120870978,1,2.1281774120870978
,academy_3_vs_1_with_keeper,42,collect_rollout,1214,0,42,0.30437563289888203,False,False,0.0,0.0,0,0,0,0.0,0.0,0.0,0.0,0.30437563289888203,1,0.30437563289888203
,academy_3_vs_1_with_keeper,42,collect_rollout,1215,0,22,-0.009999999543651938,False,False,0.0,0.0,0,0,0,0.0,0.0,0.0,0.0,-0.009999999543651938,1,-0.009999999543651938
,academy_3_vs_1_with_keeper,42,collect_rollout,1216,0,22,-0.009999999543651938,False,False,0.0,0.0,0,0,0,0.0,0.0,0.0,0.0,-0.009999999543651938,1,-0.009999999543651938
,academy_3_vs_1_with_keeper,42,collect_rollout,1217,0,93,-0.07803217857144773,False,False,0.0,0.0,0,0,0,0.0,0.0,0.0,0.0,-0.07803217857144773,1,-0.07803217857144773
,academy_3_vs_1_with_keeper,42,collect_rollout,1218,0,84,-0.056509449263103306,False,False,0.0,0.0,0,0,0,0.0,0.0,0.0,0.0,-0.056509449263103306,1,-0.056509449263103306
,academy_3_vs_1_with_keeper,42,collect_rollout,1219,0,19,-0.003333333181217313,False,False,0.0,0.0,0,0,0,0.0,0.0,0.0,0.0,-0.003333333181217313,1,-0.003333333181217313
,academy_3_vs_1_with_keeper,42,collect_rollout,1220,0,15,-0.006666666362434626,False,False,0.0,0.0,0,0,0,0.0,0.0,0.0,0.0,-0.006666666362434626,1,-0.006666666362434626
,academy_3_vs_1_with_keeper,42,collect_rollout,1221,0,19,-0.006666666362434626,False,False,0.0,0.0,0,0,0,0.0,0.0,0.0,0.0,-0.006666666362434626,1,-0.006666666362434626
,academy_3_vs_1_with_keeper,42,collect_rollout,1222,0,21,-0.009999999543651938,False,False,0.0,0.0,0,0,0,0.0,0.0,0.0,0.0,-0.009999999543651938,1,-0.009999999543651938
,academy_3_vs_1_with_keeper,42,collect_rollout,1223,0,17,-0.016666665906086564,False,False,0.0,0.0,0,0,0,0.0,0.0,0.0,0.0,-0.016666665906086564,1,-0.016666665906086564
,academy_3_vs_1_with_keeper,42,collect_rollout,1224,0,20,-0.019999999087303877,False,False,0.0,0.0,0,0,0,0.0,0.0,0.0,0.0,-0.019999999087303877,1,-0.019999999087303877
,academy_3_vs_1_with_keeper,42,collect_rollout,1225,0,16,-0.009999999543651938,False,False,0.0,0.0,0,0,0,0.0,0.0,0.0,0.0,-0.009999999543651938,1,-0.009999999543651938
,academy_3_vs_1_with_keeper,42,collect_rollout,1226,0,95,-0.24683985102456063,False,False,0.0,0.0,0,0,0,0.0,0.0,0.0,0.0,-0.24683985102456063,1,-0.24683985102456063
,academy_3_vs_1_with_keeper,42,collect_rollout,1227,0,16,-0.003333333181217313,False,False,0.0,0.0,0,0,0,0.0,0.0,0.0,0.0,-0.003333333181217313,1,-0.003333333181217313
,academy_3_vs_1_with_keeper,42,collect_rollout,1228,0,174,-0.6003390057594515,False,False,0.0,0.0,0,0,0,0.0,0.0,0.0,0.0,-0.6003390057594515,1,-0.6003390057594515
,academy_3_vs_1_with_keeper,42,collect_rollout,1229,0,19,-0.003333333181217313,False,False,0.0,0.0,0,0,0,0.0,0.0,0.0,0.0,-0.003333333181217313,1,-0.003333333181217313
,academy_3_vs_1_with_keeper,42,collect_rollout,1230,0,17,-0.009999999543651938,False,False,0.0,0.0,0,0,0,0.0,0.0,0.0,0.0,-0.009999999543651938,1,-0.009999999543651938
,academy_3_vs_1_with_keeper,42,collect_rollout,1231,0,19,-0.003333333181217313,False,False,0.0,0.0,0,0,0,0.0,0.0,0.0,0.0,-0.003333333181217313,1,-0.003333333181217313
,academy_3_vs_1_with_keeper,42,collect_rollout,1232,0,50,0.10616836952976882,False,False,0.0,0.0,0,0,0,0.0,0.0,0.0,0.0,0.10616836952976882,1,0.10616836952976882
,academy_3_vs_1_with_keeper,42,collect_rollout,1233,0,17,-0.009999999543651938,False,False,0.0,0.0,0,0,0,0.0,0.0,0.0,0.0,-0.009999999543651938,1,-0.009999999543651938
,academy_3_vs_1_with_keeper,42,collect_rollout,1234,0,20,-0.006666666362434626,False,False,0.0,0.0,0,0,0,0.0,0.0,0.0,0.0,-0.006666666362434626,1,-0.006666666362434626
,academy_3_vs_1_with_keeper,42,collect_rollout,1235,0,46,0.05827893875539303,False,False,0.0,0.0,0,0,0,0.0,0.0,0.0,0.0,0.05827893875539303,1,0.05827893875539303
,academy_3_vs_1_with_keeper,42,collect_rollout,1236,0,19,-0.006666666362434626,False,False,0.0,0.0,0,0,0,0.0,0.0,0.0,0.0,-0.006666666362434626,1,-0.006666666362434626
,academy_3_vs_1_with_keeper,42,collect_rollout,1237,0,194,0.2533208583663509,False,False,0.0,0.0,0,0,0,0.0,0.0,0.0,0.0,0.2533208583663509,1,0.2533208583663509
,academy_3_vs_1_with_keeper,42,collect_rollout,1238,0,15,0.0,False,False,0.0,0.0,0,0,0,0.0,0.0,0.0,0.0,0.0,1,0.0
,academy_3_vs_1_with_keeper,42,collect_rollout,1239,0,20,-0.006666666362434626,False,False,0.0,0.0,0,0,0,0.0,0.0,0.0,0.0,-0.006666666362434626,1,-0.006666666362434626
,academy_3_vs_1_with_keeper,42,collect_rollout,1240,0,20,-0.016666665906086564,False,False,0.0,0.0,0,0,0,0.0,0.0,0.0,0.0,-0.016666665906086564,1,-0.016666665906086564
,academy_3_vs_1_with_keeper,42,collect_rollout,1241,0,19,0.0,False,False,0.0,0.0,0,0,0,0.0,0.0,0.0,0.0,0.0,1,0.0
,academy_3_vs_1_with_keeper,42,collect_rollout,1242,0,18,-0.006666666362434626,False,False,0.0,0.0,0,0,0,0.0,0.0,0.0,0.0,-0.006666666362434626,1,-0.006666666362434626
,academy_3_vs_1_with_keeper,42,collect_rollout,1243,0,7,0.050260995514690876,False,False,0.0,0.0,0,0,0,0.0,0.0,0.0,0.0,0.050260995514690876,1,0.050260995514690876
,academy_3_vs_1_with_keeper,42,collect_rollout,1244,0,23,-0.013333332724869251,False,False,0.0,0.0,0,0,0,0.0,0.0,0.0,0.0,-0.013333332724869251,1,-0.013333332724869251
,academy_3_vs_1_with_keeper,42,collect_rollout,1245,0,19,-0.009999999543651938,False,False,0.0,0.0,0,0,0,0.0,0.0,0.0,0.0,-0.009999999543651938,1,-0.009999999543651938
,academy_3_vs_1_with_keeper,42,collect_rollout,1246,0,21,0.0,False,False,0.0,0.0,0,0,0,0.0,0.0,0.0,0.0,0.0,1,0.0
,academy_3_vs_1_with_keeper,42,collect_rollout,1247,0,19,-0.006666666362434626,False,False,0.0,0.0,0,0,0,0.0,0.0,0.0,0.0,-0.006666666362434626,1,-0.006666666362434626
,academy_3_vs_1_with_keeper,42,collect_rollout,1248,0,88,-0.24952529778238386,False,False,0.0,0.0,0,0,0,0.0,0.0,0.0,0.0,-0.24952529778238386,1,-0.24952529778238386
,academy_3_vs_1_with_keeper,42,collect_rollout,1249,0,15,-0.006666666362434626,False,False,0.0,0.0,0,0,0,0.0,0.0,0.0,0.0,-0.006666666362434626,1,-0.006666666362434626
,academy_3_vs_1_with_keeper,42,collect_rollout,1250,0,21,-0.019999999087303877,False,False,0.0,0.0,0,0,0,0.0,0.0,0.0,0.0,-0.019999999087303877,1,-0.019999999087303877
,academy_3_vs_1_with_keeper,42,collect_rollout,1251,0,20,2.13428521330934,False,False,0.0,0.0,0,0,0,0.0,0.0,0.0,0.0,2.13428521330934,1,2.13428521330934
,academy_3_vs_1_with_keeper,42,collect_rollout,1252,0,21,-0.003333333181217313,False,False,0.0,0.0,0,0,0,0.0,0.0,0.0,0.0,-0.003333333181217313,1,-0.003333333181217313
,academy_3_vs_1_with_keeper,42,collect_rollout,1253,0,21,-0.009999999543651938,False,False,0.0,0.0,0,0,0,0.0,0.0,0.0,0.0,-0.009999999543651938,1,-0.009999999543651938
,academy_3_vs_1_with_keeper,42,collect_rollout,1254,0,21,-0.006666666362434626,False,False,0.0,0.0,0,0,0,0.0,0.0,0.0,0.0,-0.006666666362434626,1,-0.006666666362434626
,academy_3_vs_1_with_keeper,42,collect_rollout,1255,0,16,-0.009999999543651938,False,False,0.0,0.0,0,0,0,0.0,0.0,0.0,0.0,-0.009999999543651938,1,-0.009999999543651938
,academy_3_vs_1_with_keeper,42,collect_rollout,1256,0,17,-0.006666666362434626,False,False,0.0,0.0,0,0,0,0.0,0.0,0.0,0.0,-0.006666666362434626,1,-0.006666666362434626
,academy_3_vs_1_with_keeper,42,collect_rollout,1257,0,17,-0.003333333181217313,False,False,0.0,0.0,0,0,0,0.0,0.0,0.0,0.0,-0.003333333181217313,1,-0.003333333181217313
,academy_3_vs_1_with_keeper,42,collect_rollout,1258,0,52,0.034954138720422634,False,False,0.0,0.0,0,0,0,0.0,0.0,0.0,0.0,0.034954138720422634,1,0.034954138720422634
,academy_3_vs_1_with_keeper,42,collect_rollout,1259,0,23,-0.019999999087303877,False,False,0.0,0.0,0,0,0,0.0,0.0,0.0,0.0,-0.019999999087303877,1,-0.019999999087303877
,academy_3_vs_1_with_keeper,42,collect_rollout,1260,0,31,-0.03068136563524604,False,False,0.0,0.0,0,0,0,0.0,0.0,0.0,0.0,-0.03068136563524604,1,-0.03068136563524604
,academy_3_vs_1_with_keeper,42,collect_rollout,1261,0,19,-0.009999999543651938,False,False,0.0,0.0,0,0,0,0.0,0.0,0.0,0.0,-0.009999999543651938,1,-0.009999999543651938
,academy_3_vs_1_with_keeper,42,collect_rollout,1262,0,20,-0.006666666362434626,False,False,0.0,0.0,0,0,0,0.0,0.0,0.0,0.0,-0.006666666362434626,1,-0.006666666362434626
,academy_3_vs_1_with_keeper,42,collect_rollout,1263,0,43,-0.04333333158865571,False,False,0.0,0.0,0,0,0,0.0,0.0,0.0,0.0,-0.04333333158865571,1,-0.04333333158865571
,academy_3_vs_1_with_keeper,42,collect_rollout,1264,0,36,0.03856304090004414,False,False,0.0,0.0,0,0,0,0.0,0.0,0.0,0.0,0.03856304090004414,1,0.03856304090004414
,academy_3_vs_1_with_keeper,42,collect_rollout,1265,0,20,-0.003333333181217313,False,False,0.0,0.0,0,0,0,0.0,0.0,0.0,0.0,-0.003333333181217313,1,-0.003333333181217313
,academy_3_vs_1_with_keeper,42,collect_rollout,1266,0,15,-0.006666666362434626,False,False,0.0,0.0,0,0,0,0.0,0.0,0.0,0.0,-0.006666666362434626,1,-0.006666666362434626
,academy_3_vs_1_with_keeper,42,collect_rollout,1267,0,16,0.0,False,False,0.0,0.0,0,0,0,0.0,0.0,0.0,0.0,0.0,1,0.0
,academy_3_vs_1_with_keeper,42,collect_rollout,1268,0,16,-0.009999999543651938,False,False,0.0,0.0,0,0,0,0.0,0.0,0.0,0.0,-0.009999999543651938,1,-0.009999999543651938
,academy_3_vs_1_with_keeper,42,collect_rollout,1269,0,19,-0.006666666362434626,False,False,0.0,0.0,0,0,0,0.0,0.0,0.0,0.0,-0.006666666362434626,1,-0.006666666362434626
,academy_3_vs_1_with_keeper,42,collect_rollout,1270,0,18,0.0,False,False,0.0,0.0,0,0,0,0.0,0.0,0.0,0.0,0.0,1,0.0
,academy_3_vs_1_with_keeper,42,collect_rollout,1271,0,28,0.07519910368137062,False,False,0.0,0.0,0,0,0,0.0,0.0,0.0,0.0,0.07519910368137062,1,0.07519910368137062
,academy_3_vs_1_with_keeper,42,collect_rollout,1272,0,14,-0.003333333181217313,False,False,0.0,0.0,0,0,0,0.0,0.0,0.0,0.0,-0.003333333181217313,1,-0.003333333181217313
,academy_3_vs_1_with_keeper,42,collect_rollout,1273,0,22,-0.006666666362434626,False,False,0.0,0.0,0,0,0,0.0,0.0,0.0,0.0,-0.006666666362434626,1,-0.006666666362434626
,academy_3_vs_1_with_keeper,42,collect_rollout,1274,0,17,-0.02333333226852119,False,False,0.0,0.0,0,0,0,0.0,0.0,0.0,0.0,-0.02333333226852119,1,-0.02333333226852119
,academy_3_vs_1_with_keeper,42,collect_rollout,1275,0,19,-0.006666666362434626,False,False,0.0,0.0,0,0,0,0.0,0.0,0.0,0.0,-0.006666666362434626,1,-0.006666666362434626
,academy_3_vs_1_with_keeper,42,collect_rollout,1276,0,17,-0.006666666362434626,False,False,0.0,0.0,0,0,0,0.0,0.0,0.0,0.0,-0.006666666362434626,1,-0.006666666362434626
,academy_3_vs_1_with_keeper,42,collect_rollout,1277,0,76,-0.0019763007876463234,False,False,0.0,0.0,0,0,0,0.0,0.0,0.0,0.0,-0.0019763007876463234,1,-0.0019763007876463234
,academy_3_vs_1_with_keeper,42,collect_rollout,1278,0,17,-0.013333332724869251,False,False,0.0,0.0,0,0,0,0.0,0.0,0.0,0.0,-0.013333332724869251,1,-0.013333332724869251
,academy_3_vs_1_with_keeper,42,collect_rollout,1279,0,19,2.123966004815884,False,False,0.0,0.0,0,0,0,0.0,0.0,0.0,0.0,2.123966004815884,1,2.123966004815884
,academy_3_vs_1_with_keeper,42,collect_rollout,1280,0,20,-0.006666666362434626,False,False,0.0,0.0,0,0,0,0.0,0.0,0.0,0.0,-0.006666666362434626,1,-0.006666666362434626
,academy_3_vs_1_with_keeper,42,collect_rollout,1281,0,17,-0.009999999543651938,False,False,0.0,0.0,0,0,0,0.0,0.0,0.0,0.0,-0.009999999543651938,1,-0.009999999543651938
,academy_3_vs_1_with_keeper,42,collect_rollout,1282,0,14,-0.009999999543651938,False,False,0.0,0.0,0,0,0,0.0,0.0,0.0,0.0,-0.009999999543651938,1,-0.009999999543651938
,academy_3_vs_1_with_keeper,42,collect_rollout,1283,0,21,2.1354311030590907,False,False,0.0,0.0,0,0,0,0.0,0.0,0.0,0.0,2.1354311030590907,1,2.1354311030590907
,academy_3_vs_1_with_keeper,42,collect_rollout,1284,0,21,-0.013333332724869251,False,False,0.0,0.0,0,0,0,0.0,0.0,0.0,0.0,-0.013333332724869251,1,-0.013333332724869251
,academy_3_vs_1_with_keeper,42,collect_rollout,1285,0,19,-0.009999999543651938,False,False,0.0,0.0,0,0,0,0.0,0.0,0.0,0.0,-0.009999999543651938,1,-0.009999999543651938
,academy_3_vs_1_with_keeper,42,collect_rollout,1286,0,19,-0.006666666362434626,False,False,0.0,0.0,0,0,0,0.0,0.0,0.0,0.0,-0.006666666362434626,1,-0.006666666362434626
,academy_3_vs_1_with_keeper,42,collect_rollout,1287,0,19,-0.016666665906086564,False,False,0.0,0.0,0,0,0,0.0,0.0,0.0,0.0,-0.016666665906086564,1,-0.016666665906086564
,academy_3_vs_1_with_keeper,42,collect_rollout,1288,0,13,0.020897144568152726,False,False,0.0,0.0,0,0,0,0.0,0.0,0.0,0.0,0.020897144568152726,1,0.020897144568152726
,academy_3_vs_1_with_keeper,42,collect_rollout,1289,0,14,-0.003333333181217313,False,False,0.0,0.0,0,0,0,0.0,0.0,0.0,0.0,-0.003333333181217313,1,-0.003333333181217313
,academy_3_vs_1_with_keeper,42,collect_rollout,1290,0,17,-0.006666666362434626,False,False,0.0,0.0,0,0,0,0.0,0.0,0.0,0.0,-0.006666666362434626,1,-0.006666666362434626
,academy_3_vs_1_with_keeper,42,collect_rollout,1291,0,17,-0.006666666362434626,False,False,0.0,0.0,0,0,0,0.0,0.0,0.0,0.0,-0.006666666362434626,1,-0.006666666362434626
,academy_3_vs_1_with_keeper,42,collect_rollout,1292,0,22,-0.013333332957699895,False,False,0.0,0.0,0,0,0,0.0,0.0,0.0,0.0,-0.013333332957699895,1,-0.013333332957699895
,academy_3_vs_1_with_keeper,42,collect_rollout,1293,0,17,-0.009999999543651938,False,False,0.0,0.0,0,0,0,0.0,0.0,0.0,0.0,-0.009999999543651938,1,-0.009999999543651938
,academy_3_vs_1_with_keeper,42,collect_rollout,1294,0,15,-0.009999999543651938,False,False,0.0,0.0,0,0,0,0.0,0.0,0.0,0.0,-0.009999999543651938,1,-0.009999999543651938
,academy_3_vs_1_with_keeper,42,collect_rollout,1295,0,18,-0.006666666362434626,False,False,0.0,0.0,0,0,0,0.0,0.0,0.0,0.0,-0.006666666362434626,1,-0.006666666362434626
,academy_3_vs_1_with_keeper,42,collect_rollout,1296,0,19,-0.006666666362434626,False,False,0.0,0.0,0,0,0,0.0,0.0,0.0,0.0,-0.006666666362434626,1,-0.006666666362434626
,academy_3_vs_1_with_keeper,42,collect_rollout,1297,0,18,-0.006666666362434626,False,False,0.0,0.0,0,0,0,0.0,0.0,0.0,0.0,-0.006666666362434626,1,-0.006666666362434626
,academy_3_vs_1_with_keeper,42,collect_rollout,1298,0,13,-0.006666666362434626,False,False,0.0,0.0,0,0,0,0.0,0.0,0.0,0.0,-0.006666666362434626,1,-0.006666666362434626
,academy_3_vs_1_with_keeper,42,collect_rollout,1299,0,16,0.0,False,False,0.0,0.0,0,0,0,0.0,0.0,0.0,0.0,0.0,1,0.0
,academy_3_vs_1_with_keeper,42,collect_rollout,1300,0,18,-0.003333333181217313,False,False,0.0,0.0,0,0,0,0.0,0.0,0.0,0.0,-0.003333333181217313,1,-0.003333333181217313
,academy_3_vs_1_with_keeper,42,collect_rollout,1301,0,22,0.0,False,False,0.0,0.0,0,0,0,0.0,0.0,0.0,0.0,0.0,1,0.0
,academy_3_vs_1_with_keeper,42,collect_rollout,1302,0,17,-0.013333332724869251,False,False,0.0,0.0,0,0,0,0.0,0.0,0.0,0.0,-0.013333332724869251,1,-0.013333332724869251
,academy_3_vs_1_with_keeper,42,collect_rollout,1303,0,15,0.02304639166686684,False,False,0.0,0.0,0,0,0,0.0,0.0,0.0,0.0,0.02304639166686684,1,0.02304639166686684
,academy_3_vs_1_with_keeper,42,collect_rollout,1304,0,26,2.14146501198411,False,False,0.0,0.0,0,0,0,0.0,0.0,0.0,0.0,2.14146501198411,1,2.14146501198411
,academy_3_vs_1_with_keeper,42,collect_rollout,1305,0,30,2.1260717199184,False,False,0.0,0.0,0,0,0,0.0,0.0,0.0,0.0,2.1260717199184,1,2.1260717199184
,academy_3_vs_1_with_keeper,42,collect_rollout,1306,0,15,-0.006666666362434626,False,False,0.0,0.0,0,0,0,0.0,0.0,0.0,0.0,-0.006666666362434626,1,-0.006666666362434626
,academy_3_vs_1_with_keeper,42,collect_rollout,1307,0,20,-0.003333333181217313,False,False,0.0,0.0,0,0,0,0.0,0.0,0.0,0.0,-0.003333333181217313,1,-0.003333333181217313
,academy_3_vs_1_with_keeper,42,collect_rollout,1308,0,21,-0.02333333226852119,False,False,0.0,0.0,0,0,0,0.0,0.0,0.0,0.0,-0.02333333226852119,1,-0.02333333226852119
,academy_3_vs_1_with_keeper,42,collect_rollout,1309,0,30,2.135283925686963,False,False,0.0,0.0,0,0,0,0.0,0.0,0.0,0.0,2.135283925686963,1,2.135283925686963
,academy_3_vs_1_with_keeper,42,collect_rollout,1310,0,34,2.105035205720924,False,False,0.0,0.0,0,0,0,0.0,0.0,0.0,0.0,2.105035205720924,1,2.105035205720924
,academy_3_vs_1_with_keeper,42,collect_rollout,1311,0,15,0.0,False,False,0.0,0.0,0,0,0,0.0,0.0,0.0,0.0,0.0,1,0.0
,academy_3_vs_1_with_keeper,42,collect_rollout,1312,0,19,-0.013333332724869251,False,False,0.0,0.0,0,0,0,0.0,0.0,0.0,0.0,-0.013333332724869251,1,-0.013333332724869251
,academy_3_vs_1_with_keeper,42,collect_rollout,1313,0,18,-0.006666666362434626,False,False,0.0,0.0,0,0,0,0.0,0.0,0.0,0.0,-0.006666666362434626,1,-0.006666666362434626
,academy_3_vs_1_with_keeper,42,collect_rollout,1314,0,18,-0.006666666362434626,False,False,0.0,0.0,0,0,0,0.0,0.0,0.0,0.0,-0.006666666362434626,1,-0.006666666362434626
,academy_3_vs_1_with_keeper,42,collect_rollout,1315,0,18,-0.013333332724869251,False,False,0.0,0.0,0,0,0,0.0,0.0,0.0,0.0,-0.013333332724869251,1,-0.013333332724869251
,academy_3_vs_1_with_keeper,42,collect_rollout,1316,0,16,0.0,False,False,0.0,0.0,0,0,0,0.0,0.0,0.0,0.0,0.0,1,0.0
,academy_3_vs_1_with_keeper,42,collect_rollout,1317,0,14,-0.009999999543651938,False,False,0.0,0.0,0,0,0,0.0,0.0,0.0,0.0,-0.009999999543651938,1,-0.009999999543651938
,academy_3_vs_1_with_keeper,42,collect_rollout,1318,0,15,-0.003333333181217313,False,False,0.0,0.0,0,0,0,0.0,0.0,0.0,0.0,-0.003333333181217313,1,-0.003333333181217313
,academy_3_vs_1_with_keeper,42,collect_rollout,1319,0,51,-0.029999998630955815,False,False,0.0,0.0,0,0,0,0.0,0.0,0.0,0.0,-0.029999998630955815,1,-0.029999998630955815
,academy_3_vs_1_with_keeper,42,collect_rollout,1320,0,23,-0.006666666362434626,False,False,0.0,0.0,0,0,0,0.0,0.0,0.0,0.0,-0.006666666362434626,1,-0.006666666362434626
,academy_3_vs_1_with_keeper,42,collect_rollout,1321,0,17,-0.006666666362434626,False,False,0.0,0.0,0,0,0,0.0,0.0,0.0,0.0,-0.006666666362434626,1,-0.006666666362434626
,academy_3_vs_1_with_keeper,42,collect_rollout,1322,0,19,-0.006666666362434626,False,False,0.0,0.0,0,0,0,0.0,0.0,0.0,0.0,-0.006666666362434626,1,-0.006666666362434626
,academy_3_vs_1_with_keeper,42,collect_rollout,1323,0,17,-0.009999999543651938,False,False,0.0,0.0,0,0,0,0.0,0.0,0.0,0.0,-0.009999999543651938,1,-0.009999999543651938
,academy_3_vs_1_with_keeper,42,collect_rollout,1324,0,17,-0.009999999543651938,False,False,0.0,0.0,0,0,0,0.0,0.0,0.0,0.0,-0.009999999543651938,1,-0.009999999543651938
,academy_3_vs_1_with_keeper,42,collect_rollout,1325,0,39,0.06994292989838868,False,False,0.0,0.0,0,0,0,0.0,0.0,0.0,0.0,0.06994292989838868,1,0.06994292989838868
,academy_3_vs_1_with_keeper,42,collect_rollout,1326,0,22,-0.013333332724869251,False,False,0.0,0.0,0,0,0,0.0,0.0,0.0,0.0,-0.013333332724869251,1,-0.013333332724869251
,academy_3_vs_1_with_keeper,42,collect_rollout,1327,0,16,0.0,False,False,0.0,0.0,0,0,0,0.0,0.0,0.0,0.0,0.0,1,0.0
,academy_3_vs_1_with_keeper,42,collect_rollout,1328,0,18,-0.006666666362434626,False,False,0.0,0.0,0,0,0,0.0,0.0,0.0,0.0,-0.006666666362434626,1,-0.006666666362434626
,academy_3_vs_1_with_keeper,42,collect_rollout,1329,0,16,-0.009999999543651938,False,False,0.0,0.0,0,0,0,0.0,0.0,0.0,0.0,-0.009999999543651938,1,-0.009999999543651938
,academy_3_vs_1_with_keeper,42,collect_rollout,1330,0,17,-0.009999999543651938,False,False,0.0,0.0,0,0,0,0.0,0.0,0.0,0.0,-0.009999999543651938,1,-0.009999999543651938
,academy_3_vs_1_with_keeper,42,collect_rollout,1331,0,18,-0.009999999543651938,False,False,0.0,0.0,0,0,0,0.0,0.0,0.0,0.0,-0.009999999543651938,1,-0.009999999543651938
,academy_3_vs_1_with_keeper,42,collect_rollout,1332,0,16,-0.013333332724869251,False,False,0.0,0.0,0,0,0,0.0,0.0,0.0,0.0,-0.013333332724869251,1,-0.013333332724869251
,academy_3_vs_1_with_keeper,42,collect_rollout,1333,0,21,-0.009999999543651938,False,False,0.0,0.0,0,0,0,0.0,0.0,0.0,0.0,-0.009999999543651938,1,-0.009999999543651938
,academy_3_vs_1_with_keeper,42,collect_rollout,1334,0,11,0.013852246454916894,False,False,0.0,0.0,0,0,0,0.0,0.0,0.0,0.0,0.013852246454916894,1,0.013852246454916894
,academy_3_vs_1_with_keeper,42,collect_rollout,1335,0,68,-0.0812736889347434,False,False,0.0,0.0,0,0,0,0.0,0.0,0.0,0.0,-0.0812736889347434,1,-0.0812736889347434
,academy_3_vs_1_with_keeper,42,collect_rollout,1336,0,21,-0.013333332724869251,False,False,0.0,0.0,0,0,0,0.0,0.0,0.0,0.0,-0.013333332724869251,1,-0.013333332724869251
,academy_3_vs_1_with_keeper,42,collect_rollout,1337,0,55,-0.002977565978653729,False,False,0.0,0.0,0,0,0,0.0,0.0,0.0,0.0,-0.002977565978653729,1,-0.002977565978653729
,academy_3_vs_1_with_keeper,42,collect_rollout,1338,0,33,0.08734071580693126,False,False,0.0,0.0,0,0,0,0.0,0.0,0.0,0.0,0.08734071580693126,1,0.08734071580693126
,academy_3_vs_1_with_keeper,42,collect_rollout,1339,0,15,-0.006666666362434626,False,False,0.0,0.0,0,0,0,0.0,0.0,0.0,0.0,-0.006666666362434626,1,-0.006666666362434626
,academy_3_vs_1_with_keeper,42,collect_rollout,1340,0,117,-0.1711240143631585,False,False,0.0,0.0,0,0,0,0.0,0.0,0.0,0.0,-0.1711240143631585,1,-0.1711240143631585
,academy_3_vs_1_with_keeper,42,collect_rollout,1341,0,16,-0.006666666362434626,False,False,0.0,0.0,0,0,0,0.0,0.0,0.0,0.0,-0.006666666362434626,1,-0.006666666362434626
,academy_3_vs_1_with_keeper,42,collect_rollout,1342,0,73,-0.07328880135901272,False,False,0.0,0.0,0,0,0,0.0,0.0,0.0,0.0,-0.07328880135901272,1,-0.07328880135901272
,academy_3_vs_1_with_keeper,42,collect_rollout,1343,0,59,0.07768903140095063,False,False,0.0,0.0,0,0,0,0.0,0.0,0.0,0.0,0.07768903140095063,1,0.07768903140095063
,academy_3_vs_1_with_keeper,42,collect_rollout,1344,0,57,-0.04666666453704238,False,False,0.0,0.0,0,0,0,0.0,0.0,0.0,0.0,-0.04666666453704238,1,-0.04666666453704238
,academy_3_vs_1_with_keeper,42,collect_rollout,1345,0,19,-0.006666666362434626,False,False,0.0,0.0,0,0,0,0.0,0.0,0.0,0.0,-0.006666666362434626,1,-0.006666666362434626
,academy_3_vs_1_with_keeper,42,collect_rollout,1346,0,24,-0.013333332724869251,False,False,0.0,0.0,0,0,0,0.0,0.0,0.0,0.0,-0.013333332724869251,1,-0.013333332724869251
,academy_3_vs_1_with_keeper,42,collect_rollout,1347,0,18,-0.016666665906086564,False,False,0.0,0.0,0,0,0,0.0,0.0,0.0,0.0,-0.016666665906086564,1,-0.016666665906086564
,academy_3_vs_1_with_keeper,42,collect_rollout,1348,0,19,-0.029999998630955815,False,False,0.0,0.0,0,0,0,0.0,0.0,0.0,0.0,-0.029999998630955815,1,-0.029999998630955815
,academy_3_vs_1_with_keeper,42,collect_rollout,1349,0,22,-0.02333333226852119,False,False,0.0,0.0,0,0,0,0.0,0.0,0.0,0.0,-0.02333333226852119,1,-0.02333333226852119
,academy_3_vs_1_with_keeper,42,collect_rollout,1350,0,16,-0.003333333181217313,False,False,0.0,0.0,0,0,0,0.0,0.0,0.0,0.0,-0.003333333181217313,1,-0.003333333181217313
,academy_3_vs_1_with_keeper,42,collect_rollout,1351,0,43,0.0475110555998981,False,False,0.0,0.0,0,0,0,0.0,0.0,0.0,0.0,0.0475110555998981,1,0.0475110555998981
,academy_3_vs_1_with_keeper,42,collect_rollout,1352,0,22,-0.003333333181217313,False,False,0.0,0.0,0,0,0,0.0,0.0,0.0,0.0,-0.003333333181217313,1,-0.003333333181217313
,academy_3_vs_1_with_keeper,42,collect_rollout,1353,0,14,-0.003333333181217313,False,False,0.0,0.0,0,0,0,0.0,0.0,0.0,0.0,-0.003333333181217313,1,-0.003333333181217313
,academy_3_vs_1_with_keeper,42,collect_rollout,1354,0,20,-0.006666666362434626,False,False,0.0,0.0,0,0,0,0.0,0.0,0.0,0.0,-0.006666666362434626,1,-0.006666666362434626
,academy_3_vs_1_with_keeper,42,collect_rollout,1355,0,21,-0.013333332724869251,False,False,0.0,0.0,0,0,0,0.0,0.0,0.0,0.0,-0.013333332724869251,1,-0.013333332724869251
,academy_3_vs_1_with_keeper,42,collect_rollout,1356,0,20,-0.013333332724869251,False,False,0.0,0.0,0,0,0,0.0,0.0,0.0,0.0,-0.013333332724869251,1,-0.013333332724869251
,academy_3_vs_1_with_keeper,42,collect_rollout,1357,0,16,-0.013333332724869251,False,False,0.0,0.0,0,0,0,0.0,0.0,0.0,0.0,-0.013333332724869251,1,-0.013333332724869251
,academy_3_vs_1_with_keeper,42,collect_rollout,1358,0,18,-0.009999999543651938,False,False,0.0,0.0,0,0,0,0.0,0.0,0.0,0.0,-0.009999999543651938,1,-0.009999999543651938
,academy_3_vs_1_with_keeper,42,collect_rollout,1359,0,22,-0.009999999543651938,False,False,0.0,0.0,0,0,0,0.0,0.0,0.0,0.0,-0.009999999543651938,1,-0.009999999543651938
,academy_3_vs_1_with_keeper,42,collect_rollout,1360,0,21,-0.013333332724869251,False,False,0.0,0.0,0,0,0,0.0,0.0,0.0,0.0,-0.013333332724869251,1,-0.013333332724869251
,academy_3_vs_1_with_keeper,42,collect_rollout,1361,0,21,-0.006666666362434626,False,False,0.0,0.0,0,0,0,0.0,0.0,0.0,0.0,-0.006666666362434626,1,-0.006666666362434626
,academy_3_vs_1_with_keeper,42,collect_rollout,1362,0,27,0.11018965078983456,False,False,0.0,0.0,0,0,0,0.0,0.0,0.0,0.0,0.11018965078983456,1,0.11018965078983456
,academy_3_vs_1_with_keeper,42,collect_rollout,1363,0,20,-0.009999999543651938,False,False,0.0,0.0,0,0,0,0.0,0.0,0.0,0.0,-0.009999999543651938,1,-0.009999999543651938
,academy_3_vs_1_with_keeper,42,collect_rollout,1364,0,27,2.1278712378116325,False,False,0.0,0.0,0,0,0,0.0,0.0,0.0,0.0,2.1278712378116325,1,2.1278712378116325
,academy_3_vs_1_with_keeper,42,collect_rollout,1365,0,19,-0.006666666362434626,False,False,0.0,0.0,0,0,0,0.0,0.0,0.0,0.0,-0.006666666362434626,1,-0.006666666362434626
,academy_3_vs_1_with_keeper,42,collect_rollout,1366,0,20,-0.003333333181217313,False,False,0.0,0.0,0,0,0,0.0,0.0,0.0,0.0,-0.003333333181217313,1,-0.003333333181217313
,academy_3_vs_1_with_keeper,42,collect_rollout,1367,0,21,-0.009999999543651938,False,False,0.0,0.0,0,0,0,0.0,0.0,0.0,0.0,-0.009999999543651938,1,-0.009999999543651938
,academy_3_vs_1_with_keeper,42,collect_rollout,1368,0,30,0.3426820421591401,False,False,0.0,0.0,0,0,0,0.0,0.0,0.0,0.0,0.3426820421591401,1,0.3426820421591401
,academy_3_vs_1_with_keeper,42,collect_rollout,1369,0,19,-0.016666665906086564,False,False,0.0,0.0,0,0,0,0.0,0.0,0.0,0.0,-0.016666665906086564,1,-0.016666665906086564
,academy_3_vs_1_with_keeper,42,collect_rollout,1370,0,42,-0.003302029217593372,False,False,0.0,0.0,0,0,0,0.0,0.0,0.0,0.0,-0.003302029217593372,1,-0.003302029217593372
,academy_3_vs_1_with_keeper,42,collect_rollout,1371,0,19,-0.009999999543651938,False,False,0.0,0.0,0,0,0,0.0,0.0,0.0,0.0,-0.009999999543651938,1,-0.009999999543651938
,academy_3_vs_1_with_keeper,42,collect_rollout,1372,0,22,-0.019999999087303877,False,False,0.0,0.0,0,0,0,0.0,0.0,0.0,0.0,-0.019999999087303877,1,-0.019999999087303877
,academy_3_vs_1_with_keeper,42,collect_rollout,1373,0,19,-0.006666666362434626,False,False,0.0,0.0,0,0,0,0.0,0.0,0.0,0.0,-0.006666666362434626,1,-0.006666666362434626
,academy_3_vs_1_with_keeper,42,collect_rollout,1374,0,21,-0.006666666362434626,False,False,0.0,0.0,0,0,0,0.0,0.0,0.0,0.0,-0.006666666362434626,1,-0.006666666362434626
,academy_3_vs_1_with_keeper,42,collect_rollout,1375,0,22,-0.009999999543651938,False,False,0.0,0.0,0,0,0,0.0,0.0,0.0,0.0,-0.009999999543651938,1,-0.009999999543651938
,academy_3_vs_1_with_keeper,42,collect_rollout,1376,0,14,-0.003333333181217313,False,False,0.0,0.0,0,0,0,0.0,0.0,0.0,0.0,-0.003333333181217313,1,-0.003333333181217313
,academy_3_vs_1_with_keeper,42,collect_rollout,1377,0,18,-0.006666666362434626,False,False,0.0,0.0,0,0,0,0.0,0.0,0.0,0.0,-0.006666666362434626,1,-0.006666666362434626
,academy_3_vs_1_with_keeper,42,collect_rollout,1378,0,18,-0.009999999543651938,False,False,0.0,0.0,0,0,0,0.0,0.0,0.0,0.0,-0.009999999543651938,1,-0.009999999543651938
,academy_3_vs_1_with_keeper,42,collect_rollout,1379,0,20,-0.013333332724869251,False,False,0.0,0.0,0,0,0,0.0,0.0,0.0,0.0,-0.013333332724869251,1,-0.013333332724869251
,academy_3_vs_1_with_keeper,42,collect_rollout,1380,0,9,0.029908658820204437,False,False,0.0,0.0,0,0,0,0.0,0.0,0.0,0.0,0.029908658820204437,1,0.029908658820204437
,academy_3_vs_1_with_keeper,42,collect_rollout,1381,0,20,-0.006666666362434626,False,False,0.0,0.0,0,0,0,0.0,0.0,0.0,0.0,-0.006666666362434626,1,-0.006666666362434626
,academy_3_vs_1_with_keeper,42,collect_rollout,1382,0,88,0.08178479102207348,False,False,0.0,0.0,0,0,0,0.0,0.0,0.0,0.0,0.08178479102207348,1,0.08178479102207348
,academy_3_vs_1_with_keeper,42,collect_rollout,1383,0,24,-0.019999999087303877,False,False,0.0,0.0,0,0,0,0.0,0.0,0.0,0.0,-0.019999999087303877,1,-0.019999999087303877
,academy_3_vs_1_with_keeper,42,collect_rollout,1384,0,16,-0.006666666362434626,False,False,0.0,0.0,0,0,0,0.0,0.0,0.0,0.0,-0.006666666362434626,1,-0.006666666362434626
,academy_3_vs_1_with_keeper,42,collect_rollout,1385,0,16,-0.009999999543651938,False,False,0.0,0.0,0,0,0,0.0,0.0,0.0,0.0,-0.009999999543651938,1,-0.009999999543651938
,academy_3_vs_1_with_keeper,42,collect_rollout,1386,0,35,0.07175078755244613,False,False,0.0,0.0,0,0,0,0.0,0.0,0.0,0.0,0.07175078755244613,1,0.07175078755244613
,academy_3_vs_1_with_keeper,42,collect_rollout,1387,0,20,-0.019999999087303877,False,False,0.0,0.0,0,0,0,0.0,0.0,0.0,0.0,-0.019999999087303877,1,-0.019999999087303877
,academy_3_vs_1_with_keeper,42,collect_rollout,1388,0,90,0.0447627198882401,False,False,0.0,0.0,0,0,0,0.0,0.0,0.0,0.0,0.0447627198882401,1,0.0447627198882401
,academy_3_vs_1_with_keeper,42,collect_rollout,1389,0,16,-0.003333333181217313,False,False,0.0,0.0,0,0,0,0.0,0.0,0.0,0.0,-0.003333333181217313,1,-0.003333333181217313
,academy_3_vs_1_with_keeper,42,collect_rollout,1390,0,44,0.01985990471439436,False,False,0.0,0.0,0,0,0,0.0,0.0,0.0,0.0,0.01985990471439436,1,0.01985990471439436
,academy_3_vs_1_with_keeper,42,collect_rollout,1391,0,23,-0.003333333181217313,False,False,0.0,0.0,0,0,0,0.0,0.0,0.0,0.0,-0.003333333181217313,1,-0.003333333181217313
,academy_3_vs_1_with_keeper,42,collect_rollout,1392,0,9,0.027292653685435653,False,False,0.0,0.0,0,0,0,0.0,0.0,0.0,0.0,0.027292653685435653,1,0.027292653685435653
,academy_3_vs_1_with_keeper,42,collect_rollout,1393,0,16,-0.013333332724869251,False,False,0.0,0.0,0,0,0,0.0,0.0,0.0,0.0,-0.013333332724869251,1,-0.013333332724869251
,academy_3_vs_1_with_keeper,42,collect_rollout,1394,0,39,-0.03666666499339044,False,False,0.0,0.0,0,0,0,0.0,0.0,0.0,0.0,-0.03666666499339044,1,-0.03666666499339044
,academy_3_vs_1_with_keeper,42,collect_rollout,1395,0,56,-0.01136383949778974,False,False,0.0,0.0,0,0,0,0.0,0.0,0.0,0.0,-0.01136383949778974,1,-0.01136383949778974
,academy_3_vs_1_with_keeper,42,collect_rollout,1396,0,18,-0.013333332724869251,False,False,0.0,0.0,0,0,0,0.0,0.0,0.0,0.0,-0.013333332724869251,1,-0.013333332724869251
,academy_3_vs_1_with_keeper,42,collect_rollout,1397,0,14,-0.003333333181217313,False,False,0.0,0.0,0,0,0,0.0,0.0,0.0,0.0,-0.003333333181217313,1,-0.003333333181217313
,academy_3_vs_1_with_keeper,42,collect_rollout,1398,0,19,-0.013333332724869251,False,False,0.0,0.0,0,0,0,0.0,0.0,0.0,0.0,-0.013333332724869251,1,-0.013333332724869251
,academy_3_vs_1_with_keeper,42,collect_rollout,1399,0,18,-0.009999999543651938,False,False,0.0,0.0,0,0,0,0.0,0.0,0.0,0.0,-0.009999999543651938,1,-0.009999999543651938
,academy_3_vs_1_with_keeper,42,collect_rollout,1400,0,83,0.060923824057681486,False,False,0.0,0.0,0,0,0,0.0,0.0,0.0,0.0,0.060923824057681486,1,0.060923824057681486
,academy_3_vs_1_with_keeper,42,collect_rollout,1401,0,19,-0.013333332724869251,False,False,0.0,0.0,0,0,0,0.0,0.0,0.0,0.0,-0.013333332724869251,1,-0.013333332724869251
,academy_3_vs_1_with_keeper,42,collect_rollout,1402,0,18,-0.009999999543651938,False,False,0.0,0.0,0,0,0,0.0,0.0,0.0,0.0,-0.009999999543651938,1,-0.009999999543651938
,academy_3_vs_1_with_keeper,42,collect_rollout,1403,0,16,-0.009999999543651938,False,False,0.0,0.0,0,0,0,0.0,0.0,0.0,0.0,-0.009999999543651938,1,-0.009999999543651938
,academy_3_vs_1_with_keeper,42,collect_rollout,1404,0,15,0.0,False,False,0.0,0.0,0,0,0,0.0,0.0,0.0,0.0,0.0,1,0.0
,academy_3_vs_1_with_keeper,42,collect_rollout,1405,0,15,-0.003333333181217313,False,False,0.0,0.0,0,0,0,0.0,0.0,0.0,0.0,-0.003333333181217313,1,-0.003333333181217313
,academy_3_vs_1_with_keeper,42,collect_rollout,1406,0,16,-0.003333333181217313,False,False,0.0,0.0,0,0,0,0.0,0.0,0.0,0.0,-0.003333333181217313,1,-0.003333333181217313
,academy_3_vs_1_with_keeper,42,collect_rollout,1407,0,13,-0.003333333181217313,False,False,0.0,0.0,0,0,0,0.0,0.0,0.0,0.0,-0.003333333181217313,1,-0.003333333181217313
,academy_3_vs_1_with_keeper,42,collect_rollout,1408,0,14,-0.009999999543651938,False,False,0.0,0.0,0,0,0,0.0,0.0,0.0,0.0,-0.009999999543651938,1,-0.009999999543651938
,academy_3_vs_1_with_keeper,42,collect_rollout,1409,0,18,-0.019999999087303877,False,False,0.0,0.0,0,0,0,0.0,0.0,0.0,0.0,-0.019999999087303877,1,-0.019999999087303877
,academy_3_vs_1_with_keeper,42,collect_rollout,1410,0,23,-0.02333333226852119,False,False,0.0,0.0,0,0,0,0.0,0.0,0.0,0.0,-0.02333333226852119,1,-0.02333333226852119
,academy_3_vs_1_with_keeper,42,collect_rollout,1411,0,18,2.131175411865115,False,False,0.0,0.0,0,0,0,0.0,0.0,0.0,0.0,2.131175411865115,1,2.131175411865115
,academy_3_vs_1_with_keeper,42,collect_rollout,1412,0,16,-0.003333333181217313,False,False,0.0,0.0,0,0,0,0.0,0.0,0.0,0.0,-0.003333333181217313,1,-0.003333333181217313
,academy_3_vs_1_with_keeper,42,collect_rollout,1413,0,47,0.047929777996614575,False,False,0.0,0.0,0,0,0,0.0,0.0,0.0,0.0,0.047929777996614575,1,0.047929777996614575
,academy_3_vs_1_with_keeper,42,collect_rollout,1414,0,13,0.03003320819698274,False,False,0.0,0.0,0,0,0,0.0,0.0,0.0,0.0,0.03003320819698274,1,0.03003320819698274
,academy_3_vs_1_with_keeper,42,collect_rollout,1415,0,18,-0.006666666362434626,False,False,0.0,0.0,0,0,0,0.0,0.0,0.0,0.0,-0.006666666362434626,1,-0.006666666362434626
,academy_3_vs_1_with_keeper,42,collect_rollout,1416,0,16,-0.009999999543651938,False,False,0.0,0.0,0,0,0,0.0,0.0,0.0,0.0,-0.009999999543651938,1,-0.009999999543651938
,academy_3_vs_1_with_keeper,42,collect_rollout,1417,0,20,-0.009999999543651938,False,False,0.0,0.0,0,0,0,0.0,0.0,0.0,0.0,-0.009999999543651938,1,-0.009999999543651938
,academy_3_vs_1_with_keeper,42,collect_rollout,1418,0,8,0.03785444237291813,False,False,0.0,0.0,0,0,0,0.0,0.0,0.0,0.0,0.03785444237291813,1,0.03785444237291813
,academy_3_vs_1_with_keeper,42,collect_rollout,1419,0,37,0.05068980948999524,False,False,0.0,0.0,0,0,0,0.0,0.0,0.0,0.0,0.05068980948999524,1,0.05068980948999524
,academy_3_vs_1_with_keeper,42,collect_rollout,1420,0,20,-0.003333333181217313,False,False,0.0,0.0,0,0,0,0.0,0.0,0.0,0.0,-0.003333333181217313,1,-0.003333333181217313
,academy_3_vs_1_with_keeper,42,collect_rollout,1421,0,18,-0.003333333181217313,False,False,0.0,0.0,0,0,0,0.0,0.0,0.0,0.0,-0.003333333181217313,1,-0.003333333181217313
,academy_3_vs_1_with_keeper,42,collect_rollout,1422,0,15,-0.009999999543651938,False,False,0.0,0.0,0,0,0,0.0,0.0,0.0,0.0,-0.009999999543651938,1,-0.009999999543651938
,academy_3_vs_1_with_keeper,42,collect_rollout,1423,0,21,-0.02333333226852119,False,False,0.0,0.0,0,0,0,0.0,0.0,0.0,0.0,-0.02333333226852119,1,-0.02333333226852119
,academy_3_vs_1_with_keeper,42,collect_rollout,1424,0,21,-0.02333333226852119,False,False,0.0,0.0,0,0,0,0.0,0.0,0.0,0.0,-0.02333333226852119,1,-0.02333333226852119
,academy_3_vs_1_with_keeper,42,collect_rollout,1425,0,16,-0.006666666362434626,False,False,0.0,0.0,0,0,0,0.0,0.0,0.0,0.0,-0.006666666362434626,1,-0.006666666362434626
,academy_3_vs_1_with_keeper,42,collect_rollout,1426,0,20,-0.013333332724869251,False,False,0.0,0.0,0,0,0,0.0,0.0,0.0,0.0,-0.013333332724869251,1,-0.013333332724869251
,academy_3_vs_1_with_keeper,42,collect_rollout,1427,0,18,-0.006666666362434626,False,False,0.0,0.0,0,0,0,0.0,0.0,0.0,0.0,-0.006666666362434626,1,-0.006666666362434626
,academy_3_vs_1_with_keeper,42,collect_rollout,1428,0,21,-0.009999999543651938,False,False,0.0,0.0,0,0,0,0.0,0.0,0.0,0.0,-0.009999999543651938,1,-0.009999999543651938
,academy_3_vs_1_with_keeper,42,collect_rollout,1429,0,19,-0.006666666362434626,False,False,0.0,0.0,0,0,0,0.0,0.0,0.0,0.0,-0.006666666362434626,1,-0.006666666362434626
,academy_3_vs_1_with_keeper,42,collect_rollout,1430,0,15,0.0,False,False,0.0,0.0,0,0,0,0.0,0.0,0.0,0.0,0.0,1,0.0
,academy_3_vs_1_with_keeper,42,collect_rollout,1431,0,19,-0.019999999087303877,False,False,0.0,0.0,0,0,0,0.0,0.0,0.0,0.0,-0.019999999087303877,1,-0.019999999087303877
,academy_3_vs_1_with_keeper,42,collect_rollout,1432,0,16,-0.003333333181217313,False,False,0.0,0.0,0,0,0,0.0,0.0,0.0,0.0,-0.003333333181217313,1,-0.003333333181217313
,academy_3_vs_1_with_keeper,42,collect_rollout,1433,0,35,2.1119950379943475,False,False,0.0,0.0,0,0,0,0.0,0.0,0.0,0.0,2.1119950379943475,1,2.1119950379943475
,academy_3_vs_1_with_keeper,42,collect_rollout,1434,0,32,0.10059613335761242,False,False,0.0,0.0,0,0,0,0.0,0.0,0.0,0.0,0.10059613335761242,1,0.10059613335761242
,academy_3_vs_1_with_keeper,42,collect_rollout,1435,0,21,-0.019999999087303877,False,False,0.0,0.0,0,0,0,0.0,0.0,0.0,0.0,-0.019999999087303877,1,-0.019999999087303877
,academy_3_vs_1_with_keeper,42,collect_rollout,1436,0,19,-0.009999999543651938,False,False,0.0,0.0,0,0,0,0.0,0.0,0.0,0.0,-0.009999999543651938,1,-0.009999999543651938
,academy_3_vs_1_with_keeper,42,collect_rollout,1437,0,17,-0.006666666362434626,False,False,0.0,0.0,0,0,0,0.0,0.0,0.0,0.0,-0.006666666362434626,1,-0.006666666362434626
,academy_3_vs_1_with_keeper,42,collect_rollout,1438,0,90,0.05210933399212081,False,False,0.0,0.0,0,0,0,0.0,0.0,0.0,0.0,0.05210933399212081,1,0.05210933399212081
,academy_3_vs_1_with_keeper,42,collect_rollout,1439,0,23,-0.006666666362434626,False,False,0.0,0.0,0,0,0,0.0,0.0,0.0,0.0,-0.006666666362434626,1,-0.006666666362434626
,academy_3_vs_1_with_keeper,42,collect_rollout,1440,0,18,-0.003333333181217313,False,False,0.0,0.0,0,0,0,0.0,0.0,0.0,0.0,-0.003333333181217313,1,-0.003333333181217313
,academy_3_vs_1_with_keeper,42,collect_rollout,1441,0,19,-0.009999999543651938,False,False,0.0,0.0,0,0,0,0.0,0.0,0.0,0.0,-0.009999999543651938,1,-0.009999999543651938
,academy_3_vs_1_with_keeper,42,collect_rollout,1442,0,15,-0.006666666362434626,False,False,0.0,0.0,0,0,0,0.0,0.0,0.0,0.0,-0.006666666362434626,1,-0.006666666362434626
,academy_3_vs_1_with_keeper,42,collect_rollout,1443,0,34,-0.020049192593432963,False,False,0.0,0.0,0,0,0,0.0,0.0,0.0,0.0,-0.020049192593432963,1,-0.020049192593432963
,academy_3_vs_1_with_keeper,42,collect_rollout,1444,0,20,-0.006666666362434626,False,False,0.0,0.0,0,0,0,0.0,0.0,0.0,0.0,-0.006666666362434626,1,-0.006666666362434626
,academy_3_vs_1_with_keeper,42,collect_rollout,1445,0,21,-0.003333333181217313,False,False,0.0,0.0,0,0,0,0.0,0.0,0.0,0.0,-0.003333333181217313,1,-0.003333333181217313
,academy_3_vs_1_with_keeper,42,collect_rollout,1446,0,14,0.02560427924618125,False,False,0.0,0.0,0,0,0,0.0,0.0,0.0,0.0,0.02560427924618125,1,0.02560427924618125
,academy_3_vs_1_with_keeper,42,collect_rollout,1447,0,18,-0.009999999543651938,False,False,0.0,0.0,0,0,0,0.0,0.0,0.0,0.0,-0.009999999543651938,1,-0.009999999543651938
,academy_3_vs_1_with_keeper,42,collect_rollout,1448,0,17,-0.003333333181217313,False,False,0.0,0.0,0,0,0,0.0,0.0,0.0,0.0,-0.003333333181217313,1,-0.003333333181217313
,academy_3_vs_1_with_keeper,42,collect_rollout,1449,0,54,0.0563452827045694,False,False,0.0,0.0,0,0,0,0.0,0.0,0.0,0.0,0.0563452827045694,1,0.0563452827045694
,academy_3_vs_1_with_keeper,42,collect_rollout,1450,0,18,0.0,False,False,0.0,0.0,0,0,0,0.0,0.0,0.0,0.0,0.0,1,0.0
,academy_3_vs_1_with_keeper,42,collect_rollout,1451,0,15,0.0,False,False,0.0,0.0,0,0,0,0.0,0.0,0.0,0.0,0.0,1,0.0
,academy_3_vs_1_with_keeper,42,collect_rollout,1452,0,27,2.147643534350209,False,False,0.0,0.0,0,0,0,0.0,0.0,0.0,0.0,2.147643534350209,1,2.147643534350209
,academy_3_vs_1_with_keeper,42,collect_rollout,1453,0,23,-0.009999999543651938,False,False,0.0,0.0,0,0,0,0.0,0.0,0.0,0.0,-0.009999999543651938,1,-0.009999999543651938
,academy_3_vs_1_with_keeper,42,collect_rollout,1454,0,43,0.003411203855648637,False,False,0.0,0.0,0,0,0,0.0,0.0,0.0,0.0,0.003411203855648637,1,0.003411203855648637
,academy_3_vs_1_with_keeper,42,collect_rollout,1455,0,18,-0.003333333181217313,False,False,0.0,0.0,0,0,0,0.0,0.0,0.0,0.0,-0.003333333181217313,1,-0.003333333181217313
,academy_3_vs_1_with_keeper,42,collect_rollout,1456,0,23,-0.016666665906086564,False,False,0.0,0.0,0,0,0,0.0,0.0,0.0,0.0,-0.016666665906086564,1,-0.016666665906086564
,academy_3_vs_1_with_keeper,42,collect_rollout,1457,0,63,0.00024108876095851883,False,False,0.0,0.0,0,0,0,0.0,0.0,0.0,0.0,0.00024108876095851883,1,0.00024108876095851883
,academy_3_vs_1_with_keeper,42,collect_rollout,1458,0,18,-0.003333333181217313,False,False,0.0,0.0,0,0,0,0.0,0.0,0.0,0.0,-0.003333333181217313,1,-0.003333333181217313
,academy_3_vs_1_with_keeper,42,collect_rollout,1459,0,85,0.07417006301693618,False,False,0.0,0.0,0,0,0,0.0,0.0,0.0,0.0,0.07417006301693618,1,0.07417006301693618
,academy_3_vs_1_with_keeper,42,collect_rollout,1460,0,16,-0.003333333181217313,False,False,0.0,0.0,0,0,0,0.0,0.0,0.0,0.0,-0.003333333181217313,1,-0.003333333181217313
,academy_3_vs_1_with_keeper,42,collect_rollout,1461,0,70,0.036852180724963546,False,False,0.0,0.0,0,0,0,0.0,0.0,0.0,0.0,0.036852180724963546,1,0.036852180724963546
,academy_3_vs_1_with_keeper,42,collect_rollout,1462,0,15,-0.003333333181217313,False,False,0.0,0.0,0,0,0,0.0,0.0,0.0,0.0,-0.003333333181217313,1,-0.003333333181217313
,academy_3_vs_1_with_keeper,42,collect_rollout,1463,0,19,-0.006666666362434626,False,False,0.0,0.0,0,0,0,0.0,0.0,0.0,0.0,-0.006666666362434626,1,-0.006666666362434626
,academy_3_vs_1_with_keeper,42,collect_rollout,1464,0,24,-0.009999999543651938,False,False,0.0,0.0,0,0,0,0.0,0.0,0.0,0.0,-0.009999999543651938,1,-0.009999999543651938
,academy_3_vs_1_with_keeper,42,collect_rollout,1465,0,19,-0.006666666362434626,False,False,0.0,0.0,0,0,0,0.0,0.0,0.0,0.0,-0.006666666362434626,1,-0.006666666362434626
,academy_3_vs_1_with_keeper,42,collect_rollout,1466,0,16,-0.003333333181217313,False,False,0.0,0.0,0,0,0,0.0,0.0,0.0,0.0,-0.003333333181217313,1,-0.003333333181217313
,academy_3_vs_1_with_keeper,42,collect_rollout,1467,0,92,0.0030614413844887167,False,False,0.0,0.0,0,0,0,0.0,0.0,0.0,0.0,0.0030614413844887167,1,0.0030614413844887167
,academy_3_vs_1_with_keeper,42,collect_rollout,1468,0,12,0.028214412042871118,False,False,0.0,0.0,0,0,0,0.0,0.0,0.0,0.0,0.028214412042871118,1,0.028214412042871118
,academy_3_vs_1_with_keeper,42,collect_rollout,1469,0,20,-0.003333333181217313,False,False,0.0,0.0,0,0,0,0.0,0.0,0.0,0.0,-0.003333333181217313,1,-0.003333333181217313
,academy_3_vs_1_with_keeper,42,collect_rollout,1470,0,53,1.9483069896232337,False,False,0.0,0.0,0,0,0,0.0,0.0,0.0,0.0,1.9483069896232337,1,1.9483069896232337
,academy_3_vs_1_with_keeper,42,collect_rollout,1471,0,38,0.038829988610814326,False,False,0.0,0.0,0,0,0,0.0,0.0,0.0,0.0,0.038829988610814326,1,0.038829988610814326
,academy_3_vs_1_with_keeper,42,collect_rollout,1472,0,24,2.114386279718019,False,False,0.0,0.0,0,0,0,0.0,0.0,0.0,0.0,2.114386279718019,1,2.114386279718019
,academy_3_vs_1_with_keeper,42,collect_rollout,1473,0,18,-0.003333333181217313,False,False,0.0,0.0,0,0,0,0.0,0.0,0.0,0.0,-0.003333333181217313,1,-0.003333333181217313
,academy_3_vs_1_with_keeper,42,collect_rollout,1474,0,16,0.0,False,False,0.0,0.0,0,0,0,0.0,0.0,0.0,0.0,0.0,1,0.0
,academy_3_vs_1_with_keeper,42,collect_rollout,1475,0,19,-0.003333333181217313,False,False,0.0,0.0,0,0,0,0.0,0.0,0.0,0.0,-0.003333333181217313,1,-0.003333333181217313
,academy_3_vs_1_with_keeper,42,collect_rollout,1476,0,55,2.0522828833200037,False,False,0.0,0.0,0,0,0,0.0,0.0,0.0,0.0,2.0522828833200037,1,2.0522828833200037
,academy_3_vs_1_with_keeper,42,collect_rollout,1477,0,21,-0.006666666362434626,False,False,0.0,0.0,0,0,0,0.0,0.0,0.0,0.0,-0.006666666362434626,1,-0.006666666362434626
,academy_3_vs_1_with_keeper,42,collect_rollout,1478,0,6,0.03177883452735841,False,False,0.0,0.0,0,0,0,0.0,0.0,0.0,0.0,0.03177883452735841,1,0.03177883452735841
,academy_3_vs_1_with_keeper,42,collect_rollout,1479,0,19,-0.006666666362434626,False,False,0.0,0.0,0,0,0,0.0,0.0,0.0,0.0,-0.006666666362434626,1,-0.006666666362434626
,academy_3_vs_1_with_keeper,42,collect_rollout,1480,0,17,0.0,False,False,0.0,0.0,0,0,0,0.0,0.0,0.0,0.0,0.0,1,0.0
,academy_3_vs_1_with_keeper,42,collect_rollout,1481,0,14,-0.003333333181217313,False,False,0.0,0.0,0,0,0,0.0,0.0,0.0,0.0,-0.003333333181217313,1,-0.003333333181217313
,academy_3_vs_1_with_keeper,42,collect_rollout,1482,0,16,0.0,False,False,0.0,0.0,0,0,0,0.0,0.0,0.0,0.0,0.0,1,0.0
,academy_3_vs_1_with_keeper,42,collect_rollout,1483,0,17,-0.003333333181217313,False,False,0.0,0.0,0,0,0,0.0,0.0,0.0,0.0,-0.003333333181217313,1,-0.003333333181217313
,academy_3_vs_1_with_keeper,42,collect_rollout,1484,0,14,0.010382874868810177,False,False,0.0,0.0,0,0,0,0.0,0.0,0.0,0.0,0.010382874868810177,1,0.010382874868810177
,academy_3_vs_1_with_keeper,42,collect_rollout,1485,0,19,-0.013333332724869251,False,False,0.0,0.0,0,0,0,0.0,0.0,0.0,0.0,-0.013333332724869251,1,-0.013333332724869251
,academy_3_vs_1_with_keeper,42,collect_rollout,1486,0,19,-0.009999999543651938,False,False,0.0,0.0,0,0,0,0.0,0.0,0.0,0.0,-0.009999999543651938,1,-0.009999999543651938
,academy_3_vs_1_with_keeper,42,collect_rollout,1487,0,18,-0.003333333181217313,False,False,0.0,0.0,0,0,0,0.0,0.0,0.0,0.0,-0.003333333181217313,1,-0.003333333181217313
,academy_3_vs_1_with_keeper,42,collect_rollout,1488,0,14,-0.009999999543651938,False,False,0.0,0.0,0,0,0,0.0,0.0,0.0,0.0,-0.009999999543651938,1,-0.009999999543651938
,academy_3_vs_1_with_keeper,42,collect_rollout,1489,0,21,-0.006666666362434626,False,False,0.0,0.0,0,0,0,0.0,0.0,0.0,0.0,-0.006666666362434626,1,-0.006666666362434626
,academy_3_vs_1_with_keeper,42,collect_rollout,1490,0,65,0.032116503178258426,False,False,0.0,0.0,0,0,0,0.0,0.0,0.0,0.0,0.032116503178258426,1,0.032116503178258426
,academy_3_vs_1_with_keeper,42,collect_rollout,1491,0,17,-0.013333332724869251,False,False,0.0,0.0,0,0,0,0.0,0.0,0.0,0.0,-0.013333332724869251,1,-0.013333332724869251
,academy_3_vs_1_with_keeper,42,collect_rollout,1492,0,85,0.02305474977765698,False,False,0.0,0.0,0,0,0,0.0,0.0,0.0,0.0,0.02305474977765698,1,0.02305474977765698
,academy_3_vs_1_with_keeper,42,collect_rollout,1493,0,17,-0.013333332724869251,False,False,0.0,0.0,0,0,0,0.0,0.0,0.0,0.0,-0.013333332724869251,1,-0.013333332724869251
,academy_3_vs_1_with_keeper,42,collect_rollout,1494,0,18,-0.009999999543651938,False,False,0.0,0.0,0,0,0,0.0,0.0,0.0,0.0,-0.009999999543651938,1,-0.009999999543651938
,academy_3_vs_1_with_keeper,42,collect_rollout,1495,0,22,-0.026666665449738503,False,False,0.0,0.0,0,0,0,0.0,0.0,0.0,0.0,-0.026666665449738503,1,-0.026666665449738503
,academy_3_vs_1_with_keeper,42,collect_rollout,1496,0,19,-0.019999999087303877,False,False,0.0,0.0,0,0,0,0.0,0.0,0.0,0.0,-0.019999999087303877,1,-0.019999999087303877
,academy_3_vs_1_with_keeper,42,collect_rollout,1497,0,20,-0.006666666362434626,False,False,0.0,0.0,0,0,0,0.0,0.0,0.0,0.0,-0.006666666362434626,1,-0.006666666362434626
,academy_3_vs_1_with_keeper,42,collect_rollout,1498,0,74,-0.04492952573491493,False,False,0.0,0.0,0,0,0,0.0,0.0,0.0,0.0,-0.04492952573491493,1,-0.04492952573491493
,academy_3_vs_1_with_keeper,42,collect_rollout,1499,0,15,-0.013333332724869251,False,False,0.0,0.0,0,0,0,0.0,0.0,0.0,0.0,-0.013333332724869251,1,-0.013333332724869251
,academy_3_vs_1_with_keeper,42,collect_rollout,1500,0,18,-0.016666665906086564,False,False,0.0,0.0,0,0,0,0.0,0.0,0.0,0.0,-0.016666665906086564,1,-0.016666665906086564
,academy_3_vs_1_with_keeper,42,collect_rollout,1501,0,14,-0.003333333181217313,False,False,0.0,0.0,0,0,0,0.0,0.0,0.0,0.0,-0.003333333181217313,1,-0.003333333181217313
,academy_3_vs_1_with_keeper,42,collect_rollout,1502,0,16,-0.016666665906086564,False,False,0.0,0.0,0,0,0,0.0,0.0,0.0,0.0,-0.016666665906086564,1,-0.016666665906086564
,academy_3_vs_1_with_keeper,42,collect_rollout,1503,0,17,-0.013333332724869251,False,False,0.0,0.0,0,0,0,0.0,0.0,0.0,0.0,-0.013333332724869251,1,-0.013333332724869251
,academy_3_vs_1_with_keeper,42,collect_rollout,1504,0,17,-0.013333332724869251,False,False,0.0,0.0,0,0,0,0.0,0.0,0.0,0.0,-0.013333332724869251,1,-0.013333332724869251
,academy_3_vs_1_with_keeper,42,collect_rollout,1505,0,20,-0.009999999543651938,False,False,0.0,0.0,0,0,0,0.0,0.0,0.0,0.0,-0.009999999543651938,1,-0.009999999543651938
,academy_3_vs_1_with_keeper,42,collect_rollout,1506,0,15,-0.016666665906086564,False,False,0.0,0.0,0,0,0,0.0,0.0,0.0,0.0,-0.016666665906086564,1,-0.016666665906086564
,academy_3_vs_1_with_keeper,42,collect_rollout,1507,0,20,-0.006666666362434626,False,False,0.0,0.0,0,0,0,0.0,0.0,0.0,0.0,-0.006666666362434626,1,-0.006666666362434626
,academy_3_vs_1_with_keeper,42,collect_rollout,1508,0,17,-0.006666666362434626,False,False,0.0,0.0,0,0,0,0.0,0.0,0.0,0.0,-0.006666666362434626,1,-0.006666666362434626
,academy_3_vs_1_with_keeper,42,collect_rollout,1509,0,19,-0.009999999543651938,False,False,0.0,0.0,0,0,0,0.0,0.0,0.0,0.0,-0.009999999543651938,1,-0.009999999543651938
,academy_3_vs_1_with_keeper,42,collect_rollout,1510,0,18,0.0,False,False,0.0,0.0,0,0,0,0.0,0.0,0.0,0.0,0.0,1,0.0
,academy_3_vs_1_with_keeper,42,collect_rollout,1511,0,88,1.9999128606868908,False,False,0.0,0.0,0,0,0,0.0,0.0,0.0,0.0,1.9999128606868908,1,1.9999128606868908
,academy_3_vs_1_with_keeper,42,collect_rollout,1512,0,28,2.123265728354454,False,False,0.0,0.0,0,0,0,0.0,0.0,0.0,0.0,2.123265728354454,1,2.123265728354454
,academy_3_vs_1_with_keeper,42,collect_rollout,1513,0,67,-0.21095034503377974,False,False,0.0,0.0,0,0,0,0.0,0.0,0.0,0.0,-0.21095034503377974,1,-0.21095034503377974
,academy_3_vs_1_with_keeper,42,collect_rollout,1514,0,15,-0.009999999543651938,False,False,0.0,0.0,0,0,0,0.0,0.0,0.0,0.0,-0.009999999543651938,1,-0.009999999543651938
,academy_3_vs_1_with_keeper,42,collect_rollout,1515,0,54,-0.013248909614048898,False,False,0.0,0.0,0,0,0,0.0,0.0,0.0,0.0,-0.013248909614048898,1,-0.013248909614048898
,academy_3_vs_1_with_keeper,42,collect_rollout,1516,0,17,-0.003333333181217313,False,False,0.0,0.0,0,0,0,0.0,0.0,0.0,0.0,-0.003333333181217313,1,-0.003333333181217313
,academy_3_vs_1_with_keeper,42,collect_rollout,1517,0,18,-0.006666666362434626,False,False,0.0,0.0,0,0,0,0.0,0.0,0.0,0.0,-0.006666666362434626,1,-0.006666666362434626
,academy_3_vs_1_with_keeper,42,collect_rollout,1518,0,18,-0.009999999543651938,False,False,0.0,0.0,0,0,0,0.0,0.0,0.0,0.0,-0.009999999543651938,1,-0.009999999543651938
,academy_3_vs_1_with_keeper,42,collect_rollout,1519,0,19,-0.016666665906086564,False,False,0.0,0.0,0,0,0,0.0,0.0,0.0,0.0,-0.016666665906086564,1,-0.016666665906086564
,academy_3_vs_1_with_keeper,42,collect_rollout,1520,0,17,-0.009999999543651938,False,False,0.0,0.0,0,0,0,0.0,0.0,0.0,0.0,-0.009999999543651938,1,-0.009999999543651938
,academy_3_vs_1_with_keeper,42,collect_rollout,1521,0,15,-0.003333333181217313,False,False,0.0,0.0,0,0,0,0.0,0.0,0.0,0.0,-0.003333333181217313,1,-0.003333333181217313
,academy_3_vs_1_with_keeper,42,collect_rollout,1522,0,46,0.035926045500673354,False,False,0.0,0.0,0,0,0,0.0,0.0,0.0,0.0,0.035926045500673354,1,0.035926045500673354
,academy_3_vs_1_with_keeper,42,collect_rollout,1523,0,17,-0.013333332724869251,False,False,0.0,0.0,0,0,0,0.0,0.0,0.0,0.0,-0.013333332724869251,1,-0.013333332724869251
,academy_3_vs_1_with_keeper,42,collect_rollout,1524,0,20,-0.02333333226852119,False,False,0.0,0.0,0,0,0,0.0,0.0,0.0,0.0,-0.02333333226852119,1,-0.02333333226852119
,academy_3_vs_1_with_keeper,42,collect_rollout,1525,0,22,-0.003333333181217313,False,False,0.0,0.0,0,0,0,0.0,0.0,0.0,0.0,-0.003333333181217313,1,-0.003333333181217313
,academy_3_vs_1_with_keeper,42,collect_rollout,1526,0,20,-0.013333332724869251,False,False,0.0,0.0,0,0,0,0.0,0.0,0.0,0.0,-0.013333332724869251,1,-0.013333332724869251
,academy_3_vs_1_with_keeper,42,collect_rollout,1527,0,17,-0.013333332724869251,False,False,0.0,0.0,0,0,0,0.0,0.0,0.0,0.0,-0.013333332724869251,1,-0.013333332724869251
,academy_3_vs_1_with_keeper,42,collect_rollout,1528,0,17,-0.006666666362434626,False,False,0.0,0.0,0,0,0,0.0,0.0,0.0,0.0,-0.006666666362434626,1,-0.006666666362434626
,academy_3_vs_1_with_keeper,42,collect_rollout,1529,0,14,-0.003333333181217313,False,False,0.0,0.0,0,0,0,0.0,0.0,0.0,0.0,-0.003333333181217313,1,-0.003333333181217313
,academy_3_vs_1_with_keeper,42,collect_rollout,1530,0,17,0.0,False,False,0.0,0.0,0,0,0,0.0,0.0,0.0,0.0,0.0,1,0.0
,academy_3_vs_1_with_keeper,42,collect_rollout,1531,0,23,-0.009999999543651938,False,False,0.0,0.0,0,0,0,0.0,0.0,0.0,0.0,-0.009999999543651938,1,-0.009999999543651938
,academy_3_vs_1_with_keeper,42,collect_rollout,1532,0,22,-0.013333332724869251,False,False,0.0,0.0,0,0,0,0.0,0.0,0.0,0.0,-0.013333332724869251,1,-0.013333332724869251
,academy_3_vs_1_with_keeper,42,collect_rollout,1533,0,15,-0.019999999087303877,False,False,0.0,0.0,0,0,0,0.0,0.0,0.0,0.0,-0.019999999087303877,1,-0.019999999087303877
,academy_3_vs_1_with_keeper,42,collect_rollout,1534,0,19,-0.003333333181217313,False,False,0.0,0.0,0,0,0,0.0,0.0,0.0,0.0,-0.003333333181217313,1,-0.003333333181217313
,academy_3_vs_1_with_keeper,42,collect_rollout,1535,0,36,2.128321964730276,False,False,0.0,0.0,0,0,0,0.0,0.0,0.0,0.0,2.128321964730276,1,2.128321964730276
,academy_3_vs_1_with_keeper,42,collect_rollout,1536,0,22,-0.009999999543651938,False,False,0.0,0.0,0,0,0,0.0,0.0,0.0,0.0,-0.009999999543651938,1,-0.009999999543651938
,academy_3_vs_1_with_keeper,42,collect_rollout,1537,0,29,2.124441273510456,False,False,0.0,0.0,0,0,0,0.0,0.0,0.0,0.0,2.124441273510456,1,2.124441273510456
,academy_3_vs_1_with_keeper,42,collect_rollout,1538,0,23,-0.006666666362434626,False,False,0.0,0.0,0,0,0,0.0,0.0,0.0,0.0,-0.006666666362434626,1,-0.006666666362434626
,academy_3_vs_1_with_keeper,42,collect_rollout,1539,0,29,2.122220444100094,False,False,0.0,0.0,0,0,0,0.0,0.0,0.0,0.0,2.122220444100094,1,2.122220444100094
,academy_3_vs_1_with_keeper,42,collect_rollout,1540,0,89,0.06102535454556346,False,False,0.0,0.0,0,0,0,0.0,0.0,0.0,0.0,0.06102535454556346,1,0.06102535454556346
,academy_3_vs_1_with_keeper,42,collect_rollout,1541,0,19,-0.003333333181217313,False,False,0.0,0.0,0,0,0,0.0,0.0,0.0,0.0,-0.003333333181217313,1,-0.003333333181217313
,academy_3_vs_1_with_keeper,42,collect_rollout,1542,0,10,0.0310255684889853,False,False,0.0,0.0,0,0,0,0.0,0.0,0.0,0.0,0.0310255684889853,1,0.0310255684889853
,academy_3_vs_1_with_keeper,42,collect_rollout,1543,0,18,-0.006666666362434626,False,False,0.0,0.0,0,0,0,0.0,0.0,0.0,0.0,-0.006666666362434626,1,-0.006666666362434626
,academy_3_vs_1_with_keeper,42,collect_rollout,1544,0,149,-0.06333333044312894,False,False,0.0,0.0,0,0,0,0.0,0.0,0.0,0.0,-0.06333333044312894,1,-0.06333333044312894
,academy_3_vs_1_with_keeper,42,collect_rollout,1545,0,23,-0.026666665449738503,False,False,0.0,0.0,0,0,0,0.0,0.0,0.0,0.0,-0.026666665449738503,1,-0.026666665449738503
,academy_3_vs_1_with_keeper,42,collect_rollout,1546,0,80,0.04427950020181015,False,False,0.0,0.0,0,0,0,0.0,0.0,0.0,0.0,0.04427950020181015,1,0.04427950020181015
,academy_3_vs_1_with_keeper,42,collect_rollout,1547,0,31,0.08449630928225815,False,False,0.0,0.0,0,0,0,0.0,0.0,0.0,0.0,0.08449630928225815,1,0.08449630928225815
,academy_3_vs_1_with_keeper,42,collect_rollout,1548,0,14,-0.009999999543651938,False,False,0.0,0.0,0,0,0,0.0,0.0,0.0,0.0,-0.009999999543651938,1,-0.009999999543651938
,academy_3_vs_1_with_keeper,42,collect_rollout,1549,0,40,2.0829206545604393,False,False,0.0,0.0,0,0,0,0.0,0.0,0.0,0.0,2.0829206545604393,1,2.0829206545604393
,academy_3_vs_1_with_keeper,42,collect_rollout,1550,0,11,0.008307516458444297,False,False,0.0,0.0,0,0,0,0.0,0.0,0.0,0.0,0.008307516458444297,1,0.008307516458444297
,academy_3_vs_1_with_keeper,42,collect_rollout,1551,0,14,0.003683976363390684,False,False,0.0,0.0,0,0,0,0.0,0.0,0.0,0.0,0.003683976363390684,1,0.003683976363390684
,academy_3_vs_1_with_keeper,42,collect_rollout,1552,0,14,-0.006666666362434626,False,False,0.0,0.0,0,0,0,0.0,0.0,0.0,0.0,-0.006666666362434626,1,-0.006666666362434626
,academy_3_vs_1_with_keeper,42,collect_rollout,1553,0,7,0.027300445828586817,False,False,0.0,0.0,0,0,0,0.0,0.0,0.0,0.0,0.027300445828586817,1,0.027300445828586817
,academy_3_vs_1_with_keeper,42,collect_rollout,1554,0,16,-0.013333332724869251,False,False,0.0,0.0,0,0,0,0.0,0.0,0.0,0.0,-0.013333332724869251,1,-0.013333332724869251
,academy_3_vs_1_with_keeper,42,collect_rollout,1555,0,12,0.007018679520115256,False,False,0.0,0.0,0,0,0,0.0,0.0,0.0,0.0,0.007018679520115256,1,0.007018679520115256
,academy_3_vs_1_with_keeper,42,collect_rollout,1556,0,19,-0.029999998630955815,False,False,0.0,0.0,0,0,0,0.0,0.0,0.0,0.0,-0.029999998630955815,1,-0.029999998630955815
,academy_3_vs_1_with_keeper,42,collect_rollout,1557,0,58,-0.18898665229789913,False,False,0.0,0.0,0,0,0,0.0,0.0,0.0,0.0,-0.18898665229789913,1,-0.18898665229789913
,academy_3_vs_1_with_keeper,42,collect_rollout,1558,0,23,-0.009999999543651938,False,False,0.0,0.0,0,0,0,0.0,0.0,0.0,0.0,-0.009999999543651938,1,-0.009999999543651938
,academy_3_vs_1_with_keeper,42,collect_rollout,1559,0,19,-0.013333332724869251,False,False,0.0,0.0,0,0,0,0.0,0.0,0.0,0.0,-0.013333332724869251,1,-0.013333332724869251
,academy_3_vs_1_with_keeper,42,collect_rollout,1560,0,19,-0.02333333226852119,False,False,0.0,0.0,0,0,0,0.0,0.0,0.0,0.0,-0.02333333226852119,1,-0.02333333226852119
,academy_3_vs_1_with_keeper,42,collect_rollout,1561,0,11,0.032320410246029496,False,False,0.0,0.0,0,0,0,0.0,0.0,0.0,0.0,0.032320410246029496,1,0.032320410246029496
,academy_3_vs_1_with_keeper,42,collect_rollout,1562,0,32,2.1291499971412122,False,False,0.0,0.0,0,0,0,0.0,0.0,0.0,0.0,2.1291499971412122,1,2.1291499971412122
,academy_3_vs_1_with_keeper,42,collect_rollout,1563,0,17,-0.003333333181217313,False,False,0.0,0.0,0,0,0,0.0,0.0,0.0,0.0,-0.003333333181217313,1,-0.003333333181217313
,academy_3_vs_1_with_keeper,42,collect_rollout,1564,0,19,-0.006666666362434626,False,False,0.0,0.0,0,0,0,0.0,0.0,0.0,0.0,-0.006666666362434626,1,-0.006666666362434626
,academy_3_vs_1_with_keeper,42,collect_rollout,1565,0,1801,-0.9289995544822887,False,False,0.0,0.0,0,0,0,0.0,0.0,0.0,0.0,-0.9289995544822887,1,-0.9289995544822887
,academy_3_vs_1_with_keeper,42,collect_rollout,1566,0,16,-0.003333333181217313,False,False,0.0,0.0,0,0,0,0.0,0.0,0.0,0.0,-0.003333333181217313,1,-0.003333333181217313
,academy_3_vs_1_with_keeper,42,collect_rollout,1567,0,18,-0.009999999543651938,False,False,0.0,0.0,0,0,0,0.0,0.0,0.0,0.0,-0.009999999543651938,1,-0.009999999543651938
,academy_3_vs_1_with_keeper,42,collect_rollout,1568,0,24,0.12519844353664666,False,False,0.0,0.0,0,0,0,0.0,0.0,0.0,0.0,0.12519844353664666,1,0.12519844353664666
,academy_3_vs_1_with_keeper,42,collect_rollout,1569,0,12,0.023268711753189564,False,False,0.0,0.0,0,0,0,0.0,0.0,0.0,0.0,0.023268711753189564,1,0.023268711753189564
,academy_3_vs_1_with_keeper,42,collect_rollout,1570,0,49,-0.04673117713537067,False,False,0.0,0.0,0,0,0,0.0,0.0,0.0,0.0,-0.04673117713537067,1,-0.04673117713537067
,academy_3_vs_1_with_keeper,42,collect_rollout,1571,0,16,-0.013333332724869251,False,False,0.0,0.0,0,0,0,0.0,0.0,0.0,0.0,-0.013333332724869251,1,-0.013333332724869251
,academy_3_vs_1_with_keeper,42,collect_rollout,1572,0,14,0.01890192413702607,False,False,0.0,0.0,0,0,0,0.0,0.0,0.0,0.0,0.01890192413702607,1,0.01890192413702607
,academy_3_vs_1_with_keeper,42,collect_rollout,1573,0,15,-0.009999999543651938,False,False,0.0,0.0,0,0,0,0.0,0.0,0.0,0.0,-0.009999999543651938,1,-0.009999999543651938
,academy_3_vs_1_with_keeper,42,collect_rollout,1574,0,20,-0.013333332724869251,False,False,0.0,0.0,0,0,0,0.0,0.0,0.0,0.0,-0.013333332724869251,1,-0.013333332724869251
,academy_3_vs_1_with_keeper,42,collect_rollout,1575,0,16,-0.007601147168315947,False,False,0.0,0.0,0,0,0,0.0,0.0,0.0,0.0,-0.007601147168315947,1,-0.007601147168315947
,academy_3_vs_1_with_keeper,42,collect_rollout,1576,0,19,-0.009999999543651938,False,False,0.0,0.0,0,0,0,0.0,0.0,0.0,0.0,-0.009999999543651938,1,-0.009999999543651938
,academy_3_vs_1_with_keeper,42,collect_rollout,1577,0,21,-0.009999999543651938,False,False,0.0,0.0,0,0,0,0.0,0.0,0.0,0.0,-0.009999999543651938,1,-0.009999999543651938
,academy_3_vs_1_with_keeper,42,collect_rollout,1578,0,19,-0.019999999087303877,False,False,0.0,0.0,0,0,0,0.0,0.0,0.0,0.0,-0.019999999087303877,1,-0.019999999087303877
,academy_3_vs_1_with_keeper,42,collect_rollout,1579,0,18,-0.006666666362434626,False,False,0.0,0.0,0,0,0,0.0,0.0,0.0,0.0,-0.006666666362434626,1,-0.006666666362434626
,academy_3_vs_1_with_keeper,42,collect_rollout,1580,0,23,-0.016666665906086564,False,False,0.0,0.0,0,0,0,0.0,0.0,0.0,0.0,-0.016666665906086564,1,-0.016666665906086564
,academy_3_vs_1_with_keeper,42,collect_rollout,1581,0,32,-0.004835989559069276,False,False,0.0,0.0,0,0,0,0.0,0.0,0.0,0.0,-0.004835989559069276,1,-0.004835989559069276
,academy_3_vs_1_with_keeper,42,collect_rollout,1582,0,18,-0.003333333181217313,False,False,0.0,0.0,0,0,0,0.0,0.0,0.0,0.0,-0.003333333181217313,1,-0.003333333181217313
,academy_3_vs_1_with_keeper,42,collect_rollout,1583,0,7,0.052181700710207224,False,False,0.0,0.0,0,0,0,0.0,0.0,0.0,0.0,0.052181700710207224,1,0.052181700710207224
,academy_3_vs_1_with_keeper,42,collect_rollout,1584,0,16,-0.013333332724869251,False,False,0.0,0.0,0,0,0,0.0,0.0,0.0,0.0,-0.013333332724869251,1,-0.013333332724869251
,academy_3_vs_1_with_keeper,42,collect_rollout,1585,0,14,-0.006666666362434626,False,False,0.0,0.0,0,0,0,0.0,0.0,0.0,0.0,-0.006666666362434626,1,-0.006666666362434626
,academy_3_vs_1_with_keeper,42,collect_rollout,1586,0,12,0.03733833646401763,False,False,0.0,0.0,0,0,0,0.0,0.0,0.0,0.0,0.03733833646401763,1,0.03733833646401763
,academy_3_vs_1_with_keeper,42,collect_rollout,1587,0,18,-0.009999999543651938,False,False,0.0,0.0,0,0,0,0.0,0.0,0.0,0.0,-0.009999999543651938,1,-0.009999999543651938
,academy_3_vs_1_with_keeper,42,collect_rollout,1588,0,40,-0.06666666362434626,False,False,0.0,0.0,0,0,0,0.0,0.0,0.0,0.0,-0.06666666362434626,1,-0.06666666362434626
,academy_3_vs_1_with_keeper,42,collect_rollout,1589,0,17,-0.006666666362434626,False,False,0.0,0.0,0,0,0,0.0,0.0,0.0,0.0,-0.006666666362434626,1,-0.006666666362434626
,academy_3_vs_1_with_keeper,42,collect_rollout,1590,0,21,-0.006666666362434626,False,False,0.0,0.0,0,0,0,0.0,0.0,0.0,0.0,-0.006666666362434626,1,-0.006666666362434626
,academy_3_vs_1_with_keeper,42,collect_rollout,1591,0,16,-0.003333333181217313,False,False,0.0,0.0,0,0,0,0.0,0.0,0.0,0.0,-0.003333333181217313,1,-0.003333333181217313
,academy_3_vs_1_with_keeper,42,collect_rollout,1592,0,17,-0.003333333181217313,False,False,0.0,0.0,0,0,0,0.0,0.0,0.0,0.0,-0.003333333181217313,1,-0.003333333181217313
,academy_3_vs_1_with_keeper,42,collect_rollout,1593,0,84,0.07604208623524755,False,False,0.0,0.0,0,0,0,0.0,0.0,0.0,0.0,0.07604208623524755,1,0.07604208623524755
,academy_3_vs_1_with_keeper,42,collect_rollout,1594,0,15,0.0,False,False,0.0,0.0,0,0,0,0.0,0.0,0.0,0.0,0.0,1,0.0
,academy_3_vs_1_with_keeper,42,collect_rollout,1595,0,52,0.05580970144364983,False,False,0.0,0.0,0,0,0,0.0,0.0,0.0,0.0,0.05580970144364983,1,0.05580970144364983
,academy_3_vs_1_with_keeper,42,collect_rollout,1596,0,19,0.0,False,False,0.0,0.0,0,0,0,0.0,0.0,0.0,0.0,0.0,1,0.0
,academy_3_vs_1_with_keeper,42,collect_rollout,1597,0,34,-0.016666665906086564,False,False,0.0,0.0,0,0,0,0.0,0.0,0.0,0.0,-0.016666665906086564,1,-0.016666665906086564
,academy_3_vs_1_with_keeper,42,collect_rollout,1598,0,48,-0.020302711869589984,False,False,0.0,0.0,0,0,0,0.0,0.0,0.0,0.0,-0.020302711869589984,1,-0.020302711869589984
,academy_3_vs_1_with_keeper,42,collect_rollout,1599,0,13,-0.006666666362434626,False,False,0.0,0.0,0,0,0,0.0,0.0,0.0,0.0,-0.006666666362434626,1,-0.006666666362434626
,academy_3_vs_1_with_keeper,42,collect_rollout,1600,0,19,-0.006666666362434626,False,False,0.0,0.0,0,0,0,0.0,0.0,0.0,0.0,-0.006666666362434626,1,-0.006666666362434626
,academy_3_vs_1_with_keeper,42,collect_rollout,1601,0,16,0.004155656090006232,False,False,0.0,0.0,0,0,0,0.0,0.0,0.0,0.0,0.004155656090006232,1,0.004155656090006232
,academy_3_vs_1_with_keeper,42,collect_rollout,1602,0,21,-0.016666665906086564,False,False,0.0,0.0,0,0,0,0.0,0.0,0.0,0.0,-0.016666665906086564,1,-0.016666665906086564
,academy_3_vs_1_with_keeper,42,collect_rollout,1603,0,20,-0.009999999543651938,False,False,0.0,0.0,0,0,0,0.0,0.0,0.0,0.0,-0.009999999543651938,1,-0.009999999543651938
,academy_3_vs_1_with_keeper,42,collect_rollout,1604,0,20,-0.016666665906086564,False,False,0.0,0.0,0,0,0,0.0,0.0,0.0,0.0,-0.016666665906086564,1,-0.016666665906086564
,academy_3_vs_1_with_keeper,42,collect_rollout,1605,0,17,-0.009999999543651938,False,False,0.0,0.0,0,0,0,0.0,0.0,0.0,0.0,-0.009999999543651938,1,-0.009999999543651938
,academy_3_vs_1_with_keeper,42,collect_rollout,1606,0,14,0.0,False,False,0.0,0.0,0,0,0,0.0,0.0,0.0,0.0,0.0,1,0.0
,academy_3_vs_1_with_keeper,42,collect_rollout,1607,0,19,-0.006666666362434626,False,False,0.0,0.0,0,0,0,0.0,0.0,0.0,0.0,-0.006666666362434626,1,-0.006666666362434626
,academy_3_vs_1_with_keeper,42,collect_rollout,1608,0,90,-0.06666666362434626,False,False,0.0,0.0,0,0,0,0.0,0.0,0.0,0.0,-0.06666666362434626,1,-0.06666666362434626
,academy_3_vs_1_with_keeper,42,collect_rollout,1609,0,18,-0.013333332724869251,False,False,0.0,0.0,0,0,0,0.0,0.0,0.0,0.0,-0.013333332724869251,1,-0.013333332724869251
,academy_3_vs_1_with_keeper,42,collect_rollout,1610,0,14,0.013425943674519658,False,False,0.0,0.0,0,0,0,0.0,0.0,0.0,0.0,0.013425943674519658,1,0.013425943674519658
,academy_3_vs_1_with_keeper,42,collect_rollout,1611,0,15,-0.006666666362434626,False,False,0.0,0.0,0,0,0,0.0,0.0,0.0,0.0,-0.006666666362434626,1,-0.006666666362434626
,academy_3_vs_1_with_keeper,42,collect_rollout,1612,0,38,0.03591738097020425,False,False,0.0,0.0,0,0,0,0.0,0.0,0.0,0.0,0.03591738097020425,1,0.03591738097020425
,academy_3_vs_1_with_keeper,42,collect_rollout,1613,0,29,2.126016244990751,False,False,0.0,0.0,0,0,0,0.0,0.0,0.0,0.0,2.126016244990751,1,2.126016244990751
,academy_3_vs_1_with_keeper,42,collect_rollout,1614,0,19,-0.019999999087303877,False,False,0.0,0.0,0,0,0,0.0,0.0,0.0,0.0,-0.019999999087303877,1,-0.019999999087303877
,academy_3_vs_1_with_keeper,42,collect_rollout,1615,0,16,-0.009999999543651938,False,False,0.0,0.0,0,0,0,0.0,0.0,0.0,0.0,-0.009999999543651938,1,-0.009999999543651938
,academy_3_vs_1_with_keeper,42,collect_rollout,1616,0,22,-0.009999999543651938,False,False,0.0,0.0,0,0,0,0.0,0.0,0.0,0.0,-0.009999999543651938,1,-0.009999999543651938
,academy_3_vs_1_with_keeper,42,collect_rollout,1617,0,21,-0.009999999543651938,False,False,0.0,0.0,0,0,0,0.0,0.0,0.0,0.0,-0.009999999543651938,1,-0.009999999543651938
,academy_3_vs_1_with_keeper,42,collect_rollout,1618,0,19,-0.013333332724869251,False,False,0.0,0.0,0,0,0,0.0,0.0,0.0,0.0,-0.013333332724869251,1,-0.013333332724869251
,academy_3_vs_1_with_keeper,42,collect_rollout,1619,0,18,-0.006666666362434626,False,False,0.0,0.0,0,0,0,0.0,0.0,0.0,0.0,-0.006666666362434626,1,-0.006666666362434626
,academy_3_vs_1_with_keeper,42,collect_rollout,1620,0,8,0.04270768538117409,False,False,0.0,0.0,0,0,0,0.0,0.0,0.0,0.0,0.04270768538117409,1,0.04270768538117409
,academy_3_vs_1_with_keeper,42,collect_rollout,1621,0,21,2.140168056357652,False,False,0.0,0.0,0,0,0,0.0,0.0,0.0,0.0,2.140168056357652,1,2.140168056357652
,academy_3_vs_1_with_keeper,42,collect_rollout,1622,0,33,-0.026666665449738503,False,False,0.0,0.0,0,0,0,0.0,0.0,0.0,0.0,-0.026666665449738503,1,-0.026666665449738503
,academy_3_vs_1_with_keeper,42,collect_rollout,1623,0,22,-0.026666665449738503,False,False,0.0,0.0,0,0,0,0.0,0.0,0.0,0.0,-0.026666665449738503,1,-0.026666665449738503
,academy_3_vs_1_with_keeper,42,collect_rollout,1624,0,32,2.130506579997018,False,False,0.0,0.0,0,0,0,0.0,0.0,0.0,0.0,2.130506579997018,1,2.130506579997018
,academy_3_vs_1_with_keeper,42,collect_rollout,1625,0,21,-0.026666665449738503,False,False,0.0,0.0,0,0,0,0.0,0.0,0.0,0.0,-0.026666665449738503,1,-0.026666665449738503
,academy_3_vs_1_with_keeper,42,collect_rollout,1626,0,21,-0.019999999087303877,False,False,0.0,0.0,0,0,0,0.0,0.0,0.0,0.0,-0.019999999087303877,1,-0.019999999087303877
,academy_3_vs_1_with_keeper,42,collect_rollout,1627,0,17,-0.016666665906086564,False,False,0.0,0.0,0,0,0,0.0,0.0,0.0,0.0,-0.016666665906086564,1,-0.016666665906086564
,academy_3_vs_1_with_keeper,42,collect_rollout,1628,0,21,-0.009999999543651938,False,False,0.0,0.0,0,0,0,0.0,0.0,0.0,0.0,-0.009999999543651938,1,-0.009999999543651938
,academy_3_vs_1_with_keeper,42,collect_rollout,1629,0,20,-0.009999999543651938,False,False,0.0,0.0,0,0,0,0.0,0.0,0.0,0.0,-0.009999999543651938,1,-0.009999999543651938
,academy_3_vs_1_with_keeper,42,collect_rollout,1630,0,14,-0.003333333181217313,False,False,0.0,0.0,0,0,0,0.0,0.0,0.0,0.0,-0.003333333181217313,1,-0.003333333181217313
,academy_3_vs_1_with_keeper,42,collect_rollout,1631,0,109,-0.03793602199584711,False,False,0.0,0.0,0,0,0,0.0,0.0,0.0,0.0,-0.03793602199584711,1,-0.03793602199584711
,academy_3_vs_1_with_keeper,42,collect_rollout,1632,0,16,-0.006666666362434626,False,False,0.0,0.0,0,0,0,0.0,0.0,0.0,0.0,-0.006666666362434626,1,-0.006666666362434626
,academy_3_vs_1_with_keeper,42,collect_rollout,1633,0,101,-0.08861863031052053,False,False,0.0,0.0,0,0,0,0.0,0.0,0.0,0.0,-0.08861863031052053,1,-0.08861863031052053
,academy_3_vs_1_with_keeper,42,collect_rollout,1634,0,40,2.137638077372685,False,False,0.0,0.0,0,0,0,0.0,0.0,0.0,0.0,2.137638077372685,1,2.137638077372685
,academy_3_vs_1_with_keeper,42,collect_rollout,1635,0,96,0.07543015349074267,False,False,0.0,0.0,0,0,0,0.0,0.0,0.0,0.0,0.07543015349074267,1,0.07543015349074267
,academy_3_vs_1_with_keeper,42,collect_rollout,1636,0,18,-0.003333333181217313,False,False,0.0,0.0,0,0,0,0.0,0.0,0.0,0.0,-0.003333333181217313,1,-0.003333333181217313
,academy_3_vs_1_with_keeper,42,collect_rollout,1637,0,16,-0.013333332724869251,False,False,0.0,0.0,0,0,0,0.0,0.0,0.0,0.0,-0.013333332724869251,1,-0.013333332724869251
,academy_3_vs_1_with_keeper,42,collect_rollout,1638,0,15,-0.009999999543651938,False,False,0.0,0.0,0,0,0,0.0,0.0,0.0,0.0,-0.009999999543651938,1,-0.009999999543651938
,academy_3_vs_1_with_keeper,42,collect_rollout,1639,0,16,-0.013333332724869251,False,False,0.0,0.0,0,0,0,0.0,0.0,0.0,0.0,-0.013333332724869251,1,-0.013333332724869251
,academy_3_vs_1_with_keeper,42,collect_rollout,1640,0,23,-0.013333332724869251,False,False,0.0,0.0,0,0,0,0.0,0.0,0.0,0.0,-0.013333332724869251,1,-0.013333332724869251
,academy_3_vs_1_with_keeper,42,collect_rollout,1641,0,32,2.1204411233775318,False,False,0.0,0.0,0,0,0,0.0,0.0,0.0,0.0,2.1204411233775318,1,2.1204411233775318
,academy_3_vs_1_with_keeper,42,collect_rollout,1642,0,56,-0.051213278668001294,False,False,0.0,0.0,0,0,0,0.0,0.0,0.0,0.0,-0.051213278668001294,1,-0.051213278668001294
,academy_3_vs_1_with_keeper,42,collect_rollout,1643,0,7,0.053968251682817936,False,False,0.0,0.0,0,0,0,0.0,0.0,0.0,0.0,0.053968251682817936,1,0.053968251682817936
,academy_3_vs_1_with_keeper,42,collect_rollout,1644,0,34,-0.020008238381706178,False,False,0.0,0.0,0,0,0,0.0,0.0,0.0,0.0,-0.020008238381706178,1,-0.020008238381706178
,academy_3_vs_1_with_keeper,42,collect_rollout,1645,0,15,-0.006666666362434626,False,False,0.0,0.0,0,0,0,0.0,0.0,0.0,0.0,-0.006666666362434626,1,-0.006666666362434626
,academy_3_vs_1_with_keeper,42,collect_rollout,1646,0,59,-0.027877208311110735,False,False,0.0,0.0,0,0,0,0.0,0.0,0.0,0.0,-0.027877208311110735,1,-0.027877208311110735
,academy_3_vs_1_with_keeper,42,collect_rollout,1647,0,37,-0.04999999771825969,False,False,0.0,0.0,0,0,0,0.0,0.0,0.0,0.0,-0.04999999771825969,1,-0.04999999771825969
,academy_3_vs_1_with_keeper,42,collect_rollout,1648,0,19,0.0,False,False,0.0,0.0,0,0,0,0.0,0.0,0.0,0.0,0.0,1,0.0
,academy_3_vs_1_with_keeper,42,collect_rollout,1649,0,10,0.025987329427152872,False,False,0.0,0.0,0,0,0,0.0,0.0,0.0,0.0,0.025987329427152872,1,0.025987329427152872
,academy_3_vs_1_with_keeper,42,collect_rollout,1650,0,19,-0.016666665906086564,False,False,0.0,0.0,0,0,0,0.0,0.0,0.0,0.0,-0.016666665906086564,1,-0.016666665906086564
,academy_3_vs_1_with_keeper,42,collect_rollout,1651,0,20,-0.006666666362434626,False,False,0.0,0.0,0,0,0,0.0,0.0,0.0,0.0,-0.006666666362434626,1,-0.006666666362434626
,academy_3_vs_1_with_keeper,42,collect_rollout,1652,0,18,-0.009999999543651938,False,False,0.0,0.0,0,0,0,0.0,0.0,0.0,0.0,-0.009999999543651938,1,-0.009999999543651938
,academy_3_vs_1_with_keeper,42,collect_rollout,1653,0,20,-0.016666665906086564,False,False,0.0,0.0,0,0,0,0.0,0.0,0.0,0.0,-0.016666665906086564,1,-0.016666665906086564
,academy_3_vs_1_with_keeper,42,collect_rollout,1654,0,18,-0.009999999543651938,False,False,0.0,0.0,0,0,0,0.0,0.0,0.0,0.0,-0.009999999543651938,1,-0.009999999543651938
,academy_3_vs_1_with_keeper,42,collect_rollout,1655,0,17,0.0,False,False,0.0,0.0,0,0,0,0.0,0.0,0.0,0.0,0.0,1,0.0
,academy_3_vs_1_with_keeper,42,collect_rollout,1656,0,33,2.1043654680252075,False,False,0.0,0.0,0,0,0,0.0,0.0,0.0,0.0,2.1043654680252075,1,2.1043654680252075
,academy_3_vs_1_with_keeper,42,collect_rollout,1657,0,77,-0.08203767787199467,False,False,0.0,0.0,0,0,0,0.0,0.0,0.0,0.0,-0.08203767787199467,1,-0.08203767787199467
,academy_3_vs_1_with_keeper,42,collect_rollout,1658,0,8,0.02402071305550635,False,False,0.0,0.0,0,0,0,0.0,0.0,0.0,0.0,0.02402071305550635,1,0.02402071305550635
,academy_3_vs_1_with_keeper,42,collect_rollout,1659,0,12,0.017745225341059268,False,False,0.0,0.0,0,0,0,0.0,0.0,0.0,0.0,0.017745225341059268,1,0.017745225341059268
,academy_3_vs_1_with_keeper,42,collect_rollout,1660,0,18,-0.016666665906086564,False,False,0.0,0.0,0,0,0,0.0,0.0,0.0,0.0,-0.016666665906086564,1,-0.016666665906086564
,academy_3_vs_1_with_keeper,42,collect_rollout,1661,0,44,0.031973516510333866,False,False,0.0,0.0,0,0,0,0.0,0.0,0.0,0.0,0.031973516510333866,1,0.031973516510333866
,academy_3_vs_1_with_keeper,42,collect_rollout,1662,0,20,-0.009999999543651938,False,False,0.0,0.0,0,0,0,0.0,0.0,0.0,0.0,-0.009999999543651938,1,-0.009999999543651938
,academy_3_vs_1_with_keeper,42,collect_rollout,1663,0,28,2.1227093499619514,False,False,0.0,0.0,0,0,0,0.0,0.0,0.0,0.0,2.1227093499619514,1,2.1227093499619514
,academy_3_vs_1_with_keeper,42,collect_rollout,1664,0,24,-0.016666665906086564,False,False,0.0,0.0,0,0,0,0.0,0.0,0.0,0.0,-0.016666665906086564,1,-0.016666665906086564
,academy_3_vs_1_with_keeper,42,collect_rollout,1665,0,18,-0.016666665906086564,False,False,0.0,0.0,0,0,0,0.0,0.0,0.0,0.0,-0.016666665906086564,1,-0.016666665906086564
,academy_3_vs_1_with_keeper,42,collect_rollout,1666,0,16,0.018026311183348298,False,False,0.0,0.0,0,0,0,0.0,0.0,0.0,0.0,0.018026311183348298,1,0.018026311183348298
,academy_3_vs_1_with_keeper,42,collect_rollout,1667,0,32,2.1109559311298653,False,False,0.0,0.0,0,0,0,0.0,0.0,0.0,0.0,2.1109559311298653,1,2.1109559311298653
,academy_3_vs_1_with_keeper,42,collect_rollout,1668,0,20,-0.006666666362434626,False,False,0.0,0.0,0,0,0,0.0,0.0,0.0,0.0,-0.006666666362434626,1,-0.006666666362434626
,academy_3_vs_1_with_keeper,42,collect_rollout,1669,0,35,2.1067587414290756,False,False,0.0,0.0,0,0,0,0.0,0.0,0.0,0.0,2.1067587414290756,1,2.1067587414290756
,academy_3_vs_1_with_keeper,42,collect_rollout,1670,0,11,0.007150762248784304,False,False,0.0,0.0,0,0,0,0.0,0.0,0.0,0.0,0.007150762248784304,1,0.007150762248784304
,academy_3_vs_1_with_keeper,42,collect_rollout,1671,0,12,0.013856339501217008,False,False,0.0,0.0,0,0,0,0.0,0.0,0.0,0.0,0.013856339501217008,1,0.013856339501217008
,academy_3_vs_1_with_keeper,42,collect_rollout,1672,0,58,2.0173737226286903,False,False,0.0,0.0,0,0,0,0.0,0.0,0.0,0.0,2.0173737226286903,1,2.0173737226286903
,academy_3_vs_1_with_keeper,42,collect_rollout,1673,0,19,-0.013333332724869251,False,False,0.0,0.0,0,0,0,0.0,0.0,0.0,0.0,-0.013333332724869251,1,-0.013333332724869251
,academy_3_vs_1_with_keeper,42,collect_rollout,1674,0,121,-0.036459004320931854,False,False,0.0,0.0,0,0,0,0.0,0.0,0.0,0.0,-0.036459004320931854,1,-0.036459004320931854
,academy_3_vs_1_with_keeper,42,collect_rollout,1675,0,21,-0.016666665906086564,False,False,0.0,0.0,0,0,0,0.0,0.0,0.0,0.0,-0.016666665906086564,1,-0.016666665906086564
,academy_3_vs_1_with_keeper,42,collect_rollout,1676,0,17,-0.016666665906086564,False,False,0.0,0.0,0,0,0,0.0,0.0,0.0,0.0,-0.016666665906086564,1,-0.016666665906086564
,academy_3_vs_1_with_keeper,42,collect_rollout,1677,0,13,0.03447443537879735,False,False,0.0,0.0,0,0,0,0.0,0.0,0.0,0.0,0.03447443537879735,1,0.03447443537879735
,academy_3_vs_1_with_keeper,42,collect_rollout,1678,0,1801,-0.43379572906997055,False,False,0.0,0.0,0,0,0,0.0,0.0,0.0,0.0,-0.43379572906997055,1,-0.43379572906997055
,academy_3_vs_1_with_keeper,42,collect_rollout,1679,0,22,-0.019999999087303877,False,False,0.0,0.0,0,0,0,0.0,0.0,0.0,0.0,-0.019999999087303877,1,-0.019999999087303877
,academy_3_vs_1_with_keeper,42,collect_rollout,1680,0,21,-0.006666666362434626,False,False,0.0,0.0,0,0,0,0.0,0.0,0.0,0.0,-0.006666666362434626,1,-0.006666666362434626
,academy_3_vs_1_with_keeper,42,collect_rollout,1681,0,16,-0.003333333181217313,False,False,0.0,0.0,0,0,0,0.0,0.0,0.0,0.0,-0.003333333181217313,1,-0.003333333181217313
,academy_3_vs_1_with_keeper,42,collect_rollout,1682,0,20,-0.013333332724869251,False,False,0.0,0.0,0,0,0,0.0,0.0,0.0,0.0,-0.013333332724869251,1,-0.013333332724869251
,academy_3_vs_1_with_keeper,42,collect_rollout,1683,0,18,-0.009999999543651938,False,False,0.0,0.0,0,0,0,0.0,0.0,0.0,0.0,-0.009999999543651938,1,-0.009999999543651938
,academy_3_vs_1_with_keeper,42,collect_rollout,1684,0,25,2.147052815067582,False,False,0.0,0.0,0,0,0,0.0,0.0,0.0,0.0,2.147052815067582,1,2.147052815067582
,academy_3_vs_1_with_keeper,42,collect_rollout,1685,0,19,-0.006666666362434626,False,False,0.0,0.0,0,0,0,0.0,0.0,0.0,0.0,-0.006666666362434626,1,-0.006666666362434626
,academy_3_vs_1_with_keeper,42,collect_rollout,1686,0,32,2.1282261461019516,False,False,0.0,0.0,0,0,0,0.0,0.0,0.0,0.0,2.1282261461019516,1,2.1282261461019516
,academy_3_vs_1_with_keeper,42,collect_rollout,1687,0,22,-0.003333333181217313,False,False,0.0,0.0,0,0,0,0.0,0.0,0.0,0.0,-0.003333333181217313,1,-0.003333333181217313
,academy_3_vs_1_with_keeper,42,collect_rollout,1688,0,18,-0.016666665906086564,False,False,0.0,0.0,0,0,0,0.0,0.0,0.0,0.0,-0.016666665906086564,1,-0.016666665906086564
,academy_3_vs_1_with_keeper,42,collect_rollout,1689,0,19,-0.006666666362434626,False,False,0.0,0.0,0,0,0,0.0,0.0,0.0,0.0,-0.006666666362434626,1,-0.006666666362434626
,academy_3_vs_1_with_keeper,42,collect_rollout,1690,0,17,-0.003333333181217313,False,False,0.0,0.0,0,0,0,0.0,0.0,0.0,0.0,-0.003333333181217313,1,-0.003333333181217313
,academy_3_vs_1_with_keeper,42,collect_rollout,1691,0,22,-0.016666665906086564,False,False,0.0,0.0,0,0,0,0.0,0.0,0.0,0.0,-0.016666665906086564,1,-0.016666665906086564
,academy_3_vs_1_with_keeper,42,collect_rollout,1692,0,20,-0.016666665906086564,False,False,0.0,0.0,0,0,0,0.0,0.0,0.0,0.0,-0.016666665906086564,1,-0.016666665906086564
,academy_3_vs_1_with_keeper,42,collect_rollout,1693,0,17,-0.009999999543651938,False,False,0.0,0.0,0,0,0,0.0,0.0,0.0,0.0,-0.009999999543651938,1,-0.009999999543651938
,academy_3_vs_1_with_keeper,42,collect_rollout,1694,0,71,-0.005835513584315777,False,False,0.0,0.0,0,0,0,0.0,0.0,0.0,0.0,-0.005835513584315777,1,-0.005835513584315777
,academy_3_vs_1_with_keeper,42,collect_rollout,1695,0,22,2.154429771086143,False,False,0.0,0.0,0,0,0,0.0,0.0,0.0,0.0,2.154429771086143,1,2.154429771086143
,academy_3_vs_1_with_keeper,42,collect_rollout,1696,0,109,-0.3247389172902331,False,False,0.0,0.0,0,0,0,0.0,0.0,0.0,0.0,-0.3247389172902331,1,-0.3247389172902331
,academy_3_vs_1_with_keeper,42,collect_rollout,1697,0,16,-0.009999999543651938,False,False,0.0,0.0,0,0,0,0.0,0.0,0.0,0.0,-0.009999999543651938,1,-0.009999999543651938
,academy_3_vs_1_with_keeper,42,collect_rollout,1698,0,11,0.04259512142743915,False,False,0.0,0.0,0,0,0,0.0,0.0,0.0,0.0,0.04259512142743915,1,0.04259512142743915
,academy_3_vs_1_with_keeper,42,collect_rollout,1699,0,35,2.1306001793127507,False,False,0.0,0.0,0,0,0,0.0,0.0,0.0,0.0,2.1306001793127507,1,2.1306001793127507
,academy_3_vs_1_with_keeper,42,collect_rollout,1700,0,16,-0.003333333181217313,False,False,0.0,0.0,0,0,0,0.0,0.0,0.0,0.0,-0.003333333181217313,1,-0.003333333181217313
,academy_3_vs_1_with_keeper,42,collect_rollout,1701,0,158,-0.3059577133972198,False,False,0.0,0.0,0,0,0,0.0,0.0,0.0,0.0,-0.3059577133972198,1,-0.3059577133972198
,academy_3_vs_1_with_keeper,42,collect_rollout,1702,0,20,-0.006666666362434626,False,False,0.0,0.0,0,0,0,0.0,0.0,0.0,0.0,-0.006666666362434626,1,-0.006666666362434626
,academy_3_vs_1_with_keeper,42,collect_rollout,1703,0,64,-0.29900512778840493,False,False,0.0,0.0,0,0,0,0.0,0.0,0.0,0.0,-0.29900512778840493,1,-0.29900512778840493
,academy_3_vs_1_with_keeper,42,collect_rollout,1704,0,20,-0.003333333181217313,False,False,0.0,0.0,0,0,0,0.0,0.0,0.0,0.0,-0.003333333181217313,1,-0.003333333181217313
,academy_3_vs_1_with_keeper,42,collect_rollout,1705,0,30,0.10858842602465302,False,False,0.0,0.0,0,0,0,0.0,0.0,0.0,0.0,0.10858842602465302,1,0.10858842602465302
,academy_3_vs_1_with_keeper,42,collect_rollout,1706,0,14,-0.009999999543651938,False,False,0.0,0.0,0,0,0,0.0,0.0,0.0,0.0,-0.009999999543651938,1,-0.009999999543651938
,academy_3_vs_1_with_keeper,42,collect_rollout,1707,0,19,-0.006666666362434626,False,False,0.0,0.0,0,0,0,0.0,0.0,0.0,0.0,-0.006666666362434626,1,-0.006666666362434626
,academy_3_vs_1_with_keeper,42,collect_rollout,1708,0,20,-0.006666666362434626,False,False,0.0,0.0,0,0,0,0.0,0.0,0.0,0.0,-0.006666666362434626,1,-0.006666666362434626
,academy_3_vs_1_with_keeper,42,collect_rollout,1709,0,18,-0.009999999543651938,False,False,0.0,0.0,0,0,0,0.0,0.0,0.0,0.0,-0.009999999543651938,1,-0.009999999543651938
,academy_3_vs_1_with_keeper,42,collect_rollout,1710,0,29,0.1150784655183088,False,False,0.0,0.0,0,0,0,0.0,0.0,0.0,0.0,0.1150784655183088,1,0.1150784655183088
,academy_3_vs_1_with_keeper,42,collect_rollout,1711,0,18,-0.003333333181217313,False,False,0.0,0.0,0,0,0,0.0,0.0,0.0,0.0,-0.003333333181217313,1,-0.003333333181217313
,academy_3_vs_1_with_keeper,42,collect_rollout,1712,0,19,-0.003333333181217313,False,False,0.0,0.0,0,0,0,0.0,0.0,0.0,0.0,-0.003333333181217313,1,-0.003333333181217313
,academy_3_vs_1_with_keeper,42,collect_rollout,1713,0,30,-0.004907542490400374,False,False,0.0,0.0,0,0,0,0.0,0.0,0.0,0.0,-0.004907542490400374,1,-0.004907542490400374
,academy_3_vs_1_with_keeper,42,collect_rollout,1714,0,42,2.065404260705691,False,False,0.0,0.0,0,0,0,0.0,0.0,0.0,0.0,2.065404260705691,1,2.065404260705691
,academy_3_vs_1_with_keeper,42,collect_rollout,1715,0,21,-0.009999999543651938,False,False,0.0,0.0,0,0,0,0.0,0.0,0.0,0.0,-0.009999999543651938,1,-0.009999999543651938
,academy_3_vs_1_with_keeper,42,collect_rollout,1716,0,38,2.126037141191773,False,False,0.0,0.0,0,0,0,0.0,0.0,0.0,0.0,2.126037141191773,1,2.126037141191773
,academy_3_vs_1_with_keeper,42,collect_rollout,1717,0,16,-0.003333333181217313,False,False,0.0,0.0,0,0,0,0.0,0.0,0.0,0.0,-0.003333333181217313,1,-0.003333333181217313
,academy_3_vs_1_with_keeper,42,collect_rollout,1718,0,17,-0.003333333181217313,False,False,0.0,0.0,0,0,0,0.0,0.0,0.0,0.0,-0.003333333181217313,1,-0.003333333181217313
,academy_3_vs_1_with_keeper,42,collect_rollout,1719,0,10,0.03218864928930998,False,False,0.0,0.0,0,0,0,0.0,0.0,0.0,0.0,0.03218864928930998,1,0.03218864928930998
,academy_3_vs_1_with_keeper,42,collect_rollout,1720,0,21,-0.006666666362434626,False,False,0.0,0.0,0,0,0,0.0,0.0,0.0,0.0,-0.006666666362434626,1,-0.006666666362434626
,academy_3_vs_1_with_keeper,42,collect_rollout,1721,0,21,-0.009999999543651938,False,False,0.0,0.0,0,0,0,0.0,0.0,0.0,0.0,-0.009999999543651938,1,-0.009999999543651938
,academy_3_vs_1_with_keeper,42,collect_rollout,1722,0,15,0.0,False,False,0.0,0.0,0,0,0,0.0,0.0,0.0,0.0,0.0,1,0.0
,academy_3_vs_1_with_keeper,42,collect_rollout,1723,0,25,-0.009999999543651938,False,False,0.0,0.0,0,0,0,0.0,0.0,0.0,0.0,-0.009999999543651938,1,-0.009999999543651938
,academy_3_vs_1_with_keeper,42,collect_rollout,1724,0,20,-0.006666666362434626,False,False,0.0,0.0,0,0,0,0.0,0.0,0.0,0.0,-0.006666666362434626,1,-0.006666666362434626
,academy_3_vs_1_with_keeper,42,collect_rollout,1725,0,101,-0.053528362419456244,False,False,0.0,0.0,0,0,0,0.0,0.0,0.0,0.0,-0.053528362419456244,1,-0.053528362419456244
,academy_3_vs_1_with_keeper,42,collect_rollout,1726,0,23,-0.013333332724869251,False,False,0.0,0.0,0,0,0,0.0,0.0,0.0,0.0,-0.013333332724869251,1,-0.013333332724869251
,academy_3_vs_1_with_keeper,42,collect_rollout,1727,0,52,-0.03150621184613556,False,False,0.0,0.0,0,0,0,0.0,0.0,0.0,0.0,-0.03150621184613556,1,-0.03150621184613556
,academy_3_vs_1_with_keeper,42,collect_rollout,1728,0,18,-0.006666666362434626,False,False,0.0,0.0,0,0,0,0.0,0.0,0.0,0.0,-0.006666666362434626,1,-0.006666666362434626
,academy_3_vs_1_with_keeper,42,collect_rollout,1729,0,29,0.046461209654808044,False,False,0.0,0.0,0,0,0,0.0,0.0,0.0,0.0,0.046461209654808044,1,0.046461209654808044
,academy_3_vs_1_with_keeper,42,collect_rollout,1730,0,68,-0.2560440737288445,False,False,0.0,0.0,0,0,0,0.0,0.0,0.0,0.0,-0.2560440737288445,1,-0.2560440737288445
,academy_3_vs_1_with_keeper,42,collect_rollout,1731,0,22,-0.006666666362434626,False,False,0.0,0.0,0,0,0,0.0,0.0,0.0,0.0,-0.006666666362434626,1,-0.006666666362434626
,academy_3_vs_1_with_keeper,42,collect_rollout,1732,0,18,-0.009999999543651938,False,False,0.0,0.0,0,0,0,0.0,0.0,0.0,0.0,-0.009999999543651938,1,-0.009999999543651938
,academy_3_vs_1_with_keeper,42,collect_rollout,1733,0,16,-0.003333333181217313,False,False,0.0,0.0,0,0,0,0.0,0.0,0.0,0.0,-0.003333333181217313,1,-0.003333333181217313
,academy_3_vs_1_with_keeper,42,collect_rollout,1734,0,18,-0.013333332724869251,False,False,0.0,0.0,0,0,0,0.0,0.0,0.0,0.0,-0.013333332724869251,1,-0.013333332724869251
,academy_3_vs_1_with_keeper,42,collect_rollout,1735,0,17,-0.003333333181217313,False,False,0.0,0.0,0,0,0,0.0,0.0,0.0,0.0,-0.003333333181217313,1,-0.003333333181217313
,academy_3_vs_1_with_keeper,42,collect_rollout,1736,0,15,-0.009999999543651938,False,False,0.0,0.0,0,0,0,0.0,0.0,0.0,0.0,-0.009999999543651938,1,-0.009999999543651938
,academy_3_vs_1_with_keeper,42,collect_rollout,1737,0,16,-0.003333333181217313,False,False,0.0,0.0,0,0,0,0.0,0.0,0.0,0.0,-0.003333333181217313,1,-0.003333333181217313
,academy_3_vs_1_with_keeper,42,collect_rollout,1738,0,16,-0.003333333181217313,False,False,0.0,0.0,0,0,0,0.0,0.0,0.0,0.0,-0.003333333181217313,1,-0.003333333181217313
,academy_3_vs_1_with_keeper,42,collect_rollout,1739,0,18,-0.006666666362434626,False,False,0.0,0.0,0,0,0,0.0,0.0,0.0,0.0,-0.006666666362434626,1,-0.006666666362434626
,academy_3_vs_1_with_keeper,42,collect_rollout,1740,0,16,-0.003333333181217313,False,False,0.0,0.0,0,0,0,0.0,0.0,0.0,0.0,-0.003333333181217313,1,-0.003333333181217313
,academy_3_vs_1_with_keeper,42,collect_rollout,1741,0,24,-0.016666665906086564,False,False,0.0,0.0,0,0,0,0.0,0.0,0.0,0.0,-0.016666665906086564,1,-0.016666665906086564
,academy_3_vs_1_with_keeper,42,collect_rollout,1742,0,19,-0.016666665906086564,False,False,0.0,0.0,0,0,0,0.0,0.0,0.0,0.0,-0.016666665906086564,1,-0.016666665906086564
,academy_3_vs_1_with_keeper,42,collect_rollout,1743,0,15,-0.003333333181217313,False,False,0.0,0.0,0,0,0,0.0,0.0,0.0,0.0,-0.003333333181217313,1,-0.003333333181217313
,academy_3_vs_1_with_keeper,42,collect_rollout,1744,0,16,-0.009999999543651938,False,False,0.0,0.0,0,0,0,0.0,0.0,0.0,0.0,-0.009999999543651938,1,-0.009999999543651938
,academy_3_vs_1_with_keeper,42,collect_rollout,1745,0,146,-0.25842788943555206,False,False,0.0,0.0,0,0,0,0.0,0.0,0.0,0.0,-0.25842788943555206,1,-0.25842788943555206
,academy_3_vs_1_with_keeper,42,collect_rollout,1746,0,20,0.0,False,False,0.0,0.0,0,0,0,0.0,0.0,0.0,0.0,0.0,1,0.0
,academy_3_vs_1_with_keeper,42,collect_rollout,1747,0,17,-0.009999999543651938,False,False,0.0,0.0,0,0,0,0.0,0.0,0.0,0.0,-0.009999999543651938,1,-0.009999999543651938
,academy_3_vs_1_with_keeper,42,collect_rollout,1748,0,21,-0.009999999543651938,False,False,0.0,0.0,0,0,0,0.0,0.0,0.0,0.0,-0.009999999543651938,1,-0.009999999543651938
,academy_3_vs_1_with_keeper,42,collect_rollout,1749,0,76,-0.0914501961087808,False,False,0.0,0.0,0,0,0,0.0,0.0,0.0,0.0,-0.0914501961087808,1,-0.0914501961087808
,academy_3_vs_1_with_keeper,42,collect_rollout,1750,0,23,-0.006666666362434626,False,False,0.0,0.0,0,0,0,0.0,0.0,0.0,0.0,-0.006666666362434626,1,-0.006666666362434626
,academy_3_vs_1_with_keeper,42,collect_rollout,1751,0,15,-0.003333333181217313,False,False,0.0,0.0,0,0,0,0.0,0.0,0.0,0.0,-0.003333333181217313,1,-0.003333333181217313
,academy_3_vs_1_with_keeper,42,collect_rollout,1752,0,20,-0.006666666362434626,False,False,0.0,0.0,0,0,0,0.0,0.0,0.0,0.0,-0.006666666362434626,1,-0.006666666362434626
,academy_3_vs_1_with_keeper,42,collect_rollout,1753,0,16,-0.003333333181217313,False,False,0.0,0.0,0,0,0,0.0,0.0,0.0,0.0,-0.003333333181217313,1,-0.003333333181217313
,academy_3_vs_1_with_keeper,42,collect_rollout,1754,0,20,-0.003333333181217313,False,False,0.0,0.0,0,0,0,0.0,0.0,0.0,0.0,-0.003333333181217313,1,-0.003333333181217313
,academy_3_vs_1_with_keeper,42,collect_rollout,1755,0,43,0.013420941773802042,False,False,0.0,0.0,0,0,0,0.0,0.0,0.0,0.0,0.013420941773802042,1,0.013420941773802042
,academy_3_vs_1_with_keeper,42,collect_rollout,1756,0,55,0.10701381252147257,False,False,0.0,0.0,0,0,0,0.0,0.0,0.0,0.0,0.10701381252147257,1,0.10701381252147257
,academy_3_vs_1_with_keeper,42,collect_rollout,1757,0,18,-0.009999999543651938,False,False,0.0,0.0,0,0,0,0.0,0.0,0.0,0.0,-0.009999999543651938,1,-0.009999999543651938
,academy_3_vs_1_with_keeper,42,collect_rollout,1758,0,81,-0.1408074817736633,False,False,0.0,0.0,0,0,0,0.0,0.0,0.0,0.0,-0.1408074817736633,1,-0.1408074817736633
,academy_3_vs_1_with_keeper,42,collect_rollout,1759,0,11,0.02262469904962927,False,False,0.0,0.0,0,0,0,0.0,0.0,0.0,0.0,0.02262469904962927,1,0.02262469904962927
,academy_3_vs_1_with_keeper,42,collect_rollout,1760,0,17,-0.003333333181217313,False,False,0.0,0.0,0,0,0,0.0,0.0,0.0,0.0,-0.003333333181217313,1,-0.003333333181217313
,academy_3_vs_1_with_keeper,42,collect_rollout,1761,0,36,0.11635974352248013,False,False,0.0,0.0,0,0,0,0.0,0.0,0.0,0.0,0.11635974352248013,1,0.11635974352248013
,academy_3_vs_1_with_keeper,42,collect_rollout,1762,0,18,-0.003333333181217313,False,False,0.0,0.0,0,0,0,0.0,0.0,0.0,0.0,-0.003333333181217313,1,-0.003333333181217313
,academy_3_vs_1_with_keeper,42,collect_rollout,1763,0,57,0.13325914042070508,False,False,0.0,0.0,0,0,0,0.0,0.0,0.0,0.0,0.13325914042070508,1,0.13325914042070508
,academy_3_vs_1_with_keeper,42,collect_rollout,1764,0,18,0.0,False,False,0.0,0.0,0,0,0,0.0,0.0,0.0,0.0,0.0,1,0.0
,academy_3_vs_1_with_keeper,42,collect_rollout,1765,0,55,-0.0322781035938533,False,False,0.0,0.0,0,0,0,0.0,0.0,0.0,0.0,-0.0322781035938533,1,-0.0322781035938533
,academy_3_vs_1_with_keeper,42,collect_rollout,1766,0,10,0.025043894071131945,False,False,0.0,0.0,0,0,0,0.0,0.0,0.0,0.0,0.025043894071131945,1,0.025043894071131945
,academy_3_vs_1_with_keeper,42,collect_rollout,1767,0,11,0.011872678296640515,False,False,0.0,0.0,0,0,0,0.0,0.0,0.0,0.0,0.011872678296640515,1,0.011872678296640515
,academy_3_vs_1_with_keeper,42,collect_rollout,1768,0,28,2.1205085028195754,False,False,0.0,0.0,0,0,0,0.0,0.0,0.0,0.0,2.1205085028195754,1,2.1205085028195754
,academy_3_vs_1_with_keeper,42,collect_rollout,1769,0,19,-0.003333333181217313,False,False,0.0,0.0,0,0,0,0.0,0.0,0.0,0.0,-0.003333333181217313,1,-0.003333333181217313
,academy_3_vs_1_with_keeper,42,collect_rollout,1770,0,16,0.0,False,False,0.0,0.0,0,0,0,0.0,0.0,0.0,0.0,0.0,1,0.0
,academy_3_vs_1_with_keeper,42,collect_rollout,1771,0,150,0.2528152749873698,False,False,0.0,0.0,0,0,0,0.0,0.0,0.0,0.0,0.2528152749873698,1,0.2528152749873698
,academy_3_vs_1_with_keeper,42,collect_rollout,1772,0,35,2.1320753793697804,False,False,0.0,0.0,0,0,0,0.0,0.0,0.0,0.0,2.1320753793697804,1,2.1320753793697804
,academy_3_vs_1_with_keeper,42,collect_rollout,1773,0,14,-0.006666666362434626,False,False,0.0,0.0,0,0,0,0.0,0.0,0.0,0.0,-0.006666666362434626,1,-0.006666666362434626
,academy_3_vs_1_with_keeper,42,collect_rollout,1774,0,14,-0.013333332724869251,False,False,0.0,0.0,0,0,0,0.0,0.0,0.0,0.0,-0.013333332724869251,1,-0.013333332724869251
,academy_3_vs_1_with_keeper,42,collect_rollout,1775,0,22,-0.003333333181217313,False,False,0.0,0.0,0,0,0,0.0,0.0,0.0,0.0,-0.003333333181217313,1,-0.003333333181217313
,academy_3_vs_1_with_keeper,42,collect_rollout,1776,0,24,-0.006666666362434626,False,False,0.0,0.0,0,0,0,0.0,0.0,0.0,0.0,-0.006666666362434626,1,-0.006666666362434626
,academy_3_vs_1_with_keeper,42,collect_rollout,1777,0,14,0.019187563797459006,False,False,0.0,0.0,0,0,0,0.0,0.0,0.0,0.0,0.019187563797459006,1,0.019187563797459006
,academy_3_vs_1_with_keeper,42,collect_rollout,1778,0,49,-0.052411405253224075,False,False,0.0,0.0,0,0,0,0.0,0.0,0.0,0.0,-0.052411405253224075,1,-0.052411405253224075
,academy_3_vs_1_with_keeper,42,collect_rollout,1779,0,17,0.0,False,False,0.0,0.0,0,0,0,0.0,0.0,0.0,0.0,0.0,1,0.0
,academy_3_vs_1_with_keeper,42,collect_rollout,1780,0,36,0.10164756933227181,False,False,0.0,0.0,0,0,0,0.0,0.0,0.0,0.0,0.10164756933227181,1,0.10164756933227181
,academy_3_vs_1_with_keeper,42,collect_rollout,1781,0,15,-0.003333333181217313,False,False,0.0,0.0,0,0,0,0.0,0.0,0.0,0.0,-0.003333333181217313,1,-0.003333333181217313
,academy_3_vs_1_with_keeper,42,collect_rollout,1782,0,19,-0.006666666362434626,False,False,0.0,0.0,0,0,0,0.0,0.0,0.0,0.0,-0.006666666362434626,1,-0.006666666362434626
,academy_3_vs_1_with_keeper,42,collect_rollout,1783,0,21,0.0,False,False,0.0,0.0,0,0,0,0.0,0.0,0.0,0.0,0.0,1,0.0
,academy_3_vs_1_with_keeper,42,collect_rollout,1784,0,100,0.3293133085826412,False,False,0.0,0.0,0,0,0,0.0,0.0,0.0,0.0,0.3293133085826412,1,0.3293133085826412
,academy_3_vs_1_with_keeper,42,collect_rollout,1785,0,29,2.136119097704068,False,False,0.0,0.0,0,0,0,0.0,0.0,0.0,0.0,2.136119097704068,1,2.136119097704068
,academy_3_vs_1_with_keeper,42,collect_rollout,1786,0,14,-0.009999999543651938,False,False,0.0,0.0,0,0,0,0.0,0.0,0.0,0.0,-0.009999999543651938,1,-0.009999999543651938
,academy_3_vs_1_with_keeper,42,collect_rollout,1787,0,80,1.8040029272669926,False,False,0.0,0.0,0,0,0,0.0,0.0,0.0,0.0,1.8040029272669926,1,1.8040029272669926
,academy_3_vs_1_with_keeper,42,collect_rollout,1788,0,133,-0.21475826855748892,False,False,0.0,0.0,0,0,0,0.0,0.0,0.0,0.0,-0.21475826855748892,1,-0.21475826855748892
,academy_3_vs_1_with_keeper,42,collect_rollout,1789,0,19,-0.006666666362434626,False,False,0.0,0.0,0,0,0,0.0,0.0,0.0,0.0,-0.006666666362434626,1,-0.006666666362434626
,academy_3_vs_1_with_keeper,42,collect_rollout,1790,0,90,0.07688695068281959,False,False,0.0,0.0,0,0,0,0.0,0.0,0.0,0.0,0.07688695068281959,1,0.07688695068281959
,academy_3_vs_1_with_keeper,42,collect_rollout,1791,0,20,2.1455921998713166,False,False,0.0,0.0,0,0,0,0.0,0.0,0.0,0.0,2.1455921998713166,1,2.1455921998713166
,academy_3_vs_1_with_keeper,42,collect_rollout,1792,0,20,-0.003333333181217313,False,False,0.0,0.0,0,0,0,0.0,0.0,0.0,0.0,-0.003333333181217313,1,-0.003333333181217313
,academy_3_vs_1_with_keeper,42,collect_rollout,1793,0,20,-0.019999999087303877,False,False,0.0,0.0,0,0,0,0.0,0.0,0.0,0.0,-0.019999999087303877,1,-0.019999999087303877
,academy_3_vs_1_with_keeper,42,collect_rollout,1794,0,21,-0.013333332724869251,False,False,0.0,0.0,0,0,0,0.0,0.0,0.0,0.0,-0.013333332724869251,1,-0.013333332724869251
,academy_3_vs_1_with_keeper,42,collect_rollout,1795,0,79,-0.03755430248565972,False,False,0.0,0.0,0,0,0,0.0,0.0,0.0,0.0,-0.03755430248565972,1,-0.03755430248565972
,academy_3_vs_1_with_keeper,42,collect_rollout,1796,0,40,2.122913077706471,False,False,0.0,0.0,0,0,0,0.0,0.0,0.0,0.0,2.122913077706471,1,2.122913077706471
,academy_3_vs_1_with_keeper,42,collect_rollout,1797,0,19,-0.003333333181217313,False,False,0.0,0.0,0,0,0,0.0,0.0,0.0,0.0,-0.003333333181217313,1,-0.003333333181217313
,academy_3_vs_1_with_keeper,42,collect_rollout,1798,0,15,0.0,False,False,0.0,0.0,0,0,0,0.0,0.0,0.0,0.0,0.0,1,0.0
,academy_3_vs_1_with_keeper,42,collect_rollout,1799,0,14,-0.003333333181217313,False,False,0.0,0.0,0,0,0,0.0,0.0,0.0,0.0,-0.003333333181217313,1,-0.003333333181217313
,academy_3_vs_1_with_keeper,42,collect_rollout,1800,0,30,0.101873446139507,False,False,0.0,0.0,0,0,0,0.0,0.0,0.0,0.0,0.101873446139507,1,0.101873446139507
,academy_3_vs_1_with_keeper,42,collect_rollout,1801,0,17,-0.013333332724869251,False,False,0.0,0.0,0,0,0,0.0,0.0,0.0,0.0,-0.013333332724869251,1,-0.013333332724869251
,academy_3_vs_1_with_keeper,42,collect_rollout,1802,0,20,-0.019999999087303877,False,False,0.0,0.0,0,0,0,0.0,0.0,0.0,0.0,-0.019999999087303877,1,-0.019999999087303877
,academy_3_vs_1_with_keeper,42,collect_rollout,1803,0,16,-0.006666666362434626,False,False,0.0,0.0,0,0,0,0.0,0.0,0.0,0.0,-0.006666666362434626,1,-0.006666666362434626
,academy_3_vs_1_with_keeper,42,collect_rollout,1804,0,17,0.003676197025924921,False,False,0.0,0.0,0,0,0,0.0,0.0,0.0,0.0,0.003676197025924921,1,0.003676197025924921
,academy_3_vs_1_with_keeper,42,collect_rollout,1805,0,18,-0.003333333181217313,False,False,0.0,0.0,0,0,0,0.0,0.0,0.0,0.0,-0.003333333181217313,1,-0.003333333181217313
,academy_3_vs_1_with_keeper,42,collect_rollout,1806,0,72,-0.08837212156504393,False,False,0.0,0.0,0,0,0,0.0,0.0,0.0,0.0,-0.08837212156504393,1,-0.08837212156504393
,academy_3_vs_1_with_keeper,42,collect_rollout,1807,0,30,2.1334496597992256,False,False,0.0,0.0,0,0,0,0.0,0.0,0.0,0.0,2.1334496597992256,1,2.1334496597992256
,academy_3_vs_1_with_keeper,42,collect_rollout,1808,0,16,-0.003333333181217313,False,False,0.0,0.0,0,0,0,0.0,0.0,0.0,0.0,-0.003333333181217313,1,-0.003333333181217313
,academy_3_vs_1_with_keeper,42,collect_rollout,1809,0,20,-0.02333333226852119,False,False,0.0,0.0,0,0,0,0.0,0.0,0.0,0.0,-0.02333333226852119,1,-0.02333333226852119
,academy_3_vs_1_with_keeper,42,collect_rollout,1810,0,39,0.04621615802170709,False,False,0.0,0.0,0,0,0,0.0,0.0,0.0,0.0,0.04621615802170709,1,0.04621615802170709
,academy_3_vs_1_with_keeper,42,collect_rollout,1811,0,20,-0.019999999087303877,False,False,0.0,0.0,0,0,0,0.0,0.0,0.0,0.0,-0.019999999087303877,1,-0.019999999087303877
,academy_3_vs_1_with_keeper,42,collect_rollout,1812,0,18,0.0,False,False,0.0,0.0,0,0,0,0.0,0.0,0.0,0.0,0.0,1,0.0
,academy_3_vs_1_with_keeper,42,collect_rollout,1813,0,29,2.1217241769772954,False,False,0.0,0.0,0,0,0,0.0,0.0,0.0,0.0,2.1217241769772954,1,2.1217241769772954
,academy_3_vs_1_with_keeper,42,collect_rollout,1814,0,90,0.10286511725280434,False,False,0.0,0.0,0,0,0,0.0,0.0,0.0,0.0,0.10286511725280434,1,0.10286511725280434
,academy_3_vs_1_with_keeper,42,collect_rollout,1815,0,90,0.08196542877703905,False,False,0.0,0.0,0,0,0,0.0,0.0,0.0,0.0,0.08196542877703905,1,0.08196542877703905
,academy_3_vs_1_with_keeper,42,collect_rollout,1816,0,21,-0.006666666362434626,False,False,0.0,0.0,0,0,0,0.0,0.0,0.0,0.0,-0.006666666362434626,1,-0.006666666362434626
,academy_3_vs_1_with_keeper,42,collect_rollout,1817,0,16,-0.006666666362434626,False,False,0.0,0.0,0,0,0,0.0,0.0,0.0,0.0,-0.006666666362434626,1,-0.006666666362434626
,academy_3_vs_1_with_keeper,42,collect_rollout,1818,0,15,-0.003333333181217313,False,False,0.0,0.0,0,0,0,0.0,0.0,0.0,0.0,-0.003333333181217313,1,-0.003333333181217313
,academy_3_vs_1_with_keeper,42,collect_rollout,1819,0,18,-0.013333332724869251,False,False,0.0,0.0,0,0,0,0.0,0.0,0.0,0.0,-0.013333332724869251,1,-0.013333332724869251
,academy_3_vs_1_with_keeper,42,collect_rollout,1820,0,40,2.076561328023672,False,False,0.0,0.0,0,0,0,0.0,0.0,0.0,0.0,2.076561328023672,1,2.076561328023672
,academy_3_vs_1_with_keeper,42,collect_rollout,1821,0,76,-0.016431769356131554,False,False,0.0,0.0,0,0,0,0.0,0.0,0.0,0.0,-0.016431769356131554,1,-0.016431769356131554
,academy_3_vs_1_with_keeper,42,collect_rollout,1822,0,21,-0.003333333181217313,False,False,0.0,0.0,0,0,0,0.0,0.0,0.0,0.0,-0.003333333181217313,1,-0.003333333181217313
,academy_3_vs_1_with_keeper,42,collect_rollout,1823,0,27,2.127998519950779,False,False,0.0,0.0,0,0,0,0.0,0.0,0.0,0.0,2.127998519950779,1,2.127998519950779
,academy_3_vs_1_with_keeper,42,collect_rollout,1824,0,18,-0.003333333181217313,False,False,0.0,0.0,0,0,0,0.0,0.0,0.0,0.0,-0.003333333181217313,1,-0.003333333181217313
,academy_3_vs_1_with_keeper,42,collect_rollout,1825,0,78,0.01213084071787307,False,False,0.0,0.0,0,0,0,0.0,0.0,0.0,0.0,0.01213084071787307,1,0.01213084071787307
,academy_3_vs_1_with_keeper,42,collect_rollout,1826,0,33,0.1235442342585884,False,False,0.0,0.0,0,0,0,0.0,0.0,0.0,0.0,0.1235442342585884,1,0.1235442342585884
,academy_3_vs_1_with_keeper,42,collect_rollout,1827,0,22,-0.016666665906086564,False,False,0.0,0.0,0,0,0,0.0,0.0,0.0,0.0,-0.016666665906086564,1,-0.016666665906086564
,academy_3_vs_1_with_keeper,42,collect_rollout,1828,0,19,0.0,False,False,0.0,0.0,0,0,0,0.0,0.0,0.0,0.0,0.0,1,0.0
,academy_3_vs_1_with_keeper,42,collect_rollout,1829,0,18,-0.003333333181217313,False,False,0.0,0.0,0,0,0,0.0,0.0,0.0,0.0,-0.003333333181217313,1,-0.003333333181217313
,academy_3_vs_1_with_keeper,42,collect_rollout,1830,0,37,0.10667134821414948,False,False,0.0,0.0,0,0,0,0.0,0.0,0.0,0.0,0.10667134821414948,1,0.10667134821414948
,academy_3_vs_1_with_keeper,42,collect_rollout,1831,0,26,2.1299067811341956,False,False,0.0,0.0,0,0,0,0.0,0.0,0.0,0.0,2.1299067811341956,1,2.1299067811341956
,academy_3_vs_1_with_keeper,42,collect_rollout,1832,0,14,-0.013333332724869251,False,False,0.0,0.0,0,0,0,0.0,0.0,0.0,0.0,-0.013333332724869251,1,-0.013333332724869251
,academy_3_vs_1_with_keeper,42,collect_rollout,1833,0,16,0.009091271553188562,False,False,0.0,0.0,0,0,0,0.0,0.0,0.0,0.0,0.009091271553188562,1,0.009091271553188562
,academy_3_vs_1_with_keeper,42,collect_rollout,1834,0,16,-0.009999999543651938,False,False,0.0,0.0,0,0,0,0.0,0.0,0.0,0.0,-0.009999999543651938,1,-0.009999999543651938
,academy_3_vs_1_with_keeper,42,collect_rollout,1835,0,19,-0.016666665906086564,False,False,0.0,0.0,0,0,0,0.0,0.0,0.0,0.0,-0.016666665906086564,1,-0.016666665906086564
,academy_3_vs_1_with_keeper,42,collect_rollout,1836,0,17,0.0,False,False,0.0,0.0,0,0,0,0.0,0.0,0.0,0.0,0.0,1,0.0
,academy_3_vs_1_with_keeper,42,collect_rollout,1837,0,89,0.11281447496730834,False,False,0.0,0.0,0,0,0,0.0,0.0,0.0,0.0,0.11281447496730834,1,0.11281447496730834
,academy_3_vs_1_with_keeper,42,collect_rollout,1838,0,15,-0.003333333181217313,False,False,0.0,0.0,0,0,0,0.0,0.0,0.0,0.0,-0.003333333181217313,1,-0.003333333181217313
,academy_3_vs_1_with_keeper,42,collect_rollout,1839,0,16,-0.003333333181217313,False,False,0.0,0.0,0,0,0,0.0,0.0,0.0,0.0,-0.003333333181217313,1,-0.003333333181217313
,academy_3_vs_1_with_keeper,42,collect_rollout,1840,0,23,2.1192242461256683,False,False,0.0,0.0,0,0,0,0.0,0.0,0.0,0.0,2.1192242461256683,1,2.1192242461256683
,academy_3_vs_1_with_keeper,42,collect_rollout,1841,0,51,1.9458334882219788,False,False,0.0,0.0,0,0,0,0.0,0.0,0.0,0.0,1.9458334882219788,1,1.9458334882219788
,academy_3_vs_1_with_keeper,42,collect_rollout,1842,0,18,-0.009999999543651938,False,False,0.0,0.0,0,0,0,0.0,0.0,0.0,0.0,-0.009999999543651938,1,-0.009999999543651938
,academy_3_vs_1_with_keeper,42,collect_rollout,1843,0,19,-0.016666665906086564,False,False,0.0,0.0,0,0,0,0.0,0.0,0.0,0.0,-0.016666665906086564,1,-0.016666665906086564
,academy_3_vs_1_with_keeper,42,collect_rollout,1844,0,1801,-0.7168375856708735,False,False,0.0,0.0,0,0,0,0.0,0.0,0.0,0.0,-0.7168375856708735,1,-0.7168375856708735
,academy_3_vs_1_with_keeper,42,collect_rollout,1845,0,85,0.0989146288484335,False,False,0.0,0.0,0,0,0,0.0,0.0,0.0,0.0,0.0989146288484335,1,0.0989146288484335
,academy_3_vs_1_with_keeper,42,collect_rollout,1846,0,55,1.9772121959831566,False,False,0.0,0.0,0,0,0,0.0,0.0,0.0,0.0,1.9772121959831566,1,1.9772121959831566
,academy_3_vs_1_with_keeper,42,collect_rollout,1847,0,21,-0.003333333181217313,False,False,0.0,0.0,0,0,0,0.0,0.0,0.0,0.0,-0.003333333181217313,1,-0.003333333181217313
,academy_3_vs_1_with_keeper,42,collect_rollout,1848,0,30,2.135812111548148,False,False,0.0,0.0,0,0,0,0.0,0.0,0.0,0.0,2.135812111548148,1,2.135812111548148
,academy_3_vs_1_with_keeper,42,collect_rollout,1849,0,15,-0.003333333181217313,False,False,0.0,0.0,0,0,0,0.0,0.0,0.0,0.0,-0.003333333181217313,1,-0.003333333181217313
,academy_3_vs_1_with_keeper,42,collect_rollout,1850,0,17,2.128184377681464,False,False,0.0,0.0,0,0,0,0.0,0.0,0.0,0.0,2.128184377681464,1,2.128184377681464
,academy_3_vs_1_with_keeper,42,collect_rollout,1851,0,15,-0.006666666362434626,False,False,0.0,0.0,0,0,0,0.0,0.0,0.0,0.0,-0.006666666362434626,1,-0.006666666362434626
,academy_3_vs_1_with_keeper,42,collect_rollout,1852,0,23,-0.006666666362434626,False,False,0.0,0.0,0,0,0,0.0,0.0,0.0,0.0,-0.006666666362434626,1,-0.006666666362434626
,academy_3_vs_1_with_keeper,42,collect_rollout,1853,0,17,-0.009999999543651938,False,False,0.0,0.0,0,0,0,0.0,0.0,0.0,0.0,-0.009999999543651938,1,-0.009999999543651938
,academy_3_vs_1_with_keeper,42,collect_rollout,1854,0,56,-0.0213487510336563,False,False,0.0,0.0,0,0,0,0.0,0.0,0.0,0.0,-0.0213487510336563,1,-0.0213487510336563
,academy_3_vs_1_with_keeper,42,collect_rollout,1855,0,32,2.119976012269035,False,False,0.0,0.0,0,0,0,0.0,0.0,0.0,0.0,2.119976012269035,1,2.119976012269035
,academy_3_vs_1_with_keeper,42,collect_rollout,1856,0,16,-0.003333333181217313,False,False,0.0,0.0,0,0,0,0.0,0.0,0.0,0.0,-0.003333333181217313,1,-0.003333333181217313
,academy_3_vs_1_with_keeper,42,collect_rollout,1857,0,15,-0.009999999543651938,False,False,0.0,0.0,0,0,0,0.0,0.0,0.0,0.0,-0.009999999543651938,1,-0.009999999543651938
,academy_3_vs_1_with_keeper,42,collect_rollout,1858,0,20,-0.016666665906086564,False,False,0.0,0.0,0,0,0,0.0,0.0,0.0,0.0,-0.016666665906086564,1,-0.016666665906086564
,academy_3_vs_1_with_keeper,42,collect_rollout,1859,0,18,-0.016666665906086564,False,False,0.0,0.0,0,0,0,0.0,0.0,0.0,0.0,-0.016666665906086564,1,-0.016666665906086564
,academy_3_vs_1_with_keeper,42,collect_rollout,1860,0,23,-0.006666666362434626,False,False,0.0,0.0,0,0,0,0.0,0.0,0.0,0.0,-0.006666666362434626,1,-0.006666666362434626
,academy_3_vs_1_with_keeper,42,collect_rollout,1861,0,21,-0.016666665906086564,False,False,0.0,0.0,0,0,0,0.0,0.0,0.0,0.0,-0.016666665906086564,1,-0.016666665906086564
,academy_3_vs_1_with_keeper,42,collect_rollout,1862,0,18,-0.016666665906086564,False,False,0.0,0.0,0,0,0,0.0,0.0,0.0,0.0,-0.016666665906086564,1,-0.016666665906086564
,academy_3_vs_1_with_keeper,42,collect_rollout,1863,0,8,0.0373137597925961,False,False,0.0,0.0,0,0,0,0.0,0.0,0.0,0.0,0.0373137597925961,1,0.0373137597925961
,academy_3_vs_1_with_keeper,42,collect_rollout,1864,0,170,-0.17219412242411636,False,False,0.0,0.0,0,0,0,0.0,0.0,0.0,0.0,-0.17219412242411636,1,-0.17219412242411636
,academy_3_vs_1_with_keeper,42,collect_rollout,1865,0,21,-0.009999999543651938,False,False,0.0,0.0,0,0,0,0.0,0.0,0.0,0.0,-0.009999999543651938,1,-0.009999999543651938
,academy_3_vs_1_with_keeper,42,collect_rollout,1866,0,34,2.14652137295343,False,False,0.0,0.0,0,0,0,0.0,0.0,0.0,0.0,2.14652137295343,1,2.14652137295343
,academy_3_vs_1_with_keeper,42,collect_rollout,1867,0,15,0.019044529064558446,False,False,0.0,0.0,0,0,0,0.0,0.0,0.0,0.0,0.019044529064558446,1,0.019044529064558446
,academy_3_vs_1_with_keeper,42,collect_rollout,1868,0,20,-0.009999999543651938,False,False,0.0,0.0,0,0,0,0.0,0.0,0.0,0.0,-0.009999999543651938,1,-0.009999999543651938
,academy_3_vs_1_with_keeper,42,collect_rollout,1869,0,20,-0.003333333181217313,False,False,0.0,0.0,0,0,0,0.0,0.0,0.0,0.0,-0.003333333181217313,1,-0.003333333181217313
,academy_3_vs_1_with_keeper,42,collect_rollout,1870,0,18,-0.016666665906086564,False,False,0.0,0.0,0,0,0,0.0,0.0,0.0,0.0,-0.016666665906086564,1,-0.016666665906086564
,academy_3_vs_1_with_keeper,42,collect_rollout,1871,0,16,-0.003333333181217313,False,False,0.0,0.0,0,0,0,0.0,0.0,0.0,0.0,-0.003333333181217313,1,-0.003333333181217313
,academy_3_vs_1_with_keeper,42,collect_rollout,1872,0,19,-0.013333332724869251,False,False,0.0,0.0,0,0,0,0.0,0.0,0.0,0.0,-0.013333332724869251,1,-0.013333332724869251
,academy_3_vs_1_with_keeper,42,collect_rollout,1873,0,40,0.030496006249450147,False,False,0.0,0.0,0,0,0,0.0,0.0,0.0,0.0,0.030496006249450147,1,0.030496006249450147
,academy_3_vs_1_with_keeper,42,collect_rollout,1874,0,20,-0.003333333181217313,False,False,0.0,0.0,0,0,0,0.0,0.0,0.0,0.0,-0.003333333181217313,1,-0.003333333181217313
,academy_3_vs_1_with_keeper,42,collect_rollout,1875,0,32,0.09990643314085901,False,False,0.0,0.0,0,0,0,0.0,0.0,0.0,0.0,0.09990643314085901,1,0.09990643314085901
,academy_3_vs_1_with_keeper,42,collect_rollout,1876,0,96,0.09500283619854599,False,False,0.0,0.0,0,0,0,0.0,0.0,0.0,0.0,0.09500283619854599,1,0.09500283619854599
,academy_3_vs_1_with_keeper,42,collect_rollout,1877,0,15,-0.006666666362434626,False,False,0.0,0.0,0,0,0,0.0,0.0,0.0,0.0,-0.006666666362434626,1,-0.006666666362434626
,academy_3_vs_1_with_keeper,42,collect_rollout,1878,0,46,-0.02710098004899919,False,False,0.0,0.0,0,0,0,0.0,0.0,0.0,0.0,-0.02710098004899919,1,-0.02710098004899919
,academy_3_vs_1_with_keeper,42,collect_rollout,1879,0,21,-0.02333333226852119,False,False,0.0,0.0,0,0,0,0.0,0.0,0.0,0.0,-0.02333333226852119,1,-0.02333333226852119
,academy_3_vs_1_with_keeper,42,collect_rollout,1880,0,14,0.021133946487680078,False,False,0.0,0.0,0,0,0,0.0,0.0,0.0,0.0,0.021133946487680078,1,0.021133946487680078
,academy_3_vs_1_with_keeper,42,collect_rollout,1881,0,37,-0.006666666362434626,False,False,0.0,0.0,0,0,0,0.0,0.0,0.0,0.0,-0.006666666362434626,1,-0.006666666362434626
,academy_3_vs_1_with_keeper,42,collect_rollout,1882,0,15,-0.006666666362434626,False,False,0.0,0.0,0,0,0,0.0,0.0,0.0,0.0,-0.006666666362434626,1,-0.006666666362434626
,academy_3_vs_1_with_keeper,42,collect_rollout,1883,0,35,2.124094699858688,False,False,0.0,0.0,0,0,0,0.0,0.0,0.0,0.0,2.124094699858688,1,2.124094699858688
,academy_3_vs_1_with_keeper,42,collect_rollout,1884,0,19,-0.013333332724869251,False,False,0.0,0.0,0,0,0,0.0,0.0,0.0,0.0,-0.013333332724869251,1,-0.013333332724869251
,academy_3_vs_1_with_keeper,42,collect_rollout,1885,0,18,-0.009999999543651938,False,False,0.0,0.0,0,0,0,0.0,0.0,0.0,0.0,-0.009999999543651938,1,-0.009999999543651938
,academy_3_vs_1_with_keeper,42,collect_rollout,1886,0,22,-0.013333332724869251,False,False,0.0,0.0,0,0,0,0.0,0.0,0.0,0.0,-0.013333332724869251,1,-0.013333332724869251
,academy_3_vs_1_with_keeper,42,collect_rollout,1887,0,15,-0.003333333181217313,False,False,0.0,0.0,0,0,0,0.0,0.0,0.0,0.0,-0.003333333181217313,1,-0.003333333181217313
,academy_3_vs_1_with_keeper,42,collect_rollout,1888,0,16,-0.009999999543651938,False,False,0.0,0.0,0,0,0,0.0,0.0,0.0,0.0,-0.009999999543651938,1,-0.009999999543651938
,academy_3_vs_1_with_keeper,42,collect_rollout,1889,0,25,0.1167065567933605,False,False,0.0,0.0,0,0,0,0.0,0.0,0.0,0.0,0.1167065567933605,1,0.1167065567933605
,academy_3_vs_1_with_keeper,42,collect_rollout,1890,0,38,0.026733176433481276,False,False,0.0,0.0,0,0,0,0.0,0.0,0.0,0.0,0.026733176433481276,1,0.026733176433481276
,academy_3_vs_1_with_keeper,42,collect_rollout,1891,0,30,0.11065671499818563,False,False,0.0,0.0,0,0,0,0.0,0.0,0.0,0.0,0.11065671499818563,1,0.11065671499818563
,academy_3_vs_1_with_keeper,42,collect_rollout,1892,0,15,-0.009999999543651938,False,False,0.0,0.0,0,0,0,0.0,0.0,0.0,0.0,-0.009999999543651938,1,-0.009999999543651938
,academy_3_vs_1_with_keeper,42,collect_rollout,1893,0,52,-0.05850360338808969,False,False,0.0,0.0,0,0,0,0.0,0.0,0.0,0.0,-0.05850360338808969,1,-0.05850360338808969
,academy_3_vs_1_with_keeper,42,collect_rollout,1894,0,16,-0.006666666362434626,False,False,0.0,0.0,0,0,0,0.0,0.0,0.0,0.0,-0.006666666362434626,1,-0.006666666362434626
,academy_3_vs_1_with_keeper,42,collect_rollout,1895,0,16,-0.006666666362434626,False,False,0.0,0.0,0,0,0,0.0,0.0,0.0,0.0,-0.006666666362434626,1,-0.006666666362434626
,academy_3_vs_1_with_keeper,42,collect_rollout,1896,0,14,0.0360585399903357,False,False,0.0,0.0,0,0,0,0.0,0.0,0.0,0.0,0.0360585399903357,1,0.0360585399903357
,academy_3_vs_1_with_keeper,42,collect_rollout,1897,0,13,0.038969952845945954,False,False,0.0,0.0,0,0,0,0.0,0.0,0.0,0.0,0.038969952845945954,1,0.038969952845945954
,academy_3_vs_1_with_keeper,42,collect_rollout,1898,0,16,-0.009999999543651938,False,False,0.0,0.0,0,0,0,0.0,0.0,0.0,0.0,-0.009999999543651938,1,-0.009999999543651938
,academy_3_vs_1_with_keeper,42,collect_rollout,1899,0,18,-0.013333332724869251,False,False,0.0,0.0,0,0,0,0.0,0.0,0.0,0.0,-0.013333332724869251,1,-0.013333332724869251
,academy_3_vs_1_with_keeper,42,collect_rollout,1900,0,20,-0.006666666362434626,False,False,0.0,0.0,0,0,0,0.0,0.0,0.0,0.0,-0.006666666362434626,1,-0.006666666362434626
,academy_3_vs_1_with_keeper,42,collect_rollout,1901,0,17,-0.006666666362434626,False,False,0.0,0.0,0,0,0,0.0,0.0,0.0,0.0,-0.006666666362434626,1,-0.006666666362434626
,academy_3_vs_1_with_keeper,42,collect_rollout,1902,0,7,0.03398674400523305,False,False,0.0,0.0,0,0,0,0.0,0.0,0.0,0.0,0.03398674400523305,1,0.03398674400523305
,academy_3_vs_1_with_keeper,42,collect_rollout,1903,0,20,-0.013333332724869251,False,False,0.0,0.0,0,0,0,0.0,0.0,0.0,0.0,-0.013333332724869251,1,-0.013333332724869251
,academy_3_vs_1_with_keeper,42,collect_rollout,1904,0,33,2.103441789280623,False,False,0.0,0.0,0,0,0,0.0,0.0,0.0,0.0,2.103441789280623,1,2.103441789280623
,academy_3_vs_1_with_keeper,42,collect_rollout,1905,0,54,-0.07317912846338004,False,False,0.0,0.0,0,0,0,0.0,0.0,0.0,0.0,-0.07317912846338004,1,-0.07317912846338004
,academy_3_vs_1_with_keeper,42,collect_rollout,1906,0,15,-0.009999999543651938,False,False,0.0,0.0,0,0,0,0.0,0.0,0.0,0.0,-0.009999999543651938,1,-0.009999999543651938
,academy_3_vs_1_with_keeper,42,collect_rollout,1907,0,33,0.06540562579175457,False,False,0.0,0.0,0,0,0,0.0,0.0,0.0,0.0,0.06540562579175457,1,0.06540562579175457
,academy_3_vs_1_with_keeper,42,collect_rollout,1908,0,14,0.02861017652321607,False,False,0.0,0.0,0,0,0,0.0,0.0,0.0,0.0,0.02861017652321607,1,0.02861017652321607
,academy_3_vs_1_with_keeper,42,collect_rollout,1909,0,21,-0.003333333181217313,False,False,0.0,0.0,0,0,0,0.0,0.0,0.0,0.0,-0.003333333181217313,1,-0.003333333181217313
,academy_3_vs_1_with_keeper,42,collect_rollout,1910,0,9,0.03741415264084935,False,False,0.0,0.0,0,0,0,0.0,0.0,0.0,0.0,0.03741415264084935,1,0.03741415264084935
,academy_3_vs_1_with_keeper,42,collect_rollout,1911,0,14,0.00736848235828802,False,False,0.0,0.0,0,0,0,0.0,0.0,0.0,0.0,0.00736848235828802,1,0.00736848235828802
,academy_3_vs_1_with_keeper,42,collect_rollout,1912,0,18,-0.003333333181217313,False,False,0.0,0.0,0,0,0,0.0,0.0,0.0,0.0,-0.003333333181217313,1,-0.003333333181217313
,academy_3_vs_1_with_keeper,42,collect_rollout,1913,0,22,-0.003333333181217313,False,False,0.0,0.0,0,0,0,0.0,0.0,0.0,0.0,-0.003333333181217313,1,-0.003333333181217313
,academy_3_vs_1_with_keeper,42,collect_rollout,1914,0,19,-0.009999999543651938,False,False,0.0,0.0,0,0,0,0.0,0.0,0.0,0.0,-0.009999999543651938,1,-0.009999999543651938
,academy_3_vs_1_with_keeper,42,collect_rollout,1915,0,9,0.04509363800752908,False,False,0.0,0.0,0,0,0,0.0,0.0,0.0,0.0,0.04509363800752908,1,0.04509363800752908
,academy_3_vs_1_with_keeper,42,collect_rollout,1916,0,51,2.034084860002622,False,False,0.0,0.0,0,0,0,0.0,0.0,0.0,0.0,2.034084860002622,1,2.034084860002622
,academy_3_vs_1_with_keeper,42,collect_rollout,1917,0,16,-0.013333332724869251,False,False,0.0,0.0,0,0,0,0.0,0.0,0.0,0.0,-0.013333332724869251,1,-0.013333332724869251
,academy_3_vs_1_with_keeper,42,collect_rollout,1918,0,11,0.030980061390437186,False,False,0.0,0.0,0,0,0,0.0,0.0,0.0,0.0,0.030980061390437186,1,0.030980061390437186
,academy_3_vs_1_with_keeper,42,collect_rollout,1919,0,17,-0.013333332724869251,False,False,0.0,0.0,0,0,0,0.0,0.0,0.0,0.0,-0.013333332724869251,1,-0.013333332724869251
,academy_3_vs_1_with_keeper,42,collect_rollout,1920,0,16,-0.013333332724869251,False,False,0.0,0.0,0,0,0,0.0,0.0,0.0,0.0,-0.013333332724869251,1,-0.013333332724869251
,academy_3_vs_1_with_keeper,42,collect_rollout,1921,0,22,-0.009999999543651938,False,False,0.0,0.0,0,0,0,0.0,0.0,0.0,0.0,-0.009999999543651938,1,-0.009999999543651938
,academy_3_vs_1_with_keeper,42,collect_rollout,1922,0,39,2.130369921156671,False,False,0.0,0.0,0,0,0,0.0,0.0,0.0,0.0,2.130369921156671,1,2.130369921156671
,academy_3_vs_1_with_keeper,42,collect_rollout,1923,0,16,-0.009999999543651938,False,False,0.0,0.0,0,0,0,0.0,0.0,0.0,0.0,-0.009999999543651938,1,-0.009999999543651938
,academy_3_vs_1_with_keeper,42,collect_rollout,1924,0,18,-0.009999999543651938,False,False,0.0,0.0,0,0,0,0.0,0.0,0.0,0.0,-0.009999999543651938,1,-0.009999999543651938
,academy_3_vs_1_with_keeper,42,collect_rollout,1925,0,30,2.1189854559488595,False,False,0.0,0.0,0,0,0,0.0,0.0,0.0,0.0,2.1189854559488595,1,2.1189854559488595
,academy_3_vs_1_with_keeper,42,collect_rollout,1926,0,18,-0.013333332724869251,False,False,0.0,0.0,0,0,0,0.0,0.0,0.0,0.0,-0.013333332724869251,1,-0.013333332724869251
,academy_3_vs_1_with_keeper,42,collect_rollout,1927,0,19,-0.016666665906086564,False,False,0.0,0.0,0,0,0,0.0,0.0,0.0,0.0,-0.016666665906086564,1,-0.016666665906086564
,academy_3_vs_1_with_keeper,42,collect_rollout,1928,0,21,-0.009999999543651938,False,False,0.0,0.0,0,0,0,0.0,0.0,0.0,0.0,-0.009999999543651938,1,-0.009999999543651938
,academy_3_vs_1_with_keeper,42,collect_rollout,1929,0,31,2.112750484258868,False,False,0.0,0.0,0,0,0,0.0,0.0,0.0,0.0,2.112750484258868,1,2.112750484258868
,academy_3_vs_1_with_keeper,42,collect_rollout,1930,0,17,-0.006666666362434626,False,False,0.0,0.0,0,0,0,0.0,0.0,0.0,0.0,-0.006666666362434626,1,-0.006666666362434626
,academy_3_vs_1_with_keeper,42,collect_rollout,1931,0,48,-0.024718995206058025,False,False,0.0,0.0,0,0,0,0.0,0.0,0.0,0.0,-0.024718995206058025,1,-0.024718995206058025
,academy_3_vs_1_with_keeper,42,collect_rollout,1932,0,24,-0.026666665449738503,False,False,0.0,0.0,0,0,0,0.0,0.0,0.0,0.0,-0.026666665449738503,1,-0.026666665449738503
,academy_3_vs_1_with_keeper,42,collect_rollout,1933,0,14,0.019876701291650534,False,False,0.0,0.0,0,0,0,0.0,0.0,0.0,0.0,0.019876701291650534,1,0.019876701291650534
,academy_3_vs_1_with_keeper,42,collect_rollout,1934,0,15,-0.003333333181217313,False,False,0.0,0.0,0,0,0,0.0,0.0,0.0,0.0,-0.003333333181217313,1,-0.003333333181217313
,academy_3_vs_1_with_keeper,42,collect_rollout,1935,0,10,0.024456953862681985,False,False,0.0,0.0,0,0,0,0.0,0.0,0.0,0.0,0.024456953862681985,1,0.024456953862681985
,academy_3_vs_1_with_keeper,42,collect_rollout,1936,0,15,0.0,False,False,0.0,0.0,0,0,0,0.0,0.0,0.0,0.0,0.0,1,0.0
,academy_3_vs_1_with_keeper,42,collect_rollout,1937,0,20,0.0,False,False,0.0,0.0,0,0,0,0.0,0.0,0.0,0.0,0.0,1,0.0
,academy_3_vs_1_with_keeper,42,collect_rollout,1938,0,94,0.09662933595245704,False,False,0.0,0.0,0,0,0,0.0,0.0,0.0,0.0,0.09662933595245704,1,0.09662933595245704
,academy_3_vs_1_with_keeper,42,collect_rollout,1939,0,19,-0.009999999543651938,False,False,0.0,0.0,0,0,0,0.0,0.0,0.0,0.0,-0.009999999543651938,1,-0.009999999543651938
,academy_3_vs_1_with_keeper,42,collect_rollout,1940,0,20,-0.006666666362434626,False,False,0.0,0.0,0,0,0,0.0,0.0,0.0,0.0,-0.006666666362434626,1,-0.006666666362434626
,academy_3_vs_1_with_keeper,42,collect_rollout,1941,0,20,-0.009999999543651938,False,False,0.0,0.0,0,0,0,0.0,0.0,0.0,0.0,-0.009999999543651938,1,-0.009999999543651938
,academy_3_vs_1_with_keeper,42,collect_rollout,1942,0,19,-0.009999999543651938,False,False,0.0,0.0,0,0,0,0.0,0.0,0.0,0.0,-0.009999999543651938,1,-0.009999999543651938
,academy_3_vs_1_with_keeper,42,collect_rollout,1943,0,21,-0.013333332724869251,False,False,0.0,0.0,0,0,0,0.0,0.0,0.0,0.0,-0.013333332724869251,1,-0.013333332724869251
,academy_3_vs_1_with_keeper,42,collect_rollout,1944,0,141,-0.020053142252436373,False,False,0.0,0.0,0,0,0,0.0,0.0,0.0,0.0,-0.020053142252436373,1,-0.020053142252436373
,academy_3_vs_1_with_keeper,42,collect_rollout,1945,0,18,-0.013333332724869251,False,False,0.0,0.0,0,0,0,0.0,0.0,0.0,0.0,-0.013333332724869251,1,-0.013333332724869251
,academy_3_vs_1_with_keeper,42,collect_rollout,1946,0,11,0.0345492692431435,False,False,0.0,0.0,0,0,0,0.0,0.0,0.0,0.0,0.0345492692431435,1,0.0345492692431435
,academy_3_vs_1_with_keeper,42,collect_rollout,1947,0,22,-0.009999999543651938,False,False,0.0,0.0,0,0,0,0.0,0.0,0.0,0.0,-0.009999999543651938,1,-0.009999999543651938
,academy_3_vs_1_with_keeper,42,collect_rollout,1948,0,14,0.0,False,False,0.0,0.0,0,0,0,0.0,0.0,0.0,0.0,0.0,1,0.0
,academy_3_vs_1_with_keeper,42,collect_rollout,1949,0,13,0.021479470131453127,False,False,0.0,0.0,0,0,0,0.0,0.0,0.0,0.0,0.021479470131453127,1,0.021479470131453127
,academy_3_vs_1_with_keeper,42,collect_rollout,1950,0,45,-6.683432729914784e-05,False,False,0.0,0.0,0,0,0,0.0,0.0,0.0,0.0,-6.683432729914784e-05,1,-6.683432729914784e-05
,academy_3_vs_1_with_keeper,42,collect_rollout,1951,0,17,-0.016666665906086564,False,False,0.0,0.0,0,0,0,0.0,0.0,0.0,0.0,-0.016666665906086564,1,-0.016666665906086564
,academy_3_vs_1_with_keeper,42,collect_rollout,1952,0,212,2.3078294362931047,False,False,0.0,0.0,0,0,0,0.0,0.0,0.0,0.0,2.3078294362931047,1,2.3078294362931047
,academy_3_vs_1_with_keeper,42,collect_rollout,1953,0,60,-0.02995069930329919,False,False,0.0,0.0,0,0,0,0.0,0.0,0.0,0.0,-0.02995069930329919,1,-0.02995069930329919
,academy_3_vs_1_with_keeper,42,collect_rollout,1954,0,19,-0.003333333181217313,False,False,0.0,0.0,0,0,0,0.0,0.0,0.0,0.0,-0.003333333181217313,1,-0.003333333181217313
,academy_3_vs_1_with_keeper,42,collect_rollout,1955,0,41,2.120884264120832,False,False,0.0,0.0,0,0,0,0.0,0.0,0.0,0.0,2.120884264120832,1,2.120884264120832
,academy_3_vs_1_with_keeper,42,collect_rollout,1956,0,71,0.009448577475268394,False,False,0.0,0.0,0,0,0,0.0,0.0,0.0,0.0,0.009448577475268394,1,0.009448577475268394
,academy_3_vs_1_with_keeper,42,collect_rollout,1957,0,22,-0.013333332724869251,False,False,0.0,0.0,0,0,0,0.0,0.0,0.0,0.0,-0.013333332724869251,1,-0.013333332724869251
,academy_3_vs_1_with_keeper,42,collect_rollout,1958,0,18,-0.006666666362434626,False,False,0.0,0.0,0,0,0,0.0,0.0,0.0,0.0,-0.006666666362434626,1,-0.006666666362434626
,academy_3_vs_1_with_keeper,42,collect_rollout,1959,0,18,-0.003333333181217313,False,False,0.0,0.0,0,0,0,0.0,0.0,0.0,0.0,-0.003333333181217313,1,-0.003333333181217313
,academy_3_vs_1_with_keeper,42,collect_rollout,1960,0,15,-0.003333333181217313,False,False,0.0,0.0,0,0,0,0.0,0.0,0.0,0.0,-0.003333333181217313,1,-0.003333333181217313
,academy_3_vs_1_with_keeper,42,collect_rollout,1961,0,16,-0.006666666362434626,False,False,0.0,0.0,0,0,0,0.0,0.0,0.0,0.0,-0.006666666362434626,1,-0.006666666362434626
,academy_3_vs_1_with_keeper,42,collect_rollout,1962,0,19,-0.013333332724869251,False,False,0.0,0.0,0,0,0,0.0,0.0,0.0,0.0,-0.013333332724869251,1,-0.013333332724869251
,academy_3_vs_1_with_keeper,42,collect_rollout,1963,0,19,-0.016666665906086564,False,False,0.0,0.0,0,0,0,0.0,0.0,0.0,0.0,-0.016666665906086564,1,-0.016666665906086564
,academy_3_vs_1_with_keeper,42,collect_rollout,1964,0,21,-0.013333332724869251,False,False,0.0,0.0,0,0,0,0.0,0.0,0.0,0.0,-0.013333332724869251,1,-0.013333332724869251
,academy_3_vs_1_with_keeper,42,collect_rollout,1965,0,9,0.023343679727986455,False,False,0.0,0.0,0,0,0,0.0,0.0,0.0,0.0,0.023343679727986455,1,0.023343679727986455
,academy_3_vs_1_with_keeper,42,collect_rollout,1966,0,95,-0.24640006537083536,False,False,0.0,0.0,0,0,0,0.0,0.0,0.0,0.0,-0.24640006537083536,1,-0.24640006537083536
,academy_3_vs_1_with_keeper,42,collect_rollout,1967,0,15,-0.006666666362434626,False,False,0.0,0.0,0,0,0,0.0,0.0,0.0,0.0,-0.006666666362434626,1,-0.006666666362434626
,academy_3_vs_1_with_keeper,42,collect_rollout,1968,0,16,-0.009999999543651938,False,False,0.0,0.0,0,0,0,0.0,0.0,0.0,0.0,-0.009999999543651938,1,-0.009999999543651938
,academy_3_vs_1_with_keeper,42,collect_rollout,1969,0,40,0.04513932089321315,False,False,0.0,0.0,0,0,0,0.0,0.0,0.0,0.0,0.04513932089321315,1,0.04513932089321315
,academy_3_vs_1_with_keeper,42,collect_rollout,1970,0,20,-0.006666666362434626,False,False,0.0,0.0,0,0,0,0.0,0.0,0.0,0.0,-0.006666666362434626,1,-0.006666666362434626
,academy_3_vs_1_with_keeper,42,collect_rollout,1971,0,37,0.0493711048620753,False,False,0.0,0.0,0,0,0,0.0,0.0,0.0,0.0,0.0493711048620753,1,0.0493711048620753
,academy_3_vs_1_with_keeper,42,collect_rollout,1972,0,14,-0.003333333181217313,False,False,0.0,0.0,0,0,0,0.0,0.0,0.0,0.0,-0.003333333181217313,1,-0.003333333181217313
,academy_3_vs_1_with_keeper,42,collect_rollout,1973,0,38,2.130058877868578,False,False,0.0,0.0,0,0,0,0.0,0.0,0.0,0.0,2.130058877868578,1,2.130058877868578
,academy_3_vs_1_with_keeper,42,collect_rollout,1974,0,30,2.120424828142859,False,False,0.0,0.0,0,0,0,0.0,0.0,0.0,0.0,2.120424828142859,1,2.120424828142859
,academy_3_vs_1_with_keeper,42,collect_rollout,1975,0,9,0.043911783024668694,False,False,0.0,0.0,0,0,0,0.0,0.0,0.0,0.0,0.043911783024668694,1,0.043911783024668694
,academy_3_vs_1_with_keeper,42,collect_rollout,1976,0,19,-0.003333333181217313,False,False,0.0,0.0,0,0,0,0.0,0.0,0.0,0.0,-0.003333333181217313,1,-0.003333333181217313
,academy_3_vs_1_with_keeper,42,collect_rollout,1977,0,20,0.01681185292545706,False,False,0.0,0.0,0,0,0,0.0,0.0,0.0,0.0,0.01681185292545706,1,0.01681185292545706
,academy_3_vs_1_with_keeper,42,collect_rollout,1978,0,19,-0.013333332724869251,False,False,0.0,0.0,0,0,0,0.0,0.0,0.0,0.0,-0.013333332724869251,1,-0.013333332724869251
,academy_3_vs_1_with_keeper,42,collect_rollout,1979,0,17,-0.013333332724869251,False,False,0.0,0.0,0,0,0,0.0,0.0,0.0,0.0,-0.013333332724869251,1,-0.013333332724869251
,academy_3_vs_1_with_keeper,42,collect_rollout,1980,0,18,-0.013333332724869251,False,False,0.0,0.0,0,0,0,0.0,0.0,0.0,0.0,-0.013333332724869251,1,-0.013333332724869251
,academy_3_vs_1_with_keeper,42,collect_rollout,1981,0,20,-0.016666665906086564,False,False,0.0,0.0,0,0,0,0.0,0.0,0.0,0.0,-0.016666665906086564,1,-0.016666665906086564
,academy_3_vs_1_with_keeper,42,collect_rollout,1982,0,17,-0.02333333226852119,False,False,0.0,0.0,0,0,0,0.0,0.0,0.0,0.0,-0.02333333226852119,1,-0.02333333226852119
,academy_3_vs_1_with_keeper,42,collect_rollout,1983,0,22,0.10927325743250549,False,False,0.0,0.0,0,0,0,0.0,0.0,0.0,0.0,0.10927325743250549,1,0.10927325743250549
,academy_3_vs_1_with_keeper,42,collect_rollout,1984,0,16,-0.006666666362434626,False,False,0.0,0.0,0,0,0,0.0,0.0,0.0,0.0,-0.006666666362434626,1,-0.006666666362434626
,academy_3_vs_1_with_keeper,42,collect_rollout,1985,0,19,-0.016666665906086564,False,False,0.0,0.0,0,0,0,0.0,0.0,0.0,0.0,-0.016666665906086564,1,-0.016666665906086564
,academy_3_vs_1_with_keeper,42,collect_rollout,1986,0,16,-0.006666666362434626,False,False,0.0,0.0,0,0,0,0.0,0.0,0.0,0.0,-0.006666666362434626,1,-0.006666666362434626
,academy_3_vs_1_with_keeper,42,collect_rollout,1987,0,14,-0.009999999543651938,False,False,0.0,0.0,0,0,0,0.0,0.0,0.0,0.0,-0.009999999543651938,1,-0.009999999543651938
,academy_3_vs_1_with_keeper,42,collect_rollout,1988,0,62,0.3453379983329796,False,False,0.0,0.0,0,0,0,0.0,0.0,0.0,0.0,0.3453379983329796,1,0.3453379983329796
,academy_3_vs_1_with_keeper,42,collect_rollout,1989,0,20,-0.016666665906086564,False,False,0.0,0.0,0,0,0,0.0,0.0,0.0,0.0,-0.016666665906086564,1,-0.016666665906086564
,academy_3_vs_1_with_keeper,42,collect_rollout,1990,0,19,-0.006666666362434626,False,False,0.0,0.0,0,0,0,0.0,0.0,0.0,0.0,-0.006666666362434626,1,-0.006666666362434626
,academy_3_vs_1_with_keeper,42,collect_rollout,1991,0,20,-0.016666665906086564,False,False,0.0,0.0,0,0,0,0.0,0.0,0.0,0.0,-0.016666665906086564,1,-0.016666665906086564
,academy_3_vs_1_with_keeper,42,collect_rollout,1992,0,19,-0.016666665906086564,False,False,0.0,0.0,0,0,0,0.0,0.0,0.0,0.0,-0.016666665906086564,1,-0.016666665906086564
,academy_3_vs_1_with_keeper,42,collect_rollout,1993,0,6,0.04139809519983828,False,False,0.0,0.0,0,0,0,0.0,0.0,0.0,0.0,0.04139809519983828,1,0.04139809519983828
,academy_3_vs_1_with_keeper,42,collect_rollout,1994,0,11,0.045667130034416914,False,False,0.0,0.0,0,0,0,0.0,0.0,0.0,0.0,0.045667130034416914,1,0.045667130034416914
,academy_3_vs_1_with_keeper,42,collect_rollout,1995,0,20,-0.019999999087303877,False,False,0.0,0.0,0,0,0,0.0,0.0,0.0,0.0,-0.019999999087303877,1,-0.019999999087303877
,academy_3_vs_1_with_keeper,42,collect_rollout,1996,0,18,-0.016666665906086564,False,False,0.0,0.0,0,0,0,0.0,0.0,0.0,0.0,-0.016666665906086564,1,-0.016666665906086564
,academy_3_vs_1_with_keeper,42,collect_rollout,1997,0,17,-0.013333332724869251,False,False,0.0,0.0,0,0,0,0.0,0.0,0.0,0.0,-0.013333332724869251,1,-0.013333332724869251
,academy_3_vs_1_with_keeper,42,collect_rollout,1998,0,69,1.9404775639995933,False,False,0.0,0.0,0,0,0,0.0,0.0,0.0,0.0,1.9404775639995933,1,1.9404775639995933
,academy_3_vs_1_with_keeper,42,collect_rollout,1999,0,34,0.1193127860315144,False,False,0.0,0.0,0,0,0,0.0,0.0,0.0,0.0,0.1193127860315144,1,0.1193127860315144
,academy_3_vs_1_with_keeper,42,collect_rollout,2000,0,19,-0.019999999087303877,False,False,0.0,0.0,0,0,0,0.0,0.0,0.0,0.0,-0.019999999087303877,1,-0.019999999087303877
,academy_3_vs_1_with_keeper,42,collect_rollout,2001,0,21,-0.009999999543651938,False,False,0.0,0.0,0,0,0,0.0,0.0,0.0,0.0,-0.009999999543651938,1,-0.009999999543651938
,academy_3_vs_1_with_keeper,42,collect_rollout,2002,0,17,-0.006666666362434626,False,False,0.0,0.0,0,0,0,0.0,0.0,0.0,0.0,-0.006666666362434626,1,-0.006666666362434626
,academy_3_vs_1_with_keeper,42,collect_rollout,2003,0,38,2.0587392178131267,False,False,0.0,0.0,0,0,0,0.0,0.0,0.0,0.0,2.0587392178131267,1,2.0587392178131267
,academy_3_vs_1_with_keeper,42,collect_rollout,2004,0,21,-0.009999999543651938,False,False,0.0,0.0,0,0,0,0.0,0.0,0.0,0.0,-0.009999999543651938,1,-0.009999999543651938
,academy_3_vs_1_with_keeper,42,collect_rollout,2005,0,18,-0.003333333181217313,False,False,0.0,0.0,0,0,0,0.0,0.0,0.0,0.0,-0.003333333181217313,1,-0.003333333181217313
,academy_3_vs_1_with_keeper,42,collect_rollout,2006,0,32,2.113463572866749,False,False,0.0,0.0,0,0,0,0.0,0.0,0.0,0.0,2.113463572866749,1,2.113463572866749
,academy_3_vs_1_with_keeper,42,collect_rollout,2007,0,44,2.078998320532264,False,False,0.0,0.0,0,0,0,0.0,0.0,0.0,0.0,2.078998320532264,1,2.078998320532264
,academy_3_vs_1_with_keeper,42,collect_rollout,2008,0,17,0.0023565039737150073,False,False,0.0,0.0,0,0,0,0.0,0.0,0.0,0.0,0.0023565039737150073,1,0.0023565039737150073
,academy_3_vs_1_with_keeper,42,collect_rollout,2009,0,21,-0.006666666362434626,False,False,0.0,0.0,0,0,0,0.0,0.0,0.0,0.0,-0.006666666362434626,1,-0.006666666362434626
,academy_3_vs_1_with_keeper,42,collect_rollout,2010,0,15,-0.003333333181217313,False,False,0.0,0.0,0,0,0,0.0,0.0,0.0,0.0,-0.003333333181217313,1,-0.003333333181217313
,academy_3_vs_1_with_keeper,42,collect_rollout,2011,0,16,-0.006666666362434626,False,False,0.0,0.0,0,0,0,0.0,0.0,0.0,0.0,-0.006666666362434626,1,-0.006666666362434626
,academy_3_vs_1_with_keeper,42,collect_rollout,2012,0,22,-0.009999999543651938,False,False,0.0,0.0,0,0,0,0.0,0.0,0.0,0.0,-0.009999999543651938,1,-0.009999999543651938
,academy_3_vs_1_with_keeper,42,collect_rollout,2013,0,11,0.04047640797216445,False,False,0.0,0.0,0,0,0,0.0,0.0,0.0,0.0,0.04047640797216445,1,0.04047640797216445
,academy_3_vs_1_with_keeper,42,collect_rollout,2014,0,12,0.023499923874624074,False,False,0.0,0.0,0,0,0,0.0,0.0,0.0,0.0,0.023499923874624074,1,0.023499923874624074
,academy_3_vs_1_with_keeper,42,collect_rollout,2015,0,84,0.07304854382527992,False,False,0.0,0.0,0,0,0,0.0,0.0,0.0,0.0,0.07304854382527992,1,0.07304854382527992
,academy_3_vs_1_with_keeper,42,collect_rollout,2016,0,17,-0.009999999543651938,False,False,0.0,0.0,0,0,0,0.0,0.0,0.0,0.0,-0.009999999543651938,1,-0.009999999543651938
,academy_3_vs_1_with_keeper,42,collect_rollout,2017,0,39,2.0526723827933893,False,False,0.0,0.0,0,0,0,0.0,0.0,0.0,0.0,2.0526723827933893,1,2.0526723827933893
,academy_3_vs_1_with_keeper,42,collect_rollout,2018,0,18,-0.016666665906086564,False,False,0.0,0.0,0,0,0,0.0,0.0,0.0,0.0,-0.016666665906086564,1,-0.016666665906086564
,academy_3_vs_1_with_keeper,42,collect_rollout,2019,0,29,2.1353567445185035,False,False,0.0,0.0,0,0,0,0.0,0.0,0.0,0.0,2.1353567445185035,1,2.1353567445185035
,academy_3_vs_1_with_keeper,42,collect_rollout,2020,0,33,2.1273031034506857,False,False,0.0,0.0,0,0,0,0.0,0.0,0.0,0.0,2.1273031034506857,1,2.1273031034506857
,academy_3_vs_1_with_keeper,42,collect_rollout,2021,0,16,-0.016666665906086564,False,False,0.0,0.0,0,0,0,0.0,0.0,0.0,0.0,-0.016666665906086564,1,-0.016666665906086564
,academy_3_vs_1_with_keeper,42,collect_rollout,2022,0,20,-0.016666665906086564,False,False,0.0,0.0,0,0,0,0.0,0.0,0.0,0.0,-0.016666665906086564,1,-0.016666665906086564
,academy_3_vs_1_with_keeper,42,collect_rollout,2023,0,17,-0.006666666362434626,False,False,0.0,0.0,0,0,0,0.0,0.0,0.0,0.0,-0.006666666362434626,1,-0.006666666362434626
,academy_3_vs_1_with_keeper,42,collect_rollout,2024,0,16,0.015276347985491157,False,False,0.0,0.0,0,0,0,0.0,0.0,0.0,0.0,0.015276347985491157,1,0.015276347985491157
,academy_3_vs_1_with_keeper,42,collect_rollout,2025,0,33,2.1254697850963566,False,False,0.0,0.0,0,0,0,0.0,0.0,0.0,0.0,2.1254697850963566,1,2.1254697850963566
,academy_3_vs_1_with_keeper,42,collect_rollout,2026,0,19,-0.016666665906086564,False,False,0.0,0.0,0,0,0,0.0,0.0,0.0,0.0,-0.016666665906086564,1,-0.016666665906086564
,academy_3_vs_1_with_keeper,42,collect_rollout,2027,0,37,2.102985794772394,False,False,0.0,0.0,0,0,0,0.0,0.0,0.0,0.0,2.102985794772394,1,2.102985794772394
,academy_3_vs_1_with_keeper,42,collect_rollout,2028,0,29,2.1355893961736,False,False,0.0,0.0,0,0,0,0.0,0.0,0.0,0.0,2.1355893961736,1,2.1355893961736
,academy_3_vs_1_with_keeper,42,collect_rollout,2029,0,15,-0.016666665906086564,False,False,0.0,0.0,0,0,0,0.0,0.0,0.0,0.0,-0.016666665906086564,1,-0.016666665906086564
,academy_3_vs_1_with_keeper,42,collect_rollout,2030,0,20,-0.009999999543651938,False,False,0.0,0.0,0,0,0,0.0,0.0,0.0,0.0,-0.009999999543651938,1,-0.009999999543651938
,academy_3_vs_1_with_keeper,42,collect_rollout,2031,0,12,0.025190918473526835,False,False,0.0,0.0,0,0,0,0.0,0.0,0.0,0.0,0.025190918473526835,1,0.025190918473526835
,academy_3_vs_1_with_keeper,42,collect_rollout,2032,0,28,2.1360455686226487,False,False,0.0,0.0,0,0,0,0.0,0.0,0.0,0.0,2.1360455686226487,1,2.1360455686226487
,academy_3_vs_1_with_keeper,42,collect_rollout,2033,0,27,0.10237305173359346,False,False,0.0,0.0,0,0,0,0.0,0.0,0.0,0.0,0.10237305173359346,1,0.10237305173359346
,academy_3_vs_1_with_keeper,42,collect_rollout,2034,0,17,-0.009999999543651938,False,False,0.0,0.0,0,0,0,0.0,0.0,0.0,0.0,-0.009999999543651938,1,-0.009999999543651938
,academy_3_vs_1_with_keeper,42,collect_rollout,2035,0,16,-0.016666665906086564,False,False,0.0,0.0,0,0,0,0.0,0.0,0.0,0.0,-0.016666665906086564,1,-0.016666665906086564
,academy_3_vs_1_with_keeper,42,collect_rollout,2036,0,33,2.107135677943006,False,False,0.0,0.0,0,0,0,0.0,0.0,0.0,0.0,2.107135677943006,1,2.107135677943006
,academy_3_vs_1_with_keeper,42,collect_rollout,2037,0,18,-0.013333332724869251,False,False,0.0,0.0,0,0,0,0.0,0.0,0.0,0.0,-0.013333332724869251,1,-0.013333332724869251
,academy_3_vs_1_with_keeper,42,collect_rollout,2038,0,92,-0.19281960028456524,False,False,0.0,0.0,0,0,0,0.0,0.0,0.0,0.0,-0.19281960028456524,1,-0.19281960028456524
,academy_3_vs_1_with_keeper,42,collect_rollout,2039,0,13,0.007338727125898004,False,False,0.0,0.0,0,0,0,0.0,0.0,0.0,0.0,0.007338727125898004,1,0.007338727125898004
,academy_3_vs_1_with_keeper,42,collect_rollout,2040,0,20,-0.013333332724869251,False,False,0.0,0.0,0,0,0,0.0,0.0,0.0,0.0,-0.013333332724869251,1,-0.013333332724869251
,academy_3_vs_1_with_keeper,42,collect_rollout,2041,0,16,-0.003333333181217313,False,False,0.0,0.0,0,0,0,0.0,0.0,0.0,0.0,-0.003333333181217313,1,-0.003333333181217313
,academy_3_vs_1_with_keeper,42,collect_rollout,2042,0,22,-0.016666665906086564,False,False,0.0,0.0,0,0,0,0.0,0.0,0.0,0.0,-0.016666665906086564,1,-0.016666665906086564
,academy_3_vs_1_with_keeper,42,collect_rollout,2043,0,49,-0.03970795541863481,False,False,0.0,0.0,0,0,0,0.0,0.0,0.0,0.0,-0.03970795541863481,1,-0.03970795541863481
,academy_3_vs_1_with_keeper,42,collect_rollout,2044,0,32,0.076418186610681,False,False,0.0,0.0,0,0,0,0.0,0.0,0.0,0.0,0.076418186610681,1,0.076418186610681
,academy_3_vs_1_with_keeper,42,collect_rollout,2045,0,23,-0.019999999087303877,False,False,0.0,0.0,0,0,0,0.0,0.0,0.0,0.0,-0.019999999087303877,1,-0.019999999087303877
,academy_3_vs_1_with_keeper,42,collect_rollout,2046,0,76,0.005769084906205535,False,False,0.0,0.0,0,0,0,0.0,0.0,0.0,0.0,0.005769084906205535,1,0.005769084906205535
,academy_3_vs_1_with_keeper,42,collect_rollout,2047,0,31,0.08880928042344749,False,False,0.0,0.0,0,0,0,0.0,0.0,0.0,0.0,0.08880928042344749,1,0.08880928042344749
,academy_3_vs_1_with_keeper,42,collect_rollout,2048,0,21,-0.016666665906086564,False,False,0.0,0.0,0,0,0,0.0,0.0,0.0,0.0,-0.016666665906086564,1,-0.016666665906086564
,academy_3_vs_1_with_keeper,42,collect_rollout,2049,0,48,0.10977343650301918,False,False,0.0,0.0,0,0,0,0.0,0.0,0.0,0.0,0.10977343650301918,1,0.10977343650301918
,academy_3_vs_1_with_keeper,42,collect_rollout,2050,0,39,0.08567765113548376,False,False,0.0,0.0,0,0,0,0.0,0.0,0.0,0.0,0.08567765113548376,1,0.08567765113548376
,academy_3_vs_1_with_keeper,42,collect_rollout,2051,0,22,-0.026666665449738503,False,False,0.0,0.0,0,0,0,0.0,0.0,0.0,0.0,-0.026666665449738503,1,-0.026666665449738503
,academy_3_vs_1_with_keeper,42,collect_rollout,2052,0,21,-0.016666665906086564,False,False,0.0,0.0,0,0,0,0.0,0.0,0.0,0.0,-0.016666665906086564,1,-0.016666665906086564
,academy_3_vs_1_with_keeper,42,collect_rollout,2053,0,20,-0.003333333181217313,False,False,0.0,0.0,0,0,0,0.0,0.0,0.0,0.0,-0.003333333181217313,1,-0.003333333181217313
,academy_3_vs_1_with_keeper,42,collect_rollout,2054,0,20,-0.013333332724869251,False,False,0.0,0.0,0,0,0,0.0,0.0,0.0,0.0,-0.013333332724869251,1,-0.013333332724869251
,academy_3_vs_1_with_keeper,42,collect_rollout,2055,0,14,-0.003333333181217313,False,False,0.0,0.0,0,0,0,0.0,0.0,0.0,0.0,-0.003333333181217313,1,-0.003333333181217313
,academy_3_vs_1_with_keeper,42,collect_rollout,2056,0,17,-0.013333332724869251,False,False,0.0,0.0,0,0,0,0.0,0.0,0.0,0.0,-0.013333332724869251,1,-0.013333332724869251
,academy_3_vs_1_with_keeper,42,collect_rollout,2057,0,28,0.09992024148232304,False,False,0.0,0.0,0,0,0,0.0,0.0,0.0,0.0,0.09992024148232304,1,0.09992024148232304
,academy_3_vs_1_with_keeper,42,collect_rollout,2058,0,15,-0.006666666362434626,False,False,0.0,0.0,0,0,0,0.0,0.0,0.0,0.0,-0.006666666362434626,1,-0.006666666362434626
,academy_3_vs_1_with_keeper,42,collect_rollout,2059,0,19,-0.016666665906086564,False,False,0.0,0.0,0,0,0,0.0,0.0,0.0,0.0,-0.016666665906086564,1,-0.016666665906086564
,academy_3_vs_1_with_keeper,42,collect_rollout,2060,0,21,-0.006666666362434626,False,False,0.0,0.0,0,0,0,0.0,0.0,0.0,0.0,-0.006666666362434626,1,-0.006666666362434626
,academy_3_vs_1_with_keeper,42,collect_rollout,2061,0,20,-0.009999999543651938,False,False,0.0,0.0,0,0,0,0.0,0.0,0.0,0.0,-0.009999999543651938,1,-0.009999999543651938
,academy_3_vs_1_with_keeper,42,collect_rollout,2062,0,21,-0.009999999543651938,False,False,0.0,0.0,0,0,0,0.0,0.0,0.0,0.0,-0.009999999543651938,1,-0.009999999543651938
,academy_3_vs_1_with_keeper,42,collect_rollout,2063,0,93,0.0664509478956461,False,False,0.0,0.0,0,0,0,0.0,0.0,0.0,0.0,0.0664509478956461,1,0.0664509478956461
,academy_3_vs_1_with_keeper,42,collect_rollout,2064,0,19,-0.013333332724869251,False,False,0.0,0.0,0,0,0,0.0,0.0,0.0,0.0,-0.013333332724869251,1,-0.013333332724869251
,academy_3_vs_1_with_keeper,42,collect_rollout,2065,0,18,-0.013333332724869251,False,False,0.0,0.0,0,0,0,0.0,0.0,0.0,0.0,-0.013333332724869251,1,-0.013333332724869251
,academy_3_vs_1_with_keeper,42,collect_rollout,2066,0,17,-0.013333332724869251,False,False,0.0,0.0,0,0,0,0.0,0.0,0.0,0.0,-0.013333332724869251,1,-0.013333332724869251
,academy_3_vs_1_with_keeper,42,collect_rollout,2067,0,8,0.0384718116838485,False,False,0.0,0.0,0,0,0,0.0,0.0,0.0,0.0,0.0384718116838485,1,0.0384718116838485
,academy_3_vs_1_with_keeper,42,collect_rollout,2068,0,28,2.1384701800125185,False,False,0.0,0.0,0,0,0,0.0,0.0,0.0,0.0,2.1384701800125185,1,2.1384701800125185
,academy_3_vs_1_with_keeper,42,collect_rollout,2069,0,7,0.05005497531965375,False,False,0.0,0.0,0,0,0,0.0,0.0,0.0,0.0,0.05005497531965375,1,0.05005497531965375
,academy_3_vs_1_with_keeper,42,collect_rollout,2070,0,46,0.05096180413966067,False,False,0.0,0.0,0,0,0,0.0,0.0,0.0,0.0,0.05096180413966067,1,0.05096180413966067
,academy_3_vs_1_with_keeper,42,collect_rollout,2071,0,17,-0.013333332724869251,False,False,0.0,0.0,0,0,0,0.0,0.0,0.0,0.0,-0.013333332724869251,1,-0.013333332724869251
,academy_3_vs_1_with_keeper,42,collect_rollout,2072,0,18,-0.006666666362434626,False,False,0.0,0.0,0,0,0,0.0,0.0,0.0,0.0,-0.006666666362434626,1,-0.006666666362434626
,academy_3_vs_1_with_keeper,42,collect_rollout,2073,0,19,-0.019999999087303877,False,False,0.0,0.0,0,0,0,0.0,0.0,0.0,0.0,-0.019999999087303877,1,-0.019999999087303877
,academy_3_vs_1_with_keeper,42,collect_rollout,2074,0,15,0.022939643124118447,False,False,0.0,0.0,0,0,0,0.0,0.0,0.0,0.0,0.022939643124118447,1,0.022939643124118447
,academy_3_vs_1_with_keeper,42,collect_rollout,2075,0,17,-0.013333332724869251,False,False,0.0,0.0,0,0,0,0.0,0.0,0.0,0.0,-0.013333332724869251,1,-0.013333332724869251
,academy_3_vs_1_with_keeper,42,collect_rollout,2076,0,20,-0.02333333226852119,False,False,0.0,0.0,0,0,0,0.0,0.0,0.0,0.0,-0.02333333226852119,1,-0.02333333226852119
,academy_3_vs_1_with_keeper,42,collect_rollout,2077,0,42,0.04224378845538013,False,False,0.0,0.0,0,0,0,0.0,0.0,0.0,0.0,0.04224378845538013,1,0.04224378845538013
,academy_3_vs_1_with_keeper,42,collect_rollout,2078,0,15,-0.009999999543651938,False,False,0.0,0.0,0,0,0,0.0,0.0,0.0,0.0,-0.009999999543651938,1,-0.009999999543651938
,academy_3_vs_1_with_keeper,42,collect_rollout,2079,0,15,0.016238460084423423,False,False,0.0,0.0,0,0,0,0.0,0.0,0.0,0.0,0.016238460084423423,1,0.016238460084423423
,academy_3_vs_1_with_keeper,42,collect_rollout,2080,0,24,2.1485558308195323,False,False,0.0,0.0,0,0,0,0.0,0.0,0.0,0.0,2.1485558308195323,1,2.1485558308195323
,academy_3_vs_1_with_keeper,42,collect_rollout,2081,0,65,-0.09803166904021055,False,False,0.0,0.0,0,0,0,0.0,0.0,0.0,0.0,-0.09803166904021055,1,-0.09803166904021055
,academy_3_vs_1_with_keeper,42,collect_rollout,2082,0,18,-0.009999999543651938,False,False,0.0,0.0,0,0,0,0.0,0.0,0.0,0.0,-0.009999999543651938,1,-0.009999999543651938
,academy_3_vs_1_with_keeper,42,collect_rollout,2083,0,39,0.11145806568674743,False,False,0.0,0.0,0,0,0,0.0,0.0,0.0,0.0,0.11145806568674743,1,0.11145806568674743
,academy_3_vs_1_with_keeper,42,collect_rollout,2084,0,30,2.1191965176258236,False,False,0.0,0.0,0,0,0,0.0,0.0,0.0,0.0,2.1191965176258236,1,2.1191965176258236
,academy_3_vs_1_with_keeper,42,collect_rollout,2085,0,13,0.032611318747512996,False,False,0.0,0.0,0,0,0,0.0,0.0,0.0,0.0,0.032611318747512996,1,0.032611318747512996
,academy_3_vs_1_with_keeper,42,collect_rollout,2086,0,66,-0.13065710000228137,False,False,0.0,0.0,0,0,0,0.0,0.0,0.0,0.0,-0.13065710000228137,1,-0.13065710000228137
,academy_3_vs_1_with_keeper,42,collect_rollout,2087,0,34,0.09345324710011482,False,False,0.0,0.0,0,0,0,0.0,0.0,0.0,0.0,0.09345324710011482,1,0.09345324710011482
,academy_3_vs_1_with_keeper,42,collect_rollout,2088,0,14,0.02607162669301033,False,False,0.0,0.0,0,0,0,0.0,0.0,0.0,0.0,0.02607162669301033,1,0.02607162669301033
,academy_3_vs_1_with_keeper,42,collect_rollout,2089,0,24,-0.016666665906086564,False,False,0.0,0.0,0,0,0,0.0,0.0,0.0,0.0,-0.016666665906086564,1,-0.016666665906086564
,academy_3_vs_1_with_keeper,42,collect_rollout,2090,0,23,2.1325879991054535,False,False,0.0,0.0,0,0,0,0.0,0.0,0.0,0.0,2.1325879991054535,1,2.1325879991054535
,academy_3_vs_1_with_keeper,42,collect_rollout,2091,0,20,-0.016666665906086564,False,False,0.0,0.0,0,0,0,0.0,0.0,0.0,0.0,-0.016666665906086564,1,-0.016666665906086564
,academy_3_vs_1_with_keeper,42,collect_rollout,2092,0,18,-0.016666665906086564,False,False,0.0,0.0,0,0,0,0.0,0.0,0.0,0.0,-0.016666665906086564,1,-0.016666665906086564
,academy_3_vs_1_with_keeper,42,collect_rollout,2093,0,7,0.02624789986293763,False,False,0.0,0.0,0,0,0,0.0,0.0,0.0,0.0,0.02624789986293763,1,0.02624789986293763
,academy_3_vs_1_with_keeper,42,collect_rollout,2094,0,9,0.037539836135692894,False,False,0.0,0.0,0,0,0,0.0,0.0,0.0,0.0,0.037539836135692894,1,0.037539836135692894
,academy_3_vs_1_with_keeper,42,collect_rollout,2095,0,28,2.120068341260776,False,False,0.0,0.0,0,0,0,0.0,0.0,0.0,0.0,2.120068341260776,1,2.120068341260776
,academy_3_vs_1_with_keeper,42,collect_rollout,2096,0,26,2.146582572197076,False,False,0.0,0.0,0,0,0,0.0,0.0,0.0,0.0,2.146582572197076,1,2.146582572197076
,academy_3_vs_1_with_keeper,42,collect_rollout,2097,0,10,0.027640092303045094,False,False,0.0,0.0,0,0,0,0.0,0.0,0.0,0.0,0.027640092303045094,1,0.027640092303045094
,academy_3_vs_1_with_keeper,42,collect_rollout,2098,0,38,2.095404468011111,False,False,0.0,0.0,0,0,0,0.0,0.0,0.0,0.0,2.095404468011111,1,2.095404468011111
,academy_3_vs_1_with_keeper,42,collect_rollout,2099,0,81,-0.08859477483201772,False,False,0.0,0.0,0,0,0,0.0,0.0,0.0,0.0,-0.08859477483201772,1,-0.08859477483201772
,academy_3_vs_1_with_keeper,42,collect_rollout,2100,0,20,-0.009999999543651938,False,False,0.0,0.0,0,0,0,0.0,0.0,0.0,0.0,-0.009999999543651938,1,-0.009999999543651938
,academy_3_vs_1_with_keeper,42,collect_rollout,2101,0,22,-0.013333332724869251,False,False,0.0,0.0,0,0,0,0.0,0.0,0.0,0.0,-0.013333332724869251,1,-0.013333332724869251
,academy_3_vs_1_with_keeper,42,collect_rollout,2102,0,16,-0.003333333181217313,False,False,0.0,0.0,0,0,0,0.0,0.0,0.0,0.0,-0.003333333181217313,1,-0.003333333181217313
,academy_3_vs_1_with_keeper,42,collect_rollout,2103,0,14,-0.009999999543651938,False,False,0.0,0.0,0,0,0,0.0,0.0,0.0,0.0,-0.009999999543651938,1,-0.009999999543651938
,academy_3_vs_1_with_keeper,42,collect_rollout,2104,0,17,-0.013333332724869251,False,False,0.0,0.0,0,0,0,0.0,0.0,0.0,0.0,-0.013333332724869251,1,-0.013333332724869251
,academy_3_vs_1_with_keeper,42,collect_rollout,2105,0,26,2.146209704107605,False,False,0.0,0.0,0,0,0,0.0,0.0,0.0,0.0,2.146209704107605,1,2.146209704107605
,academy_3_vs_1_with_keeper,42,collect_rollout,2106,0,12,0.03397206659428775,False,False,0.0,0.0,0,0,0,0.0,0.0,0.0,0.0,0.03397206659428775,1,0.03397206659428775
,academy_3_vs_1_with_keeper,42,collect_rollout,2107,0,19,-0.003333333181217313,False,False,0.0,0.0,0,0,0,0.0,0.0,0.0,0.0,-0.003333333181217313,1,-0.003333333181217313
,academy_3_vs_1_with_keeper,42,collect_rollout,2108,0,18,-0.016666665906086564,False,False,0.0,0.0,0,0,0,0.0,0.0,0.0,0.0,-0.016666665906086564,1,-0.016666665906086564
,academy_3_vs_1_with_keeper,42,collect_rollout,2109,0,22,-0.009999999543651938,False,False,0.0,0.0,0,0,0,0.0,0.0,0.0,0.0,-0.009999999543651938,1,-0.009999999543651938
,academy_3_vs_1_with_keeper,42,collect_rollout,2110,0,54,0.07300775975454599,False,False,0.0,0.0,0,0,0,0.0,0.0,0.0,0.0,0.07300775975454599,1,0.07300775975454599
,academy_3_vs_1_with_keeper,42,collect_rollout,2111,0,18,0.0,False,False,0.0,0.0,0,0,0,0.0,0.0,0.0,0.0,0.0,1,0.0
,academy_3_vs_1_with_keeper,42,collect_rollout,2112,0,15,0.0036783399991691113,False,False,0.0,0.0,0,0,0,0.0,0.0,0.0,0.0,0.0036783399991691113,1,0.0036783399991691113
,academy_3_vs_1_with_keeper,42,collect_rollout,2113,0,21,-0.013333332724869251,False,False,0.0,0.0,0,0,0,0.0,0.0,0.0,0.0,-0.013333332724869251,1,-0.013333332724869251
,academy_3_vs_1_with_keeper,42,collect_rollout,2114,0,19,-0.013333332724869251,False,False,0.0,0.0,0,0,0,0.0,0.0,0.0,0.0,-0.013333332724869251,1,-0.013333332724869251
,academy_3_vs_1_with_keeper,42,collect_rollout,2115,0,17,-0.026666665449738503,False,False,0.0,0.0,0,0,0,0.0,0.0,0.0,0.0,-0.026666665449738503,1,-0.026666665449738503
,academy_3_vs_1_with_keeper,42,collect_rollout,2116,0,51,-0.051364785991609097,False,False,0.0,0.0,0,0,0,0.0,0.0,0.0,0.0,-0.051364785991609097,1,-0.051364785991609097
,academy_3_vs_1_with_keeper,42,collect_rollout,2117,0,11,0.025301852845586836,False,False,0.0,0.0,0,0,0,0.0,0.0,0.0,0.0,0.025301852845586836,1,0.025301852845586836
,academy_3_vs_1_with_keeper,42,collect_rollout,2118,0,36,2.089239123975858,False,False,0.0,0.0,0,0,0,0.0,0.0,0.0,0.0,2.089239123975858,1,2.089239123975858
,academy_3_vs_1_with_keeper,42,collect_rollout,2119,0,11,0.0361518245190382,False,False,0.0,0.0,0,0,0,0.0,0.0,0.0,0.0,0.0361518245190382,1,0.0361518245190382
,academy_3_vs_1_with_keeper,42,collect_rollout,2120,0,33,0.05128327044076286,False,False,0.0,0.0,0,0,0,0.0,0.0,0.0,0.0,0.05128327044076286,1,0.05128327044076286
,academy_3_vs_1_with_keeper,42,collect_rollout,2121,0,33,0.06702926923753694,False,False,0.0,0.0,0,0,0,0.0,0.0,0.0,0.0,0.06702926923753694,1,0.06702926923753694
,academy_3_vs_1_with_keeper,42,collect_rollout,2122,0,23,-0.019999999087303877,False,False,0.0,0.0,0,0,0,0.0,0.0,0.0,0.0,-0.019999999087303877,1,-0.019999999087303877
,academy_3_vs_1_with_keeper,42,collect_rollout,2123,0,17,-0.016666665906086564,False,False,0.0,0.0,0,0,0,0.0,0.0,0.0,0.0,-0.016666665906086564,1,-0.016666665906086564
,academy_3_vs_1_with_keeper,42,collect_rollout,2124,0,20,-0.013333332724869251,False,False,0.0,0.0,0,0,0,0.0,0.0,0.0,0.0,-0.013333332724869251,1,-0.013333332724869251
,academy_3_vs_1_with_keeper,42,collect_rollout,2125,0,14,0.0,False,False,0.0,0.0,0,0,0,0.0,0.0,0.0,0.0,0.0,1,0.0
,academy_3_vs_1_with_keeper,42,collect_rollout,2126,0,17,0.0,False,False,0.0,0.0,0,0,0,0.0,0.0,0.0,0.0,0.0,1,0.0
,academy_3_vs_1_with_keeper,42,collect_rollout,2127,0,18,-0.006666666362434626,False,False,0.0,0.0,0,0,0,0.0,0.0,0.0,0.0,-0.006666666362434626,1,-0.006666666362434626
,academy_3_vs_1_with_keeper,42,collect_rollout,2128,0,30,0.09967632894404233,False,False,0.0,0.0,0,0,0,0.0,0.0,0.0,0.0,0.09967632894404233,1,0.09967632894404233
,academy_3_vs_1_with_keeper,42,collect_rollout,2129,0,21,-0.016666666138917208,False,False,0.0,0.0,0,0,0,0.0,0.0,0.0,0.0,-0.016666666138917208,1,-0.016666666138917208
,academy_3_vs_1_with_keeper,42,collect_rollout,2130,0,19,-0.013333332724869251,False,False,0.0,0.0,0,0,0,0.0,0.0,0.0,0.0,-0.013333332724869251,1,-0.013333332724869251
,academy_3_vs_1_with_keeper,42,collect_rollout,2131,0,16,-0.006666666362434626,False,False,0.0,0.0,0,0,0,0.0,0.0,0.0,0.0,-0.006666666362434626,1,-0.006666666362434626
,academy_3_vs_1_with_keeper,42,collect_rollout,2132,0,11,0.027087679016403854,False,False,0.0,0.0,0,0,0,0.0,0.0,0.0,0.0,0.027087679016403854,1,0.027087679016403854
,academy_3_vs_1_with_keeper,42,collect_rollout,2133,0,20,-0.009999999543651938,False,False,0.0,0.0,0,0,0,0.0,0.0,0.0,0.0,-0.009999999543651938,1,-0.009999999543651938
,academy_3_vs_1_with_keeper,42,collect_rollout,2134,0,17,-0.003333333181217313,False,False,0.0,0.0,0,0,0,0.0,0.0,0.0,0.0,-0.003333333181217313,1,-0.003333333181217313
,academy_3_vs_1_with_keeper,42,collect_rollout,2135,0,14,-0.009999999543651938,False,False,0.0,0.0,0,0,0,0.0,0.0,0.0,0.0,-0.009999999543651938,1,-0.009999999543651938
,academy_3_vs_1_with_keeper,42,collect_rollout,2136,0,19,-0.013333332724869251,False,False,0.0,0.0,0,0,0,0.0,0.0,0.0,0.0,-0.013333332724869251,1,-0.013333332724869251
,academy_3_vs_1_with_keeper,42,collect_rollout,2137,0,15,-0.016666665906086564,False,False,0.0,0.0,0,0,0,0.0,0.0,0.0,0.0,-0.016666665906086564,1,-0.016666665906086564
,academy_3_vs_1_with_keeper,42,collect_rollout,2138,0,24,-0.016666665906086564,False,False,0.0,0.0,0,0,0,0.0,0.0,0.0,0.0,-0.016666665906086564,1,-0.016666665906086564
,academy_3_vs_1_with_keeper,42,collect_rollout,2139,0,7,0.044381039682775736,False,False,0.0,0.0,0,0,0,0.0,0.0,0.0,0.0,0.044381039682775736,1,0.044381039682775736
,academy_3_vs_1_with_keeper,42,collect_rollout,2140,0,20,-0.02333333226852119,False,False,0.0,0.0,0,0,0,0.0,0.0,0.0,0.0,-0.02333333226852119,1,-0.02333333226852119
,academy_3_vs_1_with_keeper,42,collect_rollout,2141,0,86,0.07593668330810033,False,False,0.0,0.0,0,0,0,0.0,0.0,0.0,0.0,0.07593668330810033,1,0.07593668330810033
,academy_3_vs_1_with_keeper,42,collect_rollout,2142,0,1801,-0.975764611037448,False,False,0.0,0.0,0,0,0,0.0,0.0,0.0,0.0,-0.975764611037448,1,-0.975764611037448
,academy_3_vs_1_with_keeper,42,collect_rollout,2143,0,29,2.147289771353826,False,False,0.0,0.0,0,0,0,0.0,0.0,0.0,0.0,2.147289771353826,1,2.147289771353826
,academy_3_vs_1_with_keeper,42,collect_rollout,2144,0,41,0.01448942394927144,False,False,0.0,0.0,0,0,0,0.0,0.0,0.0,0.0,0.01448942394927144,1,0.01448942394927144
,academy_3_vs_1_with_keeper,42,collect_rollout,2145,0,16,0.014327443015645258,False,False,0.0,0.0,0,0,0,0.0,0.0,0.0,0.0,0.014327443015645258,1,0.014327443015645258
,academy_3_vs_1_with_keeper,42,collect_rollout,2146,0,654,-0.10142884321976453,False,False,0.0,0.0,0,0,0,0.0,0.0,0.0,0.0,-0.10142884321976453,1,-0.10142884321976453
,academy_3_vs_1_with_keeper,42,collect_rollout,2147,0,26,0.1161594653967768,False,False,0.0,0.0,0,0,0,0.0,0.0,0.0,0.0,0.1161594653967768,1,0.1161594653967768
,academy_3_vs_1_with_keeper,42,collect_rollout,2148,0,42,0.015049708541482687,False,False,0.0,0.0,0,0,0,0.0,0.0,0.0,0.0,0.015049708541482687,1,0.015049708541482687
,academy_3_vs_1_with_keeper,42,collect_rollout,2149,0,119,-0.38691235503938515,False,False,0.0,0.0,0,0,0,0.0,0.0,0.0,0.0,-0.38691235503938515,1,-0.38691235503938515
,academy_3_vs_1_with_keeper,42,collect_rollout,2150,0,17,-0.006666666362434626,False,False,0.0,0.0,0,0,0,0.0,0.0,0.0,0.0,-0.006666666362434626,1,-0.006666666362434626
,academy_3_vs_1_with_keeper,42,collect_rollout,2151,0,21,-0.003333333181217313,False,False,0.0,0.0,0,0,0,0.0,0.0,0.0,0.0,-0.003333333181217313,1,-0.003333333181217313
,academy_3_vs_1_with_keeper,42,collect_rollout,2152,0,16,0.0,False,False,0.0,0.0,0,0,0,0.0,0.0,0.0,0.0,0.0,1,0.0
,academy_3_vs_1_with_keeper,42,collect_rollout,2153,0,13,0.020304885925725102,False,False,0.0,0.0,0,0,0,0.0,0.0,0.0,0.0,0.020304885925725102,1,0.020304885925725102
,academy_3_vs_1_with_keeper,42,collect_rollout,2154,0,49,-0.010940299311187118,False,False,0.0,0.0,0,0,0,0.0,0.0,0.0,0.0,-0.010940299311187118,1,-0.010940299311187118
,academy_3_vs_1_with_keeper,42,collect_rollout,2155,0,8,0.03713638102635741,False,False,0.0,0.0,0,0,0,0.0,0.0,0.0,0.0,0.03713638102635741,1,0.03713638102635741
,academy_3_vs_1_with_keeper,42,collect_rollout,2156,0,32,2.139557901653461,False,False,0.0,0.0,0,0,0,0.0,0.0,0.0,0.0,2.139557901653461,1,2.139557901653461
,academy_3_vs_1_with_keeper,42,collect_rollout,2157,0,21,-0.013333332724869251,False,False,0.0,0.0,0,0,0,0.0,0.0,0.0,0.0,-0.013333332724869251,1,-0.013333332724869251
,academy_3_vs_1_with_keeper,42,collect_rollout,2158,0,20,-0.006666666362434626,False,False,0.0,0.0,0,0,0,0.0,0.0,0.0,0.0,-0.006666666362434626,1,-0.006666666362434626
,academy_3_vs_1_with_keeper,42,collect_rollout,2159,0,8,0.0336902120616287,False,False,0.0,0.0,0,0,0,0.0,0.0,0.0,0.0,0.0336902120616287,1,0.0336902120616287
,academy_3_vs_1_with_keeper,42,collect_rollout,2160,0,20,-0.003333333181217313,False,False,0.0,0.0,0,0,0,0.0,0.0,0.0,0.0,-0.003333333181217313,1,-0.003333333181217313
,academy_3_vs_1_with_keeper,42,collect_rollout,2161,0,19,0.0,False,False,0.0,0.0,0,0,0,0.0,0.0,0.0,0.0,0.0,1,0.0
,academy_3_vs_1_with_keeper,42,collect_rollout,2162,0,16,-0.003333333181217313,False,False,0.0,0.0,0,0,0,0.0,0.0,0.0,0.0,-0.003333333181217313,1,-0.003333333181217313
,academy_3_vs_1_with_keeper,42,collect_rollout,2163,0,63,-0.15067248599370942,False,False,0.0,0.0,0,0,0,0.0,0.0,0.0,0.0,-0.15067248599370942,1,-0.15067248599370942
,academy_3_vs_1_with_keeper,42,collect_rollout,2164,0,16,0.024252044619061053,False,False,0.0,0.0,0,0,0,0.0,0.0,0.0,0.0,0.024252044619061053,1,0.024252044619061053
,academy_3_vs_1_with_keeper,42,collect_rollout,2165,0,93,0.09222032316029072,False,False,0.0,0.0,0,0,0,0.0,0.0,0.0,0.0,0.09222032316029072,1,0.09222032316029072
,academy_3_vs_1_with_keeper,42,collect_rollout,2166,0,17,-0.006666666362434626,False,False,0.0,0.0,0,0,0,0.0,0.0,0.0,0.0,-0.006666666362434626,1,-0.006666666362434626
,academy_3_vs_1_with_keeper,42,collect_rollout,2167,0,34,0.08318776031956077,False,False,0.0,0.0,0,0,0,0.0,0.0,0.0,0.0,0.08318776031956077,1,0.08318776031956077
,academy_3_vs_1_with_keeper,42,collect_rollout,2168,0,82,0.11868472001515329,False,False,0.0,0.0,0,0,0,0.0,0.0,0.0,0.0,0.11868472001515329,1,0.11868472001515329
,academy_3_vs_1_with_keeper,42,collect_rollout,2169,0,95,-0.19728118262719363,False,False,0.0,0.0,0,0,0,0.0,0.0,0.0,0.0,-0.19728118262719363,1,-0.19728118262719363
,academy_3_vs_1_with_keeper,42,collect_rollout,2170,0,20,-0.009999999543651938,False,False,0.0,0.0,0,0,0,0.0,0.0,0.0,0.0,-0.009999999543651938,1,-0.009999999543651938
,academy_3_vs_1_with_keeper,42,collect_rollout,2171,0,37,0.06509496865328401,False,False,0.0,0.0,0,0,0,0.0,0.0,0.0,0.0,0.06509496865328401,1,0.06509496865328401
,academy_3_vs_1_with_keeper,42,collect_rollout,2172,0,14,0.0,False,False,0.0,0.0,0,0,0,0.0,0.0,0.0,0.0,0.0,1,0.0
,academy_3_vs_1_with_keeper,42,collect_rollout,2173,0,18,-0.006666666362434626,False,False,0.0,0.0,0,0,0,0.0,0.0,0.0,0.0,-0.006666666362434626,1,-0.006666666362434626
,academy_3_vs_1_with_keeper,42,collect_rollout,2174,0,17,-0.006666666362434626,False,False,0.0,0.0,0,0,0,0.0,0.0,0.0,0.0,-0.006666666362434626,1,-0.006666666362434626
,academy_3_vs_1_with_keeper,42,collect_rollout,2175,0,12,0.027936499333009124,False,False,0.0,0.0,0,0,0,0.0,0.0,0.0,0.0,0.027936499333009124,1,0.027936499333009124
,academy_3_vs_1_with_keeper,42,collect_rollout,2176,0,36,0.1164280305383727,False,False,0.0,0.0,0,0,0,0.0,0.0,0.0,0.0,0.1164280305383727,1,0.1164280305383727
,academy_3_vs_1_with_keeper,42,collect_rollout,2177,0,31,0.12290672480594367,False,False,0.0,0.0,0,0,0,0.0,0.0,0.0,0.0,0.12290672480594367,1,0.12290672480594367
,academy_3_vs_1_with_keeper,42,collect_rollout,2178,0,101,1.9415906725334935,False,False,0.0,0.0,0,0,0,0.0,0.0,0.0,0.0,1.9415906725334935,1,1.9415906725334935
,academy_3_vs_1_with_keeper,42,collect_rollout,2179,0,22,-0.009999999543651938,False,False,0.0,0.0,0,0,0,0.0,0.0,0.0,0.0,-0.009999999543651938,1,-0.009999999543651938
,academy_3_vs_1_with_keeper,42,collect_rollout,2180,0,21,-0.006666666362434626,False,False,0.0,0.0,0,0,0,0.0,0.0,0.0,0.0,-0.006666666362434626,1,-0.006666666362434626
,academy_3_vs_1_with_keeper,42,collect_rollout,2181,0,22,-0.003333333181217313,False,False,0.0,0.0,0,0,0,0.0,0.0,0.0,0.0,-0.003333333181217313,1,-0.003333333181217313
,academy_3_vs_1_with_keeper,42,collect_rollout,2182,0,15,0.0,False,False,0.0,0.0,0,0,0,0.0,0.0,0.0,0.0,0.0,1,0.0
,academy_3_vs_1_with_keeper,42,collect_rollout,2183,0,19,-0.006666666362434626,False,False,0.0,0.0,0,0,0,0.0,0.0,0.0,0.0,-0.006666666362434626,1,-0.006666666362434626
,academy_3_vs_1_with_keeper,42,collect_rollout,2184,0,22,-0.006666666362434626,False,False,0.0,0.0,0,0,0,0.0,0.0,0.0,0.0,-0.006666666362434626,1,-0.006666666362434626
,academy_3_vs_1_with_keeper,42,collect_rollout,2185,0,55,-0.08920759917236865,False,False,0.0,0.0,0,0,0,0.0,0.0,0.0,0.0,-0.08920759917236865,1,-0.08920759917236865
,academy_3_vs_1_with_keeper,42,collect_rollout,2186,0,35,0.08538667374523357,False,False,0.0,0.0,0,0,0,0.0,0.0,0.0,0.0,0.08538667374523357,1,0.08538667374523357
,academy_3_vs_1_with_keeper,42,collect_rollout,2187,0,113,1.519154834211804,False,False,0.0,0.0,0,0,0,0.0,0.0,0.0,0.0,1.519154834211804,1,1.519154834211804
,academy_3_vs_1_with_keeper,42,collect_rollout,2188,0,18,-0.009999999543651938,False,False,0.0,0.0,0,0,0,0.0,0.0,0.0,0.0,-0.009999999543651938,1,-0.009999999543651938
,academy_3_vs_1_with_keeper,42,collect_rollout,2189,0,18,-0.003333333181217313,False,False,0.0,0.0,0,0,0,0.0,0.0,0.0,0.0,-0.003333333181217313,1,-0.003333333181217313
,academy_3_vs_1_with_keeper,42,collect_rollout,2190,0,83,0.1077394449384883,False,False,0.0,0.0,0,0,0,0.0,0.0,0.0,0.0,0.1077394449384883,1,0.1077394449384883
,academy_3_vs_1_with_keeper,42,collect_rollout,2191,0,1801,-0.6430165365163703,False,False,0.0,0.0,0,0,0,0.0,0.0,0.0,0.0,-0.6430165365163703,1,-0.6430165365163703
,academy_3_vs_1_with_keeper,42,collect_rollout,2192,0,88,-0.3385780638054712,False,False,0.0,0.0,0,0,0,0.0,0.0,0.0,0.0,-0.3385780638054712,1,-0.3385780638054712
,academy_3_vs_1_with_keeper,42,collect_rollout,2193,0,57,-0.04162644874304533,False,False,0.0,0.0,0,0,0,0.0,0.0,0.0,0.0,-0.04162644874304533,1,-0.04162644874304533
,academy_3_vs_1_with_keeper,42,collect_rollout,2194,0,18,-0.013333332724869251,False,False,0.0,0.0,0,0,0,0.0,0.0,0.0,0.0,-0.013333332724869251,1,-0.013333332724869251
,academy_3_vs_1_with_keeper,42,collect_rollout,2195,0,31,2.1339998585171998,False,False,0.0,0.0,0,0,0,0.0,0.0,0.0,0.0,2.1339998585171998,1,2.1339998585171998
,academy_3_vs_1_with_keeper,42,collect_rollout,2196,0,134,-0.4375730997417122,False,False,0.0,0.0,0,0,0,0.0,0.0,0.0,0.0,-0.4375730997417122,1,-0.4375730997417122
,academy_3_vs_1_with_keeper,42,collect_rollout,2197,0,22,-0.003333333181217313,False,False,0.0,0.0,0,0,0,0.0,0.0,0.0,0.0,-0.003333333181217313,1,-0.003333333181217313
,academy_3_vs_1_with_keeper,42,collect_rollout,2198,0,15,0.0,False,False,0.0,0.0,0,0,0,0.0,0.0,0.0,0.0,0.0,1,0.0
,academy_3_vs_1_with_keeper,42,collect_rollout,2199,0,100,-0.3560309559907182,False,False,0.0,0.0,0,0,0,0.0,0.0,0.0,0.0,-0.3560309559907182,1,-0.3560309559907182
,academy_3_vs_1_with_keeper,42,collect_rollout,2200,0,30,2.1306720699067228,False,False,0.0,0.0,0,0,0,0.0,0.0,0.0,0.0,2.1306720699067228,1,2.1306720699067228
,academy_3_vs_1_with_keeper,42,collect_rollout,2201,0,16,0.02273836196400225,False,False,0.0,0.0,0,0,0,0.0,0.0,0.0,0.0,0.02273836196400225,1,0.02273836196400225
,academy_3_vs_1_with_keeper,42,collect_rollout,2202,0,13,0.024415506049990654,False,False,0.0,0.0,0,0,0,0.0,0.0,0.0,0.0,0.024415506049990654,1,0.024415506049990654
,academy_3_vs_1_with_keeper,42,collect_rollout,2203,0,24,-0.006666666362434626,False,False,0.0,0.0,0,0,0,0.0,0.0,0.0,0.0,-0.006666666362434626,1,-0.006666666362434626
,academy_3_vs_1_with_keeper,42,collect_rollout,2204,0,16,0.020568223437294364,False,False,0.0,0.0,0,0,0,0.0,0.0,0.0,0.0,0.020568223437294364,1,0.020568223437294364
,academy_3_vs_1_with_keeper,42,collect_rollout,2205,0,19,0.0,False,False,0.0,0.0,0,0,0,0.0,0.0,0.0,0.0,0.0,1,0.0
,academy_3_vs_1_with_keeper,42,collect_rollout,2206,0,91,-0.023871344164945185,False,False,0.0,0.0,0,0,0,0.0,0.0,0.0,0.0,-0.023871344164945185,1,-0.023871344164945185
,academy_3_vs_1_with_keeper,42,collect_rollout,2207,0,113,-0.44271087396191433,False,False,0.0,0.0,0,0,0,0.0,0.0,0.0,0.0,-0.44271087396191433,1,-0.44271087396191433
,academy_3_vs_1_with_keeper,42,collect_rollout,2208,0,19,0.0,False,False,0.0,0.0,0,0,0,0.0,0.0,0.0,0.0,0.0,1,0.0
,academy_3_vs_1_with_keeper,42,collect_rollout,2209,0,28,0.12741855962667614,False,False,0.0,0.0,0,0,0,0.0,0.0,0.0,0.0,0.12741855962667614,1,0.12741855962667614
,academy_3_vs_1_with_keeper,42,collect_rollout,2210,0,19,-0.003333333181217313,False,False,0.0,0.0,0,0,0,0.0,0.0,0.0,0.0,-0.003333333181217313,1,-0.003333333181217313
,academy_3_vs_1_with_keeper,42,collect_rollout,2211,0,21,0.0,False,False,0.0,0.0,0,0,0,0.0,0.0,0.0,0.0,0.0,1,0.0
,academy_3_vs_1_with_keeper,42,collect_rollout,2212,0,40,0.0974788114981493,False,False,0.0,0.0,0,0,0,0.0,0.0,0.0,0.0,0.0974788114981493,1,0.0974788114981493
,academy_3_vs_1_with_keeper,42,collect_rollout,2213,0,20,-0.006666666362434626,False,False,0.0,0.0,0,0,0,0.0,0.0,0.0,0.0,-0.006666666362434626,1,-0.006666666362434626
,academy_3_vs_1_with_keeper,42,collect_rollout,2214,0,12,0.020608746213838458,False,False,0.0,0.0,0,0,0,0.0,0.0,0.0,0.0,0.020608746213838458,1,0.020608746213838458
,academy_3_vs_1_with_keeper,42,collect_rollout,2215,0,17,-0.006666666362434626,False,False,0.0,0.0,0,0,0,0.0,0.0,0.0,0.0,-0.006666666362434626,1,-0.006666666362434626
,academy_3_vs_1_with_keeper,42,collect_rollout,2216,0,18,0.0,False,False,0.0,0.0,0,0,0,0.0,0.0,0.0,0.0,0.0,1,0.0
,academy_3_vs_1_with_keeper,42,collect_rollout,2217,0,40,0.02803135709837079,False,False,0.0,0.0,0,0,0,0.0,0.0,0.0,0.0,0.02803135709837079,1,0.02803135709837079
,academy_3_vs_1_with_keeper,42,collect_rollout,2218,0,49,-0.06129218533169478,False,False,0.0,0.0,0,0,0,0.0,0.0,0.0,0.0,-0.06129218533169478,1,-0.06129218533169478
,academy_3_vs_1_with_keeper,42,collect_rollout,2219,0,1801,-0.08197005168767646,False,False,0.0,0.0,0,0,0,0.0,0.0,0.0,0.0,-0.08197005168767646,1,-0.08197005168767646
,academy_3_vs_1_with_keeper,42,collect_rollout,2220,0,18,-0.003333333181217313,False,False,0.0,0.0,0,0,0,0.0,0.0,0.0,0.0,-0.003333333181217313,1,-0.003333333181217313
,academy_3_vs_1_with_keeper,42,collect_rollout,2221,0,14,0.010138985118828714,False,False,0.0,0.0,0,0,0,0.0,0.0,0.0,0.0,0.010138985118828714,1,0.010138985118828714
,academy_3_vs_1_with_keeper,42,collect_rollout,2222,0,28,2.1362331776181236,False,False,0.0,0.0,0,0,0,0.0,0.0,0.0,0.0,2.1362331776181236,1,2.1362331776181236
,academy_3_vs_1_with_keeper,42,collect_rollout,2223,0,117,-0.19016134063713253,False,False,0.0,0.0,0,0,0,0.0,0.0,0.0,0.0,-0.19016134063713253,1,-0.19016134063713253
,academy_3_vs_1_with_keeper,42,collect_rollout,2224,0,21,0.0,False,False,0.0,0.0,0,0,0,0.0,0.0,0.0,0.0,0.0,1,0.0
,academy_3_vs_1_with_keeper,42,collect_rollout,2225,0,106,-0.46998271241318434,False,False,0.0,0.0,0,0,0,0.0,0.0,0.0,0.0,-0.46998271241318434,1,-0.46998271241318434
,academy_3_vs_1_with_keeper,42,collect_rollout,2226,0,102,1.709401679574512,False,False,0.0,0.0,0,0,0,0.0,0.0,0.0,0.0,1.709401679574512,1,1.709401679574512
,academy_3_vs_1_with_keeper,42,collect_rollout,2227,0,17,0.0,False,False,0.0,0.0,0,0,0,0.0,0.0,0.0,0.0,0.0,1,0.0
,academy_3_vs_1_with_keeper,42,collect_rollout,2228,0,72,-0.21962731273379177,False,False,0.0,0.0,0,0,0,0.0,0.0,0.0,0.0,-0.21962731273379177,1,-0.21962731273379177
,academy_3_vs_1_with_keeper,42,collect_rollout,2229,0,92,-0.25527435168623924,False,False,0.0,0.0,0,0,0,0.0,0.0,0.0,0.0,-0.25527435168623924,1,-0.25527435168623924
,academy_3_vs_1_with_keeper,42,collect_rollout,2230,0,18,0.0,False,False,0.0,0.0,0,0,0,0.0,0.0,0.0,0.0,0.0,1,0.0
,academy_3_vs_1_with_keeper,42,collect_rollout,2231,0,123,-0.3632345865917159,False,False,0.0,0.0,0,0,0,0.0,0.0,0.0,0.0,-0.3632345865917159,1,-0.3632345865917159
,academy_3_vs_1_with_keeper,42,collect_rollout,2232,0,57,0.12064572761300951,False,False,0.0,0.0,0,0,0,0.0,0.0,0.0,0.0,0.12064572761300951,1,0.12064572761300951
,academy_3_vs_1_with_keeper,42,collect_rollout,2233,0,20,2.1511453681159765,False,False,0.0,0.0,0,0,0,0.0,0.0,0.0,0.0,2.1511453681159765,1,2.1511453681159765
,academy_3_vs_1_with_keeper,42,collect_rollout,2234,0,93,0.12933731626253575,False,False,0.0,0.0,0,0,0,0.0,0.0,0.0,0.0,0.12933731626253575,1,0.12933731626253575
,academy_3_vs_1_with_keeper,42,collect_rollout,2235,0,18,0.0,False,False,0.0,0.0,0,0,0,0.0,0.0,0.0,0.0,0.0,1,0.0
,academy_3_vs_1_with_keeper,42,collect_rollout,2236,0,15,-0.003333333181217313,False,False,0.0,0.0,0,0,0,0.0,0.0,0.0,0.0,-0.003333333181217313,1,-0.003333333181217313
,academy_3_vs_1_with_keeper,42,collect_rollout,2237,0,11,0.04499064653646201,False,False,0.0,0.0,0,0,0,0.0,0.0,0.0,0.0,0.04499064653646201,1,0.04499064653646201
,academy_3_vs_1_with_keeper,42,collect_rollout,2238,0,60,0.024973605875857174,False,False,0.0,0.0,0,0,0,0.0,0.0,0.0,0.0,0.024973605875857174,1,0.024973605875857174
,academy_3_vs_1_with_keeper,42,collect_rollout,2239,0,22,0.0,False,False,0.0,0.0,0,0,0,0.0,0.0,0.0,0.0,0.0,1,0.0
,academy_3_vs_1_with_keeper,42,collect_rollout,2240,0,19,-0.006666666362434626,False,False,0.0,0.0,0,0,0,0.0,0.0,0.0,0.0,-0.006666666362434626,1,-0.006666666362434626
,academy_3_vs_1_with_keeper,42,collect_rollout,2241,0,64,1.8679624758660793,False,False,0.0,0.0,0,0,0,0.0,0.0,0.0,0.0,1.8679624758660793,1,1.8679624758660793
,academy_3_vs_1_with_keeper,42,collect_rollout,2242,0,39,0.05777654715348035,False,False,0.0,0.0,0,0,0,0.0,0.0,0.0,0.0,0.05777654715348035,1,0.05777654715348035
,academy_3_vs_1_with_keeper,42,collect_rollout,2243,0,16,0.0,False,False,0.0,0.0,0,0,0,0.0,0.0,0.0,0.0,0.0,1,0.0
,academy_3_vs_1_with_keeper,42,collect_rollout,2244,0,32,0.11998874600976706,False,False,0.0,0.0,0,0,0,0.0,0.0,0.0,0.0,0.11998874600976706,1,0.11998874600976706
,academy_3_vs_1_with_keeper,42,collect_rollout,2245,0,18,0.0,False,False,0.0,0.0,0,0,0,0.0,0.0,0.0,0.0,0.0,1,0.0
,academy_3_vs_1_with_keeper,42,collect_rollout,2246,0,17,-0.009999999543651938,False,False,0.0,0.0,0,0,0,0.0,0.0,0.0,0.0,-0.009999999543651938,1,-0.009999999543651938
,academy_3_vs_1_with_keeper,42,collect_rollout,2247,0,21,-0.009999999543651938,False,False,0.0,0.0,0,0,0,0.0,0.0,0.0,0.0,-0.009999999543651938,1,-0.009999999543651938
,academy_3_vs_1_with_keeper,42,collect_rollout,2248,0,16,-0.013333332724869251,False,False,0.0,0.0,0,0,0,0.0,0.0,0.0,0.0,-0.013333332724869251,1,-0.013333332724869251
,academy_3_vs_1_with_keeper,42,collect_rollout,2249,0,19,0.0,False,False,0.0,0.0,0,0,0,0.0,0.0,0.0,0.0,0.0,1,0.0
,academy_3_vs_1_with_keeper,42,collect_rollout,2250,0,31,0.12376560986740515,False,False,0.0,0.0,0,0,0,0.0,0.0,0.0,0.0,0.12376560986740515,1,0.12376560986740515
,academy_3_vs_1_with_keeper,42,collect_rollout,2251,0,48,-0.05040589514828753,False,False,0.0,0.0,0,0,0,0.0,0.0,0.0,0.0,-0.05040589514828753,1,-0.05040589514828753
,academy_3_vs_1_with_keeper,42,collect_rollout,2252,0,20,0.12037687830161303,False,False,0.0,0.0,0,0,0,0.0,0.0,0.0,0.0,0.12037687830161303,1,0.12037687830161303
,academy_3_vs_1_with_keeper,42,collect_rollout,2253,0,89,0.052476774726528674,False,False,0.0,0.0,0,0,0,0.0,0.0,0.0,0.0,0.052476774726528674,1,0.052476774726528674
,academy_3_vs_1_with_keeper,42,collect_rollout,2254,0,89,0.12512509454973042,False,False,0.0,0.0,0,0,0,0.0,0.0,0.0,0.0,0.12512509454973042,1,0.12512509454973042
,academy_3_vs_1_with_keeper,42,collect_rollout,2255,0,18,-0.006666666362434626,False,False,0.0,0.0,0,0,0,0.0,0.0,0.0,0.0,-0.006666666362434626,1,-0.006666666362434626
,academy_3_vs_1_with_keeper,42,collect_rollout,2256,0,21,-0.003333333181217313,False,False,0.0,0.0,0,0,0,0.0,0.0,0.0,0.0,-0.003333333181217313,1,-0.003333333181217313
,academy_3_vs_1_with_keeper,42,collect_rollout,2257,0,16,0.0,False,False,0.0,0.0,0,0,0,0.0,0.0,0.0,0.0,0.0,1,0.0
,academy_3_vs_1_with_keeper,42,collect_rollout,2258,0,18,-0.003333333181217313,False,False,0.0,0.0,0,0,0,0.0,0.0,0.0,0.0,-0.003333333181217313,1,-0.003333333181217313
,academy_3_vs_1_with_keeper,42,collect_rollout,2259,0,19,-0.003333333181217313,False,False,0.0,0.0,0,0,0,0.0,0.0,0.0,0.0,-0.003333333181217313,1,-0.003333333181217313
,academy_3_vs_1_with_keeper,42,collect_rollout,2260,0,97,0.05118522574775852,False,False,0.0,0.0,0,0,0,0.0,0.0,0.0,0.0,0.05118522574775852,1,0.05118522574775852
,academy_3_vs_1_with_keeper,42,collect_rollout,2261,0,13,0.017247351352125406,False,False,0.0,0.0,0,0,0,0.0,0.0,0.0,0.0,0.017247351352125406,1,0.017247351352125406
,academy_3_vs_1_with_keeper,42,collect_rollout,2262,0,13,-0.003333333181217313,False,False,0.0,0.0,0,0,0,0.0,0.0,0.0,0.0,-0.003333333181217313,1,-0.003333333181217313
,academy_3_vs_1_with_keeper,42,collect_rollout,2263,0,94,0.06146389513742179,False,False,0.0,0.0,0,0,0,0.0,0.0,0.0,0.0,0.06146389513742179,1,0.06146389513742179
,academy_3_vs_1_with_keeper,42,collect_rollout,2264,0,41,0.03386459138710052,False,False,0.0,0.0,0,0,0,0.0,0.0,0.0,0.0,0.03386459138710052,1,0.03386459138710052
,academy_3_vs_1_with_keeper,42,collect_rollout,2265,0,33,0.11956876807380468,False,False,0.0,0.0,0,0,0,0.0,0.0,0.0,0.0,0.11956876807380468,1,0.11956876807380468
,academy_3_vs_1_with_keeper,42,collect_rollout,2266,0,18,0.0,False,False,0.0,0.0,0,0,0,0.0,0.0,0.0,0.0,0.0,1,0.0
,academy_3_vs_1_with_keeper,42,collect_rollout,2267,0,17,-0.006666666362434626,False,False,0.0,0.0,0,0,0,0.0,0.0,0.0,0.0,-0.006666666362434626,1,-0.006666666362434626
,academy_3_vs_1_with_keeper,42,collect_rollout,2268,0,19,-0.003333333181217313,False,False,0.0,0.0,0,0,0,0.0,0.0,0.0,0.0,-0.003333333181217313,1,-0.003333333181217313
,academy_3_vs_1_with_keeper,42,collect_rollout,2269,0,74,-0.2506367707392201,False,False,0.0,0.0,0,0,0,0.0,0.0,0.0,0.0,-0.2506367707392201,1,-0.2506367707392201
,academy_3_vs_1_with_keeper,42,collect_rollout,2270,0,19,-0.006666666362434626,False,False,0.0,0.0,0,0,0,0.0,0.0,0.0,0.0,-0.006666666362434626,1,-0.006666666362434626
,academy_3_vs_1_with_keeper,42,collect_rollout,2271,0,101,-0.35588214904419146,False,False,0.0,0.0,0,0,0,0.0,0.0,0.0,0.0,-0.35588214904419146,1,-0.35588214904419146
,academy_3_vs_1_with_keeper,42,collect_rollout,2272,0,1801,-0.08088998345192522,False,False,0.0,0.0,0,0,0,0.0,0.0,0.0,0.0,-0.08088998345192522,1,-0.08088998345192522
,academy_3_vs_1_with_keeper,42,collect_rollout,2273,0,115,-0.4916139825145365,False,False,0.0,0.0,0,0,0,0.0,0.0,0.0,0.0,-0.4916139825145365,1,-0.4916139825145365
,academy_3_vs_1_with_keeper,42,collect_rollout,2274,0,17,0.0,False,False,0.0,0.0,0,0,0,0.0,0.0,0.0,0.0,0.0,1,0.0
,academy_3_vs_1_with_keeper,42,collect_rollout,2275,0,23,-0.009999999543651938,False,False,0.0,0.0,0,0,0,0.0,0.0,0.0,0.0,-0.009999999543651938,1,-0.009999999543651938
,academy_3_vs_1_with_keeper,42,collect_rollout,2276,0,16,0.017241666559129953,False,False,0.0,0.0,0,0,0,0.0,0.0,0.0,0.0,0.017241666559129953,1,0.017241666559129953
,academy_3_vs_1_with_keeper,42,collect_rollout,2277,0,24,-0.003333333181217313,False,False,0.0,0.0,0,0,0,0.0,0.0,0.0,0.0,-0.003333333181217313,1,-0.003333333181217313
,academy_3_vs_1_with_keeper,42,collect_rollout,2278,0,21,-0.003333333181217313,False,False,0.0,0.0,0,0,0,0.0,0.0,0.0,0.0,-0.003333333181217313,1,-0.003333333181217313
,academy_3_vs_1_with_keeper,42,collect_rollout,2279,0,19,-0.003333333181217313,False,False,0.0,0.0,0,0,0,0.0,0.0,0.0,0.0,-0.003333333181217313,1,-0.003333333181217313
,academy_3_vs_1_with_keeper,42,collect_rollout,2280,0,16,-0.003333333181217313,False,False,0.0,0.0,0,0,0,0.0,0.0,0.0,0.0,-0.003333333181217313,1,-0.003333333181217313
,academy_3_vs_1_with_keeper,42,collect_rollout,2281,0,18,-0.006666666362434626,False,False,0.0,0.0,0,0,0,0.0,0.0,0.0,0.0,-0.006666666362434626,1,-0.006666666362434626
,academy_3_vs_1_with_keeper,42,collect_rollout,2282,0,16,-0.003333333181217313,False,False,0.0,0.0,0,0,0,0.0,0.0,0.0,0.0,-0.003333333181217313,1,-0.003333333181217313
,academy_3_vs_1_with_keeper,42,collect_rollout,2283,0,33,2.1275903057539836,False,False,0.0,0.0,0,0,0,0.0,0.0,0.0,0.0,2.1275903057539836,1,2.1275903057539836
,academy_3_vs_1_with_keeper,42,collect_rollout,2284,0,86,-0.10204687326040585,False,False,0.0,0.0,0,0,0,0.0,0.0,0.0,0.0,-0.10204687326040585,1,-0.10204687326040585
,academy_3_vs_1_with_keeper,42,collect_rollout,2285,0,19,-0.006666666362434626,False,False,0.0,0.0,0,0,0,0.0,0.0,0.0,0.0,-0.006666666362434626,1,-0.006666666362434626
,academy_3_vs_1_with_keeper,42,collect_rollout,2286,0,16,0.0,False,False,0.0,0.0,0,0,0,0.0,0.0,0.0,0.0,0.0,1,0.0
,academy_3_vs_1_with_keeper,42,collect_rollout,2287,0,93,-0.09133859345456585,False,False,0.0,0.0,0,0,0,0.0,0.0,0.0,0.0,-0.09133859345456585,1,-0.09133859345456585
,academy_3_vs_1_with_keeper,42,collect_rollout,2288,0,18,-0.006666666362434626,False,False,0.0,0.0,0,0,0,0.0,0.0,0.0,0.0,-0.006666666362434626,1,-0.006666666362434626
,academy_3_vs_1_with_keeper,42,collect_rollout,2289,0,17,0.0,False,False,0.0,0.0,0,0,0,0.0,0.0,0.0,0.0,0.0,1,0.0
,academy_3_vs_1_with_keeper,42,collect_rollout,2290,0,19,-0.013333332724869251,False,False,0.0,0.0,0,0,0,0.0,0.0,0.0,0.0,-0.013333332724869251,1,-0.013333332724869251
,academy_3_vs_1_with_keeper,42,collect_rollout,2291,0,41,0.0827361891278997,False,False,0.0,0.0,0,0,0,0.0,0.0,0.0,0.0,0.0827361891278997,1,0.0827361891278997
,academy_3_vs_1_with_keeper,42,collect_rollout,2292,0,12,0.013017780613154173,False,False,0.0,0.0,0,0,0,0.0,0.0,0.0,0.0,0.013017780613154173,1,0.013017780613154173
,academy_3_vs_1_with_keeper,42,collect_rollout,2293,0,16,-0.013333332724869251,False,False,0.0,0.0,0,0,0,0.0,0.0,0.0,0.0,-0.013333332724869251,1,-0.013333332724869251
,academy_3_vs_1_with_keeper,42,collect_rollout,2294,0,16,-0.003333333181217313,False,False,0.0,0.0,0,0,0,0.0,0.0,0.0,0.0,-0.003333333181217313,1,-0.003333333181217313
,academy_3_vs_1_with_keeper,42,collect_rollout,2295,0,14,-0.003333333181217313,False,False,0.0,0.0,0,0,0,0.0,0.0,0.0,0.0,-0.003333333181217313,1,-0.003333333181217313
,academy_3_vs_1_with_keeper,42,collect_rollout,2296,0,15,0.0,False,False,0.0,0.0,0,0,0,0.0,0.0,0.0,0.0,0.0,1,0.0
,academy_3_vs_1_with_keeper,42,collect_rollout,2297,0,80,0.15977952093817294,False,False,0.0,0.0,0,0,0,0.0,0.0,0.0,0.0,0.15977952093817294,1,0.15977952093817294
,academy_3_vs_1_with_keeper,42,collect_rollout,2298,0,21,-0.009999999543651938,False,False,0.0,0.0,0,0,0,0.0,0.0,0.0,0.0,-0.009999999543651938,1,-0.009999999543651938
,academy_3_vs_1_with_keeper,42,collect_rollout,2299,0,21,2.1401680801063776,False,False,0.0,0.0,0,0,0,0.0,0.0,0.0,0.0,2.1401680801063776,1,2.1401680801063776
,academy_3_vs_1_with_keeper,42,collect_rollout,2300,0,18,-0.003333333181217313,False,False,0.0,0.0,0,0,0,0.0,0.0,0.0,0.0,-0.003333333181217313,1,-0.003333333181217313
,academy_3_vs_1_with_keeper,42,collect_rollout,2301,0,18,0.0,False,False,0.0,0.0,0,0,0,0.0,0.0,0.0,0.0,0.0,1,0.0
,academy_3_vs_1_with_keeper,42,collect_rollout,2302,0,73,-0.20548788947053254,False,False,0.0,0.0,0,0,0,0.0,0.0,0.0,0.0,-0.20548788947053254,1,-0.20548788947053254
,academy_3_vs_1_with_keeper,42,collect_rollout,2303,0,17,-0.006666666362434626,False,False,0.0,0.0,0,0,0,0.0,0.0,0.0,0.0,-0.006666666362434626,1,-0.006666666362434626
,academy_3_vs_1_with_keeper,42,collect_rollout,2304,0,20,-0.009999999543651938,False,False,0.0,0.0,0,0,0,0.0,0.0,0.0,0.0,-0.009999999543651938,1,-0.009999999543651938
,academy_3_vs_1_with_keeper,42,collect_rollout,2305,0,20,-0.003333333181217313,False,False,0.0,0.0,0,0,0,0.0,0.0,0.0,0.0,-0.003333333181217313,1,-0.003333333181217313
,academy_3_vs_1_with_keeper,42,collect_rollout,2306,0,20,-0.006666666362434626,False,False,0.0,0.0,0,0,0,0.0,0.0,0.0,0.0,-0.006666666362434626,1,-0.006666666362434626
,academy_3_vs_1_with_keeper,42,collect_rollout,2307,0,37,0.06337712449021637,False,False,0.0,0.0,0,0,0,0.0,0.0,0.0,0.0,0.06337712449021637,1,0.06337712449021637
,academy_3_vs_1_with_keeper,42,collect_rollout,2308,0,13,0.02034310030285269,False,False,0.0,0.0,0,0,0,0.0,0.0,0.0,0.0,0.02034310030285269,1,0.02034310030285269
,academy_3_vs_1_with_keeper,42,collect_rollout,2309,0,14,0.0,False,False,0.0,0.0,0,0,0,0.0,0.0,0.0,0.0,0.0,1,0.0
,academy_3_vs_1_with_keeper,42,collect_rollout,2310,0,21,0.0,False,False,0.0,0.0,0,0,0,0.0,0.0,0.0,0.0,0.0,1,0.0
,academy_3_vs_1_with_keeper,42,collect_rollout,2311,0,15,-0.003333333181217313,False,False,0.0,0.0,0,0,0,0.0,0.0,0.0,0.0,-0.003333333181217313,1,-0.003333333181217313
,academy_3_vs_1_with_keeper,42,collect_rollout,2312,0,17,0.0,False,False,0.0,0.0,0,0,0,0.0,0.0,0.0,0.0,0.0,1,0.0
,academy_3_vs_1_with_keeper,42,collect_rollout,2313,0,94,0.0631585823102796,False,False,0.0,0.0,0,0,0,0.0,0.0,0.0,0.0,0.0631585823102796,1,0.0631585823102796
,academy_3_vs_1_with_keeper,42,collect_rollout,2314,0,37,0.0958218356827274,False,False,0.0,0.0,0,0,0,0.0,0.0,0.0,0.0,0.0958218356827274,1,0.0958218356827274
,academy_3_vs_1_with_keeper,42,collect_rollout,2315,0,22,-0.003333333181217313,False,False,0.0,0.0,0,0,0,0.0,0.0,0.0,0.0,-0.003333333181217313,1,-0.003333333181217313
,academy_3_vs_1_with_keeper,42,collect_rollout,2316,0,17,-0.013333332724869251,False,False,0.0,0.0,0,0,0,0.0,0.0,0.0,0.0,-0.013333332724869251,1,-0.013333332724869251
,academy_3_vs_1_with_keeper,42,collect_rollout,2317,0,22,-0.003333333181217313,False,False,0.0,0.0,0,0,0,0.0,0.0,0.0,0.0,-0.003333333181217313,1,-0.003333333181217313
,academy_3_vs_1_with_keeper,42,collect_rollout,2318,0,50,0.08975023543462157,False,False,0.0,0.0,0,0,0,0.0,0.0,0.0,0.0,0.08975023543462157,1,0.08975023543462157
,academy_3_vs_1_with_keeper,42,collect_rollout,2319,0,18,-0.003333333181217313,False,False,0.0,0.0,0,0,0,0.0,0.0,0.0,0.0,-0.003333333181217313,1,-0.003333333181217313
,academy_3_vs_1_with_keeper,42,collect_rollout,2320,0,23,-0.003333333181217313,False,False,0.0,0.0,0,0,0,0.0,0.0,0.0,0.0,-0.003333333181217313,1,-0.003333333181217313
,academy_3_vs_1_with_keeper,42,collect_rollout,2321,0,18,-0.003333333181217313,False,False,0.0,0.0,0,0,0,0.0,0.0,0.0,0.0,-0.003333333181217313,1,-0.003333333181217313
,academy_3_vs_1_with_keeper,42,collect_rollout,2322,0,10,0.029045864823274314,False,False,0.0,0.0,0,0,0,0.0,0.0,0.0,0.0,0.029045864823274314,1,0.029045864823274314
,academy_3_vs_1_with_keeper,42,collect_rollout,2323,0,19,0.0,False,False,0.0,0.0,0,0,0,0.0,0.0,0.0,0.0,0.0,1,0.0
,academy_3_vs_1_with_keeper,42,collect_rollout,2324,0,15,-0.003333333181217313,False,False,0.0,0.0,0,0,0,0.0,0.0,0.0,0.0,-0.003333333181217313,1,-0.003333333181217313
,academy_3_vs_1_with_keeper,42,collect_rollout,2325,0,16,0.0,False,False,0.0,0.0,0,0,0,0.0,0.0,0.0,0.0,0.0,1,0.0
,academy_3_vs_1_with_keeper,42,collect_rollout,2326,0,18,0.0,False,False,0.0,0.0,0,0,0,0.0,0.0,0.0,0.0,0.0,1,0.0
,academy_3_vs_1_with_keeper,42,collect_rollout,2327,0,22,-0.009999999543651938,False,False,0.0,0.0,0,0,0,0.0,0.0,0.0,0.0,-0.009999999543651938,1,-0.009999999543651938
,academy_3_vs_1_with_keeper,42,collect_rollout,2328,0,32,0.0922217135084793,False,False,0.0,0.0,0,0,0,0.0,0.0,0.0,0.0,0.0922217135084793,1,0.0922217135084793
,academy_3_vs_1_with_keeper,42,collect_rollout,2329,0,17,0.0,False,False,0.0,0.0,0,0,0,0.0,0.0,0.0,0.0,0.0,1,0.0
,academy_3_vs_1_with_keeper,42,collect_rollout,2330,0,18,0.0,False,False,0.0,0.0,0,0,0,0.0,0.0,0.0,0.0,0.0,1,0.0
,academy_3_vs_1_with_keeper,42,collect_rollout,2331,0,62,-0.1639886342545651,False,False,0.0,0.0,0,0,0,0.0,0.0,0.0,0.0,-0.1639886342545651,1,-0.1639886342545651
,academy_3_vs_1_with_keeper,42,collect_rollout,2332,0,22,-0.003333333181217313,False,False,0.0,0.0,0,0,0,0.0,0.0,0.0,0.0,-0.003333333181217313,1,-0.003333333181217313
,academy_3_vs_1_with_keeper,42,collect_rollout,2333,0,15,0.0,False,False,0.0,0.0,0,0,0,0.0,0.0,0.0,0.0,0.0,1,0.0
,academy_3_vs_1_with_keeper,42,collect_rollout,2334,0,14,0.019748109858483076,False,False,0.0,0.0,0,0,0,0.0,0.0,0.0,0.0,0.019748109858483076,1,0.019748109858483076
,academy_3_vs_1_with_keeper,42,collect_rollout,2335,0,17,-0.0054667501244693995,False,False,0.0,0.0,0,0,0,0.0,0.0,0.0,0.0,-0.0054667501244693995,1,-0.0054667501244693995
,academy_3_vs_1_with_keeper,42,collect_rollout,2336,0,19,0.0,False,False,0.0,0.0,0,0,0,0.0,0.0,0.0,0.0,0.0,1,0.0
,academy_3_vs_1_with_keeper,42,collect_rollout,2337,0,27,0.11827041732612997,False,False,0.0,0.0,0,0,0,0.0,0.0,0.0,0.0,0.11827041732612997,1,0.11827041732612997
,academy_3_vs_1_with_keeper,42,collect_rollout,2338,0,20,-0.003333333181217313,False,False,0.0,0.0,0,0,0,0.0,0.0,0.0,0.0,-0.003333333181217313,1,-0.003333333181217313
,academy_3_vs_1_with_keeper,42,collect_rollout,2339,0,43,2.0678482556249946,False,False,0.0,0.0,0,0,0,0.0,0.0,0.0,0.0,2.0678482556249946,1,2.0678482556249946
,academy_3_vs_1_with_keeper,42,collect_rollout,2340,0,18,0.0,False,False,0.0,0.0,0,0,0,0.0,0.0,0.0,0.0,0.0,1,0.0
,academy_3_vs_1_with_keeper,42,collect_rollout,2341,0,18,0.0,False,False,0.0,0.0,0,0,0,0.0,0.0,0.0,0.0,0.0,1,0.0
,academy_3_vs_1_with_keeper,42,collect_rollout,2342,0,8,0.03749024367425591,False,False,0.0,0.0,0,0,0,0.0,0.0,0.0,0.0,0.03749024367425591,1,0.03749024367425591
,academy_3_vs_1_with_keeper,42,collect_rollout,2343,0,22,-0.006666666362434626,False,False,0.0,0.0,0,0,0,0.0,0.0,0.0,0.0,-0.006666666362434626,1,-0.006666666362434626
,academy_3_vs_1_with_keeper,42,collect_rollout,2344,0,38,2.1369500723667443,False,False,0.0,0.0,0,0,0,0.0,0.0,0.0,0.0,2.1369500723667443,1,2.1369500723667443
,academy_3_vs_1_with_keeper,42,collect_rollout,2345,0,14,0.01586358668282628,False,False,0.0,0.0,0,0,0,0.0,0.0,0.0,0.0,0.01586358668282628,1,0.01586358668282628
,academy_3_vs_1_with_keeper,42,collect_rollout,2346,0,20,0.0,False,False,0.0,0.0,0,0,0,0.0,0.0,0.0,0.0,0.0,1,0.0
,academy_3_vs_1_with_keeper,42,collect_rollout,2347,0,26,0.133790701511316,False,False,0.0,0.0,0,0,0,0.0,0.0,0.0,0.0,0.133790701511316,1,0.133790701511316
,academy_3_vs_1_with_keeper,42,collect_rollout,2348,0,36,2.1082079688785598,False,False,0.0,0.0,0,0,0,0.0,0.0,0.0,0.0,2.1082079688785598,1,2.1082079688785598
,academy_3_vs_1_with_keeper,42,collect_rollout,2349,0,21,0.0,False,False,0.0,0.0,0,0,0,0.0,0.0,0.0,0.0,0.0,1,0.0
,academy_3_vs_1_with_keeper,42,collect_rollout,2350,0,17,-0.006666666362434626,False,False,0.0,0.0,0,0,0,0.0,0.0,0.0,0.0,-0.006666666362434626,1,-0.006666666362434626
,academy_3_vs_1_with_keeper,42,collect_rollout,2351,0,14,0.0074178052600473166,False,False,0.0,0.0,0,0,0,0.0,0.0,0.0,0.0,0.0074178052600473166,1,0.0074178052600473166
,academy_3_vs_1_with_keeper,42,collect_rollout,2352,0,15,0.0,False,False,0.0,0.0,0,0,0,0.0,0.0,0.0,0.0,0.0,1,0.0
,academy_3_vs_1_with_keeper,42,collect_rollout,2353,0,21,-0.006666666362434626,False,False,0.0,0.0,0,0,0,0.0,0.0,0.0,0.0,-0.006666666362434626,1,-0.006666666362434626
,academy_3_vs_1_with_keeper,42,collect_rollout,2354,0,16,0.0,False,False,0.0,0.0,0,0,0,0.0,0.0,0.0,0.0,0.0,1,0.0
,academy_3_vs_1_with_keeper,42,collect_rollout,2355,0,7,0.030695739667862654,False,False,0.0,0.0,0,0,0,0.0,0.0,0.0,0.0,0.030695739667862654,1,0.030695739667862654
,academy_3_vs_1_with_keeper,42,collect_rollout,2356,0,29,2.125182231568033,False,False,0.0,0.0,0,0,0,0.0,0.0,0.0,0.0,2.125182231568033,1,2.125182231568033
,academy_3_vs_1_with_keeper,42,collect_rollout,2357,0,18,0.0,False,False,0.0,0.0,0,0,0,0.0,0.0,0.0,0.0,0.0,1,0.0
,academy_3_vs_1_with_keeper,42,collect_rollout,2358,0,17,0.0,False,False,0.0,0.0,0,0,0,0.0,0.0,0.0,0.0,0.0,1,0.0
,academy_3_vs_1_with_keeper,42,collect_rollout,2359,0,15,-0.003333333181217313,False,False,0.0,0.0,0,0,0,0.0,0.0,0.0,0.0,-0.003333333181217313,1,-0.003333333181217313
,academy_3_vs_1_with_keeper,42,collect_rollout,2360,0,87,0.07206992447027005,False,False,0.0,0.0,0,0,0,0.0,0.0,0.0,0.0,0.07206992447027005,1,0.07206992447027005
,academy_3_vs_1_with_keeper,42,collect_rollout,2361,0,23,-0.019999999087303877,False,False,0.0,0.0,0,0,0,0.0,0.0,0.0,0.0,-0.019999999087303877,1,-0.019999999087303877
,academy_3_vs_1_with_keeper,42,collect_rollout,2362,0,13,0.02696396387182176,False,False,0.0,0.0,0,0,0,0.0,0.0,0.0,0.0,0.02696396387182176,1,0.02696396387182176
,academy_3_vs_1_with_keeper,42,collect_rollout,2363,0,54,0.10721325175836682,False,False,0.0,0.0,0,0,0,0.0,0.0,0.0,0.0,0.10721325175836682,1,0.10721325175836682
,academy_3_vs_1_with_keeper,42,collect_rollout,2364,0,17,-0.003333333181217313,False,False,0.0,0.0,0,0,0,0.0,0.0,0.0,0.0,-0.003333333181217313,1,-0.003333333181217313
,academy_3_vs_1_with_keeper,42,collect_rollout,2365,0,1801,-0.227433183346875,False,False,0.0,0.0,0,0,0,0.0,0.0,0.0,0.0,-0.227433183346875,1,-0.227433183346875
,academy_3_vs_1_with_keeper,42,collect_rollout,2366,0,15,-0.003333333181217313,False,False,0.0,0.0,0,0,0,0.0,0.0,0.0,0.0,-0.003333333181217313,1,-0.003333333181217313
,academy_3_vs_1_with_keeper,42,collect_rollout,2367,0,90,-0.3415673706185771,False,False,0.0,0.0,0,0,0,0.0,0.0,0.0,0.0,-0.3415673706185771,1,-0.3415673706185771
,academy_3_vs_1_with_keeper,42,collect_rollout,2368,0,37,0.05286866729147732,False,False,0.0,0.0,0,0,0,0.0,0.0,0.0,0.0,0.05286866729147732,1,0.05286866729147732
,academy_3_vs_1_with_keeper,42,collect_rollout,2369,0,40,0.07256642245920375,False,False,0.0,0.0,0,0,0,0.0,0.0,0.0,0.0,0.07256642245920375,1,0.07256642245920375
,academy_3_vs_1_with_keeper,42,collect_rollout,2370,0,10,0.03829722775844857,False,False,0.0,0.0,0,0,0,0.0,0.0,0.0,0.0,0.03829722775844857,1,0.03829722775844857
,academy_3_vs_1_with_keeper,42,collect_rollout,2371,0,14,0.0,False,False,0.0,0.0,0,0,0,0.0,0.0,0.0,0.0,0.0,1,0.0
,academy_3_vs_1_with_keeper,42,collect_rollout,2372,0,19,0.0,False,False,0.0,0.0,0,0,0,0.0,0.0,0.0,0.0,0.0,1,0.0
,academy_3_vs_1_with_keeper,42,collect_rollout,2373,0,45,0.10798313224222511,False,False,0.0,0.0,0,0,0,0.0,0.0,0.0,0.0,0.10798313224222511,1,0.10798313224222511
,academy_3_vs_1_with_keeper,42,collect_rollout,2374,0,18,0.0,False,False,0.0,0.0,0,0,0,0.0,0.0,0.0,0.0,0.0,1,0.0
,academy_3_vs_1_with_keeper,42,collect_rollout,2375,0,24,0.0,False,False,0.0,0.0,0,0,0,0.0,0.0,0.0,0.0,0.0,1,0.0
,academy_3_vs_1_with_keeper,42,collect_rollout,2376,0,34,0.08205477453884669,False,False,0.0,0.0,0,0,0,0.0,0.0,0.0,0.0,0.08205477453884669,1,0.08205477453884669
,academy_3_vs_1_with_keeper,42,collect_rollout,2377,0,13,0.015237138723023236,False,False,0.0,0.0,0,0,0,0.0,0.0,0.0,0.0,0.015237138723023236,1,0.015237138723023236
,academy_3_vs_1_with_keeper,42,collect_rollout,2378,0,16,-0.003333333181217313,False,False,0.0,0.0,0,0,0,0.0,0.0,0.0,0.0,-0.003333333181217313,1,-0.003333333181217313
,academy_3_vs_1_with_keeper,42,collect_rollout,2379,0,20,0.0,False,False,0.0,0.0,0,0,0,0.0,0.0,0.0,0.0,0.0,1,0.0
,academy_3_vs_1_with_keeper,42,collect_rollout,2380,0,21,-0.04333333158865571,False,False,0.0,0.0,0,0,0,0.0,0.0,0.0,0.0,-0.04333333158865571,1,-0.04333333158865571
,academy_3_vs_1_with_keeper,42,collect_rollout,2381,0,14,0.03210141137242317,False,False,0.0,0.0,0,0,0,0.0,0.0,0.0,0.0,0.03210141137242317,1,0.03210141137242317
,academy_3_vs_1_with_keeper,42,collect_rollout,2382,0,113,0.01798863959265873,False,False,0.0,0.0,0,0,0,0.0,0.0,0.0,0.0,0.01798863959265873,1,0.01798863959265873
,academy_3_vs_1_with_keeper,42,collect_rollout,2383,0,22,0.0,False,False,0.0,0.0,0,0,0,0.0,0.0,0.0,0.0,0.0,1,0.0
,academy_3_vs_1_with_keeper,42,collect_rollout,2384,0,39,2.1294782797340304,False,False,0.0,0.0,0,0,0,0.0,0.0,0.0,0.0,2.1294782797340304,1,2.1294782797340304
,academy_3_vs_1_with_keeper,42,collect_rollout,2385,0,19,-0.009999999543651938,False,False,0.0,0.0,0,0,0,0.0,0.0,0.0,0.0,-0.009999999543651938,1,-0.009999999543651938
,academy_3_vs_1_with_keeper,42,collect_rollout,2386,0,16,0.0,False,False,0.0,0.0,0,0,0,0.0,0.0,0.0,0.0,0.0,1,0.0
,academy_3_vs_1_with_keeper,42,collect_rollout,2387,0,22,0.0,False,False,0.0,0.0,0,0,0,0.0,0.0,0.0,0.0,0.0,1,0.0
,academy_3_vs_1_with_keeper,42,collect_rollout,2388,0,41,0.07371900719590485,False,False,0.0,0.0,0,0,0,0.0,0.0,0.0,0.0,0.07371900719590485,1,0.07371900719590485
,academy_3_vs_1_with_keeper,42,collect_rollout,2389,0,150,-0.04666666453704238,False,False,0.0,0.0,0,0,0,0.0,0.0,0.0,0.0,-0.04666666453704238,1,-0.04666666453704238
,academy_3_vs_1_with_keeper,42,collect_rollout,2390,0,17,0.0,False,False,0.0,0.0,0,0,0,0.0,0.0,0.0,0.0,0.0,1,0.0
,academy_3_vs_1_with_keeper,42,collect_rollout,2391,0,16,0.0,False,False,0.0,0.0,0,0,0,0.0,0.0,0.0,0.0,0.0,1,0.0
,academy_3_vs_1_with_keeper,42,collect_rollout,2392,0,18,0.0,False,False,0.0,0.0,0,0,0,0.0,0.0,0.0,0.0,0.0,1,0.0
,academy_3_vs_1_with_keeper,42,collect_rollout,2393,0,20,-0.006666666362434626,False,False,0.0,0.0,0,0,0,0.0,0.0,0.0,0.0,-0.006666666362434626,1,-0.006666666362434626
,academy_3_vs_1_with_keeper,42,collect_rollout,2394,0,15,-0.003333333181217313,False,False,0.0,0.0,0,0,0,0.0,0.0,0.0,0.0,-0.003333333181217313,1,-0.003333333181217313
,academy_3_vs_1_with_keeper,42,collect_rollout,2395,0,17,-0.006666666362434626,False,False,0.0,0.0,0,0,0,0.0,0.0,0.0,0.0,-0.006666666362434626,1,-0.006666666362434626
,academy_3_vs_1_with_keeper,42,collect_rollout,2396,0,19,-0.003333333181217313,False,False,0.0,0.0,0,0,0,0.0,0.0,0.0,0.0,-0.003333333181217313,1,-0.003333333181217313
,academy_3_vs_1_with_keeper,42,collect_rollout,2397,0,16,0.0,False,False,0.0,0.0,0,0,0,0.0,0.0,0.0,0.0,0.0,1,0.0
,academy_3_vs_1_with_keeper,42,collect_rollout,2398,0,1801,0.038977416697889566,False,False,0.0,0.0,0,0,0,0.0,0.0,0.0,0.0,0.038977416697889566,1,0.038977416697889566
,academy_3_vs_1_with_keeper,42,collect_rollout,2399,0,19,0.0,False,False,0.0,0.0,0,0,0,0.0,0.0,0.0,0.0,0.0,1,0.0
,academy_3_vs_1_with_keeper,42,collect_rollout,2400,0,17,0.0,False,False,0.0,0.0,0,0,0,0.0,0.0,0.0,0.0,0.0,1,0.0
,academy_3_vs_1_with_keeper,42,collect_rollout,2401,0,19,-0.003333333181217313,False,False,0.0,0.0,0,0,0,0.0,0.0,0.0,0.0,-0.003333333181217313,1,-0.003333333181217313
,academy_3_vs_1_with_keeper,42,collect_rollout,2402,0,49,-0.03462362103164196,False,False,0.0,0.0,0,0,0,0.0,0.0,0.0,0.0,-0.03462362103164196,1,-0.03462362103164196
,academy_3_vs_1_with_keeper,42,collect_rollout,2403,0,36,2.1007490480551496,False,False,0.0,0.0,0,0,0,0.0,0.0,0.0,0.0,2.1007490480551496,1,2.1007490480551496
,academy_3_vs_1_with_keeper,42,collect_rollout,2404,0,12,0.030017479206435382,False,False,0.0,0.0,0,0,0,0.0,0.0,0.0,0.0,0.030017479206435382,1,0.030017479206435382
,academy_3_vs_1_with_keeper,42,collect_rollout,2405,0,105,-0.5352190296398476,False,False,0.0,0.0,0,0,0,0.0,0.0,0.0,0.0,-0.5352190296398476,1,-0.5352190296398476
,academy_3_vs_1_with_keeper,42,collect_rollout,2406,0,20,-0.006666666362434626,False,False,0.0,0.0,0,0,0,0.0,0.0,0.0,0.0,-0.006666666362434626,1,-0.006666666362434626
,academy_3_vs_1_with_keeper,42,collect_rollout,2407,0,16,-0.006666666362434626,False,False,0.0,0.0,0,0,0,0.0,0.0,0.0,0.0,-0.006666666362434626,1,-0.006666666362434626
,academy_3_vs_1_with_keeper,42,collect_rollout,2408,0,10,0.046969986287876964,False,False,0.0,0.0,0,0,0,0.0,0.0,0.0,0.0,0.046969986287876964,1,0.046969986287876964
,academy_3_vs_1_with_keeper,42,collect_rollout,2409,0,18,-0.003333333181217313,False,False,0.0,0.0,0,0,0,0.0,0.0,0.0,0.0,-0.003333333181217313,1,-0.003333333181217313
,academy_3_vs_1_with_keeper,42,collect_rollout,2410,0,15,0.0,False,False,0.0,0.0,0,0,0,0.0,0.0,0.0,0.0,0.0,1,0.0
,academy_3_vs_1_with_keeper,42,collect_rollout,2411,0,27,2.149277674499899,False,False,0.0,0.0,0,0,0,0.0,0.0,0.0,0.0,2.149277674499899,1,2.149277674499899
,academy_3_vs_1_with_keeper,42,collect_rollout,2412,0,29,0.113005934166722,False,False,0.0,0.0,0,0,0,0.0,0.0,0.0,0.0,0.113005934166722,1,0.113005934166722
,academy_3_vs_1_with_keeper,42,collect_rollout,2413,0,107,-0.5184688365552574,False,False,0.0,0.0,0,0,0,0.0,0.0,0.0,0.0,-0.5184688365552574,1,-0.5184688365552574
,academy_3_vs_1_with_keeper,42,collect_rollout,2414,0,19,0.0,False,False,0.0,0.0,0,0,0,0.0,0.0,0.0,0.0,0.0,1,0.0
,academy_3_vs_1_with_keeper,42,collect_rollout,2415,0,19,-0.006666666362434626,False,False,0.0,0.0,0,0,0,0.0,0.0,0.0,0.0,-0.006666666362434626,1,-0.006666666362434626
,academy_3_vs_1_with_keeper,42,collect_rollout,2416,0,19,-0.003333333181217313,False,False,0.0,0.0,0,0,0,0.0,0.0,0.0,0.0,-0.003333333181217313,1,-0.003333333181217313
,academy_3_vs_1_with_keeper,42,collect_rollout,2417,0,18,0.0,False,False,0.0,0.0,0,0,0,0.0,0.0,0.0,0.0,0.0,1,0.0
,academy_3_vs_1_with_keeper,42,collect_rollout,2418,0,19,0.0,False,False,0.0,0.0,0,0,0,0.0,0.0,0.0,0.0,0.0,1,0.0
,academy_3_vs_1_with_keeper,42,collect_rollout,2419,0,23,-0.006666666362434626,False,False,0.0,0.0,0,0,0,0.0,0.0,0.0,0.0,-0.006666666362434626,1,-0.006666666362434626
,academy_3_vs_1_with_keeper,42,collect_rollout,2420,0,21,-0.006666666362434626,False,False,0.0,0.0,0,0,0,0.0,0.0,0.0,0.0,-0.006666666362434626,1,-0.006666666362434626
,academy_3_vs_1_with_keeper,42,collect_rollout,2421,0,61,0.31156023673247546,False,False,0.0,0.0,0,0,0,0.0,0.0,0.0,0.0,0.31156023673247546,1,0.31156023673247546
,academy_3_vs_1_with_keeper,42,collect_rollout,2422,0,24,-0.003333333181217313,False,False,0.0,0.0,0,0,0,0.0,0.0,0.0,0.0,-0.003333333181217313,1,-0.003333333181217313
,academy_3_vs_1_with_keeper,42,collect_rollout,2423,0,23,-0.009999999543651938,False,False,0.0,0.0,0,0,0,0.0,0.0,0.0,0.0,-0.009999999543651938,1,-0.009999999543651938
,academy_3_vs_1_with_keeper,42,collect_rollout,2424,0,18,-0.003333333181217313,False,False,0.0,0.0,0,0,0,0.0,0.0,0.0,0.0,-0.003333333181217313,1,-0.003333333181217313
,academy_3_vs_1_with_keeper,42,collect_rollout,2425,0,42,0.08089539094362408,False,False,0.0,0.0,0,0,0,0.0,0.0,0.0,0.0,0.08089539094362408,1,0.08089539094362408
,academy_3_vs_1_with_keeper,42,collect_rollout,2426,0,23,-0.009999999543651938,False,False,0.0,0.0,0,0,0,0.0,0.0,0.0,0.0,-0.009999999543651938,1,-0.009999999543651938
,academy_3_vs_1_with_keeper,42,collect_rollout,2427,0,14,0.0,False,False,0.0,0.0,0,0,0,0.0,0.0,0.0,0.0,0.0,1,0.0
,academy_3_vs_1_with_keeper,42,collect_rollout,2428,0,19,-0.003333333181217313,False,False,0.0,0.0,0,0,0,0.0,0.0,0.0,0.0,-0.003333333181217313,1,-0.003333333181217313
,academy_3_vs_1_with_keeper,42,collect_rollout,2429,0,18,0.0,False,False,0.0,0.0,0,0,0,0.0,0.0,0.0,0.0,0.0,1,0.0
,academy_3_vs_1_with_keeper,42,collect_rollout,2430,0,16,0.0,False,False,0.0,0.0,0,0,0,0.0,0.0,0.0,0.0,0.0,1,0.0
,academy_3_vs_1_with_keeper,42,collect_rollout,2431,0,18,-0.003333333181217313,False,False,0.0,0.0,0,0,0,0.0,0.0,0.0,0.0,-0.003333333181217313,1,-0.003333333181217313
,academy_3_vs_1_with_keeper,42,collect_rollout,2432,0,18,-0.006666666362434626,False,False,0.0,0.0,0,0,0,0.0,0.0,0.0,0.0,-0.006666666362434626,1,-0.006666666362434626
,academy_3_vs_1_with_keeper,42,collect_rollout,2433,0,12,0.011416091932915151,False,False,0.0,0.0,0,0,0,0.0,0.0,0.0,0.0,0.011416091932915151,1,0.011416091932915151
,academy_3_vs_1_with_keeper,42,collect_rollout,2434,0,107,-0.2626961225942068,False,False,0.0,0.0,0,0,0,0.0,0.0,0.0,0.0,-0.2626961225942068,1,-0.2626961225942068
,academy_3_vs_1_with_keeper,42,collect_rollout,2435,0,129,-0.2149097651708871,False,False,0.0,0.0,0,0,0,0.0,0.0,0.0,0.0,-0.2149097651708871,1,-0.2149097651708871
,academy_3_vs_1_with_keeper,42,collect_rollout,2436,0,114,-0.24743953347206116,False,False,0.0,0.0,0,0,0,0.0,0.0,0.0,0.0,-0.24743953347206116,1,-0.24743953347206116
,academy_3_vs_1_with_keeper,42,collect_rollout,2437,0,89,0.12785127208917402,False,False,0.0,0.0,0,0,0,0.0,0.0,0.0,0.0,0.12785127208917402,1,0.12785127208917402
,academy_3_vs_1_with_keeper,42,collect_rollout,2438,0,20,0.0,False,False,0.0,0.0,0,0,0,0.0,0.0,0.0,0.0,0.0,1,0.0
,academy_3_vs_1_with_keeper,42,collect_rollout,2439,0,19,-0.003333333181217313,False,False,0.0,0.0,0,0,0,0.0,0.0,0.0,0.0,-0.003333333181217313,1,-0.003333333181217313
,academy_3_vs_1_with_keeper,42,collect_rollout,2440,0,93,-0.11503578015253879,False,False,0.0,0.0,0,0,0,0.0,0.0,0.0,0.0,-0.11503578015253879,1,-0.11503578015253879
,academy_3_vs_1_with_keeper,42,collect_rollout,2441,0,16,0.0,False,False,0.0,0.0,0,0,0,0.0,0.0,0.0,0.0,0.0,1,0.0
,academy_3_vs_1_with_keeper,42,collect_rollout,2442,0,14,0.02356260863598436,False,False,0.0,0.0,0,0,0,0.0,0.0,0.0,0.0,0.02356260863598436,1,0.02356260863598436
,academy_3_vs_1_with_keeper,42,collect_rollout,2443,0,16,0.0,False,False,0.0,0.0,0,0,0,0.0,0.0,0.0,0.0,0.0,1,0.0
,academy_3_vs_1_with_keeper,42,collect_rollout,2444,0,32,0.0904362709261477,False,False,0.0,0.0,0,0,0,0.0,0.0,0.0,0.0,0.0904362709261477,1,0.0904362709261477
,academy_3_vs_1_with_keeper,42,collect_rollout,2445,0,16,0.025259672896936536,False,False,0.0,0.0,0,0,0,0.0,0.0,0.0,0.0,0.025259672896936536,1,0.025259672896936536
,academy_3_vs_1_with_keeper,42,collect_rollout,2446,0,51,0.1375517581764143,False,False,0.0,0.0,0,0,0,0.0,0.0,0.0,0.0,0.1375517581764143,1,0.1375517581764143
,academy_3_vs_1_with_keeper,42,collect_rollout,2447,0,18,-0.003333333181217313,False,False,0.0,0.0,0,0,0,0.0,0.0,0.0,0.0,-0.003333333181217313,1,-0.003333333181217313
,academy_3_vs_1_with_keeper,42,collect_rollout,2448,0,15,0.023350203409790993,False,False,0.0,0.0,0,0,0,0.0,0.0,0.0,0.0,0.023350203409790993,1,0.023350203409790993
,academy_3_vs_1_with_keeper,42,collect_rollout,2449,0,62,-0.015215265448205173,False,False,0.0,0.0,0,0,0,0.0,0.0,0.0,0.0,-0.015215265448205173,1,-0.015215265448205173
,academy_3_vs_1_with_keeper,42,collect_rollout,2450,0,91,0.11597841518232599,False,False,0.0,0.0,0,0,0,0.0,0.0,0.0,0.0,0.11597841518232599,1,0.11597841518232599
,academy_3_vs_1_with_keeper,42,collect_rollout,2451,0,51,0.0450584152713418,False,False,0.0,0.0,0,0,0,0.0,0.0,0.0,0.0,0.0450584152713418,1,0.0450584152713418
,academy_3_vs_1_with_keeper,42,collect_rollout,2452,0,15,0.0,False,False,0.0,0.0,0,0,0,0.0,0.0,0.0,0.0,0.0,1,0.0
,academy_3_vs_1_with_keeper,42,collect_rollout,2453,0,17,0.0,False,False,0.0,0.0,0,0,0,0.0,0.0,0.0,0.0,0.0,1,0.0
,academy_3_vs_1_with_keeper,42,collect_rollout,2454,0,16,-0.003333333181217313,False,False,0.0,0.0,0,0,0,0.0,0.0,0.0,0.0,-0.003333333181217313,1,-0.003333333181217313
,academy_3_vs_1_with_keeper,42,collect_rollout,2455,0,35,0.07307405064057093,False,False,0.0,0.0,0,0,0,0.0,0.0,0.0,0.0,0.07307405064057093,1,0.07307405064057093
,academy_3_vs_1_with_keeper,42,collect_rollout,2456,0,19,-0.003333333181217313,False,False,0.0,0.0,0,0,0,0.0,0.0,0.0,0.0,-0.003333333181217313,1,-0.003333333181217313
,academy_3_vs_1_with_keeper,42,collect_rollout,2457,0,15,0.018735921941697598,False,False,0.0,0.0,0,0,0,0.0,0.0,0.0,0.0,0.018735921941697598,1,0.018735921941697598
,academy_3_vs_1_with_keeper,42,collect_rollout,2458,0,14,-0.006666666362434626,False,False,0.0,0.0,0,0,0,0.0,0.0,0.0,0.0,-0.006666666362434626,1,-0.006666666362434626
,academy_3_vs_1_with_keeper,42,collect_rollout,2459,0,42,2.073098650202155,False,False,0.0,0.0,0,0,0,0.0,0.0,0.0,0.0,2.073098650202155,1,2.073098650202155
,academy_3_vs_1_with_keeper,42,collect_rollout,2460,0,43,0.10297911881934851,False,False,0.0,0.0,0,0,0,0.0,0.0,0.0,0.0,0.10297911881934851,1,0.10297911881934851
,academy_3_vs_1_with_keeper,42,collect_rollout,2461,0,17,-0.003333333181217313,False,False,0.0,0.0,0,0,0,0.0,0.0,0.0,0.0,-0.003333333181217313,1,-0.003333333181217313
,academy_3_vs_1_with_keeper,42,collect_rollout,2462,0,1801,-0.4058007523417473,False,False,0.0,0.0,0,0,0,0.0,0.0,0.0,0.0,-0.4058007523417473,1,-0.4058007523417473
,academy_3_vs_1_with_keeper,42,collect_rollout,2463,0,42,2.1186602913658135,False,False,0.0,0.0,0,0,0,0.0,0.0,0.0,0.0,2.1186602913658135,1,2.1186602913658135
,academy_3_vs_1_with_keeper,42,collect_rollout,2464,0,57,-0.05324017694510985,False,False,0.0,0.0,0,0,0,0.0,0.0,0.0,0.0,-0.05324017694510985,1,-0.05324017694510985
,academy_3_vs_1_with_keeper,42,collect_rollout,2465,0,18,-0.009999999543651938,False,False,0.0,0.0,0,0,0,0.0,0.0,0.0,0.0,-0.009999999543651938,1,-0.009999999543651938
,academy_3_vs_1_with_keeper,42,collect_rollout,2466,0,19,-0.003333333181217313,False,False,0.0,0.0,0,0,0,0.0,0.0,0.0,0.0,-0.003333333181217313,1,-0.003333333181217313
,academy_3_vs_1_with_keeper,42,collect_rollout,2467,0,19,-0.003333333181217313,False,False,0.0,0.0,0,0,0,0.0,0.0,0.0,0.0,-0.003333333181217313,1,-0.003333333181217313
,academy_3_vs_1_with_keeper,42,collect_rollout,2468,0,16,-0.003333333181217313,False,False,0.0,0.0,0,0,0,0.0,0.0,0.0,0.0,-0.003333333181217313,1,-0.003333333181217313
,academy_3_vs_1_with_keeper,42,collect_rollout,2469,0,16,-0.003333333181217313,False,False,0.0,0.0,0,0,0,0.0,0.0,0.0,0.0,-0.003333333181217313,1,-0.003333333181217313
,academy_3_vs_1_with_keeper,42,collect_rollout,2470,0,19,-0.003333333181217313,False,False,0.0,0.0,0,0,0,0.0,0.0,0.0,0.0,-0.003333333181217313,1,-0.003333333181217313
,academy_3_vs_1_with_keeper,42,collect_rollout,2471,0,32,0.06840007682330906,False,False,0.0,0.0,0,0,0,0.0,0.0,0.0,0.0,0.06840007682330906,1,0.06840007682330906
,academy_3_vs_1_with_keeper,42,collect_rollout,2472,0,150,-0.019999999087303877,False,False,0.0,0.0,0,0,0,0.0,0.0,0.0,0.0,-0.019999999087303877,1,-0.019999999087303877
,academy_3_vs_1_with_keeper,42,collect_rollout,2473,0,32,0.10486893972847611,False,False,0.0,0.0,0,0,0,0.0,0.0,0.0,0.0,0.10486893972847611,1,0.10486893972847611
,academy_3_vs_1_with_keeper,42,collect_rollout,2474,0,8,0.03844310692511499,False,False,0.0,0.0,0,0,0,0.0,0.0,0.0,0.0,0.03844310692511499,1,0.03844310692511499
,academy_3_vs_1_with_keeper,42,collect_rollout,2475,0,12,0.03146806778386235,False,False,0.0,0.0,0,0,0,0.0,0.0,0.0,0.0,0.03146806778386235,1,0.03146806778386235
,academy_3_vs_1_with_keeper,42,collect_rollout,2476,0,15,0.010581587441265583,False,False,0.0,0.0,0,0,0,0.0,0.0,0.0,0.0,0.010581587441265583,1,0.010581587441265583
,academy_3_vs_1_with_keeper,42,collect_rollout,2477,0,17,0.0,False,False,0.0,0.0,0,0,0,0.0,0.0,0.0,0.0,0.0,1,0.0
,academy_3_vs_1_with_keeper,42,collect_rollout,2478,0,15,-0.003333333181217313,False,False,0.0,0.0,0,0,0,0.0,0.0,0.0,0.0,-0.003333333181217313,1,-0.003333333181217313
,academy_3_vs_1_with_keeper,42,collect_rollout,2479,0,34,0.11026068637147546,False,False,0.0,0.0,0,0,0,0.0,0.0,0.0,0.0,0.11026068637147546,1,0.11026068637147546
,academy_3_vs_1_with_keeper,42,collect_rollout,2480,0,20,-0.006666666362434626,False,False,0.0,0.0,0,0,0,0.0,0.0,0.0,0.0,-0.006666666362434626,1,-0.006666666362434626
,academy_3_vs_1_with_keeper,42,collect_rollout,2481,0,10,0.02110182831529528,False,False,0.0,0.0,0,0,0,0.0,0.0,0.0,0.0,0.02110182831529528,1,0.02110182831529528
,academy_3_vs_1_with_keeper,42,collect_rollout,2482,0,34,0.1139888183097355,False,False,0.0,0.0,0,0,0,0.0,0.0,0.0,0.0,0.1139888183097355,1,0.1139888183097355
,academy_3_vs_1_with_keeper,42,collect_rollout,2483,0,19,0.0,False,False,0.0,0.0,0,0,0,0.0,0.0,0.0,0.0,0.0,1,0.0
,academy_3_vs_1_with_keeper,42,collect_rollout,2484,0,16,0.0,False,False,0.0,0.0,0,0,0,0.0,0.0,0.0,0.0,0.0,1,0.0
,academy_3_vs_1_with_keeper,42,collect_rollout,2485,0,22,-0.003333333181217313,False,False,0.0,0.0,0,0,0,0.0,0.0,0.0,0.0,-0.003333333181217313,1,-0.003333333181217313
,academy_3_vs_1_with_keeper,42,collect_rollout,2486,0,17,-0.003333333181217313,False,False,0.0,0.0,0,0,0,0.0,0.0,0.0,0.0,-0.003333333181217313,1,-0.003333333181217313
,academy_3_vs_1_with_keeper,42,collect_rollout,2487,0,113,-0.030977833142969757,False,False,0.0,0.0,0,0,0,0.0,0.0,0.0,0.0,-0.030977833142969757,1,-0.030977833142969757
,academy_3_vs_1_with_keeper,42,collect_rollout,2488,0,18,-0.016666665906086564,False,False,0.0,0.0,0,0,0,0.0,0.0,0.0,0.0,-0.016666665906086564,1,-0.016666665906086564
,academy_3_vs_1_with_keeper,42,collect_rollout,2489,0,108,-0.06040830514393747,False,False,0.0,0.0,0,0,0,0.0,0.0,0.0,0.0,-0.06040830514393747,1,-0.06040830514393747
,academy_3_vs_1_with_keeper,42,collect_rollout,2490,0,19,-0.003333333181217313,False,False,0.0,0.0,0,0,0,0.0,0.0,0.0,0.0,-0.003333333181217313,1,-0.003333333181217313
,academy_3_vs_1_with_keeper,42,collect_rollout,2491,0,30,2.11748375184834,False,False,0.0,0.0,0,0,0,0.0,0.0,0.0,0.0,2.11748375184834,1,2.11748375184834
,academy_3_vs_1_with_keeper,42,collect_rollout,2492,0,10,0.017074287519790232,False,False,0.0,0.0,0,0,0,0.0,0.0,0.0,0.0,0.017074287519790232,1,0.017074287519790232
,academy_3_vs_1_with_keeper,42,collect_rollout,2493,0,36,2.1297356352442876,False,False,0.0,0.0,0,0,0,0.0,0.0,0.0,0.0,2.1297356352442876,1,2.1297356352442876
,academy_3_vs_1_with_keeper,42,collect_rollout,2494,0,21,-0.003333333181217313,False,False,0.0,0.0,0,0,0,0.0,0.0,0.0,0.0,-0.003333333181217313,1,-0.003333333181217313
,academy_3_vs_1_with_keeper,42,collect_rollout,2495,0,22,-0.003333333181217313,False,False,0.0,0.0,0,0,0,0.0,0.0,0.0,0.0,-0.003333333181217313,1,-0.003333333181217313
,academy_3_vs_1_with_keeper,42,collect_rollout,2496,0,101,-0.0055471271625719965,False,False,0.0,0.0,0,0,0,0.0,0.0,0.0,0.0,-0.0055471271625719965,1,-0.0055471271625719965
,academy_3_vs_1_with_keeper,42,collect_rollout,2497,0,19,-0.006666666362434626,False,False,0.0,0.0,0,0,0,0.0,0.0,0.0,0.0,-0.006666666362434626,1,-0.006666666362434626
,academy_3_vs_1_with_keeper,42,collect_rollout,2498,0,18,-0.006666666362434626,False,False,0.0,0.0,0,0,0,0.0,0.0,0.0,0.0,-0.006666666362434626,1,-0.006666666362434626
,academy_3_vs_1_with_keeper,42,collect_rollout,2499,0,14,0.0358265764079988,False,False,0.0,0.0,0,0,0,0.0,0.0,0.0,0.0,0.0358265764079988,1,0.0358265764079988
,academy_3_vs_1_with_keeper,42,collect_rollout,2500,0,19,-0.003333333181217313,False,False,0.0,0.0,0,0,0,0.0,0.0,0.0,0.0,-0.003333333181217313,1,-0.003333333181217313
,academy_3_vs_1_with_keeper,42,collect_rollout,2501,0,32,0.09937009046552703,False,False,0.0,0.0,0,0,0,0.0,0.0,0.0,0.0,0.09937009046552703,1,0.09937009046552703
,academy_3_vs_1_with_keeper,42,collect_rollout,2502,0,15,-0.013333332724869251,False,False,0.0,0.0,0,0,0,0.0,0.0,0.0,0.0,-0.013333332724869251,1,-0.013333332724869251
,academy_3_vs_1_with_keeper,42,collect_rollout,2503,0,17,0.0,False,False,0.0,0.0,0,0,0,0.0,0.0,0.0,0.0,0.0,1,0.0
,academy_3_vs_1_with_keeper,42,collect_rollout,2504,0,91,0.1000911098672077,False,False,0.0,0.0,0,0,0,0.0,0.0,0.0,0.0,0.1000911098672077,1,0.1000911098672077
,academy_3_vs_1_with_keeper,42,collect_rollout,2505,0,18,0.0,False,False,0.0,0.0,0,0,0,0.0,0.0,0.0,0.0,0.0,1,0.0
,academy_3_vs_1_with_keeper,42,collect_rollout,2506,0,23,-0.009999999543651938,False,False,0.0,0.0,0,0,0,0.0,0.0,0.0,0.0,-0.009999999543651938,1,-0.009999999543651938
,academy_3_vs_1_with_keeper,42,collect_rollout,2507,0,8,0.03436902887187898,False,False,0.0,0.0,0,0,0,0.0,0.0,0.0,0.0,0.03436902887187898,1,0.03436902887187898
,academy_3_vs_1_with_keeper,42,collect_rollout,2508,0,17,-0.013333332724869251,False,False,0.0,0.0,0,0,0,0.0,0.0,0.0,0.0,-0.013333332724869251,1,-0.013333332724869251
,academy_3_vs_1_with_keeper,42,collect_rollout,2509,0,15,-0.003333333181217313,False,False,0.0,0.0,0,0,0,0.0,0.0,0.0,0.0,-0.003333333181217313,1,-0.003333333181217313
,academy_3_vs_1_with_keeper,42,collect_rollout,2510,0,21,0.0,False,False,0.0,0.0,0,0,0,0.0,0.0,0.0,0.0,0.0,1,0.0
,academy_3_vs_1_with_keeper,42,collect_rollout,2511,0,24,-0.016666665906086564,False,False,0.0,0.0,0,0,0,0.0,0.0,0.0,0.0,-0.016666665906086564,1,-0.016666665906086564
,academy_3_vs_1_with_keeper,42,collect_rollout,2512,0,20,-0.009999999543651938,False,False,0.0,0.0,0,0,0,0.0,0.0,0.0,0.0,-0.009999999543651938,1,-0.009999999543651938
,academy_3_vs_1_with_keeper,42,collect_rollout,2513,0,12,0.027284280047751963,False,False,0.0,0.0,0,0,0,0.0,0.0,0.0,0.0,0.027284280047751963,1,0.027284280047751963
,academy_3_vs_1_with_keeper,42,collect_rollout,2514,0,39,0.10720933589618653,False,False,0.0,0.0,0,0,0,0.0,0.0,0.0,0.0,0.10720933589618653,1,0.10720933589618653
,academy_3_vs_1_with_keeper,42,collect_rollout,2515,0,57,0.03666432241152506,False,False,0.0,0.0,0,0,0,0.0,0.0,0.0,0.0,0.03666432241152506,1,0.03666432241152506
,academy_3_vs_1_with_keeper,42,collect_rollout,2516,0,19,-0.009999999543651938,False,False,0.0,0.0,0,0,0,0.0,0.0,0.0,0.0,-0.009999999543651938,1,-0.009999999543651938
,academy_3_vs_1_with_keeper,42,collect_rollout,2517,0,17,0.0,False,False,0.0,0.0,0,0,0,0.0,0.0,0.0,0.0,0.0,1,0.0
,academy_3_vs_1_with_keeper,42,collect_rollout,2518,0,21,-0.006666666362434626,False,False,0.0,0.0,0,0,0,0.0,0.0,0.0,0.0,-0.006666666362434626,1,-0.006666666362434626
,academy_3_vs_1_with_keeper,42,collect_rollout,2519,0,16,0.0,False,False,0.0,0.0,0,0,0,0.0,0.0,0.0,0.0,0.0,1,0.0
,academy_3_vs_1_with_keeper,42,collect_rollout,2520,0,19,0.0,False,False,0.0,0.0,0,0,0,0.0,0.0,0.0,0.0,0.0,1,0.0
,academy_3_vs_1_with_keeper,42,collect_rollout,2521,0,22,-0.006666666362434626,False,False,0.0,0.0,0,0,0,0.0,0.0,0.0,0.0,-0.006666666362434626,1,-0.006666666362434626
,academy_3_vs_1_with_keeper,42,collect_rollout,2522,0,23,-0.009999999543651938,False,False,0.0,0.0,0,0,0,0.0,0.0,0.0,0.0,-0.009999999543651938,1,-0.009999999543651938
,academy_3_vs_1_with_keeper,42,collect_rollout,2523,0,11,0.041330921463668346,False,False,0.0,0.0,0,0,0,0.0,0.0,0.0,0.0,0.041330921463668346,1,0.041330921463668346
,academy_3_vs_1_with_keeper,42,collect_rollout,2524,0,16,-0.003333333181217313,False,False,0.0,0.0,0,0,0,0.0,0.0,0.0,0.0,-0.003333333181217313,1,-0.003333333181217313
,academy_3_vs_1_with_keeper,42,collect_rollout,2525,0,14,-0.003333333181217313,False,False,0.0,0.0,0,0,0,0.0,0.0,0.0,0.0,-0.003333333181217313,1,-0.003333333181217313
,academy_3_vs_1_with_keeper,42,collect_rollout,2526,0,57,0.0332039684872143,False,False,0.0,0.0,0,0,0,0.0,0.0,0.0,0.0,0.0332039684872143,1,0.0332039684872143
,academy_3_vs_1_with_keeper,42,collect_rollout,2527,0,38,0.05345086276065558,False,False,0.0,0.0,0,0,0,0.0,0.0,0.0,0.0,0.05345086276065558,1,0.05345086276065558
,academy_3_vs_1_with_keeper,42,collect_rollout,2528,0,15,0.0,False,False,0.0,0.0,0,0,0,0.0,0.0,0.0,0.0,0.0,1,0.0
,academy_3_vs_1_with_keeper,42,collect_rollout,2529,0,14,-0.006666666362434626,False,False,0.0,0.0,0,0,0,0.0,0.0,0.0,0.0,-0.006666666362434626,1,-0.006666666362434626
,academy_3_vs_1_with_keeper,42,collect_rollout,2530,0,65,-0.010913353529758751,False,False,0.0,0.0,0,0,0,0.0,0.0,0.0,0.0,-0.010913353529758751,1,-0.010913353529758751
,academy_3_vs_1_with_keeper,42,collect_rollout,2531,0,37,0.05289948295103386,False,False,0.0,0.0,0,0,0,0.0,0.0,0.0,0.0,0.05289948295103386,1,0.05289948295103386
,academy_3_vs_1_with_keeper,42,collect_rollout,2532,0,39,2.1166808873713308,False,False,0.0,0.0,0,0,0,0.0,0.0,0.0,0.0,2.1166808873713308,1,2.1166808873713308
,academy_3_vs_1_with_keeper,42,collect_rollout,2533,0,19,-0.006666666362434626,False,False,0.0,0.0,0,0,0,0.0,0.0,0.0,0.0,-0.006666666362434626,1,-0.006666666362434626
,academy_3_vs_1_with_keeper,42,collect_rollout,2534,0,9,0.032186083612032235,False,False,0.0,0.0,0,0,0,0.0,0.0,0.0,0.0,0.032186083612032235,1,0.032186083612032235
,academy_3_vs_1_with_keeper,42,collect_rollout,2535,0,31,0.1175347943790257,False,False,0.0,0.0,0,0,0,0.0,0.0,0.0,0.0,0.1175347943790257,1,0.1175347943790257
,academy_3_vs_1_with_keeper,42,collect_rollout,2536,0,21,2.1413795955013484,False,False,0.0,0.0,0,0,0,0.0,0.0,0.0,0.0,2.1413795955013484,1,2.1413795955013484
,academy_3_vs_1_with_keeper,42,collect_rollout,2537,0,15,-0.006666666362434626,False,False,0.0,0.0,0,0,0,0.0,0.0,0.0,0.0,-0.006666666362434626,1,-0.006666666362434626
,academy_3_vs_1_with_keeper,42,collect_rollout,2538,0,15,-0.003333333181217313,False,False,0.0,0.0,0,0,0,0.0,0.0,0.0,0.0,-0.003333333181217313,1,-0.003333333181217313
,academy_3_vs_1_with_keeper,42,collect_rollout,2539,0,38,0.03700588518404402,False,False,0.0,0.0,0,0,0,0.0,0.0,0.0,0.0,0.03700588518404402,1,0.03700588518404402
,academy_3_vs_1_with_keeper,42,collect_rollout,2540,0,21,-0.013333332724869251,False,False,0.0,0.0,0,0,0,0.0,0.0,0.0,0.0,-0.013333332724869251,1,-0.013333332724869251
,academy_3_vs_1_with_keeper,42,collect_rollout,2541,0,37,2.1364389770897105,False,False,0.0,0.0,0,0,0,0.0,0.0,0.0,0.0,2.1364389770897105,1,2.1364389770897105
,academy_3_vs_1_with_keeper,42,collect_rollout,2542,0,54,-0.03333333181217313,False,False,0.0,0.0,0,0,0,0.0,0.0,0.0,0.0,-0.03333333181217313,1,-0.03333333181217313
,academy_3_vs_1_with_keeper,42,collect_rollout,2543,0,49,0.09287926252000034,False,False,0.0,0.0,0,0,0,0.0,0.0,0.0,0.0,0.09287926252000034,1,0.09287926252000034
,academy_3_vs_1_with_keeper,42,collect_rollout,2544,0,20,-0.006666666362434626,False,False,0.0,0.0,0,0,0,0.0,0.0,0.0,0.0,-0.006666666362434626,1,-0.006666666362434626
,academy_3_vs_1_with_keeper,42,collect_rollout,2545,0,62,-0.1284115321468562,False,False,0.0,0.0,0,0,0,0.0,0.0,0.0,0.0,-0.1284115321468562,1,-0.1284115321468562
,academy_3_vs_1_with_keeper,42,collect_rollout,2546,0,17,0.0,False,False,0.0,0.0,0,0,0,0.0,0.0,0.0,0.0,0.0,1,0.0
,academy_3_vs_1_with_keeper,42,collect_rollout,2547,0,12,0.02524467755574733,False,False,0.0,0.0,0,0,0,0.0,0.0,0.0,0.0,0.02524467755574733,1,0.02524467755574733
,academy_3_vs_1_with_keeper,42,collect_rollout,2548,0,85,-0.2049834553617984,False,False,0.0,0.0,0,0,0,0.0,0.0,0.0,0.0,-0.2049834553617984,1,-0.2049834553617984
,academy_3_vs_1_with_keeper,42,collect_rollout,2549,0,21,-0.003333333181217313,False,False,0.0,0.0,0,0,0,0.0,0.0,0.0,0.0,-0.003333333181217313,1,-0.003333333181217313
,academy_3_vs_1_with_keeper,42,collect_rollout,2550,0,19,-0.009999999543651938,False,False,0.0,0.0,0,0,0,0.0,0.0,0.0,0.0,-0.009999999543651938,1,-0.009999999543651938
,academy_3_vs_1_with_keeper,42,collect_rollout,2551,0,21,0.0,False,False,0.0,0.0,0,0,0,0.0,0.0,0.0,0.0,0.0,1,0.0
,academy_3_vs_1_with_keeper,42,collect_rollout,2552,0,21,-0.013333332724869251,False,False,0.0,0.0,0,0,0,0.0,0.0,0.0,0.0,-0.013333332724869251,1,-0.013333332724869251
,academy_3_vs_1_with_keeper,42,collect_rollout,2553,0,49,2.0543033042922616,False,False,0.0,0.0,0,0,0,0.0,0.0,0.0,0.0,2.0543033042922616,1,2.0543033042922616
,academy_3_vs_1_with_keeper,42,collect_rollout,2554,0,59,-0.07349110493669286,False,False,0.0,0.0,0,0,0,0.0,0.0,0.0,0.0,-0.07349110493669286,1,-0.07349110493669286
,academy_3_vs_1_with_keeper,42,collect_rollout,2555,0,38,2.3213430093601346,False,False,0.0,0.0,0,0,0,0.0,0.0,0.0,0.0,2.3213430093601346,1,2.3213430093601346
,academy_3_vs_1_with_keeper,42,collect_rollout,2556,0,17,0.0,False,False,0.0,0.0,0,0,0,0.0,0.0,0.0,0.0,0.0,1,0.0
,academy_3_vs_1_with_keeper,42,collect_rollout,2557,0,36,-0.014206974534317851,False,False,0.0,0.0,0,0,0,0.0,0.0,0.0,0.0,-0.014206974534317851,1,-0.014206974534317851
,academy_3_vs_1_with_keeper,42,collect_rollout,2558,0,42,0.07288660163612803,False,False,0.0,0.0,0,0,0,0.0,0.0,0.0,0.0,0.07288660163612803,1,0.07288660163612803
,academy_3_vs_1_with_keeper,42,collect_rollout,2559,0,14,0.0,False,False,0.0,0.0,0,0,0,0.0,0.0,0.0,0.0,0.0,1,0.0
,academy_3_vs_1_with_keeper,42,collect_rollout,2560,0,16,0.0,False,False,0.0,0.0,0,0,0,0.0,0.0,0.0,0.0,0.0,1,0.0
,academy_3_vs_1_with_keeper,42,collect_rollout,2561,0,17,-0.003333333181217313,False,False,0.0,0.0,0,0,0,0.0,0.0,0.0,0.0,-0.003333333181217313,1,-0.003333333181217313
,academy_3_vs_1_with_keeper,42,collect_rollout,2562,0,12,0.01902533951215446,False,False,0.0,0.0,0,0,0,0.0,0.0,0.0,0.0,0.01902533951215446,1,0.01902533951215446
,academy_3_vs_1_with_keeper,42,collect_rollout,2563,0,46,0.3373275559861213,False,False,0.0,0.0,0,0,0,0.0,0.0,0.0,0.0,0.3373275559861213,1,0.3373275559861213
,academy_3_vs_1_with_keeper,42,collect_rollout,2564,0,146,-0.33816601316539163,False,False,0.0,0.0,0,0,0,0.0,0.0,0.0,0.0,-0.33816601316539163,1,-0.33816601316539163
,academy_3_vs_1_with_keeper,42,collect_rollout,2565,0,15,0.0,False,False,0.0,0.0,0,0,0,0.0,0.0,0.0,0.0,0.0,1,0.0
,academy_3_vs_1_with_keeper,42,collect_rollout,2566,0,24,2.1472634930396453,False,False,0.0,0.0,0,0,0,0.0,0.0,0.0,0.0,2.1472634930396453,1,2.1472634930396453
,academy_3_vs_1_with_keeper,42,collect_rollout,2567,0,36,2.0921208651270717,False,False,0.0,0.0,0,0,0,0.0,0.0,0.0,0.0,2.0921208651270717,1,2.0921208651270717
,academy_3_vs_1_with_keeper,42,collect_rollout,2568,0,33,2.1125805877090897,False,False,0.0,0.0,0,0,0,0.0,0.0,0.0,0.0,2.1125805877090897,1,2.1125805877090897
,academy_3_vs_1_with_keeper,42,collect_rollout,2569,0,18,-0.006666666362434626,False,False,0.0,0.0,0,0,0,0.0,0.0,0.0,0.0,-0.006666666362434626,1,-0.006666666362434626
,academy_3_vs_1_with_keeper,42,collect_rollout,2570,0,44,0.10130314144771546,False,False,0.0,0.0,0,0,0,0.0,0.0,0.0,0.0,0.10130314144771546,1,0.10130314144771546
,academy_3_vs_1_with_keeper,42,collect_rollout,2571,0,16,-0.003333333181217313,False,False,0.0,0.0,0,0,0,0.0,0.0,0.0,0.0,-0.003333333181217313,1,-0.003333333181217313
,academy_3_vs_1_with_keeper,42,collect_rollout,2572,0,14,0.020056665176525712,False,False,0.0,0.0,0,0,0,0.0,0.0,0.0,0.0,0.020056665176525712,1,0.020056665176525712
,academy_3_vs_1_with_keeper,42,collect_rollout,2573,0,20,0.0,False,False,0.0,0.0,0,0,0,0.0,0.0,0.0,0.0,0.0,1,0.0
,academy_3_vs_1_with_keeper,42,collect_rollout,2574,0,18,-0.006666666362434626,False,False,0.0,0.0,0,0,0,0.0,0.0,0.0,0.0,-0.006666666362434626,1,-0.006666666362434626
,academy_3_vs_1_with_keeper,42,collect_rollout,2575,0,16,0.0,False,False,0.0,0.0,0,0,0,0.0,0.0,0.0,0.0,0.0,1,0.0
,academy_3_vs_1_with_keeper,42,collect_rollout,2576,0,19,0.0,False,False,0.0,0.0,0,0,0,0.0,0.0,0.0,0.0,0.0,1,0.0
,academy_3_vs_1_with_keeper,42,collect_rollout,2577,0,18,0.0,False,False,0.0,0.0,0,0,0,0.0,0.0,0.0,0.0,0.0,1,0.0
,academy_3_vs_1_with_keeper,42,collect_rollout,2578,0,46,-0.01658535609021783,False,False,0.0,0.0,0,0,0,0.0,0.0,0.0,0.0,-0.01658535609021783,1,-0.01658535609021783
,academy_3_vs_1_with_keeper,42,collect_rollout,2579,0,21,-0.009999999543651938,False,False,0.0,0.0,0,0,0,0.0,0.0,0.0,0.0,-0.009999999543651938,1,-0.009999999543651938
,academy_3_vs_1_with_keeper,42,collect_rollout,2580,0,21,-0.016666665906086564,False,False,0.0,0.0,0,0,0,0.0,0.0,0.0,0.0,-0.016666665906086564,1,-0.016666665906086564
,academy_3_vs_1_with_keeper,42,collect_rollout,2581,0,27,0.12865777040133253,False,False,0.0,0.0,0,0,0,0.0,0.0,0.0,0.0,0.12865777040133253,1,0.12865777040133253
,academy_3_vs_1_with_keeper,42,collect_rollout,2582,0,27,0.10234057507477701,False,False,0.0,0.0,0,0,0,0.0,0.0,0.0,0.0,0.10234057507477701,1,0.10234057507477701
,academy_3_vs_1_with_keeper,42,collect_rollout,2583,0,15,-0.013333332724869251,False,False,0.0,0.0,0,0,0,0.0,0.0,0.0,0.0,-0.013333332724869251,1,-0.013333332724869251
,academy_3_vs_1_with_keeper,42,collect_rollout,2584,0,10,0.023744316771626472,False,False,0.0,0.0,0,0,0,0.0,0.0,0.0,0.0,0.023744316771626472,1,0.023744316771626472
,academy_3_vs_1_with_keeper,42,collect_rollout,2585,0,94,-0.2079788673800067,False,False,0.0,0.0,0,0,0,0.0,0.0,0.0,0.0,-0.2079788673800067,1,-0.2079788673800067
,academy_3_vs_1_with_keeper,42,collect_rollout,2586,0,91,0.11861330410465598,False,False,0.0,0.0,0,0,0,0.0,0.0,0.0,0.0,0.11861330410465598,1,0.11861330410465598
,academy_3_vs_1_with_keeper,42,collect_rollout,2587,0,20,-0.003333333181217313,False,False,0.0,0.0,0,0,0,0.0,0.0,0.0,0.0,-0.003333333181217313,1,-0.003333333181217313
,academy_3_vs_1_with_keeper,42,collect_rollout,2588,0,45,0.03286371007561684,False,False,0.0,0.0,0,0,0,0.0,0.0,0.0,0.0,0.03286371007561684,1,0.03286371007561684
,academy_3_vs_1_with_keeper,42,collect_rollout,2589,0,35,2.139814503490925,False,False,0.0,0.0,0,0,0,0.0,0.0,0.0,0.0,2.139814503490925,1,2.139814503490925
,academy_3_vs_1_with_keeper,42,collect_rollout,2590,0,111,2.219178945670137,False,False,0.0,0.0,0,0,0,0.0,0.0,0.0,0.0,2.219178945670137,1,2.219178945670137
,academy_3_vs_1_with_keeper,42,collect_rollout,2591,0,19,0.0,False,False,0.0,0.0,0,0,0,0.0,0.0,0.0,0.0,0.0,1,0.0
,academy_3_vs_1_with_keeper,42,collect_rollout,2592,0,27,0.13546529691666365,False,False,0.0,0.0,0,0,0,0.0,0.0,0.0,0.0,0.13546529691666365,1,0.13546529691666365
,academy_3_vs_1_with_keeper,42,collect_rollout,2593,0,31,0.10158295009750873,False,False,0.0,0.0,0,0,0,0.0,0.0,0.0,0.0,0.10158295009750873,1,0.10158295009750873
,academy_3_vs_1_with_keeper,42,collect_rollout,2594,0,101,-0.026697253488237038,False,False,0.0,0.0,0,0,0,0.0,0.0,0.0,0.0,-0.026697253488237038,1,-0.026697253488237038
,academy_3_vs_1_with_keeper,42,collect_rollout,2595,0,29,2.120231534645427,False,False,0.0,0.0,0,0,0,0.0,0.0,0.0,0.0,2.120231534645427,1,2.120231534645427
,academy_3_vs_1_with_keeper,42,collect_rollout,2596,0,21,0.0,False,False,0.0,0.0,0,0,0,0.0,0.0,0.0,0.0,0.0,1,0.0
,academy_3_vs_1_with_keeper,42,collect_rollout,2597,0,9,0.02656196348834783,False,False,0.0,0.0,0,0,0,0.0,0.0,0.0,0.0,0.02656196348834783,1,0.02656196348834783
,academy_3_vs_1_with_keeper,42,collect_rollout,2598,0,21,0.0,False,False,0.0,0.0,0,0,0,0.0,0.0,0.0,0.0,0.0,1,0.0
,academy_3_vs_1_with_keeper,42,collect_rollout,2599,0,75,0.05073654614534462,False,False,0.0,0.0,0,0,0,0.0,0.0,0.0,0.0,0.05073654614534462,1,0.05073654614534462
,academy_3_vs_1_with_keeper,42,collect_rollout,2600,0,13,0.022423966613132507,False,False,0.0,0.0,0,0,0,0.0,0.0,0.0,0.0,0.022423966613132507,1,0.022423966613132507
,academy_3_vs_1_with_keeper,42,collect_rollout,2601,0,96,-0.31122901383787394,False,False,0.0,0.0,0,0,0,0.0,0.0,0.0,0.0,-0.31122901383787394,1,-0.31122901383787394
,academy_3_vs_1_with_keeper,42,collect_rollout,2602,0,23,-0.013333332724869251,False,False,0.0,0.0,0,0,0,0.0,0.0,0.0,0.0,-0.013333332724869251,1,-0.013333332724869251
,academy_3_vs_1_with_keeper,42,collect_rollout,2603,0,12,0.018780328333377838,False,False,0.0,0.0,0,0,0,0.0,0.0,0.0,0.0,0.018780328333377838,1,0.018780328333377838
,academy_3_vs_1_with_keeper,42,collect_rollout,2604,0,87,-0.15974755567731336,False,False,0.0,0.0,0,0,0,0.0,0.0,0.0,0.0,-0.15974755567731336,1,-0.15974755567731336
,academy_3_vs_1_with_keeper,42,collect_rollout,2605,0,9,0.033340000081807375,False,False,0.0,0.0,0,0,0,0.0,0.0,0.0,0.0,0.033340000081807375,1,0.033340000081807375
,academy_3_vs_1_with_keeper,42,collect_rollout,2606,0,80,0.08709784760139883,False,False,0.0,0.0,0,0,0,0.0,0.0,0.0,0.0,0.08709784760139883,1,0.08709784760139883
,academy_3_vs_1_with_keeper,42,collect_rollout,2607,0,22,-0.003333333181217313,False,False,0.0,0.0,0,0,0,0.0,0.0,0.0,0.0,-0.003333333181217313,1,-0.003333333181217313
,academy_3_vs_1_with_keeper,42,collect_rollout,2608,0,16,-0.003333333181217313,False,False,0.0,0.0,0,0,0,0.0,0.0,0.0,0.0,-0.003333333181217313,1,-0.003333333181217313
,academy_3_vs_1_with_keeper,42,collect_rollout,2609,0,24,0.11364151583984494,False,False,0.0,0.0,0,0,0,0.0,0.0,0.0,0.0,0.11364151583984494,1,0.11364151583984494
,academy_3_vs_1_with_keeper,42,collect_rollout,2610,0,17,-0.006666666362434626,False,False,0.0,0.0,0,0,0,0.0,0.0,0.0,0.0,-0.006666666362434626,1,-0.006666666362434626
,academy_3_vs_1_with_keeper,42,collect_rollout,2611,0,18,-0.006666666362434626,False,False,0.0,0.0,0,0,0,0.0,0.0,0.0,0.0,-0.006666666362434626,1,-0.006666666362434626
,academy_3_vs_1_with_keeper,42,collect_rollout,2612,0,11,0.019347262103110552,False,False,0.0,0.0,0,0,0,0.0,0.0,0.0,0.0,0.019347262103110552,1,0.019347262103110552
,academy_3_vs_1_with_keeper,42,collect_rollout,2613,0,22,-0.019999999087303877,False,False,0.0,0.0,0,0,0,0.0,0.0,0.0,0.0,-0.019999999087303877,1,-0.019999999087303877
,academy_3_vs_1_with_keeper,42,collect_rollout,2614,0,29,0.1137367639457807,False,False,0.0,0.0,0,0,0,0.0,0.0,0.0,0.0,0.1137367639457807,1,0.1137367639457807
,academy_3_vs_1_with_keeper,42,collect_rollout,2615,0,88,0.08494017558405176,False,False,0.0,0.0,0,0,0,0.0,0.0,0.0,0.0,0.08494017558405176,1,0.08494017558405176
,academy_3_vs_1_with_keeper,42,collect_rollout,2616,0,16,-0.003333333181217313,False,False,0.0,0.0,0,0,0,0.0,0.0,0.0,0.0,-0.003333333181217313,1,-0.003333333181217313
,academy_3_vs_1_with_keeper,42,collect_rollout,2617,0,9,0.035428965697064996,False,False,0.0,0.0,0,0,0,0.0,0.0,0.0,0.0,0.035428965697064996,1,0.035428965697064996
,academy_3_vs_1_with_keeper,42,collect_rollout,2618,0,41,0.08731242181966081,False,False,0.0,0.0,0,0,0,0.0,0.0,0.0,0.0,0.08731242181966081,1,0.08731242181966081
,academy_3_vs_1_with_keeper,42,collect_rollout,2619,0,14,-0.006666666362434626,False,False,0.0,0.0,0,0,0,0.0,0.0,0.0,0.0,-0.006666666362434626,1,-0.006666666362434626
,academy_3_vs_1_with_keeper,42,collect_rollout,2620,0,20,-0.019999999087303877,False,False,0.0,0.0,0,0,0,0.0,0.0,0.0,0.0,-0.019999999087303877,1,-0.019999999087303877
,academy_3_vs_1_with_keeper,42,collect_rollout,2621,0,32,0.08333490014774725,False,False,0.0,0.0,0,0,0,0.0,0.0,0.0,0.0,0.08333490014774725,1,0.08333490014774725
,academy_3_vs_1_with_keeper,42,collect_rollout,2622,0,21,-0.009999999543651938,False,False,0.0,0.0,0,0,0,0.0,0.0,0.0,0.0,-0.009999999543651938,1,-0.009999999543651938
,academy_3_vs_1_with_keeper,42,collect_rollout,2623,0,22,-0.013333332724869251,False,False,0.0,0.0,0,0,0,0.0,0.0,0.0,0.0,-0.013333332724869251,1,-0.013333332724869251
,academy_3_vs_1_with_keeper,42,collect_rollout,2624,0,15,-0.013333332724869251,False,False,0.0,0.0,0,0,0,0.0,0.0,0.0,0.0,-0.013333332724869251,1,-0.013333332724869251
,academy_3_vs_1_with_keeper,42,collect_rollout,2625,0,30,0.11422988085541874,False,False,0.0,0.0,0,0,0,0.0,0.0,0.0,0.0,0.11422988085541874,1,0.11422988085541874
,academy_3_vs_1_with_keeper,42,collect_rollout,2626,0,98,0.09142262232489884,False,False,0.0,0.0,0,0,0,0.0,0.0,0.0,0.0,0.09142262232489884,1,0.09142262232489884
,academy_3_vs_1_with_keeper,42,collect_rollout,2627,0,33,2.149025832157349,False,False,0.0,0.0,0,0,0,0.0,0.0,0.0,0.0,2.149025832157349,1,2.149025832157349
,academy_3_vs_1_with_keeper,42,collect_rollout,2628,0,14,-0.003333333181217313,False,False,0.0,0.0,0,0,0,0.0,0.0,0.0,0.0,-0.003333333181217313,1,-0.003333333181217313
,academy_3_vs_1_with_keeper,42,collect_rollout,2629,0,29,0.09478345414390787,False,False,0.0,0.0,0,0,0,0.0,0.0,0.0,0.0,0.09478345414390787,1,0.09478345414390787
,academy_3_vs_1_with_keeper,42,collect_rollout,2630,0,17,-0.003333333181217313,False,False,0.0,0.0,0,0,0,0.0,0.0,0.0,0.0,-0.003333333181217313,1,-0.003333333181217313
,academy_3_vs_1_with_keeper,42,collect_rollout,2631,0,43,0.05329454015009105,False,False,0.0,0.0,0,0,0,0.0,0.0,0.0,0.0,0.05329454015009105,1,0.05329454015009105
,academy_3_vs_1_with_keeper,42,collect_rollout,2632,0,20,0.0,False,False,0.0,0.0,0,0,0,0.0,0.0,0.0,0.0,0.0,1,0.0
,academy_3_vs_1_with_keeper,42,collect_rollout,2633,0,103,-0.0561779763083905,False,False,0.0,0.0,0,0,0,0.0,0.0,0.0,0.0,-0.0561779763083905,1,-0.0561779763083905
,academy_3_vs_1_with_keeper,42,collect_rollout,2634,0,18,-0.003333333181217313,False,False,0.0,0.0,0,0,0,0.0,0.0,0.0,0.0,-0.003333333181217313,1,-0.003333333181217313
,academy_3_vs_1_with_keeper,42,collect_rollout,2635,0,22,-0.003333333181217313,False,False,0.0,0.0,0,0,0,0.0,0.0,0.0,0.0,-0.003333333181217313,1,-0.003333333181217313
,academy_3_vs_1_with_keeper,42,collect_rollout,2636,0,37,0.1305899388389662,False,False,0.0,0.0,0,0,0,0.0,0.0,0.0,0.0,0.1305899388389662,1,0.1305899388389662
,academy_3_vs_1_with_keeper,42,collect_rollout,2637,0,16,0.03215406893286854,False,False,0.0,0.0,0,0,0,0.0,0.0,0.0,0.0,0.03215406893286854,1,0.03215406893286854
,academy_3_vs_1_with_keeper,42,collect_rollout,2638,0,43,0.014876734698191285,False,False,0.0,0.0,0,0,0,0.0,0.0,0.0,0.0,0.014876734698191285,1,0.014876734698191285
,academy_3_vs_1_with_keeper,42,collect_rollout,2639,0,18,-0.003333333181217313,False,False,0.0,0.0,0,0,0,0.0,0.0,0.0,0.0,-0.003333333181217313,1,-0.003333333181217313
,academy_3_vs_1_with_keeper,42,collect_rollout,2640,0,16,-0.003333333181217313,False,False,0.0,0.0,0,0,0,0.0,0.0,0.0,0.0,-0.003333333181217313,1,-0.003333333181217313
,academy_3_vs_1_with_keeper,42,collect_rollout,2641,0,23,-0.013333332724869251,False,False,0.0,0.0,0,0,0,0.0,0.0,0.0,0.0,-0.013333332724869251,1,-0.013333332724869251
,academy_3_vs_1_with_keeper,42,collect_rollout,2642,0,18,-0.003333333181217313,False,False,0.0,0.0,0,0,0,0.0,0.0,0.0,0.0,-0.003333333181217313,1,-0.003333333181217313
,academy_3_vs_1_with_keeper,42,collect_rollout,2643,0,40,0.11702754101133905,False,False,0.0,0.0,0,0,0,0.0,0.0,0.0,0.0,0.11702754101133905,1,0.11702754101133905
,academy_3_vs_1_with_keeper,42,collect_rollout,2644,0,12,0.01813074224628508,False,False,0.0,0.0,0,0,0,0.0,0.0,0.0,0.0,0.01813074224628508,1,0.01813074224628508
,academy_3_vs_1_with_keeper,42,collect_rollout,2645,0,11,0.02793796407058835,False,False,0.0,0.0,0,0,0,0.0,0.0,0.0,0.0,0.02793796407058835,1,0.02793796407058835
,academy_3_vs_1_with_keeper,42,collect_rollout,2646,0,12,0.013881890336051583,False,False,0.0,0.0,0,0,0,0.0,0.0,0.0,0.0,0.013881890336051583,1,0.013881890336051583
,academy_3_vs_1_with_keeper,42,collect_rollout,2647,0,185,0.3256001966728945,False,False,0.0,0.0,0,0,0,0.0,0.0,0.0,0.0,0.3256001966728945,1,0.3256001966728945
,academy_3_vs_1_with_keeper,42,collect_rollout,2648,0,19,-0.006666666362434626,False,False,0.0,0.0,0,0,0,0.0,0.0,0.0,0.0,-0.006666666362434626,1,-0.006666666362434626
,academy_3_vs_1_with_keeper,42,collect_rollout,2649,0,21,-0.009999999543651938,False,False,0.0,0.0,0,0,0,0.0,0.0,0.0,0.0,-0.009999999543651938,1,-0.009999999543651938
,academy_3_vs_1_with_keeper,42,collect_rollout,2650,0,10,0.027927165268920362,False,False,0.0,0.0,0,0,0,0.0,0.0,0.0,0.0,0.027927165268920362,1,0.027927165268920362
,academy_3_vs_1_with_keeper,42,collect_rollout,2651,0,39,0.05698512736125849,False,False,0.0,0.0,0,0,0,0.0,0.0,0.0,0.0,0.05698512736125849,1,0.05698512736125849
,academy_3_vs_1_with_keeper,42,collect_rollout,2652,0,16,-0.003333333181217313,False,False,0.0,0.0,0,0,0,0.0,0.0,0.0,0.0,-0.003333333181217313,1,-0.003333333181217313
,academy_3_vs_1_with_keeper,42,collect_rollout,2653,0,20,-0.003333333181217313,False,False,0.0,0.0,0,0,0,0.0,0.0,0.0,0.0,-0.003333333181217313,1,-0.003333333181217313
,academy_3_vs_1_with_keeper,42,collect_rollout,2654,0,21,-0.016666665906086564,False,False,0.0,0.0,0,0,0,0.0,0.0,0.0,0.0,-0.016666665906086564,1,-0.016666665906086564
,academy_3_vs_1_with_keeper,42,collect_rollout,2655,0,52,-0.024546707194531336,False,False,0.0,0.0,0,0,0,0.0,0.0,0.0,0.0,-0.024546707194531336,1,-0.024546707194531336
,academy_3_vs_1_with_keeper,42,collect_rollout,2656,0,21,-0.006666666362434626,False,False,0.0,0.0,0,0,0,0.0,0.0,0.0,0.0,-0.006666666362434626,1,-0.006666666362434626
,academy_3_vs_1_with_keeper,42,collect_rollout,2657,0,18,0.0,False,False,0.0,0.0,0,0,0,0.0,0.0,0.0,0.0,0.0,1,0.0
,academy_3_vs_1_with_keeper,42,collect_rollout,2658,0,86,0.0845482278673444,False,False,0.0,0.0,0,0,0,0.0,0.0,0.0,0.0,0.0845482278673444,1,0.0845482278673444
,academy_3_vs_1_with_keeper,42,collect_rollout,2659,0,19,-0.009999999543651938,False,False,0.0,0.0,0,0,0,0.0,0.0,0.0,0.0,-0.009999999543651938,1,-0.009999999543651938
,academy_3_vs_1_with_keeper,42,collect_rollout,2660,0,15,-0.003333333181217313,False,False,0.0,0.0,0,0,0,0.0,0.0,0.0,0.0,-0.003333333181217313,1,-0.003333333181217313
,academy_3_vs_1_with_keeper,42,collect_rollout,2661,0,17,0.0,False,False,0.0,0.0,0,0,0,0.0,0.0,0.0,0.0,0.0,1,0.0
,academy_3_vs_1_with_keeper,42,collect_rollout,2662,0,10,0.01468373998068273,False,False,0.0,0.0,0,0,0,0.0,0.0,0.0,0.0,0.01468373998068273,1,0.01468373998068273
,academy_3_vs_1_with_keeper,42,collect_rollout,2663,0,23,-0.013333332724869251,False,False,0.0,0.0,0,0,0,0.0,0.0,0.0,0.0,-0.013333332724869251,1,-0.013333332724869251
,academy_3_vs_1_with_keeper,42,collect_rollout,2664,0,48,0.07049263099906966,False,False,0.0,0.0,0,0,0,0.0,0.0,0.0,0.0,0.07049263099906966,1,0.07049263099906966
,academy_3_vs_1_with_keeper,42,collect_rollout,2665,0,47,0.09368183463811874,False,False,0.0,0.0,0,0,0,0.0,0.0,0.0,0.0,0.09368183463811874,1,0.09368183463811874
,academy_3_vs_1_with_keeper,42,collect_rollout,2666,0,22,-0.006666666362434626,False,False,0.0,0.0,0,0,0,0.0,0.0,0.0,0.0,-0.006666666362434626,1,-0.006666666362434626
,academy_3_vs_1_with_keeper,42,collect_rollout,2667,0,37,0.08351350750308484,False,False,0.0,0.0,0,0,0,0.0,0.0,0.0,0.0,0.08351350750308484,1,0.08351350750308484
,academy_3_vs_1_with_keeper,42,collect_rollout,2668,0,29,0.10295288322959095,False,False,0.0,0.0,0,0,0,0.0,0.0,0.0,0.0,0.10295288322959095,1,0.10295288322959095
,academy_3_vs_1_with_keeper,42,collect_rollout,2669,0,31,2.1486258978256956,False,False,0.0,0.0,0,0,0,0.0,0.0,0.0,0.0,2.1486258978256956,1,2.1486258978256956
,academy_3_vs_1_with_keeper,42,collect_rollout,2670,0,24,0.1310403208481148,False,False,0.0,0.0,0,0,0,0.0,0.0,0.0,0.0,0.1310403208481148,1,0.1310403208481148
,academy_3_vs_1_with_keeper,42,collect_rollout,2671,0,26,2.148937596124597,False,False,0.0,0.0,0,0,0,0.0,0.0,0.0,0.0,2.148937596124597,1,2.148937596124597
,academy_3_vs_1_with_keeper,42,collect_rollout,2672,0,33,0.10624212776019704,False,False,0.0,0.0,0,0,0,0.0,0.0,0.0,0.0,0.10624212776019704,1,0.10624212776019704
,academy_3_vs_1_with_keeper,42,collect_rollout,2673,0,18,-0.009999999543651938,False,False,0.0,0.0,0,0,0,0.0,0.0,0.0,0.0,-0.009999999543651938,1,-0.009999999543651938
,academy_3_vs_1_with_keeper,42,collect_rollout,2674,0,16,0.0072374914307147264,False,False,0.0,0.0,0,0,0,0.0,0.0,0.0,0.0,0.0072374914307147264,1,0.0072374914307147264
,academy_3_vs_1_with_keeper,42,collect_rollout,2675,0,15,-0.003333333181217313,False,False,0.0,0.0,0,0,0,0.0,0.0,0.0,0.0,-0.003333333181217313,1,-0.003333333181217313
,academy_3_vs_1_with_keeper,42,collect_rollout,2676,0,18,-0.013333332724869251,False,False,0.0,0.0,0,0,0,0.0,0.0,0.0,0.0,-0.013333332724869251,1,-0.013333332724869251
,academy_3_vs_1_with_keeper,42,collect_rollout,2677,0,32,2.1286384651903063,False,False,0.0,0.0,0,0,0,0.0,0.0,0.0,0.0,2.1286384651903063,1,2.1286384651903063
,academy_3_vs_1_with_keeper,42,collect_rollout,2678,0,33,2.1214253158541396,False,False,0.0,0.0,0,0,0,0.0,0.0,0.0,0.0,2.1214253158541396,1,2.1214253158541396
,academy_3_vs_1_with_keeper,42,collect_rollout,2679,0,7,0.03740720730274916,False,False,0.0,0.0,0,0,0,0.0,0.0,0.0,0.0,0.03740720730274916,1,0.03740720730274916
,academy_3_vs_1_with_keeper,42,collect_rollout,2680,0,87,0.05111875454895198,False,False,0.0,0.0,0,0,0,0.0,0.0,0.0,0.0,0.05111875454895198,1,0.05111875454895198
,academy_3_vs_1_with_keeper,42,collect_rollout,2681,0,21,-0.003333333181217313,False,False,0.0,0.0,0,0,0,0.0,0.0,0.0,0.0,-0.003333333181217313,1,-0.003333333181217313
,academy_3_vs_1_with_keeper,42,collect_rollout,2682,0,1801,0.11702560578123666,False,False,0.0,0.0,0,0,0,0.0,0.0,0.0,0.0,0.11702560578123666,1,0.11702560578123666
,academy_3_vs_1_with_keeper,42,collect_rollout,2683,0,110,-0.3142967877211049,False,False,0.0,0.0,0,0,0,0.0,0.0,0.0,0.0,-0.3142967877211049,1,-0.3142967877211049
,academy_3_vs_1_with_keeper,42,collect_rollout,2684,0,33,0.10081261699087918,False,False,0.0,0.0,0,0,0,0.0,0.0,0.0,0.0,0.10081261699087918,1,0.10081261699087918
,academy_3_vs_1_with_keeper,42,collect_rollout,2685,0,57,1.9466553270467557,False,False,0.0,0.0,0,0,0,0.0,0.0,0.0,0.0,1.9466553270467557,1,1.9466553270467557
,academy_3_vs_1_with_keeper,42,collect_rollout,2686,0,19,-0.003333333181217313,False,False,0.0,0.0,0,0,0,0.0,0.0,0.0,0.0,-0.003333333181217313,1,-0.003333333181217313
,academy_3_vs_1_with_keeper,42,collect_rollout,2687,0,29,0.12913520191796124,False,False,0.0,0.0,0,0,0,0.0,0.0,0.0,0.0,0.12913520191796124,1,0.12913520191796124
,academy_3_vs_1_with_keeper,42,collect_rollout,2688,0,17,0.0,False,False,0.0,0.0,0,0,0,0.0,0.0,0.0,0.0,0.0,1,0.0
,academy_3_vs_1_with_keeper,42,collect_rollout,2689,0,22,-0.006666666362434626,False,False,0.0,0.0,0,0,0,0.0,0.0,0.0,0.0,-0.006666666362434626,1,-0.006666666362434626
,academy_3_vs_1_with_keeper,42,collect_rollout,2690,0,50,0.010041631059721112,False,False,0.0,0.0,0,0,0,0.0,0.0,0.0,0.0,0.010041631059721112,1,0.010041631059721112
,academy_3_vs_1_with_keeper,42,collect_rollout,2691,0,44,-0.011580265825614333,False,False,0.0,0.0,0,0,0,0.0,0.0,0.0,0.0,-0.011580265825614333,1,-0.011580265825614333
,academy_3_vs_1_with_keeper,42,collect_rollout,2692,0,82,-0.162657413224224,False,False,0.0,0.0,0,0,0,0.0,0.0,0.0,0.0,-0.162657413224224,1,-0.162657413224224
,academy_3_vs_1_with_keeper,42,collect_rollout,2693,0,12,0.02462724584620446,False,False,0.0,0.0,0,0,0,0.0,0.0,0.0,0.0,0.02462724584620446,1,0.02462724584620446
,academy_3_vs_1_with_keeper,42,collect_rollout,2694,0,231,0.10149636026471853,False,False,0.0,0.0,0,0,0,0.0,0.0,0.0,0.0,0.10149636026471853,1,0.10149636026471853
,academy_3_vs_1_with_keeper,42,collect_rollout,2695,0,17,-0.003333333181217313,False,False,0.0,0.0,0,0,0,0.0,0.0,0.0,0.0,-0.003333333181217313,1,-0.003333333181217313
,academy_3_vs_1_with_keeper,42,collect_rollout,2696,0,16,0.0,False,False,0.0,0.0,0,0,0,0.0,0.0,0.0,0.0,0.0,1,0.0
,academy_3_vs_1_with_keeper,42,collect_rollout,2697,0,16,-0.009999999543651938,False,False,0.0,0.0,0,0,0,0.0,0.0,0.0,0.0,-0.009999999543651938,1,-0.009999999543651938
,academy_3_vs_1_with_keeper,42,collect_rollout,2698,0,20,-0.006666666362434626,False,False,0.0,0.0,0,0,0,0.0,0.0,0.0,0.0,-0.006666666362434626,1,-0.006666666362434626
,academy_3_vs_1_with_keeper,42,collect_rollout,2699,0,16,-0.003333333181217313,False,False,0.0,0.0,0,0,0,0.0,0.0,0.0,0.0,-0.003333333181217313,1,-0.003333333181217313
,academy_3_vs_1_with_keeper,42,collect_rollout,2700,0,18,-0.009999999543651938,False,False,0.0,0.0,0,0,0,0.0,0.0,0.0,0.0,-0.009999999543651938,1,-0.009999999543651938
,academy_3_vs_1_with_keeper,42,collect_rollout,2701,0,20,0.0,False,False,0.0,0.0,0,0,0,0.0,0.0,0.0,0.0,0.0,1,0.0
,academy_3_vs_1_with_keeper,42,collect_rollout,2702,0,38,0.08504998167336453,False,False,0.0,0.0,0,0,0,0.0,0.0,0.0,0.0,0.08504998167336453,1,0.08504998167336453
,academy_3_vs_1_with_keeper,42,collect_rollout,2703,0,22,-0.006666666362434626,False,False,0.0,0.0,0,0,0,0.0,0.0,0.0,0.0,-0.006666666362434626,1,-0.006666666362434626
,academy_3_vs_1_with_keeper,42,collect_rollout,2704,0,34,0.10855927178636193,False,False,0.0,0.0,0,0,0,0.0,0.0,0.0,0.0,0.10855927178636193,1,0.10855927178636193
,academy_3_vs_1_with_keeper,42,collect_rollout,2705,0,18,0.0,False,False,0.0,0.0,0,0,0,0.0,0.0,0.0,0.0,0.0,1,0.0
,academy_3_vs_1_with_keeper,42,collect_rollout,2706,0,19,0.0,False,False,0.0,0.0,0,0,0,0.0,0.0,0.0,0.0,0.0,1,0.0
,academy_3_vs_1_with_keeper,42,collect_rollout,2707,0,21,-0.006666666362434626,False,False,0.0,0.0,0,0,0,0.0,0.0,0.0,0.0,-0.006666666362434626,1,-0.006666666362434626
,academy_3_vs_1_with_keeper,42,collect_rollout,2708,0,27,2.1365111214108765,False,False,0.0,0.0,0,0,0,0.0,0.0,0.0,0.0,2.1365111214108765,1,2.1365111214108765
,academy_3_vs_1_with_keeper,42,collect_rollout,2709,0,28,0.12705583940260112,False,False,0.0,0.0,0,0,0,0.0,0.0,0.0,0.0,0.12705583940260112,1,0.12705583940260112
,academy_3_vs_1_with_keeper,42,collect_rollout,2710,0,33,0.09412084281211719,False,False,0.0,0.0,0,0,0,0.0,0.0,0.0,0.0,0.09412084281211719,1,0.09412084281211719
,academy_3_vs_1_with_keeper,42,collect_rollout,2711,0,15,-0.003333333181217313,False,False,0.0,0.0,0,0,0,0.0,0.0,0.0,0.0,-0.003333333181217313,1,-0.003333333181217313
,academy_3_vs_1_with_keeper,42,collect_rollout,2712,0,791,-0.014910741127096117,False,False,0.0,0.0,0,0,0,0.0,0.0,0.0,0.0,-0.014910741127096117,1,-0.014910741127096117
,academy_3_vs_1_with_keeper,42,collect_rollout,2713,0,14,0.01378022343851626,False,False,0.0,0.0,0,0,0,0.0,0.0,0.0,0.0,0.01378022343851626,1,0.01378022343851626
,academy_3_vs_1_with_keeper,42,collect_rollout,2714,0,8,0.027352383825927973,False,False,0.0,0.0,0,0,0,0.0,0.0,0.0,0.0,0.027352383825927973,1,0.027352383825927973
,academy_3_vs_1_with_keeper,42,collect_rollout,2715,0,13,0.020495329168625176,False,False,0.0,0.0,0,0,0,0.0,0.0,0.0,0.0,0.020495329168625176,1,0.020495329168625176
,academy_3_vs_1_with_keeper,42,collect_rollout,2716,0,17,-0.006666666362434626,False,False,0.0,0.0,0,0,0,0.0,0.0,0.0,0.0,-0.006666666362434626,1,-0.006666666362434626
,academy_3_vs_1_with_keeper,42,collect_rollout,2717,0,42,0.038888358511030674,False,False,0.0,0.0,0,0,0,0.0,0.0,0.0,0.0,0.038888358511030674,1,0.038888358511030674
,academy_3_vs_1_with_keeper,42,collect_rollout,2718,0,15,0.020263191196136177,False,False,0.0,0.0,0,0,0,0.0,0.0,0.0,0.0,0.020263191196136177,1,0.020263191196136177
,academy_3_vs_1_with_keeper,42,collect_rollout,2719,0,11,0.03124824201222509,False,False,0.0,0.0,0,0,0,0.0,0.0,0.0,0.0,0.03124824201222509,1,0.03124824201222509
,academy_3_vs_1_with_keeper,42,collect_rollout,2720,0,13,0.016789866029284894,False,False,0.0,0.0,0,0,0,0.0,0.0,0.0,0.0,0.016789866029284894,1,0.016789866029284894
,academy_3_vs_1_with_keeper,42,collect_rollout,2721,0,40,0.053955532144755125,False,False,0.0,0.0,0,0,0,0.0,0.0,0.0,0.0,0.053955532144755125,1,0.053955532144755125
,academy_3_vs_1_with_keeper,42,collect_rollout,2722,0,9,0.034157649613916874,False,False,0.0,0.0,0,0,0,0.0,0.0,0.0,0.0,0.034157649613916874,1,0.034157649613916874
,academy_3_vs_1_with_keeper,42,collect_rollout,2723,0,81,0.12469377531670034,False,False,0.0,0.0,0,0,0,0.0,0.0,0.0,0.0,0.12469377531670034,1,0.12469377531670034
,academy_3_vs_1_with_keeper,42,collect_rollout,2724,0,33,0.1297852830030024,False,False,0.0,0.0,0,0,0,0.0,0.0,0.0,0.0,0.1297852830030024,1,0.1297852830030024
,academy_3_vs_1_with_keeper,42,collect_rollout,2725,0,87,0.1183055160799995,False,False,0.0,0.0,0,0,0,0.0,0.0,0.0,0.0,0.1183055160799995,1,0.1183055160799995
,academy_3_vs_1_with_keeper,42,collect_rollout,2726,0,21,-0.013333332724869251,False,False,0.0,0.0,0,0,0,0.0,0.0,0.0,0.0,-0.013333332724869251,1,-0.013333332724869251
,academy_3_vs_1_with_keeper,42,collect_rollout,2727,0,56,0.020220981794409454,False,False,0.0,0.0,0,0,0,0.0,0.0,0.0,0.0,0.020220981794409454,1,0.020220981794409454
,academy_3_vs_1_with_keeper,42,collect_rollout,2728,0,34,0.1166746192611754,False,False,0.0,0.0,0,0,0,0.0,0.0,0.0,0.0,0.1166746192611754,1,0.1166746192611754
,academy_3_vs_1_with_keeper,42,collect_rollout,2729,0,125,-0.29408463498111814,False,False,0.0,0.0,0,0,0,0.0,0.0,0.0,0.0,-0.29408463498111814,1,-0.29408463498111814
,academy_3_vs_1_with_keeper,42,collect_rollout,2730,0,22,-0.003333333181217313,False,False,0.0,0.0,0,0,0,0.0,0.0,0.0,0.0,-0.003333333181217313,1,-0.003333333181217313
,academy_3_vs_1_with_keeper,42,collect_rollout,2731,0,17,-0.003333333181217313,False,False,0.0,0.0,0,0,0,0.0,0.0,0.0,0.0,-0.003333333181217313,1,-0.003333333181217313
,academy_3_vs_1_with_keeper,42,collect_rollout,2732,0,14,0.029216517694294453,False,False,0.0,0.0,0,0,0,0.0,0.0,0.0,0.0,0.029216517694294453,1,0.029216517694294453
,academy_3_vs_1_with_keeper,42,collect_rollout,2733,0,17,-0.006666666362434626,False,False,0.0,0.0,0,0,0,0.0,0.0,0.0,0.0,-0.006666666362434626,1,-0.006666666362434626
,academy_3_vs_1_with_keeper,42,collect_rollout,2734,0,16,0.0,False,False,0.0,0.0,0,0,0,0.0,0.0,0.0,0.0,0.0,1,0.0
,academy_3_vs_1_with_keeper,42,collect_rollout,2735,0,19,-0.003333333181217313,False,False,0.0,0.0,0,0,0,0.0,0.0,0.0,0.0,-0.003333333181217313,1,-0.003333333181217313
,academy_3_vs_1_with_keeper,42,collect_rollout,2736,0,11,0.02322623902000487,False,False,0.0,0.0,0,0,0,0.0,0.0,0.0,0.0,0.02322623902000487,1,0.02322623902000487
,academy_3_vs_1_with_keeper,42,collect_rollout,2737,0,13,0.018947968492284417,False,False,0.0,0.0,0,0,0,0.0,0.0,0.0,0.0,0.018947968492284417,1,0.018947968492284417
,academy_3_vs_1_with_keeper,42,collect_rollout,2738,0,18,0.0,False,False,0.0,0.0,0,0,0,0.0,0.0,0.0,0.0,0.0,1,0.0
,academy_3_vs_1_with_keeper,42,collect_rollout,2739,0,16,-0.006666666362434626,False,False,0.0,0.0,0,0,0,0.0,0.0,0.0,0.0,-0.006666666362434626,1,-0.006666666362434626
,academy_3_vs_1_with_keeper,42,collect_rollout,2740,0,15,0.025655622128397226,False,False,0.0,0.0,0,0,0,0.0,0.0,0.0,0.0,0.025655622128397226,1,0.025655622128397226
,academy_3_vs_1_with_keeper,42,collect_rollout,2741,0,50,0.054008382256142795,False,False,0.0,0.0,0,0,0,0.0,0.0,0.0,0.0,0.054008382256142795,1,0.054008382256142795
,academy_3_vs_1_with_keeper,42,collect_rollout,2742,0,11,0.03679803293198347,False,False,0.0,0.0,0,0,0,0.0,0.0,0.0,0.0,0.03679803293198347,1,0.03679803293198347
,academy_3_vs_1_with_keeper,42,collect_rollout,2743,0,19,-0.009999999543651938,False,False,0.0,0.0,0,0,0,0.0,0.0,0.0,0.0,-0.009999999543651938,1,-0.009999999543651938
,academy_3_vs_1_with_keeper,42,collect_rollout,2744,0,17,0.0,False,False,0.0,0.0,0,0,0,0.0,0.0,0.0,0.0,0.0,1,0.0
,academy_3_vs_1_with_keeper,42,collect_rollout,2745,0,58,-0.10467174230143428,False,False,0.0,0.0,0,0,0,0.0,0.0,0.0,0.0,-0.10467174230143428,1,-0.10467174230143428
,academy_3_vs_1_with_keeper,42,collect_rollout,2746,0,88,-0.2795179723761976,False,False,0.0,0.0,0,0,0,0.0,0.0,0.0,0.0,-0.2795179723761976,1,-0.2795179723761976
,academy_3_vs_1_with_keeper,42,collect_rollout,2747,0,22,-0.003333333181217313,False,False,0.0,0.0,0,0,0,0.0,0.0,0.0,0.0,-0.003333333181217313,1,-0.003333333181217313
,academy_3_vs_1_with_keeper,42,collect_rollout,2748,0,22,-0.003333333181217313,False,False,0.0,0.0,0,0,0,0.0,0.0,0.0,0.0,-0.003333333181217313,1,-0.003333333181217313
,academy_3_vs_1_with_keeper,42,collect_rollout,2749,0,38,0.12193483609007671,False,False,0.0,0.0,0,0,0,0.0,0.0,0.0,0.0,0.12193483609007671,1,0.12193483609007671
,academy_3_vs_1_with_keeper,42,collect_rollout,2750,0,16,-0.003333333181217313,False,False,0.0,0.0,0,0,0,0.0,0.0,0.0,0.0,-0.003333333181217313,1,-0.003333333181217313
,academy_3_vs_1_with_keeper,42,collect_rollout,2751,0,91,0.022966196018387564,False,False,0.0,0.0,0,0,0,0.0,0.0,0.0,0.0,0.022966196018387564,1,0.022966196018387564
,academy_3_vs_1_with_keeper,42,collect_rollout,2752,0,34,2.135158864664845,False,False,0.0,0.0,0,0,0,0.0,0.0,0.0,0.0,2.135158864664845,1,2.135158864664845
,academy_3_vs_1_with_keeper,42,collect_rollout,2753,0,90,0.29444070963654667,False,False,0.0,0.0,0,0,0,0.0,0.0,0.0,0.0,0.29444070963654667,1,0.29444070963654667
,academy_3_vs_1_with_keeper,42,collect_rollout,2754,0,16,-0.003333333181217313,False,False,0.0,0.0,0,0,0,0.0,0.0,0.0,0.0,-0.003333333181217313,1,-0.003333333181217313
,academy_3_vs_1_with_keeper,42,collect_rollout,2755,0,11,0.02384208736475557,False,False,0.0,0.0,0,0,0,0.0,0.0,0.0,0.0,0.02384208736475557,1,0.02384208736475557
,academy_3_vs_1_with_keeper,42,collect_rollout,2756,0,17,-0.003333333181217313,False,False,0.0,0.0,0,0,0,0.0,0.0,0.0,0.0,-0.003333333181217313,1,-0.003333333181217313
,academy_3_vs_1_with_keeper,42,collect_rollout,2757,0,134,0.05864446819759905,False,False,0.0,0.0,0,0,0,0.0,0.0,0.0,0.0,0.05864446819759905,1,0.05864446819759905
,academy_3_vs_1_with_keeper,42,collect_rollout,2758,0,7,0.044095500372350216,False,False,0.0,0.0,0,0,0,0.0,0.0,0.0,0.0,0.044095500372350216,1,0.044095500372350216
,academy_3_vs_1_with_keeper,42,collect_rollout,2759,0,22,-0.003333333181217313,False,False,0.0,0.0,0,0,0,0.0,0.0,0.0,0.0,-0.003333333181217313,1,-0.003333333181217313
,academy_3_vs_1_with_keeper,42,collect_rollout,2760,0,17,0.0,False,False,0.0,0.0,0,0,0,0.0,0.0,0.0,0.0,0.0,1,0.0
,academy_3_vs_1_with_keeper,42,collect_rollout,2761,0,40,0.054967074654996395,False,False,0.0,0.0,0,0,0,0.0,0.0,0.0,0.0,0.054967074654996395,1,0.054967074654996395
,academy_3_vs_1_with_keeper,42,collect_rollout,2762,0,33,0.055344273743685335,False,False,0.0,0.0,0,0,0,0.0,0.0,0.0,0.0,0.055344273743685335,1,0.055344273743685335
,academy_3_vs_1_with_keeper,42,collect_rollout,2763,0,11,0.023598321247845888,False,False,0.0,0.0,0,0,0,0.0,0.0,0.0,0.0,0.023598321247845888,1,0.023598321247845888
,academy_3_vs_1_with_keeper,42,collect_rollout,2764,0,8,0.03727404912933707,False,False,0.0,0.0,0,0,0,0.0,0.0,0.0,0.0,0.03727404912933707,1,0.03727404912933707
,academy_3_vs_1_with_keeper,42,collect_rollout,2765,0,33,0.06813736601179698,False,False,0.0,0.0,0,0,0,0.0,0.0,0.0,0.0,0.06813736601179698,1,0.06813736601179698
,academy_3_vs_1_with_keeper,42,collect_rollout,2766,0,22,-0.006666666362434626,False,False,0.0,0.0,0,0,0,0.0,0.0,0.0,0.0,-0.006666666362434626,1,-0.006666666362434626
,academy_3_vs_1_with_keeper,42,collect_rollout,2767,0,15,-0.003333333181217313,False,False,0.0,0.0,0,0,0,0.0,0.0,0.0,0.0,-0.003333333181217313,1,-0.003333333181217313
,academy_3_vs_1_with_keeper,42,collect_rollout,2768,0,20,0.0,False,False,0.0,0.0,0,0,0,0.0,0.0,0.0,0.0,0.0,1,0.0
,academy_3_vs_1_with_keeper,42,collect_rollout,2769,0,51,-0.07471895997878164,False,False,0.0,0.0,0,0,0,0.0,0.0,0.0,0.0,-0.07471895997878164,1,-0.07471895997878164
,academy_3_vs_1_with_keeper,42,collect_rollout,2770,0,37,0.08549399144249037,False,False,0.0,0.0,0,0,0,0.0,0.0,0.0,0.0,0.08549399144249037,1,0.08549399144249037
,academy_3_vs_1_with_keeper,42,collect_rollout,2771,0,18,-0.006666666362434626,False,False,0.0,0.0,0,0,0,0.0,0.0,0.0,0.0,-0.006666666362434626,1,-0.006666666362434626
,academy_3_vs_1_with_keeper,42,collect_rollout,2772,0,10,0.03257838328136131,False,False,0.0,0.0,0,0,0,0.0,0.0,0.0,0.0,0.03257838328136131,1,0.03257838328136131
,academy_3_vs_1_with_keeper,42,collect_rollout,2773,0,85,0.07756783138029277,False,False,0.0,0.0,0,0,0,0.0,0.0,0.0,0.0,0.07756783138029277,1,0.07756783138029277
,academy_3_vs_1_with_keeper,42,collect_rollout,2774,0,19,-0.003333333181217313,False,False,0.0,0.0,0,0,0,0.0,0.0,0.0,0.0,-0.003333333181217313,1,-0.003333333181217313
,academy_3_vs_1_with_keeper,42,collect_rollout,2775,0,10,0.03525275900028646,False,False,0.0,0.0,0,0,0,0.0,0.0,0.0,0.0,0.03525275900028646,1,0.03525275900028646
,academy_3_vs_1_with_keeper,42,collect_rollout,2776,0,22,-0.006666666362434626,False,False,0.0,0.0,0,0,0,0.0,0.0,0.0,0.0,-0.006666666362434626,1,-0.006666666362434626
,academy_3_vs_1_with_keeper,42,collect_rollout,2777,0,18,-0.006666666362434626,False,False,0.0,0.0,0,0,0,0.0,0.0,0.0,0.0,-0.006666666362434626,1,-0.006666666362434626
,academy_3_vs_1_with_keeper,42,collect_rollout,2778,0,7,0.04219190822914243,False,False,0.0,0.0,0,0,0,0.0,0.0,0.0,0.0,0.04219190822914243,1,0.04219190822914243
,academy_3_vs_1_with_keeper,42,collect_rollout,2779,0,19,0.0,False,False,0.0,0.0,0,0,0,0.0,0.0,0.0,0.0,0.0,1,0.0
,academy_3_vs_1_with_keeper,42,collect_rollout,2780,0,54,-0.1823797159595415,False,False,0.0,0.0,0,0,0,0.0,0.0,0.0,0.0,-0.1823797159595415,1,-0.1823797159595415
,academy_3_vs_1_with_keeper,42,collect_rollout,2781,0,8,0.043300381395965815,False,False,0.0,0.0,0,0,0,0.0,0.0,0.0,0.0,0.043300381395965815,1,0.043300381395965815
,academy_3_vs_1_with_keeper,42,collect_rollout,2782,0,91,0.11018348258221522,False,False,0.0,0.0,0,0,0,0.0,0.0,0.0,0.0,0.11018348258221522,1,0.11018348258221522
,academy_3_vs_1_with_keeper,42,collect_rollout,2783,0,35,0.07170072244480252,False,False,0.0,0.0,0,0,0,0.0,0.0,0.0,0.0,0.07170072244480252,1,0.07170072244480252
,academy_3_vs_1_with_keeper,42,collect_rollout,2784,0,18,-0.009999999543651938,False,False,0.0,0.0,0,0,0,0.0,0.0,0.0,0.0,-0.009999999543651938,1,-0.009999999543651938
,academy_3_vs_1_with_keeper,42,collect_rollout,2785,0,45,-0.004142751393374056,False,False,0.0,0.0,0,0,0,0.0,0.0,0.0,0.0,-0.004142751393374056,1,-0.004142751393374056
,academy_3_vs_1_with_keeper,42,collect_rollout,2786,0,20,0.0,False,False,0.0,0.0,0,0,0,0.0,0.0,0.0,0.0,0.0,1,0.0
,academy_3_vs_1_with_keeper,42,collect_rollout,2787,0,10,0.038884464534930885,False,False,0.0,0.0,0,0,0,0.0,0.0,0.0,0.0,0.038884464534930885,1,0.038884464534930885
,academy_3_vs_1_with_keeper,42,collect_rollout,2788,0,13,0.010880125686526299,False,False,0.0,0.0,0,0,0,0.0,0.0,0.0,0.0,0.010880125686526299,1,0.010880125686526299
,academy_3_vs_1_with_keeper,42,collect_rollout,2789,0,20,-0.006666666362434626,False,False,0.0,0.0,0,0,0,0.0,0.0,0.0,0.0,-0.006666666362434626,1,-0.006666666362434626
,academy_3_vs_1_with_keeper,42,collect_rollout,2790,0,15,0.0,False,False,0.0,0.0,0,0,0,0.0,0.0,0.0,0.0,0.0,1,0.0
,academy_3_vs_1_with_keeper,42,collect_rollout,2791,0,87,0.06732111346173042,False,False,0.0,0.0,0,0,0,0.0,0.0,0.0,0.0,0.06732111346173042,1,0.06732111346173042
,academy_3_vs_1_with_keeper,42,collect_rollout,2792,0,21,-0.006666666362434626,False,False,0.0,0.0,0,0,0,0.0,0.0,0.0,0.0,-0.006666666362434626,1,-0.006666666362434626
,academy_3_vs_1_with_keeper,42,collect_rollout,2793,0,16,0.016784942417871207,False,False,0.0,0.0,0,0,0,0.0,0.0,0.0,0.0,0.016784942417871207,1,0.016784942417871207
,academy_3_vs_1_with_keeper,42,collect_rollout,2794,0,31,0.09497551363892853,False,False,0.0,0.0,0,0,0,0.0,0.0,0.0,0.0,0.09497551363892853,1,0.09497551363892853
,academy_3_vs_1_with_keeper,42,collect_rollout,2795,0,17,0.0,False,False,0.0,0.0,0,0,0,0.0,0.0,0.0,0.0,0.0,1,0.0
,academy_3_vs_1_with_keeper,42,collect_rollout,2796,0,18,-0.013333332724869251,False,False,0.0,0.0,0,0,0,0.0,0.0,0.0,0.0,-0.013333332724869251,1,-0.013333332724869251
,academy_3_vs_1_with_keeper,42,collect_rollout,2797,0,30,2.1237518689013086,False,False,0.0,0.0,0,0,0,0.0,0.0,0.0,0.0,2.1237518689013086,1,2.1237518689013086
,academy_3_vs_1_with_keeper,42,collect_rollout,2798,0,87,-0.3549317587749101,False,False,0.0,0.0,0,0,0,0.0,0.0,0.0,0.0,-0.3549317587749101,1,-0.3549317587749101
,academy_3_vs_1_with_keeper,42,collect_rollout,2799,0,14,0.0,False,False,0.0,0.0,0,0,0,0.0,0.0,0.0,0.0,0.0,1,0.0
,academy_3_vs_1_with_keeper,42,collect_rollout,2800,0,17,-0.009999999543651938,False,False,0.0,0.0,0,0,0,0.0,0.0,0.0,0.0,-0.009999999543651938,1,-0.009999999543651938
,academy_3_vs_1_with_keeper,42,collect_rollout,2801,0,16,-0.019999999087303877,False,False,0.0,0.0,0,0,0,0.0,0.0,0.0,0.0,-0.019999999087303877,1,-0.019999999087303877
,academy_3_vs_1_with_keeper,42,collect_rollout,2802,0,19,-0.006666666362434626,False,False,0.0,0.0,0,0,0,0.0,0.0,0.0,0.0,-0.006666666362434626,1,-0.006666666362434626
,academy_3_vs_1_with_keeper,42,collect_rollout,2803,0,18,0.0,False,False,0.0,0.0,0,0,0,0.0,0.0,0.0,0.0,0.0,1,0.0
,academy_3_vs_1_with_keeper,42,collect_rollout,2804,0,6,0.0466539659537375,False,False,0.0,0.0,0,0,0,0.0,0.0,0.0,0.0,0.0466539659537375,1,0.0466539659537375
,academy_3_vs_1_with_keeper,42,collect_rollout,2805,0,18,0.0,False,False,0.0,0.0,0,0,0,0.0,0.0,0.0,0.0,0.0,1,0.0
,academy_3_vs_1_with_keeper,42,collect_rollout,2806,0,21,-0.009999999543651938,False,False,0.0,0.0,0,0,0,0.0,0.0,0.0,0.0,-0.009999999543651938,1,-0.009999999543651938
,academy_3_vs_1_with_keeper,42,collect_rollout,2807,0,14,0.018039570888504386,False,False,0.0,0.0,0,0,0,0.0,0.0,0.0,0.0,0.018039570888504386,1,0.018039570888504386
,academy_3_vs_1_with_keeper,42,collect_rollout,2808,0,26,2.1416918833274394,False,False,0.0,0.0,0,0,0,0.0,0.0,0.0,0.0,2.1416918833274394,1,2.1416918833274394
,academy_3_vs_1_with_keeper,42,collect_rollout,2809,0,17,-0.009999999543651938,False,False,0.0,0.0,0,0,0,0.0,0.0,0.0,0.0,-0.009999999543651938,1,-0.009999999543651938
,academy_3_vs_1_with_keeper,42,collect_rollout,2810,0,40,0.06507460528519005,False,False,0.0,0.0,0,0,0,0.0,0.0,0.0,0.0,0.06507460528519005,1,0.06507460528519005
,academy_3_vs_1_with_keeper,42,collect_rollout,2811,0,32,0.10923803120385855,False,False,0.0,0.0,0,0,0,0.0,0.0,0.0,0.0,0.10923803120385855,1,0.10923803120385855
,academy_3_vs_1_with_keeper,42,collect_rollout,2812,0,16,-0.003333333181217313,False,False,0.0,0.0,0,0,0,0.0,0.0,0.0,0.0,-0.003333333181217313,1,-0.003333333181217313
,academy_3_vs_1_with_keeper,42,collect_rollout,2813,0,40,0.021032609767644317,False,False,0.0,0.0,0,0,0,0.0,0.0,0.0,0.0,0.021032609767644317,1,0.021032609767644317
,academy_3_vs_1_with_keeper,42,collect_rollout,2814,0,27,0.11538090510293841,False,False,0.0,0.0,0,0,0,0.0,0.0,0.0,0.0,0.11538090510293841,1,0.11538090510293841
,academy_3_vs_1_with_keeper,42,collect_rollout,2815,0,23,2.1269934056326747,False,False,0.0,0.0,0,0,0,0.0,0.0,0.0,0.0,2.1269934056326747,1,2.1269934056326747
,academy_3_vs_1_with_keeper,42,collect_rollout,2816,0,18,-0.006666666362434626,False,False,0.0,0.0,0,0,0,0.0,0.0,0.0,0.0,-0.006666666362434626,1,-0.006666666362434626
,academy_3_vs_1_with_keeper,42,collect_rollout,2817,0,30,0.10840467631351203,False,False,0.0,0.0,0,0,0,0.0,0.0,0.0,0.0,0.10840467631351203,1,0.10840467631351203
,academy_3_vs_1_with_keeper,42,collect_rollout,2818,0,10,0.04088786581996828,False,False,0.0,0.0,0,0,0,0.0,0.0,0.0,0.0,0.04088786581996828,1,0.04088786581996828
,academy_3_vs_1_with_keeper,42,collect_rollout,2819,0,48,-0.02820145385339856,False,False,0.0,0.0,0,0,0,0.0,0.0,0.0,0.0,-0.02820145385339856,1,-0.02820145385339856
,academy_3_vs_1_with_keeper,42,collect_rollout,2820,0,16,-0.003333333181217313,False,False,0.0,0.0,0,0,0,0.0,0.0,0.0,0.0,-0.003333333181217313,1,-0.003333333181217313
,academy_3_vs_1_with_keeper,42,collect_rollout,2821,0,21,-0.003333333181217313,False,False,0.0,0.0,0,0,0,0.0,0.0,0.0,0.0,-0.003333333181217313,1,-0.003333333181217313
,academy_3_vs_1_with_keeper,42,collect_rollout,2822,0,14,0.02056559268385172,False,False,0.0,0.0,0,0,0,0.0,0.0,0.0,0.0,0.02056559268385172,1,0.02056559268385172
,academy_3_vs_1_with_keeper,42,collect_rollout,2823,0,26,2.134416252723895,False,False,0.0,0.0,0,0,0,0.0,0.0,0.0,0.0,2.134416252723895,1,2.134416252723895
,academy_3_vs_1_with_keeper,42,collect_rollout,2824,0,11,0.02071063732728362,False,False,0.0,0.0,0,0,0,0.0,0.0,0.0,0.0,0.02071063732728362,1,0.02071063732728362
,academy_3_vs_1_with_keeper,42,collect_rollout,2825,0,10,0.019205455435439944,False,False,0.0,0.0,0,0,0,0.0,0.0,0.0,0.0,0.019205455435439944,1,0.019205455435439944
,academy_3_vs_1_with_keeper,42,collect_rollout,2826,0,9,0.04036050941795111,False,False,0.0,0.0,0,0,0,0.0,0.0,0.0,0.0,0.04036050941795111,1,0.04036050941795111
,academy_3_vs_1_with_keeper,42,collect_rollout,2827,0,19,0.0,False,False,0.0,0.0,0,0,0,0.0,0.0,0.0,0.0,0.0,1,0.0
,academy_3_vs_1_with_keeper,42,collect_rollout,2828,0,49,0.022066696488764137,False,False,0.0,0.0,0,0,0,0.0,0.0,0.0,0.0,0.022066696488764137,1,0.022066696488764137
,academy_3_vs_1_with_keeper,42,collect_rollout,2829,0,41,0.07161824788636295,False,False,0.0,0.0,0,0,0,0.0,0.0,0.0,0.0,0.07161824788636295,1,0.07161824788636295
,academy_3_vs_1_with_keeper,42,collect_rollout,2830,0,15,0.016392265912145376,False,False,0.0,0.0,0,0,0,0.0,0.0,0.0,0.0,0.016392265912145376,1,0.016392265912145376
,academy_3_vs_1_with_keeper,42,collect_rollout,2831,0,20,-0.003333333181217313,False,False,0.0,0.0,0,0,0,0.0,0.0,0.0,0.0,-0.003333333181217313,1,-0.003333333181217313
,academy_3_vs_1_with_keeper,42,collect_rollout,2832,0,24,-0.013333332724869251,False,False,0.0,0.0,0,0,0,0.0,0.0,0.0,0.0,-0.013333332724869251,1,-0.013333332724869251
,academy_3_vs_1_with_keeper,42,collect_rollout,2833,0,28,0.10957583598792553,False,False,0.0,0.0,0,0,0,0.0,0.0,0.0,0.0,0.10957583598792553,1,0.10957583598792553
,academy_3_vs_1_with_keeper,42,collect_rollout,2834,0,34,2.111998973879963,False,False,0.0,0.0,0,0,0,0.0,0.0,0.0,0.0,2.111998973879963,1,2.111998973879963
,academy_3_vs_1_with_keeper,42,collect_rollout,2835,0,22,-0.009999999543651938,False,False,0.0,0.0,0,0,0,0.0,0.0,0.0,0.0,-0.009999999543651938,1,-0.009999999543651938
,academy_3_vs_1_with_keeper,42,collect_rollout,2836,0,12,0.024844989413395524,False,False,0.0,0.0,0,0,0,0.0,0.0,0.0,0.0,0.024844989413395524,1,0.024844989413395524
,academy_3_vs_1_with_keeper,42,collect_rollout,2837,0,66,-0.028233526991243707,False,False,0.0,0.0,0,0,0,0.0,0.0,0.0,0.0,-0.028233526991243707,1,-0.028233526991243707
,academy_3_vs_1_with_keeper,42,collect_rollout,2838,0,45,0.057389095578400884,False,False,0.0,0.0,0,0,0,0.0,0.0,0.0,0.0,0.057389095578400884,1,0.057389095578400884
,academy_3_vs_1_with_keeper,42,collect_rollout,2839,0,20,-0.009999999543651938,False,False,0.0,0.0,0,0,0,0.0,0.0,0.0,0.0,-0.009999999543651938,1,-0.009999999543651938
,academy_3_vs_1_with_keeper,42,collect_rollout,2840,0,26,0.10394334359443747,False,False,0.0,0.0,0,0,0,0.0,0.0,0.0,0.0,0.10394334359443747,1,0.10394334359443747
,academy_3_vs_1_with_keeper,42,collect_rollout,2841,0,15,-0.003333333181217313,False,False,0.0,0.0,0,0,0,0.0,0.0,0.0,0.0,-0.003333333181217313,1,-0.003333333181217313
,academy_3_vs_1_with_keeper,42,collect_rollout,2842,0,48,0.061973517294973135,False,False,0.0,0.0,0,0,0,0.0,0.0,0.0,0.0,0.061973517294973135,1,0.061973517294973135
,academy_3_vs_1_with_keeper,42,collect_rollout,2843,0,54,2.101008638710482,False,False,0.0,0.0,0,0,0,0.0,0.0,0.0,0.0,2.101008638710482,1,2.101008638710482
,academy_3_vs_1_with_keeper,42,collect_rollout,2844,0,19,-0.009999999543651938,False,False,0.0,0.0,0,0,0,0.0,0.0,0.0,0.0,-0.009999999543651938,1,-0.009999999543651938
,academy_3_vs_1_with_keeper,42,collect_rollout,2845,0,87,0.04326422182202805,False,False,0.0,0.0,0,0,0,0.0,0.0,0.0,0.0,0.04326422182202805,1,0.04326422182202805
,academy_3_vs_1_with_keeper,42,collect_rollout,2846,0,54,0.015330523834563792,False,False,0.0,0.0,0,0,0,0.0,0.0,0.0,0.0,0.015330523834563792,1,0.015330523834563792
,academy_3_vs_1_with_keeper,42,collect_rollout,2847,0,21,-0.006666666362434626,False,False,0.0,0.0,0,0,0,0.0,0.0,0.0,0.0,-0.006666666362434626,1,-0.006666666362434626
,academy_3_vs_1_with_keeper,42,collect_rollout,2848,0,43,-0.026201070402748883,False,False,0.0,0.0,0,0,0,0.0,0.0,0.0,0.0,-0.026201070402748883,1,-0.026201070402748883
,academy_3_vs_1_with_keeper,42,collect_rollout,2849,0,18,-0.013333332724869251,False,False,0.0,0.0,0,0,0,0.0,0.0,0.0,0.0,-0.013333332724869251,1,-0.013333332724869251
,academy_3_vs_1_with_keeper,42,collect_rollout,2850,0,52,0.004823454713914543,False,False,0.0,0.0,0,0,0,0.0,0.0,0.0,0.0,0.004823454713914543,1,0.004823454713914543
,academy_3_vs_1_with_keeper,42,collect_rollout,2851,0,12,0.019999834592454135,False,False,0.0,0.0,0,0,0,0.0,0.0,0.0,0.0,0.019999834592454135,1,0.019999834592454135
,academy_3_vs_1_with_keeper,42,collect_rollout,2852,0,30,0.10354070318862796,False,False,0.0,0.0,0,0,0,0.0,0.0,0.0,0.0,0.10354070318862796,1,0.10354070318862796
,academy_3_vs_1_with_keeper,42,collect_rollout,2853,0,15,-0.009999999543651938,False,False,0.0,0.0,0,0,0,0.0,0.0,0.0,0.0,-0.009999999543651938,1,-0.009999999543651938
,academy_3_vs_1_with_keeper,42,collect_rollout,2854,0,8,0.052366118878126144,False,False,0.0,0.0,0,0,0,0.0,0.0,0.0,0.0,0.052366118878126144,1,0.052366118878126144
,academy_3_vs_1_with_keeper,42,collect_rollout,2855,0,82,0.1030816292623058,False,False,0.0,0.0,0,0,0,0.0,0.0,0.0,0.0,0.1030816292623058,1,0.1030816292623058
,academy_3_vs_1_with_keeper,42,collect_rollout,2856,0,22,-0.009999999543651938,False,False,0.0,0.0,0,0,0,0.0,0.0,0.0,0.0,-0.009999999543651938,1,-0.009999999543651938
,academy_3_vs_1_with_keeper,42,collect_rollout,2857,0,34,0.07739051466342062,False,False,0.0,0.0,0,0,0,0.0,0.0,0.0,0.0,0.07739051466342062,1,0.07739051466342062
,academy_3_vs_1_with_keeper,42,collect_rollout,2858,0,95,-0.41403775673825294,False,False,0.0,0.0,0,0,0,0.0,0.0,0.0,0.0,-0.41403775673825294,1,-0.41403775673825294
,academy_3_vs_1_with_keeper,42,collect_rollout,2859,0,86,0.09529683066648431,False,False,0.0,0.0,0,0,0,0.0,0.0,0.0,0.0,0.09529683066648431,1,0.09529683066648431
,academy_3_vs_1_with_keeper,42,collect_rollout,2860,0,46,0.11057761288248003,False,False,0.0,0.0,0,0,0,0.0,0.0,0.0,0.0,0.11057761288248003,1,0.11057761288248003
,academy_3_vs_1_with_keeper,42,collect_rollout,2861,0,22,-0.006666666362434626,False,False,0.0,0.0,0,0,0,0.0,0.0,0.0,0.0,-0.006666666362434626,1,-0.006666666362434626
,academy_3_vs_1_with_keeper,42,collect_rollout,2862,0,11,0.03817231662105769,False,False,0.0,0.0,0,0,0,0.0,0.0,0.0,0.0,0.03817231662105769,1,0.03817231662105769
,academy_3_vs_1_with_keeper,42,collect_rollout,2863,0,17,0.0,False,False,0.0,0.0,0,0,0,0.0,0.0,0.0,0.0,0.0,1,0.0
,academy_3_vs_1_with_keeper,42,collect_rollout,2864,0,85,0.10631181008648127,False,False,0.0,0.0,0,0,0,0.0,0.0,0.0,0.0,0.10631181008648127,1,0.10631181008648127
,academy_3_vs_1_with_keeper,42,collect_rollout,2865,0,16,-0.0007668219041079283,False,False,0.0,0.0,0,0,0,0.0,0.0,0.0,0.0,-0.0007668219041079283,1,-0.0007668219041079283
,academy_3_vs_1_with_keeper,42,collect_rollout,2866,0,30,2.1308624296216294,False,False,0.0,0.0,0,0,0,0.0,0.0,0.0,0.0,2.1308624296216294,1,2.1308624296216294
,academy_3_vs_1_with_keeper,42,collect_rollout,2867,0,36,0.12488600861979648,False,False,0.0,0.0,0,0,0,0.0,0.0,0.0,0.0,0.12488600861979648,1,0.12488600861979648
,academy_3_vs_1_with_keeper,42,collect_rollout,2868,0,19,-0.006666666362434626,False,False,0.0,0.0,0,0,0,0.0,0.0,0.0,0.0,-0.006666666362434626,1,-0.006666666362434626
,academy_3_vs_1_with_keeper,42,collect_rollout,2869,0,19,-0.009999999543651938,False,False,0.0,0.0,0,0,0,0.0,0.0,0.0,0.0,-0.009999999543651938,1,-0.009999999543651938
,academy_3_vs_1_with_keeper,42,collect_rollout,2870,0,43,-0.011461140005849302,False,False,0.0,0.0,0,0,0,0.0,0.0,0.0,0.0,-0.011461140005849302,1,-0.011461140005849302
,academy_3_vs_1_with_keeper,42,collect_rollout,2871,0,16,-0.003333333181217313,False,False,0.0,0.0,0,0,0,0.0,0.0,0.0,0.0,-0.003333333181217313,1,-0.003333333181217313
,academy_3_vs_1_with_keeper,42,collect_rollout,2872,0,15,-0.009999999543651938,False,False,0.0,0.0,0,0,0,0.0,0.0,0.0,0.0,-0.009999999543651938,1,-0.009999999543651938
,academy_3_vs_1_with_keeper,42,collect_rollout,2873,0,94,0.05712280931038549,False,False,0.0,0.0,0,0,0,0.0,0.0,0.0,0.0,0.05712280931038549,1,0.05712280931038549
,academy_3_vs_1_with_keeper,42,collect_rollout,2874,0,19,2.1424952193628997,False,False,0.0,0.0,0,0,0,0.0,0.0,0.0,0.0,2.1424952193628997,1,2.1424952193628997
,academy_3_vs_1_with_keeper,42,collect_rollout,2875,0,17,-0.009999999543651938,False,False,0.0,0.0,0,0,0,0.0,0.0,0.0,0.0,-0.009999999543651938,1,-0.009999999543651938
,academy_3_vs_1_with_keeper,42,collect_rollout,2876,0,10,0.021258044813293964,False,False,0.0,0.0,0,0,0,0.0,0.0,0.0,0.0,0.021258044813293964,1,0.021258044813293964
,academy_3_vs_1_with_keeper,42,collect_rollout,2877,0,47,2.0662033513654023,False,False,0.0,0.0,0,0,0,0.0,0.0,0.0,0.0,2.0662033513654023,1,2.0662033513654023
,academy_3_vs_1_with_keeper,42,collect_rollout,2878,0,19,-0.006666666362434626,False,False,0.0,0.0,0,0,0,0.0,0.0,0.0,0.0,-0.006666666362434626,1,-0.006666666362434626
,academy_3_vs_1_with_keeper,42,collect_rollout,2879,0,17,0.0,False,False,0.0,0.0,0,0,0,0.0,0.0,0.0,0.0,0.0,1,0.0
,academy_3_vs_1_with_keeper,42,collect_rollout,2880,0,22,-0.009999999543651938,False,False,0.0,0.0,0,0,0,0.0,0.0,0.0,0.0,-0.009999999543651938,1,-0.009999999543651938
,academy_3_vs_1_with_keeper,42,collect_rollout,2881,0,19,-0.003333333181217313,False,False,0.0,0.0,0,0,0,0.0,0.0,0.0,0.0,-0.003333333181217313,1,-0.003333333181217313
,academy_3_vs_1_with_keeper,42,collect_rollout,2882,0,26,0.1136666004313156,False,False,0.0,0.0,0,0,0,0.0,0.0,0.0,0.0,0.1136666004313156,1,0.1136666004313156
,academy_3_vs_1_with_keeper,42,collect_rollout,2883,0,11,0.012642135145142674,False,False,0.0,0.0,0,0,0,0.0,0.0,0.0,0.0,0.012642135145142674,1,0.012642135145142674
,academy_3_vs_1_with_keeper,42,collect_rollout,2884,0,20,0.11964532727142796,False,False,0.0,0.0,0,0,0,0.0,0.0,0.0,0.0,0.11964532727142796,1,0.11964532727142796
,academy_3_vs_1_with_keeper,42,collect_rollout,2885,0,36,0.07166420099383686,False,False,0.0,0.0,0,0,0,0.0,0.0,0.0,0.0,0.07166420099383686,1,0.07166420099383686
,academy_3_vs_1_with_keeper,42,collect_rollout,2886,0,15,0.0,False,False,0.0,0.0,0,0,0,0.0,0.0,0.0,0.0,0.0,1,0.0
,academy_3_vs_1_with_keeper,42,collect_rollout,2887,0,33,0.09039543149992824,False,False,0.0,0.0,0,0,0,0.0,0.0,0.0,0.0,0.09039543149992824,1,0.09039543149992824
,academy_3_vs_1_with_keeper,42,collect_rollout,2888,0,49,0.07404341822257265,False,False,0.0,0.0,0,0,0,0.0,0.0,0.0,0.0,0.07404341822257265,1,0.07404341822257265
,academy_3_vs_1_with_keeper,42,collect_rollout,2889,0,7,0.02505040867254138,False,False,0.0,0.0,0,0,0,0.0,0.0,0.0,0.0,0.02505040867254138,1,0.02505040867254138
,academy_3_vs_1_with_keeper,42,collect_rollout,2890,0,28,0.12447515001986176,False,False,0.0,0.0,0,0,0,0.0,0.0,0.0,0.0,0.12447515001986176,1,0.12447515001986176
,academy_3_vs_1_with_keeper,42,collect_rollout,2891,0,11,0.03411553747719154,False,False,0.0,0.0,0,0,0,0.0,0.0,0.0,0.0,0.03411553747719154,1,0.03411553747719154
,academy_3_vs_1_with_keeper,42,collect_rollout,2892,0,51,0.050081974593922496,False,False,0.0,0.0,0,0,0,0.0,0.0,0.0,0.0,0.050081974593922496,1,0.050081974593922496
,academy_3_vs_1_with_keeper,42,collect_rollout,2893,0,8,0.026164018781855702,False,False,0.0,0.0,0,0,0,0.0,0.0,0.0,0.0,0.026164018781855702,1,0.026164018781855702
,academy_3_vs_1_with_keeper,42,collect_rollout,2894,0,84,-0.07540504161443096,False,False,0.0,0.0,0,0,0,0.0,0.0,0.0,0.0,-0.07540504161443096,1,-0.07540504161443096
,academy_3_vs_1_with_keeper,42,collect_rollout,2895,0,16,-0.009999999543651938,False,False,0.0,0.0,0,0,0,0.0,0.0,0.0,0.0,-0.009999999543651938,1,-0.009999999543651938
,academy_3_vs_1_with_keeper,42,collect_rollout,2896,0,17,-0.016666665906086564,False,False,0.0,0.0,0,0,0,0.0,0.0,0.0,0.0,-0.016666665906086564,1,-0.016666665906086564
,academy_3_vs_1_with_keeper,42,collect_rollout,2897,0,20,-0.009999999543651938,False,False,0.0,0.0,0,0,0,0.0,0.0,0.0,0.0,-0.009999999543651938,1,-0.009999999543651938
,academy_3_vs_1_with_keeper,42,collect_rollout,2898,0,13,0.010580923408269882,False,False,0.0,0.0,0,0,0,0.0,0.0,0.0,0.0,0.010580923408269882,1,0.010580923408269882
,academy_3_vs_1_with_keeper,42,collect_rollout,2899,0,20,0.1035320304799825,False,False,0.0,0.0,0,0,0,0.0,0.0,0.0,0.0,0.1035320304799825,1,0.1035320304799825
,academy_3_vs_1_with_keeper,42,collect_rollout,2900,0,17,-0.003333333181217313,False,False,0.0,0.0,0,0,0,0.0,0.0,0.0,0.0,-0.003333333181217313,1,-0.003333333181217313
,academy_3_vs_1_with_keeper,42,collect_rollout,2901,0,21,-0.013333332724869251,False,False,0.0,0.0,0,0,0,0.0,0.0,0.0,0.0,-0.013333332724869251,1,-0.013333332724869251
,academy_3_vs_1_with_keeper,42,collect_rollout,2902,0,14,0.015151318919379264,False,False,0.0,0.0,0,0,0,0.0,0.0,0.0,0.0,0.015151318919379264,1,0.015151318919379264
,academy_3_vs_1_with_keeper,42,collect_rollout,2903,0,36,2.087157360285346,False,False,0.0,0.0,0,0,0,0.0,0.0,0.0,0.0,2.087157360285346,1,2.087157360285346
,academy_3_vs_1_with_keeper,42,collect_rollout,2904,0,22,-0.003333333181217313,False,False,0.0,0.0,0,0,0,0.0,0.0,0.0,0.0,-0.003333333181217313,1,-0.003333333181217313
,academy_3_vs_1_with_keeper,42,collect_rollout,2905,0,12,0.040798751753754914,False,False,0.0,0.0,0,0,0,0.0,0.0,0.0,0.0,0.040798751753754914,1,0.040798751753754914
,academy_3_vs_1_with_keeper,42,collect_rollout,2906,0,16,-0.003333333181217313,False,False,0.0,0.0,0,0,0,0.0,0.0,0.0,0.0,-0.003333333181217313,1,-0.003333333181217313
,academy_3_vs_1_with_keeper,42,collect_rollout,2907,0,37,0.0685997016262263,False,False,0.0,0.0,0,0,0,0.0,0.0,0.0,0.0,0.0685997016262263,1,0.0685997016262263
,academy_3_vs_1_with_keeper,42,collect_rollout,2908,0,33,2.0980956677813083,False,False,0.0,0.0,0,0,0,0.0,0.0,0.0,0.0,2.0980956677813083,1,2.0980956677813083
,academy_3_vs_1_with_keeper,42,collect_rollout,2909,0,35,0.08205198444193229,False,False,0.0,0.0,0,0,0,0.0,0.0,0.0,0.0,0.08205198444193229,1,0.08205198444193229
,academy_3_vs_1_with_keeper,42,collect_rollout,2910,0,12,0.02622388582676649,False,False,0.0,0.0,0,0,0,0.0,0.0,0.0,0.0,0.02622388582676649,1,0.02622388582676649
,academy_3_vs_1_with_keeper,42,collect_rollout,2911,0,19,-0.006666666362434626,False,False,0.0,0.0,0,0,0,0.0,0.0,0.0,0.0,-0.006666666362434626,1,-0.006666666362434626
,academy_3_vs_1_with_keeper,42,collect_rollout,2912,0,39,-0.015377832110971212,False,False,0.0,0.0,0,0,0,0.0,0.0,0.0,0.0,-0.015377832110971212,1,-0.015377832110971212
,academy_3_vs_1_with_keeper,42,collect_rollout,2913,0,19,-0.009999999543651938,False,False,0.0,0.0,0,0,0,0.0,0.0,0.0,0.0,-0.009999999543651938,1,-0.009999999543651938
,academy_3_vs_1_with_keeper,42,collect_rollout,2914,0,18,-0.003333333181217313,False,False,0.0,0.0,0,0,0,0.0,0.0,0.0,0.0,-0.003333333181217313,1,-0.003333333181217313
,academy_3_vs_1_with_keeper,42,collect_rollout,2915,0,19,2.116943098604679,False,False,0.0,0.0,0,0,0,0.0,0.0,0.0,0.0,2.116943098604679,1,2.116943098604679
,academy_3_vs_1_with_keeper,42,collect_rollout,2916,0,11,0.019423702266067266,False,False,0.0,0.0,0,0,0,0.0,0.0,0.0,0.0,0.019423702266067266,1,0.019423702266067266
,academy_3_vs_1_with_keeper,42,collect_rollout,2917,0,14,0.018089905061060563,False,False,0.0,0.0,0,0,0,0.0,0.0,0.0,0.0,0.018089905061060563,1,0.018089905061060563
,academy_3_vs_1_with_keeper,42,collect_rollout,2918,0,17,0.018584030447527766,False,False,0.0,0.0,0,0,0,0.0,0.0,0.0,0.0,0.018584030447527766,1,0.018584030447527766
,academy_3_vs_1_with_keeper,42,collect_rollout,2919,0,16,-0.003333333181217313,False,False,0.0,0.0,0,0,0,0.0,0.0,0.0,0.0,-0.003333333181217313,1,-0.003333333181217313
,academy_3_vs_1_with_keeper,42,collect_rollout,2920,0,18,-0.003333333181217313,False,False,0.0,0.0,0,0,0,0.0,0.0,0.0,0.0,-0.003333333181217313,1,-0.003333333181217313
,academy_3_vs_1_with_keeper,42,collect_rollout,2921,0,31,0.08477906172629446,False,False,0.0,0.0,0,0,0,0.0,0.0,0.0,0.0,0.08477906172629446,1,0.08477906172629446
,academy_3_vs_1_with_keeper,42,collect_rollout,2922,0,43,0.09263985275174491,False,False,0.0,0.0,0,0,0,0.0,0.0,0.0,0.0,0.09263985275174491,1,0.09263985275174491
,academy_3_vs_1_with_keeper,42,collect_rollout,2923,0,20,-0.009999999543651938,False,False,0.0,0.0,0,0,0,0.0,0.0,0.0,0.0,-0.009999999543651938,1,-0.009999999543651938
,academy_3_vs_1_with_keeper,42,collect_rollout,2924,0,22,-0.006666666362434626,False,False,0.0,0.0,0,0,0,0.0,0.0,0.0,0.0,-0.006666666362434626,1,-0.006666666362434626
,academy_3_vs_1_with_keeper,42,collect_rollout,2925,0,15,-0.006666666362434626,False,False,0.0,0.0,0,0,0,0.0,0.0,0.0,0.0,-0.006666666362434626,1,-0.006666666362434626
,academy_3_vs_1_with_keeper,42,collect_rollout,2926,0,29,2.113463698187843,False,False,0.0,0.0,0,0,0,0.0,0.0,0.0,0.0,2.113463698187843,1,2.113463698187843
,academy_3_vs_1_with_keeper,42,collect_rollout,2927,0,19,-0.016666665906086564,False,False,0.0,0.0,0,0,0,0.0,0.0,0.0,0.0,-0.016666665906086564,1,-0.016666665906086564
,academy_3_vs_1_with_keeper,42,collect_rollout,2928,0,8,0.03400060161948204,False,False,0.0,0.0,0,0,0,0.0,0.0,0.0,0.0,0.03400060161948204,1,0.03400060161948204
,academy_3_vs_1_with_keeper,42,collect_rollout,2929,0,9,0.036990173743106425,False,False,0.0,0.0,0,0,0,0.0,0.0,0.0,0.0,0.036990173743106425,1,0.036990173743106425
,academy_3_vs_1_with_keeper,42,collect_rollout,2930,0,19,-0.013333332724869251,False,False,0.0,0.0,0,0,0,0.0,0.0,0.0,0.0,-0.013333332724869251,1,-0.013333332724869251
,academy_3_vs_1_with_keeper,42,collect_rollout,2931,0,8,0.021783334552310407,False,False,0.0,0.0,0,0,0,0.0,0.0,0.0,0.0,0.021783334552310407,1,0.021783334552310407
,academy_3_vs_1_with_keeper,42,collect_rollout,2932,0,21,-0.006666666362434626,False,False,0.0,0.0,0,0,0,0.0,0.0,0.0,0.0,-0.006666666362434626,1,-0.006666666362434626
,academy_3_vs_1_with_keeper,42,collect_rollout,2933,0,26,0.10096165770664811,False,False,0.0,0.0,0,0,0,0.0,0.0,0.0,0.0,0.10096165770664811,1,0.10096165770664811
,academy_3_vs_1_with_keeper,42,collect_rollout,2934,0,19,-0.003333333181217313,False,False,0.0,0.0,0,0,0,0.0,0.0,0.0,0.0,-0.003333333181217313,1,-0.003333333181217313
,academy_3_vs_1_with_keeper,42,collect_rollout,2935,0,16,0.00843177072238177,False,False,0.0,0.0,0,0,0,0.0,0.0,0.0,0.0,0.00843177072238177,1,0.00843177072238177
,academy_3_vs_1_with_keeper,42,collect_rollout,2936,0,78,2.569159701157332,False,False,0.0,0.0,0,0,0,0.0,0.0,0.0,0.0,2.569159701157332,1,2.569159701157332
,academy_3_vs_1_with_keeper,42,collect_rollout,2937,0,8,0.026064263773150742,False,False,0.0,0.0,0,0,0,0.0,0.0,0.0,0.0,0.026064263773150742,1,0.026064263773150742
,academy_3_vs_1_with_keeper,42,collect_rollout,2938,0,54,-0.0520073298830539,False,False,0.0,0.0,0,0,0,0.0,0.0,0.0,0.0,-0.0520073298830539,1,-0.0520073298830539
,academy_3_vs_1_with_keeper,42,collect_rollout,2939,0,90,0.02373780359630473,False,False,0.0,0.0,0,0,0,0.0,0.0,0.0,0.0,0.02373780359630473,1,0.02373780359630473
,academy_3_vs_1_with_keeper,42,collect_rollout,2940,0,32,2.1016202778555453,False,False,0.0,0.0,0,0,0,0.0,0.0,0.0,0.0,2.1016202778555453,1,2.1016202778555453
,academy_3_vs_1_with_keeper,42,collect_rollout,2941,0,16,-0.009999999543651938,False,False,0.0,0.0,0,0,0,0.0,0.0,0.0,0.0,-0.009999999543651938,1,-0.009999999543651938
,academy_3_vs_1_with_keeper,42,collect_rollout,2942,0,27,0.10743390303105116,False,False,0.0,0.0,0,0,0,0.0,0.0,0.0,0.0,0.10743390303105116,1,0.10743390303105116
,academy_3_vs_1_with_keeper,42,collect_rollout,2943,0,22,-0.026666665449738503,False,False,0.0,0.0,0,0,0,0.0,0.0,0.0,0.0,-0.026666665449738503,1,-0.026666665449738503
,academy_3_vs_1_with_keeper,42,collect_rollout,2944,0,22,-0.003333333181217313,False,False,0.0,0.0,0,0,0,0.0,0.0,0.0,0.0,-0.003333333181217313,1,-0.003333333181217313
,academy_3_vs_1_with_keeper,42,collect_rollout,2945,0,14,0.01437041093595326,False,False,0.0,0.0,0,0,0,0.0,0.0,0.0,0.0,0.01437041093595326,1,0.01437041093595326
,academy_3_vs_1_with_keeper,42,collect_rollout,2946,0,17,-0.013333332724869251,False,False,0.0,0.0,0,0,0,0.0,0.0,0.0,0.0,-0.013333332724869251,1,-0.013333332724869251
,academy_3_vs_1_with_keeper,42,collect_rollout,2947,0,15,-0.003333333181217313,False,False,0.0,0.0,0,0,0,0.0,0.0,0.0,0.0,-0.003333333181217313,1,-0.003333333181217313
,academy_3_vs_1_with_keeper,42,collect_rollout,2948,0,20,-0.016666665906086564,False,False,0.0,0.0,0,0,0,0.0,0.0,0.0,0.0,-0.016666665906086564,1,-0.016666665906086564
,academy_3_vs_1_with_keeper,42,collect_rollout,2949,0,82,0.0691571709321579,False,False,0.0,0.0,0,0,0,0.0,0.0,0.0,0.0,0.0691571709321579,1,0.0691571709321579
,academy_3_vs_1_with_keeper,42,collect_rollout,2950,0,14,0.03714694909285754,False,False,0.0,0.0,0,0,0,0.0,0.0,0.0,0.0,0.03714694909285754,1,0.03714694909285754
,academy_3_vs_1_with_keeper,42,collect_rollout,2951,0,16,0.0,False,False,0.0,0.0,0,0,0,0.0,0.0,0.0,0.0,0.0,1,0.0
,academy_3_vs_1_with_keeper,42,collect_rollout,2952,0,34,2.1365952335763723,False,False,0.0,0.0,0,0,0,0.0,0.0,0.0,0.0,2.1365952335763723,1,2.1365952335763723
,academy_3_vs_1_with_keeper,42,collect_rollout,2953,0,20,-0.013333332724869251,False,False,0.0,0.0,0,0,0,0.0,0.0,0.0,0.0,-0.013333332724869251,1,-0.013333332724869251
,academy_3_vs_1_with_keeper,42,collect_rollout,2954,0,17,-0.008545133518055081,False,False,0.0,0.0,0,0,0,0.0,0.0,0.0,0.0,-0.008545133518055081,1,-0.008545133518055081
,academy_3_vs_1_with_keeper,42,collect_rollout,2955,0,45,0.07420131890103221,False,False,0.0,0.0,0,0,0,0.0,0.0,0.0,0.0,0.07420131890103221,1,0.07420131890103221
,academy_3_vs_1_with_keeper,42,collect_rollout,2956,0,49,0.0029393392615020275,False,False,0.0,0.0,0,0,0,0.0,0.0,0.0,0.0,0.0029393392615020275,1,0.0029393392615020275
,academy_3_vs_1_with_keeper,42,collect_rollout,2957,0,17,-0.006666666362434626,False,False,0.0,0.0,0,0,0,0.0,0.0,0.0,0.0,-0.006666666362434626,1,-0.006666666362434626
,academy_3_vs_1_with_keeper,42,collect_rollout,2958,0,19,-0.009999999543651938,False,False,0.0,0.0,0,0,0,0.0,0.0,0.0,0.0,-0.009999999543651938,1,-0.009999999543651938
,academy_3_vs_1_with_keeper,42,collect_rollout,2959,0,20,2.131209963001311,False,False,0.0,0.0,0,0,0,0.0,0.0,0.0,0.0,2.131209963001311,1,2.131209963001311
,academy_3_vs_1_with_keeper,42,collect_rollout,2960,0,16,0.00948898191563785,False,False,0.0,0.0,0,0,0,0.0,0.0,0.0,0.0,0.00948898191563785,1,0.00948898191563785
,academy_3_vs_1_with_keeper,42,collect_rollout,2961,0,19,-0.006666666362434626,False,False,0.0,0.0,0,0,0,0.0,0.0,0.0,0.0,-0.006666666362434626,1,-0.006666666362434626
,academy_3_vs_1_with_keeper,42,collect_rollout,2962,0,22,-0.006666666362434626,False,False,0.0,0.0,0,0,0,0.0,0.0,0.0,0.0,-0.006666666362434626,1,-0.006666666362434626
,academy_3_vs_1_with_keeper,42,collect_rollout,2963,0,15,-0.009999999543651938,False,False,0.0,0.0,0,0,0,0.0,0.0,0.0,0.0,-0.009999999543651938,1,-0.009999999543651938
,academy_3_vs_1_with_keeper,42,collect_rollout,2964,0,33,2.0734756390593247,False,False,0.0,0.0,0,0,0,0.0,0.0,0.0,0.0,2.0734756390593247,1,2.0734756390593247
,academy_3_vs_1_with_keeper,42,collect_rollout,2965,0,14,-0.00547673914115876,False,False,0.0,0.0,0,0,0,0.0,0.0,0.0,0.0,-0.00547673914115876,1,-0.00547673914115876
,academy_3_vs_1_with_keeper,42,collect_rollout,2966,0,37,0.029308566241525114,False,False,0.0,0.0,0,0,0,0.0,0.0,0.0,0.0,0.029308566241525114,1,0.029308566241525114
,academy_3_vs_1_with_keeper,42,collect_rollout,2967,0,21,-0.006666666362434626,False,False,0.0,0.0,0,0,0,0.0,0.0,0.0,0.0,-0.006666666362434626,1,-0.006666666362434626
,academy_3_vs_1_with_keeper,42,collect_rollout,2968,0,19,-0.009999999543651938,False,False,0.0,0.0,0,0,0,0.0,0.0,0.0,0.0,-0.009999999543651938,1,-0.009999999543651938
,academy_3_vs_1_with_keeper,42,collect_rollout,2969,0,15,0.0,False,False,0.0,0.0,0,0,0,0.0,0.0,0.0,0.0,0.0,1,0.0
,academy_3_vs_1_with_keeper,42,collect_rollout,2970,0,9,0.01882926980033517,False,False,0.0,0.0,0,0,0,0.0,0.0,0.0,0.0,0.01882926980033517,1,0.01882926980033517
,academy_3_vs_1_with_keeper,42,collect_rollout,2971,0,48,0.11121097358409315,False,False,0.0,0.0,0,0,0,0.0,0.0,0.0,0.0,0.11121097358409315,1,0.11121097358409315
,academy_3_vs_1_with_keeper,42,collect_rollout,2972,0,20,0.10915253998246044,False,False,0.0,0.0,0,0,0,0.0,0.0,0.0,0.0,0.10915253998246044,1,0.10915253998246044
,academy_3_vs_1_with_keeper,42,collect_rollout,2973,0,22,0.0,False,False,0.0,0.0,0,0,0,0.0,0.0,0.0,0.0,0.0,1,0.0
,academy_3_vs_1_with_keeper,42,collect_rollout,2974,0,44,0.10813512897584587,False,False,0.0,0.0,0,0,0,0.0,0.0,0.0,0.0,0.10813512897584587,1,0.10813512897584587
,academy_3_vs_1_with_keeper,42,collect_rollout,2975,0,33,2.0945548939562286,False,False,0.0,0.0,0,0,0,0.0,0.0,0.0,0.0,2.0945548939562286,1,2.0945548939562286
,academy_3_vs_1_with_keeper,42,collect_rollout,2976,0,14,-0.006666666362434626,False,False,0.0,0.0,0,0,0,0.0,0.0,0.0,0.0,-0.006666666362434626,1,-0.006666666362434626
,academy_3_vs_1_with_keeper,42,collect_rollout,2977,0,11,0.022847149521112442,False,False,0.0,0.0,0,0,0,0.0,0.0,0.0,0.0,0.022847149521112442,1,0.022847149521112442
,academy_3_vs_1_with_keeper,42,collect_rollout,2978,0,18,-0.003333333181217313,False,False,0.0,0.0,0,0,0,0.0,0.0,0.0,0.0,-0.003333333181217313,1,-0.003333333181217313
,academy_3_vs_1_with_keeper,42,collect_rollout,2979,0,83,0.10266382771078497,False,False,0.0,0.0,0,0,0,0.0,0.0,0.0,0.0,0.10266382771078497,1,0.10266382771078497
,academy_3_vs_1_with_keeper,42,collect_rollout,2980,0,19,-0.003333333181217313,False,False,0.0,0.0,0,0,0,0.0,0.0,0.0,0.0,-0.003333333181217313,1,-0.003333333181217313
,academy_3_vs_1_with_keeper,42,collect_rollout,2981,0,26,0.10084642120637,False,False,0.0,0.0,0,0,0,0.0,0.0,0.0,0.0,0.10084642120637,1,0.10084642120637
,academy_3_vs_1_with_keeper,42,collect_rollout,2982,0,28,2.116195499431342,False,False,0.0,0.0,0,0,0,0.0,0.0,0.0,0.0,2.116195499431342,1,2.116195499431342
,academy_3_vs_1_with_keeper,42,collect_rollout,2983,0,22,-0.013333332724869251,False,False,0.0,0.0,0,0,0,0.0,0.0,0.0,0.0,-0.013333332724869251,1,-0.013333332724869251
,academy_3_vs_1_with_keeper,42,collect_rollout,2984,0,27,2.1362734240246937,False,False,0.0,0.0,0,0,0,0.0,0.0,0.0,0.0,2.1362734240246937,1,2.1362734240246937
,academy_3_vs_1_with_keeper,42,collect_rollout,2985,0,18,-0.009999999543651938,False,False,0.0,0.0,0,0,0,0.0,0.0,0.0,0.0,-0.009999999543651938,1,-0.009999999543651938
,academy_3_vs_1_with_keeper,42,collect_rollout,2986,0,17,-0.006666666362434626,False,False,0.0,0.0,0,0,0,0.0,0.0,0.0,0.0,-0.006666666362434626,1,-0.006666666362434626
,academy_3_vs_1_with_keeper,42,collect_rollout,2987,0,18,-0.013333332724869251,False,False,0.0,0.0,0,0,0,0.0,0.0,0.0,0.0,-0.013333332724869251,1,-0.013333332724869251
,academy_3_vs_1_with_keeper,42,collect_rollout,2988,0,20,2.154775358736515,False,False,0.0,0.0,0,0,0,0.0,0.0,0.0,0.0,2.154775358736515,1,2.154775358736515
,academy_3_vs_1_with_keeper,42,collect_rollout,2989,0,36,0.13437904190504923,False,False,0.0,0.0,0,0,0,0.0,0.0,0.0,0.0,0.13437904190504923,1,0.13437904190504923
,academy_3_vs_1_with_keeper,42,collect_rollout,2990,0,21,-0.013333332724869251,False,False,0.0,0.0,0,0,0,0.0,0.0,0.0,0.0,-0.013333332724869251,1,-0.013333332724869251
,academy_3_vs_1_with_keeper,42,collect_rollout,2991,0,18,2.1141165266744792,False,False,0.0,0.0,0,0,0,0.0,0.0,0.0,0.0,2.1141165266744792,1,2.1141165266744792
,academy_3_vs_1_with_keeper,42,collect_rollout,2992,0,15,0.017048988724127412,False,False,0.0,0.0,0,0,0,0.0,0.0,0.0,0.0,0.017048988724127412,1,0.017048988724127412
,academy_3_vs_1_with_keeper,42,collect_rollout,2993,0,9,0.017338383477181196,False,False,0.0,0.0,0,0,0,0.0,0.0,0.0,0.0,0.017338383477181196,1,0.017338383477181196
,academy_3_vs_1_with_keeper,42,collect_rollout,2994,0,20,-0.009999999543651938,False,False,0.0,0.0,0,0,0,0.0,0.0,0.0,0.0,-0.009999999543651938,1,-0.009999999543651938
,academy_3_vs_1_with_keeper,42,collect_rollout,2995,0,94,0.013275315592181869,False,False,0.0,0.0,0,0,0,0.0,0.0,0.0,0.0,0.013275315592181869,1,0.013275315592181869
,academy_3_vs_1_with_keeper,42,collect_rollout,2996,0,21,-0.009999999543651938,False,False,0.0,0.0,0,0,0,0.0,0.0,0.0,0.0,-0.009999999543651938,1,-0.009999999543651938
,academy_3_vs_1_with_keeper,42,collect_rollout,2997,0,37,0.08360922848805785,False,False,0.0,0.0,0,0,0,0.0,0.0,0.0,0.0,0.08360922848805785,1,0.08360922848805785
,academy_3_vs_1_with_keeper,42,collect_rollout,2998,0,58,-0.07961362274363637,False,False,0.0,0.0,0,0,0,0.0,0.0,0.0,0.0,-0.07961362274363637,1,-0.07961362274363637
,academy_3_vs_1_with_keeper,42,collect_rollout,2999,0,19,-0.009999999543651938,False,False,0.0,0.0,0,0,0,0.0,0.0,0.0,0.0,-0.009999999543651938,1,-0.009999999543651938
,academy_3_vs_1_with_keeper,42,collect_rollout,3000,0,18,-0.019999999087303877,False,False,0.0,0.0,0,0,0,0.0,0.0,0.0,0.0,-0.019999999087303877,1,-0.019999999087303877
,academy_3_vs_1_with_keeper,42,collect_rollout,3001,0,31,0.11748285382054746,False,False,0.0,0.0,0,0,0,0.0,0.0,0.0,0.0,0.11748285382054746,1,0.11748285382054746
,academy_3_vs_1_with_keeper,42,collect_rollout,3002,0,20,-0.013333332724869251,False,False,0.0,0.0,0,0,0,0.0,0.0,0.0,0.0,-0.013333332724869251,1,-0.013333332724869251
,academy_3_vs_1_with_keeper,42,collect_rollout,3003,0,12,0.020112223457545042,False,False,0.0,0.0,0,0,0,0.0,0.0,0.0,0.0,0.020112223457545042,1,0.020112223457545042
,academy_3_vs_1_with_keeper,42,collect_rollout,3004,0,32,2.1020838794647716,False,False,0.0,0.0,0,0,0,0.0,0.0,0.0,0.0,2.1020838794647716,1,2.1020838794647716
,academy_3_vs_1_with_keeper,42,collect_rollout,3005,0,16,0.008380290397326462,False,False,0.0,0.0,0,0,0,0.0,0.0,0.0,0.0,0.008380290397326462,1,0.008380290397326462
,academy_3_vs_1_with_keeper,42,collect_rollout,3006,0,19,-0.013333332724869251,False,False,0.0,0.0,0,0,0,0.0,0.0,0.0,0.0,-0.013333332724869251,1,-0.013333332724869251
,academy_3_vs_1_with_keeper,42,collect_rollout,3007,0,12,0.023916305042803288,False,False,0.0,0.0,0,0,0,0.0,0.0,0.0,0.0,0.023916305042803288,1,0.023916305042803288
,academy_3_vs_1_with_keeper,42,collect_rollout,3008,0,21,-0.009999999543651938,False,False,0.0,0.0,0,0,0,0.0,0.0,0.0,0.0,-0.009999999543651938,1,-0.009999999543651938
,academy_3_vs_1_with_keeper,42,collect_rollout,3009,0,19,-0.003333333181217313,False,False,0.0,0.0,0,0,0,0.0,0.0,0.0,0.0,-0.003333333181217313,1,-0.003333333181217313
,academy_3_vs_1_with_keeper,42,collect_rollout,3010,0,43,0.11387123365420848,False,False,0.0,0.0,0,0,0,0.0,0.0,0.0,0.0,0.11387123365420848,1,0.11387123365420848
,academy_3_vs_1_with_keeper,42,collect_rollout,3011,0,18,-0.006666666362434626,False,False,0.0,0.0,0,0,0,0.0,0.0,0.0,0.0,-0.006666666362434626,1,-0.006666666362434626
,academy_3_vs_1_with_keeper,42,collect_rollout,3012,0,11,0.028490691678598523,False,False,0.0,0.0,0,0,0,0.0,0.0,0.0,0.0,0.028490691678598523,1,0.028490691678598523
,academy_3_vs_1_with_keeper,42,collect_rollout,3013,0,12,0.01932759874034673,False,False,0.0,0.0,0,0,0,0.0,0.0,0.0,0.0,0.01932759874034673,1,0.01932759874034673
,academy_3_vs_1_with_keeper,42,collect_rollout,3014,0,20,-0.013333332724869251,False,False,0.0,0.0,0,0,0,0.0,0.0,0.0,0.0,-0.013333332724869251,1,-0.013333332724869251
,academy_3_vs_1_with_keeper,42,collect_rollout,3015,0,17,-0.013333332724869251,False,False,0.0,0.0,0,0,0,0.0,0.0,0.0,0.0,-0.013333332724869251,1,-0.013333332724869251
,academy_3_vs_1_with_keeper,42,collect_rollout,3016,0,17,-0.003333333181217313,False,False,0.0,0.0,0,0,0,0.0,0.0,0.0,0.0,-0.003333333181217313,1,-0.003333333181217313
,academy_3_vs_1_with_keeper,42,collect_rollout,3017,0,41,0.05716254224535078,False,False,0.0,0.0,0,0,0,0.0,0.0,0.0,0.0,0.05716254224535078,1,0.05716254224535078
,academy_3_vs_1_with_keeper,42,collect_rollout,3018,0,85,0.0855090341065079,False,False,0.0,0.0,0,0,0,0.0,0.0,0.0,0.0,0.0855090341065079,1,0.0855090341065079
,academy_3_vs_1_with_keeper,42,collect_rollout,3019,0,22,-0.013333332724869251,False,False,0.0,0.0,0,0,0,0.0,0.0,0.0,0.0,-0.013333332724869251,1,-0.013333332724869251
,academy_3_vs_1_with_keeper,42,collect_rollout,3020,0,29,0.09378687548451126,False,False,0.0,0.0,0,0,0,0.0,0.0,0.0,0.0,0.09378687548451126,1,0.09378687548451126
,academy_3_vs_1_with_keeper,42,collect_rollout,3021,0,52,-0.006666666362434626,False,False,0.0,0.0,0,0,0,0.0,0.0,0.0,0.0,-0.006666666362434626,1,-0.006666666362434626
,academy_3_vs_1_with_keeper,42,collect_rollout,3022,0,17,-0.006666666362434626,False,False,0.0,0.0,0,0,0,0.0,0.0,0.0,0.0,-0.006666666362434626,1,-0.006666666362434626
,academy_3_vs_1_with_keeper,42,collect_rollout,3023,0,20,0.0,False,False,0.0,0.0,0,0,0,0.0,0.0,0.0,0.0,0.0,1,0.0
,academy_3_vs_1_with_keeper,42,collect_rollout,3024,0,21,2.1292624371126294,False,False,0.0,0.0,0,0,0,0.0,0.0,0.0,0.0,2.1292624371126294,1,2.1292624371126294
,academy_3_vs_1_with_keeper,42,collect_rollout,3025,0,17,-0.006666666362434626,False,False,0.0,0.0,0,0,0,0.0,0.0,0.0,0.0,-0.006666666362434626,1,-0.006666666362434626
,academy_3_vs_1_with_keeper,42,collect_rollout,3026,0,24,-0.003333333181217313,False,False,0.0,0.0,0,0,0,0.0,0.0,0.0,0.0,-0.003333333181217313,1,-0.003333333181217313
,academy_3_vs_1_with_keeper,42,collect_rollout,3027,0,11,0.04202817031182349,False,False,0.0,0.0,0,0,0,0.0,0.0,0.0,0.0,0.04202817031182349,1,0.04202817031182349
,academy_3_vs_1_with_keeper,42,collect_rollout,3028,0,47,2.1096382609393913,False,False,0.0,0.0,0,0,0,0.0,0.0,0.0,0.0,2.1096382609393913,1,2.1096382609393913
,academy_3_vs_1_with_keeper,42,collect_rollout,3029,0,31,2.13859711936675,False,False,0.0,0.0,0,0,0,0.0,0.0,0.0,0.0,2.13859711936675,1,2.13859711936675
,academy_3_vs_1_with_keeper,42,collect_rollout,3030,0,17,-0.003333333181217313,False,False,0.0,0.0,0,0,0,0.0,0.0,0.0,0.0,-0.003333333181217313,1,-0.003333333181217313
,academy_3_vs_1_with_keeper,42,collect_rollout,3031,0,16,0.0,False,False,0.0,0.0,0,0,0,0.0,0.0,0.0,0.0,0.0,1,0.0
,academy_3_vs_1_with_keeper,42,collect_rollout,3032,0,19,-0.006666666362434626,False,False,0.0,0.0,0,0,0,0.0,0.0,0.0,0.0,-0.006666666362434626,1,-0.006666666362434626
,academy_3_vs_1_with_keeper,42,collect_rollout,3033,0,35,0.06233315041754395,False,False,0.0,0.0,0,0,0,0.0,0.0,0.0,0.0,0.06233315041754395,1,0.06233315041754395
,academy_3_vs_1_with_keeper,42,collect_rollout,3034,0,12,0.007347849430516362,False,False,0.0,0.0,0,0,0,0.0,0.0,0.0,0.0,0.007347849430516362,1,0.007347849430516362
,academy_3_vs_1_with_keeper,42,collect_rollout,3035,0,13,0.019089191337116063,False,False,0.0,0.0,0,0,0,0.0,0.0,0.0,0.0,0.019089191337116063,1,0.019089191337116063
,academy_3_vs_1_with_keeper,42,collect_rollout,3036,0,16,-0.006666666362434626,False,False,0.0,0.0,0,0,0,0.0,0.0,0.0,0.0,-0.006666666362434626,1,-0.006666666362434626
,academy_3_vs_1_with_keeper,42,collect_rollout,3037,0,85,0.0833909873617813,False,False,0.0,0.0,0,0,0,0.0,0.0,0.0,0.0,0.0833909873617813,1,0.0833909873617813
,academy_3_vs_1_with_keeper,42,collect_rollout,3038,0,12,0.018036335182841867,False,False,0.0,0.0,0,0,0,0.0,0.0,0.0,0.0,0.018036335182841867,1,0.018036335182841867
,academy_3_vs_1_with_keeper,42,collect_rollout,3039,0,33,0.05968549721001182,False,False,0.0,0.0,0,0,0,0.0,0.0,0.0,0.0,0.05968549721001182,1,0.05968549721001182
,academy_3_vs_1_with_keeper,42,collect_rollout,3040,0,11,0.019756199792027473,False,False,0.0,0.0,0,0,0,0.0,0.0,0.0,0.0,0.019756199792027473,1,0.019756199792027473
,academy_3_vs_1_with_keeper,42,collect_rollout,3041,0,19,2.1271378707606345,False,False,0.0,0.0,0,0,0,0.0,0.0,0.0,0.0,2.1271378707606345,1,2.1271378707606345
,academy_3_vs_1_with_keeper,42,collect_rollout,3042,0,34,0.10572189424419776,False,False,0.0,0.0,0,0,0,0.0,0.0,0.0,0.0,0.10572189424419776,1,0.10572189424419776
,academy_3_vs_1_with_keeper,42,collect_rollout,3043,0,6,0.03591687511652708,False,False,0.0,0.0,0,0,0,0.0,0.0,0.0,0.0,0.03591687511652708,1,0.03591687511652708
,academy_3_vs_1_with_keeper,42,collect_rollout,3044,0,16,0.003587956540286541,False,False,0.0,0.0,0,0,0,0.0,0.0,0.0,0.0,0.003587956540286541,1,0.003587956540286541
,academy_3_vs_1_with_keeper,42,collect_rollout,3045,0,20,-0.016666665906086564,False,False,0.0,0.0,0,0,0,0.0,0.0,0.0,0.0,-0.016666665906086564,1,-0.016666665906086564
,academy_3_vs_1_with_keeper,42,collect_rollout,3046,0,11,0.027181545738130808,False,False,0.0,0.0,0,0,0,0.0,0.0,0.0,0.0,0.027181545738130808,1,0.027181545738130808
,academy_3_vs_1_with_keeper,42,collect_rollout,3047,0,24,-0.016666665906086564,False,False,0.0,0.0,0,0,0,0.0,0.0,0.0,0.0,-0.016666665906086564,1,-0.016666665906086564
,academy_3_vs_1_with_keeper,42,collect_rollout,3048,0,81,0.07541379990288988,False,False,0.0,0.0,0,0,0,0.0,0.0,0.0,0.0,0.07541379990288988,1,0.07541379990288988
,academy_3_vs_1_with_keeper,42,collect_rollout,3049,0,16,0.0038988403975963593,False,False,0.0,0.0,0,0,0,0.0,0.0,0.0,0.0,0.0038988403975963593,1,0.0038988403975963593
,academy_3_vs_1_with_keeper,42,collect_rollout,3050,0,17,-0.009999999543651938,False,False,0.0,0.0,0,0,0,0.0,0.0,0.0,0.0,-0.009999999543651938,1,-0.009999999543651938
,academy_3_vs_1_with_keeper,42,collect_rollout,3051,0,17,0.0,False,False,0.0,0.0,0,0,0,0.0,0.0,0.0,0.0,0.0,1,0.0
,academy_3_vs_1_with_keeper,42,collect_rollout,3052,0,14,-0.0015201682108454406,False,False,0.0,0.0,0,0,0,0.0,0.0,0.0,0.0,-0.0015201682108454406,1,-0.0015201682108454406
,academy_3_vs_1_with_keeper,42,collect_rollout,3053,0,20,2.1284816602710634,False,False,0.0,0.0,0,0,0,0.0,0.0,0.0,0.0,2.1284816602710634,1,2.1284816602710634
,academy_3_vs_1_with_keeper,42,collect_rollout,3054,0,30,2.093801847891882,False,False,0.0,0.0,0,0,0,0.0,0.0,0.0,0.0,2.093801847891882,1,2.093801847891882
,academy_3_vs_1_with_keeper,42,collect_rollout,3055,0,28,2.11384262656793,False,False,0.0,0.0,0,0,0,0.0,0.0,0.0,0.0,2.11384262656793,1,2.11384262656793
,academy_3_vs_1_with_keeper,42,collect_rollout,3056,0,17,-0.013333332724869251,False,False,0.0,0.0,0,0,0,0.0,0.0,0.0,0.0,-0.013333332724869251,1,-0.013333332724869251
,academy_3_vs_1_with_keeper,42,collect_rollout,3057,0,27,0.12035719654522836,False,False,0.0,0.0,0,0,0,0.0,0.0,0.0,0.0,0.12035719654522836,1,0.12035719654522836
,academy_3_vs_1_with_keeper,42,collect_rollout,3058,0,18,-0.003333333181217313,False,False,0.0,0.0,0,0,0,0.0,0.0,0.0,0.0,-0.003333333181217313,1,-0.003333333181217313
,academy_3_vs_1_with_keeper,42,collect_rollout,3059,0,14,0.02253913471940905,False,False,0.0,0.0,0,0,0,0.0,0.0,0.0,0.0,0.02253913471940905,1,0.02253913471940905
,academy_3_vs_1_with_keeper,42,collect_rollout,3060,0,14,-0.006666666362434626,False,False,0.0,0.0,0,0,0,0.0,0.0,0.0,0.0,-0.006666666362434626,1,-0.006666666362434626
,academy_3_vs_1_with_keeper,42,collect_rollout,3061,0,11,0.013973974389955401,False,False,0.0,0.0,0,0,0,0.0,0.0,0.0,0.0,0.013973974389955401,1,0.013973974389955401
,academy_3_vs_1_with_keeper,42,collect_rollout,3062,0,24,-0.009999999543651938,False,False,0.0,0.0,0,0,0,0.0,0.0,0.0,0.0,-0.009999999543651938,1,-0.009999999543651938
,academy_3_vs_1_with_keeper,42,collect_rollout,3063,0,22,-0.003333333181217313,False,False,0.0,0.0,0,0,0,0.0,0.0,0.0,0.0,-0.003333333181217313,1,-0.003333333181217313
,academy_3_vs_1_with_keeper,42,collect_rollout,3064,0,16,-0.003333333181217313,False,False,0.0,0.0,0,0,0,0.0,0.0,0.0,0.0,-0.003333333181217313,1,-0.003333333181217313
,academy_3_vs_1_with_keeper,42,collect_rollout,3065,0,11,0.02849944308400154,False,False,0.0,0.0,0,0,0,0.0,0.0,0.0,0.0,0.02849944308400154,1,0.02849944308400154
,academy_3_vs_1_with_keeper,42,collect_rollout,3066,0,17,-0.026666665682569146,False,False,0.0,0.0,0,0,0,0.0,0.0,0.0,0.0,-0.026666665682569146,1,-0.026666665682569146
,academy_3_vs_1_with_keeper,42,collect_rollout,3067,0,27,2.1300919043133035,False,False,0.0,0.0,0,0,0,0.0,0.0,0.0,0.0,2.1300919043133035,1,2.1300919043133035
,academy_3_vs_1_with_keeper,42,collect_rollout,3068,0,19,-0.006666666362434626,False,False,0.0,0.0,0,0,0,0.0,0.0,0.0,0.0,-0.006666666362434626,1,-0.006666666362434626
,academy_3_vs_1_with_keeper,42,collect_rollout,3069,0,18,-0.03333333181217313,False,False,0.0,0.0,0,0,0,0.0,0.0,0.0,0.0,-0.03333333181217313,1,-0.03333333181217313
,academy_3_vs_1_with_keeper,42,collect_rollout,3070,0,33,0.10032483757095179,False,False,0.0,0.0,0,0,0,0.0,0.0,0.0,0.0,0.10032483757095179,1,0.10032483757095179
,academy_3_vs_1_with_keeper,42,collect_rollout,3071,0,18,-0.003333333181217313,False,False,0.0,0.0,0,0,0,0.0,0.0,0.0,0.0,-0.003333333181217313,1,-0.003333333181217313
,academy_3_vs_1_with_keeper,42,collect_rollout,3072,0,18,-0.003333333181217313,False,False,0.0,0.0,0,0,0,0.0,0.0,0.0,0.0,-0.003333333181217313,1,-0.003333333181217313
,academy_3_vs_1_with_keeper,42,collect_rollout,3073,0,23,-0.03333333181217313,False,False,0.0,0.0,0,0,0,0.0,0.0,0.0,0.0,-0.03333333181217313,1,-0.03333333181217313
,academy_3_vs_1_with_keeper,42,collect_rollout,3074,0,23,-0.016666665906086564,False,False,0.0,0.0,0,0,0,0.0,0.0,0.0,0.0,-0.016666665906086564,1,-0.016666665906086564
,academy_3_vs_1_with_keeper,42,collect_rollout,3075,0,12,0.016397700645029545,False,False,0.0,0.0,0,0,0,0.0,0.0,0.0,0.0,0.016397700645029545,1,0.016397700645029545
,academy_3_vs_1_with_keeper,42,collect_rollout,3076,0,34,0.06737992126727477,False,False,0.0,0.0,0,0,0,0.0,0.0,0.0,0.0,0.06737992126727477,1,0.06737992126727477
,academy_3_vs_1_with_keeper,42,collect_rollout,3077,0,7,0.0420325716258958,False,False,0.0,0.0,0,0,0,0.0,0.0,0.0,0.0,0.0420325716258958,1,0.0420325716258958
,academy_3_vs_1_with_keeper,42,collect_rollout,3078,0,22,-0.02333333226852119,False,False,0.0,0.0,0,0,0,0.0,0.0,0.0,0.0,-0.02333333226852119,1,-0.02333333226852119
,academy_3_vs_1_with_keeper,42,collect_rollout,3079,0,86,0.08478629690944217,False,False,0.0,0.0,0,0,0,0.0,0.0,0.0,0.0,0.08478629690944217,1,0.08478629690944217
,academy_3_vs_1_with_keeper,42,collect_rollout,3080,0,10,0.025278696441091597,False,False,0.0,0.0,0,0,0,0.0,0.0,0.0,0.0,0.025278696441091597,1,0.025278696441091597
,academy_3_vs_1_with_keeper,42,collect_rollout,3081,0,8,0.03763750847429037,False,False,0.0,0.0,0,0,0,0.0,0.0,0.0,0.0,0.03763750847429037,1,0.03763750847429037
,academy_3_vs_1_with_keeper,42,collect_rollout,3082,0,17,-0.003333333181217313,False,False,0.0,0.0,0,0,0,0.0,0.0,0.0,0.0,-0.003333333181217313,1,-0.003333333181217313
,academy_3_vs_1_with_keeper,42,collect_rollout,3083,0,19,-0.013333332724869251,False,False,0.0,0.0,0,0,0,0.0,0.0,0.0,0.0,-0.013333332724869251,1,-0.013333332724869251
,academy_3_vs_1_with_keeper,42,collect_rollout,3084,0,32,2.134469178505242,False,False,0.0,0.0,0,0,0,0.0,0.0,0.0,0.0,2.134469178505242,1,2.134469178505242
,academy_3_vs_1_with_keeper,42,collect_rollout,3085,0,12,0.005103055271320045,False,False,0.0,0.0,0,0,0,0.0,0.0,0.0,0.0,0.005103055271320045,1,0.005103055271320045
,academy_3_vs_1_with_keeper,42,collect_rollout,3086,0,17,-0.009999999543651938,False,False,0.0,0.0,0,0,0,0.0,0.0,0.0,0.0,-0.009999999543651938,1,-0.009999999543651938
,academy_3_vs_1_with_keeper,42,collect_rollout,3087,0,45,0.09156861183873843,False,False,0.0,0.0,0,0,0,0.0,0.0,0.0,0.0,0.09156861183873843,1,0.09156861183873843
,academy_3_vs_1_with_keeper,42,collect_rollout,3088,0,10,0.018110531382262707,False,False,0.0,0.0,0,0,0,0.0,0.0,0.0,0.0,0.018110531382262707,1,0.018110531382262707
,academy_3_vs_1_with_keeper,42,collect_rollout,3089,0,9,0.02066515455953777,False,False,0.0,0.0,0,0,0,0.0,0.0,0.0,0.0,0.02066515455953777,1,0.02066515455953777
,academy_3_vs_1_with_keeper,42,collect_rollout,3090,0,64,-0.039999998174607754,False,False,0.0,0.0,0,0,0,0.0,0.0,0.0,0.0,-0.039999998174607754,1,-0.039999998174607754
,academy_3_vs_1_with_keeper,42,collect_rollout,3091,0,9,0.03138980991207063,False,False,0.0,0.0,0,0,0,0.0,0.0,0.0,0.0,0.03138980991207063,1,0.03138980991207063
,academy_3_vs_1_with_keeper,42,collect_rollout,3092,0,30,2.124974914244376,False,False,0.0,0.0,0,0,0,0.0,0.0,0.0,0.0,2.124974914244376,1,2.124974914244376
,academy_3_vs_1_with_keeper,42,collect_rollout,3093,0,11,0.03283528209431097,False,False,0.0,0.0,0,0,0,0.0,0.0,0.0,0.0,0.03283528209431097,1,0.03283528209431097
,academy_3_vs_1_with_keeper,42,collect_rollout,3094,0,19,-0.013333332724869251,False,False,0.0,0.0,0,0,0,0.0,0.0,0.0,0.0,-0.013333332724869251,1,-0.013333332724869251
,academy_3_vs_1_with_keeper,42,collect_rollout,3095,0,22,-0.009999999543651938,False,False,0.0,0.0,0,0,0,0.0,0.0,0.0,0.0,-0.009999999543651938,1,-0.009999999543651938
,academy_3_vs_1_with_keeper,42,collect_rollout,3096,0,64,-0.0273897850420326,False,False,0.0,0.0,0,0,0,0.0,0.0,0.0,0.0,-0.0273897850420326,1,-0.0273897850420326
,academy_3_vs_1_with_keeper,42,collect_rollout,3097,0,22,-0.009999999543651938,False,False,0.0,0.0,0,0,0,0.0,0.0,0.0,0.0,-0.009999999543651938,1,-0.009999999543651938
,academy_3_vs_1_with_keeper,42,collect_rollout,3098,0,20,-0.009999999543651938,False,False,0.0,0.0,0,0,0,0.0,0.0,0.0,0.0,-0.009999999543651938,1,-0.009999999543651938
,academy_3_vs_1_with_keeper,42,collect_rollout,3099,0,27,2.1351224661339074,False,False,0.0,0.0,0,0,0,0.0,0.0,0.0,0.0,2.1351224661339074,1,2.1351224661339074
,academy_3_vs_1_with_keeper,42,collect_rollout,3100,0,20,-0.003333333181217313,False,False,0.0,0.0,0,0,0,0.0,0.0,0.0,0.0,-0.003333333181217313,1,-0.003333333181217313
,academy_3_vs_1_with_keeper,42,collect_rollout,3101,0,21,0.0,False,False,0.0,0.0,0,0,0,0.0,0.0,0.0,0.0,0.0,1,0.0
,academy_3_vs_1_with_keeper,42,collect_rollout,3102,0,18,-0.013333332724869251,False,False,0.0,0.0,0,0,0,0.0,0.0,0.0,0.0,-0.013333332724869251,1,-0.013333332724869251
,academy_3_vs_1_with_keeper,42,collect_rollout,3103,0,12,0.01662277476862073,False,False,0.0,0.0,0,0,0,0.0,0.0,0.0,0.0,0.01662277476862073,1,0.01662277476862073
,academy_3_vs_1_with_keeper,42,collect_rollout,3104,0,28,0.1203973712399602,False,False,0.0,0.0,0,0,0,0.0,0.0,0.0,0.0,0.1203973712399602,1,0.1203973712399602
,academy_3_vs_1_with_keeper,42,collect_rollout,3105,0,9,0.03577090275939554,False,False,0.0,0.0,0,0,0,0.0,0.0,0.0,0.0,0.03577090275939554,1,0.03577090275939554
,academy_3_vs_1_with_keeper,42,collect_rollout,3106,0,16,-0.003333333181217313,False,False,0.0,0.0,0,0,0,0.0,0.0,0.0,0.0,-0.003333333181217313,1,-0.003333333181217313
,academy_3_vs_1_with_keeper,42,collect_rollout,3107,0,41,2.086738624377176,False,False,0.0,0.0,0,0,0,0.0,0.0,0.0,0.0,2.086738624377176,1,2.086738624377176
,academy_3_vs_1_with_keeper,42,collect_rollout,3108,0,22,-0.016666665906086564,False,False,0.0,0.0,0,0,0,0.0,0.0,0.0,0.0,-0.016666665906086564,1,-0.016666665906086564
,academy_3_vs_1_with_keeper,42,collect_rollout,3109,0,34,0.07117029509390704,False,False,0.0,0.0,0,0,0,0.0,0.0,0.0,0.0,0.07117029509390704,1,0.07117029509390704
,academy_3_vs_1_with_keeper,42,collect_rollout,3110,0,24,-0.006666666362434626,False,False,0.0,0.0,0,0,0,0.0,0.0,0.0,0.0,-0.006666666362434626,1,-0.006666666362434626
,academy_3_vs_1_with_keeper,42,collect_rollout,3111,0,493,0.2703428060922306,False,False,0.0,0.0,0,0,0,0.0,0.0,0.0,0.0,0.2703428060922306,1,0.2703428060922306
,academy_3_vs_1_with_keeper,42,collect_rollout,3112,0,36,0.081103854929097,False,False,0.0,0.0,0,0,0,0.0,0.0,0.0,0.0,0.081103854929097,1,0.081103854929097
,academy_3_vs_1_with_keeper,42,collect_rollout,3113,0,20,-0.009999999543651938,False,False,0.0,0.0,0,0,0,0.0,0.0,0.0,0.0,-0.009999999543651938,1,-0.009999999543651938
,academy_3_vs_1_with_keeper,42,collect_rollout,3114,0,41,0.11979307152796537,False,False,0.0,0.0,0,0,0,0.0,0.0,0.0,0.0,0.11979307152796537,1,0.11979307152796537
,academy_3_vs_1_with_keeper,42,collect_rollout,3115,0,19,-0.009999999543651938,False,False,0.0,0.0,0,0,0,0.0,0.0,0.0,0.0,-0.009999999543651938,1,-0.009999999543651938
,academy_3_vs_1_with_keeper,42,collect_rollout,3116,0,84,0.08930432182387449,False,False,0.0,0.0,0,0,0,0.0,0.0,0.0,0.0,0.08930432182387449,1,0.08930432182387449
,academy_3_vs_1_with_keeper,42,collect_rollout,3117,0,82,0.08924597932491452,False,False,0.0,0.0,0,0,0,0.0,0.0,0.0,0.0,0.08924597932491452,1,0.08924597932491452
,academy_3_vs_1_with_keeper,42,collect_rollout,3118,0,30,2.139738901052624,False,False,0.0,0.0,0,0,0,0.0,0.0,0.0,0.0,2.139738901052624,1,2.139738901052624
,academy_3_vs_1_with_keeper,42,collect_rollout,3119,0,17,-0.003333333181217313,False,False,0.0,0.0,0,0,0,0.0,0.0,0.0,0.0,-0.003333333181217313,1,-0.003333333181217313
,academy_3_vs_1_with_keeper,42,collect_rollout,3120,0,19,-0.006666666362434626,False,False,0.0,0.0,0,0,0,0.0,0.0,0.0,0.0,-0.006666666362434626,1,-0.006666666362434626
,academy_3_vs_1_with_keeper,42,collect_rollout,3121,0,26,2.1325743513880298,False,False,0.0,0.0,0,0,0,0.0,0.0,0.0,0.0,2.1325743513880298,1,2.1325743513880298
,academy_3_vs_1_with_keeper,42,collect_rollout,3122,0,23,-0.009999999543651938,False,False,0.0,0.0,0,0,0,0.0,0.0,0.0,0.0,-0.009999999543651938,1,-0.009999999543651938
,academy_3_vs_1_with_keeper,42,collect_rollout,3123,0,15,-0.003333333181217313,False,False,0.0,0.0,0,0,0,0.0,0.0,0.0,0.0,-0.003333333181217313,1,-0.003333333181217313
,academy_3_vs_1_with_keeper,42,collect_rollout,3124,0,17,-0.006666666362434626,False,False,0.0,0.0,0,0,0,0.0,0.0,0.0,0.0,-0.006666666362434626,1,-0.006666666362434626
,academy_3_vs_1_with_keeper,42,collect_rollout,3125,0,14,0.02477638074196875,False,False,0.0,0.0,0,0,0,0.0,0.0,0.0,0.0,0.02477638074196875,1,0.02477638074196875
,academy_3_vs_1_with_keeper,42,collect_rollout,3126,0,19,-0.006666666362434626,False,False,0.0,0.0,0,0,0,0.0,0.0,0.0,0.0,-0.006666666362434626,1,-0.006666666362434626
,academy_3_vs_1_with_keeper,42,collect_rollout,3127,0,41,0.007343700461206026,False,False,0.0,0.0,0,0,0,0.0,0.0,0.0,0.0,0.007343700461206026,1,0.007343700461206026
,academy_3_vs_1_with_keeper,42,collect_rollout,3128,0,86,0.06532810672797495,False,False,0.0,0.0,0,0,0,0.0,0.0,0.0,0.0,0.06532810672797495,1,0.06532810672797495
,academy_3_vs_1_with_keeper,42,collect_rollout,3129,0,15,0.0,False,False,0.0,0.0,0,0,0,0.0,0.0,0.0,0.0,0.0,1,0.0
,academy_3_vs_1_with_keeper,42,collect_rollout,3130,0,18,0.0,False,False,0.0,0.0,0,0,0,0.0,0.0,0.0,0.0,0.0,1,0.0
,academy_3_vs_1_with_keeper,42,collect_rollout,3131,0,18,-0.006666666362434626,False,False,0.0,0.0,0,0,0,0.0,0.0,0.0,0.0,-0.006666666362434626,1,-0.006666666362434626
,academy_3_vs_1_with_keeper,42,collect_rollout,3132,0,17,-0.019999999087303877,False,False,0.0,0.0,0,0,0,0.0,0.0,0.0,0.0,-0.019999999087303877,1,-0.019999999087303877
,academy_3_vs_1_with_keeper,42,collect_rollout,3133,0,32,0.11327380989678204,False,False,0.0,0.0,0,0,0,0.0,0.0,0.0,0.0,0.11327380989678204,1,0.11327380989678204
,academy_3_vs_1_with_keeper,42,collect_rollout,3134,0,15,-0.003333333181217313,False,False,0.0,0.0,0,0,0,0.0,0.0,0.0,0.0,-0.003333333181217313,1,-0.003333333181217313
,academy_3_vs_1_with_keeper,42,collect_rollout,3135,0,30,0.10604767673066817,False,False,0.0,0.0,0,0,0,0.0,0.0,0.0,0.0,0.10604767673066817,1,0.10604767673066817
,academy_3_vs_1_with_keeper,42,collect_rollout,3136,0,33,2.1326529481448233,False,False,0.0,0.0,0,0,0,0.0,0.0,0.0,0.0,2.1326529481448233,1,2.1326529481448233
,academy_3_vs_1_with_keeper,42,collect_rollout,3137,0,21,0.0,False,False,0.0,0.0,0,0,0,0.0,0.0,0.0,0.0,0.0,1,0.0
,academy_3_vs_1_with_keeper,42,collect_rollout,3138,0,15,0.01883466145955026,False,False,0.0,0.0,0,0,0,0.0,0.0,0.0,0.0,0.01883466145955026,1,0.01883466145955026
,academy_3_vs_1_with_keeper,42,collect_rollout,3139,0,15,-0.013333332724869251,False,False,0.0,0.0,0,0,0,0.0,0.0,0.0,0.0,-0.013333332724869251,1,-0.013333332724869251
,academy_3_vs_1_with_keeper,42,collect_rollout,3140,0,14,-0.001660273759625852,False,False,0.0,0.0,0,0,0,0.0,0.0,0.0,0.0,-0.001660273759625852,1,-0.001660273759625852
,academy_3_vs_1_with_keeper,42,collect_rollout,3141,0,25,0.12255837861448526,False,False,0.0,0.0,0,0,0,0.0,0.0,0.0,0.0,0.12255837861448526,1,0.12255837861448526
,academy_3_vs_1_with_keeper,42,collect_rollout,3142,0,19,-0.026666665682569146,False,False,0.0,0.0,0,0,0,0.0,0.0,0.0,0.0,-0.026666665682569146,1,-0.026666665682569146
,academy_3_vs_1_with_keeper,42,collect_rollout,3143,0,37,0.10683258413337171,False,False,0.0,0.0,0,0,0,0.0,0.0,0.0,0.0,0.10683258413337171,1,0.10683258413337171
,academy_3_vs_1_with_keeper,42,collect_rollout,3144,0,21,2.1470776371425018,False,False,0.0,0.0,0,0,0,0.0,0.0,0.0,0.0,2.1470776371425018,1,2.1470776371425018
,academy_3_vs_1_with_keeper,42,collect_rollout,3145,0,22,-0.009999999543651938,False,False,0.0,0.0,0,0,0,0.0,0.0,0.0,0.0,-0.009999999543651938,1,-0.009999999543651938
,academy_3_vs_1_with_keeper,42,collect_rollout,3146,0,7,0.03542272141203284,False,False,0.0,0.0,0,0,0,0.0,0.0,0.0,0.0,0.03542272141203284,1,0.03542272141203284
,academy_3_vs_1_with_keeper,42,collect_rollout,3147,0,18,-0.00043167383410036564,False,False,0.0,0.0,0,0,0,0.0,0.0,0.0,0.0,-0.00043167383410036564,1,-0.00043167383410036564
,academy_3_vs_1_with_keeper,42,collect_rollout,3148,0,20,-0.003333333181217313,False,False,0.0,0.0,0,0,0,0.0,0.0,0.0,0.0,-0.003333333181217313,1,-0.003333333181217313
,academy_3_vs_1_with_keeper,42,collect_rollout,3149,0,39,0.0553308327216655,False,False,0.0,0.0,0,0,0,0.0,0.0,0.0,0.0,0.0553308327216655,1,0.0553308327216655
,academy_3_vs_1_with_keeper,42,collect_rollout,3150,0,14,0.031722829677164555,False,False,0.0,0.0,0,0,0,0.0,0.0,0.0,0.0,0.031722829677164555,1,0.031722829677164555
,academy_3_vs_1_with_keeper,42,collect_rollout,3151,0,7,0.045482884743250906,False,False,0.0,0.0,0,0,0,0.0,0.0,0.0,0.0,0.045482884743250906,1,0.045482884743250906
,academy_3_vs_1_with_keeper,42,collect_rollout,3152,0,19,-0.006666666362434626,False,False,0.0,0.0,0,0,0,0.0,0.0,0.0,0.0,-0.006666666362434626,1,-0.006666666362434626
,academy_3_vs_1_with_keeper,42,collect_rollout,3153,0,28,2.145704214577563,False,False,0.0,0.0,0,0,0,0.0,0.0,0.0,0.0,2.145704214577563,1,2.145704214577563
,academy_3_vs_1_with_keeper,42,collect_rollout,3154,0,48,0.07780909855500795,False,False,0.0,0.0,0,0,0,0.0,0.0,0.0,0.0,0.07780909855500795,1,0.07780909855500795
,academy_3_vs_1_with_keeper,42,collect_rollout,3155,0,12,0.019332318101078272,False,False,0.0,0.0,0,0,0,0.0,0.0,0.0,0.0,0.019332318101078272,1,0.019332318101078272
,academy_3_vs_1_with_keeper,42,collect_rollout,3156,0,11,0.01412737084319815,False,False,0.0,0.0,0,0,0,0.0,0.0,0.0,0.0,0.01412737084319815,1,0.01412737084319815
,academy_3_vs_1_with_keeper,42,collect_rollout,3157,0,15,-0.003333333181217313,False,False,0.0,0.0,0,0,0,0.0,0.0,0.0,0.0,-0.003333333181217313,1,-0.003333333181217313
,academy_3_vs_1_with_keeper,42,collect_rollout,3158,0,14,0.01663610094692558,False,False,0.0,0.0,0,0,0,0.0,0.0,0.0,0.0,0.01663610094692558,1,0.01663610094692558
,academy_3_vs_1_with_keeper,42,collect_rollout,3159,0,32,2.122641333262436,False,False,0.0,0.0,0,0,0,0.0,0.0,0.0,0.0,2.122641333262436,1,2.122641333262436
,academy_3_vs_1_with_keeper,42,collect_rollout,3160,0,39,-0.020772632909938693,False,False,0.0,0.0,0,0,0,0.0,0.0,0.0,0.0,-0.020772632909938693,1,-0.020772632909938693
,academy_3_vs_1_with_keeper,42,collect_rollout,3161,0,21,-0.016666665906086564,False,False,0.0,0.0,0,0,0,0.0,0.0,0.0,0.0,-0.016666665906086564,1,-0.016666665906086564
,academy_3_vs_1_with_keeper,42,collect_rollout,3162,0,9,0.03234116577732493,False,False,0.0,0.0,0,0,0,0.0,0.0,0.0,0.0,0.03234116577732493,1,0.03234116577732493
,academy_3_vs_1_with_keeper,42,collect_rollout,3163,0,21,-0.013333332724869251,False,False,0.0,0.0,0,0,0,0.0,0.0,0.0,0.0,-0.013333332724869251,1,-0.013333332724869251
,academy_3_vs_1_with_keeper,42,collect_rollout,3164,0,14,0.0,False,False,0.0,0.0,0,0,0,0.0,0.0,0.0,0.0,0.0,1,0.0
,academy_3_vs_1_with_keeper,42,collect_rollout,3165,0,27,2.1418004717561416,False,False,0.0,0.0,0,0,0,0.0,0.0,0.0,0.0,2.1418004717561416,1,2.1418004717561416
,academy_3_vs_1_with_keeper,42,collect_rollout,3166,0,15,-0.003333333181217313,False,False,0.0,0.0,0,0,0,0.0,0.0,0.0,0.0,-0.003333333181217313,1,-0.003333333181217313
,academy_3_vs_1_with_keeper,42,collect_rollout,3167,0,14,-0.013333332724869251,False,False,0.0,0.0,0,0,0,0.0,0.0,0.0,0.0,-0.013333332724869251,1,-0.013333332724869251
,academy_3_vs_1_with_keeper,42,collect_rollout,3168,0,19,2.147829960566014,False,False,0.0,0.0,0,0,0,0.0,0.0,0.0,0.0,2.147829960566014,1,2.147829960566014
,academy_3_vs_1_with_keeper,42,collect_rollout,3169,0,16,-0.009999999543651938,False,False,0.0,0.0,0,0,0,0.0,0.0,0.0,0.0,-0.009999999543651938,1,-0.009999999543651938
,academy_3_vs_1_with_keeper,42,collect_rollout,3170,0,13,0.015592669369652867,False,False,0.0,0.0,0,0,0,0.0,0.0,0.0,0.0,0.015592669369652867,1,0.015592669369652867
,academy_3_vs_1_with_keeper,42,collect_rollout,3171,0,11,0.027648371644318104,False,False,0.0,0.0,0,0,0,0.0,0.0,0.0,0.0,0.027648371644318104,1,0.027648371644318104
,academy_3_vs_1_with_keeper,42,collect_rollout,3172,0,7,0.03620571712963283,False,False,0.0,0.0,0,0,0,0.0,0.0,0.0,0.0,0.03620571712963283,1,0.03620571712963283
,academy_3_vs_1_with_keeper,42,collect_rollout,3173,0,22,-0.009999999543651938,False,False,0.0,0.0,0,0,0,0.0,0.0,0.0,0.0,-0.009999999543651938,1,-0.009999999543651938
,academy_3_vs_1_with_keeper,42,collect_rollout,3174,0,37,0.05472944147186354,False,False,0.0,0.0,0,0,0,0.0,0.0,0.0,0.0,0.05472944147186354,1,0.05472944147186354
,academy_3_vs_1_with_keeper,42,collect_rollout,3175,0,16,0.0072427361737936735,False,False,0.0,0.0,0,0,0,0.0,0.0,0.0,0.0,0.0072427361737936735,1,0.0072427361737936735
,academy_3_vs_1_with_keeper,42,collect_rollout,3176,0,21,-0.009999999543651938,False,False,0.0,0.0,0,0,0,0.0,0.0,0.0,0.0,-0.009999999543651938,1,-0.009999999543651938
,academy_3_vs_1_with_keeper,42,collect_rollout,3177,0,38,0.055605310830287635,False,False,0.0,0.0,0,0,0,0.0,0.0,0.0,0.0,0.055605310830287635,1,0.055605310830287635
,academy_3_vs_1_with_keeper,42,collect_rollout,3178,0,10,0.04624508251436055,False,False,0.0,0.0,0,0,0,0.0,0.0,0.0,0.0,0.04624508251436055,1,0.04624508251436055
,academy_3_vs_1_with_keeper,42,collect_rollout,3179,0,21,-0.003333333181217313,False,False,0.0,0.0,0,0,0,0.0,0.0,0.0,0.0,-0.003333333181217313,1,-0.003333333181217313
,academy_3_vs_1_with_keeper,42,collect_rollout,3180,0,9,0.048693170538172126,False,False,0.0,0.0,0,0,0,0.0,0.0,0.0,0.0,0.048693170538172126,1,0.048693170538172126
,academy_3_vs_1_with_keeper,42,collect_rollout,3181,0,18,-0.003333333181217313,False,False,0.0,0.0,0,0,0,0.0,0.0,0.0,0.0,-0.003333333181217313,1,-0.003333333181217313
,academy_3_vs_1_with_keeper,42,collect_rollout,3182,0,35,2.1238715024665,False,False,0.0,0.0,0,0,0,0.0,0.0,0.0,0.0,2.1238715024665,1,2.1238715024665
,academy_3_vs_1_with_keeper,42,collect_rollout,3183,0,33,0.05832094862125814,False,False,0.0,0.0,0,0,0,0.0,0.0,0.0,0.0,0.05832094862125814,1,0.05832094862125814
,academy_3_vs_1_with_keeper,42,collect_rollout,3184,0,10,0.0319612231105566,False,False,0.0,0.0,0,0,0,0.0,0.0,0.0,0.0,0.0319612231105566,1,0.0319612231105566
,academy_3_vs_1_with_keeper,42,collect_rollout,3185,0,17,-0.006666666362434626,False,False,0.0,0.0,0,0,0,0.0,0.0,0.0,0.0,-0.006666666362434626,1,-0.006666666362434626
,academy_3_vs_1_with_keeper,42,collect_rollout,3186,0,19,-0.009999999543651938,False,False,0.0,0.0,0,0,0,0.0,0.0,0.0,0.0,-0.009999999543651938,1,-0.009999999543651938
,academy_3_vs_1_with_keeper,42,collect_rollout,3187,0,14,0.013790575554594398,False,False,0.0,0.0,0,0,0,0.0,0.0,0.0,0.0,0.013790575554594398,1,0.013790575554594398
,academy_3_vs_1_with_keeper,42,collect_rollout,3188,0,16,-0.009999999543651938,False,False,0.0,0.0,0,0,0,0.0,0.0,0.0,0.0,-0.009999999543651938,1,-0.009999999543651938
,academy_3_vs_1_with_keeper,42,collect_rollout,3189,0,13,0.020017135655507445,False,False,0.0,0.0,0,0,0,0.0,0.0,0.0,0.0,0.020017135655507445,1,0.020017135655507445
,academy_3_vs_1_with_keeper,42,collect_rollout,3190,0,9,0.02579318906646222,False,False,0.0,0.0,0,0,0,0.0,0.0,0.0,0.0,0.02579318906646222,1,0.02579318906646222
,academy_3_vs_1_with_keeper,42,collect_rollout,3191,0,10,0.03363816343335202,False,False,0.0,0.0,0,0,0,0.0,0.0,0.0,0.0,0.03363816343335202,1,0.03363816343335202
,academy_3_vs_1_with_keeper,42,collect_rollout,3192,0,29,0.10804837534669787,False,False,0.0,0.0,0,0,0,0.0,0.0,0.0,0.0,0.10804837534669787,1,0.10804837534669787
,academy_3_vs_1_with_keeper,42,collect_rollout,3193,0,13,0.024520005914382637,False,False,0.0,0.0,0,0,0,0.0,0.0,0.0,0.0,0.024520005914382637,1,0.024520005914382637
,academy_3_vs_1_with_keeper,42,collect_rollout,3194,0,18,-0.016666665906086564,False,False,0.0,0.0,0,0,0,0.0,0.0,0.0,0.0,-0.016666665906086564,1,-0.016666665906086564
,academy_3_vs_1_with_keeper,42,collect_rollout,3195,0,22,-0.009999999543651938,False,False,0.0,0.0,0,0,0,0.0,0.0,0.0,0.0,-0.009999999543651938,1,-0.009999999543651938
,academy_3_vs_1_with_keeper,42,collect_rollout,3196,0,1801,-0.8981663596932776,False,False,0.0,0.0,0,0,0,0.0,0.0,0.0,0.0,-0.8981663596932776,1,-0.8981663596932776
,academy_3_vs_1_with_keeper,42,collect_rollout,3197,0,40,0.12783521600067616,False,False,0.0,0.0,0,0,0,0.0,0.0,0.0,0.0,0.12783521600067616,1,0.12783521600067616
,academy_3_vs_1_with_keeper,42,collect_rollout,3198,0,16,-0.003333333181217313,False,False,0.0,0.0,0,0,0,0.0,0.0,0.0,0.0,-0.003333333181217313,1,-0.003333333181217313
,academy_3_vs_1_with_keeper,42,collect_rollout,3199,0,17,0.0,False,False,0.0,0.0,0,0,0,0.0,0.0,0.0,0.0,0.0,1,0.0
,academy_3_vs_1_with_keeper,42,collect_rollout,3200,0,20,-0.006666666362434626,False,False,0.0,0.0,0,0,0,0.0,0.0,0.0,0.0,-0.006666666362434626,1,-0.006666666362434626
,academy_3_vs_1_with_keeper,42,collect_rollout,3201,0,10,0.01663852180354297,False,False,0.0,0.0,0,0,0,0.0,0.0,0.0,0.0,0.01663852180354297,1,0.01663852180354297
,academy_3_vs_1_with_keeper,42,collect_rollout,3202,0,23,2.135966820642352,False,False,0.0,0.0,0,0,0,0.0,0.0,0.0,0.0,2.135966820642352,1,2.135966820642352
,academy_3_vs_1_with_keeper,42,collect_rollout,3203,0,14,0.007726295851171017,False,False,0.0,0.0,0,0,0,0.0,0.0,0.0,0.0,0.007726295851171017,1,0.007726295851171017
,academy_3_vs_1_with_keeper,42,collect_rollout,3204,0,8,0.030063029378652573,False,False,0.0,0.0,0,0,0,0.0,0.0,0.0,0.0,0.030063029378652573,1,0.030063029378652573
,academy_3_vs_1_with_keeper,42,collect_rollout,3205,0,20,-0.003333333181217313,False,False,0.0,0.0,0,0,0,0.0,0.0,0.0,0.0,-0.003333333181217313,1,-0.003333333181217313
,academy_3_vs_1_with_keeper,42,collect_rollout,3206,0,30,2.133733233786188,False,False,0.0,0.0,0,0,0,0.0,0.0,0.0,0.0,2.133733233786188,1,2.133733233786188
,academy_3_vs_1_with_keeper,42,collect_rollout,3207,0,93,0.06683477576734731,False,False,0.0,0.0,0,0,0,0.0,0.0,0.0,0.0,0.06683477576734731,1,0.06683477576734731
,academy_3_vs_1_with_keeper,42,collect_rollout,3208,0,20,2.1326015674276277,False,False,0.0,0.0,0,0,0,0.0,0.0,0.0,0.0,2.1326015674276277,1,2.1326015674276277
,academy_3_vs_1_with_keeper,42,collect_rollout,3209,0,31,0.10627904231660068,False,False,0.0,0.0,0,0,0,0.0,0.0,0.0,0.0,0.10627904231660068,1,0.10627904231660068
,academy_3_vs_1_with_keeper,42,collect_rollout,3210,0,46,0.07946478575468063,False,False,0.0,0.0,0,0,0,0.0,0.0,0.0,0.0,0.07946478575468063,1,0.07946478575468063
,academy_3_vs_1_with_keeper,42,collect_rollout,3211,0,20,-0.003333333181217313,False,False,0.0,0.0,0,0,0,0.0,0.0,0.0,0.0,-0.003333333181217313,1,-0.003333333181217313
,academy_3_vs_1_with_keeper,42,collect_rollout,3212,0,19,-0.009999999543651938,False,False,0.0,0.0,0,0,0,0.0,0.0,0.0,0.0,-0.009999999543651938,1,-0.009999999543651938
,academy_3_vs_1_with_keeper,42,collect_rollout,3213,0,12,0.021277611376717687,False,False,0.0,0.0,0,0,0,0.0,0.0,0.0,0.0,0.021277611376717687,1,0.021277611376717687
,academy_3_vs_1_with_keeper,42,collect_rollout,3214,0,22,-0.003333333181217313,False,False,0.0,0.0,0,0,0,0.0,0.0,0.0,0.0,-0.003333333181217313,1,-0.003333333181217313
,academy_3_vs_1_with_keeper,42,collect_rollout,3215,0,20,-0.006666666362434626,False,False,0.0,0.0,0,0,0,0.0,0.0,0.0,0.0,-0.006666666362434626,1,-0.006666666362434626
,academy_3_vs_1_with_keeper,42,collect_rollout,3216,0,18,0.0,False,False,0.0,0.0,0,0,0,0.0,0.0,0.0,0.0,0.0,1,0.0
,academy_3_vs_1_with_keeper,42,collect_rollout,3217,0,20,-0.003333333181217313,False,False,0.0,0.0,0,0,0,0.0,0.0,0.0,0.0,-0.003333333181217313,1,-0.003333333181217313
,academy_3_vs_1_with_keeper,42,collect_rollout,3218,0,19,0.0,False,False,0.0,0.0,0,0,0,0.0,0.0,0.0,0.0,0.0,1,0.0
,academy_3_vs_1_with_keeper,42,collect_rollout,3219,0,19,0.0,False,False,0.0,0.0,0,0,0,0.0,0.0,0.0,0.0,0.0,1,0.0
,academy_3_vs_1_with_keeper,42,collect_rollout,3220,0,8,0.043861293233931065,False,False,0.0,0.0,0,0,0,0.0,0.0,0.0,0.0,0.043861293233931065,1,0.043861293233931065
,academy_3_vs_1_with_keeper,42,collect_rollout,3221,0,30,2.1208916975883767,False,False,0.0,0.0,0,0,0,0.0,0.0,0.0,0.0,2.1208916975883767,1,2.1208916975883767
,academy_3_vs_1_with_keeper,42,collect_rollout,3222,0,19,-0.006666666362434626,False,False,0.0,0.0,0,0,0,0.0,0.0,0.0,0.0,-0.006666666362434626,1,-0.006666666362434626
,academy_3_vs_1_with_keeper,42,collect_rollout,3223,0,26,0.13627112214453518,False,False,0.0,0.0,0,0,0,0.0,0.0,0.0,0.0,0.13627112214453518,1,0.13627112214453518
,academy_3_vs_1_with_keeper,42,collect_rollout,3224,0,19,-0.003333333181217313,False,False,0.0,0.0,0,0,0,0.0,0.0,0.0,0.0,-0.003333333181217313,1,-0.003333333181217313
,academy_3_vs_1_with_keeper,42,collect_rollout,3225,0,20,0.0,False,False,0.0,0.0,0,0,0,0.0,0.0,0.0,0.0,0.0,1,0.0
,academy_3_vs_1_with_keeper,42,collect_rollout,3226,0,22,-0.013333332724869251,False,False,0.0,0.0,0,0,0,0.0,0.0,0.0,0.0,-0.013333332724869251,1,-0.013333332724869251
,academy_3_vs_1_with_keeper,42,collect_rollout,3227,0,49,0.01952532329596579,False,False,0.0,0.0,0,0,0,0.0,0.0,0.0,0.0,0.01952532329596579,1,0.01952532329596579
,academy_3_vs_1_with_keeper,42,collect_rollout,3228,0,8,0.021518719382584095,False,False,0.0,0.0,0,0,0,0.0,0.0,0.0,0.0,0.021518719382584095,1,0.021518719382584095
,academy_3_vs_1_with_keeper,42,collect_rollout,3229,0,16,-0.003333333181217313,False,False,0.0,0.0,0,0,0,0.0,0.0,0.0,0.0,-0.003333333181217313,1,-0.003333333181217313
,academy_3_vs_1_with_keeper,42,collect_rollout,3230,0,18,-0.003333333181217313,False,False,0.0,0.0,0,0,0,0.0,0.0,0.0,0.0,-0.003333333181217313,1,-0.003333333181217313
,academy_3_vs_1_with_keeper,42,collect_rollout,3231,0,13,0.01402692636474967,False,False,0.0,0.0,0,0,0,0.0,0.0,0.0,0.0,0.01402692636474967,1,0.01402692636474967
,academy_3_vs_1_with_keeper,42,collect_rollout,3232,0,11,0.02592107083182782,False,False,0.0,0.0,0,0,0,0.0,0.0,0.0,0.0,0.02592107083182782,1,0.02592107083182782
,academy_3_vs_1_with_keeper,42,collect_rollout,3233,0,16,0.010096594458445907,False,False,0.0,0.0,0,0,0,0.0,0.0,0.0,0.0,0.010096594458445907,1,0.010096594458445907
,academy_3_vs_1_with_keeper,42,collect_rollout,3234,0,39,2.1192813000816386,False,False,0.0,0.0,0,0,0,0.0,0.0,0.0,0.0,2.1192813000816386,1,2.1192813000816386
,academy_3_vs_1_with_keeper,42,collect_rollout,3235,0,12,0.03605963681729918,False,False,0.0,0.0,0,0,0,0.0,0.0,0.0,0.0,0.03605963681729918,1,0.03605963681729918
,academy_3_vs_1_with_keeper,42,collect_rollout,3236,0,15,-0.009999999543651938,False,False,0.0,0.0,0,0,0,0.0,0.0,0.0,0.0,-0.009999999543651938,1,-0.009999999543651938
,academy_3_vs_1_with_keeper,42,collect_rollout,3237,0,9,0.01956763304769993,False,False,0.0,0.0,0,0,0,0.0,0.0,0.0,0.0,0.01956763304769993,1,0.01956763304769993
,academy_3_vs_1_with_keeper,42,collect_rollout,3238,0,54,0.013616662239655852,False,False,0.0,0.0,0,0,0,0.0,0.0,0.0,0.0,0.013616662239655852,1,0.013616662239655852
,academy_3_vs_1_with_keeper,42,collect_rollout,3239,0,37,0.08609993208665401,False,False,0.0,0.0,0,0,0,0.0,0.0,0.0,0.0,0.08609993208665401,1,0.08609993208665401
,academy_3_vs_1_with_keeper,42,collect_rollout,3240,0,16,0.0,False,False,0.0,0.0,0,0,0,0.0,0.0,0.0,0.0,0.0,1,0.0
,academy_3_vs_1_with_keeper,42,collect_rollout,3241,0,20,0.0,False,False,0.0,0.0,0,0,0,0.0,0.0,0.0,0.0,0.0,1,0.0
,academy_3_vs_1_with_keeper,42,collect_rollout,3242,0,59,-0.08373775973450392,False,False,0.0,0.0,0,0,0,0.0,0.0,0.0,0.0,-0.08373775973450392,1,-0.08373775973450392
,academy_3_vs_1_with_keeper,42,collect_rollout,3243,0,9,0.03253772028256208,False,False,0.0,0.0,0,0,0,0.0,0.0,0.0,0.0,0.03253772028256208,1,0.03253772028256208
,academy_3_vs_1_with_keeper,42,collect_rollout,3244,0,18,-0.009999999543651938,False,False,0.0,0.0,0,0,0,0.0,0.0,0.0,0.0,-0.009999999543651938,1,-0.009999999543651938
,academy_3_vs_1_with_keeper,42,collect_rollout,3245,0,18,0.0,False,False,0.0,0.0,0,0,0,0.0,0.0,0.0,0.0,0.0,1,0.0
,academy_3_vs_1_with_keeper,42,collect_rollout,3246,0,20,-0.006666666362434626,False,False,0.0,0.0,0,0,0,0.0,0.0,0.0,0.0,-0.006666666362434626,1,-0.006666666362434626
,academy_3_vs_1_with_keeper,42,collect_rollout,3247,0,46,0.016221064375713468,False,False,0.0,0.0,0,0,0,0.0,0.0,0.0,0.0,0.016221064375713468,1,0.016221064375713468
,academy_3_vs_1_with_keeper,42,collect_rollout,3248,0,16,-0.003333333181217313,False,False,0.0,0.0,0,0,0,0.0,0.0,0.0,0.0,-0.003333333181217313,1,-0.003333333181217313
,academy_3_vs_1_with_keeper,42,collect_rollout,3249,0,37,0.04443668664316647,False,False,0.0,0.0,0,0,0,0.0,0.0,0.0,0.0,0.04443668664316647,1,0.04443668664316647
,academy_3_vs_1_with_keeper,42,collect_rollout,3250,0,18,-0.009999999543651938,False,False,0.0,0.0,0,0,0,0.0,0.0,0.0,0.0,-0.009999999543651938,1,-0.009999999543651938
,academy_3_vs_1_with_keeper,42,collect_rollout,3251,0,87,0.0402250646147877,False,False,0.0,0.0,0,0,0,0.0,0.0,0.0,0.0,0.0402250646147877,1,0.0402250646147877
,academy_3_vs_1_with_keeper,42,collect_rollout,3252,0,18,-0.009999999543651938,False,False,0.0,0.0,0,0,0,0.0,0.0,0.0,0.0,-0.009999999543651938,1,-0.009999999543651938
,academy_3_vs_1_with_keeper,42,collect_rollout,3253,0,13,0.022979771834798157,False,False,0.0,0.0,0,0,0,0.0,0.0,0.0,0.0,0.022979771834798157,1,0.022979771834798157
,academy_3_vs_1_with_keeper,42,collect_rollout,3254,0,12,0.01686362357577309,False,False,0.0,0.0,0,0,0,0.0,0.0,0.0,0.0,0.01686362357577309,1,0.01686362357577309
,academy_3_vs_1_with_keeper,42,collect_rollout,3255,0,12,0.019330174196511507,False,False,0.0,0.0,0,0,0,0.0,0.0,0.0,0.0,0.019330174196511507,1,0.019330174196511507
,academy_3_vs_1_with_keeper,42,collect_rollout,3256,0,12,0.013914590934291482,False,False,0.0,0.0,0,0,0,0.0,0.0,0.0,0.0,0.013914590934291482,1,0.013914590934291482
,academy_3_vs_1_with_keeper,42,collect_rollout,3257,0,7,0.03498931392095983,False,False,0.0,0.0,0,0,0,0.0,0.0,0.0,0.0,0.03498931392095983,1,0.03498931392095983
,academy_3_vs_1_with_keeper,42,collect_rollout,3258,0,34,0.11774810997303575,False,False,0.0,0.0,0,0,0,0.0,0.0,0.0,0.0,0.11774810997303575,1,0.11774810997303575
,academy_3_vs_1_with_keeper,42,collect_rollout,3259,0,44,0.061376235680654645,False,False,0.0,0.0,0,0,0,0.0,0.0,0.0,0.0,0.061376235680654645,1,0.061376235680654645
,academy_3_vs_1_with_keeper,42,collect_rollout,3260,0,13,0.030267837806604803,False,False,0.0,0.0,0,0,0,0.0,0.0,0.0,0.0,0.030267837806604803,1,0.030267837806604803
,academy_3_vs_1_with_keeper,42,collect_rollout,3261,0,18,-0.006666666362434626,False,False,0.0,0.0,0,0,0,0.0,0.0,0.0,0.0,-0.006666666362434626,1,-0.006666666362434626
,academy_3_vs_1_with_keeper,42,collect_rollout,3262,0,18,-0.003333333181217313,False,False,0.0,0.0,0,0,0,0.0,0.0,0.0,0.0,-0.003333333181217313,1,-0.003333333181217313
,academy_3_vs_1_with_keeper,42,collect_rollout,3263,0,21,-0.006666666362434626,False,False,0.0,0.0,0,0,0,0.0,0.0,0.0,0.0,-0.006666666362434626,1,-0.006666666362434626
,academy_3_vs_1_with_keeper,42,collect_rollout,3264,0,16,-0.013333332724869251,False,False,0.0,0.0,0,0,0,0.0,0.0,0.0,0.0,-0.013333332724869251,1,-0.013333332724869251
,academy_3_vs_1_with_keeper,42,collect_rollout,3265,0,6,0.040465903002768755,False,False,0.0,0.0,0,0,0,0.0,0.0,0.0,0.0,0.040465903002768755,1,0.040465903002768755
,academy_3_vs_1_with_keeper,42,collect_rollout,3266,0,14,0.0,False,False,0.0,0.0,0,0,0,0.0,0.0,0.0,0.0,0.0,1,0.0
,academy_3_vs_1_with_keeper,42,collect_rollout,3267,0,72,-0.09482408635085449,False,False,0.0,0.0,0,0,0,0.0,0.0,0.0,0.0,-0.09482408635085449,1,-0.09482408635085449
,academy_3_vs_1_with_keeper,42,collect_rollout,3268,0,18,0.0,False,False,0.0,0.0,0,0,0,0.0,0.0,0.0,0.0,0.0,1,0.0
,academy_3_vs_1_with_keeper,42,collect_rollout,3269,0,15,0.0,False,False,0.0,0.0,0,0,0,0.0,0.0,0.0,0.0,0.0,1,0.0
,academy_3_vs_1_with_keeper,42,collect_rollout,3270,0,19,-0.003333333181217313,False,False,0.0,0.0,0,0,0,0.0,0.0,0.0,0.0,-0.003333333181217313,1,-0.003333333181217313
,academy_3_vs_1_with_keeper,42,collect_rollout,3271,0,21,-0.006666666362434626,False,False,0.0,0.0,0,0,0,0.0,0.0,0.0,0.0,-0.006666666362434626,1,-0.006666666362434626
,academy_3_vs_1_with_keeper,42,collect_rollout,3272,0,18,-0.003333333181217313,False,False,0.0,0.0,0,0,0,0.0,0.0,0.0,0.0,-0.003333333181217313,1,-0.003333333181217313
,academy_3_vs_1_with_keeper,42,collect_rollout,3273,0,15,0.0,False,False,0.0,0.0,0,0,0,0.0,0.0,0.0,0.0,0.0,1,0.0
,academy_3_vs_1_with_keeper,42,collect_rollout,3274,0,19,0.0,False,False,0.0,0.0,0,0,0,0.0,0.0,0.0,0.0,0.0,1,0.0
,academy_3_vs_1_with_keeper,42,collect_rollout,3275,0,19,0.0,False,False,0.0,0.0,0,0,0,0.0,0.0,0.0,0.0,0.0,1,0.0
,academy_3_vs_1_with_keeper,42,collect_rollout,3276,0,16,0.017252104356884956,False,False,0.0,0.0,0,0,0,0.0,0.0,0.0,0.0,0.017252104356884956,1,0.017252104356884956
,academy_3_vs_1_with_keeper,42,collect_rollout,3277,0,15,0.030923800775781274,False,False,0.0,0.0,0,0,0,0.0,0.0,0.0,0.0,0.030923800775781274,1,0.030923800775781274
,academy_3_vs_1_with_keeper,42,collect_rollout,3278,0,32,2.136264668602962,False,False,0.0,0.0,0,0,0,0.0,0.0,0.0,0.0,2.136264668602962,1,2.136264668602962
,academy_3_vs_1_with_keeper,42,collect_rollout,3279,0,38,0.08120661729481071,False,False,0.0,0.0,0,0,0,0.0,0.0,0.0,0.0,0.08120661729481071,1,0.08120661729481071
,academy_3_vs_1_with_keeper,42,collect_rollout,3280,0,85,0.05646553574479185,False,False,0.0,0.0,0,0,0,0.0,0.0,0.0,0.0,0.05646553574479185,1,0.05646553574479185
,academy_3_vs_1_with_keeper,42,collect_rollout,3281,0,20,-0.003333333181217313,False,False,0.0,0.0,0,0,0,0.0,0.0,0.0,0.0,-0.003333333181217313,1,-0.003333333181217313
,academy_3_vs_1_with_keeper,42,collect_rollout,3282,0,15,0.0,False,False,0.0,0.0,0,0,0,0.0,0.0,0.0,0.0,0.0,1,0.0
,academy_3_vs_1_with_keeper,42,collect_rollout,3283,0,24,2.139981408021413,False,False,0.0,0.0,0,0,0,0.0,0.0,0.0,0.0,2.139981408021413,1,2.139981408021413
,academy_3_vs_1_with_keeper,42,collect_rollout,3284,0,22,-0.006666666362434626,False,False,0.0,0.0,0,0,0,0.0,0.0,0.0,0.0,-0.006666666362434626,1,-0.006666666362434626
,academy_3_vs_1_with_keeper,42,collect_rollout,3285,0,29,2.141192021779716,False,False,0.0,0.0,0,0,0,0.0,0.0,0.0,0.0,2.141192021779716,1,2.141192021779716
,academy_3_vs_1_with_keeper,42,collect_rollout,3286,0,31,0.11938974994700402,False,False,0.0,0.0,0,0,0,0.0,0.0,0.0,0.0,0.11938974994700402,1,0.11938974994700402
,academy_3_vs_1_with_keeper,42,collect_rollout,3287,0,46,0.0810749928932637,False,False,0.0,0.0,0,0,0,0.0,0.0,0.0,0.0,0.0810749928932637,1,0.0810749928932637
,academy_3_vs_1_with_keeper,42,collect_rollout,3288,0,78,0.34782536374405026,False,False,0.0,0.0,0,0,0,0.0,0.0,0.0,0.0,0.34782536374405026,1,0.34782536374405026
,academy_3_vs_1_with_keeper,42,collect_rollout,3289,0,18,0.010328258387744427,False,False,0.0,0.0,0,0,0,0.0,0.0,0.0,0.0,0.010328258387744427,1,0.010328258387744427
,academy_3_vs_1_with_keeper,42,collect_rollout,3290,0,49,0.038249662262387574,False,False,0.0,0.0,0,0,0,0.0,0.0,0.0,0.0,0.038249662262387574,1,0.038249662262387574
,academy_3_vs_1_with_keeper,42,collect_rollout,3291,0,17,0.0,False,False,0.0,0.0,0,0,0,0.0,0.0,0.0,0.0,0.0,1,0.0
,academy_3_vs_1_with_keeper,42,collect_rollout,3292,0,40,0.06700100959278643,False,False,0.0,0.0,0,0,0,0.0,0.0,0.0,0.0,0.06700100959278643,1,0.06700100959278643
,academy_3_vs_1_with_keeper,42,collect_rollout,3293,0,21,-0.006666666362434626,False,False,0.0,0.0,0,0,0,0.0,0.0,0.0,0.0,-0.006666666362434626,1,-0.006666666362434626
,academy_3_vs_1_with_keeper,42,collect_rollout,3294,0,14,0.01937161572277546,False,False,0.0,0.0,0,0,0,0.0,0.0,0.0,0.0,0.01937161572277546,1,0.01937161572277546
,academy_3_vs_1_with_keeper,42,collect_rollout,3295,0,32,0.10881937167141587,False,False,0.0,0.0,0,0,0,0.0,0.0,0.0,0.0,0.10881937167141587,1,0.10881937167141587
,academy_3_vs_1_with_keeper,42,collect_rollout,3296,0,20,-0.006666666362434626,False,False,0.0,0.0,0,0,0,0.0,0.0,0.0,0.0,-0.006666666362434626,1,-0.006666666362434626
,academy_3_vs_1_with_keeper,42,collect_rollout,3297,0,22,-0.003333333181217313,False,False,0.0,0.0,0,0,0,0.0,0.0,0.0,0.0,-0.003333333181217313,1,-0.003333333181217313
,academy_3_vs_1_with_keeper,42,collect_rollout,3298,0,15,-0.003333333181217313,False,False,0.0,0.0,0,0,0,0.0,0.0,0.0,0.0,-0.003333333181217313,1,-0.003333333181217313
,academy_3_vs_1_with_keeper,42,collect_rollout,3299,0,18,0.0,False,False,0.0,0.0,0,0,0,0.0,0.0,0.0,0.0,0.0,1,0.0
,academy_3_vs_1_with_keeper,42,collect_rollout,3300,0,23,0.0,False,False,0.0,0.0,0,0,0,0.0,0.0,0.0,0.0,0.0,1,0.0
,academy_3_vs_1_with_keeper,42,collect_rollout,3301,0,21,-0.003333333181217313,False,False,0.0,0.0,0,0,0,0.0,0.0,0.0,0.0,-0.003333333181217313,1,-0.003333333181217313
,academy_3_vs_1_with_keeper,42,collect_rollout,3302,0,69,0.3590510885696858,False,False,0.0,0.0,0,0,0,0.0,0.0,0.0,0.0,0.3590510885696858,1,0.3590510885696858
,academy_3_vs_1_with_keeper,42,collect_rollout,3303,0,18,-0.003333333181217313,False,False,0.0,0.0,0,0,0,0.0,0.0,0.0,0.0,-0.003333333181217313,1,-0.003333333181217313
,academy_3_vs_1_with_keeper,42,collect_rollout,3304,0,14,-0.003333333181217313,False,False,0.0,0.0,0,0,0,0.0,0.0,0.0,0.0,-0.003333333181217313,1,-0.003333333181217313
,academy_3_vs_1_with_keeper,42,collect_rollout,3305,0,20,-0.013333332724869251,False,False,0.0,0.0,0,0,0,0.0,0.0,0.0,0.0,-0.013333332724869251,1,-0.013333332724869251
,academy_3_vs_1_with_keeper,42,collect_rollout,3306,0,137,-0.34989232290536165,False,False,0.0,0.0,0,0,0,0.0,0.0,0.0,0.0,-0.34989232290536165,1,-0.34989232290536165
,academy_3_vs_1_with_keeper,42,collect_rollout,3307,0,20,-0.009999999543651938,False,False,0.0,0.0,0,0,0,0.0,0.0,0.0,0.0,-0.009999999543651938,1,-0.009999999543651938
,academy_3_vs_1_with_keeper,42,collect_rollout,3308,0,20,0.0,False,False,0.0,0.0,0,0,0,0.0,0.0,0.0,0.0,0.0,1,0.0
,academy_3_vs_1_with_keeper,42,collect_rollout,3309,0,11,0.019507628865540028,False,False,0.0,0.0,0,0,0,0.0,0.0,0.0,0.0,0.019507628865540028,1,0.019507628865540028
,academy_3_vs_1_with_keeper,42,collect_rollout,3310,0,13,0.029416292905807495,False,False,0.0,0.0,0,0,0,0.0,0.0,0.0,0.0,0.029416292905807495,1,0.029416292905807495
,academy_3_vs_1_with_keeper,42,collect_rollout,3311,0,24,0.0,False,False,0.0,0.0,0,0,0,0.0,0.0,0.0,0.0,0.0,1,0.0
,academy_3_vs_1_with_keeper,42,collect_rollout,3312,0,23,-0.003333333181217313,False,False,0.0,0.0,0,0,0,0.0,0.0,0.0,0.0,-0.003333333181217313,1,-0.003333333181217313
,academy_3_vs_1_with_keeper,42,collect_rollout,3313,0,35,0.10513356713636313,False,False,0.0,0.0,0,0,0,0.0,0.0,0.0,0.0,0.10513356713636313,1,0.10513356713636313
,academy_3_vs_1_with_keeper,42,collect_rollout,3314,0,47,-0.026812823140062392,False,False,0.0,0.0,0,0,0,0.0,0.0,0.0,0.0,-0.026812823140062392,1,-0.026812823140062392
,academy_3_vs_1_with_keeper,42,collect_rollout,3315,0,18,0.0,False,False,0.0,0.0,0,0,0,0.0,0.0,0.0,0.0,0.0,1,0.0
,academy_3_vs_1_with_keeper,42,collect_rollout,3316,0,16,0.01884598273318261,False,False,0.0,0.0,0,0,0,0.0,0.0,0.0,0.0,0.01884598273318261,1,0.01884598273318261
,academy_3_vs_1_with_keeper,42,collect_rollout,3317,0,9,0.04679608516744338,False,False,0.0,0.0,0,0,0,0.0,0.0,0.0,0.0,0.04679608516744338,1,0.04679608516744338
,academy_3_vs_1_with_keeper,42,collect_rollout,3318,0,20,-0.006666666362434626,False,False,0.0,0.0,0,0,0,0.0,0.0,0.0,0.0,-0.006666666362434626,1,-0.006666666362434626
,academy_3_vs_1_with_keeper,42,collect_rollout,3319,0,19,-0.016666665906086564,False,False,0.0,0.0,0,0,0,0.0,0.0,0.0,0.0,-0.016666665906086564,1,-0.016666665906086564
,academy_3_vs_1_with_keeper,42,collect_rollout,3320,0,21,-0.003333333181217313,False,False,0.0,0.0,0,0,0,0.0,0.0,0.0,0.0,-0.003333333181217313,1,-0.003333333181217313
,academy_3_vs_1_with_keeper,42,collect_rollout,3321,0,14,0.017739304690621793,False,False,0.0,0.0,0,0,0,0.0,0.0,0.0,0.0,0.017739304690621793,1,0.017739304690621793
,academy_3_vs_1_with_keeper,42,collect_rollout,3322,0,18,-0.003333333181217313,False,False,0.0,0.0,0,0,0,0.0,0.0,0.0,0.0,-0.003333333181217313,1,-0.003333333181217313
,academy_3_vs_1_with_keeper,42,collect_rollout,3323,0,21,0.0,False,False,0.0,0.0,0,0,0,0.0,0.0,0.0,0.0,0.0,1,0.0
,academy_3_vs_1_with_keeper,42,collect_rollout,3324,0,7,0.02827287814579904,False,False,0.0,0.0,0,0,0,0.0,0.0,0.0,0.0,0.02827287814579904,1,0.02827287814579904
,academy_3_vs_1_with_keeper,42,collect_rollout,3325,0,90,-0.1947748428210616,False,False,0.0,0.0,0,0,0,0.0,0.0,0.0,0.0,-0.1947748428210616,1,-0.1947748428210616
,academy_3_vs_1_with_keeper,42,collect_rollout,3326,0,19,-0.003333333181217313,False,False,0.0,0.0,0,0,0,0.0,0.0,0.0,0.0,-0.003333333181217313,1,-0.003333333181217313
,academy_3_vs_1_with_keeper,42,collect_rollout,3327,0,18,-0.003333333181217313,False,False,0.0,0.0,0,0,0,0.0,0.0,0.0,0.0,-0.003333333181217313,1,-0.003333333181217313
,academy_3_vs_1_with_keeper,42,collect_rollout,3328,0,17,-0.013333332724869251,False,False,0.0,0.0,0,0,0,0.0,0.0,0.0,0.0,-0.013333332724869251,1,-0.013333332724869251
,academy_3_vs_1_with_keeper,42,collect_rollout,3329,0,16,0.019981450052000582,False,False,0.0,0.0,0,0,0,0.0,0.0,0.0,0.0,0.019981450052000582,1,0.019981450052000582
,academy_3_vs_1_with_keeper,42,collect_rollout,3330,0,11,0.03130660345777869,False,False,0.0,0.0,0,0,0,0.0,0.0,0.0,0.0,0.03130660345777869,1,0.03130660345777869
,academy_3_vs_1_with_keeper,42,collect_rollout,3331,0,19,-0.003333333181217313,False,False,0.0,0.0,0,0,0,0.0,0.0,0.0,0.0,-0.003333333181217313,1,-0.003333333181217313
,academy_3_vs_1_with_keeper,42,collect_rollout,3332,0,17,-0.016666665906086564,False,False,0.0,0.0,0,0,0,0.0,0.0,0.0,0.0,-0.016666665906086564,1,-0.016666665906086564
,academy_3_vs_1_with_keeper,42,collect_rollout,3333,0,19,-0.006666666362434626,False,False,0.0,0.0,0,0,0,0.0,0.0,0.0,0.0,-0.006666666362434626,1,-0.006666666362434626
,academy_3_vs_1_with_keeper,42,collect_rollout,3334,0,34,0.08641904219985008,False,False,0.0,0.0,0,0,0,0.0,0.0,0.0,0.0,0.08641904219985008,1,0.08641904219985008
,academy_3_vs_1_with_keeper,42,collect_rollout,3335,0,19,-0.006666666362434626,False,False,0.0,0.0,0,0,0,0.0,0.0,0.0,0.0,-0.006666666362434626,1,-0.006666666362434626
,academy_3_vs_1_with_keeper,42,collect_rollout,3336,0,22,-0.003333333181217313,False,False,0.0,0.0,0,0,0,0.0,0.0,0.0,0.0,-0.003333333181217313,1,-0.003333333181217313
,academy_3_vs_1_with_keeper,42,collect_rollout,3337,0,10,0.028327684849500656,False,False,0.0,0.0,0,0,0,0.0,0.0,0.0,0.0,0.028327684849500656,1,0.028327684849500656
,academy_3_vs_1_with_keeper,42,collect_rollout,3338,0,97,0.18663872487377375,False,False,0.0,0.0,0,0,0,0.0,0.0,0.0,0.0,0.18663872487377375,1,0.18663872487377375
,academy_3_vs_1_with_keeper,42,collect_rollout,3339,0,19,-0.009999999543651938,False,False,0.0,0.0,0,0,0,0.0,0.0,0.0,0.0,-0.009999999543651938,1,-0.009999999543651938
,academy_3_vs_1_with_keeper,42,collect_rollout,3340,0,33,2.1117885786516126,False,False,0.0,0.0,0,0,0,0.0,0.0,0.0,0.0,2.1117885786516126,1,2.1117885786516126
,academy_3_vs_1_with_keeper,42,collect_rollout,3341,0,20,-0.003333333181217313,False,False,0.0,0.0,0,0,0,0.0,0.0,0.0,0.0,-0.003333333181217313,1,-0.003333333181217313
,academy_3_vs_1_with_keeper,42,collect_rollout,3342,0,52,0.020106558804400265,False,False,0.0,0.0,0,0,0,0.0,0.0,0.0,0.0,0.020106558804400265,1,0.020106558804400265
,academy_3_vs_1_with_keeper,42,collect_rollout,3343,0,17,0.0,False,False,0.0,0.0,0,0,0,0.0,0.0,0.0,0.0,0.0,1,0.0
,academy_3_vs_1_with_keeper,42,collect_rollout,3344,0,40,0.11724764097016305,False,False,0.0,0.0,0,0,0,0.0,0.0,0.0,0.0,0.11724764097016305,1,0.11724764097016305
,academy_3_vs_1_with_keeper,42,collect_rollout,3345,0,31,0.08937184169190004,False,False,0.0,0.0,0,0,0,0.0,0.0,0.0,0.0,0.08937184169190004,1,0.08937184169190004
,academy_3_vs_1_with_keeper,42,collect_rollout,3346,0,10,0.030927366809919477,False,False,0.0,0.0,0,0,0,0.0,0.0,0.0,0.0,0.030927366809919477,1,0.030927366809919477
,academy_3_vs_1_with_keeper,42,collect_rollout,3347,0,86,0.12610178865725175,False,False,0.0,0.0,0,0,0,0.0,0.0,0.0,0.0,0.12610178865725175,1,0.12610178865725175
,academy_3_vs_1_with_keeper,42,collect_rollout,3348,0,53,-0.05806958687026054,False,False,0.0,0.0,0,0,0,0.0,0.0,0.0,0.0,-0.05806958687026054,1,-0.05806958687026054
,academy_3_vs_1_with_keeper,42,collect_rollout,3349,0,80,0.09689124277792871,False,False,0.0,0.0,0,0,0,0.0,0.0,0.0,0.0,0.09689124277792871,1,0.09689124277792871
,academy_3_vs_1_with_keeper,42,collect_rollout,3350,0,102,-0.22615279226192797,False,False,0.0,0.0,0,0,0,0.0,0.0,0.0,0.0,-0.22615279226192797,1,-0.22615279226192797
,academy_3_vs_1_with_keeper,42,collect_rollout,3351,0,21,-0.003333333181217313,False,False,0.0,0.0,0,0,0,0.0,0.0,0.0,0.0,-0.003333333181217313,1,-0.003333333181217313
,academy_3_vs_1_with_keeper,42,collect_rollout,3352,0,47,0.08081495680380613,False,False,0.0,0.0,0,0,0,0.0,0.0,0.0,0.0,0.08081495680380613,1,0.08081495680380613
,academy_3_vs_1_with_keeper,42,collect_rollout,3353,0,15,-0.009999999543651938,False,False,0.0,0.0,0,0,0,0.0,0.0,0.0,0.0,-0.009999999543651938,1,-0.009999999543651938
,academy_3_vs_1_with_keeper,42,collect_rollout,3354,0,18,-0.003333333181217313,False,False,0.0,0.0,0,0,0,0.0,0.0,0.0,0.0,-0.003333333181217313,1,-0.003333333181217313
,academy_3_vs_1_with_keeper,42,collect_rollout,3355,0,19,-0.003333333181217313,False,False,0.0,0.0,0,0,0,0.0,0.0,0.0,0.0,-0.003333333181217313,1,-0.003333333181217313
,academy_3_vs_1_with_keeper,42,collect_rollout,3356,0,24,-0.026666665449738503,False,False,0.0,0.0,0,0,0,0.0,0.0,0.0,0.0,-0.026666665449738503,1,-0.026666665449738503
,academy_3_vs_1_with_keeper,42,collect_rollout,3357,0,90,0.10801451159932185,False,False,0.0,0.0,0,0,0,0.0,0.0,0.0,0.0,0.10801451159932185,1,0.10801451159932185
,academy_3_vs_1_with_keeper,42,collect_rollout,3358,0,13,-0.006666666362434626,False,False,0.0,0.0,0,0,0,0.0,0.0,0.0,0.0,-0.006666666362434626,1,-0.006666666362434626
,academy_3_vs_1_with_keeper,42,collect_rollout,3359,0,16,0.0,False,False,0.0,0.0,0,0,0,0.0,0.0,0.0,0.0,0.0,1,0.0
,academy_3_vs_1_with_keeper,42,collect_rollout,3360,0,31,2.1292675976874307,False,False,0.0,0.0,0,0,0,0.0,0.0,0.0,0.0,2.1292675976874307,1,2.1292675976874307
,academy_3_vs_1_with_keeper,42,collect_rollout,3361,0,20,-0.019999999087303877,False,False,0.0,0.0,0,0,0,0.0,0.0,0.0,0.0,-0.019999999087303877,1,-0.019999999087303877
,academy_3_vs_1_with_keeper,42,collect_rollout,3362,0,19,-0.016666665906086564,False,False,0.0,0.0,0,0,0,0.0,0.0,0.0,0.0,-0.016666665906086564,1,-0.016666665906086564
,academy_3_vs_1_with_keeper,42,collect_rollout,3363,0,17,-0.006666666362434626,False,False,0.0,0.0,0,0,0,0.0,0.0,0.0,0.0,-0.006666666362434626,1,-0.006666666362434626
,academy_3_vs_1_with_keeper,42,collect_rollout,3364,0,142,0.010928489733487368,False,False,0.0,0.0,0,0,0,0.0,0.0,0.0,0.0,0.010928489733487368,1,0.010928489733487368
,academy_3_vs_1_with_keeper,42,collect_rollout,3365,0,20,-0.003333333181217313,False,False,0.0,0.0,0,0,0,0.0,0.0,0.0,0.0,-0.003333333181217313,1,-0.003333333181217313
,academy_3_vs_1_with_keeper,42,collect_rollout,3366,0,42,0.06704508835173328,False,False,0.0,0.0,0,0,0,0.0,0.0,0.0,0.0,0.06704508835173328,1,0.06704508835173328
,academy_3_vs_1_with_keeper,42,collect_rollout,3367,0,17,0.007019661134108901,False,False,0.0,0.0,0,0,0,0.0,0.0,0.0,0.0,0.007019661134108901,1,0.007019661134108901
,academy_3_vs_1_with_keeper,42,collect_rollout,3368,0,21,-0.006666666362434626,False,False,0.0,0.0,0,0,0,0.0,0.0,0.0,0.0,-0.006666666362434626,1,-0.006666666362434626
,academy_3_vs_1_with_keeper,42,collect_rollout,3369,0,11,0.02228822885081172,False,False,0.0,0.0,0,0,0,0.0,0.0,0.0,0.0,0.02228822885081172,1,0.02228822885081172
,academy_3_vs_1_with_keeper,42,collect_rollout,3370,0,18,0.0,False,False,0.0,0.0,0,0,0,0.0,0.0,0.0,0.0,0.0,1,0.0
,academy_3_vs_1_with_keeper,42,collect_rollout,3371,0,20,-0.006666666362434626,False,False,0.0,0.0,0,0,0,0.0,0.0,0.0,0.0,-0.006666666362434626,1,-0.006666666362434626
,academy_3_vs_1_with_keeper,42,collect_rollout,3372,0,33,0.30731511855265126,False,False,0.0,0.0,0,0,0,0.0,0.0,0.0,0.0,0.30731511855265126,1,0.30731511855265126
,academy_3_vs_1_with_keeper,42,collect_rollout,3373,0,7,0.04869705648161471,False,False,0.0,0.0,0,0,0,0.0,0.0,0.0,0.0,0.04869705648161471,1,0.04869705648161471
,academy_3_vs_1_with_keeper,42,collect_rollout,3374,0,14,-0.003333333181217313,False,False,0.0,0.0,0,0,0,0.0,0.0,0.0,0.0,-0.003333333181217313,1,-0.003333333181217313
,academy_3_vs_1_with_keeper,42,collect_rollout,3375,0,22,-0.006666666362434626,False,False,0.0,0.0,0,0,0,0.0,0.0,0.0,0.0,-0.006666666362434626,1,-0.006666666362434626
,academy_3_vs_1_with_keeper,42,collect_rollout,3376,0,17,-0.006666666362434626,False,False,0.0,0.0,0,0,0,0.0,0.0,0.0,0.0,-0.006666666362434626,1,-0.006666666362434626
,academy_3_vs_1_with_keeper,42,collect_rollout,3377,0,11,0.039119967143051326,False,False,0.0,0.0,0,0,0,0.0,0.0,0.0,0.0,0.039119967143051326,1,0.039119967143051326
,academy_3_vs_1_with_keeper,42,collect_rollout,3378,0,15,0.014700211002491415,False,False,0.0,0.0,0,0,0,0.0,0.0,0.0,0.0,0.014700211002491415,1,0.014700211002491415
,academy_3_vs_1_with_keeper,42,collect_rollout,3379,0,15,-0.003333333181217313,False,False,0.0,0.0,0,0,0,0.0,0.0,0.0,0.0,-0.003333333181217313,1,-0.003333333181217313
,academy_3_vs_1_with_keeper,42,collect_rollout,3380,0,7,0.03661019715946168,False,False,0.0,0.0,0,0,0,0.0,0.0,0.0,0.0,0.03661019715946168,1,0.03661019715946168
,academy_3_vs_1_with_keeper,42,collect_rollout,3381,0,18,-0.009999999543651938,False,False,0.0,0.0,0,0,0,0.0,0.0,0.0,0.0,-0.009999999543651938,1,-0.009999999543651938
,academy_3_vs_1_with_keeper,42,collect_rollout,3382,0,19,0.0,False,False,0.0,0.0,0,0,0,0.0,0.0,0.0,0.0,0.0,1,0.0
,academy_3_vs_1_with_keeper,42,collect_rollout,3383,0,11,0.022243459126912057,False,False,0.0,0.0,0,0,0,0.0,0.0,0.0,0.0,0.022243459126912057,1,0.022243459126912057
,academy_3_vs_1_with_keeper,42,collect_rollout,3384,0,19,-0.016666665906086564,False,False,0.0,0.0,0,0,0,0.0,0.0,0.0,0.0,-0.016666665906086564,1,-0.016666665906086564
,academy_3_vs_1_with_keeper,42,collect_rollout,3385,0,31,0.09920075244735926,False,False,0.0,0.0,0,0,0,0.0,0.0,0.0,0.0,0.09920075244735926,1,0.09920075244735926
,academy_3_vs_1_with_keeper,42,collect_rollout,3386,0,20,-0.016666665906086564,False,False,0.0,0.0,0,0,0,0.0,0.0,0.0,0.0,-0.016666665906086564,1,-0.016666665906086564
,academy_3_vs_1_with_keeper,42,collect_rollout,3387,0,81,0.06993707839865237,False,False,0.0,0.0,0,0,0,0.0,0.0,0.0,0.0,0.06993707839865237,1,0.06993707839865237
,academy_3_vs_1_with_keeper,42,collect_rollout,3388,0,36,0.07601949409581721,False,False,0.0,0.0,0,0,0,0.0,0.0,0.0,0.0,0.07601949409581721,1,0.07601949409581721
,academy_3_vs_1_with_keeper,42,collect_rollout,3389,0,27,2.119288199697621,False,False,0.0,0.0,0,0,0,0.0,0.0,0.0,0.0,2.119288199697621,1,2.119288199697621
,academy_3_vs_1_with_keeper,42,collect_rollout,3390,0,30,0.10109841680241516,False,False,0.0,0.0,0,0,0,0.0,0.0,0.0,0.0,0.10109841680241516,1,0.10109841680241516
,academy_3_vs_1_with_keeper,42,collect_rollout,3391,0,12,0.012015646789222956,False,False,0.0,0.0,0,0,0,0.0,0.0,0.0,0.0,0.012015646789222956,1,0.012015646789222956
,academy_3_vs_1_with_keeper,42,collect_rollout,3392,0,19,-0.003333333181217313,False,False,0.0,0.0,0,0,0,0.0,0.0,0.0,0.0,-0.003333333181217313,1,-0.003333333181217313
,academy_3_vs_1_with_keeper,42,collect_rollout,3393,0,11,0.019954176619648933,False,False,0.0,0.0,0,0,0,0.0,0.0,0.0,0.0,0.019954176619648933,1,0.019954176619648933
,academy_3_vs_1_with_keeper,42,collect_rollout,3394,0,19,-0.006666666362434626,False,False,0.0,0.0,0,0,0,0.0,0.0,0.0,0.0,-0.006666666362434626,1,-0.006666666362434626
,academy_3_vs_1_with_keeper,42,collect_rollout,3395,0,18,-0.006666666362434626,False,False,0.0,0.0,0,0,0,0.0,0.0,0.0,0.0,-0.006666666362434626,1,-0.006666666362434626
,academy_3_vs_1_with_keeper,42,collect_rollout,3396,0,19,-0.003333333181217313,False,False,0.0,0.0,0,0,0,0.0,0.0,0.0,0.0,-0.003333333181217313,1,-0.003333333181217313
,academy_3_vs_1_with_keeper,42,collect_rollout,3397,0,12,0.021008944138884544,False,False,0.0,0.0,0,0,0,0.0,0.0,0.0,0.0,0.021008944138884544,1,0.021008944138884544
,academy_3_vs_1_with_keeper,42,collect_rollout,3398,0,90,0.09660960626206361,False,False,0.0,0.0,0,0,0,0.0,0.0,0.0,0.0,0.09660960626206361,1,0.09660960626206361
,academy_3_vs_1_with_keeper,42,collect_rollout,3399,0,17,-0.006666666362434626,False,False,0.0,0.0,0,0,0,0.0,0.0,0.0,0.0,-0.006666666362434626,1,-0.006666666362434626
,academy_3_vs_1_with_keeper,42,collect_rollout,3400,0,22,0.11676742101553828,False,False,0.0,0.0,0,0,0,0.0,0.0,0.0,0.0,0.11676742101553828,1,0.11676742101553828
,academy_3_vs_1_with_keeper,42,collect_rollout,3401,0,18,-0.003333333181217313,False,False,0.0,0.0,0,0,0,0.0,0.0,0.0,0.0,-0.003333333181217313,1,-0.003333333181217313
,academy_3_vs_1_with_keeper,42,collect_rollout,3402,0,12,0.026745254173874855,False,False,0.0,0.0,0,0,0,0.0,0.0,0.0,0.0,0.026745254173874855,1,0.026745254173874855
,academy_3_vs_1_with_keeper,42,collect_rollout,3403,0,22,-0.009999999543651938,False,False,0.0,0.0,0,0,0,0.0,0.0,0.0,0.0,-0.009999999543651938,1,-0.009999999543651938
,academy_3_vs_1_with_keeper,42,collect_rollout,3404,0,16,0.0,False,False,0.0,0.0,0,0,0,0.0,0.0,0.0,0.0,0.0,1,0.0
,academy_3_vs_1_with_keeper,42,collect_rollout,3405,0,10,0.0442367511568591,False,False,0.0,0.0,0,0,0,0.0,0.0,0.0,0.0,0.0442367511568591,1,0.0442367511568591
,academy_3_vs_1_with_keeper,42,collect_rollout,3406,0,13,0.018481077160686255,False,False,0.0,0.0,0,0,0,0.0,0.0,0.0,0.0,0.018481077160686255,1,0.018481077160686255
,academy_3_vs_1_with_keeper,42,collect_rollout,3407,0,20,0.0,False,False,0.0,0.0,0,0,0,0.0,0.0,0.0,0.0,0.0,1,0.0
,academy_3_vs_1_with_keeper,42,collect_rollout,3408,0,13,0.02704898576484993,False,False,0.0,0.0,0,0,0,0.0,0.0,0.0,0.0,0.02704898576484993,1,0.02704898576484993
,academy_3_vs_1_with_keeper,42,collect_rollout,3409,0,19,-0.006666666362434626,False,False,0.0,0.0,0,0,0,0.0,0.0,0.0,0.0,-0.006666666362434626,1,-0.006666666362434626
,academy_3_vs_1_with_keeper,42,collect_rollout,3410,0,31,2.1283199997851625,False,False,0.0,0.0,0,0,0,0.0,0.0,0.0,0.0,2.1283199997851625,1,2.1283199997851625
,academy_3_vs_1_with_keeper,42,collect_rollout,3411,0,13,0.012958485633134842,False,False,0.0,0.0,0,0,0,0.0,0.0,0.0,0.0,0.012958485633134842,1,0.012958485633134842
,academy_3_vs_1_with_keeper,42,collect_rollout,3412,0,48,0.041747946524992585,False,False,0.0,0.0,0,0,0,0.0,0.0,0.0,0.0,0.041747946524992585,1,0.041747946524992585
,academy_3_vs_1_with_keeper,42,collect_rollout,3413,0,21,-0.003333333181217313,False,False,0.0,0.0,0,0,0,0.0,0.0,0.0,0.0,-0.003333333181217313,1,-0.003333333181217313
,academy_3_vs_1_with_keeper,42,collect_rollout,3414,0,86,0.10647002691985108,False,False,0.0,0.0,0,0,0,0.0,0.0,0.0,0.0,0.10647002691985108,1,0.10647002691985108
,academy_3_vs_1_with_keeper,42,collect_rollout,3415,0,19,0.0,False,False,0.0,0.0,0,0,0,0.0,0.0,0.0,0.0,0.0,1,0.0
,academy_3_vs_1_with_keeper,42,collect_rollout,3416,0,42,0.08158846106380224,False,False,0.0,0.0,0,0,0,0.0,0.0,0.0,0.0,0.08158846106380224,1,0.08158846106380224
,academy_3_vs_1_with_keeper,42,collect_rollout,3417,0,21,0.1247072642436251,False,False,0.0,0.0,0,0,0,0.0,0.0,0.0,0.0,0.1247072642436251,1,0.1247072642436251
,academy_3_vs_1_with_keeper,42,collect_rollout,3418,0,112,-0.4605641369125806,False,False,0.0,0.0,0,0,0,0.0,0.0,0.0,0.0,-0.4605641369125806,1,-0.4605641369125806
,academy_3_vs_1_with_keeper,42,collect_rollout,3419,0,26,0.09800928656477481,False,False,0.0,0.0,0,0,0,0.0,0.0,0.0,0.0,0.09800928656477481,1,0.09800928656477481
,academy_3_vs_1_with_keeper,42,collect_rollout,3420,0,83,0.08291548799024895,False,False,0.0,0.0,0,0,0,0.0,0.0,0.0,0.0,0.08291548799024895,1,0.08291548799024895
,academy_3_vs_1_with_keeper,42,collect_rollout,3421,0,19,-0.003333333181217313,False,False,0.0,0.0,0,0,0,0.0,0.0,0.0,0.0,-0.003333333181217313,1,-0.003333333181217313
,academy_3_vs_1_with_keeper,42,collect_rollout,3422,0,14,-0.006666666362434626,False,False,0.0,0.0,0,0,0,0.0,0.0,0.0,0.0,-0.006666666362434626,1,-0.006666666362434626
,academy_3_vs_1_with_keeper,42,collect_rollout,3423,0,11,0.016940590692684054,False,False,0.0,0.0,0,0,0,0.0,0.0,0.0,0.0,0.016940590692684054,1,0.016940590692684054
,academy_3_vs_1_with_keeper,42,collect_rollout,3424,0,23,-0.006666666362434626,False,False,0.0,0.0,0,0,0,0.0,0.0,0.0,0.0,-0.006666666362434626,1,-0.006666666362434626
,academy_3_vs_1_with_keeper,42,collect_rollout,3425,0,20,-0.003333333181217313,False,False,0.0,0.0,0,0,0,0.0,0.0,0.0,0.0,-0.003333333181217313,1,-0.003333333181217313
,academy_3_vs_1_with_keeper,42,collect_rollout,3426,0,15,-0.003333333181217313,False,False,0.0,0.0,0,0,0,0.0,0.0,0.0,0.0,-0.003333333181217313,1,-0.003333333181217313
,academy_3_vs_1_with_keeper,42,collect_rollout,3427,0,21,-0.009999999543651938,False,False,0.0,0.0,0,0,0,0.0,0.0,0.0,0.0,-0.009999999543651938,1,-0.009999999543651938
,academy_3_vs_1_with_keeper,42,collect_rollout,3428,0,26,0.12274422391783446,False,False,0.0,0.0,0,0,0,0.0,0.0,0.0,0.0,0.12274422391783446,1,0.12274422391783446
,academy_3_vs_1_with_keeper,42,collect_rollout,3429,0,21,-0.016666665906086564,False,False,0.0,0.0,0,0,0,0.0,0.0,0.0,0.0,-0.016666665906086564,1,-0.016666665906086564
,academy_3_vs_1_with_keeper,42,collect_rollout,3430,0,19,-0.003333333181217313,False,False,0.0,0.0,0,0,0,0.0,0.0,0.0,0.0,-0.003333333181217313,1,-0.003333333181217313
,academy_3_vs_1_with_keeper,42,collect_rollout,3431,0,22,0.0,False,False,0.0,0.0,0,0,0,0.0,0.0,0.0,0.0,0.0,1,0.0
,academy_3_vs_1_with_keeper,42,collect_rollout,3432,0,13,0.02043115405831486,False,False,0.0,0.0,0,0,0,0.0,0.0,0.0,0.0,0.02043115405831486,1,0.02043115405831486
,academy_3_vs_1_with_keeper,42,collect_rollout,3433,0,76,2.300150850554928,False,False,0.0,0.0,0,0,0,0.0,0.0,0.0,0.0,2.300150850554928,1,2.300150850554928
,academy_3_vs_1_with_keeper,42,collect_rollout,3434,0,21,0.0,False,False,0.0,0.0,0,0,0,0.0,0.0,0.0,0.0,0.0,1,0.0
,academy_3_vs_1_with_keeper,42,collect_rollout,3435,0,22,-0.013333332724869251,False,False,0.0,0.0,0,0,0,0.0,0.0,0.0,0.0,-0.013333332724869251,1,-0.013333332724869251
,academy_3_vs_1_with_keeper,42,collect_rollout,3436,0,11,0.03510491584893316,False,False,0.0,0.0,0,0,0,0.0,0.0,0.0,0.0,0.03510491584893316,1,0.03510491584893316
,academy_3_vs_1_with_keeper,42,collect_rollout,3437,0,24,-0.009999999543651938,False,False,0.0,0.0,0,0,0,0.0,0.0,0.0,0.0,-0.009999999543651938,1,-0.009999999543651938
,academy_3_vs_1_with_keeper,42,collect_rollout,3438,0,8,0.03717151423916221,False,False,0.0,0.0,0,0,0,0.0,0.0,0.0,0.0,0.03717151423916221,1,0.03717151423916221
,academy_3_vs_1_with_keeper,42,collect_rollout,3439,0,24,-0.003333333181217313,False,False,0.0,0.0,0,0,0,0.0,0.0,0.0,0.0,-0.003333333181217313,1,-0.003333333181217313
,academy_3_vs_1_with_keeper,42,collect_rollout,3440,0,21,-0.006666666362434626,False,False,0.0,0.0,0,0,0,0.0,0.0,0.0,0.0,-0.006666666362434626,1,-0.006666666362434626
,academy_3_vs_1_with_keeper,42,collect_rollout,3441,0,25,2.129111613961868,False,False,0.0,0.0,0,0,0,0.0,0.0,0.0,0.0,2.129111613961868,1,2.129111613961868
,academy_3_vs_1_with_keeper,42,collect_rollout,3442,0,19,0.0,False,False,0.0,0.0,0,0,0,0.0,0.0,0.0,0.0,0.0,1,0.0
,academy_3_vs_1_with_keeper,42,collect_rollout,3443,0,20,-0.009999999543651938,False,False,0.0,0.0,0,0,0,0.0,0.0,0.0,0.0,-0.009999999543651938,1,-0.009999999543651938
,academy_3_vs_1_with_keeper,42,collect_rollout,3444,0,32,0.09191221109358594,False,False,0.0,0.0,0,0,0,0.0,0.0,0.0,0.0,0.09191221109358594,1,0.09191221109358594
,academy_3_vs_1_with_keeper,42,collect_rollout,3445,0,12,0.021304904716089368,False,False,0.0,0.0,0,0,0,0.0,0.0,0.0,0.0,0.021304904716089368,1,0.021304904716089368
,academy_3_vs_1_with_keeper,42,collect_rollout,3446,0,12,0.024808766786009073,False,False,0.0,0.0,0,0,0,0.0,0.0,0.0,0.0,0.024808766786009073,1,0.024808766786009073
,academy_3_vs_1_with_keeper,42,collect_rollout,3447,0,11,0.023668238427489996,False,False,0.0,0.0,0,0,0,0.0,0.0,0.0,0.0,0.023668238427489996,1,0.023668238427489996
,academy_3_vs_1_with_keeper,42,collect_rollout,3448,0,48,0.027779619907960296,False,False,0.0,0.0,0,0,0,0.0,0.0,0.0,0.0,0.027779619907960296,1,0.027779619907960296
,academy_3_vs_1_with_keeper,42,collect_rollout,3449,0,59,0.08232921367743984,False,False,0.0,0.0,0,0,0,0.0,0.0,0.0,0.0,0.08232921367743984,1,0.08232921367743984
,academy_3_vs_1_with_keeper,42,collect_rollout,3450,0,19,-0.006666666362434626,False,False,0.0,0.0,0,0,0,0.0,0.0,0.0,0.0,-0.006666666362434626,1,-0.006666666362434626
,academy_3_vs_1_with_keeper,42,collect_rollout,3451,0,35,0.35115975930239074,False,False,0.0,0.0,0,0,0,0.0,0.0,0.0,0.0,0.35115975930239074,1,0.35115975930239074
,academy_3_vs_1_with_keeper,42,collect_rollout,3452,0,32,0.050550628337077796,False,False,0.0,0.0,0,0,0,0.0,0.0,0.0,0.0,0.050550628337077796,1,0.050550628337077796
,academy_3_vs_1_with_keeper,42,collect_rollout,3453,0,78,-0.024184784619137645,False,False,0.0,0.0,0,0,0,0.0,0.0,0.0,0.0,-0.024184784619137645,1,-0.024184784619137645
,academy_3_vs_1_with_keeper,42,collect_rollout,3454,0,28,2.152270146063529,False,False,0.0,0.0,0,0,0,0.0,0.0,0.0,0.0,2.152270146063529,1,2.152270146063529
,academy_3_vs_1_with_keeper,42,collect_rollout,3455,0,15,-0.003333333181217313,False,False,0.0,0.0,0,0,0,0.0,0.0,0.0,0.0,-0.003333333181217313,1,-0.003333333181217313
,academy_3_vs_1_with_keeper,42,collect_rollout,3456,0,32,2.1033950710843783,False,False,0.0,0.0,0,0,0,0.0,0.0,0.0,0.0,2.1033950710843783,1,2.1033950710843783
,academy_3_vs_1_with_keeper,42,collect_rollout,3457,0,22,-0.009999999543651938,False,False,0.0,0.0,0,0,0,0.0,0.0,0.0,0.0,-0.009999999543651938,1,-0.009999999543651938
,academy_3_vs_1_with_keeper,42,collect_rollout,3458,0,19,-0.003333333181217313,False,False,0.0,0.0,0,0,0,0.0,0.0,0.0,0.0,-0.003333333181217313,1,-0.003333333181217313
,academy_3_vs_1_with_keeper,42,collect_rollout,3459,0,20,-0.019999999087303877,False,False,0.0,0.0,0,0,0,0.0,0.0,0.0,0.0,-0.019999999087303877,1,-0.019999999087303877
,academy_3_vs_1_with_keeper,42,collect_rollout,3460,0,19,-0.006666666362434626,False,False,0.0,0.0,0,0,0,0.0,0.0,0.0,0.0,-0.006666666362434626,1,-0.006666666362434626
,academy_3_vs_1_with_keeper,42,collect_rollout,3461,0,10,0.02858552833640715,False,False,0.0,0.0,0,0,0,0.0,0.0,0.0,0.0,0.02858552833640715,1,0.02858552833640715
,academy_3_vs_1_with_keeper,42,collect_rollout,3462,0,32,0.08041094173677266,False,False,0.0,0.0,0,0,0,0.0,0.0,0.0,0.0,0.08041094173677266,1,0.08041094173677266
,academy_3_vs_1_with_keeper,42,collect_rollout,3463,0,22,2.146903261425905,False,False,0.0,0.0,0,0,0,0.0,0.0,0.0,0.0,2.146903261425905,1,2.146903261425905
,academy_3_vs_1_with_keeper,42,collect_rollout,3464,0,7,0.036781311384402215,False,False,0.0,0.0,0,0,0,0.0,0.0,0.0,0.0,0.036781311384402215,1,0.036781311384402215
,academy_3_vs_1_with_keeper,42,collect_rollout,3465,0,27,0.11458792153280228,False,False,0.0,0.0,0,0,0,0.0,0.0,0.0,0.0,0.11458792153280228,1,0.11458792153280228
,academy_3_vs_1_with_keeper,42,collect_rollout,3466,0,28,2.1346947095589712,False,False,0.0,0.0,0,0,0,0.0,0.0,0.0,0.0,2.1346947095589712,1,2.1346947095589712
,academy_3_vs_1_with_keeper,42,collect_rollout,3467,0,16,-0.003333333181217313,False,False,0.0,0.0,0,0,0,0.0,0.0,0.0,0.0,-0.003333333181217313,1,-0.003333333181217313
,academy_3_vs_1_with_keeper,42,collect_rollout,3468,0,12,0.030055070528760552,False,False,0.0,0.0,0,0,0,0.0,0.0,0.0,0.0,0.030055070528760552,1,0.030055070528760552
,academy_3_vs_1_with_keeper,42,collect_rollout,3469,0,31,0.0918401301605627,False,False,0.0,0.0,0,0,0,0.0,0.0,0.0,0.0,0.0918401301605627,1,0.0918401301605627
,academy_3_vs_1_with_keeper,42,collect_rollout,3470,0,28,2.1215844759135507,False,False,0.0,0.0,0,0,0,0.0,0.0,0.0,0.0,2.1215844759135507,1,2.1215844759135507
,academy_3_vs_1_with_keeper,42,collect_rollout,3471,0,20,-0.006666666362434626,False,False,0.0,0.0,0,0,0,0.0,0.0,0.0,0.0,-0.006666666362434626,1,-0.006666666362434626
,academy_3_vs_1_with_keeper,42,collect_rollout,3472,0,19,-0.009999999543651938,False,False,0.0,0.0,0,0,0,0.0,0.0,0.0,0.0,-0.009999999543651938,1,-0.009999999543651938
,academy_3_vs_1_with_keeper,42,collect_rollout,3473,0,43,0.11484323185868561,False,False,0.0,0.0,0,0,0,0.0,0.0,0.0,0.0,0.11484323185868561,1,0.11484323185868561
,academy_3_vs_1_with_keeper,42,collect_rollout,3474,0,19,-0.003333333181217313,False,False,0.0,0.0,0,0,0,0.0,0.0,0.0,0.0,-0.003333333181217313,1,-0.003333333181217313
,academy_3_vs_1_with_keeper,42,collect_rollout,3475,0,16,-0.006666666362434626,False,False,0.0,0.0,0,0,0,0.0,0.0,0.0,0.0,-0.006666666362434626,1,-0.006666666362434626
,academy_3_vs_1_with_keeper,42,collect_rollout,3476,0,15,-0.009999999543651938,False,False,0.0,0.0,0,0,0,0.0,0.0,0.0,0.0,-0.009999999543651938,1,-0.009999999543651938
,academy_3_vs_1_with_keeper,42,collect_rollout,3477,0,48,0.13462091388646513,False,False,0.0,0.0,0,0,0,0.0,0.0,0.0,0.0,0.13462091388646513,1,0.13462091388646513
,academy_3_vs_1_with_keeper,42,collect_rollout,3478,0,42,0.08801691907865461,False,False,0.0,0.0,0,0,0,0.0,0.0,0.0,0.0,0.08801691907865461,1,0.08801691907865461
,academy_3_vs_1_with_keeper,42,collect_rollout,3479,0,21,-0.009999999543651938,False,False,0.0,0.0,0,0,0,0.0,0.0,0.0,0.0,-0.009999999543651938,1,-0.009999999543651938
,academy_3_vs_1_with_keeper,42,collect_rollout,3480,0,18,-0.003333333181217313,False,False,0.0,0.0,0,0,0,0.0,0.0,0.0,0.0,-0.003333333181217313,1,-0.003333333181217313
,academy_3_vs_1_with_keeper,42,collect_rollout,3481,0,17,0.016198281780816615,False,False,0.0,0.0,0,0,0,0.0,0.0,0.0,0.0,0.016198281780816615,1,0.016198281780816615
,academy_3_vs_1_with_keeper,42,collect_rollout,3482,0,23,-0.006666666362434626,False,False,0.0,0.0,0,0,0,0.0,0.0,0.0,0.0,-0.006666666362434626,1,-0.006666666362434626
,academy_3_vs_1_with_keeper,42,collect_rollout,3483,0,11,0.0259831509902142,False,False,0.0,0.0,0,0,0,0.0,0.0,0.0,0.0,0.0259831509902142,1,0.0259831509902142
,academy_3_vs_1_with_keeper,42,collect_rollout,3484,0,11,0.02484376495704055,False,False,0.0,0.0,0,0,0,0.0,0.0,0.0,0.0,0.02484376495704055,1,0.02484376495704055
,academy_3_vs_1_with_keeper,42,collect_rollout,3485,0,14,0.02953610010445118,False,False,0.0,0.0,0,0,0,0.0,0.0,0.0,0.0,0.02953610010445118,1,0.02953610010445118
,academy_3_vs_1_with_keeper,42,collect_rollout,3486,0,20,-0.013333332724869251,False,False,0.0,0.0,0,0,0,0.0,0.0,0.0,0.0,-0.013333332724869251,1,-0.013333332724869251
,academy_3_vs_1_with_keeper,42,collect_rollout,3487,0,18,0.0,False,False,0.0,0.0,0,0,0,0.0,0.0,0.0,0.0,0.0,1,0.0
,academy_3_vs_1_with_keeper,42,collect_rollout,3488,0,11,0.01596921239979565,False,False,0.0,0.0,0,0,0,0.0,0.0,0.0,0.0,0.01596921239979565,1,0.01596921239979565
,academy_3_vs_1_with_keeper,42,collect_rollout,3489,0,56,-0.003761158441193402,False,False,0.0,0.0,0,0,0,0.0,0.0,0.0,0.0,-0.003761158441193402,1,-0.003761158441193402
,academy_3_vs_1_with_keeper,42,collect_rollout,3490,0,18,0.0,False,False,0.0,0.0,0,0,0,0.0,0.0,0.0,0.0,0.0,1,0.0
,academy_3_vs_1_with_keeper,42,collect_rollout,3491,0,22,-0.013333332724869251,False,False,0.0,0.0,0,0,0,0.0,0.0,0.0,0.0,-0.013333332724869251,1,-0.013333332724869251
,academy_3_vs_1_with_keeper,42,collect_rollout,3492,0,6,0.039366945158690214,False,False,0.0,0.0,0,0,0,0.0,0.0,0.0,0.0,0.039366945158690214,1,0.039366945158690214
,academy_3_vs_1_with_keeper,42,collect_rollout,3493,0,20,0.0,False,False,0.0,0.0,0,0,0,0.0,0.0,0.0,0.0,0.0,1,0.0
,academy_3_vs_1_with_keeper,42,collect_rollout,3494,0,22,0.0,False,False,0.0,0.0,0,0,0,0.0,0.0,0.0,0.0,0.0,1,0.0
,academy_3_vs_1_with_keeper,42,collect_rollout,3495,0,20,0.0,False,False,0.0,0.0,0,0,0,0.0,0.0,0.0,0.0,0.0,1,0.0
,academy_3_vs_1_with_keeper,42,collect_rollout,3496,0,27,2.1238185396941844,False,False,0.0,0.0,0,0,0,0.0,0.0,0.0,0.0,2.1238185396941844,1,2.1238185396941844
,academy_3_vs_1_with_keeper,42,collect_rollout,3497,0,44,0.12110862380359322,False,False,0.0,0.0,0,0,0,0.0,0.0,0.0,0.0,0.12110862380359322,1,0.12110862380359322
,academy_3_vs_1_with_keeper,42,collect_rollout,3498,0,17,-0.003333333181217313,False,False,0.0,0.0,0,0,0,0.0,0.0,0.0,0.0,-0.003333333181217313,1,-0.003333333181217313
,academy_3_vs_1_with_keeper,42,collect_rollout,3499,0,15,-0.006666666362434626,False,False,0.0,0.0,0,0,0,0.0,0.0,0.0,0.0,-0.006666666362434626,1,-0.006666666362434626
,academy_3_vs_1_with_keeper,42,collect_rollout,3500,0,8,0.029876335833250778,False,False,0.0,0.0,0,0,0,0.0,0.0,0.0,0.0,0.029876335833250778,1,0.029876335833250778
,academy_3_vs_1_with_keeper,42,collect_rollout,3501,0,35,0.12998217903077602,False,False,0.0,0.0,0,0,0,0.0,0.0,0.0,0.0,0.12998217903077602,1,0.12998217903077602
,academy_3_vs_1_with_keeper,42,collect_rollout,3502,0,15,-0.006666666362434626,False,False,0.0,0.0,0,0,0,0.0,0.0,0.0,0.0,-0.006666666362434626,1,-0.006666666362434626
,academy_3_vs_1_with_keeper,42,collect_rollout,3503,0,9,0.033567686798051,False,False,0.0,0.0,0,0,0,0.0,0.0,0.0,0.0,0.033567686798051,1,0.033567686798051
,academy_3_vs_1_with_keeper,42,collect_rollout,3504,0,9,0.03760438746394357,False,False,0.0,0.0,0,0,0,0.0,0.0,0.0,0.0,0.03760438746394357,1,0.03760438746394357
,academy_3_vs_1_with_keeper,42,collect_rollout,3505,0,12,0.034981606411747634,False,False,0.0,0.0,0,0,0,0.0,0.0,0.0,0.0,0.034981606411747634,1,0.034981606411747634
,academy_3_vs_1_with_keeper,42,collect_rollout,3506,0,13,0.017308570153545588,False,False,0.0,0.0,0,0,0,0.0,0.0,0.0,0.0,0.017308570153545588,1,0.017308570153545588
,academy_3_vs_1_with_keeper,42,collect_rollout,3507,0,86,0.0677758530509891,False,False,0.0,0.0,0,0,0,0.0,0.0,0.0,0.0,0.0677758530509891,1,0.0677758530509891
,academy_3_vs_1_with_keeper,42,collect_rollout,3508,0,21,-0.013333332724869251,False,False,0.0,0.0,0,0,0,0.0,0.0,0.0,0.0,-0.013333332724869251,1,-0.013333332724869251
,academy_3_vs_1_with_keeper,42,collect_rollout,3509,0,19,-0.009999999543651938,False,False,0.0,0.0,0,0,0,0.0,0.0,0.0,0.0,-0.009999999543651938,1,-0.009999999543651938
,academy_3_vs_1_with_keeper,42,collect_rollout,3510,0,14,-0.006666666362434626,False,False,0.0,0.0,0,0,0,0.0,0.0,0.0,0.0,-0.006666666362434626,1,-0.006666666362434626
,academy_3_vs_1_with_keeper,42,collect_rollout,3511,0,1801,-0.11072472052183002,False,False,0.0,0.0,0,0,0,0.0,0.0,0.0,0.0,-0.11072472052183002,1,-0.11072472052183002
,academy_3_vs_1_with_keeper,42,collect_rollout,3512,0,21,-0.006666666362434626,False,False,0.0,0.0,0,0,0,0.0,0.0,0.0,0.0,-0.006666666362434626,1,-0.006666666362434626
,academy_3_vs_1_with_keeper,42,collect_rollout,3513,0,84,0.07780261756852269,False,False,0.0,0.0,0,0,0,0.0,0.0,0.0,0.0,0.07780261756852269,1,0.07780261756852269
,academy_3_vs_1_with_keeper,42,collect_rollout,3514,0,12,0.02829225908499211,False,False,0.0,0.0,0,0,0,0.0,0.0,0.0,0.0,0.02829225908499211,1,0.02829225908499211
,academy_3_vs_1_with_keeper,42,collect_rollout,3515,0,16,0.03576303622685373,False,False,0.0,0.0,0,0,0,0.0,0.0,0.0,0.0,0.03576303622685373,1,0.03576303622685373
,academy_3_vs_1_with_keeper,42,collect_rollout,3516,0,31,2.109600376978051,False,False,0.0,0.0,0,0,0,0.0,0.0,0.0,0.0,2.109600376978051,1,2.109600376978051
,academy_3_vs_1_with_keeper,42,collect_rollout,3517,0,6,0.045037887059152126,False,False,0.0,0.0,0,0,0,0.0,0.0,0.0,0.0,0.045037887059152126,1,0.045037887059152126
,academy_3_vs_1_with_keeper,42,collect_rollout,3518,0,36,-0.022744362708181143,False,False,0.0,0.0,0,0,0,0.0,0.0,0.0,0.0,-0.022744362708181143,1,-0.022744362708181143
,academy_3_vs_1_with_keeper,42,collect_rollout,3519,0,22,-0.003333333181217313,False,False,0.0,0.0,0,0,0,0.0,0.0,0.0,0.0,-0.003333333181217313,1,-0.003333333181217313
,academy_3_vs_1_with_keeper,42,collect_rollout,3520,0,17,-0.003333333181217313,False,False,0.0,0.0,0,0,0,0.0,0.0,0.0,0.0,-0.003333333181217313,1,-0.003333333181217313
,academy_3_vs_1_with_keeper,42,collect_rollout,3521,0,53,-0.022878870484419167,False,False,0.0,0.0,0,0,0,0.0,0.0,0.0,0.0,-0.022878870484419167,1,-0.022878870484419167
,academy_3_vs_1_with_keeper,42,collect_rollout,3522,0,19,-0.009999999543651938,False,False,0.0,0.0,0,0,0,0.0,0.0,0.0,0.0,-0.009999999543651938,1,-0.009999999543651938
,academy_3_vs_1_with_keeper,42,collect_rollout,3523,0,16,0.0,False,False,0.0,0.0,0,0,0,0.0,0.0,0.0,0.0,0.0,1,0.0
,academy_3_vs_1_with_keeper,42,collect_rollout,3524,0,88,-0.01662307552760467,False,False,0.0,0.0,0,0,0,0.0,0.0,0.0,0.0,-0.01662307552760467,1,-0.01662307552760467
,academy_3_vs_1_with_keeper,42,collect_rollout,3525,0,22,-0.006666666362434626,False,False,0.0,0.0,0,0,0,0.0,0.0,0.0,0.0,-0.006666666362434626,1,-0.006666666362434626
,academy_3_vs_1_with_keeper,42,collect_rollout,3526,0,13,-0.003333333181217313,False,False,0.0,0.0,0,0,0,0.0,0.0,0.0,0.0,-0.003333333181217313,1,-0.003333333181217313
,academy_3_vs_1_with_keeper,42,collect_rollout,3527,0,41,0.0876919889706187,False,False,0.0,0.0,0,0,0,0.0,0.0,0.0,0.0,0.0876919889706187,1,0.0876919889706187
,academy_3_vs_1_with_keeper,42,collect_rollout,3528,0,16,-0.003333333181217313,False,False,0.0,0.0,0,0,0,0.0,0.0,0.0,0.0,-0.003333333181217313,1,-0.003333333181217313
,academy_3_vs_1_with_keeper,42,collect_rollout,3529,0,22,-0.013333332724869251,False,False,0.0,0.0,0,0,0,0.0,0.0,0.0,0.0,-0.013333332724869251,1,-0.013333332724869251
,academy_3_vs_1_with_keeper,42,collect_rollout,3530,0,27,0.10665547184180468,False,False,0.0,0.0,0,0,0,0.0,0.0,0.0,0.0,0.10665547184180468,1,0.10665547184180468
,academy_3_vs_1_with_keeper,42,collect_rollout,3531,0,21,-0.003333333181217313,False,False,0.0,0.0,0,0,0,0.0,0.0,0.0,0.0,-0.003333333181217313,1,-0.003333333181217313
,academy_3_vs_1_with_keeper,42,collect_rollout,3532,0,191,0.34606430993881077,False,False,0.0,0.0,0,0,0,0.0,0.0,0.0,0.0,0.34606430993881077,1,0.34606430993881077
,academy_3_vs_1_with_keeper,42,collect_rollout,3533,0,85,0.10548390308395028,False,False,0.0,0.0,0,0,0,0.0,0.0,0.0,0.0,0.10548390308395028,1,0.10548390308395028
,academy_3_vs_1_with_keeper,42,collect_rollout,3534,0,34,0.04518796573393047,False,False,0.0,0.0,0,0,0,0.0,0.0,0.0,0.0,0.04518796573393047,1,0.04518796573393047
,academy_3_vs_1_with_keeper,42,collect_rollout,3535,0,15,-0.003333333181217313,False,False,0.0,0.0,0,0,0,0.0,0.0,0.0,0.0,-0.003333333181217313,1,-0.003333333181217313
,academy_3_vs_1_with_keeper,42,collect_rollout,3536,0,13,0.018735375604592264,False,False,0.0,0.0,0,0,0,0.0,0.0,0.0,0.0,0.018735375604592264,1,0.018735375604592264
,academy_3_vs_1_with_keeper,42,collect_rollout,3537,0,15,0.0,False,False,0.0,0.0,0,0,0,0.0,0.0,0.0,0.0,0.0,1,0.0
,academy_3_vs_1_with_keeper,42,collect_rollout,3538,0,22,-0.003333333181217313,False,False,0.0,0.0,0,0,0,0.0,0.0,0.0,0.0,-0.003333333181217313,1,-0.003333333181217313
,academy_3_vs_1_with_keeper,42,collect_rollout,3539,0,44,0.11384068871848285,False,False,0.0,0.0,0,0,0,0.0,0.0,0.0,0.0,0.11384068871848285,1,0.11384068871848285
,academy_3_vs_1_with_keeper,42,collect_rollout,3540,0,22,-0.009999999543651938,False,False,0.0,0.0,0,0,0,0.0,0.0,0.0,0.0,-0.009999999543651938,1,-0.009999999543651938
,academy_3_vs_1_with_keeper,42,collect_rollout,3541,0,17,-0.003333333181217313,False,False,0.0,0.0,0,0,0,0.0,0.0,0.0,0.0,-0.003333333181217313,1,-0.003333333181217313
,academy_3_vs_1_with_keeper,42,collect_rollout,3542,0,22,-0.016666666138917208,False,False,0.0,0.0,0,0,0,0.0,0.0,0.0,0.0,-0.016666666138917208,1,-0.016666666138917208
,academy_3_vs_1_with_keeper,42,collect_rollout,3543,0,18,-0.009999999543651938,False,False,0.0,0.0,0,0,0,0.0,0.0,0.0,0.0,-0.009999999543651938,1,-0.009999999543651938
,academy_3_vs_1_with_keeper,42,collect_rollout,3544,0,15,-0.013333332724869251,False,False,0.0,0.0,0,0,0,0.0,0.0,0.0,0.0,-0.013333332724869251,1,-0.013333332724869251
,academy_3_vs_1_with_keeper,42,collect_rollout,3545,0,22,-0.016666665906086564,False,False,0.0,0.0,0,0,0,0.0,0.0,0.0,0.0,-0.016666665906086564,1,-0.016666665906086564
,academy_3_vs_1_with_keeper,42,collect_rollout,3546,0,18,-0.003333333181217313,False,False,0.0,0.0,0,0,0,0.0,0.0,0.0,0.0,-0.003333333181217313,1,-0.003333333181217313
,academy_3_vs_1_with_keeper,42,collect_rollout,3547,0,6,0.045587141532450914,False,False,0.0,0.0,0,0,0,0.0,0.0,0.0,0.0,0.045587141532450914,1,0.045587141532450914
,academy_3_vs_1_with_keeper,42,collect_rollout,3548,0,10,0.033587759477086365,False,False,0.0,0.0,0,0,0,0.0,0.0,0.0,0.0,0.033587759477086365,1,0.033587759477086365
,academy_3_vs_1_with_keeper,42,collect_rollout,3549,0,12,0.021831643767654896,False,False,0.0,0.0,0,0,0,0.0,0.0,0.0,0.0,0.021831643767654896,1,0.021831643767654896
,academy_3_vs_1_with_keeper,42,collect_rollout,3550,0,18,0.0,False,False,0.0,0.0,0,0,0,0.0,0.0,0.0,0.0,0.0,1,0.0
,academy_3_vs_1_with_keeper,42,collect_rollout,3551,0,19,-0.006666666362434626,False,False,0.0,0.0,0,0,0,0.0,0.0,0.0,0.0,-0.006666666362434626,1,-0.006666666362434626
,academy_3_vs_1_with_keeper,42,collect_rollout,3552,0,7,0.04105711239390075,False,False,0.0,0.0,0,0,0,0.0,0.0,0.0,0.0,0.04105711239390075,1,0.04105711239390075
,academy_3_vs_1_with_keeper,42,collect_rollout,3553,0,495,0.15946182903644512,False,False,0.0,0.0,0,0,0,0.0,0.0,0.0,0.0,0.15946182903644512,1,0.15946182903644512
,academy_3_vs_1_with_keeper,42,collect_rollout,3554,0,27,0.108149109990336,False,False,0.0,0.0,0,0,0,0.0,0.0,0.0,0.0,0.108149109990336,1,0.108149109990336
,academy_3_vs_1_with_keeper,42,collect_rollout,3555,0,12,0.015275796293281019,False,False,0.0,0.0,0,0,0,0.0,0.0,0.0,0.0,0.015275796293281019,1,0.015275796293281019
,academy_3_vs_1_with_keeper,42,collect_rollout,3556,0,18,-0.003333333181217313,False,False,0.0,0.0,0,0,0,0.0,0.0,0.0,0.0,-0.003333333181217313,1,-0.003333333181217313
,academy_3_vs_1_with_keeper,42,collect_rollout,3557,0,18,-0.006666666362434626,False,False,0.0,0.0,0,0,0,0.0,0.0,0.0,0.0,-0.006666666362434626,1,-0.006666666362434626
,academy_3_vs_1_with_keeper,42,collect_rollout,3558,0,34,0.34373101592063904,False,False,0.0,0.0,0,0,0,0.0,0.0,0.0,0.0,0.34373101592063904,1,0.34373101592063904
,academy_3_vs_1_with_keeper,42,collect_rollout,3559,0,91,0.018472750787623227,False,False,0.0,0.0,0,0,0,0.0,0.0,0.0,0.0,0.018472750787623227,1,0.018472750787623227
,academy_3_vs_1_with_keeper,42,collect_rollout,3560,0,8,0.023877219180576503,False,False,0.0,0.0,0,0,0,0.0,0.0,0.0,0.0,0.023877219180576503,1,0.023877219180576503
,academy_3_vs_1_with_keeper,42,collect_rollout,3561,0,17,-0.006666666362434626,False,False,0.0,0.0,0,0,0,0.0,0.0,0.0,0.0,-0.006666666362434626,1,-0.006666666362434626
,academy_3_vs_1_with_keeper,42,collect_rollout,3562,0,83,-0.011381832649931312,False,False,0.0,0.0,0,0,0,0.0,0.0,0.0,0.0,-0.011381832649931312,1,-0.011381832649931312
,academy_3_vs_1_with_keeper,42,collect_rollout,3563,0,19,-0.009999999543651938,False,False,0.0,0.0,0,0,0,0.0,0.0,0.0,0.0,-0.009999999543651938,1,-0.009999999543651938
,academy_3_vs_1_with_keeper,42,collect_rollout,3564,0,72,-0.10601830994710326,False,False,0.0,0.0,0,0,0,0.0,0.0,0.0,0.0,-0.10601830994710326,1,-0.10601830994710326
,academy_3_vs_1_with_keeper,42,collect_rollout,3565,0,49,0.005914926994591951,False,False,0.0,0.0,0,0,0,0.0,0.0,0.0,0.0,0.005914926994591951,1,0.005914926994591951
,academy_3_vs_1_with_keeper,42,collect_rollout,3566,0,19,-0.009999999543651938,False,False,0.0,0.0,0,0,0,0.0,0.0,0.0,0.0,-0.009999999543651938,1,-0.009999999543651938
,academy_3_vs_1_with_keeper,42,collect_rollout,3567,0,116,-0.4064161249407334,False,False,0.0,0.0,0,0,0,0.0,0.0,0.0,0.0,-0.4064161249407334,1,-0.4064161249407334
,academy_3_vs_1_with_keeper,42,collect_rollout,3568,0,14,0.0135507260565646,False,False,0.0,0.0,0,0,0,0.0,0.0,0.0,0.0,0.0135507260565646,1,0.0135507260565646
,academy_3_vs_1_with_keeper,42,collect_rollout,3569,0,28,2.1357458322308958,False,False,0.0,0.0,0,0,0,0.0,0.0,0.0,0.0,2.1357458322308958,1,2.1357458322308958
,academy_3_vs_1_with_keeper,42,collect_rollout,3570,0,18,-0.006666666362434626,False,False,0.0,0.0,0,0,0,0.0,0.0,0.0,0.0,-0.006666666362434626,1,-0.006666666362434626
,academy_3_vs_1_with_keeper,42,collect_rollout,3571,0,21,-0.009999999543651938,False,False,0.0,0.0,0,0,0,0.0,0.0,0.0,0.0,-0.009999999543651938,1,-0.009999999543651938
,academy_3_vs_1_with_keeper,42,collect_rollout,3572,0,14,0.0,False,False,0.0,0.0,0,0,0,0.0,0.0,0.0,0.0,0.0,1,0.0
,academy_3_vs_1_with_keeper,42,collect_rollout,3573,0,20,-0.019999999087303877,False,False,0.0,0.0,0,0,0,0.0,0.0,0.0,0.0,-0.019999999087303877,1,-0.019999999087303877
,academy_3_vs_1_with_keeper,42,collect_rollout,3574,0,18,0.0,False,False,0.0,0.0,0,0,0,0.0,0.0,0.0,0.0,0.0,1,0.0
,academy_3_vs_1_with_keeper,42,collect_rollout,3575,0,12,0.016330047510564327,False,False,0.0,0.0,0,0,0,0.0,0.0,0.0,0.0,0.016330047510564327,1,0.016330047510564327
,academy_3_vs_1_with_keeper,42,collect_rollout,3576,0,18,0.0,False,False,0.0,0.0,0,0,0,0.0,0.0,0.0,0.0,0.0,1,0.0
,academy_3_vs_1_with_keeper,42,collect_rollout,3577,0,19,0.0,False,False,0.0,0.0,0,0,0,0.0,0.0,0.0,0.0,0.0,1,0.0
,academy_3_vs_1_with_keeper,42,collect_rollout,3578,0,24,2.108025421279308,False,False,0.0,0.0,0,0,0,0.0,0.0,0.0,0.0,2.108025421279308,1,2.108025421279308
,academy_3_vs_1_with_keeper,42,collect_rollout,3579,0,22,-0.003333333181217313,False,False,0.0,0.0,0,0,0,0.0,0.0,0.0,0.0,-0.003333333181217313,1,-0.003333333181217313
,academy_3_vs_1_with_keeper,42,collect_rollout,3580,0,11,0.014014308355399407,False,False,0.0,0.0,0,0,0,0.0,0.0,0.0,0.0,0.014014308355399407,1,0.014014308355399407
,academy_3_vs_1_with_keeper,42,collect_rollout,3581,0,11,0.02523002400994301,False,False,0.0,0.0,0,0,0,0.0,0.0,0.0,0.0,0.02523002400994301,1,0.02523002400994301
,academy_3_vs_1_with_keeper,42,collect_rollout,3582,0,33,2.119998505047988,False,False,0.0,0.0,0,0,0,0.0,0.0,0.0,0.0,2.119998505047988,1,2.119998505047988
,academy_3_vs_1_with_keeper,42,collect_rollout,3583,0,11,0.03570839262101799,False,False,0.0,0.0,0,0,0,0.0,0.0,0.0,0.0,0.03570839262101799,1,0.03570839262101799
,academy_3_vs_1_with_keeper,42,collect_rollout,3584,0,13,0.015006273053586483,False,False,0.0,0.0,0,0,0,0.0,0.0,0.0,0.0,0.015006273053586483,1,0.015006273053586483
,academy_3_vs_1_with_keeper,42,collect_rollout,3585,0,14,-0.003333333181217313,False,False,0.0,0.0,0,0,0,0.0,0.0,0.0,0.0,-0.003333333181217313,1,-0.003333333181217313
,academy_3_vs_1_with_keeper,42,collect_rollout,3586,0,20,-0.016666665906086564,False,False,0.0,0.0,0,0,0,0.0,0.0,0.0,0.0,-0.016666665906086564,1,-0.016666665906086564
,academy_3_vs_1_with_keeper,42,collect_rollout,3587,0,21,2.138576122932136,False,False,0.0,0.0,0,0,0,0.0,0.0,0.0,0.0,2.138576122932136,1,2.138576122932136
,academy_3_vs_1_with_keeper,42,collect_rollout,3588,0,86,0.02557176523259841,False,False,0.0,0.0,0,0,0,0.0,0.0,0.0,0.0,0.02557176523259841,1,0.02557176523259841
,academy_3_vs_1_with_keeper,42,collect_rollout,3589,0,33,0.0711952385463519,False,False,0.0,0.0,0,0,0,0.0,0.0,0.0,0.0,0.0711952385463519,1,0.0711952385463519
,academy_3_vs_1_with_keeper,42,collect_rollout,3590,0,1663,0.19972607563249767,False,False,0.0,0.0,0,0,0,0.0,0.0,0.0,0.0,0.19972607563249767,1,0.19972607563249767
,academy_3_vs_1_with_keeper,42,collect_rollout,3591,0,49,0.020528628141619265,False,False,0.0,0.0,0,0,0,0.0,0.0,0.0,0.0,0.020528628141619265,1,0.020528628141619265
,academy_3_vs_1_with_keeper,42,collect_rollout,3592,0,15,-0.003333333181217313,False,False,0.0,0.0,0,0,0,0.0,0.0,0.0,0.0,-0.003333333181217313,1,-0.003333333181217313
,academy_3_vs_1_with_keeper,42,collect_rollout,3593,0,34,0.06930888566421345,False,False,0.0,0.0,0,0,0,0.0,0.0,0.0,0.0,0.06930888566421345,1,0.06930888566421345
,academy_3_vs_1_with_keeper,42,collect_rollout,3594,0,114,-0.04727732139872387,False,False,0.0,0.0,0,0,0,0.0,0.0,0.0,0.0,-0.04727732139872387,1,-0.04727732139872387
,academy_3_vs_1_with_keeper,42,collect_rollout,3595,0,17,0.018511736299842596,False,False,0.0,0.0,0,0,0,0.0,0.0,0.0,0.0,0.018511736299842596,1,0.018511736299842596
,academy_3_vs_1_with_keeper,42,collect_rollout,3596,0,14,0.02935706893913448,False,False,0.0,0.0,0,0,0,0.0,0.0,0.0,0.0,0.02935706893913448,1,0.02935706893913448
,academy_3_vs_1_with_keeper,42,collect_rollout,3597,0,19,-0.019999999087303877,False,False,0.0,0.0,0,0,0,0.0,0.0,0.0,0.0,-0.019999999087303877,1,-0.019999999087303877
,academy_3_vs_1_with_keeper,42,collect_rollout,3598,0,32,0.10458380379714072,False,False,0.0,0.0,0,0,0,0.0,0.0,0.0,0.0,0.10458380379714072,1,0.10458380379714072
,academy_3_vs_1_with_keeper,42,collect_rollout,3599,0,29,0.11426053731702268,False,False,0.0,0.0,0,0,0,0.0,0.0,0.0,0.0,0.11426053731702268,1,0.11426053731702268
,academy_3_vs_1_with_keeper,42,collect_rollout,3600,0,18,0.0,False,False,0.0,0.0,0,0,0,0.0,0.0,0.0,0.0,0.0,1,0.0
,academy_3_vs_1_with_keeper,42,collect_rollout,3601,0,16,-0.003333333181217313,False,False,0.0,0.0,0,0,0,0.0,0.0,0.0,0.0,-0.003333333181217313,1,-0.003333333181217313
,academy_3_vs_1_with_keeper,42,collect_rollout,3602,0,12,0.02191901346668601,False,False,0.0,0.0,0,0,0,0.0,0.0,0.0,0.0,0.02191901346668601,1,0.02191901346668601
,academy_3_vs_1_with_keeper,42,collect_rollout,3603,0,29,0.09161071617563721,False,False,0.0,0.0,0,0,0,0.0,0.0,0.0,0.0,0.09161071617563721,1,0.09161071617563721
,academy_3_vs_1_with_keeper,42,collect_rollout,3604,0,22,-0.006666666362434626,False,False,0.0,0.0,0,0,0,0.0,0.0,0.0,0.0,-0.006666666362434626,1,-0.006666666362434626
,academy_3_vs_1_with_keeper,42,collect_rollout,3605,0,76,-0.0599631477962248,False,False,0.0,0.0,0,0,0,0.0,0.0,0.0,0.0,-0.0599631477962248,1,-0.0599631477962248
,academy_3_vs_1_with_keeper,42,collect_rollout,3606,0,36,2.1213380080880597,False,False,0.0,0.0,0,0,0,0.0,0.0,0.0,0.0,2.1213380080880597,1,2.1213380080880597
,academy_3_vs_1_with_keeper,42,collect_rollout,3607,0,17,-0.016666665906086564,False,False,0.0,0.0,0,0,0,0.0,0.0,0.0,0.0,-0.016666665906086564,1,-0.016666665906086564
,academy_3_vs_1_with_keeper,42,collect_rollout,3608,0,80,0.013944261911092326,False,False,0.0,0.0,0,0,0,0.0,0.0,0.0,0.0,0.013944261911092326,1,0.013944261911092326
,academy_3_vs_1_with_keeper,42,collect_rollout,3609,0,17,0.010288276709616184,False,False,0.0,0.0,0,0,0,0.0,0.0,0.0,0.0,0.010288276709616184,1,0.010288276709616184
,academy_3_vs_1_with_keeper,42,collect_rollout,3610,0,23,-0.016666665906086564,False,False,0.0,0.0,0,0,0,0.0,0.0,0.0,0.0,-0.016666665906086564,1,-0.016666665906086564
,academy_3_vs_1_with_keeper,42,collect_rollout,3611,0,11,0.020178413717076182,False,False,0.0,0.0,0,0,0,0.0,0.0,0.0,0.0,0.020178413717076182,1,0.020178413717076182
,academy_3_vs_1_with_keeper,42,collect_rollout,3612,0,34,0.07400993148621637,False,False,0.0,0.0,0,0,0,0.0,0.0,0.0,0.0,0.07400993148621637,1,0.07400993148621637
,academy_3_vs_1_with_keeper,42,collect_rollout,3613,0,51,0.07678309680591155,False,False,0.0,0.0,0,0,0,0.0,0.0,0.0,0.0,0.07678309680591155,1,0.07678309680591155
,academy_3_vs_1_with_keeper,42,collect_rollout,3614,0,18,-0.02333333226852119,False,False,0.0,0.0,0,0,0,0.0,0.0,0.0,0.0,-0.02333333226852119,1,-0.02333333226852119
,academy_3_vs_1_with_keeper,42,collect_rollout,3615,0,23,-0.003333333181217313,False,False,0.0,0.0,0,0,0,0.0,0.0,0.0,0.0,-0.003333333181217313,1,-0.003333333181217313
,academy_3_vs_1_with_keeper,42,collect_rollout,3616,0,19,0.0,False,False,0.0,0.0,0,0,0,0.0,0.0,0.0,0.0,0.0,1,0.0
,academy_3_vs_1_with_keeper,42,collect_rollout,3617,0,22,-0.019999999087303877,False,False,0.0,0.0,0,0,0,0.0,0.0,0.0,0.0,-0.019999999087303877,1,-0.019999999087303877
,academy_3_vs_1_with_keeper,42,collect_rollout,3618,0,31,0.10001106112031266,False,False,0.0,0.0,0,0,0,0.0,0.0,0.0,0.0,0.10001106112031266,1,0.10001106112031266
,academy_3_vs_1_with_keeper,42,collect_rollout,3619,0,20,-0.016666665906086564,False,False,0.0,0.0,0,0,0,0.0,0.0,0.0,0.0,-0.016666665906086564,1,-0.016666665906086564
,academy_3_vs_1_with_keeper,42,collect_rollout,3620,0,99,0.016935087583988206,False,False,0.0,0.0,0,0,0,0.0,0.0,0.0,0.0,0.016935087583988206,1,0.016935087583988206
,academy_3_vs_1_with_keeper,42,collect_rollout,3621,0,13,0.015251476434059441,False,False,0.0,0.0,0,0,0,0.0,0.0,0.0,0.0,0.015251476434059441,1,0.015251476434059441
,academy_3_vs_1_with_keeper,42,collect_rollout,3622,0,14,-0.003333333181217313,False,False,0.0,0.0,0,0,0,0.0,0.0,0.0,0.0,-0.003333333181217313,1,-0.003333333181217313
,academy_3_vs_1_with_keeper,42,collect_rollout,3623,0,46,-0.001890602521598339,False,False,0.0,0.0,0,0,0,0.0,0.0,0.0,0.0,-0.001890602521598339,1,-0.001890602521598339
,academy_3_vs_1_with_keeper,42,collect_rollout,3624,0,43,0.08617519802646711,False,False,0.0,0.0,0,0,0,0.0,0.0,0.0,0.0,0.08617519802646711,1,0.08617519802646711
,academy_3_vs_1_with_keeper,42,collect_rollout,3625,0,45,2.1135760160395876,False,False,0.0,0.0,0,0,0,0.0,0.0,0.0,0.0,2.1135760160395876,1,2.1135760160395876
,academy_3_vs_1_with_keeper,42,collect_rollout,3626,0,32,0.08148160483688116,False,False,0.0,0.0,0,0,0,0.0,0.0,0.0,0.0,0.08148160483688116,1,0.08148160483688116
,academy_3_vs_1_with_keeper,42,collect_rollout,3627,0,18,0.0,False,False,0.0,0.0,0,0,0,0.0,0.0,0.0,0.0,0.0,1,0.0
,academy_3_vs_1_with_keeper,42,collect_rollout,3628,0,14,0.03281700739171356,False,False,0.0,0.0,0,0,0,0.0,0.0,0.0,0.0,0.03281700739171356,1,0.03281700739171356
,academy_3_vs_1_with_keeper,42,collect_rollout,3629,0,20,-0.003333333181217313,False,False,0.0,0.0,0,0,0,0.0,0.0,0.0,0.0,-0.003333333181217313,1,-0.003333333181217313
,academy_3_vs_1_with_keeper,42,collect_rollout,3630,0,16,0.0,False,False,0.0,0.0,0,0,0,0.0,0.0,0.0,0.0,0.0,1,0.0
,academy_3_vs_1_with_keeper,42,collect_rollout,3631,0,20,0.0,False,False,0.0,0.0,0,0,0,0.0,0.0,0.0,0.0,0.0,1,0.0
,academy_3_vs_1_with_keeper,42,collect_rollout,3632,0,21,-0.006666666362434626,False,False,0.0,0.0,0,0,0,0.0,0.0,0.0,0.0,-0.006666666362434626,1,-0.006666666362434626
,academy_3_vs_1_with_keeper,42,collect_rollout,3633,0,18,0.0,False,False,0.0,0.0,0,0,0,0.0,0.0,0.0,0.0,0.0,1,0.0
,academy_3_vs_1_with_keeper,42,collect_rollout,3634,0,21,2.131681001628749,False,False,0.0,0.0,0,0,0,0.0,0.0,0.0,0.0,2.131681001628749,1,2.131681001628749
,academy_3_vs_1_with_keeper,42,collect_rollout,3635,0,21,-0.003333333181217313,False,False,0.0,0.0,0,0,0,0.0,0.0,0.0,0.0,-0.003333333181217313,1,-0.003333333181217313
,academy_3_vs_1_with_keeper,42,collect_rollout,3636,0,31,2.125335917036864,False,False,0.0,0.0,0,0,0,0.0,0.0,0.0,0.0,2.125335917036864,1,2.125335917036864
,academy_3_vs_1_with_keeper,42,collect_rollout,3637,0,23,-0.013333332724869251,False,False,0.0,0.0,0,0,0,0.0,0.0,0.0,0.0,-0.013333332724869251,1,-0.013333332724869251
,academy_3_vs_1_with_keeper,42,collect_rollout,3638,0,30,0.10070644435472786,False,False,0.0,0.0,0,0,0,0.0,0.0,0.0,0.0,0.10070644435472786,1,0.10070644435472786
,academy_3_vs_1_with_keeper,42,collect_rollout,3639,0,17,0.0,False,False,0.0,0.0,0,0,0,0.0,0.0,0.0,0.0,0.0,1,0.0
,academy_3_vs_1_with_keeper,42,collect_rollout,3640,0,29,0.1282356275478378,False,False,0.0,0.0,0,0,0,0.0,0.0,0.0,0.0,0.1282356275478378,1,0.1282356275478378
,academy_3_vs_1_with_keeper,42,collect_rollout,3641,0,39,2.0911784963682294,False,False,0.0,0.0,0,0,0,0.0,0.0,0.0,0.0,2.0911784963682294,1,2.0911784963682294
,academy_3_vs_1_with_keeper,42,collect_rollout,3642,0,54,-0.061617221450433135,False,False,0.0,0.0,0,0,0,0.0,0.0,0.0,0.0,-0.061617221450433135,1,-0.061617221450433135
,academy_3_vs_1_with_keeper,42,collect_rollout,3643,0,24,0.11183157644700259,False,False,0.0,0.0,0,0,0,0.0,0.0,0.0,0.0,0.11183157644700259,1,0.11183157644700259
,academy_3_vs_1_with_keeper,42,collect_rollout,3644,0,21,-0.003333333181217313,False,False,0.0,0.0,0,0,0,0.0,0.0,0.0,0.0,-0.003333333181217313,1,-0.003333333181217313
,academy_3_vs_1_with_keeper,42,collect_rollout,3645,0,16,-0.003333333181217313,False,False,0.0,0.0,0,0,0,0.0,0.0,0.0,0.0,-0.003333333181217313,1,-0.003333333181217313
,academy_3_vs_1_with_keeper,42,collect_rollout,3646,0,20,-0.009999999543651938,False,False,0.0,0.0,0,0,0,0.0,0.0,0.0,0.0,-0.009999999543651938,1,-0.009999999543651938
,academy_3_vs_1_with_keeper,42,collect_rollout,3647,0,32,2.1260825040808413,False,False,0.0,0.0,0,0,0,0.0,0.0,0.0,0.0,2.1260825040808413,1,2.1260825040808413
,academy_3_vs_1_with_keeper,42,collect_rollout,3648,0,19,-0.006666666362434626,False,False,0.0,0.0,0,0,0,0.0,0.0,0.0,0.0,-0.006666666362434626,1,-0.006666666362434626
,academy_3_vs_1_with_keeper,42,collect_rollout,3649,0,19,-0.006666666362434626,False,False,0.0,0.0,0,0,0,0.0,0.0,0.0,0.0,-0.006666666362434626,1,-0.006666666362434626
,academy_3_vs_1_with_keeper,42,collect_rollout,3650,0,16,0.0,False,False,0.0,0.0,0,0,0,0.0,0.0,0.0,0.0,0.0,1,0.0
,academy_3_vs_1_with_keeper,42,collect_rollout,3651,0,32,2.1342072024708614,False,False,0.0,0.0,0,0,0,0.0,0.0,0.0,0.0,2.1342072024708614,1,2.1342072024708614
,academy_3_vs_1_with_keeper,42,collect_rollout,3652,0,84,0.03598087675345596,False,False,0.0,0.0,0,0,0,0.0,0.0,0.0,0.0,0.03598087675345596,1,0.03598087675345596
,academy_3_vs_1_with_keeper,42,collect_rollout,3653,0,17,-0.003333333181217313,False,False,0.0,0.0,0,0,0,0.0,0.0,0.0,0.0,-0.003333333181217313,1,-0.003333333181217313
,academy_3_vs_1_with_keeper,42,collect_rollout,3654,0,18,-0.003333333181217313,False,False,0.0,0.0,0,0,0,0.0,0.0,0.0,0.0,-0.003333333181217313,1,-0.003333333181217313
,academy_3_vs_1_with_keeper,42,collect_rollout,3655,0,26,0.10814978426788002,False,False,0.0,0.0,0,0,0,0.0,0.0,0.0,0.0,0.10814978426788002,1,0.10814978426788002
,academy_3_vs_1_with_keeper,42,collect_rollout,3656,0,23,-0.006666666362434626,False,False,0.0,0.0,0,0,0,0.0,0.0,0.0,0.0,-0.006666666362434626,1,-0.006666666362434626
,academy_3_vs_1_with_keeper,42,collect_rollout,3657,0,27,2.140683810925111,False,False,0.0,0.0,0,0,0,0.0,0.0,0.0,0.0,2.140683810925111,1,2.140683810925111
,academy_3_vs_1_with_keeper,42,collect_rollout,3658,0,18,-0.003333333181217313,False,False,0.0,0.0,0,0,0,0.0,0.0,0.0,0.0,-0.003333333181217313,1,-0.003333333181217313
,academy_3_vs_1_with_keeper,42,collect_rollout,3659,0,23,-0.009999999543651938,False,False,0.0,0.0,0,0,0,0.0,0.0,0.0,0.0,-0.009999999543651938,1,-0.009999999543651938
,academy_3_vs_1_with_keeper,42,collect_rollout,3660,0,30,2.126448526396416,False,False,0.0,0.0,0,0,0,0.0,0.0,0.0,0.0,2.126448526396416,1,2.126448526396416
,academy_3_vs_1_with_keeper,42,collect_rollout,3661,0,20,-0.006666666362434626,False,False,0.0,0.0,0,0,0,0.0,0.0,0.0,0.0,-0.006666666362434626,1,-0.006666666362434626
,academy_3_vs_1_with_keeper,42,collect_rollout,3662,0,23,-0.006666666362434626,False,False,0.0,0.0,0,0,0,0.0,0.0,0.0,0.0,-0.006666666362434626,1,-0.006666666362434626
,academy_3_vs_1_with_keeper,42,collect_rollout,3663,0,8,0.05276438454166055,False,False,0.0,0.0,0,0,0,0.0,0.0,0.0,0.0,0.05276438454166055,1,0.05276438454166055
,academy_3_vs_1_with_keeper,42,collect_rollout,3664,0,18,-0.009999999543651938,False,False,0.0,0.0,0,0,0,0.0,0.0,0.0,0.0,-0.009999999543651938,1,-0.009999999543651938
,academy_3_vs_1_with_keeper,42,collect_rollout,3665,0,11,0.017344556283205748,False,False,0.0,0.0,0,0,0,0.0,0.0,0.0,0.0,0.017344556283205748,1,0.017344556283205748
,academy_3_vs_1_with_keeper,42,collect_rollout,3666,0,24,2.1333320727571845,False,False,0.0,0.0,0,0,0,0.0,0.0,0.0,0.0,2.1333320727571845,1,2.1333320727571845
,academy_3_vs_1_with_keeper,42,collect_rollout,3667,0,36,0.11281075584702194,False,False,0.0,0.0,0,0,0,0.0,0.0,0.0,0.0,0.11281075584702194,1,0.11281075584702194
,academy_3_vs_1_with_keeper,42,collect_rollout,3668,0,18,0.0,False,False,0.0,0.0,0,0,0,0.0,0.0,0.0,0.0,0.0,1,0.0
,academy_3_vs_1_with_keeper,42,collect_rollout,3669,0,11,0.03377052159339655,False,False,0.0,0.0,0,0,0,0.0,0.0,0.0,0.0,0.03377052159339655,1,0.03377052159339655
,academy_3_vs_1_with_keeper,42,collect_rollout,3670,0,22,-0.006666666362434626,False,False,0.0,0.0,0,0,0,0.0,0.0,0.0,0.0,-0.006666666362434626,1,-0.006666666362434626
,academy_3_vs_1_with_keeper,42,collect_rollout,3671,0,19,0.005651801358908415,False,False,0.0,0.0,0,0,0,0.0,0.0,0.0,0.0,0.005651801358908415,1,0.005651801358908415
,academy_3_vs_1_with_keeper,42,collect_rollout,3672,0,40,0.06529724999563769,False,False,0.0,0.0,0,0,0,0.0,0.0,0.0,0.0,0.06529724999563769,1,0.06529724999563769
,academy_3_vs_1_with_keeper,42,collect_rollout,3673,0,87,0.050412816694006324,False,False,0.0,0.0,0,0,0,0.0,0.0,0.0,0.0,0.050412816694006324,1,0.050412816694006324
,academy_3_vs_1_with_keeper,42,collect_rollout,3674,0,10,0.0339747266843915,False,False,0.0,0.0,0,0,0,0.0,0.0,0.0,0.0,0.0339747266843915,1,0.0339747266843915
,academy_3_vs_1_with_keeper,42,collect_rollout,3675,0,11,0.02429863519500941,False,False,0.0,0.0,0,0,0,0.0,0.0,0.0,0.0,0.02429863519500941,1,0.02429863519500941
,academy_3_vs_1_with_keeper,42,collect_rollout,3676,0,16,-0.003333333181217313,False,False,0.0,0.0,0,0,0,0.0,0.0,0.0,0.0,-0.003333333181217313,1,-0.003333333181217313
,academy_3_vs_1_with_keeper,42,collect_rollout,3677,0,16,0.005786453257314861,False,False,0.0,0.0,0,0,0,0.0,0.0,0.0,0.0,0.005786453257314861,1,0.005786453257314861
,academy_3_vs_1_with_keeper,42,collect_rollout,3678,0,20,-0.006666666362434626,False,False,0.0,0.0,0,0,0,0.0,0.0,0.0,0.0,-0.006666666362434626,1,-0.006666666362434626
,academy_3_vs_1_with_keeper,42,collect_rollout,3679,0,23,-0.003333333181217313,False,False,0.0,0.0,0,0,0,0.0,0.0,0.0,0.0,-0.003333333181217313,1,-0.003333333181217313
,academy_3_vs_1_with_keeper,42,collect_rollout,3680,0,16,0.003997670632088557,False,False,0.0,0.0,0,0,0,0.0,0.0,0.0,0.0,0.003997670632088557,1,0.003997670632088557
,academy_3_vs_1_with_keeper,42,collect_rollout,3681,0,1369,1.6534406719729304,False,False,0.0,0.0,0,0,0,0.0,0.0,0.0,0.0,1.6534406719729304,1,1.6534406719729304
,academy_3_vs_1_with_keeper,42,collect_rollout,3682,0,19,-0.003333333181217313,False,False,0.0,0.0,0,0,0,0.0,0.0,0.0,0.0,-0.003333333181217313,1,-0.003333333181217313
,academy_3_vs_1_with_keeper,42,collect_rollout,3683,0,10,0.04201907804235816,False,False,0.0,0.0,0,0,0,0.0,0.0,0.0,0.0,0.04201907804235816,1,0.04201907804235816
,academy_3_vs_1_with_keeper,42,collect_rollout,3684,0,85,0.003214264288544655,False,False,0.0,0.0,0,0,0,0.0,0.0,0.0,0.0,0.003214264288544655,1,0.003214264288544655
,academy_3_vs_1_with_keeper,42,collect_rollout,3685,0,29,0.11380708555225283,False,False,0.0,0.0,0,0,0,0.0,0.0,0.0,0.0,0.11380708555225283,1,0.11380708555225283
,academy_3_vs_1_with_keeper,42,collect_rollout,3686,0,53,0.3322337903082371,False,False,0.0,0.0,0,0,0,0.0,0.0,0.0,0.0,0.3322337903082371,1,0.3322337903082371
,academy_3_vs_1_with_keeper,42,collect_rollout,3687,0,15,0.0,False,False,0.0,0.0,0,0,0,0.0,0.0,0.0,0.0,0.0,1,0.0
,academy_3_vs_1_with_keeper,42,collect_rollout,3688,0,9,0.04048676718957722,False,False,0.0,0.0,0,0,0,0.0,0.0,0.0,0.0,0.04048676718957722,1,0.04048676718957722
,academy_3_vs_1_with_keeper,42,collect_rollout,3689,0,21,0.0,False,False,0.0,0.0,0,0,0,0.0,0.0,0.0,0.0,0.0,1,0.0
,academy_3_vs_1_with_keeper,42,collect_rollout,3690,0,29,0.11785211705137044,False,False,0.0,0.0,0,0,0,0.0,0.0,0.0,0.0,0.11785211705137044,1,0.11785211705137044
,academy_3_vs_1_with_keeper,42,collect_rollout,3691,0,29,0.1006207176251337,False,False,0.0,0.0,0,0,0,0.0,0.0,0.0,0.0,0.1006207176251337,1,0.1006207176251337
,academy_3_vs_1_with_keeper,42,collect_rollout,3692,0,31,2.1226869652746245,False,False,0.0,0.0,0,0,0,0.0,0.0,0.0,0.0,2.1226869652746245,1,2.1226869652746245
,academy_3_vs_1_with_keeper,42,collect_rollout,3693,0,24,-0.013333332724869251,False,False,0.0,0.0,0,0,0,0.0,0.0,0.0,0.0,-0.013333332724869251,1,-0.013333332724869251
,academy_3_vs_1_with_keeper,42,collect_rollout,3694,0,35,2.125018555438146,False,False,0.0,0.0,0,0,0,0.0,0.0,0.0,0.0,2.125018555438146,1,2.125018555438146
,academy_3_vs_1_with_keeper,42,collect_rollout,3695,0,21,-0.003333333181217313,False,False,0.0,0.0,0,0,0,0.0,0.0,0.0,0.0,-0.003333333181217313,1,-0.003333333181217313
,academy_3_vs_1_with_keeper,42,collect_rollout,3696,0,47,0.1441707267658785,False,False,0.0,0.0,0,0,0,0.0,0.0,0.0,0.0,0.1441707267658785,1,0.1441707267658785
,academy_3_vs_1_with_keeper,42,collect_rollout,3697,0,38,0.09002732660155743,False,False,0.0,0.0,0,0,0,0.0,0.0,0.0,0.0,0.09002732660155743,1,0.09002732660155743
,academy_3_vs_1_with_keeper,42,collect_rollout,3698,0,19,0.0,False,False,0.0,0.0,0,0,0,0.0,0.0,0.0,0.0,0.0,1,0.0
,academy_3_vs_1_with_keeper,42,collect_rollout,3699,0,16,0.0,False,False,0.0,0.0,0,0,0,0.0,0.0,0.0,0.0,0.0,1,0.0
,academy_3_vs_1_with_keeper,42,collect_rollout,3700,0,17,0.0,False,False,0.0,0.0,0,0,0,0.0,0.0,0.0,0.0,0.0,1,0.0
,academy_3_vs_1_with_keeper,42,collect_rollout,3701,0,15,0.0,False,False,0.0,0.0,0,0,0,0.0,0.0,0.0,0.0,0.0,1,0.0
,academy_3_vs_1_with_keeper,42,collect_rollout,3702,0,13,0.0,False,False,0.0,0.0,0,0,0,0.0,0.0,0.0,0.0,0.0,1,0.0
,academy_3_vs_1_with_keeper,42,collect_rollout,3703,0,16,0.0,False,False,0.0,0.0,0,0,0,0.0,0.0,0.0,0.0,0.0,1,0.0
,academy_3_vs_1_with_keeper,42,collect_rollout,3704,0,33,0.04295900182478363,False,False,0.0,0.0,0,0,0,0.0,0.0,0.0,0.0,0.04295900182478363,1,0.04295900182478363
,academy_3_vs_1_with_keeper,42,collect_rollout,3705,0,14,0.018936378648504615,False,False,0.0,0.0,0,0,0,0.0,0.0,0.0,0.0,0.018936378648504615,1,0.018936378648504615
,academy_3_vs_1_with_keeper,42,collect_rollout,3706,0,37,0.09906395466532558,False,False,0.0,0.0,0,0,0,0.0,0.0,0.0,0.0,0.09906395466532558,1,0.09906395466532558
,academy_3_vs_1_with_keeper,42,collect_rollout,3707,0,18,-0.003333333181217313,False,False,0.0,0.0,0,0,0,0.0,0.0,0.0,0.0,-0.003333333181217313,1,-0.003333333181217313
,academy_3_vs_1_with_keeper,42,collect_rollout,3708,0,9,0.031575112021528184,False,False,0.0,0.0,0,0,0,0.0,0.0,0.0,0.0,0.031575112021528184,1,0.031575112021528184
,academy_3_vs_1_with_keeper,42,collect_rollout,3709,0,20,-0.003333333181217313,False,False,0.0,0.0,0,0,0,0.0,0.0,0.0,0.0,-0.003333333181217313,1,-0.003333333181217313
,academy_3_vs_1_with_keeper,42,collect_rollout,3710,0,81,0.10273459801101126,False,False,0.0,0.0,0,0,0,0.0,0.0,0.0,0.0,0.10273459801101126,1,0.10273459801101126
,academy_3_vs_1_with_keeper,42,collect_rollout,3711,0,18,0.0,False,False,0.0,0.0,0,0,0,0.0,0.0,0.0,0.0,0.0,1,0.0
,academy_3_vs_1_with_keeper,42,collect_rollout,3712,0,17,0.0018817641539499164,False,False,0.0,0.0,0,0,0,0.0,0.0,0.0,0.0,0.0018817641539499164,1,0.0018817641539499164
,academy_3_vs_1_with_keeper,42,collect_rollout,3713,0,13,0.01685559244651813,False,False,0.0,0.0,0,0,0,0.0,0.0,0.0,0.0,0.01685559244651813,1,0.01685559244651813
,academy_3_vs_1_with_keeper,42,collect_rollout,3714,0,43,0.006654494325630367,False,False,0.0,0.0,0,0,0,0.0,0.0,0.0,0.0,0.006654494325630367,1,0.006654494325630367
,academy_3_vs_1_with_keeper,42,collect_rollout,3715,0,22,0.0,False,False,0.0,0.0,0,0,0,0.0,0.0,0.0,0.0,0.0,1,0.0
,academy_3_vs_1_with_keeper,42,collect_rollout,3716,0,54,0.00032069534063339233,False,False,0.0,0.0,0,0,0,0.0,0.0,0.0,0.0,0.00032069534063339233,1,0.00032069534063339233
,academy_3_vs_1_with_keeper,42,collect_rollout,3717,0,18,-0.003333333181217313,False,False,0.0,0.0,0,0,0,0.0,0.0,0.0,0.0,-0.003333333181217313,1,-0.003333333181217313
,academy_3_vs_1_with_keeper,42,collect_rollout,3718,0,20,0.0,False,False,0.0,0.0,0,0,0,0.0,0.0,0.0,0.0,0.0,1,0.0
,academy_3_vs_1_with_keeper,42,collect_rollout,3719,0,31,0.11045687715522945,False,False,0.0,0.0,0,0,0,0.0,0.0,0.0,0.0,0.11045687715522945,1,0.11045687715522945
,academy_3_vs_1_with_keeper,42,collect_rollout,3720,0,18,-0.003333333181217313,False,False,0.0,0.0,0,0,0,0.0,0.0,0.0,0.0,-0.003333333181217313,1,-0.003333333181217313
,academy_3_vs_1_with_keeper,42,collect_rollout,3721,0,68,0.19002998180803843,False,False,0.0,0.0,0,0,0,0.0,0.0,0.0,0.0,0.19002998180803843,1,0.19002998180803843
,academy_3_vs_1_with_keeper,42,collect_rollout,3722,0,19,-0.009999999543651938,False,False,0.0,0.0,0,0,0,0.0,0.0,0.0,0.0,-0.009999999543651938,1,-0.009999999543651938
,academy_3_vs_1_with_keeper,42,collect_rollout,3723,0,97,0.28142934382049134,False,False,0.0,0.0,0,0,0,0.0,0.0,0.0,0.0,0.28142934382049134,1,0.28142934382049134
,academy_3_vs_1_with_keeper,42,collect_rollout,3724,0,34,0.09887468686793,False,False,0.0,0.0,0,0,0,0.0,0.0,0.0,0.0,0.09887468686793,1,0.09887468686793
,academy_3_vs_1_with_keeper,42,collect_rollout,3725,0,38,2.1488275148440152,False,False,0.0,0.0,0,0,0,0.0,0.0,0.0,0.0,2.1488275148440152,1,2.1488275148440152
,academy_3_vs_1_with_keeper,42,collect_rollout,3726,0,16,-0.009999999543651938,False,False,0.0,0.0,0,0,0,0.0,0.0,0.0,0.0,-0.009999999543651938,1,-0.009999999543651938
,academy_3_vs_1_with_keeper,42,collect_rollout,3727,0,16,-0.003333333181217313,False,False,0.0,0.0,0,0,0,0.0,0.0,0.0,0.0,-0.003333333181217313,1,-0.003333333181217313
,academy_3_vs_1_with_keeper,42,collect_rollout,3728,0,9,0.043721132911741734,False,False,0.0,0.0,0,0,0,0.0,0.0,0.0,0.0,0.043721132911741734,1,0.043721132911741734
,academy_3_vs_1_with_keeper,42,collect_rollout,3729,0,43,0.05317643191665411,False,False,0.0,0.0,0,0,0,0.0,0.0,0.0,0.0,0.05317643191665411,1,0.05317643191665411
,academy_3_vs_1_with_keeper,42,collect_rollout,3730,0,15,-0.009999999543651938,False,False,0.0,0.0,0,0,0,0.0,0.0,0.0,0.0,-0.009999999543651938,1,-0.009999999543651938
,academy_3_vs_1_with_keeper,42,collect_rollout,3731,0,18,-0.003333333181217313,False,False,0.0,0.0,0,0,0,0.0,0.0,0.0,0.0,-0.003333333181217313,1,-0.003333333181217313
,academy_3_vs_1_with_keeper,42,collect_rollout,3732,0,20,0.0,False,False,0.0,0.0,0,0,0,0.0,0.0,0.0,0.0,0.0,1,0.0
,academy_3_vs_1_with_keeper,42,collect_rollout,3733,0,20,0.0,False,False,0.0,0.0,0,0,0,0.0,0.0,0.0,0.0,0.0,1,0.0
,academy_3_vs_1_with_keeper,42,collect_rollout,3734,0,36,2.1073255136143416,False,False,0.0,0.0,0,0,0,0.0,0.0,0.0,0.0,2.1073255136143416,1,2.1073255136143416
,academy_3_vs_1_with_keeper,42,collect_rollout,3735,0,23,2.1315189248416573,False,False,0.0,0.0,0,0,0,0.0,0.0,0.0,0.0,2.1315189248416573,1,2.1315189248416573
,academy_3_vs_1_with_keeper,42,collect_rollout,3736,0,11,0.03941209730692208,False,False,0.0,0.0,0,0,0,0.0,0.0,0.0,0.0,0.03941209730692208,1,0.03941209730692208
,academy_3_vs_1_with_keeper,42,collect_rollout,3737,0,33,2.1444626078009605,False,False,0.0,0.0,0,0,0,0.0,0.0,0.0,0.0,2.1444626078009605,1,2.1444626078009605
,academy_3_vs_1_with_keeper,42,collect_rollout,3738,0,19,-0.006666666362434626,False,False,0.0,0.0,0,0,0,0.0,0.0,0.0,0.0,-0.006666666362434626,1,-0.006666666362434626
,academy_3_vs_1_with_keeper,42,collect_rollout,3739,0,27,0.11054845177568495,False,False,0.0,0.0,0,0,0,0.0,0.0,0.0,0.0,0.11054845177568495,1,0.11054845177568495
,academy_3_vs_1_with_keeper,42,collect_rollout,3740,0,47,-0.0183248040266335,False,False,0.0,0.0,0,0,0,0.0,0.0,0.0,0.0,-0.0183248040266335,1,-0.0183248040266335
,academy_3_vs_1_with_keeper,42,collect_rollout,3741,0,18,-0.009999999543651938,False,False,0.0,0.0,0,0,0,0.0,0.0,0.0,0.0,-0.009999999543651938,1,-0.009999999543651938
,academy_3_vs_1_with_keeper,42,collect_rollout,3742,0,15,-0.006666666362434626,False,False,0.0,0.0,0,0,0,0.0,0.0,0.0,0.0,-0.006666666362434626,1,-0.006666666362434626
,academy_3_vs_1_with_keeper,42,collect_rollout,3743,0,42,0.055296476173680276,False,False,0.0,0.0,0,0,0,0.0,0.0,0.0,0.0,0.055296476173680276,1,0.055296476173680276
,academy_3_vs_1_with_keeper,42,collect_rollout,3744,0,23,0.0,False,False,0.0,0.0,0,0,0,0.0,0.0,0.0,0.0,0.0,1,0.0
,academy_3_vs_1_with_keeper,42,collect_rollout,3745,0,8,0.035023216740228236,False,False,0.0,0.0,0,0,0,0.0,0.0,0.0,0.0,0.035023216740228236,1,0.035023216740228236
,academy_3_vs_1_with_keeper,42,collect_rollout,3746,0,37,0.08872011226776522,False,False,0.0,0.0,0,0,0,0.0,0.0,0.0,0.0,0.08872011226776522,1,0.08872011226776522
,academy_3_vs_1_with_keeper,42,collect_rollout,3747,0,88,0.10389212006703019,False,False,0.0,0.0,0,0,0,0.0,0.0,0.0,0.0,0.10389212006703019,1,0.10389212006703019
,academy_3_vs_1_with_keeper,42,collect_rollout,3748,0,22,2.1329891675850376,False,False,0.0,0.0,0,0,0,0.0,0.0,0.0,0.0,2.1329891675850376,1,2.1329891675850376
,academy_3_vs_1_with_keeper,42,collect_rollout,3749,0,19,-0.003333333181217313,False,False,0.0,0.0,0,0,0,0.0,0.0,0.0,0.0,-0.003333333181217313,1,-0.003333333181217313
,academy_3_vs_1_with_keeper,42,collect_rollout,3750,0,9,0.036250554490834475,False,False,0.0,0.0,0,0,0,0.0,0.0,0.0,0.0,0.036250554490834475,1,0.036250554490834475
,academy_3_vs_1_with_keeper,42,collect_rollout,3751,0,12,0.012752184877172112,False,False,0.0,0.0,0,0,0,0.0,0.0,0.0,0.0,0.012752184877172112,1,0.012752184877172112
,academy_3_vs_1_with_keeper,42,collect_rollout,3752,0,30,2.142321341438219,False,False,0.0,0.0,0,0,0,0.0,0.0,0.0,0.0,2.142321341438219,1,2.142321341438219
,academy_3_vs_1_with_keeper,42,collect_rollout,3753,0,17,-0.003333333181217313,False,False,0.0,0.0,0,0,0,0.0,0.0,0.0,0.0,-0.003333333181217313,1,-0.003333333181217313
,academy_3_vs_1_with_keeper,42,collect_rollout,3754,0,18,-0.016666665906086564,False,False,0.0,0.0,0,0,0,0.0,0.0,0.0,0.0,-0.016666665906086564,1,-0.016666665906086564
,academy_3_vs_1_with_keeper,42,collect_rollout,3755,0,10,0.027967253467068076,False,False,0.0,0.0,0,0,0,0.0,0.0,0.0,0.0,0.027967253467068076,1,0.027967253467068076
,academy_3_vs_1_with_keeper,42,collect_rollout,3756,0,14,0.0,False,False,0.0,0.0,0,0,0,0.0,0.0,0.0,0.0,0.0,1,0.0
,academy_3_vs_1_with_keeper,42,collect_rollout,3757,0,17,-0.003333333181217313,False,False,0.0,0.0,0,0,0,0.0,0.0,0.0,0.0,-0.003333333181217313,1,-0.003333333181217313
,academy_3_vs_1_with_keeper,42,collect_rollout,3758,0,31,0.101893480255967,False,False,0.0,0.0,0,0,0,0.0,0.0,0.0,0.0,0.101893480255967,1,0.101893480255967
,academy_3_vs_1_with_keeper,42,collect_rollout,3759,0,26,2.1259273808682337,False,False,0.0,0.0,0,0,0,0.0,0.0,0.0,0.0,2.1259273808682337,1,2.1259273808682337
,academy_3_vs_1_with_keeper,42,collect_rollout,3760,0,27,0.104515943210572,False,False,0.0,0.0,0,0,0,0.0,0.0,0.0,0.0,0.104515943210572,1,0.104515943210572
,academy_3_vs_1_with_keeper,42,collect_rollout,3761,0,17,-0.006666666362434626,False,False,0.0,0.0,0,0,0,0.0,0.0,0.0,0.0,-0.006666666362434626,1,-0.006666666362434626
,academy_3_vs_1_with_keeper,42,collect_rollout,3762,0,32,0.11441389610990882,False,False,0.0,0.0,0,0,0,0.0,0.0,0.0,0.0,0.11441389610990882,1,0.11441389610990882
,academy_3_vs_1_with_keeper,42,collect_rollout,3763,0,58,1.9512822397518903,False,False,0.0,0.0,0,0,0,0.0,0.0,0.0,0.0,1.9512822397518903,1,1.9512822397518903
,academy_3_vs_1_with_keeper,42,collect_rollout,3764,0,51,-0.053333330899477005,False,False,0.0,0.0,0,0,0,0.0,0.0,0.0,0.0,-0.053333330899477005,1,-0.053333330899477005
,academy_3_vs_1_with_keeper,42,collect_rollout,3765,0,15,0.018598900525830686,False,False,0.0,0.0,0,0,0,0.0,0.0,0.0,0.0,0.018598900525830686,1,0.018598900525830686
,academy_3_vs_1_with_keeper,42,collect_rollout,3766,0,24,0.0,False,False,0.0,0.0,0,0,0,0.0,0.0,0.0,0.0,0.0,1,0.0
,academy_3_vs_1_with_keeper,42,collect_rollout,3767,0,18,-0.0007377394940704107,False,False,0.0,0.0,0,0,0,0.0,0.0,0.0,0.0,-0.0007377394940704107,1,-0.0007377394940704107
,academy_3_vs_1_with_keeper,42,collect_rollout,3768,0,9,0.03103959863074124,False,False,0.0,0.0,0,0,0,0.0,0.0,0.0,0.0,0.03103959863074124,1,0.03103959863074124
,academy_3_vs_1_with_keeper,42,collect_rollout,3769,0,30,0.1157304395455867,False,False,0.0,0.0,0,0,0,0.0,0.0,0.0,0.0,0.1157304395455867,1,0.1157304395455867
,academy_3_vs_1_with_keeper,42,collect_rollout,3770,0,20,0.0,False,False,0.0,0.0,0,0,0,0.0,0.0,0.0,0.0,0.0,1,0.0
,academy_3_vs_1_with_keeper,42,collect_rollout,3771,0,15,0.0,False,False,0.0,0.0,0,0,0,0.0,0.0,0.0,0.0,0.0,1,0.0
,academy_3_vs_1_with_keeper,42,collect_rollout,3772,0,16,0.0,False,False,0.0,0.0,0,0,0,0.0,0.0,0.0,0.0,0.0,1,0.0
,academy_3_vs_1_with_keeper,42,collect_rollout,3773,0,55,0.02714666537940502,False,False,0.0,0.0,0,0,0,0.0,0.0,0.0,0.0,0.02714666537940502,1,0.02714666537940502
,academy_3_vs_1_with_keeper,42,collect_rollout,3774,0,16,-0.009999999543651938,False,False,0.0,0.0,0,0,0,0.0,0.0,0.0,0.0,-0.009999999543651938,1,-0.009999999543651938
,academy_3_vs_1_with_keeper,42,collect_rollout,3775,0,95,-0.28391987609211355,False,False,0.0,0.0,0,0,0,0.0,0.0,0.0,0.0,-0.28391987609211355,1,-0.28391987609211355
,academy_3_vs_1_with_keeper,42,collect_rollout,3776,0,85,1.706988722027745,False,False,0.0,0.0,0,0,0,0.0,0.0,0.0,0.0,1.706988722027745,1,1.706988722027745
,academy_3_vs_1_with_keeper,42,collect_rollout,3777,0,20,-0.006666666362434626,False,False,0.0,0.0,0,0,0,0.0,0.0,0.0,0.0,-0.006666666362434626,1,-0.006666666362434626
,academy_3_vs_1_with_keeper,42,collect_rollout,3778,0,32,0.10035261057782918,False,False,0.0,0.0,0,0,0,0.0,0.0,0.0,0.0,0.10035261057782918,1,0.10035261057782918
,academy_3_vs_1_with_keeper,42,collect_rollout,3779,0,74,-0.1749647333053872,False,False,0.0,0.0,0,0,0,0.0,0.0,0.0,0.0,-0.1749647333053872,1,-0.1749647333053872
,academy_3_vs_1_with_keeper,42,collect_rollout,3780,0,16,-0.009999999543651938,False,False,0.0,0.0,0,0,0,0.0,0.0,0.0,0.0,-0.009999999543651938,1,-0.009999999543651938
,academy_3_vs_1_with_keeper,42,collect_rollout,3781,0,28,0.13941165630239993,False,False,0.0,0.0,0,0,0,0.0,0.0,0.0,0.0,0.13941165630239993,1,0.13941165630239993
,academy_3_vs_1_with_keeper,42,collect_rollout,3782,0,24,-0.003333333181217313,False,False,0.0,0.0,0,0,0,0.0,0.0,0.0,0.0,-0.003333333181217313,1,-0.003333333181217313
,academy_3_vs_1_with_keeper,42,collect_rollout,3783,0,18,0.0,False,False,0.0,0.0,0,0,0,0.0,0.0,0.0,0.0,0.0,1,0.0
,academy_3_vs_1_with_keeper,42,collect_rollout,3784,0,40,0.12261337364907376,False,False,0.0,0.0,0,0,0,0.0,0.0,0.0,0.0,0.12261337364907376,1,0.12261337364907376
,academy_3_vs_1_with_keeper,42,collect_rollout,3785,0,17,-0.006666666362434626,False,False,0.0,0.0,0,0,0,0.0,0.0,0.0,0.0,-0.006666666362434626,1,-0.006666666362434626
,academy_3_vs_1_with_keeper,42,collect_rollout,3786,0,22,-0.003333333181217313,False,False,0.0,0.0,0,0,0,0.0,0.0,0.0,0.0,-0.003333333181217313,1,-0.003333333181217313
,academy_3_vs_1_with_keeper,42,collect_rollout,3787,0,28,0.11557399638695642,False,False,0.0,0.0,0,0,0,0.0,0.0,0.0,0.0,0.11557399638695642,1,0.11557399638695642
,academy_3_vs_1_with_keeper,42,collect_rollout,3788,0,20,-0.003333333181217313,False,False,0.0,0.0,0,0,0,0.0,0.0,0.0,0.0,-0.003333333181217313,1,-0.003333333181217313
,academy_3_vs_1_with_keeper,42,collect_rollout,3789,0,12,0.01539005886297673,False,False,0.0,0.0,0,0,0,0.0,0.0,0.0,0.0,0.01539005886297673,1,0.01539005886297673
,academy_3_vs_1_with_keeper,42,collect_rollout,3790,0,15,-0.003333333181217313,False,False,0.0,0.0,0,0,0,0.0,0.0,0.0,0.0,-0.003333333181217313,1,-0.003333333181217313
,academy_3_vs_1_with_keeper,42,collect_rollout,3791,0,19,0.0,False,False,0.0,0.0,0,0,0,0.0,0.0,0.0,0.0,0.0,1,0.0
,academy_3_vs_1_with_keeper,42,collect_rollout,3792,0,18,-0.003333333181217313,False,False,0.0,0.0,0,0,0,0.0,0.0,0.0,0.0,-0.003333333181217313,1,-0.003333333181217313
,academy_3_vs_1_with_keeper,42,collect_rollout,3793,0,18,0.0,False,False,0.0,0.0,0,0,0,0.0,0.0,0.0,0.0,0.0,1,0.0
,academy_3_vs_1_with_keeper,42,collect_rollout,3794,0,41,0.03994945529848337,False,False,0.0,0.0,0,0,0,0.0,0.0,0.0,0.0,0.03994945529848337,1,0.03994945529848337
,academy_3_vs_1_with_keeper,42,collect_rollout,3795,0,91,0.10429358185501769,False,False,0.0,0.0,0,0,0,0.0,0.0,0.0,0.0,0.10429358185501769,1,0.10429358185501769
,academy_3_vs_1_with_keeper,42,collect_rollout,3796,0,30,0.1130345796700567,False,False,0.0,0.0,0,0,0,0.0,0.0,0.0,0.0,0.1130345796700567,1,0.1130345796700567
,academy_3_vs_1_with_keeper,42,collect_rollout,3797,0,35,2.0961167372734053,False,False,0.0,0.0,0,0,0,0.0,0.0,0.0,0.0,2.0961167372734053,1,2.0961167372734053
,academy_3_vs_1_with_keeper,42,collect_rollout,3798,0,17,-0.003333333181217313,False,False,0.0,0.0,0,0,0,0.0,0.0,0.0,0.0,-0.003333333181217313,1,-0.003333333181217313
,academy_3_vs_1_with_keeper,42,collect_rollout,3799,0,19,0.0,False,False,0.0,0.0,0,0,0,0.0,0.0,0.0,0.0,0.0,1,0.0
,academy_3_vs_1_with_keeper,42,collect_rollout,3800,0,43,2.134567582514137,False,False,0.0,0.0,0,0,0,0.0,0.0,0.0,0.0,2.134567582514137,1,2.134567582514137
,academy_3_vs_1_with_keeper,42,collect_rollout,3801,0,21,0.0,False,False,0.0,0.0,0,0,0,0.0,0.0,0.0,0.0,0.0,1,0.0
,academy_3_vs_1_with_keeper,42,collect_rollout,3802,0,85,0.11178319342434406,False,False,0.0,0.0,0,0,0,0.0,0.0,0.0,0.0,0.11178319342434406,1,0.11178319342434406
,academy_3_vs_1_with_keeper,42,collect_rollout,3803,0,11,0.038808782934211195,False,False,0.0,0.0,0,0,0,0.0,0.0,0.0,0.0,0.038808782934211195,1,0.038808782934211195
,academy_3_vs_1_with_keeper,42,collect_rollout,3804,0,15,0.006296777864918113,False,False,0.0,0.0,0,0,0,0.0,0.0,0.0,0.0,0.006296777864918113,1,0.006296777864918113
,academy_3_vs_1_with_keeper,42,collect_rollout,3805,0,33,0.08902933303033933,False,False,0.0,0.0,0,0,0,0.0,0.0,0.0,0.0,0.08902933303033933,1,0.08902933303033933
,academy_3_vs_1_with_keeper,42,collect_rollout,3806,0,19,-0.003333333181217313,False,False,0.0,0.0,0,0,0,0.0,0.0,0.0,0.0,-0.003333333181217313,1,-0.003333333181217313
,academy_3_vs_1_with_keeper,42,collect_rollout,3807,0,21,-0.003333333181217313,False,False,0.0,0.0,0,0,0,0.0,0.0,0.0,0.0,-0.003333333181217313,1,-0.003333333181217313
,academy_3_vs_1_with_keeper,42,collect_rollout,3808,0,34,2.1332031829224434,False,False,0.0,0.0,0,0,0,0.0,0.0,0.0,0.0,2.1332031829224434,1,2.1332031829224434
,academy_3_vs_1_with_keeper,42,collect_rollout,3809,0,19,-0.016666665906086564,False,False,0.0,0.0,0,0,0,0.0,0.0,0.0,0.0,-0.016666665906086564,1,-0.016666665906086564
,academy_3_vs_1_with_keeper,42,collect_rollout,3810,0,21,-0.003333333181217313,False,False,0.0,0.0,0,0,0,0.0,0.0,0.0,0.0,-0.003333333181217313,1,-0.003333333181217313
,academy_3_vs_1_with_keeper,42,collect_rollout,3811,0,38,2.090764592663618,False,False,0.0,0.0,0,0,0,0.0,0.0,0.0,0.0,2.090764592663618,1,2.090764592663618
,academy_3_vs_1_with_keeper,42,collect_rollout,3812,0,81,0.11296380928251892,False,False,0.0,0.0,0,0,0,0.0,0.0,0.0,0.0,0.11296380928251892,1,0.11296380928251892
,academy_3_vs_1_with_keeper,42,collect_rollout,3813,0,19,-0.019999999087303877,False,False,0.0,0.0,0,0,0,0.0,0.0,0.0,0.0,-0.019999999087303877,1,-0.019999999087303877
,academy_3_vs_1_with_keeper,42,collect_rollout,3814,0,19,0.0,False,False,0.0,0.0,0,0,0,0.0,0.0,0.0,0.0,0.0,1,0.0
,academy_3_vs_1_with_keeper,42,collect_rollout,3815,0,29,0.11378545887419023,False,False,0.0,0.0,0,0,0,0.0,0.0,0.0,0.0,0.11378545887419023,1,0.11378545887419023
,academy_3_vs_1_with_keeper,42,collect_rollout,3816,0,20,0.0,False,False,0.0,0.0,0,0,0,0.0,0.0,0.0,0.0,0.0,1,0.0
,academy_3_vs_1_with_keeper,42,collect_rollout,3817,0,89,0.008430703921476379,False,False,0.0,0.0,0,0,0,0.0,0.0,0.0,0.0,0.008430703921476379,1,0.008430703921476379
,academy_3_vs_1_with_keeper,42,collect_rollout,3818,0,18,-0.003333333181217313,False,False,0.0,0.0,0,0,0,0.0,0.0,0.0,0.0,-0.003333333181217313,1,-0.003333333181217313
,academy_3_vs_1_with_keeper,42,collect_rollout,3819,0,34,2.1300340690359008,False,False,0.0,0.0,0,0,0,0.0,0.0,0.0,0.0,2.1300340690359008,1,2.1300340690359008
,academy_3_vs_1_with_keeper,42,collect_rollout,3820,0,80,2.315280524737318,False,False,0.0,0.0,0,0,0,0.0,0.0,0.0,0.0,2.315280524737318,1,2.315280524737318
,academy_3_vs_1_with_keeper,42,collect_rollout,3821,0,26,2.131531956489198,False,False,0.0,0.0,0,0,0,0.0,0.0,0.0,0.0,2.131531956489198,1,2.131531956489198
,academy_3_vs_1_with_keeper,42,collect_rollout,3822,0,37,0.08604530105367303,False,False,0.0,0.0,0,0,0,0.0,0.0,0.0,0.0,0.08604530105367303,1,0.08604530105367303
,academy_3_vs_1_with_keeper,42,collect_rollout,3823,0,19,-0.003333333181217313,False,False,0.0,0.0,0,0,0,0.0,0.0,0.0,0.0,-0.003333333181217313,1,-0.003333333181217313
,academy_3_vs_1_with_keeper,42,collect_rollout,3824,0,16,-0.009999999543651938,False,False,0.0,0.0,0,0,0,0.0,0.0,0.0,0.0,-0.009999999543651938,1,-0.009999999543651938
,academy_3_vs_1_with_keeper,42,collect_rollout,3825,0,79,0.09780378101277165,False,False,0.0,0.0,0,0,0,0.0,0.0,0.0,0.0,0.09780378101277165,1,0.09780378101277165
,academy_3_vs_1_with_keeper,42,collect_rollout,3826,0,18,-0.006666666362434626,False,False,0.0,0.0,0,0,0,0.0,0.0,0.0,0.0,-0.006666666362434626,1,-0.006666666362434626
,academy_3_vs_1_with_keeper,42,collect_rollout,3827,0,30,0.09077979042194784,False,False,0.0,0.0,0,0,0,0.0,0.0,0.0,0.0,0.09077979042194784,1,0.09077979042194784
,academy_3_vs_1_with_keeper,42,collect_rollout,3828,0,38,0.05334731549373828,False,False,0.0,0.0,0,0,0,0.0,0.0,0.0,0.0,0.05334731549373828,1,0.05334731549373828
,academy_3_vs_1_with_keeper,42,collect_rollout,3829,0,20,-0.003333333181217313,False,False,0.0,0.0,0,0,0,0.0,0.0,0.0,0.0,-0.003333333181217313,1,-0.003333333181217313
,academy_3_vs_1_with_keeper,42,collect_rollout,3830,0,10,0.035026431549340487,False,False,0.0,0.0,0,0,0,0.0,0.0,0.0,0.0,0.035026431549340487,1,0.035026431549340487
,academy_3_vs_1_with_keeper,42,collect_rollout,3831,0,29,2.1436642450280488,False,False,0.0,0.0,0,0,0,0.0,0.0,0.0,0.0,2.1436642450280488,1,2.1436642450280488
,academy_3_vs_1_with_keeper,42,collect_rollout,3832,0,72,-0.010503550292924047,False,False,0.0,0.0,0,0,0,0.0,0.0,0.0,0.0,-0.010503550292924047,1,-0.010503550292924047
,academy_3_vs_1_with_keeper,42,collect_rollout,3833,0,35,0.07832641259301454,False,False,0.0,0.0,0,0,0,0.0,0.0,0.0,0.0,0.07832641259301454,1,0.07832641259301454
,academy_3_vs_1_with_keeper,42,collect_rollout,3834,0,17,0.0,False,False,0.0,0.0,0,0,0,0.0,0.0,0.0,0.0,0.0,1,0.0
,academy_3_vs_1_with_keeper,42,collect_rollout,3835,0,17,0.0,False,False,0.0,0.0,0,0,0,0.0,0.0,0.0,0.0,0.0,1,0.0
,academy_3_vs_1_with_keeper,42,collect_rollout,3836,0,15,0.0,False,False,0.0,0.0,0,0,0,0.0,0.0,0.0,0.0,0.0,1,0.0
,academy_3_vs_1_with_keeper,42,collect_rollout,3837,0,12,0.027443048238637857,False,False,0.0,0.0,0,0,0,0.0,0.0,0.0,0.0,0.027443048238637857,1,0.027443048238637857
,academy_3_vs_1_with_keeper,42,collect_rollout,3838,0,14,0.008863194845616817,False,False,0.0,0.0,0,0,0,0.0,0.0,0.0,0.0,0.008863194845616817,1,0.008863194845616817
,academy_3_vs_1_with_keeper,42,collect_rollout,3839,0,20,-0.009999999543651938,False,False,0.0,0.0,0,0,0,0.0,0.0,0.0,0.0,-0.009999999543651938,1,-0.009999999543651938
,academy_3_vs_1_with_keeper,42,collect_rollout,3840,0,13,0.024287994427140802,False,False,0.0,0.0,0,0,0,0.0,0.0,0.0,0.0,0.024287994427140802,1,0.024287994427140802
,academy_3_vs_1_with_keeper,42,collect_rollout,3841,0,23,-0.006666666362434626,False,False,0.0,0.0,0,0,0,0.0,0.0,0.0,0.0,-0.006666666362434626,1,-0.006666666362434626
,academy_3_vs_1_with_keeper,42,collect_rollout,3842,0,8,0.028854729374870658,False,False,0.0,0.0,0,0,0,0.0,0.0,0.0,0.0,0.028854729374870658,1,0.028854729374870658
,academy_3_vs_1_with_keeper,42,collect_rollout,3843,0,19,0.0,False,False,0.0,0.0,0,0,0,0.0,0.0,0.0,0.0,0.0,1,0.0
,academy_3_vs_1_with_keeper,42,collect_rollout,3844,0,18,0.0,False,False,0.0,0.0,0,0,0,0.0,0.0,0.0,0.0,0.0,1,0.0
,academy_3_vs_1_with_keeper,42,collect_rollout,3845,0,7,0.04083570558577776,False,False,0.0,0.0,0,0,0,0.0,0.0,0.0,0.0,0.04083570558577776,1,0.04083570558577776
,academy_3_vs_1_with_keeper,42,collect_rollout,3846,0,20,0.0,False,False,0.0,0.0,0,0,0,0.0,0.0,0.0,0.0,0.0,1,0.0
,academy_3_vs_1_with_keeper,42,collect_rollout,3847,0,32,2.116423375438899,False,False,0.0,0.0,0,0,0,0.0,0.0,0.0,0.0,2.116423375438899,1,2.116423375438899
,academy_3_vs_1_with_keeper,42,collect_rollout,3848,0,16,0.0,False,False,0.0,0.0,0,0,0,0.0,0.0,0.0,0.0,0.0,1,0.0
,academy_3_vs_1_with_keeper,42,collect_rollout,3849,0,10,0.02780207816977054,False,False,0.0,0.0,0,0,0,0.0,0.0,0.0,0.0,0.02780207816977054,1,0.02780207816977054
,academy_3_vs_1_with_keeper,42,collect_rollout,3850,0,20,0.0,False,False,0.0,0.0,0,0,0,0.0,0.0,0.0,0.0,0.0,1,0.0
,academy_3_vs_1_with_keeper,42,collect_rollout,3851,0,14,0.0,False,False,0.0,0.0,0,0,0,0.0,0.0,0.0,0.0,0.0,1,0.0
,academy_3_vs_1_with_keeper,42,collect_rollout,3852,0,17,-0.003333333181217313,False,False,0.0,0.0,0,0,0,0.0,0.0,0.0,0.0,-0.003333333181217313,1,-0.003333333181217313
,academy_3_vs_1_with_keeper,42,collect_rollout,3853,0,46,2.059154011949431,False,False,0.0,0.0,0,0,0,0.0,0.0,0.0,0.0,2.059154011949431,1,2.059154011949431
,academy_3_vs_1_with_keeper,42,collect_rollout,3854,0,77,-0.013506760820746422,False,False,0.0,0.0,0,0,0,0.0,0.0,0.0,0.0,-0.013506760820746422,1,-0.013506760820746422
,academy_3_vs_1_with_keeper,42,collect_rollout,3855,0,22,-0.003333333181217313,False,False,0.0,0.0,0,0,0,0.0,0.0,0.0,0.0,-0.003333333181217313,1,-0.003333333181217313
,academy_3_vs_1_with_keeper,42,collect_rollout,3856,0,14,-0.003333333181217313,False,False,0.0,0.0,0,0,0,0.0,0.0,0.0,0.0,-0.003333333181217313,1,-0.003333333181217313
,academy_3_vs_1_with_keeper,42,collect_rollout,3857,0,32,0.11075303037068807,False,False,0.0,0.0,0,0,0,0.0,0.0,0.0,0.0,0.11075303037068807,1,0.11075303037068807
,academy_3_vs_1_with_keeper,42,collect_rollout,3858,0,14,0.009628253057599068,False,False,0.0,0.0,0,0,0,0.0,0.0,0.0,0.0,0.009628253057599068,1,0.009628253057599068
,academy_3_vs_1_with_keeper,42,collect_rollout,3859,0,20,-0.003333333181217313,False,False,0.0,0.0,0,0,0,0.0,0.0,0.0,0.0,-0.003333333181217313,1,-0.003333333181217313
,academy_3_vs_1_with_keeper,42,collect_rollout,3860,0,19,0.0,False,False,0.0,0.0,0,0,0,0.0,0.0,0.0,0.0,0.0,1,0.0
,academy_3_vs_1_with_keeper,42,collect_rollout,3861,0,21,-0.006666666362434626,False,False,0.0,0.0,0,0,0,0.0,0.0,0.0,0.0,-0.006666666362434626,1,-0.006666666362434626
,academy_3_vs_1_with_keeper,42,collect_rollout,3862,0,21,0.0,False,False,0.0,0.0,0,0,0,0.0,0.0,0.0,0.0,0.0,1,0.0
,academy_3_vs_1_with_keeper,42,collect_rollout,3863,0,30,0.1276613530353643,False,False,0.0,0.0,0,0,0,0.0,0.0,0.0,0.0,0.1276613530353643,1,0.1276613530353643
,academy_3_vs_1_with_keeper,42,collect_rollout,3864,0,14,0.024889435386285186,False,False,0.0,0.0,0,0,0,0.0,0.0,0.0,0.0,0.024889435386285186,1,0.024889435386285186
,academy_3_vs_1_with_keeper,42,collect_rollout,3865,0,19,-0.003333333181217313,False,False,0.0,0.0,0,0,0,0.0,0.0,0.0,0.0,-0.003333333181217313,1,-0.003333333181217313
,academy_3_vs_1_with_keeper,42,collect_rollout,3866,0,33,0.1253300578391645,False,False,0.0,0.0,0,0,0,0.0,0.0,0.0,0.0,0.1253300578391645,1,0.1253300578391645
,academy_3_vs_1_with_keeper,42,collect_rollout,3867,0,55,-0.068940389319323,False,False,0.0,0.0,0,0,0,0.0,0.0,0.0,0.0,-0.068940389319323,1,-0.068940389319323
,academy_3_vs_1_with_keeper,42,collect_rollout,3868,0,1801,-0.6935220699815545,False,False,0.0,0.0,0,0,0,0.0,0.0,0.0,0.0,-0.6935220699815545,1,-0.6935220699815545
,academy_3_vs_1_with_keeper,42,collect_rollout,3869,0,73,-0.12254261889029294,False,False,0.0,0.0,0,0,0,0.0,0.0,0.0,0.0,-0.12254261889029294,1,-0.12254261889029294
,academy_3_vs_1_with_keeper,42,collect_rollout,3870,0,19,-0.006666666362434626,False,False,0.0,0.0,0,0,0,0.0,0.0,0.0,0.0,-0.006666666362434626,1,-0.006666666362434626
,academy_3_vs_1_with_keeper,42,collect_rollout,3871,0,19,-0.003333333181217313,False,False,0.0,0.0,0,0,0,0.0,0.0,0.0,0.0,-0.003333333181217313,1,-0.003333333181217313
,academy_3_vs_1_with_keeper,42,collect_rollout,3872,0,32,2.1335295065655373,False,False,0.0,0.0,0,0,0,0.0,0.0,0.0,0.0,2.1335295065655373,1,2.1335295065655373
,academy_3_vs_1_with_keeper,42,collect_rollout,3873,0,29,0.12672930392727721,False,False,0.0,0.0,0,0,0,0.0,0.0,0.0,0.0,0.12672930392727721,1,0.12672930392727721
,academy_3_vs_1_with_keeper,42,collect_rollout,3874,0,33,2.1278525791422,False,False,0.0,0.0,0,0,0,0.0,0.0,0.0,0.0,2.1278525791422,1,2.1278525791422
,academy_3_vs_1_with_keeper,42,collect_rollout,3875,0,16,0.0,False,False,0.0,0.0,0,0,0,0.0,0.0,0.0,0.0,0.0,1,0.0
,academy_3_vs_1_with_keeper,42,collect_rollout,3876,0,20,-0.006666666362434626,False,False,0.0,0.0,0,0,0,0.0,0.0,0.0,0.0,-0.006666666362434626,1,-0.006666666362434626
,academy_3_vs_1_with_keeper,42,collect_rollout,3877,0,18,-0.006666666362434626,False,False,0.0,0.0,0,0,0,0.0,0.0,0.0,0.0,-0.006666666362434626,1,-0.006666666362434626
,academy_3_vs_1_with_keeper,42,collect_rollout,3878,0,21,0.0,False,False,0.0,0.0,0,0,0,0.0,0.0,0.0,0.0,0.0,1,0.0
,academy_3_vs_1_with_keeper,42,collect_rollout,3879,0,19,-0.003333333181217313,False,False,0.0,0.0,0,0,0,0.0,0.0,0.0,0.0,-0.003333333181217313,1,-0.003333333181217313
,academy_3_vs_1_with_keeper,42,collect_rollout,3880,0,41,0.040202348318416625,False,False,0.0,0.0,0,0,0,0.0,0.0,0.0,0.0,0.040202348318416625,1,0.040202348318416625
,academy_3_vs_1_with_keeper,42,collect_rollout,3881,0,19,-0.003333333181217313,False,False,0.0,0.0,0,0,0,0.0,0.0,0.0,0.0,-0.003333333181217313,1,-0.003333333181217313
,academy_3_vs_1_with_keeper,42,collect_rollout,3882,0,18,-0.003333333181217313,False,False,0.0,0.0,0,0,0,0.0,0.0,0.0,0.0,-0.003333333181217313,1,-0.003333333181217313
,academy_3_vs_1_with_keeper,42,collect_rollout,3883,0,89,0.2067559432471171,False,False,0.0,0.0,0,0,0,0.0,0.0,0.0,0.0,0.2067559432471171,1,0.2067559432471171
,academy_3_vs_1_with_keeper,42,collect_rollout,3884,0,40,-0.013333332724869251,False,False,0.0,0.0,0,0,0,0.0,0.0,0.0,0.0,-0.013333332724869251,1,-0.013333332724869251
,academy_3_vs_1_with_keeper,42,collect_rollout,3885,0,47,-0.024908379651606083,False,False,0.0,0.0,0,0,0,0.0,0.0,0.0,0.0,-0.024908379651606083,1,-0.024908379651606083
,academy_3_vs_1_with_keeper,42,collect_rollout,3886,0,11,0.03942941373679787,False,False,0.0,0.0,0,0,0,0.0,0.0,0.0,0.0,0.03942941373679787,1,0.03942941373679787
,academy_3_vs_1_with_keeper,42,collect_rollout,3887,0,22,-0.003333333181217313,False,False,0.0,0.0,0,0,0,0.0,0.0,0.0,0.0,-0.003333333181217313,1,-0.003333333181217313
,academy_3_vs_1_with_keeper,42,collect_rollout,3888,0,22,0.0,False,False,0.0,0.0,0,0,0,0.0,0.0,0.0,0.0,0.0,1,0.0
,academy_3_vs_1_with_keeper,42,collect_rollout,3889,0,22,0.0,False,False,0.0,0.0,0,0,0,0.0,0.0,0.0,0.0,0.0,1,0.0
,academy_3_vs_1_with_keeper,42,collect_rollout,3890,0,9,0.028148998273536563,False,False,0.0,0.0,0,0,0,0.0,0.0,0.0,0.0,0.028148998273536563,1,0.028148998273536563
,academy_3_vs_1_with_keeper,42,collect_rollout,3891,0,138,0.023938059603096917,False,False,0.0,0.0,0,0,0,0.0,0.0,0.0,0.0,0.023938059603096917,1,0.023938059603096917
,academy_3_vs_1_with_keeper,42,collect_rollout,3892,0,22,-0.003333333181217313,False,False,0.0,0.0,0,0,0,0.0,0.0,0.0,0.0,-0.003333333181217313,1,-0.003333333181217313
,academy_3_vs_1_with_keeper,42,collect_rollout,3893,0,87,-0.011859430378535762,False,False,0.0,0.0,0,0,0,0.0,0.0,0.0,0.0,-0.011859430378535762,1,-0.011859430378535762
,academy_3_vs_1_with_keeper,42,collect_rollout,3894,0,150,0.5140071124187671,False,False,0.0,0.0,0,0,0,0.0,0.0,0.0,0.0,0.5140071124187671,1,0.5140071124187671
,academy_3_vs_1_with_keeper,42,collect_rollout,3895,0,169,0.07081062362340163,False,False,0.0,0.0,0,0,0,0.0,0.0,0.0,0.0,0.07081062362340163,1,0.07081062362340163
,academy_3_vs_1_with_keeper,42,collect_rollout,3896,0,12,0.012344126414973289,False,False,0.0,0.0,0,0,0,0.0,0.0,0.0,0.0,0.012344126414973289,1,0.012344126414973289
,academy_3_vs_1_with_keeper,42,collect_rollout,3897,0,58,0.024578531621955335,False,False,0.0,0.0,0,0,0,0.0,0.0,0.0,0.0,0.024578531621955335,1,0.024578531621955335
,academy_3_vs_1_with_keeper,42,collect_rollout,3898,0,20,2.158563063130714,False,False,0.0,0.0,0,0,0,0.0,0.0,0.0,0.0,2.158563063130714,1,2.158563063130714
,academy_3_vs_1_with_keeper,42,collect_rollout,3899,0,18,-0.006666666362434626,False,False,0.0,0.0,0,0,0,0.0,0.0,0.0,0.0,-0.006666666362434626,1,-0.006666666362434626
,academy_3_vs_1_with_keeper,42,collect_rollout,3900,0,40,2.0875744295772165,False,False,0.0,0.0,0,0,0,0.0,0.0,0.0,0.0,2.0875744295772165,1,2.0875744295772165
,academy_3_vs_1_with_keeper,42,collect_rollout,3901,0,34,0.10834126773988828,False,False,0.0,0.0,0,0,0,0.0,0.0,0.0,0.0,0.10834126773988828,1,0.10834126773988828
,academy_3_vs_1_with_keeper,42,collect_rollout,3902,0,17,0.0,False,False,0.0,0.0,0,0,0,0.0,0.0,0.0,0.0,0.0,1,0.0
,academy_3_vs_1_with_keeper,42,collect_rollout,3903,0,32,0.11997671145945787,False,False,0.0,0.0,0,0,0,0.0,0.0,0.0,0.0,0.11997671145945787,1,0.11997671145945787
,academy_3_vs_1_with_keeper,42,collect_rollout,3904,0,136,0.09150362517539179,False,False,0.0,0.0,0,0,0,0.0,0.0,0.0,0.0,0.09150362517539179,1,0.09150362517539179
,academy_3_vs_1_with_keeper,42,collect_rollout,3905,0,13,0.02209866768680513,False,False,0.0,0.0,0,0,0,0.0,0.0,0.0,0.0,0.02209866768680513,1,0.02209866768680513
,academy_3_vs_1_with_keeper,42,collect_rollout,3906,0,16,0.01718558417633176,False,False,0.0,0.0,0,0,0,0.0,0.0,0.0,0.0,0.01718558417633176,1,0.01718558417633176
,academy_3_vs_1_with_keeper,42,collect_rollout,3907,0,60,-0.014149585072118498,False,False,0.0,0.0,0,0,0,0.0,0.0,0.0,0.0,-0.014149585072118498,1,-0.014149585072118498
,academy_3_vs_1_with_keeper,42,collect_rollout,3908,0,17,0.014138700207695365,False,False,0.0,0.0,0,0,0,0.0,0.0,0.0,0.0,0.014138700207695365,1,0.014138700207695365
,academy_3_vs_1_with_keeper,42,collect_rollout,3909,0,38,2.1292562549060676,False,False,0.0,0.0,0,0,0,0.0,0.0,0.0,0.0,2.1292562549060676,1,2.1292562549060676
,academy_3_vs_1_with_keeper,42,collect_rollout,3910,0,15,-0.006666666362434626,False,False,0.0,0.0,0,0,0,0.0,0.0,0.0,0.0,-0.006666666362434626,1,-0.006666666362434626
,academy_3_vs_1_with_keeper,42,collect_rollout,3911,0,23,0.0,False,False,0.0,0.0,0,0,0,0.0,0.0,0.0,0.0,0.0,1,0.0
,academy_3_vs_1_with_keeper,42,collect_rollout,3912,0,143,0.03182104753796011,False,False,0.0,0.0,0,0,0,0.0,0.0,0.0,0.0,0.03182104753796011,1,0.03182104753796011
,academy_3_vs_1_with_keeper,42,collect_rollout,3913,0,21,-0.003333333181217313,False,False,0.0,0.0,0,0,0,0.0,0.0,0.0,0.0,-0.003333333181217313,1,-0.003333333181217313
,academy_3_vs_1_with_keeper,42,collect_rollout,3914,0,16,0.012900339672341943,False,False,0.0,0.0,0,0,0,0.0,0.0,0.0,0.0,0.012900339672341943,1,0.012900339672341943
,academy_3_vs_1_with_keeper,42,collect_rollout,3915,0,22,-0.003333333181217313,False,False,0.0,0.0,0,0,0,0.0,0.0,0.0,0.0,-0.003333333181217313,1,-0.003333333181217313
,academy_3_vs_1_with_keeper,42,collect_rollout,3916,0,36,0.06253571648267098,False,False,0.0,0.0,0,0,0,0.0,0.0,0.0,0.0,0.06253571648267098,1,0.06253571648267098
,academy_3_vs_1_with_keeper,42,collect_rollout,3917,0,8,0.05604732548817992,False,False,0.0,0.0,0,0,0,0.0,0.0,0.0,0.0,0.05604732548817992,1,0.05604732548817992
,academy_3_vs_1_with_keeper,42,collect_rollout,3918,0,22,-0.003333333181217313,False,False,0.0,0.0,0,0,0,0.0,0.0,0.0,0.0,-0.003333333181217313,1,-0.003333333181217313
,academy_3_vs_1_with_keeper,42,collect_rollout,3919,0,17,0.0,False,False,0.0,0.0,0,0,0,0.0,0.0,0.0,0.0,0.0,1,0.0
,academy_3_vs_1_with_keeper,42,collect_rollout,3920,0,17,0.023256928892806172,False,False,0.0,0.0,0,0,0,0.0,0.0,0.0,0.0,0.023256928892806172,1,0.023256928892806172
,academy_3_vs_1_with_keeper,42,collect_rollout,3921,0,12,0.031125420704483986,False,False,0.0,0.0,0,0,0,0.0,0.0,0.0,0.0,0.031125420704483986,1,0.031125420704483986
,academy_3_vs_1_with_keeper,42,collect_rollout,3922,0,20,0.0,False,False,0.0,0.0,0,0,0,0.0,0.0,0.0,0.0,0.0,1,0.0
,academy_3_vs_1_with_keeper,42,collect_rollout,3923,0,71,-0.013202810194343328,False,False,0.0,0.0,0,0,0,0.0,0.0,0.0,0.0,-0.013202810194343328,1,-0.013202810194343328
,academy_3_vs_1_with_keeper,42,collect_rollout,3924,0,21,-0.003333333181217313,False,False,0.0,0.0,0,0,0,0.0,0.0,0.0,0.0,-0.003333333181217313,1,-0.003333333181217313
,academy_3_vs_1_with_keeper,42,collect_rollout,3925,0,95,-0.009110743514611386,False,False,0.0,0.0,0,0,0,0.0,0.0,0.0,0.0,-0.009110743514611386,1,-0.009110743514611386
,academy_3_vs_1_with_keeper,42,collect_rollout,3926,0,10,0.02640215668361634,False,False,0.0,0.0,0,0,0,0.0,0.0,0.0,0.0,0.02640215668361634,1,0.02640215668361634
,academy_3_vs_1_with_keeper,42,collect_rollout,3927,0,30,0.11896860646083951,False,False,0.0,0.0,0,0,0,0.0,0.0,0.0,0.0,0.11896860646083951,1,0.11896860646083951
,academy_3_vs_1_with_keeper,42,collect_rollout,3928,0,29,0.12578224972821772,False,False,0.0,0.0,0,0,0,0.0,0.0,0.0,0.0,0.12578224972821772,1,0.12578224972821772
,academy_3_vs_1_with_keeper,42,collect_rollout,3929,0,14,-0.006666666362434626,False,False,0.0,0.0,0,0,0,0.0,0.0,0.0,0.0,-0.006666666362434626,1,-0.006666666362434626
,academy_3_vs_1_with_keeper,42,collect_rollout,3930,0,21,-0.006666666362434626,False,False,0.0,0.0,0,0,0,0.0,0.0,0.0,0.0,-0.006666666362434626,1,-0.006666666362434626
,academy_3_vs_1_with_keeper,42,collect_rollout,3931,0,8,0.023994587623747066,False,False,0.0,0.0,0,0,0,0.0,0.0,0.0,0.0,0.023994587623747066,1,0.023994587623747066
,academy_3_vs_1_with_keeper,42,collect_rollout,3932,0,19,0.0,False,False,0.0,0.0,0,0,0,0.0,0.0,0.0,0.0,0.0,1,0.0
,academy_3_vs_1_with_keeper,42,collect_rollout,3933,0,17,0.0,False,False,0.0,0.0,0,0,0,0.0,0.0,0.0,0.0,0.0,1,0.0
,academy_3_vs_1_with_keeper,42,collect_rollout,3934,0,17,0.0,False,False,0.0,0.0,0,0,0,0.0,0.0,0.0,0.0,0.0,1,0.0
,academy_3_vs_1_with_keeper,42,collect_rollout,3935,0,106,-0.3068783525377512,False,False,0.0,0.0,0,0,0,0.0,0.0,0.0,0.0,-0.3068783525377512,1,-0.3068783525377512
,academy_3_vs_1_with_keeper,42,collect_rollout,3936,0,19,0.0,False,False,0.0,0.0,0,0,0,0.0,0.0,0.0,0.0,0.0,1,0.0
,academy_3_vs_1_with_keeper,42,collect_rollout,3937,0,40,0.1232192589668557,False,False,0.0,0.0,0,0,0,0.0,0.0,0.0,0.0,0.1232192589668557,1,0.1232192589668557
,academy_3_vs_1_with_keeper,42,collect_rollout,3938,0,7,0.027329974342137575,False,False,0.0,0.0,0,0,0,0.0,0.0,0.0,0.0,0.027329974342137575,1,0.027329974342137575
,academy_3_vs_1_with_keeper,42,collect_rollout,3939,0,87,0.10075671286904253,False,False,0.0,0.0,0,0,0,0.0,0.0,0.0,0.0,0.10075671286904253,1,0.10075671286904253
,academy_3_vs_1_with_keeper,42,collect_rollout,3940,0,22,-0.003333333181217313,False,False,0.0,0.0,0,0,0,0.0,0.0,0.0,0.0,-0.003333333181217313,1,-0.003333333181217313
,academy_3_vs_1_with_keeper,42,collect_rollout,3941,0,149,-0.6491445756983012,False,False,0.0,0.0,0,0,0,0.0,0.0,0.0,0.0,-0.6491445756983012,1,-0.6491445756983012
,academy_3_vs_1_with_keeper,42,collect_rollout,3942,0,17,0.0,False,False,0.0,0.0,0,0,0,0.0,0.0,0.0,0.0,0.0,1,0.0
,academy_3_vs_1_with_keeper,42,collect_rollout,3943,0,31,2.1273548315512016,False,False,0.0,0.0,0,0,0,0.0,0.0,0.0,0.0,2.1273548315512016,1,2.1273548315512016
,academy_3_vs_1_with_keeper,42,collect_rollout,3944,0,22,0.0,False,False,0.0,0.0,0,0,0,0.0,0.0,0.0,0.0,0.0,1,0.0
,academy_3_vs_1_with_keeper,42,collect_rollout,3945,0,20,-0.003333333181217313,False,False,0.0,0.0,0,0,0,0.0,0.0,0.0,0.0,-0.003333333181217313,1,-0.003333333181217313
,academy_3_vs_1_with_keeper,42,collect_rollout,3946,0,28,0.12692406971473247,False,False,0.0,0.0,0,0,0,0.0,0.0,0.0,0.0,0.12692406971473247,1,0.12692406971473247
,academy_3_vs_1_with_keeper,42,collect_rollout,3947,0,16,0.0,False,False,0.0,0.0,0,0,0,0.0,0.0,0.0,0.0,0.0,1,0.0
,academy_3_vs_1_with_keeper,42,collect_rollout,3948,0,9,0.04036884615197778,False,False,0.0,0.0,0,0,0,0.0,0.0,0.0,0.0,0.04036884615197778,1,0.04036884615197778
,academy_3_vs_1_with_keeper,42,collect_rollout,3949,0,14,-0.003333333181217313,False,False,0.0,0.0,0,0,0,0.0,0.0,0.0,0.0,-0.003333333181217313,1,-0.003333333181217313
,academy_3_vs_1_with_keeper,42,collect_rollout,3950,0,50,2.088567439233884,False,False,0.0,0.0,0,0,0,0.0,0.0,0.0,0.0,2.088567439233884,1,2.088567439233884
,academy_3_vs_1_with_keeper,42,collect_rollout,3951,0,40,2.0781817010138184,False,False,0.0,0.0,0,0,0,0.0,0.0,0.0,0.0,2.0781817010138184,1,2.0781817010138184
,academy_3_vs_1_with_keeper,42,collect_rollout,3952,0,15,0.0,False,False,0.0,0.0,0,0,0,0.0,0.0,0.0,0.0,0.0,1,0.0
,academy_3_vs_1_with_keeper,42,collect_rollout,3953,0,13,0.0,False,False,0.0,0.0,0,0,0,0.0,0.0,0.0,0.0,0.0,1,0.0
,academy_3_vs_1_with_keeper,42,collect_rollout,3954,0,44,0.003953134408220649,False,False,0.0,0.0,0,0,0,0.0,0.0,0.0,0.0,0.003953134408220649,1,0.003953134408220649
,academy_3_vs_1_with_keeper,42,collect_rollout,3955,0,19,0.0,False,False,0.0,0.0,0,0,0,0.0,0.0,0.0,0.0,0.0,1,0.0
,academy_3_vs_1_with_keeper,42,collect_rollout,3956,0,34,2.129632758849766,False,False,0.0,0.0,0,0,0,0.0,0.0,0.0,0.0,2.129632758849766,1,2.129632758849766
,academy_3_vs_1_with_keeper,42,collect_rollout,3957,0,22,-0.013333332724869251,False,False,0.0,0.0,0,0,0,0.0,0.0,0.0,0.0,-0.013333332724869251,1,-0.013333332724869251
,academy_3_vs_1_with_keeper,42,collect_rollout,3958,0,94,-0.3411388456588611,False,False,0.0,0.0,0,0,0,0.0,0.0,0.0,0.0,-0.3411388456588611,1,-0.3411388456588611
,academy_3_vs_1_with_keeper,42,collect_rollout,3959,0,24,-0.003333333181217313,False,False,0.0,0.0,0,0,0,0.0,0.0,0.0,0.0,-0.003333333181217313,1,-0.003333333181217313
,academy_3_vs_1_with_keeper,42,collect_rollout,3960,0,20,-0.003333333181217313,False,False,0.0,0.0,0,0,0,0.0,0.0,0.0,0.0,-0.003333333181217313,1,-0.003333333181217313
,academy_3_vs_1_with_keeper,42,collect_rollout,3961,0,28,0.11979874363169074,False,False,0.0,0.0,0,0,0,0.0,0.0,0.0,0.0,0.11979874363169074,1,0.11979874363169074
,academy_3_vs_1_with_keeper,42,collect_rollout,3962,0,17,-0.003333333181217313,False,False,0.0,0.0,0,0,0,0.0,0.0,0.0,0.0,-0.003333333181217313,1,-0.003333333181217313
,academy_3_vs_1_with_keeper,42,collect_rollout,3963,0,14,0.025811337516643107,False,False,0.0,0.0,0,0,0,0.0,0.0,0.0,0.0,0.025811337516643107,1,0.025811337516643107
,academy_3_vs_1_with_keeper,42,collect_rollout,3964,0,86,2.3686686616856605,False,False,0.0,0.0,0,0,0,0.0,0.0,0.0,0.0,2.3686686616856605,1,2.3686686616856605
,academy_3_vs_1_with_keeper,42,collect_rollout,3965,0,14,0.0193557363236323,False,False,0.0,0.0,0,0,0,0.0,0.0,0.0,0.0,0.0193557363236323,1,0.0193557363236323
,academy_3_vs_1_with_keeper,42,collect_rollout,3966,0,32,2.128738996339962,False,False,0.0,0.0,0,0,0,0.0,0.0,0.0,0.0,2.128738996339962,1,2.128738996339962
,academy_3_vs_1_with_keeper,42,collect_rollout,3967,0,56,-0.01642308058217168,False,False,0.0,0.0,0,0,0,0.0,0.0,0.0,0.0,-0.01642308058217168,1,-0.01642308058217168
,academy_3_vs_1_with_keeper,42,collect_rollout,3968,0,83,0.04483313800301403,False,False,0.0,0.0,0,0,0,0.0,0.0,0.0,0.0,0.04483313800301403,1,0.04483313800301403
,academy_3_vs_1_with_keeper,42,collect_rollout,3969,0,8,0.04717968450859189,False,False,0.0,0.0,0,0,0,0.0,0.0,0.0,0.0,0.04717968450859189,1,0.04717968450859189
,academy_3_vs_1_with_keeper,42,collect_rollout,3970,0,37,0.11496482822985854,False,False,0.0,0.0,0,0,0,0.0,0.0,0.0,0.0,0.11496482822985854,1,0.11496482822985854
,academy_3_vs_1_with_keeper,42,collect_rollout,3971,0,9,0.03277806506957859,False,False,0.0,0.0,0,0,0,0.0,0.0,0.0,0.0,0.03277806506957859,1,0.03277806506957859
,academy_3_vs_1_with_keeper,42,collect_rollout,3972,0,14,0.02213843649951741,False,False,0.0,0.0,0,0,0,0.0,0.0,0.0,0.0,0.02213843649951741,1,0.02213843649951741
,academy_3_vs_1_with_keeper,42,collect_rollout,3973,0,8,0.04328267043456435,False,False,0.0,0.0,0,0,0,0.0,0.0,0.0,0.0,0.04328267043456435,1,0.04328267043456435
,academy_3_vs_1_with_keeper,42,collect_rollout,3974,0,16,-0.009999999543651938,False,False,0.0,0.0,0,0,0,0.0,0.0,0.0,0.0,-0.009999999543651938,1,-0.009999999543651938
,academy_3_vs_1_with_keeper,42,collect_rollout,3975,0,19,0.0,False,False,0.0,0.0,0,0,0,0.0,0.0,0.0,0.0,0.0,1,0.0
,academy_3_vs_1_with_keeper,42,collect_rollout,3976,0,21,0.0,False,False,0.0,0.0,0,0,0,0.0,0.0,0.0,0.0,0.0,1,0.0
,academy_3_vs_1_with_keeper,42,collect_rollout,3977,0,20,-0.009999999543651938,False,False,0.0,0.0,0,0,0,0.0,0.0,0.0,0.0,-0.009999999543651938,1,-0.009999999543651938
,academy_3_vs_1_with_keeper,42,collect_rollout,3978,0,13,0.021029169438406825,False,False,0.0,0.0,0,0,0,0.0,0.0,0.0,0.0,0.021029169438406825,1,0.021029169438406825
,academy_3_vs_1_with_keeper,42,collect_rollout,3979,0,26,2.136923262150958,False,False,0.0,0.0,0,0,0,0.0,0.0,0.0,0.0,2.136923262150958,1,2.136923262150958
,academy_3_vs_1_with_keeper,42,collect_rollout,3980,0,17,0.0,False,False,0.0,0.0,0,0,0,0.0,0.0,0.0,0.0,0.0,1,0.0
,academy_3_vs_1_with_keeper,42,collect_rollout,3981,0,19,-0.003333333181217313,False,False,0.0,0.0,0,0,0,0.0,0.0,0.0,0.0,-0.003333333181217313,1,-0.003333333181217313
,academy_3_vs_1_with_keeper,42,collect_rollout,3982,0,19,0.0,False,False,0.0,0.0,0,0,0,0.0,0.0,0.0,0.0,0.0,1,0.0
,academy_3_vs_1_with_keeper,42,collect_rollout,3983,0,18,-0.003333333181217313,False,False,0.0,0.0,0,0,0,0.0,0.0,0.0,0.0,-0.003333333181217313,1,-0.003333333181217313
,academy_3_vs_1_with_keeper,42,collect_rollout,3984,0,18,0.0,False,False,0.0,0.0,0,0,0,0.0,0.0,0.0,0.0,0.0,1,0.0
,academy_3_vs_1_with_keeper,42,collect_rollout,3985,0,21,0.0,False,False,0.0,0.0,0,0,0,0.0,0.0,0.0,0.0,0.0,1,0.0
,academy_3_vs_1_with_keeper,42,collect_rollout,3986,0,12,0.029575821245089173,False,False,0.0,0.0,0,0,0,0.0,0.0,0.0,0.0,0.029575821245089173,1,0.029575821245089173
,academy_3_vs_1_with_keeper,42,collect_rollout,3987,0,18,-0.003333333181217313,False,False,0.0,0.0,0,0,0,0.0,0.0,0.0,0.0,-0.003333333181217313,1,-0.003333333181217313
,academy_3_vs_1_with_keeper,42,collect_rollout,3988,0,17,0.0,False,False,0.0,0.0,0,0,0,0.0,0.0,0.0,0.0,0.0,1,0.0
,academy_3_vs_1_with_keeper,42,collect_rollout,3989,0,42,0.017909348418470472,False,False,0.0,0.0,0,0,0,0.0,0.0,0.0,0.0,0.017909348418470472,1,0.017909348418470472
,academy_3_vs_1_with_keeper,42,collect_rollout,3990,0,17,0.0,False,False,0.0,0.0,0,0,0,0.0,0.0,0.0,0.0,0.0,1,0.0
,academy_3_vs_1_with_keeper,42,collect_rollout,3991,0,49,0.0019703968428075314,False,False,0.0,0.0,0,0,0,0.0,0.0,0.0,0.0,0.0019703968428075314,1,0.0019703968428075314
,academy_3_vs_1_with_keeper,42,collect_rollout,3992,0,18,-0.003333333181217313,False,False,0.0,0.0,0,0,0,0.0,0.0,0.0,0.0,-0.003333333181217313,1,-0.003333333181217313
,academy_3_vs_1_with_keeper,42,collect_rollout,3993,0,33,2.09655567498703,False,False,0.0,0.0,0,0,0,0.0,0.0,0.0,0.0,2.09655567498703,1,2.09655567498703
,academy_3_vs_1_with_keeper,42,collect_rollout,3994,0,12,0.04377474170178175,False,False,0.0,0.0,0,0,0,0.0,0.0,0.0,0.0,0.04377474170178175,1,0.04377474170178175
,academy_3_vs_1_with_keeper,42,collect_rollout,3995,0,30,0.09111778109217994,False,False,0.0,0.0,0,0,0,0.0,0.0,0.0,0.0,0.09111778109217994,1,0.09111778109217994
,academy_3_vs_1_with_keeper,42,collect_rollout,3996,0,32,0.119264671637211,False,False,0.0,0.0,0,0,0,0.0,0.0,0.0,0.0,0.119264671637211,1,0.119264671637211
,academy_3_vs_1_with_keeper,42,collect_rollout,3997,0,27,0.11825159972067922,False,False,0.0,0.0,0,0,0,0.0,0.0,0.0,0.0,0.11825159972067922,1,0.11825159972067922
,academy_3_vs_1_with_keeper,42,collect_rollout,3998,0,37,0.332274561165832,False,False,0.0,0.0,0,0,0,0.0,0.0,0.0,0.0,0.332274561165832,1,0.332274561165832
,academy_3_vs_1_with_keeper,42,collect_rollout,3999,0,22,0.0,False,False,0.0,0.0,0,0,0,0.0,0.0,0.0,0.0,0.0,1,0.0
,academy_3_vs_1_with_keeper,42,collect_rollout,4000,0,16,-0.003333333181217313,False,False,0.0,0.0,0,0,0,0.0,0.0,0.0,0.0,-0.003333333181217313,1,-0.003333333181217313
,academy_3_vs_1_with_keeper,42,collect_rollout,4001,0,37,0.013107533333823085,False,False,0.0,0.0,0,0,0,0.0,0.0,0.0,0.0,0.013107533333823085,1,0.013107533333823085
,academy_3_vs_1_with_keeper,42,collect_rollout,4002,0,47,0.023738418240100145,False,False,0.0,0.0,0,0,0,0.0,0.0,0.0,0.0,0.023738418240100145,1,0.023738418240100145
,academy_3_vs_1_with_keeper,42,collect_rollout,4003,0,45,0.0246982877724804,False,False,0.0,0.0,0,0,0,0.0,0.0,0.0,0.0,0.0246982877724804,1,0.0246982877724804
,academy_3_vs_1_with_keeper,42,collect_rollout,4004,0,106,-0.01647481057443656,False,False,0.0,0.0,0,0,0,0.0,0.0,0.0,0.0,-0.01647481057443656,1,-0.01647481057443656
,academy_3_vs_1_with_keeper,42,collect_rollout,4005,0,30,2.1295204570051283,False,False,0.0,0.0,0,0,0,0.0,0.0,0.0,0.0,2.1295204570051283,1,2.1295204570051283
,academy_3_vs_1_with_keeper,42,collect_rollout,4006,0,21,-0.009999999543651938,False,False,0.0,0.0,0,0,0,0.0,0.0,0.0,0.0,-0.009999999543651938,1,-0.009999999543651938
,academy_3_vs_1_with_keeper,42,collect_rollout,4007,0,40,0.07028693321626633,False,False,0.0,0.0,0,0,0,0.0,0.0,0.0,0.0,0.07028693321626633,1,0.07028693321626633
,academy_3_vs_1_with_keeper,42,collect_rollout,4008,0,17,-0.006666666362434626,False,False,0.0,0.0,0,0,0,0.0,0.0,0.0,0.0,-0.006666666362434626,1,-0.006666666362434626
,academy_3_vs_1_with_keeper,42,collect_rollout,4009,0,37,0.12443610482296208,False,False,0.0,0.0,0,0,0,0.0,0.0,0.0,0.0,0.12443610482296208,1,0.12443610482296208
,academy_3_vs_1_with_keeper,42,collect_rollout,4010,0,23,-0.006666666362434626,False,False,0.0,0.0,0,0,0,0.0,0.0,0.0,0.0,-0.006666666362434626,1,-0.006666666362434626
,academy_3_vs_1_with_keeper,42,collect_rollout,4011,0,12,0.022223364911042154,False,False,0.0,0.0,0,0,0,0.0,0.0,0.0,0.0,0.022223364911042154,1,0.022223364911042154
,academy_3_vs_1_with_keeper,42,collect_rollout,4012,0,38,0.07525456801522523,False,False,0.0,0.0,0,0,0,0.0,0.0,0.0,0.0,0.07525456801522523,1,0.07525456801522523
,academy_3_vs_1_with_keeper,42,collect_rollout,4013,0,44,0.0704299706267193,False,False,0.0,0.0,0,0,0,0.0,0.0,0.0,0.0,0.0704299706267193,1,0.0704299706267193
,academy_3_vs_1_with_keeper,42,collect_rollout,4014,0,15,0.0,False,False,0.0,0.0,0,0,0,0.0,0.0,0.0,0.0,0.0,1,0.0
,academy_3_vs_1_with_keeper,42,collect_rollout,4015,0,18,-0.006666666362434626,False,False,0.0,0.0,0,0,0,0.0,0.0,0.0,0.0,-0.006666666362434626,1,-0.006666666362434626
,academy_3_vs_1_with_keeper,42,collect_rollout,4016,0,29,0.11973411589860916,False,False,0.0,0.0,0,0,0,0.0,0.0,0.0,0.0,0.11973411589860916,1,0.11973411589860916
,academy_3_vs_1_with_keeper,42,collect_rollout,4017,0,19,0.0,False,False,0.0,0.0,0,0,0,0.0,0.0,0.0,0.0,0.0,1,0.0
,academy_3_vs_1_with_keeper,42,collect_rollout,4018,0,13,0.02196697238832712,False,False,0.0,0.0,0,0,0,0.0,0.0,0.0,0.0,0.02196697238832712,1,0.02196697238832712
,academy_3_vs_1_with_keeper,42,collect_rollout,4019,0,15,0.0,False,False,0.0,0.0,0,0,0,0.0,0.0,0.0,0.0,0.0,1,0.0
,academy_3_vs_1_with_keeper,42,collect_rollout,4020,0,19,-0.003333333181217313,False,False,0.0,0.0,0,0,0,0.0,0.0,0.0,0.0,-0.003333333181217313,1,-0.003333333181217313
,academy_3_vs_1_with_keeper,42,collect_rollout,4021,0,32,2.1300902462389786,False,False,0.0,0.0,0,0,0,0.0,0.0,0.0,0.0,2.1300902462389786,1,2.1300902462389786
,academy_3_vs_1_with_keeper,42,collect_rollout,4022,0,19,-0.003333333181217313,False,False,0.0,0.0,0,0,0,0.0,0.0,0.0,0.0,-0.003333333181217313,1,-0.003333333181217313
,academy_3_vs_1_with_keeper,42,collect_rollout,4023,0,15,0.0,False,False,0.0,0.0,0,0,0,0.0,0.0,0.0,0.0,0.0,1,0.0
,academy_3_vs_1_with_keeper,42,collect_rollout,4024,0,17,-0.003333333181217313,False,False,0.0,0.0,0,0,0,0.0,0.0,0.0,0.0,-0.003333333181217313,1,-0.003333333181217313
,academy_3_vs_1_with_keeper,42,collect_rollout,4025,0,12,0.012598410015925765,False,False,0.0,0.0,0,0,0,0.0,0.0,0.0,0.0,0.012598410015925765,1,0.012598410015925765
,academy_3_vs_1_with_keeper,42,collect_rollout,4026,0,23,-0.003333333181217313,False,False,0.0,0.0,0,0,0,0.0,0.0,0.0,0.0,-0.003333333181217313,1,-0.003333333181217313
,academy_3_vs_1_with_keeper,42,collect_rollout,4027,0,87,-0.01887973542761756,False,False,0.0,0.0,0,0,0,0.0,0.0,0.0,0.0,-0.01887973542761756,1,-0.01887973542761756
,academy_3_vs_1_with_keeper,42,collect_rollout,4028,0,30,0.09369815560057759,False,False,0.0,0.0,0,0,0,0.0,0.0,0.0,0.0,0.09369815560057759,1,0.09369815560057759
,academy_3_vs_1_with_keeper,42,collect_rollout,4029,0,14,-0.003333333181217313,False,False,0.0,0.0,0,0,0,0.0,0.0,0.0,0.0,-0.003333333181217313,1,-0.003333333181217313
,academy_3_vs_1_with_keeper,42,collect_rollout,4030,0,15,0.0,False,False,0.0,0.0,0,0,0,0.0,0.0,0.0,0.0,0.0,1,0.0
,academy_3_vs_1_with_keeper,42,collect_rollout,4031,0,32,0.09201576227496844,False,False,0.0,0.0,0,0,0,0.0,0.0,0.0,0.0,0.09201576227496844,1,0.09201576227496844
,academy_3_vs_1_with_keeper,42,collect_rollout,4032,0,40,0.026594848197419196,False,False,0.0,0.0,0,0,0,0.0,0.0,0.0,0.0,0.026594848197419196,1,0.026594848197419196
,academy_3_vs_1_with_keeper,42,collect_rollout,4033,0,22,-0.003333333181217313,False,False,0.0,0.0,0,0,0,0.0,0.0,0.0,0.0,-0.003333333181217313,1,-0.003333333181217313
,academy_3_vs_1_with_keeper,42,collect_rollout,4034,0,21,-0.003333333181217313,False,False,0.0,0.0,0,0,0,0.0,0.0,0.0,0.0,-0.003333333181217313,1,-0.003333333181217313
,academy_3_vs_1_with_keeper,42,collect_rollout,4035,0,15,-0.003333333181217313,False,False,0.0,0.0,0,0,0,0.0,0.0,0.0,0.0,-0.003333333181217313,1,-0.003333333181217313
,academy_3_vs_1_with_keeper,42,collect_rollout,4036,0,21,-0.009999999543651938,False,False,0.0,0.0,0,0,0,0.0,0.0,0.0,0.0,-0.009999999543651938,1,-0.009999999543651938
,academy_3_vs_1_with_keeper,42,collect_rollout,4037,0,22,0.0,False,False,0.0,0.0,0,0,0,0.0,0.0,0.0,0.0,0.0,1,0.0
,academy_3_vs_1_with_keeper,42,collect_rollout,4038,0,18,-0.013333332724869251,False,False,0.0,0.0,0,0,0,0.0,0.0,0.0,0.0,-0.013333332724869251,1,-0.013333332724869251
,academy_3_vs_1_with_keeper,42,collect_rollout,4039,0,48,0.054409315722296014,False,False,0.0,0.0,0,0,0,0.0,0.0,0.0,0.0,0.054409315722296014,1,0.054409315722296014
,academy_3_vs_1_with_keeper,42,collect_rollout,4040,0,52,0.03892715310212225,False,False,0.0,0.0,0,0,0,0.0,0.0,0.0,0.0,0.03892715310212225,1,0.03892715310212225
,academy_3_vs_1_with_keeper,42,collect_rollout,4041,0,83,0.11946440336760134,False,False,0.0,0.0,0,0,0,0.0,0.0,0.0,0.0,0.11946440336760134,1,0.11946440336760134
,academy_3_vs_1_with_keeper,42,collect_rollout,4042,0,18,0.0,False,False,0.0,0.0,0,0,0,0.0,0.0,0.0,0.0,0.0,1,0.0
,academy_3_vs_1_with_keeper,42,collect_rollout,4043,0,47,0.06905642501078546,False,False,0.0,0.0,0,0,0,0.0,0.0,0.0,0.0,0.06905642501078546,1,0.06905642501078546
,academy_3_vs_1_with_keeper,42,collect_rollout,4044,0,14,0.01876257942058146,False,False,0.0,0.0,0,0,0,0.0,0.0,0.0,0.0,0.01876257942058146,1,0.01876257942058146
,academy_3_vs_1_with_keeper,42,collect_rollout,4045,0,98,0.04753892117878422,False,False,0.0,0.0,0,0,0,0.0,0.0,0.0,0.0,0.04753892117878422,1,0.04753892117878422
,academy_3_vs_1_with_keeper,42,collect_rollout,4046,0,19,-0.006666666362434626,False,False,0.0,0.0,0,0,0,0.0,0.0,0.0,0.0,-0.006666666362434626,1,-0.006666666362434626
,academy_3_vs_1_with_keeper,42,collect_rollout,4047,0,16,0.0,False,False,0.0,0.0,0,0,0,0.0,0.0,0.0,0.0,0.0,1,0.0
,academy_3_vs_1_with_keeper,42,collect_rollout,4048,0,18,-0.006666666362434626,False,False,0.0,0.0,0,0,0,0.0,0.0,0.0,0.0,-0.006666666362434626,1,-0.006666666362434626
,academy_3_vs_1_with_keeper,42,collect_rollout,4049,0,78,0.035828754014801234,False,False,0.0,0.0,0,0,0,0.0,0.0,0.0,0.0,0.035828754014801234,1,0.035828754014801234
,academy_3_vs_1_with_keeper,42,collect_rollout,4050,0,16,0.0178610950242728,False,False,0.0,0.0,0,0,0,0.0,0.0,0.0,0.0,0.0178610950242728,1,0.0178610950242728
,academy_3_vs_1_with_keeper,42,collect_rollout,4051,0,22,-0.003333333181217313,False,False,0.0,0.0,0,0,0,0.0,0.0,0.0,0.0,-0.003333333181217313,1,-0.003333333181217313
,academy_3_vs_1_with_keeper,42,collect_rollout,4052,0,34,0.07165599115796795,False,False,0.0,0.0,0,0,0,0.0,0.0,0.0,0.0,0.07165599115796795,1,0.07165599115796795
,academy_3_vs_1_with_keeper,42,collect_rollout,4053,0,19,-0.006666666362434626,False,False,0.0,0.0,0,0,0,0.0,0.0,0.0,0.0,-0.006666666362434626,1,-0.006666666362434626
,academy_3_vs_1_with_keeper,42,collect_rollout,4054,0,151,-0.016666665906086564,False,False,0.0,0.0,0,0,0,0.0,0.0,0.0,0.0,-0.016666665906086564,1,-0.016666665906086564
,academy_3_vs_1_with_keeper,42,collect_rollout,4055,0,19,0.0,False,False,0.0,0.0,0,0,0,0.0,0.0,0.0,0.0,0.0,1,0.0
,academy_3_vs_1_with_keeper,42,collect_rollout,4056,0,8,0.023769385647028685,False,False,0.0,0.0,0,0,0,0.0,0.0,0.0,0.0,0.023769385647028685,1,0.023769385647028685
,academy_3_vs_1_with_keeper,42,collect_rollout,4057,0,12,0.022780570900067687,False,False,0.0,0.0,0,0,0,0.0,0.0,0.0,0.0,0.022780570900067687,1,0.022780570900067687
,academy_3_vs_1_with_keeper,42,collect_rollout,4058,0,17,-0.003333333181217313,False,False,0.0,0.0,0,0,0,0.0,0.0,0.0,0.0,-0.003333333181217313,1,-0.003333333181217313
,academy_3_vs_1_with_keeper,42,collect_rollout,4059,0,16,0.0180664369254373,False,False,0.0,0.0,0,0,0,0.0,0.0,0.0,0.0,0.0180664369254373,1,0.0180664369254373
,academy_3_vs_1_with_keeper,42,collect_rollout,4060,0,26,0.1261713154381141,False,False,0.0,0.0,0,0,0,0.0,0.0,0.0,0.0,0.1261713154381141,1,0.1261713154381141
,academy_3_vs_1_with_keeper,42,collect_rollout,4061,0,33,2.121496946172556,False,False,0.0,0.0,0,0,0,0.0,0.0,0.0,0.0,2.121496946172556,1,2.121496946172556
,academy_3_vs_1_with_keeper,42,collect_rollout,4062,0,17,-0.006666666362434626,False,False,0.0,0.0,0,0,0,0.0,0.0,0.0,0.0,-0.006666666362434626,1,-0.006666666362434626
,academy_3_vs_1_with_keeper,42,collect_rollout,4063,0,17,-0.006666666362434626,False,False,0.0,0.0,0,0,0,0.0,0.0,0.0,0.0,-0.006666666362434626,1,-0.006666666362434626
,academy_3_vs_1_with_keeper,42,collect_rollout,4064,0,130,-0.5524701879694476,False,False,0.0,0.0,0,0,0,0.0,0.0,0.0,0.0,-0.5524701879694476,1,-0.5524701879694476
,academy_3_vs_1_with_keeper,42,collect_rollout,4065,0,22,-0.006666666362434626,False,False,0.0,0.0,0,0,0,0.0,0.0,0.0,0.0,-0.006666666362434626,1,-0.006666666362434626
,academy_3_vs_1_with_keeper,42,collect_rollout,4066,0,18,0.010349852964282036,False,False,0.0,0.0,0,0,0,0.0,0.0,0.0,0.0,0.010349852964282036,1,0.010349852964282036
,academy_3_vs_1_with_keeper,42,collect_rollout,4067,0,20,-0.009999999543651938,False,False,0.0,0.0,0,0,0,0.0,0.0,0.0,0.0,-0.009999999543651938,1,-0.009999999543651938
,academy_3_vs_1_with_keeper,42,collect_rollout,4068,0,41,0.007907882798463106,False,False,0.0,0.0,0,0,0,0.0,0.0,0.0,0.0,0.007907882798463106,1,0.007907882798463106
,academy_3_vs_1_with_keeper,42,collect_rollout,4069,0,89,-0.010892497142776847,False,False,0.0,0.0,0,0,0,0.0,0.0,0.0,0.0,-0.010892497142776847,1,-0.010892497142776847
,academy_3_vs_1_with_keeper,42,collect_rollout,4070,0,23,-0.016666665906086564,False,False,0.0,0.0,0,0,0,0.0,0.0,0.0,0.0,-0.016666665906086564,1,-0.016666665906086564
,academy_3_vs_1_with_keeper,42,collect_rollout,4071,0,20,0.0,False,False,0.0,0.0,0,0,0,0.0,0.0,0.0,0.0,0.0,1,0.0
,academy_3_vs_1_with_keeper,42,collect_rollout,4072,0,8,0.04548170685302466,False,False,0.0,0.0,0,0,0,0.0,0.0,0.0,0.0,0.04548170685302466,1,0.04548170685302466
,academy_3_vs_1_with_keeper,42,collect_rollout,4073,0,17,-0.003333333181217313,False,False,0.0,0.0,0,0,0,0.0,0.0,0.0,0.0,-0.003333333181217313,1,-0.003333333181217313
,academy_3_vs_1_with_keeper,42,collect_rollout,4074,0,89,0.08231658238219097,False,False,0.0,0.0,0,0,0,0.0,0.0,0.0,0.0,0.08231658238219097,1,0.08231658238219097
,academy_3_vs_1_with_keeper,42,collect_rollout,4075,0,15,0.0,False,False,0.0,0.0,0,0,0,0.0,0.0,0.0,0.0,0.0,1,0.0
,academy_3_vs_1_with_keeper,42,collect_rollout,4076,0,33,0.1412944378098473,False,False,0.0,0.0,0,0,0,0.0,0.0,0.0,0.0,0.1412944378098473,1,0.1412944378098473
,academy_3_vs_1_with_keeper,42,collect_rollout,4077,0,19,0.0,False,False,0.0,0.0,0,0,0,0.0,0.0,0.0,0.0,0.0,1,0.0
,academy_3_vs_1_with_keeper,42,collect_rollout,4078,0,16,-0.003333333181217313,False,False,0.0,0.0,0,0,0,0.0,0.0,0.0,0.0,-0.003333333181217313,1,-0.003333333181217313
,academy_3_vs_1_with_keeper,42,collect_rollout,4079,0,21,2.1400029321666807,False,False,0.0,0.0,0,0,0,0.0,0.0,0.0,0.0,2.1400029321666807,1,2.1400029321666807
,academy_3_vs_1_with_keeper,42,collect_rollout,4080,0,17,-0.006666666362434626,False,False,0.0,0.0,0,0,0,0.0,0.0,0.0,0.0,-0.006666666362434626,1,-0.006666666362434626
,academy_3_vs_1_with_keeper,42,collect_rollout,4081,0,28,2.1288571399636567,False,False,0.0,0.0,0,0,0,0.0,0.0,0.0,0.0,2.1288571399636567,1,2.1288571399636567
,academy_3_vs_1_with_keeper,42,collect_rollout,4082,0,11,0.024034804198890924,False,False,0.0,0.0,0,0,0,0.0,0.0,0.0,0.0,0.024034804198890924,1,0.024034804198890924
,academy_3_vs_1_with_keeper,42,collect_rollout,4083,0,23,-0.006666666362434626,False,False,0.0,0.0,0,0,0,0.0,0.0,0.0,0.0,-0.006666666362434626,1,-0.006666666362434626
,academy_3_vs_1_with_keeper,42,collect_rollout,4084,0,84,0.030361350218299776,False,False,0.0,0.0,0,0,0,0.0,0.0,0.0,0.0,0.030361350218299776,1,0.030361350218299776
,academy_3_vs_1_with_keeper,42,collect_rollout,4085,0,478,2.1761530889198184,False,False,0.0,0.0,0,0,0,0.0,0.0,0.0,0.0,2.1761530889198184,1,2.1761530889198184
,academy_3_vs_1_with_keeper,42,collect_rollout,4086,0,21,-0.003333333181217313,False,False,0.0,0.0,0,0,0,0.0,0.0,0.0,0.0,-0.003333333181217313,1,-0.003333333181217313
,academy_3_vs_1_with_keeper,42,collect_rollout,4087,0,45,0.10867027461063117,False,False,0.0,0.0,0,0,0,0.0,0.0,0.0,0.0,0.10867027461063117,1,0.10867027461063117
,academy_3_vs_1_with_keeper,42,collect_rollout,4088,0,21,-0.003333333181217313,False,False,0.0,0.0,0,0,0,0.0,0.0,0.0,0.0,-0.003333333181217313,1,-0.003333333181217313
,academy_3_vs_1_with_keeper,42,collect_rollout,4089,0,48,0.009004874824313447,False,False,0.0,0.0,0,0,0,0.0,0.0,0.0,0.0,0.009004874824313447,1,0.009004874824313447
,academy_3_vs_1_with_keeper,42,collect_rollout,4090,0,17,0.0,False,False,0.0,0.0,0,0,0,0.0,0.0,0.0,0.0,0.0,1,0.0
,academy_3_vs_1_with_keeper,42,collect_rollout,4091,0,22,-0.003333333181217313,False,False,0.0,0.0,0,0,0,0.0,0.0,0.0,0.0,-0.003333333181217313,1,-0.003333333181217313
,academy_3_vs_1_with_keeper,42,collect_rollout,4092,0,16,-0.006666666362434626,False,False,0.0,0.0,0,0,0,0.0,0.0,0.0,0.0,-0.006666666362434626,1,-0.006666666362434626
,academy_3_vs_1_with_keeper,42,collect_rollout,4093,0,46,-0.03095894624129869,False,False,0.0,0.0,0,0,0,0.0,0.0,0.0,0.0,-0.03095894624129869,1,-0.03095894624129869
,academy_3_vs_1_with_keeper,42,collect_rollout,4094,0,33,2.1147086983255576,False,False,0.0,0.0,0,0,0,0.0,0.0,0.0,0.0,2.1147086983255576,1,2.1147086983255576
,academy_3_vs_1_with_keeper,42,collect_rollout,4095,0,22,-0.003333333181217313,False,False,0.0,0.0,0,0,0,0.0,0.0,0.0,0.0,-0.003333333181217313,1,-0.003333333181217313
,academy_3_vs_1_with_keeper,42,collect_rollout,4096,0,16,0.003272313973866403,False,False,0.0,0.0,0,0,0,0.0,0.0,0.0,0.0,0.003272313973866403,1,0.003272313973866403
,academy_3_vs_1_with_keeper,42,collect_rollout,4097,0,17,-0.003333333181217313,False,False,0.0,0.0,0,0,0,0.0,0.0,0.0,0.0,-0.003333333181217313,1,-0.003333333181217313
,academy_3_vs_1_with_keeper,42,collect_rollout,4098,0,14,0.0,False,False,0.0,0.0,0,0,0,0.0,0.0,0.0,0.0,0.0,1,0.0
,academy_3_vs_1_with_keeper,42,collect_rollout,4099,0,25,0.12793347644037567,False,False,0.0,0.0,0,0,0,0.0,0.0,0.0,0.0,0.12793347644037567,1,0.12793347644037567
,academy_3_vs_1_with_keeper,42,collect_rollout,4100,0,15,0.033934293780475855,False,False,0.0,0.0,0,0,0,0.0,0.0,0.0,0.0,0.033934293780475855,1,0.033934293780475855
,academy_3_vs_1_with_keeper,42,collect_rollout,4101,0,10,0.030283642816357315,False,False,0.0,0.0,0,0,0,0.0,0.0,0.0,0.0,0.030283642816357315,1,0.030283642816357315
,academy_3_vs_1_with_keeper,42,collect_rollout,4102,0,21,-0.003333333181217313,False,False,0.0,0.0,0,0,0,0.0,0.0,0.0,0.0,-0.003333333181217313,1,-0.003333333181217313
,academy_3_vs_1_with_keeper,42,collect_rollout,4103,0,46,0.09003925829892978,False,False,0.0,0.0,0,0,0,0.0,0.0,0.0,0.0,0.09003925829892978,1,0.09003925829892978
,academy_3_vs_1_with_keeper,42,collect_rollout,4104,0,21,-0.009999999543651938,False,False,0.0,0.0,0,0,0,0.0,0.0,0.0,0.0,-0.009999999543651938,1,-0.009999999543651938
,academy_3_vs_1_with_keeper,42,collect_rollout,4105,0,18,2.126648914301768,False,False,0.0,0.0,0,0,0,0.0,0.0,0.0,0.0,2.126648914301768,1,2.126648914301768
,academy_3_vs_1_with_keeper,42,collect_rollout,4106,0,20,-0.003333333181217313,False,False,0.0,0.0,0,0,0,0.0,0.0,0.0,0.0,-0.003333333181217313,1,-0.003333333181217313
,academy_3_vs_1_with_keeper,42,collect_rollout,4107,0,49,0.0333235066573252,False,False,0.0,0.0,0,0,0,0.0,0.0,0.0,0.0,0.0333235066573252,1,0.0333235066573252
,academy_3_vs_1_with_keeper,42,collect_rollout,4108,0,19,0.0,False,False,0.0,0.0,0,0,0,0.0,0.0,0.0,0.0,0.0,1,0.0
,academy_3_vs_1_with_keeper,42,collect_rollout,4109,0,11,0.01861363835632801,False,False,0.0,0.0,0,0,0,0.0,0.0,0.0,0.0,0.01861363835632801,1,0.01861363835632801
,academy_3_vs_1_with_keeper,42,collect_rollout,4110,0,27,0.09637178320554085,False,False,0.0,0.0,0,0,0,0.0,0.0,0.0,0.0,0.09637178320554085,1,0.09637178320554085
,academy_3_vs_1_with_keeper,42,collect_rollout,4111,0,18,-0.003333333181217313,False,False,0.0,0.0,0,0,0,0.0,0.0,0.0,0.0,-0.003333333181217313,1,-0.003333333181217313
,academy_3_vs_1_with_keeper,42,collect_rollout,4112,0,11,0.03517237026244402,False,False,0.0,0.0,0,0,0,0.0,0.0,0.0,0.0,0.03517237026244402,1,0.03517237026244402
,academy_3_vs_1_with_keeper,42,collect_rollout,4113,0,20,0.0,False,False,0.0,0.0,0,0,0,0.0,0.0,0.0,0.0,0.0,1,0.0
,academy_3_vs_1_with_keeper,42,collect_rollout,4114,0,32,0.1006711405061651,False,False,0.0,0.0,0,0,0,0.0,0.0,0.0,0.0,0.1006711405061651,1,0.1006711405061651
,academy_3_vs_1_with_keeper,42,collect_rollout,4115,0,28,0.11837278108578175,False,False,0.0,0.0,0,0,0,0.0,0.0,0.0,0.0,0.11837278108578175,1,0.11837278108578175
,academy_3_vs_1_with_keeper,42,collect_rollout,4116,0,9,0.03364553314168006,False,False,0.0,0.0,0,0,0,0.0,0.0,0.0,0.0,0.03364553314168006,1,0.03364553314168006
,academy_3_vs_1_with_keeper,42,collect_rollout,4117,0,18,-0.009999999543651938,False,False,0.0,0.0,0,0,0,0.0,0.0,0.0,0.0,-0.009999999543651938,1,-0.009999999543651938
,academy_3_vs_1_with_keeper,42,collect_rollout,4118,0,46,-0.009641021024435759,False,False,0.0,0.0,0,0,0,0.0,0.0,0.0,0.0,-0.009641021024435759,1,-0.009641021024435759
,academy_3_vs_1_with_keeper,42,collect_rollout,4119,0,37,0.13059091614559293,False,False,0.0,0.0,0,0,0,0.0,0.0,0.0,0.0,0.13059091614559293,1,0.13059091614559293
,academy_3_vs_1_with_keeper,42,collect_rollout,4120,0,23,0.0,False,False,0.0,0.0,0,0,0,0.0,0.0,0.0,0.0,0.0,1,0.0
,academy_3_vs_1_with_keeper,42,collect_rollout,4121,0,33,0.07646981149446219,False,False,0.0,0.0,0,0,0,0.0,0.0,0.0,0.0,0.07646981149446219,1,0.07646981149446219
,academy_3_vs_1_with_keeper,42,collect_rollout,4122,0,22,-0.019999999087303877,False,False,0.0,0.0,0,0,0,0.0,0.0,0.0,0.0,-0.019999999087303877,1,-0.019999999087303877
,academy_3_vs_1_with_keeper,42,collect_rollout,4123,0,17,0.0,False,False,0.0,0.0,0,0,0,0.0,0.0,0.0,0.0,0.0,1,0.0
,academy_3_vs_1_with_keeper,42,collect_rollout,4124,0,21,-0.003333333181217313,False,False,0.0,0.0,0,0,0,0.0,0.0,0.0,0.0,-0.003333333181217313,1,-0.003333333181217313
,academy_3_vs_1_with_keeper,42,collect_rollout,4125,0,23,-0.003333333181217313,False,False,0.0,0.0,0,0,0,0.0,0.0,0.0,0.0,-0.003333333181217313,1,-0.003333333181217313
,academy_3_vs_1_with_keeper,42,collect_rollout,4126,0,31,2.1342576988972723,False,False,0.0,0.0,0,0,0,0.0,0.0,0.0,0.0,2.1342576988972723,1,2.1342576988972723
,academy_3_vs_1_with_keeper,42,collect_rollout,4127,0,8,0.04497258388437331,False,False,0.0,0.0,0,0,0,0.0,0.0,0.0,0.0,0.04497258388437331,1,0.04497258388437331
,academy_3_vs_1_with_keeper,42,collect_rollout,4128,0,59,-0.002115628993124119,False,False,0.0,0.0,0,0,0,0.0,0.0,0.0,0.0,-0.002115628993124119,1,-0.002115628993124119
,academy_3_vs_1_with_keeper,42,collect_rollout,4129,0,10,0.02415338600985706,False,False,0.0,0.0,0,0,0,0.0,0.0,0.0,0.0,0.02415338600985706,1,0.02415338600985706
,academy_3_vs_1_with_keeper,42,collect_rollout,4130,0,29,2.1407177216606215,False,False,0.0,0.0,0,0,0,0.0,0.0,0.0,0.0,2.1407177216606215,1,2.1407177216606215
,academy_3_vs_1_with_keeper,42,collect_rollout,4131,0,86,1.7234049476101063,False,False,0.0,0.0,0,0,0,0.0,0.0,0.0,0.0,1.7234049476101063,1,1.7234049476101063
,academy_3_vs_1_with_keeper,42,collect_rollout,4132,0,30,0.11223885283106938,False,False,0.0,0.0,0,0,0,0.0,0.0,0.0,0.0,0.11223885283106938,1,0.11223885283106938
,academy_3_vs_1_with_keeper,42,collect_rollout,4133,0,21,0.0,False,False,0.0,0.0,0,0,0,0.0,0.0,0.0,0.0,0.0,1,0.0
,academy_3_vs_1_with_keeper,42,collect_rollout,4134,0,16,0.0,False,False,0.0,0.0,0,0,0,0.0,0.0,0.0,0.0,0.0,1,0.0
,academy_3_vs_1_with_keeper,42,collect_rollout,4135,0,22,-0.003333333181217313,False,False,0.0,0.0,0,0,0,0.0,0.0,0.0,0.0,-0.003333333181217313,1,-0.003333333181217313
,academy_3_vs_1_with_keeper,42,collect_rollout,4136,0,29,2.130749403266236,False,False,0.0,0.0,0,0,0,0.0,0.0,0.0,0.0,2.130749403266236,1,2.130749403266236
,academy_3_vs_1_with_keeper,42,collect_rollout,4137,0,16,-0.009999999543651938,False,False,0.0,0.0,0,0,0,0.0,0.0,0.0,0.0,-0.009999999543651938,1,-0.009999999543651938
,academy_3_vs_1_with_keeper,42,collect_rollout,4138,0,31,2.1397587107494473,False,False,0.0,0.0,0,0,0,0.0,0.0,0.0,0.0,2.1397587107494473,1,2.1397587107494473
,academy_3_vs_1_with_keeper,42,collect_rollout,4139,0,15,0.0,False,False,0.0,0.0,0,0,0,0.0,0.0,0.0,0.0,0.0,1,0.0
,academy_3_vs_1_with_keeper,42,collect_rollout,4140,0,32,0.1089633374940604,False,False,0.0,0.0,0,0,0,0.0,0.0,0.0,0.0,0.1089633374940604,1,0.1089633374940604
,academy_3_vs_1_with_keeper,42,collect_rollout,4141,0,23,-0.009999999543651938,False,False,0.0,0.0,0,0,0,0.0,0.0,0.0,0.0,-0.009999999543651938,1,-0.009999999543651938
,academy_3_vs_1_with_keeper,42,collect_rollout,4142,0,84,0.11451485643920023,False,False,0.0,0.0,0,0,0,0.0,0.0,0.0,0.0,0.11451485643920023,1,0.11451485643920023
,academy_3_vs_1_with_keeper,42,collect_rollout,4143,0,21,-0.009999999543651938,False,False,0.0,0.0,0,0,0,0.0,0.0,0.0,0.0,-0.009999999543651938,1,-0.009999999543651938
,academy_3_vs_1_with_keeper,42,collect_rollout,4144,0,41,2.0961307537945686,False,False,0.0,0.0,0,0,0,0.0,0.0,0.0,0.0,2.0961307537945686,1,2.0961307537945686
,academy_3_vs_1_with_keeper,42,collect_rollout,4145,0,90,-0.06174864999775309,False,False,0.0,0.0,0,0,0,0.0,0.0,0.0,0.0,-0.06174864999775309,1,-0.06174864999775309
,academy_3_vs_1_with_keeper,42,collect_rollout,4146,0,12,0.02916075731627643,False,False,0.0,0.0,0,0,0,0.0,0.0,0.0,0.0,0.02916075731627643,1,0.02916075731627643
,academy_3_vs_1_with_keeper,42,collect_rollout,4147,0,92,0.07617800607113168,False,False,0.0,0.0,0,0,0,0.0,0.0,0.0,0.0,0.07617800607113168,1,0.07617800607113168
,academy_3_vs_1_with_keeper,42,collect_rollout,4148,0,20,-0.003333333181217313,False,False,0.0,0.0,0,0,0,0.0,0.0,0.0,0.0,-0.003333333181217313,1,-0.003333333181217313
,academy_3_vs_1_with_keeper,42,collect_rollout,4149,0,16,0.012470695190131664,False,False,0.0,0.0,0,0,0,0.0,0.0,0.0,0.0,0.012470695190131664,1,0.012470695190131664
,academy_3_vs_1_with_keeper,42,collect_rollout,4150,0,16,-0.003333333181217313,False,False,0.0,0.0,0,0,0,0.0,0.0,0.0,0.0,-0.003333333181217313,1,-0.003333333181217313
,academy_3_vs_1_with_keeper,42,collect_rollout,4151,0,15,0.021244215546175838,False,False,0.0,0.0,0,0,0,0.0,0.0,0.0,0.0,0.021244215546175838,1,0.021244215546175838
,academy_3_vs_1_with_keeper,42,collect_rollout,4152,0,40,2.1139485285966657,False,False,0.0,0.0,0,0,0,0.0,0.0,0.0,0.0,2.1139485285966657,1,2.1139485285966657
,academy_3_vs_1_with_keeper,42,collect_rollout,4153,0,18,0.0,False,False,0.0,0.0,0,0,0,0.0,0.0,0.0,0.0,0.0,1,0.0
,academy_3_vs_1_with_keeper,42,collect_rollout,4154,0,84,-0.21396240918693366,False,False,0.0,0.0,0,0,0,0.0,0.0,0.0,0.0,-0.21396240918693366,1,-0.21396240918693366
,academy_3_vs_1_with_keeper,42,collect_rollout,4155,0,7,0.036847559036687016,False,False,0.0,0.0,0,0,0,0.0,0.0,0.0,0.0,0.036847559036687016,1,0.036847559036687016
,academy_3_vs_1_with_keeper,42,collect_rollout,4156,0,33,2.1497400233056396,False,False,0.0,0.0,0,0,0,0.0,0.0,0.0,0.0,2.1497400233056396,1,2.1497400233056396
,academy_3_vs_1_with_keeper,42,collect_rollout,4157,0,28,0.10387895442545414,False,False,0.0,0.0,0,0,0,0.0,0.0,0.0,0.0,0.10387895442545414,1,0.10387895442545414
,academy_3_vs_1_with_keeper,42,collect_rollout,4158,0,18,-0.003333333181217313,False,False,0.0,0.0,0,0,0,0.0,0.0,0.0,0.0,-0.003333333181217313,1,-0.003333333181217313
,academy_3_vs_1_with_keeper,42,collect_rollout,4159,0,51,2.0283984852721915,False,False,0.0,0.0,0,0,0,0.0,0.0,0.0,0.0,2.0283984852721915,1,2.0283984852721915
,academy_3_vs_1_with_keeper,42,collect_rollout,4160,0,94,-0.36244689306477085,False,False,0.0,0.0,0,0,0,0.0,0.0,0.0,0.0,-0.36244689306477085,1,-0.36244689306477085
,academy_3_vs_1_with_keeper,42,collect_rollout,4161,0,13,0.031587598263286054,False,False,0.0,0.0,0,0,0,0.0,0.0,0.0,0.0,0.031587598263286054,1,0.031587598263286054
,academy_3_vs_1_with_keeper,42,collect_rollout,4162,0,19,0.0,False,False,0.0,0.0,0,0,0,0.0,0.0,0.0,0.0,0.0,1,0.0
,academy_3_vs_1_with_keeper,42,collect_rollout,4163,0,8,0.03168453963007778,False,False,0.0,0.0,0,0,0,0.0,0.0,0.0,0.0,0.03168453963007778,1,0.03168453963007778
,academy_3_vs_1_with_keeper,42,collect_rollout,4164,0,18,-0.013333332724869251,False,False,0.0,0.0,0,0,0,0.0,0.0,0.0,0.0,-0.013333332724869251,1,-0.013333332724869251
,academy_3_vs_1_with_keeper,42,collect_rollout,4165,0,22,0.0,False,False,0.0,0.0,0,0,0,0.0,0.0,0.0,0.0,0.0,1,0.0
,academy_3_vs_1_with_keeper,42,collect_rollout,4166,0,21,0.0,False,False,0.0,0.0,0,0,0,0.0,0.0,0.0,0.0,0.0,1,0.0
,academy_3_vs_1_with_keeper,42,collect_rollout,4167,0,21,-0.003333333181217313,False,False,0.0,0.0,0,0,0,0.0,0.0,0.0,0.0,-0.003333333181217313,1,-0.003333333181217313
,academy_3_vs_1_with_keeper,42,collect_rollout,4168,0,23,2.133036903687753,False,False,0.0,0.0,0,0,0,0.0,0.0,0.0,0.0,2.133036903687753,1,2.133036903687753
,academy_3_vs_1_with_keeper,42,collect_rollout,4169,0,17,0.0,False,False,0.0,0.0,0,0,0,0.0,0.0,0.0,0.0,0.0,1,0.0
,academy_3_vs_1_with_keeper,42,collect_rollout,4170,0,11,0.041795166907832026,False,False,0.0,0.0,0,0,0,0.0,0.0,0.0,0.0,0.041795166907832026,1,0.041795166907832026
,academy_3_vs_1_with_keeper,42,collect_rollout,4171,0,50,-0.037156879843678325,False,False,0.0,0.0,0,0,0,0.0,0.0,0.0,0.0,-0.037156879843678325,1,-0.037156879843678325
,academy_3_vs_1_with_keeper,42,collect_rollout,4172,0,30,0.10320746363140643,False,False,0.0,0.0,0,0,0,0.0,0.0,0.0,0.0,0.10320746363140643,1,0.10320746363140643
,academy_3_vs_1_with_keeper,42,collect_rollout,4173,0,16,0.0,False,False,0.0,0.0,0,0,0,0.0,0.0,0.0,0.0,0.0,1,0.0
,academy_3_vs_1_with_keeper,42,collect_rollout,4174,0,22,-0.006666666362434626,False,False,0.0,0.0,0,0,0,0.0,0.0,0.0,0.0,-0.006666666362434626,1,-0.006666666362434626
,academy_3_vs_1_with_keeper,42,collect_rollout,4175,0,12,0.034425409394316375,False,False,0.0,0.0,0,0,0,0.0,0.0,0.0,0.0,0.034425409394316375,1,0.034425409394316375
,academy_3_vs_1_with_keeper,42,collect_rollout,4176,0,30,0.34156759013421834,False,False,0.0,0.0,0,0,0,0.0,0.0,0.0,0.0,0.34156759013421834,1,0.34156759013421834
,academy_3_vs_1_with_keeper,42,collect_rollout,4177,0,11,0.036122242105193436,False,False,0.0,0.0,0,0,0,0.0,0.0,0.0,0.0,0.036122242105193436,1,0.036122242105193436
,academy_3_vs_1_with_keeper,42,collect_rollout,4178,0,19,-0.003333333181217313,False,False,0.0,0.0,0,0,0,0.0,0.0,0.0,0.0,-0.003333333181217313,1,-0.003333333181217313
,academy_3_vs_1_with_keeper,42,collect_rollout,4179,0,14,-0.003333333181217313,False,False,0.0,0.0,0,0,0,0.0,0.0,0.0,0.0,-0.003333333181217313,1,-0.003333333181217313
,academy_3_vs_1_with_keeper,42,collect_rollout,4180,0,10,0.027353947516530752,False,False,0.0,0.0,0,0,0,0.0,0.0,0.0,0.0,0.027353947516530752,1,0.027353947516530752
,academy_3_vs_1_with_keeper,42,collect_rollout,4181,0,17,0.0,False,False,0.0,0.0,0,0,0,0.0,0.0,0.0,0.0,0.0,1,0.0
,academy_3_vs_1_with_keeper,42,collect_rollout,4182,0,16,-0.003333333181217313,False,False,0.0,0.0,0,0,0,0.0,0.0,0.0,0.0,-0.003333333181217313,1,-0.003333333181217313
,academy_3_vs_1_with_keeper,42,collect_rollout,4183,0,14,0.0,False,False,0.0,0.0,0,0,0,0.0,0.0,0.0,0.0,0.0,1,0.0
,academy_3_vs_1_with_keeper,42,collect_rollout,4184,0,8,0.028524379013106227,False,False,0.0,0.0,0,0,0,0.0,0.0,0.0,0.0,0.028524379013106227,1,0.028524379013106227
,academy_3_vs_1_with_keeper,42,collect_rollout,4185,0,17,-0.006666666362434626,False,False,0.0,0.0,0,0,0,0.0,0.0,0.0,0.0,-0.006666666362434626,1,-0.006666666362434626
,academy_3_vs_1_with_keeper,42,collect_rollout,4186,0,17,0.0,False,False,0.0,0.0,0,0,0,0.0,0.0,0.0,0.0,0.0,1,0.0
,academy_3_vs_1_with_keeper,42,collect_rollout,4187,0,28,2.1215710134711117,False,False,0.0,0.0,0,0,0,0.0,0.0,0.0,0.0,2.1215710134711117,1,2.1215710134711117
,academy_3_vs_1_with_keeper,42,collect_rollout,4188,0,44,0.12537033972330391,False,False,0.0,0.0,0,0,0,0.0,0.0,0.0,0.0,0.12537033972330391,1,0.12537033972330391
,academy_3_vs_1_with_keeper,42,collect_rollout,4189,0,46,2.0431205744389445,False,False,0.0,0.0,0,0,0,0.0,0.0,0.0,0.0,2.0431205744389445,1,2.0431205744389445
,academy_3_vs_1_with_keeper,42,collect_rollout,4190,0,35,0.042939868522807956,False,False,0.0,0.0,0,0,0,0.0,0.0,0.0,0.0,0.042939868522807956,1,0.042939868522807956
,academy_3_vs_1_with_keeper,42,collect_rollout,4191,0,38,2.1184905858244747,False,False,0.0,0.0,0,0,0,0.0,0.0,0.0,0.0,2.1184905858244747,1,2.1184905858244747
,academy_3_vs_1_with_keeper,42,collect_rollout,4192,0,8,0.02242092101369053,False,False,0.0,0.0,0,0,0,0.0,0.0,0.0,0.0,0.02242092101369053,1,0.02242092101369053
,academy_3_vs_1_with_keeper,42,collect_rollout,4193,0,19,-0.003333333181217313,False,False,0.0,0.0,0,0,0,0.0,0.0,0.0,0.0,-0.003333333181217313,1,-0.003333333181217313
,academy_3_vs_1_with_keeper,42,collect_rollout,4194,0,22,-0.016666665906086564,False,False,0.0,0.0,0,0,0,0.0,0.0,0.0,0.0,-0.016666665906086564,1,-0.016666665906086564
,academy_3_vs_1_with_keeper,42,collect_rollout,4195,0,17,0.0,False,False,0.0,0.0,0,0,0,0.0,0.0,0.0,0.0,0.0,1,0.0
,academy_3_vs_1_with_keeper,42,collect_rollout,4196,0,18,0.0,False,False,0.0,0.0,0,0,0,0.0,0.0,0.0,0.0,0.0,1,0.0
,academy_3_vs_1_with_keeper,42,collect_rollout,4197,0,16,0.0,False,False,0.0,0.0,0,0,0,0.0,0.0,0.0,0.0,0.0,1,0.0
,academy_3_vs_1_with_keeper,42,collect_rollout,4198,0,33,0.07227016999968328,False,False,0.0,0.0,0,0,0,0.0,0.0,0.0,0.0,0.07227016999968328,1,0.07227016999968328
,academy_3_vs_1_with_keeper,42,collect_rollout,4199,0,21,-0.016666665906086564,False,False,0.0,0.0,0,0,0,0.0,0.0,0.0,0.0,-0.016666665906086564,1,-0.016666665906086564
,academy_3_vs_1_with_keeper,42,collect_rollout,4200,0,15,0.0,False,False,0.0,0.0,0,0,0,0.0,0.0,0.0,0.0,0.0,1,0.0
,academy_3_vs_1_with_keeper,42,collect_rollout,4201,0,17,-0.003333333181217313,False,False,0.0,0.0,0,0,0,0.0,0.0,0.0,0.0,-0.003333333181217313,1,-0.003333333181217313
,academy_3_vs_1_with_keeper,42,collect_rollout,4202,0,17,0.0,False,False,0.0,0.0,0,0,0,0.0,0.0,0.0,0.0,0.0,1,0.0
,academy_3_vs_1_with_keeper,42,collect_rollout,4203,0,15,0.0,False,False,0.0,0.0,0,0,0,0.0,0.0,0.0,0.0,0.0,1,0.0
,academy_3_vs_1_with_keeper,42,collect_rollout,4204,0,20,2.1168108477722853,False,False,0.0,0.0,0,0,0,0.0,0.0,0.0,0.0,2.1168108477722853,1,2.1168108477722853
,academy_3_vs_1_with_keeper,42,collect_rollout,4205,0,17,0.0,False,False,0.0,0.0,0,0,0,0.0,0.0,0.0,0.0,0.0,1,0.0
,academy_3_vs_1_with_keeper,42,collect_rollout,4206,0,17,-0.003333333181217313,False,False,0.0,0.0,0,0,0,0.0,0.0,0.0,0.0,-0.003333333181217313,1,-0.003333333181217313
,academy_3_vs_1_with_keeper,42,collect_rollout,4207,0,40,2.115897464856971,False,False,0.0,0.0,0,0,0,0.0,0.0,0.0,0.0,2.115897464856971,1,2.115897464856971
,academy_3_vs_1_with_keeper,42,collect_rollout,4208,0,28,0.12302620161790401,False,False,0.0,0.0,0,0,0,0.0,0.0,0.0,0.0,0.12302620161790401,1,0.12302620161790401
,academy_3_vs_1_with_keeper,42,collect_rollout,4209,0,19,-0.006666666362434626,False,False,0.0,0.0,0,0,0,0.0,0.0,0.0,0.0,-0.006666666362434626,1,-0.006666666362434626
,academy_3_vs_1_with_keeper,42,collect_rollout,4210,0,19,-0.006666666362434626,False,False,0.0,0.0,0,0,0,0.0,0.0,0.0,0.0,-0.006666666362434626,1,-0.006666666362434626
,academy_3_vs_1_with_keeper,42,collect_rollout,4211,0,6,0.025707076769322157,False,False,0.0,0.0,0,0,0,0.0,0.0,0.0,0.0,0.025707076769322157,1,0.025707076769322157
,academy_3_vs_1_with_keeper,42,collect_rollout,4212,0,19,-0.003333333181217313,False,False,0.0,0.0,0,0,0,0.0,0.0,0.0,0.0,-0.003333333181217313,1,-0.003333333181217313
,academy_3_vs_1_with_keeper,42,collect_rollout,4213,0,58,0.11141336341097485,False,False,0.0,0.0,0,0,0,0.0,0.0,0.0,0.0,0.11141336341097485,1,0.11141336341097485
,academy_3_vs_1_with_keeper,42,collect_rollout,4214,0,18,-0.003333333181217313,False,False,0.0,0.0,0,0,0,0.0,0.0,0.0,0.0,-0.003333333181217313,1,-0.003333333181217313
,academy_3_vs_1_with_keeper,42,collect_rollout,4215,0,31,0.08563239356590202,False,False,0.0,0.0,0,0,0,0.0,0.0,0.0,0.0,0.08563239356590202,1,0.08563239356590202
,academy_3_vs_1_with_keeper,42,collect_rollout,4216,0,21,-0.003333333181217313,False,False,0.0,0.0,0,0,0,0.0,0.0,0.0,0.0,-0.003333333181217313,1,-0.003333333181217313
,academy_3_vs_1_with_keeper,42,collect_rollout,4217,0,19,-0.006666666362434626,False,False,0.0,0.0,0,0,0,0.0,0.0,0.0,0.0,-0.006666666362434626,1,-0.006666666362434626
,academy_3_vs_1_with_keeper,42,collect_rollout,4218,0,18,0.01792386476881802,False,False,0.0,0.0,0,0,0,0.0,0.0,0.0,0.0,0.01792386476881802,1,0.01792386476881802
,academy_3_vs_1_with_keeper,42,collect_rollout,4219,0,23,-0.019999999087303877,False,False,0.0,0.0,0,0,0,0.0,0.0,0.0,0.0,-0.019999999087303877,1,-0.019999999087303877
,academy_3_vs_1_with_keeper,42,collect_rollout,4220,0,10,0.019346891494933516,False,False,0.0,0.0,0,0,0,0.0,0.0,0.0,0.0,0.019346891494933516,1,0.019346891494933516
,academy_3_vs_1_with_keeper,42,collect_rollout,4221,0,17,-0.016666665906086564,False,False,0.0,0.0,0,0,0,0.0,0.0,0.0,0.0,-0.016666665906086564,1,-0.016666665906086564
,academy_3_vs_1_with_keeper,42,collect_rollout,4222,0,18,0.0,False,False,0.0,0.0,0,0,0,0.0,0.0,0.0,0.0,0.0,1,0.0
,academy_3_vs_1_with_keeper,42,collect_rollout,4223,0,25,0.1162062562070787,False,False,0.0,0.0,0,0,0,0.0,0.0,0.0,0.0,0.1162062562070787,1,0.1162062562070787
,academy_3_vs_1_with_keeper,42,collect_rollout,4224,0,20,-0.006666666362434626,False,False,0.0,0.0,0,0,0,0.0,0.0,0.0,0.0,-0.006666666362434626,1,-0.006666666362434626
,academy_3_vs_1_with_keeper,42,collect_rollout,4225,0,13,0.023426368599757552,False,False,0.0,0.0,0,0,0,0.0,0.0,0.0,0.0,0.023426368599757552,1,0.023426368599757552
,academy_3_vs_1_with_keeper,42,collect_rollout,4226,0,10,0.03850192844402045,False,False,0.0,0.0,0,0,0,0.0,0.0,0.0,0.0,0.03850192844402045,1,0.03850192844402045
,academy_3_vs_1_with_keeper,42,collect_rollout,4227,0,18,-0.003333333181217313,False,False,0.0,0.0,0,0,0,0.0,0.0,0.0,0.0,-0.003333333181217313,1,-0.003333333181217313
,academy_3_vs_1_with_keeper,42,collect_rollout,4228,0,31,2.1275225373774447,False,False,0.0,0.0,0,0,0,0.0,0.0,0.0,0.0,2.1275225373774447,1,2.1275225373774447
,academy_3_vs_1_with_keeper,42,collect_rollout,4229,0,20,-0.003333333181217313,False,False,0.0,0.0,0,0,0,0.0,0.0,0.0,0.0,-0.003333333181217313,1,-0.003333333181217313
,academy_3_vs_1_with_keeper,42,collect_rollout,4230,0,20,-0.013333332724869251,False,False,0.0,0.0,0,0,0,0.0,0.0,0.0,0.0,-0.013333332724869251,1,-0.013333332724869251
,academy_3_vs_1_with_keeper,42,collect_rollout,4231,0,17,0.0,False,False,0.0,0.0,0,0,0,0.0,0.0,0.0,0.0,0.0,1,0.0
,academy_3_vs_1_with_keeper,42,collect_rollout,4232,0,10,0.021468778839334846,False,False,0.0,0.0,0,0,0,0.0,0.0,0.0,0.0,0.021468778839334846,1,0.021468778839334846
,academy_3_vs_1_with_keeper,42,collect_rollout,4233,0,20,-0.009999999543651938,False,False,0.0,0.0,0,0,0,0.0,0.0,0.0,0.0,-0.009999999543651938,1,-0.009999999543651938
,academy_3_vs_1_with_keeper,42,collect_rollout,4234,0,20,-0.006666666362434626,False,False,0.0,0.0,0,0,0,0.0,0.0,0.0,0.0,-0.006666666362434626,1,-0.006666666362434626
,academy_3_vs_1_with_keeper,42,collect_rollout,4235,0,18,-0.003333333181217313,False,False,0.0,0.0,0,0,0,0.0,0.0,0.0,0.0,-0.003333333181217313,1,-0.003333333181217313
,academy_3_vs_1_with_keeper,42,collect_rollout,4236,0,16,-0.009999999543651938,False,False,0.0,0.0,0,0,0,0.0,0.0,0.0,0.0,-0.009999999543651938,1,-0.009999999543651938
,academy_3_vs_1_with_keeper,42,collect_rollout,4237,0,93,-0.14013596961740404,False,False,0.0,0.0,0,0,0,0.0,0.0,0.0,0.0,-0.14013596961740404,1,-0.14013596961740404
,academy_3_vs_1_with_keeper,42,collect_rollout,4238,0,43,-0.01462756670662202,False,False,0.0,0.0,0,0,0,0.0,0.0,0.0,0.0,-0.01462756670662202,1,-0.01462756670662202
,academy_3_vs_1_with_keeper,42,collect_rollout,4239,0,13,0.033809235639637336,False,False,0.0,0.0,0,0,0,0.0,0.0,0.0,0.0,0.033809235639637336,1,0.033809235639637336
,academy_3_vs_1_with_keeper,42,collect_rollout,4240,0,20,0.0,False,False,0.0,0.0,0,0,0,0.0,0.0,0.0,0.0,0.0,1,0.0
,academy_3_vs_1_with_keeper,42,collect_rollout,4241,0,23,0.0,False,False,0.0,0.0,0,0,0,0.0,0.0,0.0,0.0,0.0,1,0.0
,academy_3_vs_1_with_keeper,42,collect_rollout,4242,0,19,-0.006666666362434626,False,False,0.0,0.0,0,0,0,0.0,0.0,0.0,0.0,-0.006666666362434626,1,-0.006666666362434626
,academy_3_vs_1_with_keeper,42,collect_rollout,4243,0,17,-0.003333333181217313,False,False,0.0,0.0,0,0,0,0.0,0.0,0.0,0.0,-0.003333333181217313,1,-0.003333333181217313
,academy_3_vs_1_with_keeper,42,collect_rollout,4244,0,17,-0.003333333181217313,False,False,0.0,0.0,0,0,0,0.0,0.0,0.0,0.0,-0.003333333181217313,1,-0.003333333181217313
,academy_3_vs_1_with_keeper,42,collect_rollout,4245,0,68,-0.08217049506492913,False,False,0.0,0.0,0,0,0,0.0,0.0,0.0,0.0,-0.08217049506492913,1,-0.08217049506492913
,academy_3_vs_1_with_keeper,42,collect_rollout,4246,0,46,0.10241031553596258,False,False,0.0,0.0,0,0,0,0.0,0.0,0.0,0.0,0.10241031553596258,1,0.10241031553596258
,academy_3_vs_1_with_keeper,42,collect_rollout,4247,0,15,-0.003333333181217313,False,False,0.0,0.0,0,0,0,0.0,0.0,0.0,0.0,-0.003333333181217313,1,-0.003333333181217313
,academy_3_vs_1_with_keeper,42,collect_rollout,4248,0,19,-0.006666666362434626,False,False,0.0,0.0,0,0,0,0.0,0.0,0.0,0.0,-0.006666666362434626,1,-0.006666666362434626
,academy_3_vs_1_with_keeper,42,collect_rollout,4249,0,18,0.0,False,False,0.0,0.0,0,0,0,0.0,0.0,0.0,0.0,0.0,1,0.0
,academy_3_vs_1_with_keeper,42,collect_rollout,4250,0,23,-0.016666665906086564,False,False,0.0,0.0,0,0,0,0.0,0.0,0.0,0.0,-0.016666665906086564,1,-0.016666665906086564
,academy_3_vs_1_with_keeper,42,collect_rollout,4251,0,74,-0.024942665128037333,False,False,0.0,0.0,0,0,0,0.0,0.0,0.0,0.0,-0.024942665128037333,1,-0.024942665128037333
,academy_3_vs_1_with_keeper,42,collect_rollout,4252,0,10,0.02490992663661018,False,False,0.0,0.0,0,0,0,0.0,0.0,0.0,0.0,0.02490992663661018,1,0.02490992663661018
,academy_3_vs_1_with_keeper,42,collect_rollout,4253,0,22,0.0,False,False,0.0,0.0,0,0,0,0.0,0.0,0.0,0.0,0.0,1,0.0
,academy_3_vs_1_with_keeper,42,collect_rollout,4254,0,17,0.012383868219330907,False,False,0.0,0.0,0,0,0,0.0,0.0,0.0,0.0,0.012383868219330907,1,0.012383868219330907
,academy_3_vs_1_with_keeper,42,collect_rollout,4255,0,14,0.0,False,False,0.0,0.0,0,0,0,0.0,0.0,0.0,0.0,0.0,1,0.0
,academy_3_vs_1_with_keeper,42,collect_rollout,4256,0,18,-0.003333333181217313,False,False,0.0,0.0,0,0,0,0.0,0.0,0.0,0.0,-0.003333333181217313,1,-0.003333333181217313
,academy_3_vs_1_with_keeper,42,collect_rollout,4257,0,16,-0.003333333181217313,False,False,0.0,0.0,0,0,0,0.0,0.0,0.0,0.0,-0.003333333181217313,1,-0.003333333181217313
,academy_3_vs_1_with_keeper,42,collect_rollout,4258,0,19,-0.006666666362434626,False,False,0.0,0.0,0,0,0,0.0,0.0,0.0,0.0,-0.006666666362434626,1,-0.006666666362434626
,academy_3_vs_1_with_keeper,42,collect_rollout,4259,0,17,0.0,False,False,0.0,0.0,0,0,0,0.0,0.0,0.0,0.0,0.0,1,0.0
,academy_3_vs_1_with_keeper,42,collect_rollout,4260,0,43,0.08139521038538078,False,False,0.0,0.0,0,0,0,0.0,0.0,0.0,0.0,0.08139521038538078,1,0.08139521038538078
,academy_3_vs_1_with_keeper,42,collect_rollout,4261,0,19,0.0,False,False,0.0,0.0,0,0,0,0.0,0.0,0.0,0.0,0.0,1,0.0
,academy_3_vs_1_with_keeper,42,collect_rollout,4262,0,14,0.0,False,False,0.0,0.0,0,0,0,0.0,0.0,0.0,0.0,0.0,1,0.0
,academy_3_vs_1_with_keeper,42,collect_rollout,4263,0,10,0.034059123951010406,False,False,0.0,0.0,0,0,0,0.0,0.0,0.0,0.0,0.034059123951010406,1,0.034059123951010406
,academy_3_vs_1_with_keeper,42,collect_rollout,4264,0,19,-0.006666666362434626,False,False,0.0,0.0,0,0,0,0.0,0.0,0.0,0.0,-0.006666666362434626,1,-0.006666666362434626
,academy_3_vs_1_with_keeper,42,collect_rollout,4265,0,21,2.158146956935525,False,False,0.0,0.0,0,0,0,0.0,0.0,0.0,0.0,2.158146956935525,1,2.158146956935525
,academy_3_vs_1_with_keeper,42,collect_rollout,4266,0,22,-0.003333333181217313,False,False,0.0,0.0,0,0,0,0.0,0.0,0.0,0.0,-0.003333333181217313,1,-0.003333333181217313
,academy_3_vs_1_with_keeper,42,collect_rollout,4267,0,18,-0.006666666362434626,False,False,0.0,0.0,0,0,0,0.0,0.0,0.0,0.0,-0.006666666362434626,1,-0.006666666362434626
,academy_3_vs_1_with_keeper,42,collect_rollout,4268,0,20,0.0,False,False,0.0,0.0,0,0,0,0.0,0.0,0.0,0.0,0.0,1,0.0
,academy_3_vs_1_with_keeper,42,collect_rollout,4269,0,15,0.018826930201612413,False,False,0.0,0.0,0,0,0,0.0,0.0,0.0,0.0,0.018826930201612413,1,0.018826930201612413
,academy_3_vs_1_with_keeper,42,collect_rollout,4270,0,32,2.102412520122016,False,False,0.0,0.0,0,0,0,0.0,0.0,0.0,0.0,2.102412520122016,1,2.102412520122016
,academy_3_vs_1_with_keeper,42,collect_rollout,4271,0,12,0.03284248965792358,False,False,0.0,0.0,0,0,0,0.0,0.0,0.0,0.0,0.03284248965792358,1,0.03284248965792358
,academy_3_vs_1_with_keeper,42,collect_rollout,4272,0,52,0.10387630655895919,False,False,0.0,0.0,0,0,0,0.0,0.0,0.0,0.0,0.10387630655895919,1,0.10387630655895919
,academy_3_vs_1_with_keeper,42,collect_rollout,4273,0,18,-0.003333333181217313,False,False,0.0,0.0,0,0,0,0.0,0.0,0.0,0.0,-0.003333333181217313,1,-0.003333333181217313
,academy_3_vs_1_with_keeper,42,collect_rollout,4274,0,18,2.15006146626547,False,False,0.0,0.0,0,0,0,0.0,0.0,0.0,0.0,2.15006146626547,1,2.15006146626547
,academy_3_vs_1_with_keeper,42,collect_rollout,4275,0,20,-0.003333333181217313,False,False,0.0,0.0,0,0,0,0.0,0.0,0.0,0.0,-0.003333333181217313,1,-0.003333333181217313
,academy_3_vs_1_with_keeper,42,collect_rollout,4276,0,31,0.12766061606816947,False,False,0.0,0.0,0,0,0,0.0,0.0,0.0,0.0,0.12766061606816947,1,0.12766061606816947
,academy_3_vs_1_with_keeper,42,collect_rollout,4277,0,9,0.032519165659323335,False,False,0.0,0.0,0,0,0,0.0,0.0,0.0,0.0,0.032519165659323335,1,0.032519165659323335
,academy_3_vs_1_with_keeper,42,collect_rollout,4278,0,26,0.1331256810008199,False,False,0.0,0.0,0,0,0,0.0,0.0,0.0,0.0,0.1331256810008199,1,0.1331256810008199
,academy_3_vs_1_with_keeper,42,collect_rollout,4279,0,123,2.036650874215411,False,False,0.0,0.0,0,0,0,0.0,0.0,0.0,0.0,2.036650874215411,1,2.036650874215411
,academy_3_vs_1_with_keeper,42,collect_rollout,4280,0,40,0.11341915582306683,False,False,0.0,0.0,0,0,0,0.0,0.0,0.0,0.0,0.11341915582306683,1,0.11341915582306683
,academy_3_vs_1_with_keeper,42,collect_rollout,4281,0,28,0.11198652334860526,False,False,0.0,0.0,0,0,0,0.0,0.0,0.0,0.0,0.11198652334860526,1,0.11198652334860526
,academy_3_vs_1_with_keeper,42,collect_rollout,4282,0,21,-0.006666666362434626,False,False,0.0,0.0,0,0,0,0.0,0.0,0.0,0.0,-0.006666666362434626,1,-0.006666666362434626
,academy_3_vs_1_with_keeper,42,collect_rollout,4283,0,18,0.0,False,False,0.0,0.0,0,0,0,0.0,0.0,0.0,0.0,0.0,1,0.0
,academy_3_vs_1_with_keeper,42,collect_rollout,4284,0,54,-0.09773197665344924,False,False,0.0,0.0,0,0,0,0.0,0.0,0.0,0.0,-0.09773197665344924,1,-0.09773197665344924
,academy_3_vs_1_with_keeper,42,collect_rollout,4285,0,49,2.050937414809596,False,False,0.0,0.0,0,0,0,0.0,0.0,0.0,0.0,2.050937414809596,1,2.050937414809596
,academy_3_vs_1_with_keeper,42,collect_rollout,4286,0,23,-0.013333332724869251,False,False,0.0,0.0,0,0,0,0.0,0.0,0.0,0.0,-0.013333332724869251,1,-0.013333332724869251
,academy_3_vs_1_with_keeper,42,collect_rollout,4287,0,16,0.0,False,False,0.0,0.0,0,0,0,0.0,0.0,0.0,0.0,0.0,1,0.0
,academy_3_vs_1_with_keeper,42,collect_rollout,4288,0,73,-0.0045000206446275115,False,False,0.0,0.0,0,0,0,0.0,0.0,0.0,0.0,-0.0045000206446275115,1,-0.0045000206446275115
,academy_3_vs_1_with_keeper,42,collect_rollout,4289,0,28,2.1096024602884427,False,False,0.0,0.0,0,0,0,0.0,0.0,0.0,0.0,2.1096024602884427,1,2.1096024602884427
,academy_3_vs_1_with_keeper,42,collect_rollout,4290,0,19,0.0,False,False,0.0,0.0,0,0,0,0.0,0.0,0.0,0.0,0.0,1,0.0
,academy_3_vs_1_with_keeper,42,collect_rollout,4291,0,31,0.10294132470153272,False,False,0.0,0.0,0,0,0,0.0,0.0,0.0,0.0,0.10294132470153272,1,0.10294132470153272
,academy_3_vs_1_with_keeper,42,collect_rollout,4292,0,18,-0.003333333181217313,False,False,0.0,0.0,0,0,0,0.0,0.0,0.0,0.0,-0.003333333181217313,1,-0.003333333181217313
,academy_3_vs_1_with_keeper,42,collect_rollout,4293,0,18,0.0,False,False,0.0,0.0,0,0,0,0.0,0.0,0.0,0.0,0.0,1,0.0
,academy_3_vs_1_with_keeper,42,collect_rollout,4294,0,32,2.117468359763734,False,False,0.0,0.0,0,0,0,0.0,0.0,0.0,0.0,2.117468359763734,1,2.117468359763734
,academy_3_vs_1_with_keeper,42,collect_rollout,4295,0,27,2.14284141571261,False,False,0.0,0.0,0,0,0,0.0,0.0,0.0,0.0,2.14284141571261,1,2.14284141571261
,academy_3_vs_1_with_keeper,42,collect_rollout,4296,0,22,-0.009999999543651938,False,False,0.0,0.0,0,0,0,0.0,0.0,0.0,0.0,-0.009999999543651938,1,-0.009999999543651938
,academy_3_vs_1_with_keeper,42,collect_rollout,4297,0,39,2.1264002334792167,False,False,0.0,0.0,0,0,0,0.0,0.0,0.0,0.0,2.1264002334792167,1,2.1264002334792167
,academy_3_vs_1_with_keeper,42,collect_rollout,4298,0,160,-0.019999999087303877,False,False,0.0,0.0,0,0,0,0.0,0.0,0.0,0.0,-0.019999999087303877,1,-0.019999999087303877
,academy_3_vs_1_with_keeper,42,collect_rollout,4299,0,49,0.08299929474014789,False,False,0.0,0.0,0,0,0,0.0,0.0,0.0,0.0,0.08299929474014789,1,0.08299929474014789
,academy_3_vs_1_with_keeper,42,collect_rollout,4300,0,19,-0.019999999087303877,False,False,0.0,0.0,0,0,0,0.0,0.0,0.0,0.0,-0.019999999087303877,1,-0.019999999087303877
,academy_3_vs_1_with_keeper,42,collect_rollout,4301,0,9,0.042510477476753294,False,False,0.0,0.0,0,0,0,0.0,0.0,0.0,0.0,0.042510477476753294,1,0.042510477476753294
,academy_3_vs_1_with_keeper,42,collect_rollout,4302,0,11,0.027927669929340482,False,False,0.0,0.0,0,0,0,0.0,0.0,0.0,0.0,0.027927669929340482,1,0.027927669929340482
,academy_3_vs_1_with_keeper,42,collect_rollout,4303,0,15,-0.003333333181217313,False,False,0.0,0.0,0,0,0,0.0,0.0,0.0,0.0,-0.003333333181217313,1,-0.003333333181217313
,academy_3_vs_1_with_keeper,42,collect_rollout,4304,0,20,-0.003333333181217313,False,False,0.0,0.0,0,0,0,0.0,0.0,0.0,0.0,-0.003333333181217313,1,-0.003333333181217313
,academy_3_vs_1_with_keeper,42,collect_rollout,4305,0,19,-0.003333333181217313,False,False,0.0,0.0,0,0,0,0.0,0.0,0.0,0.0,-0.003333333181217313,1,-0.003333333181217313
,academy_3_vs_1_with_keeper,42,collect_rollout,4306,0,16,-0.009999999543651938,False,False,0.0,0.0,0,0,0,0.0,0.0,0.0,0.0,-0.009999999543651938,1,-0.009999999543651938
,academy_3_vs_1_with_keeper,42,collect_rollout,4307,0,32,0.10768966982141137,False,False,0.0,0.0,0,0,0,0.0,0.0,0.0,0.0,0.10768966982141137,1,0.10768966982141137
,academy_3_vs_1_with_keeper,42,collect_rollout,4308,0,22,-0.006666666362434626,False,False,0.0,0.0,0,0,0,0.0,0.0,0.0,0.0,-0.006666666362434626,1,-0.006666666362434626
,academy_3_vs_1_with_keeper,42,collect_rollout,4309,0,15,0.009358569281175733,False,False,0.0,0.0,0,0,0,0.0,0.0,0.0,0.0,0.009358569281175733,1,0.009358569281175733
,academy_3_vs_1_with_keeper,42,collect_rollout,4310,0,20,-0.006666666362434626,False,False,0.0,0.0,0,0,0,0.0,0.0,0.0,0.0,-0.006666666362434626,1,-0.006666666362434626
,academy_3_vs_1_with_keeper,42,collect_rollout,4311,0,32,2.1282005629036576,False,False,0.0,0.0,0,0,0,0.0,0.0,0.0,0.0,2.1282005629036576,1,2.1282005629036576
,academy_3_vs_1_with_keeper,42,collect_rollout,4312,0,15,0.00785757799167186,False,False,0.0,0.0,0,0,0,0.0,0.0,0.0,0.0,0.00785757799167186,1,0.00785757799167186
,academy_3_vs_1_with_keeper,42,collect_rollout,4313,0,26,2.1435742551693693,False,False,0.0,0.0,0,0,0,0.0,0.0,0.0,0.0,2.1435742551693693,1,2.1435742551693693
,academy_3_vs_1_with_keeper,42,collect_rollout,4314,0,32,2.1321570791769773,False,False,0.0,0.0,0,0,0,0.0,0.0,0.0,0.0,2.1321570791769773,1,2.1321570791769773
,academy_3_vs_1_with_keeper,42,collect_rollout,4315,0,13,0.034556676051579416,False,False,0.0,0.0,0,0,0,0.0,0.0,0.0,0.0,0.034556676051579416,1,0.034556676051579416
,academy_3_vs_1_with_keeper,42,collect_rollout,4316,0,12,0.015285395085811615,False,False,0.0,0.0,0,0,0,0.0,0.0,0.0,0.0,0.015285395085811615,1,0.015285395085811615
,academy_3_vs_1_with_keeper,42,collect_rollout,4317,0,21,-0.009999999543651938,False,False,0.0,0.0,0,0,0,0.0,0.0,0.0,0.0,-0.009999999543651938,1,-0.009999999543651938
,academy_3_vs_1_with_keeper,42,collect_rollout,4318,0,39,2.0661750393919647,False,False,0.0,0.0,0,0,0,0.0,0.0,0.0,0.0,2.0661750393919647,1,2.0661750393919647
,academy_3_vs_1_with_keeper,42,collect_rollout,4319,0,41,0.1322502119001001,False,False,0.0,0.0,0,0,0,0.0,0.0,0.0,0.0,0.1322502119001001,1,0.1322502119001001
,academy_3_vs_1_with_keeper,42,collect_rollout,4320,0,17,-0.009999999543651938,False,False,0.0,0.0,0,0,0,0.0,0.0,0.0,0.0,-0.009999999543651938,1,-0.009999999543651938
,academy_3_vs_1_with_keeper,42,collect_rollout,4321,0,22,0.0,False,False,0.0,0.0,0,0,0,0.0,0.0,0.0,0.0,0.0,1,0.0
,academy_3_vs_1_with_keeper,42,collect_rollout,4322,0,19,-0.003333333181217313,False,False,0.0,0.0,0,0,0,0.0,0.0,0.0,0.0,-0.003333333181217313,1,-0.003333333181217313
,academy_3_vs_1_with_keeper,42,collect_rollout,4323,0,31,0.06530685001052916,False,False,0.0,0.0,0,0,0,0.0,0.0,0.0,0.0,0.06530685001052916,1,0.06530685001052916
,academy_3_vs_1_with_keeper,42,collect_rollout,4324,0,11,0.03875518892891705,False,False,0.0,0.0,0,0,0,0.0,0.0,0.0,0.0,0.03875518892891705,1,0.03875518892891705
,academy_3_vs_1_with_keeper,42,collect_rollout,4325,0,18,-0.009999999543651938,False,False,0.0,0.0,0,0,0,0.0,0.0,0.0,0.0,-0.009999999543651938,1,-0.009999999543651938
,academy_3_vs_1_with_keeper,42,collect_rollout,4326,0,20,-0.006666666362434626,False,False,0.0,0.0,0,0,0,0.0,0.0,0.0,0.0,-0.006666666362434626,1,-0.006666666362434626
,academy_3_vs_1_with_keeper,42,collect_rollout,4327,0,31,2.126593556604348,False,False,0.0,0.0,0,0,0,0.0,0.0,0.0,0.0,2.126593556604348,1,2.126593556604348
,academy_3_vs_1_with_keeper,42,collect_rollout,4328,0,19,-0.006666666362434626,False,False,0.0,0.0,0,0,0,0.0,0.0,0.0,0.0,-0.006666666362434626,1,-0.006666666362434626
,academy_3_vs_1_with_keeper,42,collect_rollout,4329,0,14,0.02125871099997312,False,False,0.0,0.0,0,0,0,0.0,0.0,0.0,0.0,0.02125871099997312,1,0.02125871099997312
,academy_3_vs_1_with_keeper,42,collect_rollout,4330,0,10,0.03377082711085677,False,False,0.0,0.0,0,0,0,0.0,0.0,0.0,0.0,0.03377082711085677,1,0.03377082711085677
,academy_3_vs_1_with_keeper,42,collect_rollout,4331,0,19,-0.003333333181217313,False,False,0.0,0.0,0,0,0,0.0,0.0,0.0,0.0,-0.003333333181217313,1,-0.003333333181217313
,academy_3_vs_1_with_keeper,42,collect_rollout,4332,0,18,-0.003333333181217313,False,False,0.0,0.0,0,0,0,0.0,0.0,0.0,0.0,-0.003333333181217313,1,-0.003333333181217313
,academy_3_vs_1_with_keeper,42,collect_rollout,4333,0,18,-0.003333333181217313,False,False,0.0,0.0,0,0,0,0.0,0.0,0.0,0.0,-0.003333333181217313,1,-0.003333333181217313
,academy_3_vs_1_with_keeper,42,collect_rollout,4334,0,22,-0.013333332724869251,False,False,0.0,0.0,0,0,0,0.0,0.0,0.0,0.0,-0.013333332724869251,1,-0.013333332724869251
,academy_3_vs_1_with_keeper,42,collect_rollout,4335,0,18,0.0,False,False,0.0,0.0,0,0,0,0.0,0.0,0.0,0.0,0.0,1,0.0
,academy_3_vs_1_with_keeper,42,collect_rollout,4336,0,18,0.0,False,False,0.0,0.0,0,0,0,0.0,0.0,0.0,0.0,0.0,1,0.0
,academy_3_vs_1_with_keeper,42,collect_rollout,4337,0,18,0.0,False,False,0.0,0.0,0,0,0,0.0,0.0,0.0,0.0,0.0,1,0.0
,academy_3_vs_1_with_keeper,42,collect_rollout,4338,0,19,0.0,False,False,0.0,0.0,0,0,0,0.0,0.0,0.0,0.0,0.0,1,0.0
,academy_3_vs_1_with_keeper,42,collect_rollout,4339,0,17,0.0,False,False,0.0,0.0,0,0,0,0.0,0.0,0.0,0.0,0.0,1,0.0
,academy_3_vs_1_with_keeper,42,collect_rollout,4340,0,22,-0.003333333181217313,False,False,0.0,0.0,0,0,0,0.0,0.0,0.0,0.0,-0.003333333181217313,1,-0.003333333181217313
,academy_3_vs_1_with_keeper,42,collect_rollout,4341,0,11,0.033873478532768786,False,False,0.0,0.0,0,0,0,0.0,0.0,0.0,0.0,0.033873478532768786,1,0.033873478532768786
,academy_3_vs_1_with_keeper,42,collect_rollout,4342,0,25,0.09103950927965343,False,False,0.0,0.0,0,0,0,0.0,0.0,0.0,0.0,0.09103950927965343,1,0.09103950927965343
,academy_3_vs_1_with_keeper,42,collect_rollout,4343,0,26,0.10863532638177276,False,False,0.0,0.0,0,0,0,0.0,0.0,0.0,0.0,0.10863532638177276,1,0.10863532638177276
,academy_3_vs_1_with_keeper,42,collect_rollout,4344,0,14,-0.003333333181217313,False,False,0.0,0.0,0,0,0,0.0,0.0,0.0,0.0,-0.003333333181217313,1,-0.003333333181217313
,academy_3_vs_1_with_keeper,42,collect_rollout,4345,0,19,-0.006666666362434626,False,False,0.0,0.0,0,0,0,0.0,0.0,0.0,0.0,-0.006666666362434626,1,-0.006666666362434626
,academy_3_vs_1_with_keeper,42,collect_rollout,4346,0,18,-0.003333333181217313,False,False,0.0,0.0,0,0,0,0.0,0.0,0.0,0.0,-0.003333333181217313,1,-0.003333333181217313
,academy_3_vs_1_with_keeper,42,collect_rollout,4347,0,18,-0.006666666362434626,False,False,0.0,0.0,0,0,0,0.0,0.0,0.0,0.0,-0.006666666362434626,1,-0.006666666362434626
,academy_3_vs_1_with_keeper,42,collect_rollout,4348,0,18,-0.003333333181217313,False,False,0.0,0.0,0,0,0,0.0,0.0,0.0,0.0,-0.003333333181217313,1,-0.003333333181217313
,academy_3_vs_1_with_keeper,42,collect_rollout,4349,0,41,0.0834345608309377,False,False,0.0,0.0,0,0,0,0.0,0.0,0.0,0.0,0.0834345608309377,1,0.0834345608309377
,academy_3_vs_1_with_keeper,42,collect_rollout,4350,0,26,2.1299789239419624,False,False,0.0,0.0,0,0,0,0.0,0.0,0.0,0.0,2.1299789239419624,1,2.1299789239419624
,academy_3_vs_1_with_keeper,42,collect_rollout,4351,0,103,0.09030489274300635,False,False,0.0,0.0,0,0,0,0.0,0.0,0.0,0.0,0.09030489274300635,1,0.09030489274300635
,academy_3_vs_1_with_keeper,42,collect_rollout,4352,0,19,-0.003333333181217313,False,False,0.0,0.0,0,0,0,0.0,0.0,0.0,0.0,-0.003333333181217313,1,-0.003333333181217313
,academy_3_vs_1_with_keeper,42,collect_rollout,4353,0,32,2.1132938049559016,False,False,0.0,0.0,0,0,0,0.0,0.0,0.0,0.0,2.1132938049559016,1,2.1132938049559016
,academy_3_vs_1_with_keeper,42,collect_rollout,4354,0,20,-0.006666666362434626,False,False,0.0,0.0,0,0,0,0.0,0.0,0.0,0.0,-0.006666666362434626,1,-0.006666666362434626
,academy_3_vs_1_with_keeper,42,collect_rollout,4355,0,50,0.11226840876042843,False,False,0.0,0.0,0,0,0,0.0,0.0,0.0,0.0,0.11226840876042843,1,0.11226840876042843
,academy_3_vs_1_with_keeper,42,collect_rollout,4356,0,11,0.026621970580890775,False,False,0.0,0.0,0,0,0,0.0,0.0,0.0,0.0,0.026621970580890775,1,0.026621970580890775
,academy_3_vs_1_with_keeper,42,collect_rollout,4357,0,65,0.04688952074502595,False,False,0.0,0.0,0,0,0,0.0,0.0,0.0,0.0,0.04688952074502595,1,0.04688952074502595
,academy_3_vs_1_with_keeper,42,collect_rollout,4358,0,16,0.0,False,False,0.0,0.0,0,0,0,0.0,0.0,0.0,0.0,0.0,1,0.0
,academy_3_vs_1_with_keeper,42,collect_rollout,4359,0,24,-0.006666666362434626,False,False,0.0,0.0,0,0,0,0.0,0.0,0.0,0.0,-0.006666666362434626,1,-0.006666666362434626
,academy_3_vs_1_with_keeper,42,collect_rollout,4360,0,28,0.10379065619781613,False,False,0.0,0.0,0,0,0,0.0,0.0,0.0,0.0,0.10379065619781613,1,0.10379065619781613
,academy_3_vs_1_with_keeper,42,collect_rollout,4361,0,17,0.0,False,False,0.0,0.0,0,0,0,0.0,0.0,0.0,0.0,0.0,1,0.0
,academy_3_vs_1_with_keeper,42,collect_rollout,4362,0,23,0.0,False,False,0.0,0.0,0,0,0,0.0,0.0,0.0,0.0,0.0,1,0.0
,academy_3_vs_1_with_keeper,42,collect_rollout,4363,0,17,-0.003333333181217313,False,False,0.0,0.0,0,0,0,0.0,0.0,0.0,0.0,-0.003333333181217313,1,-0.003333333181217313
,academy_3_vs_1_with_keeper,42,collect_rollout,4364,0,48,0.08187718905537622,False,False,0.0,0.0,0,0,0,0.0,0.0,0.0,0.0,0.08187718905537622,1,0.08187718905537622
,academy_3_vs_1_with_keeper,42,collect_rollout,4365,0,14,-0.003333333181217313,False,False,0.0,0.0,0,0,0,0.0,0.0,0.0,0.0,-0.003333333181217313,1,-0.003333333181217313
,academy_3_vs_1_with_keeper,42,collect_rollout,4366,0,25,2.133066246198723,False,False,0.0,0.0,0,0,0,0.0,0.0,0.0,0.0,2.133066246198723,1,2.133066246198723
,academy_3_vs_1_with_keeper,42,collect_rollout,4367,0,16,-0.006666666362434626,False,False,0.0,0.0,0,0,0,0.0,0.0,0.0,0.0,-0.006666666362434626,1,-0.006666666362434626
,academy_3_vs_1_with_keeper,42,collect_rollout,4368,0,15,-0.003333333181217313,False,False,0.0,0.0,0,0,0,0.0,0.0,0.0,0.0,-0.003333333181217313,1,-0.003333333181217313
,academy_3_vs_1_with_keeper,42,collect_rollout,4369,0,82,0.13050835122703575,False,False,0.0,0.0,0,0,0,0.0,0.0,0.0,0.0,0.13050835122703575,1,0.13050835122703575
,academy_3_vs_1_with_keeper,42,collect_rollout,4370,0,21,0.0,False,False,0.0,0.0,0,0,0,0.0,0.0,0.0,0.0,0.0,1,0.0
,academy_3_vs_1_with_keeper,42,collect_rollout,4371,0,18,0.0,False,False,0.0,0.0,0,0,0,0.0,0.0,0.0,0.0,0.0,1,0.0
,academy_3_vs_1_with_keeper,42,collect_rollout,4372,0,18,0.0,False,False,0.0,0.0,0,0,0,0.0,0.0,0.0,0.0,0.0,1,0.0
,academy_3_vs_1_with_keeper,42,collect_rollout,4373,0,23,2.135991942952387,False,False,0.0,0.0,0,0,0,0.0,0.0,0.0,0.0,2.135991942952387,1,2.135991942952387
,academy_3_vs_1_with_keeper,42,collect_rollout,4374,0,10,0.042675115750171244,False,False,0.0,0.0,0,0,0,0.0,0.0,0.0,0.0,0.042675115750171244,1,0.042675115750171244
,academy_3_vs_1_with_keeper,42,collect_rollout,4375,0,38,0.021156951270995705,False,False,0.0,0.0,0,0,0,0.0,0.0,0.0,0.0,0.021156951270995705,1,0.021156951270995705
,academy_3_vs_1_with_keeper,42,collect_rollout,4376,0,78,0.0053899837148492225,False,False,0.0,0.0,0,0,0,0.0,0.0,0.0,0.0,0.0053899837148492225,1,0.0053899837148492225
,academy_3_vs_1_with_keeper,42,collect_rollout,4377,0,9,0.04014826472848654,False,False,0.0,0.0,0,0,0,0.0,0.0,0.0,0.0,0.04014826472848654,1,0.04014826472848654
,academy_3_vs_1_with_keeper,42,collect_rollout,4378,0,15,0.0,False,False,0.0,0.0,0,0,0,0.0,0.0,0.0,0.0,0.0,1,0.0
,academy_3_vs_1_with_keeper,42,collect_rollout,4379,0,11,0.028563326108269393,False,False,0.0,0.0,0,0,0,0.0,0.0,0.0,0.0,0.028563326108269393,1,0.028563326108269393
,academy_3_vs_1_with_keeper,42,collect_rollout,4380,0,44,0.2931601540185511,False,False,0.0,0.0,0,0,0,0.0,0.0,0.0,0.0,0.2931601540185511,1,0.2931601540185511
,academy_3_vs_1_with_keeper,42,collect_rollout,4381,0,19,-0.016666665906086564,False,False,0.0,0.0,0,0,0,0.0,0.0,0.0,0.0,-0.016666665906086564,1,-0.016666665906086564
,academy_3_vs_1_with_keeper,42,collect_rollout,4382,0,17,-0.003333333181217313,False,False,0.0,0.0,0,0,0,0.0,0.0,0.0,0.0,-0.003333333181217313,1,-0.003333333181217313
,academy_3_vs_1_with_keeper,42,collect_rollout,4383,0,10,0.022048659739084542,False,False,0.0,0.0,0,0,0,0.0,0.0,0.0,0.0,0.022048659739084542,1,0.022048659739084542
,academy_3_vs_1_with_keeper,42,collect_rollout,4384,0,9,0.028974619461223483,False,False,0.0,0.0,0,0,0,0.0,0.0,0.0,0.0,0.028974619461223483,1,0.028974619461223483
,academy_3_vs_1_with_keeper,42,collect_rollout,4385,0,9,0.03612148039974272,False,False,0.0,0.0,0,0,0,0.0,0.0,0.0,0.0,0.03612148039974272,1,0.03612148039974272
,academy_3_vs_1_with_keeper,42,collect_rollout,4386,0,16,-0.006666666362434626,False,False,0.0,0.0,0,0,0,0.0,0.0,0.0,0.0,-0.006666666362434626,1,-0.006666666362434626
,academy_3_vs_1_with_keeper,42,collect_rollout,4387,0,15,-0.003333333181217313,False,False,0.0,0.0,0,0,0,0.0,0.0,0.0,0.0,-0.003333333181217313,1,-0.003333333181217313
,academy_3_vs_1_with_keeper,42,collect_rollout,4388,0,16,0.0,False,False,0.0,0.0,0,0,0,0.0,0.0,0.0,0.0,0.0,1,0.0
,academy_3_vs_1_with_keeper,42,collect_rollout,4389,0,9,0.019121288205496967,False,False,0.0,0.0,0,0,0,0.0,0.0,0.0,0.0,0.019121288205496967,1,0.019121288205496967
,academy_3_vs_1_with_keeper,42,collect_rollout,4390,0,20,-0.006666666362434626,False,False,0.0,0.0,0,0,0,0.0,0.0,0.0,0.0,-0.006666666362434626,1,-0.006666666362434626
,academy_3_vs_1_with_keeper,42,collect_rollout,4391,0,13,0.038359235622920096,False,False,0.0,0.0,0,0,0,0.0,0.0,0.0,0.0,0.038359235622920096,1,0.038359235622920096
,academy_3_vs_1_with_keeper,42,collect_rollout,4392,0,87,0.06440636236220598,False,False,0.0,0.0,0,0,0,0.0,0.0,0.0,0.0,0.06440636236220598,1,0.06440636236220598
,academy_3_vs_1_with_keeper,42,collect_rollout,4393,0,33,0.05799966095946729,False,False,0.0,0.0,0,0,0,0.0,0.0,0.0,0.0,0.05799966095946729,1,0.05799966095946729
,academy_3_vs_1_with_keeper,42,collect_rollout,4394,0,56,-0.030333028378663585,False,False,0.0,0.0,0,0,0,0.0,0.0,0.0,0.0,-0.030333028378663585,1,-0.030333028378663585
,academy_3_vs_1_with_keeper,42,collect_rollout,4395,0,16,0.0,False,False,0.0,0.0,0,0,0,0.0,0.0,0.0,0.0,0.0,1,0.0
,academy_3_vs_1_with_keeper,42,collect_rollout,4396,0,23,-0.003333333181217313,False,False,0.0,0.0,0,0,0,0.0,0.0,0.0,0.0,-0.003333333181217313,1,-0.003333333181217313
,academy_3_vs_1_with_keeper,42,collect_rollout,4397,0,17,0.014299023896455765,False,False,0.0,0.0,0,0,0,0.0,0.0,0.0,0.0,0.014299023896455765,1,0.014299023896455765
,academy_3_vs_1_with_keeper,42,collect_rollout,4398,0,94,0.08418181366869248,False,False,0.0,0.0,0,0,0,0.0,0.0,0.0,0.0,0.08418181366869248,1,0.08418181366869248
,academy_3_vs_1_with_keeper,42,collect_rollout,4399,0,20,0.0,False,False,0.0,0.0,0,0,0,0.0,0.0,0.0,0.0,0.0,1,0.0
,academy_3_vs_1_with_keeper,42,collect_rollout,4400,0,12,0.025106345885433257,False,False,0.0,0.0,0,0,0,0.0,0.0,0.0,0.0,0.025106345885433257,1,0.025106345885433257
,academy_3_vs_1_with_keeper,42,collect_rollout,4401,0,20,-0.013333332724869251,False,False,0.0,0.0,0,0,0,0.0,0.0,0.0,0.0,-0.013333332724869251,1,-0.013333332724869251
,academy_3_vs_1_with_keeper,42,collect_rollout,4402,0,18,0.0,False,False,0.0,0.0,0,0,0,0.0,0.0,0.0,0.0,0.0,1,0.0
,academy_3_vs_1_with_keeper,42,collect_rollout,4403,0,13,0.02859886782243848,False,False,0.0,0.0,0,0,0,0.0,0.0,0.0,0.0,0.02859886782243848,1,0.02859886782243848
,academy_3_vs_1_with_keeper,42,collect_rollout,4404,0,43,0.03448541765101254,False,False,0.0,0.0,0,0,0,0.0,0.0,0.0,0.0,0.03448541765101254,1,0.03448541765101254
,academy_3_vs_1_with_keeper,42,collect_rollout,4405,0,16,0.0,False,False,0.0,0.0,0,0,0,0.0,0.0,0.0,0.0,0.0,1,0.0
,academy_3_vs_1_with_keeper,42,collect_rollout,4406,0,9,0.03739424585364759,False,False,0.0,0.0,0,0,0,0.0,0.0,0.0,0.0,0.03739424585364759,1,0.03739424585364759
,academy_3_vs_1_with_keeper,42,collect_rollout,4407,0,22,-0.009999999543651938,False,False,0.0,0.0,0,0,0,0.0,0.0,0.0,0.0,-0.009999999543651938,1,-0.009999999543651938
,academy_3_vs_1_with_keeper,42,collect_rollout,4408,0,106,0.24031416594516486,False,False,0.0,0.0,0,0,0,0.0,0.0,0.0,0.0,0.24031416594516486,1,0.24031416594516486
,academy_3_vs_1_with_keeper,42,collect_rollout,4409,0,16,-0.003333333181217313,False,False,0.0,0.0,0,0,0,0.0,0.0,0.0,0.0,-0.003333333181217313,1,-0.003333333181217313
,academy_3_vs_1_with_keeper,42,collect_rollout,4410,0,21,-0.003333333181217313,False,False,0.0,0.0,0,0,0,0.0,0.0,0.0,0.0,-0.003333333181217313,1,-0.003333333181217313
,academy_3_vs_1_with_keeper,42,collect_rollout,4411,0,36,0.03789203494670801,False,False,0.0,0.0,0,0,0,0.0,0.0,0.0,0.0,0.03789203494670801,1,0.03789203494670801
,academy_3_vs_1_with_keeper,42,collect_rollout,4412,0,804,0.08666886475111824,False,False,0.0,0.0,0,0,0,0.0,0.0,0.0,0.0,0.08666886475111824,1,0.08666886475111824
,academy_3_vs_1_with_keeper,42,collect_rollout,4413,0,90,0.12492448335979134,False,False,0.0,0.0,0,0,0,0.0,0.0,0.0,0.0,0.12492448335979134,1,0.12492448335979134
,academy_3_vs_1_with_keeper,42,collect_rollout,4414,0,38,2.0877278754487634,False,False,0.0,0.0,0,0,0,0.0,0.0,0.0,0.0,2.0877278754487634,1,2.0877278754487634
,academy_3_vs_1_with_keeper,42,collect_rollout,4415,0,18,-0.006666666362434626,False,False,0.0,0.0,0,0,0,0.0,0.0,0.0,0.0,-0.006666666362434626,1,-0.006666666362434626
,academy_3_vs_1_with_keeper,42,collect_rollout,4416,0,29,0.113839397294214,False,False,0.0,0.0,0,0,0,0.0,0.0,0.0,0.0,0.113839397294214,1,0.113839397294214
,academy_3_vs_1_with_keeper,42,collect_rollout,4417,0,15,0.0,False,False,0.0,0.0,0,0,0,0.0,0.0,0.0,0.0,0.0,1,0.0
,academy_3_vs_1_with_keeper,42,collect_rollout,4418,0,20,-0.003333333181217313,False,False,0.0,0.0,0,0,0,0.0,0.0,0.0,0.0,-0.003333333181217313,1,-0.003333333181217313
,academy_3_vs_1_with_keeper,42,collect_rollout,4419,0,13,0.011142093688249588,False,False,0.0,0.0,0,0,0,0.0,0.0,0.0,0.0,0.011142093688249588,1,0.011142093688249588
,academy_3_vs_1_with_keeper,42,collect_rollout,4420,0,39,2.1272604130208492,False,False,0.0,0.0,0,0,0,0.0,0.0,0.0,0.0,2.1272604130208492,1,2.1272604130208492
,academy_3_vs_1_with_keeper,42,collect_rollout,4421,0,31,0.0850838131736964,False,False,0.0,0.0,0,0,0,0.0,0.0,0.0,0.0,0.0850838131736964,1,0.0850838131736964
,academy_3_vs_1_with_keeper,42,collect_rollout,4422,0,21,0.1118821011041291,False,False,0.0,0.0,0,0,0,0.0,0.0,0.0,0.0,0.1118821011041291,1,0.1118821011041291
,academy_3_vs_1_with_keeper,42,collect_rollout,4423,0,87,0.07819235092028975,False,False,0.0,0.0,0,0,0,0.0,0.0,0.0,0.0,0.07819235092028975,1,0.07819235092028975
,academy_3_vs_1_with_keeper,42,collect_rollout,4424,0,18,0.010675820289179683,False,False,0.0,0.0,0,0,0,0.0,0.0,0.0,0.0,0.010675820289179683,1,0.010675820289179683
,academy_3_vs_1_with_keeper,42,collect_rollout,4425,0,17,-0.003333333181217313,False,False,0.0,0.0,0,0,0,0.0,0.0,0.0,0.0,-0.003333333181217313,1,-0.003333333181217313
,academy_3_vs_1_with_keeper,42,collect_rollout,4426,0,22,-0.003333333181217313,False,False,0.0,0.0,0,0,0,0.0,0.0,0.0,0.0,-0.003333333181217313,1,-0.003333333181217313
,academy_3_vs_1_with_keeper,42,collect_rollout,4427,0,32,0.13147323299199343,False,False,0.0,0.0,0,0,0,0.0,0.0,0.0,0.0,0.13147323299199343,1,0.13147323299199343
,academy_3_vs_1_with_keeper,42,collect_rollout,4428,0,21,-0.006666666362434626,False,False,0.0,0.0,0,0,0,0.0,0.0,0.0,0.0,-0.006666666362434626,1,-0.006666666362434626
,academy_3_vs_1_with_keeper,42,collect_rollout,4429,0,53,2.077795156277716,False,False,0.0,0.0,0,0,0,0.0,0.0,0.0,0.0,2.077795156277716,1,2.077795156277716
,academy_3_vs_1_with_keeper,42,collect_rollout,4430,0,33,2.1241339908447117,False,False,0.0,0.0,0,0,0,0.0,0.0,0.0,0.0,2.1241339908447117,1,2.1241339908447117
,academy_3_vs_1_with_keeper,42,collect_rollout,4431,0,22,-0.006666666362434626,False,False,0.0,0.0,0,0,0,0.0,0.0,0.0,0.0,-0.006666666362434626,1,-0.006666666362434626
,academy_3_vs_1_with_keeper,42,collect_rollout,4432,0,19,-0.016666666138917208,False,False,0.0,0.0,0,0,0,0.0,0.0,0.0,0.0,-0.016666666138917208,1,-0.016666666138917208
,academy_3_vs_1_with_keeper,42,collect_rollout,4433,0,20,0.0,False,False,0.0,0.0,0,0,0,0.0,0.0,0.0,0.0,0.0,1,0.0
,academy_3_vs_1_with_keeper,42,collect_rollout,4434,0,31,2.1347894209466176,False,False,0.0,0.0,0,0,0,0.0,0.0,0.0,0.0,2.1347894209466176,1,2.1347894209466176
,academy_3_vs_1_with_keeper,42,collect_rollout,4435,0,9,0.02538008475676179,False,False,0.0,0.0,0,0,0,0.0,0.0,0.0,0.0,0.02538008475676179,1,0.02538008475676179
,academy_3_vs_1_with_keeper,42,collect_rollout,4436,0,13,0.006382675317581743,False,False,0.0,0.0,0,0,0,0.0,0.0,0.0,0.0,0.006382675317581743,1,0.006382675317581743
,academy_3_vs_1_with_keeper,42,collect_rollout,4437,0,22,-0.013333332724869251,False,False,0.0,0.0,0,0,0,0.0,0.0,0.0,0.0,-0.013333332724869251,1,-0.013333332724869251
,academy_3_vs_1_with_keeper,42,collect_rollout,4438,0,20,-0.003333333181217313,False,False,0.0,0.0,0,0,0,0.0,0.0,0.0,0.0,-0.003333333181217313,1,-0.003333333181217313
,academy_3_vs_1_with_keeper,42,collect_rollout,4439,0,18,-0.009999999543651938,False,False,0.0,0.0,0,0,0,0.0,0.0,0.0,0.0,-0.009999999543651938,1,-0.009999999543651938
,academy_3_vs_1_with_keeper,42,collect_rollout,4440,0,15,0.0,False,False,0.0,0.0,0,0,0,0.0,0.0,0.0,0.0,0.0,1,0.0
,academy_3_vs_1_with_keeper,42,collect_rollout,4441,0,17,-0.009999999543651938,False,False,0.0,0.0,0,0,0,0.0,0.0,0.0,0.0,-0.009999999543651938,1,-0.009999999543651938
,academy_3_vs_1_with_keeper,42,collect_rollout,4442,0,13,0.026482336746994406,False,False,0.0,0.0,0,0,0,0.0,0.0,0.0,0.0,0.026482336746994406,1,0.026482336746994406
,academy_3_vs_1_with_keeper,42,collect_rollout,4443,0,9,0.018828472588211298,False,False,0.0,0.0,0,0,0,0.0,0.0,0.0,0.0,0.018828472588211298,1,0.018828472588211298
,academy_3_vs_1_with_keeper,42,collect_rollout,4444,0,15,-0.003333333181217313,False,False,0.0,0.0,0,0,0,0.0,0.0,0.0,0.0,-0.003333333181217313,1,-0.003333333181217313
,academy_3_vs_1_with_keeper,42,collect_rollout,4445,0,15,-0.003333333181217313,False,False,0.0,0.0,0,0,0,0.0,0.0,0.0,0.0,-0.003333333181217313,1,-0.003333333181217313
,academy_3_vs_1_with_keeper,42,collect_rollout,4446,0,19,0.0,False,False,0.0,0.0,0,0,0,0.0,0.0,0.0,0.0,0.0,1,0.0
,academy_3_vs_1_with_keeper,42,collect_rollout,4447,0,18,-0.003333333181217313,False,False,0.0,0.0,0,0,0,0.0,0.0,0.0,0.0,-0.003333333181217313,1,-0.003333333181217313
,academy_3_vs_1_with_keeper,42,collect_rollout,4448,0,31,2.135783745558001,False,False,0.0,0.0,0,0,0,0.0,0.0,0.0,0.0,2.135783745558001,1,2.135783745558001
,academy_3_vs_1_with_keeper,42,collect_rollout,4449,0,54,0.05658295762259513,False,False,0.0,0.0,0,0,0,0.0,0.0,0.0,0.0,0.05658295762259513,1,0.05658295762259513
,academy_3_vs_1_with_keeper,42,collect_rollout,4450,0,18,0.0,False,False,0.0,0.0,0,0,0,0.0,0.0,0.0,0.0,0.0,1,0.0
,academy_3_vs_1_with_keeper,42,collect_rollout,4451,0,28,2.1207002582377754,False,False,0.0,0.0,0,0,0,0.0,0.0,0.0,0.0,2.1207002582377754,1,2.1207002582377754
,academy_3_vs_1_with_keeper,42,collect_rollout,4452,0,22,-0.009999999543651938,False,False,0.0,0.0,0,0,0,0.0,0.0,0.0,0.0,-0.009999999543651938,1,-0.009999999543651938
,academy_3_vs_1_with_keeper,42,collect_rollout,4453,0,18,0.010288801433489425,False,False,0.0,0.0,0,0,0,0.0,0.0,0.0,0.0,0.010288801433489425,1,0.010288801433489425
,academy_3_vs_1_with_keeper,42,collect_rollout,4454,0,18,-0.009999999543651938,False,False,0.0,0.0,0,0,0,0.0,0.0,0.0,0.0,-0.009999999543651938,1,-0.009999999543651938
,academy_3_vs_1_with_keeper,42,collect_rollout,4455,0,21,2.1292844634735957,False,False,0.0,0.0,0,0,0,0.0,0.0,0.0,0.0,2.1292844634735957,1,2.1292844634735957
,academy_3_vs_1_with_keeper,42,collect_rollout,4456,0,35,0.062005259620491415,False,False,0.0,0.0,0,0,0,0.0,0.0,0.0,0.0,0.062005259620491415,1,0.062005259620491415
,academy_3_vs_1_with_keeper,42,collect_rollout,4457,0,19,-0.004774020635522902,False,False,0.0,0.0,0,0,0,0.0,0.0,0.0,0.0,-0.004774020635522902,1,-0.004774020635522902
,academy_3_vs_1_with_keeper,42,collect_rollout,4458,0,27,0.11713913985295221,False,False,0.0,0.0,0,0,0,0.0,0.0,0.0,0.0,0.11713913985295221,1,0.11713913985295221
,academy_3_vs_1_with_keeper,42,collect_rollout,4459,0,15,-0.013333332724869251,False,False,0.0,0.0,0,0,0,0.0,0.0,0.0,0.0,-0.013333332724869251,1,-0.013333332724869251
,academy_3_vs_1_with_keeper,42,collect_rollout,4460,0,15,0.0,False,False,0.0,0.0,0,0,0,0.0,0.0,0.0,0.0,0.0,1,0.0
,academy_3_vs_1_with_keeper,42,collect_rollout,4461,0,8,0.022801003186032176,False,False,0.0,0.0,0,0,0,0.0,0.0,0.0,0.0,0.022801003186032176,1,0.022801003186032176
,academy_3_vs_1_with_keeper,42,collect_rollout,4462,0,64,0.010118139674887061,False,False,0.0,0.0,0,0,0,0.0,0.0,0.0,0.0,0.010118139674887061,1,0.010118139674887061
,academy_3_vs_1_with_keeper,42,collect_rollout,4463,0,19,-0.006666666362434626,False,False,0.0,0.0,0,0,0,0.0,0.0,0.0,0.0,-0.006666666362434626,1,-0.006666666362434626
,academy_3_vs_1_with_keeper,42,collect_rollout,4464,0,11,0.022078317939303815,False,False,0.0,0.0,0,0,0,0.0,0.0,0.0,0.0,0.022078317939303815,1,0.022078317939303815
,academy_3_vs_1_with_keeper,42,collect_rollout,4465,0,30,0.11107266426552087,False,False,0.0,0.0,0,0,0,0.0,0.0,0.0,0.0,0.11107266426552087,1,0.11107266426552087
,academy_3_vs_1_with_keeper,42,collect_rollout,4466,0,14,0.0,False,False,0.0,0.0,0,0,0,0.0,0.0,0.0,0.0,0.0,1,0.0
,academy_3_vs_1_with_keeper,42,collect_rollout,4467,0,19,0.0,False,False,0.0,0.0,0,0,0,0.0,0.0,0.0,0.0,0.0,1,0.0
,academy_3_vs_1_with_keeper,42,collect_rollout,4468,0,20,-0.003333333181217313,False,False,0.0,0.0,0,0,0,0.0,0.0,0.0,0.0,-0.003333333181217313,1,-0.003333333181217313
,academy_3_vs_1_with_keeper,42,collect_rollout,4469,0,18,0.0,False,False,0.0,0.0,0,0,0,0.0,0.0,0.0,0.0,0.0,1,0.0
,academy_3_vs_1_with_keeper,42,collect_rollout,4470,0,90,0.09146849601529539,False,False,0.0,0.0,0,0,0,0.0,0.0,0.0,0.0,0.09146849601529539,1,0.09146849601529539
,academy_3_vs_1_with_keeper,42,collect_rollout,4471,0,18,0.0,False,False,0.0,0.0,0,0,0,0.0,0.0,0.0,0.0,0.0,1,0.0
,academy_3_vs_1_with_keeper,42,collect_rollout,4472,0,22,-0.016666665906086564,False,False,0.0,0.0,0,0,0,0.0,0.0,0.0,0.0,-0.016666665906086564,1,-0.016666665906086564
,academy_3_vs_1_with_keeper,42,collect_rollout,4473,0,19,-0.006666666362434626,False,False,0.0,0.0,0,0,0,0.0,0.0,0.0,0.0,-0.006666666362434626,1,-0.006666666362434626
,academy_3_vs_1_with_keeper,42,collect_rollout,4474,0,1801,-0.09951962070772424,False,False,0.0,0.0,0,0,0,0.0,0.0,0.0,0.0,-0.09951962070772424,1,-0.09951962070772424
,academy_3_vs_1_with_keeper,42,collect_rollout,4475,0,18,0.0,False,False,0.0,0.0,0,0,0,0.0,0.0,0.0,0.0,0.0,1,0.0
,academy_3_vs_1_with_keeper,42,collect_rollout,4476,0,17,0.0,False,False,0.0,0.0,0,0,0,0.0,0.0,0.0,0.0,0.0,1,0.0
,academy_3_vs_1_with_keeper,42,collect_rollout,4477,0,102,0.3066165510681458,False,False,0.0,0.0,0,0,0,0.0,0.0,0.0,0.0,0.3066165510681458,1,0.3066165510681458
,academy_3_vs_1_with_keeper,42,collect_rollout,4478,0,20,-0.009999999543651938,False,False,0.0,0.0,0,0,0,0.0,0.0,0.0,0.0,-0.009999999543651938,1,-0.009999999543651938
,academy_3_vs_1_with_keeper,42,collect_rollout,4479,0,21,-0.003333333181217313,False,False,0.0,0.0,0,0,0,0.0,0.0,0.0,0.0,-0.003333333181217313,1,-0.003333333181217313
,academy_3_vs_1_with_keeper,42,collect_rollout,4480,0,20,-0.009999999543651938,False,False,0.0,0.0,0,0,0,0.0,0.0,0.0,0.0,-0.009999999543651938,1,-0.009999999543651938
,academy_3_vs_1_with_keeper,42,collect_rollout,4481,0,18,-0.006666666362434626,False,False,0.0,0.0,0,0,0,0.0,0.0,0.0,0.0,-0.006666666362434626,1,-0.006666666362434626
,academy_3_vs_1_with_keeper,42,collect_rollout,4482,0,9,0.030655690003186464,False,False,0.0,0.0,0,0,0,0.0,0.0,0.0,0.0,0.030655690003186464,1,0.030655690003186464
,academy_3_vs_1_with_keeper,42,collect_rollout,4483,0,43,0.08771503058960661,False,False,0.0,0.0,0,0,0,0.0,0.0,0.0,0.0,0.08771503058960661,1,0.08771503058960661
,academy_3_vs_1_with_keeper,42,collect_rollout,4484,0,18,-0.006666666362434626,False,False,0.0,0.0,0,0,0,0.0,0.0,0.0,0.0,-0.006666666362434626,1,-0.006666666362434626
,academy_3_vs_1_with_keeper,42,collect_rollout,4485,0,38,0.05401805375004187,False,False,0.0,0.0,0,0,0,0.0,0.0,0.0,0.0,0.05401805375004187,1,0.05401805375004187
,academy_3_vs_1_with_keeper,42,collect_rollout,4486,0,18,0.0,False,False,0.0,0.0,0,0,0,0.0,0.0,0.0,0.0,0.0,1,0.0
,academy_3_vs_1_with_keeper,42,collect_rollout,4487,0,19,-0.003333333181217313,False,False,0.0,0.0,0,0,0,0.0,0.0,0.0,0.0,-0.003333333181217313,1,-0.003333333181217313
,academy_3_vs_1_with_keeper,42,collect_rollout,4488,0,19,-0.003333333181217313,False,False,0.0,0.0,0,0,0,0.0,0.0,0.0,0.0,-0.003333333181217313,1,-0.003333333181217313
,academy_3_vs_1_with_keeper,42,collect_rollout,4489,0,13,0.02620150538859889,False,False,0.0,0.0,0,0,0,0.0,0.0,0.0,0.0,0.02620150538859889,1,0.02620150538859889
,academy_3_vs_1_with_keeper,42,collect_rollout,4490,0,26,2.1221417027700227,False,False,0.0,0.0,0,0,0,0.0,0.0,0.0,0.0,2.1221417027700227,1,2.1221417027700227
,academy_3_vs_1_with_keeper,42,collect_rollout,4491,0,20,-0.003333333181217313,False,False,0.0,0.0,0,0,0,0.0,0.0,0.0,0.0,-0.003333333181217313,1,-0.003333333181217313
,academy_3_vs_1_with_keeper,42,collect_rollout,4492,0,17,0.0,False,False,0.0,0.0,0,0,0,0.0,0.0,0.0,0.0,0.0,1,0.0
,academy_3_vs_1_with_keeper,42,collect_rollout,4493,0,20,-0.006666666362434626,False,False,0.0,0.0,0,0,0,0.0,0.0,0.0,0.0,-0.006666666362434626,1,-0.006666666362434626
,academy_3_vs_1_with_keeper,42,collect_rollout,4494,0,17,0.0,False,False,0.0,0.0,0,0,0,0.0,0.0,0.0,0.0,0.0,1,0.0
,academy_3_vs_1_with_keeper,42,collect_rollout,4495,0,14,0.0,False,False,0.0,0.0,0,0,0,0.0,0.0,0.0,0.0,0.0,1,0.0
,academy_3_vs_1_with_keeper,42,collect_rollout,4496,0,23,-0.003333333181217313,False,False,0.0,0.0,0,0,0,0.0,0.0,0.0,0.0,-0.003333333181217313,1,-0.003333333181217313
,academy_3_vs_1_with_keeper,42,collect_rollout,4497,0,16,-0.003333333181217313,False,False,0.0,0.0,0,0,0,0.0,0.0,0.0,0.0,-0.003333333181217313,1,-0.003333333181217313
,academy_3_vs_1_with_keeper,42,collect_rollout,4498,0,82,0.29985028874943964,False,False,0.0,0.0,0,0,0,0.0,0.0,0.0,0.0,0.29985028874943964,1,0.29985028874943964
,academy_3_vs_1_with_keeper,42,collect_rollout,4499,0,17,-0.003333333181217313,False,False,0.0,0.0,0,0,0,0.0,0.0,0.0,0.0,-0.003333333181217313,1,-0.003333333181217313
,academy_3_vs_1_with_keeper,42,collect_rollout,4500,0,15,0.01878589892294258,False,False,0.0,0.0,0,0,0,0.0,0.0,0.0,0.0,0.01878589892294258,1,0.01878589892294258
,academy_3_vs_1_with_keeper,42,collect_rollout,4501,0,65,0.2028499313746579,False,False,0.0,0.0,0,0,0,0.0,0.0,0.0,0.0,0.2028499313746579,1,0.2028499313746579
,academy_3_vs_1_with_keeper,42,collect_rollout,4502,0,17,0.0,False,False,0.0,0.0,0,0,0,0.0,0.0,0.0,0.0,0.0,1,0.0
,academy_3_vs_1_with_keeper,42,collect_rollout,4503,0,18,-0.006666666362434626,False,False,0.0,0.0,0,0,0,0.0,0.0,0.0,0.0,-0.006666666362434626,1,-0.006666666362434626
,academy_3_vs_1_with_keeper,42,collect_rollout,4504,0,18,-0.003333333181217313,False,False,0.0,0.0,0,0,0,0.0,0.0,0.0,0.0,-0.003333333181217313,1,-0.003333333181217313
,academy_3_vs_1_with_keeper,42,collect_rollout,4505,0,36,2.126814645831473,False,False,0.0,0.0,0,0,0,0.0,0.0,0.0,0.0,2.126814645831473,1,2.126814645831473
,academy_3_vs_1_with_keeper,42,collect_rollout,4506,0,12,0.0409930128371343,False,False,0.0,0.0,0,0,0,0.0,0.0,0.0,0.0,0.0409930128371343,1,0.0409930128371343
,academy_3_vs_1_with_keeper,42,collect_rollout,4507,0,27,2.1306772546377033,False,False,0.0,0.0,0,0,0,0.0,0.0,0.0,0.0,2.1306772546377033,1,2.1306772546377033
,academy_3_vs_1_with_keeper,42,collect_rollout,4508,0,23,2.13151966733858,False,False,0.0,0.0,0,0,0,0.0,0.0,0.0,0.0,2.13151966733858,1,2.13151966733858
,academy_3_vs_1_with_keeper,42,collect_rollout,4509,0,14,0.01749126717913896,False,False,0.0,0.0,0,0,0,0.0,0.0,0.0,0.0,0.01749126717913896,1,0.01749126717913896
,academy_3_vs_1_with_keeper,42,collect_rollout,4510,0,23,-0.003333333181217313,False,False,0.0,0.0,0,0,0,0.0,0.0,0.0,0.0,-0.003333333181217313,1,-0.003333333181217313
,academy_3_vs_1_with_keeper,42,collect_rollout,4511,0,12,0.016817263793200254,False,False,0.0,0.0,0,0,0,0.0,0.0,0.0,0.0,0.016817263793200254,1,0.016817263793200254
,academy_3_vs_1_with_keeper,42,collect_rollout,4512,0,32,2.142465654818807,False,False,0.0,0.0,0,0,0,0.0,0.0,0.0,0.0,2.142465654818807,1,2.142465654818807
,academy_3_vs_1_with_keeper,42,collect_rollout,4513,0,50,2.3449096259937505,False,False,0.0,0.0,0,0,0,0.0,0.0,0.0,0.0,2.3449096259937505,1,2.3449096259937505
,academy_3_vs_1_with_keeper,42,collect_rollout,4514,0,46,0.09779425850138068,False,False,0.0,0.0,0,0,0,0.0,0.0,0.0,0.0,0.09779425850138068,1,0.09779425850138068
,academy_3_vs_1_with_keeper,42,collect_rollout,4515,0,14,0.015930371824651957,False,False,0.0,0.0,0,0,0,0.0,0.0,0.0,0.0,0.015930371824651957,1,0.015930371824651957
,academy_3_vs_1_with_keeper,42,collect_rollout,4516,0,19,0.0,False,False,0.0,0.0,0,0,0,0.0,0.0,0.0,0.0,0.0,1,0.0
,academy_3_vs_1_with_keeper,42,collect_rollout,4517,0,19,-0.003333333181217313,False,False,0.0,0.0,0,0,0,0.0,0.0,0.0,0.0,-0.003333333181217313,1,-0.003333333181217313
,academy_3_vs_1_with_keeper,42,collect_rollout,4518,0,16,-0.003333333181217313,False,False,0.0,0.0,0,0,0,0.0,0.0,0.0,0.0,-0.003333333181217313,1,-0.003333333181217313
,academy_3_vs_1_with_keeper,42,collect_rollout,4519,0,32,0.07922841887921095,False,False,0.0,0.0,0,0,0,0.0,0.0,0.0,0.0,0.07922841887921095,1,0.07922841887921095
,academy_3_vs_1_with_keeper,42,collect_rollout,4520,0,24,-0.006666666362434626,False,False,0.0,0.0,0,0,0,0.0,0.0,0.0,0.0,-0.006666666362434626,1,-0.006666666362434626
,academy_3_vs_1_with_keeper,42,collect_rollout,4521,0,18,-0.003333333181217313,False,False,0.0,0.0,0,0,0,0.0,0.0,0.0,0.0,-0.003333333181217313,1,-0.003333333181217313
,academy_3_vs_1_with_keeper,42,collect_rollout,4522,0,14,0.013904714258387685,False,False,0.0,0.0,0,0,0,0.0,0.0,0.0,0.0,0.013904714258387685,1,0.013904714258387685
,academy_3_vs_1_with_keeper,42,collect_rollout,4523,0,29,0.0982151860371232,False,False,0.0,0.0,0,0,0,0.0,0.0,0.0,0.0,0.0982151860371232,1,0.0982151860371232
,academy_3_vs_1_with_keeper,42,collect_rollout,4524,0,48,2.370723259722581,False,False,0.0,0.0,0,0,0,0.0,0.0,0.0,0.0,2.370723259722581,1,2.370723259722581
,academy_3_vs_1_with_keeper,42,collect_rollout,4525,0,17,-0.013333332724869251,False,False,0.0,0.0,0,0,0,0.0,0.0,0.0,0.0,-0.013333332724869251,1,-0.013333332724869251
,academy_3_vs_1_with_keeper,42,collect_rollout,4526,0,38,0.09414715564344078,False,False,0.0,0.0,0,0,0,0.0,0.0,0.0,0.0,0.09414715564344078,1,0.09414715564344078
,academy_3_vs_1_with_keeper,42,collect_rollout,4527,0,16,0.0,False,False,0.0,0.0,0,0,0,0.0,0.0,0.0,0.0,0.0,1,0.0
,academy_3_vs_1_with_keeper,42,collect_rollout,4528,0,19,0.008641340769827366,False,False,0.0,0.0,0,0,0,0.0,0.0,0.0,0.0,0.008641340769827366,1,0.008641340769827366
,academy_3_vs_1_with_keeper,42,collect_rollout,4529,0,21,0.0,False,False,0.0,0.0,0,0,0,0.0,0.0,0.0,0.0,0.0,1,0.0
,academy_3_vs_1_with_keeper,42,collect_rollout,4530,0,10,0.03359486802946776,False,False,0.0,0.0,0,0,0,0.0,0.0,0.0,0.0,0.03359486802946776,1,0.03359486802946776
,academy_3_vs_1_with_keeper,42,collect_rollout,4531,0,82,0.3591686626896262,False,False,0.0,0.0,0,0,0,0.0,0.0,0.0,0.0,0.3591686626896262,1,0.3591686626896262
,academy_3_vs_1_with_keeper,42,collect_rollout,4532,0,40,0.05513624008744955,False,False,0.0,0.0,0,0,0,0.0,0.0,0.0,0.0,0.05513624008744955,1,0.05513624008744955
,academy_3_vs_1_with_keeper,42,collect_rollout,4533,0,23,0.12459528318140656,False,False,0.0,0.0,0,0,0,0.0,0.0,0.0,0.0,0.12459528318140656,1,0.12459528318140656
,academy_3_vs_1_with_keeper,42,collect_rollout,4534,0,17,0.0,False,False,0.0,0.0,0,0,0,0.0,0.0,0.0,0.0,0.0,1,0.0
,academy_3_vs_1_with_keeper,42,collect_rollout,4535,0,23,-0.003333333181217313,False,False,0.0,0.0,0,0,0,0.0,0.0,0.0,0.0,-0.003333333181217313,1,-0.003333333181217313
,academy_3_vs_1_with_keeper,42,collect_rollout,4536,0,16,0.0,False,False,0.0,0.0,0,0,0,0.0,0.0,0.0,0.0,0.0,1,0.0
,academy_3_vs_1_with_keeper,42,collect_rollout,4537,0,94,-0.021279223961755633,False,False,0.0,0.0,0,0,0,0.0,0.0,0.0,0.0,-0.021279223961755633,1,-0.021279223961755633
,academy_3_vs_1_with_keeper,42,collect_rollout,4538,0,16,0.0,False,False,0.0,0.0,0,0,0,0.0,0.0,0.0,0.0,0.0,1,0.0
,academy_3_vs_1_with_keeper,42,collect_rollout,4539,0,17,-0.003333333181217313,False,False,0.0,0.0,0,0,0,0.0,0.0,0.0,0.0,-0.003333333181217313,1,-0.003333333181217313
,academy_3_vs_1_with_keeper,42,collect_rollout,4540,0,29,2.1332897698739544,False,False,0.0,0.0,0,0,0,0.0,0.0,0.0,0.0,2.1332897698739544,1,2.1332897698739544
,academy_3_vs_1_with_keeper,42,collect_rollout,4541,0,45,2.108851445489563,False,False,0.0,0.0,0,0,0,0.0,0.0,0.0,0.0,2.108851445489563,1,2.108851445489563
,academy_3_vs_1_with_keeper,42,collect_rollout,4542,0,12,0.022546572843566537,False,False,0.0,0.0,0,0,0,0.0,0.0,0.0,0.0,0.022546572843566537,1,0.022546572843566537
,academy_3_vs_1_with_keeper,42,collect_rollout,4543,0,18,-0.006666666362434626,False,False,0.0,0.0,0,0,0,0.0,0.0,0.0,0.0,-0.006666666362434626,1,-0.006666666362434626
,academy_3_vs_1_with_keeper,42,collect_rollout,4544,0,20,-0.003333333181217313,False,False,0.0,0.0,0,0,0,0.0,0.0,0.0,0.0,-0.003333333181217313,1,-0.003333333181217313
,academy_3_vs_1_with_keeper,42,collect_rollout,4545,0,18,-0.003333333181217313,False,False,0.0,0.0,0,0,0,0.0,0.0,0.0,0.0,-0.003333333181217313,1,-0.003333333181217313
,academy_3_vs_1_with_keeper,42,collect_rollout,4546,0,19,2.118633437086828,False,False,0.0,0.0,0,0,0,0.0,0.0,0.0,0.0,2.118633437086828,1,2.118633437086828
,academy_3_vs_1_with_keeper,42,collect_rollout,4547,0,13,0.00906397111248225,False,False,0.0,0.0,0,0,0,0.0,0.0,0.0,0.0,0.00906397111248225,1,0.00906397111248225
,academy_3_vs_1_with_keeper,42,collect_rollout,4548,0,16,0.0,False,False,0.0,0.0,0,0,0,0.0,0.0,0.0,0.0,0.0,1,0.0
,academy_3_vs_1_with_keeper,42,collect_rollout,4549,0,17,-0.003333333181217313,False,False,0.0,0.0,0,0,0,0.0,0.0,0.0,0.0,-0.003333333181217313,1,-0.003333333181217313
,academy_3_vs_1_with_keeper,42,collect_rollout,4550,0,18,-0.006666666362434626,False,False,0.0,0.0,0,0,0,0.0,0.0,0.0,0.0,-0.006666666362434626,1,-0.006666666362434626
,academy_3_vs_1_with_keeper,42,collect_rollout,4551,0,26,2.1444022967480123,False,False,0.0,0.0,0,0,0,0.0,0.0,0.0,0.0,2.1444022967480123,1,2.1444022967480123
,academy_3_vs_1_with_keeper,42,collect_rollout,4552,0,84,0.10398174670990556,False,False,0.0,0.0,0,0,0,0.0,0.0,0.0,0.0,0.10398174670990556,1,0.10398174670990556
,academy_3_vs_1_with_keeper,42,collect_rollout,4553,0,46,0.11342627188423648,False,False,0.0,0.0,0,0,0,0.0,0.0,0.0,0.0,0.11342627188423648,1,0.11342627188423648
,academy_3_vs_1_with_keeper,42,collect_rollout,4554,0,16,-0.009999999543651938,False,False,0.0,0.0,0,0,0,0.0,0.0,0.0,0.0,-0.009999999543651938,1,-0.009999999543651938
,academy_3_vs_1_with_keeper,42,collect_rollout,4555,0,127,0.18207660055850283,False,False,0.0,0.0,0,0,0,0.0,0.0,0.0,0.0,0.18207660055850283,1,0.18207660055850283
,academy_3_vs_1_with_keeper,42,collect_rollout,4556,0,9,0.03855664259754121,False,False,0.0,0.0,0,0,0,0.0,0.0,0.0,0.0,0.03855664259754121,1,0.03855664259754121
,academy_3_vs_1_with_keeper,42,collect_rollout,4557,0,20,-0.006666666362434626,False,False,0.0,0.0,0,0,0,0.0,0.0,0.0,0.0,-0.006666666362434626,1,-0.006666666362434626
,academy_3_vs_1_with_keeper,42,collect_rollout,4558,0,15,0.0,False,False,0.0,0.0,0,0,0,0.0,0.0,0.0,0.0,0.0,1,0.0
,academy_3_vs_1_with_keeper,42,collect_rollout,4559,0,20,-0.003333333181217313,False,False,0.0,0.0,0,0,0,0.0,0.0,0.0,0.0,-0.003333333181217313,1,-0.003333333181217313
,academy_3_vs_1_with_keeper,42,collect_rollout,4560,0,21,-0.016666665906086564,False,False,0.0,0.0,0,0,0,0.0,0.0,0.0,0.0,-0.016666665906086564,1,-0.016666665906086564
,academy_3_vs_1_with_keeper,42,collect_rollout,4561,0,23,-0.003333333181217313,False,False,0.0,0.0,0,0,0,0.0,0.0,0.0,0.0,-0.003333333181217313,1,-0.003333333181217313
,academy_3_vs_1_with_keeper,42,collect_rollout,4562,0,18,0.0,False,False,0.0,0.0,0,0,0,0.0,0.0,0.0,0.0,0.0,1,0.0
,academy_3_vs_1_with_keeper,42,collect_rollout,4563,0,56,-0.010185630759224296,False,False,0.0,0.0,0,0,0,0.0,0.0,0.0,0.0,-0.010185630759224296,1,-0.010185630759224296
,academy_3_vs_1_with_keeper,42,collect_rollout,4564,0,16,0.0,False,False,0.0,0.0,0,0,0,0.0,0.0,0.0,0.0,0.0,1,0.0
,academy_3_vs_1_with_keeper,42,collect_rollout,4565,0,17,0.0,False,False,0.0,0.0,0,0,0,0.0,0.0,0.0,0.0,0.0,1,0.0
,academy_3_vs_1_with_keeper,42,collect_rollout,4566,0,84,0.04329334356589243,False,False,0.0,0.0,0,0,0,0.0,0.0,0.0,0.0,0.04329334356589243,1,0.04329334356589243
,academy_3_vs_1_with_keeper,42,collect_rollout,4567,0,14,-0.009999999543651938,False,False,0.0,0.0,0,0,0,0.0,0.0,0.0,0.0,-0.009999999543651938,1,-0.009999999543651938
,academy_3_vs_1_with_keeper,42,collect_rollout,4568,0,9,0.03382241679355502,False,False,0.0,0.0,0,0,0,0.0,0.0,0.0,0.0,0.03382241679355502,1,0.03382241679355502
,academy_3_vs_1_with_keeper,42,collect_rollout,4569,0,20,-0.006666666362434626,False,False,0.0,0.0,0,0,0,0.0,0.0,0.0,0.0,-0.006666666362434626,1,-0.006666666362434626
,academy_3_vs_1_with_keeper,42,collect_rollout,4570,0,16,-0.006666666362434626,False,False,0.0,0.0,0,0,0,0.0,0.0,0.0,0.0,-0.006666666362434626,1,-0.006666666362434626
,academy_3_vs_1_with_keeper,42,collect_rollout,4571,0,22,-0.009999999543651938,False,False,0.0,0.0,0,0,0,0.0,0.0,0.0,0.0,-0.009999999543651938,1,-0.009999999543651938
,academy_3_vs_1_with_keeper,42,collect_rollout,4572,0,20,0.0,False,False,0.0,0.0,0,0,0,0.0,0.0,0.0,0.0,0.0,1,0.0
,academy_3_vs_1_with_keeper,42,collect_rollout,4573,0,35,2.1203447589068674,False,False,0.0,0.0,0,0,0,0.0,0.0,0.0,0.0,2.1203447589068674,1,2.1203447589068674
,academy_3_vs_1_with_keeper,42,collect_rollout,4574,0,10,0.03137296985369176,False,False,0.0,0.0,0,0,0,0.0,0.0,0.0,0.0,0.03137296985369176,1,0.03137296985369176
,academy_3_vs_1_with_keeper,42,collect_rollout,4575,0,12,0.027986069326288998,False,False,0.0,0.0,0,0,0,0.0,0.0,0.0,0.0,0.027986069326288998,1,0.027986069326288998
,academy_3_vs_1_with_keeper,42,collect_rollout,4576,0,19,0.0,False,False,0.0,0.0,0,0,0,0.0,0.0,0.0,0.0,0.0,1,0.0
,academy_3_vs_1_with_keeper,42,collect_rollout,4577,0,15,-0.003333333181217313,False,False,0.0,0.0,0,0,0,0.0,0.0,0.0,0.0,-0.003333333181217313,1,-0.003333333181217313
,academy_3_vs_1_with_keeper,42,collect_rollout,4578,0,17,-0.006666666362434626,False,False,0.0,0.0,0,0,0,0.0,0.0,0.0,0.0,-0.006666666362434626,1,-0.006666666362434626
,academy_3_vs_1_with_keeper,42,collect_rollout,4579,0,20,-0.003333333181217313,False,False,0.0,0.0,0,0,0,0.0,0.0,0.0,0.0,-0.003333333181217313,1,-0.003333333181217313
,academy_3_vs_1_with_keeper,42,collect_rollout,4580,0,18,-0.003333333181217313,False,False,0.0,0.0,0,0,0,0.0,0.0,0.0,0.0,-0.003333333181217313,1,-0.003333333181217313
,academy_3_vs_1_with_keeper,42,collect_rollout,4581,0,105,-0.06785823233803967,False,False,0.0,0.0,0,0,0,0.0,0.0,0.0,0.0,-0.06785823233803967,1,-0.06785823233803967
,academy_3_vs_1_with_keeper,42,collect_rollout,4582,0,19,0.0,False,False,0.0,0.0,0,0,0,0.0,0.0,0.0,0.0,0.0,1,0.0
,academy_3_vs_1_with_keeper,42,collect_rollout,4583,0,14,-0.003333333181217313,False,False,0.0,0.0,0,0,0,0.0,0.0,0.0,0.0,-0.003333333181217313,1,-0.003333333181217313
,academy_3_vs_1_with_keeper,42,collect_rollout,4584,0,15,0.01961722143460065,False,False,0.0,0.0,0,0,0,0.0,0.0,0.0,0.0,0.01961722143460065,1,0.01961722143460065
,academy_3_vs_1_with_keeper,42,collect_rollout,4585,0,13,0.022558995056897402,False,False,0.0,0.0,0,0,0,0.0,0.0,0.0,0.0,0.022558995056897402,1,0.022558995056897402
,academy_3_vs_1_with_keeper,42,collect_rollout,4586,0,17,-0.006666666362434626,False,False,0.0,0.0,0,0,0,0.0,0.0,0.0,0.0,-0.006666666362434626,1,-0.006666666362434626
,academy_3_vs_1_with_keeper,42,collect_rollout,4587,0,21,-0.003333333181217313,False,False,0.0,0.0,0,0,0,0.0,0.0,0.0,0.0,-0.003333333181217313,1,-0.003333333181217313
,academy_3_vs_1_with_keeper,42,collect_rollout,4588,0,19,0.0,False,False,0.0,0.0,0,0,0,0.0,0.0,0.0,0.0,0.0,1,0.0
,academy_3_vs_1_with_keeper,42,collect_rollout,4589,0,41,0.09219326812308282,False,False,0.0,0.0,0,0,0,0.0,0.0,0.0,0.0,0.09219326812308282,1,0.09219326812308282
,academy_3_vs_1_with_keeper,42,collect_rollout,4590,0,35,0.10220983483304735,False,False,0.0,0.0,0,0,0,0.0,0.0,0.0,0.0,0.10220983483304735,1,0.10220983483304735
,academy_3_vs_1_with_keeper,42,collect_rollout,4591,0,15,0.0,False,False,0.0,0.0,0,0,0,0.0,0.0,0.0,0.0,0.0,1,0.0
,academy_3_vs_1_with_keeper,42,collect_rollout,4592,0,7,0.03374332864768803,False,False,0.0,0.0,0,0,0,0.0,0.0,0.0,0.0,0.03374332864768803,1,0.03374332864768803
,academy_3_vs_1_with_keeper,42,collect_rollout,4593,0,9,0.02116899160319008,False,False,0.0,0.0,0,0,0,0.0,0.0,0.0,0.0,0.02116899160319008,1,0.02116899160319008
,academy_3_vs_1_with_keeper,42,collect_rollout,4594,0,33,0.04405272818985395,False,False,0.0,0.0,0,0,0,0.0,0.0,0.0,0.0,0.04405272818985395,1,0.04405272818985395
,academy_3_vs_1_with_keeper,42,collect_rollout,4595,0,13,0.009148218436166644,False,False,0.0,0.0,0,0,0,0.0,0.0,0.0,0.0,0.009148218436166644,1,0.009148218436166644
,academy_3_vs_1_with_keeper,42,collect_rollout,4596,0,20,-0.019999999087303877,False,False,0.0,0.0,0,0,0,0.0,0.0,0.0,0.0,-0.019999999087303877,1,-0.019999999087303877
,academy_3_vs_1_with_keeper,42,collect_rollout,4597,0,21,-0.006666666362434626,False,False,0.0,0.0,0,0,0,0.0,0.0,0.0,0.0,-0.006666666362434626,1,-0.006666666362434626
,academy_3_vs_1_with_keeper,42,collect_rollout,4598,0,19,-0.003333333181217313,False,False,0.0,0.0,0,0,0,0.0,0.0,0.0,0.0,-0.003333333181217313,1,-0.003333333181217313
,academy_3_vs_1_with_keeper,42,collect_rollout,4599,0,17,-0.009999999543651938,False,False,0.0,0.0,0,0,0,0.0,0.0,0.0,0.0,-0.009999999543651938,1,-0.009999999543651938
,academy_3_vs_1_with_keeper,42,collect_rollout,4600,0,19,-0.005609925778117031,False,False,0.0,0.0,0,0,0,0.0,0.0,0.0,0.0,-0.005609925778117031,1,-0.005609925778117031
,academy_3_vs_1_with_keeper,42,collect_rollout,4601,0,17,0.003907326143234968,False,False,0.0,0.0,0,0,0,0.0,0.0,0.0,0.0,0.003907326143234968,1,0.003907326143234968
,academy_3_vs_1_with_keeper,42,collect_rollout,4602,0,14,0.036210313090123236,False,False,0.0,0.0,0,0,0,0.0,0.0,0.0,0.0,0.036210313090123236,1,0.036210313090123236
,academy_3_vs_1_with_keeper,42,collect_rollout,4603,0,15,0.0,False,False,0.0,0.0,0,0,0,0.0,0.0,0.0,0.0,0.0,1,0.0
,academy_3_vs_1_with_keeper,42,collect_rollout,4604,0,82,0.10571667231852189,False,False,0.0,0.0,0,0,0,0.0,0.0,0.0,0.0,0.10571667231852189,1,0.10571667231852189
,academy_3_vs_1_with_keeper,42,collect_rollout,4605,0,17,-0.006666666362434626,False,False,0.0,0.0,0,0,0,0.0,0.0,0.0,0.0,-0.006666666362434626,1,-0.006666666362434626
,academy_3_vs_1_with_keeper,42,collect_rollout,4606,0,22,-0.009999999543651938,False,False,0.0,0.0,0,0,0,0.0,0.0,0.0,0.0,-0.009999999543651938,1,-0.009999999543651938
,academy_3_vs_1_with_keeper,42,collect_rollout,4607,0,15,0.0,False,False,0.0,0.0,0,0,0,0.0,0.0,0.0,0.0,0.0,1,0.0
,academy_3_vs_1_with_keeper,42,collect_rollout,4608,0,17,-0.003333333181217313,False,False,0.0,0.0,0,0,0,0.0,0.0,0.0,0.0,-0.003333333181217313,1,-0.003333333181217313
,academy_3_vs_1_with_keeper,42,collect_rollout,4609,0,49,0.14203181711491197,False,False,0.0,0.0,0,0,0,0.0,0.0,0.0,0.0,0.14203181711491197,1,0.14203181711491197
,academy_3_vs_1_with_keeper,42,collect_rollout,4610,0,15,-0.003333333181217313,False,False,0.0,0.0,0,0,0,0.0,0.0,0.0,0.0,-0.003333333181217313,1,-0.003333333181217313
,academy_3_vs_1_with_keeper,42,collect_rollout,4611,0,26,2.126725551992422,False,False,0.0,0.0,0,0,0,0.0,0.0,0.0,0.0,2.126725551992422,1,2.126725551992422
,academy_3_vs_1_with_keeper,42,collect_rollout,4612,0,28,0.1184248486533761,False,False,0.0,0.0,0,0,0,0.0,0.0,0.0,0.0,0.1184248486533761,1,0.1184248486533761
,academy_3_vs_1_with_keeper,42,collect_rollout,4613,0,86,0.05914371067774482,False,False,0.0,0.0,0,0,0,0.0,0.0,0.0,0.0,0.05914371067774482,1,0.05914371067774482
,academy_3_vs_1_with_keeper,42,collect_rollout,4614,0,17,-0.006666666362434626,False,False,0.0,0.0,0,0,0,0.0,0.0,0.0,0.0,-0.006666666362434626,1,-0.006666666362434626
,academy_3_vs_1_with_keeper,42,collect_rollout,4615,0,16,-0.003333333181217313,False,False,0.0,0.0,0,0,0,0.0,0.0,0.0,0.0,-0.003333333181217313,1,-0.003333333181217313
,academy_3_vs_1_with_keeper,42,collect_rollout,4616,0,16,0.0,False,False,0.0,0.0,0,0,0,0.0,0.0,0.0,0.0,0.0,1,0.0
,academy_3_vs_1_with_keeper,42,collect_rollout,4617,0,21,-0.009999999543651938,False,False,0.0,0.0,0,0,0,0.0,0.0,0.0,0.0,-0.009999999543651938,1,-0.009999999543651938
,academy_3_vs_1_with_keeper,42,collect_rollout,4618,0,15,0.0,False,False,0.0,0.0,0,0,0,0.0,0.0,0.0,0.0,0.0,1,0.0
,academy_3_vs_1_with_keeper,42,collect_rollout,4619,0,27,0.10000084032071754,False,False,0.0,0.0,0,0,0,0.0,0.0,0.0,0.0,0.10000084032071754,1,0.10000084032071754
,academy_3_vs_1_with_keeper,42,collect_rollout,4620,0,47,-0.022013958310708404,False,False,0.0,0.0,0,0,0,0.0,0.0,0.0,0.0,-0.022013958310708404,1,-0.022013958310708404
,academy_3_vs_1_with_keeper,42,collect_rollout,4621,0,84,0.06847673514857888,False,False,0.0,0.0,0,0,0,0.0,0.0,0.0,0.0,0.06847673514857888,1,0.06847673514857888
,academy_3_vs_1_with_keeper,42,collect_rollout,4622,0,17,-0.003333333181217313,False,False,0.0,0.0,0,0,0,0.0,0.0,0.0,0.0,-0.003333333181217313,1,-0.003333333181217313
,academy_3_vs_1_with_keeper,42,collect_rollout,4623,0,32,2.1491170809604228,False,False,0.0,0.0,0,0,0,0.0,0.0,0.0,0.0,2.1491170809604228,1,2.1491170809604228
,academy_3_vs_1_with_keeper,42,collect_rollout,4624,0,12,0.02554734004661441,False,False,0.0,0.0,0,0,0,0.0,0.0,0.0,0.0,0.02554734004661441,1,0.02554734004661441
,academy_3_vs_1_with_keeper,42,collect_rollout,4625,0,25,2.1496852544369176,False,False,0.0,0.0,0,0,0,0.0,0.0,0.0,0.0,2.1496852544369176,1,2.1496852544369176
,academy_3_vs_1_with_keeper,42,collect_rollout,4626,0,26,0.12609146867180243,False,False,0.0,0.0,0,0,0,0.0,0.0,0.0,0.0,0.12609146867180243,1,0.12609146867180243
,academy_3_vs_1_with_keeper,42,collect_rollout,4627,0,26,0.12248459353577346,False,False,0.0,0.0,0,0,0,0.0,0.0,0.0,0.0,0.12248459353577346,1,0.12248459353577346
,academy_3_vs_1_with_keeper,42,collect_rollout,4628,0,36,2.124049317819299,False,False,0.0,0.0,0,0,0,0.0,0.0,0.0,0.0,2.124049317819299,1,2.124049317819299
,academy_3_vs_1_with_keeper,42,collect_rollout,4629,0,27,0.13109127851203084,False,False,0.0,0.0,0,0,0,0.0,0.0,0.0,0.0,0.13109127851203084,1,0.13109127851203084
,academy_3_vs_1_with_keeper,42,collect_rollout,4630,0,27,2.138148748956155,False,False,0.0,0.0,0,0,0,0.0,0.0,0.0,0.0,2.138148748956155,1,2.138148748956155
,academy_3_vs_1_with_keeper,42,collect_rollout,4631,0,83,-0.04187515514786355,False,False,0.0,0.0,0,0,0,0.0,0.0,0.0,0.0,-0.04187515514786355,1,-0.04187515514786355
,academy_3_vs_1_with_keeper,42,collect_rollout,4632,0,19,-0.003333333181217313,False,False,0.0,0.0,0,0,0,0.0,0.0,0.0,0.0,-0.003333333181217313,1,-0.003333333181217313
,academy_3_vs_1_with_keeper,42,collect_rollout,4633,0,28,0.08657030784524977,False,False,0.0,0.0,0,0,0,0.0,0.0,0.0,0.0,0.08657030784524977,1,0.08657030784524977
,academy_3_vs_1_with_keeper,42,collect_rollout,4634,0,18,0.0,False,False,0.0,0.0,0,0,0,0.0,0.0,0.0,0.0,0.0,1,0.0
,academy_3_vs_1_with_keeper,42,collect_rollout,4635,0,15,0.0,False,False,0.0,0.0,0,0,0,0.0,0.0,0.0,0.0,0.0,1,0.0
,academy_3_vs_1_with_keeper,42,collect_rollout,4636,0,29,2.13762074848637,False,False,0.0,0.0,0,0,0,0.0,0.0,0.0,0.0,2.13762074848637,1,2.13762074848637
,academy_3_vs_1_with_keeper,42,collect_rollout,4637,0,21,0.0,False,False,0.0,0.0,0,0,0,0.0,0.0,0.0,0.0,0.0,1,0.0
,academy_3_vs_1_with_keeper,42,collect_rollout,4638,0,18,-0.003333333181217313,False,False,0.0,0.0,0,0,0,0.0,0.0,0.0,0.0,-0.003333333181217313,1,-0.003333333181217313
,academy_3_vs_1_with_keeper,42,collect_rollout,4639,0,12,0.00794167467392981,False,False,0.0,0.0,0,0,0,0.0,0.0,0.0,0.0,0.00794167467392981,1,0.00794167467392981
,academy_3_vs_1_with_keeper,42,collect_rollout,4640,0,19,-0.006666666362434626,False,False,0.0,0.0,0,0,0,0.0,0.0,0.0,0.0,-0.006666666362434626,1,-0.006666666362434626
,academy_3_vs_1_with_keeper,42,collect_rollout,4641,0,43,0.04748853563796729,False,False,0.0,0.0,0,0,0,0.0,0.0,0.0,0.0,0.04748853563796729,1,0.04748853563796729
,academy_3_vs_1_with_keeper,42,collect_rollout,4642,0,10,0.025556825567036867,False,False,0.0,0.0,0,0,0,0.0,0.0,0.0,0.0,0.025556825567036867,1,0.025556825567036867
,academy_3_vs_1_with_keeper,42,collect_rollout,4643,0,28,0.11239806842058897,False,False,0.0,0.0,0,0,0,0.0,0.0,0.0,0.0,0.11239806842058897,1,0.11239806842058897
,academy_3_vs_1_with_keeper,42,collect_rollout,4644,0,15,0.0,False,False,0.0,0.0,0,0,0,0.0,0.0,0.0,0.0,0.0,1,0.0
,academy_3_vs_1_with_keeper,42,collect_rollout,4645,0,13,0.027353099081665277,False,False,0.0,0.0,0,0,0,0.0,0.0,0.0,0.0,0.027353099081665277,1,0.027353099081665277
,academy_3_vs_1_with_keeper,42,collect_rollout,4646,0,42,0.01099710597191006,False,False,0.0,0.0,0,0,0,0.0,0.0,0.0,0.0,0.01099710597191006,1,0.01099710597191006
,academy_3_vs_1_with_keeper,42,collect_rollout,4647,0,15,-0.003333333181217313,False,False,0.0,0.0,0,0,0,0.0,0.0,0.0,0.0,-0.003333333181217313,1,-0.003333333181217313
,academy_3_vs_1_with_keeper,42,collect_rollout,4648,0,15,-0.006666666362434626,False,False,0.0,0.0,0,0,0,0.0,0.0,0.0,0.0,-0.006666666362434626,1,-0.006666666362434626
,academy_3_vs_1_with_keeper,42,collect_rollout,4649,0,18,-0.006666666362434626,False,False,0.0,0.0,0,0,0,0.0,0.0,0.0,0.0,-0.006666666362434626,1,-0.006666666362434626
,academy_3_vs_1_with_keeper,42,collect_rollout,4650,0,17,0.0,False,False,0.0,0.0,0,0,0,0.0,0.0,0.0,0.0,0.0,1,0.0
,academy_3_vs_1_with_keeper,42,collect_rollout,4651,0,21,-0.003333333181217313,False,False,0.0,0.0,0,0,0,0.0,0.0,0.0,0.0,-0.003333333181217313,1,-0.003333333181217313
,academy_3_vs_1_with_keeper,42,collect_rollout,4652,0,36,2.0893986853188835,False,False,0.0,0.0,0,0,0,0.0,0.0,0.0,0.0,2.0893986853188835,1,2.0893986853188835
,academy_3_vs_1_with_keeper,42,collect_rollout,4653,0,21,-0.003333333181217313,False,False,0.0,0.0,0,0,0,0.0,0.0,0.0,0.0,-0.003333333181217313,1,-0.003333333181217313
,academy_3_vs_1_with_keeper,42,collect_rollout,4654,0,44,0.08613072842126712,False,False,0.0,0.0,0,0,0,0.0,0.0,0.0,0.0,0.08613072842126712,1,0.08613072842126712
,academy_3_vs_1_with_keeper,42,collect_rollout,4655,0,16,0.0,False,False,0.0,0.0,0,0,0,0.0,0.0,0.0,0.0,0.0,1,0.0
,academy_3_vs_1_with_keeper,42,collect_rollout,4656,0,16,0.0,False,False,0.0,0.0,0,0,0,0.0,0.0,0.0,0.0,0.0,1,0.0
,academy_3_vs_1_with_keeper,42,collect_rollout,4657,0,50,0.1254458725452423,False,False,0.0,0.0,0,0,0,0.0,0.0,0.0,0.0,0.1254458725452423,1,0.1254458725452423
,academy_3_vs_1_with_keeper,42,collect_rollout,4658,0,26,0.1154532115906477,False,False,0.0,0.0,0,0,0,0.0,0.0,0.0,0.0,0.1154532115906477,1,0.1154532115906477
,academy_3_vs_1_with_keeper,42,collect_rollout,4659,0,30,0.1251419042237103,False,False,0.0,0.0,0,0,0,0.0,0.0,0.0,0.0,0.1251419042237103,1,0.1251419042237103
,academy_3_vs_1_with_keeper,42,collect_rollout,4660,0,26,0.11812756909057498,False,False,0.0,0.0,0,0,0,0.0,0.0,0.0,0.0,0.11812756909057498,1,0.11812756909057498
,academy_3_vs_1_with_keeper,42,collect_rollout,4661,0,19,-0.009999999543651938,False,False,0.0,0.0,0,0,0,0.0,0.0,0.0,0.0,-0.009999999543651938,1,-0.009999999543651938
,academy_3_vs_1_with_keeper,42,collect_rollout,4662,0,62,-0.023745616315864027,False,False,0.0,0.0,0,0,0,0.0,0.0,0.0,0.0,-0.023745616315864027,1,-0.023745616315864027
,academy_3_vs_1_with_keeper,42,collect_rollout,4663,0,13,-0.006666666362434626,False,False,0.0,0.0,0,0,0,0.0,0.0,0.0,0.0,-0.006666666362434626,1,-0.006666666362434626
,academy_3_vs_1_with_keeper,42,collect_rollout,4664,0,114,2.113389684818685,False,False,0.0,0.0,0,0,0,0.0,0.0,0.0,0.0,2.113389684818685,1,2.113389684818685
,academy_3_vs_1_with_keeper,42,collect_rollout,4665,0,35,2.112835094536422,False,False,0.0,0.0,0,0,0,0.0,0.0,0.0,0.0,2.112835094536422,1,2.112835094536422
,academy_3_vs_1_with_keeper,42,collect_rollout,4666,0,18,-0.006666666362434626,False,False,0.0,0.0,0,0,0,0.0,0.0,0.0,0.0,-0.006666666362434626,1,-0.006666666362434626
,academy_3_vs_1_with_keeper,42,collect_rollout,4667,0,18,0.0,False,False,0.0,0.0,0,0,0,0.0,0.0,0.0,0.0,0.0,1,0.0
,academy_3_vs_1_with_keeper,42,collect_rollout,4668,0,33,2.125383285107091,False,False,0.0,0.0,0,0,0,0.0,0.0,0.0,0.0,2.125383285107091,1,2.125383285107091
,academy_3_vs_1_with_keeper,42,collect_rollout,4669,0,27,0.10906718554906547,False,False,0.0,0.0,0,0,0,0.0,0.0,0.0,0.0,0.10906718554906547,1,0.10906718554906547
,academy_3_vs_1_with_keeper,42,collect_rollout,4670,0,28,2.1504444647580385,False,False,0.0,0.0,0,0,0,0.0,0.0,0.0,0.0,2.1504444647580385,1,2.1504444647580385
,academy_3_vs_1_with_keeper,42,collect_rollout,4671,0,438,0.2609008094004821,False,False,0.0,0.0,0,0,0,0.0,0.0,0.0,0.0,0.2609008094004821,1,0.2609008094004821
,academy_3_vs_1_with_keeper,42,collect_rollout,4672,0,13,0.02011121972464025,False,False,0.0,0.0,0,0,0,0.0,0.0,0.0,0.0,0.02011121972464025,1,0.02011121972464025
,academy_3_vs_1_with_keeper,42,collect_rollout,4673,0,13,0.0302551812492311,False,False,0.0,0.0,0,0,0,0.0,0.0,0.0,0.0,0.0302551812492311,1,0.0302551812492311
,academy_3_vs_1_with_keeper,42,collect_rollout,4674,0,20,-0.013333332724869251,False,False,0.0,0.0,0,0,0,0.0,0.0,0.0,0.0,-0.013333332724869251,1,-0.013333332724869251
,academy_3_vs_1_with_keeper,42,collect_rollout,4675,0,16,0.007019358454272151,False,False,0.0,0.0,0,0,0,0.0,0.0,0.0,0.0,0.007019358454272151,1,0.007019358454272151
,academy_3_vs_1_with_keeper,42,collect_rollout,4676,0,21,-0.006666666362434626,False,False,0.0,0.0,0,0,0,0.0,0.0,0.0,0.0,-0.006666666362434626,1,-0.006666666362434626
,academy_3_vs_1_with_keeper,42,collect_rollout,4677,0,11,0.03832943073939532,False,False,0.0,0.0,0,0,0,0.0,0.0,0.0,0.0,0.03832943073939532,1,0.03832943073939532
,academy_3_vs_1_with_keeper,42,collect_rollout,4678,0,14,-0.003333333181217313,False,False,0.0,0.0,0,0,0,0.0,0.0,0.0,0.0,-0.003333333181217313,1,-0.003333333181217313
,academy_3_vs_1_with_keeper,42,collect_rollout,4679,0,35,2.114337620558217,False,False,0.0,0.0,0,0,0,0.0,0.0,0.0,0.0,2.114337620558217,1,2.114337620558217
,academy_3_vs_1_with_keeper,42,collect_rollout,4680,0,16,-0.009999999543651938,False,False,0.0,0.0,0,0,0,0.0,0.0,0.0,0.0,-0.009999999543651938,1,-0.009999999543651938
,academy_3_vs_1_with_keeper,42,collect_rollout,4681,0,9,0.03733225865289569,False,False,0.0,0.0,0,0,0,0.0,0.0,0.0,0.0,0.03733225865289569,1,0.03733225865289569
,academy_3_vs_1_with_keeper,42,collect_rollout,4682,0,10,0.03987236067769118,False,False,0.0,0.0,0,0,0,0.0,0.0,0.0,0.0,0.03987236067769118,1,0.03987236067769118
,academy_3_vs_1_with_keeper,42,collect_rollout,4683,0,16,0.0,False,False,0.0,0.0,0,0,0,0.0,0.0,0.0,0.0,0.0,1,0.0
,academy_3_vs_1_with_keeper,42,collect_rollout,4684,0,22,-0.016666665906086564,False,False,0.0,0.0,0,0,0,0.0,0.0,0.0,0.0,-0.016666665906086564,1,-0.016666665906086564
,academy_3_vs_1_with_keeper,42,collect_rollout,4685,0,29,0.13368886557873338,False,False,0.0,0.0,0,0,0,0.0,0.0,0.0,0.0,0.13368886557873338,1,0.13368886557873338
,academy_3_vs_1_with_keeper,42,collect_rollout,4686,0,32,0.09462092642206699,False,False,0.0,0.0,0,0,0,0.0,0.0,0.0,0.0,0.09462092642206699,1,0.09462092642206699
,academy_3_vs_1_with_keeper,42,collect_rollout,4687,0,9,0.035563589190132916,False,False,0.0,0.0,0,0,0,0.0,0.0,0.0,0.0,0.035563589190132916,1,0.035563589190132916
,academy_3_vs_1_with_keeper,42,collect_rollout,4688,0,18,-0.009999999543651938,False,False,0.0,0.0,0,0,0,0.0,0.0,0.0,0.0,-0.009999999543651938,1,-0.009999999543651938
,academy_3_vs_1_with_keeper,42,collect_rollout,4689,0,22,0.0,False,False,0.0,0.0,0,0,0,0.0,0.0,0.0,0.0,0.0,1,0.0
,academy_3_vs_1_with_keeper,42,collect_rollout,4690,0,33,2.124749139533378,False,False,0.0,0.0,0,0,0,0.0,0.0,0.0,0.0,2.124749139533378,1,2.124749139533378
,academy_3_vs_1_with_keeper,42,collect_rollout,4691,0,42,0.026040286757051945,False,False,0.0,0.0,0,0,0,0.0,0.0,0.0,0.0,0.026040286757051945,1,0.026040286757051945
,academy_3_vs_1_with_keeper,42,collect_rollout,4692,0,41,0.10583703749580309,False,False,0.0,0.0,0,0,0,0.0,0.0,0.0,0.0,0.10583703749580309,1,0.10583703749580309
,academy_3_vs_1_with_keeper,42,collect_rollout,4693,0,16,0.0,False,False,0.0,0.0,0,0,0,0.0,0.0,0.0,0.0,0.0,1,0.0
,academy_3_vs_1_with_keeper,42,collect_rollout,4694,0,19,0.0,False,False,0.0,0.0,0,0,0,0.0,0.0,0.0,0.0,0.0,1,0.0
,academy_3_vs_1_with_keeper,42,collect_rollout,4695,0,17,0.0,False,False,0.0,0.0,0,0,0,0.0,0.0,0.0,0.0,0.0,1,0.0
,academy_3_vs_1_with_keeper,42,collect_rollout,4696,0,18,0.0,False,False,0.0,0.0,0,0,0,0.0,0.0,0.0,0.0,0.0,1,0.0
,academy_3_vs_1_with_keeper,42,collect_rollout,4697,0,18,0.0,False,False,0.0,0.0,0,0,0,0.0,0.0,0.0,0.0,0.0,1,0.0
,academy_3_vs_1_with_keeper,42,collect_rollout,4698,0,13,0.0,False,False,0.0,0.0,0,0,0,0.0,0.0,0.0,0.0,0.0,1,0.0
,academy_3_vs_1_with_keeper,42,collect_rollout,4699,0,34,2.118772683548741,False,False,0.0,0.0,0,0,0,0.0,0.0,0.0,0.0,2.118772683548741,1,2.118772683548741
,academy_3_vs_1_with_keeper,42,collect_rollout,4700,0,17,0.0,False,False,0.0,0.0,0,0,0,0.0,0.0,0.0,0.0,0.0,1,0.0
,academy_3_vs_1_with_keeper,42,collect_rollout,4701,0,17,-0.009999999543651938,False,False,0.0,0.0,0,0,0,0.0,0.0,0.0,0.0,-0.009999999543651938,1,-0.009999999543651938
,academy_3_vs_1_with_keeper,42,collect_rollout,4702,0,19,-0.006666666362434626,False,False,0.0,0.0,0,0,0,0.0,0.0,0.0,0.0,-0.006666666362434626,1,-0.006666666362434626
,academy_3_vs_1_with_keeper,42,collect_rollout,4703,0,11,0.022411494399420917,False,False,0.0,0.0,0,0,0,0.0,0.0,0.0,0.0,0.022411494399420917,1,0.022411494399420917
,academy_3_vs_1_with_keeper,42,collect_rollout,4704,0,11,0.018483016756363213,False,False,0.0,0.0,0,0,0,0.0,0.0,0.0,0.0,0.018483016756363213,1,0.018483016756363213
,academy_3_vs_1_with_keeper,42,collect_rollout,4705,0,39,2.136315774056129,False,False,0.0,0.0,0,0,0,0.0,0.0,0.0,0.0,2.136315774056129,1,2.136315774056129
,academy_3_vs_1_with_keeper,42,collect_rollout,4706,0,21,-0.006666666362434626,False,False,0.0,0.0,0,0,0,0.0,0.0,0.0,0.0,-0.006666666362434626,1,-0.006666666362434626
,academy_3_vs_1_with_keeper,42,collect_rollout,4707,0,99,0.138664735481143,False,False,0.0,0.0,0,0,0,0.0,0.0,0.0,0.0,0.138664735481143,1,0.138664735481143
,academy_3_vs_1_with_keeper,42,collect_rollout,4708,0,16,-0.006666666362434626,False,False,0.0,0.0,0,0,0,0.0,0.0,0.0,0.0,-0.006666666362434626,1,-0.006666666362434626
,academy_3_vs_1_with_keeper,42,collect_rollout,4709,0,33,0.11268826201558113,False,False,0.0,0.0,0,0,0,0.0,0.0,0.0,0.0,0.11268826201558113,1,0.11268826201558113
,academy_3_vs_1_with_keeper,42,collect_rollout,4710,0,16,0.0,False,False,0.0,0.0,0,0,0,0.0,0.0,0.0,0.0,0.0,1,0.0
,academy_3_vs_1_with_keeper,42,collect_rollout,4711,0,8,0.04571554181165993,False,False,0.0,0.0,0,0,0,0.0,0.0,0.0,0.0,0.04571554181165993,1,0.04571554181165993
,academy_3_vs_1_with_keeper,42,collect_rollout,4712,0,21,0.0,False,False,0.0,0.0,0,0,0,0.0,0.0,0.0,0.0,0.0,1,0.0
,academy_3_vs_1_with_keeper,42,collect_rollout,4713,0,20,-0.006666666362434626,False,False,0.0,0.0,0,0,0,0.0,0.0,0.0,0.0,-0.006666666362434626,1,-0.006666666362434626
,academy_3_vs_1_with_keeper,42,collect_rollout,4714,0,19,-0.003333333181217313,False,False,0.0,0.0,0,0,0,0.0,0.0,0.0,0.0,-0.003333333181217313,1,-0.003333333181217313
,academy_3_vs_1_with_keeper,42,collect_rollout,4715,0,22,0.0,False,False,0.0,0.0,0,0,0,0.0,0.0,0.0,0.0,0.0,1,0.0
,academy_3_vs_1_with_keeper,42,collect_rollout,4716,0,15,0.02655527275055647,False,False,0.0,0.0,0,0,0,0.0,0.0,0.0,0.0,0.02655527275055647,1,0.02655527275055647
,academy_3_vs_1_with_keeper,42,collect_rollout,4717,0,23,-0.003333333181217313,False,False,0.0,0.0,0,0,0,0.0,0.0,0.0,0.0,-0.003333333181217313,1,-0.003333333181217313
,academy_3_vs_1_with_keeper,42,collect_rollout,4718,0,24,0.0,False,False,0.0,0.0,0,0,0,0.0,0.0,0.0,0.0,0.0,1,0.0
,academy_3_vs_1_with_keeper,42,collect_rollout,4719,0,10,0.03999607916921377,False,False,0.0,0.0,0,0,0,0.0,0.0,0.0,0.0,0.03999607916921377,1,0.03999607916921377
,academy_3_vs_1_with_keeper,42,collect_rollout,4720,0,92,0.26986581398159615,False,False,0.0,0.0,0,0,0,0.0,0.0,0.0,0.0,0.26986581398159615,1,0.26986581398159615
,academy_3_vs_1_with_keeper,42,collect_rollout,4721,0,11,0.03211064566858113,False,False,0.0,0.0,0,0,0,0.0,0.0,0.0,0.0,0.03211064566858113,1,0.03211064566858113
,academy_3_vs_1_with_keeper,42,collect_rollout,4722,0,21,-0.003333333181217313,False,False,0.0,0.0,0,0,0,0.0,0.0,0.0,0.0,-0.003333333181217313,1,-0.003333333181217313
,academy_3_vs_1_with_keeper,42,collect_rollout,4723,0,9,0.017197422595927492,False,False,0.0,0.0,0,0,0,0.0,0.0,0.0,0.0,0.017197422595927492,1,0.017197422595927492
,academy_3_vs_1_with_keeper,42,collect_rollout,4724,0,30,0.13489885989110917,False,False,0.0,0.0,0,0,0,0.0,0.0,0.0,0.0,0.13489885989110917,1,0.13489885989110917
,academy_3_vs_1_with_keeper,42,collect_rollout,4725,0,17,-0.003333333181217313,False,False,0.0,0.0,0,0,0,0.0,0.0,0.0,0.0,-0.003333333181217313,1,-0.003333333181217313
,academy_3_vs_1_with_keeper,42,collect_rollout,4726,0,20,0.0,False,False,0.0,0.0,0,0,0,0.0,0.0,0.0,0.0,0.0,1,0.0
,academy_3_vs_1_with_keeper,42,collect_rollout,4727,0,18,-0.003333333181217313,False,False,0.0,0.0,0,0,0,0.0,0.0,0.0,0.0,-0.003333333181217313,1,-0.003333333181217313
,academy_3_vs_1_with_keeper,42,collect_rollout,4728,0,18,-0.003333333181217313,False,False,0.0,0.0,0,0,0,0.0,0.0,0.0,0.0,-0.003333333181217313,1,-0.003333333181217313
,academy_3_vs_1_with_keeper,42,collect_rollout,4729,0,21,-0.006666666362434626,False,False,0.0,0.0,0,0,0,0.0,0.0,0.0,0.0,-0.006666666362434626,1,-0.006666666362434626
,academy_3_vs_1_with_keeper,42,collect_rollout,4730,0,16,-0.003333333181217313,False,False,0.0,0.0,0,0,0,0.0,0.0,0.0,0.0,-0.003333333181217313,1,-0.003333333181217313
,academy_3_vs_1_with_keeper,42,collect_rollout,4731,0,19,-0.003333333181217313,False,False,0.0,0.0,0,0,0,0.0,0.0,0.0,0.0,-0.003333333181217313,1,-0.003333333181217313
,academy_3_vs_1_with_keeper,42,collect_rollout,4732,0,20,-0.003333333181217313,False,False,0.0,0.0,0,0,0,0.0,0.0,0.0,0.0,-0.003333333181217313,1,-0.003333333181217313
,academy_3_vs_1_with_keeper,42,collect_rollout,4733,0,14,0.0,False,False,0.0,0.0,0,0,0,0.0,0.0,0.0,0.0,0.0,1,0.0
,academy_3_vs_1_with_keeper,42,collect_rollout,4734,0,44,0.0673793419264257,False,False,0.0,0.0,0,0,0,0.0,0.0,0.0,0.0,0.0673793419264257,1,0.0673793419264257
,academy_3_vs_1_with_keeper,42,collect_rollout,4735,0,44,0.004281546454876661,False,False,0.0,0.0,0,0,0,0.0,0.0,0.0,0.0,0.004281546454876661,1,0.004281546454876661
,academy_3_vs_1_with_keeper,42,collect_rollout,4736,0,10,0.04008876672014594,False,False,0.0,0.0,0,0,0,0.0,0.0,0.0,0.0,0.04008876672014594,1,0.04008876672014594
,academy_3_vs_1_with_keeper,42,collect_rollout,4737,0,50,0.020037242269609123,False,False,0.0,0.0,0,0,0,0.0,0.0,0.0,0.0,0.020037242269609123,1,0.020037242269609123
,academy_3_vs_1_with_keeper,42,collect_rollout,4738,0,18,0.0,False,False,0.0,0.0,0,0,0,0.0,0.0,0.0,0.0,0.0,1,0.0
,academy_3_vs_1_with_keeper,42,collect_rollout,4739,0,21,0.0,False,False,0.0,0.0,0,0,0,0.0,0.0,0.0,0.0,0.0,1,0.0
,academy_3_vs_1_with_keeper,42,collect_rollout,4740,0,10,0.029976069810800254,False,False,0.0,0.0,0,0,0,0.0,0.0,0.0,0.0,0.029976069810800254,1,0.029976069810800254
,academy_3_vs_1_with_keeper,42,collect_rollout,4741,0,15,-0.003333333181217313,False,False,0.0,0.0,0,0,0,0.0,0.0,0.0,0.0,-0.003333333181217313,1,-0.003333333181217313
,academy_3_vs_1_with_keeper,42,collect_rollout,4742,0,19,0.0,False,False,0.0,0.0,0,0,0,0.0,0.0,0.0,0.0,0.0,1,0.0
,academy_3_vs_1_with_keeper,42,collect_rollout,4743,0,31,0.10706965811550617,False,False,0.0,0.0,0,0,0,0.0,0.0,0.0,0.0,0.10706965811550617,1,0.10706965811550617
,academy_3_vs_1_with_keeper,42,collect_rollout,4744,0,20,0.0,False,False,0.0,0.0,0,0,0,0.0,0.0,0.0,0.0,0.0,1,0.0
,academy_3_vs_1_with_keeper,42,collect_rollout,4745,0,35,2.1201439054566436,False,False,0.0,0.0,0,0,0,0.0,0.0,0.0,0.0,2.1201439054566436,1,2.1201439054566436
,academy_3_vs_1_with_keeper,42,collect_rollout,4746,0,19,0.0,False,False,0.0,0.0,0,0,0,0.0,0.0,0.0,0.0,0.0,1,0.0
,academy_3_vs_1_with_keeper,42,collect_rollout,4747,0,19,0.0,False,False,0.0,0.0,0,0,0,0.0,0.0,0.0,0.0,0.0,1,0.0
,academy_3_vs_1_with_keeper,42,collect_rollout,4748,0,172,-0.009849144815234467,False,False,0.0,0.0,0,0,0,0.0,0.0,0.0,0.0,-0.009849144815234467,1,-0.009849144815234467
,academy_3_vs_1_with_keeper,42,collect_rollout,4749,0,12,0.015495734522119164,False,False,0.0,0.0,0,0,0,0.0,0.0,0.0,0.0,0.015495734522119164,1,0.015495734522119164
,academy_3_vs_1_with_keeper,42,collect_rollout,4750,0,19,0.0,False,False,0.0,0.0,0,0,0,0.0,0.0,0.0,0.0,0.0,1,0.0
,academy_3_vs_1_with_keeper,42,collect_rollout,4751,0,9,0.027278392110019922,False,False,0.0,0.0,0,0,0,0.0,0.0,0.0,0.0,0.027278392110019922,1,0.027278392110019922
,academy_3_vs_1_with_keeper,42,collect_rollout,4752,0,19,-0.013333332724869251,False,False,0.0,0.0,0,0,0,0.0,0.0,0.0,0.0,-0.013333332724869251,1,-0.013333332724869251
,academy_3_vs_1_with_keeper,42,collect_rollout,4753,0,18,0.0,False,False,0.0,0.0,0,0,0,0.0,0.0,0.0,0.0,0.0,1,0.0
,academy_3_vs_1_with_keeper,42,collect_rollout,4754,0,95,0.12154728683526628,False,False,0.0,0.0,0,0,0,0.0,0.0,0.0,0.0,0.12154728683526628,1,0.12154728683526628
,academy_3_vs_1_with_keeper,42,collect_rollout,4755,0,18,0.0,False,False,0.0,0.0,0,0,0,0.0,0.0,0.0,0.0,0.0,1,0.0
,academy_3_vs_1_with_keeper,42,collect_rollout,4756,0,17,-0.013333332724869251,False,False,0.0,0.0,0,0,0,0.0,0.0,0.0,0.0,-0.013333332724869251,1,-0.013333332724869251
,academy_3_vs_1_with_keeper,42,collect_rollout,4757,0,50,2.351918694039341,False,False,0.0,0.0,0,0,0,0.0,0.0,0.0,0.0,2.351918694039341,1,2.351918694039341
,academy_3_vs_1_with_keeper,42,collect_rollout,4758,0,23,0.0,False,False,0.0,0.0,0,0,0,0.0,0.0,0.0,0.0,0.0,1,0.0
,academy_3_vs_1_with_keeper,42,collect_rollout,4759,0,35,0.07960572745651007,False,False,0.0,0.0,0,0,0,0.0,0.0,0.0,0.0,0.07960572745651007,1,0.07960572745651007
,academy_3_vs_1_with_keeper,42,collect_rollout,4760,0,22,-0.006666666362434626,False,False,0.0,0.0,0,0,0,0.0,0.0,0.0,0.0,-0.006666666362434626,1,-0.006666666362434626
,academy_3_vs_1_with_keeper,42,collect_rollout,4761,0,16,-0.003333333181217313,False,False,0.0,0.0,0,0,0,0.0,0.0,0.0,0.0,-0.003333333181217313,1,-0.003333333181217313
,academy_3_vs_1_with_keeper,42,collect_rollout,4762,0,33,0.07546976345474832,False,False,0.0,0.0,0,0,0,0.0,0.0,0.0,0.0,0.07546976345474832,1,0.07546976345474832
,academy_3_vs_1_with_keeper,42,collect_rollout,4763,0,23,0.0,False,False,0.0,0.0,0,0,0,0.0,0.0,0.0,0.0,0.0,1,0.0
,academy_3_vs_1_with_keeper,42,collect_rollout,4764,0,17,-0.006666666362434626,False,False,0.0,0.0,0,0,0,0.0,0.0,0.0,0.0,-0.006666666362434626,1,-0.006666666362434626
,academy_3_vs_1_with_keeper,42,collect_rollout,4765,0,34,0.11457780509954318,False,False,0.0,0.0,0,0,0,0.0,0.0,0.0,0.0,0.11457780509954318,1,0.11457780509954318
,academy_3_vs_1_with_keeper,42,collect_rollout,4766,0,28,2.1277539778966457,False,False,0.0,0.0,0,0,0,0.0,0.0,0.0,0.0,2.1277539778966457,1,2.1277539778966457
,academy_3_vs_1_with_keeper,42,collect_rollout,4767,0,14,0.023682110127992928,False,False,0.0,0.0,0,0,0,0.0,0.0,0.0,0.0,0.023682110127992928,1,0.023682110127992928
,academy_3_vs_1_with_keeper,42,collect_rollout,4768,0,15,0.0,False,False,0.0,0.0,0,0,0,0.0,0.0,0.0,0.0,0.0,1,0.0
,academy_3_vs_1_with_keeper,42,collect_rollout,4769,0,19,0.0,False,False,0.0,0.0,0,0,0,0.0,0.0,0.0,0.0,0.0,1,0.0
,academy_3_vs_1_with_keeper,42,collect_rollout,4770,0,18,0.0,False,False,0.0,0.0,0,0,0,0.0,0.0,0.0,0.0,0.0,1,0.0
,academy_3_vs_1_with_keeper,42,collect_rollout,4771,0,20,-0.013333332724869251,False,False,0.0,0.0,0,0,0,0.0,0.0,0.0,0.0,-0.013333332724869251,1,-0.013333332724869251
,academy_3_vs_1_with_keeper,42,collect_rollout,4772,0,16,0.011350799934007227,False,False,0.0,0.0,0,0,0,0.0,0.0,0.0,0.0,0.011350799934007227,1,0.011350799934007227
,academy_3_vs_1_with_keeper,42,collect_rollout,4773,0,18,0.0,False,False,0.0,0.0,0,0,0,0.0,0.0,0.0,0.0,0.0,1,0.0
,academy_3_vs_1_with_keeper,42,collect_rollout,4774,0,19,-0.009999999543651938,False,False,0.0,0.0,0,0,0,0.0,0.0,0.0,0.0,-0.009999999543651938,1,-0.009999999543651938
,academy_3_vs_1_with_keeper,42,collect_rollout,4775,0,22,-0.013333332724869251,False,False,0.0,0.0,0,0,0,0.0,0.0,0.0,0.0,-0.013333332724869251,1,-0.013333332724869251
,academy_3_vs_1_with_keeper,42,collect_rollout,4776,0,20,0.0,False,False,0.0,0.0,0,0,0,0.0,0.0,0.0,0.0,0.0,1,0.0
,academy_3_vs_1_with_keeper,42,collect_rollout,4777,0,16,-0.003333333181217313,False,False,0.0,0.0,0,0,0,0.0,0.0,0.0,0.0,-0.003333333181217313,1,-0.003333333181217313
,academy_3_vs_1_with_keeper,42,collect_rollout,4778,0,25,2.1212637030985206,False,False,0.0,0.0,0,0,0,0.0,0.0,0.0,0.0,2.1212637030985206,1,2.1212637030985206
,academy_3_vs_1_with_keeper,42,collect_rollout,4779,0,14,0.0,False,False,0.0,0.0,0,0,0,0.0,0.0,0.0,0.0,0.0,1,0.0
,academy_3_vs_1_with_keeper,42,collect_rollout,4780,0,27,0.10726950073149055,False,False,0.0,0.0,0,0,0,0.0,0.0,0.0,0.0,0.10726950073149055,1,0.10726950073149055
,academy_3_vs_1_with_keeper,42,collect_rollout,4781,0,60,-0.02295786456670612,False,False,0.0,0.0,0,0,0,0.0,0.0,0.0,0.0,-0.02295786456670612,1,-0.02295786456670612
,academy_3_vs_1_with_keeper,42,collect_rollout,4782,0,21,-0.013333332724869251,False,False,0.0,0.0,0,0,0,0.0,0.0,0.0,0.0,-0.013333332724869251,1,-0.013333332724869251
,academy_3_vs_1_with_keeper,42,collect_rollout,4783,0,8,0.03556617407593876,False,False,0.0,0.0,0,0,0,0.0,0.0,0.0,0.0,0.03556617407593876,1,0.03556617407593876
,academy_3_vs_1_with_keeper,42,collect_rollout,4784,0,16,0.0,False,False,0.0,0.0,0,0,0,0.0,0.0,0.0,0.0,0.0,1,0.0
,academy_3_vs_1_with_keeper,42,collect_rollout,4785,0,24,0.0,False,False,0.0,0.0,0,0,0,0.0,0.0,0.0,0.0,0.0,1,0.0
,academy_3_vs_1_with_keeper,42,collect_rollout,4786,0,29,0.09159079607343301,False,False,0.0,0.0,0,0,0,0.0,0.0,0.0,0.0,0.09159079607343301,1,0.09159079607343301
,academy_3_vs_1_with_keeper,42,collect_rollout,4787,0,19,-0.003333333181217313,False,False,0.0,0.0,0,0,0,0.0,0.0,0.0,0.0,-0.003333333181217313,1,-0.003333333181217313
,academy_3_vs_1_with_keeper,42,collect_rollout,4788,0,28,2.131697472301312,False,False,0.0,0.0,0,0,0,0.0,0.0,0.0,0.0,2.131697472301312,1,2.131697472301312
,academy_3_vs_1_with_keeper,42,collect_rollout,4789,0,36,0.10484819469274953,False,False,0.0,0.0,0,0,0,0.0,0.0,0.0,0.0,0.10484819469274953,1,0.10484819469274953
,academy_3_vs_1_with_keeper,42,collect_rollout,4790,0,11,0.024908230523578823,False,False,0.0,0.0,0,0,0,0.0,0.0,0.0,0.0,0.024908230523578823,1,0.024908230523578823
,academy_3_vs_1_with_keeper,42,collect_rollout,4791,0,16,0.01676117058377713,False,False,0.0,0.0,0,0,0,0.0,0.0,0.0,0.0,0.01676117058377713,1,0.01676117058377713
,academy_3_vs_1_with_keeper,42,collect_rollout,4792,0,12,0.04284526180708781,False,False,0.0,0.0,0,0,0,0.0,0.0,0.0,0.0,0.04284526180708781,1,0.04284526180708781
,academy_3_vs_1_with_keeper,42,collect_rollout,4793,0,17,-0.003333333181217313,False,False,0.0,0.0,0,0,0,0.0,0.0,0.0,0.0,-0.003333333181217313,1,-0.003333333181217313
,academy_3_vs_1_with_keeper,42,collect_rollout,4794,0,22,-0.003333333181217313,False,False,0.0,0.0,0,0,0,0.0,0.0,0.0,0.0,-0.003333333181217313,1,-0.003333333181217313
,academy_3_vs_1_with_keeper,42,collect_rollout,4795,0,18,-0.0039090916980057955,False,False,0.0,0.0,0,0,0,0.0,0.0,0.0,0.0,-0.0039090916980057955,1,-0.0039090916980057955
,academy_3_vs_1_with_keeper,42,collect_rollout,4796,0,40,2.0613440104643814,False,False,0.0,0.0,0,0,0,0.0,0.0,0.0,0.0,2.0613440104643814,1,2.0613440104643814
,academy_3_vs_1_with_keeper,42,collect_rollout,4797,0,23,-0.003333333181217313,False,False,0.0,0.0,0,0,0,0.0,0.0,0.0,0.0,-0.003333333181217313,1,-0.003333333181217313
,academy_3_vs_1_with_keeper,42,collect_rollout,4798,0,14,0.0,False,False,0.0,0.0,0,0,0,0.0,0.0,0.0,0.0,0.0,1,0.0
,academy_3_vs_1_with_keeper,42,collect_rollout,4799,0,16,0.0,False,False,0.0,0.0,0,0,0,0.0,0.0,0.0,0.0,0.0,1,0.0
,academy_3_vs_1_with_keeper,42,collect_rollout,4800,0,44,0.07025528547819704,False,False,0.0,0.0,0,0,0,0.0,0.0,0.0,0.0,0.07025528547819704,1,0.07025528547819704
,academy_3_vs_1_with_keeper,42,collect_rollout,4801,0,13,0.025853856233879924,False,False,0.0,0.0,0,0,0,0.0,0.0,0.0,0.0,0.025853856233879924,1,0.025853856233879924
,academy_3_vs_1_with_keeper,42,collect_rollout,4802,0,21,-0.006666666362434626,False,False,0.0,0.0,0,0,0,0.0,0.0,0.0,0.0,-0.006666666362434626,1,-0.006666666362434626
,academy_3_vs_1_with_keeper,42,collect_rollout,4803,0,20,-0.006666666362434626,False,False,0.0,0.0,0,0,0,0.0,0.0,0.0,0.0,-0.006666666362434626,1,-0.006666666362434626
,academy_3_vs_1_with_keeper,42,collect_rollout,4804,0,38,2.09214281628374,False,False,0.0,0.0,0,0,0,0.0,0.0,0.0,0.0,2.09214281628374,1,2.09214281628374
,academy_3_vs_1_with_keeper,42,collect_rollout,4805,0,23,-0.003333333181217313,False,False,0.0,0.0,0,0,0,0.0,0.0,0.0,0.0,-0.003333333181217313,1,-0.003333333181217313
,academy_3_vs_1_with_keeper,42,collect_rollout,4806,0,29,0.11774005647748709,False,False,0.0,0.0,0,0,0,0.0,0.0,0.0,0.0,0.11774005647748709,1,0.11774005647748709
,academy_3_vs_1_with_keeper,42,collect_rollout,4807,0,13,0.018757383426418528,False,False,0.0,0.0,0,0,0,0.0,0.0,0.0,0.0,0.018757383426418528,1,0.018757383426418528
,academy_3_vs_1_with_keeper,42,collect_rollout,4808,0,33,0.058189862058497965,False,False,0.0,0.0,0,0,0,0.0,0.0,0.0,0.0,0.058189862058497965,1,0.058189862058497965
,academy_3_vs_1_with_keeper,42,collect_rollout,4809,0,18,-0.003333333181217313,False,False,0.0,0.0,0,0,0,0.0,0.0,0.0,0.0,-0.003333333181217313,1,-0.003333333181217313
,academy_3_vs_1_with_keeper,42,collect_rollout,4810,0,17,0.0,False,False,0.0,0.0,0,0,0,0.0,0.0,0.0,0.0,0.0,1,0.0
,academy_3_vs_1_with_keeper,42,collect_rollout,4811,0,10,0.015367313520982862,False,False,0.0,0.0,0,0,0,0.0,0.0,0.0,0.0,0.015367313520982862,1,0.015367313520982862
,academy_3_vs_1_with_keeper,42,collect_rollout,4812,0,18,-0.013333332724869251,False,False,0.0,0.0,0,0,0,0.0,0.0,0.0,0.0,-0.013333332724869251,1,-0.013333332724869251
,academy_3_vs_1_with_keeper,42,collect_rollout,4813,0,21,0.0,False,False,0.0,0.0,0,0,0,0.0,0.0,0.0,0.0,0.0,1,0.0
,academy_3_vs_1_with_keeper,42,collect_rollout,4814,0,43,0.11676772870123386,False,False,0.0,0.0,0,0,0,0.0,0.0,0.0,0.0,0.11676772870123386,1,0.11676772870123386
,academy_3_vs_1_with_keeper,42,collect_rollout,4815,0,18,-0.003333333181217313,False,False,0.0,0.0,0,0,0,0.0,0.0,0.0,0.0,-0.003333333181217313,1,-0.003333333181217313
,academy_3_vs_1_with_keeper,42,collect_rollout,4816,0,34,0.0917254394153133,False,False,0.0,0.0,0,0,0,0.0,0.0,0.0,0.0,0.0917254394153133,1,0.0917254394153133
,academy_3_vs_1_with_keeper,42,collect_rollout,4817,0,16,-0.003333333181217313,False,False,0.0,0.0,0,0,0,0.0,0.0,0.0,0.0,-0.003333333181217313,1,-0.003333333181217313
,academy_3_vs_1_with_keeper,42,collect_rollout,4818,0,20,-0.003333333181217313,False,False,0.0,0.0,0,0,0,0.0,0.0,0.0,0.0,-0.003333333181217313,1,-0.003333333181217313
,academy_3_vs_1_with_keeper,42,collect_rollout,4819,0,19,-0.009999999543651938,False,False,0.0,0.0,0,0,0,0.0,0.0,0.0,0.0,-0.009999999543651938,1,-0.009999999543651938
,academy_3_vs_1_with_keeper,42,collect_rollout,4820,0,16,-0.003333333181217313,False,False,0.0,0.0,0,0,0,0.0,0.0,0.0,0.0,-0.003333333181217313,1,-0.003333333181217313
,academy_3_vs_1_with_keeper,42,collect_rollout,4821,0,19,-0.003333333181217313,False,False,0.0,0.0,0,0,0,0.0,0.0,0.0,0.0,-0.003333333181217313,1,-0.003333333181217313
,academy_3_vs_1_with_keeper,42,collect_rollout,4822,0,26,0.12029900029301643,False,False,0.0,0.0,0,0,0,0.0,0.0,0.0,0.0,0.12029900029301643,1,0.12029900029301643
,academy_3_vs_1_with_keeper,42,collect_rollout,4823,0,1801,-0.18180314835626632,False,False,0.0,0.0,0,0,0,0.0,0.0,0.0,0.0,-0.18180314835626632,1,-0.18180314835626632
,academy_3_vs_1_with_keeper,42,collect_rollout,4824,0,15,-0.006666666362434626,False,False,0.0,0.0,0,0,0,0.0,0.0,0.0,0.0,-0.006666666362434626,1,-0.006666666362434626
,academy_3_vs_1_with_keeper,42,collect_rollout,4825,0,32,2.1404858212918043,False,False,0.0,0.0,0,0,0,0.0,0.0,0.0,0.0,2.1404858212918043,1,2.1404858212918043
,academy_3_vs_1_with_keeper,42,collect_rollout,4826,0,15,0.0,False,False,0.0,0.0,0,0,0,0.0,0.0,0.0,0.0,0.0,1,0.0
,academy_3_vs_1_with_keeper,42,collect_rollout,4827,0,33,2.1283127196365967,False,False,0.0,0.0,0,0,0,0.0,0.0,0.0,0.0,2.1283127196365967,1,2.1283127196365967
,academy_3_vs_1_with_keeper,42,collect_rollout,4828,0,18,0.0,False,False,0.0,0.0,0,0,0,0.0,0.0,0.0,0.0,0.0,1,0.0
,academy_3_vs_1_with_keeper,42,collect_rollout,4829,0,50,0.013707436039112508,False,False,0.0,0.0,0,0,0,0.0,0.0,0.0,0.0,0.013707436039112508,1,0.013707436039112508
,academy_3_vs_1_with_keeper,42,collect_rollout,4830,0,32,0.11865369603037834,False,False,0.0,0.0,0,0,0,0.0,0.0,0.0,0.0,0.11865369603037834,1,0.11865369603037834
,academy_3_vs_1_with_keeper,42,collect_rollout,4831,0,6,0.047181562054902315,False,False,0.0,0.0,0,0,0,0.0,0.0,0.0,0.0,0.047181562054902315,1,0.047181562054902315
,academy_3_vs_1_with_keeper,42,collect_rollout,4832,0,79,0.1101868428522721,False,False,0.0,0.0,0,0,0,0.0,0.0,0.0,0.0,0.1101868428522721,1,0.1101868428522721
,academy_3_vs_1_with_keeper,42,collect_rollout,4833,0,22,-0.006666666362434626,False,False,0.0,0.0,0,0,0,0.0,0.0,0.0,0.0,-0.006666666362434626,1,-0.006666666362434626
,academy_3_vs_1_with_keeper,42,collect_rollout,4834,0,31,2.1276476744387764,False,False,0.0,0.0,0,0,0,0.0,0.0,0.0,0.0,2.1276476744387764,1,2.1276476744387764
,academy_3_vs_1_with_keeper,42,collect_rollout,4835,0,18,-0.003333333181217313,False,False,0.0,0.0,0,0,0,0.0,0.0,0.0,0.0,-0.003333333181217313,1,-0.003333333181217313
,academy_3_vs_1_with_keeper,42,collect_rollout,4836,0,24,0.11705404617168824,False,False,0.0,0.0,0,0,0,0.0,0.0,0.0,0.0,0.11705404617168824,1,0.11705404617168824
,academy_3_vs_1_with_keeper,42,collect_rollout,4837,0,22,-0.006666666362434626,False,False,0.0,0.0,0,0,0,0.0,0.0,0.0,0.0,-0.006666666362434626,1,-0.006666666362434626
,academy_3_vs_1_with_keeper,42,collect_rollout,4838,0,13,0.016755529213696718,False,False,0.0,0.0,0,0,0,0.0,0.0,0.0,0.0,0.016755529213696718,1,0.016755529213696718
,academy_3_vs_1_with_keeper,42,collect_rollout,4839,0,18,-0.003333333181217313,False,False,0.0,0.0,0,0,0,0.0,0.0,0.0,0.0,-0.003333333181217313,1,-0.003333333181217313
,academy_3_vs_1_with_keeper,42,collect_rollout,4840,0,19,-0.003333333181217313,False,False,0.0,0.0,0,0,0,0.0,0.0,0.0,0.0,-0.003333333181217313,1,-0.003333333181217313
,academy_3_vs_1_with_keeper,42,collect_rollout,4841,0,19,-0.003333333181217313,False,False,0.0,0.0,0,0,0,0.0,0.0,0.0,0.0,-0.003333333181217313,1,-0.003333333181217313
,academy_3_vs_1_with_keeper,42,collect_rollout,4842,0,28,0.10751931823324412,False,False,0.0,0.0,0,0,0,0.0,0.0,0.0,0.0,0.10751931823324412,1,0.10751931823324412
,academy_3_vs_1_with_keeper,42,collect_rollout,4843,0,39,2.116523701348342,False,False,0.0,0.0,0,0,0,0.0,0.0,0.0,0.0,2.116523701348342,1,2.116523701348342
,academy_3_vs_1_with_keeper,42,collect_rollout,4844,0,14,0.0,False,False,0.0,0.0,0,0,0,0.0,0.0,0.0,0.0,0.0,1,0.0
,academy_3_vs_1_with_keeper,42,collect_rollout,4845,0,19,-0.013333332724869251,False,False,0.0,0.0,0,0,0,0.0,0.0,0.0,0.0,-0.013333332724869251,1,-0.013333332724869251
,academy_3_vs_1_with_keeper,42,collect_rollout,4846,0,30,2.1324990371940657,False,False,0.0,0.0,0,0,0,0.0,0.0,0.0,0.0,2.1324990371940657,1,2.1324990371940657
,academy_3_vs_1_with_keeper,42,collect_rollout,4847,0,16,0.0,False,False,0.0,0.0,0,0,0,0.0,0.0,0.0,0.0,0.0,1,0.0
,academy_3_vs_1_with_keeper,42,collect_rollout,4848,0,18,-0.013333332724869251,False,False,0.0,0.0,0,0,0,0.0,0.0,0.0,0.0,-0.013333332724869251,1,-0.013333332724869251
,academy_3_vs_1_with_keeper,42,collect_rollout,4849,0,77,0.05143163033062592,False,False,0.0,0.0,0,0,0,0.0,0.0,0.0,0.0,0.05143163033062592,1,0.05143163033062592
,academy_3_vs_1_with_keeper,42,collect_rollout,4850,0,30,0.11427071259822696,False,False,0.0,0.0,0,0,0,0.0,0.0,0.0,0.0,0.11427071259822696,1,0.11427071259822696
,academy_3_vs_1_with_keeper,42,collect_rollout,4851,0,19,0.0,False,False,0.0,0.0,0,0,0,0.0,0.0,0.0,0.0,0.0,1,0.0
,academy_3_vs_1_with_keeper,42,collect_rollout,4852,0,19,-0.006666666362434626,False,False,0.0,0.0,0,0,0,0.0,0.0,0.0,0.0,-0.006666666362434626,1,-0.006666666362434626
,academy_3_vs_1_with_keeper,42,collect_rollout,4853,0,40,0.0675968003924936,False,False,0.0,0.0,0,0,0,0.0,0.0,0.0,0.0,0.0675968003924936,1,0.0675968003924936
,academy_3_vs_1_with_keeper,42,collect_rollout,4854,0,10,0.024718551605474204,False,False,0.0,0.0,0,0,0,0.0,0.0,0.0,0.0,0.024718551605474204,1,0.024718551605474204
,academy_3_vs_1_with_keeper,42,collect_rollout,4855,0,22,-0.003333333181217313,False,False,0.0,0.0,0,0,0,0.0,0.0,0.0,0.0,-0.003333333181217313,1,-0.003333333181217313
,academy_3_vs_1_with_keeper,42,collect_rollout,4856,0,45,0.13101853791158646,False,False,0.0,0.0,0,0,0,0.0,0.0,0.0,0.0,0.13101853791158646,1,0.13101853791158646
,academy_3_vs_1_with_keeper,42,collect_rollout,4857,0,49,0.10776518505008426,False,False,0.0,0.0,0,0,0,0.0,0.0,0.0,0.0,0.10776518505008426,1,0.10776518505008426
,academy_3_vs_1_with_keeper,42,collect_rollout,4858,0,20,-0.009999999543651938,False,False,0.0,0.0,0,0,0,0.0,0.0,0.0,0.0,-0.009999999543651938,1,-0.009999999543651938
,academy_3_vs_1_with_keeper,42,collect_rollout,4859,0,15,0.0,False,False,0.0,0.0,0,0,0,0.0,0.0,0.0,0.0,0.0,1,0.0
,academy_3_vs_1_with_keeper,42,collect_rollout,4860,0,13,0.015037737786769867,False,False,0.0,0.0,0,0,0,0.0,0.0,0.0,0.0,0.015037737786769867,1,0.015037737786769867
,academy_3_vs_1_with_keeper,42,collect_rollout,4861,0,30,0.1047039010154549,False,False,0.0,0.0,0,0,0,0.0,0.0,0.0,0.0,0.1047039010154549,1,0.1047039010154549
,academy_3_vs_1_with_keeper,42,collect_rollout,4862,0,21,-0.016666665906086564,False,False,0.0,0.0,0,0,0,0.0,0.0,0.0,0.0,-0.016666665906086564,1,-0.016666665906086564
,academy_3_vs_1_with_keeper,42,collect_rollout,4863,0,36,2.1083728588419035,False,False,0.0,0.0,0,0,0,0.0,0.0,0.0,0.0,2.1083728588419035,1,2.1083728588419035
,academy_3_vs_1_with_keeper,42,collect_rollout,4864,0,24,2.1378622902557254,False,False,0.0,0.0,0,0,0,0.0,0.0,0.0,0.0,2.1378622902557254,1,2.1378622902557254
,academy_3_vs_1_with_keeper,42,collect_rollout,4865,0,87,0.3500588484457694,False,False,0.0,0.0,0,0,0,0.0,0.0,0.0,0.0,0.3500588484457694,1,0.3500588484457694
,academy_3_vs_1_with_keeper,42,collect_rollout,4866,0,9,0.031621823902241886,False,False,0.0,0.0,0,0,0,0.0,0.0,0.0,0.0,0.031621823902241886,1,0.031621823902241886
,academy_3_vs_1_with_keeper,42,collect_rollout,4867,0,21,-0.006666666362434626,False,False,0.0,0.0,0,0,0,0.0,0.0,0.0,0.0,-0.006666666362434626,1,-0.006666666362434626
,academy_3_vs_1_with_keeper,42,collect_rollout,4868,0,41,0.11108119686832651,False,False,0.0,0.0,0,0,0,0.0,0.0,0.0,0.0,0.11108119686832651,1,0.11108119686832651
,academy_3_vs_1_with_keeper,42,collect_rollout,4869,0,27,0.10760629526339471,False,False,0.0,0.0,0,0,0,0.0,0.0,0.0,0.0,0.10760629526339471,1,0.10760629526339471
,academy_3_vs_1_with_keeper,42,collect_rollout,4870,0,17,-0.003333333181217313,False,False,0.0,0.0,0,0,0,0.0,0.0,0.0,0.0,-0.003333333181217313,1,-0.003333333181217313
,academy_3_vs_1_with_keeper,42,collect_rollout,4871,0,37,0.11278809180657845,False,False,0.0,0.0,0,0,0,0.0,0.0,0.0,0.0,0.11278809180657845,1,0.11278809180657845
,academy_3_vs_1_with_keeper,42,collect_rollout,4872,0,23,0.12026642134878784,False,False,0.0,0.0,0,0,0,0.0,0.0,0.0,0.0,0.12026642134878784,1,0.12026642134878784
,academy_3_vs_1_with_keeper,42,collect_rollout,4873,0,19,-0.006666666362434626,False,False,0.0,0.0,0,0,0,0.0,0.0,0.0,0.0,-0.006666666362434626,1,-0.006666666362434626
,academy_3_vs_1_with_keeper,42,collect_rollout,4874,0,16,0.0206243428401649,False,False,0.0,0.0,0,0,0,0.0,0.0,0.0,0.0,0.0206243428401649,1,0.0206243428401649
,academy_3_vs_1_with_keeper,42,collect_rollout,4875,0,14,-0.003333333181217313,False,False,0.0,0.0,0,0,0,0.0,0.0,0.0,0.0,-0.003333333181217313,1,-0.003333333181217313
,academy_3_vs_1_with_keeper,42,collect_rollout,4876,0,35,0.07814263692125678,False,False,0.0,0.0,0,0,0,0.0,0.0,0.0,0.0,0.07814263692125678,1,0.07814263692125678
,academy_3_vs_1_with_keeper,42,collect_rollout,4877,0,30,2.118025367963128,False,False,0.0,0.0,0,0,0,0.0,0.0,0.0,0.0,2.118025367963128,1,2.118025367963128
,academy_3_vs_1_with_keeper,42,collect_rollout,4878,0,17,-0.006666666362434626,False,False,0.0,0.0,0,0,0,0.0,0.0,0.0,0.0,-0.006666666362434626,1,-0.006666666362434626
,academy_3_vs_1_with_keeper,42,collect_rollout,4879,0,55,0.09913258120650426,False,False,0.0,0.0,0,0,0,0.0,0.0,0.0,0.0,0.09913258120650426,1,0.09913258120650426
,academy_3_vs_1_with_keeper,42,collect_rollout,4880,0,21,-0.003333333181217313,False,False,0.0,0.0,0,0,0,0.0,0.0,0.0,0.0,-0.003333333181217313,1,-0.003333333181217313
,academy_3_vs_1_with_keeper,42,collect_rollout,4881,0,34,-0.004262369009666145,False,False,0.0,0.0,0,0,0,0.0,0.0,0.0,0.0,-0.004262369009666145,1,-0.004262369009666145
,academy_3_vs_1_with_keeper,42,collect_rollout,4882,0,17,-0.003333333181217313,False,False,0.0,0.0,0,0,0,0.0,0.0,0.0,0.0,-0.003333333181217313,1,-0.003333333181217313
,academy_3_vs_1_with_keeper,42,collect_rollout,4883,0,19,-0.003333333181217313,False,False,0.0,0.0,0,0,0,0.0,0.0,0.0,0.0,-0.003333333181217313,1,-0.003333333181217313
,academy_3_vs_1_with_keeper,42,collect_rollout,4884,0,14,0.024166581250028685,False,False,0.0,0.0,0,0,0,0.0,0.0,0.0,0.0,0.024166581250028685,1,0.024166581250028685
,academy_3_vs_1_with_keeper,42,collect_rollout,4885,0,22,-0.006666666362434626,False,False,0.0,0.0,0,0,0,0.0,0.0,0.0,0.0,-0.006666666362434626,1,-0.006666666362434626
,academy_3_vs_1_with_keeper,42,collect_rollout,4886,0,14,-0.006666666362434626,False,False,0.0,0.0,0,0,0,0.0,0.0,0.0,0.0,-0.006666666362434626,1,-0.006666666362434626
,academy_3_vs_1_with_keeper,42,collect_rollout,4887,0,32,2.123213124636095,False,False,0.0,0.0,0,0,0,0.0,0.0,0.0,0.0,2.123213124636095,1,2.123213124636095
,academy_3_vs_1_with_keeper,42,collect_rollout,4888,0,22,-0.003333333181217313,False,False,0.0,0.0,0,0,0,0.0,0.0,0.0,0.0,-0.003333333181217313,1,-0.003333333181217313
,academy_3_vs_1_with_keeper,42,collect_rollout,4889,0,81,0.11386951815802604,False,False,0.0,0.0,0,0,0,0.0,0.0,0.0,0.0,0.11386951815802604,1,0.11386951815802604
,academy_3_vs_1_with_keeper,42,collect_rollout,4890,0,17,0.0,False,False,0.0,0.0,0,0,0,0.0,0.0,0.0,0.0,0.0,1,0.0
,academy_3_vs_1_with_keeper,42,collect_rollout,4891,0,7,0.0316856970457593,False,False,0.0,0.0,0,0,0,0.0,0.0,0.0,0.0,0.0316856970457593,1,0.0316856970457593
,academy_3_vs_1_with_keeper,42,collect_rollout,4892,0,9,0.02053040568716824,False,False,0.0,0.0,0,0,0,0.0,0.0,0.0,0.0,0.02053040568716824,1,0.02053040568716824
,academy_3_vs_1_with_keeper,42,collect_rollout,4893,0,32,2.114453017100459,False,False,0.0,0.0,0,0,0,0.0,0.0,0.0,0.0,2.114453017100459,1,2.114453017100459
,academy_3_vs_1_with_keeper,42,collect_rollout,4894,0,18,0.0,False,False,0.0,0.0,0,0,0,0.0,0.0,0.0,0.0,0.0,1,0.0
,academy_3_vs_1_with_keeper,42,collect_rollout,4895,0,12,0.027773970388807356,False,False,0.0,0.0,0,0,0,0.0,0.0,0.0,0.0,0.027773970388807356,1,0.027773970388807356
,academy_3_vs_1_with_keeper,42,collect_rollout,4896,0,16,-0.003333333181217313,False,False,0.0,0.0,0,0,0,0.0,0.0,0.0,0.0,-0.003333333181217313,1,-0.003333333181217313
,academy_3_vs_1_with_keeper,42,collect_rollout,4897,0,17,-0.003333333181217313,False,False,0.0,0.0,0,0,0,0.0,0.0,0.0,0.0,-0.003333333181217313,1,-0.003333333181217313
,academy_3_vs_1_with_keeper,42,collect_rollout,4898,0,33,0.09655617442331277,False,False,0.0,0.0,0,0,0,0.0,0.0,0.0,0.0,0.09655617442331277,1,0.09655617442331277
,academy_3_vs_1_with_keeper,42,collect_rollout,4899,0,32,0.11240525648463517,False,False,0.0,0.0,0,0,0,0.0,0.0,0.0,0.0,0.11240525648463517,1,0.11240525648463517
,academy_3_vs_1_with_keeper,42,collect_rollout,4900,0,45,0.12133803288452327,False,False,0.0,0.0,0,0,0,0.0,0.0,0.0,0.0,0.12133803288452327,1,0.12133803288452327
,academy_3_vs_1_with_keeper,42,collect_rollout,4901,0,34,2.1428866899805143,False,False,0.0,0.0,0,0,0,0.0,0.0,0.0,0.0,2.1428866899805143,1,2.1428866899805143
,academy_3_vs_1_with_keeper,42,collect_rollout,4902,0,18,-0.003333333181217313,False,False,0.0,0.0,0,0,0,0.0,0.0,0.0,0.0,-0.003333333181217313,1,-0.003333333181217313
,academy_3_vs_1_with_keeper,42,collect_rollout,4903,0,41,0.1354726004647091,False,False,0.0,0.0,0,0,0,0.0,0.0,0.0,0.0,0.1354726004647091,1,0.1354726004647091
,academy_3_vs_1_with_keeper,42,collect_rollout,4904,0,16,0.0,False,False,0.0,0.0,0,0,0,0.0,0.0,0.0,0.0,0.0,1,0.0
,academy_3_vs_1_with_keeper,42,collect_rollout,4905,0,8,0.036009201081469655,False,False,0.0,0.0,0,0,0,0.0,0.0,0.0,0.0,0.036009201081469655,1,0.036009201081469655
,academy_3_vs_1_with_keeper,42,collect_rollout,4906,0,32,0.10862931163137546,False,False,0.0,0.0,0,0,0,0.0,0.0,0.0,0.0,0.10862931163137546,1,0.10862931163137546
,academy_3_vs_1_with_keeper,42,collect_rollout,4907,0,20,-0.003333333181217313,False,False,0.0,0.0,0,0,0,0.0,0.0,0.0,0.0,-0.003333333181217313,1,-0.003333333181217313
,academy_3_vs_1_with_keeper,42,collect_rollout,4908,0,9,0.031227880623191595,False,False,0.0,0.0,0,0,0,0.0,0.0,0.0,0.0,0.031227880623191595,1,0.031227880623191595
,academy_3_vs_1_with_keeper,42,collect_rollout,4909,0,84,0.10579987564869953,False,False,0.0,0.0,0,0,0,0.0,0.0,0.0,0.0,0.10579987564869953,1,0.10579987564869953
,academy_3_vs_1_with_keeper,42,collect_rollout,4910,0,26,0.12569244659971446,False,False,0.0,0.0,0,0,0,0.0,0.0,0.0,0.0,0.12569244659971446,1,0.12569244659971446
,academy_3_vs_1_with_keeper,42,collect_rollout,4911,0,17,-0.006666666362434626,False,False,0.0,0.0,0,0,0,0.0,0.0,0.0,0.0,-0.006666666362434626,1,-0.006666666362434626
,academy_3_vs_1_with_keeper,42,collect_rollout,4912,0,33,0.11537803651299328,False,False,0.0,0.0,0,0,0,0.0,0.0,0.0,0.0,0.11537803651299328,1,0.11537803651299328
,academy_3_vs_1_with_keeper,42,collect_rollout,4913,0,32,0.0948035213368712,False,False,0.0,0.0,0,0,0,0.0,0.0,0.0,0.0,0.0948035213368712,1,0.0948035213368712
,academy_3_vs_1_with_keeper,42,collect_rollout,4914,0,6,0.035838950891047716,False,False,0.0,0.0,0,0,0,0.0,0.0,0.0,0.0,0.035838950891047716,1,0.035838950891047716
,academy_3_vs_1_with_keeper,42,collect_rollout,4915,0,17,-0.003333333181217313,False,False,0.0,0.0,0,0,0,0.0,0.0,0.0,0.0,-0.003333333181217313,1,-0.003333333181217313
,academy_3_vs_1_with_keeper,42,collect_rollout,4916,0,8,0.039877456612885,False,False,0.0,0.0,0,0,0,0.0,0.0,0.0,0.0,0.039877456612885,1,0.039877456612885
,academy_3_vs_1_with_keeper,42,collect_rollout,4917,0,24,-0.003333333181217313,False,False,0.0,0.0,0,0,0,0.0,0.0,0.0,0.0,-0.003333333181217313,1,-0.003333333181217313
,academy_3_vs_1_with_keeper,42,collect_rollout,4918,0,17,-0.006666666362434626,False,False,0.0,0.0,0,0,0,0.0,0.0,0.0,0.0,-0.006666666362434626,1,-0.006666666362434626
,academy_3_vs_1_with_keeper,42,collect_rollout,4919,0,19,0.0,False,False,0.0,0.0,0,0,0,0.0,0.0,0.0,0.0,0.0,1,0.0
,academy_3_vs_1_with_keeper,42,collect_rollout,4920,0,19,0.0,False,False,0.0,0.0,0,0,0,0.0,0.0,0.0,0.0,0.0,1,0.0
,academy_3_vs_1_with_keeper,42,collect_rollout,4921,0,47,-0.0020002323435619473,False,False,0.0,0.0,0,0,0,0.0,0.0,0.0,0.0,-0.0020002323435619473,1,-0.0020002323435619473
,academy_3_vs_1_with_keeper,42,collect_rollout,4922,0,17,0.0,False,False,0.0,0.0,0,0,0,0.0,0.0,0.0,0.0,0.0,1,0.0
,academy_3_vs_1_with_keeper,42,collect_rollout,4923,0,28,2.137534839916043,False,False,0.0,0.0,0,0,0,0.0,0.0,0.0,0.0,2.137534839916043,1,2.137534839916043
,academy_3_vs_1_with_keeper,42,collect_rollout,4924,0,49,0.05040679272497073,False,False,0.0,0.0,0,0,0,0.0,0.0,0.0,0.0,0.05040679272497073,1,0.05040679272497073
,academy_3_vs_1_with_keeper,42,collect_rollout,4925,0,27,0.12099440363817848,False,False,0.0,0.0,0,0,0,0.0,0.0,0.0,0.0,0.12099440363817848,1,0.12099440363817848
,academy_3_vs_1_with_keeper,42,collect_rollout,4926,0,17,0.0,False,False,0.0,0.0,0,0,0,0.0,0.0,0.0,0.0,0.0,1,0.0
,academy_3_vs_1_with_keeper,42,collect_rollout,4927,0,7,0.030655967071652412,False,False,0.0,0.0,0,0,0,0.0,0.0,0.0,0.0,0.030655967071652412,1,0.030655967071652412
,academy_3_vs_1_with_keeper,42,collect_rollout,4928,0,15,0.02530748664867133,False,False,0.0,0.0,0,0,0,0.0,0.0,0.0,0.0,0.02530748664867133,1,0.02530748664867133
,academy_3_vs_1_with_keeper,42,collect_rollout,4929,0,236,0.21248068393106223,False,False,0.0,0.0,0,0,0,0.0,0.0,0.0,0.0,0.21248068393106223,1,0.21248068393106223
,academy_3_vs_1_with_keeper,42,collect_rollout,4930,0,17,0.014422128442674875,False,False,0.0,0.0,0,0,0,0.0,0.0,0.0,0.0,0.014422128442674875,1,0.014422128442674875
,academy_3_vs_1_with_keeper,42,collect_rollout,4931,0,33,0.12721698661334813,False,False,0.0,0.0,0,0,0,0.0,0.0,0.0,0.0,0.12721698661334813,1,0.12721698661334813
,academy_3_vs_1_with_keeper,42,collect_rollout,4932,0,12,0.010066241181448277,False,False,0.0,0.0,0,0,0,0.0,0.0,0.0,0.0,0.010066241181448277,1,0.010066241181448277
,academy_3_vs_1_with_keeper,42,collect_rollout,4933,0,19,-0.006666666362434626,False,False,0.0,0.0,0,0,0,0.0,0.0,0.0,0.0,-0.006666666362434626,1,-0.006666666362434626
,academy_3_vs_1_with_keeper,42,collect_rollout,4934,0,17,-0.006666666362434626,False,False,0.0,0.0,0,0,0,0.0,0.0,0.0,0.0,-0.006666666362434626,1,-0.006666666362434626
,academy_3_vs_1_with_keeper,42,collect_rollout,4935,0,34,0.0863128237760975,False,False,0.0,0.0,0,0,0,0.0,0.0,0.0,0.0,0.0863128237760975,1,0.0863128237760975
,academy_3_vs_1_with_keeper,42,collect_rollout,4936,0,16,-0.006666666362434626,False,False,0.0,0.0,0,0,0,0.0,0.0,0.0,0.0,-0.006666666362434626,1,-0.006666666362434626
,academy_3_vs_1_with_keeper,42,collect_rollout,4937,0,34,2.1202512363088317,False,False,0.0,0.0,0,0,0,0.0,0.0,0.0,0.0,2.1202512363088317,1,2.1202512363088317
,academy_3_vs_1_with_keeper,42,collect_rollout,4938,0,35,0.09572471550200135,False,False,0.0,0.0,0,0,0,0.0,0.0,0.0,0.0,0.09572471550200135,1,0.09572471550200135
,academy_3_vs_1_with_keeper,42,collect_rollout,4939,0,40,0.12675497285090387,False,False,0.0,0.0,0,0,0,0.0,0.0,0.0,0.0,0.12675497285090387,1,0.12675497285090387
,academy_3_vs_1_with_keeper,42,collect_rollout,4940,0,18,-0.006246437085792422,False,False,0.0,0.0,0,0,0,0.0,0.0,0.0,0.0,-0.006246437085792422,1,-0.006246437085792422
,academy_3_vs_1_with_keeper,42,collect_rollout,4941,0,16,0.009631328750401735,False,False,0.0,0.0,0,0,0,0.0,0.0,0.0,0.0,0.009631328750401735,1,0.009631328750401735
,academy_3_vs_1_with_keeper,42,collect_rollout,4942,0,33,0.08512884972151369,False,False,0.0,0.0,0,0,0,0.0,0.0,0.0,0.0,0.08512884972151369,1,0.08512884972151369
,academy_3_vs_1_with_keeper,42,collect_rollout,4943,0,21,0.0,False,False,0.0,0.0,0,0,0,0.0,0.0,0.0,0.0,0.0,1,0.0
,academy_3_vs_1_with_keeper,42,collect_rollout,4944,0,18,-0.006666666362434626,False,False,0.0,0.0,0,0,0,0.0,0.0,0.0,0.0,-0.006666666362434626,1,-0.006666666362434626
,academy_3_vs_1_with_keeper,42,collect_rollout,4945,0,17,-0.003333333181217313,False,False,0.0,0.0,0,0,0,0.0,0.0,0.0,0.0,-0.003333333181217313,1,-0.003333333181217313
,academy_3_vs_1_with_keeper,42,collect_rollout,4946,0,16,0.004490757593885064,False,False,0.0,0.0,0,0,0,0.0,0.0,0.0,0.0,0.004490757593885064,1,0.004490757593885064
,academy_3_vs_1_with_keeper,42,collect_rollout,4947,0,10,0.030244968831539154,False,False,0.0,0.0,0,0,0,0.0,0.0,0.0,0.0,0.030244968831539154,1,0.030244968831539154
,academy_3_vs_1_with_keeper,42,collect_rollout,4948,0,11,0.023886376759037375,False,False,0.0,0.0,0,0,0,0.0,0.0,0.0,0.0,0.023886376759037375,1,0.023886376759037375
,academy_3_vs_1_with_keeper,42,collect_rollout,4949,0,18,-0.003333333181217313,False,False,0.0,0.0,0,0,0,0.0,0.0,0.0,0.0,-0.003333333181217313,1,-0.003333333181217313
,academy_3_vs_1_with_keeper,42,collect_rollout,4950,0,18,0.0,False,False,0.0,0.0,0,0,0,0.0,0.0,0.0,0.0,0.0,1,0.0
,academy_3_vs_1_with_keeper,42,collect_rollout,4951,0,47,0.007286131731234491,False,False,0.0,0.0,0,0,0,0.0,0.0,0.0,0.0,0.007286131731234491,1,0.007286131731234491
,academy_3_vs_1_with_keeper,42,collect_rollout,4952,0,24,2.1339028913062066,False,False,0.0,0.0,0,0,0,0.0,0.0,0.0,0.0,2.1339028913062066,1,2.1339028913062066
,academy_3_vs_1_with_keeper,42,collect_rollout,4953,0,20,0.0,False,False,0.0,0.0,0,0,0,0.0,0.0,0.0,0.0,0.0,1,0.0
,academy_3_vs_1_with_keeper,42,collect_rollout,4954,0,11,0.03882506175432354,False,False,0.0,0.0,0,0,0,0.0,0.0,0.0,0.0,0.03882506175432354,1,0.03882506175432354
,academy_3_vs_1_with_keeper,42,collect_rollout,4955,0,18,-0.003333333181217313,False,False,0.0,0.0,0,0,0,0.0,0.0,0.0,0.0,-0.003333333181217313,1,-0.003333333181217313
,academy_3_vs_1_with_keeper,42,collect_rollout,4956,0,83,0.03507388756406726,False,False,0.0,0.0,0,0,0,0.0,0.0,0.0,0.0,0.03507388756406726,1,0.03507388756406726
,academy_3_vs_1_with_keeper,42,collect_rollout,4957,0,19,-0.009999999543651938,False,False,0.0,0.0,0,0,0,0.0,0.0,0.0,0.0,-0.009999999543651938,1,-0.009999999543651938
,academy_3_vs_1_with_keeper,42,collect_rollout,4958,0,19,0.0,False,False,0.0,0.0,0,0,0,0.0,0.0,0.0,0.0,0.0,1,0.0
,academy_3_vs_1_with_keeper,42,collect_rollout,4959,0,16,0.01523209409788251,False,False,0.0,0.0,0,0,0,0.0,0.0,0.0,0.0,0.01523209409788251,1,0.01523209409788251
,academy_3_vs_1_with_keeper,42,collect_rollout,4960,0,16,0.007239863043650985,False,False,0.0,0.0,0,0,0,0.0,0.0,0.0,0.0,0.007239863043650985,1,0.007239863043650985
,academy_3_vs_1_with_keeper,42,collect_rollout,4961,0,12,0.015540670952759683,False,False,0.0,0.0,0,0,0,0.0,0.0,0.0,0.0,0.015540670952759683,1,0.015540670952759683
,academy_3_vs_1_with_keeper,42,collect_rollout,4962,0,22,0.0,False,False,0.0,0.0,0,0,0,0.0,0.0,0.0,0.0,0.0,1,0.0
,academy_3_vs_1_with_keeper,42,collect_rollout,4963,0,18,-0.003333333181217313,False,False,0.0,0.0,0,0,0,0.0,0.0,0.0,0.0,-0.003333333181217313,1,-0.003333333181217313
,academy_3_vs_1_with_keeper,42,collect_rollout,4964,0,31,0.12383631519332994,False,False,0.0,0.0,0,0,0,0.0,0.0,0.0,0.0,0.12383631519332994,1,0.12383631519332994
,academy_3_vs_1_with_keeper,42,collect_rollout,4965,0,81,0.09295384347205982,False,False,0.0,0.0,0,0,0,0.0,0.0,0.0,0.0,0.09295384347205982,1,0.09295384347205982
,academy_3_vs_1_with_keeper,42,collect_rollout,4966,0,23,0.0,False,False,0.0,0.0,0,0,0,0.0,0.0,0.0,0.0,0.0,1,0.0
,academy_3_vs_1_with_keeper,42,collect_rollout,4967,0,16,0.0,False,False,0.0,0.0,0,0,0,0.0,0.0,0.0,0.0,0.0,1,0.0
,academy_3_vs_1_with_keeper,42,collect_rollout,4968,0,24,0.12663387617794797,False,False,0.0,0.0,0,0,0,0.0,0.0,0.0,0.0,0.12663387617794797,1,0.12663387617794797
,academy_3_vs_1_with_keeper,42,collect_rollout,4969,0,32,2.133508713392075,False,False,0.0,0.0,0,0,0,0.0,0.0,0.0,0.0,2.133508713392075,1,2.133508713392075
,academy_3_vs_1_with_keeper,42,collect_rollout,4970,0,27,0.11064286943292245,False,False,0.0,0.0,0,0,0,0.0,0.0,0.0,0.0,0.11064286943292245,1,0.11064286943292245
,academy_3_vs_1_with_keeper,42,collect_rollout,4971,0,34,0.09913278213389276,False,False,0.0,0.0,0,0,0,0.0,0.0,0.0,0.0,0.09913278213389276,1,0.09913278213389276
,academy_3_vs_1_with_keeper,42,collect_rollout,4972,0,19,-0.003333333181217313,False,False,0.0,0.0,0,0,0,0.0,0.0,0.0,0.0,-0.003333333181217313,1,-0.003333333181217313
,academy_3_vs_1_with_keeper,42,collect_rollout,4973,0,12,0.018418924999423325,False,False,0.0,0.0,0,0,0,0.0,0.0,0.0,0.0,0.018418924999423325,1,0.018418924999423325
,academy_3_vs_1_with_keeper,42,collect_rollout,4974,0,22,-0.009999999543651938,False,False,0.0,0.0,0,0,0,0.0,0.0,0.0,0.0,-0.009999999543651938,1,-0.009999999543651938
,academy_3_vs_1_with_keeper,42,collect_rollout,4975,0,22,-0.009999999543651938,False,False,0.0,0.0,0,0,0,0.0,0.0,0.0,0.0,-0.009999999543651938,1,-0.009999999543651938
,academy_3_vs_1_with_keeper,42,collect_rollout,4976,0,87,1.702046035847161,False,False,0.0,0.0,0,0,0,0.0,0.0,0.0,0.0,1.702046035847161,1,1.702046035847161
,academy_3_vs_1_with_keeper,42,collect_rollout,4977,0,19,-0.003333333181217313,False,False,0.0,0.0,0,0,0,0.0,0.0,0.0,0.0,-0.003333333181217313,1,-0.003333333181217313
,academy_3_vs_1_with_keeper,42,collect_rollout,4978,0,22,-0.016666665906086564,False,False,0.0,0.0,0,0,0,0.0,0.0,0.0,0.0,-0.016666665906086564,1,-0.016666665906086564
,academy_3_vs_1_with_keeper,42,collect_rollout,4979,0,15,0.013391363201662898,False,False,0.0,0.0,0,0,0,0.0,0.0,0.0,0.0,0.013391363201662898,1,0.013391363201662898
,academy_3_vs_1_with_keeper,42,collect_rollout,4980,0,21,-0.006666666362434626,False,False,0.0,0.0,0,0,0,0.0,0.0,0.0,0.0,-0.006666666362434626,1,-0.006666666362434626
,academy_3_vs_1_with_keeper,42,collect_rollout,4981,0,15,0.0,False,False,0.0,0.0,0,0,0,0.0,0.0,0.0,0.0,0.0,1,0.0
,academy_3_vs_1_with_keeper,42,collect_rollout,4982,0,19,0.0,False,False,0.0,0.0,0,0,0,0.0,0.0,0.0,0.0,0.0,1,0.0
,academy_3_vs_1_with_keeper,42,collect_rollout,4983,0,49,0.06024795033590635,False,False,0.0,0.0,0,0,0,0.0,0.0,0.0,0.0,0.06024795033590635,1,0.06024795033590635
,academy_3_vs_1_with_keeper,42,collect_rollout,4984,0,21,0.0,False,False,0.0,0.0,0,0,0,0.0,0.0,0.0,0.0,0.0,1,0.0
,academy_3_vs_1_with_keeper,42,collect_rollout,4985,0,8,0.04533916886430234,False,False,0.0,0.0,0,0,0,0.0,0.0,0.0,0.0,0.04533916886430234,1,0.04533916886430234
,academy_3_vs_1_with_keeper,42,collect_rollout,4986,0,19,0.004503936041146517,False,False,0.0,0.0,0,0,0,0.0,0.0,0.0,0.0,0.004503936041146517,1,0.004503936041146517
,academy_3_vs_1_with_keeper,42,collect_rollout,4987,0,18,-0.003333333181217313,False,False,0.0,0.0,0,0,0,0.0,0.0,0.0,0.0,-0.003333333181217313,1,-0.003333333181217313
,academy_3_vs_1_with_keeper,42,collect_rollout,4988,0,80,0.3192363891284913,False,False,0.0,0.0,0,0,0,0.0,0.0,0.0,0.0,0.3192363891284913,1,0.3192363891284913
,academy_3_vs_1_with_keeper,42,collect_rollout,4989,0,21,0.0,False,False,0.0,0.0,0,0,0,0.0,0.0,0.0,0.0,0.0,1,0.0
,academy_3_vs_1_with_keeper,42,collect_rollout,4990,0,13,0.027958743856288493,False,False,0.0,0.0,0,0,0,0.0,0.0,0.0,0.0,0.027958743856288493,1,0.027958743856288493
,academy_3_vs_1_with_keeper,42,collect_rollout,4991,0,16,0.0,False,False,0.0,0.0,0,0,0,0.0,0.0,0.0,0.0,0.0,1,0.0
,academy_3_vs_1_with_keeper,42,collect_rollout,4992,0,29,2.116059343883535,False,False,0.0,0.0,0,0,0,0.0,0.0,0.0,0.0,2.116059343883535,1,2.116059343883535
,academy_3_vs_1_with_keeper,42,collect_rollout,4993,0,12,0.026308911066735163,False,False,0.0,0.0,0,0,0,0.0,0.0,0.0,0.0,0.026308911066735163,1,0.026308911066735163
,academy_3_vs_1_with_keeper,42,collect_rollout,4994,0,19,-0.006666666362434626,False,False,0.0,0.0,0,0,0,0.0,0.0,0.0,0.0,-0.006666666362434626,1,-0.006666666362434626
,academy_3_vs_1_with_keeper,42,collect_rollout,4995,0,23,2.156717512290925,False,False,0.0,0.0,0,0,0,0.0,0.0,0.0,0.0,2.156717512290925,1,2.156717512290925
,academy_3_vs_1_with_keeper,42,collect_rollout,4996,0,14,0.010581437032669783,False,False,0.0,0.0,0,0,0,0.0,0.0,0.0,0.0,0.010581437032669783,1,0.010581437032669783
,academy_3_vs_1_with_keeper,42,collect_rollout,4997,0,23,-0.006666666362434626,False,False,0.0,0.0,0,0,0,0.0,0.0,0.0,0.0,-0.006666666362434626,1,-0.006666666362434626
,academy_3_vs_1_with_keeper,42,collect_rollout,4998,0,15,0.02231423871126026,False,False,0.0,0.0,0,0,0,0.0,0.0,0.0,0.0,0.02231423871126026,1,0.02231423871126026
,academy_3_vs_1_with_keeper,42,collect_rollout,4999,0,17,-0.003333333181217313,False,False,0.0,0.0,0,0,0,0.0,0.0,0.0,0.0,-0.003333333181217313,1,-0.003333333181217313
,academy_3_vs_1_with_keeper,42,collect_rollout,5000,0,83,-0.2969803015876096,False,False,0.0,0.0,0,0,0,0.0,0.0,0.0,0.0,-0.2969803015876096,1,-0.2969803015876096
,academy_3_vs_1_with_keeper,42,collect_rollout,5001,0,20,-0.005546831525862217,False,False,0.0,0.0,0,0,0,0.0,0.0,0.0,0.0,-0.005546831525862217,1,-0.005546831525862217
,academy_3_vs_1_with_keeper,42,collect_rollout,5002,0,16,0.0,False,False,0.0,0.0,0,0,0,0.0,0.0,0.0,0.0,0.0,1,0.0
,academy_3_vs_1_with_keeper,42,collect_rollout,5003,0,20,0.0,False,False,0.0,0.0,0,0,0,0.0,0.0,0.0,0.0,0.0,1,0.0
,academy_3_vs_1_with_keeper,42,collect_rollout,5004,0,20,0.0,False,False,0.0,0.0,0,0,0,0.0,0.0,0.0,0.0,0.0,1,0.0
,academy_3_vs_1_with_keeper,42,collect_rollout,5005,0,16,0.01665080653037876,False,False,0.0,0.0,0,0,0,0.0,0.0,0.0,0.0,0.01665080653037876,1,0.01665080653037876
,academy_3_vs_1_with_keeper,42,collect_rollout,5006,0,21,-0.003333333181217313,False,False,0.0,0.0,0,0,0,0.0,0.0,0.0,0.0,-0.003333333181217313,1,-0.003333333181217313
,academy_3_vs_1_with_keeper,42,collect_rollout,5007,0,30,2.1203281790949404,False,False,0.0,0.0,0,0,0,0.0,0.0,0.0,0.0,2.1203281790949404,1,2.1203281790949404
,academy_3_vs_1_with_keeper,42,collect_rollout,5008,0,46,0.0015150895342230797,False,False,0.0,0.0,0,0,0,0.0,0.0,0.0,0.0,0.0015150895342230797,1,0.0015150895342230797
,academy_3_vs_1_with_keeper,42,collect_rollout,5009,0,1801,0.08349581419679453,False,False,0.0,0.0,0,0,0,0.0,0.0,0.0,0.0,0.08349581419679453,1,0.08349581419679453
,academy_3_vs_1_with_keeper,42,collect_rollout,5010,0,83,0.11298279552647728,False,False,0.0,0.0,0,0,0,0.0,0.0,0.0,0.0,0.11298279552647728,1,0.11298279552647728
,academy_3_vs_1_with_keeper,42,collect_rollout,5011,0,35,0.12465575349051505,False,False,0.0,0.0,0,0,0,0.0,0.0,0.0,0.0,0.12465575349051505,1,0.12465575349051505
,academy_3_vs_1_with_keeper,42,collect_rollout,5012,0,21,0.0,False,False,0.0,0.0,0,0,0,0.0,0.0,0.0,0.0,0.0,1,0.0
,academy_3_vs_1_with_keeper,42,collect_rollout,5013,0,19,0.0,False,False,0.0,0.0,0,0,0,0.0,0.0,0.0,0.0,0.0,1,0.0
,academy_3_vs_1_with_keeper,42,collect_rollout,5014,0,26,2.146763852360891,False,False,0.0,0.0,0,0,0,0.0,0.0,0.0,0.0,2.146763852360891,1,2.146763852360891
,academy_3_vs_1_with_keeper,42,collect_rollout,5015,0,152,-0.013333332724869251,False,False,0.0,0.0,0,0,0,0.0,0.0,0.0,0.0,-0.013333332724869251,1,-0.013333332724869251
,academy_3_vs_1_with_keeper,42,collect_rollout,5016,0,22,-0.003333333181217313,False,False,0.0,0.0,0,0,0,0.0,0.0,0.0,0.0,-0.003333333181217313,1,-0.003333333181217313
,academy_3_vs_1_with_keeper,42,collect_rollout,5017,0,22,-0.013333332724869251,False,False,0.0,0.0,0,0,0,0.0,0.0,0.0,0.0,-0.013333332724869251,1,-0.013333332724869251
,academy_3_vs_1_with_keeper,42,collect_rollout,5018,0,29,0.10427067265845835,False,False,0.0,0.0,0,0,0,0.0,0.0,0.0,0.0,0.10427067265845835,1,0.10427067265845835
,academy_3_vs_1_with_keeper,42,collect_rollout,5019,0,33,2.139369099633768,False,False,0.0,0.0,0,0,0,0.0,0.0,0.0,0.0,2.139369099633768,1,2.139369099633768
,academy_3_vs_1_with_keeper,42,collect_rollout,5020,0,45,0.1239385669468902,False,False,0.0,0.0,0,0,0,0.0,0.0,0.0,0.0,0.1239385669468902,1,0.1239385669468902
,academy_3_vs_1_with_keeper,42,collect_rollout,5021,0,18,0.0,False,False,0.0,0.0,0,0,0,0.0,0.0,0.0,0.0,0.0,1,0.0
,academy_3_vs_1_with_keeper,42,collect_rollout,5022,0,15,0.0,False,False,0.0,0.0,0,0,0,0.0,0.0,0.0,0.0,0.0,1,0.0
,academy_3_vs_1_with_keeper,42,collect_rollout,5023,0,10,0.024011817993596196,False,False,0.0,0.0,0,0,0,0.0,0.0,0.0,0.0,0.024011817993596196,1,0.024011817993596196
,academy_3_vs_1_with_keeper,42,collect_rollout,5024,0,31,2.1489818347617984,False,False,0.0,0.0,0,0,0,0.0,0.0,0.0,0.0,2.1489818347617984,1,2.1489818347617984
,academy_3_vs_1_with_keeper,42,collect_rollout,5025,0,18,0.0,False,False,0.0,0.0,0,0,0,0.0,0.0,0.0,0.0,0.0,1,0.0
,academy_3_vs_1_with_keeper,42,collect_rollout,5026,0,30,0.0994260449660942,False,False,0.0,0.0,0,0,0,0.0,0.0,0.0,0.0,0.0994260449660942,1,0.0994260449660942
,academy_3_vs_1_with_keeper,42,collect_rollout,5027,0,16,0.0,False,False,0.0,0.0,0,0,0,0.0,0.0,0.0,0.0,0.0,1,0.0
,academy_3_vs_1_with_keeper,42,collect_rollout,5028,0,23,-0.013333332724869251,False,False,0.0,0.0,0,0,0,0.0,0.0,0.0,0.0,-0.013333332724869251,1,-0.013333332724869251
,academy_3_vs_1_with_keeper,42,collect_rollout,5029,0,17,0.011547418544068933,False,False,0.0,0.0,0,0,0,0.0,0.0,0.0,0.0,0.011547418544068933,1,0.011547418544068933
,academy_3_vs_1_with_keeper,42,collect_rollout,5030,0,19,2.1528252373682335,False,False,0.0,0.0,0,0,0,0.0,0.0,0.0,0.0,2.1528252373682335,1,2.1528252373682335
,academy_3_vs_1_with_keeper,42,collect_rollout,5031,0,16,0.0,False,False,0.0,0.0,0,0,0,0.0,0.0,0.0,0.0,0.0,1,0.0
,academy_3_vs_1_with_keeper,42,collect_rollout,5032,0,24,2.1329931609798223,False,False,0.0,0.0,0,0,0,0.0,0.0,0.0,0.0,2.1329931609798223,1,2.1329931609798223
,academy_3_vs_1_with_keeper,42,collect_rollout,5033,0,20,-0.003333333181217313,False,False,0.0,0.0,0,0,0,0.0,0.0,0.0,0.0,-0.003333333181217313,1,-0.003333333181217313
,academy_3_vs_1_with_keeper,42,collect_rollout,5034,0,23,-0.003333333181217313,False,False,0.0,0.0,0,0,0,0.0,0.0,0.0,0.0,-0.003333333181217313,1,-0.003333333181217313
,academy_3_vs_1_with_keeper,42,collect_rollout,5035,0,62,0.1309848129749298,False,False,0.0,0.0,0,0,0,0.0,0.0,0.0,0.0,0.1309848129749298,1,0.1309848129749298
,academy_3_vs_1_with_keeper,42,collect_rollout,5036,0,14,0.01806981908157468,False,False,0.0,0.0,0,0,0,0.0,0.0,0.0,0.0,0.01806981908157468,1,0.01806981908157468
,academy_3_vs_1_with_keeper,42,collect_rollout,5037,0,85,-0.07536746363621205,False,False,0.0,0.0,0,0,0,0.0,0.0,0.0,0.0,-0.07536746363621205,1,-0.07536746363621205
,academy_3_vs_1_with_keeper,42,collect_rollout,5038,0,15,-0.006666666362434626,False,False,0.0,0.0,0,0,0,0.0,0.0,0.0,0.0,-0.006666666362434626,1,-0.006666666362434626
,academy_3_vs_1_with_keeper,42,collect_rollout,5039,0,88,0.10958469595061615,False,False,0.0,0.0,0,0,0,0.0,0.0,0.0,0.0,0.10958469595061615,1,0.10958469595061615
,academy_3_vs_1_with_keeper,42,collect_rollout,5040,0,17,0.0,False,False,0.0,0.0,0,0,0,0.0,0.0,0.0,0.0,0.0,1,0.0
,academy_3_vs_1_with_keeper,42,collect_rollout,5041,0,50,0.1226475388975814,False,False,0.0,0.0,0,0,0,0.0,0.0,0.0,0.0,0.1226475388975814,1,0.1226475388975814
,academy_3_vs_1_with_keeper,42,collect_rollout,5042,0,27,0.10584542341530323,False,False,0.0,0.0,0,0,0,0.0,0.0,0.0,0.0,0.10584542341530323,1,0.10584542341530323
,academy_3_vs_1_with_keeper,42,collect_rollout,5043,0,22,0.0,False,False,0.0,0.0,0,0,0,0.0,0.0,0.0,0.0,0.0,1,0.0
,academy_3_vs_1_with_keeper,42,collect_rollout,5044,0,21,-0.006666666362434626,False,False,0.0,0.0,0,0,0,0.0,0.0,0.0,0.0,-0.006666666362434626,1,-0.006666666362434626
,academy_3_vs_1_with_keeper,42,collect_rollout,5045,0,8,0.025924350484274328,False,False,0.0,0.0,0,0,0,0.0,0.0,0.0,0.0,0.025924350484274328,1,0.025924350484274328
,academy_3_vs_1_with_keeper,42,collect_rollout,5046,0,57,2.185047624981962,False,False,0.0,0.0,0,0,0,0.0,0.0,0.0,0.0,2.185047624981962,1,2.185047624981962
,academy_3_vs_1_with_keeper,42,collect_rollout,5047,0,18,0.0,False,False,0.0,0.0,0,0,0,0.0,0.0,0.0,0.0,0.0,1,0.0
,academy_3_vs_1_with_keeper,42,collect_rollout,5048,0,19,2.14435106003657,False,False,0.0,0.0,0,0,0,0.0,0.0,0.0,0.0,2.14435106003657,1,2.14435106003657
,academy_3_vs_1_with_keeper,42,collect_rollout,5049,0,20,-0.013333332724869251,False,False,0.0,0.0,0,0,0,0.0,0.0,0.0,0.0,-0.013333332724869251,1,-0.013333332724869251
,academy_3_vs_1_with_keeper,42,collect_rollout,5050,0,23,0.11888897279277444,False,False,0.0,0.0,0,0,0,0.0,0.0,0.0,0.0,0.11888897279277444,1,0.11888897279277444
,academy_3_vs_1_with_keeper,42,collect_rollout,5051,0,34,0.07634638680610806,False,False,0.0,0.0,0,0,0,0.0,0.0,0.0,0.0,0.07634638680610806,1,0.07634638680610806
,academy_3_vs_1_with_keeper,42,collect_rollout,5052,0,16,-0.003333333181217313,False,False,0.0,0.0,0,0,0,0.0,0.0,0.0,0.0,-0.003333333181217313,1,-0.003333333181217313
,academy_3_vs_1_with_keeper,42,collect_rollout,5053,0,38,0.06116810324601829,False,False,0.0,0.0,0,0,0,0.0,0.0,0.0,0.0,0.06116810324601829,1,0.06116810324601829
,academy_3_vs_1_with_keeper,42,collect_rollout,5054,0,15,0.011812822194769979,False,False,0.0,0.0,0,0,0,0.0,0.0,0.0,0.0,0.011812822194769979,1,0.011812822194769979
,academy_3_vs_1_with_keeper,42,collect_rollout,5055,0,87,0.04223178788561199,False,False,0.0,0.0,0,0,0,0.0,0.0,0.0,0.0,0.04223178788561199,1,0.04223178788561199
,academy_3_vs_1_with_keeper,42,collect_rollout,5056,0,80,0.08092953485902399,False,False,0.0,0.0,0,0,0,0.0,0.0,0.0,0.0,0.08092953485902399,1,0.08092953485902399
,academy_3_vs_1_with_keeper,42,collect_rollout,5057,0,9,0.03886287333443761,False,False,0.0,0.0,0,0,0,0.0,0.0,0.0,0.0,0.03886287333443761,1,0.03886287333443761
,academy_3_vs_1_with_keeper,42,collect_rollout,5058,0,30,0.1274095562112052,False,False,0.0,0.0,0,0,0,0.0,0.0,0.0,0.0,0.1274095562112052,1,0.1274095562112052
,academy_3_vs_1_with_keeper,42,collect_rollout,5059,0,22,0.0,False,False,0.0,0.0,0,0,0,0.0,0.0,0.0,0.0,0.0,1,0.0
,academy_3_vs_1_with_keeper,42,collect_rollout,5060,0,29,0.10987864453636575,False,False,0.0,0.0,0,0,0,0.0,0.0,0.0,0.0,0.10987864453636575,1,0.10987864453636575
,academy_3_vs_1_with_keeper,42,collect_rollout,5061,0,18,0.0,False,False,0.0,0.0,0,0,0,0.0,0.0,0.0,0.0,0.0,1,0.0
,academy_3_vs_1_with_keeper,42,collect_rollout,5062,0,30,2.12589575824677,False,False,0.0,0.0,0,0,0,0.0,0.0,0.0,0.0,2.12589575824677,1,2.12589575824677
,academy_3_vs_1_with_keeper,42,collect_rollout,5063,0,19,-0.009999999543651938,False,False,0.0,0.0,0,0,0,0.0,0.0,0.0,0.0,-0.009999999543651938,1,-0.009999999543651938
,academy_3_vs_1_with_keeper,42,collect_rollout,5064,0,31,0.1011165115996846,False,False,0.0,0.0,0,0,0,0.0,0.0,0.0,0.0,0.1011165115996846,1,0.1011165115996846
,academy_3_vs_1_with_keeper,42,collect_rollout,5065,0,47,0.1254669011104852,False,False,0.0,0.0,0,0,0,0.0,0.0,0.0,0.0,0.1254669011104852,1,0.1254669011104852
,academy_3_vs_1_with_keeper,42,collect_rollout,5066,0,38,0.05539628292899579,False,False,0.0,0.0,0,0,0,0.0,0.0,0.0,0.0,0.05539628292899579,1,0.05539628292899579
,academy_3_vs_1_with_keeper,42,collect_rollout,5067,0,32,0.10653315909439698,False,False,0.0,0.0,0,0,0,0.0,0.0,0.0,0.0,0.10653315909439698,1,0.10653315909439698
,academy_3_vs_1_with_keeper,42,collect_rollout,5068,0,14,-0.006666666362434626,False,False,0.0,0.0,0,0,0,0.0,0.0,0.0,0.0,-0.006666666362434626,1,-0.006666666362434626
,academy_3_vs_1_with_keeper,42,collect_rollout,5069,0,34,2.1203289065742865,False,False,0.0,0.0,0,0,0,0.0,0.0,0.0,0.0,2.1203289065742865,1,2.1203289065742865
,academy_3_vs_1_with_keeper,42,collect_rollout,5070,0,83,0.10057727759703994,False,False,0.0,0.0,0,0,0,0.0,0.0,0.0,0.0,0.10057727759703994,1,0.10057727759703994
,academy_3_vs_1_with_keeper,42,collect_rollout,5071,0,35,0.05984873988199979,False,False,0.0,0.0,0,0,0,0.0,0.0,0.0,0.0,0.05984873988199979,1,0.05984873988199979
,academy_3_vs_1_with_keeper,42,collect_rollout,5072,0,13,0.022548707900568843,False,False,0.0,0.0,0,0,0,0.0,0.0,0.0,0.0,0.022548707900568843,1,0.022548707900568843
,academy_3_vs_1_with_keeper,42,collect_rollout,5073,0,20,0.0,False,False,0.0,0.0,0,0,0,0.0,0.0,0.0,0.0,0.0,1,0.0
,academy_3_vs_1_with_keeper,42,collect_rollout,5074,0,17,0.0,False,False,0.0,0.0,0,0,0,0.0,0.0,0.0,0.0,0.0,1,0.0
,academy_3_vs_1_with_keeper,42,collect_rollout,5075,0,20,-0.009999999543651938,False,False,0.0,0.0,0,0,0,0.0,0.0,0.0,0.0,-0.009999999543651938,1,-0.009999999543651938
,academy_3_vs_1_with_keeper,42,collect_rollout,5076,0,14,-0.006666666362434626,False,False,0.0,0.0,0,0,0,0.0,0.0,0.0,0.0,-0.006666666362434626,1,-0.006666666362434626
,academy_3_vs_1_with_keeper,42,collect_rollout,5077,0,14,-0.003333333181217313,False,False,0.0,0.0,0,0,0,0.0,0.0,0.0,0.0,-0.003333333181217313,1,-0.003333333181217313
,academy_3_vs_1_with_keeper,42,collect_rollout,5078,0,15,0.0,False,False,0.0,0.0,0,0,0,0.0,0.0,0.0,0.0,0.0,1,0.0
,academy_3_vs_1_with_keeper,42,collect_rollout,5079,0,22,-0.009999999543651938,False,False,0.0,0.0,0,0,0,0.0,0.0,0.0,0.0,-0.009999999543651938,1,-0.009999999543651938
,academy_3_vs_1_with_keeper,42,collect_rollout,5080,0,16,-0.003333333181217313,False,False,0.0,0.0,0,0,0,0.0,0.0,0.0,0.0,-0.003333333181217313,1,-0.003333333181217313
,academy_3_vs_1_with_keeper,42,collect_rollout,5081,0,10,0.03514957090374082,False,False,0.0,0.0,0,0,0,0.0,0.0,0.0,0.0,0.03514957090374082,1,0.03514957090374082
,academy_3_vs_1_with_keeper,42,collect_rollout,5082,0,16,0.0,False,False,0.0,0.0,0,0,0,0.0,0.0,0.0,0.0,0.0,1,0.0
,academy_3_vs_1_with_keeper,42,collect_rollout,5083,0,45,2.3444066277588718,False,False,0.0,0.0,0,0,0,0.0,0.0,0.0,0.0,2.3444066277588718,1,2.3444066277588718
,academy_3_vs_1_with_keeper,42,collect_rollout,5084,0,17,0.0,False,False,0.0,0.0,0,0,0,0.0,0.0,0.0,0.0,0.0,1,0.0
,academy_3_vs_1_with_keeper,42,collect_rollout,5085,0,32,0.11680216039530933,False,False,0.0,0.0,0,0,0,0.0,0.0,0.0,0.0,0.11680216039530933,1,0.11680216039530933
,academy_3_vs_1_with_keeper,42,collect_rollout,5086,0,503,2.1540472911437973,False,False,0.0,0.0,0,0,0,0.0,0.0,0.0,0.0,2.1540472911437973,1,2.1540472911437973
,academy_3_vs_1_with_keeper,42,collect_rollout,5087,0,55,2.241756494040601,False,False,0.0,0.0,0,0,0,0.0,0.0,0.0,0.0,2.241756494040601,1,2.241756494040601
,academy_3_vs_1_with_keeper,42,collect_rollout,5088,0,21,-0.006666666362434626,False,False,0.0,0.0,0,0,0,0.0,0.0,0.0,0.0,-0.006666666362434626,1,-0.006666666362434626
,academy_3_vs_1_with_keeper,42,collect_rollout,5089,0,16,-0.003333333181217313,False,False,0.0,0.0,0,0,0,0.0,0.0,0.0,0.0,-0.003333333181217313,1,-0.003333333181217313
,academy_3_vs_1_with_keeper,42,collect_rollout,5090,0,21,0.0,False,False,0.0,0.0,0,0,0,0.0,0.0,0.0,0.0,0.0,1,0.0
,academy_3_vs_1_with_keeper,42,collect_rollout,5091,0,20,-0.006666666362434626,False,False,0.0,0.0,0,0,0,0.0,0.0,0.0,0.0,-0.006666666362434626,1,-0.006666666362434626
,academy_3_vs_1_with_keeper,42,collect_rollout,5092,0,71,0.0037292171036824584,False,False,0.0,0.0,0,0,0,0.0,0.0,0.0,0.0,0.0037292171036824584,1,0.0037292171036824584
,academy_3_vs_1_with_keeper,42,collect_rollout,5093,0,15,0.010204654361587018,False,False,0.0,0.0,0,0,0,0.0,0.0,0.0,0.0,0.010204654361587018,1,0.010204654361587018
,academy_3_vs_1_with_keeper,42,collect_rollout,5094,0,33,2.118502512923442,False,False,0.0,0.0,0,0,0,0.0,0.0,0.0,0.0,2.118502512923442,1,2.118502512923442
,academy_3_vs_1_with_keeper,42,collect_rollout,5095,0,144,0.04412544390652329,False,False,0.0,0.0,0,0,0,0.0,0.0,0.0,0.0,0.04412544390652329,1,0.04412544390652329
,academy_3_vs_1_with_keeper,42,collect_rollout,5096,0,23,-0.009999999543651938,False,False,0.0,0.0,0,0,0,0.0,0.0,0.0,0.0,-0.009999999543651938,1,-0.009999999543651938
,academy_3_vs_1_with_keeper,42,collect_rollout,5097,0,8,0.04050823696888983,False,False,0.0,0.0,0,0,0,0.0,0.0,0.0,0.0,0.04050823696888983,1,0.04050823696888983
,academy_3_vs_1_with_keeper,42,collect_rollout,5098,0,17,0.01723337359726429,False,False,0.0,0.0,0,0,0,0.0,0.0,0.0,0.0,0.01723337359726429,1,0.01723337359726429
,academy_3_vs_1_with_keeper,42,collect_rollout,5099,0,12,0.026635312591679394,False,False,0.0,0.0,0,0,0,0.0,0.0,0.0,0.0,0.026635312591679394,1,0.026635312591679394
,academy_3_vs_1_with_keeper,42,collect_rollout,5100,0,15,0.0,False,False,0.0,0.0,0,0,0,0.0,0.0,0.0,0.0,0.0,1,0.0
,academy_3_vs_1_with_keeper,42,collect_rollout,5101,0,30,0.11430397121512215,False,False,0.0,0.0,0,0,0,0.0,0.0,0.0,0.0,0.11430397121512215,1,0.11430397121512215
,academy_3_vs_1_with_keeper,42,collect_rollout,5102,0,31,0.1262668416602537,False,False,0.0,0.0,0,0,0,0.0,0.0,0.0,0.0,0.1262668416602537,1,0.1262668416602537
,academy_3_vs_1_with_keeper,42,collect_rollout,5103,0,11,0.03854506532661617,False,False,0.0,0.0,0,0,0,0.0,0.0,0.0,0.0,0.03854506532661617,1,0.03854506532661617
,academy_3_vs_1_with_keeper,42,collect_rollout,5104,0,15,0.0,False,False,0.0,0.0,0,0,0,0.0,0.0,0.0,0.0,0.0,1,0.0
,academy_3_vs_1_with_keeper,42,collect_rollout,5105,0,41,0.28704149037366733,False,False,0.0,0.0,0,0,0,0.0,0.0,0.0,0.0,0.28704149037366733,1,0.28704149037366733
,academy_3_vs_1_with_keeper,42,collect_rollout,5106,0,108,-0.46597369882510975,False,False,0.0,0.0,0,0,0,0.0,0.0,0.0,0.0,-0.46597369882510975,1,-0.46597369882510975
,academy_3_vs_1_with_keeper,42,collect_rollout,5107,0,20,-0.009999999543651938,False,False,0.0,0.0,0,0,0,0.0,0.0,0.0,0.0,-0.009999999543651938,1,-0.009999999543651938
,academy_3_vs_1_with_keeper,42,collect_rollout,5108,0,27,0.12447869617608376,False,False,0.0,0.0,0,0,0,0.0,0.0,0.0,0.0,0.12447869617608376,1,0.12447869617608376
,academy_3_vs_1_with_keeper,42,collect_rollout,5109,0,9,0.041268904344178736,False,False,0.0,0.0,0,0,0,0.0,0.0,0.0,0.0,0.041268904344178736,1,0.041268904344178736
,academy_3_vs_1_with_keeper,42,collect_rollout,5110,0,17,-0.006666666362434626,False,False,0.0,0.0,0,0,0,0.0,0.0,0.0,0.0,-0.006666666362434626,1,-0.006666666362434626
,academy_3_vs_1_with_keeper,42,collect_rollout,5111,0,38,0.032846849877387285,False,False,0.0,0.0,0,0,0,0.0,0.0,0.0,0.0,0.032846849877387285,1,0.032846849877387285
,academy_3_vs_1_with_keeper,42,collect_rollout,5112,0,30,0.11843239446170628,False,False,0.0,0.0,0,0,0,0.0,0.0,0.0,0.0,0.11843239446170628,1,0.11843239446170628
,academy_3_vs_1_with_keeper,42,collect_rollout,5113,0,88,0.08894007239723578,False,False,0.0,0.0,0,0,0,0.0,0.0,0.0,0.0,0.08894007239723578,1,0.08894007239723578
,academy_3_vs_1_with_keeper,42,collect_rollout,5114,0,19,-0.003333333181217313,False,False,0.0,0.0,0,0,0,0.0,0.0,0.0,0.0,-0.003333333181217313,1,-0.003333333181217313
,academy_3_vs_1_with_keeper,42,collect_rollout,5115,0,25,0.11238678742665797,False,False,0.0,0.0,0,0,0,0.0,0.0,0.0,0.0,0.11238678742665797,1,0.11238678742665797
,academy_3_vs_1_with_keeper,42,collect_rollout,5116,0,29,0.12379899201914668,False,False,0.0,0.0,0,0,0,0.0,0.0,0.0,0.0,0.12379899201914668,1,0.12379899201914668
,academy_3_vs_1_with_keeper,42,collect_rollout,5117,0,46,0.2900880536180921,False,False,0.0,0.0,0,0,0,0.0,0.0,0.0,0.0,0.2900880536180921,1,0.2900880536180921
,academy_3_vs_1_with_keeper,42,collect_rollout,5118,0,59,-0.1075814476935193,False,False,0.0,0.0,0,0,0,0.0,0.0,0.0,0.0,-0.1075814476935193,1,-0.1075814476935193
,academy_3_vs_1_with_keeper,42,collect_rollout,5119,0,29,2.1404759645229205,False,False,0.0,0.0,0,0,0,0.0,0.0,0.0,0.0,2.1404759645229205,1,2.1404759645229205
,academy_3_vs_1_with_keeper,42,collect_rollout,5120,0,151,-0.02333333226852119,False,False,0.0,0.0,0,0,0,0.0,0.0,0.0,0.0,-0.02333333226852119,1,-0.02333333226852119
,academy_3_vs_1_with_keeper,42,collect_rollout,5121,0,87,0.10847533761989325,False,False,0.0,0.0,0,0,0,0.0,0.0,0.0,0.0,0.10847533761989325,1,0.10847533761989325
,academy_3_vs_1_with_keeper,42,collect_rollout,5122,0,28,0.11173411936033517,False,False,0.0,0.0,0,0,0,0.0,0.0,0.0,0.0,0.11173411936033517,1,0.11173411936033517
,academy_3_vs_1_with_keeper,42,collect_rollout,5123,0,21,-0.003333333181217313,False,False,0.0,0.0,0,0,0,0.0,0.0,0.0,0.0,-0.003333333181217313,1,-0.003333333181217313
,academy_3_vs_1_with_keeper,42,collect_rollout,5124,0,109,-0.03853391661959904,False,False,0.0,0.0,0,0,0,0.0,0.0,0.0,0.0,-0.03853391661959904,1,-0.03853391661959904
,academy_3_vs_1_with_keeper,42,collect_rollout,5125,0,17,0.0,False,False,0.0,0.0,0,0,0,0.0,0.0,0.0,0.0,0.0,1,0.0
,academy_3_vs_1_with_keeper,42,collect_rollout,5126,0,35,2.1516904381569475,False,False,0.0,0.0,0,0,0,0.0,0.0,0.0,0.0,2.1516904381569475,1,2.1516904381569475
,academy_3_vs_1_with_keeper,42,collect_rollout,5127,0,10,0.025322567555122077,False,False,0.0,0.0,0,0,0,0.0,0.0,0.0,0.0,0.025322567555122077,1,0.025322567555122077
,academy_3_vs_1_with_keeper,42,collect_rollout,5128,0,1801,-0.43242050320259295,False,False,0.0,0.0,0,0,0,0.0,0.0,0.0,0.0,-0.43242050320259295,1,-0.43242050320259295
,academy_3_vs_1_with_keeper,42,collect_rollout,5129,0,17,-0.003333333181217313,False,False,0.0,0.0,0,0,0,0.0,0.0,0.0,0.0,-0.003333333181217313,1,-0.003333333181217313
,academy_3_vs_1_with_keeper,42,collect_rollout,5130,0,14,0.026247243396937847,False,False,0.0,0.0,0,0,0,0.0,0.0,0.0,0.0,0.026247243396937847,1,0.026247243396937847
,academy_3_vs_1_with_keeper,42,collect_rollout,5131,0,37,0.051556441132561304,False,False,0.0,0.0,0,0,0,0.0,0.0,0.0,0.0,0.051556441132561304,1,0.051556441132561304
,academy_3_vs_1_with_keeper,42,collect_rollout,5132,0,17,0.0,False,False,0.0,0.0,0,0,0,0.0,0.0,0.0,0.0,0.0,1,0.0
,academy_3_vs_1_with_keeper,42,collect_rollout,5133,0,19,-0.006666666362434626,False,False,0.0,0.0,0,0,0,0.0,0.0,0.0,0.0,-0.006666666362434626,1,-0.006666666362434626
,academy_3_vs_1_with_keeper,42,collect_rollout,5134,0,15,-0.006666666362434626,False,False,0.0,0.0,0,0,0,0.0,0.0,0.0,0.0,-0.006666666362434626,1,-0.006666666362434626
,academy_3_vs_1_with_keeper,42,collect_rollout,5135,0,28,0.11020315473433584,False,False,0.0,0.0,0,0,0,0.0,0.0,0.0,0.0,0.11020315473433584,1,0.11020315473433584
,academy_3_vs_1_with_keeper,42,collect_rollout,5136,0,7,0.02735406532883644,False,False,0.0,0.0,0,0,0,0.0,0.0,0.0,0.0,0.02735406532883644,1,0.02735406532883644
,academy_3_vs_1_with_keeper,42,collect_rollout,5137,0,15,0.0,False,False,0.0,0.0,0,0,0,0.0,0.0,0.0,0.0,0.0,1,0.0
,academy_3_vs_1_with_keeper,42,collect_rollout,5138,0,42,2.0640663859667256,False,False,0.0,0.0,0,0,0,0.0,0.0,0.0,0.0,2.0640663859667256,1,2.0640663859667256
,academy_3_vs_1_with_keeper,42,collect_rollout,5139,0,17,0.0,False,False,0.0,0.0,0,0,0,0.0,0.0,0.0,0.0,0.0,1,0.0
,academy_3_vs_1_with_keeper,42,collect_rollout,5140,0,17,-0.009999999543651938,False,False,0.0,0.0,0,0,0,0.0,0.0,0.0,0.0,-0.009999999543651938,1,-0.009999999543651938
,academy_3_vs_1_with_keeper,42,collect_rollout,5141,0,22,-0.003333333181217313,False,False,0.0,0.0,0,0,0,0.0,0.0,0.0,0.0,-0.003333333181217313,1,-0.003333333181217313
,academy_3_vs_1_with_keeper,42,collect_rollout,5142,0,14,0.02552519808523357,False,False,0.0,0.0,0,0,0,0.0,0.0,0.0,0.0,0.02552519808523357,1,0.02552519808523357
,academy_3_vs_1_with_keeper,42,collect_rollout,5143,0,6,0.03166807407978922,False,False,0.0,0.0,0,0,0,0.0,0.0,0.0,0.0,0.03166807407978922,1,0.03166807407978922
,academy_3_vs_1_with_keeper,42,collect_rollout,5144,0,20,0.0,False,False,0.0,0.0,0,0,0,0.0,0.0,0.0,0.0,0.0,1,0.0
,academy_3_vs_1_with_keeper,42,collect_rollout,5145,0,13,0.02144029620103538,False,False,0.0,0.0,0,0,0,0.0,0.0,0.0,0.0,0.02144029620103538,1,0.02144029620103538
,academy_3_vs_1_with_keeper,42,collect_rollout,5146,0,17,0.0,False,False,0.0,0.0,0,0,0,0.0,0.0,0.0,0.0,0.0,1,0.0
,academy_3_vs_1_with_keeper,42,collect_rollout,5147,0,18,0.0,False,False,0.0,0.0,0,0,0,0.0,0.0,0.0,0.0,0.0,1,0.0
,academy_3_vs_1_with_keeper,42,collect_rollout,5148,0,18,0.0,False,False,0.0,0.0,0,0,0,0.0,0.0,0.0,0.0,0.0,1,0.0
,academy_3_vs_1_with_keeper,42,collect_rollout,5149,0,13,0.02055390056921169,False,False,0.0,0.0,0,0,0,0.0,0.0,0.0,0.0,0.02055390056921169,1,0.02055390056921169
,academy_3_vs_1_with_keeper,42,collect_rollout,5150,0,23,-0.006666666362434626,False,False,0.0,0.0,0,0,0,0.0,0.0,0.0,0.0,-0.006666666362434626,1,-0.006666666362434626
,academy_3_vs_1_with_keeper,42,collect_rollout,5151,0,11,0.022433059522882104,False,False,0.0,0.0,0,0,0,0.0,0.0,0.0,0.0,0.022433059522882104,1,0.022433059522882104
,academy_3_vs_1_with_keeper,42,collect_rollout,5152,0,42,0.07348038331838325,False,False,0.0,0.0,0,0,0,0.0,0.0,0.0,0.0,0.07348038331838325,1,0.07348038331838325
,academy_3_vs_1_with_keeper,42,collect_rollout,5153,0,11,0.03155736441840418,False,False,0.0,0.0,0,0,0,0.0,0.0,0.0,0.0,0.03155736441840418,1,0.03155736441840418
,academy_3_vs_1_with_keeper,42,collect_rollout,5154,0,31,0.11930830060737208,False,False,0.0,0.0,0,0,0,0.0,0.0,0.0,0.0,0.11930830060737208,1,0.11930830060737208
,academy_3_vs_1_with_keeper,42,collect_rollout,5155,0,24,0.12285878113470972,False,False,0.0,0.0,0,0,0,0.0,0.0,0.0,0.0,0.12285878113470972,1,0.12285878113470972
,academy_3_vs_1_with_keeper,42,collect_rollout,5156,0,13,0.017986325779929757,False,False,0.0,0.0,0,0,0,0.0,0.0,0.0,0.0,0.017986325779929757,1,0.017986325779929757
,academy_3_vs_1_with_keeper,42,collect_rollout,5157,0,28,0.1111192656098865,False,False,0.0,0.0,0,0,0,0.0,0.0,0.0,0.0,0.1111192656098865,1,0.1111192656098865
,academy_3_vs_1_with_keeper,42,collect_rollout,5158,0,9,0.029898187494836748,False,False,0.0,0.0,0,0,0,0.0,0.0,0.0,0.0,0.029898187494836748,1,0.029898187494836748
,academy_3_vs_1_with_keeper,42,collect_rollout,5159,0,33,0.11942637397442013,False,False,0.0,0.0,0,0,0,0.0,0.0,0.0,0.0,0.11942637397442013,1,0.11942637397442013
,academy_3_vs_1_with_keeper,42,collect_rollout,5160,0,18,-0.003333333181217313,False,False,0.0,0.0,0,0,0,0.0,0.0,0.0,0.0,-0.003333333181217313,1,-0.003333333181217313
,academy_3_vs_1_with_keeper,42,collect_rollout,5161,0,9,0.014355098363012075,False,False,0.0,0.0,0,0,0,0.0,0.0,0.0,0.0,0.014355098363012075,1,0.014355098363012075
,academy_3_vs_1_with_keeper,42,collect_rollout,5162,0,12,0.03057454014196992,False,False,0.0,0.0,0,0,0,0.0,0.0,0.0,0.0,0.03057454014196992,1,0.03057454014196992
,academy_3_vs_1_with_keeper,42,collect_rollout,5163,0,15,0.024446083698421717,False,False,0.0,0.0,0,0,0,0.0,0.0,0.0,0.0,0.024446083698421717,1,0.024446083698421717
,academy_3_vs_1_with_keeper,42,collect_rollout,5164,0,37,0.045911589288152754,False,False,0.0,0.0,0,0,0,0.0,0.0,0.0,0.0,0.045911589288152754,1,0.045911589288152754
,academy_3_vs_1_with_keeper,42,collect_rollout,5165,0,17,0.0,False,False,0.0,0.0,0,0,0,0.0,0.0,0.0,0.0,0.0,1,0.0
,academy_3_vs_1_with_keeper,42,collect_rollout,5166,0,16,0.0,False,False,0.0,0.0,0,0,0,0.0,0.0,0.0,0.0,0.0,1,0.0
,academy_3_vs_1_with_keeper,42,collect_rollout,5167,0,16,0.0,False,False,0.0,0.0,0,0,0,0.0,0.0,0.0,0.0,0.0,1,0.0
,academy_3_vs_1_with_keeper,42,collect_rollout,5168,0,19,-0.003333333181217313,False,False,0.0,0.0,0,0,0,0.0,0.0,0.0,0.0,-0.003333333181217313,1,-0.003333333181217313
,academy_3_vs_1_with_keeper,42,collect_rollout,5169,0,42,0.006364328437484801,False,False,0.0,0.0,0,0,0,0.0,0.0,0.0,0.0,0.006364328437484801,1,0.006364328437484801
,academy_3_vs_1_with_keeper,42,collect_rollout,5170,0,22,-0.003333333181217313,False,False,0.0,0.0,0,0,0,0.0,0.0,0.0,0.0,-0.003333333181217313,1,-0.003333333181217313
,academy_3_vs_1_with_keeper,42,collect_rollout,5171,0,13,0.03272741648834199,False,False,0.0,0.0,0,0,0,0.0,0.0,0.0,0.0,0.03272741648834199,1,0.03272741648834199
,academy_3_vs_1_with_keeper,42,collect_rollout,5172,0,18,-0.006666666362434626,False,False,0.0,0.0,0,0,0,0.0,0.0,0.0,0.0,-0.006666666362434626,1,-0.006666666362434626
,academy_3_vs_1_with_keeper,42,collect_rollout,5173,0,32,0.12727918772725388,False,False,0.0,0.0,0,0,0,0.0,0.0,0.0,0.0,0.12727918772725388,1,0.12727918772725388
,academy_3_vs_1_with_keeper,42,collect_rollout,5174,0,21,-0.003333333181217313,False,False,0.0,0.0,0,0,0,0.0,0.0,0.0,0.0,-0.003333333181217313,1,-0.003333333181217313
,academy_3_vs_1_with_keeper,42,collect_rollout,5175,0,21,-0.013333332724869251,False,False,0.0,0.0,0,0,0,0.0,0.0,0.0,0.0,-0.013333332724869251,1,-0.013333332724869251
,academy_3_vs_1_with_keeper,42,collect_rollout,5176,0,11,0.0482053451705724,False,False,0.0,0.0,0,0,0,0.0,0.0,0.0,0.0,0.0482053451705724,1,0.0482053451705724
,academy_3_vs_1_with_keeper,42,collect_rollout,5177,0,14,0.007625378202646971,False,False,0.0,0.0,0,0,0,0.0,0.0,0.0,0.0,0.007625378202646971,1,0.007625378202646971
,academy_3_vs_1_with_keeper,42,collect_rollout,5178,0,15,0.0,False,False,0.0,0.0,0,0,0,0.0,0.0,0.0,0.0,0.0,1,0.0
,academy_3_vs_1_with_keeper,42,collect_rollout,5179,0,15,0.0,False,False,0.0,0.0,0,0,0,0.0,0.0,0.0,0.0,0.0,1,0.0
,academy_3_vs_1_with_keeper,42,collect_rollout,5180,0,24,2.130007072817534,False,False,0.0,0.0,0,0,0,0.0,0.0,0.0,0.0,2.130007072817534,1,2.130007072817534
,academy_3_vs_1_with_keeper,42,collect_rollout,5181,0,32,0.10033722425578162,False,False,0.0,0.0,0,0,0,0.0,0.0,0.0,0.0,0.10033722425578162,1,0.10033722425578162
,academy_3_vs_1_with_keeper,42,collect_rollout,5182,0,29,0.1194468767298531,False,False,0.0,0.0,0,0,0,0.0,0.0,0.0,0.0,0.1194468767298531,1,0.1194468767298531
,academy_3_vs_1_with_keeper,42,collect_rollout,5183,0,19,-0.003333333181217313,False,False,0.0,0.0,0,0,0,0.0,0.0,0.0,0.0,-0.003333333181217313,1,-0.003333333181217313
,academy_3_vs_1_with_keeper,42,collect_rollout,5184,0,21,-0.003333333181217313,False,False,0.0,0.0,0,0,0,0.0,0.0,0.0,0.0,-0.003333333181217313,1,-0.003333333181217313
,academy_3_vs_1_with_keeper,42,collect_rollout,5185,0,11,0.014883487165207043,False,False,0.0,0.0,0,0,0,0.0,0.0,0.0,0.0,0.014883487165207043,1,0.014883487165207043
,academy_3_vs_1_with_keeper,42,collect_rollout,5186,0,40,0.02452697092667222,False,False,0.0,0.0,0,0,0,0.0,0.0,0.0,0.0,0.02452697092667222,1,0.02452697092667222
,academy_3_vs_1_with_keeper,42,collect_rollout,5187,0,32,2.136271699506324,False,False,0.0,0.0,0,0,0,0.0,0.0,0.0,0.0,2.136271699506324,1,2.136271699506324
,academy_3_vs_1_with_keeper,42,collect_rollout,5188,0,21,-0.003333333181217313,False,False,0.0,0.0,0,0,0,0.0,0.0,0.0,0.0,-0.003333333181217313,1,-0.003333333181217313
,academy_3_vs_1_with_keeper,42,collect_rollout,5189,0,36,2.1309719548153225,False,False,0.0,0.0,0,0,0,0.0,0.0,0.0,0.0,2.1309719548153225,1,2.1309719548153225
,academy_3_vs_1_with_keeper,42,collect_rollout,5190,0,18,0.0,False,False,0.0,0.0,0,0,0,0.0,0.0,0.0,0.0,0.0,1,0.0
,academy_3_vs_1_with_keeper,42,collect_rollout,5191,0,21,-0.006666666362434626,False,False,0.0,0.0,0,0,0,0.0,0.0,0.0,0.0,-0.006666666362434626,1,-0.006666666362434626
,academy_3_vs_1_with_keeper,42,collect_rollout,5192,0,19,-0.003333333181217313,False,False,0.0,0.0,0,0,0,0.0,0.0,0.0,0.0,-0.003333333181217313,1,-0.003333333181217313
,academy_3_vs_1_with_keeper,42,collect_rollout,5193,0,31,0.10886970110004768,False,False,0.0,0.0,0,0,0,0.0,0.0,0.0,0.0,0.10886970110004768,1,0.10886970110004768
,academy_3_vs_1_with_keeper,42,collect_rollout,5194,0,19,0.0008481313707306981,False,False,0.0,0.0,0,0,0,0.0,0.0,0.0,0.0,0.0008481313707306981,1,0.0008481313707306981
,academy_3_vs_1_with_keeper,42,collect_rollout,5195,0,14,0.0,False,False,0.0,0.0,0,0,0,0.0,0.0,0.0,0.0,0.0,1,0.0
,academy_3_vs_1_with_keeper,42,collect_rollout,5196,0,17,-0.006666666362434626,False,False,0.0,0.0,0,0,0,0.0,0.0,0.0,0.0,-0.006666666362434626,1,-0.006666666362434626
,academy_3_vs_1_with_keeper,42,collect_rollout,5197,0,30,2.122756798285991,False,False,0.0,0.0,0,0,0,0.0,0.0,0.0,0.0,2.122756798285991,1,2.122756798285991
,academy_3_vs_1_with_keeper,42,collect_rollout,5198,0,89,0.12621437368215993,False,False,0.0,0.0,0,0,0,0.0,0.0,0.0,0.0,0.12621437368215993,1,0.12621437368215993
,academy_3_vs_1_with_keeper,42,collect_rollout,5199,0,15,0.0,False,False,0.0,0.0,0,0,0,0.0,0.0,0.0,0.0,0.0,1,0.0
,academy_3_vs_1_with_keeper,42,collect_rollout,5200,0,8,0.027327923569828272,False,False,0.0,0.0,0,0,0,0.0,0.0,0.0,0.0,0.027327923569828272,1,0.027327923569828272
,academy_3_vs_1_with_keeper,42,collect_rollout,5201,0,83,0.06881118752062321,False,False,0.0,0.0,0,0,0,0.0,0.0,0.0,0.0,0.06881118752062321,1,0.06881118752062321
,academy_3_vs_1_with_keeper,42,collect_rollout,5202,0,45,0.1438814399880357,False,False,0.0,0.0,0,0,0,0.0,0.0,0.0,0.0,0.1438814399880357,1,0.1438814399880357
,academy_3_vs_1_with_keeper,42,collect_rollout,5203,0,44,0.14010340778622776,False,False,0.0,0.0,0,0,0,0.0,0.0,0.0,0.0,0.14010340778622776,1,0.14010340778622776
,academy_3_vs_1_with_keeper,42,collect_rollout,5204,0,16,0.0,False,False,0.0,0.0,0,0,0,0.0,0.0,0.0,0.0,0.0,1,0.0
,academy_3_vs_1_with_keeper,42,collect_rollout,5205,0,84,-0.03532922793601756,False,False,0.0,0.0,0,0,0,0.0,0.0,0.0,0.0,-0.03532922793601756,1,-0.03532922793601756
,academy_3_vs_1_with_keeper,42,collect_rollout,5206,0,14,0.017779325833544135,False,False,0.0,0.0,0,0,0,0.0,0.0,0.0,0.0,0.017779325833544135,1,0.017779325833544135
,academy_3_vs_1_with_keeper,42,collect_rollout,5207,0,28,2.147049477091059,False,False,0.0,0.0,0,0,0,0.0,0.0,0.0,0.0,2.147049477091059,1,2.147049477091059
,academy_3_vs_1_with_keeper,42,collect_rollout,5208,0,34,2.115453431615606,False,False,0.0,0.0,0,0,0,0.0,0.0,0.0,0.0,2.115453431615606,1,2.115453431615606
,academy_3_vs_1_with_keeper,42,collect_rollout,5209,0,23,0.0,False,False,0.0,0.0,0,0,0,0.0,0.0,0.0,0.0,0.0,1,0.0
,academy_3_vs_1_with_keeper,42,collect_rollout,5210,0,47,-0.001269682077690959,False,False,0.0,0.0,0,0,0,0.0,0.0,0.0,0.0,-0.001269682077690959,1,-0.001269682077690959
,academy_3_vs_1_with_keeper,42,collect_rollout,5211,0,20,-0.003333333181217313,False,False,0.0,0.0,0,0,0,0.0,0.0,0.0,0.0,-0.003333333181217313,1,-0.003333333181217313
,academy_3_vs_1_with_keeper,42,collect_rollout,5212,0,23,-0.013333332724869251,False,False,0.0,0.0,0,0,0,0.0,0.0,0.0,0.0,-0.013333332724869251,1,-0.013333332724869251
,academy_3_vs_1_with_keeper,42,collect_rollout,5213,0,17,-0.003333333181217313,False,False,0.0,0.0,0,0,0,0.0,0.0,0.0,0.0,-0.003333333181217313,1,-0.003333333181217313
,academy_3_vs_1_with_keeper,42,collect_rollout,5214,0,28,0.13362487812992185,False,False,0.0,0.0,0,0,0,0.0,0.0,0.0,0.0,0.13362487812992185,1,0.13362487812992185
,academy_3_vs_1_with_keeper,42,collect_rollout,5215,0,19,-0.006666666362434626,False,False,0.0,0.0,0,0,0,0.0,0.0,0.0,0.0,-0.006666666362434626,1,-0.006666666362434626
,academy_3_vs_1_with_keeper,42,collect_rollout,5216,0,35,-0.007245954475365579,False,False,0.0,0.0,0,0,0,0.0,0.0,0.0,0.0,-0.007245954475365579,1,-0.007245954475365579
,academy_3_vs_1_with_keeper,42,collect_rollout,5217,0,31,0.11919672568910755,False,False,0.0,0.0,0,0,0,0.0,0.0,0.0,0.0,0.11919672568910755,1,0.11919672568910755
,academy_3_vs_1_with_keeper,42,collect_rollout,5218,0,33,2.121770087745972,False,False,0.0,0.0,0,0,0,0.0,0.0,0.0,0.0,2.121770087745972,1,2.121770087745972
,academy_3_vs_1_with_keeper,42,collect_rollout,5219,0,16,-0.003333333181217313,False,False,0.0,0.0,0,0,0,0.0,0.0,0.0,0.0,-0.003333333181217313,1,-0.003333333181217313
,academy_3_vs_1_with_keeper,42,collect_rollout,5220,0,22,0.0,False,False,0.0,0.0,0,0,0,0.0,0.0,0.0,0.0,0.0,1,0.0
,academy_3_vs_1_with_keeper,42,collect_rollout,5221,0,44,0.07744022662518546,False,False,0.0,0.0,0,0,0,0.0,0.0,0.0,0.0,0.07744022662518546,1,0.07744022662518546
,academy_3_vs_1_with_keeper,42,collect_rollout,5222,0,10,0.036542381858453155,False,False,0.0,0.0,0,0,0,0.0,0.0,0.0,0.0,0.036542381858453155,1,0.036542381858453155
,academy_3_vs_1_with_keeper,42,collect_rollout,5223,0,95,0.12022761083790101,False,False,0.0,0.0,0,0,0,0.0,0.0,0.0,0.0,0.12022761083790101,1,0.12022761083790101
,academy_3_vs_1_with_keeper,42,collect_rollout,5224,0,17,0.0,False,False,0.0,0.0,0,0,0,0.0,0.0,0.0,0.0,0.0,1,0.0
,academy_3_vs_1_with_keeper,42,collect_rollout,5225,0,18,-0.003333333181217313,False,False,0.0,0.0,0,0,0,0.0,0.0,0.0,0.0,-0.003333333181217313,1,-0.003333333181217313
,academy_3_vs_1_with_keeper,42,collect_rollout,5226,0,18,-0.006666666362434626,False,False,0.0,0.0,0,0,0,0.0,0.0,0.0,0.0,-0.006666666362434626,1,-0.006666666362434626
,academy_3_vs_1_with_keeper,42,collect_rollout,5227,0,13,0.023793996777385473,False,False,0.0,0.0,0,0,0,0.0,0.0,0.0,0.0,0.023793996777385473,1,0.023793996777385473
,academy_3_vs_1_with_keeper,42,collect_rollout,5228,0,19,-0.006666666362434626,False,False,0.0,0.0,0,0,0,0.0,0.0,0.0,0.0,-0.006666666362434626,1,-0.006666666362434626
,academy_3_vs_1_with_keeper,42,collect_rollout,5229,0,38,2.108281246939441,False,False,0.0,0.0,0,0,0,0.0,0.0,0.0,0.0,2.108281246939441,1,2.108281246939441
,academy_3_vs_1_with_keeper,42,collect_rollout,5230,0,23,-0.006666666362434626,False,False,0.0,0.0,0,0,0,0.0,0.0,0.0,0.0,-0.006666666362434626,1,-0.006666666362434626
,academy_3_vs_1_with_keeper,42,collect_rollout,5231,0,1801,-0.4147478014056105,False,False,0.0,0.0,0,0,0,0.0,0.0,0.0,0.0,-0.4147478014056105,1,-0.4147478014056105
,academy_3_vs_1_with_keeper,42,collect_rollout,5232,0,59,0.12121999909868464,False,False,0.0,0.0,0,0,0,0.0,0.0,0.0,0.0,0.12121999909868464,1,0.12121999909868464
,academy_3_vs_1_with_keeper,42,collect_rollout,5233,0,83,0.12641132347926032,False,False,0.0,0.0,0,0,0,0.0,0.0,0.0,0.0,0.12641132347926032,1,0.12641132347926032
,academy_3_vs_1_with_keeper,42,collect_rollout,5234,0,17,-0.006666666362434626,False,False,0.0,0.0,0,0,0,0.0,0.0,0.0,0.0,-0.006666666362434626,1,-0.006666666362434626
,academy_3_vs_1_with_keeper,42,collect_rollout,5235,0,19,-0.009999999543651938,False,False,0.0,0.0,0,0,0,0.0,0.0,0.0,0.0,-0.009999999543651938,1,-0.009999999543651938
,academy_3_vs_1_with_keeper,42,collect_rollout,5236,0,19,-0.003333333181217313,False,False,0.0,0.0,0,0,0,0.0,0.0,0.0,0.0,-0.003333333181217313,1,-0.003333333181217313
,academy_3_vs_1_with_keeper,42,collect_rollout,5237,0,32,2.1254272166697774,False,False,0.0,0.0,0,0,0,0.0,0.0,0.0,0.0,2.1254272166697774,1,2.1254272166697774
,academy_3_vs_1_with_keeper,42,collect_rollout,5238,0,31,2.1205678635451477,False,False,0.0,0.0,0,0,0,0.0,0.0,0.0,0.0,2.1205678635451477,1,2.1205678635451477
,academy_3_vs_1_with_keeper,42,collect_rollout,5239,0,18,0.0,False,False,0.0,0.0,0,0,0,0.0,0.0,0.0,0.0,0.0,1,0.0
,academy_3_vs_1_with_keeper,42,collect_rollout,5240,0,32,0.11630024632904679,False,False,0.0,0.0,0,0,0,0.0,0.0,0.0,0.0,0.11630024632904679,1,0.11630024632904679
,academy_3_vs_1_with_keeper,42,collect_rollout,5241,0,19,-0.003333333181217313,False,False,0.0,0.0,0,0,0,0.0,0.0,0.0,0.0,-0.003333333181217313,1,-0.003333333181217313
,academy_3_vs_1_with_keeper,42,collect_rollout,5242,0,21,-0.013333332724869251,False,False,0.0,0.0,0,0,0,0.0,0.0,0.0,0.0,-0.013333332724869251,1,-0.013333332724869251
,academy_3_vs_1_with_keeper,42,collect_rollout,5243,0,11,0.022099177353084087,False,False,0.0,0.0,0,0,0,0.0,0.0,0.0,0.0,0.022099177353084087,1,0.022099177353084087
,academy_3_vs_1_with_keeper,42,collect_rollout,5244,0,13,0.0058280969969928265,False,False,0.0,0.0,0,0,0,0.0,0.0,0.0,0.0,0.0058280969969928265,1,0.0058280969969928265
,academy_3_vs_1_with_keeper,42,collect_rollout,5245,0,29,0.1180017328588292,False,False,0.0,0.0,0,0,0,0.0,0.0,0.0,0.0,0.1180017328588292,1,0.1180017328588292
,academy_3_vs_1_with_keeper,42,collect_rollout,5246,0,7,0.04605150513816625,False,False,0.0,0.0,0,0,0,0.0,0.0,0.0,0.0,0.04605150513816625,1,0.04605150513816625
,academy_3_vs_1_with_keeper,42,collect_rollout,5247,0,16,0.010066159215057269,False,False,0.0,0.0,0,0,0,0.0,0.0,0.0,0.0,0.010066159215057269,1,0.010066159215057269
,academy_3_vs_1_with_keeper,42,collect_rollout,5248,0,562,0.3233630690956488,False,False,0.0,0.0,0,0,0,0.0,0.0,0.0,0.0,0.3233630690956488,1,0.3233630690956488
,academy_3_vs_1_with_keeper,42,collect_rollout,5249,0,9,0.03573788737412542,False,False,0.0,0.0,0,0,0,0.0,0.0,0.0,0.0,0.03573788737412542,1,0.03573788737412542
,academy_3_vs_1_with_keeper,42,collect_rollout,5250,0,35,2.113520570594119,False,False,0.0,0.0,0,0,0,0.0,0.0,0.0,0.0,2.113520570594119,1,2.113520570594119
,academy_3_vs_1_with_keeper,42,collect_rollout,5251,0,18,0.0,False,False,0.0,0.0,0,0,0,0.0,0.0,0.0,0.0,0.0,1,0.0
,academy_3_vs_1_with_keeper,42,collect_rollout,5252,0,19,-0.009999999543651938,False,False,0.0,0.0,0,0,0,0.0,0.0,0.0,0.0,-0.009999999543651938,1,-0.009999999543651938
,academy_3_vs_1_with_keeper,42,collect_rollout,5253,0,23,-0.003333333181217313,False,False,0.0,0.0,0,0,0,0.0,0.0,0.0,0.0,-0.003333333181217313,1,-0.003333333181217313
,academy_3_vs_1_with_keeper,42,collect_rollout,5254,0,42,0.059614540077745914,False,False,0.0,0.0,0,0,0,0.0,0.0,0.0,0.0,0.059614540077745914,1,0.059614540077745914
,academy_3_vs_1_with_keeper,42,collect_rollout,5255,0,24,-0.016666665906086564,False,False,0.0,0.0,0,0,0,0.0,0.0,0.0,0.0,-0.016666665906086564,1,-0.016666665906086564
,academy_3_vs_1_with_keeper,42,collect_rollout,5256,0,17,-0.006666666362434626,False,False,0.0,0.0,0,0,0,0.0,0.0,0.0,0.0,-0.006666666362434626,1,-0.006666666362434626
,academy_3_vs_1_with_keeper,42,collect_rollout,5257,0,22,-0.003333333181217313,False,False,0.0,0.0,0,0,0,0.0,0.0,0.0,0.0,-0.003333333181217313,1,-0.003333333181217313
,academy_3_vs_1_with_keeper,42,collect_rollout,5258,0,19,0.0,False,False,0.0,0.0,0,0,0,0.0,0.0,0.0,0.0,0.0,1,0.0
,academy_3_vs_1_with_keeper,42,collect_rollout,5259,0,42,0.052285059180576354,False,False,0.0,0.0,0,0,0,0.0,0.0,0.0,0.0,0.052285059180576354,1,0.052285059180576354
,academy_3_vs_1_with_keeper,42,collect_rollout,5260,0,12,0.019529851773768314,False,False,0.0,0.0,0,0,0,0.0,0.0,0.0,0.0,0.019529851773768314,1,0.019529851773768314
,academy_3_vs_1_with_keeper,42,collect_rollout,5261,0,15,0.0,False,False,0.0,0.0,0,0,0,0.0,0.0,0.0,0.0,0.0,1,0.0
,academy_3_vs_1_with_keeper,42,collect_rollout,5262,0,15,-0.003333333181217313,False,False,0.0,0.0,0,0,0,0.0,0.0,0.0,0.0,-0.003333333181217313,1,-0.003333333181217313
,academy_3_vs_1_with_keeper,42,collect_rollout,5263,0,40,0.09429995028767735,False,False,0.0,0.0,0,0,0,0.0,0.0,0.0,0.0,0.09429995028767735,1,0.09429995028767735
,academy_3_vs_1_with_keeper,42,collect_rollout,5264,0,20,-0.003333333181217313,False,False,0.0,0.0,0,0,0,0.0,0.0,0.0,0.0,-0.003333333181217313,1,-0.003333333181217313
,academy_3_vs_1_with_keeper,42,collect_rollout,5265,0,9,0.03394330129958689,False,False,0.0,0.0,0,0,0,0.0,0.0,0.0,0.0,0.03394330129958689,1,0.03394330129958689
,academy_3_vs_1_with_keeper,42,collect_rollout,5266,0,13,0.022722473833709955,False,False,0.0,0.0,0,0,0,0.0,0.0,0.0,0.0,0.022722473833709955,1,0.022722473833709955
,academy_3_vs_1_with_keeper,42,collect_rollout,5267,0,40,0.10267430916428566,False,False,0.0,0.0,0,0,0,0.0,0.0,0.0,0.0,0.10267430916428566,1,0.10267430916428566
,academy_3_vs_1_with_keeper,42,collect_rollout,5268,0,17,0.0,False,False,0.0,0.0,0,0,0,0.0,0.0,0.0,0.0,0.0,1,0.0
,academy_3_vs_1_with_keeper,42,collect_rollout,5269,0,31,0.09909350727684796,False,False,0.0,0.0,0,0,0,0.0,0.0,0.0,0.0,0.09909350727684796,1,0.09909350727684796
,academy_3_vs_1_with_keeper,42,collect_rollout,5270,0,127,0.10943592968396842,False,False,0.0,0.0,0,0,0,0.0,0.0,0.0,0.0,0.10943592968396842,1,0.10943592968396842
,academy_3_vs_1_with_keeper,42,collect_rollout,5271,0,90,0.0990272735216422,False,False,0.0,0.0,0,0,0,0.0,0.0,0.0,0.0,0.0990272735216422,1,0.0990272735216422
,academy_3_vs_1_with_keeper,42,collect_rollout,5272,0,59,-0.0894292046141345,False,False,0.0,0.0,0,0,0,0.0,0.0,0.0,0.0,-0.0894292046141345,1,-0.0894292046141345
,academy_3_vs_1_with_keeper,42,collect_rollout,5273,0,45,0.08739285141928121,False,False,0.0,0.0,0,0,0,0.0,0.0,0.0,0.0,0.08739285141928121,1,0.08739285141928121
,academy_3_vs_1_with_keeper,42,collect_rollout,5274,0,15,-0.003333333181217313,False,False,0.0,0.0,0,0,0,0.0,0.0,0.0,0.0,-0.003333333181217313,1,-0.003333333181217313
,academy_3_vs_1_with_keeper,42,collect_rollout,5275,0,24,0.0989476473769173,False,False,0.0,0.0,0,0,0,0.0,0.0,0.0,0.0,0.0989476473769173,1,0.0989476473769173
,academy_3_vs_1_with_keeper,42,collect_rollout,5276,0,8,0.0441699733491987,False,False,0.0,0.0,0,0,0,0.0,0.0,0.0,0.0,0.0441699733491987,1,0.0441699733491987
