commit,scenario,seed,collector,episode_index,global_step,episode_length,episode_reward,terminal,truncated,terminal_raw_reward,terminal_shared_reward,score_left,score_right,event_code,terminal_checkpoint_reward,terminal_distance_to_goal,min_step_reward,max_step_reward,sum_step_rewards,reward_count,reward_sum_validation
,academy_3_vs_1_with_keeper,123,collect_rollout,0,0,18,-0.05333333113230765,False,False,0.0,0.0,0,0,0,0.0,0.0,0.0,0.0,-0.05333333113230765,1,-0.05333333113230765
,academy_3_vs_1_with_keeper,123,collect_rollout,1,0,28,0.25079365901183337,False,False,0.0,0.0,0,0,0,0.0,0.0,0.0,0.0,0.25079365901183337,1,0.25079365901183337
,academy_3_vs_1_with_keeper,123,collect_rollout,2,0,57,0.129054035351146,False,False,0.0,0.0,0,0,0,0.0,0.0,0.0,0.0,0.129054035351146,1,0.129054035351146
,academy_3_vs_1_with_keeper,123,collect_rollout,3,0,18,-0.04666666476987302,False,False,0.0,0.0,0,0,0,0.0,0.0,0.0,0.0,-0.04666666476987302,1,-0.04666666476987302
,academy_3_vs_1_with_keeper,123,collect_rollout,4,0,16,-0.026666665449738503,False,False,0.0,0.0,0,0,0,0.0,0.0,0.0,0.0,-0.026666665449738503,1,-0.026666665449738503
,academy_3_vs_1_with_keeper,123,collect_rollout,5,0,10,0.02297048877517227,False,False,0.0,0.0,0,0,0,0.0,0.0,0.0,0.0,0.02297048877517227,1,0.02297048877517227
,academy_3_vs_1_with_keeper,123,collect_rollout,6,0,22,-0.059999997494742274,False,False,0.0,0.0,0,0,0,0.0,0.0,0.0,0.0,-0.059999997494742274,1,-0.059999997494742274
,academy_3_vs_1_with_keeper,123,collect_rollout,7,0,20,-0.04999999818392098,False,False,0.0,0.0,0,0,0,0.0,0.0,0.0,0.0,-0.04999999818392098,1,-0.04999999818392098
,academy_3_vs_1_with_keeper,123,collect_rollout,8,0,35,-0.05999999726191163,False,False,0.0,0.0,0,0,0,0.0,0.0,0.0,0.0,-0.05999999726191163,1,-0.05999999726191163
,academy_3_vs_1_with_keeper,123,collect_rollout,9,0,18,-0.03333333181217313,False,False,0.0,0.0,0,0,0,0.0,0.0,0.0,0.0,-0.03333333181217313,1,-0.03333333181217313
,academy_3_vs_1_with_keeper,123,collect_rollout,10,0,18,-0.03333333204500377,False,False,0.0,0.0,0,0,0,0.0,0.0,0.0,0.0,-0.03333333204500377,1,-0.03333333204500377
,academy_3_vs_1_with_keeper,123,collect_rollout,11,0,20,-0.07666666340082884,False,False,0.0,0.0,0,0,0,0.0,0.0,0.0,0.0,-0.07666666340082884,1,-0.07666666340082884
,academy_3_vs_1_with_keeper,123,collect_rollout,12,0,17,-0.03666666499339044,False,False,0.0,0.0,0,0,0,0.0,0.0,0.0,0.0,-0.03666666499339044,1,-0.03666666499339044
,academy_3_vs_1_with_keeper,123,collect_rollout,13,0,15,-0.013333332724869251,False,False,0.0,0.0,0,0,0,0.0,0.0,0.0,0.0,-0.013333332724869251,1,-0.013333332724869251
,academy_3_vs_1_with_keeper,123,collect_rollout,14,0,19,-0.04666666453704238,False,False,0.0,0.0,0,0,0,0.0,0.0,0.0,0.0,-0.04666666453704238,1,-0.04666666453704238
,academy_3_vs_1_with_keeper,123,collect_rollout,15,0,21,-0.04999999818392098,False,False,0.0,0.0,0,0,0,0.0,0.0,0.0,0.0,-0.04999999818392098,1,-0.04999999818392098
,academy_3_vs_1_with_keeper,123,collect_rollout,16,0,11,0.0010578433284536004,False,False,0.0,0.0,0,0,0,0.0,0.0,0.0,0.0,0.0010578433284536004,1,0.0010578433284536004
,academy_3_vs_1_with_keeper,123,collect_rollout,17,0,19,-0.05999999726191163,False,False,0.0,0.0,0,0,0,0.0,0.0,0.0,0.0,-0.05999999726191163,1,-0.05999999726191163
,academy_3_vs_1_with_keeper,123,collect_rollout,18,0,17,-0.04333333158865571,False,False,0.0,0.0,0,0,0,0.0,0.0,0.0,0.0,-0.04333333158865571,1,-0.04333333158865571
,academy_3_vs_1_with_keeper,123,collect_rollout,19,0,19,-0.07999999658204615,False,False,0.0,0.0,0,0,0,0.0,0.0,0.0,0.0,-0.07999999658204615,1,-0.07999999658204615
,academy_3_vs_1_with_keeper,123,collect_rollout,20,0,20,-0.04666666453704238,False,False,0.0,0.0,0,0,0,0.0,0.0,0.0,0.0,-0.04666666453704238,1,-0.04666666453704238
,academy_3_vs_1_with_keeper,123,collect_rollout,21,0,15,-0.036666665226221085,False,False,0.0,0.0,0,0,0,0.0,0.0,0.0,0.0,-0.036666665226221085,1,-0.036666665226221085
,academy_3_vs_1_with_keeper,123,collect_rollout,22,0,35,-0.08333332953043282,False,False,0.0,0.0,0,0,0,0.0,0.0,0.0,0.0,-0.08333332953043282,1,-0.08333332953043282
,academy_3_vs_1_with_keeper,123,collect_rollout,23,0,18,-0.026666665449738503,False,False,0.0,0.0,0,0,0,0.0,0.0,0.0,0.0,-0.026666665449738503,1,-0.026666665449738503
,academy_3_vs_1_with_keeper,123,collect_rollout,24,0,17,-0.039999998174607754,False,False,0.0,0.0,0,0,0,0.0,0.0,0.0,0.0,-0.039999998174607754,1,-0.039999998174607754
,academy_3_vs_1_with_keeper,123,collect_rollout,25,0,37,-0.11333332839421928,False,False,0.0,0.0,0,0,0,0.0,0.0,0.0,0.0,-0.11333332839421928,1,-0.11333332839421928
,academy_3_vs_1_with_keeper,123,collect_rollout,26,0,20,-0.04333333135582507,False,False,0.0,0.0,0,0,0,0.0,0.0,0.0,0.0,-0.04333333135582507,1,-0.04333333135582507
,academy_3_vs_1_with_keeper,123,collect_rollout,27,0,18,-0.059999997494742274,False,False,0.0,0.0,0,0,0,0.0,0.0,0.0,0.0,-0.059999997494742274,1,-0.059999997494742274
,academy_3_vs_1_with_keeper,123,collect_rollout,28,0,74,-1.1866666583810002,False,False,0.0,0.0,0,0,0,0.0,0.0,0.0,0.0,-1.1866666583810002,1,-1.1866666583810002
,academy_3_vs_1_with_keeper,123,collect_rollout,29,0,15,-0.03666666499339044,False,False,0.0,0.0,0,0,0,0.0,0.0,0.0,0.0,-0.03666666499339044,1,-0.03666666499339044
,academy_3_vs_1_with_keeper,123,collect_rollout,30,0,10,0.027715585834812373,False,False,0.0,0.0,0,0,0,0.0,0.0,0.0,0.0,0.027715585834812373,1,0.027715585834812373
,academy_3_vs_1_with_keeper,123,collect_rollout,31,0,18,-0.04666666476987302,False,False,0.0,0.0,0,0,0,0.0,0.0,0.0,0.0,-0.04666666476987302,1,-0.04666666476987302
,academy_3_vs_1_with_keeper,123,collect_rollout,32,0,41,-0.0059893431589443935,False,False,0.0,0.0,0,0,0,0.0,0.0,0.0,0.0,-0.0059893431589443935,1,-0.0059893431589443935
,academy_3_vs_1_with_keeper,123,collect_rollout,33,0,94,-0.12088428484275937,False,False,0.0,0.0,0,0,0,0.0,0.0,0.0,0.0,-0.12088428484275937,1,-0.12088428484275937
,academy_3_vs_1_with_keeper,123,collect_rollout,34,0,34,-0.06666666362434626,False,False,0.0,0.0,0,0,0,0.0,0.0,0.0,0.0,-0.06666666362434626,1,-0.06666666362434626
,academy_3_vs_1_with_keeper,123,collect_rollout,35,0,18,-0.04333333135582507,False,False,0.0,0.0,0,0,0,0.0,0.0,0.0,0.0,-0.04333333135582507,1,-0.04333333135582507
,academy_3_vs_1_with_keeper,123,collect_rollout,36,0,37,0.07464982056990266,False,False,0.0,0.0,0,0,0,0.0,0.0,0.0,0.0,0.07464982056990266,1,0.07464982056990266
,academy_3_vs_1_with_keeper,123,collect_rollout,37,0,16,-0.04333333135582507,False,False,0.0,0.0,0,0,0,0.0,0.0,0.0,0.0,-0.04333333135582507,1,-0.04333333135582507
,academy_3_vs_1_with_keeper,123,collect_rollout,38,0,19,-0.04666666453704238,False,False,0.0,0.0,0,0,0,0.0,0.0,0.0,0.0,-0.04666666453704238,1,-0.04666666453704238
,academy_3_vs_1_with_keeper,123,collect_rollout,39,0,18,-0.053333330899477005,False,False,0.0,0.0,0,0,0,0.0,0.0,0.0,0.0,-0.053333330899477005,1,-0.053333330899477005
,academy_3_vs_1_with_keeper,123,collect_rollout,40,0,20,-0.05333333113230765,False,False,0.0,0.0,0,0,0,0.0,0.0,0.0,0.0,-0.05333333113230765,1,-0.05333333113230765
,academy_3_vs_1_with_keeper,123,collect_rollout,41,0,20,-0.04666666476987302,False,False,0.0,0.0,0,0,0,0.0,0.0,0.0,0.0,-0.04666666476987302,1,-0.04666666476987302
,academy_3_vs_1_with_keeper,123,collect_rollout,42,0,19,-0.04999999771825969,False,False,0.0,0.0,0,0,0,0.0,0.0,0.0,0.0,-0.04999999771825969,1,-0.04999999771825969
,academy_3_vs_1_with_keeper,123,collect_rollout,43,0,9,0.023209411650896072,False,False,0.0,0.0,0,0,0,0.0,0.0,0.0,0.0,0.023209411650896072,1,0.023209411650896072
,academy_3_vs_1_with_keeper,123,collect_rollout,44,0,18,-0.03666666499339044,False,False,0.0,0.0,0,0,0,0.0,0.0,0.0,0.0,-0.03666666499339044,1,-0.03666666499339044
,academy_3_vs_1_with_keeper,123,collect_rollout,45,0,19,2.124808344990015,False,False,0.0,0.0,0,0,0,0.0,0.0,0.0,0.0,2.124808344990015,1,2.124808344990015
,academy_3_vs_1_with_keeper,123,collect_rollout,46,0,18,-0.039999998174607754,False,False,0.0,0.0,0,0,0,0.0,0.0,0.0,0.0,-0.039999998174607754,1,-0.039999998174607754
,academy_3_vs_1_with_keeper,123,collect_rollout,47,0,19,-0.04999999771825969,False,False,0.0,0.0,0,0,0,0.0,0.0,0.0,0.0,-0.04999999771825969,1,-0.04999999771825969
,academy_3_vs_1_with_keeper,123,collect_rollout,48,0,21,-0.059999997494742274,False,False,0.0,0.0,0,0,0,0.0,0.0,0.0,0.0,-0.059999997494742274,1,-0.059999997494742274
,academy_3_vs_1_with_keeper,123,collect_rollout,49,0,49,-0.1199999947566539,False,False,0.0,0.0,0,0,0,0.0,0.0,0.0,0.0,-0.1199999947566539,1,-0.1199999947566539
,academy_3_vs_1_with_keeper,123,collect_rollout,50,0,19,-0.04333333135582507,False,False,0.0,0.0,0,0,0,0.0,0.0,0.0,0.0,-0.04333333135582507,1,-0.04333333135582507
,academy_3_vs_1_with_keeper,123,collect_rollout,51,0,19,-0.04999999771825969,False,False,0.0,0.0,0,0,0,0.0,0.0,0.0,0.0,-0.04999999771825969,1,-0.04999999771825969
,academy_3_vs_1_with_keeper,123,collect_rollout,52,0,22,-0.04999999771825969,False,False,0.0,0.0,0,0,0,0.0,0.0,0.0,0.0,-0.04999999771825969,1,-0.04999999771825969
,academy_3_vs_1_with_keeper,123,collect_rollout,53,0,53,-0.12333332770504057,False,False,0.0,0.0,0,0,0,0.0,0.0,0.0,0.0,-0.12333332770504057,1,-0.12333332770504057
,academy_3_vs_1_with_keeper,123,collect_rollout,54,0,20,-0.04666666453704238,False,False,0.0,0.0,0,0,0,0.0,0.0,0.0,0.0,-0.04666666453704238,1,-0.04666666453704238
,academy_3_vs_1_with_keeper,123,collect_rollout,55,0,17,-0.03333333181217313,False,False,0.0,0.0,0,0,0,0.0,0.0,0.0,0.0,-0.03333333181217313,1,-0.03333333181217313
,academy_3_vs_1_with_keeper,123,collect_rollout,56,0,55,-0.14333332679234445,False,False,0.0,0.0,0,0,0,0.0,0.0,0.0,0.0,-0.14333332679234445,1,-0.14333332679234445
,academy_3_vs_1_with_keeper,123,collect_rollout,57,0,21,-0.05666666408069432,False,False,0.0,0.0,0,0,0,0.0,0.0,0.0,0.0,-0.05666666408069432,1,-0.05666666408069432
,academy_3_vs_1_with_keeper,123,collect_rollout,58,0,14,-0.02333333226852119,False,False,0.0,0.0,0,0,0,0.0,0.0,0.0,0.0,-0.02333333226852119,1,-0.02333333226852119
,academy_3_vs_1_with_keeper,123,collect_rollout,59,0,18,-0.059999997494742274,False,False,0.0,0.0,0,0,0,0.0,0.0,0.0,0.0,-0.059999997494742274,1,-0.059999997494742274
,academy_3_vs_1_with_keeper,123,collect_rollout,60,0,17,-0.026666665449738503,False,False,0.0,0.0,0,0,0,0.0,0.0,0.0,0.0,-0.026666665449738503,1,-0.026666665449738503
,academy_3_vs_1_with_keeper,123,collect_rollout,61,0,49,-0.12666666111908853,False,False,0.0,0.0,0,0,0,0.0,0.0,0.0,0.0,-0.12666666111908853,1,-0.12666666111908853
,academy_3_vs_1_with_keeper,123,collect_rollout,62,0,22,-0.05999999726191163,False,False,0.0,0.0,0,0,0,0.0,0.0,0.0,0.0,-0.05999999726191163,1,-0.05999999726191163
,academy_3_vs_1_with_keeper,123,collect_rollout,63,0,35,-0.07999999634921551,False,False,0.0,0.0,0,0,0,0.0,0.0,0.0,0.0,-0.07999999634921551,1,-0.07999999634921551
,academy_3_vs_1_with_keeper,123,collect_rollout,64,0,16,-0.04666666453704238,False,False,0.0,0.0,0,0,0,0.0,0.0,0.0,0.0,-0.04666666453704238,1,-0.04666666453704238
,academy_3_vs_1_with_keeper,123,collect_rollout,65,0,34,-0.07991799261799315,False,False,0.0,0.0,0,0,0,0.0,0.0,0.0,0.0,-0.07991799261799315,1,-0.07991799261799315
,academy_3_vs_1_with_keeper,123,collect_rollout,66,0,22,-0.05666666431352496,False,False,0.0,0.0,0,0,0,0.0,0.0,0.0,0.0,-0.05666666431352496,1,-0.05666666431352496
,academy_3_vs_1_with_keeper,123,collect_rollout,67,0,11,-0.015316259348765016,False,False,0.0,0.0,0,0,0,0.0,0.0,0.0,0.0,-0.015316259348765016,1,-0.015316259348765016
,academy_3_vs_1_with_keeper,123,collect_rollout,68,0,47,-0.029073032332235016,False,False,0.0,0.0,0,0,0,0.0,0.0,0.0,0.0,-0.029073032332235016,1,-0.029073032332235016
,academy_3_vs_1_with_keeper,123,collect_rollout,69,0,19,-0.04333333135582507,False,False,0.0,0.0,0,0,0,0.0,0.0,0.0,0.0,-0.04333333135582507,1,-0.04333333135582507
,academy_3_vs_1_with_keeper,123,collect_rollout,70,0,21,-0.03666666499339044,False,False,0.0,0.0,0,0,0,0.0,0.0,0.0,0.0,-0.03666666499339044,1,-0.03666666499339044
,academy_3_vs_1_with_keeper,123,collect_rollout,71,0,43,-0.0010416099521535216,False,False,0.0,0.0,0,0,0,0.0,0.0,0.0,0.0,-0.0010416099521535216,1,-0.0010416099521535216
,academy_3_vs_1_with_keeper,123,collect_rollout,72,0,22,-0.05999999726191163,False,False,0.0,0.0,0,0,0,0.0,0.0,0.0,0.0,-0.05999999726191163,1,-0.05999999726191163
,academy_3_vs_1_with_keeper,123,collect_rollout,73,0,19,-0.02333333226852119,False,False,0.0,0.0,0,0,0,0.0,0.0,0.0,0.0,-0.02333333226852119,1,-0.02333333226852119
,academy_3_vs_1_with_keeper,123,collect_rollout,74,0,18,-0.06333333067595959,False,False,0.0,0.0,0,0,0,0.0,0.0,0.0,0.0,-0.06333333067595959,1,-0.06333333067595959
,academy_3_vs_1_with_keeper,123,collect_rollout,75,0,20,-0.0766666631679982,False,False,0.0,0.0,0,0,0,0.0,0.0,0.0,0.0,-0.0766666631679982,1,-0.0766666631679982
,academy_3_vs_1_with_keeper,123,collect_rollout,76,0,18,-0.053333330899477005,False,False,0.0,0.0,0,0,0,0.0,0.0,0.0,0.0,-0.053333330899477005,1,-0.053333330899477005
,academy_3_vs_1_with_keeper,123,collect_rollout,77,0,35,0.07415730983484536,False,False,0.0,0.0,0,0,0,0.0,0.0,0.0,0.0,0.07415730983484536,1,0.07415730983484536
,academy_3_vs_1_with_keeper,123,collect_rollout,78,0,18,-0.03333333181217313,False,False,0.0,0.0,0,0,0,0.0,0.0,0.0,0.0,-0.03333333181217313,1,-0.03333333181217313
,academy_3_vs_1_with_keeper,123,collect_rollout,79,0,21,-0.06333333090879023,False,False,0.0,0.0,0,0,0,0.0,0.0,0.0,0.0,-0.06333333090879023,1,-0.06333333090879023
,academy_3_vs_1_with_keeper,123,collect_rollout,80,0,19,-0.036666665226221085,False,False,0.0,0.0,0,0,0,0.0,0.0,0.0,0.0,-0.036666665226221085,1,-0.036666665226221085
,academy_3_vs_1_with_keeper,123,collect_rollout,81,0,17,-0.036666665226221085,False,False,0.0,0.0,0,0,0,0.0,0.0,0.0,0.0,-0.036666665226221085,1,-0.036666665226221085
,academy_3_vs_1_with_keeper,123,collect_rollout,82,0,19,-0.029999998630955815,False,False,0.0,0.0,0,0,0,0.0,0.0,0.0,0.0,-0.029999998630955815,1,-0.029999998630955815
,academy_3_vs_1_with_keeper,123,collect_rollout,83,0,13,-0.01982847135514021,False,False,0.0,0.0,0,0,0,0.0,0.0,0.0,0.0,-0.01982847135514021,1,-0.01982847135514021
,academy_3_vs_1_with_keeper,123,collect_rollout,84,0,17,-0.03666666499339044,False,False,0.0,0.0,0,0,0,0.0,0.0,0.0,0.0,-0.03666666499339044,1,-0.03666666499339044
,academy_3_vs_1_with_keeper,123,collect_rollout,85,0,19,-0.049999997951090336,False,False,0.0,0.0,0,0,0,0.0,0.0,0.0,0.0,-0.049999997951090336,1,-0.049999997951090336
,academy_3_vs_1_with_keeper,123,collect_rollout,86,0,47,-0.05802647972086561,False,False,0.0,0.0,0,0,0,0.0,0.0,0.0,0.0,-0.05802647972086561,1,-0.05802647972086561
,academy_3_vs_1_with_keeper,123,collect_rollout,87,0,16,-0.03333333204500377,False,False,0.0,0.0,0,0,0,0.0,0.0,0.0,0.0,-0.03333333204500377,1,-0.03333333204500377
,academy_3_vs_1_with_keeper,123,collect_rollout,88,0,17,-0.03666666499339044,False,False,0.0,0.0,0,0,0,0.0,0.0,0.0,0.0,-0.03666666499339044,1,-0.03666666499339044
,academy_3_vs_1_with_keeper,123,collect_rollout,89,0,17,-0.029999998630955815,False,False,0.0,0.0,0,0,0,0.0,0.0,0.0,0.0,-0.029999998630955815,1,-0.029999998630955815
,academy_3_vs_1_with_keeper,123,collect_rollout,90,0,19,-0.026666665449738503,False,False,0.0,0.0,0,0,0,0.0,0.0,0.0,0.0,-0.026666665449738503,1,-0.026666665449738503
,academy_3_vs_1_with_keeper,123,collect_rollout,91,0,19,-0.04666666453704238,False,False,0.0,0.0,0,0,0,0.0,0.0,0.0,0.0,-0.04666666453704238,1,-0.04666666453704238
,academy_3_vs_1_with_keeper,123,collect_rollout,92,0,21,-0.029999998630955815,False,False,0.0,0.0,0,0,0,0.0,0.0,0.0,0.0,-0.029999998630955815,1,-0.029999998630955815
,academy_3_vs_1_with_keeper,123,collect_rollout,93,0,18,-0.03666666499339044,False,False,0.0,0.0,0,0,0,0.0,0.0,0.0,0.0,-0.03666666499339044,1,-0.03666666499339044
,academy_3_vs_1_with_keeper,123,collect_rollout,94,0,15,-0.019999999087303877,False,False,0.0,0.0,0,0,0,0.0,0.0,0.0,0.0,-0.019999999087303877,1,-0.019999999087303877
,academy_3_vs_1_with_keeper,123,collect_rollout,95,0,15,-0.04999999818392098,False,False,0.0,0.0,0,0,0,0.0,0.0,0.0,0.0,-0.04999999818392098,1,-0.04999999818392098
,academy_3_vs_1_with_keeper,123,collect_rollout,96,0,53,-0.1306656606029719,False,False,0.0,0.0,0,0,0,0.0,0.0,0.0,0.0,-0.1306656606029719,1,-0.1306656606029719
,academy_3_vs_1_with_keeper,123,collect_rollout,97,0,18,-0.04333333135582507,False,False,0.0,0.0,0,0,0,0.0,0.0,0.0,0.0,-0.04333333135582507,1,-0.04333333135582507
,academy_3_vs_1_with_keeper,123,collect_rollout,98,0,18,-0.053333330899477005,False,False,0.0,0.0,0,0,0,0.0,0.0,0.0,0.0,-0.053333330899477005,1,-0.053333330899477005
,academy_3_vs_1_with_keeper,123,collect_rollout,99,0,16,-0.026666665449738503,False,False,0.0,0.0,0,0,0,0.0,0.0,0.0,0.0,-0.026666665449738503,1,-0.026666665449738503
,academy_3_vs_1_with_keeper,123,collect_rollout,100,0,18,-0.04666666453704238,False,False,0.0,0.0,0,0,0,0.0,0.0,0.0,0.0,-0.04666666453704238,1,-0.04666666453704238
,academy_3_vs_1_with_keeper,123,collect_rollout,101,0,38,0.009115709690377116,False,False,0.0,0.0,0,0,0,0.0,0.0,0.0,0.0,0.009115709690377116,1,0.009115709690377116
,academy_3_vs_1_with_keeper,123,collect_rollout,102,0,18,-0.039999998174607754,False,False,0.0,0.0,0,0,0,0.0,0.0,0.0,0.0,-0.039999998174607754,1,-0.039999998174607754
,academy_3_vs_1_with_keeper,123,collect_rollout,103,0,40,2.043247506742773,False,False,0.0,0.0,0,0,0,0.0,0.0,0.0,0.0,2.043247506742773,1,2.043247506742773
,academy_3_vs_1_with_keeper,123,collect_rollout,104,0,39,-0.01252119240234606,False,False,0.0,0.0,0,0,0,0.0,0.0,0.0,0.0,-0.01252119240234606,1,-0.01252119240234606
,academy_3_vs_1_with_keeper,123,collect_rollout,105,0,7,0.03386948653496802,False,False,0.0,0.0,0,0,0,0.0,0.0,0.0,0.0,0.03386948653496802,1,0.03386948653496802
,academy_3_vs_1_with_keeper,123,collect_rollout,106,0,18,-0.05333333113230765,False,False,0.0,0.0,0,0,0,0.0,0.0,0.0,0.0,-0.05333333113230765,1,-0.05333333113230765
,academy_3_vs_1_with_keeper,123,collect_rollout,107,0,20,-0.04666666453704238,False,False,0.0,0.0,0,0,0,0.0,0.0,0.0,0.0,-0.04666666453704238,1,-0.04666666453704238
,academy_3_vs_1_with_keeper,123,collect_rollout,108,0,14,-0.010885080206207931,False,False,0.0,0.0,0,0,0,0.0,0.0,0.0,0.0,-0.010885080206207931,1,-0.010885080206207931
,academy_3_vs_1_with_keeper,123,collect_rollout,109,0,11,0.0004580931272357702,False,False,0.0,0.0,0,0,0,0.0,0.0,0.0,0.0,0.0004580931272357702,1,0.0004580931272357702
,academy_3_vs_1_with_keeper,123,collect_rollout,110,0,21,-0.029999998630955815,False,False,0.0,0.0,0,0,0,0.0,0.0,0.0,0.0,-0.029999998630955815,1,-0.029999998630955815
,academy_3_vs_1_with_keeper,123,collect_rollout,111,0,20,-0.04666666453704238,False,False,0.0,0.0,0,0,0,0.0,0.0,0.0,0.0,-0.04666666453704238,1,-0.04666666453704238
,academy_3_vs_1_with_keeper,123,collect_rollout,112,0,6,0.02715026449004654,False,False,0.0,0.0,0,0,0,0.0,0.0,0.0,0.0,0.02715026449004654,1,0.02715026449004654
,academy_3_vs_1_with_keeper,123,collect_rollout,113,0,33,-0.08333332976326346,False,False,0.0,0.0,0,0,0,0.0,0.0,0.0,0.0,-0.08333332976326346,1,-0.08333332976326346
,academy_3_vs_1_with_keeper,123,collect_rollout,114,0,75,-1.1899999915622175,False,False,0.0,0.0,0,0,0,0.0,0.0,0.0,0.0,-1.1899999915622175,1,-1.1899999915622175
,academy_3_vs_1_with_keeper,123,collect_rollout,115,0,19,-0.06333333044312894,False,False,0.0,0.0,0,0,0,0.0,0.0,0.0,0.0,-0.06333333044312894,1,-0.06333333044312894
,academy_3_vs_1_with_keeper,123,collect_rollout,116,0,18,-0.04666666476987302,False,False,0.0,0.0,0,0,0,0.0,0.0,0.0,0.0,-0.04666666476987302,1,-0.04666666476987302
,academy_3_vs_1_with_keeper,123,collect_rollout,117,0,14,-0.03666666499339044,False,False,0.0,0.0,0,0,0,0.0,0.0,0.0,0.0,-0.03666666499339044,1,-0.03666666499339044
,academy_3_vs_1_with_keeper,123,collect_rollout,118,0,22,-0.053333330899477005,False,False,0.0,0.0,0,0,0,0.0,0.0,0.0,0.0,-0.053333330899477005,1,-0.053333330899477005
,academy_3_vs_1_with_keeper,123,collect_rollout,119,0,14,-0.00755904580000788,False,False,0.0,0.0,0,0,0,0.0,0.0,0.0,0.0,-0.00755904580000788,1,-0.00755904580000788
,academy_3_vs_1_with_keeper,123,collect_rollout,120,0,88,-0.08086916856700554,False,False,0.0,0.0,0,0,0,0.0,0.0,0.0,0.0,-0.08086916856700554,1,-0.08086916856700554
,academy_3_vs_1_with_keeper,123,collect_rollout,121,0,18,-0.04333333135582507,False,False,0.0,0.0,0,0,0,0.0,0.0,0.0,0.0,-0.04333333135582507,1,-0.04333333135582507
,academy_3_vs_1_with_keeper,123,collect_rollout,122,0,17,-0.039999998174607754,False,False,0.0,0.0,0,0,0,0.0,0.0,0.0,0.0,-0.039999998174607754,1,-0.039999998174607754
,academy_3_vs_1_with_keeper,123,collect_rollout,123,0,18,-0.039999998174607754,False,False,0.0,0.0,0,0,0,0.0,0.0,0.0,0.0,-0.039999998174607754,1,-0.039999998174607754
,academy_3_vs_1_with_keeper,123,collect_rollout,124,0,21,-0.04333333135582507,False,False,0.0,0.0,0,0,0,0.0,0.0,0.0,0.0,-0.04333333135582507,1,-0.04333333135582507
,academy_3_vs_1_with_keeper,123,collect_rollout,125,0,18,-0.04333333158865571,False,False,0.0,0.0,0,0,0,0.0,0.0,0.0,0.0,-0.04333333158865571,1,-0.04333333158865571
,academy_3_vs_1_with_keeper,123,collect_rollout,126,0,18,-0.026666665449738503,False,False,0.0,0.0,0,0,0,0.0,0.0,0.0,0.0,-0.026666665449738503,1,-0.026666665449738503
,academy_3_vs_1_with_keeper,123,collect_rollout,127,0,16,-0.019999999087303877,False,False,0.0,0.0,0,0,0,0.0,0.0,0.0,0.0,-0.019999999087303877,1,-0.019999999087303877
,academy_3_vs_1_with_keeper,123,collect_rollout,128,0,88,-0.12864274418825516,False,False,0.0,0.0,0,0,0,0.0,0.0,0.0,0.0,-0.12864274418825516,1,-0.12864274418825516
,academy_3_vs_1_with_keeper,123,collect_rollout,129,0,15,-0.03333333181217313,False,False,0.0,0.0,0,0,0,0.0,0.0,0.0,0.0,-0.03333333181217313,1,-0.03333333181217313
,academy_3_vs_1_with_keeper,123,collect_rollout,130,0,23,-0.06333333044312894,False,False,0.0,0.0,0,0,0,0.0,0.0,0.0,0.0,-0.06333333044312894,1,-0.06333333044312894
,academy_3_vs_1_with_keeper,123,collect_rollout,131,0,18,-0.03666666499339044,False,False,0.0,0.0,0,0,0,0.0,0.0,0.0,0.0,-0.03666666499339044,1,-0.03666666499339044
,academy_3_vs_1_with_keeper,123,collect_rollout,132,0,22,-0.06333333067595959,False,False,0.0,0.0,0,0,0,0.0,0.0,0.0,0.0,-0.06333333067595959,1,-0.06333333067595959
,academy_3_vs_1_with_keeper,123,collect_rollout,133,0,17,-0.02333333226852119,False,False,0.0,0.0,0,0,0,0.0,0.0,0.0,0.0,-0.02333333226852119,1,-0.02333333226852119
,academy_3_vs_1_with_keeper,123,collect_rollout,134,0,18,-0.03666666499339044,False,False,0.0,0.0,0,0,0,0.0,0.0,0.0,0.0,-0.03666666499339044,1,-0.03666666499339044
,academy_3_vs_1_with_keeper,123,collect_rollout,135,0,13,0.005088437515951227,False,False,0.0,0.0,0,0,0,0.0,0.0,0.0,0.0,0.005088437515951227,1,0.005088437515951227
,academy_3_vs_1_with_keeper,123,collect_rollout,136,0,18,-0.03333333181217313,False,False,0.0,0.0,0,0,0,0.0,0.0,0.0,0.0,-0.03333333181217313,1,-0.03333333181217313
,academy_3_vs_1_with_keeper,123,collect_rollout,137,0,24,-0.04999999771825969,False,False,0.0,0.0,0,0,0,0.0,0.0,0.0,0.0,-0.04999999771825969,1,-0.04999999771825969
,academy_3_vs_1_with_keeper,123,collect_rollout,138,0,90,0.12696616840548813,False,False,0.0,0.0,0,0,0,0.0,0.0,0.0,0.0,0.12696616840548813,1,0.12696616840548813
,academy_3_vs_1_with_keeper,123,collect_rollout,139,0,16,-0.015855977311730385,False,False,0.0,0.0,0,0,0,0.0,0.0,0.0,0.0,-0.015855977311730385,1,-0.015855977311730385
,academy_3_vs_1_with_keeper,123,collect_rollout,140,0,17,-0.03333333181217313,False,False,0.0,0.0,0,0,0,0.0,0.0,0.0,0.0,-0.03333333181217313,1,-0.03333333181217313
,academy_3_vs_1_with_keeper,123,collect_rollout,141,0,16,-0.016666665906086564,False,False,0.0,0.0,0,0,0,0.0,0.0,0.0,0.0,-0.016666665906086564,1,-0.016666665906086564
,academy_3_vs_1_with_keeper,123,collect_rollout,142,0,7,0.017245783004909754,False,False,0.0,0.0,0,0,0,0.0,0.0,0.0,0.0,0.017245783004909754,1,0.017245783004909754
,academy_3_vs_1_with_keeper,123,collect_rollout,143,0,19,-0.053333330899477005,False,False,0.0,0.0,0,0,0,0.0,0.0,0.0,0.0,-0.053333330899477005,1,-0.053333330899477005
,academy_3_vs_1_with_keeper,123,collect_rollout,144,0,15,-0.019999999087303877,False,False,0.0,0.0,0,0,0,0.0,0.0,0.0,0.0,-0.019999999087303877,1,-0.019999999087303877
,academy_3_vs_1_with_keeper,123,collect_rollout,145,0,95,0.09061665402259678,False,False,0.0,0.0,0,0,0,0.0,0.0,0.0,0.0,0.09061665402259678,1,0.09061665402259678
,academy_3_vs_1_with_keeper,123,collect_rollout,146,0,18,-0.03666666499339044,False,False,0.0,0.0,0,0,0,0.0,0.0,0.0,0.0,-0.03666666499339044,1,-0.03666666499339044
,academy_3_vs_1_with_keeper,123,collect_rollout,147,0,17,-0.04333333135582507,False,False,0.0,0.0,0,0,0,0.0,0.0,0.0,0.0,-0.04333333135582507,1,-0.04333333135582507
,academy_3_vs_1_with_keeper,123,collect_rollout,148,0,22,-0.04333333158865571,False,False,0.0,0.0,0,0,0,0.0,0.0,0.0,0.0,-0.04333333158865571,1,-0.04333333158865571
,academy_3_vs_1_with_keeper,123,collect_rollout,149,0,36,-0.08824614551849663,False,False,0.0,0.0,0,0,0,0.0,0.0,0.0,0.0,-0.08824614551849663,1,-0.08824614551849663
,academy_3_vs_1_with_keeper,123,collect_rollout,150,0,19,-0.039999998174607754,False,False,0.0,0.0,0,0,0,0.0,0.0,0.0,0.0,-0.039999998174607754,1,-0.039999998174607754
,academy_3_vs_1_with_keeper,123,collect_rollout,151,0,17,-0.03333333181217313,False,False,0.0,0.0,0,0,0,0.0,0.0,0.0,0.0,-0.03333333181217313,1,-0.03333333181217313
,academy_3_vs_1_with_keeper,123,collect_rollout,152,0,19,-0.05333333113230765,False,False,0.0,0.0,0,0,0,0.0,0.0,0.0,0.0,-0.05333333113230765,1,-0.05333333113230765
,academy_3_vs_1_with_keeper,123,collect_rollout,153,0,19,-0.03333333181217313,False,False,0.0,0.0,0,0,0,0.0,0.0,0.0,0.0,-0.03333333181217313,1,-0.03333333181217313
,academy_3_vs_1_with_keeper,123,collect_rollout,154,0,19,-0.026666665449738503,False,False,0.0,0.0,0,0,0,0.0,0.0,0.0,0.0,-0.026666665449738503,1,-0.026666665449738503
,academy_3_vs_1_with_keeper,123,collect_rollout,155,0,50,0.2692483398132026,False,False,0.0,0.0,0,0,0,0.0,0.0,0.0,0.0,0.2692483398132026,1,0.2692483398132026
,academy_3_vs_1_with_keeper,123,collect_rollout,156,0,20,-0.04666666453704238,False,False,0.0,0.0,0,0,0,0.0,0.0,0.0,0.0,-0.04666666453704238,1,-0.04666666453704238
,academy_3_vs_1_with_keeper,123,collect_rollout,157,0,18,-0.039999998174607754,False,False,0.0,0.0,0,0,0,0.0,0.0,0.0,0.0,-0.039999998174607754,1,-0.039999998174607754
,academy_3_vs_1_with_keeper,123,collect_rollout,158,0,7,0.02112651290372014,False,False,0.0,0.0,0,0,0,0.0,0.0,0.0,0.0,0.02112651290372014,1,0.02112651290372014
,academy_3_vs_1_with_keeper,123,collect_rollout,159,0,31,-0.07999999634921551,False,False,0.0,0.0,0,0,0,0.0,0.0,0.0,0.0,-0.07999999634921551,1,-0.07999999634921551
,academy_3_vs_1_with_keeper,123,collect_rollout,160,0,16,-0.02333333226852119,False,False,0.0,0.0,0,0,0,0.0,0.0,0.0,0.0,-0.02333333226852119,1,-0.02333333226852119
,academy_3_vs_1_with_keeper,123,collect_rollout,161,0,19,-0.03666666499339044,False,False,0.0,0.0,0,0,0,0.0,0.0,0.0,0.0,-0.03666666499339044,1,-0.03666666499339044
,academy_3_vs_1_with_keeper,123,collect_rollout,162,0,37,-0.030240745865739882,False,False,0.0,0.0,0,0,0,0.0,0.0,0.0,0.0,-0.030240745865739882,1,-0.030240745865739882
,academy_3_vs_1_with_keeper,123,collect_rollout,163,0,17,-0.019999999087303877,False,False,0.0,0.0,0,0,0,0.0,0.0,0.0,0.0,-0.019999999087303877,1,-0.019999999087303877
,academy_3_vs_1_with_keeper,123,collect_rollout,164,0,32,-0.04333333135582507,False,False,0.0,0.0,0,0,0,0.0,0.0,0.0,0.0,-0.04333333135582507,1,-0.04333333135582507
,academy_3_vs_1_with_keeper,123,collect_rollout,165,0,20,-0.026666665449738503,False,False,0.0,0.0,0,0,0,0.0,0.0,0.0,0.0,-0.026666665449738503,1,-0.026666665449738503
,academy_3_vs_1_with_keeper,123,collect_rollout,166,0,20,-0.04666666476987302,False,False,0.0,0.0,0,0,0,0.0,0.0,0.0,0.0,-0.04666666476987302,1,-0.04666666476987302
,academy_3_vs_1_with_keeper,123,collect_rollout,167,0,94,-0.1966666579246521,False,False,0.0,0.0,0,0,0,0.0,0.0,0.0,0.0,-0.1966666579246521,1,-0.1966666579246521
,academy_3_vs_1_with_keeper,123,collect_rollout,168,0,29,0.02606206804375688,False,False,0.0,0.0,0,0,0,0.0,0.0,0.0,0.0,0.02606206804375688,1,0.02606206804375688
,academy_3_vs_1_with_keeper,123,collect_rollout,169,0,20,-0.04333333135582507,False,False,0.0,0.0,0,0,0,0.0,0.0,0.0,0.0,-0.04333333135582507,1,-0.04333333135582507
,academy_3_vs_1_with_keeper,123,collect_rollout,170,0,14,-0.026666665449738503,False,False,0.0,0.0,0,0,0,0.0,0.0,0.0,0.0,-0.026666665449738503,1,-0.026666665449738503
,academy_3_vs_1_with_keeper,123,collect_rollout,171,0,43,0.19987361680250615,False,False,0.0,0.0,0,0,0,0.0,0.0,0.0,0.0,0.19987361680250615,1,0.19987361680250615
,academy_3_vs_1_with_keeper,123,collect_rollout,172,0,23,-0.03666666499339044,False,False,0.0,0.0,0,0,0,0.0,0.0,0.0,0.0,-0.03666666499339044,1,-0.03666666499339044
,academy_3_vs_1_with_keeper,123,collect_rollout,173,0,76,-0.22333332430571318,False,False,0.0,0.0,0,0,0,0.0,0.0,0.0,0.0,-0.22333332430571318,1,-0.22333332430571318
,academy_3_vs_1_with_keeper,123,collect_rollout,174,0,15,-0.02333333226852119,False,False,0.0,0.0,0,0,0,0.0,0.0,0.0,0.0,-0.02333333226852119,1,-0.02333333226852119
,academy_3_vs_1_with_keeper,123,collect_rollout,175,0,16,-0.03333333181217313,False,False,0.0,0.0,0,0,0,0.0,0.0,0.0,0.0,-0.03333333181217313,1,-0.03333333181217313
,academy_3_vs_1_with_keeper,123,collect_rollout,176,0,17,-0.039999998174607754,False,False,0.0,0.0,0,0,0,0.0,0.0,0.0,0.0,-0.039999998174607754,1,-0.039999998174607754
,academy_3_vs_1_with_keeper,123,collect_rollout,177,0,16,-0.016666665906086564,False,False,0.0,0.0,0,0,0,0.0,0.0,0.0,0.0,-0.016666665906086564,1,-0.016666665906086564
,academy_3_vs_1_with_keeper,123,collect_rollout,178,0,34,-0.07824530452489853,False,False,0.0,0.0,0,0,0,0.0,0.0,0.0,0.0,-0.07824530452489853,1,-0.07824530452489853
,academy_3_vs_1_with_keeper,123,collect_rollout,179,0,20,-0.039999998174607754,False,False,0.0,0.0,0,0,0,0.0,0.0,0.0,0.0,-0.039999998174607754,1,-0.039999998174607754
,academy_3_vs_1_with_keeper,123,collect_rollout,180,0,17,-0.026666665449738503,False,False,0.0,0.0,0,0,0,0.0,0.0,0.0,0.0,-0.026666665449738503,1,-0.026666665449738503
,academy_3_vs_1_with_keeper,123,collect_rollout,181,0,19,-0.03666666499339044,False,False,0.0,0.0,0,0,0,0.0,0.0,0.0,0.0,-0.03666666499339044,1,-0.03666666499339044
,academy_3_vs_1_with_keeper,123,collect_rollout,182,0,16,-0.03666666499339044,False,False,0.0,0.0,0,0,0,0.0,0.0,0.0,0.0,-0.03666666499339044,1,-0.03666666499339044
,academy_3_vs_1_with_keeper,123,collect_rollout,183,0,16,-0.029999998630955815,False,False,0.0,0.0,0,0,0,0.0,0.0,0.0,0.0,-0.029999998630955815,1,-0.029999998630955815
,academy_3_vs_1_with_keeper,123,collect_rollout,184,0,74,-0.16415430884808302,False,False,0.0,0.0,0,0,0,0.0,0.0,0.0,0.0,-0.16415430884808302,1,-0.16415430884808302
,academy_3_vs_1_with_keeper,123,collect_rollout,185,0,21,-0.036666665226221085,False,False,0.0,0.0,0,0,0,0.0,0.0,0.0,0.0,-0.036666665226221085,1,-0.036666665226221085
,academy_3_vs_1_with_keeper,123,collect_rollout,186,0,23,-0.04666666453704238,False,False,0.0,0.0,0,0,0,0.0,0.0,0.0,0.0,-0.04666666453704238,1,-0.04666666453704238
,academy_3_vs_1_with_keeper,123,collect_rollout,187,0,55,-0.13846867717802525,False,False,0.0,0.0,0,0,0,0.0,0.0,0.0,0.0,-0.13846867717802525,1,-0.13846867717802525
,academy_3_vs_1_with_keeper,123,collect_rollout,188,0,26,2.348511826770846,False,False,0.0,0.0,0,0,0,0.0,0.0,0.0,0.0,2.348511826770846,1,2.348511826770846
,academy_3_vs_1_with_keeper,123,collect_rollout,189,0,18,-0.03666666499339044,False,False,0.0,0.0,0,0,0,0.0,0.0,0.0,0.0,-0.03666666499339044,1,-0.03666666499339044
,academy_3_vs_1_with_keeper,123,collect_rollout,190,0,19,-0.04999999771825969,False,False,0.0,0.0,0,0,0,0.0,0.0,0.0,0.0,-0.04999999771825969,1,-0.04999999771825969
,academy_3_vs_1_with_keeper,123,collect_rollout,191,0,35,0.016729370756365824,False,False,0.0,0.0,0,0,0,0.0,0.0,0.0,0.0,0.016729370756365824,1,0.016729370756365824
,academy_3_vs_1_with_keeper,123,collect_rollout,192,0,20,-0.029999998630955815,False,False,0.0,0.0,0,0,0,0.0,0.0,0.0,0.0,-0.029999998630955815,1,-0.029999998630955815
,academy_3_vs_1_with_keeper,123,collect_rollout,193,0,33,-0.05333333113230765,False,False,0.0,0.0,0,0,0,0.0,0.0,0.0,0.0,-0.05333333113230765,1,-0.05333333113230765
,academy_3_vs_1_with_keeper,123,collect_rollout,194,0,23,-0.056666664546355605,False,False,0.0,0.0,0,0,0,0.0,0.0,0.0,0.0,-0.056666664546355605,1,-0.056666664546355605
,academy_3_vs_1_with_keeper,123,collect_rollout,195,0,17,-0.03333333181217313,False,False,0.0,0.0,0,0,0,0.0,0.0,0.0,0.0,-0.03333333181217313,1,-0.03333333181217313
,academy_3_vs_1_with_keeper,123,collect_rollout,196,0,19,-0.03333333181217313,False,False,0.0,0.0,0,0,0,0.0,0.0,0.0,0.0,-0.03333333181217313,1,-0.03333333181217313
,academy_3_vs_1_with_keeper,123,collect_rollout,197,0,16,-0.005194432218559086,False,False,0.0,0.0,0,0,0,0.0,0.0,0.0,0.0,-0.005194432218559086,1,-0.005194432218559086
,academy_3_vs_1_with_keeper,123,collect_rollout,198,0,15,-0.02333333226852119,False,False,0.0,0.0,0,0,0,0.0,0.0,0.0,0.0,-0.02333333226852119,1,-0.02333333226852119
,academy_3_vs_1_with_keeper,123,collect_rollout,199,0,15,-0.02333333226852119,False,False,0.0,0.0,0,0,0,0.0,0.0,0.0,0.0,-0.02333333226852119,1,-0.02333333226852119
,academy_3_vs_1_with_keeper,123,collect_rollout,200,0,20,-0.03666666499339044,False,False,0.0,0.0,0,0,0,0.0,0.0,0.0,0.0,-0.03666666499339044,1,-0.03666666499339044
,academy_3_vs_1_with_keeper,123,collect_rollout,201,0,8,0.01885531679727137,False,False,0.0,0.0,0,0,0,0.0,0.0,0.0,0.0,0.01885531679727137,1,0.01885531679727137
,academy_3_vs_1_with_keeper,123,collect_rollout,202,0,17,-0.02333333226852119,False,False,0.0,0.0,0,0,0,0.0,0.0,0.0,0.0,-0.02333333226852119,1,-0.02333333226852119
,academy_3_vs_1_with_keeper,123,collect_rollout,203,0,17,-0.049999997951090336,False,False,0.0,0.0,0,0,0,0.0,0.0,0.0,0.0,-0.049999997951090336,1,-0.049999997951090336
,academy_3_vs_1_with_keeper,123,collect_rollout,204,0,23,-0.053333330899477005,False,False,0.0,0.0,0,0,0,0.0,0.0,0.0,0.0,-0.053333330899477005,1,-0.053333330899477005
,academy_3_vs_1_with_keeper,123,collect_rollout,205,0,19,-0.03333333204500377,False,False,0.0,0.0,0,0,0,0.0,0.0,0.0,0.0,-0.03333333204500377,1,-0.03333333204500377
,academy_3_vs_1_with_keeper,123,collect_rollout,206,0,15,-0.02333333226852119,False,False,0.0,0.0,0,0,0,0.0,0.0,0.0,0.0,-0.02333333226852119,1,-0.02333333226852119
,academy_3_vs_1_with_keeper,123,collect_rollout,207,0,19,-0.02333333226852119,False,False,0.0,0.0,0,0,0,0.0,0.0,0.0,0.0,-0.02333333226852119,1,-0.02333333226852119
,academy_3_vs_1_with_keeper,123,collect_rollout,208,0,19,-0.026666665449738503,False,False,0.0,0.0,0,0,0,0.0,0.0,0.0,0.0,-0.026666665449738503,1,-0.026666665449738503
,academy_3_vs_1_with_keeper,123,collect_rollout,209,0,17,-0.029999998630955815,False,False,0.0,0.0,0,0,0,0.0,0.0,0.0,0.0,-0.029999998630955815,1,-0.029999998630955815
,academy_3_vs_1_with_keeper,123,collect_rollout,210,0,17,-0.04333333135582507,False,False,0.0,0.0,0,0,0,0.0,0.0,0.0,0.0,-0.04333333135582507,1,-0.04333333135582507
,academy_3_vs_1_with_keeper,123,collect_rollout,211,0,13,-0.02333333226852119,False,False,0.0,0.0,0,0,0,0.0,0.0,0.0,0.0,-0.02333333226852119,1,-0.02333333226852119
,academy_3_vs_1_with_keeper,123,collect_rollout,212,0,155,-0.30333331949077547,False,False,0.0,0.0,0,0,0,0.0,0.0,0.0,0.0,-0.30333331949077547,1,-0.30333331949077547
,academy_3_vs_1_with_keeper,123,collect_rollout,213,0,62,-0.10925603908253834,False,False,0.0,0.0,0,0,0,0.0,0.0,0.0,0.0,-0.10925603908253834,1,-0.10925603908253834
,academy_3_vs_1_with_keeper,123,collect_rollout,214,0,17,-0.04333333135582507,False,False,0.0,0.0,0,0,0,0.0,0.0,0.0,0.0,-0.04333333135582507,1,-0.04333333135582507
,academy_3_vs_1_with_keeper,123,collect_rollout,215,0,18,-0.029999998630955815,False,False,0.0,0.0,0,0,0,0.0,0.0,0.0,0.0,-0.029999998630955815,1,-0.029999998630955815
,academy_3_vs_1_with_keeper,123,collect_rollout,216,0,22,-0.016666665906086564,False,False,0.0,0.0,0,0,0,0.0,0.0,0.0,0.0,-0.016666665906086564,1,-0.016666665906086564
,academy_3_vs_1_with_keeper,123,collect_rollout,217,0,39,-0.07999999634921551,False,False,0.0,0.0,0,0,0,0.0,0.0,0.0,0.0,-0.07999999634921551,1,-0.07999999634921551
,academy_3_vs_1_with_keeper,123,collect_rollout,218,0,18,-0.03666666499339044,False,False,0.0,0.0,0,0,0,0.0,0.0,0.0,0.0,-0.03666666499339044,1,-0.03666666499339044
,academy_3_vs_1_with_keeper,123,collect_rollout,219,0,31,-0.057578734355047345,False,False,0.0,0.0,0,0,0,0.0,0.0,0.0,0.0,-0.057578734355047345,1,-0.057578734355047345
,academy_3_vs_1_with_keeper,123,collect_rollout,220,0,17,-0.03333333181217313,False,False,0.0,0.0,0,0,0,0.0,0.0,0.0,0.0,-0.03333333181217313,1,-0.03333333181217313
,academy_3_vs_1_with_keeper,123,collect_rollout,221,0,94,-0.19666665769182146,False,False,0.0,0.0,0,0,0,0.0,0.0,0.0,0.0,-0.19666665769182146,1,-0.19666665769182146
,academy_3_vs_1_with_keeper,123,collect_rollout,222,0,16,-0.019999999087303877,False,False,0.0,0.0,0,0,0,0.0,0.0,0.0,0.0,-0.019999999087303877,1,-0.019999999087303877
,academy_3_vs_1_with_keeper,123,collect_rollout,223,0,17,-0.02333333226852119,False,False,0.0,0.0,0,0,0,0.0,0.0,0.0,0.0,-0.02333333226852119,1,-0.02333333226852119
,academy_3_vs_1_with_keeper,123,collect_rollout,224,0,35,-0.059999997494742274,False,False,0.0,0.0,0,0,0,0.0,0.0,0.0,0.0,-0.059999997494742274,1,-0.059999997494742274
,academy_3_vs_1_with_keeper,123,collect_rollout,225,0,18,-0.04333333135582507,False,False,0.0,0.0,0,0,0,0.0,0.0,0.0,0.0,-0.04333333135582507,1,-0.04333333135582507
,academy_3_vs_1_with_keeper,123,collect_rollout,226,0,16,-0.039999998174607754,False,False,0.0,0.0,0,0,0,0.0,0.0,0.0,0.0,-0.039999998174607754,1,-0.039999998174607754
,academy_3_vs_1_with_keeper,123,collect_rollout,227,0,17,-0.03666666499339044,False,False,0.0,0.0,0,0,0,0.0,0.0,0.0,0.0,-0.03666666499339044,1,-0.03666666499339044
,academy_3_vs_1_with_keeper,123,collect_rollout,228,0,14,-0.016666665906086564,False,False,0.0,0.0,0,0,0,0.0,0.0,0.0,0.0,-0.016666665906086564,1,-0.016666665906086564
,academy_3_vs_1_with_keeper,123,collect_rollout,229,0,19,-0.019999999087303877,False,False,0.0,0.0,0,0,0,0.0,0.0,0.0,0.0,-0.019999999087303877,1,-0.019999999087303877
,academy_3_vs_1_with_keeper,123,collect_rollout,230,0,20,-0.039999998174607754,False,False,0.0,0.0,0,0,0,0.0,0.0,0.0,0.0,-0.039999998174607754,1,-0.039999998174607754
,academy_3_vs_1_with_keeper,123,collect_rollout,231,0,33,2.0707081989530707,False,False,0.0,0.0,0,0,0,0.0,0.0,0.0,0.0,2.0707081989530707,1,2.0707081989530707
,academy_3_vs_1_with_keeper,123,collect_rollout,232,0,7,0.030487538198940456,False,False,0.0,0.0,0,0,0,0.0,0.0,0.0,0.0,0.030487538198940456,1,0.030487538198940456
,academy_3_vs_1_with_keeper,123,collect_rollout,233,0,22,2.1212484474963276,False,False,0.0,0.0,0,0,0,0.0,0.0,0.0,0.0,2.1212484474963276,1,2.1212484474963276
,academy_3_vs_1_with_keeper,123,collect_rollout,234,0,20,-0.026666665449738503,False,False,0.0,0.0,0,0,0,0.0,0.0,0.0,0.0,-0.026666665449738503,1,-0.026666665449738503
,academy_3_vs_1_with_keeper,123,collect_rollout,235,0,16,-0.029999998630955815,False,False,0.0,0.0,0,0,0,0.0,0.0,0.0,0.0,-0.029999998630955815,1,-0.029999998630955815
,academy_3_vs_1_with_keeper,123,collect_rollout,236,0,18,-0.02333333226852119,False,False,0.0,0.0,0,0,0,0.0,0.0,0.0,0.0,-0.02333333226852119,1,-0.02333333226852119
,academy_3_vs_1_with_keeper,123,collect_rollout,237,0,94,-0.18333332519978285,False,False,0.0,0.0,0,0,0,0.0,0.0,0.0,0.0,-0.18333332519978285,1,-0.18333332519978285
,academy_3_vs_1_with_keeper,123,collect_rollout,238,0,31,0.06599452951923013,False,False,0.0,0.0,0,0,0,0.0,0.0,0.0,0.0,0.06599452951923013,1,0.06599452951923013
,academy_3_vs_1_with_keeper,123,collect_rollout,239,0,23,-0.03666666499339044,False,False,0.0,0.0,0,0,0,0.0,0.0,0.0,0.0,-0.03666666499339044,1,-0.03666666499339044
,academy_3_vs_1_with_keeper,123,collect_rollout,240,0,22,-0.03666666499339044,False,False,0.0,0.0,0,0,0,0.0,0.0,0.0,0.0,-0.03666666499339044,1,-0.03666666499339044
,academy_3_vs_1_with_keeper,123,collect_rollout,241,0,17,-0.03666666499339044,False,False,0.0,0.0,0,0,0,0.0,0.0,0.0,0.0,-0.03666666499339044,1,-0.03666666499339044
,academy_3_vs_1_with_keeper,123,collect_rollout,242,0,22,2.100222506793216,False,False,0.0,0.0,0,0,0,0.0,0.0,0.0,0.0,2.100222506793216,1,2.100222506793216
,academy_3_vs_1_with_keeper,123,collect_rollout,243,0,15,-0.016666665906086564,False,False,0.0,0.0,0,0,0,0.0,0.0,0.0,0.0,-0.016666665906086564,1,-0.016666665906086564
,academy_3_vs_1_with_keeper,123,collect_rollout,244,0,17,-0.016666665906086564,False,False,0.0,0.0,0,0,0,0.0,0.0,0.0,0.0,-0.016666665906086564,1,-0.016666665906086564
,academy_3_vs_1_with_keeper,123,collect_rollout,245,0,20,-0.019999999087303877,False,False,0.0,0.0,0,0,0,0.0,0.0,0.0,0.0,-0.019999999087303877,1,-0.019999999087303877
,academy_3_vs_1_with_keeper,123,collect_rollout,246,0,22,-0.02333333226852119,False,False,0.0,0.0,0,0,0,0.0,0.0,0.0,0.0,-0.02333333226852119,1,-0.02333333226852119
,academy_3_vs_1_with_keeper,123,collect_rollout,247,0,18,-0.02333333226852119,False,False,0.0,0.0,0,0,0,0.0,0.0,0.0,0.0,-0.02333333226852119,1,-0.02333333226852119
,academy_3_vs_1_with_keeper,123,collect_rollout,248,0,15,-0.039999998174607754,False,False,0.0,0.0,0,0,0,0.0,0.0,0.0,0.0,-0.039999998174607754,1,-0.039999998174607754
,academy_3_vs_1_with_keeper,123,collect_rollout,249,0,20,-0.026666665449738503,False,False,0.0,0.0,0,0,0,0.0,0.0,0.0,0.0,-0.026666665449738503,1,-0.026666665449738503
,academy_3_vs_1_with_keeper,123,collect_rollout,250,0,56,-0.14639887458179146,False,False,0.0,0.0,0,0,0,0.0,0.0,0.0,0.0,-0.14639887458179146,1,-0.14639887458179146
,academy_3_vs_1_with_keeper,123,collect_rollout,251,0,24,-0.04666666453704238,False,False,0.0,0.0,0,0,0,0.0,0.0,0.0,0.0,-0.04666666453704238,1,-0.04666666453704238
,academy_3_vs_1_with_keeper,123,collect_rollout,252,0,18,-0.03666666499339044,False,False,0.0,0.0,0,0,0,0.0,0.0,0.0,0.0,-0.03666666499339044,1,-0.03666666499339044
,academy_3_vs_1_with_keeper,123,collect_rollout,253,0,17,-0.04999999771825969,False,False,0.0,0.0,0,0,0,0.0,0.0,0.0,0.0,-0.04999999771825969,1,-0.04999999771825969
,academy_3_vs_1_with_keeper,123,collect_rollout,254,0,17,-0.026666665449738503,False,False,0.0,0.0,0,0,0,0.0,0.0,0.0,0.0,-0.026666665449738503,1,-0.026666665449738503
,academy_3_vs_1_with_keeper,123,collect_rollout,255,0,18,-0.039999998174607754,False,False,0.0,0.0,0,0,0,0.0,0.0,0.0,0.0,-0.039999998174607754,1,-0.039999998174607754
,academy_3_vs_1_with_keeper,123,collect_rollout,256,0,17,-0.009999999543651938,False,False,0.0,0.0,0,0,0,0.0,0.0,0.0,0.0,-0.009999999543651938,1,-0.009999999543651938
,academy_3_vs_1_with_keeper,123,collect_rollout,257,0,11,0.015607952256686985,False,False,0.0,0.0,0,0,0,0.0,0.0,0.0,0.0,0.015607952256686985,1,0.015607952256686985
,academy_3_vs_1_with_keeper,123,collect_rollout,258,0,20,-0.036666665226221085,False,False,0.0,0.0,0,0,0,0.0,0.0,0.0,0.0,-0.036666665226221085,1,-0.036666665226221085
,academy_3_vs_1_with_keeper,123,collect_rollout,259,0,23,-0.02333333226852119,False,False,0.0,0.0,0,0,0,0.0,0.0,0.0,0.0,-0.02333333226852119,1,-0.02333333226852119
,academy_3_vs_1_with_keeper,123,collect_rollout,260,0,17,-0.02333333226852119,False,False,0.0,0.0,0,0,0,0.0,0.0,0.0,0.0,-0.02333333226852119,1,-0.02333333226852119
,academy_3_vs_1_with_keeper,123,collect_rollout,261,0,19,-0.016666665906086564,False,False,0.0,0.0,0,0,0,0.0,0.0,0.0,0.0,-0.016666665906086564,1,-0.016666665906086564
,academy_3_vs_1_with_keeper,123,collect_rollout,262,0,19,-0.02333333226852119,False,False,0.0,0.0,0,0,0,0.0,0.0,0.0,0.0,-0.02333333226852119,1,-0.02333333226852119
,academy_3_vs_1_with_keeper,123,collect_rollout,263,0,48,-0.013811347133014351,False,False,0.0,0.0,0,0,0,0.0,0.0,0.0,0.0,-0.013811347133014351,1,-0.013811347133014351
,academy_3_vs_1_with_keeper,123,collect_rollout,264,0,19,-0.02333333226852119,False,False,0.0,0.0,0,0,0,0.0,0.0,0.0,0.0,-0.02333333226852119,1,-0.02333333226852119
,academy_3_vs_1_with_keeper,123,collect_rollout,265,0,19,-0.026666665449738503,False,False,0.0,0.0,0,0,0,0.0,0.0,0.0,0.0,-0.026666665449738503,1,-0.026666665449738503
,academy_3_vs_1_with_keeper,123,collect_rollout,266,0,16,-0.019999999087303877,False,False,0.0,0.0,0,0,0,0.0,0.0,0.0,0.0,-0.019999999087303877,1,-0.019999999087303877
,academy_3_vs_1_with_keeper,123,collect_rollout,267,0,35,-0.07999999634921551,False,False,0.0,0.0,0,0,0,0.0,0.0,0.0,0.0,-0.07999999634921551,1,-0.07999999634921551
,academy_3_vs_1_with_keeper,123,collect_rollout,268,0,21,2.0980956191197038,False,False,0.0,0.0,0,0,0,0.0,0.0,0.0,0.0,2.0980956191197038,1,2.0980956191197038
,academy_3_vs_1_with_keeper,123,collect_rollout,269,0,17,-0.03333333181217313,False,False,0.0,0.0,0,0,0,0.0,0.0,0.0,0.0,-0.03333333181217313,1,-0.03333333181217313
,academy_3_vs_1_with_keeper,123,collect_rollout,270,0,21,-0.06333333044312894,False,False,0.0,0.0,0,0,0,0.0,0.0,0.0,0.0,-0.06333333044312894,1,-0.06333333044312894
,academy_3_vs_1_with_keeper,123,collect_rollout,271,0,16,-0.03333333181217313,False,False,0.0,0.0,0,0,0,0.0,0.0,0.0,0.0,-0.03333333181217313,1,-0.03333333181217313
,academy_3_vs_1_with_keeper,123,collect_rollout,272,0,55,-0.09999999543651938,False,False,0.0,0.0,0,0,0,0.0,0.0,0.0,0.0,-0.09999999543651938,1,-0.09999999543651938
,academy_3_vs_1_with_keeper,123,collect_rollout,273,0,85,-0.05830838702240726,False,False,0.0,0.0,0,0,0,0.0,0.0,0.0,0.0,-0.05830838702240726,1,-0.05830838702240726
,academy_3_vs_1_with_keeper,123,collect_rollout,274,0,19,-0.02077361661940813,False,False,0.0,0.0,0,0,0,0.0,0.0,0.0,0.0,-0.02077361661940813,1,-0.02077361661940813
,academy_3_vs_1_with_keeper,123,collect_rollout,275,0,43,-0.06616526303332648,False,False,0.0,0.0,0,0,0,0.0,0.0,0.0,0.0,-0.06616526303332648,1,-0.06616526303332648
,academy_3_vs_1_with_keeper,123,collect_rollout,276,0,17,-0.03666666499339044,False,False,0.0,0.0,0,0,0,0.0,0.0,0.0,0.0,-0.03666666499339044,1,-0.03666666499339044
,academy_3_vs_1_with_keeper,123,collect_rollout,277,0,20,-0.039999998174607754,False,False,0.0,0.0,0,0,0,0.0,0.0,0.0,0.0,-0.039999998174607754,1,-0.039999998174607754
,academy_3_vs_1_with_keeper,123,collect_rollout,278,0,24,-0.06666666362434626,False,False,0.0,0.0,0,0,0,0.0,0.0,0.0,0.0,-0.06666666362434626,1,-0.06666666362434626
,academy_3_vs_1_with_keeper,123,collect_rollout,279,0,70,-0.1254509068094194,False,False,0.0,0.0,0,0,0,0.0,0.0,0.0,0.0,-0.1254509068094194,1,-0.1254509068094194
,academy_3_vs_1_with_keeper,123,collect_rollout,280,0,8,0.035527901840396225,False,False,0.0,0.0,0,0,0,0.0,0.0,0.0,0.0,0.035527901840396225,1,0.035527901840396225
,academy_3_vs_1_with_keeper,123,collect_rollout,281,0,16,-0.02333333226852119,False,False,0.0,0.0,0,0,0,0.0,0.0,0.0,0.0,-0.02333333226852119,1,-0.02333333226852119
,academy_3_vs_1_with_keeper,123,collect_rollout,282,0,20,-0.039999998174607754,False,False,0.0,0.0,0,0,0,0.0,0.0,0.0,0.0,-0.039999998174607754,1,-0.039999998174607754
,academy_3_vs_1_with_keeper,123,collect_rollout,283,0,19,-0.03333333181217313,False,False,0.0,0.0,0,0,0,0.0,0.0,0.0,0.0,-0.03333333181217313,1,-0.03333333181217313
,academy_3_vs_1_with_keeper,123,collect_rollout,284,0,21,-0.019999999087303877,False,False,0.0,0.0,0,0,0,0.0,0.0,0.0,0.0,-0.019999999087303877,1,-0.019999999087303877
,academy_3_vs_1_with_keeper,123,collect_rollout,285,0,18,-0.03666666499339044,False,False,0.0,0.0,0,0,0,0.0,0.0,0.0,0.0,-0.03666666499339044,1,-0.03666666499339044
,academy_3_vs_1_with_keeper,123,collect_rollout,286,0,22,-0.03333333181217313,False,False,0.0,0.0,0,0,0,0.0,0.0,0.0,0.0,-0.03333333181217313,1,-0.03333333181217313
,academy_3_vs_1_with_keeper,123,collect_rollout,287,0,15,-0.016666665906086564,False,False,0.0,0.0,0,0,0,0.0,0.0,0.0,0.0,-0.016666665906086564,1,-0.016666665906086564
,academy_3_vs_1_with_keeper,123,collect_rollout,288,0,48,-0.006014166589011438,False,False,0.0,0.0,0,0,0,0.0,0.0,0.0,0.0,-0.006014166589011438,1,-0.006014166589011438
,academy_3_vs_1_with_keeper,123,collect_rollout,289,0,16,-0.02999999886378646,False,False,0.0,0.0,0,0,0,0.0,0.0,0.0,0.0,-0.02999999886378646,1,-0.02999999886378646
,academy_3_vs_1_with_keeper,123,collect_rollout,290,0,18,-0.009999999543651938,False,False,0.0,0.0,0,0,0,0.0,0.0,0.0,0.0,-0.009999999543651938,1,-0.009999999543651938
,academy_3_vs_1_with_keeper,123,collect_rollout,291,0,15,-0.02333333226852119,False,False,0.0,0.0,0,0,0,0.0,0.0,0.0,0.0,-0.02333333226852119,1,-0.02333333226852119
,academy_3_vs_1_with_keeper,123,collect_rollout,292,0,19,-0.026666665449738503,False,False,0.0,0.0,0,0,0,0.0,0.0,0.0,0.0,-0.026666665449738503,1,-0.026666665449738503
,academy_3_vs_1_with_keeper,123,collect_rollout,293,0,19,-0.026666665449738503,False,False,0.0,0.0,0,0,0,0.0,0.0,0.0,0.0,-0.026666665449738503,1,-0.026666665449738503
,academy_3_vs_1_with_keeper,123,collect_rollout,294,0,14,-0.026666665449738503,False,False,0.0,0.0,0,0,0,0.0,0.0,0.0,0.0,-0.026666665449738503,1,-0.026666665449738503
,academy_3_vs_1_with_keeper,123,collect_rollout,295,0,18,-0.03333333181217313,False,False,0.0,0.0,0,0,0,0.0,0.0,0.0,0.0,-0.03333333181217313,1,-0.03333333181217313
,academy_3_vs_1_with_keeper,123,collect_rollout,296,0,45,-0.037070990108986734,False,False,0.0,0.0,0,0,0,0.0,0.0,0.0,0.0,-0.037070990108986734,1,-0.037070990108986734
,academy_3_vs_1_with_keeper,123,collect_rollout,297,0,20,-0.026666665449738503,False,False,0.0,0.0,0,0,0,0.0,0.0,0.0,0.0,-0.026666665449738503,1,-0.026666665449738503
,academy_3_vs_1_with_keeper,123,collect_rollout,298,0,84,-0.04147747653769329,False,False,0.0,0.0,0,0,0,0.0,0.0,0.0,0.0,-0.04147747653769329,1,-0.04147747653769329
,academy_3_vs_1_with_keeper,123,collect_rollout,299,0,21,-0.02333333226852119,False,False,0.0,0.0,0,0,0,0.0,0.0,0.0,0.0,-0.02333333226852119,1,-0.02333333226852119
,academy_3_vs_1_with_keeper,123,collect_rollout,300,0,21,-0.026666665449738503,False,False,0.0,0.0,0,0,0,0.0,0.0,0.0,0.0,-0.026666665449738503,1,-0.026666665449738503
,academy_3_vs_1_with_keeper,123,collect_rollout,301,0,39,0.05376326196710579,False,False,0.0,0.0,0,0,0,0.0,0.0,0.0,0.0,0.05376326196710579,1,0.05376326196710579
,academy_3_vs_1_with_keeper,123,collect_rollout,302,0,16,-0.026666665449738503,False,False,0.0,0.0,0,0,0,0.0,0.0,0.0,0.0,-0.026666665449738503,1,-0.026666665449738503
,academy_3_vs_1_with_keeper,123,collect_rollout,303,0,91,-0.1254405016079545,False,False,0.0,0.0,0,0,0,0.0,0.0,0.0,0.0,-0.1254405016079545,1,-0.1254405016079545
,academy_3_vs_1_with_keeper,123,collect_rollout,304,0,18,-0.029999998630955815,False,False,0.0,0.0,0,0,0,0.0,0.0,0.0,0.0,-0.029999998630955815,1,-0.029999998630955815
,academy_3_vs_1_with_keeper,123,collect_rollout,305,0,19,-0.029999998630955815,False,False,0.0,0.0,0,0,0,0.0,0.0,0.0,0.0,-0.029999998630955815,1,-0.029999998630955815
,academy_3_vs_1_with_keeper,123,collect_rollout,306,0,32,-0.08351446354936343,False,False,0.0,0.0,0,0,0,0.0,0.0,0.0,0.0,-0.08351446354936343,1,-0.08351446354936343
,academy_3_vs_1_with_keeper,123,collect_rollout,307,0,19,-0.03666666499339044,False,False,0.0,0.0,0,0,0,0.0,0.0,0.0,0.0,-0.03666666499339044,1,-0.03666666499339044
,academy_3_vs_1_with_keeper,123,collect_rollout,308,0,92,-0.12333332770504057,False,False,0.0,0.0,0,0,0,0.0,0.0,0.0,0.0,-0.12333332770504057,1,-0.12333332770504057
,academy_3_vs_1_with_keeper,123,collect_rollout,309,0,17,-0.0399999984074384,False,False,0.0,0.0,0,0,0,0.0,0.0,0.0,0.0,-0.0399999984074384,1,-0.0399999984074384
,academy_3_vs_1_with_keeper,123,collect_rollout,310,0,19,-0.026666665449738503,False,False,0.0,0.0,0,0,0,0.0,0.0,0.0,0.0,-0.026666665449738503,1,-0.026666665449738503
,academy_3_vs_1_with_keeper,123,collect_rollout,311,0,93,-0.1933333247434348,False,False,0.0,0.0,0,0,0,0.0,0.0,0.0,0.0,-0.1933333247434348,1,-0.1933333247434348
,academy_3_vs_1_with_keeper,123,collect_rollout,312,0,16,-0.009999999543651938,False,False,0.0,0.0,0,0,0,0.0,0.0,0.0,0.0,-0.009999999543651938,1,-0.009999999543651938
,academy_3_vs_1_with_keeper,123,collect_rollout,313,0,20,-0.03333333181217313,False,False,0.0,0.0,0,0,0,0.0,0.0,0.0,0.0,-0.03333333181217313,1,-0.03333333181217313
,academy_3_vs_1_with_keeper,123,collect_rollout,314,0,51,-0.08764074998907745,False,False,0.0,0.0,0,0,0,0.0,0.0,0.0,0.0,-0.08764074998907745,1,-0.08764074998907745
,academy_3_vs_1_with_keeper,123,collect_rollout,315,0,19,-0.026666665449738503,False,False,0.0,0.0,0,0,0,0.0,0.0,0.0,0.0,-0.026666665449738503,1,-0.026666665449738503
,academy_3_vs_1_with_keeper,123,collect_rollout,316,0,17,-0.02333333226852119,False,False,0.0,0.0,0,0,0,0.0,0.0,0.0,0.0,-0.02333333226852119,1,-0.02333333226852119
,academy_3_vs_1_with_keeper,123,collect_rollout,317,0,17,-0.029999998630955815,False,False,0.0,0.0,0,0,0,0.0,0.0,0.0,0.0,-0.029999998630955815,1,-0.029999998630955815
,academy_3_vs_1_with_keeper,123,collect_rollout,318,0,22,-0.0399999984074384,False,False,0.0,0.0,0,0,0,0.0,0.0,0.0,0.0,-0.0399999984074384,1,-0.0399999984074384
,academy_3_vs_1_with_keeper,123,collect_rollout,319,0,15,-0.016666665906086564,False,False,0.0,0.0,0,0,0,0.0,0.0,0.0,0.0,-0.016666665906086564,1,-0.016666665906086564
,academy_3_vs_1_with_keeper,123,collect_rollout,320,0,91,0.15447142254561186,False,False,0.0,0.0,0,0,0,0.0,0.0,0.0,0.0,0.15447142254561186,1,0.15447142254561186
,academy_3_vs_1_with_keeper,123,collect_rollout,321,0,35,-0.0472640716470778,False,False,0.0,0.0,0,0,0,0.0,0.0,0.0,0.0,-0.0472640716470778,1,-0.0472640716470778
,academy_3_vs_1_with_keeper,123,collect_rollout,322,0,19,-0.03333333181217313,False,False,0.0,0.0,0,0,0,0.0,0.0,0.0,0.0,-0.03333333181217313,1,-0.03333333181217313
,academy_3_vs_1_with_keeper,123,collect_rollout,323,0,45,-0.005563253391301259,False,False,0.0,0.0,0,0,0,0.0,0.0,0.0,0.0,-0.005563253391301259,1,-0.005563253391301259
,academy_3_vs_1_with_keeper,123,collect_rollout,324,0,21,-0.04333333135582507,False,False,0.0,0.0,0,0,0,0.0,0.0,0.0,0.0,-0.04333333135582507,1,-0.04333333135582507
,academy_3_vs_1_with_keeper,123,collect_rollout,325,0,20,-0.04666666453704238,False,False,0.0,0.0,0,0,0,0.0,0.0,0.0,0.0,-0.04666666453704238,1,-0.04666666453704238
,academy_3_vs_1_with_keeper,123,collect_rollout,326,0,18,-0.016666665906086564,False,False,0.0,0.0,0,0,0,0.0,0.0,0.0,0.0,-0.016666665906086564,1,-0.016666665906086564
,academy_3_vs_1_with_keeper,123,collect_rollout,327,0,16,-0.026666665449738503,False,False,0.0,0.0,0,0,0,0.0,0.0,0.0,0.0,-0.026666665449738503,1,-0.026666665449738503
,academy_3_vs_1_with_keeper,123,collect_rollout,328,0,19,-0.02333333226852119,False,False,0.0,0.0,0,0,0,0.0,0.0,0.0,0.0,-0.02333333226852119,1,-0.02333333226852119
,academy_3_vs_1_with_keeper,123,collect_rollout,329,0,46,-0.0933333293069154,False,False,0.0,0.0,0,0,0,0.0,0.0,0.0,0.0,-0.0933333293069154,1,-0.0933333293069154
,academy_3_vs_1_with_keeper,123,collect_rollout,330,0,16,-0.019999999087303877,False,False,0.0,0.0,0,0,0,0.0,0.0,0.0,0.0,-0.019999999087303877,1,-0.019999999087303877
,academy_3_vs_1_with_keeper,123,collect_rollout,331,0,17,-0.039999998174607754,False,False,0.0,0.0,0,0,0,0.0,0.0,0.0,0.0,-0.039999998174607754,1,-0.039999998174607754
,academy_3_vs_1_with_keeper,123,collect_rollout,332,0,21,-0.039999998174607754,False,False,0.0,0.0,0,0,0,0.0,0.0,0.0,0.0,-0.039999998174607754,1,-0.039999998174607754
,academy_3_vs_1_with_keeper,123,collect_rollout,333,0,20,-0.026666665449738503,False,False,0.0,0.0,0,0,0,0.0,0.0,0.0,0.0,-0.026666665449738503,1,-0.026666665449738503
,academy_3_vs_1_with_keeper,123,collect_rollout,334,0,46,-0.04989548659068532,False,False,0.0,0.0,0,0,0,0.0,0.0,0.0,0.0,-0.04989548659068532,1,-0.04989548659068532
,academy_3_vs_1_with_keeper,123,collect_rollout,335,0,44,-0.05999999726191163,False,False,0.0,0.0,0,0,0,0.0,0.0,0.0,0.0,-0.05999999726191163,1,-0.05999999726191163
,academy_3_vs_1_with_keeper,123,collect_rollout,336,0,14,-0.019999999087303877,False,False,0.0,0.0,0,0,0,0.0,0.0,0.0,0.0,-0.019999999087303877,1,-0.019999999087303877
,academy_3_vs_1_with_keeper,123,collect_rollout,337,0,19,-0.039999998174607754,False,False,0.0,0.0,0,0,0,0.0,0.0,0.0,0.0,-0.039999998174607754,1,-0.039999998174607754
,academy_3_vs_1_with_keeper,123,collect_rollout,338,0,17,-0.016666665906086564,False,False,0.0,0.0,0,0,0,0.0,0.0,0.0,0.0,-0.016666665906086564,1,-0.016666665906086564
,academy_3_vs_1_with_keeper,123,collect_rollout,339,0,69,-0.13780978973954916,False,False,0.0,0.0,0,0,0,0.0,0.0,0.0,0.0,-0.13780978973954916,1,-0.13780978973954916
,academy_3_vs_1_with_keeper,123,collect_rollout,340,0,18,-0.02333333226852119,False,False,0.0,0.0,0,0,0,0.0,0.0,0.0,0.0,-0.02333333226852119,1,-0.02333333226852119
,academy_3_vs_1_with_keeper,123,collect_rollout,341,0,15,-0.013333332724869251,False,False,0.0,0.0,0,0,0,0.0,0.0,0.0,0.0,-0.013333332724869251,1,-0.013333332724869251
,academy_3_vs_1_with_keeper,123,collect_rollout,342,0,23,-0.039999998174607754,False,False,0.0,0.0,0,0,0,0.0,0.0,0.0,0.0,-0.039999998174607754,1,-0.039999998174607754
,academy_3_vs_1_with_keeper,123,collect_rollout,343,0,17,-0.01999999932013452,False,False,0.0,0.0,0,0,0,0.0,0.0,0.0,0.0,-0.01999999932013452,1,-0.01999999932013452
,academy_3_vs_1_with_keeper,123,collect_rollout,344,0,20,-0.029999998630955815,False,False,0.0,0.0,0,0,0,0.0,0.0,0.0,0.0,-0.029999998630955815,1,-0.029999998630955815
,academy_3_vs_1_with_keeper,123,collect_rollout,345,0,49,-0.06060403026640415,False,False,0.0,0.0,0,0,0,0.0,0.0,0.0,0.0,-0.06060403026640415,1,-0.06060403026640415
,academy_3_vs_1_with_keeper,123,collect_rollout,346,0,48,-0.05742765981449338,False,False,0.0,0.0,0,0,0,0.0,0.0,0.0,0.0,-0.05742765981449338,1,-0.05742765981449338
,academy_3_vs_1_with_keeper,123,collect_rollout,347,0,20,-0.02333333226852119,False,False,0.0,0.0,0,0,0,0.0,0.0,0.0,0.0,-0.02333333226852119,1,-0.02333333226852119
,academy_3_vs_1_with_keeper,123,collect_rollout,348,0,19,-0.019999999087303877,False,False,0.0,0.0,0,0,0,0.0,0.0,0.0,0.0,-0.019999999087303877,1,-0.019999999087303877
,academy_3_vs_1_with_keeper,123,collect_rollout,349,0,18,-0.026666665449738503,False,False,0.0,0.0,0,0,0,0.0,0.0,0.0,0.0,-0.026666665449738503,1,-0.026666665449738503
,academy_3_vs_1_with_keeper,123,collect_rollout,350,0,21,-0.016666665906086564,False,False,0.0,0.0,0,0,0,0.0,0.0,0.0,0.0,-0.016666665906086564,1,-0.016666665906086564
,academy_3_vs_1_with_keeper,123,collect_rollout,351,0,16,-0.026666665682569146,False,False,0.0,0.0,0,0,0,0.0,0.0,0.0,0.0,-0.026666665682569146,1,-0.026666665682569146
,academy_3_vs_1_with_keeper,123,collect_rollout,352,0,21,2.1109630179125816,False,False,0.0,0.0,0,0,0,0.0,0.0,0.0,0.0,2.1109630179125816,1,2.1109630179125816
,academy_3_vs_1_with_keeper,123,collect_rollout,353,0,19,-0.026666665449738503,False,False,0.0,0.0,0,0,0,0.0,0.0,0.0,0.0,-0.026666665449738503,1,-0.026666665449738503
,academy_3_vs_1_with_keeper,123,collect_rollout,354,0,13,-0.0004889095434919,False,False,0.0,0.0,0,0,0,0.0,0.0,0.0,0.0,-0.0004889095434919,1,-0.0004889095434919
,academy_3_vs_1_with_keeper,123,collect_rollout,355,0,14,-0.016666665906086564,False,False,0.0,0.0,0,0,0,0.0,0.0,0.0,0.0,-0.016666665906086564,1,-0.016666665906086564
,academy_3_vs_1_with_keeper,123,collect_rollout,356,0,14,-0.013333332724869251,False,False,0.0,0.0,0,0,0,0.0,0.0,0.0,0.0,-0.013333332724869251,1,-0.013333332724869251
,academy_3_vs_1_with_keeper,123,collect_rollout,357,0,36,-0.06666666362434626,False,False,0.0,0.0,0,0,0,0.0,0.0,0.0,0.0,-0.06666666362434626,1,-0.06666666362434626
,academy_3_vs_1_with_keeper,123,collect_rollout,358,0,66,-0.1033333286177367,False,False,0.0,0.0,0,0,0,0.0,0.0,0.0,0.0,-0.1033333286177367,1,-0.1033333286177367
,academy_3_vs_1_with_keeper,123,collect_rollout,359,0,19,-0.013333332724869251,False,False,0.0,0.0,0,0,0,0.0,0.0,0.0,0.0,-0.013333332724869251,1,-0.013333332724869251
,academy_3_vs_1_with_keeper,123,collect_rollout,360,0,18,-0.02333333226852119,False,False,0.0,0.0,0,0,0,0.0,0.0,0.0,0.0,-0.02333333226852119,1,-0.02333333226852119
,academy_3_vs_1_with_keeper,123,collect_rollout,361,0,22,-0.006666666362434626,False,False,0.0,0.0,0,0,0,0.0,0.0,0.0,0.0,-0.006666666362434626,1,-0.006666666362434626
,academy_3_vs_1_with_keeper,123,collect_rollout,362,0,27,2.100175510509871,False,False,0.0,0.0,0,0,0,0.0,0.0,0.0,0.0,2.100175510509871,1,2.100175510509871
,academy_3_vs_1_with_keeper,123,collect_rollout,363,0,32,-0.0319117431063205,False,False,0.0,0.0,0,0,0,0.0,0.0,0.0,0.0,-0.0319117431063205,1,-0.0319117431063205
,academy_3_vs_1_with_keeper,123,collect_rollout,364,0,17,-0.019999999087303877,False,False,0.0,0.0,0,0,0,0.0,0.0,0.0,0.0,-0.019999999087303877,1,-0.019999999087303877
,academy_3_vs_1_with_keeper,123,collect_rollout,365,0,33,-0.06999999703839421,False,False,0.0,0.0,0,0,0,0.0,0.0,0.0,0.0,-0.06999999703839421,1,-0.06999999703839421
,academy_3_vs_1_with_keeper,123,collect_rollout,366,0,52,-0.06666666362434626,False,False,0.0,0.0,0,0,0,0.0,0.0,0.0,0.0,-0.06666666362434626,1,-0.06666666362434626
,academy_3_vs_1_with_keeper,123,collect_rollout,367,0,11,0.014341311529278755,False,False,0.0,0.0,0,0,0,0.0,0.0,0.0,0.0,0.014341311529278755,1,0.014341311529278755
,academy_3_vs_1_with_keeper,123,collect_rollout,368,0,54,-0.08145442698150873,False,False,0.0,0.0,0,0,0,0.0,0.0,0.0,0.0,-0.08145442698150873,1,-0.08145442698150873
,academy_3_vs_1_with_keeper,123,collect_rollout,369,0,22,-0.013333332724869251,False,False,0.0,0.0,0,0,0,0.0,0.0,0.0,0.0,-0.013333332724869251,1,-0.013333332724869251
,academy_3_vs_1_with_keeper,123,collect_rollout,370,0,11,0.022446172893978655,False,False,0.0,0.0,0,0,0,0.0,0.0,0.0,0.0,0.022446172893978655,1,0.022446172893978655
,academy_3_vs_1_with_keeper,123,collect_rollout,371,0,19,-0.013333332724869251,False,False,0.0,0.0,0,0,0,0.0,0.0,0.0,0.0,-0.013333332724869251,1,-0.013333332724869251
,academy_3_vs_1_with_keeper,123,collect_rollout,372,0,19,-0.019999999087303877,False,False,0.0,0.0,0,0,0,0.0,0.0,0.0,0.0,-0.019999999087303877,1,-0.019999999087303877
,academy_3_vs_1_with_keeper,123,collect_rollout,373,0,85,-0.2282666487735696,False,False,0.0,0.0,0,0,0,0.0,0.0,0.0,0.0,-0.2282666487735696,1,-0.2282666487735696
,academy_3_vs_1_with_keeper,123,collect_rollout,374,0,57,2.018814846232999,False,False,0.0,0.0,0,0,0,0.0,0.0,0.0,0.0,2.018814846232999,1,2.018814846232999
,academy_3_vs_1_with_keeper,123,collect_rollout,375,0,18,-0.029999998630955815,False,False,0.0,0.0,0,0,0,0.0,0.0,0.0,0.0,-0.029999998630955815,1,-0.029999998630955815
,academy_3_vs_1_with_keeper,123,collect_rollout,376,0,23,-0.019999999087303877,False,False,0.0,0.0,0,0,0,0.0,0.0,0.0,0.0,-0.019999999087303877,1,-0.019999999087303877
,academy_3_vs_1_with_keeper,123,collect_rollout,377,0,14,-0.009999999543651938,False,False,0.0,0.0,0,0,0,0.0,0.0,0.0,0.0,-0.009999999543651938,1,-0.009999999543651938
,academy_3_vs_1_with_keeper,123,collect_rollout,378,0,151,-0.22999998973682523,False,False,0.0,0.0,0,0,0,0.0,0.0,0.0,0.0,-0.22999998973682523,1,-0.22999998973682523
,academy_3_vs_1_with_keeper,123,collect_rollout,379,0,72,-0.1353648790391162,False,False,0.0,0.0,0,0,0,0.0,0.0,0.0,0.0,-0.1353648790391162,1,-0.1353648790391162
,academy_3_vs_1_with_keeper,123,collect_rollout,380,0,19,-0.019999999087303877,False,False,0.0,0.0,0,0,0,0.0,0.0,0.0,0.0,-0.019999999087303877,1,-0.019999999087303877
,academy_3_vs_1_with_keeper,123,collect_rollout,381,0,39,0.0021504376782104373,False,False,0.0,0.0,0,0,0,0.0,0.0,0.0,0.0,0.0021504376782104373,1,0.0021504376782104373
,academy_3_vs_1_with_keeper,123,collect_rollout,382,0,18,-0.013333332724869251,False,False,0.0,0.0,0,0,0,0.0,0.0,0.0,0.0,-0.013333332724869251,1,-0.013333332724869251
,academy_3_vs_1_with_keeper,123,collect_rollout,383,0,16,-0.016666665906086564,False,False,0.0,0.0,0,0,0,0.0,0.0,0.0,0.0,-0.016666665906086564,1,-0.016666665906086564
,academy_3_vs_1_with_keeper,123,collect_rollout,384,0,31,0.08680984925013036,False,False,0.0,0.0,0,0,0,0.0,0.0,0.0,0.0,0.08680984925013036,1,0.08680984925013036
,academy_3_vs_1_with_keeper,123,collect_rollout,385,0,19,-0.019999999087303877,False,False,0.0,0.0,0,0,0,0.0,0.0,0.0,0.0,-0.019999999087303877,1,-0.019999999087303877
,academy_3_vs_1_with_keeper,123,collect_rollout,386,0,18,-0.019999999087303877,False,False,0.0,0.0,0,0,0,0.0,0.0,0.0,0.0,-0.019999999087303877,1,-0.019999999087303877
,academy_3_vs_1_with_keeper,123,collect_rollout,387,0,8,0.03602582938037813,False,False,0.0,0.0,0,0,0,0.0,0.0,0.0,0.0,0.03602582938037813,1,0.03602582938037813
,academy_3_vs_1_with_keeper,123,collect_rollout,388,0,50,-0.06925042532384396,False,False,0.0,0.0,0,0,0,0.0,0.0,0.0,0.0,-0.06925042532384396,1,-0.06925042532384396
,academy_3_vs_1_with_keeper,123,collect_rollout,389,0,22,-0.019999999087303877,False,False,0.0,0.0,0,0,0,0.0,0.0,0.0,0.0,-0.019999999087303877,1,-0.019999999087303877
,academy_3_vs_1_with_keeper,123,collect_rollout,390,0,34,0.05530278151854873,False,False,0.0,0.0,0,0,0,0.0,0.0,0.0,0.0,0.05530278151854873,1,0.05530278151854873
,academy_3_vs_1_with_keeper,123,collect_rollout,391,0,15,-0.03666666499339044,False,False,0.0,0.0,0,0,0,0.0,0.0,0.0,0.0,-0.03666666499339044,1,-0.03666666499339044
,academy_3_vs_1_with_keeper,123,collect_rollout,392,0,17,-0.02333333226852119,False,False,0.0,0.0,0,0,0,0.0,0.0,0.0,0.0,-0.02333333226852119,1,-0.02333333226852119
,academy_3_vs_1_with_keeper,123,collect_rollout,393,0,7,0.03439556364901364,False,False,0.0,0.0,0,0,0,0.0,0.0,0.0,0.0,0.03439556364901364,1,0.03439556364901364
,academy_3_vs_1_with_keeper,123,collect_rollout,394,0,17,-0.016666665906086564,False,False,0.0,0.0,0,0,0,0.0,0.0,0.0,0.0,-0.016666665906086564,1,-0.016666665906086564
,academy_3_vs_1_with_keeper,123,collect_rollout,395,0,7,0.0350841807667166,False,False,0.0,0.0,0,0,0,0.0,0.0,0.0,0.0,0.0350841807667166,1,0.0350841807667166
,academy_3_vs_1_with_keeper,123,collect_rollout,396,0,56,-0.06333333044312894,False,False,0.0,0.0,0,0,0,0.0,0.0,0.0,0.0,-0.06333333044312894,1,-0.06333333044312894
,academy_3_vs_1_with_keeper,123,collect_rollout,397,0,17,-0.029999998630955815,False,False,0.0,0.0,0,0,0,0.0,0.0,0.0,0.0,-0.029999998630955815,1,-0.029999998630955815
,academy_3_vs_1_with_keeper,123,collect_rollout,398,0,16,-0.009999999543651938,False,False,0.0,0.0,0,0,0,0.0,0.0,0.0,0.0,-0.009999999543651938,1,-0.009999999543651938
,academy_3_vs_1_with_keeper,123,collect_rollout,399,0,15,-0.02333333226852119,False,False,0.0,0.0,0,0,0,0.0,0.0,0.0,0.0,-0.02333333226852119,1,-0.02333333226852119
,academy_3_vs_1_with_keeper,123,collect_rollout,400,0,51,-0.08999999612569809,False,False,0.0,0.0,0,0,0,0.0,0.0,0.0,0.0,-0.08999999612569809,1,-0.08999999612569809
,academy_3_vs_1_with_keeper,123,collect_rollout,401,0,20,-0.016666665906086564,False,False,0.0,0.0,0,0,0,0.0,0.0,0.0,0.0,-0.016666665906086564,1,-0.016666665906086564
,academy_3_vs_1_with_keeper,123,collect_rollout,402,0,17,-0.016666665906086564,False,False,0.0,0.0,0,0,0,0.0,0.0,0.0,0.0,-0.016666665906086564,1,-0.016666665906086564
,academy_3_vs_1_with_keeper,123,collect_rollout,403,0,16,-0.013333332724869251,False,False,0.0,0.0,0,0,0,0.0,0.0,0.0,0.0,-0.013333332724869251,1,-0.013333332724869251
,academy_3_vs_1_with_keeper,123,collect_rollout,404,0,7,0.04359848774038255,False,False,0.0,0.0,0,0,0,0.0,0.0,0.0,0.0,0.04359848774038255,1,0.04359848774038255
,academy_3_vs_1_with_keeper,123,collect_rollout,405,0,54,0.22053299215622246,False,False,0.0,0.0,0,0,0,0.0,0.0,0.0,0.0,0.22053299215622246,1,0.22053299215622246
,academy_3_vs_1_with_keeper,123,collect_rollout,406,0,72,-0.1658030095277354,False,False,0.0,0.0,0,0,0,0.0,0.0,0.0,0.0,-0.1658030095277354,1,-0.1658030095277354
,academy_3_vs_1_with_keeper,123,collect_rollout,407,0,40,-0.034693146668359987,False,False,0.0,0.0,0,0,0,0.0,0.0,0.0,0.0,-0.034693146668359987,1,-0.034693146668359987
,academy_3_vs_1_with_keeper,123,collect_rollout,408,0,17,-0.009999999543651938,False,False,0.0,0.0,0,0,0,0.0,0.0,0.0,0.0,-0.009999999543651938,1,-0.009999999543651938
,academy_3_vs_1_with_keeper,123,collect_rollout,409,0,19,-0.029999998630955815,False,False,0.0,0.0,0,0,0,0.0,0.0,0.0,0.0,-0.029999998630955815,1,-0.029999998630955815
,academy_3_vs_1_with_keeper,123,collect_rollout,410,0,14,-0.016666665906086564,False,False,0.0,0.0,0,0,0,0.0,0.0,0.0,0.0,-0.016666665906086564,1,-0.016666665906086564
,academy_3_vs_1_with_keeper,123,collect_rollout,411,0,95,-0.048710351111367345,False,False,0.0,0.0,0,0,0,0.0,0.0,0.0,0.0,-0.048710351111367345,1,-0.048710351111367345
,academy_3_vs_1_with_keeper,123,collect_rollout,412,0,19,2.1177073654253036,False,False,0.0,0.0,0,0,0,0.0,0.0,0.0,0.0,2.1177073654253036,1,2.1177073654253036
,academy_3_vs_1_with_keeper,123,collect_rollout,413,0,15,-0.02333333226852119,False,False,0.0,0.0,0,0,0,0.0,0.0,0.0,0.0,-0.02333333226852119,1,-0.02333333226852119
,academy_3_vs_1_with_keeper,123,collect_rollout,414,0,17,-0.006666666362434626,False,False,0.0,0.0,0,0,0,0.0,0.0,0.0,0.0,-0.006666666362434626,1,-0.006666666362434626
,academy_3_vs_1_with_keeper,123,collect_rollout,415,0,16,-0.013333332724869251,False,False,0.0,0.0,0,0,0,0.0,0.0,0.0,0.0,-0.013333332724869251,1,-0.013333332724869251
,academy_3_vs_1_with_keeper,123,collect_rollout,416,0,19,-0.013333332724869251,False,False,0.0,0.0,0,0,0,0.0,0.0,0.0,0.0,-0.013333332724869251,1,-0.013333332724869251
,academy_3_vs_1_with_keeper,123,collect_rollout,417,0,18,-0.013333332724869251,False,False,0.0,0.0,0,0,0,0.0,0.0,0.0,0.0,-0.013333332724869251,1,-0.013333332724869251
,academy_3_vs_1_with_keeper,123,collect_rollout,418,0,53,-0.10748860752210021,False,False,0.0,0.0,0,0,0,0.0,0.0,0.0,0.0,-0.10748860752210021,1,-0.10748860752210021
,academy_3_vs_1_with_keeper,123,collect_rollout,419,0,19,-0.03333333181217313,False,False,0.0,0.0,0,0,0,0.0,0.0,0.0,0.0,-0.03333333181217313,1,-0.03333333181217313
,academy_3_vs_1_with_keeper,123,collect_rollout,420,0,111,-0.2511096130183432,False,False,0.0,0.0,0,0,0,0.0,0.0,0.0,0.0,-0.2511096130183432,1,-0.2511096130183432
,academy_3_vs_1_with_keeper,123,collect_rollout,421,0,111,-0.2766022449359298,False,False,0.0,0.0,0,0,0,0.0,0.0,0.0,0.0,-0.2766022449359298,1,-0.2766022449359298
,academy_3_vs_1_with_keeper,123,collect_rollout,422,0,20,-0.013333332724869251,False,False,0.0,0.0,0,0,0,0.0,0.0,0.0,0.0,-0.013333332724869251,1,-0.013333332724869251
,academy_3_vs_1_with_keeper,123,collect_rollout,423,0,162,-0.22666665632277727,False,False,0.0,0.0,0,0,0,0.0,0.0,0.0,0.0,-0.22666665632277727,1,-0.22666665632277727
,academy_3_vs_1_with_keeper,123,collect_rollout,424,0,20,-0.03333333181217313,False,False,0.0,0.0,0,0,0,0.0,0.0,0.0,0.0,-0.03333333181217313,1,-0.03333333181217313
,academy_3_vs_1_with_keeper,123,collect_rollout,425,0,64,-0.10604238626547158,False,False,0.0,0.0,0,0,0,0.0,0.0,0.0,0.0,-0.10604238626547158,1,-0.10604238626547158
,academy_3_vs_1_with_keeper,123,collect_rollout,426,0,10,0.028093780856579542,False,False,0.0,0.0,0,0,0,0.0,0.0,0.0,0.0,0.028093780856579542,1,0.028093780856579542
,academy_3_vs_1_with_keeper,123,collect_rollout,427,0,19,-0.013333332724869251,False,False,0.0,0.0,0,0,0,0.0,0.0,0.0,0.0,-0.013333332724869251,1,-0.013333332724869251
,academy_3_vs_1_with_keeper,123,collect_rollout,428,0,20,-0.03666666499339044,False,False,0.0,0.0,0,0,0,0.0,0.0,0.0,0.0,-0.03666666499339044,1,-0.03666666499339044
,academy_3_vs_1_with_keeper,123,collect_rollout,429,0,20,2.115521262414404,False,False,0.0,0.0,0,0,0,0.0,0.0,0.0,0.0,2.115521262414404,1,2.115521262414404
,academy_3_vs_1_with_keeper,123,collect_rollout,430,0,14,-0.004528332501649857,False,False,0.0,0.0,0,0,0,0.0,0.0,0.0,0.0,-0.004528332501649857,1,-0.004528332501649857
,academy_3_vs_1_with_keeper,123,collect_rollout,431,0,16,-0.02333333226852119,False,False,0.0,0.0,0,0,0,0.0,0.0,0.0,0.0,-0.02333333226852119,1,-0.02333333226852119
,academy_3_vs_1_with_keeper,123,collect_rollout,432,0,19,-0.029999998630955815,False,False,0.0,0.0,0,0,0,0.0,0.0,0.0,0.0,-0.029999998630955815,1,-0.029999998630955815
,academy_3_vs_1_with_keeper,123,collect_rollout,433,0,23,-0.029999998630955815,False,False,0.0,0.0,0,0,0,0.0,0.0,0.0,0.0,-0.029999998630955815,1,-0.029999998630955815
,academy_3_vs_1_with_keeper,123,collect_rollout,434,0,18,-0.02333333226852119,False,False,0.0,0.0,0,0,0,0.0,0.0,0.0,0.0,-0.02333333226852119,1,-0.02333333226852119
,academy_3_vs_1_with_keeper,123,collect_rollout,435,0,13,-0.006666666362434626,False,False,0.0,0.0,0,0,0,0.0,0.0,0.0,0.0,-0.006666666362434626,1,-0.006666666362434626
,academy_3_vs_1_with_keeper,123,collect_rollout,436,0,7,0.044898593332618475,False,False,0.0,0.0,0,0,0,0.0,0.0,0.0,0.0,0.044898593332618475,1,0.044898593332618475
,academy_3_vs_1_with_keeper,123,collect_rollout,437,0,17,-0.019999999087303877,False,False,0.0,0.0,0,0,0,0.0,0.0,0.0,0.0,-0.019999999087303877,1,-0.019999999087303877
,academy_3_vs_1_with_keeper,123,collect_rollout,438,0,16,-0.036666665226221085,False,False,0.0,0.0,0,0,0,0.0,0.0,0.0,0.0,-0.036666665226221085,1,-0.036666665226221085
,academy_3_vs_1_with_keeper,123,collect_rollout,439,0,7,0.023954983102157712,False,False,0.0,0.0,0,0,0,0.0,0.0,0.0,0.0,0.023954983102157712,1,0.023954983102157712
,academy_3_vs_1_with_keeper,123,collect_rollout,440,0,17,-0.013333332724869251,False,False,0.0,0.0,0,0,0,0.0,0.0,0.0,0.0,-0.013333332724869251,1,-0.013333332724869251
,academy_3_vs_1_with_keeper,123,collect_rollout,441,0,17,-0.029999998630955815,False,False,0.0,0.0,0,0,0,0.0,0.0,0.0,0.0,-0.029999998630955815,1,-0.029999998630955815
,academy_3_vs_1_with_keeper,123,collect_rollout,442,0,16,-0.019999999087303877,False,False,0.0,0.0,0,0,0,0.0,0.0,0.0,0.0,-0.019999999087303877,1,-0.019999999087303877
,academy_3_vs_1_with_keeper,123,collect_rollout,443,0,17,-0.019999999087303877,False,False,0.0,0.0,0,0,0,0.0,0.0,0.0,0.0,-0.019999999087303877,1,-0.019999999087303877
,academy_3_vs_1_with_keeper,123,collect_rollout,444,0,23,-0.02333333226852119,False,False,0.0,0.0,0,0,0,0.0,0.0,0.0,0.0,-0.02333333226852119,1,-0.02333333226852119
,academy_3_vs_1_with_keeper,123,collect_rollout,445,0,20,-0.02333333226852119,False,False,0.0,0.0,0,0,0,0.0,0.0,0.0,0.0,-0.02333333226852119,1,-0.02333333226852119
,academy_3_vs_1_with_keeper,123,collect_rollout,446,0,19,-0.006666666362434626,False,False,0.0,0.0,0,0,0,0.0,0.0,0.0,0.0,-0.006666666362434626,1,-0.006666666362434626
,academy_3_vs_1_with_keeper,123,collect_rollout,447,0,55,0.005138597058248706,False,False,0.0,0.0,0,0,0,0.0,0.0,0.0,0.0,0.005138597058248706,1,0.005138597058248706
,academy_3_vs_1_with_keeper,123,collect_rollout,448,0,19,-0.013333332724869251,False,False,0.0,0.0,0,0,0,0.0,0.0,0.0,0.0,-0.013333332724869251,1,-0.013333332724869251
,academy_3_vs_1_with_keeper,123,collect_rollout,449,0,20,-0.016666665906086564,False,False,0.0,0.0,0,0,0,0.0,0.0,0.0,0.0,-0.016666665906086564,1,-0.016666665906086564
,academy_3_vs_1_with_keeper,123,collect_rollout,450,0,22,-0.04666666476987302,False,False,0.0,0.0,0,0,0,0.0,0.0,0.0,0.0,-0.04666666476987302,1,-0.04666666476987302
,academy_3_vs_1_with_keeper,123,collect_rollout,451,0,19,-0.02333333226852119,False,False,0.0,0.0,0,0,0,0.0,0.0,0.0,0.0,-0.02333333226852119,1,-0.02333333226852119
,academy_3_vs_1_with_keeper,123,collect_rollout,452,0,25,2.115165240946226,False,False,0.0,0.0,0,0,0,0.0,0.0,0.0,0.0,2.115165240946226,1,2.115165240946226
,academy_3_vs_1_with_keeper,123,collect_rollout,453,0,48,-0.06311391305644065,False,False,0.0,0.0,0,0,0,0.0,0.0,0.0,0.0,-0.06311391305644065,1,-0.06311391305644065
,academy_3_vs_1_with_keeper,123,collect_rollout,454,0,86,-0.06405220169108361,False,False,0.0,0.0,0,0,0,0.0,0.0,0.0,0.0,-0.06405220169108361,1,-0.06405220169108361
,academy_3_vs_1_with_keeper,123,collect_rollout,455,0,36,-0.0818623355589807,False,False,0.0,0.0,0,0,0,0.0,0.0,0.0,0.0,-0.0818623355589807,1,-0.0818623355589807
,academy_3_vs_1_with_keeper,123,collect_rollout,456,0,15,-0.009999999543651938,False,False,0.0,0.0,0,0,0,0.0,0.0,0.0,0.0,-0.009999999543651938,1,-0.009999999543651938
,academy_3_vs_1_with_keeper,123,collect_rollout,457,0,20,-0.019999999087303877,False,False,0.0,0.0,0,0,0,0.0,0.0,0.0,0.0,-0.019999999087303877,1,-0.019999999087303877
,academy_3_vs_1_with_keeper,123,collect_rollout,458,0,55,-0.06933352677151561,False,False,0.0,0.0,0,0,0,0.0,0.0,0.0,0.0,-0.06933352677151561,1,-0.06933352677151561
,academy_3_vs_1_with_keeper,123,collect_rollout,459,0,22,-0.02333333226852119,False,False,0.0,0.0,0,0,0,0.0,0.0,0.0,0.0,-0.02333333226852119,1,-0.02333333226852119
,academy_3_vs_1_with_keeper,123,collect_rollout,460,0,17,-0.006666666362434626,False,False,0.0,0.0,0,0,0,0.0,0.0,0.0,0.0,-0.006666666362434626,1,-0.006666666362434626
,academy_3_vs_1_with_keeper,123,collect_rollout,461,0,15,-0.026666665449738503,False,False,0.0,0.0,0,0,0,0.0,0.0,0.0,0.0,-0.026666665449738503,1,-0.026666665449738503
,academy_3_vs_1_with_keeper,123,collect_rollout,462,0,16,-0.019999999087303877,False,False,0.0,0.0,0,0,0,0.0,0.0,0.0,0.0,-0.019999999087303877,1,-0.019999999087303877
,academy_3_vs_1_with_keeper,123,collect_rollout,463,0,56,-0.09666666225530207,False,False,0.0,0.0,0,0,0,0.0,0.0,0.0,0.0,-0.09666666225530207,1,-0.09666666225530207
,academy_3_vs_1_with_keeper,123,collect_rollout,464,0,16,-0.019999999087303877,False,False,0.0,0.0,0,0,0,0.0,0.0,0.0,0.0,-0.019999999087303877,1,-0.019999999087303877
,academy_3_vs_1_with_keeper,123,collect_rollout,465,0,24,-0.029999998630955815,False,False,0.0,0.0,0,0,0,0.0,0.0,0.0,0.0,-0.029999998630955815,1,-0.029999998630955815
,academy_3_vs_1_with_keeper,123,collect_rollout,466,0,77,-0.14999999315477908,False,False,0.0,0.0,0,0,0,0.0,0.0,0.0,0.0,-0.14999999315477908,1,-0.14999999315477908
,academy_3_vs_1_with_keeper,123,collect_rollout,467,0,19,-0.013333332724869251,False,False,0.0,0.0,0,0,0,0.0,0.0,0.0,0.0,-0.013333332724869251,1,-0.013333332724869251
,academy_3_vs_1_with_keeper,123,collect_rollout,468,0,20,-0.039999998174607754,False,False,0.0,0.0,0,0,0,0.0,0.0,0.0,0.0,-0.039999998174607754,1,-0.039999998174607754
,academy_3_vs_1_with_keeper,123,collect_rollout,469,0,17,-0.02333333226852119,False,False,0.0,0.0,0,0,0,0.0,0.0,0.0,0.0,-0.02333333226852119,1,-0.02333333226852119
,academy_3_vs_1_with_keeper,123,collect_rollout,470,0,72,0.2618055809289217,False,False,0.0,0.0,0,0,0,0.0,0.0,0.0,0.0,0.2618055809289217,1,0.2618055809289217
,academy_3_vs_1_with_keeper,123,collect_rollout,471,0,20,-0.03666666499339044,False,False,0.0,0.0,0,0,0,0.0,0.0,0.0,0.0,-0.03666666499339044,1,-0.03666666499339044
,academy_3_vs_1_with_keeper,123,collect_rollout,472,0,34,-0.055012381402775645,False,False,0.0,0.0,0,0,0,0.0,0.0,0.0,0.0,-0.055012381402775645,1,-0.055012381402775645
,academy_3_vs_1_with_keeper,123,collect_rollout,473,0,20,2.1226349715943797,False,False,0.0,0.0,0,0,0,0.0,0.0,0.0,0.0,2.1226349715943797,1,2.1226349715943797
,academy_3_vs_1_with_keeper,123,collect_rollout,474,0,21,-0.026666665449738503,False,False,0.0,0.0,0,0,0,0.0,0.0,0.0,0.0,-0.026666665449738503,1,-0.026666665449738503
,academy_3_vs_1_with_keeper,123,collect_rollout,475,0,18,-0.02333333226852119,False,False,0.0,0.0,0,0,0,0.0,0.0,0.0,0.0,-0.02333333226852119,1,-0.02333333226852119
,academy_3_vs_1_with_keeper,123,collect_rollout,476,0,16,-0.019999999087303877,False,False,0.0,0.0,0,0,0,0.0,0.0,0.0,0.0,-0.019999999087303877,1,-0.019999999087303877
,academy_3_vs_1_with_keeper,123,collect_rollout,477,0,16,-0.026666665449738503,False,False,0.0,0.0,0,0,0,0.0,0.0,0.0,0.0,-0.026666665449738503,1,-0.026666665449738503
,academy_3_vs_1_with_keeper,123,collect_rollout,478,0,102,0.13567948096897453,False,False,0.0,0.0,0,0,0,0.0,0.0,0.0,0.0,0.13567948096897453,1,0.13567948096897453
,academy_3_vs_1_with_keeper,123,collect_rollout,479,0,36,0.022317337163258344,False,False,0.0,0.0,0,0,0,0.0,0.0,0.0,0.0,0.022317337163258344,1,0.022317337163258344
,academy_3_vs_1_with_keeper,123,collect_rollout,480,0,20,-0.016666665906086564,False,False,0.0,0.0,0,0,0,0.0,0.0,0.0,0.0,-0.016666665906086564,1,-0.016666665906086564
,academy_3_vs_1_with_keeper,123,collect_rollout,481,0,16,-0.02333333226852119,False,False,0.0,0.0,0,0,0,0.0,0.0,0.0,0.0,-0.02333333226852119,1,-0.02333333226852119
,academy_3_vs_1_with_keeper,123,collect_rollout,482,0,54,-0.06681789574213326,False,False,0.0,0.0,0,0,0,0.0,0.0,0.0,0.0,-0.06681789574213326,1,-0.06681789574213326
,academy_3_vs_1_with_keeper,123,collect_rollout,483,0,20,-0.019999999087303877,False,False,0.0,0.0,0,0,0,0.0,0.0,0.0,0.0,-0.019999999087303877,1,-0.019999999087303877
,academy_3_vs_1_with_keeper,123,collect_rollout,484,0,15,-0.019999999087303877,False,False,0.0,0.0,0,0,0,0.0,0.0,0.0,0.0,-0.019999999087303877,1,-0.019999999087303877
,academy_3_vs_1_with_keeper,123,collect_rollout,485,0,23,-0.03666666499339044,False,False,0.0,0.0,0,0,0,0.0,0.0,0.0,0.0,-0.03666666499339044,1,-0.03666666499339044
,academy_3_vs_1_with_keeper,123,collect_rollout,486,0,63,-0.07786844903603196,False,False,0.0,0.0,0,0,0,0.0,0.0,0.0,0.0,-0.07786844903603196,1,-0.07786844903603196
,academy_3_vs_1_with_keeper,123,collect_rollout,487,0,75,0.16911735758185387,False,False,0.0,0.0,0,0,0,0.0,0.0,0.0,0.0,0.16911735758185387,1,0.16911735758185387
,academy_3_vs_1_with_keeper,123,collect_rollout,488,0,18,-0.013333332724869251,False,False,0.0,0.0,0,0,0,0.0,0.0,0.0,0.0,-0.013333332724869251,1,-0.013333332724869251
,academy_3_vs_1_with_keeper,123,collect_rollout,489,0,74,-1.0833333295304328,False,False,0.0,0.0,0,0,0,0.0,0.0,0.0,0.0,-1.0833333295304328,1,-1.0833333295304328
,academy_3_vs_1_with_keeper,123,collect_rollout,490,0,18,-0.009999999543651938,False,False,0.0,0.0,0,0,0,0.0,0.0,0.0,0.0,-0.009999999543651938,1,-0.009999999543651938
,academy_3_vs_1_with_keeper,123,collect_rollout,491,0,18,-0.026666665449738503,False,False,0.0,0.0,0,0,0,0.0,0.0,0.0,0.0,-0.026666665449738503,1,-0.026666665449738503
,academy_3_vs_1_with_keeper,123,collect_rollout,492,0,21,-0.02333333226852119,False,False,0.0,0.0,0,0,0,0.0,0.0,0.0,0.0,-0.02333333226852119,1,-0.02333333226852119
,academy_3_vs_1_with_keeper,123,collect_rollout,493,0,17,-0.019999999087303877,False,False,0.0,0.0,0,0,0,0.0,0.0,0.0,0.0,-0.019999999087303877,1,-0.019999999087303877
,academy_3_vs_1_with_keeper,123,collect_rollout,494,0,16,-0.013333332724869251,False,False,0.0,0.0,0,0,0,0.0,0.0,0.0,0.0,-0.013333332724869251,1,-0.013333332724869251
,academy_3_vs_1_with_keeper,123,collect_rollout,495,0,20,-0.016666665906086564,False,False,0.0,0.0,0,0,0,0.0,0.0,0.0,0.0,-0.016666665906086564,1,-0.016666665906086564
,academy_3_vs_1_with_keeper,123,collect_rollout,496,0,18,-0.02333333226852119,False,False,0.0,0.0,0,0,0,0.0,0.0,0.0,0.0,-0.02333333226852119,1,-0.02333333226852119
,academy_3_vs_1_with_keeper,123,collect_rollout,497,0,23,-0.029999998630955815,False,False,0.0,0.0,0,0,0,0.0,0.0,0.0,0.0,-0.029999998630955815,1,-0.029999998630955815
,academy_3_vs_1_with_keeper,123,collect_rollout,498,0,20,-0.026666665449738503,False,False,0.0,0.0,0,0,0,0.0,0.0,0.0,0.0,-0.026666665449738503,1,-0.026666665449738503
,academy_3_vs_1_with_keeper,123,collect_rollout,499,0,19,-0.019999999087303877,False,False,0.0,0.0,0,0,0,0.0,0.0,0.0,0.0,-0.019999999087303877,1,-0.019999999087303877
,academy_3_vs_1_with_keeper,123,collect_rollout,500,0,39,0.049253929071710445,False,False,0.0,0.0,0,0,0,0.0,0.0,0.0,0.0,0.049253929071710445,1,0.049253929071710445
,academy_3_vs_1_with_keeper,123,collect_rollout,501,0,22,-0.026666665449738503,False,False,0.0,0.0,0,0,0,0.0,0.0,0.0,0.0,-0.026666665449738503,1,-0.026666665449738503
,academy_3_vs_1_with_keeper,123,collect_rollout,502,0,81,-0.08052156775374897,False,False,0.0,0.0,0,0,0,0.0,0.0,0.0,0.0,-0.08052156775374897,1,-0.08052156775374897
,academy_3_vs_1_with_keeper,123,collect_rollout,503,0,18,-0.02333333226852119,False,False,0.0,0.0,0,0,0,0.0,0.0,0.0,0.0,-0.02333333226852119,1,-0.02333333226852119
,academy_3_vs_1_with_keeper,123,collect_rollout,504,0,44,0.040099512436427176,False,False,0.0,0.0,0,0,0,0.0,0.0,0.0,0.0,0.040099512436427176,1,0.040099512436427176
,academy_3_vs_1_with_keeper,123,collect_rollout,505,0,19,-0.013333332724869251,False,False,0.0,0.0,0,0,0,0.0,0.0,0.0,0.0,-0.013333332724869251,1,-0.013333332724869251
,academy_3_vs_1_with_keeper,123,collect_rollout,506,0,48,0.07198109112505335,False,False,0.0,0.0,0,0,0,0.0,0.0,0.0,0.0,0.07198109112505335,1,0.07198109112505335
,academy_3_vs_1_with_keeper,123,collect_rollout,507,0,21,-0.016666665906086564,False,False,0.0,0.0,0,0,0,0.0,0.0,0.0,0.0,-0.016666665906086564,1,-0.016666665906086564
,academy_3_vs_1_with_keeper,123,collect_rollout,508,0,20,-0.019999999087303877,False,False,0.0,0.0,0,0,0,0.0,0.0,0.0,0.0,-0.019999999087303877,1,-0.019999999087303877
,academy_3_vs_1_with_keeper,123,collect_rollout,509,0,102,-0.16741366498172283,False,False,0.0,0.0,0,0,0,0.0,0.0,0.0,0.0,-0.16741366498172283,1,-0.16741366498172283
,academy_3_vs_1_with_keeper,123,collect_rollout,510,0,20,-0.03666666499339044,False,False,0.0,0.0,0,0,0,0.0,0.0,0.0,0.0,-0.03666666499339044,1,-0.03666666499339044
,academy_3_vs_1_with_keeper,123,collect_rollout,511,0,16,-0.026666665449738503,False,False,0.0,0.0,0,0,0,0.0,0.0,0.0,0.0,-0.026666665449738503,1,-0.026666665449738503
,academy_3_vs_1_with_keeper,123,collect_rollout,512,0,35,-0.06333333067595959,False,False,0.0,0.0,0,0,0,0.0,0.0,0.0,0.0,-0.06333333067595959,1,-0.06333333067595959
,academy_3_vs_1_with_keeper,123,collect_rollout,513,0,18,-0.016666665906086564,False,False,0.0,0.0,0,0,0,0.0,0.0,0.0,0.0,-0.016666665906086564,1,-0.016666665906086564
,academy_3_vs_1_with_keeper,123,collect_rollout,514,0,20,-0.016666665906086564,False,False,0.0,0.0,0,0,0,0.0,0.0,0.0,0.0,-0.016666665906086564,1,-0.016666665906086564
,academy_3_vs_1_with_keeper,123,collect_rollout,515,0,22,-0.026666665449738503,False,False,0.0,0.0,0,0,0,0.0,0.0,0.0,0.0,-0.026666665449738503,1,-0.026666665449738503
,academy_3_vs_1_with_keeper,123,collect_rollout,516,0,23,-0.019999999087303877,False,False,0.0,0.0,0,0,0,0.0,0.0,0.0,0.0,-0.019999999087303877,1,-0.019999999087303877
,academy_3_vs_1_with_keeper,123,collect_rollout,517,0,39,-0.0005922536656726152,False,False,0.0,0.0,0,0,0,0.0,0.0,0.0,0.0,-0.0005922536656726152,1,-0.0005922536656726152
,academy_3_vs_1_with_keeper,123,collect_rollout,518,0,47,2.0859762775944546,False,False,0.0,0.0,0,0,0,0.0,0.0,0.0,0.0,2.0859762775944546,1,2.0859762775944546
,academy_3_vs_1_with_keeper,123,collect_rollout,519,0,32,-0.0014224182032194221,False,False,0.0,0.0,0,0,0,0.0,0.0,0.0,0.0,-0.0014224182032194221,1,-0.0014224182032194221
,academy_3_vs_1_with_keeper,123,collect_rollout,520,0,20,-0.029999998630955815,False,False,0.0,0.0,0,0,0,0.0,0.0,0.0,0.0,-0.029999998630955815,1,-0.029999998630955815
,academy_3_vs_1_with_keeper,123,collect_rollout,521,0,17,-0.013333332724869251,False,False,0.0,0.0,0,0,0,0.0,0.0,0.0,0.0,-0.013333332724869251,1,-0.013333332724869251
,academy_3_vs_1_with_keeper,123,collect_rollout,522,0,21,-0.026666665449738503,False,False,0.0,0.0,0,0,0,0.0,0.0,0.0,0.0,-0.026666665449738503,1,-0.026666665449738503
,academy_3_vs_1_with_keeper,123,collect_rollout,523,0,14,0.013213809696026146,False,False,0.0,0.0,0,0,0,0.0,0.0,0.0,0.0,0.013213809696026146,1,0.013213809696026146
,academy_3_vs_1_with_keeper,123,collect_rollout,524,0,20,-0.009999999543651938,False,False,0.0,0.0,0,0,0,0.0,0.0,0.0,0.0,-0.009999999543651938,1,-0.009999999543651938
,academy_3_vs_1_with_keeper,123,collect_rollout,525,0,66,0.23717012090617118,False,False,0.0,0.0,0,0,0,0.0,0.0,0.0,0.0,0.23717012090617118,1,0.23717012090617118
,academy_3_vs_1_with_keeper,123,collect_rollout,526,0,21,-0.016666665906086564,False,False,0.0,0.0,0,0,0,0.0,0.0,0.0,0.0,-0.016666665906086564,1,-0.016666665906086564
,academy_3_vs_1_with_keeper,123,collect_rollout,527,0,22,-0.019999999087303877,False,False,0.0,0.0,0,0,0,0.0,0.0,0.0,0.0,-0.019999999087303877,1,-0.019999999087303877
,academy_3_vs_1_with_keeper,123,collect_rollout,528,0,18,-0.016666665906086564,False,False,0.0,0.0,0,0,0,0.0,0.0,0.0,0.0,-0.016666665906086564,1,-0.016666665906086564
,academy_3_vs_1_with_keeper,123,collect_rollout,529,0,79,-0.22335264564026147,False,False,0.0,0.0,0,0,0,0.0,0.0,0.0,0.0,-0.22335264564026147,1,-0.22335264564026147
,academy_3_vs_1_with_keeper,123,collect_rollout,530,0,19,-0.009999999543651938,False,False,0.0,0.0,0,0,0,0.0,0.0,0.0,0.0,-0.009999999543651938,1,-0.009999999543651938
,academy_3_vs_1_with_keeper,123,collect_rollout,531,0,46,-0.07333332998678088,False,False,0.0,0.0,0,0,0,0.0,0.0,0.0,0.0,-0.07333332998678088,1,-0.07333332998678088
,academy_3_vs_1_with_keeper,123,collect_rollout,532,0,19,-0.029999998630955815,False,False,0.0,0.0,0,0,0,0.0,0.0,0.0,0.0,-0.029999998630955815,1,-0.029999998630955815
,academy_3_vs_1_with_keeper,123,collect_rollout,533,0,22,-0.04666666453704238,False,False,0.0,0.0,0,0,0,0.0,0.0,0.0,0.0,-0.04666666453704238,1,-0.04666666453704238
,academy_3_vs_1_with_keeper,123,collect_rollout,534,0,22,-0.029999998630955815,False,False,0.0,0.0,0,0,0,0.0,0.0,0.0,0.0,-0.029999998630955815,1,-0.029999998630955815
,academy_3_vs_1_with_keeper,123,collect_rollout,535,0,13,0.00814207666553557,False,False,0.0,0.0,0,0,0,0.0,0.0,0.0,0.0,0.00814207666553557,1,0.00814207666553557
,academy_3_vs_1_with_keeper,123,collect_rollout,536,0,20,-0.04333333135582507,False,False,0.0,0.0,0,0,0,0.0,0.0,0.0,0.0,-0.04333333135582507,1,-0.04333333135582507
,academy_3_vs_1_with_keeper,123,collect_rollout,537,0,35,-0.001516585098215728,False,False,0.0,0.0,0,0,0,0.0,0.0,0.0,0.0,-0.001516585098215728,1,-0.001516585098215728
,academy_3_vs_1_with_keeper,123,collect_rollout,538,0,21,-0.013333332724869251,False,False,0.0,0.0,0,0,0,0.0,0.0,0.0,0.0,-0.013333332724869251,1,-0.013333332724869251
,academy_3_vs_1_with_keeper,123,collect_rollout,539,0,18,-0.029999998630955815,False,False,0.0,0.0,0,0,0,0.0,0.0,0.0,0.0,-0.029999998630955815,1,-0.029999998630955815
,academy_3_vs_1_with_keeper,123,collect_rollout,540,0,16,-0.019999999087303877,False,False,0.0,0.0,0,0,0,0.0,0.0,0.0,0.0,-0.019999999087303877,1,-0.019999999087303877
,academy_3_vs_1_with_keeper,123,collect_rollout,541,0,20,-0.02333333226852119,False,False,0.0,0.0,0,0,0,0.0,0.0,0.0,0.0,-0.02333333226852119,1,-0.02333333226852119
,academy_3_vs_1_with_keeper,123,collect_rollout,542,0,18,-0.02333333226852119,False,False,0.0,0.0,0,0,0,0.0,0.0,0.0,0.0,-0.02333333226852119,1,-0.02333333226852119
,academy_3_vs_1_with_keeper,123,collect_rollout,543,0,64,0.19602640171069652,False,False,0.0,0.0,0,0,0,0.0,0.0,0.0,0.0,0.19602640171069652,1,0.19602640171069652
,academy_3_vs_1_with_keeper,123,collect_rollout,544,0,54,-0.06333333044312894,False,False,0.0,0.0,0,0,0,0.0,0.0,0.0,0.0,-0.06333333044312894,1,-0.06333333044312894
,academy_3_vs_1_with_keeper,123,collect_rollout,545,0,19,-0.026666665449738503,False,False,0.0,0.0,0,0,0,0.0,0.0,0.0,0.0,-0.026666665449738503,1,-0.026666665449738503
,academy_3_vs_1_with_keeper,123,collect_rollout,546,0,23,-0.026666665449738503,False,False,0.0,0.0,0,0,0,0.0,0.0,0.0,0.0,-0.026666665449738503,1,-0.026666665449738503
,academy_3_vs_1_with_keeper,123,collect_rollout,547,0,21,-0.02333333226852119,False,False,0.0,0.0,0,0,0,0.0,0.0,0.0,0.0,-0.02333333226852119,1,-0.02333333226852119
,academy_3_vs_1_with_keeper,123,collect_rollout,548,0,17,-0.03333333181217313,False,False,0.0,0.0,0,0,0,0.0,0.0,0.0,0.0,-0.03333333181217313,1,-0.03333333181217313
,academy_3_vs_1_with_keeper,123,collect_rollout,549,0,48,-0.042708739783847705,False,False,0.0,0.0,0,0,0,0.0,0.0,0.0,0.0,-0.042708739783847705,1,-0.042708739783847705
,academy_3_vs_1_with_keeper,123,collect_rollout,550,0,18,0.0,False,False,0.0,0.0,0,0,0,0.0,0.0,0.0,0.0,0.0,1,0.0
,academy_3_vs_1_with_keeper,123,collect_rollout,551,0,16,-0.016666665906086564,False,False,0.0,0.0,0,0,0,0.0,0.0,0.0,0.0,-0.016666665906086564,1,-0.016666665906086564
,academy_3_vs_1_with_keeper,123,collect_rollout,552,0,19,-0.009999999543651938,False,False,0.0,0.0,0,0,0,0.0,0.0,0.0,0.0,-0.009999999543651938,1,-0.009999999543651938
,academy_3_vs_1_with_keeper,123,collect_rollout,553,0,94,-0.06061884679365903,False,False,0.0,0.0,0,0,0,0.0,0.0,0.0,0.0,-0.06061884679365903,1,-0.06061884679365903
,academy_3_vs_1_with_keeper,123,collect_rollout,554,0,19,-0.009999999543651938,False,False,0.0,0.0,0,0,0,0.0,0.0,0.0,0.0,-0.009999999543651938,1,-0.009999999543651938
,academy_3_vs_1_with_keeper,123,collect_rollout,555,0,43,-0.03666666499339044,False,False,0.0,0.0,0,0,0,0.0,0.0,0.0,0.0,-0.03666666499339044,1,-0.03666666499339044
,academy_3_vs_1_with_keeper,123,collect_rollout,556,0,21,-0.029999998630955815,False,False,0.0,0.0,0,0,0,0.0,0.0,0.0,0.0,-0.029999998630955815,1,-0.029999998630955815
,academy_3_vs_1_with_keeper,123,collect_rollout,557,0,60,-0.2133248468162492,False,False,0.0,0.0,0,0,0,0.0,0.0,0.0,0.0,-0.2133248468162492,1,-0.2133248468162492
,academy_3_vs_1_with_keeper,123,collect_rollout,558,0,16,-0.006666666362434626,False,False,0.0,0.0,0,0,0,0.0,0.0,0.0,0.0,-0.006666666362434626,1,-0.006666666362434626
,academy_3_vs_1_with_keeper,123,collect_rollout,559,0,18,-0.013333332724869251,False,False,0.0,0.0,0,0,0,0.0,0.0,0.0,0.0,-0.013333332724869251,1,-0.013333332724869251
,academy_3_vs_1_with_keeper,123,collect_rollout,560,0,19,-0.03333333181217313,False,False,0.0,0.0,0,0,0,0.0,0.0,0.0,0.0,-0.03333333181217313,1,-0.03333333181217313
,academy_3_vs_1_with_keeper,123,collect_rollout,561,0,23,-0.016666665906086564,False,False,0.0,0.0,0,0,0,0.0,0.0,0.0,0.0,-0.016666665906086564,1,-0.016666665906086564
,academy_3_vs_1_with_keeper,123,collect_rollout,562,0,36,-0.06059472146444023,False,False,0.0,0.0,0,0,0,0.0,0.0,0.0,0.0,-0.06059472146444023,1,-0.06059472146444023
,academy_3_vs_1_with_keeper,123,collect_rollout,563,0,11,0.0209237823728472,False,False,0.0,0.0,0,0,0,0.0,0.0,0.0,0.0,0.0209237823728472,1,0.0209237823728472
,academy_3_vs_1_with_keeper,123,collect_rollout,564,0,16,-0.006666666362434626,False,False,0.0,0.0,0,0,0,0.0,0.0,0.0,0.0,-0.006666666362434626,1,-0.006666666362434626
,academy_3_vs_1_with_keeper,123,collect_rollout,565,0,16,-0.019999999087303877,False,False,0.0,0.0,0,0,0,0.0,0.0,0.0,0.0,-0.019999999087303877,1,-0.019999999087303877
,academy_3_vs_1_with_keeper,123,collect_rollout,566,0,46,0.03201801935210824,False,False,0.0,0.0,0,0,0,0.0,0.0,0.0,0.0,0.03201801935210824,1,0.03201801935210824
,academy_3_vs_1_with_keeper,123,collect_rollout,567,0,40,0.03961857152171433,False,False,0.0,0.0,0,0,0,0.0,0.0,0.0,0.0,0.03961857152171433,1,0.03961857152171433
,academy_3_vs_1_with_keeper,123,collect_rollout,568,0,21,-0.009999999543651938,False,False,0.0,0.0,0,0,0,0.0,0.0,0.0,0.0,-0.009999999543651938,1,-0.009999999543651938
,academy_3_vs_1_with_keeper,123,collect_rollout,569,0,42,-0.049384577258024365,False,False,0.0,0.0,0,0,0,0.0,0.0,0.0,0.0,-0.049384577258024365,1,-0.049384577258024365
,academy_3_vs_1_with_keeper,123,collect_rollout,570,0,19,-0.026666665449738503,False,False,0.0,0.0,0,0,0,0.0,0.0,0.0,0.0,-0.026666665449738503,1,-0.026666665449738503
,academy_3_vs_1_with_keeper,123,collect_rollout,571,0,20,-0.009999999543651938,False,False,0.0,0.0,0,0,0,0.0,0.0,0.0,0.0,-0.009999999543651938,1,-0.009999999543651938
,academy_3_vs_1_with_keeper,123,collect_rollout,572,0,168,-0.27666665450669825,False,False,0.0,0.0,0,0,0,0.0,0.0,0.0,0.0,-0.27666665450669825,1,-0.27666665450669825
,academy_3_vs_1_with_keeper,123,collect_rollout,573,0,21,-0.015557653037831187,False,False,0.0,0.0,0,0,0,0.0,0.0,0.0,0.0,-0.015557653037831187,1,-0.015557653037831187
,academy_3_vs_1_with_keeper,123,collect_rollout,574,0,14,0.01643154351040721,False,False,0.0,0.0,0,0,0,0.0,0.0,0.0,0.0,0.01643154351040721,1,0.01643154351040721
,academy_3_vs_1_with_keeper,123,collect_rollout,575,0,19,-0.02999999886378646,False,False,0.0,0.0,0,0,0,0.0,0.0,0.0,0.0,-0.02999999886378646,1,-0.02999999886378646
,academy_3_vs_1_with_keeper,123,collect_rollout,576,0,22,-0.03333333181217313,False,False,0.0,0.0,0,0,0,0.0,0.0,0.0,0.0,-0.03333333181217313,1,-0.03333333181217313
,academy_3_vs_1_with_keeper,123,collect_rollout,577,0,49,2.0315937392879277,False,False,0.0,0.0,0,0,0,0.0,0.0,0.0,0.0,2.0315937392879277,1,2.0315937392879277
,academy_3_vs_1_with_keeper,123,collect_rollout,578,0,21,-0.019999999087303877,False,False,0.0,0.0,0,0,0,0.0,0.0,0.0,0.0,-0.019999999087303877,1,-0.019999999087303877
,academy_3_vs_1_with_keeper,123,collect_rollout,579,0,20,-0.013333332724869251,False,False,0.0,0.0,0,0,0,0.0,0.0,0.0,0.0,-0.013333332724869251,1,-0.013333332724869251
,academy_3_vs_1_with_keeper,123,collect_rollout,580,0,17,-0.019999999087303877,False,False,0.0,0.0,0,0,0,0.0,0.0,0.0,0.0,-0.019999999087303877,1,-0.019999999087303877
,academy_3_vs_1_with_keeper,123,collect_rollout,581,0,23,-0.02333333226852119,False,False,0.0,0.0,0,0,0,0.0,0.0,0.0,0.0,-0.02333333226852119,1,-0.02333333226852119
,academy_3_vs_1_with_keeper,123,collect_rollout,582,0,21,-0.009999999543651938,False,False,0.0,0.0,0,0,0,0.0,0.0,0.0,0.0,-0.009999999543651938,1,-0.009999999543651938
,academy_3_vs_1_with_keeper,123,collect_rollout,583,0,20,-0.016666665906086564,False,False,0.0,0.0,0,0,0,0.0,0.0,0.0,0.0,-0.016666665906086564,1,-0.016666665906086564
,academy_3_vs_1_with_keeper,123,collect_rollout,584,0,17,0.006650996161624789,False,False,0.0,0.0,0,0,0,0.0,0.0,0.0,0.0,0.006650996161624789,1,0.006650996161624789
,academy_3_vs_1_with_keeper,123,collect_rollout,585,0,17,-0.016666665906086564,False,False,0.0,0.0,0,0,0,0.0,0.0,0.0,0.0,-0.016666665906086564,1,-0.016666665906086564
,academy_3_vs_1_with_keeper,123,collect_rollout,586,0,19,-0.016666665906086564,False,False,0.0,0.0,0,0,0,0.0,0.0,0.0,0.0,-0.016666665906086564,1,-0.016666665906086564
,academy_3_vs_1_with_keeper,123,collect_rollout,587,0,17,-0.026666665449738503,False,False,0.0,0.0,0,0,0,0.0,0.0,0.0,0.0,-0.026666665449738503,1,-0.026666665449738503
,academy_3_vs_1_with_keeper,123,collect_rollout,588,0,48,-0.045095148612745106,False,False,0.0,0.0,0,0,0,0.0,0.0,0.0,0.0,-0.045095148612745106,1,-0.045095148612745106
,academy_3_vs_1_with_keeper,123,collect_rollout,589,0,14,-0.006666666362434626,False,False,0.0,0.0,0,0,0,0.0,0.0,0.0,0.0,-0.006666666362434626,1,-0.006666666362434626
,academy_3_vs_1_with_keeper,123,collect_rollout,590,0,12,0.023521928815171123,False,False,0.0,0.0,0,0,0,0.0,0.0,0.0,0.0,0.023521928815171123,1,0.023521928815171123
,academy_3_vs_1_with_keeper,123,collect_rollout,591,0,17,-0.009999999543651938,False,False,0.0,0.0,0,0,0,0.0,0.0,0.0,0.0,-0.009999999543651938,1,-0.009999999543651938
,academy_3_vs_1_with_keeper,123,collect_rollout,592,0,93,-0.02115921252698172,False,False,0.0,0.0,0,0,0,0.0,0.0,0.0,0.0,-0.02115921252698172,1,-0.02115921252698172
,academy_3_vs_1_with_keeper,123,collect_rollout,593,0,19,-0.016666665906086564,False,False,0.0,0.0,0,0,0,0.0,0.0,0.0,0.0,-0.016666665906086564,1,-0.016666665906086564
,academy_3_vs_1_with_keeper,123,collect_rollout,594,0,17,-0.009999999543651938,False,False,0.0,0.0,0,0,0,0.0,0.0,0.0,0.0,-0.009999999543651938,1,-0.009999999543651938
,academy_3_vs_1_with_keeper,123,collect_rollout,595,0,19,-0.026666665449738503,False,False,0.0,0.0,0,0,0,0.0,0.0,0.0,0.0,-0.026666665449738503,1,-0.026666665449738503
,academy_3_vs_1_with_keeper,123,collect_rollout,596,0,18,-0.016666665906086564,False,False,0.0,0.0,0,0,0,0.0,0.0,0.0,0.0,-0.016666665906086564,1,-0.016666665906086564
,academy_3_vs_1_with_keeper,123,collect_rollout,597,0,17,-0.016666665906086564,False,False,0.0,0.0,0,0,0,0.0,0.0,0.0,0.0,-0.016666665906086564,1,-0.016666665906086564
,academy_3_vs_1_with_keeper,123,collect_rollout,598,0,19,-0.019999999087303877,False,False,0.0,0.0,0,0,0,0.0,0.0,0.0,0.0,-0.019999999087303877,1,-0.019999999087303877
,academy_3_vs_1_with_keeper,123,collect_rollout,599,0,20,-0.013333332724869251,False,False,0.0,0.0,0,0,0,0.0,0.0,0.0,0.0,-0.013333332724869251,1,-0.013333332724869251
,academy_3_vs_1_with_keeper,123,collect_rollout,600,0,17,-0.009999999543651938,False,False,0.0,0.0,0,0,0,0.0,0.0,0.0,0.0,-0.009999999543651938,1,-0.009999999543651938
,academy_3_vs_1_with_keeper,123,collect_rollout,601,0,19,-0.023333332501351833,False,False,0.0,0.0,0,0,0,0.0,0.0,0.0,0.0,-0.023333332501351833,1,-0.023333332501351833
,academy_3_vs_1_with_keeper,123,collect_rollout,602,0,15,-0.009999999543651938,False,False,0.0,0.0,0,0,0,0.0,0.0,0.0,0.0,-0.009999999543651938,1,-0.009999999543651938
,academy_3_vs_1_with_keeper,123,collect_rollout,603,0,45,0.06992841348983347,False,False,0.0,0.0,0,0,0,0.0,0.0,0.0,0.0,0.06992841348983347,1,0.06992841348983347
,academy_3_vs_1_with_keeper,123,collect_rollout,604,0,18,-0.013333332724869251,False,False,0.0,0.0,0,0,0,0.0,0.0,0.0,0.0,-0.013333332724869251,1,-0.013333332724869251
,academy_3_vs_1_with_keeper,123,collect_rollout,605,0,16,-0.013333332724869251,False,False,0.0,0.0,0,0,0,0.0,0.0,0.0,0.0,-0.013333332724869251,1,-0.013333332724869251
,academy_3_vs_1_with_keeper,123,collect_rollout,606,0,71,0.17869034537579864,False,False,0.0,0.0,0,0,0,0.0,0.0,0.0,0.0,0.17869034537579864,1,0.17869034537579864
,academy_3_vs_1_with_keeper,123,collect_rollout,607,0,35,0.08055527013493702,False,False,0.0,0.0,0,0,0,0.0,0.0,0.0,0.0,0.08055527013493702,1,0.08055527013493702
,academy_3_vs_1_with_keeper,123,collect_rollout,608,0,16,-0.003333333181217313,False,False,0.0,0.0,0,0,0,0.0,0.0,0.0,0.0,-0.003333333181217313,1,-0.003333333181217313
,academy_3_vs_1_with_keeper,123,collect_rollout,609,0,18,-0.009999999543651938,False,False,0.0,0.0,0,0,0,0.0,0.0,0.0,0.0,-0.009999999543651938,1,-0.009999999543651938
,academy_3_vs_1_with_keeper,123,collect_rollout,610,0,35,0.3549887977715116,False,False,0.0,0.0,0,0,0,0.0,0.0,0.0,0.0,0.3549887977715116,1,0.3549887977715116
,academy_3_vs_1_with_keeper,123,collect_rollout,611,0,32,-0.039999998174607754,False,False,0.0,0.0,0,0,0,0.0,0.0,0.0,0.0,-0.039999998174607754,1,-0.039999998174607754
,academy_3_vs_1_with_keeper,123,collect_rollout,612,0,14,-0.013333332724869251,False,False,0.0,0.0,0,0,0,0.0,0.0,0.0,0.0,-0.013333332724869251,1,-0.013333332724869251
,academy_3_vs_1_with_keeper,123,collect_rollout,613,0,80,-0.06667749921325594,False,False,0.0,0.0,0,0,0,0.0,0.0,0.0,0.0,-0.06667749921325594,1,-0.06667749921325594
,academy_3_vs_1_with_keeper,123,collect_rollout,614,0,22,-0.026666665449738503,False,False,0.0,0.0,0,0,0,0.0,0.0,0.0,0.0,-0.026666665449738503,1,-0.026666665449738503
,academy_3_vs_1_with_keeper,123,collect_rollout,615,0,70,-0.09191787801682949,False,False,0.0,0.0,0,0,0,0.0,0.0,0.0,0.0,-0.09191787801682949,1,-0.09191787801682949
,academy_3_vs_1_with_keeper,123,collect_rollout,616,0,23,-0.019999999087303877,False,False,0.0,0.0,0,0,0,0.0,0.0,0.0,0.0,-0.019999999087303877,1,-0.019999999087303877
,academy_3_vs_1_with_keeper,123,collect_rollout,617,0,52,-0.05666666408069432,False,False,0.0,0.0,0,0,0,0.0,0.0,0.0,0.0,-0.05666666408069432,1,-0.05666666408069432
,academy_3_vs_1_with_keeper,123,collect_rollout,618,0,90,-0.034143546829000115,False,False,0.0,0.0,0,0,0,0.0,0.0,0.0,0.0,-0.034143546829000115,1,-0.034143546829000115
,academy_3_vs_1_with_keeper,123,collect_rollout,619,0,19,-0.009999999543651938,False,False,0.0,0.0,0,0,0,0.0,0.0,0.0,0.0,-0.009999999543651938,1,-0.009999999543651938
,academy_3_vs_1_with_keeper,123,collect_rollout,620,0,17,-0.006666666362434626,False,False,0.0,0.0,0,0,0,0.0,0.0,0.0,0.0,-0.006666666362434626,1,-0.006666666362434626
,academy_3_vs_1_with_keeper,123,collect_rollout,621,0,49,-0.028467220021411777,False,False,0.0,0.0,0,0,0,0.0,0.0,0.0,0.0,-0.028467220021411777,1,-0.028467220021411777
,academy_3_vs_1_with_keeper,123,collect_rollout,622,0,21,-0.019999999087303877,False,False,0.0,0.0,0,0,0,0.0,0.0,0.0,0.0,-0.019999999087303877,1,-0.019999999087303877
,academy_3_vs_1_with_keeper,123,collect_rollout,623,0,14,0.017719310824759305,False,False,0.0,0.0,0,0,0,0.0,0.0,0.0,0.0,0.017719310824759305,1,0.017719310824759305
,academy_3_vs_1_with_keeper,123,collect_rollout,624,0,20,-0.003333333181217313,False,False,0.0,0.0,0,0,0,0.0,0.0,0.0,0.0,-0.003333333181217313,1,-0.003333333181217313
,academy_3_vs_1_with_keeper,123,collect_rollout,625,0,19,2.1392592932097614,False,False,0.0,0.0,0,0,0,0.0,0.0,0.0,0.0,2.1392592932097614,1,2.1392592932097614
,academy_3_vs_1_with_keeper,123,collect_rollout,626,0,20,-0.006666666362434626,False,False,0.0,0.0,0,0,0,0.0,0.0,0.0,0.0,-0.006666666362434626,1,-0.006666666362434626
,academy_3_vs_1_with_keeper,123,collect_rollout,627,0,15,-0.009999999543651938,False,False,0.0,0.0,0,0,0,0.0,0.0,0.0,0.0,-0.009999999543651938,1,-0.009999999543651938
,academy_3_vs_1_with_keeper,123,collect_rollout,628,0,20,-0.016666665906086564,False,False,0.0,0.0,0,0,0,0.0,0.0,0.0,0.0,-0.016666665906086564,1,-0.016666665906086564
,academy_3_vs_1_with_keeper,123,collect_rollout,629,0,55,-0.08666666294448078,False,False,0.0,0.0,0,0,0,0.0,0.0,0.0,0.0,-0.08666666294448078,1,-0.08666666294448078
,academy_3_vs_1_with_keeper,123,collect_rollout,630,0,17,-0.019999999087303877,False,False,0.0,0.0,0,0,0,0.0,0.0,0.0,0.0,-0.019999999087303877,1,-0.019999999087303877
,academy_3_vs_1_with_keeper,123,collect_rollout,631,0,19,-0.013333332724869251,False,False,0.0,0.0,0,0,0,0.0,0.0,0.0,0.0,-0.013333332724869251,1,-0.013333332724869251
,academy_3_vs_1_with_keeper,123,collect_rollout,632,0,16,-0.013333332724869251,False,False,0.0,0.0,0,0,0,0.0,0.0,0.0,0.0,-0.013333332724869251,1,-0.013333332724869251
,academy_3_vs_1_with_keeper,123,collect_rollout,633,0,73,-0.128062195610255,False,False,0.0,0.0,0,0,0,0.0,0.0,0.0,0.0,-0.128062195610255,1,-0.128062195610255
,academy_3_vs_1_with_keeper,123,collect_rollout,634,0,83,-0.05666666408069432,False,False,0.0,0.0,0,0,0,0.0,0.0,0.0,0.0,-0.05666666408069432,1,-0.05666666408069432
,academy_3_vs_1_with_keeper,123,collect_rollout,635,0,18,-0.02333333226852119,False,False,0.0,0.0,0,0,0,0.0,0.0,0.0,0.0,-0.02333333226852119,1,-0.02333333226852119
,academy_3_vs_1_with_keeper,123,collect_rollout,636,0,16,-0.009999999543651938,False,False,0.0,0.0,0,0,0,0.0,0.0,0.0,0.0,-0.009999999543651938,1,-0.009999999543651938
,academy_3_vs_1_with_keeper,123,collect_rollout,637,0,48,-0.037179464125074446,False,False,0.0,0.0,0,0,0,0.0,0.0,0.0,0.0,-0.037179464125074446,1,-0.037179464125074446
,academy_3_vs_1_with_keeper,123,collect_rollout,638,0,15,-0.009999999543651938,False,False,0.0,0.0,0,0,0,0.0,0.0,0.0,0.0,-0.009999999543651938,1,-0.009999999543651938
,academy_3_vs_1_with_keeper,123,collect_rollout,639,0,10,0.04896248551085591,False,False,0.0,0.0,0,0,0,0.0,0.0,0.0,0.0,0.04896248551085591,1,0.04896248551085591
,academy_3_vs_1_with_keeper,123,collect_rollout,640,0,19,-0.016666665906086564,False,False,0.0,0.0,0,0,0,0.0,0.0,0.0,0.0,-0.016666665906086564,1,-0.016666665906086564
,academy_3_vs_1_with_keeper,123,collect_rollout,641,0,64,1.9197530131787062,False,False,0.0,0.0,0,0,0,0.0,0.0,0.0,0.0,1.9197530131787062,1,1.9197530131787062
,academy_3_vs_1_with_keeper,123,collect_rollout,642,0,21,-0.013333332724869251,False,False,0.0,0.0,0,0,0,0.0,0.0,0.0,0.0,-0.013333332724869251,1,-0.013333332724869251
,academy_3_vs_1_with_keeper,123,collect_rollout,643,0,93,-0.07303711015265435,False,False,0.0,0.0,0,0,0,0.0,0.0,0.0,0.0,-0.07303711015265435,1,-0.07303711015265435
,academy_3_vs_1_with_keeper,123,collect_rollout,644,0,22,-0.019999999087303877,False,False,0.0,0.0,0,0,0,0.0,0.0,0.0,0.0,-0.019999999087303877,1,-0.019999999087303877
,academy_3_vs_1_with_keeper,123,collect_rollout,645,0,20,-0.02333333226852119,False,False,0.0,0.0,0,0,0,0.0,0.0,0.0,0.0,-0.02333333226852119,1,-0.02333333226852119
,academy_3_vs_1_with_keeper,123,collect_rollout,646,0,17,-0.009999999543651938,False,False,0.0,0.0,0,0,0,0.0,0.0,0.0,0.0,-0.009999999543651938,1,-0.009999999543651938
,academy_3_vs_1_with_keeper,123,collect_rollout,647,0,21,-0.009999999543651938,False,False,0.0,0.0,0,0,0,0.0,0.0,0.0,0.0,-0.009999999543651938,1,-0.009999999543651938
,academy_3_vs_1_with_keeper,123,collect_rollout,648,0,18,-0.019999999087303877,False,False,0.0,0.0,0,0,0,0.0,0.0,0.0,0.0,-0.019999999087303877,1,-0.019999999087303877
,academy_3_vs_1_with_keeper,123,collect_rollout,649,0,36,0.014692449243739247,False,False,0.0,0.0,0,0,0,0.0,0.0,0.0,0.0,0.014692449243739247,1,0.014692449243739247
,academy_3_vs_1_with_keeper,123,collect_rollout,650,0,14,-0.009999999543651938,False,False,0.0,0.0,0,0,0,0.0,0.0,0.0,0.0,-0.009999999543651938,1,-0.009999999543651938
,academy_3_vs_1_with_keeper,123,collect_rollout,651,0,19,-0.009999999543651938,False,False,0.0,0.0,0,0,0,0.0,0.0,0.0,0.0,-0.009999999543651938,1,-0.009999999543651938
,academy_3_vs_1_with_keeper,123,collect_rollout,652,0,17,-0.016666665906086564,False,False,0.0,0.0,0,0,0,0.0,0.0,0.0,0.0,-0.016666665906086564,1,-0.016666665906086564
,academy_3_vs_1_with_keeper,123,collect_rollout,653,0,15,0.016214259434491396,False,False,0.0,0.0,0,0,0,0.0,0.0,0.0,0.0,0.016214259434491396,1,0.016214259434491396
,academy_3_vs_1_with_keeper,123,collect_rollout,654,0,26,2.1241027862997726,False,False,0.0,0.0,0,0,0,0.0,0.0,0.0,0.0,2.1241027862997726,1,2.1241027862997726
,academy_3_vs_1_with_keeper,123,collect_rollout,655,0,20,-0.013333332724869251,False,False,0.0,0.0,0,0,0,0.0,0.0,0.0,0.0,-0.013333332724869251,1,-0.013333332724869251
,academy_3_vs_1_with_keeper,123,collect_rollout,656,0,63,0.23714591382304206,False,False,0.0,0.0,0,0,0,0.0,0.0,0.0,0.0,0.23714591382304206,1,0.23714591382304206
,academy_3_vs_1_with_keeper,123,collect_rollout,657,0,18,-0.013333332724869251,False,False,0.0,0.0,0,0,0,0.0,0.0,0.0,0.0,-0.013333332724869251,1,-0.013333332724869251
,academy_3_vs_1_with_keeper,123,collect_rollout,658,0,15,0.0,False,False,0.0,0.0,0,0,0,0.0,0.0,0.0,0.0,0.0,1,0.0
,academy_3_vs_1_with_keeper,123,collect_rollout,659,0,17,-0.026666665449738503,False,False,0.0,0.0,0,0,0,0.0,0.0,0.0,0.0,-0.026666665449738503,1,-0.026666665449738503
,academy_3_vs_1_with_keeper,123,collect_rollout,660,0,106,-0.03212819457985461,False,False,0.0,0.0,0,0,0,0.0,0.0,0.0,0.0,-0.03212819457985461,1,-0.03212819457985461
,academy_3_vs_1_with_keeper,123,collect_rollout,661,0,18,-0.003333333181217313,False,False,0.0,0.0,0,0,0,0.0,0.0,0.0,0.0,-0.003333333181217313,1,-0.003333333181217313
,academy_3_vs_1_with_keeper,123,collect_rollout,662,0,61,-0.18274765415117145,False,False,0.0,0.0,0,0,0,0.0,0.0,0.0,0.0,-0.18274765415117145,1,-0.18274765415117145
,academy_3_vs_1_with_keeper,123,collect_rollout,663,0,90,-0.09741354378638789,False,False,0.0,0.0,0,0,0,0.0,0.0,0.0,0.0,-0.09741354378638789,1,-0.09741354378638789
,academy_3_vs_1_with_keeper,123,collect_rollout,664,0,18,-0.016666665906086564,False,False,0.0,0.0,0,0,0,0.0,0.0,0.0,0.0,-0.016666665906086564,1,-0.016666665906086564
,academy_3_vs_1_with_keeper,123,collect_rollout,665,0,23,2.1337354944553226,False,False,0.0,0.0,0,0,0,0.0,0.0,0.0,0.0,2.1337354944553226,1,2.1337354944553226
,academy_3_vs_1_with_keeper,123,collect_rollout,666,0,84,-0.27617072194698267,False,False,0.0,0.0,0,0,0,0.0,0.0,0.0,0.0,-0.27617072194698267,1,-0.27617072194698267
,academy_3_vs_1_with_keeper,123,collect_rollout,667,0,54,-0.055316197918727994,False,False,0.0,0.0,0,0,0,0.0,0.0,0.0,0.0,-0.055316197918727994,1,-0.055316197918727994
,academy_3_vs_1_with_keeper,123,collect_rollout,668,0,16,-0.016666665906086564,False,False,0.0,0.0,0,0,0,0.0,0.0,0.0,0.0,-0.016666665906086564,1,-0.016666665906086564
,academy_3_vs_1_with_keeper,123,collect_rollout,669,0,14,-0.016666665906086564,False,False,0.0,0.0,0,0,0,0.0,0.0,0.0,0.0,-0.016666665906086564,1,-0.016666665906086564
,academy_3_vs_1_with_keeper,123,collect_rollout,670,0,75,-0.12659117253497243,False,False,0.0,0.0,0,0,0,0.0,0.0,0.0,0.0,-0.12659117253497243,1,-0.12659117253497243
,academy_3_vs_1_with_keeper,123,collect_rollout,671,0,19,-0.013333332724869251,False,False,0.0,0.0,0,0,0,0.0,0.0,0.0,0.0,-0.013333332724869251,1,-0.013333332724869251
,academy_3_vs_1_with_keeper,123,collect_rollout,672,0,33,-0.03666666499339044,False,False,0.0,0.0,0,0,0,0.0,0.0,0.0,0.0,-0.03666666499339044,1,-0.03666666499339044
,academy_3_vs_1_with_keeper,123,collect_rollout,673,0,54,-0.06333333044312894,False,False,0.0,0.0,0,0,0,0.0,0.0,0.0,0.0,-0.06333333044312894,1,-0.06333333044312894
,academy_3_vs_1_with_keeper,123,collect_rollout,674,0,15,0.022466182941570878,False,False,0.0,0.0,0,0,0,0.0,0.0,0.0,0.0,0.022466182941570878,1,0.022466182941570878
,academy_3_vs_1_with_keeper,123,collect_rollout,675,0,37,0.054515889765752945,False,False,0.0,0.0,0,0,0,0.0,0.0,0.0,0.0,0.054515889765752945,1,0.054515889765752945
,academy_3_vs_1_with_keeper,123,collect_rollout,676,0,15,-0.003333333181217313,False,False,0.0,0.0,0,0,0,0.0,0.0,0.0,0.0,-0.003333333181217313,1,-0.003333333181217313
,academy_3_vs_1_with_keeper,123,collect_rollout,677,0,20,-0.019999999087303877,False,False,0.0,0.0,0,0,0,0.0,0.0,0.0,0.0,-0.019999999087303877,1,-0.019999999087303877
,academy_3_vs_1_with_keeper,123,collect_rollout,678,0,21,-0.006666666362434626,False,False,0.0,0.0,0,0,0,0.0,0.0,0.0,0.0,-0.006666666362434626,1,-0.006666666362434626
,academy_3_vs_1_with_keeper,123,collect_rollout,679,0,16,-0.019999999087303877,False,False,0.0,0.0,0,0,0,0.0,0.0,0.0,0.0,-0.019999999087303877,1,-0.019999999087303877
,academy_3_vs_1_with_keeper,123,collect_rollout,680,0,16,-0.003333333181217313,False,False,0.0,0.0,0,0,0,0.0,0.0,0.0,0.0,-0.003333333181217313,1,-0.003333333181217313
,academy_3_vs_1_with_keeper,123,collect_rollout,681,0,16,-0.009999999543651938,False,False,0.0,0.0,0,0,0,0.0,0.0,0.0,0.0,-0.009999999543651938,1,-0.009999999543651938
,academy_3_vs_1_with_keeper,123,collect_rollout,682,0,19,-0.006666666362434626,False,False,0.0,0.0,0,0,0,0.0,0.0,0.0,0.0,-0.006666666362434626,1,-0.006666666362434626
,academy_3_vs_1_with_keeper,123,collect_rollout,683,0,19,-0.026666665449738503,False,False,0.0,0.0,0,0,0,0.0,0.0,0.0,0.0,-0.026666665449738503,1,-0.026666665449738503
,academy_3_vs_1_with_keeper,123,collect_rollout,684,0,16,-0.013333332724869251,False,False,0.0,0.0,0,0,0,0.0,0.0,0.0,0.0,-0.013333332724869251,1,-0.013333332724869251
,academy_3_vs_1_with_keeper,123,collect_rollout,685,0,20,-0.02333333226852119,False,False,0.0,0.0,0,0,0,0.0,0.0,0.0,0.0,-0.02333333226852119,1,-0.02333333226852119
,academy_3_vs_1_with_keeper,123,collect_rollout,686,0,16,-0.006666666362434626,False,False,0.0,0.0,0,0,0,0.0,0.0,0.0,0.0,-0.006666666362434626,1,-0.006666666362434626
,academy_3_vs_1_with_keeper,123,collect_rollout,687,0,19,2.131203730008565,False,False,0.0,0.0,0,0,0,0.0,0.0,0.0,0.0,2.131203730008565,1,2.131203730008565
,academy_3_vs_1_with_keeper,123,collect_rollout,688,0,14,-0.006666666362434626,False,False,0.0,0.0,0,0,0,0.0,0.0,0.0,0.0,-0.006666666362434626,1,-0.006666666362434626
,academy_3_vs_1_with_keeper,123,collect_rollout,689,0,20,-0.029999998630955815,False,False,0.0,0.0,0,0,0,0.0,0.0,0.0,0.0,-0.029999998630955815,1,-0.029999998630955815
,academy_3_vs_1_with_keeper,123,collect_rollout,690,0,15,0.025556002976372838,False,False,0.0,0.0,0,0,0,0.0,0.0,0.0,0.0,0.025556002976372838,1,0.025556002976372838
,academy_3_vs_1_with_keeper,123,collect_rollout,691,0,19,-0.009999999543651938,False,False,0.0,0.0,0,0,0,0.0,0.0,0.0,0.0,-0.009999999543651938,1,-0.009999999543651938
,academy_3_vs_1_with_keeper,123,collect_rollout,692,0,20,-0.009999999543651938,False,False,0.0,0.0,0,0,0,0.0,0.0,0.0,0.0,-0.009999999543651938,1,-0.009999999543651938
,academy_3_vs_1_with_keeper,123,collect_rollout,693,0,19,0.0,False,False,0.0,0.0,0,0,0,0.0,0.0,0.0,0.0,0.0,1,0.0
,academy_3_vs_1_with_keeper,123,collect_rollout,694,0,22,-0.019999999087303877,False,False,0.0,0.0,0,0,0,0.0,0.0,0.0,0.0,-0.019999999087303877,1,-0.019999999087303877
,academy_3_vs_1_with_keeper,123,collect_rollout,695,0,19,-0.013333332724869251,False,False,0.0,0.0,0,0,0,0.0,0.0,0.0,0.0,-0.013333332724869251,1,-0.013333332724869251
,academy_3_vs_1_with_keeper,123,collect_rollout,696,0,18,-0.009999999543651938,False,False,0.0,0.0,0,0,0,0.0,0.0,0.0,0.0,-0.009999999543651938,1,-0.009999999543651938
,academy_3_vs_1_with_keeper,123,collect_rollout,697,0,20,-0.013333332724869251,False,False,0.0,0.0,0,0,0,0.0,0.0,0.0,0.0,-0.013333332724869251,1,-0.013333332724869251
,academy_3_vs_1_with_keeper,123,collect_rollout,698,0,18,-0.013333332724869251,False,False,0.0,0.0,0,0,0,0.0,0.0,0.0,0.0,-0.013333332724869251,1,-0.013333332724869251
,academy_3_vs_1_with_keeper,123,collect_rollout,699,0,21,-0.029999998630955815,False,False,0.0,0.0,0,0,0,0.0,0.0,0.0,0.0,-0.029999998630955815,1,-0.029999998630955815
,academy_3_vs_1_with_keeper,123,collect_rollout,700,0,42,0.010834654211066663,False,False,0.0,0.0,0,0,0,0.0,0.0,0.0,0.0,0.010834654211066663,1,0.010834654211066663
,academy_3_vs_1_with_keeper,123,collect_rollout,701,0,69,-0.1657994599081576,False,False,0.0,0.0,0,0,0,0.0,0.0,0.0,0.0,-0.1657994599081576,1,-0.1657994599081576
,academy_3_vs_1_with_keeper,123,collect_rollout,702,0,18,-0.006666666362434626,False,False,0.0,0.0,0,0,0,0.0,0.0,0.0,0.0,-0.006666666362434626,1,-0.006666666362434626
,academy_3_vs_1_with_keeper,123,collect_rollout,703,0,39,-0.05462019797414541,False,False,0.0,0.0,0,0,0,0.0,0.0,0.0,0.0,-0.05462019797414541,1,-0.05462019797414541
,academy_3_vs_1_with_keeper,123,collect_rollout,704,0,22,-0.009999999543651938,False,False,0.0,0.0,0,0,0,0.0,0.0,0.0,0.0,-0.009999999543651938,1,-0.009999999543651938
,academy_3_vs_1_with_keeper,123,collect_rollout,705,0,16,0.015220933826640248,False,False,0.0,0.0,0,0,0,0.0,0.0,0.0,0.0,0.015220933826640248,1,0.015220933826640248
,academy_3_vs_1_with_keeper,123,collect_rollout,706,0,47,-0.0321011531050317,False,False,0.0,0.0,0,0,0,0.0,0.0,0.0,0.0,-0.0321011531050317,1,-0.0321011531050317
,academy_3_vs_1_with_keeper,123,collect_rollout,707,0,18,-0.02333333226852119,False,False,0.0,0.0,0,0,0,0.0,0.0,0.0,0.0,-0.02333333226852119,1,-0.02333333226852119
,academy_3_vs_1_with_keeper,123,collect_rollout,708,0,14,0.0,False,False,0.0,0.0,0,0,0,0.0,0.0,0.0,0.0,0.0,1,0.0
,academy_3_vs_1_with_keeper,123,collect_rollout,709,0,20,-0.02333333226852119,False,False,0.0,0.0,0,0,0,0.0,0.0,0.0,0.0,-0.02333333226852119,1,-0.02333333226852119
,academy_3_vs_1_with_keeper,123,collect_rollout,710,0,16,-0.013333332724869251,False,False,0.0,0.0,0,0,0,0.0,0.0,0.0,0.0,-0.013333332724869251,1,-0.013333332724869251
,academy_3_vs_1_with_keeper,123,collect_rollout,711,0,52,-0.05614571436308324,False,False,0.0,0.0,0,0,0,0.0,0.0,0.0,0.0,-0.05614571436308324,1,-0.05614571436308324
,academy_3_vs_1_with_keeper,123,collect_rollout,712,0,22,-0.009999999543651938,False,False,0.0,0.0,0,0,0,0.0,0.0,0.0,0.0,-0.009999999543651938,1,-0.009999999543651938
,academy_3_vs_1_with_keeper,123,collect_rollout,713,0,20,-0.009999999543651938,False,False,0.0,0.0,0,0,0,0.0,0.0,0.0,0.0,-0.009999999543651938,1,-0.009999999543651938
,academy_3_vs_1_with_keeper,123,collect_rollout,714,0,9,0.022507370376843028,False,False,0.0,0.0,0,0,0,0.0,0.0,0.0,0.0,0.022507370376843028,1,0.022507370376843028
,academy_3_vs_1_with_keeper,123,collect_rollout,715,0,69,-0.23926428734557703,False,False,0.0,0.0,0,0,0,0.0,0.0,0.0,0.0,-0.23926428734557703,1,-0.23926428734557703
,academy_3_vs_1_with_keeper,123,collect_rollout,716,0,17,-0.00027078663697466254,False,False,0.0,0.0,0,0,0,0.0,0.0,0.0,0.0,-0.00027078663697466254,1,-0.00027078663697466254
,academy_3_vs_1_with_keeper,123,collect_rollout,717,0,18,-0.009999999543651938,False,False,0.0,0.0,0,0,0,0.0,0.0,0.0,0.0,-0.009999999543651938,1,-0.009999999543651938
,academy_3_vs_1_with_keeper,123,collect_rollout,718,0,24,-0.013333332724869251,False,False,0.0,0.0,0,0,0,0.0,0.0,0.0,0.0,-0.013333332724869251,1,-0.013333332724869251
,academy_3_vs_1_with_keeper,123,collect_rollout,719,0,21,-0.016666665906086564,False,False,0.0,0.0,0,0,0,0.0,0.0,0.0,0.0,-0.016666665906086564,1,-0.016666665906086564
,academy_3_vs_1_with_keeper,123,collect_rollout,720,0,20,-0.016666665906086564,False,False,0.0,0.0,0,0,0,0.0,0.0,0.0,0.0,-0.016666665906086564,1,-0.016666665906086564
,academy_3_vs_1_with_keeper,123,collect_rollout,721,0,24,-0.019999999087303877,False,False,0.0,0.0,0,0,0,0.0,0.0,0.0,0.0,-0.019999999087303877,1,-0.019999999087303877
,academy_3_vs_1_with_keeper,123,collect_rollout,722,0,16,-0.006666666362434626,False,False,0.0,0.0,0,0,0,0.0,0.0,0.0,0.0,-0.006666666362434626,1,-0.006666666362434626
,academy_3_vs_1_with_keeper,123,collect_rollout,723,0,19,-0.016666665906086564,False,False,0.0,0.0,0,0,0,0.0,0.0,0.0,0.0,-0.016666665906086564,1,-0.016666665906086564
,academy_3_vs_1_with_keeper,123,collect_rollout,724,0,17,-0.009999999543651938,False,False,0.0,0.0,0,0,0,0.0,0.0,0.0,0.0,-0.009999999543651938,1,-0.009999999543651938
,academy_3_vs_1_with_keeper,123,collect_rollout,725,0,39,2.11164177081082,False,False,0.0,0.0,0,0,0,0.0,0.0,0.0,0.0,2.11164177081082,1,2.11164177081082
,academy_3_vs_1_with_keeper,123,collect_rollout,726,0,18,-0.019999999087303877,False,False,0.0,0.0,0,0,0,0.0,0.0,0.0,0.0,-0.019999999087303877,1,-0.019999999087303877
,academy_3_vs_1_with_keeper,123,collect_rollout,727,0,74,-0.16497803095262498,False,False,0.0,0.0,0,0,0,0.0,0.0,0.0,0.0,-0.16497803095262498,1,-0.16497803095262498
,academy_3_vs_1_with_keeper,123,collect_rollout,728,0,31,2.1131340983556584,False,False,0.0,0.0,0,0,0,0.0,0.0,0.0,0.0,2.1131340983556584,1,2.1131340983556584
,academy_3_vs_1_with_keeper,123,collect_rollout,729,0,21,-0.006666666362434626,False,False,0.0,0.0,0,0,0,0.0,0.0,0.0,0.0,-0.006666666362434626,1,-0.006666666362434626
,academy_3_vs_1_with_keeper,123,collect_rollout,730,0,81,-0.05836136890866328,False,False,0.0,0.0,0,0,0,0.0,0.0,0.0,0.0,-0.05836136890866328,1,-0.05836136890866328
,academy_3_vs_1_with_keeper,123,collect_rollout,731,0,37,0.04243584061623551,False,False,0.0,0.0,0,0,0,0.0,0.0,0.0,0.0,0.04243584061623551,1,0.04243584061623551
,academy_3_vs_1_with_keeper,123,collect_rollout,732,0,19,-0.006666666362434626,False,False,0.0,0.0,0,0,0,0.0,0.0,0.0,0.0,-0.006666666362434626,1,-0.006666666362434626
,academy_3_vs_1_with_keeper,123,collect_rollout,733,0,86,-0.09734084163210355,False,False,0.0,0.0,0,0,0,0.0,0.0,0.0,0.0,-0.09734084163210355,1,-0.09734084163210355
,academy_3_vs_1_with_keeper,123,collect_rollout,734,0,17,-0.009999999543651938,False,False,0.0,0.0,0,0,0,0.0,0.0,0.0,0.0,-0.009999999543651938,1,-0.009999999543651938
,academy_3_vs_1_with_keeper,123,collect_rollout,735,0,17,-0.013333332724869251,False,False,0.0,0.0,0,0,0,0.0,0.0,0.0,0.0,-0.013333332724869251,1,-0.013333332724869251
,academy_3_vs_1_with_keeper,123,collect_rollout,736,0,18,-0.026666665449738503,False,False,0.0,0.0,0,0,0,0.0,0.0,0.0,0.0,-0.026666665449738503,1,-0.026666665449738503
,academy_3_vs_1_with_keeper,123,collect_rollout,737,0,17,-0.013333332724869251,False,False,0.0,0.0,0,0,0,0.0,0.0,0.0,0.0,-0.013333332724869251,1,-0.013333332724869251
,academy_3_vs_1_with_keeper,123,collect_rollout,738,0,82,-0.08306967778480612,False,False,0.0,0.0,0,0,0,0.0,0.0,0.0,0.0,-0.08306967778480612,1,-0.08306967778480612
,academy_3_vs_1_with_keeper,123,collect_rollout,739,0,19,-0.016666665906086564,False,False,0.0,0.0,0,0,0,0.0,0.0,0.0,0.0,-0.016666665906086564,1,-0.016666665906086564
,academy_3_vs_1_with_keeper,123,collect_rollout,740,0,7,0.03222987777553499,False,False,0.0,0.0,0,0,0,0.0,0.0,0.0,0.0,0.03222987777553499,1,0.03222987777553499
,academy_3_vs_1_with_keeper,123,collect_rollout,741,0,68,-0.22083002992440015,False,False,0.0,0.0,0,0,0,0.0,0.0,0.0,0.0,-0.22083002992440015,1,-0.22083002992440015
,academy_3_vs_1_with_keeper,123,collect_rollout,742,0,22,-0.02333333226852119,False,False,0.0,0.0,0,0,0,0.0,0.0,0.0,0.0,-0.02333333226852119,1,-0.02333333226852119
,academy_3_vs_1_with_keeper,123,collect_rollout,743,0,19,-0.0399999984074384,False,False,0.0,0.0,0,0,0,0.0,0.0,0.0,0.0,-0.0399999984074384,1,-0.0399999984074384
,academy_3_vs_1_with_keeper,123,collect_rollout,744,0,65,-0.13703234551940113,False,False,0.0,0.0,0,0,0,0.0,0.0,0.0,0.0,-0.13703234551940113,1,-0.13703234551940113
,academy_3_vs_1_with_keeper,123,collect_rollout,745,0,14,-0.016666665906086564,False,False,0.0,0.0,0,0,0,0.0,0.0,0.0,0.0,-0.016666665906086564,1,-0.016666665906086564
,academy_3_vs_1_with_keeper,123,collect_rollout,746,0,13,0.02065285388380289,False,False,0.0,0.0,0,0,0,0.0,0.0,0.0,0.0,0.02065285388380289,1,0.02065285388380289
,academy_3_vs_1_with_keeper,123,collect_rollout,747,0,20,-0.013333332724869251,False,False,0.0,0.0,0,0,0,0.0,0.0,0.0,0.0,-0.013333332724869251,1,-0.013333332724869251
,academy_3_vs_1_with_keeper,123,collect_rollout,748,0,16,-0.003333333181217313,False,False,0.0,0.0,0,0,0,0.0,0.0,0.0,0.0,-0.003333333181217313,1,-0.003333333181217313
,academy_3_vs_1_with_keeper,123,collect_rollout,749,0,15,-0.009999999543651938,False,False,0.0,0.0,0,0,0,0.0,0.0,0.0,0.0,-0.009999999543651938,1,-0.009999999543651938
,academy_3_vs_1_with_keeper,123,collect_rollout,750,0,160,-0.4347341281827539,False,False,0.0,0.0,0,0,0,0.0,0.0,0.0,0.0,-0.4347341281827539,1,-0.4347341281827539
,academy_3_vs_1_with_keeper,123,collect_rollout,751,0,15,0.0,False,False,0.0,0.0,0,0,0,0.0,0.0,0.0,0.0,0.0,1,0.0
,academy_3_vs_1_with_keeper,123,collect_rollout,752,0,88,-0.1686925144167617,False,False,0.0,0.0,0,0,0,0.0,0.0,0.0,0.0,-0.1686925144167617,1,-0.1686925144167617
,academy_3_vs_1_with_keeper,123,collect_rollout,753,0,21,-0.016666665906086564,False,False,0.0,0.0,0,0,0,0.0,0.0,0.0,0.0,-0.016666665906086564,1,-0.016666665906086564
,academy_3_vs_1_with_keeper,123,collect_rollout,754,0,18,-0.016666665906086564,False,False,0.0,0.0,0,0,0,0.0,0.0,0.0,0.0,-0.016666665906086564,1,-0.016666665906086564
,academy_3_vs_1_with_keeper,123,collect_rollout,755,0,35,-0.015371516230516136,False,False,0.0,0.0,0,0,0,0.0,0.0,0.0,0.0,-0.015371516230516136,1,-0.015371516230516136
,academy_3_vs_1_with_keeper,123,collect_rollout,756,0,23,-0.016666665906086564,False,False,0.0,0.0,0,0,0,0.0,0.0,0.0,0.0,-0.016666665906086564,1,-0.016666665906086564
,academy_3_vs_1_with_keeper,123,collect_rollout,757,0,48,2.048176280572079,False,False,0.0,0.0,0,0,0,0.0,0.0,0.0,0.0,2.048176280572079,1,2.048176280572079
,academy_3_vs_1_with_keeper,123,collect_rollout,758,0,16,-0.006666666362434626,False,False,0.0,0.0,0,0,0,0.0,0.0,0.0,0.0,-0.006666666362434626,1,-0.006666666362434626
,academy_3_vs_1_with_keeper,123,collect_rollout,759,0,17,-0.019999999087303877,False,False,0.0,0.0,0,0,0,0.0,0.0,0.0,0.0,-0.019999999087303877,1,-0.019999999087303877
,academy_3_vs_1_with_keeper,123,collect_rollout,760,0,20,-0.009999999543651938,False,False,0.0,0.0,0,0,0,0.0,0.0,0.0,0.0,-0.009999999543651938,1,-0.009999999543651938
,academy_3_vs_1_with_keeper,123,collect_rollout,761,0,40,0.039795585442334414,False,False,0.0,0.0,0,0,0,0.0,0.0,0.0,0.0,0.039795585442334414,1,0.039795585442334414
,academy_3_vs_1_with_keeper,123,collect_rollout,762,0,20,-0.016666665906086564,False,False,0.0,0.0,0,0,0,0.0,0.0,0.0,0.0,-0.016666665906086564,1,-0.016666665906086564
,academy_3_vs_1_with_keeper,123,collect_rollout,763,0,19,-0.006666666362434626,False,False,0.0,0.0,0,0,0,0.0,0.0,0.0,0.0,-0.006666666362434626,1,-0.006666666362434626
,academy_3_vs_1_with_keeper,123,collect_rollout,764,0,8,0.04720157338306308,False,False,0.0,0.0,0,0,0,0.0,0.0,0.0,0.0,0.04720157338306308,1,0.04720157338306308
,academy_3_vs_1_with_keeper,123,collect_rollout,765,0,17,0.0,False,False,0.0,0.0,0,0,0,0.0,0.0,0.0,0.0,0.0,1,0.0
,academy_3_vs_1_with_keeper,123,collect_rollout,766,0,20,-0.026666665682569146,False,False,0.0,0.0,0,0,0,0.0,0.0,0.0,0.0,-0.026666665682569146,1,-0.026666665682569146
,academy_3_vs_1_with_keeper,123,collect_rollout,767,0,22,-0.02333333226852119,False,False,0.0,0.0,0,0,0,0.0,0.0,0.0,0.0,-0.02333333226852119,1,-0.02333333226852119
,academy_3_vs_1_with_keeper,123,collect_rollout,768,0,24,-0.013333332724869251,False,False,0.0,0.0,0,0,0,0.0,0.0,0.0,0.0,-0.013333332724869251,1,-0.013333332724869251
,academy_3_vs_1_with_keeper,123,collect_rollout,769,0,17,-0.009999999543651938,False,False,0.0,0.0,0,0,0,0.0,0.0,0.0,0.0,-0.009999999543651938,1,-0.009999999543651938
,academy_3_vs_1_with_keeper,123,collect_rollout,770,0,19,2.14223251468502,False,False,0.0,0.0,0,0,0,0.0,0.0,0.0,0.0,2.14223251468502,1,2.14223251468502
,academy_3_vs_1_with_keeper,123,collect_rollout,771,0,52,0.05690845800563693,False,False,0.0,0.0,0,0,0,0.0,0.0,0.0,0.0,0.05690845800563693,1,0.05690845800563693
,academy_3_vs_1_with_keeper,123,collect_rollout,772,0,17,-0.009999999543651938,False,False,0.0,0.0,0,0,0,0.0,0.0,0.0,0.0,-0.009999999543651938,1,-0.009999999543651938
,academy_3_vs_1_with_keeper,123,collect_rollout,773,0,38,0.021066558954771608,False,False,0.0,0.0,0,0,0,0.0,0.0,0.0,0.0,0.021066558954771608,1,0.021066558954771608
,academy_3_vs_1_with_keeper,123,collect_rollout,774,0,20,-0.013333332724869251,False,False,0.0,0.0,0,0,0,0.0,0.0,0.0,0.0,-0.013333332724869251,1,-0.013333332724869251
,academy_3_vs_1_with_keeper,123,collect_rollout,775,0,22,-0.02333333226852119,False,False,0.0,0.0,0,0,0,0.0,0.0,0.0,0.0,-0.02333333226852119,1,-0.02333333226852119
,academy_3_vs_1_with_keeper,123,collect_rollout,776,0,6,0.02783951535820961,False,False,0.0,0.0,0,0,0,0.0,0.0,0.0,0.0,0.02783951535820961,1,0.02783951535820961
,academy_3_vs_1_with_keeper,123,collect_rollout,777,0,43,0.030226520728319883,False,False,0.0,0.0,0,0,0,0.0,0.0,0.0,0.0,0.030226520728319883,1,0.030226520728319883
,academy_3_vs_1_with_keeper,123,collect_rollout,778,0,20,-0.009999999543651938,False,False,0.0,0.0,0,0,0,0.0,0.0,0.0,0.0,-0.009999999543651938,1,-0.009999999543651938
,academy_3_vs_1_with_keeper,123,collect_rollout,779,0,1801,-2.060832410585135,False,False,0.0,0.0,0,0,0,0.0,0.0,0.0,0.0,-2.060832410585135,1,-2.060832410585135
,academy_3_vs_1_with_keeper,123,collect_rollout,780,0,7,0.0313158358912915,False,False,0.0,0.0,0,0,0,0.0,0.0,0.0,0.0,0.0313158358912915,1,0.0313158358912915
,academy_3_vs_1_with_keeper,123,collect_rollout,781,0,52,0.009353210334666073,False,False,0.0,0.0,0,0,0,0.0,0.0,0.0,0.0,0.009353210334666073,1,0.009353210334666073
,academy_3_vs_1_with_keeper,123,collect_rollout,782,0,21,-0.019999999087303877,False,False,0.0,0.0,0,0,0,0.0,0.0,0.0,0.0,-0.019999999087303877,1,-0.019999999087303877
,academy_3_vs_1_with_keeper,123,collect_rollout,783,0,8,0.040987959248013794,False,False,0.0,0.0,0,0,0,0.0,0.0,0.0,0.0,0.040987959248013794,1,0.040987959248013794
,academy_3_vs_1_with_keeper,123,collect_rollout,784,0,22,-0.029999998630955815,False,False,0.0,0.0,0,0,0,0.0,0.0,0.0,0.0,-0.029999998630955815,1,-0.029999998630955815
,academy_3_vs_1_with_keeper,123,collect_rollout,785,0,50,2.010941785760224,False,False,0.0,0.0,0,0,0,0.0,0.0,0.0,0.0,2.010941785760224,1,2.010941785760224
,academy_3_vs_1_with_keeper,123,collect_rollout,786,0,21,-0.013333332724869251,False,False,0.0,0.0,0,0,0,0.0,0.0,0.0,0.0,-0.013333332724869251,1,-0.013333332724869251
,academy_3_vs_1_with_keeper,123,collect_rollout,787,0,17,-0.016666665906086564,False,False,0.0,0.0,0,0,0,0.0,0.0,0.0,0.0,-0.016666665906086564,1,-0.016666665906086564
,academy_3_vs_1_with_keeper,123,collect_rollout,788,0,17,-0.006666666362434626,False,False,0.0,0.0,0,0,0,0.0,0.0,0.0,0.0,-0.006666666362434626,1,-0.006666666362434626
,academy_3_vs_1_with_keeper,123,collect_rollout,789,0,18,-0.013333332724869251,False,False,0.0,0.0,0,0,0,0.0,0.0,0.0,0.0,-0.013333332724869251,1,-0.013333332724869251
,academy_3_vs_1_with_keeper,123,collect_rollout,790,0,18,-0.003333333181217313,False,False,0.0,0.0,0,0,0,0.0,0.0,0.0,0.0,-0.003333333181217313,1,-0.003333333181217313
,academy_3_vs_1_with_keeper,123,collect_rollout,791,0,15,0.011083307908847928,False,False,0.0,0.0,0,0,0,0.0,0.0,0.0,0.0,0.011083307908847928,1,0.011083307908847928
,academy_3_vs_1_with_keeper,123,collect_rollout,792,0,18,-0.009999999543651938,False,False,0.0,0.0,0,0,0,0.0,0.0,0.0,0.0,-0.009999999543651938,1,-0.009999999543651938
,academy_3_vs_1_with_keeper,123,collect_rollout,793,0,90,0.03214245359413326,False,False,0.0,0.0,0,0,0,0.0,0.0,0.0,0.0,0.03214245359413326,1,0.03214245359413326
,academy_3_vs_1_with_keeper,123,collect_rollout,794,0,37,0.09098185948096216,False,False,0.0,0.0,0,0,0,0.0,0.0,0.0,0.0,0.09098185948096216,1,0.09098185948096216
,academy_3_vs_1_with_keeper,123,collect_rollout,795,0,88,0.07991891470737755,False,False,0.0,0.0,0,0,0,0.0,0.0,0.0,0.0,0.07991891470737755,1,0.07991891470737755
,academy_3_vs_1_with_keeper,123,collect_rollout,796,0,65,0.06213258870411664,False,False,0.0,0.0,0,0,0,0.0,0.0,0.0,0.0,0.06213258870411664,1,0.06213258870411664
,academy_3_vs_1_with_keeper,123,collect_rollout,797,0,61,1.983193822670728,False,False,0.0,0.0,0,0,0,0.0,0.0,0.0,0.0,1.983193822670728,1,1.983193822670728
,academy_3_vs_1_with_keeper,123,collect_rollout,798,0,29,-0.013333332724869251,False,False,0.0,0.0,0,0,0,0.0,0.0,0.0,0.0,-0.013333332724869251,1,-0.013333332724869251
,academy_3_vs_1_with_keeper,123,collect_rollout,799,0,88,-0.004222516610752791,False,False,0.0,0.0,0,0,0,0.0,0.0,0.0,0.0,-0.004222516610752791,1,-0.004222516610752791
,academy_3_vs_1_with_keeper,123,collect_rollout,800,0,20,-0.013333332724869251,False,False,0.0,0.0,0,0,0,0.0,0.0,0.0,0.0,-0.013333332724869251,1,-0.013333332724869251
,academy_3_vs_1_with_keeper,123,collect_rollout,801,0,93,-0.04762689454946667,False,False,0.0,0.0,0,0,0,0.0,0.0,0.0,0.0,-0.04762689454946667,1,-0.04762689454946667
,academy_3_vs_1_with_keeper,123,collect_rollout,802,0,23,0.0,False,False,0.0,0.0,0,0,0,0.0,0.0,0.0,0.0,0.0,1,0.0
,academy_3_vs_1_with_keeper,123,collect_rollout,803,0,16,-0.009999999543651938,False,False,0.0,0.0,0,0,0,0.0,0.0,0.0,0.0,-0.009999999543651938,1,-0.009999999543651938
,academy_3_vs_1_with_keeper,123,collect_rollout,804,0,19,-0.003333333181217313,False,False,0.0,0.0,0,0,0,0.0,0.0,0.0,0.0,-0.003333333181217313,1,-0.003333333181217313
,academy_3_vs_1_with_keeper,123,collect_rollout,805,0,63,-0.03163517010398209,False,False,0.0,0.0,0,0,0,0.0,0.0,0.0,0.0,-0.03163517010398209,1,-0.03163517010398209
,academy_3_vs_1_with_keeper,123,collect_rollout,806,0,20,-0.006666666362434626,False,False,0.0,0.0,0,0,0,0.0,0.0,0.0,0.0,-0.006666666362434626,1,-0.006666666362434626
,academy_3_vs_1_with_keeper,123,collect_rollout,807,0,31,2.138856292818673,False,False,0.0,0.0,0,0,0,0.0,0.0,0.0,0.0,2.138856292818673,1,2.138856292818673
,academy_3_vs_1_with_keeper,123,collect_rollout,808,0,18,-0.016666665906086564,False,False,0.0,0.0,0,0,0,0.0,0.0,0.0,0.0,-0.016666665906086564,1,-0.016666665906086564
,academy_3_vs_1_with_keeper,123,collect_rollout,809,0,19,-0.019999999087303877,False,False,0.0,0.0,0,0,0,0.0,0.0,0.0,0.0,-0.019999999087303877,1,-0.019999999087303877
,academy_3_vs_1_with_keeper,123,collect_rollout,810,0,10,0.04883161035832018,False,False,0.0,0.0,0,0,0,0.0,0.0,0.0,0.0,0.04883161035832018,1,0.04883161035832018
,academy_3_vs_1_with_keeper,123,collect_rollout,811,0,72,-0.0727204205468297,False,False,0.0,0.0,0,0,0,0.0,0.0,0.0,0.0,-0.0727204205468297,1,-0.0727204205468297
,academy_3_vs_1_with_keeper,123,collect_rollout,812,0,95,0.018058273519272916,False,False,0.0,0.0,0,0,0,0.0,0.0,0.0,0.0,0.018058273519272916,1,0.018058273519272916
,academy_3_vs_1_with_keeper,123,collect_rollout,813,0,17,-0.003333333181217313,False,False,0.0,0.0,0,0,0,0.0,0.0,0.0,0.0,-0.003333333181217313,1,-0.003333333181217313
,academy_3_vs_1_with_keeper,123,collect_rollout,814,0,34,0.11833485728129745,False,False,0.0,0.0,0,0,0,0.0,0.0,0.0,0.0,0.11833485728129745,1,0.11833485728129745
,academy_3_vs_1_with_keeper,123,collect_rollout,815,0,21,-0.013333332724869251,False,False,0.0,0.0,0,0,0,0.0,0.0,0.0,0.0,-0.013333332724869251,1,-0.013333332724869251
,academy_3_vs_1_with_keeper,123,collect_rollout,816,0,79,-0.0815583016956225,False,False,0.0,0.0,0,0,0,0.0,0.0,0.0,0.0,-0.0815583016956225,1,-0.0815583016956225
,academy_3_vs_1_with_keeper,123,collect_rollout,817,0,19,-0.003333333181217313,False,False,0.0,0.0,0,0,0,0.0,0.0,0.0,0.0,-0.003333333181217313,1,-0.003333333181217313
,academy_3_vs_1_with_keeper,123,collect_rollout,818,0,17,-0.016666665906086564,False,False,0.0,0.0,0,0,0,0.0,0.0,0.0,0.0,-0.016666665906086564,1,-0.016666665906086564
,academy_3_vs_1_with_keeper,123,collect_rollout,819,0,23,-0.009999999543651938,False,False,0.0,0.0,0,0,0,0.0,0.0,0.0,0.0,-0.009999999543651938,1,-0.009999999543651938
,academy_3_vs_1_with_keeper,123,collect_rollout,820,0,36,-0.020860751043073833,False,False,0.0,0.0,0,0,0,0.0,0.0,0.0,0.0,-0.020860751043073833,1,-0.020860751043073833
,academy_3_vs_1_with_keeper,123,collect_rollout,821,0,15,-0.009999999543651938,False,False,0.0,0.0,0,0,0,0.0,0.0,0.0,0.0,-0.009999999543651938,1,-0.009999999543651938
,academy_3_vs_1_with_keeper,123,collect_rollout,822,0,16,-0.006666666362434626,False,False,0.0,0.0,0,0,0,0.0,0.0,0.0,0.0,-0.006666666362434626,1,-0.006666666362434626
,academy_3_vs_1_with_keeper,123,collect_rollout,823,0,68,-0.03368291037622839,False,False,0.0,0.0,0,0,0,0.0,0.0,0.0,0.0,-0.03368291037622839,1,-0.03368291037622839
,academy_3_vs_1_with_keeper,123,collect_rollout,824,0,82,-0.04105365919531323,False,False,0.0,0.0,0,0,0,0.0,0.0,0.0,0.0,-0.04105365919531323,1,-0.04105365919531323
,academy_3_vs_1_with_keeper,123,collect_rollout,825,0,16,-0.006666666362434626,False,False,0.0,0.0,0,0,0,0.0,0.0,0.0,0.0,-0.006666666362434626,1,-0.006666666362434626
,academy_3_vs_1_with_keeper,123,collect_rollout,826,0,32,2.124787989712786,False,False,0.0,0.0,0,0,0,0.0,0.0,0.0,0.0,2.124787989712786,1,2.124787989712786
,academy_3_vs_1_with_keeper,123,collect_rollout,827,0,14,-0.003333333181217313,False,False,0.0,0.0,0,0,0,0.0,0.0,0.0,0.0,-0.003333333181217313,1,-0.003333333181217313
,academy_3_vs_1_with_keeper,123,collect_rollout,828,0,17,-0.009999999543651938,False,False,0.0,0.0,0,0,0,0.0,0.0,0.0,0.0,-0.009999999543651938,1,-0.009999999543651938
,academy_3_vs_1_with_keeper,123,collect_rollout,829,0,89,0.01851791952503845,False,False,0.0,0.0,0,0,0,0.0,0.0,0.0,0.0,0.01851791952503845,1,0.01851791952503845
,academy_3_vs_1_with_keeper,123,collect_rollout,830,0,17,-0.016666665906086564,False,False,0.0,0.0,0,0,0,0.0,0.0,0.0,0.0,-0.016666665906086564,1,-0.016666665906086564
,academy_3_vs_1_with_keeper,123,collect_rollout,831,0,11,0.029391456162557006,False,False,0.0,0.0,0,0,0,0.0,0.0,0.0,0.0,0.029391456162557006,1,0.029391456162557006
,academy_3_vs_1_with_keeper,123,collect_rollout,832,0,42,-0.0280974447960034,False,False,0.0,0.0,0,0,0,0.0,0.0,0.0,0.0,-0.0280974447960034,1,-0.0280974447960034
,academy_3_vs_1_with_keeper,123,collect_rollout,833,0,18,-0.006666666362434626,False,False,0.0,0.0,0,0,0,0.0,0.0,0.0,0.0,-0.006666666362434626,1,-0.006666666362434626
,academy_3_vs_1_with_keeper,123,collect_rollout,834,0,21,-0.016666665906086564,False,False,0.0,0.0,0,0,0,0.0,0.0,0.0,0.0,-0.016666665906086564,1,-0.016666665906086564
,academy_3_vs_1_with_keeper,123,collect_rollout,835,0,15,0.0,False,False,0.0,0.0,0,0,0,0.0,0.0,0.0,0.0,0.0,1,0.0
,academy_3_vs_1_with_keeper,123,collect_rollout,836,0,15,0.0,False,False,0.0,0.0,0,0,0,0.0,0.0,0.0,0.0,0.0,1,0.0
,academy_3_vs_1_with_keeper,123,collect_rollout,837,0,23,-0.013333332724869251,False,False,0.0,0.0,0,0,0,0.0,0.0,0.0,0.0,-0.013333332724869251,1,-0.013333332724869251
,academy_3_vs_1_with_keeper,123,collect_rollout,838,0,84,-0.0030239882762543857,False,False,0.0,0.0,0,0,0,0.0,0.0,0.0,0.0,-0.0030239882762543857,1,-0.0030239882762543857
,academy_3_vs_1_with_keeper,123,collect_rollout,839,0,18,2.137811114313081,False,False,0.0,0.0,0,0,0,0.0,0.0,0.0,0.0,2.137811114313081,1,2.137811114313081
,academy_3_vs_1_with_keeper,123,collect_rollout,840,0,24,0.10706078715156764,False,False,0.0,0.0,0,0,0,0.0,0.0,0.0,0.0,0.10706078715156764,1,0.10706078715156764
,academy_3_vs_1_with_keeper,123,collect_rollout,841,0,17,-0.009999999543651938,False,False,0.0,0.0,0,0,0,0.0,0.0,0.0,0.0,-0.009999999543651938,1,-0.009999999543651938
,academy_3_vs_1_with_keeper,123,collect_rollout,842,0,78,-0.09999999543651938,False,False,0.0,0.0,0,0,0,0.0,0.0,0.0,0.0,-0.09999999543651938,1,-0.09999999543651938
,academy_3_vs_1_with_keeper,123,collect_rollout,843,0,20,-0.006666666362434626,False,False,0.0,0.0,0,0,0,0.0,0.0,0.0,0.0,-0.006666666362434626,1,-0.006666666362434626
,academy_3_vs_1_with_keeper,123,collect_rollout,844,0,24,-0.013333332724869251,False,False,0.0,0.0,0,0,0,0.0,0.0,0.0,0.0,-0.013333332724869251,1,-0.013333332724869251
,academy_3_vs_1_with_keeper,123,collect_rollout,845,0,22,-0.006666666362434626,False,False,0.0,0.0,0,0,0,0.0,0.0,0.0,0.0,-0.006666666362434626,1,-0.006666666362434626
,academy_3_vs_1_with_keeper,123,collect_rollout,846,0,19,-0.006666666362434626,False,False,0.0,0.0,0,0,0,0.0,0.0,0.0,0.0,-0.006666666362434626,1,-0.006666666362434626
,academy_3_vs_1_with_keeper,123,collect_rollout,847,0,44,0.0752364625222981,False,False,0.0,0.0,0,0,0,0.0,0.0,0.0,0.0,0.0752364625222981,1,0.0752364625222981
,academy_3_vs_1_with_keeper,123,collect_rollout,848,0,12,0.03014241822529584,False,False,0.0,0.0,0,0,0,0.0,0.0,0.0,0.0,0.03014241822529584,1,0.03014241822529584
,academy_3_vs_1_with_keeper,123,collect_rollout,849,0,15,-0.006666666362434626,False,False,0.0,0.0,0,0,0,0.0,0.0,0.0,0.0,-0.006666666362434626,1,-0.006666666362434626
,academy_3_vs_1_with_keeper,123,collect_rollout,850,0,20,-0.009999999543651938,False,False,0.0,0.0,0,0,0,0.0,0.0,0.0,0.0,-0.009999999543651938,1,-0.009999999543651938
,academy_3_vs_1_with_keeper,123,collect_rollout,851,0,16,-0.019999999087303877,False,False,0.0,0.0,0,0,0,0.0,0.0,0.0,0.0,-0.019999999087303877,1,-0.019999999087303877
,academy_3_vs_1_with_keeper,123,collect_rollout,852,0,18,-0.016666665906086564,False,False,0.0,0.0,0,0,0,0.0,0.0,0.0,0.0,-0.016666665906086564,1,-0.016666665906086564
,academy_3_vs_1_with_keeper,123,collect_rollout,853,0,106,-0.4419586901785806,False,False,0.0,0.0,0,0,0,0.0,0.0,0.0,0.0,-0.4419586901785806,1,-0.4419586901785806
,academy_3_vs_1_with_keeper,123,collect_rollout,854,0,18,-0.013333332724869251,False,False,0.0,0.0,0,0,0,0.0,0.0,0.0,0.0,-0.013333332724869251,1,-0.013333332724869251
,academy_3_vs_1_with_keeper,123,collect_rollout,855,0,19,-0.006666666362434626,False,False,0.0,0.0,0,0,0,0.0,0.0,0.0,0.0,-0.006666666362434626,1,-0.006666666362434626
,academy_3_vs_1_with_keeper,123,collect_rollout,856,0,53,-0.1830658675171435,False,False,0.0,0.0,0,0,0,0.0,0.0,0.0,0.0,-0.1830658675171435,1,-0.1830658675171435
,academy_3_vs_1_with_keeper,123,collect_rollout,857,0,23,-0.016666665906086564,False,False,0.0,0.0,0,0,0,0.0,0.0,0.0,0.0,-0.016666665906086564,1,-0.016666665906086564
,academy_3_vs_1_with_keeper,123,collect_rollout,858,0,32,2.1179204898071475,False,False,0.0,0.0,0,0,0,0.0,0.0,0.0,0.0,2.1179204898071475,1,2.1179204898071475
,academy_3_vs_1_with_keeper,123,collect_rollout,859,0,65,2.168465895636473,False,False,0.0,0.0,0,0,0,0.0,0.0,0.0,0.0,2.168465895636473,1,2.168465895636473
,academy_3_vs_1_with_keeper,123,collect_rollout,860,0,40,0.050914042396470904,False,False,0.0,0.0,0,0,0,0.0,0.0,0.0,0.0,0.050914042396470904,1,0.050914042396470904
,academy_3_vs_1_with_keeper,123,collect_rollout,861,0,63,-0.03198715811595321,False,False,0.0,0.0,0,0,0,0.0,0.0,0.0,0.0,-0.03198715811595321,1,-0.03198715811595321
,academy_3_vs_1_with_keeper,123,collect_rollout,862,0,22,0.10746352036949247,False,False,0.0,0.0,0,0,0,0.0,0.0,0.0,0.0,0.10746352036949247,1,0.10746352036949247
,academy_3_vs_1_with_keeper,123,collect_rollout,863,0,7,0.03065960085950792,False,False,0.0,0.0,0,0,0,0.0,0.0,0.0,0.0,0.03065960085950792,1,0.03065960085950792
,academy_3_vs_1_with_keeper,123,collect_rollout,864,0,125,-0.2533297024201602,False,False,0.0,0.0,0,0,0,0.0,0.0,0.0,0.0,-0.2533297024201602,1,-0.2533297024201602
,academy_3_vs_1_with_keeper,123,collect_rollout,865,0,20,-0.009999999543651938,False,False,0.0,0.0,0,0,0,0.0,0.0,0.0,0.0,-0.009999999543651938,1,-0.009999999543651938
,academy_3_vs_1_with_keeper,123,collect_rollout,866,0,22,-0.02333333226852119,False,False,0.0,0.0,0,0,0,0.0,0.0,0.0,0.0,-0.02333333226852119,1,-0.02333333226852119
,academy_3_vs_1_with_keeper,123,collect_rollout,867,0,17,-0.013333332724869251,False,False,0.0,0.0,0,0,0,0.0,0.0,0.0,0.0,-0.013333332724869251,1,-0.013333332724869251
,academy_3_vs_1_with_keeper,123,collect_rollout,868,0,45,0.040592651272163494,False,False,0.0,0.0,0,0,0,0.0,0.0,0.0,0.0,0.040592651272163494,1,0.040592651272163494
,academy_3_vs_1_with_keeper,123,collect_rollout,869,0,20,-0.016666665906086564,False,False,0.0,0.0,0,0,0,0.0,0.0,0.0,0.0,-0.016666665906086564,1,-0.016666665906086564
,academy_3_vs_1_with_keeper,123,collect_rollout,870,0,27,0.2551529589109123,False,False,0.0,0.0,0,0,0,0.0,0.0,0.0,0.0,0.2551529589109123,1,0.2551529589109123
,academy_3_vs_1_with_keeper,123,collect_rollout,871,0,13,0.015775896841660142,False,False,0.0,0.0,0,0,0,0.0,0.0,0.0,0.0,0.015775896841660142,1,0.015775896841660142
,academy_3_vs_1_with_keeper,123,collect_rollout,872,0,15,0.007529764552600682,False,False,0.0,0.0,0,0,0,0.0,0.0,0.0,0.0,0.007529764552600682,1,0.007529764552600682
,academy_3_vs_1_with_keeper,123,collect_rollout,873,0,40,0.11673147307010368,False,False,0.0,0.0,0,0,0,0.0,0.0,0.0,0.0,0.11673147307010368,1,0.11673147307010368
,academy_3_vs_1_with_keeper,123,collect_rollout,874,0,20,-0.006666666362434626,False,False,0.0,0.0,0,0,0,0.0,0.0,0.0,0.0,-0.006666666362434626,1,-0.006666666362434626
,academy_3_vs_1_with_keeper,123,collect_rollout,875,0,9,0.032946573570370674,False,False,0.0,0.0,0,0,0,0.0,0.0,0.0,0.0,0.032946573570370674,1,0.032946573570370674
,academy_3_vs_1_with_keeper,123,collect_rollout,876,0,20,-0.016666665906086564,False,False,0.0,0.0,0,0,0,0.0,0.0,0.0,0.0,-0.016666665906086564,1,-0.016666665906086564
,academy_3_vs_1_with_keeper,123,collect_rollout,877,0,17,-0.016666665906086564,False,False,0.0,0.0,0,0,0,0.0,0.0,0.0,0.0,-0.016666665906086564,1,-0.016666665906086564
,academy_3_vs_1_with_keeper,123,collect_rollout,878,0,31,0.11967418680433184,False,False,0.0,0.0,0,0,0,0.0,0.0,0.0,0.0,0.11967418680433184,1,0.11967418680433184
,academy_3_vs_1_with_keeper,123,collect_rollout,879,0,18,-0.013333332724869251,False,False,0.0,0.0,0,0,0,0.0,0.0,0.0,0.0,-0.013333332724869251,1,-0.013333332724869251
,academy_3_vs_1_with_keeper,123,collect_rollout,880,0,15,0.0,False,False,0.0,0.0,0,0,0,0.0,0.0,0.0,0.0,0.0,1,0.0
,academy_3_vs_1_with_keeper,123,collect_rollout,881,0,40,0.046812447195407,False,False,0.0,0.0,0,0,0,0.0,0.0,0.0,0.0,0.046812447195407,1,0.046812447195407
,academy_3_vs_1_with_keeper,123,collect_rollout,882,0,17,-0.019999999087303877,False,False,0.0,0.0,0,0,0,0.0,0.0,0.0,0.0,-0.019999999087303877,1,-0.019999999087303877
,academy_3_vs_1_with_keeper,123,collect_rollout,883,0,8,0.03784165158867836,False,False,0.0,0.0,0,0,0,0.0,0.0,0.0,0.0,0.03784165158867836,1,0.03784165158867836
,academy_3_vs_1_with_keeper,123,collect_rollout,884,0,28,2.1282035589101724,False,False,0.0,0.0,0,0,0,0.0,0.0,0.0,0.0,2.1282035589101724,1,2.1282035589101724
,academy_3_vs_1_with_keeper,123,collect_rollout,885,0,8,0.04493823880329728,False,False,0.0,0.0,0,0,0,0.0,0.0,0.0,0.0,0.04493823880329728,1,0.04493823880329728
,academy_3_vs_1_with_keeper,123,collect_rollout,886,0,37,2.114465054088214,False,False,0.0,0.0,0,0,0,0.0,0.0,0.0,0.0,2.114465054088214,1,2.114465054088214
,academy_3_vs_1_with_keeper,123,collect_rollout,887,0,12,0.0265461471863091,False,False,0.0,0.0,0,0,0,0.0,0.0,0.0,0.0,0.0265461471863091,1,0.0265461471863091
,academy_3_vs_1_with_keeper,123,collect_rollout,888,0,16,0.004506917553953826,False,False,0.0,0.0,0,0,0,0.0,0.0,0.0,0.0,0.004506917553953826,1,0.004506917553953826
,academy_3_vs_1_with_keeper,123,collect_rollout,889,0,87,-0.0865903376834467,False,False,0.0,0.0,0,0,0,0.0,0.0,0.0,0.0,-0.0865903376834467,1,-0.0865903376834467
,academy_3_vs_1_with_keeper,123,collect_rollout,890,0,22,-0.013333332724869251,False,False,0.0,0.0,0,0,0,0.0,0.0,0.0,0.0,-0.013333332724869251,1,-0.013333332724869251
,academy_3_vs_1_with_keeper,123,collect_rollout,891,0,13,0.011113230255432427,False,False,0.0,0.0,0,0,0,0.0,0.0,0.0,0.0,0.011113230255432427,1,0.011113230255432427
,academy_3_vs_1_with_keeper,123,collect_rollout,892,0,20,-0.009999999543651938,False,False,0.0,0.0,0,0,0,0.0,0.0,0.0,0.0,-0.009999999543651938,1,-0.009999999543651938
,academy_3_vs_1_with_keeper,123,collect_rollout,893,0,80,0.1744797878782265,False,False,0.0,0.0,0,0,0,0.0,0.0,0.0,0.0,0.1744797878782265,1,0.1744797878782265
,academy_3_vs_1_with_keeper,123,collect_rollout,894,0,22,-0.03333333181217313,False,False,0.0,0.0,0,0,0,0.0,0.0,0.0,0.0,-0.03333333181217313,1,-0.03333333181217313
,academy_3_vs_1_with_keeper,123,collect_rollout,895,0,20,-0.009999999543651938,False,False,0.0,0.0,0,0,0,0.0,0.0,0.0,0.0,-0.009999999543651938,1,-0.009999999543651938
,academy_3_vs_1_with_keeper,123,collect_rollout,896,0,13,0.019925669446820393,False,False,0.0,0.0,0,0,0,0.0,0.0,0.0,0.0,0.019925669446820393,1,0.019925669446820393
,academy_3_vs_1_with_keeper,123,collect_rollout,897,0,19,-0.013333332724869251,False,False,0.0,0.0,0,0,0,0.0,0.0,0.0,0.0,-0.013333332724869251,1,-0.013333332724869251
,academy_3_vs_1_with_keeper,123,collect_rollout,898,0,18,-0.019999999087303877,False,False,0.0,0.0,0,0,0,0.0,0.0,0.0,0.0,-0.019999999087303877,1,-0.019999999087303877
,academy_3_vs_1_with_keeper,123,collect_rollout,899,0,19,-0.009999999543651938,False,False,0.0,0.0,0,0,0,0.0,0.0,0.0,0.0,-0.009999999543651938,1,-0.009999999543651938
,academy_3_vs_1_with_keeper,123,collect_rollout,900,0,20,-0.019999999087303877,False,False,0.0,0.0,0,0,0,0.0,0.0,0.0,0.0,-0.019999999087303877,1,-0.019999999087303877
,academy_3_vs_1_with_keeper,123,collect_rollout,901,0,88,-0.14079638884868473,False,False,0.0,0.0,0,0,0,0.0,0.0,0.0,0.0,-0.14079638884868473,1,-0.14079638884868473
,academy_3_vs_1_with_keeper,123,collect_rollout,902,0,40,-0.03374218227691017,False,False,0.0,0.0,0,0,0,0.0,0.0,0.0,0.0,-0.03374218227691017,1,-0.03374218227691017
,academy_3_vs_1_with_keeper,123,collect_rollout,903,0,15,-0.003333333181217313,False,False,0.0,0.0,0,0,0,0.0,0.0,0.0,0.0,-0.003333333181217313,1,-0.003333333181217313
,academy_3_vs_1_with_keeper,123,collect_rollout,904,0,47,0.006805334705859423,False,False,0.0,0.0,0,0,0,0.0,0.0,0.0,0.0,0.006805334705859423,1,0.006805334705859423
,academy_3_vs_1_with_keeper,123,collect_rollout,905,0,65,-0.24888793693389744,False,False,0.0,0.0,0,0,0,0.0,0.0,0.0,0.0,-0.24888793693389744,1,-0.24888793693389744
,academy_3_vs_1_with_keeper,123,collect_rollout,906,0,16,-0.006666666362434626,False,False,0.0,0.0,0,0,0,0.0,0.0,0.0,0.0,-0.006666666362434626,1,-0.006666666362434626
,academy_3_vs_1_with_keeper,123,collect_rollout,907,0,97,-0.21775982365943491,False,False,0.0,0.0,0,0,0,0.0,0.0,0.0,0.0,-0.21775982365943491,1,-0.21775982365943491
,academy_3_vs_1_with_keeper,123,collect_rollout,908,0,20,-0.02333333226852119,False,False,0.0,0.0,0,0,0,0.0,0.0,0.0,0.0,-0.02333333226852119,1,-0.02333333226852119
,academy_3_vs_1_with_keeper,123,collect_rollout,909,0,20,-0.019999999087303877,False,False,0.0,0.0,0,0,0,0.0,0.0,0.0,0.0,-0.019999999087303877,1,-0.019999999087303877
,academy_3_vs_1_with_keeper,123,collect_rollout,910,0,34,-0.03215816686861217,False,False,0.0,0.0,0,0,0,0.0,0.0,0.0,0.0,-0.03215816686861217,1,-0.03215816686861217
,academy_3_vs_1_with_keeper,123,collect_rollout,911,0,16,-0.019999999087303877,False,False,0.0,0.0,0,0,0,0.0,0.0,0.0,0.0,-0.019999999087303877,1,-0.019999999087303877
,academy_3_vs_1_with_keeper,123,collect_rollout,912,0,7,0.028301481157541275,False,False,0.0,0.0,0,0,0,0.0,0.0,0.0,0.0,0.028301481157541275,1,0.028301481157541275
,academy_3_vs_1_with_keeper,123,collect_rollout,913,0,16,-0.019999999087303877,False,False,0.0,0.0,0,0,0,0.0,0.0,0.0,0.0,-0.019999999087303877,1,-0.019999999087303877
,academy_3_vs_1_with_keeper,123,collect_rollout,914,0,18,-0.009999999543651938,False,False,0.0,0.0,0,0,0,0.0,0.0,0.0,0.0,-0.009999999543651938,1,-0.009999999543651938
,academy_3_vs_1_with_keeper,123,collect_rollout,915,0,19,-0.026666665449738503,False,False,0.0,0.0,0,0,0,0.0,0.0,0.0,0.0,-0.026666665449738503,1,-0.026666665449738503
,academy_3_vs_1_with_keeper,123,collect_rollout,916,0,8,0.043857273645699024,False,False,0.0,0.0,0,0,0,0.0,0.0,0.0,0.0,0.043857273645699024,1,0.043857273645699024
,academy_3_vs_1_with_keeper,123,collect_rollout,917,0,16,0.007542504812590778,False,False,0.0,0.0,0,0,0,0.0,0.0,0.0,0.0,0.007542504812590778,1,0.007542504812590778
,academy_3_vs_1_with_keeper,123,collect_rollout,918,0,22,-0.013333332724869251,False,False,0.0,0.0,0,0,0,0.0,0.0,0.0,0.0,-0.013333332724869251,1,-0.013333332724869251
,academy_3_vs_1_with_keeper,123,collect_rollout,919,0,21,-0.013333332724869251,False,False,0.0,0.0,0,0,0,0.0,0.0,0.0,0.0,-0.013333332724869251,1,-0.013333332724869251
,academy_3_vs_1_with_keeper,123,collect_rollout,920,0,22,-0.006666666362434626,False,False,0.0,0.0,0,0,0,0.0,0.0,0.0,0.0,-0.006666666362434626,1,-0.006666666362434626
,academy_3_vs_1_with_keeper,123,collect_rollout,921,0,17,-0.009999999543651938,False,False,0.0,0.0,0,0,0,0.0,0.0,0.0,0.0,-0.009999999543651938,1,-0.009999999543651938
,academy_3_vs_1_with_keeper,123,collect_rollout,922,0,17,-0.016666665906086564,False,False,0.0,0.0,0,0,0,0.0,0.0,0.0,0.0,-0.016666665906086564,1,-0.016666665906086564
,academy_3_vs_1_with_keeper,123,collect_rollout,923,0,33,0.017281127511523664,False,False,0.0,0.0,0,0,0,0.0,0.0,0.0,0.0,0.017281127511523664,1,0.017281127511523664
,academy_3_vs_1_with_keeper,123,collect_rollout,924,0,21,-0.003333333181217313,False,False,0.0,0.0,0,0,0,0.0,0.0,0.0,0.0,-0.003333333181217313,1,-0.003333333181217313
,academy_3_vs_1_with_keeper,123,collect_rollout,925,0,18,-0.006666666362434626,False,False,0.0,0.0,0,0,0,0.0,0.0,0.0,0.0,-0.006666666362434626,1,-0.006666666362434626
,academy_3_vs_1_with_keeper,123,collect_rollout,926,0,50,2.352394956862554,False,False,0.0,0.0,0,0,0,0.0,0.0,0.0,0.0,2.352394956862554,1,2.352394956862554
,academy_3_vs_1_with_keeper,123,collect_rollout,927,0,12,0.009069987921975553,False,False,0.0,0.0,0,0,0,0.0,0.0,0.0,0.0,0.009069987921975553,1,0.009069987921975553
,academy_3_vs_1_with_keeper,123,collect_rollout,928,0,15,-0.016666665906086564,False,False,0.0,0.0,0,0,0,0.0,0.0,0.0,0.0,-0.016666665906086564,1,-0.016666665906086564
,academy_3_vs_1_with_keeper,123,collect_rollout,929,0,23,2.126613551401533,False,False,0.0,0.0,0,0,0,0.0,0.0,0.0,0.0,2.126613551401533,1,2.126613551401533
,academy_3_vs_1_with_keeper,123,collect_rollout,930,0,33,0.10728168475907296,False,False,0.0,0.0,0,0,0,0.0,0.0,0.0,0.0,0.10728168475907296,1,0.10728168475907296
,academy_3_vs_1_with_keeper,123,collect_rollout,931,0,23,-0.02333333226852119,False,False,0.0,0.0,0,0,0,0.0,0.0,0.0,0.0,-0.02333333226852119,1,-0.02333333226852119
,academy_3_vs_1_with_keeper,123,collect_rollout,932,0,14,-0.026666665449738503,False,False,0.0,0.0,0,0,0,0.0,0.0,0.0,0.0,-0.026666665449738503,1,-0.026666665449738503
,academy_3_vs_1_with_keeper,123,collect_rollout,933,0,105,-0.14557174150831997,False,False,0.0,0.0,0,0,0,0.0,0.0,0.0,0.0,-0.14557174150831997,1,-0.14557174150831997
,academy_3_vs_1_with_keeper,123,collect_rollout,934,0,21,2.1550846357131377,False,False,0.0,0.0,0,0,0,0.0,0.0,0.0,0.0,2.1550846357131377,1,2.1550846357131377
,academy_3_vs_1_with_keeper,123,collect_rollout,935,0,13,-0.006666666362434626,False,False,0.0,0.0,0,0,0,0.0,0.0,0.0,0.0,-0.006666666362434626,1,-0.006666666362434626
,academy_3_vs_1_with_keeper,123,collect_rollout,936,0,51,-0.03666666499339044,False,False,0.0,0.0,0,0,0,0.0,0.0,0.0,0.0,-0.03666666499339044,1,-0.03666666499339044
,academy_3_vs_1_with_keeper,123,collect_rollout,937,0,37,2.0997685361653566,False,False,0.0,0.0,0,0,0,0.0,0.0,0.0,0.0,2.0997685361653566,1,2.0997685361653566
,academy_3_vs_1_with_keeper,123,collect_rollout,938,0,17,-0.009999999543651938,False,False,0.0,0.0,0,0,0,0.0,0.0,0.0,0.0,-0.009999999543651938,1,-0.009999999543651938
,academy_3_vs_1_with_keeper,123,collect_rollout,939,0,16,-0.03666666499339044,False,False,0.0,0.0,0,0,0,0.0,0.0,0.0,0.0,-0.03666666499339044,1,-0.03666666499339044
,academy_3_vs_1_with_keeper,123,collect_rollout,940,0,20,-0.009999999543651938,False,False,0.0,0.0,0,0,0,0.0,0.0,0.0,0.0,-0.009999999543651938,1,-0.009999999543651938
,academy_3_vs_1_with_keeper,123,collect_rollout,941,0,21,-0.009999999543651938,False,False,0.0,0.0,0,0,0,0.0,0.0,0.0,0.0,-0.009999999543651938,1,-0.009999999543651938
,academy_3_vs_1_with_keeper,123,collect_rollout,942,0,53,2.0702636428177357,False,False,0.0,0.0,0,0,0,0.0,0.0,0.0,0.0,2.0702636428177357,1,2.0702636428177357
,academy_3_vs_1_with_keeper,123,collect_rollout,943,0,8,0.04658542340621352,False,False,0.0,0.0,0,0,0,0.0,0.0,0.0,0.0,0.04658542340621352,1,0.04658542340621352
,academy_3_vs_1_with_keeper,123,collect_rollout,944,0,20,-0.02333333226852119,False,False,0.0,0.0,0,0,0,0.0,0.0,0.0,0.0,-0.02333333226852119,1,-0.02333333226852119
,academy_3_vs_1_with_keeper,123,collect_rollout,945,0,18,-0.026666665449738503,False,False,0.0,0.0,0,0,0,0.0,0.0,0.0,0.0,-0.026666665449738503,1,-0.026666665449738503
,academy_3_vs_1_with_keeper,123,collect_rollout,946,0,18,-0.006666666362434626,False,False,0.0,0.0,0,0,0,0.0,0.0,0.0,0.0,-0.006666666362434626,1,-0.006666666362434626
,academy_3_vs_1_with_keeper,123,collect_rollout,947,0,17,-0.019999999087303877,False,False,0.0,0.0,0,0,0,0.0,0.0,0.0,0.0,-0.019999999087303877,1,-0.019999999087303877
,academy_3_vs_1_with_keeper,123,collect_rollout,948,0,20,-0.003333333181217313,False,False,0.0,0.0,0,0,0,0.0,0.0,0.0,0.0,-0.003333333181217313,1,-0.003333333181217313
,academy_3_vs_1_with_keeper,123,collect_rollout,949,0,13,-0.006666666362434626,False,False,0.0,0.0,0,0,0,0.0,0.0,0.0,0.0,-0.006666666362434626,1,-0.006666666362434626
,academy_3_vs_1_with_keeper,123,collect_rollout,950,0,14,0.0,False,False,0.0,0.0,0,0,0,0.0,0.0,0.0,0.0,0.0,1,0.0
,academy_3_vs_1_with_keeper,123,collect_rollout,951,0,37,-0.024784439941868186,False,False,0.0,0.0,0,0,0,0.0,0.0,0.0,0.0,-0.024784439941868186,1,-0.024784439941868186
,academy_3_vs_1_with_keeper,123,collect_rollout,952,0,14,-0.003333333181217313,False,False,0.0,0.0,0,0,0,0.0,0.0,0.0,0.0,-0.003333333181217313,1,-0.003333333181217313
,academy_3_vs_1_with_keeper,123,collect_rollout,953,0,16,-0.013333332724869251,False,False,0.0,0.0,0,0,0,0.0,0.0,0.0,0.0,-0.013333332724869251,1,-0.013333332724869251
,academy_3_vs_1_with_keeper,123,collect_rollout,954,0,37,2.104423920623958,False,False,0.0,0.0,0,0,0,0.0,0.0,0.0,0.0,2.104423920623958,1,2.104423920623958
,academy_3_vs_1_with_keeper,123,collect_rollout,955,0,19,-0.009999999543651938,False,False,0.0,0.0,0,0,0,0.0,0.0,0.0,0.0,-0.009999999543651938,1,-0.009999999543651938
,academy_3_vs_1_with_keeper,123,collect_rollout,956,0,58,-0.06702510139439255,False,False,0.0,0.0,0,0,0,0.0,0.0,0.0,0.0,-0.06702510139439255,1,-0.06702510139439255
,academy_3_vs_1_with_keeper,123,collect_rollout,957,0,17,-0.016666665906086564,False,False,0.0,0.0,0,0,0,0.0,0.0,0.0,0.0,-0.016666665906086564,1,-0.016666665906086564
,academy_3_vs_1_with_keeper,123,collect_rollout,958,0,18,-0.02333333226852119,False,False,0.0,0.0,0,0,0,0.0,0.0,0.0,0.0,-0.02333333226852119,1,-0.02333333226852119
,academy_3_vs_1_with_keeper,123,collect_rollout,959,0,44,0.024586130046373,False,False,0.0,0.0,0,0,0,0.0,0.0,0.0,0.0,0.024586130046373,1,0.024586130046373
,academy_3_vs_1_with_keeper,123,collect_rollout,960,0,16,-0.02333333226852119,False,False,0.0,0.0,0,0,0,0.0,0.0,0.0,0.0,-0.02333333226852119,1,-0.02333333226852119
,academy_3_vs_1_with_keeper,123,collect_rollout,961,0,17,-0.013333332724869251,False,False,0.0,0.0,0,0,0,0.0,0.0,0.0,0.0,-0.013333332724869251,1,-0.013333332724869251
,academy_3_vs_1_with_keeper,123,collect_rollout,962,0,15,-0.006666666362434626,False,False,0.0,0.0,0,0,0,0.0,0.0,0.0,0.0,-0.006666666362434626,1,-0.006666666362434626
,academy_3_vs_1_with_keeper,123,collect_rollout,963,0,24,-0.029999998630955815,False,False,0.0,0.0,0,0,0,0.0,0.0,0.0,0.0,-0.029999998630955815,1,-0.029999998630955815
,academy_3_vs_1_with_keeper,123,collect_rollout,964,0,16,-0.02333333226852119,False,False,0.0,0.0,0,0,0,0.0,0.0,0.0,0.0,-0.02333333226852119,1,-0.02333333226852119
,academy_3_vs_1_with_keeper,123,collect_rollout,965,0,20,-0.016666665906086564,False,False,0.0,0.0,0,0,0,0.0,0.0,0.0,0.0,-0.016666665906086564,1,-0.016666665906086564
,academy_3_vs_1_with_keeper,123,collect_rollout,966,0,20,-0.02333333226852119,False,False,0.0,0.0,0,0,0,0.0,0.0,0.0,0.0,-0.02333333226852119,1,-0.02333333226852119
,academy_3_vs_1_with_keeper,123,collect_rollout,967,0,22,-0.016666665906086564,False,False,0.0,0.0,0,0,0,0.0,0.0,0.0,0.0,-0.016666665906086564,1,-0.016666665906086564
,academy_3_vs_1_with_keeper,123,collect_rollout,968,0,6,0.04218360595405102,False,False,0.0,0.0,0,0,0,0.0,0.0,0.0,0.0,0.04218360595405102,1,0.04218360595405102
,academy_3_vs_1_with_keeper,123,collect_rollout,969,0,8,0.05027119047008455,False,False,0.0,0.0,0,0,0,0.0,0.0,0.0,0.0,0.05027119047008455,1,0.05027119047008455
,academy_3_vs_1_with_keeper,123,collect_rollout,970,0,23,-0.03333333181217313,False,False,0.0,0.0,0,0,0,0.0,0.0,0.0,0.0,-0.03333333181217313,1,-0.03333333181217313
,academy_3_vs_1_with_keeper,123,collect_rollout,971,0,20,-0.029999998630955815,False,False,0.0,0.0,0,0,0,0.0,0.0,0.0,0.0,-0.029999998630955815,1,-0.029999998630955815
,academy_3_vs_1_with_keeper,123,collect_rollout,972,0,13,0.03252433240413666,False,False,0.0,0.0,0,0,0,0.0,0.0,0.0,0.0,0.03252433240413666,1,0.03252433240413666
,academy_3_vs_1_with_keeper,123,collect_rollout,973,0,15,-0.009999999543651938,False,False,0.0,0.0,0,0,0,0.0,0.0,0.0,0.0,-0.009999999543651938,1,-0.009999999543651938
,academy_3_vs_1_with_keeper,123,collect_rollout,974,0,21,2.1416029729152797,False,False,0.0,0.0,0,0,0,0.0,0.0,0.0,0.0,2.1416029729152797,1,2.1416029729152797
,academy_3_vs_1_with_keeper,123,collect_rollout,975,0,18,-0.013333332724869251,False,False,0.0,0.0,0,0,0,0.0,0.0,0.0,0.0,-0.013333332724869251,1,-0.013333332724869251
,academy_3_vs_1_with_keeper,123,collect_rollout,976,0,18,-0.013333332724869251,False,False,0.0,0.0,0,0,0,0.0,0.0,0.0,0.0,-0.013333332724869251,1,-0.013333332724869251
,academy_3_vs_1_with_keeper,123,collect_rollout,977,0,17,-0.009999999543651938,False,False,0.0,0.0,0,0,0,0.0,0.0,0.0,0.0,-0.009999999543651938,1,-0.009999999543651938
,academy_3_vs_1_with_keeper,123,collect_rollout,978,0,90,-0.03993729123612866,False,False,0.0,0.0,0,0,0,0.0,0.0,0.0,0.0,-0.03993729123612866,1,-0.03993729123612866
,academy_3_vs_1_with_keeper,123,collect_rollout,979,0,17,-0.019999999087303877,False,False,0.0,0.0,0,0,0,0.0,0.0,0.0,0.0,-0.019999999087303877,1,-0.019999999087303877
,academy_3_vs_1_with_keeper,123,collect_rollout,980,0,16,-0.019999999087303877,False,False,0.0,0.0,0,0,0,0.0,0.0,0.0,0.0,-0.019999999087303877,1,-0.019999999087303877
,academy_3_vs_1_with_keeper,123,collect_rollout,981,0,20,-0.026666665449738503,False,False,0.0,0.0,0,0,0,0.0,0.0,0.0,0.0,-0.026666665449738503,1,-0.026666665449738503
,academy_3_vs_1_with_keeper,123,collect_rollout,982,0,21,-0.016666665906086564,False,False,0.0,0.0,0,0,0,0.0,0.0,0.0,0.0,-0.016666665906086564,1,-0.016666665906086564
,academy_3_vs_1_with_keeper,123,collect_rollout,983,0,17,-0.016666665906086564,False,False,0.0,0.0,0,0,0,0.0,0.0,0.0,0.0,-0.016666665906086564,1,-0.016666665906086564
,academy_3_vs_1_with_keeper,123,collect_rollout,984,0,15,-0.01999999932013452,False,False,0.0,0.0,0,0,0,0.0,0.0,0.0,0.0,-0.01999999932013452,1,-0.01999999932013452
,academy_3_vs_1_with_keeper,123,collect_rollout,985,0,20,-0.019999999087303877,False,False,0.0,0.0,0,0,0,0.0,0.0,0.0,0.0,-0.019999999087303877,1,-0.019999999087303877
,academy_3_vs_1_with_keeper,123,collect_rollout,986,0,17,-0.019999999087303877,False,False,0.0,0.0,0,0,0,0.0,0.0,0.0,0.0,-0.019999999087303877,1,-0.019999999087303877
,academy_3_vs_1_with_keeper,123,collect_rollout,987,0,19,-0.026666665449738503,False,False,0.0,0.0,0,0,0,0.0,0.0,0.0,0.0,-0.026666665449738503,1,-0.026666665449738503
,academy_3_vs_1_with_keeper,123,collect_rollout,988,0,21,-0.016666665906086564,False,False,0.0,0.0,0,0,0,0.0,0.0,0.0,0.0,-0.016666665906086564,1,-0.016666665906086564
,academy_3_vs_1_with_keeper,123,collect_rollout,989,0,20,-0.016666665906086564,False,False,0.0,0.0,0,0,0,0.0,0.0,0.0,0.0,-0.016666665906086564,1,-0.016666665906086564
,academy_3_vs_1_with_keeper,123,collect_rollout,990,0,15,-0.013333332724869251,False,False,0.0,0.0,0,0,0,0.0,0.0,0.0,0.0,-0.013333332724869251,1,-0.013333332724869251
,academy_3_vs_1_with_keeper,123,collect_rollout,991,0,20,-0.009999999543651938,False,False,0.0,0.0,0,0,0,0.0,0.0,0.0,0.0,-0.009999999543651938,1,-0.009999999543651938
,academy_3_vs_1_with_keeper,123,collect_rollout,992,0,17,-0.016666665906086564,False,False,0.0,0.0,0,0,0,0.0,0.0,0.0,0.0,-0.016666665906086564,1,-0.016666665906086564
,academy_3_vs_1_with_keeper,123,collect_rollout,993,0,16,-0.013333332724869251,False,False,0.0,0.0,0,0,0,0.0,0.0,0.0,0.0,-0.013333332724869251,1,-0.013333332724869251
,academy_3_vs_1_with_keeper,123,collect_rollout,994,0,34,2.1364949312992394,False,False,0.0,0.0,0,0,0,0.0,0.0,0.0,0.0,2.1364949312992394,1,2.1364949312992394
,academy_3_vs_1_with_keeper,123,collect_rollout,995,0,15,-0.016666665906086564,False,False,0.0,0.0,0,0,0,0.0,0.0,0.0,0.0,-0.016666665906086564,1,-0.016666665906086564
,academy_3_vs_1_with_keeper,123,collect_rollout,996,0,33,2.14344395146054,False,False,0.0,0.0,0,0,0,0.0,0.0,0.0,0.0,2.14344395146054,1,2.14344395146054
,academy_3_vs_1_with_keeper,123,collect_rollout,997,0,20,-0.039999998174607754,False,False,0.0,0.0,0,0,0,0.0,0.0,0.0,0.0,-0.039999998174607754,1,-0.039999998174607754
,academy_3_vs_1_with_keeper,123,collect_rollout,998,0,74,-0.029858784982934594,False,False,0.0,0.0,0,0,0,0.0,0.0,0.0,0.0,-0.029858784982934594,1,-0.029858784982934594
,academy_3_vs_1_with_keeper,123,collect_rollout,999,0,19,-0.009999999543651938,False,False,0.0,0.0,0,0,0,0.0,0.0,0.0,0.0,-0.009999999543651938,1,-0.009999999543651938
,academy_3_vs_1_with_keeper,123,collect_rollout,1000,0,19,-0.013333332724869251,False,False,0.0,0.0,0,0,0,0.0,0.0,0.0,0.0,-0.013333332724869251,1,-0.013333332724869251
,academy_3_vs_1_with_keeper,123,collect_rollout,1001,0,18,-0.016666665906086564,False,False,0.0,0.0,0,0,0,0.0,0.0,0.0,0.0,-0.016666665906086564,1,-0.016666665906086564
,academy_3_vs_1_with_keeper,123,collect_rollout,1002,0,22,-0.02333333226852119,False,False,0.0,0.0,0,0,0,0.0,0.0,0.0,0.0,-0.02333333226852119,1,-0.02333333226852119
,academy_3_vs_1_with_keeper,123,collect_rollout,1003,0,85,-0.019845374816213734,False,False,0.0,0.0,0,0,0,0.0,0.0,0.0,0.0,-0.019845374816213734,1,-0.019845374816213734
,academy_3_vs_1_with_keeper,123,collect_rollout,1004,0,84,-0.11666666134260595,False,False,0.0,0.0,0,0,0,0.0,0.0,0.0,0.0,-0.11666666134260595,1,-0.11666666134260595
,academy_3_vs_1_with_keeper,123,collect_rollout,1005,0,18,-0.006666666362434626,False,False,0.0,0.0,0,0,0,0.0,0.0,0.0,0.0,-0.006666666362434626,1,-0.006666666362434626
,academy_3_vs_1_with_keeper,123,collect_rollout,1006,0,17,-0.009999999543651938,False,False,0.0,0.0,0,0,0,0.0,0.0,0.0,0.0,-0.009999999543651938,1,-0.009999999543651938
,academy_3_vs_1_with_keeper,123,collect_rollout,1007,0,21,-0.019999999087303877,False,False,0.0,0.0,0,0,0,0.0,0.0,0.0,0.0,-0.019999999087303877,1,-0.019999999087303877
,academy_3_vs_1_with_keeper,123,collect_rollout,1008,0,33,-0.03333333181217313,False,False,0.0,0.0,0,0,0,0.0,0.0,0.0,0.0,-0.03333333181217313,1,-0.03333333181217313
,academy_3_vs_1_with_keeper,123,collect_rollout,1009,0,14,0.027584864292293787,False,False,0.0,0.0,0,0,0,0.0,0.0,0.0,0.0,0.027584864292293787,1,0.027584864292293787
,academy_3_vs_1_with_keeper,123,collect_rollout,1010,0,33,0.08583788585383445,False,False,0.0,0.0,0,0,0,0.0,0.0,0.0,0.0,0.08583788585383445,1,0.08583788585383445
,academy_3_vs_1_with_keeper,123,collect_rollout,1011,0,18,-0.003333333181217313,False,False,0.0,0.0,0,0,0,0.0,0.0,0.0,0.0,-0.003333333181217313,1,-0.003333333181217313
,academy_3_vs_1_with_keeper,123,collect_rollout,1012,0,89,-0.09171352587873116,False,False,0.0,0.0,0,0,0,0.0,0.0,0.0,0.0,-0.09171352587873116,1,-0.09171352587873116
,academy_3_vs_1_with_keeper,123,collect_rollout,1013,0,16,-0.013333332724869251,False,False,0.0,0.0,0,0,0,0.0,0.0,0.0,0.0,-0.013333332724869251,1,-0.013333332724869251
,academy_3_vs_1_with_keeper,123,collect_rollout,1014,0,84,0.04221885954029858,False,False,0.0,0.0,0,0,0,0.0,0.0,0.0,0.0,0.04221885954029858,1,0.04221885954029858
,academy_3_vs_1_with_keeper,123,collect_rollout,1015,0,20,-0.02333333226852119,False,False,0.0,0.0,0,0,0,0.0,0.0,0.0,0.0,-0.02333333226852119,1,-0.02333333226852119
,academy_3_vs_1_with_keeper,123,collect_rollout,1016,0,93,-0.017581433057785034,False,False,0.0,0.0,0,0,0,0.0,0.0,0.0,0.0,-0.017581433057785034,1,-0.017581433057785034
,academy_3_vs_1_with_keeper,123,collect_rollout,1017,0,20,-0.026666665449738503,False,False,0.0,0.0,0,0,0,0.0,0.0,0.0,0.0,-0.026666665449738503,1,-0.026666665449738503
,academy_3_vs_1_with_keeper,123,collect_rollout,1018,0,15,-0.026666665449738503,False,False,0.0,0.0,0,0,0,0.0,0.0,0.0,0.0,-0.026666665449738503,1,-0.026666665449738503
,academy_3_vs_1_with_keeper,123,collect_rollout,1019,0,17,-0.026666665449738503,False,False,0.0,0.0,0,0,0,0.0,0.0,0.0,0.0,-0.026666665449738503,1,-0.026666665449738503
,academy_3_vs_1_with_keeper,123,collect_rollout,1020,0,18,-0.013333332724869251,False,False,0.0,0.0,0,0,0,0.0,0.0,0.0,0.0,-0.013333332724869251,1,-0.013333332724869251
,academy_3_vs_1_with_keeper,123,collect_rollout,1021,0,21,-0.013333332724869251,False,False,0.0,0.0,0,0,0,0.0,0.0,0.0,0.0,-0.013333332724869251,1,-0.013333332724869251
,academy_3_vs_1_with_keeper,123,collect_rollout,1022,0,45,0.027696917881257832,False,False,0.0,0.0,0,0,0,0.0,0.0,0.0,0.0,0.027696917881257832,1,0.027696917881257832
,academy_3_vs_1_with_keeper,123,collect_rollout,1023,0,1801,-2.156820972333662,False,False,0.0,0.0,0,0,0,0.0,0.0,0.0,0.0,-2.156820972333662,1,-2.156820972333662
,academy_3_vs_1_with_keeper,123,collect_rollout,1024,0,18,-0.003333333181217313,False,False,0.0,0.0,0,0,0,0.0,0.0,0.0,0.0,-0.003333333181217313,1,-0.003333333181217313
,academy_3_vs_1_with_keeper,123,collect_rollout,1025,0,9,0.01844243740197271,False,False,0.0,0.0,0,0,0,0.0,0.0,0.0,0.0,0.01844243740197271,1,0.01844243740197271
,academy_3_vs_1_with_keeper,123,collect_rollout,1026,0,16,-0.026666665449738503,False,False,0.0,0.0,0,0,0,0.0,0.0,0.0,0.0,-0.026666665449738503,1,-0.026666665449738503
,academy_3_vs_1_with_keeper,123,collect_rollout,1027,0,129,-0.01948577369330451,False,False,0.0,0.0,0,0,0,0.0,0.0,0.0,0.0,-0.01948577369330451,1,-0.01948577369330451
,academy_3_vs_1_with_keeper,123,collect_rollout,1028,0,6,0.043861121172085404,False,False,0.0,0.0,0,0,0,0.0,0.0,0.0,0.0,0.043861121172085404,1,0.043861121172085404
,academy_3_vs_1_with_keeper,123,collect_rollout,1029,0,19,0.0,False,False,0.0,0.0,0,0,0,0.0,0.0,0.0,0.0,0.0,1,0.0
,academy_3_vs_1_with_keeper,123,collect_rollout,1030,0,19,-0.016666665906086564,False,False,0.0,0.0,0,0,0,0.0,0.0,0.0,0.0,-0.016666665906086564,1,-0.016666665906086564
,academy_3_vs_1_with_keeper,123,collect_rollout,1031,0,33,2.1271573004778475,False,False,0.0,0.0,0,0,0,0.0,0.0,0.0,0.0,2.1271573004778475,1,2.1271573004778475
,academy_3_vs_1_with_keeper,123,collect_rollout,1032,0,16,-0.009999999543651938,False,False,0.0,0.0,0,0,0,0.0,0.0,0.0,0.0,-0.009999999543651938,1,-0.009999999543651938
,academy_3_vs_1_with_keeper,123,collect_rollout,1033,0,36,2.1187812177522574,False,False,0.0,0.0,0,0,0,0.0,0.0,0.0,0.0,2.1187812177522574,1,2.1187812177522574
,academy_3_vs_1_with_keeper,123,collect_rollout,1034,0,13,0.01120713772252202,False,False,0.0,0.0,0,0,0,0.0,0.0,0.0,0.0,0.01120713772252202,1,0.01120713772252202
,academy_3_vs_1_with_keeper,123,collect_rollout,1035,0,21,-0.026666665449738503,False,False,0.0,0.0,0,0,0,0.0,0.0,0.0,0.0,-0.026666665449738503,1,-0.026666665449738503
,academy_3_vs_1_with_keeper,123,collect_rollout,1036,0,12,0.005376633605919778,False,False,0.0,0.0,0,0,0,0.0,0.0,0.0,0.0,0.005376633605919778,1,0.005376633605919778
,academy_3_vs_1_with_keeper,123,collect_rollout,1037,0,18,-0.02333333226852119,False,False,0.0,0.0,0,0,0,0.0,0.0,0.0,0.0,-0.02333333226852119,1,-0.02333333226852119
,academy_3_vs_1_with_keeper,123,collect_rollout,1038,0,18,-0.016666665906086564,False,False,0.0,0.0,0,0,0,0.0,0.0,0.0,0.0,-0.016666665906086564,1,-0.016666665906086564
,academy_3_vs_1_with_keeper,123,collect_rollout,1039,0,18,-0.016666665906086564,False,False,0.0,0.0,0,0,0,0.0,0.0,0.0,0.0,-0.016666665906086564,1,-0.016666665906086564
,academy_3_vs_1_with_keeper,123,collect_rollout,1040,0,7,0.03523535642307252,False,False,0.0,0.0,0,0,0,0.0,0.0,0.0,0.0,0.03523535642307252,1,0.03523535642307252
,academy_3_vs_1_with_keeper,123,collect_rollout,1041,0,47,0.03033150904229842,False,False,0.0,0.0,0,0,0,0.0,0.0,0.0,0.0,0.03033150904229842,1,0.03033150904229842
,academy_3_vs_1_with_keeper,123,collect_rollout,1042,0,22,-0.02333333226852119,False,False,0.0,0.0,0,0,0,0.0,0.0,0.0,0.0,-0.02333333226852119,1,-0.02333333226852119
,academy_3_vs_1_with_keeper,123,collect_rollout,1043,0,21,-0.016666665906086564,False,False,0.0,0.0,0,0,0,0.0,0.0,0.0,0.0,-0.016666665906086564,1,-0.016666665906086564
,academy_3_vs_1_with_keeper,123,collect_rollout,1044,0,17,-0.02333333226852119,False,False,0.0,0.0,0,0,0,0.0,0.0,0.0,0.0,-0.02333333226852119,1,-0.02333333226852119
,academy_3_vs_1_with_keeper,123,collect_rollout,1045,0,20,-0.026666665449738503,False,False,0.0,0.0,0,0,0,0.0,0.0,0.0,0.0,-0.026666665449738503,1,-0.026666665449738503
,academy_3_vs_1_with_keeper,123,collect_rollout,1046,0,36,2.115471069002524,False,False,0.0,0.0,0,0,0,0.0,0.0,0.0,0.0,2.115471069002524,1,2.115471069002524
,academy_3_vs_1_with_keeper,123,collect_rollout,1047,0,22,-0.029999998630955815,False,False,0.0,0.0,0,0,0,0.0,0.0,0.0,0.0,-0.029999998630955815,1,-0.029999998630955815
,academy_3_vs_1_with_keeper,123,collect_rollout,1048,0,12,0.01257375639397651,False,False,0.0,0.0,0,0,0,0.0,0.0,0.0,0.0,0.01257375639397651,1,0.01257375639397651
,academy_3_vs_1_with_keeper,123,collect_rollout,1049,0,19,-0.016666665906086564,False,False,0.0,0.0,0,0,0,0.0,0.0,0.0,0.0,-0.016666665906086564,1,-0.016666665906086564
,academy_3_vs_1_with_keeper,123,collect_rollout,1050,0,19,-0.009999999543651938,False,False,0.0,0.0,0,0,0,0.0,0.0,0.0,0.0,-0.009999999543651938,1,-0.009999999543651938
,academy_3_vs_1_with_keeper,123,collect_rollout,1051,0,18,-0.026666665682569146,False,False,0.0,0.0,0,0,0,0.0,0.0,0.0,0.0,-0.026666665682569146,1,-0.026666665682569146
,academy_3_vs_1_with_keeper,123,collect_rollout,1052,0,20,-0.026666665449738503,False,False,0.0,0.0,0,0,0,0.0,0.0,0.0,0.0,-0.026666665449738503,1,-0.026666665449738503
,academy_3_vs_1_with_keeper,123,collect_rollout,1053,0,19,-0.016666665906086564,False,False,0.0,0.0,0,0,0,0.0,0.0,0.0,0.0,-0.016666665906086564,1,-0.016666665906086564
,academy_3_vs_1_with_keeper,123,collect_rollout,1054,0,17,-0.016666665906086564,False,False,0.0,0.0,0,0,0,0.0,0.0,0.0,0.0,-0.016666665906086564,1,-0.016666665906086564
,academy_3_vs_1_with_keeper,123,collect_rollout,1055,0,12,-0.00038558884989470243,False,False,0.0,0.0,0,0,0,0.0,0.0,0.0,0.0,-0.00038558884989470243,1,-0.00038558884989470243
,academy_3_vs_1_with_keeper,123,collect_rollout,1056,0,16,-0.016666665906086564,False,False,0.0,0.0,0,0,0,0.0,0.0,0.0,0.0,-0.016666665906086564,1,-0.016666665906086564
,academy_3_vs_1_with_keeper,123,collect_rollout,1057,0,18,-0.013333332724869251,False,False,0.0,0.0,0,0,0,0.0,0.0,0.0,0.0,-0.013333332724869251,1,-0.013333332724869251
,academy_3_vs_1_with_keeper,123,collect_rollout,1058,0,52,2.0425029492471367,False,False,0.0,0.0,0,0,0,0.0,0.0,0.0,0.0,2.0425029492471367,1,2.0425029492471367
,academy_3_vs_1_with_keeper,123,collect_rollout,1059,0,14,0.0372797487070784,False,False,0.0,0.0,0,0,0,0.0,0.0,0.0,0.0,0.0372797487070784,1,0.0372797487070784
,academy_3_vs_1_with_keeper,123,collect_rollout,1060,0,110,-0.19146528013516217,False,False,0.0,0.0,0,0,0,0.0,0.0,0.0,0.0,-0.19146528013516217,1,-0.19146528013516217
,academy_3_vs_1_with_keeper,123,collect_rollout,1061,0,20,-0.009999999543651938,False,False,0.0,0.0,0,0,0,0.0,0.0,0.0,0.0,-0.009999999543651938,1,-0.009999999543651938
,academy_3_vs_1_with_keeper,123,collect_rollout,1062,0,30,2.1331228642666247,False,False,0.0,0.0,0,0,0,0.0,0.0,0.0,0.0,2.1331228642666247,1,2.1331228642666247
,academy_3_vs_1_with_keeper,123,collect_rollout,1063,0,16,0.014441038481891155,False,False,0.0,0.0,0,0,0,0.0,0.0,0.0,0.0,0.014441038481891155,1,0.014441038481891155
,academy_3_vs_1_with_keeper,123,collect_rollout,1064,0,20,-0.029999998630955815,False,False,0.0,0.0,0,0,0,0.0,0.0,0.0,0.0,-0.029999998630955815,1,-0.029999998630955815
,academy_3_vs_1_with_keeper,123,collect_rollout,1065,0,11,0.017330248141661286,False,False,0.0,0.0,0,0,0,0.0,0.0,0.0,0.0,0.017330248141661286,1,0.017330248141661286
,academy_3_vs_1_with_keeper,123,collect_rollout,1066,0,14,0.014245421625673771,False,False,0.0,0.0,0,0,0,0.0,0.0,0.0,0.0,0.014245421625673771,1,0.014245421625673771
,academy_3_vs_1_with_keeper,123,collect_rollout,1067,0,18,-0.013333332724869251,False,False,0.0,0.0,0,0,0,0.0,0.0,0.0,0.0,-0.013333332724869251,1,-0.013333332724869251
,academy_3_vs_1_with_keeper,123,collect_rollout,1068,0,40,0.06196749908849597,False,False,0.0,0.0,0,0,0,0.0,0.0,0.0,0.0,0.06196749908849597,1,0.06196749908849597
,academy_3_vs_1_with_keeper,123,collect_rollout,1069,0,47,2.0926982191958814,False,False,0.0,0.0,0,0,0,0.0,0.0,0.0,0.0,2.0926982191958814,1,2.0926982191958814
,academy_3_vs_1_with_keeper,123,collect_rollout,1070,0,90,0.06541739318345208,False,False,0.0,0.0,0,0,0,0.0,0.0,0.0,0.0,0.06541739318345208,1,0.06541739318345208
,academy_3_vs_1_with_keeper,123,collect_rollout,1071,0,17,-0.003333333181217313,False,False,0.0,0.0,0,0,0,0.0,0.0,0.0,0.0,-0.003333333181217313,1,-0.003333333181217313
,academy_3_vs_1_with_keeper,123,collect_rollout,1072,0,19,-0.013333332724869251,False,False,0.0,0.0,0,0,0,0.0,0.0,0.0,0.0,-0.013333332724869251,1,-0.013333332724869251
,academy_3_vs_1_with_keeper,123,collect_rollout,1073,0,14,-0.003333333181217313,False,False,0.0,0.0,0,0,0,0.0,0.0,0.0,0.0,-0.003333333181217313,1,-0.003333333181217313
,academy_3_vs_1_with_keeper,123,collect_rollout,1074,0,18,-0.019999999087303877,False,False,0.0,0.0,0,0,0,0.0,0.0,0.0,0.0,-0.019999999087303877,1,-0.019999999087303877
,academy_3_vs_1_with_keeper,123,collect_rollout,1075,0,72,-0.0919601081404835,False,False,0.0,0.0,0,0,0,0.0,0.0,0.0,0.0,-0.0919601081404835,1,-0.0919601081404835
,academy_3_vs_1_with_keeper,123,collect_rollout,1076,0,20,-0.019999999087303877,False,False,0.0,0.0,0,0,0,0.0,0.0,0.0,0.0,-0.019999999087303877,1,-0.019999999087303877
,academy_3_vs_1_with_keeper,123,collect_rollout,1077,0,18,-0.029999998630955815,False,False,0.0,0.0,0,0,0,0.0,0.0,0.0,0.0,-0.029999998630955815,1,-0.029999998630955815
,academy_3_vs_1_with_keeper,123,collect_rollout,1078,0,19,-0.013333332724869251,False,False,0.0,0.0,0,0,0,0.0,0.0,0.0,0.0,-0.013333332724869251,1,-0.013333332724869251
,academy_3_vs_1_with_keeper,123,collect_rollout,1079,0,95,-0.05407027963519795,False,False,0.0,0.0,0,0,0,0.0,0.0,0.0,0.0,-0.05407027963519795,1,-0.05407027963519795
,academy_3_vs_1_with_keeper,123,collect_rollout,1080,0,27,2.153055753093213,False,False,0.0,0.0,0,0,0,0.0,0.0,0.0,0.0,2.153055753093213,1,2.153055753093213
,academy_3_vs_1_with_keeper,123,collect_rollout,1081,0,7,0.05407733772881329,False,False,0.0,0.0,0,0,0,0.0,0.0,0.0,0.0,0.05407733772881329,1,0.05407733772881329
,academy_3_vs_1_with_keeper,123,collect_rollout,1082,0,14,0.007232058560475707,False,False,0.0,0.0,0,0,0,0.0,0.0,0.0,0.0,0.007232058560475707,1,0.007232058560475707
,academy_3_vs_1_with_keeper,123,collect_rollout,1083,0,16,-0.006666666362434626,False,False,0.0,0.0,0,0,0,0.0,0.0,0.0,0.0,-0.006666666362434626,1,-0.006666666362434626
,academy_3_vs_1_with_keeper,123,collect_rollout,1084,0,60,2.112568138167262,False,False,0.0,0.0,0,0,0,0.0,0.0,0.0,0.0,2.112568138167262,1,2.112568138167262
,academy_3_vs_1_with_keeper,123,collect_rollout,1085,0,21,-0.019999999087303877,False,False,0.0,0.0,0,0,0,0.0,0.0,0.0,0.0,-0.019999999087303877,1,-0.019999999087303877
,academy_3_vs_1_with_keeper,123,collect_rollout,1086,0,22,-0.009999999543651938,False,False,0.0,0.0,0,0,0,0.0,0.0,0.0,0.0,-0.009999999543651938,1,-0.009999999543651938
,academy_3_vs_1_with_keeper,123,collect_rollout,1087,0,17,-0.016666665906086564,False,False,0.0,0.0,0,0,0,0.0,0.0,0.0,0.0,-0.016666665906086564,1,-0.016666665906086564
,academy_3_vs_1_with_keeper,123,collect_rollout,1088,0,10,0.039741091037285514,False,False,0.0,0.0,0,0,0,0.0,0.0,0.0,0.0,0.039741091037285514,1,0.039741091037285514
,academy_3_vs_1_with_keeper,123,collect_rollout,1089,0,22,-0.009999999543651938,False,False,0.0,0.0,0,0,0,0.0,0.0,0.0,0.0,-0.009999999543651938,1,-0.009999999543651938
,academy_3_vs_1_with_keeper,123,collect_rollout,1090,0,46,0.05138694657944143,False,False,0.0,0.0,0,0,0,0.0,0.0,0.0,0.0,0.05138694657944143,1,0.05138694657944143
,academy_3_vs_1_with_keeper,123,collect_rollout,1091,0,16,-0.006666666362434626,False,False,0.0,0.0,0,0,0,0.0,0.0,0.0,0.0,-0.006666666362434626,1,-0.006666666362434626
,academy_3_vs_1_with_keeper,123,collect_rollout,1092,0,75,-0.06906023772899061,False,False,0.0,0.0,0,0,0,0.0,0.0,0.0,0.0,-0.06906023772899061,1,-0.06906023772899061
,academy_3_vs_1_with_keeper,123,collect_rollout,1093,0,12,0.020752827695105225,False,False,0.0,0.0,0,0,0,0.0,0.0,0.0,0.0,0.020752827695105225,1,0.020752827695105225
,academy_3_vs_1_with_keeper,123,collect_rollout,1094,0,47,0.05665044121997198,False,False,0.0,0.0,0,0,0,0.0,0.0,0.0,0.0,0.05665044121997198,1,0.05665044121997198
,academy_3_vs_1_with_keeper,123,collect_rollout,1095,0,17,-0.006666666362434626,False,False,0.0,0.0,0,0,0,0.0,0.0,0.0,0.0,-0.006666666362434626,1,-0.006666666362434626
,academy_3_vs_1_with_keeper,123,collect_rollout,1096,0,58,2.0351401881780475,False,False,0.0,0.0,0,0,0,0.0,0.0,0.0,0.0,2.0351401881780475,1,2.0351401881780475
,academy_3_vs_1_with_keeper,123,collect_rollout,1097,0,8,0.0339598071295768,False,False,0.0,0.0,0,0,0,0.0,0.0,0.0,0.0,0.0339598071295768,1,0.0339598071295768
,academy_3_vs_1_with_keeper,123,collect_rollout,1098,0,21,-0.019999999087303877,False,False,0.0,0.0,0,0,0,0.0,0.0,0.0,0.0,-0.019999999087303877,1,-0.019999999087303877
,academy_3_vs_1_with_keeper,123,collect_rollout,1099,0,20,-0.016666665906086564,False,False,0.0,0.0,0,0,0,0.0,0.0,0.0,0.0,-0.016666665906086564,1,-0.016666665906086564
,academy_3_vs_1_with_keeper,123,collect_rollout,1100,0,22,-0.006666666362434626,False,False,0.0,0.0,0,0,0,0.0,0.0,0.0,0.0,-0.006666666362434626,1,-0.006666666362434626
,academy_3_vs_1_with_keeper,123,collect_rollout,1101,0,19,-0.006666666362434626,False,False,0.0,0.0,0,0,0,0.0,0.0,0.0,0.0,-0.006666666362434626,1,-0.006666666362434626
,academy_3_vs_1_with_keeper,123,collect_rollout,1102,0,53,-0.066781333880499,False,False,0.0,0.0,0,0,0,0.0,0.0,0.0,0.0,-0.066781333880499,1,-0.066781333880499
,academy_3_vs_1_with_keeper,123,collect_rollout,1103,0,19,-0.013333332724869251,False,False,0.0,0.0,0,0,0,0.0,0.0,0.0,0.0,-0.013333332724869251,1,-0.013333332724869251
,academy_3_vs_1_with_keeper,123,collect_rollout,1104,0,15,-0.019999999087303877,False,False,0.0,0.0,0,0,0,0.0,0.0,0.0,0.0,-0.019999999087303877,1,-0.019999999087303877
,academy_3_vs_1_with_keeper,123,collect_rollout,1105,0,126,-0.2603840237716213,False,False,0.0,0.0,0,0,0,0.0,0.0,0.0,0.0,-0.2603840237716213,1,-0.2603840237716213
,academy_3_vs_1_with_keeper,123,collect_rollout,1106,0,15,-0.016666665906086564,False,False,0.0,0.0,0,0,0,0.0,0.0,0.0,0.0,-0.016666665906086564,1,-0.016666665906086564
,academy_3_vs_1_with_keeper,123,collect_rollout,1107,0,15,-0.009999999543651938,False,False,0.0,0.0,0,0,0,0.0,0.0,0.0,0.0,-0.009999999543651938,1,-0.009999999543651938
,academy_3_vs_1_with_keeper,123,collect_rollout,1108,0,26,2.1375039128470235,False,False,0.0,0.0,0,0,0,0.0,0.0,0.0,0.0,2.1375039128470235,1,2.1375039128470235
,academy_3_vs_1_with_keeper,123,collect_rollout,1109,0,16,-0.02333333226852119,False,False,0.0,0.0,0,0,0,0.0,0.0,0.0,0.0,-0.02333333226852119,1,-0.02333333226852119
,academy_3_vs_1_with_keeper,123,collect_rollout,1110,0,44,2.1210308423032984,False,False,0.0,0.0,0,0,0,0.0,0.0,0.0,0.0,2.1210308423032984,1,2.1210308423032984
,academy_3_vs_1_with_keeper,123,collect_rollout,1111,0,15,-0.013333332724869251,False,False,0.0,0.0,0,0,0,0.0,0.0,0.0,0.0,-0.013333332724869251,1,-0.013333332724869251
,academy_3_vs_1_with_keeper,123,collect_rollout,1112,0,17,-0.019999999087303877,False,False,0.0,0.0,0,0,0,0.0,0.0,0.0,0.0,-0.019999999087303877,1,-0.019999999087303877
,academy_3_vs_1_with_keeper,123,collect_rollout,1113,0,6,0.04382358770817518,False,False,0.0,0.0,0,0,0,0.0,0.0,0.0,0.0,0.04382358770817518,1,0.04382358770817518
,academy_3_vs_1_with_keeper,123,collect_rollout,1114,0,39,0.07563749022665434,False,False,0.0,0.0,0,0,0,0.0,0.0,0.0,0.0,0.07563749022665434,1,0.07563749022665434
,academy_3_vs_1_with_keeper,123,collect_rollout,1115,0,28,0.3704410506761633,False,False,0.0,0.0,0,0,0,0.0,0.0,0.0,0.0,0.3704410506761633,1,0.3704410506761633
,academy_3_vs_1_with_keeper,123,collect_rollout,1116,0,49,-0.05999999726191163,False,False,0.0,0.0,0,0,0,0.0,0.0,0.0,0.0,-0.05999999726191163,1,-0.05999999726191163
,academy_3_vs_1_with_keeper,123,collect_rollout,1117,0,18,-0.016666665906086564,False,False,0.0,0.0,0,0,0,0.0,0.0,0.0,0.0,-0.016666665906086564,1,-0.016666665906086564
,academy_3_vs_1_with_keeper,123,collect_rollout,1118,0,33,0.13580294424900785,False,False,0.0,0.0,0,0,0,0.0,0.0,0.0,0.0,0.13580294424900785,1,0.13580294424900785
,academy_3_vs_1_with_keeper,123,collect_rollout,1119,0,7,0.05693437019363046,False,False,0.0,0.0,0,0,0,0.0,0.0,0.0,0.0,0.05693437019363046,1,0.05693437019363046
,academy_3_vs_1_with_keeper,123,collect_rollout,1120,0,18,-0.013333332724869251,False,False,0.0,0.0,0,0,0,0.0,0.0,0.0,0.0,-0.013333332724869251,1,-0.013333332724869251
,academy_3_vs_1_with_keeper,123,collect_rollout,1121,0,18,-0.019999999087303877,False,False,0.0,0.0,0,0,0,0.0,0.0,0.0,0.0,-0.019999999087303877,1,-0.019999999087303877
,academy_3_vs_1_with_keeper,123,collect_rollout,1122,0,72,-0.057510643964633346,False,False,0.0,0.0,0,0,0,0.0,0.0,0.0,0.0,-0.057510643964633346,1,-0.057510643964633346
,academy_3_vs_1_with_keeper,123,collect_rollout,1123,0,22,-0.02333333226852119,False,False,0.0,0.0,0,0,0,0.0,0.0,0.0,0.0,-0.02333333226852119,1,-0.02333333226852119
,academy_3_vs_1_with_keeper,123,collect_rollout,1124,0,23,0.1300200594123453,False,False,0.0,0.0,0,0,0,0.0,0.0,0.0,0.0,0.1300200594123453,1,0.1300200594123453
,academy_3_vs_1_with_keeper,123,collect_rollout,1125,0,8,0.04720254382118583,False,False,0.0,0.0,0,0,0,0.0,0.0,0.0,0.0,0.04720254382118583,1,0.04720254382118583
,academy_3_vs_1_with_keeper,123,collect_rollout,1126,0,21,-0.009434990817680955,False,False,0.0,0.0,0,0,0,0.0,0.0,0.0,0.0,-0.009434990817680955,1,-0.009434990817680955
,academy_3_vs_1_with_keeper,123,collect_rollout,1127,0,15,0.00010577542707324028,False,False,0.0,0.0,0,0,0,0.0,0.0,0.0,0.0,0.00010577542707324028,1,0.00010577542707324028
,academy_3_vs_1_with_keeper,123,collect_rollout,1128,0,121,0.14888662344310433,False,False,0.0,0.0,0,0,0,0.0,0.0,0.0,0.0,0.14888662344310433,1,0.14888662344310433
,academy_3_vs_1_with_keeper,123,collect_rollout,1129,0,37,0.1291030370630324,False,False,0.0,0.0,0,0,0,0.0,0.0,0.0,0.0,0.1291030370630324,1,0.1291030370630324
,academy_3_vs_1_with_keeper,123,collect_rollout,1130,0,45,0.09969716798514128,False,False,0.0,0.0,0,0,0,0.0,0.0,0.0,0.0,0.09969716798514128,1,0.09969716798514128
,academy_3_vs_1_with_keeper,123,collect_rollout,1131,0,19,-0.009999999543651938,False,False,0.0,0.0,0,0,0,0.0,0.0,0.0,0.0,-0.009999999543651938,1,-0.009999999543651938
,academy_3_vs_1_with_keeper,123,collect_rollout,1132,0,56,2.0049013164825737,False,False,0.0,0.0,0,0,0,0.0,0.0,0.0,0.0,2.0049013164825737,1,2.0049013164825737
,academy_3_vs_1_with_keeper,123,collect_rollout,1133,0,102,0.02577854282571934,False,False,0.0,0.0,0,0,0,0.0,0.0,0.0,0.0,0.02577854282571934,1,0.02577854282571934
,academy_3_vs_1_with_keeper,123,collect_rollout,1134,0,24,-0.026666665449738503,False,False,0.0,0.0,0,0,0,0.0,0.0,0.0,0.0,-0.026666665449738503,1,-0.026666665449738503
,academy_3_vs_1_with_keeper,123,collect_rollout,1135,0,12,0.024004682432860136,False,False,0.0,0.0,0,0,0,0.0,0.0,0.0,0.0,0.024004682432860136,1,0.024004682432860136
,academy_3_vs_1_with_keeper,123,collect_rollout,1136,0,13,-0.016666665906086564,False,False,0.0,0.0,0,0,0,0.0,0.0,0.0,0.0,-0.016666665906086564,1,-0.016666665906086564
,academy_3_vs_1_with_keeper,123,collect_rollout,1137,0,39,2.1178223230526783,False,False,0.0,0.0,0,0,0,0.0,0.0,0.0,0.0,2.1178223230526783,1,2.1178223230526783
,academy_3_vs_1_with_keeper,123,collect_rollout,1138,0,24,2.1443539049942046,False,False,0.0,0.0,0,0,0,0.0,0.0,0.0,0.0,2.1443539049942046,1,2.1443539049942046
,academy_3_vs_1_with_keeper,123,collect_rollout,1139,0,16,-0.013333332724869251,False,False,0.0,0.0,0,0,0,0.0,0.0,0.0,0.0,-0.013333332724869251,1,-0.013333332724869251
,academy_3_vs_1_with_keeper,123,collect_rollout,1140,0,39,0.04599923000205308,False,False,0.0,0.0,0,0,0,0.0,0.0,0.0,0.0,0.04599923000205308,1,0.04599923000205308
,academy_3_vs_1_with_keeper,123,collect_rollout,1141,0,73,-0.039913594257086515,False,False,0.0,0.0,0,0,0,0.0,0.0,0.0,0.0,-0.039913594257086515,1,-0.039913594257086515
,academy_3_vs_1_with_keeper,123,collect_rollout,1142,0,19,-0.009999999543651938,False,False,0.0,0.0,0,0,0,0.0,0.0,0.0,0.0,-0.009999999543651938,1,-0.009999999543651938
,academy_3_vs_1_with_keeper,123,collect_rollout,1143,0,18,-0.009999999543651938,False,False,0.0,0.0,0,0,0,0.0,0.0,0.0,0.0,-0.009999999543651938,1,-0.009999999543651938
,academy_3_vs_1_with_keeper,123,collect_rollout,1144,0,19,-0.02333333226852119,False,False,0.0,0.0,0,0,0,0.0,0.0,0.0,0.0,-0.02333333226852119,1,-0.02333333226852119
,academy_3_vs_1_with_keeper,123,collect_rollout,1145,0,15,-0.009999999543651938,False,False,0.0,0.0,0,0,0,0.0,0.0,0.0,0.0,-0.009999999543651938,1,-0.009999999543651938
,academy_3_vs_1_with_keeper,123,collect_rollout,1146,0,17,-0.01999999932013452,False,False,0.0,0.0,0,0,0,0.0,0.0,0.0,0.0,-0.01999999932013452,1,-0.01999999932013452
,academy_3_vs_1_with_keeper,123,collect_rollout,1147,0,8,0.027091327589005232,False,False,0.0,0.0,0,0,0,0.0,0.0,0.0,0.0,0.027091327589005232,1,0.027091327589005232
,academy_3_vs_1_with_keeper,123,collect_rollout,1148,0,15,0.0,False,False,0.0,0.0,0,0,0,0.0,0.0,0.0,0.0,0.0,1,0.0
,academy_3_vs_1_with_keeper,123,collect_rollout,1149,0,18,-0.013333332724869251,False,False,0.0,0.0,0,0,0,0.0,0.0,0.0,0.0,-0.013333332724869251,1,-0.013333332724869251
,academy_3_vs_1_with_keeper,123,collect_rollout,1150,0,22,-0.019999999087303877,False,False,0.0,0.0,0,0,0,0.0,0.0,0.0,0.0,-0.019999999087303877,1,-0.019999999087303877
,academy_3_vs_1_with_keeper,123,collect_rollout,1151,0,20,-0.016666665906086564,False,False,0.0,0.0,0,0,0,0.0,0.0,0.0,0.0,-0.016666665906086564,1,-0.016666665906086564
,academy_3_vs_1_with_keeper,123,collect_rollout,1152,0,19,-0.006666666362434626,False,False,0.0,0.0,0,0,0,0.0,0.0,0.0,0.0,-0.006666666362434626,1,-0.006666666362434626
,academy_3_vs_1_with_keeper,123,collect_rollout,1153,0,11,0.018487715511582792,False,False,0.0,0.0,0,0,0,0.0,0.0,0.0,0.0,0.018487715511582792,1,0.018487715511582792
,academy_3_vs_1_with_keeper,123,collect_rollout,1154,0,18,-0.016666665906086564,False,False,0.0,0.0,0,0,0,0.0,0.0,0.0,0.0,-0.016666665906086564,1,-0.016666665906086564
,academy_3_vs_1_with_keeper,123,collect_rollout,1155,0,18,-0.016666665906086564,False,False,0.0,0.0,0,0,0,0.0,0.0,0.0,0.0,-0.016666665906086564,1,-0.016666665906086564
,academy_3_vs_1_with_keeper,123,collect_rollout,1156,0,13,-0.019999999087303877,False,False,0.0,0.0,0,0,0,0.0,0.0,0.0,0.0,-0.019999999087303877,1,-0.019999999087303877
,academy_3_vs_1_with_keeper,123,collect_rollout,1157,0,98,0.10374761989805847,False,False,0.0,0.0,0,0,0,0.0,0.0,0.0,0.0,0.10374761989805847,1,0.10374761989805847
,academy_3_vs_1_with_keeper,123,collect_rollout,1158,0,15,-0.016666665906086564,False,False,0.0,0.0,0,0,0,0.0,0.0,0.0,0.0,-0.016666665906086564,1,-0.016666665906086564
,academy_3_vs_1_with_keeper,123,collect_rollout,1159,0,20,-0.02333333226852119,False,False,0.0,0.0,0,0,0,0.0,0.0,0.0,0.0,-0.02333333226852119,1,-0.02333333226852119
,academy_3_vs_1_with_keeper,123,collect_rollout,1160,0,17,-0.016666665906086564,False,False,0.0,0.0,0,0,0,0.0,0.0,0.0,0.0,-0.016666665906086564,1,-0.016666665906086564
,academy_3_vs_1_with_keeper,123,collect_rollout,1161,0,15,-0.013333332724869251,False,False,0.0,0.0,0,0,0,0.0,0.0,0.0,0.0,-0.013333332724869251,1,-0.013333332724869251
,academy_3_vs_1_with_keeper,123,collect_rollout,1162,0,19,-0.019999999087303877,False,False,0.0,0.0,0,0,0,0.0,0.0,0.0,0.0,-0.019999999087303877,1,-0.019999999087303877
,academy_3_vs_1_with_keeper,123,collect_rollout,1163,0,17,0.01008348073810339,False,False,0.0,0.0,0,0,0,0.0,0.0,0.0,0.0,0.01008348073810339,1,0.01008348073810339
,academy_3_vs_1_with_keeper,123,collect_rollout,1164,0,10,0.0300275037297979,False,False,0.0,0.0,0,0,0,0.0,0.0,0.0,0.0,0.0300275037297979,1,0.0300275037297979
,academy_3_vs_1_with_keeper,123,collect_rollout,1165,0,20,-0.026666665449738503,False,False,0.0,0.0,0,0,0,0.0,0.0,0.0,0.0,-0.026666665449738503,1,-0.026666665449738503
,academy_3_vs_1_with_keeper,123,collect_rollout,1166,0,15,-0.016666665906086564,False,False,0.0,0.0,0,0,0,0.0,0.0,0.0,0.0,-0.016666665906086564,1,-0.016666665906086564
,academy_3_vs_1_with_keeper,123,collect_rollout,1167,0,19,-0.019999999087303877,False,False,0.0,0.0,0,0,0,0.0,0.0,0.0,0.0,-0.019999999087303877,1,-0.019999999087303877
,academy_3_vs_1_with_keeper,123,collect_rollout,1168,0,17,-0.019999999087303877,False,False,0.0,0.0,0,0,0,0.0,0.0,0.0,0.0,-0.019999999087303877,1,-0.019999999087303877
,academy_3_vs_1_with_keeper,123,collect_rollout,1169,0,21,-0.013333332724869251,False,False,0.0,0.0,0,0,0,0.0,0.0,0.0,0.0,-0.013333332724869251,1,-0.013333332724869251
,academy_3_vs_1_with_keeper,123,collect_rollout,1170,0,37,2.132365130353719,False,False,0.0,0.0,0,0,0,0.0,0.0,0.0,0.0,2.132365130353719,1,2.132365130353719
,academy_3_vs_1_with_keeper,123,collect_rollout,1171,0,16,-0.013333332724869251,False,False,0.0,0.0,0,0,0,0.0,0.0,0.0,0.0,-0.013333332724869251,1,-0.013333332724869251
,academy_3_vs_1_with_keeper,123,collect_rollout,1172,0,22,-0.016666665906086564,False,False,0.0,0.0,0,0,0,0.0,0.0,0.0,0.0,-0.016666665906086564,1,-0.016666665906086564
,academy_3_vs_1_with_keeper,123,collect_rollout,1173,0,104,0.22720903309527785,False,False,0.0,0.0,0,0,0,0.0,0.0,0.0,0.0,0.22720903309527785,1,0.22720903309527785
,academy_3_vs_1_with_keeper,123,collect_rollout,1174,0,17,-0.009999999543651938,False,False,0.0,0.0,0,0,0,0.0,0.0,0.0,0.0,-0.009999999543651938,1,-0.009999999543651938
,academy_3_vs_1_with_keeper,123,collect_rollout,1175,0,11,0.03931957739405334,False,False,0.0,0.0,0,0,0,0.0,0.0,0.0,0.0,0.03931957739405334,1,0.03931957739405334
,academy_3_vs_1_with_keeper,123,collect_rollout,1176,0,19,-0.003333333181217313,False,False,0.0,0.0,0,0,0,0.0,0.0,0.0,0.0,-0.003333333181217313,1,-0.003333333181217313
,academy_3_vs_1_with_keeper,123,collect_rollout,1177,0,18,-0.013333332724869251,False,False,0.0,0.0,0,0,0,0.0,0.0,0.0,0.0,-0.013333332724869251,1,-0.013333332724869251
,academy_3_vs_1_with_keeper,123,collect_rollout,1178,0,76,-0.05649647582322359,False,False,0.0,0.0,0,0,0,0.0,0.0,0.0,0.0,-0.05649647582322359,1,-0.05649647582322359
,academy_3_vs_1_with_keeper,123,collect_rollout,1179,0,16,0.012426553526893258,False,False,0.0,0.0,0,0,0,0.0,0.0,0.0,0.0,0.012426553526893258,1,0.012426553526893258
,academy_3_vs_1_with_keeper,123,collect_rollout,1180,0,21,-0.016666665906086564,False,False,0.0,0.0,0,0,0,0.0,0.0,0.0,0.0,-0.016666665906086564,1,-0.016666665906086564
,academy_3_vs_1_with_keeper,123,collect_rollout,1181,0,16,-0.016666665906086564,False,False,0.0,0.0,0,0,0,0.0,0.0,0.0,0.0,-0.016666665906086564,1,-0.016666665906086564
,academy_3_vs_1_with_keeper,123,collect_rollout,1182,0,20,-0.013333332724869251,False,False,0.0,0.0,0,0,0,0.0,0.0,0.0,0.0,-0.013333332724869251,1,-0.013333332724869251
,academy_3_vs_1_with_keeper,123,collect_rollout,1183,0,17,2.1413360158912838,False,False,0.0,0.0,0,0,0,0.0,0.0,0.0,0.0,2.1413360158912838,1,2.1413360158912838
,academy_3_vs_1_with_keeper,123,collect_rollout,1184,0,11,0.010581368580460548,False,False,0.0,0.0,0,0,0,0.0,0.0,0.0,0.0,0.010581368580460548,1,0.010581368580460548
,academy_3_vs_1_with_keeper,123,collect_rollout,1185,0,18,-0.009999999543651938,False,False,0.0,0.0,0,0,0,0.0,0.0,0.0,0.0,-0.009999999543651938,1,-0.009999999543651938
,academy_3_vs_1_with_keeper,123,collect_rollout,1186,0,13,0.01629817602224648,False,False,0.0,0.0,0,0,0,0.0,0.0,0.0,0.0,0.01629817602224648,1,0.01629817602224648
,academy_3_vs_1_with_keeper,123,collect_rollout,1187,0,15,-0.013333332724869251,False,False,0.0,0.0,0,0,0,0.0,0.0,0.0,0.0,-0.013333332724869251,1,-0.013333332724869251
,academy_3_vs_1_with_keeper,123,collect_rollout,1188,0,19,-0.013333332724869251,False,False,0.0,0.0,0,0,0,0.0,0.0,0.0,0.0,-0.013333332724869251,1,-0.013333332724869251
,academy_3_vs_1_with_keeper,123,collect_rollout,1189,0,18,-0.013333332724869251,False,False,0.0,0.0,0,0,0,0.0,0.0,0.0,0.0,-0.013333332724869251,1,-0.013333332724869251
,academy_3_vs_1_with_keeper,123,collect_rollout,1190,0,17,-0.009999999543651938,False,False,0.0,0.0,0,0,0,0.0,0.0,0.0,0.0,-0.009999999543651938,1,-0.009999999543651938
,academy_3_vs_1_with_keeper,123,collect_rollout,1191,0,16,-0.016666665906086564,False,False,0.0,0.0,0,0,0,0.0,0.0,0.0,0.0,-0.016666665906086564,1,-0.016666665906086564
,academy_3_vs_1_with_keeper,123,collect_rollout,1192,0,8,0.03937369864434004,False,False,0.0,0.0,0,0,0,0.0,0.0,0.0,0.0,0.03937369864434004,1,0.03937369864434004
,academy_3_vs_1_with_keeper,123,collect_rollout,1193,0,36,2.116892686113715,False,False,0.0,0.0,0,0,0,0.0,0.0,0.0,0.0,2.116892686113715,1,2.116892686113715
,academy_3_vs_1_with_keeper,123,collect_rollout,1194,0,45,0.08915329427691177,False,False,0.0,0.0,0,0,0,0.0,0.0,0.0,0.0,0.08915329427691177,1,0.08915329427691177
,academy_3_vs_1_with_keeper,123,collect_rollout,1195,0,19,-0.006666666362434626,False,False,0.0,0.0,0,0,0,0.0,0.0,0.0,0.0,-0.006666666362434626,1,-0.006666666362434626
,academy_3_vs_1_with_keeper,123,collect_rollout,1196,0,85,0.09291343996301293,False,False,0.0,0.0,0,0,0,0.0,0.0,0.0,0.0,0.09291343996301293,1,0.09291343996301293
,academy_3_vs_1_with_keeper,123,collect_rollout,1197,0,16,-0.006666666362434626,False,False,0.0,0.0,0,0,0,0.0,0.0,0.0,0.0,-0.006666666362434626,1,-0.006666666362434626
,academy_3_vs_1_with_keeper,123,collect_rollout,1198,0,16,-0.013333332724869251,False,False,0.0,0.0,0,0,0,0.0,0.0,0.0,0.0,-0.013333332724869251,1,-0.013333332724869251
,academy_3_vs_1_with_keeper,123,collect_rollout,1199,0,17,-0.013333332724869251,False,False,0.0,0.0,0,0,0,0.0,0.0,0.0,0.0,-0.013333332724869251,1,-0.013333332724869251
,academy_3_vs_1_with_keeper,123,collect_rollout,1200,0,8,0.027630547061562538,False,False,0.0,0.0,0,0,0,0.0,0.0,0.0,0.0,0.027630547061562538,1,0.027630547061562538
,academy_3_vs_1_with_keeper,123,collect_rollout,1201,0,92,0.09067611416685395,False,False,0.0,0.0,0,0,0,0.0,0.0,0.0,0.0,0.09067611416685395,1,0.09067611416685395
,academy_3_vs_1_with_keeper,123,collect_rollout,1202,0,13,-0.016666665906086564,False,False,0.0,0.0,0,0,0,0.0,0.0,0.0,0.0,-0.016666665906086564,1,-0.016666665906086564
,academy_3_vs_1_with_keeper,123,collect_rollout,1203,0,14,-0.006666666362434626,False,False,0.0,0.0,0,0,0,0.0,0.0,0.0,0.0,-0.006666666362434626,1,-0.006666666362434626
,academy_3_vs_1_with_keeper,123,collect_rollout,1204,0,18,-0.026666665449738503,False,False,0.0,0.0,0,0,0,0.0,0.0,0.0,0.0,-0.026666665449738503,1,-0.026666665449738503
,academy_3_vs_1_with_keeper,123,collect_rollout,1205,0,20,-0.03417027567047626,False,False,0.0,0.0,0,0,0,0.0,0.0,0.0,0.0,-0.03417027567047626,1,-0.03417027567047626
,academy_3_vs_1_with_keeper,123,collect_rollout,1206,0,15,-0.019999999087303877,False,False,0.0,0.0,0,0,0,0.0,0.0,0.0,0.0,-0.019999999087303877,1,-0.019999999087303877
,academy_3_vs_1_with_keeper,123,collect_rollout,1207,0,21,-0.026666665682569146,False,False,0.0,0.0,0,0,0,0.0,0.0,0.0,0.0,-0.026666665682569146,1,-0.026666665682569146
,academy_3_vs_1_with_keeper,123,collect_rollout,1208,0,18,-0.003333333181217313,False,False,0.0,0.0,0,0,0,0.0,0.0,0.0,0.0,-0.003333333181217313,1,-0.003333333181217313
,academy_3_vs_1_with_keeper,123,collect_rollout,1209,0,18,-0.009999999543651938,False,False,0.0,0.0,0,0,0,0.0,0.0,0.0,0.0,-0.009999999543651938,1,-0.009999999543651938
,academy_3_vs_1_with_keeper,123,collect_rollout,1210,0,16,-0.013333332724869251,False,False,0.0,0.0,0,0,0,0.0,0.0,0.0,0.0,-0.013333332724869251,1,-0.013333332724869251
,academy_3_vs_1_with_keeper,123,collect_rollout,1211,0,17,-0.016666665906086564,False,False,0.0,0.0,0,0,0,0.0,0.0,0.0,0.0,-0.016666665906086564,1,-0.016666665906086564
,academy_3_vs_1_with_keeper,123,collect_rollout,1212,0,46,0.0032570549519732594,False,False,0.0,0.0,0,0,0,0.0,0.0,0.0,0.0,0.0032570549519732594,1,0.0032570549519732594
,academy_3_vs_1_with_keeper,123,collect_rollout,1213,0,47,-0.05666666408069432,False,False,0.0,0.0,0,0,0,0.0,0.0,0.0,0.0,-0.05666666408069432,1,-0.05666666408069432
,academy_3_vs_1_with_keeper,123,collect_rollout,1214,0,15,-0.009999999543651938,False,False,0.0,0.0,0,0,0,0.0,0.0,0.0,0.0,-0.009999999543651938,1,-0.009999999543651938
,academy_3_vs_1_with_keeper,123,collect_rollout,1215,0,36,2.1105634885607287,False,False,0.0,0.0,0,0,0,0.0,0.0,0.0,0.0,2.1105634885607287,1,2.1105634885607287
,academy_3_vs_1_with_keeper,123,collect_rollout,1216,0,50,2.087722271680832,False,False,0.0,0.0,0,0,0,0.0,0.0,0.0,0.0,2.087722271680832,1,2.087722271680832
,academy_3_vs_1_with_keeper,123,collect_rollout,1217,0,19,-0.019999999087303877,False,False,0.0,0.0,0,0,0,0.0,0.0,0.0,0.0,-0.019999999087303877,1,-0.019999999087303877
,academy_3_vs_1_with_keeper,123,collect_rollout,1218,0,164,-0.2925610456150025,False,False,0.0,0.0,0,0,0,0.0,0.0,0.0,0.0,-0.2925610456150025,1,-0.2925610456150025
,academy_3_vs_1_with_keeper,123,collect_rollout,1219,0,19,-0.013333332724869251,False,False,0.0,0.0,0,0,0,0.0,0.0,0.0,0.0,-0.013333332724869251,1,-0.013333332724869251
,academy_3_vs_1_with_keeper,123,collect_rollout,1220,0,86,0.027497638075146824,False,False,0.0,0.0,0,0,0,0.0,0.0,0.0,0.0,0.027497638075146824,1,0.027497638075146824
,academy_3_vs_1_with_keeper,123,collect_rollout,1221,0,16,-0.02333333226852119,False,False,0.0,0.0,0,0,0,0.0,0.0,0.0,0.0,-0.02333333226852119,1,-0.02333333226852119
,academy_3_vs_1_with_keeper,123,collect_rollout,1222,0,16,-0.009999999543651938,False,False,0.0,0.0,0,0,0,0.0,0.0,0.0,0.0,-0.009999999543651938,1,-0.009999999543651938
,academy_3_vs_1_with_keeper,123,collect_rollout,1223,0,144,-0.11666666134260595,False,False,0.0,0.0,0,0,0,0.0,0.0,0.0,0.0,-0.11666666134260595,1,-0.11666666134260595
,academy_3_vs_1_with_keeper,123,collect_rollout,1224,0,17,-0.019999999087303877,False,False,0.0,0.0,0,0,0,0.0,0.0,0.0,0.0,-0.019999999087303877,1,-0.019999999087303877
,academy_3_vs_1_with_keeper,123,collect_rollout,1225,0,24,2.147372360632289,False,False,0.0,0.0,0,0,0,0.0,0.0,0.0,0.0,2.147372360632289,1,2.147372360632289
,academy_3_vs_1_with_keeper,123,collect_rollout,1226,0,22,-0.016666665906086564,False,False,0.0,0.0,0,0,0,0.0,0.0,0.0,0.0,-0.016666665906086564,1,-0.016666665906086564
,academy_3_vs_1_with_keeper,123,collect_rollout,1227,0,25,2.1509179289569147,False,False,0.0,0.0,0,0,0,0.0,0.0,0.0,0.0,2.1509179289569147,1,2.1509179289569147
,academy_3_vs_1_with_keeper,123,collect_rollout,1228,0,60,0.08893841039389372,False,False,0.0,0.0,0,0,0,0.0,0.0,0.0,0.0,0.08893841039389372,1,0.08893841039389372
,academy_3_vs_1_with_keeper,123,collect_rollout,1229,0,18,-0.016666665906086564,False,False,0.0,0.0,0,0,0,0.0,0.0,0.0,0.0,-0.016666665906086564,1,-0.016666665906086564
,academy_3_vs_1_with_keeper,123,collect_rollout,1230,0,21,-0.016666665906086564,False,False,0.0,0.0,0,0,0,0.0,0.0,0.0,0.0,-0.016666665906086564,1,-0.016666665906086564
,academy_3_vs_1_with_keeper,123,collect_rollout,1231,0,22,-0.02333333226852119,False,False,0.0,0.0,0,0,0,0.0,0.0,0.0,0.0,-0.02333333226852119,1,-0.02333333226852119
,academy_3_vs_1_with_keeper,123,collect_rollout,1232,0,20,-0.02333333226852119,False,False,0.0,0.0,0,0,0,0.0,0.0,0.0,0.0,-0.02333333226852119,1,-0.02333333226852119
,academy_3_vs_1_with_keeper,123,collect_rollout,1233,0,18,-0.013333332724869251,False,False,0.0,0.0,0,0,0,0.0,0.0,0.0,0.0,-0.013333332724869251,1,-0.013333332724869251
,academy_3_vs_1_with_keeper,123,collect_rollout,1234,0,17,-0.003333333181217313,False,False,0.0,0.0,0,0,0,0.0,0.0,0.0,0.0,-0.003333333181217313,1,-0.003333333181217313
,academy_3_vs_1_with_keeper,123,collect_rollout,1235,0,16,-0.006666666362434626,False,False,0.0,0.0,0,0,0,0.0,0.0,0.0,0.0,-0.006666666362434626,1,-0.006666666362434626
,academy_3_vs_1_with_keeper,123,collect_rollout,1236,0,17,-0.013333332724869251,False,False,0.0,0.0,0,0,0,0.0,0.0,0.0,0.0,-0.013333332724869251,1,-0.013333332724869251
,academy_3_vs_1_with_keeper,123,collect_rollout,1237,0,17,-0.019999999087303877,False,False,0.0,0.0,0,0,0,0.0,0.0,0.0,0.0,-0.019999999087303877,1,-0.019999999087303877
,academy_3_vs_1_with_keeper,123,collect_rollout,1238,0,16,-0.006666666362434626,False,False,0.0,0.0,0,0,0,0.0,0.0,0.0,0.0,-0.006666666362434626,1,-0.006666666362434626
,academy_3_vs_1_with_keeper,123,collect_rollout,1239,0,17,-0.029999998630955815,False,False,0.0,0.0,0,0,0,0.0,0.0,0.0,0.0,-0.029999998630955815,1,-0.029999998630955815
,academy_3_vs_1_with_keeper,123,collect_rollout,1240,0,47,-0.06333333044312894,False,False,0.0,0.0,0,0,0,0.0,0.0,0.0,0.0,-0.06333333044312894,1,-0.06333333044312894
,academy_3_vs_1_with_keeper,123,collect_rollout,1241,0,20,-0.009999999543651938,False,False,0.0,0.0,0,0,0,0.0,0.0,0.0,0.0,-0.009999999543651938,1,-0.009999999543651938
,academy_3_vs_1_with_keeper,123,collect_rollout,1242,0,6,0.04590058559551835,False,False,0.0,0.0,0,0,0,0.0,0.0,0.0,0.0,0.04590058559551835,1,0.04590058559551835
,academy_3_vs_1_with_keeper,123,collect_rollout,1243,0,14,-0.006666666362434626,False,False,0.0,0.0,0,0,0,0.0,0.0,0.0,0.0,-0.006666666362434626,1,-0.006666666362434626
,academy_3_vs_1_with_keeper,123,collect_rollout,1244,0,19,-0.016666665906086564,False,False,0.0,0.0,0,0,0,0.0,0.0,0.0,0.0,-0.016666665906086564,1,-0.016666665906086564
,academy_3_vs_1_with_keeper,123,collect_rollout,1245,0,44,0.08010304745403118,False,False,0.0,0.0,0,0,0,0.0,0.0,0.0,0.0,0.08010304745403118,1,0.08010304745403118
,academy_3_vs_1_with_keeper,123,collect_rollout,1246,0,19,-0.016666665906086564,False,False,0.0,0.0,0,0,0,0.0,0.0,0.0,0.0,-0.016666665906086564,1,-0.016666665906086564
,academy_3_vs_1_with_keeper,123,collect_rollout,1247,0,20,-0.013333332724869251,False,False,0.0,0.0,0,0,0,0.0,0.0,0.0,0.0,-0.013333332724869251,1,-0.013333332724869251
,academy_3_vs_1_with_keeper,123,collect_rollout,1248,0,64,1.8894273245532531,False,False,0.0,0.0,0,0,0,0.0,0.0,0.0,0.0,1.8894273245532531,1,1.8894273245532531
,academy_3_vs_1_with_keeper,123,collect_rollout,1249,0,17,-0.02333333226852119,False,False,0.0,0.0,0,0,0,0.0,0.0,0.0,0.0,-0.02333333226852119,1,-0.02333333226852119
,academy_3_vs_1_with_keeper,123,collect_rollout,1250,0,18,-0.016666665906086564,False,False,0.0,0.0,0,0,0,0.0,0.0,0.0,0.0,-0.016666665906086564,1,-0.016666665906086564
,academy_3_vs_1_with_keeper,123,collect_rollout,1251,0,16,-0.009999999543651938,False,False,0.0,0.0,0,0,0,0.0,0.0,0.0,0.0,-0.009999999543651938,1,-0.009999999543651938
,academy_3_vs_1_with_keeper,123,collect_rollout,1252,0,20,-0.02333333226852119,False,False,0.0,0.0,0,0,0,0.0,0.0,0.0,0.0,-0.02333333226852119,1,-0.02333333226852119
,academy_3_vs_1_with_keeper,123,collect_rollout,1253,0,20,-0.013333332724869251,False,False,0.0,0.0,0,0,0,0.0,0.0,0.0,0.0,-0.013333332724869251,1,-0.013333332724869251
,academy_3_vs_1_with_keeper,123,collect_rollout,1254,0,16,-0.006666666362434626,False,False,0.0,0.0,0,0,0,0.0,0.0,0.0,0.0,-0.006666666362434626,1,-0.006666666362434626
,academy_3_vs_1_with_keeper,123,collect_rollout,1255,0,15,-0.026666665682569146,False,False,0.0,0.0,0,0,0,0.0,0.0,0.0,0.0,-0.026666665682569146,1,-0.026666665682569146
,academy_3_vs_1_with_keeper,123,collect_rollout,1256,0,21,-0.029999998630955815,False,False,0.0,0.0,0,0,0,0.0,0.0,0.0,0.0,-0.029999998630955815,1,-0.029999998630955815
,academy_3_vs_1_with_keeper,123,collect_rollout,1257,0,10,0.033430153504014015,False,False,0.0,0.0,0,0,0,0.0,0.0,0.0,0.0,0.033430153504014015,1,0.033430153504014015
,academy_3_vs_1_with_keeper,123,collect_rollout,1258,0,11,0.035944157221820205,False,False,0.0,0.0,0,0,0,0.0,0.0,0.0,0.0,0.035944157221820205,1,0.035944157221820205
,academy_3_vs_1_with_keeper,123,collect_rollout,1259,0,20,-0.013333332724869251,False,False,0.0,0.0,0,0,0,0.0,0.0,0.0,0.0,-0.013333332724869251,1,-0.013333332724869251
,academy_3_vs_1_with_keeper,123,collect_rollout,1260,0,16,-0.029999998630955815,False,False,0.0,0.0,0,0,0,0.0,0.0,0.0,0.0,-0.029999998630955815,1,-0.029999998630955815
,academy_3_vs_1_with_keeper,123,collect_rollout,1261,0,22,-0.02333333226852119,False,False,0.0,0.0,0,0,0,0.0,0.0,0.0,0.0,-0.02333333226852119,1,-0.02333333226852119
,academy_3_vs_1_with_keeper,123,collect_rollout,1262,0,15,-0.003333333181217313,False,False,0.0,0.0,0,0,0,0.0,0.0,0.0,0.0,-0.003333333181217313,1,-0.003333333181217313
,academy_3_vs_1_with_keeper,123,collect_rollout,1263,0,16,-0.003333333181217313,False,False,0.0,0.0,0,0,0,0.0,0.0,0.0,0.0,-0.003333333181217313,1,-0.003333333181217313
,academy_3_vs_1_with_keeper,123,collect_rollout,1264,0,36,-0.012396138859912753,False,False,0.0,0.0,0,0,0,0.0,0.0,0.0,0.0,-0.012396138859912753,1,-0.012396138859912753
,academy_3_vs_1_with_keeper,123,collect_rollout,1265,0,17,-0.016666665906086564,False,False,0.0,0.0,0,0,0,0.0,0.0,0.0,0.0,-0.016666665906086564,1,-0.016666665906086564
,academy_3_vs_1_with_keeper,123,collect_rollout,1266,0,10,0.028999512316659093,False,False,0.0,0.0,0,0,0,0.0,0.0,0.0,0.0,0.028999512316659093,1,0.028999512316659093
,academy_3_vs_1_with_keeper,123,collect_rollout,1267,0,14,-0.009999999543651938,False,False,0.0,0.0,0,0,0,0.0,0.0,0.0,0.0,-0.009999999543651938,1,-0.009999999543651938
,academy_3_vs_1_with_keeper,123,collect_rollout,1268,0,10,0.03912841517012566,False,False,0.0,0.0,0,0,0,0.0,0.0,0.0,0.0,0.03912841517012566,1,0.03912841517012566
,academy_3_vs_1_with_keeper,123,collect_rollout,1269,0,17,-0.019999999087303877,False,False,0.0,0.0,0,0,0,0.0,0.0,0.0,0.0,-0.019999999087303877,1,-0.019999999087303877
,academy_3_vs_1_with_keeper,123,collect_rollout,1270,0,83,2.2205299146007746,False,False,0.0,0.0,0,0,0,0.0,0.0,0.0,0.0,2.2205299146007746,1,2.2205299146007746
,academy_3_vs_1_with_keeper,123,collect_rollout,1271,0,17,0.00927865318953991,False,False,0.0,0.0,0,0,0,0.0,0.0,0.0,0.0,0.00927865318953991,1,0.00927865318953991
,academy_3_vs_1_with_keeper,123,collect_rollout,1272,0,16,-0.019999999087303877,False,False,0.0,0.0,0,0,0,0.0,0.0,0.0,0.0,-0.019999999087303877,1,-0.019999999087303877
,academy_3_vs_1_with_keeper,123,collect_rollout,1273,0,17,-0.019999999087303877,False,False,0.0,0.0,0,0,0,0.0,0.0,0.0,0.0,-0.019999999087303877,1,-0.019999999087303877
,academy_3_vs_1_with_keeper,123,collect_rollout,1274,0,21,-0.019999999087303877,False,False,0.0,0.0,0,0,0,0.0,0.0,0.0,0.0,-0.019999999087303877,1,-0.019999999087303877
,academy_3_vs_1_with_keeper,123,collect_rollout,1275,0,16,-0.016666665906086564,False,False,0.0,0.0,0,0,0,0.0,0.0,0.0,0.0,-0.016666665906086564,1,-0.016666665906086564
,academy_3_vs_1_with_keeper,123,collect_rollout,1276,0,21,-0.016666665906086564,False,False,0.0,0.0,0,0,0,0.0,0.0,0.0,0.0,-0.016666665906086564,1,-0.016666665906086564
,academy_3_vs_1_with_keeper,123,collect_rollout,1277,0,45,0.10193458176217973,False,False,0.0,0.0,0,0,0,0.0,0.0,0.0,0.0,0.10193458176217973,1,0.10193458176217973
,academy_3_vs_1_with_keeper,123,collect_rollout,1278,0,22,-0.026666665449738503,False,False,0.0,0.0,0,0,0,0.0,0.0,0.0,0.0,-0.026666665449738503,1,-0.026666665449738503
,academy_3_vs_1_with_keeper,123,collect_rollout,1279,0,8,0.04252999660093337,False,False,0.0,0.0,0,0,0,0.0,0.0,0.0,0.0,0.04252999660093337,1,0.04252999660093337
,academy_3_vs_1_with_keeper,123,collect_rollout,1280,0,14,0.0152672283584252,False,False,0.0,0.0,0,0,0,0.0,0.0,0.0,0.0,0.0152672283584252,1,0.0152672283584252
,academy_3_vs_1_with_keeper,123,collect_rollout,1281,0,18,-0.019999999087303877,False,False,0.0,0.0,0,0,0,0.0,0.0,0.0,0.0,-0.019999999087303877,1,-0.019999999087303877
,academy_3_vs_1_with_keeper,123,collect_rollout,1282,0,97,-0.14373503264505416,False,False,0.0,0.0,0,0,0,0.0,0.0,0.0,0.0,-0.14373503264505416,1,-0.14373503264505416
,academy_3_vs_1_with_keeper,123,collect_rollout,1283,0,70,-0.10999999498017132,False,False,0.0,0.0,0,0,0,0.0,0.0,0.0,0.0,-0.10999999498017132,1,-0.10999999498017132
,academy_3_vs_1_with_keeper,123,collect_rollout,1284,0,18,-0.009999999543651938,False,False,0.0,0.0,0,0,0,0.0,0.0,0.0,0.0,-0.009999999543651938,1,-0.009999999543651938
,academy_3_vs_1_with_keeper,123,collect_rollout,1285,0,18,-0.013333332724869251,False,False,0.0,0.0,0,0,0,0.0,0.0,0.0,0.0,-0.013333332724869251,1,-0.013333332724869251
,academy_3_vs_1_with_keeper,123,collect_rollout,1286,0,14,0.014197226031683385,False,False,0.0,0.0,0,0,0,0.0,0.0,0.0,0.0,0.014197226031683385,1,0.014197226031683385
,academy_3_vs_1_with_keeper,123,collect_rollout,1287,0,16,-0.009999999543651938,False,False,0.0,0.0,0,0,0,0.0,0.0,0.0,0.0,-0.009999999543651938,1,-0.009999999543651938
,academy_3_vs_1_with_keeper,123,collect_rollout,1288,0,15,-0.013333332724869251,False,False,0.0,0.0,0,0,0,0.0,0.0,0.0,0.0,-0.013333332724869251,1,-0.013333332724869251
,academy_3_vs_1_with_keeper,123,collect_rollout,1289,0,16,-0.016666665906086564,False,False,0.0,0.0,0,0,0,0.0,0.0,0.0,0.0,-0.016666665906086564,1,-0.016666665906086564
,academy_3_vs_1_with_keeper,123,collect_rollout,1290,0,20,-0.016666665906086564,False,False,0.0,0.0,0,0,0,0.0,0.0,0.0,0.0,-0.016666665906086564,1,-0.016666665906086564
,academy_3_vs_1_with_keeper,123,collect_rollout,1291,0,56,0.09941262198844925,False,False,0.0,0.0,0,0,0,0.0,0.0,0.0,0.0,0.09941262198844925,1,0.09941262198844925
,academy_3_vs_1_with_keeper,123,collect_rollout,1292,0,15,-0.016666665906086564,False,False,0.0,0.0,0,0,0,0.0,0.0,0.0,0.0,-0.016666665906086564,1,-0.016666665906086564
,academy_3_vs_1_with_keeper,123,collect_rollout,1293,0,9,0.033465462271124125,False,False,0.0,0.0,0,0,0,0.0,0.0,0.0,0.0,0.033465462271124125,1,0.033465462271124125
,academy_3_vs_1_with_keeper,123,collect_rollout,1294,0,54,-0.04333333135582507,False,False,0.0,0.0,0,0,0,0.0,0.0,0.0,0.0,-0.04333333135582507,1,-0.04333333135582507
,academy_3_vs_1_with_keeper,123,collect_rollout,1295,0,14,-0.006666666362434626,False,False,0.0,0.0,0,0,0,0.0,0.0,0.0,0.0,-0.006666666362434626,1,-0.006666666362434626
,academy_3_vs_1_with_keeper,123,collect_rollout,1296,0,19,-0.02333333226852119,False,False,0.0,0.0,0,0,0,0.0,0.0,0.0,0.0,-0.02333333226852119,1,-0.02333333226852119
,academy_3_vs_1_with_keeper,123,collect_rollout,1297,0,20,-0.009999999543651938,False,False,0.0,0.0,0,0,0,0.0,0.0,0.0,0.0,-0.009999999543651938,1,-0.009999999543651938
,academy_3_vs_1_with_keeper,123,collect_rollout,1298,0,90,0.018419825632008724,False,False,0.0,0.0,0,0,0,0.0,0.0,0.0,0.0,0.018419825632008724,1,0.018419825632008724
,academy_3_vs_1_with_keeper,123,collect_rollout,1299,0,93,0.061581215588375926,False,False,0.0,0.0,0,0,0,0.0,0.0,0.0,0.0,0.061581215588375926,1,0.061581215588375926
,academy_3_vs_1_with_keeper,123,collect_rollout,1300,0,16,-0.013333332724869251,False,False,0.0,0.0,0,0,0,0.0,0.0,0.0,0.0,-0.013333332724869251,1,-0.013333332724869251
,academy_3_vs_1_with_keeper,123,collect_rollout,1301,0,20,-0.016666665906086564,False,False,0.0,0.0,0,0,0,0.0,0.0,0.0,0.0,-0.016666665906086564,1,-0.016666665906086564
,academy_3_vs_1_with_keeper,123,collect_rollout,1302,0,15,-0.009999999543651938,False,False,0.0,0.0,0,0,0,0.0,0.0,0.0,0.0,-0.009999999543651938,1,-0.009999999543651938
,academy_3_vs_1_with_keeper,123,collect_rollout,1303,0,24,0.1376718315295875,False,False,0.0,0.0,0,0,0,0.0,0.0,0.0,0.0,0.1376718315295875,1,0.1376718315295875
,academy_3_vs_1_with_keeper,123,collect_rollout,1304,0,22,2.1350972913205624,False,False,0.0,0.0,0,0,0,0.0,0.0,0.0,0.0,2.1350972913205624,1,2.1350972913205624
,academy_3_vs_1_with_keeper,123,collect_rollout,1305,0,21,-0.029999998630955815,False,False,0.0,0.0,0,0,0,0.0,0.0,0.0,0.0,-0.029999998630955815,1,-0.029999998630955815
,academy_3_vs_1_with_keeper,123,collect_rollout,1306,0,22,-0.016666665906086564,False,False,0.0,0.0,0,0,0,0.0,0.0,0.0,0.0,-0.016666665906086564,1,-0.016666665906086564
,academy_3_vs_1_with_keeper,123,collect_rollout,1307,0,17,-0.009999999543651938,False,False,0.0,0.0,0,0,0,0.0,0.0,0.0,0.0,-0.009999999543651938,1,-0.009999999543651938
,academy_3_vs_1_with_keeper,123,collect_rollout,1308,0,21,-0.019999999087303877,False,False,0.0,0.0,0,0,0,0.0,0.0,0.0,0.0,-0.019999999087303877,1,-0.019999999087303877
,academy_3_vs_1_with_keeper,123,collect_rollout,1309,0,55,2.037451750773471,False,False,0.0,0.0,0,0,0,0.0,0.0,0.0,0.0,2.037451750773471,1,2.037451750773471
,academy_3_vs_1_with_keeper,123,collect_rollout,1310,0,15,-0.016666665906086564,False,False,0.0,0.0,0,0,0,0.0,0.0,0.0,0.0,-0.016666665906086564,1,-0.016666665906086564
,academy_3_vs_1_with_keeper,123,collect_rollout,1311,0,24,-0.02333333226852119,False,False,0.0,0.0,0,0,0,0.0,0.0,0.0,0.0,-0.02333333226852119,1,-0.02333333226852119
,academy_3_vs_1_with_keeper,123,collect_rollout,1312,0,21,-0.009999999543651938,False,False,0.0,0.0,0,0,0,0.0,0.0,0.0,0.0,-0.009999999543651938,1,-0.009999999543651938
,academy_3_vs_1_with_keeper,123,collect_rollout,1313,0,12,0.02732363878749311,False,False,0.0,0.0,0,0,0,0.0,0.0,0.0,0.0,0.02732363878749311,1,0.02732363878749311
,academy_3_vs_1_with_keeper,123,collect_rollout,1314,0,36,-0.039999998174607754,False,False,0.0,0.0,0,0,0,0.0,0.0,0.0,0.0,-0.039999998174607754,1,-0.039999998174607754
,academy_3_vs_1_with_keeper,123,collect_rollout,1315,0,86,0.0797202555986587,False,False,0.0,0.0,0,0,0,0.0,0.0,0.0,0.0,0.0797202555986587,1,0.0797202555986587
,academy_3_vs_1_with_keeper,123,collect_rollout,1316,0,19,-0.026666665449738503,False,False,0.0,0.0,0,0,0,0.0,0.0,0.0,0.0,-0.026666665449738503,1,-0.026666665449738503
,academy_3_vs_1_with_keeper,123,collect_rollout,1317,0,14,0.007234991222503595,False,False,0.0,0.0,0,0,0,0.0,0.0,0.0,0.0,0.007234991222503595,1,0.007234991222503595
,academy_3_vs_1_with_keeper,123,collect_rollout,1318,0,7,0.04854704195167869,False,False,0.0,0.0,0,0,0,0.0,0.0,0.0,0.0,0.04854704195167869,1,0.04854704195167869
,academy_3_vs_1_with_keeper,123,collect_rollout,1319,0,14,-0.016666665906086564,False,False,0.0,0.0,0,0,0,0.0,0.0,0.0,0.0,-0.016666665906086564,1,-0.016666665906086564
,academy_3_vs_1_with_keeper,123,collect_rollout,1320,0,21,-0.006666666362434626,False,False,0.0,0.0,0,0,0,0.0,0.0,0.0,0.0,-0.006666666362434626,1,-0.006666666362434626
,academy_3_vs_1_with_keeper,123,collect_rollout,1321,0,23,-0.003333333181217313,False,False,0.0,0.0,0,0,0,0.0,0.0,0.0,0.0,-0.003333333181217313,1,-0.003333333181217313
,academy_3_vs_1_with_keeper,123,collect_rollout,1322,0,8,0.032056456664577127,False,False,0.0,0.0,0,0,0,0.0,0.0,0.0,0.0,0.032056456664577127,1,0.032056456664577127
,academy_3_vs_1_with_keeper,123,collect_rollout,1323,0,83,1.8491534718777984,False,False,0.0,0.0,0,0,0,0.0,0.0,0.0,0.0,1.8491534718777984,1,1.8491534718777984
,academy_3_vs_1_with_keeper,123,collect_rollout,1324,0,20,0.005344359087757766,False,False,0.0,0.0,0,0,0,0.0,0.0,0.0,0.0,0.005344359087757766,1,0.005344359087757766
,academy_3_vs_1_with_keeper,123,collect_rollout,1325,0,19,-0.013333332724869251,False,False,0.0,0.0,0,0,0,0.0,0.0,0.0,0.0,-0.013333332724869251,1,-0.013333332724869251
,academy_3_vs_1_with_keeper,123,collect_rollout,1326,0,32,2.132874656119384,False,False,0.0,0.0,0,0,0,0.0,0.0,0.0,0.0,2.132874656119384,1,2.132874656119384
,academy_3_vs_1_with_keeper,123,collect_rollout,1327,0,17,-0.016666665906086564,False,False,0.0,0.0,0,0,0,0.0,0.0,0.0,0.0,-0.016666665906086564,1,-0.016666665906086564
,academy_3_vs_1_with_keeper,123,collect_rollout,1328,0,17,-0.003333333181217313,False,False,0.0,0.0,0,0,0,0.0,0.0,0.0,0.0,-0.003333333181217313,1,-0.003333333181217313
,academy_3_vs_1_with_keeper,123,collect_rollout,1329,0,19,-0.019999999087303877,False,False,0.0,0.0,0,0,0,0.0,0.0,0.0,0.0,-0.019999999087303877,1,-0.019999999087303877
,academy_3_vs_1_with_keeper,123,collect_rollout,1330,0,27,2.138735744403675,False,False,0.0,0.0,0,0,0,0.0,0.0,0.0,0.0,2.138735744403675,1,2.138735744403675
,academy_3_vs_1_with_keeper,123,collect_rollout,1331,0,17,-0.03333333181217313,False,False,0.0,0.0,0,0,0,0.0,0.0,0.0,0.0,-0.03333333181217313,1,-0.03333333181217313
,academy_3_vs_1_with_keeper,123,collect_rollout,1332,0,56,0.28574731678236276,False,False,0.0,0.0,0,0,0,0.0,0.0,0.0,0.0,0.28574731678236276,1,0.28574731678236276
,academy_3_vs_1_with_keeper,123,collect_rollout,1333,0,16,-0.019999999087303877,False,False,0.0,0.0,0,0,0,0.0,0.0,0.0,0.0,-0.019999999087303877,1,-0.019999999087303877
,academy_3_vs_1_with_keeper,123,collect_rollout,1334,0,39,0.049660455668345094,False,False,0.0,0.0,0,0,0,0.0,0.0,0.0,0.0,0.049660455668345094,1,0.049660455668345094
,academy_3_vs_1_with_keeper,123,collect_rollout,1335,0,42,-0.03156917926389724,False,False,0.0,0.0,0,0,0,0.0,0.0,0.0,0.0,-0.03156917926389724,1,-0.03156917926389724
,academy_3_vs_1_with_keeper,123,collect_rollout,1336,0,17,-0.016666665906086564,False,False,0.0,0.0,0,0,0,0.0,0.0,0.0,0.0,-0.016666665906086564,1,-0.016666665906086564
,academy_3_vs_1_with_keeper,123,collect_rollout,1337,0,21,-0.016666665906086564,False,False,0.0,0.0,0,0,0,0.0,0.0,0.0,0.0,-0.016666665906086564,1,-0.016666665906086564
,academy_3_vs_1_with_keeper,123,collect_rollout,1338,0,21,-0.009999999543651938,False,False,0.0,0.0,0,0,0,0.0,0.0,0.0,0.0,-0.009999999543651938,1,-0.009999999543651938
,academy_3_vs_1_with_keeper,123,collect_rollout,1339,0,20,-0.016666665906086564,False,False,0.0,0.0,0,0,0,0.0,0.0,0.0,0.0,-0.016666665906086564,1,-0.016666665906086564
,academy_3_vs_1_with_keeper,123,collect_rollout,1340,0,18,-0.019999999087303877,False,False,0.0,0.0,0,0,0,0.0,0.0,0.0,0.0,-0.019999999087303877,1,-0.019999999087303877
,academy_3_vs_1_with_keeper,123,collect_rollout,1341,0,15,-0.006666666362434626,False,False,0.0,0.0,0,0,0,0.0,0.0,0.0,0.0,-0.006666666362434626,1,-0.006666666362434626
,academy_3_vs_1_with_keeper,123,collect_rollout,1342,0,80,-0.08750410692300647,False,False,0.0,0.0,0,0,0,0.0,0.0,0.0,0.0,-0.08750410692300647,1,-0.08750410692300647
,academy_3_vs_1_with_keeper,123,collect_rollout,1343,0,20,-0.003333333181217313,False,False,0.0,0.0,0,0,0,0.0,0.0,0.0,0.0,-0.003333333181217313,1,-0.003333333181217313
,academy_3_vs_1_with_keeper,123,collect_rollout,1344,0,21,-0.003333333181217313,False,False,0.0,0.0,0,0,0,0.0,0.0,0.0,0.0,-0.003333333181217313,1,-0.003333333181217313
,academy_3_vs_1_with_keeper,123,collect_rollout,1345,0,15,-0.009999999543651938,False,False,0.0,0.0,0,0,0,0.0,0.0,0.0,0.0,-0.009999999543651938,1,-0.009999999543651938
,academy_3_vs_1_with_keeper,123,collect_rollout,1346,0,83,0.011807804345153272,False,False,0.0,0.0,0,0,0,0.0,0.0,0.0,0.0,0.011807804345153272,1,0.011807804345153272
,academy_3_vs_1_with_keeper,123,collect_rollout,1347,0,21,-0.016666665906086564,False,False,0.0,0.0,0,0,0,0.0,0.0,0.0,0.0,-0.016666665906086564,1,-0.016666665906086564
,academy_3_vs_1_with_keeper,123,collect_rollout,1348,0,10,0.04094900831114501,False,False,0.0,0.0,0,0,0,0.0,0.0,0.0,0.0,0.04094900831114501,1,0.04094900831114501
,academy_3_vs_1_with_keeper,123,collect_rollout,1349,0,21,-0.009999999543651938,False,False,0.0,0.0,0,0,0,0.0,0.0,0.0,0.0,-0.009999999543651938,1,-0.009999999543651938
,academy_3_vs_1_with_keeper,123,collect_rollout,1350,0,48,2.071638546185568,False,False,0.0,0.0,0,0,0,0.0,0.0,0.0,0.0,2.071638546185568,1,2.071638546185568
,academy_3_vs_1_with_keeper,123,collect_rollout,1351,0,18,2.1565644252114,False,False,0.0,0.0,0,0,0,0.0,0.0,0.0,0.0,2.1565644252114,1,2.1565644252114
,academy_3_vs_1_with_keeper,123,collect_rollout,1352,0,9,0.029280275688506663,False,False,0.0,0.0,0,0,0,0.0,0.0,0.0,0.0,0.029280275688506663,1,0.029280275688506663
,academy_3_vs_1_with_keeper,123,collect_rollout,1353,0,12,0.03264335193671286,False,False,0.0,0.0,0,0,0,0.0,0.0,0.0,0.0,0.03264335193671286,1,0.03264335193671286
,academy_3_vs_1_with_keeper,123,collect_rollout,1354,0,17,-0.009999999543651938,False,False,0.0,0.0,0,0,0,0.0,0.0,0.0,0.0,-0.009999999543651938,1,-0.009999999543651938
,academy_3_vs_1_with_keeper,123,collect_rollout,1355,0,43,2.110022685053991,False,False,0.0,0.0,0,0,0,0.0,0.0,0.0,0.0,2.110022685053991,1,2.110022685053991
,academy_3_vs_1_with_keeper,123,collect_rollout,1356,0,15,-0.013333332724869251,False,False,0.0,0.0,0,0,0,0.0,0.0,0.0,0.0,-0.013333332724869251,1,-0.013333332724869251
,academy_3_vs_1_with_keeper,123,collect_rollout,1357,0,19,-0.005059745744802058,False,False,0.0,0.0,0,0,0,0.0,0.0,0.0,0.0,-0.005059745744802058,1,-0.005059745744802058
,academy_3_vs_1_with_keeper,123,collect_rollout,1358,0,16,0.011677935253828764,False,False,0.0,0.0,0,0,0,0.0,0.0,0.0,0.0,0.011677935253828764,1,0.011677935253828764
,academy_3_vs_1_with_keeper,123,collect_rollout,1359,0,1801,-1.5857717719627544,False,False,0.0,0.0,0,0,0,0.0,0.0,0.0,0.0,-1.5857717719627544,1,-1.5857717719627544
,academy_3_vs_1_with_keeper,123,collect_rollout,1360,0,22,-0.009999999543651938,False,False,0.0,0.0,0,0,0,0.0,0.0,0.0,0.0,-0.009999999543651938,1,-0.009999999543651938
,academy_3_vs_1_with_keeper,123,collect_rollout,1361,0,15,-0.016666665906086564,False,False,0.0,0.0,0,0,0,0.0,0.0,0.0,0.0,-0.016666665906086564,1,-0.016666665906086564
,academy_3_vs_1_with_keeper,123,collect_rollout,1362,0,20,-0.003333333181217313,False,False,0.0,0.0,0,0,0,0.0,0.0,0.0,0.0,-0.003333333181217313,1,-0.003333333181217313
,academy_3_vs_1_with_keeper,123,collect_rollout,1363,0,11,0.028392466832883656,False,False,0.0,0.0,0,0,0,0.0,0.0,0.0,0.0,0.028392466832883656,1,0.028392466832883656
,academy_3_vs_1_with_keeper,123,collect_rollout,1364,0,13,0.00916299014352262,False,False,0.0,0.0,0,0,0,0.0,0.0,0.0,0.0,0.00916299014352262,1,0.00916299014352262
,academy_3_vs_1_with_keeper,123,collect_rollout,1365,0,15,-0.013333332724869251,False,False,0.0,0.0,0,0,0,0.0,0.0,0.0,0.0,-0.013333332724869251,1,-0.013333332724869251
,academy_3_vs_1_with_keeper,123,collect_rollout,1366,0,14,-0.009999999543651938,False,False,0.0,0.0,0,0,0,0.0,0.0,0.0,0.0,-0.009999999543651938,1,-0.009999999543651938
,academy_3_vs_1_with_keeper,123,collect_rollout,1367,0,14,0.004746282764244825,False,False,0.0,0.0,0,0,0,0.0,0.0,0.0,0.0,0.004746282764244825,1,0.004746282764244825
,academy_3_vs_1_with_keeper,123,collect_rollout,1368,0,14,0.01991462055593729,False,False,0.0,0.0,0,0,0,0.0,0.0,0.0,0.0,0.01991462055593729,1,0.01991462055593729
,academy_3_vs_1_with_keeper,123,collect_rollout,1369,0,27,2.128343792632222,False,False,0.0,0.0,0,0,0,0.0,0.0,0.0,0.0,2.128343792632222,1,2.128343792632222
,academy_3_vs_1_with_keeper,123,collect_rollout,1370,0,18,0.0,False,False,0.0,0.0,0,0,0,0.0,0.0,0.0,0.0,0.0,1,0.0
,academy_3_vs_1_with_keeper,123,collect_rollout,1371,0,83,0.10384119104128331,False,False,0.0,0.0,0,0,0,0.0,0.0,0.0,0.0,0.10384119104128331,1,0.10384119104128331
,academy_3_vs_1_with_keeper,123,collect_rollout,1372,0,16,-0.009999999543651938,False,False,0.0,0.0,0,0,0,0.0,0.0,0.0,0.0,-0.009999999543651938,1,-0.009999999543651938
,academy_3_vs_1_with_keeper,123,collect_rollout,1373,0,17,-0.009999999543651938,False,False,0.0,0.0,0,0,0,0.0,0.0,0.0,0.0,-0.009999999543651938,1,-0.009999999543651938
,academy_3_vs_1_with_keeper,123,collect_rollout,1374,0,51,0.06087645568186417,False,False,0.0,0.0,0,0,0,0.0,0.0,0.0,0.0,0.06087645568186417,1,0.06087645568186417
,academy_3_vs_1_with_keeper,123,collect_rollout,1375,0,42,0.10318473793449812,False,False,0.0,0.0,0,0,0,0.0,0.0,0.0,0.0,0.10318473793449812,1,0.10318473793449812
,academy_3_vs_1_with_keeper,123,collect_rollout,1376,0,16,-0.016666665906086564,False,False,0.0,0.0,0,0,0,0.0,0.0,0.0,0.0,-0.016666665906086564,1,-0.016666665906086564
,academy_3_vs_1_with_keeper,123,collect_rollout,1377,0,36,-0.02232192235533148,False,False,0.0,0.0,0,0,0,0.0,0.0,0.0,0.0,-0.02232192235533148,1,-0.02232192235533148
,academy_3_vs_1_with_keeper,123,collect_rollout,1378,0,11,0.027299058390781283,False,False,0.0,0.0,0,0,0,0.0,0.0,0.0,0.0,0.027299058390781283,1,0.027299058390781283
,academy_3_vs_1_with_keeper,123,collect_rollout,1379,0,65,-0.1643503934610635,False,False,0.0,0.0,0,0,0,0.0,0.0,0.0,0.0,-0.1643503934610635,1,-0.1643503934610635
,academy_3_vs_1_with_keeper,123,collect_rollout,1380,0,20,-0.013333332724869251,False,False,0.0,0.0,0,0,0,0.0,0.0,0.0,0.0,-0.013333332724869251,1,-0.013333332724869251
,academy_3_vs_1_with_keeper,123,collect_rollout,1381,0,23,-0.016666665906086564,False,False,0.0,0.0,0,0,0,0.0,0.0,0.0,0.0,-0.016666665906086564,1,-0.016666665906086564
,academy_3_vs_1_with_keeper,123,collect_rollout,1382,0,38,0.09473720064852387,False,False,0.0,0.0,0,0,0,0.0,0.0,0.0,0.0,0.09473720064852387,1,0.09473720064852387
,academy_3_vs_1_with_keeper,123,collect_rollout,1383,0,39,2.1302657332271338,False,False,0.0,0.0,0,0,0,0.0,0.0,0.0,0.0,2.1302657332271338,1,2.1302657332271338
,academy_3_vs_1_with_keeper,123,collect_rollout,1384,0,31,2.1574990451335907,False,False,0.0,0.0,0,0,0,0.0,0.0,0.0,0.0,2.1574990451335907,1,2.1574990451335907
,academy_3_vs_1_with_keeper,123,collect_rollout,1385,0,19,-0.0184884590562433,False,False,0.0,0.0,0,0,0,0.0,0.0,0.0,0.0,-0.0184884590562433,1,-0.0184884590562433
,academy_3_vs_1_with_keeper,123,collect_rollout,1386,0,32,2.1307457920047455,False,False,0.0,0.0,0,0,0,0.0,0.0,0.0,0.0,2.1307457920047455,1,2.1307457920047455
,academy_3_vs_1_with_keeper,123,collect_rollout,1387,0,10,0.023123159306123853,False,False,0.0,0.0,0,0,0,0.0,0.0,0.0,0.0,0.023123159306123853,1,0.023123159306123853
,academy_3_vs_1_with_keeper,123,collect_rollout,1388,0,16,-0.016666665906086564,False,False,0.0,0.0,0,0,0,0.0,0.0,0.0,0.0,-0.016666665906086564,1,-0.016666665906086564
,academy_3_vs_1_with_keeper,123,collect_rollout,1389,0,41,0.09349859692156315,False,False,0.0,0.0,0,0,0,0.0,0.0,0.0,0.0,0.09349859692156315,1,0.09349859692156315
,academy_3_vs_1_with_keeper,123,collect_rollout,1390,0,23,-0.016666665906086564,False,False,0.0,0.0,0,0,0,0.0,0.0,0.0,0.0,-0.016666665906086564,1,-0.016666665906086564
,academy_3_vs_1_with_keeper,123,collect_rollout,1391,0,23,-0.013333332724869251,False,False,0.0,0.0,0,0,0,0.0,0.0,0.0,0.0,-0.013333332724869251,1,-0.013333332724869251
,academy_3_vs_1_with_keeper,123,collect_rollout,1392,0,56,0.026216357364319265,False,False,0.0,0.0,0,0,0,0.0,0.0,0.0,0.0,0.026216357364319265,1,0.026216357364319265
,academy_3_vs_1_with_keeper,123,collect_rollout,1393,0,19,-0.016666665906086564,False,False,0.0,0.0,0,0,0,0.0,0.0,0.0,0.0,-0.016666665906086564,1,-0.016666665906086564
,academy_3_vs_1_with_keeper,123,collect_rollout,1394,0,103,-0.3030954146524891,False,False,0.0,0.0,0,0,0,0.0,0.0,0.0,0.0,-0.3030954146524891,1,-0.3030954146524891
,academy_3_vs_1_with_keeper,123,collect_rollout,1395,0,9,0.02892428869381547,False,False,0.0,0.0,0,0,0,0.0,0.0,0.0,0.0,0.02892428869381547,1,0.02892428869381547
,academy_3_vs_1_with_keeper,123,collect_rollout,1396,0,16,-0.013333332724869251,False,False,0.0,0.0,0,0,0,0.0,0.0,0.0,0.0,-0.013333332724869251,1,-0.013333332724869251
,academy_3_vs_1_with_keeper,123,collect_rollout,1397,0,52,-0.04819107404910028,False,False,0.0,0.0,0,0,0,0.0,0.0,0.0,0.0,-0.04819107404910028,1,-0.04819107404910028
,academy_3_vs_1_with_keeper,123,collect_rollout,1398,0,20,-0.013333332724869251,False,False,0.0,0.0,0,0,0,0.0,0.0,0.0,0.0,-0.013333332724869251,1,-0.013333332724869251
,academy_3_vs_1_with_keeper,123,collect_rollout,1399,0,21,-0.016666665906086564,False,False,0.0,0.0,0,0,0,0.0,0.0,0.0,0.0,-0.016666665906086564,1,-0.016666665906086564
,academy_3_vs_1_with_keeper,123,collect_rollout,1400,0,19,-0.02333333226852119,False,False,0.0,0.0,0,0,0,0.0,0.0,0.0,0.0,-0.02333333226852119,1,-0.02333333226852119
,academy_3_vs_1_with_keeper,123,collect_rollout,1401,0,53,-0.05192113562952727,False,False,0.0,0.0,0,0,0,0.0,0.0,0.0,0.0,-0.05192113562952727,1,-0.05192113562952727
,academy_3_vs_1_with_keeper,123,collect_rollout,1402,0,21,-0.02333333226852119,False,False,0.0,0.0,0,0,0,0.0,0.0,0.0,0.0,-0.02333333226852119,1,-0.02333333226852119
,academy_3_vs_1_with_keeper,123,collect_rollout,1403,0,18,2.153349034488201,False,False,0.0,0.0,0,0,0,0.0,0.0,0.0,0.0,2.153349034488201,1,2.153349034488201
,academy_3_vs_1_with_keeper,123,collect_rollout,1404,0,99,0.09112666826695204,False,False,0.0,0.0,0,0,0,0.0,0.0,0.0,0.0,0.09112666826695204,1,0.09112666826695204
,academy_3_vs_1_with_keeper,123,collect_rollout,1405,0,15,-0.013333332724869251,False,False,0.0,0.0,0,0,0,0.0,0.0,0.0,0.0,-0.013333332724869251,1,-0.013333332724869251
,academy_3_vs_1_with_keeper,123,collect_rollout,1406,0,20,-0.003333333181217313,False,False,0.0,0.0,0,0,0,0.0,0.0,0.0,0.0,-0.003333333181217313,1,-0.003333333181217313
,academy_3_vs_1_with_keeper,123,collect_rollout,1407,0,17,-0.003333333181217313,False,False,0.0,0.0,0,0,0,0.0,0.0,0.0,0.0,-0.003333333181217313,1,-0.003333333181217313
,academy_3_vs_1_with_keeper,123,collect_rollout,1408,0,18,-0.02333333226852119,False,False,0.0,0.0,0,0,0,0.0,0.0,0.0,0.0,-0.02333333226852119,1,-0.02333333226852119
,academy_3_vs_1_with_keeper,123,collect_rollout,1409,0,15,-0.019999999087303877,False,False,0.0,0.0,0,0,0,0.0,0.0,0.0,0.0,-0.019999999087303877,1,-0.019999999087303877
,academy_3_vs_1_with_keeper,123,collect_rollout,1410,0,12,0.015228227362968028,False,False,0.0,0.0,0,0,0,0.0,0.0,0.0,0.0,0.015228227362968028,1,0.015228227362968028
,academy_3_vs_1_with_keeper,123,collect_rollout,1411,0,18,-0.013333332724869251,False,False,0.0,0.0,0,0,0,0.0,0.0,0.0,0.0,-0.013333332724869251,1,-0.013333332724869251
,academy_3_vs_1_with_keeper,123,collect_rollout,1412,0,45,2.0595190289022867,False,False,0.0,0.0,0,0,0,0.0,0.0,0.0,0.0,2.0595190289022867,1,2.0595190289022867
,academy_3_vs_1_with_keeper,123,collect_rollout,1413,0,14,-0.013333332724869251,False,False,0.0,0.0,0,0,0,0.0,0.0,0.0,0.0,-0.013333332724869251,1,-0.013333332724869251
,academy_3_vs_1_with_keeper,123,collect_rollout,1414,0,17,-0.02333333226852119,False,False,0.0,0.0,0,0,0,0.0,0.0,0.0,0.0,-0.02333333226852119,1,-0.02333333226852119
,academy_3_vs_1_with_keeper,123,collect_rollout,1415,0,56,2.024118240136886,False,False,0.0,0.0,0,0,0,0.0,0.0,0.0,0.0,2.024118240136886,1,2.024118240136886
,academy_3_vs_1_with_keeper,123,collect_rollout,1416,0,22,-0.013333332724869251,False,False,0.0,0.0,0,0,0,0.0,0.0,0.0,0.0,-0.013333332724869251,1,-0.013333332724869251
,academy_3_vs_1_with_keeper,123,collect_rollout,1417,0,19,-0.009999999543651938,False,False,0.0,0.0,0,0,0,0.0,0.0,0.0,0.0,-0.009999999543651938,1,-0.009999999543651938
,academy_3_vs_1_with_keeper,123,collect_rollout,1418,0,17,-0.009999999543651938,False,False,0.0,0.0,0,0,0,0.0,0.0,0.0,0.0,-0.009999999543651938,1,-0.009999999543651938
,academy_3_vs_1_with_keeper,123,collect_rollout,1419,0,32,2.134308819193393,False,False,0.0,0.0,0,0,0,0.0,0.0,0.0,0.0,2.134308819193393,1,2.134308819193393
,academy_3_vs_1_with_keeper,123,collect_rollout,1420,0,20,-0.009999999543651938,False,False,0.0,0.0,0,0,0,0.0,0.0,0.0,0.0,-0.009999999543651938,1,-0.009999999543651938
,academy_3_vs_1_with_keeper,123,collect_rollout,1421,0,17,-0.009999999543651938,False,False,0.0,0.0,0,0,0,0.0,0.0,0.0,0.0,-0.009999999543651938,1,-0.009999999543651938
,academy_3_vs_1_with_keeper,123,collect_rollout,1422,0,21,-0.02333333226852119,False,False,0.0,0.0,0,0,0,0.0,0.0,0.0,0.0,-0.02333333226852119,1,-0.02333333226852119
,academy_3_vs_1_with_keeper,123,collect_rollout,1423,0,18,-0.016666665906086564,False,False,0.0,0.0,0,0,0,0.0,0.0,0.0,0.0,-0.016666665906086564,1,-0.016666665906086564
,academy_3_vs_1_with_keeper,123,collect_rollout,1424,0,19,-0.02333333226852119,False,False,0.0,0.0,0,0,0,0.0,0.0,0.0,0.0,-0.02333333226852119,1,-0.02333333226852119
,academy_3_vs_1_with_keeper,123,collect_rollout,1425,0,18,-0.016666665906086564,False,False,0.0,0.0,0,0,0,0.0,0.0,0.0,0.0,-0.016666665906086564,1,-0.016666665906086564
,academy_3_vs_1_with_keeper,123,collect_rollout,1426,0,45,2.0729243280366063,False,False,0.0,0.0,0,0,0,0.0,0.0,0.0,0.0,2.0729243280366063,1,2.0729243280366063
,academy_3_vs_1_with_keeper,123,collect_rollout,1427,0,92,0.08018356538377702,False,False,0.0,0.0,0,0,0,0.0,0.0,0.0,0.0,0.08018356538377702,1,0.08018356538377702
,academy_3_vs_1_with_keeper,123,collect_rollout,1428,0,39,0.04988162583322264,False,False,0.0,0.0,0,0,0,0.0,0.0,0.0,0.0,0.04988162583322264,1,0.04988162583322264
,academy_3_vs_1_with_keeper,123,collect_rollout,1429,0,14,0.016364992363378406,False,False,0.0,0.0,0,0,0,0.0,0.0,0.0,0.0,0.016364992363378406,1,0.016364992363378406
,academy_3_vs_1_with_keeper,123,collect_rollout,1430,0,15,-0.003333333181217313,False,False,0.0,0.0,0,0,0,0.0,0.0,0.0,0.0,-0.003333333181217313,1,-0.003333333181217313
,academy_3_vs_1_with_keeper,123,collect_rollout,1431,0,18,-0.016666665906086564,False,False,0.0,0.0,0,0,0,0.0,0.0,0.0,0.0,-0.016666665906086564,1,-0.016666665906086564
,academy_3_vs_1_with_keeper,123,collect_rollout,1432,0,18,-0.013333332724869251,False,False,0.0,0.0,0,0,0,0.0,0.0,0.0,0.0,-0.013333332724869251,1,-0.013333332724869251
,academy_3_vs_1_with_keeper,123,collect_rollout,1433,0,16,-0.013333332724869251,False,False,0.0,0.0,0,0,0,0.0,0.0,0.0,0.0,-0.013333332724869251,1,-0.013333332724869251
,academy_3_vs_1_with_keeper,123,collect_rollout,1434,0,75,-0.16982529358938336,False,False,0.0,0.0,0,0,0,0.0,0.0,0.0,0.0,-0.16982529358938336,1,-0.16982529358938336
,academy_3_vs_1_with_keeper,123,collect_rollout,1435,0,21,-0.013333332724869251,False,False,0.0,0.0,0,0,0,0.0,0.0,0.0,0.0,-0.013333332724869251,1,-0.013333332724869251
,academy_3_vs_1_with_keeper,123,collect_rollout,1436,0,12,0.018538341159000993,False,False,0.0,0.0,0,0,0,0.0,0.0,0.0,0.0,0.018538341159000993,1,0.018538341159000993
,academy_3_vs_1_with_keeper,123,collect_rollout,1437,0,40,2.0969528308487497,False,False,0.0,0.0,0,0,0,0.0,0.0,0.0,0.0,2.0969528308487497,1,2.0969528308487497
,academy_3_vs_1_with_keeper,123,collect_rollout,1438,0,19,-0.013333332724869251,False,False,0.0,0.0,0,0,0,0.0,0.0,0.0,0.0,-0.013333332724869251,1,-0.013333332724869251
,academy_3_vs_1_with_keeper,123,collect_rollout,1439,0,91,0.06478533940389752,False,False,0.0,0.0,0,0,0,0.0,0.0,0.0,0.0,0.06478533940389752,1,0.06478533940389752
,academy_3_vs_1_with_keeper,123,collect_rollout,1440,0,95,-0.0038265272742137313,False,False,0.0,0.0,0,0,0,0.0,0.0,0.0,0.0,-0.0038265272742137313,1,-0.0038265272742137313
,academy_3_vs_1_with_keeper,123,collect_rollout,1441,0,19,-0.013333332724869251,False,False,0.0,0.0,0,0,0,0.0,0.0,0.0,0.0,-0.013333332724869251,1,-0.013333332724869251
,academy_3_vs_1_with_keeper,123,collect_rollout,1442,0,13,-0.003333333181217313,False,False,0.0,0.0,0,0,0,0.0,0.0,0.0,0.0,-0.003333333181217313,1,-0.003333333181217313
,academy_3_vs_1_with_keeper,123,collect_rollout,1443,0,41,0.11824877388426103,False,False,0.0,0.0,0,0,0,0.0,0.0,0.0,0.0,0.11824877388426103,1,0.11824877388426103
,academy_3_vs_1_with_keeper,123,collect_rollout,1444,0,19,-0.013333332724869251,False,False,0.0,0.0,0,0,0,0.0,0.0,0.0,0.0,-0.013333332724869251,1,-0.013333332724869251
,academy_3_vs_1_with_keeper,123,collect_rollout,1445,0,19,-0.006666666362434626,False,False,0.0,0.0,0,0,0,0.0,0.0,0.0,0.0,-0.006666666362434626,1,-0.006666666362434626
,academy_3_vs_1_with_keeper,123,collect_rollout,1446,0,17,-0.016666665906086564,False,False,0.0,0.0,0,0,0,0.0,0.0,0.0,0.0,-0.016666665906086564,1,-0.016666665906086564
,academy_3_vs_1_with_keeper,123,collect_rollout,1447,0,47,-0.02815881441347301,False,False,0.0,0.0,0,0,0,0.0,0.0,0.0,0.0,-0.02815881441347301,1,-0.02815881441347301
,academy_3_vs_1_with_keeper,123,collect_rollout,1448,0,18,-0.003333333181217313,False,False,0.0,0.0,0,0,0,0.0,0.0,0.0,0.0,-0.003333333181217313,1,-0.003333333181217313
,academy_3_vs_1_with_keeper,123,collect_rollout,1449,0,22,-0.003333333181217313,False,False,0.0,0.0,0,0,0,0.0,0.0,0.0,0.0,-0.003333333181217313,1,-0.003333333181217313
,academy_3_vs_1_with_keeper,123,collect_rollout,1450,0,14,-0.003333333181217313,False,False,0.0,0.0,0,0,0,0.0,0.0,0.0,0.0,-0.003333333181217313,1,-0.003333333181217313
,academy_3_vs_1_with_keeper,123,collect_rollout,1451,0,24,-0.016666665906086564,False,False,0.0,0.0,0,0,0,0.0,0.0,0.0,0.0,-0.016666665906086564,1,-0.016666665906086564
,academy_3_vs_1_with_keeper,123,collect_rollout,1452,0,19,-0.009999999543651938,False,False,0.0,0.0,0,0,0,0.0,0.0,0.0,0.0,-0.009999999543651938,1,-0.009999999543651938
,academy_3_vs_1_with_keeper,123,collect_rollout,1453,0,16,-8.387526031583548e-05,False,False,0.0,0.0,0,0,0,0.0,0.0,0.0,0.0,-8.387526031583548e-05,1,-8.387526031583548e-05
,academy_3_vs_1_with_keeper,123,collect_rollout,1454,0,20,-0.013333332724869251,False,False,0.0,0.0,0,0,0,0.0,0.0,0.0,0.0,-0.013333332724869251,1,-0.013333332724869251
,academy_3_vs_1_with_keeper,123,collect_rollout,1455,0,20,-0.009999999543651938,False,False,0.0,0.0,0,0,0,0.0,0.0,0.0,0.0,-0.009999999543651938,1,-0.009999999543651938
,academy_3_vs_1_with_keeper,123,collect_rollout,1456,0,16,0.005917225615121424,False,False,0.0,0.0,0,0,0,0.0,0.0,0.0,0.0,0.005917225615121424,1,0.005917225615121424
,academy_3_vs_1_with_keeper,123,collect_rollout,1457,0,20,-0.013333332724869251,False,False,0.0,0.0,0,0,0,0.0,0.0,0.0,0.0,-0.013333332724869251,1,-0.013333332724869251
,academy_3_vs_1_with_keeper,123,collect_rollout,1458,0,16,-0.02333333226852119,False,False,0.0,0.0,0,0,0,0.0,0.0,0.0,0.0,-0.02333333226852119,1,-0.02333333226852119
,academy_3_vs_1_with_keeper,123,collect_rollout,1459,0,19,-0.013333332724869251,False,False,0.0,0.0,0,0,0,0.0,0.0,0.0,0.0,-0.013333332724869251,1,-0.013333332724869251
,academy_3_vs_1_with_keeper,123,collect_rollout,1460,0,96,0.08944288815837353,False,False,0.0,0.0,0,0,0,0.0,0.0,0.0,0.0,0.08944288815837353,1,0.08944288815837353
,academy_3_vs_1_with_keeper,123,collect_rollout,1461,0,23,-0.016666665906086564,False,False,0.0,0.0,0,0,0,0.0,0.0,0.0,0.0,-0.016666665906086564,1,-0.016666665906086564
,academy_3_vs_1_with_keeper,123,collect_rollout,1462,0,17,0.01068610860966146,False,False,0.0,0.0,0,0,0,0.0,0.0,0.0,0.0,0.01068610860966146,1,0.01068610860966146
,academy_3_vs_1_with_keeper,123,collect_rollout,1463,0,21,-0.006666666362434626,False,False,0.0,0.0,0,0,0,0.0,0.0,0.0,0.0,-0.006666666362434626,1,-0.006666666362434626
,academy_3_vs_1_with_keeper,123,collect_rollout,1464,0,20,-0.003333333181217313,False,False,0.0,0.0,0,0,0,0.0,0.0,0.0,0.0,-0.003333333181217313,1,-0.003333333181217313
,academy_3_vs_1_with_keeper,123,collect_rollout,1465,0,16,-0.013333332724869251,False,False,0.0,0.0,0,0,0,0.0,0.0,0.0,0.0,-0.013333332724869251,1,-0.013333332724869251
,academy_3_vs_1_with_keeper,123,collect_rollout,1466,0,18,-0.016666665906086564,False,False,0.0,0.0,0,0,0,0.0,0.0,0.0,0.0,-0.016666665906086564,1,-0.016666665906086564
,academy_3_vs_1_with_keeper,123,collect_rollout,1467,0,81,-0.03671128203859553,False,False,0.0,0.0,0,0,0,0.0,0.0,0.0,0.0,-0.03671128203859553,1,-0.03671128203859553
,academy_3_vs_1_with_keeper,123,collect_rollout,1468,0,17,-0.009999999543651938,False,False,0.0,0.0,0,0,0,0.0,0.0,0.0,0.0,-0.009999999543651938,1,-0.009999999543651938
,academy_3_vs_1_with_keeper,123,collect_rollout,1469,0,10,0.034981427481397986,False,False,0.0,0.0,0,0,0,0.0,0.0,0.0,0.0,0.034981427481397986,1,0.034981427481397986
,academy_3_vs_1_with_keeper,123,collect_rollout,1470,0,20,-0.013333332724869251,False,False,0.0,0.0,0,0,0,0.0,0.0,0.0,0.0,-0.013333332724869251,1,-0.013333332724869251
,academy_3_vs_1_with_keeper,123,collect_rollout,1471,0,15,-0.016666665906086564,False,False,0.0,0.0,0,0,0,0.0,0.0,0.0,0.0,-0.016666665906086564,1,-0.016666665906086564
,academy_3_vs_1_with_keeper,123,collect_rollout,1472,0,36,0.07037240319186822,False,False,0.0,0.0,0,0,0,0.0,0.0,0.0,0.0,0.07037240319186822,1,0.07037240319186822
,academy_3_vs_1_with_keeper,123,collect_rollout,1473,0,90,0.04866988817229867,False,False,0.0,0.0,0,0,0,0.0,0.0,0.0,0.0,0.04866988817229867,1,0.04866988817229867
,academy_3_vs_1_with_keeper,123,collect_rollout,1474,0,22,-0.016666665906086564,False,False,0.0,0.0,0,0,0,0.0,0.0,0.0,0.0,-0.016666665906086564,1,-0.016666665906086564
,academy_3_vs_1_with_keeper,123,collect_rollout,1475,0,93,0.07840079686138779,False,False,0.0,0.0,0,0,0,0.0,0.0,0.0,0.0,0.07840079686138779,1,0.07840079686138779
,academy_3_vs_1_with_keeper,123,collect_rollout,1476,0,20,-0.019999999087303877,False,False,0.0,0.0,0,0,0,0.0,0.0,0.0,0.0,-0.019999999087303877,1,-0.019999999087303877
,academy_3_vs_1_with_keeper,123,collect_rollout,1477,0,16,-0.006666666362434626,False,False,0.0,0.0,0,0,0,0.0,0.0,0.0,0.0,-0.006666666362434626,1,-0.006666666362434626
,academy_3_vs_1_with_keeper,123,collect_rollout,1478,0,130,-0.29801853105891496,False,False,0.0,0.0,0,0,0,0.0,0.0,0.0,0.0,-0.29801853105891496,1,-0.29801853105891496
,academy_3_vs_1_with_keeper,123,collect_rollout,1479,0,16,-0.009999999543651938,False,False,0.0,0.0,0,0,0,0.0,0.0,0.0,0.0,-0.009999999543651938,1,-0.009999999543651938
,academy_3_vs_1_with_keeper,123,collect_rollout,1480,0,9,0.04457237245514989,False,False,0.0,0.0,0,0,0,0.0,0.0,0.0,0.0,0.04457237245514989,1,0.04457237245514989
,academy_3_vs_1_with_keeper,123,collect_rollout,1481,0,86,0.04362811893224716,False,False,0.0,0.0,0,0,0,0.0,0.0,0.0,0.0,0.04362811893224716,1,0.04362811893224716
,academy_3_vs_1_with_keeper,123,collect_rollout,1482,0,21,-0.026666665449738503,False,False,0.0,0.0,0,0,0,0.0,0.0,0.0,0.0,-0.026666665449738503,1,-0.026666665449738503
,academy_3_vs_1_with_keeper,123,collect_rollout,1483,0,15,-0.013333332724869251,False,False,0.0,0.0,0,0,0,0.0,0.0,0.0,0.0,-0.013333332724869251,1,-0.013333332724869251
,academy_3_vs_1_with_keeper,123,collect_rollout,1484,0,17,-0.003333333181217313,False,False,0.0,0.0,0,0,0,0.0,0.0,0.0,0.0,-0.003333333181217313,1,-0.003333333181217313
,academy_3_vs_1_with_keeper,123,collect_rollout,1485,0,19,-0.006666666362434626,False,False,0.0,0.0,0,0,0,0.0,0.0,0.0,0.0,-0.006666666362434626,1,-0.006666666362434626
,academy_3_vs_1_with_keeper,123,collect_rollout,1486,0,48,2.0411391861271113,False,False,0.0,0.0,0,0,0,0.0,0.0,0.0,0.0,2.0411391861271113,1,2.0411391861271113
,academy_3_vs_1_with_keeper,123,collect_rollout,1487,0,6,0.04587243450805545,False,False,0.0,0.0,0,0,0,0.0,0.0,0.0,0.0,0.04587243450805545,1,0.04587243450805545
,academy_3_vs_1_with_keeper,123,collect_rollout,1488,0,38,2.103635436404147,False,False,0.0,0.0,0,0,0,0.0,0.0,0.0,0.0,2.103635436404147,1,2.103635436404147
,academy_3_vs_1_with_keeper,123,collect_rollout,1489,0,7,0.0349937240825966,False,False,0.0,0.0,0,0,0,0.0,0.0,0.0,0.0,0.0349937240825966,1,0.0349937240825966
,academy_3_vs_1_with_keeper,123,collect_rollout,1490,0,18,-0.006666666362434626,False,False,0.0,0.0,0,0,0,0.0,0.0,0.0,0.0,-0.006666666362434626,1,-0.006666666362434626
,academy_3_vs_1_with_keeper,123,collect_rollout,1491,0,44,0.056378411944024265,False,False,0.0,0.0,0,0,0,0.0,0.0,0.0,0.0,0.056378411944024265,1,0.056378411944024265
,academy_3_vs_1_with_keeper,123,collect_rollout,1492,0,50,-0.04522179620107636,False,False,0.0,0.0,0,0,0,0.0,0.0,0.0,0.0,-0.04522179620107636,1,-0.04522179620107636
,academy_3_vs_1_with_keeper,123,collect_rollout,1493,0,13,0.022805147105827928,False,False,0.0,0.0,0,0,0,0.0,0.0,0.0,0.0,0.022805147105827928,1,0.022805147105827928
,academy_3_vs_1_with_keeper,123,collect_rollout,1494,0,16,-0.003333333181217313,False,False,0.0,0.0,0,0,0,0.0,0.0,0.0,0.0,-0.003333333181217313,1,-0.003333333181217313
,academy_3_vs_1_with_keeper,123,collect_rollout,1495,0,49,0.04418510087998584,False,False,0.0,0.0,0,0,0,0.0,0.0,0.0,0.0,0.04418510087998584,1,0.04418510087998584
,academy_3_vs_1_with_keeper,123,collect_rollout,1496,0,51,-0.04666666453704238,False,False,0.0,0.0,0,0,0,0.0,0.0,0.0,0.0,-0.04666666453704238,1,-0.04666666453704238
,academy_3_vs_1_with_keeper,123,collect_rollout,1497,0,65,-0.09506599244195968,False,False,0.0,0.0,0,0,0,0.0,0.0,0.0,0.0,-0.09506599244195968,1,-0.09506599244195968
,academy_3_vs_1_with_keeper,123,collect_rollout,1498,0,8,0.042878796928562224,False,False,0.0,0.0,0,0,0,0.0,0.0,0.0,0.0,0.042878796928562224,1,0.042878796928562224
,academy_3_vs_1_with_keeper,123,collect_rollout,1499,0,16,0.025800261879339814,False,False,0.0,0.0,0,0,0,0.0,0.0,0.0,0.0,0.025800261879339814,1,0.025800261879339814
,academy_3_vs_1_with_keeper,123,collect_rollout,1500,0,58,-0.11500985419843346,False,False,0.0,0.0,0,0,0,0.0,0.0,0.0,0.0,-0.11500985419843346,1,-0.11500985419843346
,academy_3_vs_1_with_keeper,123,collect_rollout,1501,0,19,-0.006666666362434626,False,False,0.0,0.0,0,0,0,0.0,0.0,0.0,0.0,-0.006666666362434626,1,-0.006666666362434626
,academy_3_vs_1_with_keeper,123,collect_rollout,1502,0,24,-0.02333333226852119,False,False,0.0,0.0,0,0,0,0.0,0.0,0.0,0.0,-0.02333333226852119,1,-0.02333333226852119
,academy_3_vs_1_with_keeper,123,collect_rollout,1503,0,23,-0.003333333181217313,False,False,0.0,0.0,0,0,0,0.0,0.0,0.0,0.0,-0.003333333181217313,1,-0.003333333181217313
,academy_3_vs_1_with_keeper,123,collect_rollout,1504,0,59,1.947950208093971,False,False,0.0,0.0,0,0,0,0.0,0.0,0.0,0.0,1.947950208093971,1,1.947950208093971
,academy_3_vs_1_with_keeper,123,collect_rollout,1505,0,20,-0.016666665906086564,False,False,0.0,0.0,0,0,0,0.0,0.0,0.0,0.0,-0.016666665906086564,1,-0.016666665906086564
,academy_3_vs_1_with_keeper,123,collect_rollout,1506,0,105,-0.2608363878680393,False,False,0.0,0.0,0,0,0,0.0,0.0,0.0,0.0,-0.2608363878680393,1,-0.2608363878680393
,academy_3_vs_1_with_keeper,123,collect_rollout,1507,0,62,-0.1382360067218542,False,False,0.0,0.0,0,0,0,0.0,0.0,0.0,0.0,-0.1382360067218542,1,-0.1382360067218542
,academy_3_vs_1_with_keeper,123,collect_rollout,1508,0,20,-0.003333333181217313,False,False,0.0,0.0,0,0,0,0.0,0.0,0.0,0.0,-0.003333333181217313,1,-0.003333333181217313
,academy_3_vs_1_with_keeper,123,collect_rollout,1509,0,21,-0.019999999087303877,False,False,0.0,0.0,0,0,0,0.0,0.0,0.0,0.0,-0.019999999087303877,1,-0.019999999087303877
,academy_3_vs_1_with_keeper,123,collect_rollout,1510,0,55,0.023610809817910194,False,False,0.0,0.0,0,0,0,0.0,0.0,0.0,0.0,0.023610809817910194,1,0.023610809817910194
,academy_3_vs_1_with_keeper,123,collect_rollout,1511,0,17,-0.013333332724869251,False,False,0.0,0.0,0,0,0,0.0,0.0,0.0,0.0,-0.013333332724869251,1,-0.013333332724869251
,academy_3_vs_1_with_keeper,123,collect_rollout,1512,0,13,0.027649798546917737,False,False,0.0,0.0,0,0,0,0.0,0.0,0.0,0.0,0.027649798546917737,1,0.027649798546917737
,academy_3_vs_1_with_keeper,123,collect_rollout,1513,0,17,-0.009999999543651938,False,False,0.0,0.0,0,0,0,0.0,0.0,0.0,0.0,-0.009999999543651938,1,-0.009999999543651938
,academy_3_vs_1_with_keeper,123,collect_rollout,1514,0,23,-0.009999999543651938,False,False,0.0,0.0,0,0,0,0.0,0.0,0.0,0.0,-0.009999999543651938,1,-0.009999999543651938
,academy_3_vs_1_with_keeper,123,collect_rollout,1515,0,70,-0.14916472387267277,False,False,0.0,0.0,0,0,0,0.0,0.0,0.0,0.0,-0.14916472387267277,1,-0.14916472387267277
,academy_3_vs_1_with_keeper,123,collect_rollout,1516,0,16,-0.009999999543651938,False,False,0.0,0.0,0,0,0,0.0,0.0,0.0,0.0,-0.009999999543651938,1,-0.009999999543651938
,academy_3_vs_1_with_keeper,123,collect_rollout,1517,0,36,2.108119912794791,False,False,0.0,0.0,0,0,0,0.0,0.0,0.0,0.0,2.108119912794791,1,2.108119912794791
,academy_3_vs_1_with_keeper,123,collect_rollout,1518,0,53,2.048070856893901,False,False,0.0,0.0,0,0,0,0.0,0.0,0.0,0.0,2.048070856893901,1,2.048070856893901
,academy_3_vs_1_with_keeper,123,collect_rollout,1519,0,89,0.05150263640098274,False,False,0.0,0.0,0,0,0,0.0,0.0,0.0,0.0,0.05150263640098274,1,0.05150263640098274
,academy_3_vs_1_with_keeper,123,collect_rollout,1520,0,17,-0.003333333181217313,False,False,0.0,0.0,0,0,0,0.0,0.0,0.0,0.0,-0.003333333181217313,1,-0.003333333181217313
,academy_3_vs_1_with_keeper,123,collect_rollout,1521,0,38,0.12614113523159176,False,False,0.0,0.0,0,0,0,0.0,0.0,0.0,0.0,0.12614113523159176,1,0.12614113523159176
,academy_3_vs_1_with_keeper,123,collect_rollout,1522,0,16,-0.019999999087303877,False,False,0.0,0.0,0,0,0,0.0,0.0,0.0,0.0,-0.019999999087303877,1,-0.019999999087303877
,academy_3_vs_1_with_keeper,123,collect_rollout,1523,0,10,0.020682595670223236,False,False,0.0,0.0,0,0,0,0.0,0.0,0.0,0.0,0.020682595670223236,1,0.020682595670223236
,academy_3_vs_1_with_keeper,123,collect_rollout,1524,0,18,-0.019999999087303877,False,False,0.0,0.0,0,0,0,0.0,0.0,0.0,0.0,-0.019999999087303877,1,-0.019999999087303877
,academy_3_vs_1_with_keeper,123,collect_rollout,1525,0,16,-0.009999999543651938,False,False,0.0,0.0,0,0,0,0.0,0.0,0.0,0.0,-0.009999999543651938,1,-0.009999999543651938
,academy_3_vs_1_with_keeper,123,collect_rollout,1526,0,19,-0.016666665906086564,False,False,0.0,0.0,0,0,0,0.0,0.0,0.0,0.0,-0.016666665906086564,1,-0.016666665906086564
,academy_3_vs_1_with_keeper,123,collect_rollout,1527,0,19,-0.003333333181217313,False,False,0.0,0.0,0,0,0,0.0,0.0,0.0,0.0,-0.003333333181217313,1,-0.003333333181217313
,academy_3_vs_1_with_keeper,123,collect_rollout,1528,0,20,-0.013333332724869251,False,False,0.0,0.0,0,0,0,0.0,0.0,0.0,0.0,-0.013333332724869251,1,-0.013333332724869251
,academy_3_vs_1_with_keeper,123,collect_rollout,1529,0,17,-0.016666665906086564,False,False,0.0,0.0,0,0,0,0.0,0.0,0.0,0.0,-0.016666665906086564,1,-0.016666665906086564
,academy_3_vs_1_with_keeper,123,collect_rollout,1530,0,70,0.015455036016646773,False,False,0.0,0.0,0,0,0,0.0,0.0,0.0,0.0,0.015455036016646773,1,0.015455036016646773
,academy_3_vs_1_with_keeper,123,collect_rollout,1531,0,21,-0.009999999543651938,False,False,0.0,0.0,0,0,0,0.0,0.0,0.0,0.0,-0.009999999543651938,1,-0.009999999543651938
,academy_3_vs_1_with_keeper,123,collect_rollout,1532,0,94,0.02252949823741801,False,False,0.0,0.0,0,0,0,0.0,0.0,0.0,0.0,0.02252949823741801,1,0.02252949823741801
,academy_3_vs_1_with_keeper,123,collect_rollout,1533,0,21,-0.016666665906086564,False,False,0.0,0.0,0,0,0,0.0,0.0,0.0,0.0,-0.016666665906086564,1,-0.016666665906086564
,academy_3_vs_1_with_keeper,123,collect_rollout,1534,0,11,0.030004114523762837,False,False,0.0,0.0,0,0,0,0.0,0.0,0.0,0.0,0.030004114523762837,1,0.030004114523762837
,academy_3_vs_1_with_keeper,123,collect_rollout,1535,0,14,-0.009999999543651938,False,False,0.0,0.0,0,0,0,0.0,0.0,0.0,0.0,-0.009999999543651938,1,-0.009999999543651938
,academy_3_vs_1_with_keeper,123,collect_rollout,1536,0,39,2.131356303114444,False,False,0.0,0.0,0,0,0,0.0,0.0,0.0,0.0,2.131356303114444,1,2.131356303114444
,academy_3_vs_1_with_keeper,123,collect_rollout,1537,0,144,-0.10664179702871479,False,False,0.0,0.0,0,0,0,0.0,0.0,0.0,0.0,-0.10664179702871479,1,-0.10664179702871479
,academy_3_vs_1_with_keeper,123,collect_rollout,1538,0,36,2.1363034587120637,False,False,0.0,0.0,0,0,0,0.0,0.0,0.0,0.0,2.1363034587120637,1,2.1363034587120637
,academy_3_vs_1_with_keeper,123,collect_rollout,1539,0,17,-0.026666665449738503,False,False,0.0,0.0,0,0,0,0.0,0.0,0.0,0.0,-0.026666665449738503,1,-0.026666665449738503
,academy_3_vs_1_with_keeper,123,collect_rollout,1540,0,37,0.12194429303053766,False,False,0.0,0.0,0,0,0,0.0,0.0,0.0,0.0,0.12194429303053766,1,0.12194429303053766
,academy_3_vs_1_with_keeper,123,collect_rollout,1541,0,18,-0.016666665906086564,False,False,0.0,0.0,0,0,0,0.0,0.0,0.0,0.0,-0.016666665906086564,1,-0.016666665906086564
,academy_3_vs_1_with_keeper,123,collect_rollout,1542,0,17,-0.016666665906086564,False,False,0.0,0.0,0,0,0,0.0,0.0,0.0,0.0,-0.016666665906086564,1,-0.016666665906086564
,academy_3_vs_1_with_keeper,123,collect_rollout,1543,0,17,-0.016666665906086564,False,False,0.0,0.0,0,0,0,0.0,0.0,0.0,0.0,-0.016666665906086564,1,-0.016666665906086564
,academy_3_vs_1_with_keeper,123,collect_rollout,1544,0,16,-0.00329790567047894,False,False,0.0,0.0,0,0,0,0.0,0.0,0.0,0.0,-0.00329790567047894,1,-0.00329790567047894
,academy_3_vs_1_with_keeper,123,collect_rollout,1545,0,19,-0.016666665906086564,False,False,0.0,0.0,0,0,0,0.0,0.0,0.0,0.0,-0.016666665906086564,1,-0.016666665906086564
,academy_3_vs_1_with_keeper,123,collect_rollout,1546,0,19,-0.009999999543651938,False,False,0.0,0.0,0,0,0,0.0,0.0,0.0,0.0,-0.009999999543651938,1,-0.009999999543651938
,academy_3_vs_1_with_keeper,123,collect_rollout,1547,0,24,-0.013333332724869251,False,False,0.0,0.0,0,0,0,0.0,0.0,0.0,0.0,-0.013333332724869251,1,-0.013333332724869251
,academy_3_vs_1_with_keeper,123,collect_rollout,1548,0,7,0.025370315299369395,False,False,0.0,0.0,0,0,0,0.0,0.0,0.0,0.0,0.025370315299369395,1,0.025370315299369395
,academy_3_vs_1_with_keeper,123,collect_rollout,1549,0,15,-0.013333332724869251,False,False,0.0,0.0,0,0,0,0.0,0.0,0.0,0.0,-0.013333332724869251,1,-0.013333332724869251
,academy_3_vs_1_with_keeper,123,collect_rollout,1550,0,22,-0.006666666362434626,False,False,0.0,0.0,0,0,0,0.0,0.0,0.0,0.0,-0.006666666362434626,1,-0.006666666362434626
,academy_3_vs_1_with_keeper,123,collect_rollout,1551,0,19,-0.016666665906086564,False,False,0.0,0.0,0,0,0,0.0,0.0,0.0,0.0,-0.016666665906086564,1,-0.016666665906086564
,academy_3_vs_1_with_keeper,123,collect_rollout,1552,0,16,-0.009999999543651938,False,False,0.0,0.0,0,0,0,0.0,0.0,0.0,0.0,-0.009999999543651938,1,-0.009999999543651938
,academy_3_vs_1_with_keeper,123,collect_rollout,1553,0,8,0.05670365318655968,False,False,0.0,0.0,0,0,0,0.0,0.0,0.0,0.0,0.05670365318655968,1,0.05670365318655968
,academy_3_vs_1_with_keeper,123,collect_rollout,1554,0,16,-0.016666665906086564,False,False,0.0,0.0,0,0,0,0.0,0.0,0.0,0.0,-0.016666665906086564,1,-0.016666665906086564
,academy_3_vs_1_with_keeper,123,collect_rollout,1555,0,36,0.05929437361191958,False,False,0.0,0.0,0,0,0,0.0,0.0,0.0,0.0,0.05929437361191958,1,0.05929437361191958
,academy_3_vs_1_with_keeper,123,collect_rollout,1556,0,47,0.06459577946225181,False,False,0.0,0.0,0,0,0,0.0,0.0,0.0,0.0,0.06459577946225181,1,0.06459577946225181
,academy_3_vs_1_with_keeper,123,collect_rollout,1557,0,77,0.030406794627197087,False,False,0.0,0.0,0,0,0,0.0,0.0,0.0,0.0,0.030406794627197087,1,0.030406794627197087
,academy_3_vs_1_with_keeper,123,collect_rollout,1558,0,57,1.9918917551403865,False,False,0.0,0.0,0,0,0,0.0,0.0,0.0,0.0,1.9918917551403865,1,1.9918917551403865
,academy_3_vs_1_with_keeper,123,collect_rollout,1559,0,52,1.9766132320000906,False,False,0.0,0.0,0,0,0,0.0,0.0,0.0,0.0,1.9766132320000906,1,1.9766132320000906
,academy_3_vs_1_with_keeper,123,collect_rollout,1560,0,37,0.11855165055021644,False,False,0.0,0.0,0,0,0,0.0,0.0,0.0,0.0,0.11855165055021644,1,0.11855165055021644
,academy_3_vs_1_with_keeper,123,collect_rollout,1561,0,20,-0.013333332724869251,False,False,0.0,0.0,0,0,0,0.0,0.0,0.0,0.0,-0.013333332724869251,1,-0.013333332724869251
,academy_3_vs_1_with_keeper,123,collect_rollout,1562,0,17,-0.009999999543651938,False,False,0.0,0.0,0,0,0,0.0,0.0,0.0,0.0,-0.009999999543651938,1,-0.009999999543651938
,academy_3_vs_1_with_keeper,123,collect_rollout,1563,0,15,0.0,False,False,0.0,0.0,0,0,0,0.0,0.0,0.0,0.0,0.0,1,0.0
,academy_3_vs_1_with_keeper,123,collect_rollout,1564,0,32,2.1364265078445897,False,False,0.0,0.0,0,0,0,0.0,0.0,0.0,0.0,2.1364265078445897,1,2.1364265078445897
,academy_3_vs_1_with_keeper,123,collect_rollout,1565,0,32,-0.036271294578909874,False,False,0.0,0.0,0,0,0,0.0,0.0,0.0,0.0,-0.036271294578909874,1,-0.036271294578909874
,academy_3_vs_1_with_keeper,123,collect_rollout,1566,0,19,-0.009999999543651938,False,False,0.0,0.0,0,0,0,0.0,0.0,0.0,0.0,-0.009999999543651938,1,-0.009999999543651938
,academy_3_vs_1_with_keeper,123,collect_rollout,1567,0,64,-0.0537998923464329,False,False,0.0,0.0,0,0,0,0.0,0.0,0.0,0.0,-0.0537998923464329,1,-0.0537998923464329
,academy_3_vs_1_with_keeper,123,collect_rollout,1568,0,80,0.02366117400379153,False,False,0.0,0.0,0,0,0,0.0,0.0,0.0,0.0,0.02366117400379153,1,0.02366117400379153
,academy_3_vs_1_with_keeper,123,collect_rollout,1569,0,6,0.031049237586557865,False,False,0.0,0.0,0,0,0,0.0,0.0,0.0,0.0,0.031049237586557865,1,0.031049237586557865
,academy_3_vs_1_with_keeper,123,collect_rollout,1570,0,17,-0.003333333181217313,False,False,0.0,0.0,0,0,0,0.0,0.0,0.0,0.0,-0.003333333181217313,1,-0.003333333181217313
,academy_3_vs_1_with_keeper,123,collect_rollout,1571,0,19,-0.013333332724869251,False,False,0.0,0.0,0,0,0,0.0,0.0,0.0,0.0,-0.013333332724869251,1,-0.013333332724869251
,academy_3_vs_1_with_keeper,123,collect_rollout,1572,0,42,0.0031307393219321966,False,False,0.0,0.0,0,0,0,0.0,0.0,0.0,0.0,0.0031307393219321966,1,0.0031307393219321966
,academy_3_vs_1_with_keeper,123,collect_rollout,1573,0,40,2.1062839694786817,False,False,0.0,0.0,0,0,0,0.0,0.0,0.0,0.0,2.1062839694786817,1,2.1062839694786817
,academy_3_vs_1_with_keeper,123,collect_rollout,1574,0,43,0.0014909232850186527,False,False,0.0,0.0,0,0,0,0.0,0.0,0.0,0.0,0.0014909232850186527,1,0.0014909232850186527
,academy_3_vs_1_with_keeper,123,collect_rollout,1575,0,8,0.03895476646721363,False,False,0.0,0.0,0,0,0,0.0,0.0,0.0,0.0,0.03895476646721363,1,0.03895476646721363
,academy_3_vs_1_with_keeper,123,collect_rollout,1576,0,21,-0.019999999087303877,False,False,0.0,0.0,0,0,0,0.0,0.0,0.0,0.0,-0.019999999087303877,1,-0.019999999087303877
,academy_3_vs_1_with_keeper,123,collect_rollout,1577,0,14,0.022884951205924153,False,False,0.0,0.0,0,0,0,0.0,0.0,0.0,0.0,0.022884951205924153,1,0.022884951205924153
,academy_3_vs_1_with_keeper,123,collect_rollout,1578,0,11,0.02208257489837706,False,False,0.0,0.0,0,0,0,0.0,0.0,0.0,0.0,0.02208257489837706,1,0.02208257489837706
,academy_3_vs_1_with_keeper,123,collect_rollout,1579,0,18,-0.016666665906086564,False,False,0.0,0.0,0,0,0,0.0,0.0,0.0,0.0,-0.016666665906086564,1,-0.016666665906086564
,academy_3_vs_1_with_keeper,123,collect_rollout,1580,0,52,0.35623930262227077,False,False,0.0,0.0,0,0,0,0.0,0.0,0.0,0.0,0.35623930262227077,1,0.35623930262227077
,academy_3_vs_1_with_keeper,123,collect_rollout,1581,0,47,-0.023628942668437958,False,False,0.0,0.0,0,0,0,0.0,0.0,0.0,0.0,-0.023628942668437958,1,-0.023628942668437958
,academy_3_vs_1_with_keeper,123,collect_rollout,1582,0,22,-0.003333333181217313,False,False,0.0,0.0,0,0,0,0.0,0.0,0.0,0.0,-0.003333333181217313,1,-0.003333333181217313
,academy_3_vs_1_with_keeper,123,collect_rollout,1583,0,12,0.01320167095400393,False,False,0.0,0.0,0,0,0,0.0,0.0,0.0,0.0,0.01320167095400393,1,0.01320167095400393
,academy_3_vs_1_with_keeper,123,collect_rollout,1584,0,47,2.055348828667775,False,False,0.0,0.0,0,0,0,0.0,0.0,0.0,0.0,2.055348828667775,1,2.055348828667775
,academy_3_vs_1_with_keeper,123,collect_rollout,1585,0,17,0.0,False,False,0.0,0.0,0,0,0,0.0,0.0,0.0,0.0,0.0,1,0.0
,academy_3_vs_1_with_keeper,123,collect_rollout,1586,0,59,-0.06246611010283232,False,False,0.0,0.0,0,0,0,0.0,0.0,0.0,0.0,-0.06246611010283232,1,-0.06246611010283232
,academy_3_vs_1_with_keeper,123,collect_rollout,1587,0,10,0.015794939012266695,False,False,0.0,0.0,0,0,0,0.0,0.0,0.0,0.0,0.015794939012266695,1,0.015794939012266695
,academy_3_vs_1_with_keeper,123,collect_rollout,1588,0,22,-0.009999999543651938,False,False,0.0,0.0,0,0,0,0.0,0.0,0.0,0.0,-0.009999999543651938,1,-0.009999999543651938
,academy_3_vs_1_with_keeper,123,collect_rollout,1589,0,16,-0.019999999087303877,False,False,0.0,0.0,0,0,0,0.0,0.0,0.0,0.0,-0.019999999087303877,1,-0.019999999087303877
,academy_3_vs_1_with_keeper,123,collect_rollout,1590,0,22,-0.009999999543651938,False,False,0.0,0.0,0,0,0,0.0,0.0,0.0,0.0,-0.009999999543651938,1,-0.009999999543651938
,academy_3_vs_1_with_keeper,123,collect_rollout,1591,0,40,0.10427133343182504,False,False,0.0,0.0,0,0,0,0.0,0.0,0.0,0.0,0.10427133343182504,1,0.10427133343182504
,academy_3_vs_1_with_keeper,123,collect_rollout,1592,0,19,-0.013333332724869251,False,False,0.0,0.0,0,0,0,0.0,0.0,0.0,0.0,-0.013333332724869251,1,-0.013333332724869251
,academy_3_vs_1_with_keeper,123,collect_rollout,1593,0,40,2.1399440062232316,False,False,0.0,0.0,0,0,0,0.0,0.0,0.0,0.0,2.1399440062232316,1,2.1399440062232316
,academy_3_vs_1_with_keeper,123,collect_rollout,1594,0,45,0.11072707152925432,False,False,0.0,0.0,0,0,0,0.0,0.0,0.0,0.0,0.11072707152925432,1,0.11072707152925432
,academy_3_vs_1_with_keeper,123,collect_rollout,1595,0,14,-0.009999999543651938,False,False,0.0,0.0,0,0,0,0.0,0.0,0.0,0.0,-0.009999999543651938,1,-0.009999999543651938
,academy_3_vs_1_with_keeper,123,collect_rollout,1596,0,17,-0.016666665906086564,False,False,0.0,0.0,0,0,0,0.0,0.0,0.0,0.0,-0.016666665906086564,1,-0.016666665906086564
,academy_3_vs_1_with_keeper,123,collect_rollout,1597,0,28,2.1379028321243823,False,False,0.0,0.0,0,0,0,0.0,0.0,0.0,0.0,2.1379028321243823,1,2.1379028321243823
,academy_3_vs_1_with_keeper,123,collect_rollout,1598,0,17,-0.006666666362434626,False,False,0.0,0.0,0,0,0,0.0,0.0,0.0,0.0,-0.006666666362434626,1,-0.006666666362434626
,academy_3_vs_1_with_keeper,123,collect_rollout,1599,0,33,0.07490986865013838,False,False,0.0,0.0,0,0,0,0.0,0.0,0.0,0.0,0.07490986865013838,1,0.07490986865013838
,academy_3_vs_1_with_keeper,123,collect_rollout,1600,0,21,2.1356599116697907,False,False,0.0,0.0,0,0,0,0.0,0.0,0.0,0.0,2.1356599116697907,1,2.1356599116697907
,academy_3_vs_1_with_keeper,123,collect_rollout,1601,0,19,-0.013333332724869251,False,False,0.0,0.0,0,0,0,0.0,0.0,0.0,0.0,-0.013333332724869251,1,-0.013333332724869251
,academy_3_vs_1_with_keeper,123,collect_rollout,1602,0,51,2.062400220136624,False,False,0.0,0.0,0,0,0,0.0,0.0,0.0,0.0,2.062400220136624,1,2.062400220136624
,academy_3_vs_1_with_keeper,123,collect_rollout,1603,0,159,-0.3569881010334939,False,False,0.0,0.0,0,0,0,0.0,0.0,0.0,0.0,-0.3569881010334939,1,-0.3569881010334939
,academy_3_vs_1_with_keeper,123,collect_rollout,1604,0,15,-0.006666666362434626,False,False,0.0,0.0,0,0,0,0.0,0.0,0.0,0.0,-0.006666666362434626,1,-0.006666666362434626
,academy_3_vs_1_with_keeper,123,collect_rollout,1605,0,51,0.07067878307498177,False,False,0.0,0.0,0,0,0,0.0,0.0,0.0,0.0,0.07067878307498177,1,0.07067878307498177
,academy_3_vs_1_with_keeper,123,collect_rollout,1606,0,83,-0.2001280739204958,False,False,0.0,0.0,0,0,0,0.0,0.0,0.0,0.0,-0.2001280739204958,1,-0.2001280739204958
,academy_3_vs_1_with_keeper,123,collect_rollout,1607,0,21,-0.009999999543651938,False,False,0.0,0.0,0,0,0,0.0,0.0,0.0,0.0,-0.009999999543651938,1,-0.009999999543651938
,academy_3_vs_1_with_keeper,123,collect_rollout,1608,0,17,-0.02333333226852119,False,False,0.0,0.0,0,0,0,0.0,0.0,0.0,0.0,-0.02333333226852119,1,-0.02333333226852119
,academy_3_vs_1_with_keeper,123,collect_rollout,1609,0,18,-0.016666665906086564,False,False,0.0,0.0,0,0,0,0.0,0.0,0.0,0.0,-0.016666665906086564,1,-0.016666665906086564
,academy_3_vs_1_with_keeper,123,collect_rollout,1610,0,18,0.0,False,False,0.0,0.0,0,0,0,0.0,0.0,0.0,0.0,0.0,1,0.0
,academy_3_vs_1_with_keeper,123,collect_rollout,1611,0,95,0.05056203936692327,False,False,0.0,0.0,0,0,0,0.0,0.0,0.0,0.0,0.05056203936692327,1,0.05056203936692327
,academy_3_vs_1_with_keeper,123,collect_rollout,1612,0,46,0.0712900197468116,False,False,0.0,0.0,0,0,0,0.0,0.0,0.0,0.0,0.0712900197468116,1,0.0712900197468116
,academy_3_vs_1_with_keeper,123,collect_rollout,1613,0,77,0.16513884362575482,False,False,0.0,0.0,0,0,0,0.0,0.0,0.0,0.0,0.16513884362575482,1,0.16513884362575482
,academy_3_vs_1_with_keeper,123,collect_rollout,1614,0,16,-0.013333332724869251,False,False,0.0,0.0,0,0,0,0.0,0.0,0.0,0.0,-0.013333332724869251,1,-0.013333332724869251
,academy_3_vs_1_with_keeper,123,collect_rollout,1615,0,40,0.05086318729445338,False,False,0.0,0.0,0,0,0,0.0,0.0,0.0,0.0,0.05086318729445338,1,0.05086318729445338
,academy_3_vs_1_with_keeper,123,collect_rollout,1616,0,1801,-1.4459832020802423,False,False,0.0,0.0,0,0,0,0.0,0.0,0.0,0.0,-1.4459832020802423,1,-1.4459832020802423
,academy_3_vs_1_with_keeper,123,collect_rollout,1617,0,15,-0.006666666362434626,False,False,0.0,0.0,0,0,0,0.0,0.0,0.0,0.0,-0.006666666362434626,1,-0.006666666362434626
,academy_3_vs_1_with_keeper,123,collect_rollout,1618,0,16,-0.016666665906086564,False,False,0.0,0.0,0,0,0,0.0,0.0,0.0,0.0,-0.016666665906086564,1,-0.016666665906086564
,academy_3_vs_1_with_keeper,123,collect_rollout,1619,0,57,2.332731567672454,False,False,0.0,0.0,0,0,0,0.0,0.0,0.0,0.0,2.332731567672454,1,2.332731567672454
,academy_3_vs_1_with_keeper,123,collect_rollout,1620,0,48,2.2897327648242936,False,False,0.0,0.0,0,0,0,0.0,0.0,0.0,0.0,2.2897327648242936,1,2.2897327648242936
,academy_3_vs_1_with_keeper,123,collect_rollout,1621,0,43,0.049663336627418175,False,False,0.0,0.0,0,0,0,0.0,0.0,0.0,0.0,0.049663336627418175,1,0.049663336627418175
,academy_3_vs_1_with_keeper,123,collect_rollout,1622,0,17,-0.003333333181217313,False,False,0.0,0.0,0,0,0,0.0,0.0,0.0,0.0,-0.003333333181217313,1,-0.003333333181217313
,academy_3_vs_1_with_keeper,123,collect_rollout,1623,0,52,-0.028507726499810815,False,False,0.0,0.0,0,0,0,0.0,0.0,0.0,0.0,-0.028507726499810815,1,-0.028507726499810815
,academy_3_vs_1_with_keeper,123,collect_rollout,1624,0,38,-0.046757311560213566,False,False,0.0,0.0,0,0,0,0.0,0.0,0.0,0.0,-0.046757311560213566,1,-0.046757311560213566
,academy_3_vs_1_with_keeper,123,collect_rollout,1625,0,15,0.0,False,False,0.0,0.0,0,0,0,0.0,0.0,0.0,0.0,0.0,1,0.0
,academy_3_vs_1_with_keeper,123,collect_rollout,1626,0,20,-0.02333333226852119,False,False,0.0,0.0,0,0,0,0.0,0.0,0.0,0.0,-0.02333333226852119,1,-0.02333333226852119
,academy_3_vs_1_with_keeper,123,collect_rollout,1627,0,38,0.09976445004576817,False,False,0.0,0.0,0,0,0,0.0,0.0,0.0,0.0,0.09976445004576817,1,0.09976445004576817
,academy_3_vs_1_with_keeper,123,collect_rollout,1628,0,18,-0.009999999543651938,False,False,0.0,0.0,0,0,0,0.0,0.0,0.0,0.0,-0.009999999543651938,1,-0.009999999543651938
,academy_3_vs_1_with_keeper,123,collect_rollout,1629,0,16,-0.003333333181217313,False,False,0.0,0.0,0,0,0,0.0,0.0,0.0,0.0,-0.003333333181217313,1,-0.003333333181217313
,academy_3_vs_1_with_keeper,123,collect_rollout,1630,0,18,-0.006666666362434626,False,False,0.0,0.0,0,0,0,0.0,0.0,0.0,0.0,-0.006666666362434626,1,-0.006666666362434626
,academy_3_vs_1_with_keeper,123,collect_rollout,1631,0,42,0.04081213973404374,False,False,0.0,0.0,0,0,0,0.0,0.0,0.0,0.0,0.04081213973404374,1,0.04081213973404374
,academy_3_vs_1_with_keeper,123,collect_rollout,1632,0,15,-0.006666666362434626,False,False,0.0,0.0,0,0,0,0.0,0.0,0.0,0.0,-0.006666666362434626,1,-0.006666666362434626
,academy_3_vs_1_with_keeper,123,collect_rollout,1633,0,13,-0.006666666362434626,False,False,0.0,0.0,0,0,0,0.0,0.0,0.0,0.0,-0.006666666362434626,1,-0.006666666362434626
,academy_3_vs_1_with_keeper,123,collect_rollout,1634,0,7,0.0490267762215808,False,False,0.0,0.0,0,0,0,0.0,0.0,0.0,0.0,0.0490267762215808,1,0.0490267762215808
,academy_3_vs_1_with_keeper,123,collect_rollout,1635,0,22,-0.009999999543651938,False,False,0.0,0.0,0,0,0,0.0,0.0,0.0,0.0,-0.009999999543651938,1,-0.009999999543651938
,academy_3_vs_1_with_keeper,123,collect_rollout,1636,0,21,-0.009999999543651938,False,False,0.0,0.0,0,0,0,0.0,0.0,0.0,0.0,-0.009999999543651938,1,-0.009999999543651938
,academy_3_vs_1_with_keeper,123,collect_rollout,1637,0,48,2.061069019138813,False,False,0.0,0.0,0,0,0,0.0,0.0,0.0,0.0,2.061069019138813,1,2.061069019138813
,academy_3_vs_1_with_keeper,123,collect_rollout,1638,0,17,-0.009999999543651938,False,False,0.0,0.0,0,0,0,0.0,0.0,0.0,0.0,-0.009999999543651938,1,-0.009999999543651938
,academy_3_vs_1_with_keeper,123,collect_rollout,1639,0,20,-0.016666665906086564,False,False,0.0,0.0,0,0,0,0.0,0.0,0.0,0.0,-0.016666665906086564,1,-0.016666665906086564
,academy_3_vs_1_with_keeper,123,collect_rollout,1640,0,7,0.037321516778320074,False,False,0.0,0.0,0,0,0,0.0,0.0,0.0,0.0,0.037321516778320074,1,0.037321516778320074
,academy_3_vs_1_with_keeper,123,collect_rollout,1641,0,15,0.013536923564970493,False,False,0.0,0.0,0,0,0,0.0,0.0,0.0,0.0,0.013536923564970493,1,0.013536923564970493
,academy_3_vs_1_with_keeper,123,collect_rollout,1642,0,30,0.11065410778974183,False,False,0.0,0.0,0,0,0,0.0,0.0,0.0,0.0,0.11065410778974183,1,0.11065410778974183
,academy_3_vs_1_with_keeper,123,collect_rollout,1643,0,18,-0.016666665906086564,False,False,0.0,0.0,0,0,0,0.0,0.0,0.0,0.0,-0.016666665906086564,1,-0.016666665906086564
,academy_3_vs_1_with_keeper,123,collect_rollout,1644,0,43,0.052293189422925934,False,False,0.0,0.0,0,0,0,0.0,0.0,0.0,0.0,0.052293189422925934,1,0.052293189422925934
,academy_3_vs_1_with_keeper,123,collect_rollout,1645,0,29,2.148936026409501,False,False,0.0,0.0,0,0,0,0.0,0.0,0.0,0.0,2.148936026409501,1,2.148936026409501
,academy_3_vs_1_with_keeper,123,collect_rollout,1646,0,18,-0.009999999543651938,False,False,0.0,0.0,0,0,0,0.0,0.0,0.0,0.0,-0.009999999543651938,1,-0.009999999543651938
,academy_3_vs_1_with_keeper,123,collect_rollout,1647,0,19,-0.016666665906086564,False,False,0.0,0.0,0,0,0,0.0,0.0,0.0,0.0,-0.016666665906086564,1,-0.016666665906086564
,academy_3_vs_1_with_keeper,123,collect_rollout,1648,0,22,-0.013333332724869251,False,False,0.0,0.0,0,0,0,0.0,0.0,0.0,0.0,-0.013333332724869251,1,-0.013333332724869251
,academy_3_vs_1_with_keeper,123,collect_rollout,1649,0,17,-0.016666665906086564,False,False,0.0,0.0,0,0,0,0.0,0.0,0.0,0.0,-0.016666665906086564,1,-0.016666665906086564
,academy_3_vs_1_with_keeper,123,collect_rollout,1650,0,10,0.027337101753801107,False,False,0.0,0.0,0,0,0,0.0,0.0,0.0,0.0,0.027337101753801107,1,0.027337101753801107
,academy_3_vs_1_with_keeper,123,collect_rollout,1651,0,18,-0.006666666362434626,False,False,0.0,0.0,0,0,0,0.0,0.0,0.0,0.0,-0.006666666362434626,1,-0.006666666362434626
,academy_3_vs_1_with_keeper,123,collect_rollout,1652,0,94,0.11384114628890529,False,False,0.0,0.0,0,0,0,0.0,0.0,0.0,0.0,0.11384114628890529,1,0.11384114628890529
,academy_3_vs_1_with_keeper,123,collect_rollout,1653,0,28,2.127221312955953,False,False,0.0,0.0,0,0,0,0.0,0.0,0.0,0.0,2.127221312955953,1,2.127221312955953
,academy_3_vs_1_with_keeper,123,collect_rollout,1654,0,53,0.104524708352983,False,False,0.0,0.0,0,0,0,0.0,0.0,0.0,0.0,0.104524708352983,1,0.104524708352983
,academy_3_vs_1_with_keeper,123,collect_rollout,1655,0,28,0.3670767415314913,False,False,0.0,0.0,0,0,0,0.0,0.0,0.0,0.0,0.3670767415314913,1,0.3670767415314913
,academy_3_vs_1_with_keeper,123,collect_rollout,1656,0,20,-0.009999999543651938,False,False,0.0,0.0,0,0,0,0.0,0.0,0.0,0.0,-0.009999999543651938,1,-0.009999999543651938
,academy_3_vs_1_with_keeper,123,collect_rollout,1657,0,18,-0.013333332724869251,False,False,0.0,0.0,0,0,0,0.0,0.0,0.0,0.0,-0.013333332724869251,1,-0.013333332724869251
,academy_3_vs_1_with_keeper,123,collect_rollout,1658,0,18,0.0013477015309035778,False,False,0.0,0.0,0,0,0,0.0,0.0,0.0,0.0,0.0013477015309035778,1,0.0013477015309035778
,academy_3_vs_1_with_keeper,123,collect_rollout,1659,0,19,-0.003333333181217313,False,False,0.0,0.0,0,0,0,0.0,0.0,0.0,0.0,-0.003333333181217313,1,-0.003333333181217313
,academy_3_vs_1_with_keeper,123,collect_rollout,1660,0,20,-0.019999999087303877,False,False,0.0,0.0,0,0,0,0.0,0.0,0.0,0.0,-0.019999999087303877,1,-0.019999999087303877
,academy_3_vs_1_with_keeper,123,collect_rollout,1661,0,27,0.11300642252899706,False,False,0.0,0.0,0,0,0,0.0,0.0,0.0,0.0,0.11300642252899706,1,0.11300642252899706
,academy_3_vs_1_with_keeper,123,collect_rollout,1662,0,52,0.13403175678104162,False,False,0.0,0.0,0,0,0,0.0,0.0,0.0,0.0,0.13403175678104162,1,0.13403175678104162
,academy_3_vs_1_with_keeper,123,collect_rollout,1663,0,78,-0.17430071148555726,False,False,0.0,0.0,0,0,0,0.0,0.0,0.0,0.0,-0.17430071148555726,1,-0.17430071148555726
,academy_3_vs_1_with_keeper,123,collect_rollout,1664,0,94,0.044298881588474615,False,False,0.0,0.0,0,0,0,0.0,0.0,0.0,0.0,0.044298881588474615,1,0.044298881588474615
,academy_3_vs_1_with_keeper,123,collect_rollout,1665,0,16,-0.016666665906086564,False,False,0.0,0.0,0,0,0,0.0,0.0,0.0,0.0,-0.016666665906086564,1,-0.016666665906086564
,academy_3_vs_1_with_keeper,123,collect_rollout,1666,0,20,-0.016666665906086564,False,False,0.0,0.0,0,0,0,0.0,0.0,0.0,0.0,-0.016666665906086564,1,-0.016666665906086564
,academy_3_vs_1_with_keeper,123,collect_rollout,1667,0,20,-0.009999999543651938,False,False,0.0,0.0,0,0,0,0.0,0.0,0.0,0.0,-0.009999999543651938,1,-0.009999999543651938
,academy_3_vs_1_with_keeper,123,collect_rollout,1668,0,38,0.10506557853659615,False,False,0.0,0.0,0,0,0,0.0,0.0,0.0,0.0,0.10506557853659615,1,0.10506557853659615
,academy_3_vs_1_with_keeper,123,collect_rollout,1669,0,21,0.0,False,False,0.0,0.0,0,0,0,0.0,0.0,0.0,0.0,0.0,1,0.0
,academy_3_vs_1_with_keeper,123,collect_rollout,1670,0,19,-0.016666665906086564,False,False,0.0,0.0,0,0,0,0.0,0.0,0.0,0.0,-0.016666665906086564,1,-0.016666665906086564
,academy_3_vs_1_with_keeper,123,collect_rollout,1671,0,20,-0.009999999543651938,False,False,0.0,0.0,0,0,0,0.0,0.0,0.0,0.0,-0.009999999543651938,1,-0.009999999543651938
,academy_3_vs_1_with_keeper,123,collect_rollout,1672,0,20,-0.013333332724869251,False,False,0.0,0.0,0,0,0,0.0,0.0,0.0,0.0,-0.013333332724869251,1,-0.013333332724869251
,academy_3_vs_1_with_keeper,123,collect_rollout,1673,0,16,-0.009999999543651938,False,False,0.0,0.0,0,0,0,0.0,0.0,0.0,0.0,-0.009999999543651938,1,-0.009999999543651938
,academy_3_vs_1_with_keeper,123,collect_rollout,1674,0,14,0.020644394448027015,False,False,0.0,0.0,0,0,0,0.0,0.0,0.0,0.0,0.020644394448027015,1,0.020644394448027015
,academy_3_vs_1_with_keeper,123,collect_rollout,1675,0,17,-0.016666665906086564,False,False,0.0,0.0,0,0,0,0.0,0.0,0.0,0.0,-0.016666665906086564,1,-0.016666665906086564
,academy_3_vs_1_with_keeper,123,collect_rollout,1676,0,19,-0.016666665906086564,False,False,0.0,0.0,0,0,0,0.0,0.0,0.0,0.0,-0.016666665906086564,1,-0.016666665906086564
,academy_3_vs_1_with_keeper,123,collect_rollout,1677,0,14,0.031218314776197076,False,False,0.0,0.0,0,0,0,0.0,0.0,0.0,0.0,0.031218314776197076,1,0.031218314776197076
,academy_3_vs_1_with_keeper,123,collect_rollout,1678,0,45,0.0227175458567217,False,False,0.0,0.0,0,0,0,0.0,0.0,0.0,0.0,0.0227175458567217,1,0.0227175458567217
,academy_3_vs_1_with_keeper,123,collect_rollout,1679,0,16,-0.003333333181217313,False,False,0.0,0.0,0,0,0,0.0,0.0,0.0,0.0,-0.003333333181217313,1,-0.003333333181217313
,academy_3_vs_1_with_keeper,123,collect_rollout,1680,0,15,-0.006666666362434626,False,False,0.0,0.0,0,0,0,0.0,0.0,0.0,0.0,-0.006666666362434626,1,-0.006666666362434626
,academy_3_vs_1_with_keeper,123,collect_rollout,1681,0,12,0.008556851418688893,False,False,0.0,0.0,0,0,0,0.0,0.0,0.0,0.0,0.008556851418688893,1,0.008556851418688893
,academy_3_vs_1_with_keeper,123,collect_rollout,1682,0,44,0.01845396589487791,False,False,0.0,0.0,0,0,0,0.0,0.0,0.0,0.0,0.01845396589487791,1,0.01845396589487791
,academy_3_vs_1_with_keeper,123,collect_rollout,1683,0,21,-0.006666666362434626,False,False,0.0,0.0,0,0,0,0.0,0.0,0.0,0.0,-0.006666666362434626,1,-0.006666666362434626
,academy_3_vs_1_with_keeper,123,collect_rollout,1684,0,145,0.19326542073395103,False,False,0.0,0.0,0,0,0,0.0,0.0,0.0,0.0,0.19326542073395103,1,0.19326542073395103
,academy_3_vs_1_with_keeper,123,collect_rollout,1685,0,24,2.12109554244671,False,False,0.0,0.0,0,0,0,0.0,0.0,0.0,0.0,2.12109554244671,1,2.12109554244671
,academy_3_vs_1_with_keeper,123,collect_rollout,1686,0,32,2.123052844151971,False,False,0.0,0.0,0,0,0,0.0,0.0,0.0,0.0,2.123052844151971,1,2.123052844151971
,academy_3_vs_1_with_keeper,123,collect_rollout,1687,0,94,-0.4059201987693086,False,False,0.0,0.0,0,0,0,0.0,0.0,0.0,0.0,-0.4059201987693086,1,-0.4059201987693086
,academy_3_vs_1_with_keeper,123,collect_rollout,1688,0,16,0.008831984479911625,False,False,0.0,0.0,0,0,0,0.0,0.0,0.0,0.0,0.008831984479911625,1,0.008831984479911625
,academy_3_vs_1_with_keeper,123,collect_rollout,1689,0,23,-0.006666666362434626,False,False,0.0,0.0,0,0,0,0.0,0.0,0.0,0.0,-0.006666666362434626,1,-0.006666666362434626
,academy_3_vs_1_with_keeper,123,collect_rollout,1690,0,18,-0.009999999543651938,False,False,0.0,0.0,0,0,0,0.0,0.0,0.0,0.0,-0.009999999543651938,1,-0.009999999543651938
,academy_3_vs_1_with_keeper,123,collect_rollout,1691,0,1801,-1.1754312211996876,False,False,0.0,0.0,0,0,0,0.0,0.0,0.0,0.0,-1.1754312211996876,1,-1.1754312211996876
,academy_3_vs_1_with_keeper,123,collect_rollout,1692,0,19,-0.016666665906086564,False,False,0.0,0.0,0,0,0,0.0,0.0,0.0,0.0,-0.016666665906086564,1,-0.016666665906086564
,academy_3_vs_1_with_keeper,123,collect_rollout,1693,0,24,-0.003333333181217313,False,False,0.0,0.0,0,0,0,0.0,0.0,0.0,0.0,-0.003333333181217313,1,-0.003333333181217313
,academy_3_vs_1_with_keeper,123,collect_rollout,1694,0,17,-0.013333332724869251,False,False,0.0,0.0,0,0,0,0.0,0.0,0.0,0.0,-0.013333332724869251,1,-0.013333332724869251
,academy_3_vs_1_with_keeper,123,collect_rollout,1695,0,20,-0.009999999543651938,False,False,0.0,0.0,0,0,0,0.0,0.0,0.0,0.0,-0.009999999543651938,1,-0.009999999543651938
,academy_3_vs_1_with_keeper,123,collect_rollout,1696,0,19,-0.003333333181217313,False,False,0.0,0.0,0,0,0,0.0,0.0,0.0,0.0,-0.003333333181217313,1,-0.003333333181217313
,academy_3_vs_1_with_keeper,123,collect_rollout,1697,0,96,-0.3009467550145928,False,False,0.0,0.0,0,0,0,0.0,0.0,0.0,0.0,-0.3009467550145928,1,-0.3009467550145928
,academy_3_vs_1_with_keeper,123,collect_rollout,1698,0,16,-0.003333333181217313,False,False,0.0,0.0,0,0,0,0.0,0.0,0.0,0.0,-0.003333333181217313,1,-0.003333333181217313
,academy_3_vs_1_with_keeper,123,collect_rollout,1699,0,20,-0.019999999087303877,False,False,0.0,0.0,0,0,0,0.0,0.0,0.0,0.0,-0.019999999087303877,1,-0.019999999087303877
,academy_3_vs_1_with_keeper,123,collect_rollout,1700,0,21,0.0,False,False,0.0,0.0,0,0,0,0.0,0.0,0.0,0.0,0.0,1,0.0
,academy_3_vs_1_with_keeper,123,collect_rollout,1701,0,13,0.016419805819168687,False,False,0.0,0.0,0,0,0,0.0,0.0,0.0,0.0,0.016419805819168687,1,0.016419805819168687
,academy_3_vs_1_with_keeper,123,collect_rollout,1702,0,11,0.03438257100060582,False,False,0.0,0.0,0,0,0,0.0,0.0,0.0,0.0,0.03438257100060582,1,0.03438257100060582
,academy_3_vs_1_with_keeper,123,collect_rollout,1703,0,42,0.03680931054987013,False,False,0.0,0.0,0,0,0,0.0,0.0,0.0,0.0,0.03680931054987013,1,0.03680931054987013
,academy_3_vs_1_with_keeper,123,collect_rollout,1704,0,18,0.0,False,False,0.0,0.0,0,0,0,0.0,0.0,0.0,0.0,0.0,1,0.0
,academy_3_vs_1_with_keeper,123,collect_rollout,1705,0,19,-0.009999999543651938,False,False,0.0,0.0,0,0,0,0.0,0.0,0.0,0.0,-0.009999999543651938,1,-0.009999999543651938
,academy_3_vs_1_with_keeper,123,collect_rollout,1706,0,26,0.12603053186830948,False,False,0.0,0.0,0,0,0,0.0,0.0,0.0,0.0,0.12603053186830948,1,0.12603053186830948
,academy_3_vs_1_with_keeper,123,collect_rollout,1707,0,18,-0.009999999543651938,False,False,0.0,0.0,0,0,0,0.0,0.0,0.0,0.0,-0.009999999543651938,1,-0.009999999543651938
,academy_3_vs_1_with_keeper,123,collect_rollout,1708,0,21,-0.013333332724869251,False,False,0.0,0.0,0,0,0,0.0,0.0,0.0,0.0,-0.013333332724869251,1,-0.013333332724869251
,academy_3_vs_1_with_keeper,123,collect_rollout,1709,0,12,0.010346913244575262,False,False,0.0,0.0,0,0,0,0.0,0.0,0.0,0.0,0.010346913244575262,1,0.010346913244575262
,academy_3_vs_1_with_keeper,123,collect_rollout,1710,0,16,-0.006666666362434626,False,False,0.0,0.0,0,0,0,0.0,0.0,0.0,0.0,-0.006666666362434626,1,-0.006666666362434626
,academy_3_vs_1_with_keeper,123,collect_rollout,1711,0,40,0.05854908947367221,False,False,0.0,0.0,0,0,0,0.0,0.0,0.0,0.0,0.05854908947367221,1,0.05854908947367221
,academy_3_vs_1_with_keeper,123,collect_rollout,1712,0,17,0.0,False,False,0.0,0.0,0,0,0,0.0,0.0,0.0,0.0,0.0,1,0.0
,academy_3_vs_1_with_keeper,123,collect_rollout,1713,0,16,-0.003333333181217313,False,False,0.0,0.0,0,0,0,0.0,0.0,0.0,0.0,-0.003333333181217313,1,-0.003333333181217313
,academy_3_vs_1_with_keeper,123,collect_rollout,1714,0,48,-0.027296351501718163,False,False,0.0,0.0,0,0,0,0.0,0.0,0.0,0.0,-0.027296351501718163,1,-0.027296351501718163
,academy_3_vs_1_with_keeper,123,collect_rollout,1715,0,68,-0.17101923245354556,False,False,0.0,0.0,0,0,0,0.0,0.0,0.0,0.0,-0.17101923245354556,1,-0.17101923245354556
,academy_3_vs_1_with_keeper,123,collect_rollout,1716,0,64,1.91270430048462,False,False,0.0,0.0,0,0,0,0.0,0.0,0.0,0.0,1.91270430048462,1,1.91270430048462
,academy_3_vs_1_with_keeper,123,collect_rollout,1717,0,21,-0.006666666362434626,False,False,0.0,0.0,0,0,0,0.0,0.0,0.0,0.0,-0.006666666362434626,1,-0.006666666362434626
,academy_3_vs_1_with_keeper,123,collect_rollout,1718,0,79,0.07796906336443499,False,False,0.0,0.0,0,0,0,0.0,0.0,0.0,0.0,0.07796906336443499,1,0.07796906336443499
,academy_3_vs_1_with_keeper,123,collect_rollout,1719,0,18,-0.009999999543651938,False,False,0.0,0.0,0,0,0,0.0,0.0,0.0,0.0,-0.009999999543651938,1,-0.009999999543651938
,academy_3_vs_1_with_keeper,123,collect_rollout,1720,0,9,0.03390035452321172,False,False,0.0,0.0,0,0,0,0.0,0.0,0.0,0.0,0.03390035452321172,1,0.03390035452321172
,academy_3_vs_1_with_keeper,123,collect_rollout,1721,0,11,0.03347359295003116,False,False,0.0,0.0,0,0,0,0.0,0.0,0.0,0.0,0.03347359295003116,1,0.03347359295003116
,academy_3_vs_1_with_keeper,123,collect_rollout,1722,0,30,0.11976071225944906,False,False,0.0,0.0,0,0,0,0.0,0.0,0.0,0.0,0.11976071225944906,1,0.11976071225944906
,academy_3_vs_1_with_keeper,123,collect_rollout,1723,0,19,-0.016666665906086564,False,False,0.0,0.0,0,0,0,0.0,0.0,0.0,0.0,-0.016666665906086564,1,-0.016666665906086564
,academy_3_vs_1_with_keeper,123,collect_rollout,1724,0,17,-0.003333333181217313,False,False,0.0,0.0,0,0,0,0.0,0.0,0.0,0.0,-0.003333333181217313,1,-0.003333333181217313
,academy_3_vs_1_with_keeper,123,collect_rollout,1725,0,15,-0.009999999543651938,False,False,0.0,0.0,0,0,0,0.0,0.0,0.0,0.0,-0.009999999543651938,1,-0.009999999543651938
,academy_3_vs_1_with_keeper,123,collect_rollout,1726,0,17,-0.009999999543651938,False,False,0.0,0.0,0,0,0,0.0,0.0,0.0,0.0,-0.009999999543651938,1,-0.009999999543651938
,academy_3_vs_1_with_keeper,123,collect_rollout,1727,0,19,-0.009999999543651938,False,False,0.0,0.0,0,0,0,0.0,0.0,0.0,0.0,-0.009999999543651938,1,-0.009999999543651938
,academy_3_vs_1_with_keeper,123,collect_rollout,1728,0,19,-0.013333332724869251,False,False,0.0,0.0,0,0,0,0.0,0.0,0.0,0.0,-0.013333332724869251,1,-0.013333332724869251
,academy_3_vs_1_with_keeper,123,collect_rollout,1729,0,22,-0.009999999543651938,False,False,0.0,0.0,0,0,0,0.0,0.0,0.0,0.0,-0.009999999543651938,1,-0.009999999543651938
,academy_3_vs_1_with_keeper,123,collect_rollout,1730,0,63,-0.03150742989964783,False,False,0.0,0.0,0,0,0,0.0,0.0,0.0,0.0,-0.03150742989964783,1,-0.03150742989964783
,academy_3_vs_1_with_keeper,123,collect_rollout,1731,0,15,0.005702711292542517,False,False,0.0,0.0,0,0,0,0.0,0.0,0.0,0.0,0.005702711292542517,1,0.005702711292542517
,academy_3_vs_1_with_keeper,123,collect_rollout,1732,0,93,-0.3074068667337997,False,False,0.0,0.0,0,0,0,0.0,0.0,0.0,0.0,-0.3074068667337997,1,-0.3074068667337997
,academy_3_vs_1_with_keeper,123,collect_rollout,1733,0,11,0.024129942758008838,False,False,0.0,0.0,0,0,0,0.0,0.0,0.0,0.0,0.024129942758008838,1,0.024129942758008838
,academy_3_vs_1_with_keeper,123,collect_rollout,1734,0,93,0.055633155861869454,False,False,0.0,0.0,0,0,0,0.0,0.0,0.0,0.0,0.055633155861869454,1,0.055633155861869454
,academy_3_vs_1_with_keeper,123,collect_rollout,1735,0,57,-0.10958732129074633,False,False,0.0,0.0,0,0,0,0.0,0.0,0.0,0.0,-0.10958732129074633,1,-0.10958732129074633
,academy_3_vs_1_with_keeper,123,collect_rollout,1736,0,31,2.133978786529042,False,False,0.0,0.0,0,0,0,0.0,0.0,0.0,0.0,2.133978786529042,1,2.133978786529042
,academy_3_vs_1_with_keeper,123,collect_rollout,1737,0,15,0.0,False,False,0.0,0.0,0,0,0,0.0,0.0,0.0,0.0,0.0,1,0.0
,academy_3_vs_1_with_keeper,123,collect_rollout,1738,0,73,-0.17558327964798082,False,False,0.0,0.0,0,0,0,0.0,0.0,0.0,0.0,-0.17558327964798082,1,-0.17558327964798082
,academy_3_vs_1_with_keeper,123,collect_rollout,1739,0,91,0.085476380714681,False,False,0.0,0.0,0,0,0,0.0,0.0,0.0,0.0,0.085476380714681,1,0.085476380714681
,academy_3_vs_1_with_keeper,123,collect_rollout,1740,0,6,0.02068740571849048,False,False,0.0,0.0,0,0,0,0.0,0.0,0.0,0.0,0.02068740571849048,1,0.02068740571849048
,academy_3_vs_1_with_keeper,123,collect_rollout,1741,0,89,-0.22965557011775672,False,False,0.0,0.0,0,0,0,0.0,0.0,0.0,0.0,-0.22965557011775672,1,-0.22965557011775672
,academy_3_vs_1_with_keeper,123,collect_rollout,1742,0,19,-0.006666666362434626,False,False,0.0,0.0,0,0,0,0.0,0.0,0.0,0.0,-0.006666666362434626,1,-0.006666666362434626
,academy_3_vs_1_with_keeper,123,collect_rollout,1743,0,18,-0.013333332724869251,False,False,0.0,0.0,0,0,0,0.0,0.0,0.0,0.0,-0.013333332724869251,1,-0.013333332724869251
,academy_3_vs_1_with_keeper,123,collect_rollout,1744,0,82,0.20216228149365634,False,False,0.0,0.0,0,0,0,0.0,0.0,0.0,0.0,0.20216228149365634,1,0.20216228149365634
,academy_3_vs_1_with_keeper,123,collect_rollout,1745,0,30,2.12368188489927,False,False,0.0,0.0,0,0,0,0.0,0.0,0.0,0.0,2.12368188489927,1,2.12368188489927
,academy_3_vs_1_with_keeper,123,collect_rollout,1746,0,38,2.113766836351715,False,False,0.0,0.0,0,0,0,0.0,0.0,0.0,0.0,2.113766836351715,1,2.113766836351715
,academy_3_vs_1_with_keeper,123,collect_rollout,1747,0,20,-0.006666666362434626,False,False,0.0,0.0,0,0,0,0.0,0.0,0.0,0.0,-0.006666666362434626,1,-0.006666666362434626
,academy_3_vs_1_with_keeper,123,collect_rollout,1748,0,15,-0.006666666362434626,False,False,0.0,0.0,0,0,0,0.0,0.0,0.0,0.0,-0.006666666362434626,1,-0.006666666362434626
,academy_3_vs_1_with_keeper,123,collect_rollout,1749,0,18,-0.006666666362434626,False,False,0.0,0.0,0,0,0,0.0,0.0,0.0,0.0,-0.006666666362434626,1,-0.006666666362434626
,academy_3_vs_1_with_keeper,123,collect_rollout,1750,0,15,0.012224211357533932,False,False,0.0,0.0,0,0,0,0.0,0.0,0.0,0.0,0.012224211357533932,1,0.012224211357533932
,academy_3_vs_1_with_keeper,123,collect_rollout,1751,0,1801,-0.8856556533137336,False,False,0.0,0.0,0,0,0,0.0,0.0,0.0,0.0,-0.8856556533137336,1,-0.8856556533137336
,academy_3_vs_1_with_keeper,123,collect_rollout,1752,0,20,-0.006666666362434626,False,False,0.0,0.0,0,0,0,0.0,0.0,0.0,0.0,-0.006666666362434626,1,-0.006666666362434626
,academy_3_vs_1_with_keeper,123,collect_rollout,1753,0,32,2.1237713341834024,False,False,0.0,0.0,0,0,0,0.0,0.0,0.0,0.0,2.1237713341834024,1,2.1237713341834024
,academy_3_vs_1_with_keeper,123,collect_rollout,1754,0,72,-0.09752723653218709,False,False,0.0,0.0,0,0,0,0.0,0.0,0.0,0.0,-0.09752723653218709,1,-0.09752723653218709
,academy_3_vs_1_with_keeper,123,collect_rollout,1755,0,21,-0.006666666362434626,False,False,0.0,0.0,0,0,0,0.0,0.0,0.0,0.0,-0.006666666362434626,1,-0.006666666362434626
,academy_3_vs_1_with_keeper,123,collect_rollout,1756,0,19,-0.006666666362434626,False,False,0.0,0.0,0,0,0,0.0,0.0,0.0,0.0,-0.006666666362434626,1,-0.006666666362434626
,academy_3_vs_1_with_keeper,123,collect_rollout,1757,0,41,0.025657313875854015,False,False,0.0,0.0,0,0,0,0.0,0.0,0.0,0.0,0.025657313875854015,1,0.025657313875854015
,academy_3_vs_1_with_keeper,123,collect_rollout,1758,0,33,-0.0009788066381588578,False,False,0.0,0.0,0,0,0,0.0,0.0,0.0,0.0,-0.0009788066381588578,1,-0.0009788066381588578
,academy_3_vs_1_with_keeper,123,collect_rollout,1759,0,21,-0.019999999087303877,False,False,0.0,0.0,0,0,0,0.0,0.0,0.0,0.0,-0.019999999087303877,1,-0.019999999087303877
,academy_3_vs_1_with_keeper,123,collect_rollout,1760,0,17,-0.009999999543651938,False,False,0.0,0.0,0,0,0,0.0,0.0,0.0,0.0,-0.009999999543651938,1,-0.009999999543651938
,academy_3_vs_1_with_keeper,123,collect_rollout,1761,0,20,-0.006666666362434626,False,False,0.0,0.0,0,0,0,0.0,0.0,0.0,0.0,-0.006666666362434626,1,-0.006666666362434626
,academy_3_vs_1_with_keeper,123,collect_rollout,1762,0,28,2.1335069665219635,False,False,0.0,0.0,0,0,0,0.0,0.0,0.0,0.0,2.1335069665219635,1,2.1335069665219635
,academy_3_vs_1_with_keeper,123,collect_rollout,1763,0,19,-0.009999999543651938,False,False,0.0,0.0,0,0,0,0.0,0.0,0.0,0.0,-0.009999999543651938,1,-0.009999999543651938
,academy_3_vs_1_with_keeper,123,collect_rollout,1764,0,49,0.09427358565153554,False,False,0.0,0.0,0,0,0,0.0,0.0,0.0,0.0,0.09427358565153554,1,0.09427358565153554
,academy_3_vs_1_with_keeper,123,collect_rollout,1765,0,60,-0.0031450610840693116,False,False,0.0,0.0,0,0,0,0.0,0.0,0.0,0.0,-0.0031450610840693116,1,-0.0031450610840693116
,academy_3_vs_1_with_keeper,123,collect_rollout,1766,0,16,0.0,False,False,0.0,0.0,0,0,0,0.0,0.0,0.0,0.0,0.0,1,0.0
,academy_3_vs_1_with_keeper,123,collect_rollout,1767,0,33,-0.040216488763689995,False,False,0.0,0.0,0,0,0,0.0,0.0,0.0,0.0,-0.040216488763689995,1,-0.040216488763689995
,academy_3_vs_1_with_keeper,123,collect_rollout,1768,0,95,0.10064365353900939,False,False,0.0,0.0,0,0,0,0.0,0.0,0.0,0.0,0.10064365353900939,1,0.10064365353900939
,academy_3_vs_1_with_keeper,123,collect_rollout,1769,0,10,0.04156297899316996,False,False,0.0,0.0,0,0,0,0.0,0.0,0.0,0.0,0.04156297899316996,1,0.04156297899316996
,academy_3_vs_1_with_keeper,123,collect_rollout,1770,0,12,0.01643546059494838,False,False,0.0,0.0,0,0,0,0.0,0.0,0.0,0.0,0.01643546059494838,1,0.01643546059494838
,academy_3_vs_1_with_keeper,123,collect_rollout,1771,0,32,2.142963644466363,False,False,0.0,0.0,0,0,0,0.0,0.0,0.0,0.0,2.142963644466363,1,2.142963644466363
,academy_3_vs_1_with_keeper,123,collect_rollout,1772,0,18,2.1565848169848323,False,False,0.0,0.0,0,0,0,0.0,0.0,0.0,0.0,2.1565848169848323,1,2.1565848169848323
,academy_3_vs_1_with_keeper,123,collect_rollout,1773,0,47,0.05164628889178857,False,False,0.0,0.0,0,0,0,0.0,0.0,0.0,0.0,0.05164628889178857,1,0.05164628889178857
,academy_3_vs_1_with_keeper,123,collect_rollout,1774,0,17,-0.013333332724869251,False,False,0.0,0.0,0,0,0,0.0,0.0,0.0,0.0,-0.013333332724869251,1,-0.013333332724869251
,academy_3_vs_1_with_keeper,123,collect_rollout,1775,0,41,0.1107406502997037,False,False,0.0,0.0,0,0,0,0.0,0.0,0.0,0.0,0.1107406502997037,1,0.1107406502997037
,academy_3_vs_1_with_keeper,123,collect_rollout,1776,0,21,-0.009999999543651938,False,False,0.0,0.0,0,0,0,0.0,0.0,0.0,0.0,-0.009999999543651938,1,-0.009999999543651938
,academy_3_vs_1_with_keeper,123,collect_rollout,1777,0,14,-0.006666666362434626,False,False,0.0,0.0,0,0,0,0.0,0.0,0.0,0.0,-0.006666666362434626,1,-0.006666666362434626
,academy_3_vs_1_with_keeper,123,collect_rollout,1778,0,37,0.11039532232098281,False,False,0.0,0.0,0,0,0,0.0,0.0,0.0,0.0,0.11039532232098281,1,0.11039532232098281
,academy_3_vs_1_with_keeper,123,collect_rollout,1779,0,22,-0.009999999543651938,False,False,0.0,0.0,0,0,0,0.0,0.0,0.0,0.0,-0.009999999543651938,1,-0.009999999543651938
,academy_3_vs_1_with_keeper,123,collect_rollout,1780,0,22,-0.016666665906086564,False,False,0.0,0.0,0,0,0,0.0,0.0,0.0,0.0,-0.016666665906086564,1,-0.016666665906086564
,academy_3_vs_1_with_keeper,123,collect_rollout,1781,0,18,-0.006666666362434626,False,False,0.0,0.0,0,0,0,0.0,0.0,0.0,0.0,-0.006666666362434626,1,-0.006666666362434626
,academy_3_vs_1_with_keeper,123,collect_rollout,1782,0,19,-0.006666666362434626,False,False,0.0,0.0,0,0,0,0.0,0.0,0.0,0.0,-0.006666666362434626,1,-0.006666666362434626
,academy_3_vs_1_with_keeper,123,collect_rollout,1783,0,16,-0.003333333181217313,False,False,0.0,0.0,0,0,0,0.0,0.0,0.0,0.0,-0.003333333181217313,1,-0.003333333181217313
,academy_3_vs_1_with_keeper,123,collect_rollout,1784,0,84,-0.018287089857039973,False,False,0.0,0.0,0,0,0,0.0,0.0,0.0,0.0,-0.018287089857039973,1,-0.018287089857039973
,academy_3_vs_1_with_keeper,123,collect_rollout,1785,0,22,-0.009999999543651938,False,False,0.0,0.0,0,0,0,0.0,0.0,0.0,0.0,-0.009999999543651938,1,-0.009999999543651938
,academy_3_vs_1_with_keeper,123,collect_rollout,1786,0,38,0.051733877044171095,False,False,0.0,0.0,0,0,0,0.0,0.0,0.0,0.0,0.051733877044171095,1,0.051733877044171095
,academy_3_vs_1_with_keeper,123,collect_rollout,1787,0,88,-0.038664705367409624,False,False,0.0,0.0,0,0,0,0.0,0.0,0.0,0.0,-0.038664705367409624,1,-0.038664705367409624
,academy_3_vs_1_with_keeper,123,collect_rollout,1788,0,8,0.024250750429928303,False,False,0.0,0.0,0,0,0,0.0,0.0,0.0,0.0,0.024250750429928303,1,0.024250750429928303
,academy_3_vs_1_with_keeper,123,collect_rollout,1789,0,36,0.08533539285417646,False,False,0.0,0.0,0,0,0,0.0,0.0,0.0,0.0,0.08533539285417646,1,0.08533539285417646
,academy_3_vs_1_with_keeper,123,collect_rollout,1790,0,19,-0.003333333181217313,False,False,0.0,0.0,0,0,0,0.0,0.0,0.0,0.0,-0.003333333181217313,1,-0.003333333181217313
,academy_3_vs_1_with_keeper,123,collect_rollout,1791,0,22,-0.009999999543651938,False,False,0.0,0.0,0,0,0,0.0,0.0,0.0,0.0,-0.009999999543651938,1,-0.009999999543651938
,academy_3_vs_1_with_keeper,123,collect_rollout,1792,0,14,0.0021091304952278733,False,False,0.0,0.0,0,0,0,0.0,0.0,0.0,0.0,0.0021091304952278733,1,0.0021091304952278733
,academy_3_vs_1_with_keeper,123,collect_rollout,1793,0,95,0.09169891243800521,False,False,0.0,0.0,0,0,0,0.0,0.0,0.0,0.0,0.09169891243800521,1,0.09169891243800521
,academy_3_vs_1_with_keeper,123,collect_rollout,1794,0,20,-0.009999999543651938,False,False,0.0,0.0,0,0,0,0.0,0.0,0.0,0.0,-0.009999999543651938,1,-0.009999999543651938
,academy_3_vs_1_with_keeper,123,collect_rollout,1795,0,16,-0.003333333181217313,False,False,0.0,0.0,0,0,0,0.0,0.0,0.0,0.0,-0.003333333181217313,1,-0.003333333181217313
,academy_3_vs_1_with_keeper,123,collect_rollout,1796,0,22,-0.003333333181217313,False,False,0.0,0.0,0,0,0,0.0,0.0,0.0,0.0,-0.003333333181217313,1,-0.003333333181217313
,academy_3_vs_1_with_keeper,123,collect_rollout,1797,0,22,0.0,False,False,0.0,0.0,0,0,0,0.0,0.0,0.0,0.0,0.0,1,0.0
,academy_3_vs_1_with_keeper,123,collect_rollout,1798,0,17,0.0,False,False,0.0,0.0,0,0,0,0.0,0.0,0.0,0.0,0.0,1,0.0
,academy_3_vs_1_with_keeper,123,collect_rollout,1799,0,20,0.0,False,False,0.0,0.0,0,0,0,0.0,0.0,0.0,0.0,0.0,1,0.0
,academy_3_vs_1_with_keeper,123,collect_rollout,1800,0,56,0.3116549241822213,False,False,0.0,0.0,0,0,0,0.0,0.0,0.0,0.0,0.3116549241822213,1,0.3116549241822213
,academy_3_vs_1_with_keeper,123,collect_rollout,1801,0,18,-0.006666666362434626,False,False,0.0,0.0,0,0,0,0.0,0.0,0.0,0.0,-0.006666666362434626,1,-0.006666666362434626
,academy_3_vs_1_with_keeper,123,collect_rollout,1802,0,18,-0.009999999543651938,False,False,0.0,0.0,0,0,0,0.0,0.0,0.0,0.0,-0.009999999543651938,1,-0.009999999543651938
,academy_3_vs_1_with_keeper,123,collect_rollout,1803,0,96,0.36006055859616026,False,False,0.0,0.0,0,0,0,0.0,0.0,0.0,0.0,0.36006055859616026,1,0.36006055859616026
,academy_3_vs_1_with_keeper,123,collect_rollout,1804,0,18,-0.013333332724869251,False,False,0.0,0.0,0,0,0,0.0,0.0,0.0,0.0,-0.013333332724869251,1,-0.013333332724869251
,academy_3_vs_1_with_keeper,123,collect_rollout,1805,0,91,-0.03589804156217724,False,False,0.0,0.0,0,0,0,0.0,0.0,0.0,0.0,-0.03589804156217724,1,-0.03589804156217724
,academy_3_vs_1_with_keeper,123,collect_rollout,1806,0,39,2.1223694510990754,False,False,0.0,0.0,0,0,0,0.0,0.0,0.0,0.0,2.1223694510990754,1,2.1223694510990754
,academy_3_vs_1_with_keeper,123,collect_rollout,1807,0,20,-0.006666666362434626,False,False,0.0,0.0,0,0,0,0.0,0.0,0.0,0.0,-0.006666666362434626,1,-0.006666666362434626
,academy_3_vs_1_with_keeper,123,collect_rollout,1808,0,17,-0.006666666362434626,False,False,0.0,0.0,0,0,0,0.0,0.0,0.0,0.0,-0.006666666362434626,1,-0.006666666362434626
,academy_3_vs_1_with_keeper,123,collect_rollout,1809,0,24,-0.013333332724869251,False,False,0.0,0.0,0,0,0,0.0,0.0,0.0,0.0,-0.013333332724869251,1,-0.013333332724869251
,academy_3_vs_1_with_keeper,123,collect_rollout,1810,0,19,-0.009999999543651938,False,False,0.0,0.0,0,0,0,0.0,0.0,0.0,0.0,-0.009999999543651938,1,-0.009999999543651938
,academy_3_vs_1_with_keeper,123,collect_rollout,1811,0,49,0.01844287960557267,False,False,0.0,0.0,0,0,0,0.0,0.0,0.0,0.0,0.01844287960557267,1,0.01844287960557267
,academy_3_vs_1_with_keeper,123,collect_rollout,1812,0,16,0.0,False,False,0.0,0.0,0,0,0,0.0,0.0,0.0,0.0,0.0,1,0.0
,academy_3_vs_1_with_keeper,123,collect_rollout,1813,0,7,0.045084180776029825,False,False,0.0,0.0,0,0,0,0.0,0.0,0.0,0.0,0.045084180776029825,1,0.045084180776029825
,academy_3_vs_1_with_keeper,123,collect_rollout,1814,0,19,-0.009999999543651938,False,False,0.0,0.0,0,0,0,0.0,0.0,0.0,0.0,-0.009999999543651938,1,-0.009999999543651938
,academy_3_vs_1_with_keeper,123,collect_rollout,1815,0,84,0.05696224537678063,False,False,0.0,0.0,0,0,0,0.0,0.0,0.0,0.0,0.05696224537678063,1,0.05696224537678063
,academy_3_vs_1_with_keeper,123,collect_rollout,1816,0,16,-0.009999999543651938,False,False,0.0,0.0,0,0,0,0.0,0.0,0.0,0.0,-0.009999999543651938,1,-0.009999999543651938
,academy_3_vs_1_with_keeper,123,collect_rollout,1817,0,20,-0.009999999543651938,False,False,0.0,0.0,0,0,0,0.0,0.0,0.0,0.0,-0.009999999543651938,1,-0.009999999543651938
,academy_3_vs_1_with_keeper,123,collect_rollout,1818,0,40,0.11688000400317833,False,False,0.0,0.0,0,0,0,0.0,0.0,0.0,0.0,0.11688000400317833,1,0.11688000400317833
,academy_3_vs_1_with_keeper,123,collect_rollout,1819,0,19,-0.003333333181217313,False,False,0.0,0.0,0,0,0,0.0,0.0,0.0,0.0,-0.003333333181217313,1,-0.003333333181217313
,academy_3_vs_1_with_keeper,123,collect_rollout,1820,0,15,0.012394803925417364,False,False,0.0,0.0,0,0,0,0.0,0.0,0.0,0.0,0.012394803925417364,1,0.012394803925417364
,academy_3_vs_1_with_keeper,123,collect_rollout,1821,0,17,-0.006666666362434626,False,False,0.0,0.0,0,0,0,0.0,0.0,0.0,0.0,-0.006666666362434626,1,-0.006666666362434626
,academy_3_vs_1_with_keeper,123,collect_rollout,1822,0,85,-0.07833352463785559,False,False,0.0,0.0,0,0,0,0.0,0.0,0.0,0.0,-0.07833352463785559,1,-0.07833352463785559
,academy_3_vs_1_with_keeper,123,collect_rollout,1823,0,7,0.04145789938047528,False,False,0.0,0.0,0,0,0,0.0,0.0,0.0,0.0,0.04145789938047528,1,0.04145789938047528
,academy_3_vs_1_with_keeper,123,collect_rollout,1824,0,91,-0.07430046063382179,False,False,0.0,0.0,0,0,0,0.0,0.0,0.0,0.0,-0.07430046063382179,1,-0.07430046063382179
,academy_3_vs_1_with_keeper,123,collect_rollout,1825,0,1801,-0.7061367524147499,False,False,0.0,0.0,0,0,0,0.0,0.0,0.0,0.0,-0.7061367524147499,1,-0.7061367524147499
,academy_3_vs_1_with_keeper,123,collect_rollout,1826,0,70,1.9518460131948814,False,False,0.0,0.0,0,0,0,0.0,0.0,0.0,0.0,1.9518460131948814,1,1.9518460131948814
,academy_3_vs_1_with_keeper,123,collect_rollout,1827,0,7,0.042086958419531584,False,False,0.0,0.0,0,0,0,0.0,0.0,0.0,0.0,0.042086958419531584,1,0.042086958419531584
,academy_3_vs_1_with_keeper,123,collect_rollout,1828,0,14,-0.003333333181217313,False,False,0.0,0.0,0,0,0,0.0,0.0,0.0,0.0,-0.003333333181217313,1,-0.003333333181217313
,academy_3_vs_1_with_keeper,123,collect_rollout,1829,0,16,-0.003333333181217313,False,False,0.0,0.0,0,0,0,0.0,0.0,0.0,0.0,-0.003333333181217313,1,-0.003333333181217313
,academy_3_vs_1_with_keeper,123,collect_rollout,1830,0,90,0.012690421659499407,False,False,0.0,0.0,0,0,0,0.0,0.0,0.0,0.0,0.012690421659499407,1,0.012690421659499407
,academy_3_vs_1_with_keeper,123,collect_rollout,1831,0,17,-0.009999999543651938,False,False,0.0,0.0,0,0,0,0.0,0.0,0.0,0.0,-0.009999999543651938,1,-0.009999999543651938
,academy_3_vs_1_with_keeper,123,collect_rollout,1832,0,88,0.10573385440511629,False,False,0.0,0.0,0,0,0,0.0,0.0,0.0,0.0,0.10573385440511629,1,0.10573385440511629
,academy_3_vs_1_with_keeper,123,collect_rollout,1833,0,149,-0.053333330899477005,False,False,0.0,0.0,0,0,0,0.0,0.0,0.0,0.0,-0.053333330899477005,1,-0.053333330899477005
,academy_3_vs_1_with_keeper,123,collect_rollout,1834,0,15,-0.009999999543651938,False,False,0.0,0.0,0,0,0,0.0,0.0,0.0,0.0,-0.009999999543651938,1,-0.009999999543651938
,academy_3_vs_1_with_keeper,123,collect_rollout,1835,0,22,-0.006666666362434626,False,False,0.0,0.0,0,0,0,0.0,0.0,0.0,0.0,-0.006666666362434626,1,-0.006666666362434626
,academy_3_vs_1_with_keeper,123,collect_rollout,1836,0,17,0.0,False,False,0.0,0.0,0,0,0,0.0,0.0,0.0,0.0,0.0,1,0.0
,academy_3_vs_1_with_keeper,123,collect_rollout,1837,0,19,0.0,False,False,0.0,0.0,0,0,0,0.0,0.0,0.0,0.0,0.0,1,0.0
,academy_3_vs_1_with_keeper,123,collect_rollout,1838,0,28,2.134762742789462,False,False,0.0,0.0,0,0,0,0.0,0.0,0.0,0.0,2.134762742789462,1,2.134762742789462
,academy_3_vs_1_with_keeper,123,collect_rollout,1839,0,20,-0.003333333181217313,False,False,0.0,0.0,0,0,0,0.0,0.0,0.0,0.0,-0.003333333181217313,1,-0.003333333181217313
,academy_3_vs_1_with_keeper,123,collect_rollout,1840,0,85,-0.20560123363975435,False,False,0.0,0.0,0,0,0,0.0,0.0,0.0,0.0,-0.20560123363975435,1,-0.20560123363975435
,academy_3_vs_1_with_keeper,123,collect_rollout,1841,0,32,2.148538435343653,False,False,0.0,0.0,0,0,0,0.0,0.0,0.0,0.0,2.148538435343653,1,2.148538435343653
,academy_3_vs_1_with_keeper,123,collect_rollout,1842,0,20,-0.003333333181217313,False,False,0.0,0.0,0,0,0,0.0,0.0,0.0,0.0,-0.003333333181217313,1,-0.003333333181217313
,academy_3_vs_1_with_keeper,123,collect_rollout,1843,0,21,-0.009999999543651938,False,False,0.0,0.0,0,0,0,0.0,0.0,0.0,0.0,-0.009999999543651938,1,-0.009999999543651938
,academy_3_vs_1_with_keeper,123,collect_rollout,1844,0,17,-0.006666666362434626,False,False,0.0,0.0,0,0,0,0.0,0.0,0.0,0.0,-0.006666666362434626,1,-0.006666666362434626
,academy_3_vs_1_with_keeper,123,collect_rollout,1845,0,95,0.10451241198461503,False,False,0.0,0.0,0,0,0,0.0,0.0,0.0,0.0,0.10451241198461503,1,0.10451241198461503
,academy_3_vs_1_with_keeper,123,collect_rollout,1846,0,66,-0.08934063417837024,False,False,0.0,0.0,0,0,0,0.0,0.0,0.0,0.0,-0.08934063417837024,1,-0.08934063417837024
,academy_3_vs_1_with_keeper,123,collect_rollout,1847,0,18,-0.003333333181217313,False,False,0.0,0.0,0,0,0,0.0,0.0,0.0,0.0,-0.003333333181217313,1,-0.003333333181217313
,academy_3_vs_1_with_keeper,123,collect_rollout,1848,0,16,-0.006666666362434626,False,False,0.0,0.0,0,0,0,0.0,0.0,0.0,0.0,-0.006666666362434626,1,-0.006666666362434626
,academy_3_vs_1_with_keeper,123,collect_rollout,1849,0,48,0.04767300613457337,False,False,0.0,0.0,0,0,0,0.0,0.0,0.0,0.0,0.04767300613457337,1,0.04767300613457337
,academy_3_vs_1_with_keeper,123,collect_rollout,1850,0,16,-0.003333333181217313,False,False,0.0,0.0,0,0,0,0.0,0.0,0.0,0.0,-0.003333333181217313,1,-0.003333333181217313
,academy_3_vs_1_with_keeper,123,collect_rollout,1851,0,71,-0.09855491295456886,False,False,0.0,0.0,0,0,0,0.0,0.0,0.0,0.0,-0.09855491295456886,1,-0.09855491295456886
,academy_3_vs_1_with_keeper,123,collect_rollout,1852,0,276,-0.08769799442961812,False,False,0.0,0.0,0,0,0,0.0,0.0,0.0,0.0,-0.08769799442961812,1,-0.08769799442961812
,academy_3_vs_1_with_keeper,123,collect_rollout,1853,0,7,0.03918618941679597,False,False,0.0,0.0,0,0,0,0.0,0.0,0.0,0.0,0.03918618941679597,1,0.03918618941679597
,academy_3_vs_1_with_keeper,123,collect_rollout,1854,0,61,0.1432958238874562,False,False,0.0,0.0,0,0,0,0.0,0.0,0.0,0.0,0.1432958238874562,1,0.1432958238874562
,academy_3_vs_1_with_keeper,123,collect_rollout,1855,0,21,-0.006666666362434626,False,False,0.0,0.0,0,0,0,0.0,0.0,0.0,0.0,-0.006666666362434626,1,-0.006666666362434626
,academy_3_vs_1_with_keeper,123,collect_rollout,1856,0,150,-0.29192397790029645,False,False,0.0,0.0,0,0,0,0.0,0.0,0.0,0.0,-0.29192397790029645,1,-0.29192397790029645
,academy_3_vs_1_with_keeper,123,collect_rollout,1857,0,23,-0.003333333181217313,False,False,0.0,0.0,0,0,0,0.0,0.0,0.0,0.0,-0.003333333181217313,1,-0.003333333181217313
,academy_3_vs_1_with_keeper,123,collect_rollout,1858,0,88,0.11745739103935193,False,False,0.0,0.0,0,0,0,0.0,0.0,0.0,0.0,0.11745739103935193,1,0.11745739103935193
,academy_3_vs_1_with_keeper,123,collect_rollout,1859,0,33,2.1256717247888446,False,False,0.0,0.0,0,0,0,0.0,0.0,0.0,0.0,2.1256717247888446,1,2.1256717247888446
,academy_3_vs_1_with_keeper,123,collect_rollout,1860,0,28,2.149359881877899,False,False,0.0,0.0,0,0,0,0.0,0.0,0.0,0.0,2.149359881877899,1,2.149359881877899
,academy_3_vs_1_with_keeper,123,collect_rollout,1861,0,89,-0.2972238811198622,False,False,0.0,0.0,0,0,0,0.0,0.0,0.0,0.0,-0.2972238811198622,1,-0.2972238811198622
,academy_3_vs_1_with_keeper,123,collect_rollout,1862,0,19,-0.003333333181217313,False,False,0.0,0.0,0,0,0,0.0,0.0,0.0,0.0,-0.003333333181217313,1,-0.003333333181217313
,academy_3_vs_1_with_keeper,123,collect_rollout,1863,0,17,-0.003333333181217313,False,False,0.0,0.0,0,0,0,0.0,0.0,0.0,0.0,-0.003333333181217313,1,-0.003333333181217313
,academy_3_vs_1_with_keeper,123,collect_rollout,1864,0,32,0.12540538143366575,False,False,0.0,0.0,0,0,0,0.0,0.0,0.0,0.0,0.12540538143366575,1,0.12540538143366575
,academy_3_vs_1_with_keeper,123,collect_rollout,1865,0,21,-0.003333333181217313,False,False,0.0,0.0,0,0,0,0.0,0.0,0.0,0.0,-0.003333333181217313,1,-0.003333333181217313
,academy_3_vs_1_with_keeper,123,collect_rollout,1866,0,86,0.012728853966109455,False,False,0.0,0.0,0,0,0,0.0,0.0,0.0,0.0,0.012728853966109455,1,0.012728853966109455
,academy_3_vs_1_with_keeper,123,collect_rollout,1867,0,20,-0.006666666362434626,False,False,0.0,0.0,0,0,0,0.0,0.0,0.0,0.0,-0.006666666362434626,1,-0.006666666362434626
,academy_3_vs_1_with_keeper,123,collect_rollout,1868,0,20,-0.006666666362434626,False,False,0.0,0.0,0,0,0,0.0,0.0,0.0,0.0,-0.006666666362434626,1,-0.006666666362434626
,academy_3_vs_1_with_keeper,123,collect_rollout,1869,0,55,0.0010730186477303505,False,False,0.0,0.0,0,0,0,0.0,0.0,0.0,0.0,0.0010730186477303505,1,0.0010730186477303505
,academy_3_vs_1_with_keeper,123,collect_rollout,1870,0,6,0.037375835701823235,False,False,0.0,0.0,0,0,0,0.0,0.0,0.0,0.0,0.037375835701823235,1,0.037375835701823235
,academy_3_vs_1_with_keeper,123,collect_rollout,1871,0,21,-0.003333333181217313,False,False,0.0,0.0,0,0,0,0.0,0.0,0.0,0.0,-0.003333333181217313,1,-0.003333333181217313
,academy_3_vs_1_with_keeper,123,collect_rollout,1872,0,15,-0.003333333181217313,False,False,0.0,0.0,0,0,0,0.0,0.0,0.0,0.0,-0.003333333181217313,1,-0.003333333181217313
,academy_3_vs_1_with_keeper,123,collect_rollout,1873,0,10,0.032073882524855435,False,False,0.0,0.0,0,0,0,0.0,0.0,0.0,0.0,0.032073882524855435,1,0.032073882524855435
,academy_3_vs_1_with_keeper,123,collect_rollout,1874,0,86,-0.3589474225882441,False,False,0.0,0.0,0,0,0,0.0,0.0,0.0,0.0,-0.3589474225882441,1,-0.3589474225882441
,academy_3_vs_1_with_keeper,123,collect_rollout,1875,0,34,0.0793839899415616,False,False,0.0,0.0,0,0,0,0.0,0.0,0.0,0.0,0.0793839899415616,1,0.0793839899415616
,academy_3_vs_1_with_keeper,123,collect_rollout,1876,0,79,0.031241857795976102,False,False,0.0,0.0,0,0,0,0.0,0.0,0.0,0.0,0.031241857795976102,1,0.031241857795976102
,academy_3_vs_1_with_keeper,123,collect_rollout,1877,0,18,-0.003333333181217313,False,False,0.0,0.0,0,0,0,0.0,0.0,0.0,0.0,-0.003333333181217313,1,-0.003333333181217313
,academy_3_vs_1_with_keeper,123,collect_rollout,1878,0,39,2.0638563849497586,False,False,0.0,0.0,0,0,0,0.0,0.0,0.0,0.0,2.0638563849497586,1,2.0638563849497586
,academy_3_vs_1_with_keeper,123,collect_rollout,1879,0,29,2.138265859801322,False,False,0.0,0.0,0,0,0,0.0,0.0,0.0,0.0,2.138265859801322,1,2.138265859801322
,academy_3_vs_1_with_keeper,123,collect_rollout,1880,0,10,0.024866239982657135,False,False,0.0,0.0,0,0,0,0.0,0.0,0.0,0.0,0.024866239982657135,1,0.024866239982657135
,academy_3_vs_1_with_keeper,123,collect_rollout,1881,0,17,-0.003333333181217313,False,False,0.0,0.0,0,0,0,0.0,0.0,0.0,0.0,-0.003333333181217313,1,-0.003333333181217313
,academy_3_vs_1_with_keeper,123,collect_rollout,1882,0,43,0.03450784710003063,False,False,0.0,0.0,0,0,0,0.0,0.0,0.0,0.0,0.03450784710003063,1,0.03450784710003063
,academy_3_vs_1_with_keeper,123,collect_rollout,1883,0,19,-0.016666665906086564,False,False,0.0,0.0,0,0,0,0.0,0.0,0.0,0.0,-0.016666665906086564,1,-0.016666665906086564
,academy_3_vs_1_with_keeper,123,collect_rollout,1884,0,18,-0.006666666362434626,False,False,0.0,0.0,0,0,0,0.0,0.0,0.0,0.0,-0.006666666362434626,1,-0.006666666362434626
,academy_3_vs_1_with_keeper,123,collect_rollout,1885,0,17,-0.02333333226852119,False,False,0.0,0.0,0,0,0,0.0,0.0,0.0,0.0,-0.02333333226852119,1,-0.02333333226852119
,academy_3_vs_1_with_keeper,123,collect_rollout,1886,0,21,-0.003333333181217313,False,False,0.0,0.0,0,0,0,0.0,0.0,0.0,0.0,-0.003333333181217313,1,-0.003333333181217313
,academy_3_vs_1_with_keeper,123,collect_rollout,1887,0,18,-0.003333333181217313,False,False,0.0,0.0,0,0,0,0.0,0.0,0.0,0.0,-0.003333333181217313,1,-0.003333333181217313
,academy_3_vs_1_with_keeper,123,collect_rollout,1888,0,124,-0.0809866739436984,False,False,0.0,0.0,0,0,0,0.0,0.0,0.0,0.0,-0.0809866739436984,1,-0.0809866739436984
,academy_3_vs_1_with_keeper,123,collect_rollout,1889,0,15,0.012822309276089072,False,False,0.0,0.0,0,0,0,0.0,0.0,0.0,0.0,0.012822309276089072,1,0.012822309276089072
,academy_3_vs_1_with_keeper,123,collect_rollout,1890,0,17,0.0,False,False,0.0,0.0,0,0,0,0.0,0.0,0.0,0.0,0.0,1,0.0
,academy_3_vs_1_with_keeper,123,collect_rollout,1891,0,49,-0.036455055815167725,False,False,0.0,0.0,0,0,0,0.0,0.0,0.0,0.0,-0.036455055815167725,1,-0.036455055815167725
,academy_3_vs_1_with_keeper,123,collect_rollout,1892,0,20,-0.003333333181217313,False,False,0.0,0.0,0,0,0,0.0,0.0,0.0,0.0,-0.003333333181217313,1,-0.003333333181217313
,academy_3_vs_1_with_keeper,123,collect_rollout,1893,0,54,0.1190555983921513,False,False,0.0,0.0,0,0,0,0.0,0.0,0.0,0.0,0.1190555983921513,1,0.1190555983921513
,academy_3_vs_1_with_keeper,123,collect_rollout,1894,0,67,-0.0570992270950228,False,False,0.0,0.0,0,0,0,0.0,0.0,0.0,0.0,-0.0570992270950228,1,-0.0570992270950228
,academy_3_vs_1_with_keeper,123,collect_rollout,1895,0,19,-0.009999999543651938,False,False,0.0,0.0,0,0,0,0.0,0.0,0.0,0.0,-0.009999999543651938,1,-0.009999999543651938
,academy_3_vs_1_with_keeper,123,collect_rollout,1896,0,23,-0.013333332724869251,False,False,0.0,0.0,0,0,0,0.0,0.0,0.0,0.0,-0.013333332724869251,1,-0.013333332724869251
,academy_3_vs_1_with_keeper,123,collect_rollout,1897,0,18,-0.013333332724869251,False,False,0.0,0.0,0,0,0,0.0,0.0,0.0,0.0,-0.013333332724869251,1,-0.013333332724869251
,academy_3_vs_1_with_keeper,123,collect_rollout,1898,0,16,0.0,False,False,0.0,0.0,0,0,0,0.0,0.0,0.0,0.0,0.0,1,0.0
,academy_3_vs_1_with_keeper,123,collect_rollout,1899,0,33,0.10562209257477662,False,False,0.0,0.0,0,0,0,0.0,0.0,0.0,0.0,0.10562209257477662,1,0.10562209257477662
,academy_3_vs_1_with_keeper,123,collect_rollout,1900,0,19,-0.006666666362434626,False,False,0.0,0.0,0,0,0,0.0,0.0,0.0,0.0,-0.006666666362434626,1,-0.006666666362434626
,academy_3_vs_1_with_keeper,123,collect_rollout,1901,0,15,0.0,False,False,0.0,0.0,0,0,0,0.0,0.0,0.0,0.0,0.0,1,0.0
,academy_3_vs_1_with_keeper,123,collect_rollout,1902,0,13,-0.003333333181217313,False,False,0.0,0.0,0,0,0,0.0,0.0,0.0,0.0,-0.003333333181217313,1,-0.003333333181217313
,academy_3_vs_1_with_keeper,123,collect_rollout,1903,0,55,0.03672937129158527,False,False,0.0,0.0,0,0,0,0.0,0.0,0.0,0.0,0.03672937129158527,1,0.03672937129158527
,academy_3_vs_1_with_keeper,123,collect_rollout,1904,0,15,-0.006666666362434626,False,False,0.0,0.0,0,0,0,0.0,0.0,0.0,0.0,-0.006666666362434626,1,-0.006666666362434626
,academy_3_vs_1_with_keeper,123,collect_rollout,1905,0,9,0.039198500104248524,False,False,0.0,0.0,0,0,0,0.0,0.0,0.0,0.0,0.039198500104248524,1,0.039198500104248524
,academy_3_vs_1_with_keeper,123,collect_rollout,1906,0,20,-0.003333333181217313,False,False,0.0,0.0,0,0,0,0.0,0.0,0.0,0.0,-0.003333333181217313,1,-0.003333333181217313
,academy_3_vs_1_with_keeper,123,collect_rollout,1907,0,41,2.1062488462775946,False,False,0.0,0.0,0,0,0,0.0,0.0,0.0,0.0,2.1062488462775946,1,2.1062488462775946
,academy_3_vs_1_with_keeper,123,collect_rollout,1908,0,31,0.09031402168329805,False,False,0.0,0.0,0,0,0,0.0,0.0,0.0,0.0,0.09031402168329805,1,0.09031402168329805
,academy_3_vs_1_with_keeper,123,collect_rollout,1909,0,22,-0.009999999543651938,False,False,0.0,0.0,0,0,0,0.0,0.0,0.0,0.0,-0.009999999543651938,1,-0.009999999543651938
,academy_3_vs_1_with_keeper,123,collect_rollout,1910,0,29,0.10837881616316736,False,False,0.0,0.0,0,0,0,0.0,0.0,0.0,0.0,0.10837881616316736,1,0.10837881616316736
,academy_3_vs_1_with_keeper,123,collect_rollout,1911,0,18,-0.009999999543651938,False,False,0.0,0.0,0,0,0,0.0,0.0,0.0,0.0,-0.009999999543651938,1,-0.009999999543651938
,academy_3_vs_1_with_keeper,123,collect_rollout,1912,0,14,0.022228183457627892,False,False,0.0,0.0,0,0,0,0.0,0.0,0.0,0.0,0.022228183457627892,1,0.022228183457627892
,academy_3_vs_1_with_keeper,123,collect_rollout,1913,0,17,-0.006666666362434626,False,False,0.0,0.0,0,0,0,0.0,0.0,0.0,0.0,-0.006666666362434626,1,-0.006666666362434626
,academy_3_vs_1_with_keeper,123,collect_rollout,1914,0,17,-0.003333333181217313,False,False,0.0,0.0,0,0,0,0.0,0.0,0.0,0.0,-0.003333333181217313,1,-0.003333333181217313
,academy_3_vs_1_with_keeper,123,collect_rollout,1915,0,54,0.11873454810120165,False,False,0.0,0.0,0,0,0,0.0,0.0,0.0,0.0,0.11873454810120165,1,0.11873454810120165
,academy_3_vs_1_with_keeper,123,collect_rollout,1916,0,148,0.35777317988686264,False,False,0.0,0.0,0,0,0,0.0,0.0,0.0,0.0,0.35777317988686264,1,0.35777317988686264
,academy_3_vs_1_with_keeper,123,collect_rollout,1917,0,18,-0.003333333181217313,False,False,0.0,0.0,0,0,0,0.0,0.0,0.0,0.0,-0.003333333181217313,1,-0.003333333181217313
,academy_3_vs_1_with_keeper,123,collect_rollout,1918,0,24,2.140796463470906,False,False,0.0,0.0,0,0,0,0.0,0.0,0.0,0.0,2.140796463470906,1,2.140796463470906
,academy_3_vs_1_with_keeper,123,collect_rollout,1919,0,22,-0.013333332724869251,False,False,0.0,0.0,0,0,0,0.0,0.0,0.0,0.0,-0.013333332724869251,1,-0.013333332724869251
,academy_3_vs_1_with_keeper,123,collect_rollout,1920,0,17,-0.003333333181217313,False,False,0.0,0.0,0,0,0,0.0,0.0,0.0,0.0,-0.003333333181217313,1,-0.003333333181217313
,academy_3_vs_1_with_keeper,123,collect_rollout,1921,0,15,-0.006666666362434626,False,False,0.0,0.0,0,0,0,0.0,0.0,0.0,0.0,-0.006666666362434626,1,-0.006666666362434626
,academy_3_vs_1_with_keeper,123,collect_rollout,1922,0,21,0.0,False,False,0.0,0.0,0,0,0,0.0,0.0,0.0,0.0,0.0,1,0.0
,academy_3_vs_1_with_keeper,123,collect_rollout,1923,0,80,0.07852115684363525,False,False,0.0,0.0,0,0,0,0.0,0.0,0.0,0.0,0.07852115684363525,1,0.07852115684363525
,academy_3_vs_1_with_keeper,123,collect_rollout,1924,0,15,-0.003333333181217313,False,False,0.0,0.0,0,0,0,0.0,0.0,0.0,0.0,-0.003333333181217313,1,-0.003333333181217313
,academy_3_vs_1_with_keeper,123,collect_rollout,1925,0,18,-0.009999999543651938,False,False,0.0,0.0,0,0,0,0.0,0.0,0.0,0.0,-0.009999999543651938,1,-0.009999999543651938
,academy_3_vs_1_with_keeper,123,collect_rollout,1926,0,30,0.11379403166938573,False,False,0.0,0.0,0,0,0,0.0,0.0,0.0,0.0,0.11379403166938573,1,0.11379403166938573
,academy_3_vs_1_with_keeper,123,collect_rollout,1927,0,19,-0.016666665906086564,False,False,0.0,0.0,0,0,0,0.0,0.0,0.0,0.0,-0.016666665906086564,1,-0.016666665906086564
,academy_3_vs_1_with_keeper,123,collect_rollout,1928,0,16,-0.006666666362434626,False,False,0.0,0.0,0,0,0,0.0,0.0,0.0,0.0,-0.006666666362434626,1,-0.006666666362434626
,academy_3_vs_1_with_keeper,123,collect_rollout,1929,0,36,2.131548167904839,False,False,0.0,0.0,0,0,0,0.0,0.0,0.0,0.0,2.131548167904839,1,2.131548167904839
,academy_3_vs_1_with_keeper,123,collect_rollout,1930,0,12,0.008025800809264183,False,False,0.0,0.0,0,0,0,0.0,0.0,0.0,0.0,0.008025800809264183,1,0.008025800809264183
,academy_3_vs_1_with_keeper,123,collect_rollout,1931,0,21,-0.006666666362434626,False,False,0.0,0.0,0,0,0,0.0,0.0,0.0,0.0,-0.006666666362434626,1,-0.006666666362434626
,academy_3_vs_1_with_keeper,123,collect_rollout,1932,0,20,-0.009999999543651938,False,False,0.0,0.0,0,0,0,0.0,0.0,0.0,0.0,-0.009999999543651938,1,-0.009999999543651938
,academy_3_vs_1_with_keeper,123,collect_rollout,1933,0,15,-0.003333333181217313,False,False,0.0,0.0,0,0,0,0.0,0.0,0.0,0.0,-0.003333333181217313,1,-0.003333333181217313
,academy_3_vs_1_with_keeper,123,collect_rollout,1934,0,55,0.007505793822929263,False,False,0.0,0.0,0,0,0,0.0,0.0,0.0,0.0,0.007505793822929263,1,0.007505793822929263
,academy_3_vs_1_with_keeper,123,collect_rollout,1935,0,99,-0.18723180703818798,False,False,0.0,0.0,0,0,0,0.0,0.0,0.0,0.0,-0.18723180703818798,1,-0.18723180703818798
,academy_3_vs_1_with_keeper,123,collect_rollout,1936,0,46,0.2953400523401797,False,False,0.0,0.0,0,0,0,0.0,0.0,0.0,0.0,0.2953400523401797,1,0.2953400523401797
,academy_3_vs_1_with_keeper,123,collect_rollout,1937,0,21,-0.006666666362434626,False,False,0.0,0.0,0,0,0,0.0,0.0,0.0,0.0,-0.006666666362434626,1,-0.006666666362434626
,academy_3_vs_1_with_keeper,123,collect_rollout,1938,0,14,-0.006666666362434626,False,False,0.0,0.0,0,0,0,0.0,0.0,0.0,0.0,-0.006666666362434626,1,-0.006666666362434626
,academy_3_vs_1_with_keeper,123,collect_rollout,1939,0,18,-0.006666666362434626,False,False,0.0,0.0,0,0,0,0.0,0.0,0.0,0.0,-0.006666666362434626,1,-0.006666666362434626
,academy_3_vs_1_with_keeper,123,collect_rollout,1940,0,16,-0.009999999543651938,False,False,0.0,0.0,0,0,0,0.0,0.0,0.0,0.0,-0.009999999543651938,1,-0.009999999543651938
,academy_3_vs_1_with_keeper,123,collect_rollout,1941,0,19,-0.009999999543651938,False,False,0.0,0.0,0,0,0,0.0,0.0,0.0,0.0,-0.009999999543651938,1,-0.009999999543651938
,academy_3_vs_1_with_keeper,123,collect_rollout,1942,0,24,2.127224857220426,False,False,0.0,0.0,0,0,0,0.0,0.0,0.0,0.0,2.127224857220426,1,2.127224857220426
,academy_3_vs_1_with_keeper,123,collect_rollout,1943,0,35,2.135357603430748,False,False,0.0,0.0,0,0,0,0.0,0.0,0.0,0.0,2.135357603430748,1,2.135357603430748
,academy_3_vs_1_with_keeper,123,collect_rollout,1944,0,18,-0.003333333181217313,False,False,0.0,0.0,0,0,0,0.0,0.0,0.0,0.0,-0.003333333181217313,1,-0.003333333181217313
,academy_3_vs_1_with_keeper,123,collect_rollout,1945,0,43,2.0539429550990462,False,False,0.0,0.0,0,0,0,0.0,0.0,0.0,0.0,2.0539429550990462,1,2.0539429550990462
,academy_3_vs_1_with_keeper,123,collect_rollout,1946,0,46,-0.023498655180446804,False,False,0.0,0.0,0,0,0,0.0,0.0,0.0,0.0,-0.023498655180446804,1,-0.023498655180446804
,academy_3_vs_1_with_keeper,123,collect_rollout,1947,0,19,-0.009999999543651938,False,False,0.0,0.0,0,0,0,0.0,0.0,0.0,0.0,-0.009999999543651938,1,-0.009999999543651938
,academy_3_vs_1_with_keeper,123,collect_rollout,1948,0,43,0.011869255569763482,False,False,0.0,0.0,0,0,0,0.0,0.0,0.0,0.0,0.011869255569763482,1,0.011869255569763482
,academy_3_vs_1_with_keeper,123,collect_rollout,1949,0,20,-0.006666666362434626,False,False,0.0,0.0,0,0,0,0.0,0.0,0.0,0.0,-0.006666666362434626,1,-0.006666666362434626
,academy_3_vs_1_with_keeper,123,collect_rollout,1950,0,14,-0.009999999543651938,False,False,0.0,0.0,0,0,0,0.0,0.0,0.0,0.0,-0.009999999543651938,1,-0.009999999543651938
,academy_3_vs_1_with_keeper,123,collect_rollout,1951,0,17,-0.006666666362434626,False,False,0.0,0.0,0,0,0,0.0,0.0,0.0,0.0,-0.006666666362434626,1,-0.006666666362434626
,academy_3_vs_1_with_keeper,123,collect_rollout,1952,0,18,-0.009999999543651938,False,False,0.0,0.0,0,0,0,0.0,0.0,0.0,0.0,-0.009999999543651938,1,-0.009999999543651938
,academy_3_vs_1_with_keeper,123,collect_rollout,1953,0,14,0.009468968259170651,False,False,0.0,0.0,0,0,0,0.0,0.0,0.0,0.0,0.009468968259170651,1,0.009468968259170651
,academy_3_vs_1_with_keeper,123,collect_rollout,1954,0,1801,-0.836741839768365,False,False,0.0,0.0,0,0,0,0.0,0.0,0.0,0.0,-0.836741839768365,1,-0.836741839768365
,academy_3_vs_1_with_keeper,123,collect_rollout,1955,0,20,-0.009999999543651938,False,False,0.0,0.0,0,0,0,0.0,0.0,0.0,0.0,-0.009999999543651938,1,-0.009999999543651938
,academy_3_vs_1_with_keeper,123,collect_rollout,1956,0,41,0.01008084588102065,False,False,0.0,0.0,0,0,0,0.0,0.0,0.0,0.0,0.01008084588102065,1,0.01008084588102065
,academy_3_vs_1_with_keeper,123,collect_rollout,1957,0,25,0.13322515576146543,False,False,0.0,0.0,0,0,0,0.0,0.0,0.0,0.0,0.13322515576146543,1,0.13322515576146543
,academy_3_vs_1_with_keeper,123,collect_rollout,1958,0,19,-0.009999999543651938,False,False,0.0,0.0,0,0,0,0.0,0.0,0.0,0.0,-0.009999999543651938,1,-0.009999999543651938
,academy_3_vs_1_with_keeper,123,collect_rollout,1959,0,20,-0.006666666362434626,False,False,0.0,0.0,0,0,0,0.0,0.0,0.0,0.0,-0.006666666362434626,1,-0.006666666362434626
,academy_3_vs_1_with_keeper,123,collect_rollout,1960,0,43,2.1308140229666606,False,False,0.0,0.0,0,0,0,0.0,0.0,0.0,0.0,2.1308140229666606,1,2.1308140229666606
,academy_3_vs_1_with_keeper,123,collect_rollout,1961,0,39,0.021151728928089142,False,False,0.0,0.0,0,0,0,0.0,0.0,0.0,0.0,0.021151728928089142,1,0.021151728928089142
,academy_3_vs_1_with_keeper,123,collect_rollout,1962,0,53,0.02776090835686773,False,False,0.0,0.0,0,0,0,0.0,0.0,0.0,0.0,0.02776090835686773,1,0.02776090835686773
,academy_3_vs_1_with_keeper,123,collect_rollout,1963,0,91,-0.059557888424023986,False,False,0.0,0.0,0,0,0,0.0,0.0,0.0,0.0,-0.059557888424023986,1,-0.059557888424023986
,academy_3_vs_1_with_keeper,123,collect_rollout,1964,0,14,0.03311179869342595,False,False,0.0,0.0,0,0,0,0.0,0.0,0.0,0.0,0.03311179869342595,1,0.03311179869342595
,academy_3_vs_1_with_keeper,123,collect_rollout,1965,0,136,-0.19200034707318991,False,False,0.0,0.0,0,0,0,0.0,0.0,0.0,0.0,-0.19200034707318991,1,-0.19200034707318991
,academy_3_vs_1_with_keeper,123,collect_rollout,1966,0,37,0.10145514109171927,False,False,0.0,0.0,0,0,0,0.0,0.0,0.0,0.0,0.10145514109171927,1,0.10145514109171927
,academy_3_vs_1_with_keeper,123,collect_rollout,1967,0,19,-0.009999999543651938,False,False,0.0,0.0,0,0,0,0.0,0.0,0.0,0.0,-0.009999999543651938,1,-0.009999999543651938
,academy_3_vs_1_with_keeper,123,collect_rollout,1968,0,83,1.7055595615383936,False,False,0.0,0.0,0,0,0,0.0,0.0,0.0,0.0,1.7055595615383936,1,1.7055595615383936
,academy_3_vs_1_with_keeper,123,collect_rollout,1969,0,17,-0.003333333181217313,False,False,0.0,0.0,0,0,0,0.0,0.0,0.0,0.0,-0.003333333181217313,1,-0.003333333181217313
,academy_3_vs_1_with_keeper,123,collect_rollout,1970,0,18,-0.006666666362434626,False,False,0.0,0.0,0,0,0,0.0,0.0,0.0,0.0,-0.006666666362434626,1,-0.006666666362434626
,academy_3_vs_1_with_keeper,123,collect_rollout,1971,0,16,-0.016666665906086564,False,False,0.0,0.0,0,0,0,0.0,0.0,0.0,0.0,-0.016666665906086564,1,-0.016666665906086564
,academy_3_vs_1_with_keeper,123,collect_rollout,1972,0,41,0.06680278305429965,False,False,0.0,0.0,0,0,0,0.0,0.0,0.0,0.0,0.06680278305429965,1,0.06680278305429965
,academy_3_vs_1_with_keeper,123,collect_rollout,1973,0,15,-0.013333332724869251,False,False,0.0,0.0,0,0,0,0.0,0.0,0.0,0.0,-0.013333332724869251,1,-0.013333332724869251
,academy_3_vs_1_with_keeper,123,collect_rollout,1974,0,19,-0.003333333181217313,False,False,0.0,0.0,0,0,0,0.0,0.0,0.0,0.0,-0.003333333181217313,1,-0.003333333181217313
,academy_3_vs_1_with_keeper,123,collect_rollout,1975,0,26,2.1471078945323825,False,False,0.0,0.0,0,0,0,0.0,0.0,0.0,0.0,2.1471078945323825,1,2.1471078945323825
,academy_3_vs_1_with_keeper,123,collect_rollout,1976,0,38,2.1339613862801343,False,False,0.0,0.0,0,0,0,0.0,0.0,0.0,0.0,2.1339613862801343,1,2.1339613862801343
,academy_3_vs_1_with_keeper,123,collect_rollout,1977,0,40,2.0922511311946437,False,False,0.0,0.0,0,0,0,0.0,0.0,0.0,0.0,2.0922511311946437,1,2.0922511311946437
,academy_3_vs_1_with_keeper,123,collect_rollout,1978,0,1801,-0.5411003140907269,False,False,0.0,0.0,0,0,0,0.0,0.0,0.0,0.0,-0.5411003140907269,1,-0.5411003140907269
,academy_3_vs_1_with_keeper,123,collect_rollout,1979,0,17,-0.003333333181217313,False,False,0.0,0.0,0,0,0,0.0,0.0,0.0,0.0,-0.003333333181217313,1,-0.003333333181217313
,academy_3_vs_1_with_keeper,123,collect_rollout,1980,0,87,0.3055957941105589,False,False,0.0,0.0,0,0,0,0.0,0.0,0.0,0.0,0.3055957941105589,1,0.3055957941105589
,academy_3_vs_1_with_keeper,123,collect_rollout,1981,0,15,0.0,False,False,0.0,0.0,0,0,0,0.0,0.0,0.0,0.0,0.0,1,0.0
,academy_3_vs_1_with_keeper,123,collect_rollout,1982,0,19,0.0,False,False,0.0,0.0,0,0,0,0.0,0.0,0.0,0.0,0.0,1,0.0
,academy_3_vs_1_with_keeper,123,collect_rollout,1983,0,122,-0.4474592291517183,False,False,0.0,0.0,0,0,0,0.0,0.0,0.0,0.0,-0.4474592291517183,1,-0.4474592291517183
,academy_3_vs_1_with_keeper,123,collect_rollout,1984,0,55,-0.009999999543651938,False,False,0.0,0.0,0,0,0,0.0,0.0,0.0,0.0,-0.009999999543651938,1,-0.009999999543651938
,academy_3_vs_1_with_keeper,123,collect_rollout,1985,0,15,-0.003333333181217313,False,False,0.0,0.0,0,0,0,0.0,0.0,0.0,0.0,-0.003333333181217313,1,-0.003333333181217313
,academy_3_vs_1_with_keeper,123,collect_rollout,1986,0,20,-0.019999999087303877,False,False,0.0,0.0,0,0,0,0.0,0.0,0.0,0.0,-0.019999999087303877,1,-0.019999999087303877
,academy_3_vs_1_with_keeper,123,collect_rollout,1987,0,15,0.0,False,False,0.0,0.0,0,0,0,0.0,0.0,0.0,0.0,0.0,1,0.0
,academy_3_vs_1_with_keeper,123,collect_rollout,1988,0,22,-0.003333333181217313,False,False,0.0,0.0,0,0,0,0.0,0.0,0.0,0.0,-0.003333333181217313,1,-0.003333333181217313
,academy_3_vs_1_with_keeper,123,collect_rollout,1989,0,13,0.023747498402372003,False,False,0.0,0.0,0,0,0,0.0,0.0,0.0,0.0,0.023747498402372003,1,0.023747498402372003
,academy_3_vs_1_with_keeper,123,collect_rollout,1990,0,18,-0.003333333181217313,False,False,0.0,0.0,0,0,0,0.0,0.0,0.0,0.0,-0.003333333181217313,1,-0.003333333181217313
,academy_3_vs_1_with_keeper,123,collect_rollout,1991,0,22,-0.013333332724869251,False,False,0.0,0.0,0,0,0,0.0,0.0,0.0,0.0,-0.013333332724869251,1,-0.013333332724869251
,academy_3_vs_1_with_keeper,123,collect_rollout,1992,0,16,0.0,False,False,0.0,0.0,0,0,0,0.0,0.0,0.0,0.0,0.0,1,0.0
,academy_3_vs_1_with_keeper,123,collect_rollout,1993,0,20,-0.006666666362434626,False,False,0.0,0.0,0,0,0,0.0,0.0,0.0,0.0,-0.006666666362434626,1,-0.006666666362434626
,academy_3_vs_1_with_keeper,123,collect_rollout,1994,0,21,2.144344055443071,False,False,0.0,0.0,0,0,0,0.0,0.0,0.0,0.0,2.144344055443071,1,2.144344055443071
,academy_3_vs_1_with_keeper,123,collect_rollout,1995,0,44,0.12414099415764213,False,False,0.0,0.0,0,0,0,0.0,0.0,0.0,0.0,0.12414099415764213,1,0.12414099415764213
,academy_3_vs_1_with_keeper,123,collect_rollout,1996,0,28,2.1484332776162773,False,False,0.0,0.0,0,0,0,0.0,0.0,0.0,0.0,2.1484332776162773,1,2.1484332776162773
,academy_3_vs_1_with_keeper,123,collect_rollout,1997,0,57,-0.0317437358899042,False,False,0.0,0.0,0,0,0,0.0,0.0,0.0,0.0,-0.0317437358899042,1,-0.0317437358899042
,academy_3_vs_1_with_keeper,123,collect_rollout,1998,0,19,-0.009999999543651938,False,False,0.0,0.0,0,0,0,0.0,0.0,0.0,0.0,-0.009999999543651938,1,-0.009999999543651938
,academy_3_vs_1_with_keeper,123,collect_rollout,1999,0,16,-0.006666666362434626,False,False,0.0,0.0,0,0,0,0.0,0.0,0.0,0.0,-0.006666666362434626,1,-0.006666666362434626
,academy_3_vs_1_with_keeper,123,collect_rollout,2000,0,88,-0.2626117452746257,False,False,0.0,0.0,0,0,0,0.0,0.0,0.0,0.0,-0.2626117452746257,1,-0.2626117452746257
,academy_3_vs_1_with_keeper,123,collect_rollout,2001,0,34,0.06847538112197071,False,False,0.0,0.0,0,0,0,0.0,0.0,0.0,0.0,0.06847538112197071,1,0.06847538112197071
,academy_3_vs_1_with_keeper,123,collect_rollout,2002,0,17,-0.006666666362434626,False,False,0.0,0.0,0,0,0,0.0,0.0,0.0,0.0,-0.006666666362434626,1,-0.006666666362434626
,academy_3_vs_1_with_keeper,123,collect_rollout,2003,0,16,-0.006666666362434626,False,False,0.0,0.0,0,0,0,0.0,0.0,0.0,0.0,-0.006666666362434626,1,-0.006666666362434626
,academy_3_vs_1_with_keeper,123,collect_rollout,2004,0,48,2.011010835529305,False,False,0.0,0.0,0,0,0,0.0,0.0,0.0,0.0,2.011010835529305,1,2.011010835529305
,academy_3_vs_1_with_keeper,123,collect_rollout,2005,0,56,-0.016160727478563786,False,False,0.0,0.0,0,0,0,0.0,0.0,0.0,0.0,-0.016160727478563786,1,-0.016160727478563786
,academy_3_vs_1_with_keeper,123,collect_rollout,2006,0,19,-0.006666666362434626,False,False,0.0,0.0,0,0,0,0.0,0.0,0.0,0.0,-0.006666666362434626,1,-0.006666666362434626
,academy_3_vs_1_with_keeper,123,collect_rollout,2007,0,50,2.0283101703971624,False,False,0.0,0.0,0,0,0,0.0,0.0,0.0,0.0,2.0283101703971624,1,2.0283101703971624
,academy_3_vs_1_with_keeper,123,collect_rollout,2008,0,20,-0.009999999543651938,False,False,0.0,0.0,0,0,0,0.0,0.0,0.0,0.0,-0.009999999543651938,1,-0.009999999543651938
,academy_3_vs_1_with_keeper,123,collect_rollout,2009,0,60,0.001734845107421279,False,False,0.0,0.0,0,0,0,0.0,0.0,0.0,0.0,0.001734845107421279,1,0.001734845107421279
,academy_3_vs_1_with_keeper,123,collect_rollout,2010,0,68,-0.13356889004353434,False,False,0.0,0.0,0,0,0,0.0,0.0,0.0,0.0,-0.13356889004353434,1,-0.13356889004353434
,academy_3_vs_1_with_keeper,123,collect_rollout,2011,0,14,0.022030081105185673,False,False,0.0,0.0,0,0,0,0.0,0.0,0.0,0.0,0.022030081105185673,1,0.022030081105185673
,academy_3_vs_1_with_keeper,123,collect_rollout,2012,0,27,0.12535909202415496,False,False,0.0,0.0,0,0,0,0.0,0.0,0.0,0.0,0.12535909202415496,1,0.12535909202415496
,academy_3_vs_1_with_keeper,123,collect_rollout,2013,0,18,-0.006666666362434626,False,False,0.0,0.0,0,0,0,0.0,0.0,0.0,0.0,-0.006666666362434626,1,-0.006666666362434626
,academy_3_vs_1_with_keeper,123,collect_rollout,2014,0,18,-0.009999999543651938,False,False,0.0,0.0,0,0,0,0.0,0.0,0.0,0.0,-0.009999999543651938,1,-0.009999999543651938
,academy_3_vs_1_with_keeper,123,collect_rollout,2015,0,46,0.004716013441793621,False,False,0.0,0.0,0,0,0,0.0,0.0,0.0,0.0,0.004716013441793621,1,0.004716013441793621
,academy_3_vs_1_with_keeper,123,collect_rollout,2016,0,37,0.08887093956582248,False,False,0.0,0.0,0,0,0,0.0,0.0,0.0,0.0,0.08887093956582248,1,0.08887093956582248
,academy_3_vs_1_with_keeper,123,collect_rollout,2017,0,13,0.013912067515775561,False,False,0.0,0.0,0,0,0,0.0,0.0,0.0,0.0,0.013912067515775561,1,0.013912067515775561
,academy_3_vs_1_with_keeper,123,collect_rollout,2018,0,21,-0.009999999543651938,False,False,0.0,0.0,0,0,0,0.0,0.0,0.0,0.0,-0.009999999543651938,1,-0.009999999543651938
,academy_3_vs_1_with_keeper,123,collect_rollout,2019,0,106,-0.26817508577369153,False,False,0.0,0.0,0,0,0,0.0,0.0,0.0,0.0,-0.26817508577369153,1,-0.26817508577369153
,academy_3_vs_1_with_keeper,123,collect_rollout,2020,0,40,2.0721593662165105,False,False,0.0,0.0,0,0,0,0.0,0.0,0.0,0.0,2.0721593662165105,1,2.0721593662165105
,academy_3_vs_1_with_keeper,123,collect_rollout,2021,0,22,2.1503777230755077,False,False,0.0,0.0,0,0,0,0.0,0.0,0.0,0.0,2.1503777230755077,1,2.1503777230755077
,academy_3_vs_1_with_keeper,123,collect_rollout,2022,0,16,-0.009999999543651938,False,False,0.0,0.0,0,0,0,0.0,0.0,0.0,0.0,-0.009999999543651938,1,-0.009999999543651938
,academy_3_vs_1_with_keeper,123,collect_rollout,2023,0,19,-0.009999999543651938,False,False,0.0,0.0,0,0,0,0.0,0.0,0.0,0.0,-0.009999999543651938,1,-0.009999999543651938
,academy_3_vs_1_with_keeper,123,collect_rollout,2024,0,19,-0.016666665906086564,False,False,0.0,0.0,0,0,0,0.0,0.0,0.0,0.0,-0.016666665906086564,1,-0.016666665906086564
,academy_3_vs_1_with_keeper,123,collect_rollout,2025,0,10,0.01935628871433437,False,False,0.0,0.0,0,0,0,0.0,0.0,0.0,0.0,0.01935628871433437,1,0.01935628871433437
,academy_3_vs_1_with_keeper,123,collect_rollout,2026,0,19,-0.003333333181217313,False,False,0.0,0.0,0,0,0,0.0,0.0,0.0,0.0,-0.003333333181217313,1,-0.003333333181217313
,academy_3_vs_1_with_keeper,123,collect_rollout,2027,0,80,-0.06607654213439673,False,False,0.0,0.0,0,0,0,0.0,0.0,0.0,0.0,-0.06607654213439673,1,-0.06607654213439673
,academy_3_vs_1_with_keeper,123,collect_rollout,2028,0,18,-0.006666666362434626,False,False,0.0,0.0,0,0,0,0.0,0.0,0.0,0.0,-0.006666666362434626,1,-0.006666666362434626
,academy_3_vs_1_with_keeper,123,collect_rollout,2029,0,71,-0.0034553587902337313,False,False,0.0,0.0,0,0,0,0.0,0.0,0.0,0.0,-0.0034553587902337313,1,-0.0034553587902337313
,academy_3_vs_1_with_keeper,123,collect_rollout,2030,0,18,-0.006666666362434626,False,False,0.0,0.0,0,0,0,0.0,0.0,0.0,0.0,-0.006666666362434626,1,-0.006666666362434626
,academy_3_vs_1_with_keeper,123,collect_rollout,2031,0,12,0.042621783330105245,False,False,0.0,0.0,0,0,0,0.0,0.0,0.0,0.0,0.042621783330105245,1,0.042621783330105245
,academy_3_vs_1_with_keeper,123,collect_rollout,2032,0,18,-0.003333333181217313,False,False,0.0,0.0,0,0,0,0.0,0.0,0.0,0.0,-0.003333333181217313,1,-0.003333333181217313
,academy_3_vs_1_with_keeper,123,collect_rollout,2033,0,19,-0.009999999543651938,False,False,0.0,0.0,0,0,0,0.0,0.0,0.0,0.0,-0.009999999543651938,1,-0.009999999543651938
,academy_3_vs_1_with_keeper,123,collect_rollout,2034,0,22,-0.009999999543651938,False,False,0.0,0.0,0,0,0,0.0,0.0,0.0,0.0,-0.009999999543651938,1,-0.009999999543651938
,academy_3_vs_1_with_keeper,123,collect_rollout,2035,0,44,0.048298320558387786,False,False,0.0,0.0,0,0,0,0.0,0.0,0.0,0.0,0.048298320558387786,1,0.048298320558387786
,academy_3_vs_1_with_keeper,123,collect_rollout,2036,0,19,-0.003333333181217313,False,False,0.0,0.0,0,0,0,0.0,0.0,0.0,0.0,-0.003333333181217313,1,-0.003333333181217313
,academy_3_vs_1_with_keeper,123,collect_rollout,2037,0,15,-0.003333333181217313,False,False,0.0,0.0,0,0,0,0.0,0.0,0.0,0.0,-0.003333333181217313,1,-0.003333333181217313
,academy_3_vs_1_with_keeper,123,collect_rollout,2038,0,18,-0.009999999543651938,False,False,0.0,0.0,0,0,0,0.0,0.0,0.0,0.0,-0.009999999543651938,1,-0.009999999543651938
,academy_3_vs_1_with_keeper,123,collect_rollout,2039,0,21,-0.006666666362434626,False,False,0.0,0.0,0,0,0,0.0,0.0,0.0,0.0,-0.006666666362434626,1,-0.006666666362434626
,academy_3_vs_1_with_keeper,123,collect_rollout,2040,0,7,0.04173677461221814,False,False,0.0,0.0,0,0,0,0.0,0.0,0.0,0.0,0.04173677461221814,1,0.04173677461221814
,academy_3_vs_1_with_keeper,123,collect_rollout,2041,0,23,-0.02333333226852119,False,False,0.0,0.0,0,0,0,0.0,0.0,0.0,0.0,-0.02333333226852119,1,-0.02333333226852119
,academy_3_vs_1_with_keeper,123,collect_rollout,2042,0,18,-0.009999999543651938,False,False,0.0,0.0,0,0,0,0.0,0.0,0.0,0.0,-0.009999999543651938,1,-0.009999999543651938
,academy_3_vs_1_with_keeper,123,collect_rollout,2043,0,20,-0.013333332724869251,False,False,0.0,0.0,0,0,0,0.0,0.0,0.0,0.0,-0.013333332724869251,1,-0.013333332724869251
,academy_3_vs_1_with_keeper,123,collect_rollout,2044,0,18,-0.0014684117631986737,False,False,0.0,0.0,0,0,0,0.0,0.0,0.0,0.0,-0.0014684117631986737,1,-0.0014684117631986737
,academy_3_vs_1_with_keeper,123,collect_rollout,2045,0,48,0.07917096093297005,False,False,0.0,0.0,0,0,0,0.0,0.0,0.0,0.0,0.07917096093297005,1,0.07917096093297005
,academy_3_vs_1_with_keeper,123,collect_rollout,2046,0,18,-0.009999999543651938,False,False,0.0,0.0,0,0,0,0.0,0.0,0.0,0.0,-0.009999999543651938,1,-0.009999999543651938
,academy_3_vs_1_with_keeper,123,collect_rollout,2047,0,144,-0.5737343264045194,False,False,0.0,0.0,0,0,0,0.0,0.0,0.0,0.0,-0.5737343264045194,1,-0.5737343264045194
,academy_3_vs_1_with_keeper,123,collect_rollout,2048,0,21,-0.009999999543651938,False,False,0.0,0.0,0,0,0,0.0,0.0,0.0,0.0,-0.009999999543651938,1,-0.009999999543651938
,academy_3_vs_1_with_keeper,123,collect_rollout,2049,0,42,0.053389880049508065,False,False,0.0,0.0,0,0,0,0.0,0.0,0.0,0.0,0.053389880049508065,1,0.053389880049508065
,academy_3_vs_1_with_keeper,123,collect_rollout,2050,0,19,-0.003333333181217313,False,False,0.0,0.0,0,0,0,0.0,0.0,0.0,0.0,-0.003333333181217313,1,-0.003333333181217313
,academy_3_vs_1_with_keeper,123,collect_rollout,2051,0,138,-0.07999999634921551,False,False,0.0,0.0,0,0,0,0.0,0.0,0.0,0.0,-0.07999999634921551,1,-0.07999999634921551
,academy_3_vs_1_with_keeper,123,collect_rollout,2052,0,55,0.1056580834556371,False,False,0.0,0.0,0,0,0,0.0,0.0,0.0,0.0,0.1056580834556371,1,0.1056580834556371
,academy_3_vs_1_with_keeper,123,collect_rollout,2053,0,16,-0.003333333181217313,False,False,0.0,0.0,0,0,0,0.0,0.0,0.0,0.0,-0.003333333181217313,1,-0.003333333181217313
,academy_3_vs_1_with_keeper,123,collect_rollout,2054,0,66,-0.12287762388586998,False,False,0.0,0.0,0,0,0,0.0,0.0,0.0,0.0,-0.12287762388586998,1,-0.12287762388586998
,academy_3_vs_1_with_keeper,123,collect_rollout,2055,0,34,2.1445731820276706,False,False,0.0,0.0,0,0,0,0.0,0.0,0.0,0.0,2.1445731820276706,1,2.1445731820276706
,academy_3_vs_1_with_keeper,123,collect_rollout,2056,0,43,0.1326813017949462,False,False,0.0,0.0,0,0,0,0.0,0.0,0.0,0.0,0.1326813017949462,1,0.1326813017949462
,academy_3_vs_1_with_keeper,123,collect_rollout,2057,0,21,-0.009999999543651938,False,False,0.0,0.0,0,0,0,0.0,0.0,0.0,0.0,-0.009999999543651938,1,-0.009999999543651938
,academy_3_vs_1_with_keeper,123,collect_rollout,2058,0,9,0.028970509069040418,False,False,0.0,0.0,0,0,0,0.0,0.0,0.0,0.0,0.028970509069040418,1,0.028970509069040418
,academy_3_vs_1_with_keeper,123,collect_rollout,2059,0,12,0.02401222405023873,False,False,0.0,0.0,0,0,0,0.0,0.0,0.0,0.0,0.02401222405023873,1,0.02401222405023873
,academy_3_vs_1_with_keeper,123,collect_rollout,2060,0,15,-0.009999999543651938,False,False,0.0,0.0,0,0,0,0.0,0.0,0.0,0.0,-0.009999999543651938,1,-0.009999999543651938
,academy_3_vs_1_with_keeper,123,collect_rollout,2061,0,19,-0.016666665906086564,False,False,0.0,0.0,0,0,0,0.0,0.0,0.0,0.0,-0.016666665906086564,1,-0.016666665906086564
,academy_3_vs_1_with_keeper,123,collect_rollout,2062,0,18,-0.013333332724869251,False,False,0.0,0.0,0,0,0,0.0,0.0,0.0,0.0,-0.013333332724869251,1,-0.013333332724869251
,academy_3_vs_1_with_keeper,123,collect_rollout,2063,0,31,0.11986913566943258,False,False,0.0,0.0,0,0,0,0.0,0.0,0.0,0.0,0.11986913566943258,1,0.11986913566943258
,academy_3_vs_1_with_keeper,123,collect_rollout,2064,0,19,-0.009999999543651938,False,False,0.0,0.0,0,0,0,0.0,0.0,0.0,0.0,-0.009999999543651938,1,-0.009999999543651938
,academy_3_vs_1_with_keeper,123,collect_rollout,2065,0,19,-0.003333333181217313,False,False,0.0,0.0,0,0,0,0.0,0.0,0.0,0.0,-0.003333333181217313,1,-0.003333333181217313
,academy_3_vs_1_with_keeper,123,collect_rollout,2066,0,21,-0.006666666362434626,False,False,0.0,0.0,0,0,0,0.0,0.0,0.0,0.0,-0.006666666362434626,1,-0.006666666362434626
,academy_3_vs_1_with_keeper,123,collect_rollout,2067,0,39,2.0815271831816062,False,False,0.0,0.0,0,0,0,0.0,0.0,0.0,0.0,2.0815271831816062,1,2.0815271831816062
,academy_3_vs_1_with_keeper,123,collect_rollout,2068,0,16,-0.006666666362434626,False,False,0.0,0.0,0,0,0,0.0,0.0,0.0,0.0,-0.006666666362434626,1,-0.006666666362434626
,academy_3_vs_1_with_keeper,123,collect_rollout,2069,0,15,-0.006666666362434626,False,False,0.0,0.0,0,0,0,0.0,0.0,0.0,0.0,-0.006666666362434626,1,-0.006666666362434626
,academy_3_vs_1_with_keeper,123,collect_rollout,2070,0,32,0.09950972301885486,False,False,0.0,0.0,0,0,0,0.0,0.0,0.0,0.0,0.09950972301885486,1,0.09950972301885486
,academy_3_vs_1_with_keeper,123,collect_rollout,2071,0,75,-0.24098277758457698,False,False,0.0,0.0,0,0,0,0.0,0.0,0.0,0.0,-0.24098277758457698,1,-0.24098277758457698
,academy_3_vs_1_with_keeper,123,collect_rollout,2072,0,7,0.05028041312471032,False,False,0.0,0.0,0,0,0,0.0,0.0,0.0,0.0,0.05028041312471032,1,0.05028041312471032
,academy_3_vs_1_with_keeper,123,collect_rollout,2073,0,33,2.141453535296023,False,False,0.0,0.0,0,0,0,0.0,0.0,0.0,0.0,2.141453535296023,1,2.141453535296023
,academy_3_vs_1_with_keeper,123,collect_rollout,2074,0,32,2.13761860714294,False,False,0.0,0.0,0,0,0,0.0,0.0,0.0,0.0,2.13761860714294,1,2.13761860714294
,academy_3_vs_1_with_keeper,123,collect_rollout,2075,0,34,0.07400547503493726,False,False,0.0,0.0,0,0,0,0.0,0.0,0.0,0.0,0.07400547503493726,1,0.07400547503493726
,academy_3_vs_1_with_keeper,123,collect_rollout,2076,0,37,0.1033238010131754,False,False,0.0,0.0,0,0,0,0.0,0.0,0.0,0.0,0.1033238010131754,1,0.1033238010131754
,academy_3_vs_1_with_keeper,123,collect_rollout,2077,0,18,-0.016666665906086564,False,False,0.0,0.0,0,0,0,0.0,0.0,0.0,0.0,-0.016666665906086564,1,-0.016666665906086564
,academy_3_vs_1_with_keeper,123,collect_rollout,2078,0,25,2.1413448130479082,False,False,0.0,0.0,0,0,0,0.0,0.0,0.0,0.0,2.1413448130479082,1,2.1413448130479082
,academy_3_vs_1_with_keeper,123,collect_rollout,2079,0,16,-0.006666666362434626,False,False,0.0,0.0,0,0,0,0.0,0.0,0.0,0.0,-0.006666666362434626,1,-0.006666666362434626
,academy_3_vs_1_with_keeper,123,collect_rollout,2080,0,49,0.35601623984985054,False,False,0.0,0.0,0,0,0,0.0,0.0,0.0,0.0,0.35601623984985054,1,0.35601623984985054
,academy_3_vs_1_with_keeper,123,collect_rollout,2081,0,19,-0.006666666362434626,False,False,0.0,0.0,0,0,0,0.0,0.0,0.0,0.0,-0.006666666362434626,1,-0.006666666362434626
,academy_3_vs_1_with_keeper,123,collect_rollout,2082,0,42,0.3649893153924495,False,False,0.0,0.0,0,0,0,0.0,0.0,0.0,0.0,0.3649893153924495,1,0.3649893153924495
,academy_3_vs_1_with_keeper,123,collect_rollout,2083,0,17,-0.016666665906086564,False,False,0.0,0.0,0,0,0,0.0,0.0,0.0,0.0,-0.016666665906086564,1,-0.016666665906086564
,academy_3_vs_1_with_keeper,123,collect_rollout,2084,0,21,2.1526274743955582,False,False,0.0,0.0,0,0,0,0.0,0.0,0.0,0.0,2.1526274743955582,1,2.1526274743955582
,academy_3_vs_1_with_keeper,123,collect_rollout,2085,0,27,2.1371190089266747,False,False,0.0,0.0,0,0,0,0.0,0.0,0.0,0.0,2.1371190089266747,1,2.1371190089266747
,academy_3_vs_1_with_keeper,123,collect_rollout,2086,0,14,0.0118867177516222,False,False,0.0,0.0,0,0,0,0.0,0.0,0.0,0.0,0.0118867177516222,1,0.0118867177516222
,academy_3_vs_1_with_keeper,123,collect_rollout,2087,0,55,0.10399919532937929,False,False,0.0,0.0,0,0,0,0.0,0.0,0.0,0.0,0.10399919532937929,1,0.10399919532937929
,academy_3_vs_1_with_keeper,123,collect_rollout,2088,0,18,-0.016666665906086564,False,False,0.0,0.0,0,0,0,0.0,0.0,0.0,0.0,-0.016666665906086564,1,-0.016666665906086564
,academy_3_vs_1_with_keeper,123,collect_rollout,2089,0,16,-0.016666665906086564,False,False,0.0,0.0,0,0,0,0.0,0.0,0.0,0.0,-0.016666665906086564,1,-0.016666665906086564
,academy_3_vs_1_with_keeper,123,collect_rollout,2090,0,40,0.06476018286775798,False,False,0.0,0.0,0,0,0,0.0,0.0,0.0,0.0,0.06476018286775798,1,0.06476018286775798
,academy_3_vs_1_with_keeper,123,collect_rollout,2091,0,15,0.013423281372524798,False,False,0.0,0.0,0,0,0,0.0,0.0,0.0,0.0,0.013423281372524798,1,0.013423281372524798
,academy_3_vs_1_with_keeper,123,collect_rollout,2092,0,19,-0.013333332724869251,False,False,0.0,0.0,0,0,0,0.0,0.0,0.0,0.0,-0.013333332724869251,1,-0.013333332724869251
,academy_3_vs_1_with_keeper,123,collect_rollout,2093,0,17,-0.013333332724869251,False,False,0.0,0.0,0,0,0,0.0,0.0,0.0,0.0,-0.013333332724869251,1,-0.013333332724869251
,academy_3_vs_1_with_keeper,123,collect_rollout,2094,0,6,0.04176448821090162,False,False,0.0,0.0,0,0,0,0.0,0.0,0.0,0.0,0.04176448821090162,1,0.04176448821090162
,academy_3_vs_1_with_keeper,123,collect_rollout,2095,0,15,-0.003333333181217313,False,False,0.0,0.0,0,0,0,0.0,0.0,0.0,0.0,-0.003333333181217313,1,-0.003333333181217313
,academy_3_vs_1_with_keeper,123,collect_rollout,2096,0,79,-0.0034386864281259477,False,False,0.0,0.0,0,0,0,0.0,0.0,0.0,0.0,-0.0034386864281259477,1,-0.0034386864281259477
,academy_3_vs_1_with_keeper,123,collect_rollout,2097,0,21,-0.006666666362434626,False,False,0.0,0.0,0,0,0,0.0,0.0,0.0,0.0,-0.006666666362434626,1,-0.006666666362434626
,academy_3_vs_1_with_keeper,123,collect_rollout,2098,0,19,-0.016666665906086564,False,False,0.0,0.0,0,0,0,0.0,0.0,0.0,0.0,-0.016666665906086564,1,-0.016666665906086564
,academy_3_vs_1_with_keeper,123,collect_rollout,2099,0,88,0.12508030753815547,False,False,0.0,0.0,0,0,0,0.0,0.0,0.0,0.0,0.12508030753815547,1,0.12508030753815547
,academy_3_vs_1_with_keeper,123,collect_rollout,2100,0,38,0.04265357321128249,False,False,0.0,0.0,0,0,0,0.0,0.0,0.0,0.0,0.04265357321128249,1,0.04265357321128249
,academy_3_vs_1_with_keeper,123,collect_rollout,2101,0,63,-0.10298641514964402,False,False,0.0,0.0,0,0,0,0.0,0.0,0.0,0.0,-0.10298641514964402,1,-0.10298641514964402
,academy_3_vs_1_with_keeper,123,collect_rollout,2102,0,19,-0.006666666362434626,False,False,0.0,0.0,0,0,0,0.0,0.0,0.0,0.0,-0.006666666362434626,1,-0.006666666362434626
,academy_3_vs_1_with_keeper,123,collect_rollout,2103,0,23,-0.03333333181217313,False,False,0.0,0.0,0,0,0,0.0,0.0,0.0,0.0,-0.03333333181217313,1,-0.03333333181217313
,academy_3_vs_1_with_keeper,123,collect_rollout,2104,0,17,-0.006666666362434626,False,False,0.0,0.0,0,0,0,0.0,0.0,0.0,0.0,-0.006666666362434626,1,-0.006666666362434626
,academy_3_vs_1_with_keeper,123,collect_rollout,2105,0,21,-0.009999999543651938,False,False,0.0,0.0,0,0,0,0.0,0.0,0.0,0.0,-0.009999999543651938,1,-0.009999999543651938
,academy_3_vs_1_with_keeper,123,collect_rollout,2106,0,22,-0.016666665906086564,False,False,0.0,0.0,0,0,0,0.0,0.0,0.0,0.0,-0.016666665906086564,1,-0.016666665906086564
,academy_3_vs_1_with_keeper,123,collect_rollout,2107,0,13,-0.013333332724869251,False,False,0.0,0.0,0,0,0,0.0,0.0,0.0,0.0,-0.013333332724869251,1,-0.013333332724869251
,academy_3_vs_1_with_keeper,123,collect_rollout,2108,0,20,-0.026666665449738503,False,False,0.0,0.0,0,0,0,0.0,0.0,0.0,0.0,-0.026666665449738503,1,-0.026666665449738503
,academy_3_vs_1_with_keeper,123,collect_rollout,2109,0,31,2.117348784195201,False,False,0.0,0.0,0,0,0,0.0,0.0,0.0,0.0,2.117348784195201,1,2.117348784195201
,academy_3_vs_1_with_keeper,123,collect_rollout,2110,0,15,-0.009999999543651938,False,False,0.0,0.0,0,0,0,0.0,0.0,0.0,0.0,-0.009999999543651938,1,-0.009999999543651938
,academy_3_vs_1_with_keeper,123,collect_rollout,2111,0,7,0.03525630780495703,False,False,0.0,0.0,0,0,0,0.0,0.0,0.0,0.0,0.03525630780495703,1,0.03525630780495703
,academy_3_vs_1_with_keeper,123,collect_rollout,2112,0,10,0.039278317359276116,False,False,0.0,0.0,0,0,0,0.0,0.0,0.0,0.0,0.039278317359276116,1,0.039278317359276116
,academy_3_vs_1_with_keeper,123,collect_rollout,2113,0,47,-0.020167111390037462,False,False,0.0,0.0,0,0,0,0.0,0.0,0.0,0.0,-0.020167111390037462,1,-0.020167111390037462
,academy_3_vs_1_with_keeper,123,collect_rollout,2114,0,21,-0.006666666362434626,False,False,0.0,0.0,0,0,0,0.0,0.0,0.0,0.0,-0.006666666362434626,1,-0.006666666362434626
,academy_3_vs_1_with_keeper,123,collect_rollout,2115,0,68,2.226981586194597,False,False,0.0,0.0,0,0,0,0.0,0.0,0.0,0.0,2.226981586194597,1,2.226981586194597
,academy_3_vs_1_with_keeper,123,collect_rollout,2116,0,45,0.06804769366863184,False,False,0.0,0.0,0,0,0,0.0,0.0,0.0,0.0,0.06804769366863184,1,0.06804769366863184
,academy_3_vs_1_with_keeper,123,collect_rollout,2117,0,28,0.10593493306078017,False,False,0.0,0.0,0,0,0,0.0,0.0,0.0,0.0,0.10593493306078017,1,0.10593493306078017
,academy_3_vs_1_with_keeper,123,collect_rollout,2118,0,28,2.1358820535242558,False,False,0.0,0.0,0,0,0,0.0,0.0,0.0,0.0,2.1358820535242558,1,2.1358820535242558
,academy_3_vs_1_with_keeper,123,collect_rollout,2119,0,37,2.1176875620149076,False,False,0.0,0.0,0,0,0,0.0,0.0,0.0,0.0,2.1176875620149076,1,2.1176875620149076
,academy_3_vs_1_with_keeper,123,collect_rollout,2120,0,18,-0.009999999543651938,False,False,0.0,0.0,0,0,0,0.0,0.0,0.0,0.0,-0.009999999543651938,1,-0.009999999543651938
,academy_3_vs_1_with_keeper,123,collect_rollout,2121,0,22,-0.016666665906086564,False,False,0.0,0.0,0,0,0,0.0,0.0,0.0,0.0,-0.016666665906086564,1,-0.016666665906086564
,academy_3_vs_1_with_keeper,123,collect_rollout,2122,0,6,0.03733731992542744,False,False,0.0,0.0,0,0,0,0.0,0.0,0.0,0.0,0.03733731992542744,1,0.03733731992542744
,academy_3_vs_1_with_keeper,123,collect_rollout,2123,0,22,-0.003333333181217313,False,False,0.0,0.0,0,0,0,0.0,0.0,0.0,0.0,-0.003333333181217313,1,-0.003333333181217313
,academy_3_vs_1_with_keeper,123,collect_rollout,2124,0,115,-0.19118100521154702,False,False,0.0,0.0,0,0,0,0.0,0.0,0.0,0.0,-0.19118100521154702,1,-0.19118100521154702
,academy_3_vs_1_with_keeper,123,collect_rollout,2125,0,45,2.110878968058387,False,False,0.0,0.0,0,0,0,0.0,0.0,0.0,0.0,2.110878968058387,1,2.110878968058387
,academy_3_vs_1_with_keeper,123,collect_rollout,2126,0,21,-0.006666666362434626,False,False,0.0,0.0,0,0,0,0.0,0.0,0.0,0.0,-0.006666666362434626,1,-0.006666666362434626
,academy_3_vs_1_with_keeper,123,collect_rollout,2127,0,17,-0.016666665906086564,False,False,0.0,0.0,0,0,0,0.0,0.0,0.0,0.0,-0.016666665906086564,1,-0.016666665906086564
,academy_3_vs_1_with_keeper,123,collect_rollout,2128,0,33,0.3795397004196275,False,False,0.0,0.0,0,0,0,0.0,0.0,0.0,0.0,0.3795397004196275,1,0.3795397004196275
,academy_3_vs_1_with_keeper,123,collect_rollout,2129,0,32,2.138790751225315,False,False,0.0,0.0,0,0,0,0.0,0.0,0.0,0.0,2.138790751225315,1,2.138790751225315
,academy_3_vs_1_with_keeper,123,collect_rollout,2130,0,19,-0.019999999087303877,False,False,0.0,0.0,0,0,0,0.0,0.0,0.0,0.0,-0.019999999087303877,1,-0.019999999087303877
,academy_3_vs_1_with_keeper,123,collect_rollout,2131,0,52,-0.06323886247446353,False,False,0.0,0.0,0,0,0,0.0,0.0,0.0,0.0,-0.06323886247446353,1,-0.06323886247446353
,academy_3_vs_1_with_keeper,123,collect_rollout,2132,0,22,-0.019999999087303877,False,False,0.0,0.0,0,0,0,0.0,0.0,0.0,0.0,-0.019999999087303877,1,-0.019999999087303877
,academy_3_vs_1_with_keeper,123,collect_rollout,2133,0,19,-0.006666666362434626,False,False,0.0,0.0,0,0,0,0.0,0.0,0.0,0.0,-0.006666666362434626,1,-0.006666666362434626
,academy_3_vs_1_with_keeper,123,collect_rollout,2134,0,19,-0.013333332724869251,False,False,0.0,0.0,0,0,0,0.0,0.0,0.0,0.0,-0.013333332724869251,1,-0.013333332724869251
,academy_3_vs_1_with_keeper,123,collect_rollout,2135,0,103,-0.028886088402941823,False,False,0.0,0.0,0,0,0,0.0,0.0,0.0,0.0,-0.028886088402941823,1,-0.028886088402941823
,academy_3_vs_1_with_keeper,123,collect_rollout,2136,0,93,0.11521019833162427,False,False,0.0,0.0,0,0,0,0.0,0.0,0.0,0.0,0.11521019833162427,1,0.11521019833162427
,academy_3_vs_1_with_keeper,123,collect_rollout,2137,0,38,2.090813064482063,False,False,0.0,0.0,0,0,0,0.0,0.0,0.0,0.0,2.090813064482063,1,2.090813064482063
,academy_3_vs_1_with_keeper,123,collect_rollout,2138,0,18,-0.016666665906086564,False,False,0.0,0.0,0,0,0,0.0,0.0,0.0,0.0,-0.016666665906086564,1,-0.016666665906086564
,academy_3_vs_1_with_keeper,123,collect_rollout,2139,0,35,2.1475153332576156,False,False,0.0,0.0,0,0,0,0.0,0.0,0.0,0.0,2.1475153332576156,1,2.1475153332576156
,academy_3_vs_1_with_keeper,123,collect_rollout,2140,0,8,0.0416159788146615,False,False,0.0,0.0,0,0,0,0.0,0.0,0.0,0.0,0.0416159788146615,1,0.0416159788146615
,academy_3_vs_1_with_keeper,123,collect_rollout,2141,0,17,-0.013333332724869251,False,False,0.0,0.0,0,0,0,0.0,0.0,0.0,0.0,-0.013333332724869251,1,-0.013333332724869251
,academy_3_vs_1_with_keeper,123,collect_rollout,2142,0,15,-0.013333332724869251,False,False,0.0,0.0,0,0,0,0.0,0.0,0.0,0.0,-0.013333332724869251,1,-0.013333332724869251
,academy_3_vs_1_with_keeper,123,collect_rollout,2143,0,17,-0.003333333181217313,False,False,0.0,0.0,0,0,0,0.0,0.0,0.0,0.0,-0.003333333181217313,1,-0.003333333181217313
,academy_3_vs_1_with_keeper,123,collect_rollout,2144,0,22,-0.03333333181217313,False,False,0.0,0.0,0,0,0,0.0,0.0,0.0,0.0,-0.03333333181217313,1,-0.03333333181217313
,academy_3_vs_1_with_keeper,123,collect_rollout,2145,0,20,-0.006666666362434626,False,False,0.0,0.0,0,0,0,0.0,0.0,0.0,0.0,-0.006666666362434626,1,-0.006666666362434626
,academy_3_vs_1_with_keeper,123,collect_rollout,2146,0,18,-0.013333332724869251,False,False,0.0,0.0,0,0,0,0.0,0.0,0.0,0.0,-0.013333332724869251,1,-0.013333332724869251
,academy_3_vs_1_with_keeper,123,collect_rollout,2147,0,20,-0.006666666362434626,False,False,0.0,0.0,0,0,0,0.0,0.0,0.0,0.0,-0.006666666362434626,1,-0.006666666362434626
,academy_3_vs_1_with_keeper,123,collect_rollout,2148,0,37,0.0835154352535028,False,False,0.0,0.0,0,0,0,0.0,0.0,0.0,0.0,0.0835154352535028,1,0.0835154352535028
,academy_3_vs_1_with_keeper,123,collect_rollout,2149,0,88,-0.22927436768077314,False,False,0.0,0.0,0,0,0,0.0,0.0,0.0,0.0,-0.22927436768077314,1,-0.22927436768077314
,academy_3_vs_1_with_keeper,123,collect_rollout,2150,0,39,0.06894713058136404,False,False,0.0,0.0,0,0,0,0.0,0.0,0.0,0.0,0.06894713058136404,1,0.06894713058136404
,academy_3_vs_1_with_keeper,123,collect_rollout,2151,0,41,0.04206051316577941,False,False,0.0,0.0,0,0,0,0.0,0.0,0.0,0.0,0.04206051316577941,1,0.04206051316577941
,academy_3_vs_1_with_keeper,123,collect_rollout,2152,0,1801,-0.22017777909059078,False,False,0.0,0.0,0,0,0,0.0,0.0,0.0,0.0,-0.22017777909059078,1,-0.22017777909059078
,academy_3_vs_1_with_keeper,123,collect_rollout,2153,0,19,0.0,False,False,0.0,0.0,0,0,0,0.0,0.0,0.0,0.0,0.0,1,0.0
,academy_3_vs_1_with_keeper,123,collect_rollout,2154,0,22,-0.006666666362434626,False,False,0.0,0.0,0,0,0,0.0,0.0,0.0,0.0,-0.006666666362434626,1,-0.006666666362434626
,academy_3_vs_1_with_keeper,123,collect_rollout,2155,0,38,2.130587826948613,False,False,0.0,0.0,0,0,0,0.0,0.0,0.0,0.0,2.130587826948613,1,2.130587826948613
,academy_3_vs_1_with_keeper,123,collect_rollout,2156,0,30,2.1508528786944225,False,False,0.0,0.0,0,0,0,0.0,0.0,0.0,0.0,2.1508528786944225,1,2.1508528786944225
,academy_3_vs_1_with_keeper,123,collect_rollout,2157,0,19,0.0,False,False,0.0,0.0,0,0,0,0.0,0.0,0.0,0.0,0.0,1,0.0
,academy_3_vs_1_with_keeper,123,collect_rollout,2158,0,14,-0.006666666362434626,False,False,0.0,0.0,0,0,0,0.0,0.0,0.0,0.0,-0.006666666362434626,1,-0.006666666362434626
,academy_3_vs_1_with_keeper,123,collect_rollout,2159,0,45,0.15209375706035644,False,False,0.0,0.0,0,0,0,0.0,0.0,0.0,0.0,0.15209375706035644,1,0.15209375706035644
,academy_3_vs_1_with_keeper,123,collect_rollout,2160,0,19,-0.006666666362434626,False,False,0.0,0.0,0,0,0,0.0,0.0,0.0,0.0,-0.006666666362434626,1,-0.006666666362434626
,academy_3_vs_1_with_keeper,123,collect_rollout,2161,0,42,0.00882085575722158,False,False,0.0,0.0,0,0,0,0.0,0.0,0.0,0.0,0.00882085575722158,1,0.00882085575722158
,academy_3_vs_1_with_keeper,123,collect_rollout,2162,0,116,-0.05066475074272603,False,False,0.0,0.0,0,0,0,0.0,0.0,0.0,0.0,-0.05066475074272603,1,-0.05066475074272603
,academy_3_vs_1_with_keeper,123,collect_rollout,2163,0,15,0.002050679991953075,False,False,0.0,0.0,0,0,0,0.0,0.0,0.0,0.0,0.002050679991953075,1,0.002050679991953075
,academy_3_vs_1_with_keeper,123,collect_rollout,2164,0,22,0.0,False,False,0.0,0.0,0,0,0,0.0,0.0,0.0,0.0,0.0,1,0.0
,academy_3_vs_1_with_keeper,123,collect_rollout,2165,0,18,0.0,False,False,0.0,0.0,0,0,0,0.0,0.0,0.0,0.0,0.0,1,0.0
,academy_3_vs_1_with_keeper,123,collect_rollout,2166,0,19,-0.009999999543651938,False,False,0.0,0.0,0,0,0,0.0,0.0,0.0,0.0,-0.009999999543651938,1,-0.009999999543651938
,academy_3_vs_1_with_keeper,123,collect_rollout,2167,0,31,2.137442561564967,False,False,0.0,0.0,0,0,0,0.0,0.0,0.0,0.0,2.137442561564967,1,2.137442561564967
,academy_3_vs_1_with_keeper,123,collect_rollout,2168,0,21,2.1490414272993803,False,False,0.0,0.0,0,0,0,0.0,0.0,0.0,0.0,2.1490414272993803,1,2.1490414272993803
,academy_3_vs_1_with_keeper,123,collect_rollout,2169,0,19,0.0,False,False,0.0,0.0,0,0,0,0.0,0.0,0.0,0.0,0.0,1,0.0
,academy_3_vs_1_with_keeper,123,collect_rollout,2170,0,82,-0.21962346730288118,False,False,0.0,0.0,0,0,0,0.0,0.0,0.0,0.0,-0.21962346730288118,1,-0.21962346730288118
,academy_3_vs_1_with_keeper,123,collect_rollout,2171,0,27,2.1491622854955494,False,False,0.0,0.0,0,0,0,0.0,0.0,0.0,0.0,2.1491622854955494,1,2.1491622854955494
,academy_3_vs_1_with_keeper,123,collect_rollout,2172,0,16,-0.006666666362434626,False,False,0.0,0.0,0,0,0,0.0,0.0,0.0,0.0,-0.006666666362434626,1,-0.006666666362434626
,academy_3_vs_1_with_keeper,123,collect_rollout,2173,0,14,-0.006666666362434626,False,False,0.0,0.0,0,0,0,0.0,0.0,0.0,0.0,-0.006666666362434626,1,-0.006666666362434626
,academy_3_vs_1_with_keeper,123,collect_rollout,2174,0,17,-0.003333333181217313,False,False,0.0,0.0,0,0,0,0.0,0.0,0.0,0.0,-0.003333333181217313,1,-0.003333333181217313
,academy_3_vs_1_with_keeper,123,collect_rollout,2175,0,32,2.1313066539296415,False,False,0.0,0.0,0,0,0,0.0,0.0,0.0,0.0,2.1313066539296415,1,2.1313066539296415
,academy_3_vs_1_with_keeper,123,collect_rollout,2176,0,19,-0.009999999543651938,False,False,0.0,0.0,0,0,0,0.0,0.0,0.0,0.0,-0.009999999543651938,1,-0.009999999543651938
,academy_3_vs_1_with_keeper,123,collect_rollout,2177,0,22,-0.013333332724869251,False,False,0.0,0.0,0,0,0,0.0,0.0,0.0,0.0,-0.013333332724869251,1,-0.013333332724869251
,academy_3_vs_1_with_keeper,123,collect_rollout,2178,0,14,0.024590029381215572,False,False,0.0,0.0,0,0,0,0.0,0.0,0.0,0.0,0.024590029381215572,1,0.024590029381215572
,academy_3_vs_1_with_keeper,123,collect_rollout,2179,0,18,-0.006666666362434626,False,False,0.0,0.0,0,0,0,0.0,0.0,0.0,0.0,-0.006666666362434626,1,-0.006666666362434626
,academy_3_vs_1_with_keeper,123,collect_rollout,2180,0,19,-0.019999999087303877,False,False,0.0,0.0,0,0,0,0.0,0.0,0.0,0.0,-0.019999999087303877,1,-0.019999999087303877
,academy_3_vs_1_with_keeper,123,collect_rollout,2181,0,20,-0.006666666362434626,False,False,0.0,0.0,0,0,0,0.0,0.0,0.0,0.0,-0.006666666362434626,1,-0.006666666362434626
,academy_3_vs_1_with_keeper,123,collect_rollout,2182,0,17,0.0,False,False,0.0,0.0,0,0,0,0.0,0.0,0.0,0.0,0.0,1,0.0
,academy_3_vs_1_with_keeper,123,collect_rollout,2183,0,38,2.1387769187567756,False,False,0.0,0.0,0,0,0,0.0,0.0,0.0,0.0,2.1387769187567756,1,2.1387769187567756
,academy_3_vs_1_with_keeper,123,collect_rollout,2184,0,18,-0.006666666362434626,False,False,0.0,0.0,0,0,0,0.0,0.0,0.0,0.0,-0.006666666362434626,1,-0.006666666362434626
,academy_3_vs_1_with_keeper,123,collect_rollout,2185,0,19,-0.003333333181217313,False,False,0.0,0.0,0,0,0,0.0,0.0,0.0,0.0,-0.003333333181217313,1,-0.003333333181217313
,academy_3_vs_1_with_keeper,123,collect_rollout,2186,0,16,-0.006666666362434626,False,False,0.0,0.0,0,0,0,0.0,0.0,0.0,0.0,-0.006666666362434626,1,-0.006666666362434626
,academy_3_vs_1_with_keeper,123,collect_rollout,2187,0,162,-0.05194503651000559,False,False,0.0,0.0,0,0,0,0.0,0.0,0.0,0.0,-0.05194503651000559,1,-0.05194503651000559
,academy_3_vs_1_with_keeper,123,collect_rollout,2188,0,17,-0.006666666362434626,False,False,0.0,0.0,0,0,0,0.0,0.0,0.0,0.0,-0.006666666362434626,1,-0.006666666362434626
,academy_3_vs_1_with_keeper,123,collect_rollout,2189,0,41,0.06790551648009568,False,False,0.0,0.0,0,0,0,0.0,0.0,0.0,0.0,0.06790551648009568,1,0.06790551648009568
,academy_3_vs_1_with_keeper,123,collect_rollout,2190,0,18,-0.009999999543651938,False,False,0.0,0.0,0,0,0,0.0,0.0,0.0,0.0,-0.009999999543651938,1,-0.009999999543651938
,academy_3_vs_1_with_keeper,123,collect_rollout,2191,0,35,0.3676965731428936,False,False,0.0,0.0,0,0,0,0.0,0.0,0.0,0.0,0.3676965731428936,1,0.3676965731428936
,academy_3_vs_1_with_keeper,123,collect_rollout,2192,0,19,-0.006666666362434626,False,False,0.0,0.0,0,0,0,0.0,0.0,0.0,0.0,-0.006666666362434626,1,-0.006666666362434626
,academy_3_vs_1_with_keeper,123,collect_rollout,2193,0,19,-0.009999999543651938,False,False,0.0,0.0,0,0,0,0.0,0.0,0.0,0.0,-0.009999999543651938,1,-0.009999999543651938
,academy_3_vs_1_with_keeper,123,collect_rollout,2194,0,100,0.19596166402334347,False,False,0.0,0.0,0,0,0,0.0,0.0,0.0,0.0,0.19596166402334347,1,0.19596166402334347
,academy_3_vs_1_with_keeper,123,collect_rollout,2195,0,14,0.013913620496168733,False,False,0.0,0.0,0,0,0,0.0,0.0,0.0,0.0,0.013913620496168733,1,0.013913620496168733
,academy_3_vs_1_with_keeper,123,collect_rollout,2196,0,16,-0.003333333181217313,False,False,0.0,0.0,0,0,0,0.0,0.0,0.0,0.0,-0.003333333181217313,1,-0.003333333181217313
,academy_3_vs_1_with_keeper,123,collect_rollout,2197,0,71,-0.14470521116163582,False,False,0.0,0.0,0,0,0,0.0,0.0,0.0,0.0,-0.14470521116163582,1,-0.14470521116163582
,academy_3_vs_1_with_keeper,123,collect_rollout,2198,0,31,0.11083199549466372,False,False,0.0,0.0,0,0,0,0.0,0.0,0.0,0.0,0.11083199549466372,1,0.11083199549466372
,academy_3_vs_1_with_keeper,123,collect_rollout,2199,0,19,-0.003333333181217313,False,False,0.0,0.0,0,0,0,0.0,0.0,0.0,0.0,-0.003333333181217313,1,-0.003333333181217313
,academy_3_vs_1_with_keeper,123,collect_rollout,2200,0,23,-0.02333333226852119,False,False,0.0,0.0,0,0,0,0.0,0.0,0.0,0.0,-0.02333333226852119,1,-0.02333333226852119
,academy_3_vs_1_with_keeper,123,collect_rollout,2201,0,8,0.024398520530667156,False,False,0.0,0.0,0,0,0,0.0,0.0,0.0,0.0,0.024398520530667156,1,0.024398520530667156
,academy_3_vs_1_with_keeper,123,collect_rollout,2202,0,20,-0.006666666362434626,False,False,0.0,0.0,0,0,0,0.0,0.0,0.0,0.0,-0.006666666362434626,1,-0.006666666362434626
,academy_3_vs_1_with_keeper,123,collect_rollout,2203,0,10,0.023199626244604588,False,False,0.0,0.0,0,0,0,0.0,0.0,0.0,0.0,0.023199626244604588,1,0.023199626244604588
,academy_3_vs_1_with_keeper,123,collect_rollout,2204,0,18,-0.013333332724869251,False,False,0.0,0.0,0,0,0,0.0,0.0,0.0,0.0,-0.013333332724869251,1,-0.013333332724869251
,academy_3_vs_1_with_keeper,123,collect_rollout,2205,0,17,-0.006666666362434626,False,False,0.0,0.0,0,0,0,0.0,0.0,0.0,0.0,-0.006666666362434626,1,-0.006666666362434626
,academy_3_vs_1_with_keeper,123,collect_rollout,2206,0,17,-0.009999999543651938,False,False,0.0,0.0,0,0,0,0.0,0.0,0.0,0.0,-0.009999999543651938,1,-0.009999999543651938
,academy_3_vs_1_with_keeper,123,collect_rollout,2207,0,14,0.0,False,False,0.0,0.0,0,0,0,0.0,0.0,0.0,0.0,0.0,1,0.0
,academy_3_vs_1_with_keeper,123,collect_rollout,2208,0,44,0.006967670517042279,False,False,0.0,0.0,0,0,0,0.0,0.0,0.0,0.0,0.006967670517042279,1,0.006967670517042279
,academy_3_vs_1_with_keeper,123,collect_rollout,2209,0,28,0.12107918062247336,False,False,0.0,0.0,0,0,0,0.0,0.0,0.0,0.0,0.12107918062247336,1,0.12107918062247336
,academy_3_vs_1_with_keeper,123,collect_rollout,2210,0,22,-0.006666666362434626,False,False,0.0,0.0,0,0,0,0.0,0.0,0.0,0.0,-0.006666666362434626,1,-0.006666666362434626
,academy_3_vs_1_with_keeper,123,collect_rollout,2211,0,13,0.015695663867518306,False,False,0.0,0.0,0,0,0,0.0,0.0,0.0,0.0,0.015695663867518306,1,0.015695663867518306
,academy_3_vs_1_with_keeper,123,collect_rollout,2212,0,23,-0.009999999543651938,False,False,0.0,0.0,0,0,0,0.0,0.0,0.0,0.0,-0.009999999543651938,1,-0.009999999543651938
,academy_3_vs_1_with_keeper,123,collect_rollout,2213,0,13,0.017304174369201064,False,False,0.0,0.0,0,0,0,0.0,0.0,0.0,0.0,0.017304174369201064,1,0.017304174369201064
,academy_3_vs_1_with_keeper,123,collect_rollout,2214,0,26,2.1518896457273513,False,False,0.0,0.0,0,0,0,0.0,0.0,0.0,0.0,2.1518896457273513,1,2.1518896457273513
,academy_3_vs_1_with_keeper,123,collect_rollout,2215,0,19,-0.009999999543651938,False,False,0.0,0.0,0,0,0,0.0,0.0,0.0,0.0,-0.009999999543651938,1,-0.009999999543651938
,academy_3_vs_1_with_keeper,123,collect_rollout,2216,0,51,0.08330726367421448,False,False,0.0,0.0,0,0,0,0.0,0.0,0.0,0.0,0.08330726367421448,1,0.08330726367421448
,academy_3_vs_1_with_keeper,123,collect_rollout,2217,0,17,-0.006666666362434626,False,False,0.0,0.0,0,0,0,0.0,0.0,0.0,0.0,-0.006666666362434626,1,-0.006666666362434626
,academy_3_vs_1_with_keeper,123,collect_rollout,2218,0,53,-0.025617504958063364,False,False,0.0,0.0,0,0,0,0.0,0.0,0.0,0.0,-0.025617504958063364,1,-0.025617504958063364
,academy_3_vs_1_with_keeper,123,collect_rollout,2219,0,11,0.03848316101357341,False,False,0.0,0.0,0,0,0,0.0,0.0,0.0,0.0,0.03848316101357341,1,0.03848316101357341
,academy_3_vs_1_with_keeper,123,collect_rollout,2220,0,112,-0.22124797105789185,False,False,0.0,0.0,0,0,0,0.0,0.0,0.0,0.0,-0.22124797105789185,1,-0.22124797105789185
,academy_3_vs_1_with_keeper,123,collect_rollout,2221,0,22,-0.003333333181217313,False,False,0.0,0.0,0,0,0,0.0,0.0,0.0,0.0,-0.003333333181217313,1,-0.003333333181217313
,academy_3_vs_1_with_keeper,123,collect_rollout,2222,0,6,0.04719294002279639,False,False,0.0,0.0,0,0,0,0.0,0.0,0.0,0.0,0.04719294002279639,1,0.04719294002279639
,academy_3_vs_1_with_keeper,123,collect_rollout,2223,0,20,-0.016666665906086564,False,False,0.0,0.0,0,0,0,0.0,0.0,0.0,0.0,-0.016666665906086564,1,-0.016666665906086564
,academy_3_vs_1_with_keeper,123,collect_rollout,2224,0,18,0.0015928344801068306,False,False,0.0,0.0,0,0,0,0.0,0.0,0.0,0.0,0.0015928344801068306,1,0.0015928344801068306
,academy_3_vs_1_with_keeper,123,collect_rollout,2225,0,32,2.1339614238822833,False,False,0.0,0.0,0,0,0,0.0,0.0,0.0,0.0,2.1339614238822833,1,2.1339614238822833
,academy_3_vs_1_with_keeper,123,collect_rollout,2226,0,19,-0.003333333181217313,False,False,0.0,0.0,0,0,0,0.0,0.0,0.0,0.0,-0.003333333181217313,1,-0.003333333181217313
,academy_3_vs_1_with_keeper,123,collect_rollout,2227,0,40,0.04163412319030613,False,False,0.0,0.0,0,0,0,0.0,0.0,0.0,0.0,0.04163412319030613,1,0.04163412319030613
,academy_3_vs_1_with_keeper,123,collect_rollout,2228,0,22,-0.006666666362434626,False,False,0.0,0.0,0,0,0,0.0,0.0,0.0,0.0,-0.006666666362434626,1,-0.006666666362434626
,academy_3_vs_1_with_keeper,123,collect_rollout,2229,0,20,-0.006666666362434626,False,False,0.0,0.0,0,0,0,0.0,0.0,0.0,0.0,-0.006666666362434626,1,-0.006666666362434626
,academy_3_vs_1_with_keeper,123,collect_rollout,2230,0,28,2.1412032647058368,False,False,0.0,0.0,0,0,0,0.0,0.0,0.0,0.0,2.1412032647058368,1,2.1412032647058368
,academy_3_vs_1_with_keeper,123,collect_rollout,2231,0,29,2.1424555018893443,False,False,0.0,0.0,0,0,0,0.0,0.0,0.0,0.0,2.1424555018893443,1,2.1424555018893443
,academy_3_vs_1_with_keeper,123,collect_rollout,2232,0,21,-0.006666666362434626,False,False,0.0,0.0,0,0,0,0.0,0.0,0.0,0.0,-0.006666666362434626,1,-0.006666666362434626
,academy_3_vs_1_with_keeper,123,collect_rollout,2233,0,29,0.12586683535482734,False,False,0.0,0.0,0,0,0,0.0,0.0,0.0,0.0,0.12586683535482734,1,0.12586683535482734
,academy_3_vs_1_with_keeper,123,collect_rollout,2234,0,17,-0.003333333181217313,False,False,0.0,0.0,0,0,0,0.0,0.0,0.0,0.0,-0.003333333181217313,1,-0.003333333181217313
,academy_3_vs_1_with_keeper,123,collect_rollout,2235,0,18,-0.003333333181217313,False,False,0.0,0.0,0,0,0,0.0,0.0,0.0,0.0,-0.003333333181217313,1,-0.003333333181217313
,academy_3_vs_1_with_keeper,123,collect_rollout,2236,0,15,-0.006666666362434626,False,False,0.0,0.0,0,0,0,0.0,0.0,0.0,0.0,-0.006666666362434626,1,-0.006666666362434626
,academy_3_vs_1_with_keeper,123,collect_rollout,2237,0,14,0.0,False,False,0.0,0.0,0,0,0,0.0,0.0,0.0,0.0,0.0,1,0.0
,academy_3_vs_1_with_keeper,123,collect_rollout,2238,0,19,-0.009999999543651938,False,False,0.0,0.0,0,0,0,0.0,0.0,0.0,0.0,-0.009999999543651938,1,-0.009999999543651938
,academy_3_vs_1_with_keeper,123,collect_rollout,2239,0,16,-0.003333333181217313,False,False,0.0,0.0,0,0,0,0.0,0.0,0.0,0.0,-0.003333333181217313,1,-0.003333333181217313
,academy_3_vs_1_with_keeper,123,collect_rollout,2240,0,32,0.0732058448556927,False,False,0.0,0.0,0,0,0,0.0,0.0,0.0,0.0,0.0732058448556927,1,0.0732058448556927
,academy_3_vs_1_with_keeper,123,collect_rollout,2241,0,15,-0.009999999543651938,False,False,0.0,0.0,0,0,0,0.0,0.0,0.0,0.0,-0.009999999543651938,1,-0.009999999543651938
,academy_3_vs_1_with_keeper,123,collect_rollout,2242,0,17,-0.013333332724869251,False,False,0.0,0.0,0,0,0,0.0,0.0,0.0,0.0,-0.013333332724869251,1,-0.013333332724869251
,academy_3_vs_1_with_keeper,123,collect_rollout,2243,0,72,-0.22183574829250574,False,False,0.0,0.0,0,0,0,0.0,0.0,0.0,0.0,-0.22183574829250574,1,-0.22183574829250574
,academy_3_vs_1_with_keeper,123,collect_rollout,2244,0,52,0.012367309245746583,False,False,0.0,0.0,0,0,0,0.0,0.0,0.0,0.0,0.012367309245746583,1,0.012367309245746583
,academy_3_vs_1_with_keeper,123,collect_rollout,2245,0,21,-0.006666666362434626,False,False,0.0,0.0,0,0,0,0.0,0.0,0.0,0.0,-0.006666666362434626,1,-0.006666666362434626
,academy_3_vs_1_with_keeper,123,collect_rollout,2246,0,20,0.0,False,False,0.0,0.0,0,0,0,0.0,0.0,0.0,0.0,0.0,1,0.0
,academy_3_vs_1_with_keeper,123,collect_rollout,2247,0,26,2.148900671978481,False,False,0.0,0.0,0,0,0,0.0,0.0,0.0,0.0,2.148900671978481,1,2.148900671978481
,academy_3_vs_1_with_keeper,123,collect_rollout,2248,0,23,-0.006666666362434626,False,False,0.0,0.0,0,0,0,0.0,0.0,0.0,0.0,-0.006666666362434626,1,-0.006666666362434626
,academy_3_vs_1_with_keeper,123,collect_rollout,2249,0,49,0.09507699124515057,False,False,0.0,0.0,0,0,0,0.0,0.0,0.0,0.0,0.09507699124515057,1,0.09507699124515057
,academy_3_vs_1_with_keeper,123,collect_rollout,2250,0,16,-0.006666666362434626,False,False,0.0,0.0,0,0,0,0.0,0.0,0.0,0.0,-0.006666666362434626,1,-0.006666666362434626
,academy_3_vs_1_with_keeper,123,collect_rollout,2251,0,14,0.021944742591585964,False,False,0.0,0.0,0,0,0,0.0,0.0,0.0,0.0,0.021944742591585964,1,0.021944742591585964
,academy_3_vs_1_with_keeper,123,collect_rollout,2252,0,20,-0.009999999543651938,False,False,0.0,0.0,0,0,0,0.0,0.0,0.0,0.0,-0.009999999543651938,1,-0.009999999543651938
,academy_3_vs_1_with_keeper,123,collect_rollout,2253,0,20,-0.006666666362434626,False,False,0.0,0.0,0,0,0,0.0,0.0,0.0,0.0,-0.006666666362434626,1,-0.006666666362434626
,academy_3_vs_1_with_keeper,123,collect_rollout,2254,0,20,-0.003333333181217313,False,False,0.0,0.0,0,0,0,0.0,0.0,0.0,0.0,-0.003333333181217313,1,-0.003333333181217313
,academy_3_vs_1_with_keeper,123,collect_rollout,2255,0,48,2.101755010895431,False,False,0.0,0.0,0,0,0,0.0,0.0,0.0,0.0,2.101755010895431,1,2.101755010895431
,academy_3_vs_1_with_keeper,123,collect_rollout,2256,0,20,-0.009999999543651938,False,False,0.0,0.0,0,0,0,0.0,0.0,0.0,0.0,-0.009999999543651938,1,-0.009999999543651938
,academy_3_vs_1_with_keeper,123,collect_rollout,2257,0,22,-0.019999999087303877,False,False,0.0,0.0,0,0,0,0.0,0.0,0.0,0.0,-0.019999999087303877,1,-0.019999999087303877
,academy_3_vs_1_with_keeper,123,collect_rollout,2258,0,21,-0.009999999543651938,False,False,0.0,0.0,0,0,0,0.0,0.0,0.0,0.0,-0.009999999543651938,1,-0.009999999543651938
,academy_3_vs_1_with_keeper,123,collect_rollout,2259,0,84,0.022985483752563596,False,False,0.0,0.0,0,0,0,0.0,0.0,0.0,0.0,0.022985483752563596,1,0.022985483752563596
,academy_3_vs_1_with_keeper,123,collect_rollout,2260,0,17,-0.009999999543651938,False,False,0.0,0.0,0,0,0,0.0,0.0,0.0,0.0,-0.009999999543651938,1,-0.009999999543651938
,academy_3_vs_1_with_keeper,123,collect_rollout,2261,0,91,-0.2403847967943875,False,False,0.0,0.0,0,0,0,0.0,0.0,0.0,0.0,-0.2403847967943875,1,-0.2403847967943875
,academy_3_vs_1_with_keeper,123,collect_rollout,2262,0,18,0.0,False,False,0.0,0.0,0,0,0,0.0,0.0,0.0,0.0,0.0,1,0.0
,academy_3_vs_1_with_keeper,123,collect_rollout,2263,0,15,0.03034161834511906,False,False,0.0,0.0,0,0,0,0.0,0.0,0.0,0.0,0.03034161834511906,1,0.03034161834511906
,academy_3_vs_1_with_keeper,123,collect_rollout,2264,0,81,0.109459308674559,False,False,0.0,0.0,0,0,0,0.0,0.0,0.0,0.0,0.109459308674559,1,0.109459308674559
,academy_3_vs_1_with_keeper,123,collect_rollout,2265,0,54,2.0897997017018497,False,False,0.0,0.0,0,0,0,0.0,0.0,0.0,0.0,2.0897997017018497,1,2.0897997017018497
,academy_3_vs_1_with_keeper,123,collect_rollout,2266,0,21,0.0,False,False,0.0,0.0,0,0,0,0.0,0.0,0.0,0.0,0.0,1,0.0
,academy_3_vs_1_with_keeper,123,collect_rollout,2267,0,38,0.10727948090061545,False,False,0.0,0.0,0,0,0,0.0,0.0,0.0,0.0,0.10727948090061545,1,0.10727948090061545
,academy_3_vs_1_with_keeper,123,collect_rollout,2268,0,17,-0.006666666362434626,False,False,0.0,0.0,0,0,0,0.0,0.0,0.0,0.0,-0.006666666362434626,1,-0.006666666362434626
,academy_3_vs_1_with_keeper,123,collect_rollout,2269,0,36,2.144998241914436,False,False,0.0,0.0,0,0,0,0.0,0.0,0.0,0.0,2.144998241914436,1,2.144998241914436
,academy_3_vs_1_with_keeper,123,collect_rollout,2270,0,19,-0.009999999543651938,False,False,0.0,0.0,0,0,0,0.0,0.0,0.0,0.0,-0.009999999543651938,1,-0.009999999543651938
,academy_3_vs_1_with_keeper,123,collect_rollout,2271,0,16,-0.003333333181217313,False,False,0.0,0.0,0,0,0,0.0,0.0,0.0,0.0,-0.003333333181217313,1,-0.003333333181217313
,academy_3_vs_1_with_keeper,123,collect_rollout,2272,0,29,0.09663890540832654,False,False,0.0,0.0,0,0,0,0.0,0.0,0.0,0.0,0.09663890540832654,1,0.09663890540832654
,academy_3_vs_1_with_keeper,123,collect_rollout,2273,0,16,-0.006666666362434626,False,False,0.0,0.0,0,0,0,0.0,0.0,0.0,0.0,-0.006666666362434626,1,-0.006666666362434626
,academy_3_vs_1_with_keeper,123,collect_rollout,2274,0,21,2.145075298147276,False,False,0.0,0.0,0,0,0,0.0,0.0,0.0,0.0,2.145075298147276,1,2.145075298147276
,academy_3_vs_1_with_keeper,123,collect_rollout,2275,0,9,0.03118006873410195,False,False,0.0,0.0,0,0,0,0.0,0.0,0.0,0.0,0.03118006873410195,1,0.03118006873410195
,academy_3_vs_1_with_keeper,123,collect_rollout,2276,0,19,0.0,False,False,0.0,0.0,0,0,0,0.0,0.0,0.0,0.0,0.0,1,0.0
,academy_3_vs_1_with_keeper,123,collect_rollout,2277,0,13,0.013259990140795708,False,False,0.0,0.0,0,0,0,0.0,0.0,0.0,0.0,0.013259990140795708,1,0.013259990140795708
,academy_3_vs_1_with_keeper,123,collect_rollout,2278,0,105,1.645295076770708,False,False,0.0,0.0,0,0,0,0.0,0.0,0.0,0.0,1.645295076770708,1,1.645295076770708
,academy_3_vs_1_with_keeper,123,collect_rollout,2279,0,49,0.11875744750432204,False,False,0.0,0.0,0,0,0,0.0,0.0,0.0,0.0,0.11875744750432204,1,0.11875744750432204
,academy_3_vs_1_with_keeper,123,collect_rollout,2280,0,22,-0.013333332724869251,False,False,0.0,0.0,0,0,0,0.0,0.0,0.0,0.0,-0.013333332724869251,1,-0.013333332724869251
,academy_3_vs_1_with_keeper,123,collect_rollout,2281,0,12,0.026708359131589532,False,False,0.0,0.0,0,0,0,0.0,0.0,0.0,0.0,0.026708359131589532,1,0.026708359131589532
,academy_3_vs_1_with_keeper,123,collect_rollout,2282,0,20,-0.009999999543651938,False,False,0.0,0.0,0,0,0,0.0,0.0,0.0,0.0,-0.009999999543651938,1,-0.009999999543651938
,academy_3_vs_1_with_keeper,123,collect_rollout,2283,0,18,-0.006666666362434626,False,False,0.0,0.0,0,0,0,0.0,0.0,0.0,0.0,-0.006666666362434626,1,-0.006666666362434626
,academy_3_vs_1_with_keeper,123,collect_rollout,2284,0,18,-0.016666665906086564,False,False,0.0,0.0,0,0,0,0.0,0.0,0.0,0.0,-0.016666665906086564,1,-0.016666665906086564
,academy_3_vs_1_with_keeper,123,collect_rollout,2285,0,19,-0.009999999543651938,False,False,0.0,0.0,0,0,0,0.0,0.0,0.0,0.0,-0.009999999543651938,1,-0.009999999543651938
,academy_3_vs_1_with_keeper,123,collect_rollout,2286,0,114,0.20410041481954977,False,False,0.0,0.0,0,0,0,0.0,0.0,0.0,0.0,0.20410041481954977,1,0.20410041481954977
,academy_3_vs_1_with_keeper,123,collect_rollout,2287,0,14,-0.003333333181217313,False,False,0.0,0.0,0,0,0,0.0,0.0,0.0,0.0,-0.003333333181217313,1,-0.003333333181217313
,academy_3_vs_1_with_keeper,123,collect_rollout,2288,0,39,2.081759957538452,False,False,0.0,0.0,0,0,0,0.0,0.0,0.0,0.0,2.081759957538452,1,2.081759957538452
,academy_3_vs_1_with_keeper,123,collect_rollout,2289,0,20,-0.016666665906086564,False,False,0.0,0.0,0,0,0,0.0,0.0,0.0,0.0,-0.016666665906086564,1,-0.016666665906086564
,academy_3_vs_1_with_keeper,123,collect_rollout,2290,0,17,-0.009999999543651938,False,False,0.0,0.0,0,0,0,0.0,0.0,0.0,0.0,-0.009999999543651938,1,-0.009999999543651938
,academy_3_vs_1_with_keeper,123,collect_rollout,2291,0,7,0.03311223164200783,False,False,0.0,0.0,0,0,0,0.0,0.0,0.0,0.0,0.03311223164200783,1,0.03311223164200783
,academy_3_vs_1_with_keeper,123,collect_rollout,2292,0,20,-0.013333332724869251,False,False,0.0,0.0,0,0,0,0.0,0.0,0.0,0.0,-0.013333332724869251,1,-0.013333332724869251
,academy_3_vs_1_with_keeper,123,collect_rollout,2293,0,20,-0.009999999543651938,False,False,0.0,0.0,0,0,0,0.0,0.0,0.0,0.0,-0.009999999543651938,1,-0.009999999543651938
,academy_3_vs_1_with_keeper,123,collect_rollout,2294,0,87,0.07894305586523842,False,False,0.0,0.0,0,0,0,0.0,0.0,0.0,0.0,0.07894305586523842,1,0.07894305586523842
,academy_3_vs_1_with_keeper,123,collect_rollout,2295,0,23,-0.006666666362434626,False,False,0.0,0.0,0,0,0,0.0,0.0,0.0,0.0,-0.006666666362434626,1,-0.006666666362434626
,academy_3_vs_1_with_keeper,123,collect_rollout,2296,0,7,0.05315913073718548,False,False,0.0,0.0,0,0,0,0.0,0.0,0.0,0.0,0.05315913073718548,1,0.05315913073718548
,academy_3_vs_1_with_keeper,123,collect_rollout,2297,0,89,0.06087958358693868,False,False,0.0,0.0,0,0,0,0.0,0.0,0.0,0.0,0.06087958358693868,1,0.06087958358693868
,academy_3_vs_1_with_keeper,123,collect_rollout,2298,0,15,-0.003333333181217313,False,False,0.0,0.0,0,0,0,0.0,0.0,0.0,0.0,-0.003333333181217313,1,-0.003333333181217313
,academy_3_vs_1_with_keeper,123,collect_rollout,2299,0,22,-0.003333333181217313,False,False,0.0,0.0,0,0,0,0.0,0.0,0.0,0.0,-0.003333333181217313,1,-0.003333333181217313
,academy_3_vs_1_with_keeper,123,collect_rollout,2300,0,17,-0.019999999087303877,False,False,0.0,0.0,0,0,0,0.0,0.0,0.0,0.0,-0.019999999087303877,1,-0.019999999087303877
,academy_3_vs_1_with_keeper,123,collect_rollout,2301,0,25,2.1221592724323273,False,False,0.0,0.0,0,0,0,0.0,0.0,0.0,0.0,2.1221592724323273,1,2.1221592724323273
,academy_3_vs_1_with_keeper,123,collect_rollout,2302,0,38,2.0898228253936395,False,False,0.0,0.0,0,0,0,0.0,0.0,0.0,0.0,2.0898228253936395,1,2.0898228253936395
,academy_3_vs_1_with_keeper,123,collect_rollout,2303,0,21,2.1315285668242723,False,False,0.0,0.0,0,0,0,0.0,0.0,0.0,0.0,2.1315285668242723,1,2.1315285668242723
,academy_3_vs_1_with_keeper,123,collect_rollout,2304,0,13,0.013841265114024282,False,False,0.0,0.0,0,0,0,0.0,0.0,0.0,0.0,0.013841265114024282,1,0.013841265114024282
,academy_3_vs_1_with_keeper,123,collect_rollout,2305,0,17,-0.019999999087303877,False,False,0.0,0.0,0,0,0,0.0,0.0,0.0,0.0,-0.019999999087303877,1,-0.019999999087303877
,academy_3_vs_1_with_keeper,123,collect_rollout,2306,0,55,-0.0921094897785224,False,False,0.0,0.0,0,0,0,0.0,0.0,0.0,0.0,-0.0921094897785224,1,-0.0921094897785224
,academy_3_vs_1_with_keeper,123,collect_rollout,2307,0,20,-0.006666666362434626,False,False,0.0,0.0,0,0,0,0.0,0.0,0.0,0.0,-0.006666666362434626,1,-0.006666666362434626
,academy_3_vs_1_with_keeper,123,collect_rollout,2308,0,35,2.126535682735266,False,False,0.0,0.0,0,0,0,0.0,0.0,0.0,0.0,2.126535682735266,1,2.126535682735266
,academy_3_vs_1_with_keeper,123,collect_rollout,2309,0,19,-0.02333333226852119,False,False,0.0,0.0,0,0,0,0.0,0.0,0.0,0.0,-0.02333333226852119,1,-0.02333333226852119
,academy_3_vs_1_with_keeper,123,collect_rollout,2310,0,19,-0.019999999087303877,False,False,0.0,0.0,0,0,0,0.0,0.0,0.0,0.0,-0.019999999087303877,1,-0.019999999087303877
,academy_3_vs_1_with_keeper,123,collect_rollout,2311,0,18,-0.009466684190556407,False,False,0.0,0.0,0,0,0,0.0,0.0,0.0,0.0,-0.009466684190556407,1,-0.009466684190556407
,academy_3_vs_1_with_keeper,123,collect_rollout,2312,0,17,-0.013333332724869251,False,False,0.0,0.0,0,0,0,0.0,0.0,0.0,0.0,-0.013333332724869251,1,-0.013333332724869251
,academy_3_vs_1_with_keeper,123,collect_rollout,2313,0,16,-0.009999999543651938,False,False,0.0,0.0,0,0,0,0.0,0.0,0.0,0.0,-0.009999999543651938,1,-0.009999999543651938
,academy_3_vs_1_with_keeper,123,collect_rollout,2314,0,18,-0.009999999543651938,False,False,0.0,0.0,0,0,0,0.0,0.0,0.0,0.0,-0.009999999543651938,1,-0.009999999543651938
,academy_3_vs_1_with_keeper,123,collect_rollout,2315,0,17,-0.003333333181217313,False,False,0.0,0.0,0,0,0,0.0,0.0,0.0,0.0,-0.003333333181217313,1,-0.003333333181217313
,academy_3_vs_1_with_keeper,123,collect_rollout,2316,0,48,0.08290424873121083,False,False,0.0,0.0,0,0,0,0.0,0.0,0.0,0.0,0.08290424873121083,1,0.08290424873121083
,academy_3_vs_1_with_keeper,123,collect_rollout,2317,0,81,0.09070458845235407,False,False,0.0,0.0,0,0,0,0.0,0.0,0.0,0.0,0.09070458845235407,1,0.09070458845235407
,academy_3_vs_1_with_keeper,123,collect_rollout,2318,0,22,-0.016666665906086564,False,False,0.0,0.0,0,0,0,0.0,0.0,0.0,0.0,-0.016666665906086564,1,-0.016666665906086564
,academy_3_vs_1_with_keeper,123,collect_rollout,2319,0,6,0.047202922869473696,False,False,0.0,0.0,0,0,0,0.0,0.0,0.0,0.0,0.047202922869473696,1,0.047202922869473696
,academy_3_vs_1_with_keeper,123,collect_rollout,2320,0,19,-0.003333333181217313,False,False,0.0,0.0,0,0,0,0.0,0.0,0.0,0.0,-0.003333333181217313,1,-0.003333333181217313
,academy_3_vs_1_with_keeper,123,collect_rollout,2321,0,21,-0.009999999543651938,False,False,0.0,0.0,0,0,0,0.0,0.0,0.0,0.0,-0.009999999543651938,1,-0.009999999543651938
,academy_3_vs_1_with_keeper,123,collect_rollout,2322,0,34,2.1201244324911386,False,False,0.0,0.0,0,0,0,0.0,0.0,0.0,0.0,2.1201244324911386,1,2.1201244324911386
,academy_3_vs_1_with_keeper,123,collect_rollout,2323,0,21,-0.009999999543651938,False,False,0.0,0.0,0,0,0,0.0,0.0,0.0,0.0,-0.009999999543651938,1,-0.009999999543651938
,academy_3_vs_1_with_keeper,123,collect_rollout,2324,0,9,0.043797080870717764,False,False,0.0,0.0,0,0,0,0.0,0.0,0.0,0.0,0.043797080870717764,1,0.043797080870717764
,academy_3_vs_1_with_keeper,123,collect_rollout,2325,0,28,0.1262953677214682,False,False,0.0,0.0,0,0,0,0.0,0.0,0.0,0.0,0.1262953677214682,1,0.1262953677214682
,academy_3_vs_1_with_keeper,123,collect_rollout,2326,0,20,-0.019999999087303877,False,False,0.0,0.0,0,0,0,0.0,0.0,0.0,0.0,-0.019999999087303877,1,-0.019999999087303877
,academy_3_vs_1_with_keeper,123,collect_rollout,2327,0,17,-0.013333332724869251,False,False,0.0,0.0,0,0,0,0.0,0.0,0.0,0.0,-0.013333332724869251,1,-0.013333332724869251
,academy_3_vs_1_with_keeper,123,collect_rollout,2328,0,13,0.013338702265173197,False,False,0.0,0.0,0,0,0,0.0,0.0,0.0,0.0,0.013338702265173197,1,0.013338702265173197
,academy_3_vs_1_with_keeper,123,collect_rollout,2329,0,29,2.150686596054584,False,False,0.0,0.0,0,0,0,0.0,0.0,0.0,0.0,2.150686596054584,1,2.150686596054584
,academy_3_vs_1_with_keeper,123,collect_rollout,2330,0,12,0.017353448318317533,False,False,0.0,0.0,0,0,0,0.0,0.0,0.0,0.0,0.017353448318317533,1,0.017353448318317533
,academy_3_vs_1_with_keeper,123,collect_rollout,2331,0,10,0.01724595157429576,False,False,0.0,0.0,0,0,0,0.0,0.0,0.0,0.0,0.01724595157429576,1,0.01724595157429576
,academy_3_vs_1_with_keeper,123,collect_rollout,2332,0,47,0.12433294509537518,False,False,0.0,0.0,0,0,0,0.0,0.0,0.0,0.0,0.12433294509537518,1,0.12433294509537518
,academy_3_vs_1_with_keeper,123,collect_rollout,2333,0,17,-0.006666666362434626,False,False,0.0,0.0,0,0,0,0.0,0.0,0.0,0.0,-0.006666666362434626,1,-0.006666666362434626
,academy_3_vs_1_with_keeper,123,collect_rollout,2334,0,24,0.12422841670922935,False,False,0.0,0.0,0,0,0,0.0,0.0,0.0,0.0,0.12422841670922935,1,0.12422841670922935
,academy_3_vs_1_with_keeper,123,collect_rollout,2335,0,19,-0.009999999543651938,False,False,0.0,0.0,0,0,0,0.0,0.0,0.0,0.0,-0.009999999543651938,1,-0.009999999543651938
,academy_3_vs_1_with_keeper,123,collect_rollout,2336,0,14,-0.006666666362434626,False,False,0.0,0.0,0,0,0,0.0,0.0,0.0,0.0,-0.006666666362434626,1,-0.006666666362434626
,academy_3_vs_1_with_keeper,123,collect_rollout,2337,0,23,-0.019999999087303877,False,False,0.0,0.0,0,0,0,0.0,0.0,0.0,0.0,-0.019999999087303877,1,-0.019999999087303877
,academy_3_vs_1_with_keeper,123,collect_rollout,2338,0,9,0.052215339383110404,False,False,0.0,0.0,0,0,0,0.0,0.0,0.0,0.0,0.052215339383110404,1,0.052215339383110404
,academy_3_vs_1_with_keeper,123,collect_rollout,2339,0,14,-0.003333333181217313,False,False,0.0,0.0,0,0,0,0.0,0.0,0.0,0.0,-0.003333333181217313,1,-0.003333333181217313
,academy_3_vs_1_with_keeper,123,collect_rollout,2340,0,22,-0.013333332724869251,False,False,0.0,0.0,0,0,0,0.0,0.0,0.0,0.0,-0.013333332724869251,1,-0.013333332724869251
,academy_3_vs_1_with_keeper,123,collect_rollout,2341,0,18,-0.006666666362434626,False,False,0.0,0.0,0,0,0,0.0,0.0,0.0,0.0,-0.006666666362434626,1,-0.006666666362434626
,academy_3_vs_1_with_keeper,123,collect_rollout,2342,0,30,0.11753485002554953,False,False,0.0,0.0,0,0,0,0.0,0.0,0.0,0.0,0.11753485002554953,1,0.11753485002554953
,academy_3_vs_1_with_keeper,123,collect_rollout,2343,0,19,-0.019999999087303877,False,False,0.0,0.0,0,0,0,0.0,0.0,0.0,0.0,-0.019999999087303877,1,-0.019999999087303877
,academy_3_vs_1_with_keeper,123,collect_rollout,2344,0,1801,0.02183731773402542,False,False,0.0,0.0,0,0,0,0.0,0.0,0.0,0.0,0.02183731773402542,1,0.02183731773402542
,academy_3_vs_1_with_keeper,123,collect_rollout,2345,0,11,0.03564228559844196,False,False,0.0,0.0,0,0,0,0.0,0.0,0.0,0.0,0.03564228559844196,1,0.03564228559844196
,academy_3_vs_1_with_keeper,123,collect_rollout,2346,0,17,-0.003333333181217313,False,False,0.0,0.0,0,0,0,0.0,0.0,0.0,0.0,-0.003333333181217313,1,-0.003333333181217313
,academy_3_vs_1_with_keeper,123,collect_rollout,2347,0,92,0.10388821983360685,False,False,0.0,0.0,0,0,0,0.0,0.0,0.0,0.0,0.10388821983360685,1,0.10388821983360685
,academy_3_vs_1_with_keeper,123,collect_rollout,2348,0,10,0.010420340346172452,False,False,0.0,0.0,0,0,0,0.0,0.0,0.0,0.0,0.010420340346172452,1,0.010420340346172452
,academy_3_vs_1_with_keeper,123,collect_rollout,2349,0,43,0.13326638599392027,False,False,0.0,0.0,0,0,0,0.0,0.0,0.0,0.0,0.13326638599392027,1,0.13326638599392027
,academy_3_vs_1_with_keeper,123,collect_rollout,2350,0,37,2.151127214936423,False,False,0.0,0.0,0,0,0,0.0,0.0,0.0,0.0,2.151127214936423,1,2.151127214936423
,academy_3_vs_1_with_keeper,123,collect_rollout,2351,0,15,-0.006666666362434626,False,False,0.0,0.0,0,0,0,0.0,0.0,0.0,0.0,-0.006666666362434626,1,-0.006666666362434626
,academy_3_vs_1_with_keeper,123,collect_rollout,2352,0,19,-0.006666666362434626,False,False,0.0,0.0,0,0,0,0.0,0.0,0.0,0.0,-0.006666666362434626,1,-0.006666666362434626
,academy_3_vs_1_with_keeper,123,collect_rollout,2353,0,38,2.089093698305078,False,False,0.0,0.0,0,0,0,0.0,0.0,0.0,0.0,2.089093698305078,1,2.089093698305078
,academy_3_vs_1_with_keeper,123,collect_rollout,2354,0,16,-0.009999999543651938,False,False,0.0,0.0,0,0,0,0.0,0.0,0.0,0.0,-0.009999999543651938,1,-0.009999999543651938
,academy_3_vs_1_with_keeper,123,collect_rollout,2355,0,20,2.1376962687354535,False,False,0.0,0.0,0,0,0,0.0,0.0,0.0,0.0,2.1376962687354535,1,2.1376962687354535
,academy_3_vs_1_with_keeper,123,collect_rollout,2356,0,101,-0.018758859834633768,False,False,0.0,0.0,0,0,0,0.0,0.0,0.0,0.0,-0.018758859834633768,1,-0.018758859834633768
,academy_3_vs_1_with_keeper,123,collect_rollout,2357,0,99,-0.503222435945645,False,False,0.0,0.0,0,0,0,0.0,0.0,0.0,0.0,-0.503222435945645,1,-0.503222435945645
,academy_3_vs_1_with_keeper,123,collect_rollout,2358,0,14,-0.003333333181217313,False,False,0.0,0.0,0,0,0,0.0,0.0,0.0,0.0,-0.003333333181217313,1,-0.003333333181217313
,academy_3_vs_1_with_keeper,123,collect_rollout,2359,0,86,0.04281392844859511,False,False,0.0,0.0,0,0,0,0.0,0.0,0.0,0.0,0.04281392844859511,1,0.04281392844859511
,academy_3_vs_1_with_keeper,123,collect_rollout,2360,0,22,-0.016666665906086564,False,False,0.0,0.0,0,0,0,0.0,0.0,0.0,0.0,-0.016666665906086564,1,-0.016666665906086564
,academy_3_vs_1_with_keeper,123,collect_rollout,2361,0,17,-0.006666666362434626,False,False,0.0,0.0,0,0,0,0.0,0.0,0.0,0.0,-0.006666666362434626,1,-0.006666666362434626
,academy_3_vs_1_with_keeper,123,collect_rollout,2362,0,26,2.1428730787010863,False,False,0.0,0.0,0,0,0,0.0,0.0,0.0,0.0,2.1428730787010863,1,2.1428730787010863
,academy_3_vs_1_with_keeper,123,collect_rollout,2363,0,14,-0.003333333181217313,False,False,0.0,0.0,0,0,0,0.0,0.0,0.0,0.0,-0.003333333181217313,1,-0.003333333181217313
,academy_3_vs_1_with_keeper,123,collect_rollout,2364,0,1801,-0.06593847693875432,False,False,0.0,0.0,0,0,0,0.0,0.0,0.0,0.0,-0.06593847693875432,1,-0.06593847693875432
,academy_3_vs_1_with_keeper,123,collect_rollout,2365,0,25,2.1353451405157102,False,False,0.0,0.0,0,0,0,0.0,0.0,0.0,0.0,2.1353451405157102,1,2.1353451405157102
,academy_3_vs_1_with_keeper,123,collect_rollout,2366,0,90,1.6890720082446933,False,False,0.0,0.0,0,0,0,0.0,0.0,0.0,0.0,1.6890720082446933,1,1.6890720082446933
,academy_3_vs_1_with_keeper,123,collect_rollout,2367,0,21,-0.009999999543651938,False,False,0.0,0.0,0,0,0,0.0,0.0,0.0,0.0,-0.009999999543651938,1,-0.009999999543651938
,academy_3_vs_1_with_keeper,123,collect_rollout,2368,0,16,0.013845908222720027,False,False,0.0,0.0,0,0,0,0.0,0.0,0.0,0.0,0.013845908222720027,1,0.013845908222720027
,academy_3_vs_1_with_keeper,123,collect_rollout,2369,0,17,-0.003333333181217313,False,False,0.0,0.0,0,0,0,0.0,0.0,0.0,0.0,-0.003333333181217313,1,-0.003333333181217313
,academy_3_vs_1_with_keeper,123,collect_rollout,2370,0,19,-0.009999999543651938,False,False,0.0,0.0,0,0,0,0.0,0.0,0.0,0.0,-0.009999999543651938,1,-0.009999999543651938
,academy_3_vs_1_with_keeper,123,collect_rollout,2371,0,14,0.029197002411819994,False,False,0.0,0.0,0,0,0,0.0,0.0,0.0,0.0,0.029197002411819994,1,0.029197002411819994
,academy_3_vs_1_with_keeper,123,collect_rollout,2372,0,23,-0.009999999543651938,False,False,0.0,0.0,0,0,0,0.0,0.0,0.0,0.0,-0.009999999543651938,1,-0.009999999543651938
,academy_3_vs_1_with_keeper,123,collect_rollout,2373,0,10,0.034257682505995035,False,False,0.0,0.0,0,0,0,0.0,0.0,0.0,0.0,0.034257682505995035,1,0.034257682505995035
,academy_3_vs_1_with_keeper,123,collect_rollout,2374,0,18,-0.006666666362434626,False,False,0.0,0.0,0,0,0,0.0,0.0,0.0,0.0,-0.006666666362434626,1,-0.006666666362434626
,academy_3_vs_1_with_keeper,123,collect_rollout,2375,0,20,-0.02333333226852119,False,False,0.0,0.0,0,0,0,0.0,0.0,0.0,0.0,-0.02333333226852119,1,-0.02333333226852119
,academy_3_vs_1_with_keeper,123,collect_rollout,2376,0,21,2.1461303350515664,False,False,0.0,0.0,0,0,0,0.0,0.0,0.0,0.0,2.1461303350515664,1,2.1461303350515664
,academy_3_vs_1_with_keeper,123,collect_rollout,2377,0,20,2.1490827659144998,False,False,0.0,0.0,0,0,0,0.0,0.0,0.0,0.0,2.1490827659144998,1,2.1490827659144998
,academy_3_vs_1_with_keeper,123,collect_rollout,2378,0,16,-0.006666666362434626,False,False,0.0,0.0,0,0,0,0.0,0.0,0.0,0.0,-0.006666666362434626,1,-0.006666666362434626
,academy_3_vs_1_with_keeper,123,collect_rollout,2379,0,17,0.003686144482344389,False,False,0.0,0.0,0,0,0,0.0,0.0,0.0,0.0,0.003686144482344389,1,0.003686144482344389
,academy_3_vs_1_with_keeper,123,collect_rollout,2380,0,16,-0.013333332724869251,False,False,0.0,0.0,0,0,0,0.0,0.0,0.0,0.0,-0.013333332724869251,1,-0.013333332724869251
,academy_3_vs_1_with_keeper,123,collect_rollout,2381,0,42,-0.05889844449120574,False,False,0.0,0.0,0,0,0,0.0,0.0,0.0,0.0,-0.05889844449120574,1,-0.05889844449120574
,academy_3_vs_1_with_keeper,123,collect_rollout,2382,0,28,2.1495107270311564,False,False,0.0,0.0,0,0,0,0.0,0.0,0.0,0.0,2.1495107270311564,1,2.1495107270311564
,academy_3_vs_1_with_keeper,123,collect_rollout,2383,0,40,2.074969053734094,False,False,0.0,0.0,0,0,0,0.0,0.0,0.0,0.0,2.074969053734094,1,2.074969053734094
,academy_3_vs_1_with_keeper,123,collect_rollout,2384,0,13,0.029354403843171895,False,False,0.0,0.0,0,0,0,0.0,0.0,0.0,0.0,0.029354403843171895,1,0.029354403843171895
,academy_3_vs_1_with_keeper,123,collect_rollout,2385,0,20,-0.003333333181217313,False,False,0.0,0.0,0,0,0,0.0,0.0,0.0,0.0,-0.003333333181217313,1,-0.003333333181217313
,academy_3_vs_1_with_keeper,123,collect_rollout,2386,0,20,-0.006666666362434626,False,False,0.0,0.0,0,0,0,0.0,0.0,0.0,0.0,-0.006666666362434626,1,-0.006666666362434626
,academy_3_vs_1_with_keeper,123,collect_rollout,2387,0,20,-0.003333333181217313,False,False,0.0,0.0,0,0,0,0.0,0.0,0.0,0.0,-0.003333333181217313,1,-0.003333333181217313
,academy_3_vs_1_with_keeper,123,collect_rollout,2388,0,6,0.04718445893377066,False,False,0.0,0.0,0,0,0,0.0,0.0,0.0,0.0,0.04718445893377066,1,0.04718445893377066
,academy_3_vs_1_with_keeper,123,collect_rollout,2389,0,17,0.0,False,False,0.0,0.0,0,0,0,0.0,0.0,0.0,0.0,0.0,1,0.0
,academy_3_vs_1_with_keeper,123,collect_rollout,2390,0,18,-0.016666665906086564,False,False,0.0,0.0,0,0,0,0.0,0.0,0.0,0.0,-0.016666665906086564,1,-0.016666665906086564
,academy_3_vs_1_with_keeper,123,collect_rollout,2391,0,18,-0.009999999543651938,False,False,0.0,0.0,0,0,0,0.0,0.0,0.0,0.0,-0.009999999543651938,1,-0.009999999543651938
,academy_3_vs_1_with_keeper,123,collect_rollout,2392,0,19,-0.003333333181217313,False,False,0.0,0.0,0,0,0,0.0,0.0,0.0,0.0,-0.003333333181217313,1,-0.003333333181217313
,academy_3_vs_1_with_keeper,123,collect_rollout,2393,0,19,-0.009999999543651938,False,False,0.0,0.0,0,0,0,0.0,0.0,0.0,0.0,-0.009999999543651938,1,-0.009999999543651938
,academy_3_vs_1_with_keeper,123,collect_rollout,2394,0,16,-0.016666665906086564,False,False,0.0,0.0,0,0,0,0.0,0.0,0.0,0.0,-0.016666665906086564,1,-0.016666665906086564
,academy_3_vs_1_with_keeper,123,collect_rollout,2395,0,8,0.032118705566972494,False,False,0.0,0.0,0,0,0,0.0,0.0,0.0,0.0,0.032118705566972494,1,0.032118705566972494
,academy_3_vs_1_with_keeper,123,collect_rollout,2396,0,21,-0.016666665906086564,False,False,0.0,0.0,0,0,0,0.0,0.0,0.0,0.0,-0.016666665906086564,1,-0.016666665906086564
,academy_3_vs_1_with_keeper,123,collect_rollout,2397,0,97,0.001383915776386857,False,False,0.0,0.0,0,0,0,0.0,0.0,0.0,0.0,0.001383915776386857,1,0.001383915776386857
,academy_3_vs_1_with_keeper,123,collect_rollout,2398,0,19,-0.013333332724869251,False,False,0.0,0.0,0,0,0,0.0,0.0,0.0,0.0,-0.013333332724869251,1,-0.013333332724869251
,academy_3_vs_1_with_keeper,123,collect_rollout,2399,0,11,0.0157420746400021,False,False,0.0,0.0,0,0,0,0.0,0.0,0.0,0.0,0.0157420746400021,1,0.0157420746400021
,academy_3_vs_1_with_keeper,123,collect_rollout,2400,0,11,0.013918721349909902,False,False,0.0,0.0,0,0,0,0.0,0.0,0.0,0.0,0.013918721349909902,1,0.013918721349909902
,academy_3_vs_1_with_keeper,123,collect_rollout,2401,0,16,-0.009999999543651938,False,False,0.0,0.0,0,0,0,0.0,0.0,0.0,0.0,-0.009999999543651938,1,-0.009999999543651938
,academy_3_vs_1_with_keeper,123,collect_rollout,2402,0,16,-0.009999999543651938,False,False,0.0,0.0,0,0,0,0.0,0.0,0.0,0.0,-0.009999999543651938,1,-0.009999999543651938
,academy_3_vs_1_with_keeper,123,collect_rollout,2403,0,11,0.007244660286232829,False,False,0.0,0.0,0,0,0,0.0,0.0,0.0,0.0,0.007244660286232829,1,0.007244660286232829
,academy_3_vs_1_with_keeper,123,collect_rollout,2404,0,15,0.0,False,False,0.0,0.0,0,0,0,0.0,0.0,0.0,0.0,0.0,1,0.0
,academy_3_vs_1_with_keeper,123,collect_rollout,2405,0,16,-0.003333333181217313,False,False,0.0,0.0,0,0,0,0.0,0.0,0.0,0.0,-0.003333333181217313,1,-0.003333333181217313
,academy_3_vs_1_with_keeper,123,collect_rollout,2406,0,20,-0.019999999087303877,False,False,0.0,0.0,0,0,0,0.0,0.0,0.0,0.0,-0.019999999087303877,1,-0.019999999087303877
,academy_3_vs_1_with_keeper,123,collect_rollout,2407,0,16,-0.003333333181217313,False,False,0.0,0.0,0,0,0,0.0,0.0,0.0,0.0,-0.003333333181217313,1,-0.003333333181217313
,academy_3_vs_1_with_keeper,123,collect_rollout,2408,0,18,0.010057871579192579,False,False,0.0,0.0,0,0,0,0.0,0.0,0.0,0.0,0.010057871579192579,1,0.010057871579192579
,academy_3_vs_1_with_keeper,123,collect_rollout,2409,0,20,-0.009999999543651938,False,False,0.0,0.0,0,0,0,0.0,0.0,0.0,0.0,-0.009999999543651938,1,-0.009999999543651938
,academy_3_vs_1_with_keeper,123,collect_rollout,2410,0,20,-0.02333333226852119,False,False,0.0,0.0,0,0,0,0.0,0.0,0.0,0.0,-0.02333333226852119,1,-0.02333333226852119
,academy_3_vs_1_with_keeper,123,collect_rollout,2411,0,77,-0.007052661036141217,False,False,0.0,0.0,0,0,0,0.0,0.0,0.0,0.0,-0.007052661036141217,1,-0.007052661036141217
,academy_3_vs_1_with_keeper,123,collect_rollout,2412,0,14,-0.006666666362434626,False,False,0.0,0.0,0,0,0,0.0,0.0,0.0,0.0,-0.006666666362434626,1,-0.006666666362434626
,academy_3_vs_1_with_keeper,123,collect_rollout,2413,0,96,0.1304037893714849,False,False,0.0,0.0,0,0,0,0.0,0.0,0.0,0.0,0.1304037893714849,1,0.1304037893714849
,academy_3_vs_1_with_keeper,123,collect_rollout,2414,0,21,-0.006666666362434626,False,False,0.0,0.0,0,0,0,0.0,0.0,0.0,0.0,-0.006666666362434626,1,-0.006666666362434626
,academy_3_vs_1_with_keeper,123,collect_rollout,2415,0,17,-0.016666665906086564,False,False,0.0,0.0,0,0,0,0.0,0.0,0.0,0.0,-0.016666665906086564,1,-0.016666665906086564
,academy_3_vs_1_with_keeper,123,collect_rollout,2416,0,20,-0.016666665906086564,False,False,0.0,0.0,0,0,0,0.0,0.0,0.0,0.0,-0.016666665906086564,1,-0.016666665906086564
,academy_3_vs_1_with_keeper,123,collect_rollout,2417,0,18,-0.013333332724869251,False,False,0.0,0.0,0,0,0,0.0,0.0,0.0,0.0,-0.013333332724869251,1,-0.013333332724869251
,academy_3_vs_1_with_keeper,123,collect_rollout,2418,0,18,-0.006666666362434626,False,False,0.0,0.0,0,0,0,0.0,0.0,0.0,0.0,-0.006666666362434626,1,-0.006666666362434626
,academy_3_vs_1_with_keeper,123,collect_rollout,2419,0,21,-0.006666666362434626,False,False,0.0,0.0,0,0,0,0.0,0.0,0.0,0.0,-0.006666666362434626,1,-0.006666666362434626
,academy_3_vs_1_with_keeper,123,collect_rollout,2420,0,16,-0.013333332724869251,False,False,0.0,0.0,0,0,0,0.0,0.0,0.0,0.0,-0.013333332724869251,1,-0.013333332724869251
,academy_3_vs_1_with_keeper,123,collect_rollout,2421,0,19,-0.013333332724869251,False,False,0.0,0.0,0,0,0,0.0,0.0,0.0,0.0,-0.013333332724869251,1,-0.013333332724869251
,academy_3_vs_1_with_keeper,123,collect_rollout,2422,0,29,2.133294145343825,False,False,0.0,0.0,0,0,0,0.0,0.0,0.0,0.0,2.133294145343825,1,2.133294145343825
,academy_3_vs_1_with_keeper,123,collect_rollout,2423,0,14,-0.006666666362434626,False,False,0.0,0.0,0,0,0,0.0,0.0,0.0,0.0,-0.006666666362434626,1,-0.006666666362434626
,academy_3_vs_1_with_keeper,123,collect_rollout,2424,0,81,0.14360594982281327,False,False,0.0,0.0,0,0,0,0.0,0.0,0.0,0.0,0.14360594982281327,1,0.14360594982281327
,academy_3_vs_1_with_keeper,123,collect_rollout,2425,0,121,-0.2591721912904177,False,False,0.0,0.0,0,0,0,0.0,0.0,0.0,0.0,-0.2591721912904177,1,-0.2591721912904177
,academy_3_vs_1_with_keeper,123,collect_rollout,2426,0,20,-0.02333333226852119,False,False,0.0,0.0,0,0,0,0.0,0.0,0.0,0.0,-0.02333333226852119,1,-0.02333333226852119
,academy_3_vs_1_with_keeper,123,collect_rollout,2427,0,15,-0.006666666362434626,False,False,0.0,0.0,0,0,0,0.0,0.0,0.0,0.0,-0.006666666362434626,1,-0.006666666362434626
,academy_3_vs_1_with_keeper,123,collect_rollout,2428,0,42,0.04684838803950697,False,False,0.0,0.0,0,0,0,0.0,0.0,0.0,0.0,0.04684838803950697,1,0.04684838803950697
,academy_3_vs_1_with_keeper,123,collect_rollout,2429,0,18,-0.003333333181217313,False,False,0.0,0.0,0,0,0,0.0,0.0,0.0,0.0,-0.003333333181217313,1,-0.003333333181217313
,academy_3_vs_1_with_keeper,123,collect_rollout,2430,0,19,-0.006666666362434626,False,False,0.0,0.0,0,0,0,0.0,0.0,0.0,0.0,-0.006666666362434626,1,-0.006666666362434626
,academy_3_vs_1_with_keeper,123,collect_rollout,2431,0,42,2.1220082847576123,False,False,0.0,0.0,0,0,0,0.0,0.0,0.0,0.0,2.1220082847576123,1,2.1220082847576123
,academy_3_vs_1_with_keeper,123,collect_rollout,2432,0,22,-0.009999999543651938,False,False,0.0,0.0,0,0,0,0.0,0.0,0.0,0.0,-0.009999999543651938,1,-0.009999999543651938
,academy_3_vs_1_with_keeper,123,collect_rollout,2433,0,17,0.014696088386699557,False,False,0.0,0.0,0,0,0,0.0,0.0,0.0,0.0,0.014696088386699557,1,0.014696088386699557
,academy_3_vs_1_with_keeper,123,collect_rollout,2434,0,21,-0.009999999543651938,False,False,0.0,0.0,0,0,0,0.0,0.0,0.0,0.0,-0.009999999543651938,1,-0.009999999543651938
,academy_3_vs_1_with_keeper,123,collect_rollout,2435,0,93,-0.02904151404800359,False,False,0.0,0.0,0,0,0,0.0,0.0,0.0,0.0,-0.02904151404800359,1,-0.02904151404800359
,academy_3_vs_1_with_keeper,123,collect_rollout,2436,0,43,-0.013461240334436297,False,False,0.0,0.0,0,0,0,0.0,0.0,0.0,0.0,-0.013461240334436297,1,-0.013461240334436297
,academy_3_vs_1_with_keeper,123,collect_rollout,2437,0,15,-0.013333332724869251,False,False,0.0,0.0,0,0,0,0.0,0.0,0.0,0.0,-0.013333332724869251,1,-0.013333332724869251
,academy_3_vs_1_with_keeper,123,collect_rollout,2438,0,40,0.09309316275175661,False,False,0.0,0.0,0,0,0,0.0,0.0,0.0,0.0,0.09309316275175661,1,0.09309316275175661
,academy_3_vs_1_with_keeper,123,collect_rollout,2439,0,24,2.1426632239017636,False,False,0.0,0.0,0,0,0,0.0,0.0,0.0,0.0,2.1426632239017636,1,2.1426632239017636
,academy_3_vs_1_with_keeper,123,collect_rollout,2440,0,18,0.0,False,False,0.0,0.0,0,0,0,0.0,0.0,0.0,0.0,0.0,1,0.0
,academy_3_vs_1_with_keeper,123,collect_rollout,2441,0,19,-0.013333332724869251,False,False,0.0,0.0,0,0,0,0.0,0.0,0.0,0.0,-0.013333332724869251,1,-0.013333332724869251
,academy_3_vs_1_with_keeper,123,collect_rollout,2442,0,11,0.020618286915123463,False,False,0.0,0.0,0,0,0,0.0,0.0,0.0,0.0,0.020618286915123463,1,0.020618286915123463
,academy_3_vs_1_with_keeper,123,collect_rollout,2443,0,89,0.12208367371931672,False,False,0.0,0.0,0,0,0,0.0,0.0,0.0,0.0,0.12208367371931672,1,0.12208367371931672
,academy_3_vs_1_with_keeper,123,collect_rollout,2444,0,15,-0.009999999543651938,False,False,0.0,0.0,0,0,0,0.0,0.0,0.0,0.0,-0.009999999543651938,1,-0.009999999543651938
,academy_3_vs_1_with_keeper,123,collect_rollout,2445,0,19,-0.006666666362434626,False,False,0.0,0.0,0,0,0,0.0,0.0,0.0,0.0,-0.006666666362434626,1,-0.006666666362434626
,academy_3_vs_1_with_keeper,123,collect_rollout,2446,0,24,-0.016666665906086564,False,False,0.0,0.0,0,0,0,0.0,0.0,0.0,0.0,-0.016666665906086564,1,-0.016666665906086564
,academy_3_vs_1_with_keeper,123,collect_rollout,2447,0,17,-0.003333333181217313,False,False,0.0,0.0,0,0,0,0.0,0.0,0.0,0.0,-0.003333333181217313,1,-0.003333333181217313
,academy_3_vs_1_with_keeper,123,collect_rollout,2448,0,21,-0.026666665449738503,False,False,0.0,0.0,0,0,0,0.0,0.0,0.0,0.0,-0.026666665449738503,1,-0.026666665449738503
,academy_3_vs_1_with_keeper,123,collect_rollout,2449,0,23,-0.019999999087303877,False,False,0.0,0.0,0,0,0,0.0,0.0,0.0,0.0,-0.019999999087303877,1,-0.019999999087303877
,academy_3_vs_1_with_keeper,123,collect_rollout,2450,0,14,-0.006666666362434626,False,False,0.0,0.0,0,0,0,0.0,0.0,0.0,0.0,-0.006666666362434626,1,-0.006666666362434626
,academy_3_vs_1_with_keeper,123,collect_rollout,2451,0,23,-0.029999998630955815,False,False,0.0,0.0,0,0,0,0.0,0.0,0.0,0.0,-0.029999998630955815,1,-0.029999998630955815
,academy_3_vs_1_with_keeper,123,collect_rollout,2452,0,21,-0.016666665906086564,False,False,0.0,0.0,0,0,0,0.0,0.0,0.0,0.0,-0.016666665906086564,1,-0.016666665906086564
,academy_3_vs_1_with_keeper,123,collect_rollout,2453,0,17,-0.009999999543651938,False,False,0.0,0.0,0,0,0,0.0,0.0,0.0,0.0,-0.009999999543651938,1,-0.009999999543651938
,academy_3_vs_1_with_keeper,123,collect_rollout,2454,0,20,-0.019999999087303877,False,False,0.0,0.0,0,0,0,0.0,0.0,0.0,0.0,-0.019999999087303877,1,-0.019999999087303877
,academy_3_vs_1_with_keeper,123,collect_rollout,2455,0,23,-0.019999999087303877,False,False,0.0,0.0,0,0,0,0.0,0.0,0.0,0.0,-0.019999999087303877,1,-0.019999999087303877
,academy_3_vs_1_with_keeper,123,collect_rollout,2456,0,76,-0.04074786487035453,False,False,0.0,0.0,0,0,0,0.0,0.0,0.0,0.0,-0.04074786487035453,1,-0.04074786487035453
,academy_3_vs_1_with_keeper,123,collect_rollout,2457,0,18,0.009734343591844663,False,False,0.0,0.0,0,0,0,0.0,0.0,0.0,0.0,0.009734343591844663,1,0.009734343591844663
,academy_3_vs_1_with_keeper,123,collect_rollout,2458,0,10,0.017634242540225387,False,False,0.0,0.0,0,0,0,0.0,0.0,0.0,0.0,0.017634242540225387,1,0.017634242540225387
,academy_3_vs_1_with_keeper,123,collect_rollout,2459,0,18,-0.023333332501351833,False,False,0.0,0.0,0,0,0,0.0,0.0,0.0,0.0,-0.023333332501351833,1,-0.023333332501351833
,academy_3_vs_1_with_keeper,123,collect_rollout,2460,0,17,-0.02333333226852119,False,False,0.0,0.0,0,0,0,0.0,0.0,0.0,0.0,-0.02333333226852119,1,-0.02333333226852119
,academy_3_vs_1_with_keeper,123,collect_rollout,2461,0,12,0.009497125167399645,False,False,0.0,0.0,0,0,0,0.0,0.0,0.0,0.0,0.009497125167399645,1,0.009497125167399645
,academy_3_vs_1_with_keeper,123,collect_rollout,2462,0,19,-0.019999999087303877,False,False,0.0,0.0,0,0,0,0.0,0.0,0.0,0.0,-0.019999999087303877,1,-0.019999999087303877
,academy_3_vs_1_with_keeper,123,collect_rollout,2463,0,11,0.027523355558514595,False,False,0.0,0.0,0,0,0,0.0,0.0,0.0,0.0,0.027523355558514595,1,0.027523355558514595
,academy_3_vs_1_with_keeper,123,collect_rollout,2464,0,29,0.10644519852939993,False,False,0.0,0.0,0,0,0,0.0,0.0,0.0,0.0,0.10644519852939993,1,0.10644519852939993
,academy_3_vs_1_with_keeper,123,collect_rollout,2465,0,19,-0.016666665906086564,False,False,0.0,0.0,0,0,0,0.0,0.0,0.0,0.0,-0.016666665906086564,1,-0.016666665906086564
,academy_3_vs_1_with_keeper,123,collect_rollout,2466,0,24,2.1322505539283156,False,False,0.0,0.0,0,0,0,0.0,0.0,0.0,0.0,2.1322505539283156,1,2.1322505539283156
,academy_3_vs_1_with_keeper,123,collect_rollout,2467,0,16,-0.003333333181217313,False,False,0.0,0.0,0,0,0,0.0,0.0,0.0,0.0,-0.003333333181217313,1,-0.003333333181217313
,academy_3_vs_1_with_keeper,123,collect_rollout,2468,0,32,2.1248848200775683,False,False,0.0,0.0,0,0,0,0.0,0.0,0.0,0.0,2.1248848200775683,1,2.1248848200775683
,academy_3_vs_1_with_keeper,123,collect_rollout,2469,0,15,-0.006666666362434626,False,False,0.0,0.0,0,0,0,0.0,0.0,0.0,0.0,-0.006666666362434626,1,-0.006666666362434626
,academy_3_vs_1_with_keeper,123,collect_rollout,2470,0,17,-0.013333332724869251,False,False,0.0,0.0,0,0,0,0.0,0.0,0.0,0.0,-0.013333332724869251,1,-0.013333332724869251
,academy_3_vs_1_with_keeper,123,collect_rollout,2471,0,86,0.1045624737162143,False,False,0.0,0.0,0,0,0,0.0,0.0,0.0,0.0,0.1045624737162143,1,0.1045624737162143
,academy_3_vs_1_with_keeper,123,collect_rollout,2472,0,19,2.1594125856645405,False,False,0.0,0.0,0,0,0,0.0,0.0,0.0,0.0,2.1594125856645405,1,2.1594125856645405
,academy_3_vs_1_with_keeper,123,collect_rollout,2473,0,18,-0.013333332724869251,False,False,0.0,0.0,0,0,0,0.0,0.0,0.0,0.0,-0.013333332724869251,1,-0.013333332724869251
,academy_3_vs_1_with_keeper,123,collect_rollout,2474,0,19,-0.009999999543651938,False,False,0.0,0.0,0,0,0,0.0,0.0,0.0,0.0,-0.009999999543651938,1,-0.009999999543651938
,academy_3_vs_1_with_keeper,123,collect_rollout,2475,0,15,-0.006666666362434626,False,False,0.0,0.0,0,0,0,0.0,0.0,0.0,0.0,-0.006666666362434626,1,-0.006666666362434626
,academy_3_vs_1_with_keeper,123,collect_rollout,2476,0,21,-0.019999999087303877,False,False,0.0,0.0,0,0,0,0.0,0.0,0.0,0.0,-0.019999999087303877,1,-0.019999999087303877
,academy_3_vs_1_with_keeper,123,collect_rollout,2477,0,18,2.151254657190293,False,False,0.0,0.0,0,0,0,0.0,0.0,0.0,0.0,2.151254657190293,1,2.151254657190293
,academy_3_vs_1_with_keeper,123,collect_rollout,2478,0,17,-0.003333333181217313,False,False,0.0,0.0,0,0,0,0.0,0.0,0.0,0.0,-0.003333333181217313,1,-0.003333333181217313
,academy_3_vs_1_with_keeper,123,collect_rollout,2479,0,15,-0.019999999087303877,False,False,0.0,0.0,0,0,0,0.0,0.0,0.0,0.0,-0.019999999087303877,1,-0.019999999087303877
,academy_3_vs_1_with_keeper,123,collect_rollout,2480,0,40,2.113994990242645,False,False,0.0,0.0,0,0,0,0.0,0.0,0.0,0.0,2.113994990242645,1,2.113994990242645
,academy_3_vs_1_with_keeper,123,collect_rollout,2481,0,14,-0.009999999543651938,False,False,0.0,0.0,0,0,0,0.0,0.0,0.0,0.0,-0.009999999543651938,1,-0.009999999543651938
,academy_3_vs_1_with_keeper,123,collect_rollout,2482,0,28,2.145137397572398,False,False,0.0,0.0,0,0,0,0.0,0.0,0.0,0.0,2.145137397572398,1,2.145137397572398
,academy_3_vs_1_with_keeper,123,collect_rollout,2483,0,19,0.003684661816805601,False,False,0.0,0.0,0,0,0,0.0,0.0,0.0,0.0,0.003684661816805601,1,0.003684661816805601
,academy_3_vs_1_with_keeper,123,collect_rollout,2484,0,17,-0.016666665906086564,False,False,0.0,0.0,0,0,0,0.0,0.0,0.0,0.0,-0.016666665906086564,1,-0.016666665906086564
,academy_3_vs_1_with_keeper,123,collect_rollout,2485,0,36,2.141676912899129,False,False,0.0,0.0,0,0,0,0.0,0.0,0.0,0.0,2.141676912899129,1,2.141676912899129
,academy_3_vs_1_with_keeper,123,collect_rollout,2486,0,15,-0.009999999543651938,False,False,0.0,0.0,0,0,0,0.0,0.0,0.0,0.0,-0.009999999543651938,1,-0.009999999543651938
,academy_3_vs_1_with_keeper,123,collect_rollout,2487,0,18,-0.009999999543651938,False,False,0.0,0.0,0,0,0,0.0,0.0,0.0,0.0,-0.009999999543651938,1,-0.009999999543651938
,academy_3_vs_1_with_keeper,123,collect_rollout,2488,0,17,-0.019999999087303877,False,False,0.0,0.0,0,0,0,0.0,0.0,0.0,0.0,-0.019999999087303877,1,-0.019999999087303877
,academy_3_vs_1_with_keeper,123,collect_rollout,2489,0,19,-0.016666665906086564,False,False,0.0,0.0,0,0,0,0.0,0.0,0.0,0.0,-0.016666665906086564,1,-0.016666665906086564
,academy_3_vs_1_with_keeper,123,collect_rollout,2490,0,17,-0.009999999543651938,False,False,0.0,0.0,0,0,0,0.0,0.0,0.0,0.0,-0.009999999543651938,1,-0.009999999543651938
,academy_3_vs_1_with_keeper,123,collect_rollout,2491,0,16,-0.009999999543651938,False,False,0.0,0.0,0,0,0,0.0,0.0,0.0,0.0,-0.009999999543651938,1,-0.009999999543651938
,academy_3_vs_1_with_keeper,123,collect_rollout,2492,0,10,0.03353143925778568,False,False,0.0,0.0,0,0,0,0.0,0.0,0.0,0.0,0.03353143925778568,1,0.03353143925778568
,academy_3_vs_1_with_keeper,123,collect_rollout,2493,0,17,-0.016666665906086564,False,False,0.0,0.0,0,0,0,0.0,0.0,0.0,0.0,-0.016666665906086564,1,-0.016666665906086564
,academy_3_vs_1_with_keeper,123,collect_rollout,2494,0,16,-0.013333332724869251,False,False,0.0,0.0,0,0,0,0.0,0.0,0.0,0.0,-0.013333332724869251,1,-0.013333332724869251
,academy_3_vs_1_with_keeper,123,collect_rollout,2495,0,16,0.019588567782193422,False,False,0.0,0.0,0,0,0,0.0,0.0,0.0,0.0,0.019588567782193422,1,0.019588567782193422
,academy_3_vs_1_with_keeper,123,collect_rollout,2496,0,17,-0.013333332724869251,False,False,0.0,0.0,0,0,0,0.0,0.0,0.0,0.0,-0.013333332724869251,1,-0.013333332724869251
,academy_3_vs_1_with_keeper,123,collect_rollout,2497,0,19,2.1370148649439216,False,False,0.0,0.0,0,0,0,0.0,0.0,0.0,0.0,2.1370148649439216,1,2.1370148649439216
,academy_3_vs_1_with_keeper,123,collect_rollout,2498,0,16,-0.013333332724869251,False,False,0.0,0.0,0,0,0,0.0,0.0,0.0,0.0,-0.013333332724869251,1,-0.013333332724869251
,academy_3_vs_1_with_keeper,123,collect_rollout,2499,0,14,-0.003333333181217313,False,False,0.0,0.0,0,0,0,0.0,0.0,0.0,0.0,-0.003333333181217313,1,-0.003333333181217313
,academy_3_vs_1_with_keeper,123,collect_rollout,2500,0,53,-0.013466950273141265,False,False,0.0,0.0,0,0,0,0.0,0.0,0.0,0.0,-0.013466950273141265,1,-0.013466950273141265
,academy_3_vs_1_with_keeper,123,collect_rollout,2501,0,18,-0.03333333181217313,False,False,0.0,0.0,0,0,0,0.0,0.0,0.0,0.0,-0.03333333181217313,1,-0.03333333181217313
,academy_3_vs_1_with_keeper,123,collect_rollout,2502,0,24,2.136164615629241,False,False,0.0,0.0,0,0,0,0.0,0.0,0.0,0.0,2.136164615629241,1,2.136164615629241
,academy_3_vs_1_with_keeper,123,collect_rollout,2503,0,15,0.01380399102345109,False,False,0.0,0.0,0,0,0,0.0,0.0,0.0,0.0,0.01380399102345109,1,0.01380399102345109
,academy_3_vs_1_with_keeper,123,collect_rollout,2504,0,8,0.046845810720697045,False,False,0.0,0.0,0,0,0,0.0,0.0,0.0,0.0,0.046845810720697045,1,0.046845810720697045
,academy_3_vs_1_with_keeper,123,collect_rollout,2505,0,19,-0.03333333181217313,False,False,0.0,0.0,0,0,0,0.0,0.0,0.0,0.0,-0.03333333181217313,1,-0.03333333181217313
,academy_3_vs_1_with_keeper,123,collect_rollout,2506,0,19,-0.029999998630955815,False,False,0.0,0.0,0,0,0,0.0,0.0,0.0,0.0,-0.029999998630955815,1,-0.029999998630955815
,academy_3_vs_1_with_keeper,123,collect_rollout,2507,0,20,-0.013333332724869251,False,False,0.0,0.0,0,0,0,0.0,0.0,0.0,0.0,-0.013333332724869251,1,-0.013333332724869251
,academy_3_vs_1_with_keeper,123,collect_rollout,2508,0,15,0.00035241455771028996,False,False,0.0,0.0,0,0,0,0.0,0.0,0.0,0.0,0.00035241455771028996,1,0.00035241455771028996
,academy_3_vs_1_with_keeper,123,collect_rollout,2509,0,22,2.1426653367234394,False,False,0.0,0.0,0,0,0,0.0,0.0,0.0,0.0,2.1426653367234394,1,2.1426653367234394
,academy_3_vs_1_with_keeper,123,collect_rollout,2510,0,22,-0.006666666362434626,False,False,0.0,0.0,0,0,0,0.0,0.0,0.0,0.0,-0.006666666362434626,1,-0.006666666362434626
,academy_3_vs_1_with_keeper,123,collect_rollout,2511,0,19,-0.016666665906086564,False,False,0.0,0.0,0,0,0,0.0,0.0,0.0,0.0,-0.016666665906086564,1,-0.016666665906086564
,academy_3_vs_1_with_keeper,123,collect_rollout,2512,0,20,-0.009999999543651938,False,False,0.0,0.0,0,0,0,0.0,0.0,0.0,0.0,-0.009999999543651938,1,-0.009999999543651938
,academy_3_vs_1_with_keeper,123,collect_rollout,2513,0,19,-0.013333332724869251,False,False,0.0,0.0,0,0,0,0.0,0.0,0.0,0.0,-0.013333332724869251,1,-0.013333332724869251
,academy_3_vs_1_with_keeper,123,collect_rollout,2514,0,18,-0.008532684529200196,False,False,0.0,0.0,0,0,0,0.0,0.0,0.0,0.0,-0.008532684529200196,1,-0.008532684529200196
,academy_3_vs_1_with_keeper,123,collect_rollout,2515,0,8,0.02982576983049512,False,False,0.0,0.0,0,0,0,0.0,0.0,0.0,0.0,0.02982576983049512,1,0.02982576983049512
,academy_3_vs_1_with_keeper,123,collect_rollout,2516,0,20,-0.019999999087303877,False,False,0.0,0.0,0,0,0,0.0,0.0,0.0,0.0,-0.019999999087303877,1,-0.019999999087303877
,academy_3_vs_1_with_keeper,123,collect_rollout,2517,0,31,2.1064402759075165,False,False,0.0,0.0,0,0,0,0.0,0.0,0.0,0.0,2.1064402759075165,1,2.1064402759075165
,academy_3_vs_1_with_keeper,123,collect_rollout,2518,0,33,0.10120603523682803,False,False,0.0,0.0,0,0,0,0.0,0.0,0.0,0.0,0.10120603523682803,1,0.10120603523682803
,academy_3_vs_1_with_keeper,123,collect_rollout,2519,0,20,-0.009999999543651938,False,False,0.0,0.0,0,0,0,0.0,0.0,0.0,0.0,-0.009999999543651938,1,-0.009999999543651938
,academy_3_vs_1_with_keeper,123,collect_rollout,2520,0,16,-0.013333332724869251,False,False,0.0,0.0,0,0,0,0.0,0.0,0.0,0.0,-0.013333332724869251,1,-0.013333332724869251
,academy_3_vs_1_with_keeper,123,collect_rollout,2521,0,11,0.033032365899998695,False,False,0.0,0.0,0,0,0,0.0,0.0,0.0,0.0,0.033032365899998695,1,0.033032365899998695
,academy_3_vs_1_with_keeper,123,collect_rollout,2522,0,6,0.040891841519623995,False,False,0.0,0.0,0,0,0,0.0,0.0,0.0,0.0,0.040891841519623995,1,0.040891841519623995
,academy_3_vs_1_with_keeper,123,collect_rollout,2523,0,147,-0.12333332770504057,False,False,0.0,0.0,0,0,0,0.0,0.0,0.0,0.0,-0.12333332770504057,1,-0.12333332770504057
,academy_3_vs_1_with_keeper,123,collect_rollout,2524,0,32,2.126656636595726,False,False,0.0,0.0,0,0,0,0.0,0.0,0.0,0.0,2.126656636595726,1,2.126656636595726
,academy_3_vs_1_with_keeper,123,collect_rollout,2525,0,16,-0.003333333181217313,False,False,0.0,0.0,0,0,0,0.0,0.0,0.0,0.0,-0.003333333181217313,1,-0.003333333181217313
,academy_3_vs_1_with_keeper,123,collect_rollout,2526,0,19,-0.009999999543651938,False,False,0.0,0.0,0,0,0,0.0,0.0,0.0,0.0,-0.009999999543651938,1,-0.009999999543651938
,academy_3_vs_1_with_keeper,123,collect_rollout,2527,0,21,-0.026666665449738503,False,False,0.0,0.0,0,0,0,0.0,0.0,0.0,0.0,-0.026666665449738503,1,-0.026666665449738503
,academy_3_vs_1_with_keeper,123,collect_rollout,2528,0,27,2.1378741349326447,False,False,0.0,0.0,0,0,0,0.0,0.0,0.0,0.0,2.1378741349326447,1,2.1378741349326447
,academy_3_vs_1_with_keeper,123,collect_rollout,2529,0,18,-0.009999999543651938,False,False,0.0,0.0,0,0,0,0.0,0.0,0.0,0.0,-0.009999999543651938,1,-0.009999999543651938
,academy_3_vs_1_with_keeper,123,collect_rollout,2530,0,13,0.025179293865221553,False,False,0.0,0.0,0,0,0,0.0,0.0,0.0,0.0,0.025179293865221553,1,0.025179293865221553
,academy_3_vs_1_with_keeper,123,collect_rollout,2531,0,18,-0.029999998630955815,False,False,0.0,0.0,0,0,0,0.0,0.0,0.0,0.0,-0.029999998630955815,1,-0.029999998630955815
,academy_3_vs_1_with_keeper,123,collect_rollout,2532,0,19,-0.009999999543651938,False,False,0.0,0.0,0,0,0,0.0,0.0,0.0,0.0,-0.009999999543651938,1,-0.009999999543651938
,academy_3_vs_1_with_keeper,123,collect_rollout,2533,0,22,-0.02333333226852119,False,False,0.0,0.0,0,0,0,0.0,0.0,0.0,0.0,-0.02333333226852119,1,-0.02333333226852119
,academy_3_vs_1_with_keeper,123,collect_rollout,2534,0,100,0.04047723487019539,False,False,0.0,0.0,0,0,0,0.0,0.0,0.0,0.0,0.04047723487019539,1,0.04047723487019539
,academy_3_vs_1_with_keeper,123,collect_rollout,2535,0,6,0.039702316047623754,False,False,0.0,0.0,0,0,0,0.0,0.0,0.0,0.0,0.039702316047623754,1,0.039702316047623754
,academy_3_vs_1_with_keeper,123,collect_rollout,2536,0,23,-0.03333333181217313,False,False,0.0,0.0,0,0,0,0.0,0.0,0.0,0.0,-0.03333333181217313,1,-0.03333333181217313
,academy_3_vs_1_with_keeper,123,collect_rollout,2537,0,19,-0.013333332724869251,False,False,0.0,0.0,0,0,0,0.0,0.0,0.0,0.0,-0.013333332724869251,1,-0.013333332724869251
,academy_3_vs_1_with_keeper,123,collect_rollout,2538,0,16,-0.026666665449738503,False,False,0.0,0.0,0,0,0,0.0,0.0,0.0,0.0,-0.026666665449738503,1,-0.026666665449738503
,academy_3_vs_1_with_keeper,123,collect_rollout,2539,0,23,-0.003333333181217313,False,False,0.0,0.0,0,0,0,0.0,0.0,0.0,0.0,-0.003333333181217313,1,-0.003333333181217313
,academy_3_vs_1_with_keeper,123,collect_rollout,2540,0,19,-0.019999999087303877,False,False,0.0,0.0,0,0,0,0.0,0.0,0.0,0.0,-0.019999999087303877,1,-0.019999999087303877
,academy_3_vs_1_with_keeper,123,collect_rollout,2541,0,22,-0.019999999087303877,False,False,0.0,0.0,0,0,0,0.0,0.0,0.0,0.0,-0.019999999087303877,1,-0.019999999087303877
,academy_3_vs_1_with_keeper,123,collect_rollout,2542,0,13,0.02187852538190782,False,False,0.0,0.0,0,0,0,0.0,0.0,0.0,0.0,0.02187852538190782,1,0.02187852538190782
,academy_3_vs_1_with_keeper,123,collect_rollout,2543,0,18,-0.026666665449738503,False,False,0.0,0.0,0,0,0,0.0,0.0,0.0,0.0,-0.026666665449738503,1,-0.026666665449738503
,academy_3_vs_1_with_keeper,123,collect_rollout,2544,0,20,-0.009999999543651938,False,False,0.0,0.0,0,0,0,0.0,0.0,0.0,0.0,-0.009999999543651938,1,-0.009999999543651938
,academy_3_vs_1_with_keeper,123,collect_rollout,2545,0,34,0.13444814132526517,False,False,0.0,0.0,0,0,0,0.0,0.0,0.0,0.0,0.13444814132526517,1,0.13444814132526517
,academy_3_vs_1_with_keeper,123,collect_rollout,2546,0,19,-0.019999999087303877,False,False,0.0,0.0,0,0,0,0.0,0.0,0.0,0.0,-0.019999999087303877,1,-0.019999999087303877
,academy_3_vs_1_with_keeper,123,collect_rollout,2547,0,14,0.018149036914110184,False,False,0.0,0.0,0,0,0,0.0,0.0,0.0,0.0,0.018149036914110184,1,0.018149036914110184
,academy_3_vs_1_with_keeper,123,collect_rollout,2548,0,18,-0.013333332724869251,False,False,0.0,0.0,0,0,0,0.0,0.0,0.0,0.0,-0.013333332724869251,1,-0.013333332724869251
,academy_3_vs_1_with_keeper,123,collect_rollout,2549,0,31,2.1288264212198555,False,False,0.0,0.0,0,0,0,0.0,0.0,0.0,0.0,2.1288264212198555,1,2.1288264212198555
,academy_3_vs_1_with_keeper,123,collect_rollout,2550,0,20,-0.013333332724869251,False,False,0.0,0.0,0,0,0,0.0,0.0,0.0,0.0,-0.013333332724869251,1,-0.013333332724869251
,academy_3_vs_1_with_keeper,123,collect_rollout,2551,0,18,-0.016666665906086564,False,False,0.0,0.0,0,0,0,0.0,0.0,0.0,0.0,-0.016666665906086564,1,-0.016666665906086564
,academy_3_vs_1_with_keeper,123,collect_rollout,2552,0,19,-0.009999999543651938,False,False,0.0,0.0,0,0,0,0.0,0.0,0.0,0.0,-0.009999999543651938,1,-0.009999999543651938
,academy_3_vs_1_with_keeper,123,collect_rollout,2553,0,21,-0.013333332724869251,False,False,0.0,0.0,0,0,0,0.0,0.0,0.0,0.0,-0.013333332724869251,1,-0.013333332724869251
,academy_3_vs_1_with_keeper,123,collect_rollout,2554,0,12,0.007909866864793003,False,False,0.0,0.0,0,0,0,0.0,0.0,0.0,0.0,0.007909866864793003,1,0.007909866864793003
,academy_3_vs_1_with_keeper,123,collect_rollout,2555,0,15,-0.016666665906086564,False,False,0.0,0.0,0,0,0,0.0,0.0,0.0,0.0,-0.016666665906086564,1,-0.016666665906086564
,academy_3_vs_1_with_keeper,123,collect_rollout,2556,0,13,0.018575684167444706,False,False,0.0,0.0,0,0,0,0.0,0.0,0.0,0.0,0.018575684167444706,1,0.018575684167444706
,academy_3_vs_1_with_keeper,123,collect_rollout,2557,0,38,0.11686512009691796,False,False,0.0,0.0,0,0,0,0.0,0.0,0.0,0.0,0.11686512009691796,1,0.11686512009691796
,academy_3_vs_1_with_keeper,123,collect_rollout,2558,0,23,-0.003333333181217313,False,False,0.0,0.0,0,0,0,0.0,0.0,0.0,0.0,-0.003333333181217313,1,-0.003333333181217313
,academy_3_vs_1_with_keeper,123,collect_rollout,2559,0,44,0.13432453805580735,False,False,0.0,0.0,0,0,0,0.0,0.0,0.0,0.0,0.13432453805580735,1,0.13432453805580735
,academy_3_vs_1_with_keeper,123,collect_rollout,2560,0,18,-0.013333332724869251,False,False,0.0,0.0,0,0,0,0.0,0.0,0.0,0.0,-0.013333332724869251,1,-0.013333332724869251
,academy_3_vs_1_with_keeper,123,collect_rollout,2561,0,15,0.0029045655392110348,False,False,0.0,0.0,0,0,0,0.0,0.0,0.0,0.0,0.0029045655392110348,1,0.0029045655392110348
,academy_3_vs_1_with_keeper,123,collect_rollout,2562,0,30,2.136519416817464,False,False,0.0,0.0,0,0,0,0.0,0.0,0.0,0.0,2.136519416817464,1,2.136519416817464
,academy_3_vs_1_with_keeper,123,collect_rollout,2563,0,22,-0.02333333226852119,False,False,0.0,0.0,0,0,0,0.0,0.0,0.0,0.0,-0.02333333226852119,1,-0.02333333226852119
,academy_3_vs_1_with_keeper,123,collect_rollout,2564,0,22,-0.03333333181217313,False,False,0.0,0.0,0,0,0,0.0,0.0,0.0,0.0,-0.03333333181217313,1,-0.03333333181217313
,academy_3_vs_1_with_keeper,123,collect_rollout,2565,0,13,0.004559611203148961,False,False,0.0,0.0,0,0,0,0.0,0.0,0.0,0.0,0.004559611203148961,1,0.004559611203148961
,academy_3_vs_1_with_keeper,123,collect_rollout,2566,0,9,0.04197917063720524,False,False,0.0,0.0,0,0,0,0.0,0.0,0.0,0.0,0.04197917063720524,1,0.04197917063720524
,academy_3_vs_1_with_keeper,123,collect_rollout,2567,0,20,-0.026666665449738503,False,False,0.0,0.0,0,0,0,0.0,0.0,0.0,0.0,-0.026666665449738503,1,-0.026666665449738503
,academy_3_vs_1_with_keeper,123,collect_rollout,2568,0,15,-0.009999999543651938,False,False,0.0,0.0,0,0,0,0.0,0.0,0.0,0.0,-0.009999999543651938,1,-0.009999999543651938
,academy_3_vs_1_with_keeper,123,collect_rollout,2569,0,20,2.1444458870682865,False,False,0.0,0.0,0,0,0,0.0,0.0,0.0,0.0,2.1444458870682865,1,2.1444458870682865
,academy_3_vs_1_with_keeper,123,collect_rollout,2570,0,11,0.02923120465129614,False,False,0.0,0.0,0,0,0,0.0,0.0,0.0,0.0,0.02923120465129614,1,0.02923120465129614
,academy_3_vs_1_with_keeper,123,collect_rollout,2571,0,159,-0.06999999680556357,False,False,0.0,0.0,0,0,0,0.0,0.0,0.0,0.0,-0.06999999680556357,1,-0.06999999680556357
,academy_3_vs_1_with_keeper,123,collect_rollout,2572,0,17,-0.013333332724869251,False,False,0.0,0.0,0,0,0,0.0,0.0,0.0,0.0,-0.013333332724869251,1,-0.013333332724869251
,academy_3_vs_1_with_keeper,123,collect_rollout,2573,0,38,2.1272265358129516,False,False,0.0,0.0,0,0,0,0.0,0.0,0.0,0.0,2.1272265358129516,1,2.1272265358129516
,academy_3_vs_1_with_keeper,123,collect_rollout,2574,0,20,-0.009999999543651938,False,False,0.0,0.0,0,0,0,0.0,0.0,0.0,0.0,-0.009999999543651938,1,-0.009999999543651938
,academy_3_vs_1_with_keeper,123,collect_rollout,2575,0,17,-0.016666665906086564,False,False,0.0,0.0,0,0,0,0.0,0.0,0.0,0.0,-0.016666665906086564,1,-0.016666665906086564
,academy_3_vs_1_with_keeper,123,collect_rollout,2576,0,13,0.012479593162424862,False,False,0.0,0.0,0,0,0,0.0,0.0,0.0,0.0,0.012479593162424862,1,0.012479593162424862
,academy_3_vs_1_with_keeper,123,collect_rollout,2577,0,18,-0.019999999087303877,False,False,0.0,0.0,0,0,0,0.0,0.0,0.0,0.0,-0.019999999087303877,1,-0.019999999087303877
,academy_3_vs_1_with_keeper,123,collect_rollout,2578,0,15,-0.006666666362434626,False,False,0.0,0.0,0,0,0,0.0,0.0,0.0,0.0,-0.006666666362434626,1,-0.006666666362434626
,academy_3_vs_1_with_keeper,123,collect_rollout,2579,0,20,2.147488801041618,False,False,0.0,0.0,0,0,0,0.0,0.0,0.0,0.0,2.147488801041618,1,2.147488801041618
,academy_3_vs_1_with_keeper,123,collect_rollout,2580,0,15,0.0,False,False,0.0,0.0,0,0,0,0.0,0.0,0.0,0.0,0.0,1,0.0
,academy_3_vs_1_with_keeper,123,collect_rollout,2581,0,22,-0.006666666362434626,False,False,0.0,0.0,0,0,0,0.0,0.0,0.0,0.0,-0.006666666362434626,1,-0.006666666362434626
,academy_3_vs_1_with_keeper,123,collect_rollout,2582,0,21,-0.009999999543651938,False,False,0.0,0.0,0,0,0,0.0,0.0,0.0,0.0,-0.009999999543651938,1,-0.009999999543651938
,academy_3_vs_1_with_keeper,123,collect_rollout,2583,0,9,0.03985074092634022,False,False,0.0,0.0,0,0,0,0.0,0.0,0.0,0.0,0.03985074092634022,1,0.03985074092634022
,academy_3_vs_1_with_keeper,123,collect_rollout,2584,0,19,-0.003333333181217313,False,False,0.0,0.0,0,0,0,0.0,0.0,0.0,0.0,-0.003333333181217313,1,-0.003333333181217313
,academy_3_vs_1_with_keeper,123,collect_rollout,2585,0,17,-0.009999999543651938,False,False,0.0,0.0,0,0,0,0.0,0.0,0.0,0.0,-0.009999999543651938,1,-0.009999999543651938
,academy_3_vs_1_with_keeper,123,collect_rollout,2586,0,11,0.02472200384363532,False,False,0.0,0.0,0,0,0,0.0,0.0,0.0,0.0,0.02472200384363532,1,0.02472200384363532
,academy_3_vs_1_with_keeper,123,collect_rollout,2587,0,32,-0.04666666476987302,False,False,0.0,0.0,0,0,0,0.0,0.0,0.0,0.0,-0.04666666476987302,1,-0.04666666476987302
,academy_3_vs_1_with_keeper,123,collect_rollout,2588,0,18,-0.009999999543651938,False,False,0.0,0.0,0,0,0,0.0,0.0,0.0,0.0,-0.009999999543651938,1,-0.009999999543651938
,academy_3_vs_1_with_keeper,123,collect_rollout,2589,0,19,-0.026666665449738503,False,False,0.0,0.0,0,0,0,0.0,0.0,0.0,0.0,-0.026666665449738503,1,-0.026666665449738503
,academy_3_vs_1_with_keeper,123,collect_rollout,2590,0,34,2.1174581850209506,False,False,0.0,0.0,0,0,0,0.0,0.0,0.0,0.0,2.1174581850209506,1,2.1174581850209506
,academy_3_vs_1_with_keeper,123,collect_rollout,2591,0,18,-0.013333332724869251,False,False,0.0,0.0,0,0,0,0.0,0.0,0.0,0.0,-0.013333332724869251,1,-0.013333332724869251
,academy_3_vs_1_with_keeper,123,collect_rollout,2592,0,59,0.12856442341580987,False,False,0.0,0.0,0,0,0,0.0,0.0,0.0,0.0,0.12856442341580987,1,0.12856442341580987
,academy_3_vs_1_with_keeper,123,collect_rollout,2593,0,20,-0.009999999543651938,False,False,0.0,0.0,0,0,0,0.0,0.0,0.0,0.0,-0.009999999543651938,1,-0.009999999543651938
,academy_3_vs_1_with_keeper,123,collect_rollout,2594,0,19,2.1248556345235556,False,False,0.0,0.0,0,0,0,0.0,0.0,0.0,0.0,2.1248556345235556,1,2.1248556345235556
,academy_3_vs_1_with_keeper,123,collect_rollout,2595,0,16,-0.006666666362434626,False,False,0.0,0.0,0,0,0,0.0,0.0,0.0,0.0,-0.006666666362434626,1,-0.006666666362434626
,academy_3_vs_1_with_keeper,123,collect_rollout,2596,0,21,-0.006666666362434626,False,False,0.0,0.0,0,0,0,0.0,0.0,0.0,0.0,-0.006666666362434626,1,-0.006666666362434626
,academy_3_vs_1_with_keeper,123,collect_rollout,2597,0,36,2.1379849310033023,False,False,0.0,0.0,0,0,0,0.0,0.0,0.0,0.0,2.1379849310033023,1,2.1379849310033023
,academy_3_vs_1_with_keeper,123,collect_rollout,2598,0,13,0.014696344616822898,False,False,0.0,0.0,0,0,0,0.0,0.0,0.0,0.0,0.014696344616822898,1,0.014696344616822898
,academy_3_vs_1_with_keeper,123,collect_rollout,2599,0,28,2.1546115467790514,False,False,0.0,0.0,0,0,0,0.0,0.0,0.0,0.0,2.1546115467790514,1,2.1546115467790514
,academy_3_vs_1_with_keeper,123,collect_rollout,2600,0,17,-0.006666666362434626,False,False,0.0,0.0,0,0,0,0.0,0.0,0.0,0.0,-0.006666666362434626,1,-0.006666666362434626
,academy_3_vs_1_with_keeper,123,collect_rollout,2601,0,19,-0.013333332724869251,False,False,0.0,0.0,0,0,0,0.0,0.0,0.0,0.0,-0.013333332724869251,1,-0.013333332724869251
,academy_3_vs_1_with_keeper,123,collect_rollout,2602,0,16,-0.013333332724869251,False,False,0.0,0.0,0,0,0,0.0,0.0,0.0,0.0,-0.013333332724869251,1,-0.013333332724869251
,academy_3_vs_1_with_keeper,123,collect_rollout,2603,0,22,-0.009999999543651938,False,False,0.0,0.0,0,0,0,0.0,0.0,0.0,0.0,-0.009999999543651938,1,-0.009999999543651938
,academy_3_vs_1_with_keeper,123,collect_rollout,2604,0,17,-0.019999999087303877,False,False,0.0,0.0,0,0,0,0.0,0.0,0.0,0.0,-0.019999999087303877,1,-0.019999999087303877
,academy_3_vs_1_with_keeper,123,collect_rollout,2605,0,10,0.023114423383958638,False,False,0.0,0.0,0,0,0,0.0,0.0,0.0,0.0,0.023114423383958638,1,0.023114423383958638
,academy_3_vs_1_with_keeper,123,collect_rollout,2606,0,13,-0.0013623645063489676,False,False,0.0,0.0,0,0,0,0.0,0.0,0.0,0.0,-0.0013623645063489676,1,-0.0013623645063489676
,academy_3_vs_1_with_keeper,123,collect_rollout,2607,0,14,0.02376917889341712,False,False,0.0,0.0,0,0,0,0.0,0.0,0.0,0.0,0.02376917889341712,1,0.02376917889341712
,academy_3_vs_1_with_keeper,123,collect_rollout,2608,0,32,2.122555460431613,False,False,0.0,0.0,0,0,0,0.0,0.0,0.0,0.0,2.122555460431613,1,2.122555460431613
,academy_3_vs_1_with_keeper,123,collect_rollout,2609,0,16,-0.016666665906086564,False,False,0.0,0.0,0,0,0,0.0,0.0,0.0,0.0,-0.016666665906086564,1,-0.016666665906086564
,academy_3_vs_1_with_keeper,123,collect_rollout,2610,0,37,0.02195556301739998,False,False,0.0,0.0,0,0,0,0.0,0.0,0.0,0.0,0.02195556301739998,1,0.02195556301739998
,academy_3_vs_1_with_keeper,123,collect_rollout,2611,0,16,0.004832158796489239,False,False,0.0,0.0,0,0,0,0.0,0.0,0.0,0.0,0.004832158796489239,1,0.004832158796489239
,academy_3_vs_1_with_keeper,123,collect_rollout,2612,0,14,-0.003333333181217313,False,False,0.0,0.0,0,0,0,0.0,0.0,0.0,0.0,-0.003333333181217313,1,-0.003333333181217313
,academy_3_vs_1_with_keeper,123,collect_rollout,2613,0,18,-0.019999999087303877,False,False,0.0,0.0,0,0,0,0.0,0.0,0.0,0.0,-0.019999999087303877,1,-0.019999999087303877
,academy_3_vs_1_with_keeper,123,collect_rollout,2614,0,18,-0.013333332724869251,False,False,0.0,0.0,0,0,0,0.0,0.0,0.0,0.0,-0.013333332724869251,1,-0.013333332724869251
,academy_3_vs_1_with_keeper,123,collect_rollout,2615,0,16,0.005583979072980583,False,False,0.0,0.0,0,0,0,0.0,0.0,0.0,0.0,0.005583979072980583,1,0.005583979072980583
,academy_3_vs_1_with_keeper,123,collect_rollout,2616,0,14,0.018294480483746156,False,False,0.0,0.0,0,0,0,0.0,0.0,0.0,0.0,0.018294480483746156,1,0.018294480483746156
,academy_3_vs_1_with_keeper,123,collect_rollout,2617,0,34,2.12564529129304,False,False,0.0,0.0,0,0,0,0.0,0.0,0.0,0.0,2.12564529129304,1,2.12564529129304
,academy_3_vs_1_with_keeper,123,collect_rollout,2618,0,7,0.05229554744437337,False,False,0.0,0.0,0,0,0,0.0,0.0,0.0,0.0,0.05229554744437337,1,0.05229554744437337
,academy_3_vs_1_with_keeper,123,collect_rollout,2619,0,37,2.1032658849144354,False,False,0.0,0.0,0,0,0,0.0,0.0,0.0,0.0,2.1032658849144354,1,2.1032658849144354
,academy_3_vs_1_with_keeper,123,collect_rollout,2620,0,30,2.1250108670210466,False,False,0.0,0.0,0,0,0,0.0,0.0,0.0,0.0,2.1250108670210466,1,2.1250108670210466
,academy_3_vs_1_with_keeper,123,collect_rollout,2621,0,6,0.04386436240747571,False,False,0.0,0.0,0,0,0,0.0,0.0,0.0,0.0,0.04386436240747571,1,0.04386436240747571
,academy_3_vs_1_with_keeper,123,collect_rollout,2622,0,22,-0.009999999543651938,False,False,0.0,0.0,0,0,0,0.0,0.0,0.0,0.0,-0.009999999543651938,1,-0.009999999543651938
,academy_3_vs_1_with_keeper,123,collect_rollout,2623,0,17,-0.013333332724869251,False,False,0.0,0.0,0,0,0,0.0,0.0,0.0,0.0,-0.013333332724869251,1,-0.013333332724869251
,academy_3_vs_1_with_keeper,123,collect_rollout,2624,0,19,-0.006666666362434626,False,False,0.0,0.0,0,0,0,0.0,0.0,0.0,0.0,-0.006666666362434626,1,-0.006666666362434626
,academy_3_vs_1_with_keeper,123,collect_rollout,2625,0,13,-0.002993030163452204,False,False,0.0,0.0,0,0,0,0.0,0.0,0.0,0.0,-0.002993030163452204,1,-0.002993030163452204
,academy_3_vs_1_with_keeper,123,collect_rollout,2626,0,10,0.030274730641394854,False,False,0.0,0.0,0,0,0,0.0,0.0,0.0,0.0,0.030274730641394854,1,0.030274730641394854
,academy_3_vs_1_with_keeper,123,collect_rollout,2627,0,18,-0.009999999543651938,False,False,0.0,0.0,0,0,0,0.0,0.0,0.0,0.0,-0.009999999543651938,1,-0.009999999543651938
,academy_3_vs_1_with_keeper,123,collect_rollout,2628,0,11,0.012017837289022282,False,False,0.0,0.0,0,0,0,0.0,0.0,0.0,0.0,0.012017837289022282,1,0.012017837289022282
,academy_3_vs_1_with_keeper,123,collect_rollout,2629,0,6,0.04302809340879321,False,False,0.0,0.0,0,0,0,0.0,0.0,0.0,0.0,0.04302809340879321,1,0.04302809340879321
,academy_3_vs_1_with_keeper,123,collect_rollout,2630,0,23,-0.006666666362434626,False,False,0.0,0.0,0,0,0,0.0,0.0,0.0,0.0,-0.006666666362434626,1,-0.006666666362434626
,academy_3_vs_1_with_keeper,123,collect_rollout,2631,0,116,-0.11443877452984452,False,False,0.0,0.0,0,0,0,0.0,0.0,0.0,0.0,-0.11443877452984452,1,-0.11443877452984452
,academy_3_vs_1_with_keeper,123,collect_rollout,2632,0,54,2.0710907461761963,False,False,0.0,0.0,0,0,0,0.0,0.0,0.0,0.0,2.0710907461761963,1,2.0710907461761963
,academy_3_vs_1_with_keeper,123,collect_rollout,2633,0,23,-0.016666665906086564,False,False,0.0,0.0,0,0,0,0.0,0.0,0.0,0.0,-0.016666665906086564,1,-0.016666665906086564
,academy_3_vs_1_with_keeper,123,collect_rollout,2634,0,17,-0.006666666362434626,False,False,0.0,0.0,0,0,0,0.0,0.0,0.0,0.0,-0.006666666362434626,1,-0.006666666362434626
,academy_3_vs_1_with_keeper,123,collect_rollout,2635,0,18,-0.013333332724869251,False,False,0.0,0.0,0,0,0,0.0,0.0,0.0,0.0,-0.013333332724869251,1,-0.013333332724869251
,academy_3_vs_1_with_keeper,123,collect_rollout,2636,0,21,-0.016666665906086564,False,False,0.0,0.0,0,0,0,0.0,0.0,0.0,0.0,-0.016666665906086564,1,-0.016666665906086564
,academy_3_vs_1_with_keeper,123,collect_rollout,2637,0,33,0.09545766760129482,False,False,0.0,0.0,0,0,0,0.0,0.0,0.0,0.0,0.09545766760129482,1,0.09545766760129482
,academy_3_vs_1_with_keeper,123,collect_rollout,2638,0,104,-0.38069192616967484,False,False,0.0,0.0,0,0,0,0.0,0.0,0.0,0.0,-0.38069192616967484,1,-0.38069192616967484
,academy_3_vs_1_with_keeper,123,collect_rollout,2639,0,30,2.1307231012615375,False,False,0.0,0.0,0,0,0,0.0,0.0,0.0,0.0,2.1307231012615375,1,2.1307231012615375
,academy_3_vs_1_with_keeper,123,collect_rollout,2640,0,14,-0.016666665906086564,False,False,0.0,0.0,0,0,0,0.0,0.0,0.0,0.0,-0.016666665906086564,1,-0.016666665906086564
,academy_3_vs_1_with_keeper,123,collect_rollout,2641,0,18,-0.006666666362434626,False,False,0.0,0.0,0,0,0,0.0,0.0,0.0,0.0,-0.006666666362434626,1,-0.006666666362434626
,academy_3_vs_1_with_keeper,123,collect_rollout,2642,0,10,0.03996334201656282,False,False,0.0,0.0,0,0,0,0.0,0.0,0.0,0.0,0.03996334201656282,1,0.03996334201656282
,academy_3_vs_1_with_keeper,123,collect_rollout,2643,0,14,0.01009159884415567,False,False,0.0,0.0,0,0,0,0.0,0.0,0.0,0.0,0.01009159884415567,1,0.01009159884415567
,academy_3_vs_1_with_keeper,123,collect_rollout,2644,0,43,2.108143373101484,False,False,0.0,0.0,0,0,0,0.0,0.0,0.0,0.0,2.108143373101484,1,2.108143373101484
,academy_3_vs_1_with_keeper,123,collect_rollout,2645,0,23,-0.016666665906086564,False,False,0.0,0.0,0,0,0,0.0,0.0,0.0,0.0,-0.016666665906086564,1,-0.016666665906086564
,academy_3_vs_1_with_keeper,123,collect_rollout,2646,0,22,2.152972299605608,False,False,0.0,0.0,0,0,0,0.0,0.0,0.0,0.0,2.152972299605608,1,2.152972299605608
,academy_3_vs_1_with_keeper,123,collect_rollout,2647,0,15,0.013136387802660465,False,False,0.0,0.0,0,0,0,0.0,0.0,0.0,0.0,0.013136387802660465,1,0.013136387802660465
,academy_3_vs_1_with_keeper,123,collect_rollout,2648,0,88,-0.04610365035478026,False,False,0.0,0.0,0,0,0,0.0,0.0,0.0,0.0,-0.04610365035478026,1,-0.04610365035478026
,academy_3_vs_1_with_keeper,123,collect_rollout,2649,0,36,2.1345623765009805,False,False,0.0,0.0,0,0,0,0.0,0.0,0.0,0.0,2.1345623765009805,1,2.1345623765009805
,academy_3_vs_1_with_keeper,123,collect_rollout,2650,0,18,-0.009999999543651938,False,False,0.0,0.0,0,0,0,0.0,0.0,0.0,0.0,-0.009999999543651938,1,-0.009999999543651938
,academy_3_vs_1_with_keeper,123,collect_rollout,2651,0,17,-0.006666666362434626,False,False,0.0,0.0,0,0,0,0.0,0.0,0.0,0.0,-0.006666666362434626,1,-0.006666666362434626
,academy_3_vs_1_with_keeper,123,collect_rollout,2652,0,15,0.0,False,False,0.0,0.0,0,0,0,0.0,0.0,0.0,0.0,0.0,1,0.0
,academy_3_vs_1_with_keeper,123,collect_rollout,2653,0,41,2.1371883179526776,False,False,0.0,0.0,0,0,0,0.0,0.0,0.0,0.0,2.1371883179526776,1,2.1371883179526776
,academy_3_vs_1_with_keeper,123,collect_rollout,2654,0,33,2.1121048787608743,False,False,0.0,0.0,0,0,0,0.0,0.0,0.0,0.0,2.1121048787608743,1,2.1121048787608743
,academy_3_vs_1_with_keeper,123,collect_rollout,2655,0,20,-0.009999999543651938,False,False,0.0,0.0,0,0,0,0.0,0.0,0.0,0.0,-0.009999999543651938,1,-0.009999999543651938
,academy_3_vs_1_with_keeper,123,collect_rollout,2656,0,15,-0.003333333181217313,False,False,0.0,0.0,0,0,0,0.0,0.0,0.0,0.0,-0.003333333181217313,1,-0.003333333181217313
,academy_3_vs_1_with_keeper,123,collect_rollout,2657,0,38,2.131206683930941,False,False,0.0,0.0,0,0,0,0.0,0.0,0.0,0.0,2.131206683930941,1,2.131206683930941
,academy_3_vs_1_with_keeper,123,collect_rollout,2658,0,18,-0.006666666362434626,False,False,0.0,0.0,0,0,0,0.0,0.0,0.0,0.0,-0.006666666362434626,1,-0.006666666362434626
,academy_3_vs_1_with_keeper,123,collect_rollout,2659,0,19,-0.006666666362434626,False,False,0.0,0.0,0,0,0,0.0,0.0,0.0,0.0,-0.006666666362434626,1,-0.006666666362434626
,academy_3_vs_1_with_keeper,123,collect_rollout,2660,0,19,-0.009999999543651938,False,False,0.0,0.0,0,0,0,0.0,0.0,0.0,0.0,-0.009999999543651938,1,-0.009999999543651938
,academy_3_vs_1_with_keeper,123,collect_rollout,2661,0,19,-0.009999999543651938,False,False,0.0,0.0,0,0,0,0.0,0.0,0.0,0.0,-0.009999999543651938,1,-0.009999999543651938
,academy_3_vs_1_with_keeper,123,collect_rollout,2662,0,60,-0.014806265689912834,False,False,0.0,0.0,0,0,0,0.0,0.0,0.0,0.0,-0.014806265689912834,1,-0.014806265689912834
,academy_3_vs_1_with_keeper,123,collect_rollout,2663,0,22,-0.013333332724869251,False,False,0.0,0.0,0,0,0,0.0,0.0,0.0,0.0,-0.013333332724869251,1,-0.013333332724869251
,academy_3_vs_1_with_keeper,123,collect_rollout,2664,0,8,0.037338204216212034,False,False,0.0,0.0,0,0,0,0.0,0.0,0.0,0.0,0.037338204216212034,1,0.037338204216212034
,academy_3_vs_1_with_keeper,123,collect_rollout,2665,0,93,0.10904514300636947,False,False,0.0,0.0,0,0,0,0.0,0.0,0.0,0.0,0.10904514300636947,1,0.10904514300636947
,academy_3_vs_1_with_keeper,123,collect_rollout,2666,0,21,-0.019999999087303877,False,False,0.0,0.0,0,0,0,0.0,0.0,0.0,0.0,-0.019999999087303877,1,-0.019999999087303877
,academy_3_vs_1_with_keeper,123,collect_rollout,2667,0,10,0.01934627420268953,False,False,0.0,0.0,0,0,0,0.0,0.0,0.0,0.0,0.01934627420268953,1,0.01934627420268953
,academy_3_vs_1_with_keeper,123,collect_rollout,2668,0,15,0.0,False,False,0.0,0.0,0,0,0,0.0,0.0,0.0,0.0,0.0,1,0.0
,academy_3_vs_1_with_keeper,123,collect_rollout,2669,0,17,-0.009999999543651938,False,False,0.0,0.0,0,0,0,0.0,0.0,0.0,0.0,-0.009999999543651938,1,-0.009999999543651938
,academy_3_vs_1_with_keeper,123,collect_rollout,2670,0,20,-0.006666666362434626,False,False,0.0,0.0,0,0,0,0.0,0.0,0.0,0.0,-0.006666666362434626,1,-0.006666666362434626
,academy_3_vs_1_with_keeper,123,collect_rollout,2671,0,17,-0.009999999543651938,False,False,0.0,0.0,0,0,0,0.0,0.0,0.0,0.0,-0.009999999543651938,1,-0.009999999543651938
,academy_3_vs_1_with_keeper,123,collect_rollout,2672,0,43,0.04272933478932828,False,False,0.0,0.0,0,0,0,0.0,0.0,0.0,0.0,0.04272933478932828,1,0.04272933478932828
,academy_3_vs_1_with_keeper,123,collect_rollout,2673,0,90,-0.16801824298454449,False,False,0.0,0.0,0,0,0,0.0,0.0,0.0,0.0,-0.16801824298454449,1,-0.16801824298454449
,academy_3_vs_1_with_keeper,123,collect_rollout,2674,0,21,-0.006666666362434626,False,False,0.0,0.0,0,0,0,0.0,0.0,0.0,0.0,-0.006666666362434626,1,-0.006666666362434626
,academy_3_vs_1_with_keeper,123,collect_rollout,2675,0,11,0.043326945742592216,False,False,0.0,0.0,0,0,0,0.0,0.0,0.0,0.0,0.043326945742592216,1,0.043326945742592216
,academy_3_vs_1_with_keeper,123,collect_rollout,2676,0,68,2.3249067482101964,False,False,0.0,0.0,0,0,0,0.0,0.0,0.0,0.0,2.3249067482101964,1,2.3249067482101964
,academy_3_vs_1_with_keeper,123,collect_rollout,2677,0,22,-0.009999999543651938,False,False,0.0,0.0,0,0,0,0.0,0.0,0.0,0.0,-0.009999999543651938,1,-0.009999999543651938
,academy_3_vs_1_with_keeper,123,collect_rollout,2678,0,19,-0.009999999543651938,False,False,0.0,0.0,0,0,0,0.0,0.0,0.0,0.0,-0.009999999543651938,1,-0.009999999543651938
,academy_3_vs_1_with_keeper,123,collect_rollout,2679,0,96,-0.0019818496657535434,False,False,0.0,0.0,0,0,0,0.0,0.0,0.0,0.0,-0.0019818496657535434,1,-0.0019818496657535434
,academy_3_vs_1_with_keeper,123,collect_rollout,2680,0,23,-0.016666665906086564,False,False,0.0,0.0,0,0,0,0.0,0.0,0.0,0.0,-0.016666665906086564,1,-0.016666665906086564
,academy_3_vs_1_with_keeper,123,collect_rollout,2681,0,21,-0.009999999543651938,False,False,0.0,0.0,0,0,0,0.0,0.0,0.0,0.0,-0.009999999543651938,1,-0.009999999543651938
,academy_3_vs_1_with_keeper,123,collect_rollout,2682,0,16,-0.009999999543651938,False,False,0.0,0.0,0,0,0,0.0,0.0,0.0,0.0,-0.009999999543651938,1,-0.009999999543651938
,academy_3_vs_1_with_keeper,123,collect_rollout,2683,0,42,0.07641955185681581,False,False,0.0,0.0,0,0,0,0.0,0.0,0.0,0.0,0.07641955185681581,1,0.07641955185681581
,academy_3_vs_1_with_keeper,123,collect_rollout,2684,0,61,-0.06529651652090251,False,False,0.0,0.0,0,0,0,0.0,0.0,0.0,0.0,-0.06529651652090251,1,-0.06529651652090251
,academy_3_vs_1_with_keeper,123,collect_rollout,2685,0,19,-0.013333332724869251,False,False,0.0,0.0,0,0,0,0.0,0.0,0.0,0.0,-0.013333332724869251,1,-0.013333332724869251
,academy_3_vs_1_with_keeper,123,collect_rollout,2686,0,18,2.1396917100064456,False,False,0.0,0.0,0,0,0,0.0,0.0,0.0,0.0,2.1396917100064456,1,2.1396917100064456
,academy_3_vs_1_with_keeper,123,collect_rollout,2687,0,12,0.03075932478532195,False,False,0.0,0.0,0,0,0,0.0,0.0,0.0,0.0,0.03075932478532195,1,0.03075932478532195
,academy_3_vs_1_with_keeper,123,collect_rollout,2688,0,23,-0.006666666362434626,False,False,0.0,0.0,0,0,0,0.0,0.0,0.0,0.0,-0.006666666362434626,1,-0.006666666362434626
,academy_3_vs_1_with_keeper,123,collect_rollout,2689,0,14,0.01462709833867848,False,False,0.0,0.0,0,0,0,0.0,0.0,0.0,0.0,0.01462709833867848,1,0.01462709833867848
,academy_3_vs_1_with_keeper,123,collect_rollout,2690,0,17,-0.003333333181217313,False,False,0.0,0.0,0,0,0,0.0,0.0,0.0,0.0,-0.003333333181217313,1,-0.003333333181217313
,academy_3_vs_1_with_keeper,123,collect_rollout,2691,0,17,-0.003333333181217313,False,False,0.0,0.0,0,0,0,0.0,0.0,0.0,0.0,-0.003333333181217313,1,-0.003333333181217313
,academy_3_vs_1_with_keeper,123,collect_rollout,2692,0,37,0.056735011748969555,False,False,0.0,0.0,0,0,0,0.0,0.0,0.0,0.0,0.056735011748969555,1,0.056735011748969555
,academy_3_vs_1_with_keeper,123,collect_rollout,2693,0,16,-0.016666665906086564,False,False,0.0,0.0,0,0,0,0.0,0.0,0.0,0.0,-0.016666665906086564,1,-0.016666665906086564
,academy_3_vs_1_with_keeper,123,collect_rollout,2694,0,15,-0.003333333181217313,False,False,0.0,0.0,0,0,0,0.0,0.0,0.0,0.0,-0.003333333181217313,1,-0.003333333181217313
,academy_3_vs_1_with_keeper,123,collect_rollout,2695,0,18,-0.003333333181217313,False,False,0.0,0.0,0,0,0,0.0,0.0,0.0,0.0,-0.003333333181217313,1,-0.003333333181217313
,academy_3_vs_1_with_keeper,123,collect_rollout,2696,0,19,0.0,False,False,0.0,0.0,0,0,0,0.0,0.0,0.0,0.0,0.0,1,0.0
,academy_3_vs_1_with_keeper,123,collect_rollout,2697,0,16,-0.006666666362434626,False,False,0.0,0.0,0,0,0,0.0,0.0,0.0,0.0,-0.006666666362434626,1,-0.006666666362434626
,academy_3_vs_1_with_keeper,123,collect_rollout,2698,0,29,0.11263323144521564,False,False,0.0,0.0,0,0,0,0.0,0.0,0.0,0.0,0.11263323144521564,1,0.11263323144521564
,academy_3_vs_1_with_keeper,123,collect_rollout,2699,0,11,0.02771691861562431,False,False,0.0,0.0,0,0,0,0.0,0.0,0.0,0.0,0.02771691861562431,1,0.02771691861562431
,academy_3_vs_1_with_keeper,123,collect_rollout,2700,0,32,2.1391718892846256,False,False,0.0,0.0,0,0,0,0.0,0.0,0.0,0.0,2.1391718892846256,1,2.1391718892846256
,academy_3_vs_1_with_keeper,123,collect_rollout,2701,0,144,-0.05666666408069432,False,False,0.0,0.0,0,0,0,0.0,0.0,0.0,0.0,-0.05666666408069432,1,-0.05666666408069432
,academy_3_vs_1_with_keeper,123,collect_rollout,2702,0,23,-0.013333332724869251,False,False,0.0,0.0,0,0,0,0.0,0.0,0.0,0.0,-0.013333332724869251,1,-0.013333332724869251
,academy_3_vs_1_with_keeper,123,collect_rollout,2703,0,41,0.02745049842633307,False,False,0.0,0.0,0,0,0,0.0,0.0,0.0,0.0,0.02745049842633307,1,0.02745049842633307
,academy_3_vs_1_with_keeper,123,collect_rollout,2704,0,86,0.1073071111459285,False,False,0.0,0.0,0,0,0,0.0,0.0,0.0,0.0,0.1073071111459285,1,0.1073071111459285
,academy_3_vs_1_with_keeper,123,collect_rollout,2705,0,20,-0.016666665906086564,False,False,0.0,0.0,0,0,0,0.0,0.0,0.0,0.0,-0.016666665906086564,1,-0.016666665906086564
,academy_3_vs_1_with_keeper,123,collect_rollout,2706,0,14,-0.013333332724869251,False,False,0.0,0.0,0,0,0,0.0,0.0,0.0,0.0,-0.013333332724869251,1,-0.013333332724869251
,academy_3_vs_1_with_keeper,123,collect_rollout,2707,0,18,-0.003333333181217313,False,False,0.0,0.0,0,0,0,0.0,0.0,0.0,0.0,-0.003333333181217313,1,-0.003333333181217313
,academy_3_vs_1_with_keeper,123,collect_rollout,2708,0,17,-0.003333333181217313,False,False,0.0,0.0,0,0,0,0.0,0.0,0.0,0.0,-0.003333333181217313,1,-0.003333333181217313
,academy_3_vs_1_with_keeper,123,collect_rollout,2709,0,21,-0.009999999543651938,False,False,0.0,0.0,0,0,0,0.0,0.0,0.0,0.0,-0.009999999543651938,1,-0.009999999543651938
,academy_3_vs_1_with_keeper,123,collect_rollout,2710,0,11,0.02247569407336414,False,False,0.0,0.0,0,0,0,0.0,0.0,0.0,0.0,0.02247569407336414,1,0.02247569407336414
,academy_3_vs_1_with_keeper,123,collect_rollout,2711,0,22,-0.003333333181217313,False,False,0.0,0.0,0,0,0,0.0,0.0,0.0,0.0,-0.003333333181217313,1,-0.003333333181217313
,academy_3_vs_1_with_keeper,123,collect_rollout,2712,0,18,-0.006666666362434626,False,False,0.0,0.0,0,0,0,0.0,0.0,0.0,0.0,-0.006666666362434626,1,-0.006666666362434626
,academy_3_vs_1_with_keeper,123,collect_rollout,2713,0,20,-0.009999999543651938,False,False,0.0,0.0,0,0,0,0.0,0.0,0.0,0.0,-0.009999999543651938,1,-0.009999999543651938
,academy_3_vs_1_with_keeper,123,collect_rollout,2714,0,10,0.029861120274290442,False,False,0.0,0.0,0,0,0,0.0,0.0,0.0,0.0,0.029861120274290442,1,0.029861120274290442
,academy_3_vs_1_with_keeper,123,collect_rollout,2715,0,18,-0.009999999543651938,False,False,0.0,0.0,0,0,0,0.0,0.0,0.0,0.0,-0.009999999543651938,1,-0.009999999543651938
,academy_3_vs_1_with_keeper,123,collect_rollout,2716,0,13,0.00391176575794816,False,False,0.0,0.0,0,0,0,0.0,0.0,0.0,0.0,0.00391176575794816,1,0.00391176575794816
,academy_3_vs_1_with_keeper,123,collect_rollout,2717,0,14,0.013907240005210042,False,False,0.0,0.0,0,0,0,0.0,0.0,0.0,0.0,0.013907240005210042,1,0.013907240005210042
,academy_3_vs_1_with_keeper,123,collect_rollout,2718,0,6,0.04719409113749862,False,False,0.0,0.0,0,0,0,0.0,0.0,0.0,0.0,0.04719409113749862,1,0.04719409113749862
,academy_3_vs_1_with_keeper,123,collect_rollout,2719,0,19,-0.02333333226852119,False,False,0.0,0.0,0,0,0,0.0,0.0,0.0,0.0,-0.02333333226852119,1,-0.02333333226852119
,academy_3_vs_1_with_keeper,123,collect_rollout,2720,0,124,0.052453863085247576,False,False,0.0,0.0,0,0,0,0.0,0.0,0.0,0.0,0.052453863085247576,1,0.052453863085247576
,academy_3_vs_1_with_keeper,123,collect_rollout,2721,0,18,-0.019999999087303877,False,False,0.0,0.0,0,0,0,0.0,0.0,0.0,0.0,-0.019999999087303877,1,-0.019999999087303877
,academy_3_vs_1_with_keeper,123,collect_rollout,2722,0,50,2.097342382534407,False,False,0.0,0.0,0,0,0,0.0,0.0,0.0,0.0,2.097342382534407,1,2.097342382534407
,academy_3_vs_1_with_keeper,123,collect_rollout,2723,0,22,-0.019999999087303877,False,False,0.0,0.0,0,0,0,0.0,0.0,0.0,0.0,-0.019999999087303877,1,-0.019999999087303877
,academy_3_vs_1_with_keeper,123,collect_rollout,2724,0,14,0.011746133677661419,False,False,0.0,0.0,0,0,0,0.0,0.0,0.0,0.0,0.011746133677661419,1,0.011746133677661419
,academy_3_vs_1_with_keeper,123,collect_rollout,2725,0,16,-0.003333333181217313,False,False,0.0,0.0,0,0,0,0.0,0.0,0.0,0.0,-0.003333333181217313,1,-0.003333333181217313
,academy_3_vs_1_with_keeper,123,collect_rollout,2726,0,14,0.0108407968073152,False,False,0.0,0.0,0,0,0,0.0,0.0,0.0,0.0,0.0108407968073152,1,0.0108407968073152
,academy_3_vs_1_with_keeper,123,collect_rollout,2727,0,47,2.0198700317414477,False,False,0.0,0.0,0,0,0,0.0,0.0,0.0,0.0,2.0198700317414477,1,2.0198700317414477
,academy_3_vs_1_with_keeper,123,collect_rollout,2728,0,18,-0.003333333181217313,False,False,0.0,0.0,0,0,0,0.0,0.0,0.0,0.0,-0.003333333181217313,1,-0.003333333181217313
,academy_3_vs_1_with_keeper,123,collect_rollout,2729,0,21,-0.019999999087303877,False,False,0.0,0.0,0,0,0,0.0,0.0,0.0,0.0,-0.019999999087303877,1,-0.019999999087303877
,academy_3_vs_1_with_keeper,123,collect_rollout,2730,0,33,2.123742006602697,False,False,0.0,0.0,0,0,0,0.0,0.0,0.0,0.0,2.123742006602697,1,2.123742006602697
,academy_3_vs_1_with_keeper,123,collect_rollout,2731,0,19,-0.003333333181217313,False,False,0.0,0.0,0,0,0,0.0,0.0,0.0,0.0,-0.003333333181217313,1,-0.003333333181217313
,academy_3_vs_1_with_keeper,123,collect_rollout,2732,0,71,0.2336308762023691,False,False,0.0,0.0,0,0,0,0.0,0.0,0.0,0.0,0.2336308762023691,1,0.2336308762023691
,academy_3_vs_1_with_keeper,123,collect_rollout,2733,0,35,2.117743431124836,False,False,0.0,0.0,0,0,0,0.0,0.0,0.0,0.0,2.117743431124836,1,2.117743431124836
,academy_3_vs_1_with_keeper,123,collect_rollout,2734,0,18,0.0,False,False,0.0,0.0,0,0,0,0.0,0.0,0.0,0.0,0.0,1,0.0
,academy_3_vs_1_with_keeper,123,collect_rollout,2735,0,19,-0.013333332724869251,False,False,0.0,0.0,0,0,0,0.0,0.0,0.0,0.0,-0.013333332724869251,1,-0.013333332724869251
,academy_3_vs_1_with_keeper,123,collect_rollout,2736,0,89,0.08831038605421782,False,False,0.0,0.0,0,0,0,0.0,0.0,0.0,0.0,0.08831038605421782,1,0.08831038605421782
,academy_3_vs_1_with_keeper,123,collect_rollout,2737,0,17,-0.013333332724869251,False,False,0.0,0.0,0,0,0,0.0,0.0,0.0,0.0,-0.013333332724869251,1,-0.013333332724869251
,academy_3_vs_1_with_keeper,123,collect_rollout,2738,0,18,0.011169958277605474,False,False,0.0,0.0,0,0,0,0.0,0.0,0.0,0.0,0.011169958277605474,1,0.011169958277605474
,academy_3_vs_1_with_keeper,123,collect_rollout,2739,0,31,2.1089091668836772,False,False,0.0,0.0,0,0,0,0.0,0.0,0.0,0.0,2.1089091668836772,1,2.1089091668836772
,academy_3_vs_1_with_keeper,123,collect_rollout,2740,0,11,0.035815238021314144,False,False,0.0,0.0,0,0,0,0.0,0.0,0.0,0.0,0.035815238021314144,1,0.035815238021314144
,academy_3_vs_1_with_keeper,123,collect_rollout,2741,0,17,-0.009999999543651938,False,False,0.0,0.0,0,0,0,0.0,0.0,0.0,0.0,-0.009999999543651938,1,-0.009999999543651938
,academy_3_vs_1_with_keeper,123,collect_rollout,2742,0,13,0.01817641562956851,False,False,0.0,0.0,0,0,0,0.0,0.0,0.0,0.0,0.01817641562956851,1,0.01817641562956851
,academy_3_vs_1_with_keeper,123,collect_rollout,2743,0,105,-0.25605520518729463,False,False,0.0,0.0,0,0,0,0.0,0.0,0.0,0.0,-0.25605520518729463,1,-0.25605520518729463
,academy_3_vs_1_with_keeper,123,collect_rollout,2744,0,35,2.1043362341588363,False,False,0.0,0.0,0,0,0,0.0,0.0,0.0,0.0,2.1043362341588363,1,2.1043362341588363
,academy_3_vs_1_with_keeper,123,collect_rollout,2745,0,50,0.018654191168025136,False,False,0.0,0.0,0,0,0,0.0,0.0,0.0,0.0,0.018654191168025136,1,0.018654191168025136
,academy_3_vs_1_with_keeper,123,collect_rollout,2746,0,11,0.0031900253670755774,False,False,0.0,0.0,0,0,0,0.0,0.0,0.0,0.0,0.0031900253670755774,1,0.0031900253670755774
,academy_3_vs_1_with_keeper,123,collect_rollout,2747,0,15,0.00690760905854404,False,False,0.0,0.0,0,0,0,0.0,0.0,0.0,0.0,0.00690760905854404,1,0.00690760905854404
,academy_3_vs_1_with_keeper,123,collect_rollout,2748,0,25,2.1358140918891877,False,False,0.0,0.0,0,0,0,0.0,0.0,0.0,0.0,2.1358140918891877,1,2.1358140918891877
,academy_3_vs_1_with_keeper,123,collect_rollout,2749,0,51,0.09772592619992793,False,False,0.0,0.0,0,0,0,0.0,0.0,0.0,0.0,0.09772592619992793,1,0.09772592619992793
,academy_3_vs_1_with_keeper,123,collect_rollout,2750,0,28,2.1189881099853665,False,False,0.0,0.0,0,0,0,0.0,0.0,0.0,0.0,2.1189881099853665,1,2.1189881099853665
,academy_3_vs_1_with_keeper,123,collect_rollout,2751,0,26,2.1509481265675277,False,False,0.0,0.0,0,0,0,0.0,0.0,0.0,0.0,2.1509481265675277,1,2.1509481265675277
,academy_3_vs_1_with_keeper,123,collect_rollout,2752,0,18,-0.013333332724869251,False,False,0.0,0.0,0,0,0,0.0,0.0,0.0,0.0,-0.013333332724869251,1,-0.013333332724869251
,academy_3_vs_1_with_keeper,123,collect_rollout,2753,0,15,-0.006666666362434626,False,False,0.0,0.0,0,0,0,0.0,0.0,0.0,0.0,-0.006666666362434626,1,-0.006666666362434626
,academy_3_vs_1_with_keeper,123,collect_rollout,2754,0,42,0.36251645036099944,False,False,0.0,0.0,0,0,0,0.0,0.0,0.0,0.0,0.36251645036099944,1,0.36251645036099944
,academy_3_vs_1_with_keeper,123,collect_rollout,2755,0,19,-0.006666666362434626,False,False,0.0,0.0,0,0,0,0.0,0.0,0.0,0.0,-0.006666666362434626,1,-0.006666666362434626
,academy_3_vs_1_with_keeper,123,collect_rollout,2756,0,19,-0.013333332724869251,False,False,0.0,0.0,0,0,0,0.0,0.0,0.0,0.0,-0.013333332724869251,1,-0.013333332724869251
,academy_3_vs_1_with_keeper,123,collect_rollout,2757,0,18,-0.006666666362434626,False,False,0.0,0.0,0,0,0,0.0,0.0,0.0,0.0,-0.006666666362434626,1,-0.006666666362434626
,academy_3_vs_1_with_keeper,123,collect_rollout,2758,0,14,-0.006666666362434626,False,False,0.0,0.0,0,0,0,0.0,0.0,0.0,0.0,-0.006666666362434626,1,-0.006666666362434626
,academy_3_vs_1_with_keeper,123,collect_rollout,2759,0,21,-0.016666665906086564,False,False,0.0,0.0,0,0,0,0.0,0.0,0.0,0.0,-0.016666665906086564,1,-0.016666665906086564
,academy_3_vs_1_with_keeper,123,collect_rollout,2760,0,51,0.12167259913985617,False,False,0.0,0.0,0,0,0,0.0,0.0,0.0,0.0,0.12167259913985617,1,0.12167259913985617
,academy_3_vs_1_with_keeper,123,collect_rollout,2761,0,17,-0.013333332724869251,False,False,0.0,0.0,0,0,0,0.0,0.0,0.0,0.0,-0.013333332724869251,1,-0.013333332724869251
,academy_3_vs_1_with_keeper,123,collect_rollout,2762,0,21,-0.009999999543651938,False,False,0.0,0.0,0,0,0,0.0,0.0,0.0,0.0,-0.009999999543651938,1,-0.009999999543651938
,academy_3_vs_1_with_keeper,123,collect_rollout,2763,0,87,0.12090857315342873,False,False,0.0,0.0,0,0,0,0.0,0.0,0.0,0.0,0.12090857315342873,1,0.12090857315342873
,academy_3_vs_1_with_keeper,123,collect_rollout,2764,0,17,-0.003333333181217313,False,False,0.0,0.0,0,0,0,0.0,0.0,0.0,0.0,-0.003333333181217313,1,-0.003333333181217313
,academy_3_vs_1_with_keeper,123,collect_rollout,2765,0,23,-0.009999999543651938,False,False,0.0,0.0,0,0,0,0.0,0.0,0.0,0.0,-0.009999999543651938,1,-0.009999999543651938
,academy_3_vs_1_with_keeper,123,collect_rollout,2766,0,17,-0.003333333181217313,False,False,0.0,0.0,0,0,0,0.0,0.0,0.0,0.0,-0.003333333181217313,1,-0.003333333181217313
,academy_3_vs_1_with_keeper,123,collect_rollout,2767,0,20,-0.003333333181217313,False,False,0.0,0.0,0,0,0,0.0,0.0,0.0,0.0,-0.003333333181217313,1,-0.003333333181217313
,academy_3_vs_1_with_keeper,123,collect_rollout,2768,0,14,0.0035493657924234867,False,False,0.0,0.0,0,0,0,0.0,0.0,0.0,0.0,0.0035493657924234867,1,0.0035493657924234867
,academy_3_vs_1_with_keeper,123,collect_rollout,2769,0,27,0.10697783075738698,False,False,0.0,0.0,0,0,0,0.0,0.0,0.0,0.0,0.10697783075738698,1,0.10697783075738698
,academy_3_vs_1_with_keeper,123,collect_rollout,2770,0,22,-0.013333332724869251,False,False,0.0,0.0,0,0,0,0.0,0.0,0.0,0.0,-0.013333332724869251,1,-0.013333332724869251
,academy_3_vs_1_with_keeper,123,collect_rollout,2771,0,21,-0.003333333181217313,False,False,0.0,0.0,0,0,0,0.0,0.0,0.0,0.0,-0.003333333181217313,1,-0.003333333181217313
,academy_3_vs_1_with_keeper,123,collect_rollout,2772,0,20,-0.016666665906086564,False,False,0.0,0.0,0,0,0,0.0,0.0,0.0,0.0,-0.016666665906086564,1,-0.016666665906086564
,academy_3_vs_1_with_keeper,123,collect_rollout,2773,0,6,0.04720215639099479,False,False,0.0,0.0,0,0,0,0.0,0.0,0.0,0.0,0.04720215639099479,1,0.04720215639099479
,academy_3_vs_1_with_keeper,123,collect_rollout,2774,0,8,0.04520847101230174,False,False,0.0,0.0,0,0,0,0.0,0.0,0.0,0.0,0.04520847101230174,1,0.04520847101230174
,academy_3_vs_1_with_keeper,123,collect_rollout,2775,0,19,-0.006666666362434626,False,False,0.0,0.0,0,0,0,0.0,0.0,0.0,0.0,-0.006666666362434626,1,-0.006666666362434626
,academy_3_vs_1_with_keeper,123,collect_rollout,2776,0,19,-0.019999999087303877,False,False,0.0,0.0,0,0,0,0.0,0.0,0.0,0.0,-0.019999999087303877,1,-0.019999999087303877
,academy_3_vs_1_with_keeper,123,collect_rollout,2777,0,17,-0.003333333181217313,False,False,0.0,0.0,0,0,0,0.0,0.0,0.0,0.0,-0.003333333181217313,1,-0.003333333181217313
,academy_3_vs_1_with_keeper,123,collect_rollout,2778,0,19,-0.009999999543651938,False,False,0.0,0.0,0,0,0,0.0,0.0,0.0,0.0,-0.009999999543651938,1,-0.009999999543651938
,academy_3_vs_1_with_keeper,123,collect_rollout,2779,0,23,-0.013333332724869251,False,False,0.0,0.0,0,0,0,0.0,0.0,0.0,0.0,-0.013333332724869251,1,-0.013333332724869251
,academy_3_vs_1_with_keeper,123,collect_rollout,2780,0,34,2.1295537737896666,False,False,0.0,0.0,0,0,0,0.0,0.0,0.0,0.0,2.1295537737896666,1,2.1295537737896666
,academy_3_vs_1_with_keeper,123,collect_rollout,2781,0,18,0.0,False,False,0.0,0.0,0,0,0,0.0,0.0,0.0,0.0,0.0,1,0.0
,academy_3_vs_1_with_keeper,123,collect_rollout,2782,0,19,0.0,False,False,0.0,0.0,0,0,0,0.0,0.0,0.0,0.0,0.0,1,0.0
,academy_3_vs_1_with_keeper,123,collect_rollout,2783,0,19,0.0,False,False,0.0,0.0,0,0,0,0.0,0.0,0.0,0.0,0.0,1,0.0
,academy_3_vs_1_with_keeper,123,collect_rollout,2784,0,19,-0.013333332724869251,False,False,0.0,0.0,0,0,0,0.0,0.0,0.0,0.0,-0.013333332724869251,1,-0.013333332724869251
,academy_3_vs_1_with_keeper,123,collect_rollout,2785,0,20,-0.006666666362434626,False,False,0.0,0.0,0,0,0,0.0,0.0,0.0,0.0,-0.006666666362434626,1,-0.006666666362434626
,academy_3_vs_1_with_keeper,123,collect_rollout,2786,0,39,2.1198578629409894,False,False,0.0,0.0,0,0,0,0.0,0.0,0.0,0.0,2.1198578629409894,1,2.1198578629409894
,academy_3_vs_1_with_keeper,123,collect_rollout,2787,0,15,-0.013333332724869251,False,False,0.0,0.0,0,0,0,0.0,0.0,0.0,0.0,-0.013333332724869251,1,-0.013333332724869251
,academy_3_vs_1_with_keeper,123,collect_rollout,2788,0,17,-0.003333333181217313,False,False,0.0,0.0,0,0,0,0.0,0.0,0.0,0.0,-0.003333333181217313,1,-0.003333333181217313
,academy_3_vs_1_with_keeper,123,collect_rollout,2789,0,19,-0.009999999543651938,False,False,0.0,0.0,0,0,0,0.0,0.0,0.0,0.0,-0.009999999543651938,1,-0.009999999543651938
,academy_3_vs_1_with_keeper,123,collect_rollout,2790,0,25,2.133642202243209,False,False,0.0,0.0,0,0,0,0.0,0.0,0.0,0.0,2.133642202243209,1,2.133642202243209
,academy_3_vs_1_with_keeper,123,collect_rollout,2791,0,24,-0.006666666362434626,False,False,0.0,0.0,0,0,0,0.0,0.0,0.0,0.0,-0.006666666362434626,1,-0.006666666362434626
,academy_3_vs_1_with_keeper,123,collect_rollout,2792,0,25,2.143150362302549,False,False,0.0,0.0,0,0,0,0.0,0.0,0.0,0.0,2.143150362302549,1,2.143150362302549
,academy_3_vs_1_with_keeper,123,collect_rollout,2793,0,19,-0.016666665906086564,False,False,0.0,0.0,0,0,0,0.0,0.0,0.0,0.0,-0.016666665906086564,1,-0.016666665906086564
,academy_3_vs_1_with_keeper,123,collect_rollout,2794,0,18,-0.006666666362434626,False,False,0.0,0.0,0,0,0,0.0,0.0,0.0,0.0,-0.006666666362434626,1,-0.006666666362434626
,academy_3_vs_1_with_keeper,123,collect_rollout,2795,0,19,-0.013333332724869251,False,False,0.0,0.0,0,0,0,0.0,0.0,0.0,0.0,-0.013333332724869251,1,-0.013333332724869251
,academy_3_vs_1_with_keeper,123,collect_rollout,2796,0,9,0.03282637265510857,False,False,0.0,0.0,0,0,0,0.0,0.0,0.0,0.0,0.03282637265510857,1,0.03282637265510857
,academy_3_vs_1_with_keeper,123,collect_rollout,2797,0,18,-0.003333333181217313,False,False,0.0,0.0,0,0,0,0.0,0.0,0.0,0.0,-0.003333333181217313,1,-0.003333333181217313
,academy_3_vs_1_with_keeper,123,collect_rollout,2798,0,18,-0.003333333181217313,False,False,0.0,0.0,0,0,0,0.0,0.0,0.0,0.0,-0.003333333181217313,1,-0.003333333181217313
,academy_3_vs_1_with_keeper,123,collect_rollout,2799,0,14,0.025443823542445898,False,False,0.0,0.0,0,0,0,0.0,0.0,0.0,0.0,0.025443823542445898,1,0.025443823542445898
,academy_3_vs_1_with_keeper,123,collect_rollout,2800,0,19,0.0,False,False,0.0,0.0,0,0,0,0.0,0.0,0.0,0.0,0.0,1,0.0
,academy_3_vs_1_with_keeper,123,collect_rollout,2801,0,10,0.03136126970639452,False,False,0.0,0.0,0,0,0,0.0,0.0,0.0,0.0,0.03136126970639452,1,0.03136126970639452
,academy_3_vs_1_with_keeper,123,collect_rollout,2802,0,17,-0.003333333181217313,False,False,0.0,0.0,0,0,0,0.0,0.0,0.0,0.0,-0.003333333181217313,1,-0.003333333181217313
,academy_3_vs_1_with_keeper,123,collect_rollout,2803,0,23,0.0,False,False,0.0,0.0,0,0,0,0.0,0.0,0.0,0.0,0.0,1,0.0
,academy_3_vs_1_with_keeper,123,collect_rollout,2804,0,18,-0.003333333181217313,False,False,0.0,0.0,0,0,0,0.0,0.0,0.0,0.0,-0.003333333181217313,1,-0.003333333181217313
,academy_3_vs_1_with_keeper,123,collect_rollout,2805,0,47,0.031122419808525592,False,False,0.0,0.0,0,0,0,0.0,0.0,0.0,0.0,0.031122419808525592,1,0.031122419808525592
,academy_3_vs_1_with_keeper,123,collect_rollout,2806,0,89,0.06445577822159976,False,False,0.0,0.0,0,0,0,0.0,0.0,0.0,0.0,0.06445577822159976,1,0.06445577822159976
,academy_3_vs_1_with_keeper,123,collect_rollout,2807,0,20,0.0,False,False,0.0,0.0,0,0,0,0.0,0.0,0.0,0.0,0.0,1,0.0
,academy_3_vs_1_with_keeper,123,collect_rollout,2808,0,33,0.08397451270138845,False,False,0.0,0.0,0,0,0,0.0,0.0,0.0,0.0,0.08397451270138845,1,0.08397451270138845
,academy_3_vs_1_with_keeper,123,collect_rollout,2809,0,91,0.09561952255899087,False,False,0.0,0.0,0,0,0,0.0,0.0,0.0,0.0,0.09561952255899087,1,0.09561952255899087
,academy_3_vs_1_with_keeper,123,collect_rollout,2810,0,19,-0.006666666362434626,False,False,0.0,0.0,0,0,0,0.0,0.0,0.0,0.0,-0.006666666362434626,1,-0.006666666362434626
,academy_3_vs_1_with_keeper,123,collect_rollout,2811,0,20,-0.016666665906086564,False,False,0.0,0.0,0,0,0,0.0,0.0,0.0,0.0,-0.016666665906086564,1,-0.016666665906086564
,academy_3_vs_1_with_keeper,123,collect_rollout,2812,0,88,0.08942654961720109,False,False,0.0,0.0,0,0,0,0.0,0.0,0.0,0.0,0.08942654961720109,1,0.08942654961720109
,academy_3_vs_1_with_keeper,123,collect_rollout,2813,0,23,-0.006666666362434626,False,False,0.0,0.0,0,0,0,0.0,0.0,0.0,0.0,-0.006666666362434626,1,-0.006666666362434626
,academy_3_vs_1_with_keeper,123,collect_rollout,2814,0,18,-0.003333333181217313,False,False,0.0,0.0,0,0,0,0.0,0.0,0.0,0.0,-0.003333333181217313,1,-0.003333333181217313
,academy_3_vs_1_with_keeper,123,collect_rollout,2815,0,14,-0.006666666362434626,False,False,0.0,0.0,0,0,0,0.0,0.0,0.0,0.0,-0.006666666362434626,1,-0.006666666362434626
,academy_3_vs_1_with_keeper,123,collect_rollout,2816,0,20,-0.006666666362434626,False,False,0.0,0.0,0,0,0,0.0,0.0,0.0,0.0,-0.006666666362434626,1,-0.006666666362434626
,academy_3_vs_1_with_keeper,123,collect_rollout,2817,0,23,-0.013333332724869251,False,False,0.0,0.0,0,0,0,0.0,0.0,0.0,0.0,-0.013333332724869251,1,-0.013333332724869251
,academy_3_vs_1_with_keeper,123,collect_rollout,2818,0,14,-0.003333333181217313,False,False,0.0,0.0,0,0,0,0.0,0.0,0.0,0.0,-0.003333333181217313,1,-0.003333333181217313
,academy_3_vs_1_with_keeper,123,collect_rollout,2819,0,31,2.1323491137009114,False,False,0.0,0.0,0,0,0,0.0,0.0,0.0,0.0,2.1323491137009114,1,2.1323491137009114
,academy_3_vs_1_with_keeper,123,collect_rollout,2820,0,45,0.07889436255209148,False,False,0.0,0.0,0,0,0,0.0,0.0,0.0,0.0,0.07889436255209148,1,0.07889436255209148
,academy_3_vs_1_with_keeper,123,collect_rollout,2821,0,17,0.0,False,False,0.0,0.0,0,0,0,0.0,0.0,0.0,0.0,0.0,1,0.0
,academy_3_vs_1_with_keeper,123,collect_rollout,2822,0,14,0.0,False,False,0.0,0.0,0,0,0,0.0,0.0,0.0,0.0,0.0,1,0.0
,academy_3_vs_1_with_keeper,123,collect_rollout,2823,0,40,0.0586077371990541,False,False,0.0,0.0,0,0,0,0.0,0.0,0.0,0.0,0.0586077371990541,1,0.0586077371990541
,academy_3_vs_1_with_keeper,123,collect_rollout,2824,0,46,-0.012793822214007378,False,False,0.0,0.0,0,0,0,0.0,0.0,0.0,0.0,-0.012793822214007378,1,-0.012793822214007378
,academy_3_vs_1_with_keeper,123,collect_rollout,2825,0,19,-0.019999999087303877,False,False,0.0,0.0,0,0,0,0.0,0.0,0.0,0.0,-0.019999999087303877,1,-0.019999999087303877
,academy_3_vs_1_with_keeper,123,collect_rollout,2826,0,20,-0.006666666362434626,False,False,0.0,0.0,0,0,0,0.0,0.0,0.0,0.0,-0.006666666362434626,1,-0.006666666362434626
,academy_3_vs_1_with_keeper,123,collect_rollout,2827,0,88,0.12674133964901557,False,False,0.0,0.0,0,0,0,0.0,0.0,0.0,0.0,0.12674133964901557,1,0.12674133964901557
,academy_3_vs_1_with_keeper,123,collect_rollout,2828,0,11,0.024374924309086055,False,False,0.0,0.0,0,0,0,0.0,0.0,0.0,0.0,0.024374924309086055,1,0.024374924309086055
,academy_3_vs_1_with_keeper,123,collect_rollout,2829,0,19,-0.003333333181217313,False,False,0.0,0.0,0,0,0,0.0,0.0,0.0,0.0,-0.003333333181217313,1,-0.003333333181217313
,academy_3_vs_1_with_keeper,123,collect_rollout,2830,0,20,-0.009999999543651938,False,False,0.0,0.0,0,0,0,0.0,0.0,0.0,0.0,-0.009999999543651938,1,-0.009999999543651938
,academy_3_vs_1_with_keeper,123,collect_rollout,2831,0,20,2.131995324860327,False,False,0.0,0.0,0,0,0,0.0,0.0,0.0,0.0,2.131995324860327,1,2.131995324860327
,academy_3_vs_1_with_keeper,123,collect_rollout,2832,0,19,-0.003333333181217313,False,False,0.0,0.0,0,0,0,0.0,0.0,0.0,0.0,-0.003333333181217313,1,-0.003333333181217313
,academy_3_vs_1_with_keeper,123,collect_rollout,2833,0,14,0.02398444782011211,False,False,0.0,0.0,0,0,0,0.0,0.0,0.0,0.0,0.02398444782011211,1,0.02398444782011211
,academy_3_vs_1_with_keeper,123,collect_rollout,2834,0,21,-0.006666666362434626,False,False,0.0,0.0,0,0,0,0.0,0.0,0.0,0.0,-0.006666666362434626,1,-0.006666666362434626
,academy_3_vs_1_with_keeper,123,collect_rollout,2835,0,10,0.03359768644440919,False,False,0.0,0.0,0,0,0,0.0,0.0,0.0,0.0,0.03359768644440919,1,0.03359768644440919
,academy_3_vs_1_with_keeper,123,collect_rollout,2836,0,22,-0.009999999543651938,False,False,0.0,0.0,0,0,0,0.0,0.0,0.0,0.0,-0.009999999543651938,1,-0.009999999543651938
,academy_3_vs_1_with_keeper,123,collect_rollout,2837,0,17,-0.006666666362434626,False,False,0.0,0.0,0,0,0,0.0,0.0,0.0,0.0,-0.006666666362434626,1,-0.006666666362434626
,academy_3_vs_1_with_keeper,123,collect_rollout,2838,0,32,2.1419712137430906,False,False,0.0,0.0,0,0,0,0.0,0.0,0.0,0.0,2.1419712137430906,1,2.1419712137430906
,academy_3_vs_1_with_keeper,123,collect_rollout,2839,0,16,-0.003333333181217313,False,False,0.0,0.0,0,0,0,0.0,0.0,0.0,0.0,-0.003333333181217313,1,-0.003333333181217313
,academy_3_vs_1_with_keeper,123,collect_rollout,2840,0,18,-0.009999999543651938,False,False,0.0,0.0,0,0,0,0.0,0.0,0.0,0.0,-0.009999999543651938,1,-0.009999999543651938
,academy_3_vs_1_with_keeper,123,collect_rollout,2841,0,13,-0.006666666362434626,False,False,0.0,0.0,0,0,0,0.0,0.0,0.0,0.0,-0.006666666362434626,1,-0.006666666362434626
,academy_3_vs_1_with_keeper,123,collect_rollout,2842,0,10,0.031172718852758408,False,False,0.0,0.0,0,0,0,0.0,0.0,0.0,0.0,0.031172718852758408,1,0.031172718852758408
,academy_3_vs_1_with_keeper,123,collect_rollout,2843,0,11,0.022216581972315907,False,False,0.0,0.0,0,0,0,0.0,0.0,0.0,0.0,0.022216581972315907,1,0.022216581972315907
,academy_3_vs_1_with_keeper,123,collect_rollout,2844,0,20,-0.006666666362434626,False,False,0.0,0.0,0,0,0,0.0,0.0,0.0,0.0,-0.006666666362434626,1,-0.006666666362434626
,academy_3_vs_1_with_keeper,123,collect_rollout,2845,0,13,-0.006666666362434626,False,False,0.0,0.0,0,0,0,0.0,0.0,0.0,0.0,-0.006666666362434626,1,-0.006666666362434626
,academy_3_vs_1_with_keeper,123,collect_rollout,2846,0,17,-0.006666666362434626,False,False,0.0,0.0,0,0,0,0.0,0.0,0.0,0.0,-0.006666666362434626,1,-0.006666666362434626
,academy_3_vs_1_with_keeper,123,collect_rollout,2847,0,22,2.138330245623365,False,False,0.0,0.0,0,0,0,0.0,0.0,0.0,0.0,2.138330245623365,1,2.138330245623365
,academy_3_vs_1_with_keeper,123,collect_rollout,2848,0,28,2.140289631090127,False,False,0.0,0.0,0,0,0,0.0,0.0,0.0,0.0,2.140289631090127,1,2.140289631090127
,academy_3_vs_1_with_keeper,123,collect_rollout,2849,0,17,0.013051178073510528,False,False,0.0,0.0,0,0,0,0.0,0.0,0.0,0.0,0.013051178073510528,1,0.013051178073510528
,academy_3_vs_1_with_keeper,123,collect_rollout,2850,0,36,2.12789134029299,False,False,0.0,0.0,0,0,0,0.0,0.0,0.0,0.0,2.12789134029299,1,2.12789134029299
,academy_3_vs_1_with_keeper,123,collect_rollout,2851,0,17,-0.006666666362434626,False,False,0.0,0.0,0,0,0,0.0,0.0,0.0,0.0,-0.006666666362434626,1,-0.006666666362434626
,academy_3_vs_1_with_keeper,123,collect_rollout,2852,0,18,-0.013333332724869251,False,False,0.0,0.0,0,0,0,0.0,0.0,0.0,0.0,-0.013333332724869251,1,-0.013333332724869251
,academy_3_vs_1_with_keeper,123,collect_rollout,2853,0,22,-0.003333333181217313,False,False,0.0,0.0,0,0,0,0.0,0.0,0.0,0.0,-0.003333333181217313,1,-0.003333333181217313
,academy_3_vs_1_with_keeper,123,collect_rollout,2854,0,24,2.1253476986894384,False,False,0.0,0.0,0,0,0,0.0,0.0,0.0,0.0,2.1253476986894384,1,2.1253476986894384
,academy_3_vs_1_with_keeper,123,collect_rollout,2855,0,21,-0.006666666362434626,False,False,0.0,0.0,0,0,0,0.0,0.0,0.0,0.0,-0.006666666362434626,1,-0.006666666362434626
,academy_3_vs_1_with_keeper,123,collect_rollout,2856,0,18,-0.003333333181217313,False,False,0.0,0.0,0,0,0,0.0,0.0,0.0,0.0,-0.003333333181217313,1,-0.003333333181217313
,academy_3_vs_1_with_keeper,123,collect_rollout,2857,0,18,-0.009999999543651938,False,False,0.0,0.0,0,0,0,0.0,0.0,0.0,0.0,-0.009999999543651938,1,-0.009999999543651938
,academy_3_vs_1_with_keeper,123,collect_rollout,2858,0,19,-0.003333333181217313,False,False,0.0,0.0,0,0,0,0.0,0.0,0.0,0.0,-0.003333333181217313,1,-0.003333333181217313
,academy_3_vs_1_with_keeper,123,collect_rollout,2859,0,6,0.03795561590231955,False,False,0.0,0.0,0,0,0,0.0,0.0,0.0,0.0,0.03795561590231955,1,0.03795561590231955
,academy_3_vs_1_with_keeper,123,collect_rollout,2860,0,37,2.116986386012286,False,False,0.0,0.0,0,0,0,0.0,0.0,0.0,0.0,2.116986386012286,1,2.116986386012286
,academy_3_vs_1_with_keeper,123,collect_rollout,2861,0,16,-0.006666666362434626,False,False,0.0,0.0,0,0,0,0.0,0.0,0.0,0.0,-0.006666666362434626,1,-0.006666666362434626
,academy_3_vs_1_with_keeper,123,collect_rollout,2862,0,17,-0.006666666362434626,False,False,0.0,0.0,0,0,0,0.0,0.0,0.0,0.0,-0.006666666362434626,1,-0.006666666362434626
,academy_3_vs_1_with_keeper,123,collect_rollout,2863,0,16,-0.013333332724869251,False,False,0.0,0.0,0,0,0,0.0,0.0,0.0,0.0,-0.013333332724869251,1,-0.013333332724869251
,academy_3_vs_1_with_keeper,123,collect_rollout,2864,0,21,-0.026666665449738503,False,False,0.0,0.0,0,0,0,0.0,0.0,0.0,0.0,-0.026666665449738503,1,-0.026666665449738503
,academy_3_vs_1_with_keeper,123,collect_rollout,2865,0,14,-0.006666666362434626,False,False,0.0,0.0,0,0,0,0.0,0.0,0.0,0.0,-0.006666666362434626,1,-0.006666666362434626
,academy_3_vs_1_with_keeper,123,collect_rollout,2866,0,10,0.031967491493560374,False,False,0.0,0.0,0,0,0,0.0,0.0,0.0,0.0,0.031967491493560374,1,0.031967491493560374
,academy_3_vs_1_with_keeper,123,collect_rollout,2867,0,19,-0.013333332724869251,False,False,0.0,0.0,0,0,0,0.0,0.0,0.0,0.0,-0.013333332724869251,1,-0.013333332724869251
,academy_3_vs_1_with_keeper,123,collect_rollout,2868,0,10,0.03464194037951529,False,False,0.0,0.0,0,0,0,0.0,0.0,0.0,0.0,0.03464194037951529,1,0.03464194037951529
,academy_3_vs_1_with_keeper,123,collect_rollout,2869,0,32,2.1301993307788507,False,False,0.0,0.0,0,0,0,0.0,0.0,0.0,0.0,2.1301993307788507,1,2.1301993307788507
,academy_3_vs_1_with_keeper,123,collect_rollout,2870,0,21,-0.019999999087303877,False,False,0.0,0.0,0,0,0,0.0,0.0,0.0,0.0,-0.019999999087303877,1,-0.019999999087303877
,academy_3_vs_1_with_keeper,123,collect_rollout,2871,0,20,-0.016666665906086564,False,False,0.0,0.0,0,0,0,0.0,0.0,0.0,0.0,-0.016666665906086564,1,-0.016666665906086564
,academy_3_vs_1_with_keeper,123,collect_rollout,2872,0,21,-0.003333333181217313,False,False,0.0,0.0,0,0,0,0.0,0.0,0.0,0.0,-0.003333333181217313,1,-0.003333333181217313
,academy_3_vs_1_with_keeper,123,collect_rollout,2873,0,8,0.02511253033298999,False,False,0.0,0.0,0,0,0,0.0,0.0,0.0,0.0,0.02511253033298999,1,0.02511253033298999
,academy_3_vs_1_with_keeper,123,collect_rollout,2874,0,45,0.05172857374418527,False,False,0.0,0.0,0,0,0,0.0,0.0,0.0,0.0,0.05172857374418527,1,0.05172857374418527
,academy_3_vs_1_with_keeper,123,collect_rollout,2875,0,22,2.1297624895814806,False,False,0.0,0.0,0,0,0,0.0,0.0,0.0,0.0,2.1297624895814806,1,2.1297624895814806
,academy_3_vs_1_with_keeper,123,collect_rollout,2876,0,17,-0.009999999543651938,False,False,0.0,0.0,0,0,0,0.0,0.0,0.0,0.0,-0.009999999543651938,1,-0.009999999543651938
,academy_3_vs_1_with_keeper,123,collect_rollout,2877,0,14,-0.009999999543651938,False,False,0.0,0.0,0,0,0,0.0,0.0,0.0,0.0,-0.009999999543651938,1,-0.009999999543651938
,academy_3_vs_1_with_keeper,123,collect_rollout,2878,0,19,0.0,False,False,0.0,0.0,0,0,0,0.0,0.0,0.0,0.0,0.0,1,0.0
,academy_3_vs_1_with_keeper,123,collect_rollout,2879,0,16,-0.003333333181217313,False,False,0.0,0.0,0,0,0,0.0,0.0,0.0,0.0,-0.003333333181217313,1,-0.003333333181217313
,academy_3_vs_1_with_keeper,123,collect_rollout,2880,0,40,2.1155747894663364,False,False,0.0,0.0,0,0,0,0.0,0.0,0.0,0.0,2.1155747894663364,1,2.1155747894663364
,academy_3_vs_1_with_keeper,123,collect_rollout,2881,0,22,-0.026666665449738503,False,False,0.0,0.0,0,0,0,0.0,0.0,0.0,0.0,-0.026666665449738503,1,-0.026666665449738503
,academy_3_vs_1_with_keeper,123,collect_rollout,2882,0,8,0.03536612633615732,False,False,0.0,0.0,0,0,0,0.0,0.0,0.0,0.0,0.03536612633615732,1,0.03536612633615732
,academy_3_vs_1_with_keeper,123,collect_rollout,2883,0,26,0.10794821963645518,False,False,0.0,0.0,0,0,0,0.0,0.0,0.0,0.0,0.10794821963645518,1,0.10794821963645518
,academy_3_vs_1_with_keeper,123,collect_rollout,2884,0,20,-0.009999999543651938,False,False,0.0,0.0,0,0,0,0.0,0.0,0.0,0.0,-0.009999999543651938,1,-0.009999999543651938
,academy_3_vs_1_with_keeper,123,collect_rollout,2885,0,90,-0.2622710467549041,False,False,0.0,0.0,0,0,0,0.0,0.0,0.0,0.0,-0.2622710467549041,1,-0.2622710467549041
,academy_3_vs_1_with_keeper,123,collect_rollout,2886,0,22,-0.006666666362434626,False,False,0.0,0.0,0,0,0,0.0,0.0,0.0,0.0,-0.006666666362434626,1,-0.006666666362434626
,academy_3_vs_1_with_keeper,123,collect_rollout,2887,0,20,-0.013333332724869251,False,False,0.0,0.0,0,0,0,0.0,0.0,0.0,0.0,-0.013333332724869251,1,-0.013333332724869251
,academy_3_vs_1_with_keeper,123,collect_rollout,2888,0,86,0.02812407340388745,False,False,0.0,0.0,0,0,0,0.0,0.0,0.0,0.0,0.02812407340388745,1,0.02812407340388745
,academy_3_vs_1_with_keeper,123,collect_rollout,2889,0,14,0.0067733763717114925,False,False,0.0,0.0,0,0,0,0.0,0.0,0.0,0.0,0.0067733763717114925,1,0.0067733763717114925
,academy_3_vs_1_with_keeper,123,collect_rollout,2890,0,9,0.03730793111026287,False,False,0.0,0.0,0,0,0,0.0,0.0,0.0,0.0,0.03730793111026287,1,0.03730793111026287
,academy_3_vs_1_with_keeper,123,collect_rollout,2891,0,18,-0.009999999543651938,False,False,0.0,0.0,0,0,0,0.0,0.0,0.0,0.0,-0.009999999543651938,1,-0.009999999543651938
,academy_3_vs_1_with_keeper,123,collect_rollout,2892,0,25,2.1410572722088546,False,False,0.0,0.0,0,0,0,0.0,0.0,0.0,0.0,2.1410572722088546,1,2.1410572722088546
,academy_3_vs_1_with_keeper,123,collect_rollout,2893,0,19,-0.009999999543651938,False,False,0.0,0.0,0,0,0,0.0,0.0,0.0,0.0,-0.009999999543651938,1,-0.009999999543651938
,academy_3_vs_1_with_keeper,123,collect_rollout,2894,0,15,0.0036840843968093395,False,False,0.0,0.0,0,0,0,0.0,0.0,0.0,0.0,0.0036840843968093395,1,0.0036840843968093395
,academy_3_vs_1_with_keeper,123,collect_rollout,2895,0,39,2.0914494420867413,False,False,0.0,0.0,0,0,0,0.0,0.0,0.0,0.0,2.0914494420867413,1,2.0914494420867413
,academy_3_vs_1_with_keeper,123,collect_rollout,2896,0,48,0.35804813128197566,False,False,0.0,0.0,0,0,0,0.0,0.0,0.0,0.0,0.35804813128197566,1,0.35804813128197566
,academy_3_vs_1_with_keeper,123,collect_rollout,2897,0,21,-0.013333332724869251,False,False,0.0,0.0,0,0,0,0.0,0.0,0.0,0.0,-0.013333332724869251,1,-0.013333332724869251
,academy_3_vs_1_with_keeper,123,collect_rollout,2898,0,22,-0.006666666362434626,False,False,0.0,0.0,0,0,0,0.0,0.0,0.0,0.0,-0.006666666362434626,1,-0.006666666362434626
,academy_3_vs_1_with_keeper,123,collect_rollout,2899,0,22,-0.013333332724869251,False,False,0.0,0.0,0,0,0,0.0,0.0,0.0,0.0,-0.013333332724869251,1,-0.013333332724869251
,academy_3_vs_1_with_keeper,123,collect_rollout,2900,0,87,0.039830617723055184,False,False,0.0,0.0,0,0,0,0.0,0.0,0.0,0.0,0.039830617723055184,1,0.039830617723055184
,academy_3_vs_1_with_keeper,123,collect_rollout,2901,0,17,-0.006666666362434626,False,False,0.0,0.0,0,0,0,0.0,0.0,0.0,0.0,-0.006666666362434626,1,-0.006666666362434626
,academy_3_vs_1_with_keeper,123,collect_rollout,2902,0,38,2.115012635826133,False,False,0.0,0.0,0,0,0,0.0,0.0,0.0,0.0,2.115012635826133,1,2.115012635826133
,academy_3_vs_1_with_keeper,123,collect_rollout,2903,0,12,0.02587344718631357,False,False,0.0,0.0,0,0,0,0.0,0.0,0.0,0.0,0.02587344718631357,1,0.02587344718631357
,academy_3_vs_1_with_keeper,123,collect_rollout,2904,0,22,-0.016666665906086564,False,False,0.0,0.0,0,0,0,0.0,0.0,0.0,0.0,-0.016666665906086564,1,-0.016666665906086564
,academy_3_vs_1_with_keeper,123,collect_rollout,2905,0,18,-0.0018761043902486563,False,False,0.0,0.0,0,0,0,0.0,0.0,0.0,0.0,-0.0018761043902486563,1,-0.0018761043902486563
,academy_3_vs_1_with_keeper,123,collect_rollout,2906,0,13,0.025408255285583436,False,False,0.0,0.0,0,0,0,0.0,0.0,0.0,0.0,0.025408255285583436,1,0.025408255285583436
,academy_3_vs_1_with_keeper,123,collect_rollout,2907,0,7,0.048113801050931215,False,False,0.0,0.0,0,0,0,0.0,0.0,0.0,0.0,0.048113801050931215,1,0.048113801050931215
,academy_3_vs_1_with_keeper,123,collect_rollout,2908,0,22,-0.02999999886378646,False,False,0.0,0.0,0,0,0,0.0,0.0,0.0,0.0,-0.02999999886378646,1,-0.02999999886378646
,academy_3_vs_1_with_keeper,123,collect_rollout,2909,0,18,-0.03333333181217313,False,False,0.0,0.0,0,0,0,0.0,0.0,0.0,0.0,-0.03333333181217313,1,-0.03333333181217313
,academy_3_vs_1_with_keeper,123,collect_rollout,2910,0,87,0.10790816287044436,False,False,0.0,0.0,0,0,0,0.0,0.0,0.0,0.0,0.10790816287044436,1,0.10790816287044436
,academy_3_vs_1_with_keeper,123,collect_rollout,2911,0,26,2.1263618295197375,False,False,0.0,0.0,0,0,0,0.0,0.0,0.0,0.0,2.1263618295197375,1,2.1263618295197375
,academy_3_vs_1_with_keeper,123,collect_rollout,2912,0,15,-0.006666666362434626,False,False,0.0,0.0,0,0,0,0.0,0.0,0.0,0.0,-0.006666666362434626,1,-0.006666666362434626
,academy_3_vs_1_with_keeper,123,collect_rollout,2913,0,33,2.1436532843799796,False,False,0.0,0.0,0,0,0,0.0,0.0,0.0,0.0,2.1436532843799796,1,2.1436532843799796
,academy_3_vs_1_with_keeper,123,collect_rollout,2914,0,20,-0.026666665449738503,False,False,0.0,0.0,0,0,0,0.0,0.0,0.0,0.0,-0.026666665449738503,1,-0.026666665449738503
,academy_3_vs_1_with_keeper,123,collect_rollout,2915,0,21,-0.016666665906086564,False,False,0.0,0.0,0,0,0,0.0,0.0,0.0,0.0,-0.016666665906086564,1,-0.016666665906086564
,academy_3_vs_1_with_keeper,123,collect_rollout,2916,0,36,2.1193393428693525,False,False,0.0,0.0,0,0,0,0.0,0.0,0.0,0.0,2.1193393428693525,1,2.1193393428693525
,academy_3_vs_1_with_keeper,123,collect_rollout,2917,0,46,0.017100560828112066,False,False,0.0,0.0,0,0,0,0.0,0.0,0.0,0.0,0.017100560828112066,1,0.017100560828112066
,academy_3_vs_1_with_keeper,123,collect_rollout,2918,0,8,0.02844990824814886,False,False,0.0,0.0,0,0,0,0.0,0.0,0.0,0.0,0.02844990824814886,1,0.02844990824814886
,academy_3_vs_1_with_keeper,123,collect_rollout,2919,0,19,-0.006666666362434626,False,False,0.0,0.0,0,0,0,0.0,0.0,0.0,0.0,-0.006666666362434626,1,-0.006666666362434626
,academy_3_vs_1_with_keeper,123,collect_rollout,2920,0,20,-0.02333333226852119,False,False,0.0,0.0,0,0,0,0.0,0.0,0.0,0.0,-0.02333333226852119,1,-0.02333333226852119
,academy_3_vs_1_with_keeper,123,collect_rollout,2921,0,41,0.07490066584432498,False,False,0.0,0.0,0,0,0,0.0,0.0,0.0,0.0,0.07490066584432498,1,0.07490066584432498
,academy_3_vs_1_with_keeper,123,collect_rollout,2922,0,16,0.0,False,False,0.0,0.0,0,0,0,0.0,0.0,0.0,0.0,0.0,1,0.0
,academy_3_vs_1_with_keeper,123,collect_rollout,2923,0,22,-0.009999999543651938,False,False,0.0,0.0,0,0,0,0.0,0.0,0.0,0.0,-0.009999999543651938,1,-0.009999999543651938
,academy_3_vs_1_with_keeper,123,collect_rollout,2924,0,20,-0.013333332724869251,False,False,0.0,0.0,0,0,0,0.0,0.0,0.0,0.0,-0.013333332724869251,1,-0.013333332724869251
,academy_3_vs_1_with_keeper,123,collect_rollout,2925,0,23,-0.016666665906086564,False,False,0.0,0.0,0,0,0,0.0,0.0,0.0,0.0,-0.016666665906086564,1,-0.016666665906086564
,academy_3_vs_1_with_keeper,123,collect_rollout,2926,0,83,0.18696084839757532,False,False,0.0,0.0,0,0,0,0.0,0.0,0.0,0.0,0.18696084839757532,1,0.18696084839757532
,academy_3_vs_1_with_keeper,123,collect_rollout,2927,0,17,-0.013333332724869251,False,False,0.0,0.0,0,0,0,0.0,0.0,0.0,0.0,-0.013333332724869251,1,-0.013333332724869251
,academy_3_vs_1_with_keeper,123,collect_rollout,2928,0,33,2.138396982452832,False,False,0.0,0.0,0,0,0,0.0,0.0,0.0,0.0,2.138396982452832,1,2.138396982452832
,academy_3_vs_1_with_keeper,123,collect_rollout,2929,0,140,-0.09659215051215142,False,False,0.0,0.0,0,0,0,0.0,0.0,0.0,0.0,-0.09659215051215142,1,-0.09659215051215142
,academy_3_vs_1_with_keeper,123,collect_rollout,2930,0,20,-0.016666665906086564,False,False,0.0,0.0,0,0,0,0.0,0.0,0.0,0.0,-0.016666665906086564,1,-0.016666665906086564
,academy_3_vs_1_with_keeper,123,collect_rollout,2931,0,21,-0.016666665906086564,False,False,0.0,0.0,0,0,0,0.0,0.0,0.0,0.0,-0.016666665906086564,1,-0.016666665906086564
,academy_3_vs_1_with_keeper,123,collect_rollout,2932,0,24,-0.009999999543651938,False,False,0.0,0.0,0,0,0,0.0,0.0,0.0,0.0,-0.009999999543651938,1,-0.009999999543651938
,academy_3_vs_1_with_keeper,123,collect_rollout,2933,0,18,0.0,False,False,0.0,0.0,0,0,0,0.0,0.0,0.0,0.0,0.0,1,0.0
,academy_3_vs_1_with_keeper,123,collect_rollout,2934,0,23,2.136599315213971,False,False,0.0,0.0,0,0,0,0.0,0.0,0.0,0.0,2.136599315213971,1,2.136599315213971
,academy_3_vs_1_with_keeper,123,collect_rollout,2935,0,86,-0.01654765201965347,False,False,0.0,0.0,0,0,0,0.0,0.0,0.0,0.0,-0.01654765201965347,1,-0.01654765201965347
,academy_3_vs_1_with_keeper,123,collect_rollout,2936,0,17,-0.009999999543651938,False,False,0.0,0.0,0,0,0,0.0,0.0,0.0,0.0,-0.009999999543651938,1,-0.009999999543651938
,academy_3_vs_1_with_keeper,123,collect_rollout,2937,0,22,-0.006666666362434626,False,False,0.0,0.0,0,0,0,0.0,0.0,0.0,0.0,-0.006666666362434626,1,-0.006666666362434626
,academy_3_vs_1_with_keeper,123,collect_rollout,2938,0,17,-0.003333333181217313,False,False,0.0,0.0,0,0,0,0.0,0.0,0.0,0.0,-0.003333333181217313,1,-0.003333333181217313
,academy_3_vs_1_with_keeper,123,collect_rollout,2939,0,16,-0.006666666362434626,False,False,0.0,0.0,0,0,0,0.0,0.0,0.0,0.0,-0.006666666362434626,1,-0.006666666362434626
,academy_3_vs_1_with_keeper,123,collect_rollout,2940,0,19,-0.013333332724869251,False,False,0.0,0.0,0,0,0,0.0,0.0,0.0,0.0,-0.013333332724869251,1,-0.013333332724869251
,academy_3_vs_1_with_keeper,123,collect_rollout,2941,0,49,0.013459875655826181,False,False,0.0,0.0,0,0,0,0.0,0.0,0.0,0.0,0.013459875655826181,1,0.013459875655826181
,academy_3_vs_1_with_keeper,123,collect_rollout,2942,0,18,0.0,False,False,0.0,0.0,0,0,0,0.0,0.0,0.0,0.0,0.0,1,0.0
,academy_3_vs_1_with_keeper,123,collect_rollout,2943,0,12,0.009454644285142422,False,False,0.0,0.0,0,0,0,0.0,0.0,0.0,0.0,0.009454644285142422,1,0.009454644285142422
,academy_3_vs_1_with_keeper,123,collect_rollout,2944,0,19,0.0,False,False,0.0,0.0,0,0,0,0.0,0.0,0.0,0.0,0.0,1,0.0
,academy_3_vs_1_with_keeper,123,collect_rollout,2945,0,17,-0.009999999543651938,False,False,0.0,0.0,0,0,0,0.0,0.0,0.0,0.0,-0.009999999543651938,1,-0.009999999543651938
,academy_3_vs_1_with_keeper,123,collect_rollout,2946,0,8,0.05382354557514191,False,False,0.0,0.0,0,0,0,0.0,0.0,0.0,0.0,0.05382354557514191,1,0.05382354557514191
,academy_3_vs_1_with_keeper,123,collect_rollout,2947,0,38,2.111509750597179,False,False,0.0,0.0,0,0,0,0.0,0.0,0.0,0.0,2.111509750597179,1,2.111509750597179
,academy_3_vs_1_with_keeper,123,collect_rollout,2948,0,9,0.03576426871586591,False,False,0.0,0.0,0,0,0,0.0,0.0,0.0,0.0,0.03576426871586591,1,0.03576426871586591
,academy_3_vs_1_with_keeper,123,collect_rollout,2949,0,30,2.1267484233831055,False,False,0.0,0.0,0,0,0,0.0,0.0,0.0,0.0,2.1267484233831055,1,2.1267484233831055
,academy_3_vs_1_with_keeper,123,collect_rollout,2950,0,15,-0.003333333181217313,False,False,0.0,0.0,0,0,0,0.0,0.0,0.0,0.0,-0.003333333181217313,1,-0.003333333181217313
,academy_3_vs_1_with_keeper,123,collect_rollout,2951,0,18,-0.006666666362434626,False,False,0.0,0.0,0,0,0,0.0,0.0,0.0,0.0,-0.006666666362434626,1,-0.006666666362434626
,academy_3_vs_1_with_keeper,123,collect_rollout,2952,0,17,-0.006666666362434626,False,False,0.0,0.0,0,0,0,0.0,0.0,0.0,0.0,-0.006666666362434626,1,-0.006666666362434626
,academy_3_vs_1_with_keeper,123,collect_rollout,2953,0,24,-0.013333332724869251,False,False,0.0,0.0,0,0,0,0.0,0.0,0.0,0.0,-0.013333332724869251,1,-0.013333332724869251
,academy_3_vs_1_with_keeper,123,collect_rollout,2954,0,19,-0.006666666362434626,False,False,0.0,0.0,0,0,0,0.0,0.0,0.0,0.0,-0.006666666362434626,1,-0.006666666362434626
,academy_3_vs_1_with_keeper,123,collect_rollout,2955,0,14,0.0,False,False,0.0,0.0,0,0,0,0.0,0.0,0.0,0.0,0.0,1,0.0
,academy_3_vs_1_with_keeper,123,collect_rollout,2956,0,30,0.10384059674106538,False,False,0.0,0.0,0,0,0,0.0,0.0,0.0,0.0,0.10384059674106538,1,0.10384059674106538
,academy_3_vs_1_with_keeper,123,collect_rollout,2957,0,40,0.35696273762732744,False,False,0.0,0.0,0,0,0,0.0,0.0,0.0,0.0,0.35696273762732744,1,0.35696273762732744
,academy_3_vs_1_with_keeper,123,collect_rollout,2958,0,16,0.0,False,False,0.0,0.0,0,0,0,0.0,0.0,0.0,0.0,0.0,1,0.0
,academy_3_vs_1_with_keeper,123,collect_rollout,2959,0,26,2.1302297370275483,False,False,0.0,0.0,0,0,0,0.0,0.0,0.0,0.0,2.1302297370275483,1,2.1302297370275483
,academy_3_vs_1_with_keeper,123,collect_rollout,2960,0,10,0.02931797201745212,False,False,0.0,0.0,0,0,0,0.0,0.0,0.0,0.0,0.02931797201745212,1,0.02931797201745212
,academy_3_vs_1_with_keeper,123,collect_rollout,2961,0,21,-0.006666666362434626,False,False,0.0,0.0,0,0,0,0.0,0.0,0.0,0.0,-0.006666666362434626,1,-0.006666666362434626
,academy_3_vs_1_with_keeper,123,collect_rollout,2962,0,17,-0.003333333181217313,False,False,0.0,0.0,0,0,0,0.0,0.0,0.0,0.0,-0.003333333181217313,1,-0.003333333181217313
,academy_3_vs_1_with_keeper,123,collect_rollout,2963,0,14,0.029335329309105873,False,False,0.0,0.0,0,0,0,0.0,0.0,0.0,0.0,0.029335329309105873,1,0.029335329309105873
,academy_3_vs_1_with_keeper,123,collect_rollout,2964,0,9,0.03013790864497423,False,False,0.0,0.0,0,0,0,0.0,0.0,0.0,0.0,0.03013790864497423,1,0.03013790864497423
,academy_3_vs_1_with_keeper,123,collect_rollout,2965,0,11,0.009795850841328502,False,False,0.0,0.0,0,0,0,0.0,0.0,0.0,0.0,0.009795850841328502,1,0.009795850841328502
,academy_3_vs_1_with_keeper,123,collect_rollout,2966,0,21,-0.009999999543651938,False,False,0.0,0.0,0,0,0,0.0,0.0,0.0,0.0,-0.009999999543651938,1,-0.009999999543651938
,academy_3_vs_1_with_keeper,123,collect_rollout,2967,0,11,0.017226326745003462,False,False,0.0,0.0,0,0,0,0.0,0.0,0.0,0.0,0.017226326745003462,1,0.017226326745003462
,academy_3_vs_1_with_keeper,123,collect_rollout,2968,0,15,-0.003333333181217313,False,False,0.0,0.0,0,0,0,0.0,0.0,0.0,0.0,-0.003333333181217313,1,-0.003333333181217313
,academy_3_vs_1_with_keeper,123,collect_rollout,2969,0,15,0.01586807845160365,False,False,0.0,0.0,0,0,0,0.0,0.0,0.0,0.0,0.01586807845160365,1,0.01586807845160365
,academy_3_vs_1_with_keeper,123,collect_rollout,2970,0,76,1.8880180070409551,False,False,0.0,0.0,0,0,0,0.0,0.0,0.0,0.0,1.8880180070409551,1,1.8880180070409551
,academy_3_vs_1_with_keeper,123,collect_rollout,2971,0,20,-0.009999999543651938,False,False,0.0,0.0,0,0,0,0.0,0.0,0.0,0.0,-0.009999999543651938,1,-0.009999999543651938
,academy_3_vs_1_with_keeper,123,collect_rollout,2972,0,40,2.090198552265065,False,False,0.0,0.0,0,0,0,0.0,0.0,0.0,0.0,2.090198552265065,1,2.090198552265065
,academy_3_vs_1_with_keeper,123,collect_rollout,2973,0,19,-0.013333332724869251,False,False,0.0,0.0,0,0,0,0.0,0.0,0.0,0.0,-0.013333332724869251,1,-0.013333332724869251
,academy_3_vs_1_with_keeper,123,collect_rollout,2974,0,107,0.024717093678191304,False,False,0.0,0.0,0,0,0,0.0,0.0,0.0,0.0,0.024717093678191304,1,0.024717093678191304
,academy_3_vs_1_with_keeper,123,collect_rollout,2975,0,34,2.119740485912189,False,False,0.0,0.0,0,0,0,0.0,0.0,0.0,0.0,2.119740485912189,1,2.119740485912189
,academy_3_vs_1_with_keeper,123,collect_rollout,2976,0,47,0.0442851975094527,False,False,0.0,0.0,0,0,0,0.0,0.0,0.0,0.0,0.0442851975094527,1,0.0442851975094527
,academy_3_vs_1_with_keeper,123,collect_rollout,2977,0,17,-0.003333333181217313,False,False,0.0,0.0,0,0,0,0.0,0.0,0.0,0.0,-0.003333333181217313,1,-0.003333333181217313
,academy_3_vs_1_with_keeper,123,collect_rollout,2978,0,16,-0.009999999543651938,False,False,0.0,0.0,0,0,0,0.0,0.0,0.0,0.0,-0.009999999543651938,1,-0.009999999543651938
,academy_3_vs_1_with_keeper,123,collect_rollout,2979,0,35,0.2562002587073948,False,False,0.0,0.0,0,0,0,0.0,0.0,0.0,0.0,0.2562002587073948,1,0.2562002587073948
,academy_3_vs_1_with_keeper,123,collect_rollout,2980,0,21,-0.003333333181217313,False,False,0.0,0.0,0,0,0,0.0,0.0,0.0,0.0,-0.003333333181217313,1,-0.003333333181217313
,academy_3_vs_1_with_keeper,123,collect_rollout,2981,0,19,-0.003333333181217313,False,False,0.0,0.0,0,0,0,0.0,0.0,0.0,0.0,-0.003333333181217313,1,-0.003333333181217313
,academy_3_vs_1_with_keeper,123,collect_rollout,2982,0,14,-0.006666666362434626,False,False,0.0,0.0,0,0,0,0.0,0.0,0.0,0.0,-0.006666666362434626,1,-0.006666666362434626
,academy_3_vs_1_with_keeper,123,collect_rollout,2983,0,20,-0.009999999543651938,False,False,0.0,0.0,0,0,0,0.0,0.0,0.0,0.0,-0.009999999543651938,1,-0.009999999543651938
,academy_3_vs_1_with_keeper,123,collect_rollout,2984,0,22,-0.003333333181217313,False,False,0.0,0.0,0,0,0,0.0,0.0,0.0,0.0,-0.003333333181217313,1,-0.003333333181217313
,academy_3_vs_1_with_keeper,123,collect_rollout,2985,0,21,-0.009999999543651938,False,False,0.0,0.0,0,0,0,0.0,0.0,0.0,0.0,-0.009999999543651938,1,-0.009999999543651938
,academy_3_vs_1_with_keeper,123,collect_rollout,2986,0,20,-0.013333332724869251,False,False,0.0,0.0,0,0,0,0.0,0.0,0.0,0.0,-0.013333332724869251,1,-0.013333332724869251
,academy_3_vs_1_with_keeper,123,collect_rollout,2987,0,18,0.0,False,False,0.0,0.0,0,0,0,0.0,0.0,0.0,0.0,0.0,1,0.0
,academy_3_vs_1_with_keeper,123,collect_rollout,2988,0,88,0.08128285105340183,False,False,0.0,0.0,0,0,0,0.0,0.0,0.0,0.0,0.08128285105340183,1,0.08128285105340183
,academy_3_vs_1_with_keeper,123,collect_rollout,2989,0,32,0.1172653361754783,False,False,0.0,0.0,0,0,0,0.0,0.0,0.0,0.0,0.1172653361754783,1,0.1172653361754783
,academy_3_vs_1_with_keeper,123,collect_rollout,2990,0,17,-0.006666666362434626,False,False,0.0,0.0,0,0,0,0.0,0.0,0.0,0.0,-0.006666666362434626,1,-0.006666666362434626
,academy_3_vs_1_with_keeper,123,collect_rollout,2991,0,41,2.122636279789731,False,False,0.0,0.0,0,0,0,0.0,0.0,0.0,0.0,2.122636279789731,1,2.122636279789731
,academy_3_vs_1_with_keeper,123,collect_rollout,2992,0,25,2.1341875264188275,False,False,0.0,0.0,0,0,0,0.0,0.0,0.0,0.0,2.1341875264188275,1,2.1341875264188275
,academy_3_vs_1_with_keeper,123,collect_rollout,2993,0,19,-0.003333333181217313,False,False,0.0,0.0,0,0,0,0.0,0.0,0.0,0.0,-0.003333333181217313,1,-0.003333333181217313
,academy_3_vs_1_with_keeper,123,collect_rollout,2994,0,83,0.13349853636464104,False,False,0.0,0.0,0,0,0,0.0,0.0,0.0,0.0,0.13349853636464104,1,0.13349853636464104
,academy_3_vs_1_with_keeper,123,collect_rollout,2995,0,33,0.0681412472622469,False,False,0.0,0.0,0,0,0,0.0,0.0,0.0,0.0,0.0681412472622469,1,0.0681412472622469
,academy_3_vs_1_with_keeper,123,collect_rollout,2996,0,19,-0.003333333181217313,False,False,0.0,0.0,0,0,0,0.0,0.0,0.0,0.0,-0.003333333181217313,1,-0.003333333181217313
,academy_3_vs_1_with_keeper,123,collect_rollout,2997,0,20,-0.003333333181217313,False,False,0.0,0.0,0,0,0,0.0,0.0,0.0,0.0,-0.003333333181217313,1,-0.003333333181217313
,academy_3_vs_1_with_keeper,123,collect_rollout,2998,0,15,-0.016666665906086564,False,False,0.0,0.0,0,0,0,0.0,0.0,0.0,0.0,-0.016666665906086564,1,-0.016666665906086564
,academy_3_vs_1_with_keeper,123,collect_rollout,2999,0,11,0.028869232744909823,False,False,0.0,0.0,0,0,0,0.0,0.0,0.0,0.0,0.028869232744909823,1,0.028869232744909823
,academy_3_vs_1_with_keeper,123,collect_rollout,3000,0,20,0.0,False,False,0.0,0.0,0,0,0,0.0,0.0,0.0,0.0,0.0,1,0.0
,academy_3_vs_1_with_keeper,123,collect_rollout,3001,0,21,-0.009999999543651938,False,False,0.0,0.0,0,0,0,0.0,0.0,0.0,0.0,-0.009999999543651938,1,-0.009999999543651938
,academy_3_vs_1_with_keeper,123,collect_rollout,3002,0,12,0.020282159908674657,False,False,0.0,0.0,0,0,0,0.0,0.0,0.0,0.0,0.020282159908674657,1,0.020282159908674657
,academy_3_vs_1_with_keeper,123,collect_rollout,3003,0,19,-0.009999999543651938,False,False,0.0,0.0,0,0,0,0.0,0.0,0.0,0.0,-0.009999999543651938,1,-0.009999999543651938
,academy_3_vs_1_with_keeper,123,collect_rollout,3004,0,23,-0.003333333181217313,False,False,0.0,0.0,0,0,0,0.0,0.0,0.0,0.0,-0.003333333181217313,1,-0.003333333181217313
,academy_3_vs_1_with_keeper,123,collect_rollout,3005,0,22,-0.006666666362434626,False,False,0.0,0.0,0,0,0,0.0,0.0,0.0,0.0,-0.006666666362434626,1,-0.006666666362434626
,academy_3_vs_1_with_keeper,123,collect_rollout,3006,0,19,-0.009999999543651938,False,False,0.0,0.0,0,0,0,0.0,0.0,0.0,0.0,-0.009999999543651938,1,-0.009999999543651938
,academy_3_vs_1_with_keeper,123,collect_rollout,3007,0,30,2.1433214627904817,False,False,0.0,0.0,0,0,0,0.0,0.0,0.0,0.0,2.1433214627904817,1,2.1433214627904817
,academy_3_vs_1_with_keeper,123,collect_rollout,3008,0,40,2.0776895326562226,False,False,0.0,0.0,0,0,0,0.0,0.0,0.0,0.0,2.0776895326562226,1,2.0776895326562226
,academy_3_vs_1_with_keeper,123,collect_rollout,3009,0,22,-0.006666666362434626,False,False,0.0,0.0,0,0,0,0.0,0.0,0.0,0.0,-0.006666666362434626,1,-0.006666666362434626
,academy_3_vs_1_with_keeper,123,collect_rollout,3010,0,19,-0.0031910010147839785,False,False,0.0,0.0,0,0,0,0.0,0.0,0.0,0.0,-0.0031910010147839785,1,-0.0031910010147839785
,academy_3_vs_1_with_keeper,123,collect_rollout,3011,0,35,2.128284400794655,False,False,0.0,0.0,0,0,0,0.0,0.0,0.0,0.0,2.128284400794655,1,2.128284400794655
,academy_3_vs_1_with_keeper,123,collect_rollout,3012,0,26,2.142521109082736,False,False,0.0,0.0,0,0,0,0.0,0.0,0.0,0.0,2.142521109082736,1,2.142521109082736
,academy_3_vs_1_with_keeper,123,collect_rollout,3013,0,30,2.1263001766055822,False,False,0.0,0.0,0,0,0,0.0,0.0,0.0,0.0,2.1263001766055822,1,2.1263001766055822
,academy_3_vs_1_with_keeper,123,collect_rollout,3014,0,13,0.03006548760458827,False,False,0.0,0.0,0,0,0,0.0,0.0,0.0,0.0,0.03006548760458827,1,0.03006548760458827
,academy_3_vs_1_with_keeper,123,collect_rollout,3015,0,31,2.13621002365835,False,False,0.0,0.0,0,0,0,0.0,0.0,0.0,0.0,2.13621002365835,1,2.13621002365835
,academy_3_vs_1_with_keeper,123,collect_rollout,3016,0,19,-0.009999999543651938,False,False,0.0,0.0,0,0,0,0.0,0.0,0.0,0.0,-0.009999999543651938,1,-0.009999999543651938
,academy_3_vs_1_with_keeper,123,collect_rollout,3017,0,20,-0.003333333181217313,False,False,0.0,0.0,0,0,0,0.0,0.0,0.0,0.0,-0.003333333181217313,1,-0.003333333181217313
,academy_3_vs_1_with_keeper,123,collect_rollout,3018,0,22,-0.016666665906086564,False,False,0.0,0.0,0,0,0,0.0,0.0,0.0,0.0,-0.016666665906086564,1,-0.016666665906086564
,academy_3_vs_1_with_keeper,123,collect_rollout,3019,0,10,0.0427511902526021,False,False,0.0,0.0,0,0,0,0.0,0.0,0.0,0.0,0.0427511902526021,1,0.0427511902526021
,academy_3_vs_1_with_keeper,123,collect_rollout,3020,0,19,-0.003333333181217313,False,False,0.0,0.0,0,0,0,0.0,0.0,0.0,0.0,-0.003333333181217313,1,-0.003333333181217313
,academy_3_vs_1_with_keeper,123,collect_rollout,3021,0,23,-0.009999999543651938,False,False,0.0,0.0,0,0,0,0.0,0.0,0.0,0.0,-0.009999999543651938,1,-0.009999999543651938
,academy_3_vs_1_with_keeper,123,collect_rollout,3022,0,20,-0.006666666362434626,False,False,0.0,0.0,0,0,0,0.0,0.0,0.0,0.0,-0.006666666362434626,1,-0.006666666362434626
,academy_3_vs_1_with_keeper,123,collect_rollout,3023,0,20,-0.006666666362434626,False,False,0.0,0.0,0,0,0,0.0,0.0,0.0,0.0,-0.006666666362434626,1,-0.006666666362434626
,academy_3_vs_1_with_keeper,123,collect_rollout,3024,0,19,0.0,False,False,0.0,0.0,0,0,0,0.0,0.0,0.0,0.0,0.0,1,0.0
,academy_3_vs_1_with_keeper,123,collect_rollout,3025,0,17,-0.003333333181217313,False,False,0.0,0.0,0,0,0,0.0,0.0,0.0,0.0,-0.003333333181217313,1,-0.003333333181217313
,academy_3_vs_1_with_keeper,123,collect_rollout,3026,0,18,-0.003333333181217313,False,False,0.0,0.0,0,0,0,0.0,0.0,0.0,0.0,-0.003333333181217313,1,-0.003333333181217313
,academy_3_vs_1_with_keeper,123,collect_rollout,3027,0,21,-0.003333333181217313,False,False,0.0,0.0,0,0,0,0.0,0.0,0.0,0.0,-0.003333333181217313,1,-0.003333333181217313
,academy_3_vs_1_with_keeper,123,collect_rollout,3028,0,7,0.039206126471981406,False,False,0.0,0.0,0,0,0,0.0,0.0,0.0,0.0,0.039206126471981406,1,0.039206126471981406
,academy_3_vs_1_with_keeper,123,collect_rollout,3029,0,25,2.10887876781635,False,False,0.0,0.0,0,0,0,0.0,0.0,0.0,0.0,2.10887876781635,1,2.10887876781635
,academy_3_vs_1_with_keeper,123,collect_rollout,3030,0,12,0.02125747862737626,False,False,0.0,0.0,0,0,0,0.0,0.0,0.0,0.0,0.02125747862737626,1,0.02125747862737626
,academy_3_vs_1_with_keeper,123,collect_rollout,3031,0,16,0.0,False,False,0.0,0.0,0,0,0,0.0,0.0,0.0,0.0,0.0,1,0.0
,academy_3_vs_1_with_keeper,123,collect_rollout,3032,0,52,2.1056553201633506,False,False,0.0,0.0,0,0,0,0.0,0.0,0.0,0.0,2.1056553201633506,1,2.1056553201633506
,academy_3_vs_1_with_keeper,123,collect_rollout,3033,0,91,-0.04999999771825969,False,False,0.0,0.0,0,0,0,0.0,0.0,0.0,0.0,-0.04999999771825969,1,-0.04999999771825969
,academy_3_vs_1_with_keeper,123,collect_rollout,3034,0,12,0.017171934247016907,False,False,0.0,0.0,0,0,0,0.0,0.0,0.0,0.0,0.017171934247016907,1,0.017171934247016907
,academy_3_vs_1_with_keeper,123,collect_rollout,3035,0,22,-0.003333333181217313,False,False,0.0,0.0,0,0,0,0.0,0.0,0.0,0.0,-0.003333333181217313,1,-0.003333333181217313
,academy_3_vs_1_with_keeper,123,collect_rollout,3036,0,1801,-0.38165540457703173,False,False,0.0,0.0,0,0,0,0.0,0.0,0.0,0.0,-0.38165540457703173,1,-0.38165540457703173
,academy_3_vs_1_with_keeper,123,collect_rollout,3037,0,41,0.0883722318103537,False,False,0.0,0.0,0,0,0,0.0,0.0,0.0,0.0,0.0883722318103537,1,0.0883722318103537
,academy_3_vs_1_with_keeper,123,collect_rollout,3038,0,30,2.1518087381264195,False,False,0.0,0.0,0,0,0,0.0,0.0,0.0,0.0,2.1518087381264195,1,2.1518087381264195
,academy_3_vs_1_with_keeper,123,collect_rollout,3039,0,16,-0.006666666362434626,False,False,0.0,0.0,0,0,0,0.0,0.0,0.0,0.0,-0.006666666362434626,1,-0.006666666362434626
,academy_3_vs_1_with_keeper,123,collect_rollout,3040,0,10,0.020686082309111953,False,False,0.0,0.0,0,0,0,0.0,0.0,0.0,0.0,0.020686082309111953,1,0.020686082309111953
,academy_3_vs_1_with_keeper,123,collect_rollout,3041,0,59,2.044489858672023,False,False,0.0,0.0,0,0,0,0.0,0.0,0.0,0.0,2.044489858672023,1,2.044489858672023
,academy_3_vs_1_with_keeper,123,collect_rollout,3042,0,11,0.017626317363465205,False,False,0.0,0.0,0,0,0,0.0,0.0,0.0,0.0,0.017626317363465205,1,0.017626317363465205
,academy_3_vs_1_with_keeper,123,collect_rollout,3043,0,14,0.01354019925929606,False,False,0.0,0.0,0,0,0,0.0,0.0,0.0,0.0,0.01354019925929606,1,0.01354019925929606
,academy_3_vs_1_with_keeper,123,collect_rollout,3044,0,15,-0.006666666362434626,False,False,0.0,0.0,0,0,0,0.0,0.0,0.0,0.0,-0.006666666362434626,1,-0.006666666362434626
,academy_3_vs_1_with_keeper,123,collect_rollout,3045,0,22,-0.013333332724869251,False,False,0.0,0.0,0,0,0,0.0,0.0,0.0,0.0,-0.013333332724869251,1,-0.013333332724869251
,academy_3_vs_1_with_keeper,123,collect_rollout,3046,0,16,0.01970563316717744,False,False,0.0,0.0,0,0,0,0.0,0.0,0.0,0.0,0.01970563316717744,1,0.01970563316717744
,academy_3_vs_1_with_keeper,123,collect_rollout,3047,0,16,-0.003333333181217313,False,False,0.0,0.0,0,0,0,0.0,0.0,0.0,0.0,-0.003333333181217313,1,-0.003333333181217313
,academy_3_vs_1_with_keeper,123,collect_rollout,3048,0,17,-0.009999999543651938,False,False,0.0,0.0,0,0,0,0.0,0.0,0.0,0.0,-0.009999999543651938,1,-0.009999999543651938
,academy_3_vs_1_with_keeper,123,collect_rollout,3049,0,16,-0.006666666362434626,False,False,0.0,0.0,0,0,0,0.0,0.0,0.0,0.0,-0.006666666362434626,1,-0.006666666362434626
,academy_3_vs_1_with_keeper,123,collect_rollout,3050,0,31,2.1339481091999914,False,False,0.0,0.0,0,0,0,0.0,0.0,0.0,0.0,2.1339481091999914,1,2.1339481091999914
,academy_3_vs_1_with_keeper,123,collect_rollout,3051,0,19,-0.003333333181217313,False,False,0.0,0.0,0,0,0,0.0,0.0,0.0,0.0,-0.003333333181217313,1,-0.003333333181217313
,academy_3_vs_1_with_keeper,123,collect_rollout,3052,0,17,-0.003333333181217313,False,False,0.0,0.0,0,0,0,0.0,0.0,0.0,0.0,-0.003333333181217313,1,-0.003333333181217313
,academy_3_vs_1_with_keeper,123,collect_rollout,3053,0,18,0.0,False,False,0.0,0.0,0,0,0,0.0,0.0,0.0,0.0,0.0,1,0.0
,academy_3_vs_1_with_keeper,123,collect_rollout,3054,0,16,0.0,False,False,0.0,0.0,0,0,0,0.0,0.0,0.0,0.0,0.0,1,0.0
,academy_3_vs_1_with_keeper,123,collect_rollout,3055,0,31,0.09433950844686478,False,False,0.0,0.0,0,0,0,0.0,0.0,0.0,0.0,0.09433950844686478,1,0.09433950844686478
,academy_3_vs_1_with_keeper,123,collect_rollout,3056,0,15,-0.003333333181217313,False,False,0.0,0.0,0,0,0,0.0,0.0,0.0,0.0,-0.003333333181217313,1,-0.003333333181217313
,academy_3_vs_1_with_keeper,123,collect_rollout,3057,0,12,0.01668135612271726,False,False,0.0,0.0,0,0,0,0.0,0.0,0.0,0.0,0.01668135612271726,1,0.01668135612271726
,academy_3_vs_1_with_keeper,123,collect_rollout,3058,0,16,-0.003333333181217313,False,False,0.0,0.0,0,0,0,0.0,0.0,0.0,0.0,-0.003333333181217313,1,-0.003333333181217313
,academy_3_vs_1_with_keeper,123,collect_rollout,3059,0,46,2.0860264351940714,False,False,0.0,0.0,0,0,0,0.0,0.0,0.0,0.0,2.0860264351940714,1,2.0860264351940714
,academy_3_vs_1_with_keeper,123,collect_rollout,3060,0,22,-0.013333332724869251,False,False,0.0,0.0,0,0,0,0.0,0.0,0.0,0.0,-0.013333332724869251,1,-0.013333332724869251
,academy_3_vs_1_with_keeper,123,collect_rollout,3061,0,18,-0.009999999543651938,False,False,0.0,0.0,0,0,0,0.0,0.0,0.0,0.0,-0.009999999543651938,1,-0.009999999543651938
,academy_3_vs_1_with_keeper,123,collect_rollout,3062,0,84,0.0939704193151556,False,False,0.0,0.0,0,0,0,0.0,0.0,0.0,0.0,0.0939704193151556,1,0.0939704193151556
,academy_3_vs_1_with_keeper,123,collect_rollout,3063,0,19,-0.013333332724869251,False,False,0.0,0.0,0,0,0,0.0,0.0,0.0,0.0,-0.013333332724869251,1,-0.013333332724869251
,academy_3_vs_1_with_keeper,123,collect_rollout,3064,0,19,0.0,False,False,0.0,0.0,0,0,0,0.0,0.0,0.0,0.0,0.0,1,0.0
,academy_3_vs_1_with_keeper,123,collect_rollout,3065,0,22,-0.003333333181217313,False,False,0.0,0.0,0,0,0,0.0,0.0,0.0,0.0,-0.003333333181217313,1,-0.003333333181217313
,academy_3_vs_1_with_keeper,123,collect_rollout,3066,0,62,0.08463265304453671,False,False,0.0,0.0,0,0,0,0.0,0.0,0.0,0.0,0.08463265304453671,1,0.08463265304453671
,academy_3_vs_1_with_keeper,123,collect_rollout,3067,0,21,-0.013333332724869251,False,False,0.0,0.0,0,0,0,0.0,0.0,0.0,0.0,-0.013333332724869251,1,-0.013333332724869251
,academy_3_vs_1_with_keeper,123,collect_rollout,3068,0,15,0.0,False,False,0.0,0.0,0,0,0,0.0,0.0,0.0,0.0,0.0,1,0.0
,academy_3_vs_1_with_keeper,123,collect_rollout,3069,0,20,-0.003333333181217313,False,False,0.0,0.0,0,0,0,0.0,0.0,0.0,0.0,-0.003333333181217313,1,-0.003333333181217313
,academy_3_vs_1_with_keeper,123,collect_rollout,3070,0,17,-0.003333333181217313,False,False,0.0,0.0,0,0,0,0.0,0.0,0.0,0.0,-0.003333333181217313,1,-0.003333333181217313
,academy_3_vs_1_with_keeper,123,collect_rollout,3071,0,51,0.08426512638106942,False,False,0.0,0.0,0,0,0,0.0,0.0,0.0,0.0,0.08426512638106942,1,0.08426512638106942
,academy_3_vs_1_with_keeper,123,collect_rollout,3072,0,19,-0.006666666362434626,False,False,0.0,0.0,0,0,0,0.0,0.0,0.0,0.0,-0.006666666362434626,1,-0.006666666362434626
,academy_3_vs_1_with_keeper,123,collect_rollout,3073,0,18,-0.009999999543651938,False,False,0.0,0.0,0,0,0,0.0,0.0,0.0,0.0,-0.009999999543651938,1,-0.009999999543651938
,academy_3_vs_1_with_keeper,123,collect_rollout,3074,0,34,-0.047838805825449526,False,False,0.0,0.0,0,0,0,0.0,0.0,0.0,0.0,-0.047838805825449526,1,-0.047838805825449526
,academy_3_vs_1_with_keeper,123,collect_rollout,3075,0,85,0.10820138520284672,False,False,0.0,0.0,0,0,0,0.0,0.0,0.0,0.0,0.10820138520284672,1,0.10820138520284672
,academy_3_vs_1_with_keeper,123,collect_rollout,3076,0,26,2.1311884183669463,False,False,0.0,0.0,0,0,0,0.0,0.0,0.0,0.0,2.1311884183669463,1,2.1311884183669463
,academy_3_vs_1_with_keeper,123,collect_rollout,3077,0,20,-0.003333333181217313,False,False,0.0,0.0,0,0,0,0.0,0.0,0.0,0.0,-0.003333333181217313,1,-0.003333333181217313
,academy_3_vs_1_with_keeper,123,collect_rollout,3078,0,41,0.003466826950898394,False,False,0.0,0.0,0,0,0,0.0,0.0,0.0,0.0,0.003466826950898394,1,0.003466826950898394
,academy_3_vs_1_with_keeper,123,collect_rollout,3079,0,19,-0.003333333181217313,False,False,0.0,0.0,0,0,0,0.0,0.0,0.0,0.0,-0.003333333181217313,1,-0.003333333181217313
,academy_3_vs_1_with_keeper,123,collect_rollout,3080,0,19,-0.013333332724869251,False,False,0.0,0.0,0,0,0,0.0,0.0,0.0,0.0,-0.013333332724869251,1,-0.013333332724869251
,academy_3_vs_1_with_keeper,123,collect_rollout,3081,0,16,-0.006666666362434626,False,False,0.0,0.0,0,0,0,0.0,0.0,0.0,0.0,-0.006666666362434626,1,-0.006666666362434626
,academy_3_vs_1_with_keeper,123,collect_rollout,3082,0,9,0.03547346207778901,False,False,0.0,0.0,0,0,0,0.0,0.0,0.0,0.0,0.03547346207778901,1,0.03547346207778901
,academy_3_vs_1_with_keeper,123,collect_rollout,3083,0,31,2.129013705882244,False,False,0.0,0.0,0,0,0,0.0,0.0,0.0,0.0,2.129013705882244,1,2.129013705882244
,academy_3_vs_1_with_keeper,123,collect_rollout,3084,0,18,0.00400929874740541,False,False,0.0,0.0,0,0,0,0.0,0.0,0.0,0.0,0.00400929874740541,1,0.00400929874740541
,academy_3_vs_1_with_keeper,123,collect_rollout,3085,0,15,-0.003333333181217313,False,False,0.0,0.0,0,0,0,0.0,0.0,0.0,0.0,-0.003333333181217313,1,-0.003333333181217313
,academy_3_vs_1_with_keeper,123,collect_rollout,3086,0,14,-0.006666666362434626,False,False,0.0,0.0,0,0,0,0.0,0.0,0.0,0.0,-0.006666666362434626,1,-0.006666666362434626
,academy_3_vs_1_with_keeper,123,collect_rollout,3087,0,18,-0.009999999543651938,False,False,0.0,0.0,0,0,0,0.0,0.0,0.0,0.0,-0.009999999543651938,1,-0.009999999543651938
,academy_3_vs_1_with_keeper,123,collect_rollout,3088,0,18,-0.013333332724869251,False,False,0.0,0.0,0,0,0,0.0,0.0,0.0,0.0,-0.013333332724869251,1,-0.013333332724869251
,academy_3_vs_1_with_keeper,123,collect_rollout,3089,0,60,2.0242578071774915,False,False,0.0,0.0,0,0,0,0.0,0.0,0.0,0.0,2.0242578071774915,1,2.0242578071774915
,academy_3_vs_1_with_keeper,123,collect_rollout,3090,0,47,0.009717679989989847,False,False,0.0,0.0,0,0,0,0.0,0.0,0.0,0.0,0.009717679989989847,1,0.009717679989989847
,academy_3_vs_1_with_keeper,123,collect_rollout,3091,0,19,-0.009999999543651938,False,False,0.0,0.0,0,0,0,0.0,0.0,0.0,0.0,-0.009999999543651938,1,-0.009999999543651938
,academy_3_vs_1_with_keeper,123,collect_rollout,3092,0,18,0.0,False,False,0.0,0.0,0,0,0,0.0,0.0,0.0,0.0,0.0,1,0.0
,academy_3_vs_1_with_keeper,123,collect_rollout,3093,0,16,0.0,False,False,0.0,0.0,0,0,0,0.0,0.0,0.0,0.0,0.0,1,0.0
,academy_3_vs_1_with_keeper,123,collect_rollout,3094,0,37,2.1237303236848675,False,False,0.0,0.0,0,0,0,0.0,0.0,0.0,0.0,2.1237303236848675,1,2.1237303236848675
,academy_3_vs_1_with_keeper,123,collect_rollout,3095,0,19,-0.009999999543651938,False,False,0.0,0.0,0,0,0,0.0,0.0,0.0,0.0,-0.009999999543651938,1,-0.009999999543651938
,academy_3_vs_1_with_keeper,123,collect_rollout,3096,0,18,0.0,False,False,0.0,0.0,0,0,0,0.0,0.0,0.0,0.0,0.0,1,0.0
,academy_3_vs_1_with_keeper,123,collect_rollout,3097,0,18,-0.003333333181217313,False,False,0.0,0.0,0,0,0,0.0,0.0,0.0,0.0,-0.003333333181217313,1,-0.003333333181217313
,academy_3_vs_1_with_keeper,123,collect_rollout,3098,0,17,-0.006666666362434626,False,False,0.0,0.0,0,0,0,0.0,0.0,0.0,0.0,-0.006666666362434626,1,-0.006666666362434626
,academy_3_vs_1_with_keeper,123,collect_rollout,3099,0,27,2.132573360693641,False,False,0.0,0.0,0,0,0,0.0,0.0,0.0,0.0,2.132573360693641,1,2.132573360693641
,academy_3_vs_1_with_keeper,123,collect_rollout,3100,0,44,2.097342983004637,False,False,0.0,0.0,0,0,0,0.0,0.0,0.0,0.0,2.097342983004637,1,2.097342983004637
,academy_3_vs_1_with_keeper,123,collect_rollout,3101,0,17,-0.016666665906086564,False,False,0.0,0.0,0,0,0,0.0,0.0,0.0,0.0,-0.016666665906086564,1,-0.016666665906086564
,academy_3_vs_1_with_keeper,123,collect_rollout,3102,0,20,2.1327311600689427,False,False,0.0,0.0,0,0,0,0.0,0.0,0.0,0.0,2.1327311600689427,1,2.1327311600689427
,academy_3_vs_1_with_keeper,123,collect_rollout,3103,0,17,-0.003333333181217313,False,False,0.0,0.0,0,0,0,0.0,0.0,0.0,0.0,-0.003333333181217313,1,-0.003333333181217313
,academy_3_vs_1_with_keeper,123,collect_rollout,3104,0,15,-0.006666666362434626,False,False,0.0,0.0,0,0,0,0.0,0.0,0.0,0.0,-0.006666666362434626,1,-0.006666666362434626
,academy_3_vs_1_with_keeper,123,collect_rollout,3105,0,16,0.0,False,False,0.0,0.0,0,0,0,0.0,0.0,0.0,0.0,0.0,1,0.0
,academy_3_vs_1_with_keeper,123,collect_rollout,3106,0,97,0.11049788852687925,False,False,0.0,0.0,0,0,0,0.0,0.0,0.0,0.0,0.11049788852687925,1,0.11049788852687925
,academy_3_vs_1_with_keeper,123,collect_rollout,3107,0,16,0.0,False,False,0.0,0.0,0,0,0,0.0,0.0,0.0,0.0,0.0,1,0.0
,academy_3_vs_1_with_keeper,123,collect_rollout,3108,0,20,-0.006666666362434626,False,False,0.0,0.0,0,0,0,0.0,0.0,0.0,0.0,-0.006666666362434626,1,-0.006666666362434626
,academy_3_vs_1_with_keeper,123,collect_rollout,3109,0,22,-0.003333333181217313,False,False,0.0,0.0,0,0,0,0.0,0.0,0.0,0.0,-0.003333333181217313,1,-0.003333333181217313
,academy_3_vs_1_with_keeper,123,collect_rollout,3110,0,8,0.051290337927639484,False,False,0.0,0.0,0,0,0,0.0,0.0,0.0,0.0,0.051290337927639484,1,0.051290337927639484
,academy_3_vs_1_with_keeper,123,collect_rollout,3111,0,19,-0.013333332724869251,False,False,0.0,0.0,0,0,0,0.0,0.0,0.0,0.0,-0.013333332724869251,1,-0.013333332724869251
,academy_3_vs_1_with_keeper,123,collect_rollout,3112,0,15,0.029052720055915415,False,False,0.0,0.0,0,0,0,0.0,0.0,0.0,0.0,0.029052720055915415,1,0.029052720055915415
,academy_3_vs_1_with_keeper,123,collect_rollout,3113,0,17,-0.026666665449738503,False,False,0.0,0.0,0,0,0,0.0,0.0,0.0,0.0,-0.026666665449738503,1,-0.026666665449738503
,academy_3_vs_1_with_keeper,123,collect_rollout,3114,0,16,0.004769307328388095,False,False,0.0,0.0,0,0,0,0.0,0.0,0.0,0.0,0.004769307328388095,1,0.004769307328388095
,academy_3_vs_1_with_keeper,123,collect_rollout,3115,0,13,0.024298272910527885,False,False,0.0,0.0,0,0,0,0.0,0.0,0.0,0.0,0.024298272910527885,1,0.024298272910527885
,academy_3_vs_1_with_keeper,123,collect_rollout,3116,0,16,-0.006666666362434626,False,False,0.0,0.0,0,0,0,0.0,0.0,0.0,0.0,-0.006666666362434626,1,-0.006666666362434626
,academy_3_vs_1_with_keeper,123,collect_rollout,3117,0,19,-0.009999999543651938,False,False,0.0,0.0,0,0,0,0.0,0.0,0.0,0.0,-0.009999999543651938,1,-0.009999999543651938
,academy_3_vs_1_with_keeper,123,collect_rollout,3118,0,50,2.0240620725089684,False,False,0.0,0.0,0,0,0,0.0,0.0,0.0,0.0,2.0240620725089684,1,2.0240620725089684
,academy_3_vs_1_with_keeper,123,collect_rollout,3119,0,23,-0.003333333181217313,False,False,0.0,0.0,0,0,0,0.0,0.0,0.0,0.0,-0.003333333181217313,1,-0.003333333181217313
,academy_3_vs_1_with_keeper,123,collect_rollout,3120,0,82,0.06943501399655361,False,False,0.0,0.0,0,0,0,0.0,0.0,0.0,0.0,0.06943501399655361,1,0.06943501399655361
,academy_3_vs_1_with_keeper,123,collect_rollout,3121,0,20,0.0,False,False,0.0,0.0,0,0,0,0.0,0.0,0.0,0.0,0.0,1,0.0
,academy_3_vs_1_with_keeper,123,collect_rollout,3122,0,14,0.013838263461366296,False,False,0.0,0.0,0,0,0,0.0,0.0,0.0,0.0,0.013838263461366296,1,0.013838263461366296
,academy_3_vs_1_with_keeper,123,collect_rollout,3123,0,91,0.08760171488393098,False,False,0.0,0.0,0,0,0,0.0,0.0,0.0,0.0,0.08760171488393098,1,0.08760171488393098
,academy_3_vs_1_with_keeper,123,collect_rollout,3124,0,24,-0.009999999543651938,False,False,0.0,0.0,0,0,0,0.0,0.0,0.0,0.0,-0.009999999543651938,1,-0.009999999543651938
,academy_3_vs_1_with_keeper,123,collect_rollout,3125,0,15,-0.003333333181217313,False,False,0.0,0.0,0,0,0,0.0,0.0,0.0,0.0,-0.003333333181217313,1,-0.003333333181217313
,academy_3_vs_1_with_keeper,123,collect_rollout,3126,0,54,2.034762186696753,False,False,0.0,0.0,0,0,0,0.0,0.0,0.0,0.0,2.034762186696753,1,2.034762186696753
,academy_3_vs_1_with_keeper,123,collect_rollout,3127,0,7,0.03325295262038708,False,False,0.0,0.0,0,0,0,0.0,0.0,0.0,0.0,0.03325295262038708,1,0.03325295262038708
,academy_3_vs_1_with_keeper,123,collect_rollout,3128,0,46,2.089533000427764,False,False,0.0,0.0,0,0,0,0.0,0.0,0.0,0.0,2.089533000427764,1,2.089533000427764
,academy_3_vs_1_with_keeper,123,collect_rollout,3129,0,7,0.032294722041115165,False,False,0.0,0.0,0,0,0,0.0,0.0,0.0,0.0,0.032294722041115165,1,0.032294722041115165
,academy_3_vs_1_with_keeper,123,collect_rollout,3130,0,13,0.030680509167723358,False,False,0.0,0.0,0,0,0,0.0,0.0,0.0,0.0,0.030680509167723358,1,0.030680509167723358
,academy_3_vs_1_with_keeper,123,collect_rollout,3131,0,18,-0.009999999543651938,False,False,0.0,0.0,0,0,0,0.0,0.0,0.0,0.0,-0.009999999543651938,1,-0.009999999543651938
,academy_3_vs_1_with_keeper,123,collect_rollout,3132,0,42,2.033959279069677,False,False,0.0,0.0,0,0,0,0.0,0.0,0.0,0.0,2.033959279069677,1,2.033959279069677
,academy_3_vs_1_with_keeper,123,collect_rollout,3133,0,11,0.03962786705233157,False,False,0.0,0.0,0,0,0,0.0,0.0,0.0,0.0,0.03962786705233157,1,0.03962786705233157
,academy_3_vs_1_with_keeper,123,collect_rollout,3134,0,22,2.109765093657188,False,False,0.0,0.0,0,0,0,0.0,0.0,0.0,0.0,2.109765093657188,1,2.109765093657188
,academy_3_vs_1_with_keeper,123,collect_rollout,3135,0,18,-0.003333333181217313,False,False,0.0,0.0,0,0,0,0.0,0.0,0.0,0.0,-0.003333333181217313,1,-0.003333333181217313
,academy_3_vs_1_with_keeper,123,collect_rollout,3136,0,18,-0.003333333181217313,False,False,0.0,0.0,0,0,0,0.0,0.0,0.0,0.0,-0.003333333181217313,1,-0.003333333181217313
,academy_3_vs_1_with_keeper,123,collect_rollout,3137,0,20,0.0,False,False,0.0,0.0,0,0,0,0.0,0.0,0.0,0.0,0.0,1,0.0
,academy_3_vs_1_with_keeper,123,collect_rollout,3138,0,8,0.036850687116384506,False,False,0.0,0.0,0,0,0,0.0,0.0,0.0,0.0,0.036850687116384506,1,0.036850687116384506
,academy_3_vs_1_with_keeper,123,collect_rollout,3139,0,15,-0.006666666362434626,False,False,0.0,0.0,0,0,0,0.0,0.0,0.0,0.0,-0.006666666362434626,1,-0.006666666362434626
,academy_3_vs_1_with_keeper,123,collect_rollout,3140,0,19,-0.003333333181217313,False,False,0.0,0.0,0,0,0,0.0,0.0,0.0,0.0,-0.003333333181217313,1,-0.003333333181217313
,academy_3_vs_1_with_keeper,123,collect_rollout,3141,0,23,2.1460456664208323,False,False,0.0,0.0,0,0,0,0.0,0.0,0.0,0.0,2.1460456664208323,1,2.1460456664208323
,academy_3_vs_1_with_keeper,123,collect_rollout,3142,0,18,0.0,False,False,0.0,0.0,0,0,0,0.0,0.0,0.0,0.0,0.0,1,0.0
,academy_3_vs_1_with_keeper,123,collect_rollout,3143,0,20,2.138138372800313,False,False,0.0,0.0,0,0,0,0.0,0.0,0.0,0.0,2.138138372800313,1,2.138138372800313
,academy_3_vs_1_with_keeper,123,collect_rollout,3144,0,88,0.07251966430339962,False,False,0.0,0.0,0,0,0,0.0,0.0,0.0,0.0,0.07251966430339962,1,0.07251966430339962
,academy_3_vs_1_with_keeper,123,collect_rollout,3145,0,22,-0.003333333181217313,False,False,0.0,0.0,0,0,0,0.0,0.0,0.0,0.0,-0.003333333181217313,1,-0.003333333181217313
,academy_3_vs_1_with_keeper,123,collect_rollout,3146,0,19,-0.019999999087303877,False,False,0.0,0.0,0,0,0,0.0,0.0,0.0,0.0,-0.019999999087303877,1,-0.019999999087303877
,academy_3_vs_1_with_keeper,123,collect_rollout,3147,0,48,-0.02555421181023121,False,False,0.0,0.0,0,0,0,0.0,0.0,0.0,0.0,-0.02555421181023121,1,-0.02555421181023121
,academy_3_vs_1_with_keeper,123,collect_rollout,3148,0,48,2.0836212162394077,False,False,0.0,0.0,0,0,0,0.0,0.0,0.0,0.0,2.0836212162394077,1,2.0836212162394077
,academy_3_vs_1_with_keeper,123,collect_rollout,3149,0,21,-0.009999999543651938,False,False,0.0,0.0,0,0,0,0.0,0.0,0.0,0.0,-0.009999999543651938,1,-0.009999999543651938
,academy_3_vs_1_with_keeper,123,collect_rollout,3150,0,16,-0.009999999543651938,False,False,0.0,0.0,0,0,0,0.0,0.0,0.0,0.0,-0.009999999543651938,1,-0.009999999543651938
,academy_3_vs_1_with_keeper,123,collect_rollout,3151,0,15,0.0,False,False,0.0,0.0,0,0,0,0.0,0.0,0.0,0.0,0.0,1,0.0
,academy_3_vs_1_with_keeper,123,collect_rollout,3152,0,20,-0.006666666362434626,False,False,0.0,0.0,0,0,0,0.0,0.0,0.0,0.0,-0.006666666362434626,1,-0.006666666362434626
,academy_3_vs_1_with_keeper,123,collect_rollout,3153,0,17,-0.006666666362434626,False,False,0.0,0.0,0,0,0,0.0,0.0,0.0,0.0,-0.006666666362434626,1,-0.006666666362434626
,academy_3_vs_1_with_keeper,123,collect_rollout,3154,0,84,0.12235712527763098,False,False,0.0,0.0,0,0,0,0.0,0.0,0.0,0.0,0.12235712527763098,1,0.12235712527763098
,academy_3_vs_1_with_keeper,123,collect_rollout,3155,0,11,0.031678371829912066,False,False,0.0,0.0,0,0,0,0.0,0.0,0.0,0.0,0.031678371829912066,1,0.031678371829912066
,academy_3_vs_1_with_keeper,123,collect_rollout,3156,0,18,-0.006666666362434626,False,False,0.0,0.0,0,0,0,0.0,0.0,0.0,0.0,-0.006666666362434626,1,-0.006666666362434626
,academy_3_vs_1_with_keeper,123,collect_rollout,3157,0,22,-0.016666665906086564,False,False,0.0,0.0,0,0,0,0.0,0.0,0.0,0.0,-0.016666665906086564,1,-0.016666665906086564
,academy_3_vs_1_with_keeper,123,collect_rollout,3158,0,16,0.0,False,False,0.0,0.0,0,0,0,0.0,0.0,0.0,0.0,0.0,1,0.0
,academy_3_vs_1_with_keeper,123,collect_rollout,3159,0,20,-0.006666666362434626,False,False,0.0,0.0,0,0,0,0.0,0.0,0.0,0.0,-0.006666666362434626,1,-0.006666666362434626
,academy_3_vs_1_with_keeper,123,collect_rollout,3160,0,62,-0.12325448723277077,False,False,0.0,0.0,0,0,0,0.0,0.0,0.0,0.0,-0.12325448723277077,1,-0.12325448723277077
,academy_3_vs_1_with_keeper,123,collect_rollout,3161,0,32,0.11067976569756866,False,False,0.0,0.0,0,0,0,0.0,0.0,0.0,0.0,0.11067976569756866,1,0.11067976569756866
,academy_3_vs_1_with_keeper,123,collect_rollout,3162,0,19,-0.02333333226852119,False,False,0.0,0.0,0,0,0,0.0,0.0,0.0,0.0,-0.02333333226852119,1,-0.02333333226852119
,academy_3_vs_1_with_keeper,123,collect_rollout,3163,0,76,-0.14022026542806998,False,False,0.0,0.0,0,0,0,0.0,0.0,0.0,0.0,-0.14022026542806998,1,-0.14022026542806998
,academy_3_vs_1_with_keeper,123,collect_rollout,3164,0,33,0.12220374188473215,False,False,0.0,0.0,0,0,0,0.0,0.0,0.0,0.0,0.12220374188473215,1,0.12220374188473215
,academy_3_vs_1_with_keeper,123,collect_rollout,3165,0,20,0.0,False,False,0.0,0.0,0,0,0,0.0,0.0,0.0,0.0,0.0,1,0.0
,academy_3_vs_1_with_keeper,123,collect_rollout,3166,0,16,-0.006666666362434626,False,False,0.0,0.0,0,0,0,0.0,0.0,0.0,0.0,-0.006666666362434626,1,-0.006666666362434626
,academy_3_vs_1_with_keeper,123,collect_rollout,3167,0,27,2.1327577775809914,False,False,0.0,0.0,0,0,0,0.0,0.0,0.0,0.0,2.1327577775809914,1,2.1327577775809914
,academy_3_vs_1_with_keeper,123,collect_rollout,3168,0,16,0.007218149257823825,False,False,0.0,0.0,0,0,0,0.0,0.0,0.0,0.0,0.007218149257823825,1,0.007218149257823825
,academy_3_vs_1_with_keeper,123,collect_rollout,3169,0,17,-0.009999999543651938,False,False,0.0,0.0,0,0,0,0.0,0.0,0.0,0.0,-0.009999999543651938,1,-0.009999999543651938
,academy_3_vs_1_with_keeper,123,collect_rollout,3170,0,33,0.11880956718232483,False,False,0.0,0.0,0,0,0,0.0,0.0,0.0,0.0,0.11880956718232483,1,0.11880956718232483
,academy_3_vs_1_with_keeper,123,collect_rollout,3171,0,20,-0.003333333181217313,False,False,0.0,0.0,0,0,0,0.0,0.0,0.0,0.0,-0.003333333181217313,1,-0.003333333181217313
,academy_3_vs_1_with_keeper,123,collect_rollout,3172,0,17,-0.006666666362434626,False,False,0.0,0.0,0,0,0,0.0,0.0,0.0,0.0,-0.006666666362434626,1,-0.006666666362434626
,academy_3_vs_1_with_keeper,123,collect_rollout,3173,0,9,0.03634303598664701,False,False,0.0,0.0,0,0,0,0.0,0.0,0.0,0.0,0.03634303598664701,1,0.03634303598664701
,academy_3_vs_1_with_keeper,123,collect_rollout,3174,0,20,-0.02333333226852119,False,False,0.0,0.0,0,0,0,0.0,0.0,0.0,0.0,-0.02333333226852119,1,-0.02333333226852119
,academy_3_vs_1_with_keeper,123,collect_rollout,3175,0,22,-0.009999999543651938,False,False,0.0,0.0,0,0,0,0.0,0.0,0.0,0.0,-0.009999999543651938,1,-0.009999999543651938
,academy_3_vs_1_with_keeper,123,collect_rollout,3176,0,103,0.0009586382075212896,False,False,0.0,0.0,0,0,0,0.0,0.0,0.0,0.0,0.0009586382075212896,1,0.0009586382075212896
,academy_3_vs_1_with_keeper,123,collect_rollout,3177,0,23,-0.006666666362434626,False,False,0.0,0.0,0,0,0,0.0,0.0,0.0,0.0,-0.006666666362434626,1,-0.006666666362434626
,academy_3_vs_1_with_keeper,123,collect_rollout,3178,0,21,-0.006666666362434626,False,False,0.0,0.0,0,0,0,0.0,0.0,0.0,0.0,-0.006666666362434626,1,-0.006666666362434626
,academy_3_vs_1_with_keeper,123,collect_rollout,3179,0,15,-0.006666666362434626,False,False,0.0,0.0,0,0,0,0.0,0.0,0.0,0.0,-0.006666666362434626,1,-0.006666666362434626
,academy_3_vs_1_with_keeper,123,collect_rollout,3180,0,40,2.1445868789451197,False,False,0.0,0.0,0,0,0,0.0,0.0,0.0,0.0,2.1445868789451197,1,2.1445868789451197
,academy_3_vs_1_with_keeper,123,collect_rollout,3181,0,18,-0.006666666362434626,False,False,0.0,0.0,0,0,0,0.0,0.0,0.0,0.0,-0.006666666362434626,1,-0.006666666362434626
,academy_3_vs_1_with_keeper,123,collect_rollout,3182,0,22,0.0,False,False,0.0,0.0,0,0,0,0.0,0.0,0.0,0.0,0.0,1,0.0
,academy_3_vs_1_with_keeper,123,collect_rollout,3183,0,85,-0.09619060403201729,False,False,0.0,0.0,0,0,0,0.0,0.0,0.0,0.0,-0.09619060403201729,1,-0.09619060403201729
,academy_3_vs_1_with_keeper,123,collect_rollout,3184,0,21,-0.006666666362434626,False,False,0.0,0.0,0,0,0,0.0,0.0,0.0,0.0,-0.006666666362434626,1,-0.006666666362434626
,academy_3_vs_1_with_keeper,123,collect_rollout,3185,0,10,0.0345419910736382,False,False,0.0,0.0,0,0,0,0.0,0.0,0.0,0.0,0.0345419910736382,1,0.0345419910736382
,academy_3_vs_1_with_keeper,123,collect_rollout,3186,0,83,0.027537732679775218,False,False,0.0,0.0,0,0,0,0.0,0.0,0.0,0.0,0.027537732679775218,1,0.027537732679775218
,academy_3_vs_1_with_keeper,123,collect_rollout,3187,0,33,2.1272119336063042,False,False,0.0,0.0,0,0,0,0.0,0.0,0.0,0.0,2.1272119336063042,1,2.1272119336063042
,academy_3_vs_1_with_keeper,123,collect_rollout,3188,0,26,0.10655179951572791,False,False,0.0,0.0,0,0,0,0.0,0.0,0.0,0.0,0.10655179951572791,1,0.10655179951572791
,academy_3_vs_1_with_keeper,123,collect_rollout,3189,0,98,0.04556656925706193,False,False,0.0,0.0,0,0,0,0.0,0.0,0.0,0.0,0.04556656925706193,1,0.04556656925706193
,academy_3_vs_1_with_keeper,123,collect_rollout,3190,0,9,0.04026267398148775,False,False,0.0,0.0,0,0,0,0.0,0.0,0.0,0.0,0.04026267398148775,1,0.04026267398148775
,academy_3_vs_1_with_keeper,123,collect_rollout,3191,0,18,-0.006666666362434626,False,False,0.0,0.0,0,0,0,0.0,0.0,0.0,0.0,-0.006666666362434626,1,-0.006666666362434626
,academy_3_vs_1_with_keeper,123,collect_rollout,3192,0,33,2.1306194306816906,False,False,0.0,0.0,0,0,0,0.0,0.0,0.0,0.0,2.1306194306816906,1,2.1306194306816906
,academy_3_vs_1_with_keeper,123,collect_rollout,3193,0,18,0.0,False,False,0.0,0.0,0,0,0,0.0,0.0,0.0,0.0,0.0,1,0.0
,academy_3_vs_1_with_keeper,123,collect_rollout,3194,0,79,0.003406747186090797,False,False,0.0,0.0,0,0,0,0.0,0.0,0.0,0.0,0.003406747186090797,1,0.003406747186090797
,academy_3_vs_1_with_keeper,123,collect_rollout,3195,0,11,0.0273482920601964,False,False,0.0,0.0,0,0,0,0.0,0.0,0.0,0.0,0.0273482920601964,1,0.0273482920601964
,academy_3_vs_1_with_keeper,123,collect_rollout,3196,0,20,0.0,False,False,0.0,0.0,0,0,0,0.0,0.0,0.0,0.0,0.0,1,0.0
,academy_3_vs_1_with_keeper,123,collect_rollout,3197,0,110,-0.14182705921120942,False,False,0.0,0.0,0,0,0,0.0,0.0,0.0,0.0,-0.14182705921120942,1,-0.14182705921120942
,academy_3_vs_1_with_keeper,123,collect_rollout,3198,0,18,-0.006666666362434626,False,False,0.0,0.0,0,0,0,0.0,0.0,0.0,0.0,-0.006666666362434626,1,-0.006666666362434626
,academy_3_vs_1_with_keeper,123,collect_rollout,3199,0,52,-0.00022573221940547228,False,False,0.0,0.0,0,0,0,0.0,0.0,0.0,0.0,-0.00022573221940547228,1,-0.00022573221940547228
,academy_3_vs_1_with_keeper,123,collect_rollout,3200,0,16,-0.003333333181217313,False,False,0.0,0.0,0,0,0,0.0,0.0,0.0,0.0,-0.003333333181217313,1,-0.003333333181217313
,academy_3_vs_1_with_keeper,123,collect_rollout,3201,0,17,-0.006666666362434626,False,False,0.0,0.0,0,0,0,0.0,0.0,0.0,0.0,-0.006666666362434626,1,-0.006666666362434626
,academy_3_vs_1_with_keeper,123,collect_rollout,3202,0,86,0.11059491743799299,False,False,0.0,0.0,0,0,0,0.0,0.0,0.0,0.0,0.11059491743799299,1,0.11059491743799299
,academy_3_vs_1_with_keeper,123,collect_rollout,3203,0,43,2.0826132529764436,False,False,0.0,0.0,0,0,0,0.0,0.0,0.0,0.0,2.0826132529764436,1,2.0826132529764436
,academy_3_vs_1_with_keeper,123,collect_rollout,3204,0,93,0.10938177024945617,False,False,0.0,0.0,0,0,0,0.0,0.0,0.0,0.0,0.10938177024945617,1,0.10938177024945617
,academy_3_vs_1_with_keeper,123,collect_rollout,3205,0,56,0.3149103687464958,False,False,0.0,0.0,0,0,0,0.0,0.0,0.0,0.0,0.3149103687464958,1,0.3149103687464958
,academy_3_vs_1_with_keeper,123,collect_rollout,3206,0,16,-0.003333333181217313,False,False,0.0,0.0,0,0,0,0.0,0.0,0.0,0.0,-0.003333333181217313,1,-0.003333333181217313
,academy_3_vs_1_with_keeper,123,collect_rollout,3207,0,8,0.03396698087453842,False,False,0.0,0.0,0,0,0,0.0,0.0,0.0,0.0,0.03396698087453842,1,0.03396698087453842
,academy_3_vs_1_with_keeper,123,collect_rollout,3208,0,22,2.15708147874102,False,False,0.0,0.0,0,0,0,0.0,0.0,0.0,0.0,2.15708147874102,1,2.15708147874102
,academy_3_vs_1_with_keeper,123,collect_rollout,3209,0,19,-0.009999999543651938,False,False,0.0,0.0,0,0,0,0.0,0.0,0.0,0.0,-0.009999999543651938,1,-0.009999999543651938
,academy_3_vs_1_with_keeper,123,collect_rollout,3210,0,21,-0.014468664303421974,False,False,0.0,0.0,0,0,0,0.0,0.0,0.0,0.0,-0.014468664303421974,1,-0.014468664303421974
,academy_3_vs_1_with_keeper,123,collect_rollout,3211,0,51,0.021501847659237683,False,False,0.0,0.0,0,0,0,0.0,0.0,0.0,0.0,0.021501847659237683,1,0.021501847659237683
,academy_3_vs_1_with_keeper,123,collect_rollout,3212,0,44,0.06708165872259997,False,False,0.0,0.0,0,0,0,0.0,0.0,0.0,0.0,0.06708165872259997,1,0.06708165872259997
,academy_3_vs_1_with_keeper,123,collect_rollout,3213,0,16,-0.006666666362434626,False,False,0.0,0.0,0,0,0,0.0,0.0,0.0,0.0,-0.006666666362434626,1,-0.006666666362434626
,academy_3_vs_1_with_keeper,123,collect_rollout,3214,0,15,0.0,False,False,0.0,0.0,0,0,0,0.0,0.0,0.0,0.0,0.0,1,0.0
,academy_3_vs_1_with_keeper,123,collect_rollout,3215,0,16,0.014959638006985188,False,False,0.0,0.0,0,0,0,0.0,0.0,0.0,0.0,0.014959638006985188,1,0.014959638006985188
,academy_3_vs_1_with_keeper,123,collect_rollout,3216,0,10,0.03054362500552088,False,False,0.0,0.0,0,0,0,0.0,0.0,0.0,0.0,0.03054362500552088,1,0.03054362500552088
,academy_3_vs_1_with_keeper,123,collect_rollout,3217,0,17,0.0,False,False,0.0,0.0,0,0,0,0.0,0.0,0.0,0.0,0.0,1,0.0
,academy_3_vs_1_with_keeper,123,collect_rollout,3218,0,90,0.1130270185531117,False,False,0.0,0.0,0,0,0,0.0,0.0,0.0,0.0,0.1130270185531117,1,0.1130270185531117
,academy_3_vs_1_with_keeper,123,collect_rollout,3219,0,22,-0.013333332724869251,False,False,0.0,0.0,0,0,0,0.0,0.0,0.0,0.0,-0.013333332724869251,1,-0.013333332724869251
,academy_3_vs_1_with_keeper,123,collect_rollout,3220,0,13,0.018388635478913784,False,False,0.0,0.0,0,0,0,0.0,0.0,0.0,0.0,0.018388635478913784,1,0.018388635478913784
,academy_3_vs_1_with_keeper,123,collect_rollout,3221,0,16,-0.003333333181217313,False,False,0.0,0.0,0,0,0,0.0,0.0,0.0,0.0,-0.003333333181217313,1,-0.003333333181217313
,academy_3_vs_1_with_keeper,123,collect_rollout,3222,0,37,2.118290806771256,False,False,0.0,0.0,0,0,0,0.0,0.0,0.0,0.0,2.118290806771256,1,2.118290806771256
,academy_3_vs_1_with_keeper,123,collect_rollout,3223,0,28,2.136104089790024,False,False,0.0,0.0,0,0,0,0.0,0.0,0.0,0.0,2.136104089790024,1,2.136104089790024
,academy_3_vs_1_with_keeper,123,collect_rollout,3224,0,20,-0.006666666362434626,False,False,0.0,0.0,0,0,0,0.0,0.0,0.0,0.0,-0.006666666362434626,1,-0.006666666362434626
,academy_3_vs_1_with_keeper,123,collect_rollout,3225,0,18,-0.013333332724869251,False,False,0.0,0.0,0,0,0,0.0,0.0,0.0,0.0,-0.013333332724869251,1,-0.013333332724869251
,academy_3_vs_1_with_keeper,123,collect_rollout,3226,0,13,0.025822244817391038,False,False,0.0,0.0,0,0,0,0.0,0.0,0.0,0.0,0.025822244817391038,1,0.025822244817391038
,academy_3_vs_1_with_keeper,123,collect_rollout,3227,0,63,1.9283352436323185,False,False,0.0,0.0,0,0,0,0.0,0.0,0.0,0.0,1.9283352436323185,1,1.9283352436323185
,academy_3_vs_1_with_keeper,123,collect_rollout,3228,0,158,-0.10666666179895401,False,False,0.0,0.0,0,0,0,0.0,0.0,0.0,0.0,-0.10666666179895401,1,-0.10666666179895401
,academy_3_vs_1_with_keeper,123,collect_rollout,3229,0,20,-0.009999999543651938,False,False,0.0,0.0,0,0,0,0.0,0.0,0.0,0.0,-0.009999999543651938,1,-0.009999999543651938
,academy_3_vs_1_with_keeper,123,collect_rollout,3230,0,17,-0.003333333181217313,False,False,0.0,0.0,0,0,0,0.0,0.0,0.0,0.0,-0.003333333181217313,1,-0.003333333181217313
,academy_3_vs_1_with_keeper,123,collect_rollout,3231,0,50,0.02140260485248291,False,False,0.0,0.0,0,0,0,0.0,0.0,0.0,0.0,0.02140260485248291,1,0.02140260485248291
,academy_3_vs_1_with_keeper,123,collect_rollout,3232,0,19,-0.003333333181217313,False,False,0.0,0.0,0,0,0,0.0,0.0,0.0,0.0,-0.003333333181217313,1,-0.003333333181217313
,academy_3_vs_1_with_keeper,123,collect_rollout,3233,0,22,0.0,False,False,0.0,0.0,0,0,0,0.0,0.0,0.0,0.0,0.0,1,0.0
,academy_3_vs_1_with_keeper,123,collect_rollout,3234,0,25,2.13328377075959,False,False,0.0,0.0,0,0,0,0.0,0.0,0.0,0.0,2.13328377075959,1,2.13328377075959
,academy_3_vs_1_with_keeper,123,collect_rollout,3235,0,83,0.09528750355821103,False,False,0.0,0.0,0,0,0,0.0,0.0,0.0,0.0,0.09528750355821103,1,0.09528750355821103
,academy_3_vs_1_with_keeper,123,collect_rollout,3236,0,16,-0.009999999543651938,False,False,0.0,0.0,0,0,0,0.0,0.0,0.0,0.0,-0.009999999543651938,1,-0.009999999543651938
,academy_3_vs_1_with_keeper,123,collect_rollout,3237,0,41,2.127805472817272,False,False,0.0,0.0,0,0,0,0.0,0.0,0.0,0.0,2.127805472817272,1,2.127805472817272
,academy_3_vs_1_with_keeper,123,collect_rollout,3238,0,32,0.11855171236675233,False,False,0.0,0.0,0,0,0,0.0,0.0,0.0,0.0,0.11855171236675233,1,0.11855171236675233
,academy_3_vs_1_with_keeper,123,collect_rollout,3239,0,24,0.0,False,False,0.0,0.0,0,0,0,0.0,0.0,0.0,0.0,0.0,1,0.0
,academy_3_vs_1_with_keeper,123,collect_rollout,3240,0,17,-0.009999999543651938,False,False,0.0,0.0,0,0,0,0.0,0.0,0.0,0.0,-0.009999999543651938,1,-0.009999999543651938
,academy_3_vs_1_with_keeper,123,collect_rollout,3241,0,43,2.1278930528787896,False,False,0.0,0.0,0,0,0,0.0,0.0,0.0,0.0,2.1278930528787896,1,2.1278930528787896
,academy_3_vs_1_with_keeper,123,collect_rollout,3242,0,19,-0.003333333181217313,False,False,0.0,0.0,0,0,0,0.0,0.0,0.0,0.0,-0.003333333181217313,1,-0.003333333181217313
,academy_3_vs_1_with_keeper,123,collect_rollout,3243,0,14,0.0072831298457458615,False,False,0.0,0.0,0,0,0,0.0,0.0,0.0,0.0,0.0072831298457458615,1,0.0072831298457458615
,academy_3_vs_1_with_keeper,123,collect_rollout,3244,0,22,-0.009999999543651938,False,False,0.0,0.0,0,0,0,0.0,0.0,0.0,0.0,-0.009999999543651938,1,-0.009999999543651938
,academy_3_vs_1_with_keeper,123,collect_rollout,3245,0,23,-0.003333333181217313,False,False,0.0,0.0,0,0,0,0.0,0.0,0.0,0.0,-0.003333333181217313,1,-0.003333333181217313
,academy_3_vs_1_with_keeper,123,collect_rollout,3246,0,7,0.04170765820890665,False,False,0.0,0.0,0,0,0,0.0,0.0,0.0,0.0,0.04170765820890665,1,0.04170765820890665
,academy_3_vs_1_with_keeper,123,collect_rollout,3247,0,19,-0.003333333181217313,False,False,0.0,0.0,0,0,0,0.0,0.0,0.0,0.0,-0.003333333181217313,1,-0.003333333181217313
,academy_3_vs_1_with_keeper,123,collect_rollout,3248,0,20,0.0,False,False,0.0,0.0,0,0,0,0.0,0.0,0.0,0.0,0.0,1,0.0
,academy_3_vs_1_with_keeper,123,collect_rollout,3249,0,28,2.1146706972504035,False,False,0.0,0.0,0,0,0,0.0,0.0,0.0,0.0,2.1146706972504035,1,2.1146706972504035
,academy_3_vs_1_with_keeper,123,collect_rollout,3250,0,12,0.0034400431904941797,False,False,0.0,0.0,0,0,0,0.0,0.0,0.0,0.0,0.0034400431904941797,1,0.0034400431904941797
,academy_3_vs_1_with_keeper,123,collect_rollout,3251,0,89,0.10309470992069691,False,False,0.0,0.0,0,0,0,0.0,0.0,0.0,0.0,0.10309470992069691,1,0.10309470992069691
,academy_3_vs_1_with_keeper,123,collect_rollout,3252,0,16,0.0,False,False,0.0,0.0,0,0,0,0.0,0.0,0.0,0.0,0.0,1,0.0
,academy_3_vs_1_with_keeper,123,collect_rollout,3253,0,39,2.1305078845471144,False,False,0.0,0.0,0,0,0,0.0,0.0,0.0,0.0,2.1305078845471144,1,2.1305078845471144
,academy_3_vs_1_with_keeper,123,collect_rollout,3254,0,17,-0.006666666362434626,False,False,0.0,0.0,0,0,0,0.0,0.0,0.0,0.0,-0.006666666362434626,1,-0.006666666362434626
,academy_3_vs_1_with_keeper,123,collect_rollout,3255,0,31,2.1334290503291413,False,False,0.0,0.0,0,0,0,0.0,0.0,0.0,0.0,2.1334290503291413,1,2.1334290503291413
,academy_3_vs_1_with_keeper,123,collect_rollout,3256,0,16,0.0,False,False,0.0,0.0,0,0,0,0.0,0.0,0.0,0.0,0.0,1,0.0
,academy_3_vs_1_with_keeper,123,collect_rollout,3257,0,55,-0.023034297475533094,False,False,0.0,0.0,0,0,0,0.0,0.0,0.0,0.0,-0.023034297475533094,1,-0.023034297475533094
,academy_3_vs_1_with_keeper,123,collect_rollout,3258,0,18,-0.006666666362434626,False,False,0.0,0.0,0,0,0,0.0,0.0,0.0,0.0,-0.006666666362434626,1,-0.006666666362434626
,academy_3_vs_1_with_keeper,123,collect_rollout,3259,0,51,2.1311952096875757,False,False,0.0,0.0,0,0,0,0.0,0.0,0.0,0.0,2.1311952096875757,1,2.1311952096875757
,academy_3_vs_1_with_keeper,123,collect_rollout,3260,0,30,0.1329699286725372,False,False,0.0,0.0,0,0,0,0.0,0.0,0.0,0.0,0.1329699286725372,1,0.1329699286725372
,academy_3_vs_1_with_keeper,123,collect_rollout,3261,0,19,-0.003333333181217313,False,False,0.0,0.0,0,0,0,0.0,0.0,0.0,0.0,-0.003333333181217313,1,-0.003333333181217313
,academy_3_vs_1_with_keeper,123,collect_rollout,3262,0,15,0.0,False,False,0.0,0.0,0,0,0,0.0,0.0,0.0,0.0,0.0,1,0.0
,academy_3_vs_1_with_keeper,123,collect_rollout,3263,0,18,0.0,False,False,0.0,0.0,0,0,0,0.0,0.0,0.0,0.0,0.0,1,0.0
,academy_3_vs_1_with_keeper,123,collect_rollout,3264,0,29,2.1200577144045383,False,False,0.0,0.0,0,0,0,0.0,0.0,0.0,0.0,2.1200577144045383,1,2.1200577144045383
,academy_3_vs_1_with_keeper,123,collect_rollout,3265,0,19,-0.003333333181217313,False,False,0.0,0.0,0,0,0,0.0,0.0,0.0,0.0,-0.003333333181217313,1,-0.003333333181217313
,academy_3_vs_1_with_keeper,123,collect_rollout,3266,0,21,-0.006666666362434626,False,False,0.0,0.0,0,0,0,0.0,0.0,0.0,0.0,-0.006666666362434626,1,-0.006666666362434626
,academy_3_vs_1_with_keeper,123,collect_rollout,3267,0,10,0.01592311658896506,False,False,0.0,0.0,0,0,0,0.0,0.0,0.0,0.0,0.01592311658896506,1,0.01592311658896506
,academy_3_vs_1_with_keeper,123,collect_rollout,3268,0,48,2.0343678084900603,False,False,0.0,0.0,0,0,0,0.0,0.0,0.0,0.0,2.0343678084900603,1,2.0343678084900603
,academy_3_vs_1_with_keeper,123,collect_rollout,3269,0,21,0.0,False,False,0.0,0.0,0,0,0,0.0,0.0,0.0,0.0,0.0,1,0.0
,academy_3_vs_1_with_keeper,123,collect_rollout,3270,0,18,-0.003333333181217313,False,False,0.0,0.0,0,0,0,0.0,0.0,0.0,0.0,-0.003333333181217313,1,-0.003333333181217313
,academy_3_vs_1_with_keeper,123,collect_rollout,3271,0,80,0.03972820825583767,False,False,0.0,0.0,0,0,0,0.0,0.0,0.0,0.0,0.03972820825583767,1,0.03972820825583767
,academy_3_vs_1_with_keeper,123,collect_rollout,3272,0,18,0.0,False,False,0.0,0.0,0,0,0,0.0,0.0,0.0,0.0,0.0,1,0.0
,academy_3_vs_1_with_keeper,123,collect_rollout,3273,0,22,-0.013333332724869251,False,False,0.0,0.0,0,0,0,0.0,0.0,0.0,0.0,-0.013333332724869251,1,-0.013333332724869251
,academy_3_vs_1_with_keeper,123,collect_rollout,3274,0,14,0.0,False,False,0.0,0.0,0,0,0,0.0,0.0,0.0,0.0,0.0,1,0.0
,academy_3_vs_1_with_keeper,123,collect_rollout,3275,0,15,0.0,False,False,0.0,0.0,0,0,0,0.0,0.0,0.0,0.0,0.0,1,0.0
,academy_3_vs_1_with_keeper,123,collect_rollout,3276,0,24,-0.006666666362434626,False,False,0.0,0.0,0,0,0,0.0,0.0,0.0,0.0,-0.006666666362434626,1,-0.006666666362434626
,academy_3_vs_1_with_keeper,123,collect_rollout,3277,0,51,0.2612000056542456,False,False,0.0,0.0,0,0,0,0.0,0.0,0.0,0.0,0.2612000056542456,1,0.2612000056542456
,academy_3_vs_1_with_keeper,123,collect_rollout,3278,0,27,2.1353840332012624,False,False,0.0,0.0,0,0,0,0.0,0.0,0.0,0.0,2.1353840332012624,1,2.1353840332012624
,academy_3_vs_1_with_keeper,123,collect_rollout,3279,0,32,0.13037076353793964,False,False,0.0,0.0,0,0,0,0.0,0.0,0.0,0.0,0.13037076353793964,1,0.13037076353793964
,academy_3_vs_1_with_keeper,123,collect_rollout,3280,0,16,-0.009999999543651938,False,False,0.0,0.0,0,0,0,0.0,0.0,0.0,0.0,-0.009999999543651938,1,-0.009999999543651938
,academy_3_vs_1_with_keeper,123,collect_rollout,3281,0,33,2.1078621663618833,False,False,0.0,0.0,0,0,0,0.0,0.0,0.0,0.0,2.1078621663618833,1,2.1078621663618833
,academy_3_vs_1_with_keeper,123,collect_rollout,3282,0,20,-0.013333332724869251,False,False,0.0,0.0,0,0,0,0.0,0.0,0.0,0.0,-0.013333332724869251,1,-0.013333332724869251
,academy_3_vs_1_with_keeper,123,collect_rollout,3283,0,36,0.07304711069446057,False,False,0.0,0.0,0,0,0,0.0,0.0,0.0,0.0,0.07304711069446057,1,0.07304711069446057
,academy_3_vs_1_with_keeper,123,collect_rollout,3284,0,16,-0.016666665906086564,False,False,0.0,0.0,0,0,0,0.0,0.0,0.0,0.0,-0.016666665906086564,1,-0.016666665906086564
,academy_3_vs_1_with_keeper,123,collect_rollout,3285,0,18,0.0,False,False,0.0,0.0,0,0,0,0.0,0.0,0.0,0.0,0.0,1,0.0
,academy_3_vs_1_with_keeper,123,collect_rollout,3286,0,18,-0.006666666362434626,False,False,0.0,0.0,0,0,0,0.0,0.0,0.0,0.0,-0.006666666362434626,1,-0.006666666362434626
,academy_3_vs_1_with_keeper,123,collect_rollout,3287,0,23,-0.009999999543651938,False,False,0.0,0.0,0,0,0,0.0,0.0,0.0,0.0,-0.009999999543651938,1,-0.009999999543651938
,academy_3_vs_1_with_keeper,123,collect_rollout,3288,0,23,-0.003333333181217313,False,False,0.0,0.0,0,0,0,0.0,0.0,0.0,0.0,-0.003333333181217313,1,-0.003333333181217313
,academy_3_vs_1_with_keeper,123,collect_rollout,3289,0,17,0.006777116359444335,False,False,0.0,0.0,0,0,0,0.0,0.0,0.0,0.0,0.006777116359444335,1,0.006777116359444335
,academy_3_vs_1_with_keeper,123,collect_rollout,3290,0,14,0.014682302717119455,False,False,0.0,0.0,0,0,0,0.0,0.0,0.0,0.0,0.014682302717119455,1,0.014682302717119455
,academy_3_vs_1_with_keeper,123,collect_rollout,3291,0,20,0.0,False,False,0.0,0.0,0,0,0,0.0,0.0,0.0,0.0,0.0,1,0.0
,academy_3_vs_1_with_keeper,123,collect_rollout,3292,0,22,-0.009999999543651938,False,False,0.0,0.0,0,0,0,0.0,0.0,0.0,0.0,-0.009999999543651938,1,-0.009999999543651938
,academy_3_vs_1_with_keeper,123,collect_rollout,3293,0,14,0.023321019485592842,False,False,0.0,0.0,0,0,0,0.0,0.0,0.0,0.0,0.023321019485592842,1,0.023321019485592842
,academy_3_vs_1_with_keeper,123,collect_rollout,3294,0,38,0.04327203566208482,False,False,0.0,0.0,0,0,0,0.0,0.0,0.0,0.0,0.04327203566208482,1,0.04327203566208482
,academy_3_vs_1_with_keeper,123,collect_rollout,3295,0,20,2.1374949684832245,False,False,0.0,0.0,0,0,0,0.0,0.0,0.0,0.0,2.1374949684832245,1,2.1374949684832245
,academy_3_vs_1_with_keeper,123,collect_rollout,3296,0,16,0.0,False,False,0.0,0.0,0,0,0,0.0,0.0,0.0,0.0,0.0,1,0.0
,academy_3_vs_1_with_keeper,123,collect_rollout,3297,0,36,2.129324172390625,False,False,0.0,0.0,0,0,0,0.0,0.0,0.0,0.0,2.129324172390625,1,2.129324172390625
,academy_3_vs_1_with_keeper,123,collect_rollout,3298,0,39,0.13191185309551656,False,False,0.0,0.0,0,0,0,0.0,0.0,0.0,0.0,0.13191185309551656,1,0.13191185309551656
,academy_3_vs_1_with_keeper,123,collect_rollout,3299,0,22,-0.006666666362434626,False,False,0.0,0.0,0,0,0,0.0,0.0,0.0,0.0,-0.006666666362434626,1,-0.006666666362434626
,academy_3_vs_1_with_keeper,123,collect_rollout,3300,0,19,-0.009999999543651938,False,False,0.0,0.0,0,0,0,0.0,0.0,0.0,0.0,-0.009999999543651938,1,-0.009999999543651938
,academy_3_vs_1_with_keeper,123,collect_rollout,3301,0,19,0.0,False,False,0.0,0.0,0,0,0,0.0,0.0,0.0,0.0,0.0,1,0.0
,academy_3_vs_1_with_keeper,123,collect_rollout,3302,0,17,-0.006666666362434626,False,False,0.0,0.0,0,0,0,0.0,0.0,0.0,0.0,-0.006666666362434626,1,-0.006666666362434626
,academy_3_vs_1_with_keeper,123,collect_rollout,3303,0,18,-0.003333333181217313,False,False,0.0,0.0,0,0,0,0.0,0.0,0.0,0.0,-0.003333333181217313,1,-0.003333333181217313
,academy_3_vs_1_with_keeper,123,collect_rollout,3304,0,55,0.05192587024066597,False,False,0.0,0.0,0,0,0,0.0,0.0,0.0,0.0,0.05192587024066597,1,0.05192587024066597
,academy_3_vs_1_with_keeper,123,collect_rollout,3305,0,8,0.03397934534586966,False,False,0.0,0.0,0,0,0,0.0,0.0,0.0,0.0,0.03397934534586966,1,0.03397934534586966
,academy_3_vs_1_with_keeper,123,collect_rollout,3306,0,36,2.12878958764486,False,False,0.0,0.0,0,0,0,0.0,0.0,0.0,0.0,2.12878958764486,1,2.12878958764486
,academy_3_vs_1_with_keeper,123,collect_rollout,3307,0,22,-0.006666666362434626,False,False,0.0,0.0,0,0,0,0.0,0.0,0.0,0.0,-0.006666666362434626,1,-0.006666666362434626
,academy_3_vs_1_with_keeper,123,collect_rollout,3308,0,18,0.0022559294011443853,False,False,0.0,0.0,0,0,0,0.0,0.0,0.0,0.0,0.0022559294011443853,1,0.0022559294011443853
,academy_3_vs_1_with_keeper,123,collect_rollout,3309,0,55,0.10733004231587984,False,False,0.0,0.0,0,0,0,0.0,0.0,0.0,0.0,0.10733004231587984,1,0.10733004231587984
,academy_3_vs_1_with_keeper,123,collect_rollout,3310,0,21,0.0,False,False,0.0,0.0,0,0,0,0.0,0.0,0.0,0.0,0.0,1,0.0
,academy_3_vs_1_with_keeper,123,collect_rollout,3311,0,34,2.136391077307053,False,False,0.0,0.0,0,0,0,0.0,0.0,0.0,0.0,2.136391077307053,1,2.136391077307053
,academy_3_vs_1_with_keeper,123,collect_rollout,3312,0,20,-0.003333333181217313,False,False,0.0,0.0,0,0,0,0.0,0.0,0.0,0.0,-0.003333333181217313,1,-0.003333333181217313
,academy_3_vs_1_with_keeper,123,collect_rollout,3313,0,14,0.0,False,False,0.0,0.0,0,0,0,0.0,0.0,0.0,0.0,0.0,1,0.0
,academy_3_vs_1_with_keeper,123,collect_rollout,3314,0,18,-0.006666666362434626,False,False,0.0,0.0,0,0,0,0.0,0.0,0.0,0.0,-0.006666666362434626,1,-0.006666666362434626
,academy_3_vs_1_with_keeper,123,collect_rollout,3315,0,21,-0.013333332724869251,False,False,0.0,0.0,0,0,0,0.0,0.0,0.0,0.0,-0.013333332724869251,1,-0.013333332724869251
,academy_3_vs_1_with_keeper,123,collect_rollout,3316,0,20,0.0,False,False,0.0,0.0,0,0,0,0.0,0.0,0.0,0.0,0.0,1,0.0
,academy_3_vs_1_with_keeper,123,collect_rollout,3317,0,15,-0.009999999543651938,False,False,0.0,0.0,0,0,0,0.0,0.0,0.0,0.0,-0.009999999543651938,1,-0.009999999543651938
,academy_3_vs_1_with_keeper,123,collect_rollout,3318,0,16,-0.006666666362434626,False,False,0.0,0.0,0,0,0,0.0,0.0,0.0,0.0,-0.006666666362434626,1,-0.006666666362434626
,academy_3_vs_1_with_keeper,123,collect_rollout,3319,0,34,2.105316850997042,False,False,0.0,0.0,0,0,0,0.0,0.0,0.0,0.0,2.105316850997042,1,2.105316850997042
,academy_3_vs_1_with_keeper,123,collect_rollout,3320,0,18,-0.003333333181217313,False,False,0.0,0.0,0,0,0,0.0,0.0,0.0,0.0,-0.003333333181217313,1,-0.003333333181217313
,academy_3_vs_1_with_keeper,123,collect_rollout,3321,0,22,-0.006666666362434626,False,False,0.0,0.0,0,0,0,0.0,0.0,0.0,0.0,-0.006666666362434626,1,-0.006666666362434626
,academy_3_vs_1_with_keeper,123,collect_rollout,3322,0,19,0.0,False,False,0.0,0.0,0,0,0,0.0,0.0,0.0,0.0,0.0,1,0.0
,academy_3_vs_1_with_keeper,123,collect_rollout,3323,0,22,-0.003333333181217313,False,False,0.0,0.0,0,0,0,0.0,0.0,0.0,0.0,-0.003333333181217313,1,-0.003333333181217313
,academy_3_vs_1_with_keeper,123,collect_rollout,3324,0,17,0.011284365027677268,False,False,0.0,0.0,0,0,0,0.0,0.0,0.0,0.0,0.011284365027677268,1,0.011284365027677268
,academy_3_vs_1_with_keeper,123,collect_rollout,3325,0,22,-0.006666666362434626,False,False,0.0,0.0,0,0,0,0.0,0.0,0.0,0.0,-0.006666666362434626,1,-0.006666666362434626
,academy_3_vs_1_with_keeper,123,collect_rollout,3326,0,20,-0.003333333181217313,False,False,0.0,0.0,0,0,0,0.0,0.0,0.0,0.0,-0.003333333181217313,1,-0.003333333181217313
,academy_3_vs_1_with_keeper,123,collect_rollout,3327,0,31,0.09195998765062541,False,False,0.0,0.0,0,0,0,0.0,0.0,0.0,0.0,0.09195998765062541,1,0.09195998765062541
,academy_3_vs_1_with_keeper,123,collect_rollout,3328,0,22,-0.016666665906086564,False,False,0.0,0.0,0,0,0,0.0,0.0,0.0,0.0,-0.016666665906086564,1,-0.016666665906086564
,academy_3_vs_1_with_keeper,123,collect_rollout,3329,0,36,2.1072924489853904,False,False,0.0,0.0,0,0,0,0.0,0.0,0.0,0.0,2.1072924489853904,1,2.1072924489853904
,academy_3_vs_1_with_keeper,123,collect_rollout,3330,0,70,-0.025497718015685678,False,False,0.0,0.0,0,0,0,0.0,0.0,0.0,0.0,-0.025497718015685678,1,-0.025497718015685678
,academy_3_vs_1_with_keeper,123,collect_rollout,3331,0,23,-0.003333333181217313,False,False,0.0,0.0,0,0,0,0.0,0.0,0.0,0.0,-0.003333333181217313,1,-0.003333333181217313
,academy_3_vs_1_with_keeper,123,collect_rollout,3332,0,17,0.0006960751488804817,False,False,0.0,0.0,0,0,0,0.0,0.0,0.0,0.0,0.0006960751488804817,1,0.0006960751488804817
,academy_3_vs_1_with_keeper,123,collect_rollout,3333,0,84,0.017306853347690776,False,False,0.0,0.0,0,0,0,0.0,0.0,0.0,0.0,0.017306853347690776,1,0.017306853347690776
,academy_3_vs_1_with_keeper,123,collect_rollout,3334,0,21,-0.006666666362434626,False,False,0.0,0.0,0,0,0,0.0,0.0,0.0,0.0,-0.006666666362434626,1,-0.006666666362434626
,academy_3_vs_1_with_keeper,123,collect_rollout,3335,0,45,-0.005854526330949739,False,False,0.0,0.0,0,0,0,0.0,0.0,0.0,0.0,-0.005854526330949739,1,-0.005854526330949739
,academy_3_vs_1_with_keeper,123,collect_rollout,3336,0,30,2.12622450850904,False,False,0.0,0.0,0,0,0,0.0,0.0,0.0,0.0,2.12622450850904,1,2.12622450850904
,academy_3_vs_1_with_keeper,123,collect_rollout,3337,0,18,0.0188158507226035,False,False,0.0,0.0,0,0,0,0.0,0.0,0.0,0.0,0.0188158507226035,1,0.0188158507226035
,academy_3_vs_1_with_keeper,123,collect_rollout,3338,0,42,2.1500728947576135,False,False,0.0,0.0,0,0,0,0.0,0.0,0.0,0.0,2.1500728947576135,1,2.1500728947576135
,academy_3_vs_1_with_keeper,123,collect_rollout,3339,0,18,0.0,False,False,0.0,0.0,0,0,0,0.0,0.0,0.0,0.0,0.0,1,0.0
,academy_3_vs_1_with_keeper,123,collect_rollout,3340,0,18,-0.003333333181217313,False,False,0.0,0.0,0,0,0,0.0,0.0,0.0,0.0,-0.003333333181217313,1,-0.003333333181217313
,academy_3_vs_1_with_keeper,123,collect_rollout,3341,0,35,2.120001500006765,False,False,0.0,0.0,0,0,0,0.0,0.0,0.0,0.0,2.120001500006765,1,2.120001500006765
,academy_3_vs_1_with_keeper,123,collect_rollout,3342,0,24,2.1426684737671167,False,False,0.0,0.0,0,0,0,0.0,0.0,0.0,0.0,2.1426684737671167,1,2.1426684737671167
,academy_3_vs_1_with_keeper,123,collect_rollout,3343,0,17,0.0,False,False,0.0,0.0,0,0,0,0.0,0.0,0.0,0.0,0.0,1,0.0
,academy_3_vs_1_with_keeper,123,collect_rollout,3344,0,14,-0.003333333181217313,False,False,0.0,0.0,0,0,0,0.0,0.0,0.0,0.0,-0.003333333181217313,1,-0.003333333181217313
,academy_3_vs_1_with_keeper,123,collect_rollout,3345,0,23,-0.009999999543651938,False,False,0.0,0.0,0,0,0,0.0,0.0,0.0,0.0,-0.009999999543651938,1,-0.009999999543651938
,academy_3_vs_1_with_keeper,123,collect_rollout,3346,0,30,2.1214942302613053,False,False,0.0,0.0,0,0,0,0.0,0.0,0.0,0.0,2.1214942302613053,1,2.1214942302613053
,academy_3_vs_1_with_keeper,123,collect_rollout,3347,0,18,-0.003333333181217313,False,False,0.0,0.0,0,0,0,0.0,0.0,0.0,0.0,-0.003333333181217313,1,-0.003333333181217313
,academy_3_vs_1_with_keeper,123,collect_rollout,3348,0,17,-0.003333333181217313,False,False,0.0,0.0,0,0,0,0.0,0.0,0.0,0.0,-0.003333333181217313,1,-0.003333333181217313
,academy_3_vs_1_with_keeper,123,collect_rollout,3349,0,21,-0.009999999543651938,False,False,0.0,0.0,0,0,0,0.0,0.0,0.0,0.0,-0.009999999543651938,1,-0.009999999543651938
,academy_3_vs_1_with_keeper,123,collect_rollout,3350,0,9,0.044394259341061115,False,False,0.0,0.0,0,0,0,0.0,0.0,0.0,0.0,0.044394259341061115,1,0.044394259341061115
,academy_3_vs_1_with_keeper,123,collect_rollout,3351,0,34,2.131952202762477,False,False,0.0,0.0,0,0,0,0.0,0.0,0.0,0.0,2.131952202762477,1,2.131952202762477
,academy_3_vs_1_with_keeper,123,collect_rollout,3352,0,16,0.0,False,False,0.0,0.0,0,0,0,0.0,0.0,0.0,0.0,0.0,1,0.0
,academy_3_vs_1_with_keeper,123,collect_rollout,3353,0,17,-0.003333333181217313,False,False,0.0,0.0,0,0,0,0.0,0.0,0.0,0.0,-0.003333333181217313,1,-0.003333333181217313
,academy_3_vs_1_with_keeper,123,collect_rollout,3354,0,19,-0.006666666362434626,False,False,0.0,0.0,0,0,0,0.0,0.0,0.0,0.0,-0.006666666362434626,1,-0.006666666362434626
,academy_3_vs_1_with_keeper,123,collect_rollout,3355,0,15,0.0,False,False,0.0,0.0,0,0,0,0.0,0.0,0.0,0.0,0.0,1,0.0
,academy_3_vs_1_with_keeper,123,collect_rollout,3356,0,17,-0.003333333181217313,False,False,0.0,0.0,0,0,0,0.0,0.0,0.0,0.0,-0.003333333181217313,1,-0.003333333181217313
,academy_3_vs_1_with_keeper,123,collect_rollout,3357,0,17,-0.006666666362434626,False,False,0.0,0.0,0,0,0,0.0,0.0,0.0,0.0,-0.006666666362434626,1,-0.006666666362434626
,academy_3_vs_1_with_keeper,123,collect_rollout,3358,0,20,-0.003333333181217313,False,False,0.0,0.0,0,0,0,0.0,0.0,0.0,0.0,-0.003333333181217313,1,-0.003333333181217313
,academy_3_vs_1_with_keeper,123,collect_rollout,3359,0,28,2.1439960398711264,False,False,0.0,0.0,0,0,0,0.0,0.0,0.0,0.0,2.1439960398711264,1,2.1439960398711264
,academy_3_vs_1_with_keeper,123,collect_rollout,3360,0,29,2.1145122399320826,False,False,0.0,0.0,0,0,0,0.0,0.0,0.0,0.0,2.1145122399320826,1,2.1145122399320826
,academy_3_vs_1_with_keeper,123,collect_rollout,3361,0,22,0.0,False,False,0.0,0.0,0,0,0,0.0,0.0,0.0,0.0,0.0,1,0.0
,academy_3_vs_1_with_keeper,123,collect_rollout,3362,0,47,0.07292989839334041,False,False,0.0,0.0,0,0,0,0.0,0.0,0.0,0.0,0.07292989839334041,1,0.07292989839334041
,academy_3_vs_1_with_keeper,123,collect_rollout,3363,0,21,-0.006666666362434626,False,False,0.0,0.0,0,0,0,0.0,0.0,0.0,0.0,-0.006666666362434626,1,-0.006666666362434626
,academy_3_vs_1_with_keeper,123,collect_rollout,3364,0,21,2.1441755761625245,False,False,0.0,0.0,0,0,0,0.0,0.0,0.0,0.0,2.1441755761625245,1,2.1441755761625245
,academy_3_vs_1_with_keeper,123,collect_rollout,3365,0,8,0.024745903443545103,False,False,0.0,0.0,0,0,0,0.0,0.0,0.0,0.0,0.024745903443545103,1,0.024745903443545103
,academy_3_vs_1_with_keeper,123,collect_rollout,3366,0,18,0.0,False,False,0.0,0.0,0,0,0,0.0,0.0,0.0,0.0,0.0,1,0.0
,academy_3_vs_1_with_keeper,123,collect_rollout,3367,0,1801,-0.0683885490288958,False,False,0.0,0.0,0,0,0,0.0,0.0,0.0,0.0,-0.0683885490288958,1,-0.0683885490288958
,academy_3_vs_1_with_keeper,123,collect_rollout,3368,0,16,-0.003333333181217313,False,False,0.0,0.0,0,0,0,0.0,0.0,0.0,0.0,-0.003333333181217313,1,-0.003333333181217313
,academy_3_vs_1_with_keeper,123,collect_rollout,3369,0,23,0.12245570690720342,False,False,0.0,0.0,0,0,0,0.0,0.0,0.0,0.0,0.12245570690720342,1,0.12245570690720342
,academy_3_vs_1_with_keeper,123,collect_rollout,3370,0,23,-0.016666665906086564,False,False,0.0,0.0,0,0,0,0.0,0.0,0.0,0.0,-0.016666665906086564,1,-0.016666665906086564
,academy_3_vs_1_with_keeper,123,collect_rollout,3371,0,42,0.1179556209826842,False,False,0.0,0.0,0,0,0,0.0,0.0,0.0,0.0,0.1179556209826842,1,0.1179556209826842
,academy_3_vs_1_with_keeper,123,collect_rollout,3372,0,21,-0.009999999543651938,False,False,0.0,0.0,0,0,0,0.0,0.0,0.0,0.0,-0.009999999543651938,1,-0.009999999543651938
,academy_3_vs_1_with_keeper,123,collect_rollout,3373,0,18,0.0,False,False,0.0,0.0,0,0,0,0.0,0.0,0.0,0.0,0.0,1,0.0
,academy_3_vs_1_with_keeper,123,collect_rollout,3374,0,36,2.1313443585968344,False,False,0.0,0.0,0,0,0,0.0,0.0,0.0,0.0,2.1313443585968344,1,2.1313443585968344
,academy_3_vs_1_with_keeper,123,collect_rollout,3375,0,20,2.14367834944278,False,False,0.0,0.0,0,0,0,0.0,0.0,0.0,0.0,2.14367834944278,1,2.14367834944278
,academy_3_vs_1_with_keeper,123,collect_rollout,3376,0,18,-0.006031014025211334,False,False,0.0,0.0,0,0,0,0.0,0.0,0.0,0.0,-0.006031014025211334,1,-0.006031014025211334
,academy_3_vs_1_with_keeper,123,collect_rollout,3377,0,60,2.038533757266123,False,False,0.0,0.0,0,0,0,0.0,0.0,0.0,0.0,2.038533757266123,1,2.038533757266123
,academy_3_vs_1_with_keeper,123,collect_rollout,3378,0,20,0.0,False,False,0.0,0.0,0,0,0,0.0,0.0,0.0,0.0,0.0,1,0.0
,academy_3_vs_1_with_keeper,123,collect_rollout,3379,0,15,-0.003333333181217313,False,False,0.0,0.0,0,0,0,0.0,0.0,0.0,0.0,-0.003333333181217313,1,-0.003333333181217313
,academy_3_vs_1_with_keeper,123,collect_rollout,3380,0,38,-0.07333333021961153,False,False,0.0,0.0,0,0,0,0.0,0.0,0.0,0.0,-0.07333333021961153,1,-0.07333333021961153
,academy_3_vs_1_with_keeper,123,collect_rollout,3381,0,21,-0.003333333181217313,False,False,0.0,0.0,0,0,0,0.0,0.0,0.0,0.0,-0.003333333181217313,1,-0.003333333181217313
,academy_3_vs_1_with_keeper,123,collect_rollout,3382,0,15,0.030964436358772218,False,False,0.0,0.0,0,0,0,0.0,0.0,0.0,0.0,0.030964436358772218,1,0.030964436358772218
,academy_3_vs_1_with_keeper,123,collect_rollout,3383,0,19,-0.006666666362434626,False,False,0.0,0.0,0,0,0,0.0,0.0,0.0,0.0,-0.006666666362434626,1,-0.006666666362434626
,academy_3_vs_1_with_keeper,123,collect_rollout,3384,0,16,-0.003333333181217313,False,False,0.0,0.0,0,0,0,0.0,0.0,0.0,0.0,-0.003333333181217313,1,-0.003333333181217313
,academy_3_vs_1_with_keeper,123,collect_rollout,3385,0,17,-0.003333333181217313,False,False,0.0,0.0,0,0,0,0.0,0.0,0.0,0.0,-0.003333333181217313,1,-0.003333333181217313
,academy_3_vs_1_with_keeper,123,collect_rollout,3386,0,31,0.11855560285039246,False,False,0.0,0.0,0,0,0,0.0,0.0,0.0,0.0,0.11855560285039246,1,0.11855560285039246
,academy_3_vs_1_with_keeper,123,collect_rollout,3387,0,17,-0.006666666362434626,False,False,0.0,0.0,0,0,0,0.0,0.0,0.0,0.0,-0.006666666362434626,1,-0.006666666362434626
,academy_3_vs_1_with_keeper,123,collect_rollout,3388,0,19,-0.003333333181217313,False,False,0.0,0.0,0,0,0,0.0,0.0,0.0,0.0,-0.003333333181217313,1,-0.003333333181217313
,academy_3_vs_1_with_keeper,123,collect_rollout,3389,0,15,-0.009999999543651938,False,False,0.0,0.0,0,0,0,0.0,0.0,0.0,0.0,-0.009999999543651938,1,-0.009999999543651938
,academy_3_vs_1_with_keeper,123,collect_rollout,3390,0,16,0.0,False,False,0.0,0.0,0,0,0,0.0,0.0,0.0,0.0,0.0,1,0.0
,academy_3_vs_1_with_keeper,123,collect_rollout,3391,0,42,2.110592705794261,False,False,0.0,0.0,0,0,0,0.0,0.0,0.0,0.0,2.110592705794261,1,2.110592705794261
,academy_3_vs_1_with_keeper,123,collect_rollout,3392,0,14,-0.003333333181217313,False,False,0.0,0.0,0,0,0,0.0,0.0,0.0,0.0,-0.003333333181217313,1,-0.003333333181217313
,academy_3_vs_1_with_keeper,123,collect_rollout,3393,0,43,2.12931467150338,False,False,0.0,0.0,0,0,0,0.0,0.0,0.0,0.0,2.12931467150338,1,2.12931467150338
,academy_3_vs_1_with_keeper,123,collect_rollout,3394,0,16,-0.003333333181217313,False,False,0.0,0.0,0,0,0,0.0,0.0,0.0,0.0,-0.003333333181217313,1,-0.003333333181217313
,academy_3_vs_1_with_keeper,123,collect_rollout,3395,0,10,0.022231738548725843,False,False,0.0,0.0,0,0,0,0.0,0.0,0.0,0.0,0.022231738548725843,1,0.022231738548725843
,academy_3_vs_1_with_keeper,123,collect_rollout,3396,0,98,-0.3846056177280843,False,False,0.0,0.0,0,0,0,0.0,0.0,0.0,0.0,-0.3846056177280843,1,-0.3846056177280843
,academy_3_vs_1_with_keeper,123,collect_rollout,3397,0,88,0.1144610668416135,False,False,0.0,0.0,0,0,0,0.0,0.0,0.0,0.0,0.1144610668416135,1,0.1144610668416135
,academy_3_vs_1_with_keeper,123,collect_rollout,3398,0,14,0.013240022119134665,False,False,0.0,0.0,0,0,0,0.0,0.0,0.0,0.0,0.013240022119134665,1,0.013240022119134665
,academy_3_vs_1_with_keeper,123,collect_rollout,3399,0,20,-0.009999999543651938,False,False,0.0,0.0,0,0,0,0.0,0.0,0.0,0.0,-0.009999999543651938,1,-0.009999999543651938
,academy_3_vs_1_with_keeper,123,collect_rollout,3400,0,17,0.0,False,False,0.0,0.0,0,0,0,0.0,0.0,0.0,0.0,0.0,1,0.0
,academy_3_vs_1_with_keeper,123,collect_rollout,3401,0,14,-0.006666666362434626,False,False,0.0,0.0,0,0,0,0.0,0.0,0.0,0.0,-0.006666666362434626,1,-0.006666666362434626
,academy_3_vs_1_with_keeper,123,collect_rollout,3402,0,19,-0.003333333181217313,False,False,0.0,0.0,0,0,0,0.0,0.0,0.0,0.0,-0.003333333181217313,1,-0.003333333181217313
,academy_3_vs_1_with_keeper,123,collect_rollout,3403,0,15,0.0,False,False,0.0,0.0,0,0,0,0.0,0.0,0.0,0.0,0.0,1,0.0
,academy_3_vs_1_with_keeper,123,collect_rollout,3404,0,24,-0.006666666362434626,False,False,0.0,0.0,0,0,0,0.0,0.0,0.0,0.0,-0.006666666362434626,1,-0.006666666362434626
,academy_3_vs_1_with_keeper,123,collect_rollout,3405,0,35,2.125580759253353,False,False,0.0,0.0,0,0,0,0.0,0.0,0.0,0.0,2.125580759253353,1,2.125580759253353
,academy_3_vs_1_with_keeper,123,collect_rollout,3406,0,31,2.1373344437452033,False,False,0.0,0.0,0,0,0,0.0,0.0,0.0,0.0,2.1373344437452033,1,2.1373344437452033
,academy_3_vs_1_with_keeper,123,collect_rollout,3407,0,42,0.020876456517726183,False,False,0.0,0.0,0,0,0,0.0,0.0,0.0,0.0,0.020876456517726183,1,0.020876456517726183
,academy_3_vs_1_with_keeper,123,collect_rollout,3408,0,14,-0.003333333181217313,False,False,0.0,0.0,0,0,0,0.0,0.0,0.0,0.0,-0.003333333181217313,1,-0.003333333181217313
,academy_3_vs_1_with_keeper,123,collect_rollout,3409,0,11,0.03006049955729395,False,False,0.0,0.0,0,0,0,0.0,0.0,0.0,0.0,0.03006049955729395,1,0.03006049955729395
,academy_3_vs_1_with_keeper,123,collect_rollout,3410,0,20,2.146687845699489,False,False,0.0,0.0,0,0,0,0.0,0.0,0.0,0.0,2.146687845699489,1,2.146687845699489
,academy_3_vs_1_with_keeper,123,collect_rollout,3411,0,18,0.0,False,False,0.0,0.0,0,0,0,0.0,0.0,0.0,0.0,0.0,1,0.0
,academy_3_vs_1_with_keeper,123,collect_rollout,3412,0,19,0.0,False,False,0.0,0.0,0,0,0,0.0,0.0,0.0,0.0,0.0,1,0.0
,academy_3_vs_1_with_keeper,123,collect_rollout,3413,0,24,-0.006666666362434626,False,False,0.0,0.0,0,0,0,0.0,0.0,0.0,0.0,-0.006666666362434626,1,-0.006666666362434626
,academy_3_vs_1_with_keeper,123,collect_rollout,3414,0,45,0.027893399877939373,False,False,0.0,0.0,0,0,0,0.0,0.0,0.0,0.0,0.027893399877939373,1,0.027893399877939373
,academy_3_vs_1_with_keeper,123,collect_rollout,3415,0,42,0.04207763292288291,False,False,0.0,0.0,0,0,0,0.0,0.0,0.0,0.0,0.04207763292288291,1,0.04207763292288291
,academy_3_vs_1_with_keeper,123,collect_rollout,3416,0,19,-0.009999999543651938,False,False,0.0,0.0,0,0,0,0.0,0.0,0.0,0.0,-0.009999999543651938,1,-0.009999999543651938
,academy_3_vs_1_with_keeper,123,collect_rollout,3417,0,36,0.05107980058528483,False,False,0.0,0.0,0,0,0,0.0,0.0,0.0,0.0,0.05107980058528483,1,0.05107980058528483
,academy_3_vs_1_with_keeper,123,collect_rollout,3418,0,32,2.1140270408941433,False,False,0.0,0.0,0,0,0,0.0,0.0,0.0,0.0,2.1140270408941433,1,2.1140270408941433
,academy_3_vs_1_with_keeper,123,collect_rollout,3419,0,24,2.1348592264112085,False,False,0.0,0.0,0,0,0,0.0,0.0,0.0,0.0,2.1348592264112085,1,2.1348592264112085
,academy_3_vs_1_with_keeper,123,collect_rollout,3420,0,23,-0.003333333181217313,False,False,0.0,0.0,0,0,0,0.0,0.0,0.0,0.0,-0.003333333181217313,1,-0.003333333181217313
,academy_3_vs_1_with_keeper,123,collect_rollout,3421,0,19,-0.003333333181217313,False,False,0.0,0.0,0,0,0,0.0,0.0,0.0,0.0,-0.003333333181217313,1,-0.003333333181217313
,academy_3_vs_1_with_keeper,123,collect_rollout,3422,0,50,0.12171256321016699,False,False,0.0,0.0,0,0,0,0.0,0.0,0.0,0.0,0.12171256321016699,1,0.12171256321016699
,academy_3_vs_1_with_keeper,123,collect_rollout,3423,0,20,-0.006666666362434626,False,False,0.0,0.0,0,0,0,0.0,0.0,0.0,0.0,-0.006666666362434626,1,-0.006666666362434626
,academy_3_vs_1_with_keeper,123,collect_rollout,3424,0,17,0.0022083392832428217,False,False,0.0,0.0,0,0,0,0.0,0.0,0.0,0.0,0.0022083392832428217,1,0.0022083392832428217
,academy_3_vs_1_with_keeper,123,collect_rollout,3425,0,17,-0.006666666362434626,False,False,0.0,0.0,0,0,0,0.0,0.0,0.0,0.0,-0.006666666362434626,1,-0.006666666362434626
,academy_3_vs_1_with_keeper,123,collect_rollout,3426,0,17,-0.006666666362434626,False,False,0.0,0.0,0,0,0,0.0,0.0,0.0,0.0,-0.006666666362434626,1,-0.006666666362434626
,academy_3_vs_1_with_keeper,123,collect_rollout,3427,0,29,2.123649035813287,False,False,0.0,0.0,0,0,0,0.0,0.0,0.0,0.0,2.123649035813287,1,2.123649035813287
,academy_3_vs_1_with_keeper,123,collect_rollout,3428,0,19,-0.003333333181217313,False,False,0.0,0.0,0,0,0,0.0,0.0,0.0,0.0,-0.003333333181217313,1,-0.003333333181217313
,academy_3_vs_1_with_keeper,123,collect_rollout,3429,0,21,-0.006666666362434626,False,False,0.0,0.0,0,0,0,0.0,0.0,0.0,0.0,-0.006666666362434626,1,-0.006666666362434626
,academy_3_vs_1_with_keeper,123,collect_rollout,3430,0,20,-0.006666666362434626,False,False,0.0,0.0,0,0,0,0.0,0.0,0.0,0.0,-0.006666666362434626,1,-0.006666666362434626
,academy_3_vs_1_with_keeper,123,collect_rollout,3431,0,17,-0.006666666362434626,False,False,0.0,0.0,0,0,0,0.0,0.0,0.0,0.0,-0.006666666362434626,1,-0.006666666362434626
,academy_3_vs_1_with_keeper,123,collect_rollout,3432,0,19,-0.016666665906086564,False,False,0.0,0.0,0,0,0,0.0,0.0,0.0,0.0,-0.016666665906086564,1,-0.016666665906086564
,academy_3_vs_1_with_keeper,123,collect_rollout,3433,0,23,2.1293139790650457,False,False,0.0,0.0,0,0,0,0.0,0.0,0.0,0.0,2.1293139790650457,1,2.1293139790650457
,academy_3_vs_1_with_keeper,123,collect_rollout,3434,0,17,0.0,False,False,0.0,0.0,0,0,0,0.0,0.0,0.0,0.0,0.0,1,0.0
,academy_3_vs_1_with_keeper,123,collect_rollout,3435,0,83,1.7684586229152046,False,False,0.0,0.0,0,0,0,0.0,0.0,0.0,0.0,1.7684586229152046,1,1.7684586229152046
,academy_3_vs_1_with_keeper,123,collect_rollout,3436,0,33,2.1280575459823012,False,False,0.0,0.0,0,0,0,0.0,0.0,0.0,0.0,2.1280575459823012,1,2.1280575459823012
,academy_3_vs_1_with_keeper,123,collect_rollout,3437,0,21,-0.006666666362434626,False,False,0.0,0.0,0,0,0,0.0,0.0,0.0,0.0,-0.006666666362434626,1,-0.006666666362434626
,academy_3_vs_1_with_keeper,123,collect_rollout,3438,0,19,-0.013333332724869251,False,False,0.0,0.0,0,0,0,0.0,0.0,0.0,0.0,-0.013333332724869251,1,-0.013333332724869251
,academy_3_vs_1_with_keeper,123,collect_rollout,3439,0,14,-0.006666666362434626,False,False,0.0,0.0,0,0,0,0.0,0.0,0.0,0.0,-0.006666666362434626,1,-0.006666666362434626
,academy_3_vs_1_with_keeper,123,collect_rollout,3440,0,41,2.0678011383424746,False,False,0.0,0.0,0,0,0,0.0,0.0,0.0,0.0,2.0678011383424746,1,2.0678011383424746
,academy_3_vs_1_with_keeper,123,collect_rollout,3441,0,14,0.0,False,False,0.0,0.0,0,0,0,0.0,0.0,0.0,0.0,0.0,1,0.0
,academy_3_vs_1_with_keeper,123,collect_rollout,3442,0,18,-0.013333332724869251,False,False,0.0,0.0,0,0,0,0.0,0.0,0.0,0.0,-0.013333332724869251,1,-0.013333332724869251
,academy_3_vs_1_with_keeper,123,collect_rollout,3443,0,17,-0.003333333181217313,False,False,0.0,0.0,0,0,0,0.0,0.0,0.0,0.0,-0.003333333181217313,1,-0.003333333181217313
,academy_3_vs_1_with_keeper,123,collect_rollout,3444,0,21,-0.003333333181217313,False,False,0.0,0.0,0,0,0,0.0,0.0,0.0,0.0,-0.003333333181217313,1,-0.003333333181217313
,academy_3_vs_1_with_keeper,123,collect_rollout,3445,0,16,-0.013333332724869251,False,False,0.0,0.0,0,0,0,0.0,0.0,0.0,0.0,-0.013333332724869251,1,-0.013333332724869251
,academy_3_vs_1_with_keeper,123,collect_rollout,3446,0,20,-0.003333333181217313,False,False,0.0,0.0,0,0,0,0.0,0.0,0.0,0.0,-0.003333333181217313,1,-0.003333333181217313
,academy_3_vs_1_with_keeper,123,collect_rollout,3447,0,51,0.12125150498468429,False,False,0.0,0.0,0,0,0,0.0,0.0,0.0,0.0,0.12125150498468429,1,0.12125150498468429
,academy_3_vs_1_with_keeper,123,collect_rollout,3448,0,68,-0.028836781391873956,False,False,0.0,0.0,0,0,0,0.0,0.0,0.0,0.0,-0.028836781391873956,1,-0.028836781391873956
,academy_3_vs_1_with_keeper,123,collect_rollout,3449,0,22,-0.006666666362434626,False,False,0.0,0.0,0,0,0,0.0,0.0,0.0,0.0,-0.006666666362434626,1,-0.006666666362434626
,academy_3_vs_1_with_keeper,123,collect_rollout,3450,0,21,-0.003333333181217313,False,False,0.0,0.0,0,0,0,0.0,0.0,0.0,0.0,-0.003333333181217313,1,-0.003333333181217313
,academy_3_vs_1_with_keeper,123,collect_rollout,3451,0,22,-0.006666666362434626,False,False,0.0,0.0,0,0,0,0.0,0.0,0.0,0.0,-0.006666666362434626,1,-0.006666666362434626
,academy_3_vs_1_with_keeper,123,collect_rollout,3452,0,148,-0.2647403092123568,False,False,0.0,0.0,0,0,0,0.0,0.0,0.0,0.0,-0.2647403092123568,1,-0.2647403092123568
,academy_3_vs_1_with_keeper,123,collect_rollout,3453,0,18,0.0019710372434929013,False,False,0.0,0.0,0,0,0,0.0,0.0,0.0,0.0,0.0019710372434929013,1,0.0019710372434929013
,academy_3_vs_1_with_keeper,123,collect_rollout,3454,0,18,0.0,False,False,0.0,0.0,0,0,0,0.0,0.0,0.0,0.0,0.0,1,0.0
,academy_3_vs_1_with_keeper,123,collect_rollout,3455,0,39,2.068787222902756,False,False,0.0,0.0,0,0,0,0.0,0.0,0.0,0.0,2.068787222902756,1,2.068787222902756
,academy_3_vs_1_with_keeper,123,collect_rollout,3456,0,35,2.1268702966626734,False,False,0.0,0.0,0,0,0,0.0,0.0,0.0,0.0,2.1268702966626734,1,2.1268702966626734
,academy_3_vs_1_with_keeper,123,collect_rollout,3457,0,17,-0.003333333181217313,False,False,0.0,0.0,0,0,0,0.0,0.0,0.0,0.0,-0.003333333181217313,1,-0.003333333181217313
,academy_3_vs_1_with_keeper,123,collect_rollout,3458,0,19,-0.006666666362434626,False,False,0.0,0.0,0,0,0,0.0,0.0,0.0,0.0,-0.006666666362434626,1,-0.006666666362434626
,academy_3_vs_1_with_keeper,123,collect_rollout,3459,0,19,-0.006666666362434626,False,False,0.0,0.0,0,0,0,0.0,0.0,0.0,0.0,-0.006666666362434626,1,-0.006666666362434626
,academy_3_vs_1_with_keeper,123,collect_rollout,3460,0,18,-0.003333333181217313,False,False,0.0,0.0,0,0,0,0.0,0.0,0.0,0.0,-0.003333333181217313,1,-0.003333333181217313
,academy_3_vs_1_with_keeper,123,collect_rollout,3461,0,20,-0.003333333181217313,False,False,0.0,0.0,0,0,0,0.0,0.0,0.0,0.0,-0.003333333181217313,1,-0.003333333181217313
,academy_3_vs_1_with_keeper,123,collect_rollout,3462,0,17,-0.003333333181217313,False,False,0.0,0.0,0,0,0,0.0,0.0,0.0,0.0,-0.003333333181217313,1,-0.003333333181217313
,academy_3_vs_1_with_keeper,123,collect_rollout,3463,0,8,0.03997776412870735,False,False,0.0,0.0,0,0,0,0.0,0.0,0.0,0.0,0.03997776412870735,1,0.03997776412870735
,academy_3_vs_1_with_keeper,123,collect_rollout,3464,0,20,-0.013333332724869251,False,False,0.0,0.0,0,0,0,0.0,0.0,0.0,0.0,-0.013333332724869251,1,-0.013333332724869251
,academy_3_vs_1_with_keeper,123,collect_rollout,3465,0,97,0.009092145279282704,False,False,0.0,0.0,0,0,0,0.0,0.0,0.0,0.0,0.009092145279282704,1,0.009092145279282704
,academy_3_vs_1_with_keeper,123,collect_rollout,3466,0,19,-0.003333333181217313,False,False,0.0,0.0,0,0,0,0.0,0.0,0.0,0.0,-0.003333333181217313,1,-0.003333333181217313
,academy_3_vs_1_with_keeper,123,collect_rollout,3467,0,23,-0.009999999543651938,False,False,0.0,0.0,0,0,0,0.0,0.0,0.0,0.0,-0.009999999543651938,1,-0.009999999543651938
,academy_3_vs_1_with_keeper,123,collect_rollout,3468,0,13,0.029913135687820613,False,False,0.0,0.0,0,0,0,0.0,0.0,0.0,0.0,0.029913135687820613,1,0.029913135687820613
,academy_3_vs_1_with_keeper,123,collect_rollout,3469,0,92,1.78802735847421,False,False,0.0,0.0,0,0,0,0.0,0.0,0.0,0.0,1.78802735847421,1,1.78802735847421
,academy_3_vs_1_with_keeper,123,collect_rollout,3470,0,15,0.0,False,False,0.0,0.0,0,0,0,0.0,0.0,0.0,0.0,0.0,1,0.0
,academy_3_vs_1_with_keeper,123,collect_rollout,3471,0,22,-0.009999999543651938,False,False,0.0,0.0,0,0,0,0.0,0.0,0.0,0.0,-0.009999999543651938,1,-0.009999999543651938
,academy_3_vs_1_with_keeper,123,collect_rollout,3472,0,38,0.11231260537169874,False,False,0.0,0.0,0,0,0,0.0,0.0,0.0,0.0,0.11231260537169874,1,0.11231260537169874
,academy_3_vs_1_with_keeper,123,collect_rollout,3473,0,19,-0.013333332724869251,False,False,0.0,0.0,0,0,0,0.0,0.0,0.0,0.0,-0.013333332724869251,1,-0.013333332724869251
,academy_3_vs_1_with_keeper,123,collect_rollout,3474,0,46,2.0745659006061032,False,False,0.0,0.0,0,0,0,0.0,0.0,0.0,0.0,2.0745659006061032,1,2.0745659006061032
,academy_3_vs_1_with_keeper,123,collect_rollout,3475,0,14,-0.009999999543651938,False,False,0.0,0.0,0,0,0,0.0,0.0,0.0,0.0,-0.009999999543651938,1,-0.009999999543651938
,academy_3_vs_1_with_keeper,123,collect_rollout,3476,0,15,0.0,False,False,0.0,0.0,0,0,0,0.0,0.0,0.0,0.0,0.0,1,0.0
,academy_3_vs_1_with_keeper,123,collect_rollout,3477,0,31,2.104571002535522,False,False,0.0,0.0,0,0,0,0.0,0.0,0.0,0.0,2.104571002535522,1,2.104571002535522
,academy_3_vs_1_with_keeper,123,collect_rollout,3478,0,18,-0.019999999087303877,False,False,0.0,0.0,0,0,0,0.0,0.0,0.0,0.0,-0.019999999087303877,1,-0.019999999087303877
,academy_3_vs_1_with_keeper,123,collect_rollout,3479,0,7,0.030666054459288716,False,False,0.0,0.0,0,0,0,0.0,0.0,0.0,0.0,0.030666054459288716,1,0.030666054459288716
,academy_3_vs_1_with_keeper,123,collect_rollout,3480,0,21,-0.013333332724869251,False,False,0.0,0.0,0,0,0,0.0,0.0,0.0,0.0,-0.013333332724869251,1,-0.013333332724869251
,academy_3_vs_1_with_keeper,123,collect_rollout,3481,0,19,0.0,False,False,0.0,0.0,0,0,0,0.0,0.0,0.0,0.0,0.0,1,0.0
,academy_3_vs_1_with_keeper,123,collect_rollout,3482,0,51,0.033802670155637315,False,False,0.0,0.0,0,0,0,0.0,0.0,0.0,0.0,0.033802670155637315,1,0.033802670155637315
,academy_3_vs_1_with_keeper,123,collect_rollout,3483,0,13,0.023779258830472827,False,False,0.0,0.0,0,0,0,0.0,0.0,0.0,0.0,0.023779258830472827,1,0.023779258830472827
,academy_3_vs_1_with_keeper,123,collect_rollout,3484,0,13,0.008469426014926285,False,False,0.0,0.0,0,0,0,0.0,0.0,0.0,0.0,0.008469426014926285,1,0.008469426014926285
,academy_3_vs_1_with_keeper,123,collect_rollout,3485,0,20,-0.013333332724869251,False,False,0.0,0.0,0,0,0,0.0,0.0,0.0,0.0,-0.013333332724869251,1,-0.013333332724869251
,academy_3_vs_1_with_keeper,123,collect_rollout,3486,0,13,0.008962730062194169,False,False,0.0,0.0,0,0,0,0.0,0.0,0.0,0.0,0.008962730062194169,1,0.008962730062194169
,academy_3_vs_1_with_keeper,123,collect_rollout,3487,0,19,-0.019999999087303877,False,False,0.0,0.0,0,0,0,0.0,0.0,0.0,0.0,-0.019999999087303877,1,-0.019999999087303877
,academy_3_vs_1_with_keeper,123,collect_rollout,3488,0,11,0.02445613220334053,False,False,0.0,0.0,0,0,0,0.0,0.0,0.0,0.0,0.02445613220334053,1,0.02445613220334053
,academy_3_vs_1_with_keeper,123,collect_rollout,3489,0,18,-0.003333333181217313,False,False,0.0,0.0,0,0,0,0.0,0.0,0.0,0.0,-0.003333333181217313,1,-0.003333333181217313
,academy_3_vs_1_with_keeper,123,collect_rollout,3490,0,30,2.1301162450108677,False,False,0.0,0.0,0,0,0,0.0,0.0,0.0,0.0,2.1301162450108677,1,2.1301162450108677
,academy_3_vs_1_with_keeper,123,collect_rollout,3491,0,18,-0.006666666362434626,False,False,0.0,0.0,0,0,0,0.0,0.0,0.0,0.0,-0.006666666362434626,1,-0.006666666362434626
,academy_3_vs_1_with_keeper,123,collect_rollout,3492,0,27,0.3503553530899808,False,False,0.0,0.0,0,0,0,0.0,0.0,0.0,0.0,0.3503553530899808,1,0.3503553530899808
,academy_3_vs_1_with_keeper,123,collect_rollout,3493,0,19,-0.003333333181217313,False,False,0.0,0.0,0,0,0,0.0,0.0,0.0,0.0,-0.003333333181217313,1,-0.003333333181217313
,academy_3_vs_1_with_keeper,123,collect_rollout,3494,0,94,0.09942237366340123,False,False,0.0,0.0,0,0,0,0.0,0.0,0.0,0.0,0.09942237366340123,1,0.09942237366340123
,academy_3_vs_1_with_keeper,123,collect_rollout,3495,0,13,-0.013333332724869251,False,False,0.0,0.0,0,0,0,0.0,0.0,0.0,0.0,-0.013333332724869251,1,-0.013333332724869251
,academy_3_vs_1_with_keeper,123,collect_rollout,3496,0,43,0.09311420074664056,False,False,0.0,0.0,0,0,0,0.0,0.0,0.0,0.0,0.09311420074664056,1,0.09311420074664056
,academy_3_vs_1_with_keeper,123,collect_rollout,3497,0,15,-0.003333333181217313,False,False,0.0,0.0,0,0,0,0.0,0.0,0.0,0.0,-0.003333333181217313,1,-0.003333333181217313
,academy_3_vs_1_with_keeper,123,collect_rollout,3498,0,17,-0.006666666362434626,False,False,0.0,0.0,0,0,0,0.0,0.0,0.0,0.0,-0.006666666362434626,1,-0.006666666362434626
,academy_3_vs_1_with_keeper,123,collect_rollout,3499,0,12,0.024012928130105138,False,False,0.0,0.0,0,0,0,0.0,0.0,0.0,0.0,0.024012928130105138,1,0.024012928130105138
,academy_3_vs_1_with_keeper,123,collect_rollout,3500,0,17,-0.003333333181217313,False,False,0.0,0.0,0,0,0,0.0,0.0,0.0,0.0,-0.003333333181217313,1,-0.003333333181217313
,academy_3_vs_1_with_keeper,123,collect_rollout,3501,0,36,2.123950394743588,False,False,0.0,0.0,0,0,0,0.0,0.0,0.0,0.0,2.123950394743588,1,2.123950394743588
,academy_3_vs_1_with_keeper,123,collect_rollout,3502,0,26,2.1312751958612353,False,False,0.0,0.0,0,0,0,0.0,0.0,0.0,0.0,2.1312751958612353,1,2.1312751958612353
,academy_3_vs_1_with_keeper,123,collect_rollout,3503,0,20,-0.006666666362434626,False,False,0.0,0.0,0,0,0,0.0,0.0,0.0,0.0,-0.006666666362434626,1,-0.006666666362434626
,academy_3_vs_1_with_keeper,123,collect_rollout,3504,0,60,-0.03574055526405573,False,False,0.0,0.0,0,0,0,0.0,0.0,0.0,0.0,-0.03574055526405573,1,-0.03574055526405573
,academy_3_vs_1_with_keeper,123,collect_rollout,3505,0,9,0.03139849420404062,False,False,0.0,0.0,0,0,0,0.0,0.0,0.0,0.0,0.03139849420404062,1,0.03139849420404062
,academy_3_vs_1_with_keeper,123,collect_rollout,3506,0,14,-0.003333333181217313,False,False,0.0,0.0,0,0,0,0.0,0.0,0.0,0.0,-0.003333333181217313,1,-0.003333333181217313
,academy_3_vs_1_with_keeper,123,collect_rollout,3507,0,16,-0.006666666362434626,False,False,0.0,0.0,0,0,0,0.0,0.0,0.0,0.0,-0.006666666362434626,1,-0.006666666362434626
,academy_3_vs_1_with_keeper,123,collect_rollout,3508,0,19,-0.006666666362434626,False,False,0.0,0.0,0,0,0,0.0,0.0,0.0,0.0,-0.006666666362434626,1,-0.006666666362434626
,academy_3_vs_1_with_keeper,123,collect_rollout,3509,0,18,0.0,False,False,0.0,0.0,0,0,0,0.0,0.0,0.0,0.0,0.0,1,0.0
,academy_3_vs_1_with_keeper,123,collect_rollout,3510,0,21,-0.009999999543651938,False,False,0.0,0.0,0,0,0,0.0,0.0,0.0,0.0,-0.009999999543651938,1,-0.009999999543651938
,academy_3_vs_1_with_keeper,123,collect_rollout,3511,0,30,2.1224128456087783,False,False,0.0,0.0,0,0,0,0.0,0.0,0.0,0.0,2.1224128456087783,1,2.1224128456087783
,academy_3_vs_1_with_keeper,123,collect_rollout,3512,0,10,0.0272896820679307,False,False,0.0,0.0,0,0,0,0.0,0.0,0.0,0.0,0.0272896820679307,1,0.0272896820679307
,academy_3_vs_1_with_keeper,123,collect_rollout,3513,0,38,0.06265916489064693,False,False,0.0,0.0,0,0,0,0.0,0.0,0.0,0.0,0.06265916489064693,1,0.06265916489064693
,academy_3_vs_1_with_keeper,123,collect_rollout,3514,0,19,-0.013333332724869251,False,False,0.0,0.0,0,0,0,0.0,0.0,0.0,0.0,-0.013333332724869251,1,-0.013333332724869251
,academy_3_vs_1_with_keeper,123,collect_rollout,3515,0,33,2.113365400582552,False,False,0.0,0.0,0,0,0,0.0,0.0,0.0,0.0,2.113365400582552,1,2.113365400582552
,academy_3_vs_1_with_keeper,123,collect_rollout,3516,0,17,0.0,False,False,0.0,0.0,0,0,0,0.0,0.0,0.0,0.0,0.0,1,0.0
,academy_3_vs_1_with_keeper,123,collect_rollout,3517,0,49,-0.020559043739922345,False,False,0.0,0.0,0,0,0,0.0,0.0,0.0,0.0,-0.020559043739922345,1,-0.020559043739922345
,academy_3_vs_1_with_keeper,123,collect_rollout,3518,0,15,0.018709611147642136,False,False,0.0,0.0,0,0,0,0.0,0.0,0.0,0.0,0.018709611147642136,1,0.018709611147642136
,academy_3_vs_1_with_keeper,123,collect_rollout,3519,0,22,-0.016666665906086564,False,False,0.0,0.0,0,0,0,0.0,0.0,0.0,0.0,-0.016666665906086564,1,-0.016666665906086564
,academy_3_vs_1_with_keeper,123,collect_rollout,3520,0,80,-0.15991719796147663,False,False,0.0,0.0,0,0,0,0.0,0.0,0.0,0.0,-0.15991719796147663,1,-0.15991719796147663
,academy_3_vs_1_with_keeper,123,collect_rollout,3521,0,20,0.014648500364273787,False,False,0.0,0.0,0,0,0,0.0,0.0,0.0,0.0,0.014648500364273787,1,0.014648500364273787
,academy_3_vs_1_with_keeper,123,collect_rollout,3522,0,10,0.024016493698582053,False,False,0.0,0.0,0,0,0,0.0,0.0,0.0,0.0,0.024016493698582053,1,0.024016493698582053
,academy_3_vs_1_with_keeper,123,collect_rollout,3523,0,19,0.0,False,False,0.0,0.0,0,0,0,0.0,0.0,0.0,0.0,0.0,1,0.0
,academy_3_vs_1_with_keeper,123,collect_rollout,3524,0,18,-0.003333333181217313,False,False,0.0,0.0,0,0,0,0.0,0.0,0.0,0.0,-0.003333333181217313,1,-0.003333333181217313
,academy_3_vs_1_with_keeper,123,collect_rollout,3525,0,17,0.0,False,False,0.0,0.0,0,0,0,0.0,0.0,0.0,0.0,0.0,1,0.0
,academy_3_vs_1_with_keeper,123,collect_rollout,3526,0,12,0.026371600106358528,False,False,0.0,0.0,0,0,0,0.0,0.0,0.0,0.0,0.026371600106358528,1,0.026371600106358528
,academy_3_vs_1_with_keeper,123,collect_rollout,3527,0,18,0.0,False,False,0.0,0.0,0,0,0,0.0,0.0,0.0,0.0,0.0,1,0.0
,academy_3_vs_1_with_keeper,123,collect_rollout,3528,0,133,0.05365157104097307,False,False,0.0,0.0,0,0,0,0.0,0.0,0.0,0.0,0.05365157104097307,1,0.05365157104097307
,academy_3_vs_1_with_keeper,123,collect_rollout,3529,0,9,0.04031318717170507,False,False,0.0,0.0,0,0,0,0.0,0.0,0.0,0.0,0.04031318717170507,1,0.04031318717170507
,academy_3_vs_1_with_keeper,123,collect_rollout,3530,0,89,1.8123873358708806,False,False,0.0,0.0,0,0,0,0.0,0.0,0.0,0.0,1.8123873358708806,1,1.8123873358708806
,academy_3_vs_1_with_keeper,123,collect_rollout,3531,0,22,-0.003333333181217313,False,False,0.0,0.0,0,0,0,0.0,0.0,0.0,0.0,-0.003333333181217313,1,-0.003333333181217313
,academy_3_vs_1_with_keeper,123,collect_rollout,3532,0,20,-0.016666665906086564,False,False,0.0,0.0,0,0,0,0.0,0.0,0.0,0.0,-0.016666665906086564,1,-0.016666665906086564
,academy_3_vs_1_with_keeper,123,collect_rollout,3533,0,79,0.032009199261665344,False,False,0.0,0.0,0,0,0,0.0,0.0,0.0,0.0,0.032009199261665344,1,0.032009199261665344
,academy_3_vs_1_with_keeper,123,collect_rollout,3534,0,1801,-0.5403229942603502,False,False,0.0,0.0,0,0,0,0.0,0.0,0.0,0.0,-0.5403229942603502,1,-0.5403229942603502
,academy_3_vs_1_with_keeper,123,collect_rollout,3535,0,20,-0.006666666362434626,False,False,0.0,0.0,0,0,0,0.0,0.0,0.0,0.0,-0.006666666362434626,1,-0.006666666362434626
,academy_3_vs_1_with_keeper,123,collect_rollout,3536,0,117,-0.16328398045152426,False,False,0.0,0.0,0,0,0,0.0,0.0,0.0,0.0,-0.16328398045152426,1,-0.16328398045152426
,academy_3_vs_1_with_keeper,123,collect_rollout,3537,0,19,0.0,False,False,0.0,0.0,0,0,0,0.0,0.0,0.0,0.0,0.0,1,0.0
,academy_3_vs_1_with_keeper,123,collect_rollout,3538,0,11,0.03649204957764596,False,False,0.0,0.0,0,0,0,0.0,0.0,0.0,0.0,0.03649204957764596,1,0.03649204957764596
,academy_3_vs_1_with_keeper,123,collect_rollout,3539,0,20,-0.003333333181217313,False,False,0.0,0.0,0,0,0,0.0,0.0,0.0,0.0,-0.003333333181217313,1,-0.003333333181217313
,academy_3_vs_1_with_keeper,123,collect_rollout,3540,0,75,-0.0885501749580726,False,False,0.0,0.0,0,0,0,0.0,0.0,0.0,0.0,-0.0885501749580726,1,-0.0885501749580726
,academy_3_vs_1_with_keeper,123,collect_rollout,3541,0,57,0.12741393892792985,False,False,0.0,0.0,0,0,0,0.0,0.0,0.0,0.0,0.12741393892792985,1,0.12741393892792985
,academy_3_vs_1_with_keeper,123,collect_rollout,3542,0,18,-0.009999999543651938,False,False,0.0,0.0,0,0,0,0.0,0.0,0.0,0.0,-0.009999999543651938,1,-0.009999999543651938
,academy_3_vs_1_with_keeper,123,collect_rollout,3543,0,105,-0.25178006547503173,False,False,0.0,0.0,0,0,0,0.0,0.0,0.0,0.0,-0.25178006547503173,1,-0.25178006547503173
,academy_3_vs_1_with_keeper,123,collect_rollout,3544,0,18,-0.003333333181217313,False,False,0.0,0.0,0,0,0,0.0,0.0,0.0,0.0,-0.003333333181217313,1,-0.003333333181217313
,academy_3_vs_1_with_keeper,123,collect_rollout,3545,0,35,2.106955436640419,False,False,0.0,0.0,0,0,0,0.0,0.0,0.0,0.0,2.106955436640419,1,2.106955436640419
,academy_3_vs_1_with_keeper,123,collect_rollout,3546,0,18,-0.003333333181217313,False,False,0.0,0.0,0,0,0,0.0,0.0,0.0,0.0,-0.003333333181217313,1,-0.003333333181217313
,academy_3_vs_1_with_keeper,123,collect_rollout,3547,0,22,-0.019999999087303877,False,False,0.0,0.0,0,0,0,0.0,0.0,0.0,0.0,-0.019999999087303877,1,-0.019999999087303877
,academy_3_vs_1_with_keeper,123,collect_rollout,3548,0,29,2.1383248907513916,False,False,0.0,0.0,0,0,0,0.0,0.0,0.0,0.0,2.1383248907513916,1,2.1383248907513916
,academy_3_vs_1_with_keeper,123,collect_rollout,3549,0,89,0.0532186315394938,False,False,0.0,0.0,0,0,0,0.0,0.0,0.0,0.0,0.0532186315394938,1,0.0532186315394938
,academy_3_vs_1_with_keeper,123,collect_rollout,3550,0,16,-0.003333333181217313,False,False,0.0,0.0,0,0,0,0.0,0.0,0.0,0.0,-0.003333333181217313,1,-0.003333333181217313
,academy_3_vs_1_with_keeper,123,collect_rollout,3551,0,16,0.0036625864449888468,False,False,0.0,0.0,0,0,0,0.0,0.0,0.0,0.0,0.0036625864449888468,1,0.0036625864449888468
,academy_3_vs_1_with_keeper,123,collect_rollout,3552,0,31,2.12644925666973,False,False,0.0,0.0,0,0,0,0.0,0.0,0.0,0.0,2.12644925666973,1,2.12644925666973
,academy_3_vs_1_with_keeper,123,collect_rollout,3553,0,5,0.034002173226326704,False,False,0.0,0.0,0,0,0,0.0,0.0,0.0,0.0,0.034002173226326704,1,0.034002173226326704
,academy_3_vs_1_with_keeper,123,collect_rollout,3554,0,33,2.1150387020315975,False,False,0.0,0.0,0,0,0,0.0,0.0,0.0,0.0,2.1150387020315975,1,2.1150387020315975
,academy_3_vs_1_with_keeper,123,collect_rollout,3555,0,20,-0.006666666362434626,False,False,0.0,0.0,0,0,0,0.0,0.0,0.0,0.0,-0.006666666362434626,1,-0.006666666362434626
,academy_3_vs_1_with_keeper,123,collect_rollout,3556,0,92,0.09903545305132866,False,False,0.0,0.0,0,0,0,0.0,0.0,0.0,0.0,0.09903545305132866,1,0.09903545305132866
,academy_3_vs_1_with_keeper,123,collect_rollout,3557,0,17,-0.009999999543651938,False,False,0.0,0.0,0,0,0,0.0,0.0,0.0,0.0,-0.009999999543651938,1,-0.009999999543651938
,academy_3_vs_1_with_keeper,123,collect_rollout,3558,0,16,-0.003333333181217313,False,False,0.0,0.0,0,0,0,0.0,0.0,0.0,0.0,-0.003333333181217313,1,-0.003333333181217313
,academy_3_vs_1_with_keeper,123,collect_rollout,3559,0,11,0.037269261199980974,False,False,0.0,0.0,0,0,0,0.0,0.0,0.0,0.0,0.037269261199980974,1,0.037269261199980974
,academy_3_vs_1_with_keeper,123,collect_rollout,3560,0,95,0.10209785084589384,False,False,0.0,0.0,0,0,0,0.0,0.0,0.0,0.0,0.10209785084589384,1,0.10209785084589384
,academy_3_vs_1_with_keeper,123,collect_rollout,3561,0,16,-0.009999999543651938,False,False,0.0,0.0,0,0,0,0.0,0.0,0.0,0.0,-0.009999999543651938,1,-0.009999999543651938
,academy_3_vs_1_with_keeper,123,collect_rollout,3562,0,25,2.1304177282145247,False,False,0.0,0.0,0,0,0,0.0,0.0,0.0,0.0,2.1304177282145247,1,2.1304177282145247
,academy_3_vs_1_with_keeper,123,collect_rollout,3563,0,59,0.004700593184679747,False,False,0.0,0.0,0,0,0,0.0,0.0,0.0,0.0,0.004700593184679747,1,0.004700593184679747
,academy_3_vs_1_with_keeper,123,collect_rollout,3564,0,21,-0.003333333181217313,False,False,0.0,0.0,0,0,0,0.0,0.0,0.0,0.0,-0.003333333181217313,1,-0.003333333181217313
,academy_3_vs_1_with_keeper,123,collect_rollout,3565,0,143,-0.06809361628256738,False,False,0.0,0.0,0,0,0,0.0,0.0,0.0,0.0,-0.06809361628256738,1,-0.06809361628256738
,academy_3_vs_1_with_keeper,123,collect_rollout,3566,0,22,-0.003333333181217313,False,False,0.0,0.0,0,0,0,0.0,0.0,0.0,0.0,-0.003333333181217313,1,-0.003333333181217313
,academy_3_vs_1_with_keeper,123,collect_rollout,3567,0,88,-0.0139509491273202,False,False,0.0,0.0,0,0,0,0.0,0.0,0.0,0.0,-0.0139509491273202,1,-0.0139509491273202
,academy_3_vs_1_with_keeper,123,collect_rollout,3568,0,30,2.1356467242585495,False,False,0.0,0.0,0,0,0,0.0,0.0,0.0,0.0,2.1356467242585495,1,2.1356467242585495
,academy_3_vs_1_with_keeper,123,collect_rollout,3569,0,10,0.01821846328675747,False,False,0.0,0.0,0,0,0,0.0,0.0,0.0,0.0,0.01821846328675747,1,0.01821846328675747
,academy_3_vs_1_with_keeper,123,collect_rollout,3570,0,16,-0.003333333181217313,False,False,0.0,0.0,0,0,0,0.0,0.0,0.0,0.0,-0.003333333181217313,1,-0.003333333181217313
,academy_3_vs_1_with_keeper,123,collect_rollout,3571,0,38,2.1046174978255294,False,False,0.0,0.0,0,0,0,0.0,0.0,0.0,0.0,2.1046174978255294,1,2.1046174978255294
,academy_3_vs_1_with_keeper,123,collect_rollout,3572,0,54,-0.017060241429135203,False,False,0.0,0.0,0,0,0,0.0,0.0,0.0,0.0,-0.017060241429135203,1,-0.017060241429135203
,academy_3_vs_1_with_keeper,123,collect_rollout,3573,0,10,0.03810874791815877,False,False,0.0,0.0,0,0,0,0.0,0.0,0.0,0.0,0.03810874791815877,1,0.03810874791815877
,academy_3_vs_1_with_keeper,123,collect_rollout,3574,0,14,-0.006666666362434626,False,False,0.0,0.0,0,0,0,0.0,0.0,0.0,0.0,-0.006666666362434626,1,-0.006666666362434626
,academy_3_vs_1_with_keeper,123,collect_rollout,3575,0,14,0.0,False,False,0.0,0.0,0,0,0,0.0,0.0,0.0,0.0,0.0,1,0.0
,academy_3_vs_1_with_keeper,123,collect_rollout,3576,0,16,-0.003333333181217313,False,False,0.0,0.0,0,0,0,0.0,0.0,0.0,0.0,-0.003333333181217313,1,-0.003333333181217313
,academy_3_vs_1_with_keeper,123,collect_rollout,3577,0,17,-0.003333333181217313,False,False,0.0,0.0,0,0,0,0.0,0.0,0.0,0.0,-0.003333333181217313,1,-0.003333333181217313
,academy_3_vs_1_with_keeper,123,collect_rollout,3578,0,51,0.12893345626071095,False,False,0.0,0.0,0,0,0,0.0,0.0,0.0,0.0,0.12893345626071095,1,0.12893345626071095
,academy_3_vs_1_with_keeper,123,collect_rollout,3579,0,11,0.01510255178436637,False,False,0.0,0.0,0,0,0,0.0,0.0,0.0,0.0,0.01510255178436637,1,0.01510255178436637
,academy_3_vs_1_with_keeper,123,collect_rollout,3580,0,57,-0.016984523041173816,False,False,0.0,0.0,0,0,0,0.0,0.0,0.0,0.0,-0.016984523041173816,1,-0.016984523041173816
,academy_3_vs_1_with_keeper,123,collect_rollout,3581,0,40,2.104514953600301,False,False,0.0,0.0,0,0,0,0.0,0.0,0.0,0.0,2.104514953600301,1,2.104514953600301
,academy_3_vs_1_with_keeper,123,collect_rollout,3582,0,95,0.10511177615262568,False,False,0.0,0.0,0,0,0,0.0,0.0,0.0,0.0,0.10511177615262568,1,0.10511177615262568
,academy_3_vs_1_with_keeper,123,collect_rollout,3583,0,17,-0.003333333181217313,False,False,0.0,0.0,0,0,0,0.0,0.0,0.0,0.0,-0.003333333181217313,1,-0.003333333181217313
,academy_3_vs_1_with_keeper,123,collect_rollout,3584,0,45,2.103707185597159,False,False,0.0,0.0,0,0,0,0.0,0.0,0.0,0.0,2.103707185597159,1,2.103707185597159
,academy_3_vs_1_with_keeper,123,collect_rollout,3585,0,23,-0.003333333181217313,False,False,0.0,0.0,0,0,0,0.0,0.0,0.0,0.0,-0.003333333181217313,1,-0.003333333181217313
,academy_3_vs_1_with_keeper,123,collect_rollout,3586,0,35,0.12102040532045066,False,False,0.0,0.0,0,0,0,0.0,0.0,0.0,0.0,0.12102040532045066,1,0.12102040532045066
,academy_3_vs_1_with_keeper,123,collect_rollout,3587,0,16,0.0,False,False,0.0,0.0,0,0,0,0.0,0.0,0.0,0.0,0.0,1,0.0
,academy_3_vs_1_with_keeper,123,collect_rollout,3588,0,19,0.0,False,False,0.0,0.0,0,0,0,0.0,0.0,0.0,0.0,0.0,1,0.0
,academy_3_vs_1_with_keeper,123,collect_rollout,3589,0,17,-0.003333333181217313,False,False,0.0,0.0,0,0,0,0.0,0.0,0.0,0.0,-0.003333333181217313,1,-0.003333333181217313
,academy_3_vs_1_with_keeper,123,collect_rollout,3590,0,19,-0.006666666362434626,False,False,0.0,0.0,0,0,0,0.0,0.0,0.0,0.0,-0.006666666362434626,1,-0.006666666362434626
,academy_3_vs_1_with_keeper,123,collect_rollout,3591,0,52,0.022189399460330606,False,False,0.0,0.0,0,0,0,0.0,0.0,0.0,0.0,0.022189399460330606,1,0.022189399460330606
,academy_3_vs_1_with_keeper,123,collect_rollout,3592,0,47,0.07612922554835677,False,False,0.0,0.0,0,0,0,0.0,0.0,0.0,0.0,0.07612922554835677,1,0.07612922554835677
,academy_3_vs_1_with_keeper,123,collect_rollout,3593,0,22,-0.006666666362434626,False,False,0.0,0.0,0,0,0,0.0,0.0,0.0,0.0,-0.006666666362434626,1,-0.006666666362434626
,academy_3_vs_1_with_keeper,123,collect_rollout,3594,0,147,-0.009636124945245683,False,False,0.0,0.0,0,0,0,0.0,0.0,0.0,0.0,-0.009636124945245683,1,-0.009636124945245683
,academy_3_vs_1_with_keeper,123,collect_rollout,3595,0,38,2.132123945862986,False,False,0.0,0.0,0,0,0,0.0,0.0,0.0,0.0,2.132123945862986,1,2.132123945862986
,academy_3_vs_1_with_keeper,123,collect_rollout,3596,0,15,-0.006666666362434626,False,False,0.0,0.0,0,0,0,0.0,0.0,0.0,0.0,-0.006666666362434626,1,-0.006666666362434626
,academy_3_vs_1_with_keeper,123,collect_rollout,3597,0,15,0.022201422485522926,False,False,0.0,0.0,0,0,0,0.0,0.0,0.0,0.0,0.022201422485522926,1,0.022201422485522926
,academy_3_vs_1_with_keeper,123,collect_rollout,3598,0,19,-0.006666666362434626,False,False,0.0,0.0,0,0,0,0.0,0.0,0.0,0.0,-0.006666666362434626,1,-0.006666666362434626
,academy_3_vs_1_with_keeper,123,collect_rollout,3599,0,20,2.1369119996670634,False,False,0.0,0.0,0,0,0,0.0,0.0,0.0,0.0,2.1369119996670634,1,2.1369119996670634
,academy_3_vs_1_with_keeper,123,collect_rollout,3600,0,21,2.124062799382955,False,False,0.0,0.0,0,0,0,0.0,0.0,0.0,0.0,2.124062799382955,1,2.124062799382955
,academy_3_vs_1_with_keeper,123,collect_rollout,3601,0,106,-1.222751505090855,False,False,0.0,0.0,0,0,0,0.0,0.0,0.0,0.0,-1.222751505090855,1,-1.222751505090855
,academy_3_vs_1_with_keeper,123,collect_rollout,3602,0,22,2.132663456373848,False,False,0.0,0.0,0,0,0,0.0,0.0,0.0,0.0,2.132663456373848,1,2.132663456373848
,academy_3_vs_1_with_keeper,123,collect_rollout,3603,0,20,-0.003333333181217313,False,False,0.0,0.0,0,0,0,0.0,0.0,0.0,0.0,-0.003333333181217313,1,-0.003333333181217313
,academy_3_vs_1_with_keeper,123,collect_rollout,3604,0,19,0.0,False,False,0.0,0.0,0,0,0,0.0,0.0,0.0,0.0,0.0,1,0.0
,academy_3_vs_1_with_keeper,123,collect_rollout,3605,0,21,0.0,False,False,0.0,0.0,0,0,0,0.0,0.0,0.0,0.0,0.0,1,0.0
,academy_3_vs_1_with_keeper,123,collect_rollout,3606,0,16,-0.006666666362434626,False,False,0.0,0.0,0,0,0,0.0,0.0,0.0,0.0,-0.006666666362434626,1,-0.006666666362434626
,academy_3_vs_1_with_keeper,123,collect_rollout,3607,0,19,-0.006666666362434626,False,False,0.0,0.0,0,0,0,0.0,0.0,0.0,0.0,-0.006666666362434626,1,-0.006666666362434626
,academy_3_vs_1_with_keeper,123,collect_rollout,3608,0,50,1.9924527446273714,False,False,0.0,0.0,0,0,0,0.0,0.0,0.0,0.0,1.9924527446273714,1,1.9924527446273714
,academy_3_vs_1_with_keeper,123,collect_rollout,3609,0,14,0.006962545070564374,False,False,0.0,0.0,0,0,0,0.0,0.0,0.0,0.0,0.006962545070564374,1,0.006962545070564374
,academy_3_vs_1_with_keeper,123,collect_rollout,3610,0,14,0.0,False,False,0.0,0.0,0,0,0,0.0,0.0,0.0,0.0,0.0,1,0.0
,academy_3_vs_1_with_keeper,123,collect_rollout,3611,0,39,2.0639829110587016,False,False,0.0,0.0,0,0,0,0.0,0.0,0.0,0.0,2.0639829110587016,1,2.0639829110587016
,academy_3_vs_1_with_keeper,123,collect_rollout,3612,0,23,2.1369356178911403,False,False,0.0,0.0,0,0,0,0.0,0.0,0.0,0.0,2.1369356178911403,1,2.1369356178911403
,academy_3_vs_1_with_keeper,123,collect_rollout,3613,0,18,-0.009999999543651938,False,False,0.0,0.0,0,0,0,0.0,0.0,0.0,0.0,-0.009999999543651938,1,-0.009999999543651938
,academy_3_vs_1_with_keeper,123,collect_rollout,3614,0,13,-0.003333333181217313,False,False,0.0,0.0,0,0,0,0.0,0.0,0.0,0.0,-0.003333333181217313,1,-0.003333333181217313
,academy_3_vs_1_with_keeper,123,collect_rollout,3615,0,20,-0.013333332724869251,False,False,0.0,0.0,0,0,0,0.0,0.0,0.0,0.0,-0.013333332724869251,1,-0.013333332724869251
,academy_3_vs_1_with_keeper,123,collect_rollout,3616,0,17,0.0,False,False,0.0,0.0,0,0,0,0.0,0.0,0.0,0.0,0.0,1,0.0
,academy_3_vs_1_with_keeper,123,collect_rollout,3617,0,16,-0.003333333181217313,False,False,0.0,0.0,0,0,0,0.0,0.0,0.0,0.0,-0.003333333181217313,1,-0.003333333181217313
,academy_3_vs_1_with_keeper,123,collect_rollout,3618,0,18,0.0,False,False,0.0,0.0,0,0,0,0.0,0.0,0.0,0.0,0.0,1,0.0
,academy_3_vs_1_with_keeper,123,collect_rollout,3619,0,15,0.0,False,False,0.0,0.0,0,0,0,0.0,0.0,0.0,0.0,0.0,1,0.0
,academy_3_vs_1_with_keeper,123,collect_rollout,3620,0,16,-0.003333333181217313,False,False,0.0,0.0,0,0,0,0.0,0.0,0.0,0.0,-0.003333333181217313,1,-0.003333333181217313
,academy_3_vs_1_with_keeper,123,collect_rollout,3621,0,12,0.027806534548290074,False,False,0.0,0.0,0,0,0,0.0,0.0,0.0,0.0,0.027806534548290074,1,0.027806534548290074
,academy_3_vs_1_with_keeper,123,collect_rollout,3622,0,19,-0.006666666362434626,False,False,0.0,0.0,0,0,0,0.0,0.0,0.0,0.0,-0.006666666362434626,1,-0.006666666362434626
,academy_3_vs_1_with_keeper,123,collect_rollout,3623,0,17,-0.006666666362434626,False,False,0.0,0.0,0,0,0,0.0,0.0,0.0,0.0,-0.006666666362434626,1,-0.006666666362434626
,academy_3_vs_1_with_keeper,123,collect_rollout,3624,0,13,0.007230179151520133,False,False,0.0,0.0,0,0,0,0.0,0.0,0.0,0.0,0.007230179151520133,1,0.007230179151520133
,academy_3_vs_1_with_keeper,123,collect_rollout,3625,0,26,2.11333609061694,False,False,0.0,0.0,0,0,0,0.0,0.0,0.0,0.0,2.11333609061694,1,2.11333609061694
,academy_3_vs_1_with_keeper,123,collect_rollout,3626,0,24,-0.006666666362434626,False,False,0.0,0.0,0,0,0,0.0,0.0,0.0,0.0,-0.006666666362434626,1,-0.006666666362434626
,academy_3_vs_1_with_keeper,123,collect_rollout,3627,0,15,-0.003333333181217313,False,False,0.0,0.0,0,0,0,0.0,0.0,0.0,0.0,-0.003333333181217313,1,-0.003333333181217313
,academy_3_vs_1_with_keeper,123,collect_rollout,3628,0,18,-0.006666666362434626,False,False,0.0,0.0,0,0,0,0.0,0.0,0.0,0.0,-0.006666666362434626,1,-0.006666666362434626
,academy_3_vs_1_with_keeper,123,collect_rollout,3629,0,11,0.034192521939985454,False,False,0.0,0.0,0,0,0,0.0,0.0,0.0,0.0,0.034192521939985454,1,0.034192521939985454
,academy_3_vs_1_with_keeper,123,collect_rollout,3630,0,11,0.04689404089003801,False,False,0.0,0.0,0,0,0,0.0,0.0,0.0,0.0,0.04689404089003801,1,0.04689404089003801
,academy_3_vs_1_with_keeper,123,collect_rollout,3631,0,32,2.110025708563626,False,False,0.0,0.0,0,0,0,0.0,0.0,0.0,0.0,2.110025708563626,1,2.110025708563626
,academy_3_vs_1_with_keeper,123,collect_rollout,3632,0,19,0.0,False,False,0.0,0.0,0,0,0,0.0,0.0,0.0,0.0,0.0,1,0.0
,academy_3_vs_1_with_keeper,123,collect_rollout,3633,0,87,0.036372459449921735,False,False,0.0,0.0,0,0,0,0.0,0.0,0.0,0.0,0.036372459449921735,1,0.036372459449921735
,academy_3_vs_1_with_keeper,123,collect_rollout,3634,0,19,-0.003333333181217313,False,False,0.0,0.0,0,0,0,0.0,0.0,0.0,0.0,-0.003333333181217313,1,-0.003333333181217313
,academy_3_vs_1_with_keeper,123,collect_rollout,3635,0,21,0.0,False,False,0.0,0.0,0,0,0,0.0,0.0,0.0,0.0,0.0,1,0.0
,academy_3_vs_1_with_keeper,123,collect_rollout,3636,0,15,0.0,False,False,0.0,0.0,0,0,0,0.0,0.0,0.0,0.0,0.0,1,0.0
,academy_3_vs_1_with_keeper,123,collect_rollout,3637,0,15,-0.013333332724869251,False,False,0.0,0.0,0,0,0,0.0,0.0,0.0,0.0,-0.013333332724869251,1,-0.013333332724869251
,academy_3_vs_1_with_keeper,123,collect_rollout,3638,0,7,0.030480143148452044,False,False,0.0,0.0,0,0,0,0.0,0.0,0.0,0.0,0.030480143148452044,1,0.030480143148452044
,academy_3_vs_1_with_keeper,123,collect_rollout,3639,0,43,2.1120641897432506,False,False,0.0,0.0,0,0,0,0.0,0.0,0.0,0.0,2.1120641897432506,1,2.1120641897432506
,academy_3_vs_1_with_keeper,123,collect_rollout,3640,0,9,0.02228578948415816,False,False,0.0,0.0,0,0,0,0.0,0.0,0.0,0.0,0.02228578948415816,1,0.02228578948415816
,academy_3_vs_1_with_keeper,123,collect_rollout,3641,0,66,-0.03030800388660282,False,False,0.0,0.0,0,0,0,0.0,0.0,0.0,0.0,-0.03030800388660282,1,-0.03030800388660282
,academy_3_vs_1_with_keeper,123,collect_rollout,3642,0,20,0.0,False,False,0.0,0.0,0,0,0,0.0,0.0,0.0,0.0,0.0,1,0.0
,academy_3_vs_1_with_keeper,123,collect_rollout,3643,0,15,-0.006666666362434626,False,False,0.0,0.0,0,0,0,0.0,0.0,0.0,0.0,-0.006666666362434626,1,-0.006666666362434626
,academy_3_vs_1_with_keeper,123,collect_rollout,3644,0,31,2.1335975263500586,False,False,0.0,0.0,0,0,0,0.0,0.0,0.0,0.0,2.1335975263500586,1,2.1335975263500586
,academy_3_vs_1_with_keeper,123,collect_rollout,3645,0,21,-0.019999999087303877,False,False,0.0,0.0,0,0,0,0.0,0.0,0.0,0.0,-0.019999999087303877,1,-0.019999999087303877
,academy_3_vs_1_with_keeper,123,collect_rollout,3646,0,17,-0.006666666362434626,False,False,0.0,0.0,0,0,0,0.0,0.0,0.0,0.0,-0.006666666362434626,1,-0.006666666362434626
,academy_3_vs_1_with_keeper,123,collect_rollout,3647,0,54,0.0038500840310007334,False,False,0.0,0.0,0,0,0,0.0,0.0,0.0,0.0,0.0038500840310007334,1,0.0038500840310007334
,academy_3_vs_1_with_keeper,123,collect_rollout,3648,0,35,2.1396965105086565,False,False,0.0,0.0,0,0,0,0.0,0.0,0.0,0.0,2.1396965105086565,1,2.1396965105086565
,academy_3_vs_1_with_keeper,123,collect_rollout,3649,0,13,0.01284907036460936,False,False,0.0,0.0,0,0,0,0.0,0.0,0.0,0.0,0.01284907036460936,1,0.01284907036460936
,academy_3_vs_1_with_keeper,123,collect_rollout,3650,0,87,0.10246501566143706,False,False,0.0,0.0,0,0,0,0.0,0.0,0.0,0.0,0.10246501566143706,1,0.10246501566143706
,academy_3_vs_1_with_keeper,123,collect_rollout,3651,0,16,-0.006666666362434626,False,False,0.0,0.0,0,0,0,0.0,0.0,0.0,0.0,-0.006666666362434626,1,-0.006666666362434626
,academy_3_vs_1_with_keeper,123,collect_rollout,3652,0,66,0.10821967449737713,False,False,0.0,0.0,0,0,0,0.0,0.0,0.0,0.0,0.10821967449737713,1,0.10821967449737713
,academy_3_vs_1_with_keeper,123,collect_rollout,3653,0,22,-0.009999999543651938,False,False,0.0,0.0,0,0,0,0.0,0.0,0.0,0.0,-0.009999999543651938,1,-0.009999999543651938
,academy_3_vs_1_with_keeper,123,collect_rollout,3654,0,43,0.007137583219446242,False,False,0.0,0.0,0,0,0,0.0,0.0,0.0,0.0,0.007137583219446242,1,0.007137583219446242
,academy_3_vs_1_with_keeper,123,collect_rollout,3655,0,18,-0.003333333181217313,False,False,0.0,0.0,0,0,0,0.0,0.0,0.0,0.0,-0.003333333181217313,1,-0.003333333181217313
,academy_3_vs_1_with_keeper,123,collect_rollout,3656,0,17,-0.006666666362434626,False,False,0.0,0.0,0,0,0,0.0,0.0,0.0,0.0,-0.006666666362434626,1,-0.006666666362434626
,academy_3_vs_1_with_keeper,123,collect_rollout,3657,0,31,0.1090862104902044,False,False,0.0,0.0,0,0,0,0.0,0.0,0.0,0.0,0.1090862104902044,1,0.1090862104902044
,academy_3_vs_1_with_keeper,123,collect_rollout,3658,0,23,0.0,False,False,0.0,0.0,0,0,0,0.0,0.0,0.0,0.0,0.0,1,0.0
,academy_3_vs_1_with_keeper,123,collect_rollout,3659,0,54,0.003167089307680726,False,False,0.0,0.0,0,0,0,0.0,0.0,0.0,0.0,0.003167089307680726,1,0.003167089307680726
,academy_3_vs_1_with_keeper,123,collect_rollout,3660,0,16,-0.006666666362434626,False,False,0.0,0.0,0,0,0,0.0,0.0,0.0,0.0,-0.006666666362434626,1,-0.006666666362434626
,academy_3_vs_1_with_keeper,123,collect_rollout,3661,0,22,0.0,False,False,0.0,0.0,0,0,0,0.0,0.0,0.0,0.0,0.0,1,0.0
,academy_3_vs_1_with_keeper,123,collect_rollout,3662,0,17,0.0,False,False,0.0,0.0,0,0,0,0.0,0.0,0.0,0.0,0.0,1,0.0
,academy_3_vs_1_with_keeper,123,collect_rollout,3663,0,81,0.08179601821757387,False,False,0.0,0.0,0,0,0,0.0,0.0,0.0,0.0,0.08179601821757387,1,0.08179601821757387
,academy_3_vs_1_with_keeper,123,collect_rollout,3664,0,33,0.10762395663186908,False,False,0.0,0.0,0,0,0,0.0,0.0,0.0,0.0,0.10762395663186908,1,0.10762395663186908
,academy_3_vs_1_with_keeper,123,collect_rollout,3665,0,18,-0.006666666362434626,False,False,0.0,0.0,0,0,0,0.0,0.0,0.0,0.0,-0.006666666362434626,1,-0.006666666362434626
,academy_3_vs_1_with_keeper,123,collect_rollout,3666,0,20,-0.003333333181217313,False,False,0.0,0.0,0,0,0,0.0,0.0,0.0,0.0,-0.003333333181217313,1,-0.003333333181217313
,academy_3_vs_1_with_keeper,123,collect_rollout,3667,0,17,-0.006666666362434626,False,False,0.0,0.0,0,0,0,0.0,0.0,0.0,0.0,-0.006666666362434626,1,-0.006666666362434626
,academy_3_vs_1_with_keeper,123,collect_rollout,3668,0,18,0.0,False,False,0.0,0.0,0,0,0,0.0,0.0,0.0,0.0,0.0,1,0.0
,academy_3_vs_1_with_keeper,123,collect_rollout,3669,0,23,-0.006666666362434626,False,False,0.0,0.0,0,0,0,0.0,0.0,0.0,0.0,-0.006666666362434626,1,-0.006666666362434626
,academy_3_vs_1_with_keeper,123,collect_rollout,3670,0,18,0.013384440797381103,False,False,0.0,0.0,0,0,0,0.0,0.0,0.0,0.0,0.013384440797381103,1,0.013384440797381103
,academy_3_vs_1_with_keeper,123,collect_rollout,3671,0,19,0.0,False,False,0.0,0.0,0,0,0,0.0,0.0,0.0,0.0,0.0,1,0.0
,academy_3_vs_1_with_keeper,123,collect_rollout,3672,0,19,0.0,False,False,0.0,0.0,0,0,0,0.0,0.0,0.0,0.0,0.0,1,0.0
,academy_3_vs_1_with_keeper,123,collect_rollout,3673,0,30,2.1149308877356816,False,False,0.0,0.0,0,0,0,0.0,0.0,0.0,0.0,2.1149308877356816,1,2.1149308877356816
,academy_3_vs_1_with_keeper,123,collect_rollout,3674,0,96,0.09673813288100064,False,False,0.0,0.0,0,0,0,0.0,0.0,0.0,0.0,0.09673813288100064,1,0.09673813288100064
,academy_3_vs_1_with_keeper,123,collect_rollout,3675,0,11,0.030671752290800214,False,False,0.0,0.0,0,0,0,0.0,0.0,0.0,0.0,0.030671752290800214,1,0.030671752290800214
,academy_3_vs_1_with_keeper,123,collect_rollout,3676,0,19,-0.009999999543651938,False,False,0.0,0.0,0,0,0,0.0,0.0,0.0,0.0,-0.009999999543651938,1,-0.009999999543651938
,academy_3_vs_1_with_keeper,123,collect_rollout,3677,0,20,-0.003333333181217313,False,False,0.0,0.0,0,0,0,0.0,0.0,0.0,0.0,-0.003333333181217313,1,-0.003333333181217313
,academy_3_vs_1_with_keeper,123,collect_rollout,3678,0,19,-0.006666666362434626,False,False,0.0,0.0,0,0,0,0.0,0.0,0.0,0.0,-0.006666666362434626,1,-0.006666666362434626
,academy_3_vs_1_with_keeper,123,collect_rollout,3679,0,7,0.04163952264934778,False,False,0.0,0.0,0,0,0,0.0,0.0,0.0,0.0,0.04163952264934778,1,0.04163952264934778
,academy_3_vs_1_with_keeper,123,collect_rollout,3680,0,14,0.023851324105635285,False,False,0.0,0.0,0,0,0,0.0,0.0,0.0,0.0,0.023851324105635285,1,0.023851324105635285
,academy_3_vs_1_with_keeper,123,collect_rollout,3681,0,77,0.11833949468564242,False,False,0.0,0.0,0,0,0,0.0,0.0,0.0,0.0,0.11833949468564242,1,0.11833949468564242
,academy_3_vs_1_with_keeper,123,collect_rollout,3682,0,18,0.0,False,False,0.0,0.0,0,0,0,0.0,0.0,0.0,0.0,0.0,1,0.0
,academy_3_vs_1_with_keeper,123,collect_rollout,3683,0,83,0.10646409797482193,False,False,0.0,0.0,0,0,0,0.0,0.0,0.0,0.0,0.10646409797482193,1,0.10646409797482193
,academy_3_vs_1_with_keeper,123,collect_rollout,3684,0,35,0.06568129488732666,False,False,0.0,0.0,0,0,0,0.0,0.0,0.0,0.0,0.06568129488732666,1,0.06568129488732666
,academy_3_vs_1_with_keeper,123,collect_rollout,3685,0,16,0.0,False,False,0.0,0.0,0,0,0,0.0,0.0,0.0,0.0,0.0,1,0.0
,academy_3_vs_1_with_keeper,123,collect_rollout,3686,0,12,0.03004778630565852,False,False,0.0,0.0,0,0,0,0.0,0.0,0.0,0.0,0.03004778630565852,1,0.03004778630565852
,academy_3_vs_1_with_keeper,123,collect_rollout,3687,0,46,0.05802659294568002,False,False,0.0,0.0,0,0,0,0.0,0.0,0.0,0.0,0.05802659294568002,1,0.05802659294568002
,academy_3_vs_1_with_keeper,123,collect_rollout,3688,0,13,0.019612255273386836,False,False,0.0,0.0,0,0,0,0.0,0.0,0.0,0.0,0.019612255273386836,1,0.019612255273386836
,academy_3_vs_1_with_keeper,123,collect_rollout,3689,0,16,-0.003333333181217313,False,False,0.0,0.0,0,0,0,0.0,0.0,0.0,0.0,-0.003333333181217313,1,-0.003333333181217313
,academy_3_vs_1_with_keeper,123,collect_rollout,3690,0,19,0.0,False,False,0.0,0.0,0,0,0,0.0,0.0,0.0,0.0,0.0,1,0.0
,academy_3_vs_1_with_keeper,123,collect_rollout,3691,0,21,-0.003333333181217313,False,False,0.0,0.0,0,0,0,0.0,0.0,0.0,0.0,-0.003333333181217313,1,-0.003333333181217313
,academy_3_vs_1_with_keeper,123,collect_rollout,3692,0,81,0.09975121245952323,False,False,0.0,0.0,0,0,0,0.0,0.0,0.0,0.0,0.09975121245952323,1,0.09975121245952323
,academy_3_vs_1_with_keeper,123,collect_rollout,3693,0,91,0.041039819523575716,False,False,0.0,0.0,0,0,0,0.0,0.0,0.0,0.0,0.041039819523575716,1,0.041039819523575716
,academy_3_vs_1_with_keeper,123,collect_rollout,3694,0,18,0.0,False,False,0.0,0.0,0,0,0,0.0,0.0,0.0,0.0,0.0,1,0.0
,academy_3_vs_1_with_keeper,123,collect_rollout,3695,0,38,2.1173977348953485,False,False,0.0,0.0,0,0,0,0.0,0.0,0.0,0.0,2.1173977348953485,1,2.1173977348953485
,academy_3_vs_1_with_keeper,123,collect_rollout,3696,0,16,-0.003333333181217313,False,False,0.0,0.0,0,0,0,0.0,0.0,0.0,0.0,-0.003333333181217313,1,-0.003333333181217313
,academy_3_vs_1_with_keeper,123,collect_rollout,3697,0,21,-0.003333333181217313,False,False,0.0,0.0,0,0,0,0.0,0.0,0.0,0.0,-0.003333333181217313,1,-0.003333333181217313
,academy_3_vs_1_with_keeper,123,collect_rollout,3698,0,25,2.147058365866542,False,False,0.0,0.0,0,0,0,0.0,0.0,0.0,0.0,2.147058365866542,1,2.147058365866542
,academy_3_vs_1_with_keeper,123,collect_rollout,3699,0,47,-0.02622204797808081,False,False,0.0,0.0,0,0,0,0.0,0.0,0.0,0.0,-0.02622204797808081,1,-0.02622204797808081
,academy_3_vs_1_with_keeper,123,collect_rollout,3700,0,19,-0.009999999543651938,False,False,0.0,0.0,0,0,0,0.0,0.0,0.0,0.0,-0.009999999543651938,1,-0.009999999543651938
,academy_3_vs_1_with_keeper,123,collect_rollout,3701,0,16,-0.003333333181217313,False,False,0.0,0.0,0,0,0,0.0,0.0,0.0,0.0,-0.003333333181217313,1,-0.003333333181217313
,academy_3_vs_1_with_keeper,123,collect_rollout,3702,0,23,-0.006666666362434626,False,False,0.0,0.0,0,0,0,0.0,0.0,0.0,0.0,-0.006666666362434626,1,-0.006666666362434626
,academy_3_vs_1_with_keeper,123,collect_rollout,3703,0,19,0.0,False,False,0.0,0.0,0,0,0,0.0,0.0,0.0,0.0,0.0,1,0.0
,academy_3_vs_1_with_keeper,123,collect_rollout,3704,0,22,-0.013333332724869251,False,False,0.0,0.0,0,0,0,0.0,0.0,0.0,0.0,-0.013333332724869251,1,-0.013333332724869251
,academy_3_vs_1_with_keeper,123,collect_rollout,3705,0,22,0.0,False,False,0.0,0.0,0,0,0,0.0,0.0,0.0,0.0,0.0,1,0.0
,academy_3_vs_1_with_keeper,123,collect_rollout,3706,0,18,-0.003333333181217313,False,False,0.0,0.0,0,0,0,0.0,0.0,0.0,0.0,-0.003333333181217313,1,-0.003333333181217313
,academy_3_vs_1_with_keeper,123,collect_rollout,3707,0,20,0.0,False,False,0.0,0.0,0,0,0,0.0,0.0,0.0,0.0,0.0,1,0.0
,academy_3_vs_1_with_keeper,123,collect_rollout,3708,0,43,0.32396108377724886,False,False,0.0,0.0,0,0,0,0.0,0.0,0.0,0.0,0.32396108377724886,1,0.32396108377724886
,academy_3_vs_1_with_keeper,123,collect_rollout,3709,0,22,-0.003333333181217313,False,False,0.0,0.0,0,0,0,0.0,0.0,0.0,0.0,-0.003333333181217313,1,-0.003333333181217313
,academy_3_vs_1_with_keeper,123,collect_rollout,3710,0,20,-0.009999999543651938,False,False,0.0,0.0,0,0,0,0.0,0.0,0.0,0.0,-0.009999999543651938,1,-0.009999999543651938
,academy_3_vs_1_with_keeper,123,collect_rollout,3711,0,17,-0.006666666362434626,False,False,0.0,0.0,0,0,0,0.0,0.0,0.0,0.0,-0.006666666362434626,1,-0.006666666362434626
,academy_3_vs_1_with_keeper,123,collect_rollout,3712,0,17,-0.003333333181217313,False,False,0.0,0.0,0,0,0,0.0,0.0,0.0,0.0,-0.003333333181217313,1,-0.003333333181217313
,academy_3_vs_1_with_keeper,123,collect_rollout,3713,0,18,0.0,False,False,0.0,0.0,0,0,0,0.0,0.0,0.0,0.0,0.0,1,0.0
,academy_3_vs_1_with_keeper,123,collect_rollout,3714,0,41,2.10932522110852,False,False,0.0,0.0,0,0,0,0.0,0.0,0.0,0.0,2.10932522110852,1,2.10932522110852
,academy_3_vs_1_with_keeper,123,collect_rollout,3715,0,94,-0.014803003810811788,False,False,0.0,0.0,0,0,0,0.0,0.0,0.0,0.0,-0.014803003810811788,1,-0.014803003810811788
,academy_3_vs_1_with_keeper,123,collect_rollout,3716,0,18,0.0,False,False,0.0,0.0,0,0,0,0.0,0.0,0.0,0.0,0.0,1,0.0
,academy_3_vs_1_with_keeper,123,collect_rollout,3717,0,27,2.124222607817501,False,False,0.0,0.0,0,0,0,0.0,0.0,0.0,0.0,2.124222607817501,1,2.124222607817501
,academy_3_vs_1_with_keeper,123,collect_rollout,3718,0,15,0.0,False,False,0.0,0.0,0,0,0,0.0,0.0,0.0,0.0,0.0,1,0.0
,academy_3_vs_1_with_keeper,123,collect_rollout,3719,0,35,2.098901763674803,False,False,0.0,0.0,0,0,0,0.0,0.0,0.0,0.0,2.098901763674803,1,2.098901763674803
,academy_3_vs_1_with_keeper,123,collect_rollout,3720,0,85,0.12172160926274955,False,False,0.0,0.0,0,0,0,0.0,0.0,0.0,0.0,0.12172160926274955,1,0.12172160926274955
,academy_3_vs_1_with_keeper,123,collect_rollout,3721,0,34,2.1090688637341373,False,False,0.0,0.0,0,0,0,0.0,0.0,0.0,0.0,2.1090688637341373,1,2.1090688637341373
,academy_3_vs_1_with_keeper,123,collect_rollout,3722,0,18,-0.013333332724869251,False,False,0.0,0.0,0,0,0,0.0,0.0,0.0,0.0,-0.013333332724869251,1,-0.013333332724869251
,academy_3_vs_1_with_keeper,123,collect_rollout,3723,0,29,2.1253259358927608,False,False,0.0,0.0,0,0,0,0.0,0.0,0.0,0.0,2.1253259358927608,1,2.1253259358927608
,academy_3_vs_1_with_keeper,123,collect_rollout,3724,0,15,-0.003333333181217313,False,False,0.0,0.0,0,0,0,0.0,0.0,0.0,0.0,-0.003333333181217313,1,-0.003333333181217313
,academy_3_vs_1_with_keeper,123,collect_rollout,3725,0,64,1.9952986801508814,False,False,0.0,0.0,0,0,0,0.0,0.0,0.0,0.0,1.9952986801508814,1,1.9952986801508814
,academy_3_vs_1_with_keeper,123,collect_rollout,3726,0,14,-0.006666666362434626,False,False,0.0,0.0,0,0,0,0.0,0.0,0.0,0.0,-0.006666666362434626,1,-0.006666666362434626
,academy_3_vs_1_with_keeper,123,collect_rollout,3727,0,68,-0.12261035514529794,False,False,0.0,0.0,0,0,0,0.0,0.0,0.0,0.0,-0.12261035514529794,1,-0.12261035514529794
,academy_3_vs_1_with_keeper,123,collect_rollout,3728,0,16,0.005008529755286872,False,False,0.0,0.0,0,0,0,0.0,0.0,0.0,0.0,0.005008529755286872,1,0.005008529755286872
,academy_3_vs_1_with_keeper,123,collect_rollout,3729,0,9,0.02401937427930534,False,False,0.0,0.0,0,0,0,0.0,0.0,0.0,0.0,0.02401937427930534,1,0.02401937427930534
,academy_3_vs_1_with_keeper,123,collect_rollout,3730,0,16,-0.006666666362434626,False,False,0.0,0.0,0,0,0,0.0,0.0,0.0,0.0,-0.006666666362434626,1,-0.006666666362434626
,academy_3_vs_1_with_keeper,123,collect_rollout,3731,0,15,-0.006666666362434626,False,False,0.0,0.0,0,0,0,0.0,0.0,0.0,0.0,-0.006666666362434626,1,-0.006666666362434626
,academy_3_vs_1_with_keeper,123,collect_rollout,3732,0,22,-0.006666666362434626,False,False,0.0,0.0,0,0,0,0.0,0.0,0.0,0.0,-0.006666666362434626,1,-0.006666666362434626
,academy_3_vs_1_with_keeper,123,collect_rollout,3733,0,16,-0.003333333181217313,False,False,0.0,0.0,0,0,0,0.0,0.0,0.0,0.0,-0.003333333181217313,1,-0.003333333181217313
,academy_3_vs_1_with_keeper,123,collect_rollout,3734,0,34,0.0750316244084388,False,False,0.0,0.0,0,0,0,0.0,0.0,0.0,0.0,0.0750316244084388,1,0.0750316244084388
,academy_3_vs_1_with_keeper,123,collect_rollout,3735,0,19,-0.003333333181217313,False,False,0.0,0.0,0,0,0,0.0,0.0,0.0,0.0,-0.003333333181217313,1,-0.003333333181217313
,academy_3_vs_1_with_keeper,123,collect_rollout,3736,0,20,-0.003333333181217313,False,False,0.0,0.0,0,0,0,0.0,0.0,0.0,0.0,-0.003333333181217313,1,-0.003333333181217313
,academy_3_vs_1_with_keeper,123,collect_rollout,3737,0,17,0.0,False,False,0.0,0.0,0,0,0,0.0,0.0,0.0,0.0,0.0,1,0.0
,academy_3_vs_1_with_keeper,123,collect_rollout,3738,0,21,-0.003333333181217313,False,False,0.0,0.0,0,0,0,0.0,0.0,0.0,0.0,-0.003333333181217313,1,-0.003333333181217313
,academy_3_vs_1_with_keeper,123,collect_rollout,3739,0,18,0.0,False,False,0.0,0.0,0,0,0,0.0,0.0,0.0,0.0,0.0,1,0.0
,academy_3_vs_1_with_keeper,123,collect_rollout,3740,0,36,0.0742150261066854,False,False,0.0,0.0,0,0,0,0.0,0.0,0.0,0.0,0.0742150261066854,1,0.0742150261066854
,academy_3_vs_1_with_keeper,123,collect_rollout,3741,0,70,0.035818149510305375,False,False,0.0,0.0,0,0,0,0.0,0.0,0.0,0.0,0.035818149510305375,1,0.035818149510305375
,academy_3_vs_1_with_keeper,123,collect_rollout,3742,0,53,-0.10999999498017132,False,False,0.0,0.0,0,0,0,0.0,0.0,0.0,0.0,-0.10999999498017132,1,-0.10999999498017132
,academy_3_vs_1_with_keeper,123,collect_rollout,3743,0,36,2.129934174125083,False,False,0.0,0.0,0,0,0,0.0,0.0,0.0,0.0,2.129934174125083,1,2.129934174125083
,academy_3_vs_1_with_keeper,123,collect_rollout,3744,0,18,-0.003333333181217313,False,False,0.0,0.0,0,0,0,0.0,0.0,0.0,0.0,-0.003333333181217313,1,-0.003333333181217313
,academy_3_vs_1_with_keeper,123,collect_rollout,3745,0,15,0.0,False,False,0.0,0.0,0,0,0,0.0,0.0,0.0,0.0,0.0,1,0.0
,academy_3_vs_1_with_keeper,123,collect_rollout,3746,0,30,2.1181515173520893,False,False,0.0,0.0,0,0,0,0.0,0.0,0.0,0.0,2.1181515173520893,1,2.1181515173520893
,academy_3_vs_1_with_keeper,123,collect_rollout,3747,0,19,-0.003333333181217313,False,False,0.0,0.0,0,0,0,0.0,0.0,0.0,0.0,-0.003333333181217313,1,-0.003333333181217313
,academy_3_vs_1_with_keeper,123,collect_rollout,3748,0,15,0.0,False,False,0.0,0.0,0,0,0,0.0,0.0,0.0,0.0,0.0,1,0.0
,academy_3_vs_1_with_keeper,123,collect_rollout,3749,0,60,1.9433228018751834,False,False,0.0,0.0,0,0,0,0.0,0.0,0.0,0.0,1.9433228018751834,1,1.9433228018751834
,academy_3_vs_1_with_keeper,123,collect_rollout,3750,0,30,2.11391829745844,False,False,0.0,0.0,0,0,0,0.0,0.0,0.0,0.0,2.11391829745844,1,2.11391829745844
,academy_3_vs_1_with_keeper,123,collect_rollout,3751,0,22,0.0,False,False,0.0,0.0,0,0,0,0.0,0.0,0.0,0.0,0.0,1,0.0
,academy_3_vs_1_with_keeper,123,collect_rollout,3752,0,21,0.11475458811037242,False,False,0.0,0.0,0,0,0,0.0,0.0,0.0,0.0,0.11475458811037242,1,0.11475458811037242
,academy_3_vs_1_with_keeper,123,collect_rollout,3753,0,30,2.12116569004138,False,False,0.0,0.0,0,0,0,0.0,0.0,0.0,0.0,2.12116569004138,1,2.12116569004138
,academy_3_vs_1_with_keeper,123,collect_rollout,3754,0,18,-0.009999999543651938,False,False,0.0,0.0,0,0,0,0.0,0.0,0.0,0.0,-0.009999999543651938,1,-0.009999999543651938
,academy_3_vs_1_with_keeper,123,collect_rollout,3755,0,20,2.1243803966790438,False,False,0.0,0.0,0,0,0,0.0,0.0,0.0,0.0,2.1243803966790438,1,2.1243803966790438
,academy_3_vs_1_with_keeper,123,collect_rollout,3756,0,15,-0.006666666362434626,False,False,0.0,0.0,0,0,0,0.0,0.0,0.0,0.0,-0.006666666362434626,1,-0.006666666362434626
,academy_3_vs_1_with_keeper,123,collect_rollout,3757,0,61,0.04177072310994845,False,False,0.0,0.0,0,0,0,0.0,0.0,0.0,0.0,0.04177072310994845,1,0.04177072310994845
,academy_3_vs_1_with_keeper,123,collect_rollout,3758,0,49,-0.017552475910633802,False,False,0.0,0.0,0,0,0,0.0,0.0,0.0,0.0,-0.017552475910633802,1,-0.017552475910633802
,academy_3_vs_1_with_keeper,123,collect_rollout,3759,0,86,0.07605108874849975,False,False,0.0,0.0,0,0,0,0.0,0.0,0.0,0.0,0.07605108874849975,1,0.07605108874849975
,academy_3_vs_1_with_keeper,123,collect_rollout,3760,0,61,-0.17480235907714814,False,False,0.0,0.0,0,0,0,0.0,0.0,0.0,0.0,-0.17480235907714814,1,-0.17480235907714814
,academy_3_vs_1_with_keeper,123,collect_rollout,3761,0,39,0.04641240986529738,False,False,0.0,0.0,0,0,0,0.0,0.0,0.0,0.0,0.04641240986529738,1,0.04641240986529738
,academy_3_vs_1_with_keeper,123,collect_rollout,3762,0,39,0.09378705674316734,False,False,0.0,0.0,0,0,0,0.0,0.0,0.0,0.0,0.09378705674316734,1,0.09378705674316734
,academy_3_vs_1_with_keeper,123,collect_rollout,3763,0,16,-0.003333333181217313,False,False,0.0,0.0,0,0,0,0.0,0.0,0.0,0.0,-0.003333333181217313,1,-0.003333333181217313
,academy_3_vs_1_with_keeper,123,collect_rollout,3764,0,18,0.0,False,False,0.0,0.0,0,0,0,0.0,0.0,0.0,0.0,0.0,1,0.0
,academy_3_vs_1_with_keeper,123,collect_rollout,3765,0,93,0.0356252062774729,False,False,0.0,0.0,0,0,0,0.0,0.0,0.0,0.0,0.0356252062774729,1,0.0356252062774729
,academy_3_vs_1_with_keeper,123,collect_rollout,3766,0,19,-0.006666666362434626,False,False,0.0,0.0,0,0,0,0.0,0.0,0.0,0.0,-0.006666666362434626,1,-0.006666666362434626
,academy_3_vs_1_with_keeper,123,collect_rollout,3767,0,28,2.092644121265039,False,False,0.0,0.0,0,0,0,0.0,0.0,0.0,0.0,2.092644121265039,1,2.092644121265039
,academy_3_vs_1_with_keeper,123,collect_rollout,3768,0,29,0.0914312187815085,False,False,0.0,0.0,0,0,0,0.0,0.0,0.0,0.0,0.0914312187815085,1,0.0914312187815085
,academy_3_vs_1_with_keeper,123,collect_rollout,3769,0,16,0.022896422538906336,False,False,0.0,0.0,0,0,0,0.0,0.0,0.0,0.0,0.022896422538906336,1,0.022896422538906336
,academy_3_vs_1_with_keeper,123,collect_rollout,3770,0,12,0.02683409582823515,False,False,0.0,0.0,0,0,0,0.0,0.0,0.0,0.0,0.02683409582823515,1,0.02683409582823515
,academy_3_vs_1_with_keeper,123,collect_rollout,3771,0,22,-0.003333333181217313,False,False,0.0,0.0,0,0,0,0.0,0.0,0.0,0.0,-0.003333333181217313,1,-0.003333333181217313
,academy_3_vs_1_with_keeper,123,collect_rollout,3772,0,17,0.0,False,False,0.0,0.0,0,0,0,0.0,0.0,0.0,0.0,0.0,1,0.0
,academy_3_vs_1_with_keeper,123,collect_rollout,3773,0,12,0.033539071679115295,False,False,0.0,0.0,0,0,0,0.0,0.0,0.0,0.0,0.033539071679115295,1,0.033539071679115295
,academy_3_vs_1_with_keeper,123,collect_rollout,3774,0,29,2.104368742671795,False,False,0.0,0.0,0,0,0,0.0,0.0,0.0,0.0,2.104368742671795,1,2.104368742671795
,academy_3_vs_1_with_keeper,123,collect_rollout,3775,0,19,0.005697762360796332,False,False,0.0,0.0,0,0,0,0.0,0.0,0.0,0.0,0.005697762360796332,1,0.005697762360796332
,academy_3_vs_1_with_keeper,123,collect_rollout,3776,0,106,-0.2002071721944958,False,False,0.0,0.0,0,0,0,0.0,0.0,0.0,0.0,-0.2002071721944958,1,-0.2002071721944958
,academy_3_vs_1_with_keeper,123,collect_rollout,3777,0,14,0.02132842014543712,False,False,0.0,0.0,0,0,0,0.0,0.0,0.0,0.0,0.02132842014543712,1,0.02132842014543712
,academy_3_vs_1_with_keeper,123,collect_rollout,3778,0,36,0.1156299858703278,False,False,0.0,0.0,0,0,0,0.0,0.0,0.0,0.0,0.1156299858703278,1,0.1156299858703278
,academy_3_vs_1_with_keeper,123,collect_rollout,3779,0,19,-0.003333333181217313,False,False,0.0,0.0,0,0,0,0.0,0.0,0.0,0.0,-0.003333333181217313,1,-0.003333333181217313
,academy_3_vs_1_with_keeper,123,collect_rollout,3780,0,181,-0.2554289186373353,False,False,0.0,0.0,0,0,0,0.0,0.0,0.0,0.0,-0.2554289186373353,1,-0.2554289186373353
,academy_3_vs_1_with_keeper,123,collect_rollout,3781,0,19,0.0142199513502419,False,False,0.0,0.0,0,0,0,0.0,0.0,0.0,0.0,0.0142199513502419,1,0.0142199513502419
,academy_3_vs_1_with_keeper,123,collect_rollout,3782,0,34,2.114149449742399,False,False,0.0,0.0,0,0,0,0.0,0.0,0.0,0.0,2.114149449742399,1,2.114149449742399
,academy_3_vs_1_with_keeper,123,collect_rollout,3783,0,36,2.094809420668753,False,False,0.0,0.0,0,0,0,0.0,0.0,0.0,0.0,2.094809420668753,1,2.094809420668753
,academy_3_vs_1_with_keeper,123,collect_rollout,3784,0,26,2.1365209667710587,False,False,0.0,0.0,0,0,0,0.0,0.0,0.0,0.0,2.1365209667710587,1,2.1365209667710587
,academy_3_vs_1_with_keeper,123,collect_rollout,3785,0,28,2.112238879315555,False,False,0.0,0.0,0,0,0,0.0,0.0,0.0,0.0,2.112238879315555,1,2.112238879315555
,academy_3_vs_1_with_keeper,123,collect_rollout,3786,0,33,2.1151750503340736,False,False,0.0,0.0,0,0,0,0.0,0.0,0.0,0.0,2.1151750503340736,1,2.1151750503340736
,academy_3_vs_1_with_keeper,123,collect_rollout,3787,0,49,0.000934508687350899,False,False,0.0,0.0,0,0,0,0.0,0.0,0.0,0.0,0.000934508687350899,1,0.000934508687350899
,academy_3_vs_1_with_keeper,123,collect_rollout,3788,0,20,-0.003333333181217313,False,False,0.0,0.0,0,0,0,0.0,0.0,0.0,0.0,-0.003333333181217313,1,-0.003333333181217313
,academy_3_vs_1_with_keeper,123,collect_rollout,3789,0,18,-0.006666666362434626,False,False,0.0,0.0,0,0,0,0.0,0.0,0.0,0.0,-0.006666666362434626,1,-0.006666666362434626
,academy_3_vs_1_with_keeper,123,collect_rollout,3790,0,9,0.02497052203398198,False,False,0.0,0.0,0,0,0,0.0,0.0,0.0,0.0,0.02497052203398198,1,0.02497052203398198
,academy_3_vs_1_with_keeper,123,collect_rollout,3791,0,18,0.0,False,False,0.0,0.0,0,0,0,0.0,0.0,0.0,0.0,0.0,1,0.0
,academy_3_vs_1_with_keeper,123,collect_rollout,3792,0,19,-0.003333333181217313,False,False,0.0,0.0,0,0,0,0.0,0.0,0.0,0.0,-0.003333333181217313,1,-0.003333333181217313
,academy_3_vs_1_with_keeper,123,collect_rollout,3793,0,25,2.0904736135853454,False,False,0.0,0.0,0,0,0,0.0,0.0,0.0,0.0,2.0904736135853454,1,2.0904736135853454
,academy_3_vs_1_with_keeper,123,collect_rollout,3794,0,15,-0.006666666362434626,False,False,0.0,0.0,0,0,0,0.0,0.0,0.0,0.0,-0.006666666362434626,1,-0.006666666362434626
,academy_3_vs_1_with_keeper,123,collect_rollout,3795,0,176,-0.03333333181217313,False,False,0.0,0.0,0,0,0,0.0,0.0,0.0,0.0,-0.03333333181217313,1,-0.03333333181217313
,academy_3_vs_1_with_keeper,123,collect_rollout,3796,0,93,-0.06981965061277151,False,False,0.0,0.0,0,0,0,0.0,0.0,0.0,0.0,-0.06981965061277151,1,-0.06981965061277151
,academy_3_vs_1_with_keeper,123,collect_rollout,3797,0,19,-0.003333333181217313,False,False,0.0,0.0,0,0,0,0.0,0.0,0.0,0.0,-0.003333333181217313,1,-0.003333333181217313
,academy_3_vs_1_with_keeper,123,collect_rollout,3798,0,87,0.11520635196939111,False,False,0.0,0.0,0,0,0,0.0,0.0,0.0,0.0,0.11520635196939111,1,0.11520635196939111
,academy_3_vs_1_with_keeper,123,collect_rollout,3799,0,16,-0.006666666362434626,False,False,0.0,0.0,0,0,0,0.0,0.0,0.0,0.0,-0.006666666362434626,1,-0.006666666362434626
,academy_3_vs_1_with_keeper,123,collect_rollout,3800,0,21,-0.003333333181217313,False,False,0.0,0.0,0,0,0,0.0,0.0,0.0,0.0,-0.003333333181217313,1,-0.003333333181217313
,academy_3_vs_1_with_keeper,123,collect_rollout,3801,0,79,-0.041985247167758644,False,False,0.0,0.0,0,0,0,0.0,0.0,0.0,0.0,-0.041985247167758644,1,-0.041985247167758644
,academy_3_vs_1_with_keeper,123,collect_rollout,3802,0,12,0.036363933271786664,False,False,0.0,0.0,0,0,0,0.0,0.0,0.0,0.0,0.036363933271786664,1,0.036363933271786664
,academy_3_vs_1_with_keeper,123,collect_rollout,3803,0,22,2.122665008995682,False,False,0.0,0.0,0,0,0,0.0,0.0,0.0,0.0,2.122665008995682,1,2.122665008995682
,academy_3_vs_1_with_keeper,123,collect_rollout,3804,0,19,-0.006666666362434626,False,False,0.0,0.0,0,0,0,0.0,0.0,0.0,0.0,-0.006666666362434626,1,-0.006666666362434626
,academy_3_vs_1_with_keeper,123,collect_rollout,3805,0,40,2.0375390918707126,False,False,0.0,0.0,0,0,0,0.0,0.0,0.0,0.0,2.0375390918707126,1,2.0375390918707126
,academy_3_vs_1_with_keeper,123,collect_rollout,3806,0,16,-0.006666666362434626,False,False,0.0,0.0,0,0,0,0.0,0.0,0.0,0.0,-0.006666666362434626,1,-0.006666666362434626
,academy_3_vs_1_with_keeper,123,collect_rollout,3807,0,18,-0.003333333181217313,False,False,0.0,0.0,0,0,0,0.0,0.0,0.0,0.0,-0.003333333181217313,1,-0.003333333181217313
,academy_3_vs_1_with_keeper,123,collect_rollout,3808,0,86,0.07768126134760678,False,False,0.0,0.0,0,0,0,0.0,0.0,0.0,0.0,0.07768126134760678,1,0.07768126134760678
,academy_3_vs_1_with_keeper,123,collect_rollout,3809,0,65,-0.1723915011389181,False,False,0.0,0.0,0,0,0,0.0,0.0,0.0,0.0,-0.1723915011389181,1,-0.1723915011389181
,academy_3_vs_1_with_keeper,123,collect_rollout,3810,0,20,-0.006666666362434626,False,False,0.0,0.0,0,0,0,0.0,0.0,0.0,0.0,-0.006666666362434626,1,-0.006666666362434626
,academy_3_vs_1_with_keeper,123,collect_rollout,3811,0,20,-0.003333333181217313,False,False,0.0,0.0,0,0,0,0.0,0.0,0.0,0.0,-0.003333333181217313,1,-0.003333333181217313
,academy_3_vs_1_with_keeper,123,collect_rollout,3812,0,19,-0.003333333181217313,False,False,0.0,0.0,0,0,0,0.0,0.0,0.0,0.0,-0.003333333181217313,1,-0.003333333181217313
,academy_3_vs_1_with_keeper,123,collect_rollout,3813,0,14,0.0,False,False,0.0,0.0,0,0,0,0.0,0.0,0.0,0.0,0.0,1,0.0
,academy_3_vs_1_with_keeper,123,collect_rollout,3814,0,32,0.0972701091086492,False,False,0.0,0.0,0,0,0,0.0,0.0,0.0,0.0,0.0972701091086492,1,0.0972701091086492
,academy_3_vs_1_with_keeper,123,collect_rollout,3815,0,16,-0.009999999543651938,False,False,0.0,0.0,0,0,0,0.0,0.0,0.0,0.0,-0.009999999543651938,1,-0.009999999543651938
,academy_3_vs_1_with_keeper,123,collect_rollout,3816,0,43,0.02789755049161613,False,False,0.0,0.0,0,0,0,0.0,0.0,0.0,0.0,0.02789755049161613,1,0.02789755049161613
,academy_3_vs_1_with_keeper,123,collect_rollout,3817,0,17,0.008932159282267094,False,False,0.0,0.0,0,0,0,0.0,0.0,0.0,0.0,0.008932159282267094,1,0.008932159282267094
,academy_3_vs_1_with_keeper,123,collect_rollout,3818,0,23,-0.006666666362434626,False,False,0.0,0.0,0,0,0,0.0,0.0,0.0,0.0,-0.006666666362434626,1,-0.006666666362434626
,academy_3_vs_1_with_keeper,123,collect_rollout,3819,0,18,-0.003333333181217313,False,False,0.0,0.0,0,0,0,0.0,0.0,0.0,0.0,-0.003333333181217313,1,-0.003333333181217313
,academy_3_vs_1_with_keeper,123,collect_rollout,3820,0,18,-0.003333333181217313,False,False,0.0,0.0,0,0,0,0.0,0.0,0.0,0.0,-0.003333333181217313,1,-0.003333333181217313
,academy_3_vs_1_with_keeper,123,collect_rollout,3821,0,37,2.080540864728391,False,False,0.0,0.0,0,0,0,0.0,0.0,0.0,0.0,2.080540864728391,1,2.080540864728391
,academy_3_vs_1_with_keeper,123,collect_rollout,3822,0,17,0.0,False,False,0.0,0.0,0,0,0,0.0,0.0,0.0,0.0,0.0,1,0.0
,academy_3_vs_1_with_keeper,123,collect_rollout,3823,0,18,0.0,False,False,0.0,0.0,0,0,0,0.0,0.0,0.0,0.0,0.0,1,0.0
,academy_3_vs_1_with_keeper,123,collect_rollout,3824,0,22,-0.006666666362434626,False,False,0.0,0.0,0,0,0,0.0,0.0,0.0,0.0,-0.006666666362434626,1,-0.006666666362434626
,academy_3_vs_1_with_keeper,123,collect_rollout,3825,0,10,0.03400472737848759,False,False,0.0,0.0,0,0,0,0.0,0.0,0.0,0.0,0.03400472737848759,1,0.03400472737848759
,academy_3_vs_1_with_keeper,123,collect_rollout,3826,0,42,-0.0016763637540861964,False,False,0.0,0.0,0,0,0,0.0,0.0,0.0,0.0,-0.0016763637540861964,1,-0.0016763637540861964
,academy_3_vs_1_with_keeper,123,collect_rollout,3827,0,40,2.117836291567073,False,False,0.0,0.0,0,0,0,0.0,0.0,0.0,0.0,2.117836291567073,1,2.117836291567073
,academy_3_vs_1_with_keeper,123,collect_rollout,3828,0,18,0.0,False,False,0.0,0.0,0,0,0,0.0,0.0,0.0,0.0,0.0,1,0.0
,academy_3_vs_1_with_keeper,123,collect_rollout,3829,0,23,2.1222785740392283,False,False,0.0,0.0,0,0,0,0.0,0.0,0.0,0.0,2.1222785740392283,1,2.1222785740392283
,academy_3_vs_1_with_keeper,123,collect_rollout,3830,0,31,2.106685710401507,False,False,0.0,0.0,0,0,0,0.0,0.0,0.0,0.0,2.106685710401507,1,2.106685710401507
,academy_3_vs_1_with_keeper,123,collect_rollout,3831,0,42,2.0698535727569833,False,False,0.0,0.0,0,0,0,0.0,0.0,0.0,0.0,2.0698535727569833,1,2.0698535727569833
,academy_3_vs_1_with_keeper,123,collect_rollout,3832,0,21,0.0,False,False,0.0,0.0,0,0,0,0.0,0.0,0.0,0.0,0.0,1,0.0
,academy_3_vs_1_with_keeper,123,collect_rollout,3833,0,20,0.0,False,False,0.0,0.0,0,0,0,0.0,0.0,0.0,0.0,0.0,1,0.0
,academy_3_vs_1_with_keeper,123,collect_rollout,3834,0,18,-0.006666666362434626,False,False,0.0,0.0,0,0,0,0.0,0.0,0.0,0.0,-0.006666666362434626,1,-0.006666666362434626
,academy_3_vs_1_with_keeper,123,collect_rollout,3835,0,31,2.0848650746193016,False,False,0.0,0.0,0,0,0,0.0,0.0,0.0,0.0,2.0848650746193016,1,2.0848650746193016
,academy_3_vs_1_with_keeper,123,collect_rollout,3836,0,17,0.0,False,False,0.0,0.0,0,0,0,0.0,0.0,0.0,0.0,0.0,1,0.0
,academy_3_vs_1_with_keeper,123,collect_rollout,3837,0,21,0.0,False,False,0.0,0.0,0,0,0,0.0,0.0,0.0,0.0,0.0,1,0.0
,academy_3_vs_1_with_keeper,123,collect_rollout,3838,0,66,-0.08593430342443753,False,False,0.0,0.0,0,0,0,0.0,0.0,0.0,0.0,-0.08593430342443753,1,-0.08593430342443753
,academy_3_vs_1_with_keeper,123,collect_rollout,3839,0,12,0.023827689001336694,False,False,0.0,0.0,0,0,0,0.0,0.0,0.0,0.0,0.023827689001336694,1,0.023827689001336694
,academy_3_vs_1_with_keeper,123,collect_rollout,3840,0,100,-0.026436453219503164,False,False,0.0,0.0,0,0,0,0.0,0.0,0.0,0.0,-0.026436453219503164,1,-0.026436453219503164
,academy_3_vs_1_with_keeper,123,collect_rollout,3841,0,54,-0.03481098811607808,False,False,0.0,0.0,0,0,0,0.0,0.0,0.0,0.0,-0.03481098811607808,1,-0.03481098811607808
,academy_3_vs_1_with_keeper,123,collect_rollout,3842,0,27,2.122354597900994,False,False,0.0,0.0,0,0,0,0.0,0.0,0.0,0.0,2.122354597900994,1,2.122354597900994
,academy_3_vs_1_with_keeper,123,collect_rollout,3843,0,20,0.0,False,False,0.0,0.0,0,0,0,0.0,0.0,0.0,0.0,0.0,1,0.0
,academy_3_vs_1_with_keeper,123,collect_rollout,3844,0,11,0.03350456047337502,False,False,0.0,0.0,0,0,0,0.0,0.0,0.0,0.0,0.03350456047337502,1,0.03350456047337502
,academy_3_vs_1_with_keeper,123,collect_rollout,3845,0,32,2.1158645973773673,False,False,0.0,0.0,0,0,0,0.0,0.0,0.0,0.0,2.1158645973773673,1,2.1158645973773673
,academy_3_vs_1_with_keeper,123,collect_rollout,3846,0,17,-0.009999999543651938,False,False,0.0,0.0,0,0,0,0.0,0.0,0.0,0.0,-0.009999999543651938,1,-0.009999999543651938
,academy_3_vs_1_with_keeper,123,collect_rollout,3847,0,18,-0.009999999543651938,False,False,0.0,0.0,0,0,0,0.0,0.0,0.0,0.0,-0.009999999543651938,1,-0.009999999543651938
,academy_3_vs_1_with_keeper,123,collect_rollout,3848,0,15,-0.003333333181217313,False,False,0.0,0.0,0,0,0,0.0,0.0,0.0,0.0,-0.003333333181217313,1,-0.003333333181217313
,academy_3_vs_1_with_keeper,123,collect_rollout,3849,0,32,0.12046284804819152,False,False,0.0,0.0,0,0,0,0.0,0.0,0.0,0.0,0.12046284804819152,1,0.12046284804819152
,academy_3_vs_1_with_keeper,123,collect_rollout,3850,0,17,0.0,False,False,0.0,0.0,0,0,0,0.0,0.0,0.0,0.0,0.0,1,0.0
,academy_3_vs_1_with_keeper,123,collect_rollout,3851,0,19,0.0,False,False,0.0,0.0,0,0,0,0.0,0.0,0.0,0.0,0.0,1,0.0
,academy_3_vs_1_with_keeper,123,collect_rollout,3852,0,11,0.025045258225873113,False,False,0.0,0.0,0,0,0,0.0,0.0,0.0,0.0,0.025045258225873113,1,0.025045258225873113
,academy_3_vs_1_with_keeper,123,collect_rollout,3853,0,90,0.18340393909602426,False,False,0.0,0.0,0,0,0,0.0,0.0,0.0,0.0,0.18340393909602426,1,0.18340393909602426
,academy_3_vs_1_with_keeper,123,collect_rollout,3854,0,51,2.0675893500447273,False,False,0.0,0.0,0,0,0,0.0,0.0,0.0,0.0,2.0675893500447273,1,2.0675893500447273
,academy_3_vs_1_with_keeper,123,collect_rollout,3855,0,19,0.0,False,False,0.0,0.0,0,0,0,0.0,0.0,0.0,0.0,0.0,1,0.0
,academy_3_vs_1_with_keeper,123,collect_rollout,3856,0,18,0.0,False,False,0.0,0.0,0,0,0,0.0,0.0,0.0,0.0,0.0,1,0.0
,academy_3_vs_1_with_keeper,123,collect_rollout,3857,0,17,0.009055403294041753,False,False,0.0,0.0,0,0,0,0.0,0.0,0.0,0.0,0.009055403294041753,1,0.009055403294041753
,academy_3_vs_1_with_keeper,123,collect_rollout,3858,0,100,-0.05023205789620988,False,False,0.0,0.0,0,0,0,0.0,0.0,0.0,0.0,-0.05023205789620988,1,-0.05023205789620988
,academy_3_vs_1_with_keeper,123,collect_rollout,3859,0,18,0.0,False,False,0.0,0.0,0,0,0,0.0,0.0,0.0,0.0,0.0,1,0.0
,academy_3_vs_1_with_keeper,123,collect_rollout,3860,0,18,-0.006666666362434626,False,False,0.0,0.0,0,0,0,0.0,0.0,0.0,0.0,-0.006666666362434626,1,-0.006666666362434626
,academy_3_vs_1_with_keeper,123,collect_rollout,3861,0,90,0.08902460138779134,False,False,0.0,0.0,0,0,0,0.0,0.0,0.0,0.0,0.08902460138779134,1,0.08902460138779134
,academy_3_vs_1_with_keeper,123,collect_rollout,3862,0,20,2.1071311223786324,False,False,0.0,0.0,0,0,0,0.0,0.0,0.0,0.0,2.1071311223786324,1,2.1071311223786324
,academy_3_vs_1_with_keeper,123,collect_rollout,3863,0,40,0.03446409238677006,False,False,0.0,0.0,0,0,0,0.0,0.0,0.0,0.0,0.03446409238677006,1,0.03446409238677006
,academy_3_vs_1_with_keeper,123,collect_rollout,3864,0,19,-0.006666666362434626,False,False,0.0,0.0,0,0,0,0.0,0.0,0.0,0.0,-0.006666666362434626,1,-0.006666666362434626
,academy_3_vs_1_with_keeper,123,collect_rollout,3865,0,21,2.1007920703850687,False,False,0.0,0.0,0,0,0,0.0,0.0,0.0,0.0,2.1007920703850687,1,2.1007920703850687
,academy_3_vs_1_with_keeper,123,collect_rollout,3866,0,20,-0.003333333181217313,False,False,0.0,0.0,0,0,0,0.0,0.0,0.0,0.0,-0.003333333181217313,1,-0.003333333181217313
,academy_3_vs_1_with_keeper,123,collect_rollout,3867,0,14,0.0,False,False,0.0,0.0,0,0,0,0.0,0.0,0.0,0.0,0.0,1,0.0
,academy_3_vs_1_with_keeper,123,collect_rollout,3868,0,32,2.1079455310245976,False,False,0.0,0.0,0,0,0,0.0,0.0,0.0,0.0,2.1079455310245976,1,2.1079455310245976
,academy_3_vs_1_with_keeper,123,collect_rollout,3869,0,18,0.0,False,False,0.0,0.0,0,0,0,0.0,0.0,0.0,0.0,0.0,1,0.0
,academy_3_vs_1_with_keeper,123,collect_rollout,3870,0,9,0.037031985353678465,False,False,0.0,0.0,0,0,0,0.0,0.0,0.0,0.0,0.037031985353678465,1,0.037031985353678465
,academy_3_vs_1_with_keeper,123,collect_rollout,3871,0,22,-0.016666665906086564,False,False,0.0,0.0,0,0,0,0.0,0.0,0.0,0.0,-0.016666665906086564,1,-0.016666665906086564
,academy_3_vs_1_with_keeper,123,collect_rollout,3872,0,14,0.02343501333234599,False,False,0.0,0.0,0,0,0,0.0,0.0,0.0,0.0,0.02343501333234599,1,0.02343501333234599
,academy_3_vs_1_with_keeper,123,collect_rollout,3873,0,17,-0.006666666362434626,False,False,0.0,0.0,0,0,0,0.0,0.0,0.0,0.0,-0.006666666362434626,1,-0.006666666362434626
,academy_3_vs_1_with_keeper,123,collect_rollout,3874,0,16,-0.003333333181217313,False,False,0.0,0.0,0,0,0,0.0,0.0,0.0,0.0,-0.003333333181217313,1,-0.003333333181217313
,academy_3_vs_1_with_keeper,123,collect_rollout,3875,0,17,0.0,False,False,0.0,0.0,0,0,0,0.0,0.0,0.0,0.0,0.0,1,0.0
,academy_3_vs_1_with_keeper,123,collect_rollout,3876,0,20,-0.009999999543651938,False,False,0.0,0.0,0,0,0,0.0,0.0,0.0,0.0,-0.009999999543651938,1,-0.009999999543651938
,academy_3_vs_1_with_keeper,123,collect_rollout,3877,0,28,2.0964772074948996,False,False,0.0,0.0,0,0,0,0.0,0.0,0.0,0.0,2.0964772074948996,1,2.0964772074948996
,academy_3_vs_1_with_keeper,123,collect_rollout,3878,0,31,0.0653247523587197,False,False,0.0,0.0,0,0,0,0.0,0.0,0.0,0.0,0.0653247523587197,1,0.0653247523587197
,academy_3_vs_1_with_keeper,123,collect_rollout,3879,0,42,0.05402315396349877,False,False,0.0,0.0,0,0,0,0.0,0.0,0.0,0.0,0.05402315396349877,1,0.05402315396349877
,academy_3_vs_1_with_keeper,123,collect_rollout,3880,0,18,0.0,False,False,0.0,0.0,0,0,0,0.0,0.0,0.0,0.0,0.0,1,0.0
,academy_3_vs_1_with_keeper,123,collect_rollout,3881,0,11,0.04304185998626053,False,False,0.0,0.0,0,0,0,0.0,0.0,0.0,0.0,0.04304185998626053,1,0.04304185998626053
,academy_3_vs_1_with_keeper,123,collect_rollout,3882,0,35,0.09339328622445464,False,False,0.0,0.0,0,0,0,0.0,0.0,0.0,0.0,0.09339328622445464,1,0.09339328622445464
,academy_3_vs_1_with_keeper,123,collect_rollout,3883,0,41,2.0491487365434295,False,False,0.0,0.0,0,0,0,0.0,0.0,0.0,0.0,2.0491487365434295,1,2.0491487365434295
,academy_3_vs_1_with_keeper,123,collect_rollout,3884,0,18,-0.013333332724869251,False,False,0.0,0.0,0,0,0,0.0,0.0,0.0,0.0,-0.013333332724869251,1,-0.013333332724869251
,academy_3_vs_1_with_keeper,123,collect_rollout,3885,0,21,0.0,False,False,0.0,0.0,0,0,0,0.0,0.0,0.0,0.0,0.0,1,0.0
,academy_3_vs_1_with_keeper,123,collect_rollout,3886,0,53,0.364605715876678,False,False,0.0,0.0,0,0,0,0.0,0.0,0.0,0.0,0.364605715876678,1,0.364605715876678
,academy_3_vs_1_with_keeper,123,collect_rollout,3887,0,18,-0.003333333181217313,False,False,0.0,0.0,0,0,0,0.0,0.0,0.0,0.0,-0.003333333181217313,1,-0.003333333181217313
,academy_3_vs_1_with_keeper,123,collect_rollout,3888,0,23,-0.003333333181217313,False,False,0.0,0.0,0,0,0,0.0,0.0,0.0,0.0,-0.003333333181217313,1,-0.003333333181217313
,academy_3_vs_1_with_keeper,123,collect_rollout,3889,0,16,-0.003333333181217313,False,False,0.0,0.0,0,0,0,0.0,0.0,0.0,0.0,-0.003333333181217313,1,-0.003333333181217313
,academy_3_vs_1_with_keeper,123,collect_rollout,3890,0,142,-0.053333330899477005,False,False,0.0,0.0,0,0,0,0.0,0.0,0.0,0.0,-0.053333330899477005,1,-0.053333330899477005
,academy_3_vs_1_with_keeper,123,collect_rollout,3891,0,16,-0.003333333181217313,False,False,0.0,0.0,0,0,0,0.0,0.0,0.0,0.0,-0.003333333181217313,1,-0.003333333181217313
,academy_3_vs_1_with_keeper,123,collect_rollout,3892,0,39,2.093373169656843,False,False,0.0,0.0,0,0,0,0.0,0.0,0.0,0.0,2.093373169656843,1,2.093373169656843
,academy_3_vs_1_with_keeper,123,collect_rollout,3893,0,27,2.1234319182112813,False,False,0.0,0.0,0,0,0,0.0,0.0,0.0,0.0,2.1234319182112813,1,2.1234319182112813
,academy_3_vs_1_with_keeper,123,collect_rollout,3894,0,16,-0.003333333181217313,False,False,0.0,0.0,0,0,0,0.0,0.0,0.0,0.0,-0.003333333181217313,1,-0.003333333181217313
,academy_3_vs_1_with_keeper,123,collect_rollout,3895,0,23,-0.013333332724869251,False,False,0.0,0.0,0,0,0,0.0,0.0,0.0,0.0,-0.013333332724869251,1,-0.013333332724869251
,academy_3_vs_1_with_keeper,123,collect_rollout,3896,0,36,2.090439602077822,False,False,0.0,0.0,0,0,0,0.0,0.0,0.0,0.0,2.090439602077822,1,2.090439602077822
,academy_3_vs_1_with_keeper,123,collect_rollout,3897,0,19,-0.009999999543651938,False,False,0.0,0.0,0,0,0,0.0,0.0,0.0,0.0,-0.009999999543651938,1,-0.009999999543651938
,academy_3_vs_1_with_keeper,123,collect_rollout,3898,0,9,0.0422575103584677,False,False,0.0,0.0,0,0,0,0.0,0.0,0.0,0.0,0.0422575103584677,1,0.0422575103584677
,academy_3_vs_1_with_keeper,123,collect_rollout,3899,0,84,0.07504728774074465,False,False,0.0,0.0,0,0,0,0.0,0.0,0.0,0.0,0.07504728774074465,1,0.07504728774074465
,academy_3_vs_1_with_keeper,123,collect_rollout,3900,0,9,0.04040350089780986,False,False,0.0,0.0,0,0,0,0.0,0.0,0.0,0.0,0.04040350089780986,1,0.04040350089780986
,academy_3_vs_1_with_keeper,123,collect_rollout,3901,0,29,2.1121857310645282,False,False,0.0,0.0,0,0,0,0.0,0.0,0.0,0.0,2.1121857310645282,1,2.1121857310645282
,academy_3_vs_1_with_keeper,123,collect_rollout,3902,0,22,2.1294637355022132,False,False,0.0,0.0,0,0,0,0.0,0.0,0.0,0.0,2.1294637355022132,1,2.1294637355022132
,academy_3_vs_1_with_keeper,123,collect_rollout,3903,0,16,0.022874134127050638,False,False,0.0,0.0,0,0,0,0.0,0.0,0.0,0.0,0.022874134127050638,1,0.022874134127050638
,academy_3_vs_1_with_keeper,123,collect_rollout,3904,0,11,0.019452304812148213,False,False,0.0,0.0,0,0,0,0.0,0.0,0.0,0.0,0.019452304812148213,1,0.019452304812148213
,academy_3_vs_1_with_keeper,123,collect_rollout,3905,0,18,-0.003333333181217313,False,False,0.0,0.0,0,0,0,0.0,0.0,0.0,0.0,-0.003333333181217313,1,-0.003333333181217313
,academy_3_vs_1_with_keeper,123,collect_rollout,3906,0,14,0.016902414994547144,False,False,0.0,0.0,0,0,0,0.0,0.0,0.0,0.0,0.016902414994547144,1,0.016902414994547144
,academy_3_vs_1_with_keeper,123,collect_rollout,3907,0,36,0.08888375235255808,False,False,0.0,0.0,0,0,0,0.0,0.0,0.0,0.0,0.08888375235255808,1,0.08888375235255808
,academy_3_vs_1_with_keeper,123,collect_rollout,3908,0,33,2.099001077353023,False,False,0.0,0.0,0,0,0,0.0,0.0,0.0,0.0,2.099001077353023,1,2.099001077353023
,academy_3_vs_1_with_keeper,123,collect_rollout,3909,0,38,2.1053753837477416,False,False,0.0,0.0,0,0,0,0.0,0.0,0.0,0.0,2.1053753837477416,1,2.1053753837477416
,academy_3_vs_1_with_keeper,123,collect_rollout,3910,0,26,2.114819521433674,False,False,0.0,0.0,0,0,0,0.0,0.0,0.0,0.0,2.114819521433674,1,2.114819521433674
,academy_3_vs_1_with_keeper,123,collect_rollout,3911,0,20,2.1299154066946357,False,False,0.0,0.0,0,0,0,0.0,0.0,0.0,0.0,2.1299154066946357,1,2.1299154066946357
,academy_3_vs_1_with_keeper,123,collect_rollout,3912,0,16,-0.003333333181217313,False,False,0.0,0.0,0,0,0,0.0,0.0,0.0,0.0,-0.003333333181217313,1,-0.003333333181217313
,academy_3_vs_1_with_keeper,123,collect_rollout,3913,0,49,0.08836020491435193,False,False,0.0,0.0,0,0,0,0.0,0.0,0.0,0.0,0.08836020491435193,1,0.08836020491435193
,academy_3_vs_1_with_keeper,123,collect_rollout,3914,0,21,-0.009999999543651938,False,False,0.0,0.0,0,0,0,0.0,0.0,0.0,0.0,-0.009999999543651938,1,-0.009999999543651938
,academy_3_vs_1_with_keeper,123,collect_rollout,3915,0,15,0.02494670485612005,False,False,0.0,0.0,0,0,0,0.0,0.0,0.0,0.0,0.02494670485612005,1,0.02494670485612005
,academy_3_vs_1_with_keeper,123,collect_rollout,3916,0,19,-0.003333333181217313,False,False,0.0,0.0,0,0,0,0.0,0.0,0.0,0.0,-0.003333333181217313,1,-0.003333333181217313
,academy_3_vs_1_with_keeper,123,collect_rollout,3917,0,20,-0.013333332724869251,False,False,0.0,0.0,0,0,0,0.0,0.0,0.0,0.0,-0.013333332724869251,1,-0.013333332724869251
,academy_3_vs_1_with_keeper,123,collect_rollout,3918,0,22,-0.016666665906086564,False,False,0.0,0.0,0,0,0,0.0,0.0,0.0,0.0,-0.016666665906086564,1,-0.016666665906086564
,academy_3_vs_1_with_keeper,123,collect_rollout,3919,0,21,2.101317113963887,False,False,0.0,0.0,0,0,0,0.0,0.0,0.0,0.0,2.101317113963887,1,2.101317113963887
,academy_3_vs_1_with_keeper,123,collect_rollout,3920,0,17,-0.003333333181217313,False,False,0.0,0.0,0,0,0,0.0,0.0,0.0,0.0,-0.003333333181217313,1,-0.003333333181217313
,academy_3_vs_1_with_keeper,123,collect_rollout,3921,0,25,2.0830050169024616,False,False,0.0,0.0,0,0,0,0.0,0.0,0.0,0.0,2.0830050169024616,1,2.0830050169024616
,academy_3_vs_1_with_keeper,123,collect_rollout,3922,0,28,0.08334001642651856,False,False,0.0,0.0,0,0,0,0.0,0.0,0.0,0.0,0.08334001642651856,1,0.08334001642651856
,academy_3_vs_1_with_keeper,123,collect_rollout,3923,0,16,0.015234642021823674,False,False,0.0,0.0,0,0,0,0.0,0.0,0.0,0.0,0.015234642021823674,1,0.015234642021823674
,academy_3_vs_1_with_keeper,123,collect_rollout,3924,0,24,-0.009999999543651938,False,False,0.0,0.0,0,0,0,0.0,0.0,0.0,0.0,-0.009999999543651938,1,-0.009999999543651938
,academy_3_vs_1_with_keeper,123,collect_rollout,3925,0,31,2.10061315423809,False,False,0.0,0.0,0,0,0,0.0,0.0,0.0,0.0,2.10061315423809,1,2.10061315423809
,academy_3_vs_1_with_keeper,123,collect_rollout,3926,0,20,-0.016666665906086564,False,False,0.0,0.0,0,0,0,0.0,0.0,0.0,0.0,-0.016666665906086564,1,-0.016666665906086564
,academy_3_vs_1_with_keeper,123,collect_rollout,3927,0,59,0.032626646556309424,False,False,0.0,0.0,0,0,0,0.0,0.0,0.0,0.0,0.032626646556309424,1,0.032626646556309424
,academy_3_vs_1_with_keeper,123,collect_rollout,3928,0,19,0.0,False,False,0.0,0.0,0,0,0,0.0,0.0,0.0,0.0,0.0,1,0.0
,academy_3_vs_1_with_keeper,123,collect_rollout,3929,0,15,-0.016666665906086564,False,False,0.0,0.0,0,0,0,0.0,0.0,0.0,0.0,-0.016666665906086564,1,-0.016666665906086564
,academy_3_vs_1_with_keeper,123,collect_rollout,3930,0,14,0.017253132886253297,False,False,0.0,0.0,0,0,0,0.0,0.0,0.0,0.0,0.017253132886253297,1,0.017253132886253297
,academy_3_vs_1_with_keeper,123,collect_rollout,3931,0,23,2.1374658283311874,False,False,0.0,0.0,0,0,0,0.0,0.0,0.0,0.0,2.1374658283311874,1,2.1374658283311874
,academy_3_vs_1_with_keeper,123,collect_rollout,3932,0,20,-0.006666666362434626,False,False,0.0,0.0,0,0,0,0.0,0.0,0.0,0.0,-0.006666666362434626,1,-0.006666666362434626
,academy_3_vs_1_with_keeper,123,collect_rollout,3933,0,20,-0.003333333181217313,False,False,0.0,0.0,0,0,0,0.0,0.0,0.0,0.0,-0.003333333181217313,1,-0.003333333181217313
,academy_3_vs_1_with_keeper,123,collect_rollout,3934,0,17,0.0,False,False,0.0,0.0,0,0,0,0.0,0.0,0.0,0.0,0.0,1,0.0
,academy_3_vs_1_with_keeper,123,collect_rollout,3935,0,17,-0.006666666362434626,False,False,0.0,0.0,0,0,0,0.0,0.0,0.0,0.0,-0.006666666362434626,1,-0.006666666362434626
,academy_3_vs_1_with_keeper,123,collect_rollout,3936,0,18,-0.006666666362434626,False,False,0.0,0.0,0,0,0,0.0,0.0,0.0,0.0,-0.006666666362434626,1,-0.006666666362434626
,academy_3_vs_1_with_keeper,123,collect_rollout,3937,0,17,-0.003333333181217313,False,False,0.0,0.0,0,0,0,0.0,0.0,0.0,0.0,-0.003333333181217313,1,-0.003333333181217313
,academy_3_vs_1_with_keeper,123,collect_rollout,3938,0,12,0.020993177662603557,False,False,0.0,0.0,0,0,0,0.0,0.0,0.0,0.0,0.020993177662603557,1,0.020993177662603557
,academy_3_vs_1_with_keeper,123,collect_rollout,3939,0,24,2.09647077054251,False,False,0.0,0.0,0,0,0,0.0,0.0,0.0,0.0,2.09647077054251,1,2.09647077054251
,academy_3_vs_1_with_keeper,123,collect_rollout,3940,0,21,-0.003333333181217313,False,False,0.0,0.0,0,0,0,0.0,0.0,0.0,0.0,-0.003333333181217313,1,-0.003333333181217313
,academy_3_vs_1_with_keeper,123,collect_rollout,3941,0,14,0.027038234751671553,False,False,0.0,0.0,0,0,0,0.0,0.0,0.0,0.0,0.027038234751671553,1,0.027038234751671553
,academy_3_vs_1_with_keeper,123,collect_rollout,3942,0,19,0.0,False,False,0.0,0.0,0,0,0,0.0,0.0,0.0,0.0,0.0,1,0.0
,academy_3_vs_1_with_keeper,123,collect_rollout,3943,0,21,-0.003333333181217313,False,False,0.0,0.0,0,0,0,0.0,0.0,0.0,0.0,-0.003333333181217313,1,-0.003333333181217313
,academy_3_vs_1_with_keeper,123,collect_rollout,3944,0,16,-0.006666666362434626,False,False,0.0,0.0,0,0,0,0.0,0.0,0.0,0.0,-0.006666666362434626,1,-0.006666666362434626
,academy_3_vs_1_with_keeper,123,collect_rollout,3945,0,16,-0.009999999543651938,False,False,0.0,0.0,0,0,0,0.0,0.0,0.0,0.0,-0.009999999543651938,1,-0.009999999543651938
,academy_3_vs_1_with_keeper,123,collect_rollout,3946,0,12,0.03751678369008005,False,False,0.0,0.0,0,0,0,0.0,0.0,0.0,0.0,0.03751678369008005,1,0.03751678369008005
,academy_3_vs_1_with_keeper,123,collect_rollout,3947,0,20,-0.006666666362434626,False,False,0.0,0.0,0,0,0,0.0,0.0,0.0,0.0,-0.006666666362434626,1,-0.006666666362434626
,academy_3_vs_1_with_keeper,123,collect_rollout,3948,0,49,0.33316454314626753,False,False,0.0,0.0,0,0,0,0.0,0.0,0.0,0.0,0.33316454314626753,1,0.33316454314626753
,academy_3_vs_1_with_keeper,123,collect_rollout,3949,0,19,-0.013333332724869251,False,False,0.0,0.0,0,0,0,0.0,0.0,0.0,0.0,-0.013333332724869251,1,-0.013333332724869251
,academy_3_vs_1_with_keeper,123,collect_rollout,3950,0,18,-0.003333333181217313,False,False,0.0,0.0,0,0,0,0.0,0.0,0.0,0.0,-0.003333333181217313,1,-0.003333333181217313
,academy_3_vs_1_with_keeper,123,collect_rollout,3951,0,19,-0.009999999543651938,False,False,0.0,0.0,0,0,0,0.0,0.0,0.0,0.0,-0.009999999543651938,1,-0.009999999543651938
,academy_3_vs_1_with_keeper,123,collect_rollout,3952,0,13,0.0028940532356500626,False,False,0.0,0.0,0,0,0,0.0,0.0,0.0,0.0,0.0028940532356500626,1,0.0028940532356500626
,academy_3_vs_1_with_keeper,123,collect_rollout,3953,0,29,2.0861143413349055,False,False,0.0,0.0,0,0,0,0.0,0.0,0.0,0.0,2.0861143413349055,1,2.0861143413349055
,academy_3_vs_1_with_keeper,123,collect_rollout,3954,0,8,0.026554060517810285,False,False,0.0,0.0,0,0,0,0.0,0.0,0.0,0.0,0.026554060517810285,1,0.026554060517810285
,academy_3_vs_1_with_keeper,123,collect_rollout,3955,0,32,0.09373601875267923,False,False,0.0,0.0,0,0,0,0.0,0.0,0.0,0.0,0.09373601875267923,1,0.09373601875267923
,academy_3_vs_1_with_keeper,123,collect_rollout,3956,0,36,0.09262014110572636,False,False,0.0,0.0,0,0,0,0.0,0.0,0.0,0.0,0.09262014110572636,1,0.09262014110572636
,academy_3_vs_1_with_keeper,123,collect_rollout,3957,0,23,-0.003333333181217313,False,False,0.0,0.0,0,0,0,0.0,0.0,0.0,0.0,-0.003333333181217313,1,-0.003333333181217313
,academy_3_vs_1_with_keeper,123,collect_rollout,3958,0,20,-0.003333333181217313,False,False,0.0,0.0,0,0,0,0.0,0.0,0.0,0.0,-0.003333333181217313,1,-0.003333333181217313
,academy_3_vs_1_with_keeper,123,collect_rollout,3959,0,20,-0.013333332724869251,False,False,0.0,0.0,0,0,0,0.0,0.0,0.0,0.0,-0.013333332724869251,1,-0.013333332724869251
,academy_3_vs_1_with_keeper,123,collect_rollout,3960,0,14,0.02413276839070022,False,False,0.0,0.0,0,0,0,0.0,0.0,0.0,0.0,0.02413276839070022,1,0.02413276839070022
,academy_3_vs_1_with_keeper,123,collect_rollout,3961,0,20,0.07852995024586562,False,False,0.0,0.0,0,0,0,0.0,0.0,0.0,0.0,0.07852995024586562,1,0.07852995024586562
,academy_3_vs_1_with_keeper,123,collect_rollout,3962,0,21,-0.019999999087303877,False,False,0.0,0.0,0,0,0,0.0,0.0,0.0,0.0,-0.019999999087303877,1,-0.019999999087303877
,academy_3_vs_1_with_keeper,123,collect_rollout,3963,0,37,2.097745157778263,False,False,0.0,0.0,0,0,0,0.0,0.0,0.0,0.0,2.097745157778263,1,2.097745157778263
,academy_3_vs_1_with_keeper,123,collect_rollout,3964,0,22,-0.003333333181217313,False,False,0.0,0.0,0,0,0,0.0,0.0,0.0,0.0,-0.003333333181217313,1,-0.003333333181217313
,academy_3_vs_1_with_keeper,123,collect_rollout,3965,0,20,-0.003333333181217313,False,False,0.0,0.0,0,0,0,0.0,0.0,0.0,0.0,-0.003333333181217313,1,-0.003333333181217313
,academy_3_vs_1_with_keeper,123,collect_rollout,3966,0,19,-0.009999999543651938,False,False,0.0,0.0,0,0,0,0.0,0.0,0.0,0.0,-0.009999999543651938,1,-0.009999999543651938
,academy_3_vs_1_with_keeper,123,collect_rollout,3967,0,37,2.08924054808449,False,False,0.0,0.0,0,0,0,0.0,0.0,0.0,0.0,2.08924054808449,1,2.08924054808449
,academy_3_vs_1_with_keeper,123,collect_rollout,3968,0,39,0.03413111518602818,False,False,0.0,0.0,0,0,0,0.0,0.0,0.0,0.0,0.03413111518602818,1,0.03413111518602818
,academy_3_vs_1_with_keeper,123,collect_rollout,3969,0,16,-0.009999999543651938,False,False,0.0,0.0,0,0,0,0.0,0.0,0.0,0.0,-0.009999999543651938,1,-0.009999999543651938
,academy_3_vs_1_with_keeper,123,collect_rollout,3970,0,12,0.006729488959535956,False,False,0.0,0.0,0,0,0,0.0,0.0,0.0,0.0,0.006729488959535956,1,0.006729488959535956
,academy_3_vs_1_with_keeper,123,collect_rollout,3971,0,21,2.109135159640573,False,False,0.0,0.0,0,0,0,0.0,0.0,0.0,0.0,2.109135159640573,1,2.109135159640573
,academy_3_vs_1_with_keeper,123,collect_rollout,3972,0,48,0.10772962088230997,False,False,0.0,0.0,0,0,0,0.0,0.0,0.0,0.0,0.10772962088230997,1,0.10772962088230997
,academy_3_vs_1_with_keeper,123,collect_rollout,3973,0,41,0.05682889022864401,False,False,0.0,0.0,0,0,0,0.0,0.0,0.0,0.0,0.05682889022864401,1,0.05682889022864401
,academy_3_vs_1_with_keeper,123,collect_rollout,3974,0,14,-0.006666666362434626,False,False,0.0,0.0,0,0,0,0.0,0.0,0.0,0.0,-0.006666666362434626,1,-0.006666666362434626
,academy_3_vs_1_with_keeper,123,collect_rollout,3975,0,17,-0.006666666362434626,False,False,0.0,0.0,0,0,0,0.0,0.0,0.0,0.0,-0.006666666362434626,1,-0.006666666362434626
,academy_3_vs_1_with_keeper,123,collect_rollout,3976,0,26,2.099765154533088,False,False,0.0,0.0,0,0,0,0.0,0.0,0.0,0.0,2.099765154533088,1,2.099765154533088
,academy_3_vs_1_with_keeper,123,collect_rollout,3977,0,21,-0.003333333181217313,False,False,0.0,0.0,0,0,0,0.0,0.0,0.0,0.0,-0.003333333181217313,1,-0.003333333181217313
,academy_3_vs_1_with_keeper,123,collect_rollout,3978,0,18,-0.006666666362434626,False,False,0.0,0.0,0,0,0,0.0,0.0,0.0,0.0,-0.006666666362434626,1,-0.006666666362434626
,academy_3_vs_1_with_keeper,123,collect_rollout,3979,0,13,0.014519765507429838,False,False,0.0,0.0,0,0,0,0.0,0.0,0.0,0.0,0.014519765507429838,1,0.014519765507429838
,academy_3_vs_1_with_keeper,123,collect_rollout,3980,0,19,0.0,False,False,0.0,0.0,0,0,0,0.0,0.0,0.0,0.0,0.0,1,0.0
,academy_3_vs_1_with_keeper,123,collect_rollout,3981,0,15,0.0,False,False,0.0,0.0,0,0,0,0.0,0.0,0.0,0.0,0.0,1,0.0
,academy_3_vs_1_with_keeper,123,collect_rollout,3982,0,16,0.0,False,False,0.0,0.0,0,0,0,0.0,0.0,0.0,0.0,0.0,1,0.0
,academy_3_vs_1_with_keeper,123,collect_rollout,3983,0,15,-0.006666666362434626,False,False,0.0,0.0,0,0,0,0.0,0.0,0.0,0.0,-0.006666666362434626,1,-0.006666666362434626
,academy_3_vs_1_with_keeper,123,collect_rollout,3984,0,22,-0.016666665906086564,False,False,0.0,0.0,0,0,0,0.0,0.0,0.0,0.0,-0.016666665906086564,1,-0.016666665906086564
,academy_3_vs_1_with_keeper,123,collect_rollout,3985,0,13,0.007247342029586434,False,False,0.0,0.0,0,0,0,0.0,0.0,0.0,0.0,0.007247342029586434,1,0.007247342029586434
,academy_3_vs_1_with_keeper,123,collect_rollout,3986,0,48,2.050909643061459,False,False,0.0,0.0,0,0,0,0.0,0.0,0.0,0.0,2.050909643061459,1,2.050909643061459
,academy_3_vs_1_with_keeper,123,collect_rollout,3987,0,14,-0.003333333181217313,False,False,0.0,0.0,0,0,0,0.0,0.0,0.0,0.0,-0.003333333181217313,1,-0.003333333181217313
,academy_3_vs_1_with_keeper,123,collect_rollout,3988,0,21,-0.006666666362434626,False,False,0.0,0.0,0,0,0,0.0,0.0,0.0,0.0,-0.006666666362434626,1,-0.006666666362434626
,academy_3_vs_1_with_keeper,123,collect_rollout,3989,0,36,2.0958769327262416,False,False,0.0,0.0,0,0,0,0.0,0.0,0.0,0.0,2.0958769327262416,1,2.0958769327262416
,academy_3_vs_1_with_keeper,123,collect_rollout,3990,0,42,2.0858830163197126,False,False,0.0,0.0,0,0,0,0.0,0.0,0.0,0.0,2.0858830163197126,1,2.0858830163197126
,academy_3_vs_1_with_keeper,123,collect_rollout,3991,0,19,-0.003333333181217313,False,False,0.0,0.0,0,0,0,0.0,0.0,0.0,0.0,-0.003333333181217313,1,-0.003333333181217313
,academy_3_vs_1_with_keeper,123,collect_rollout,3992,0,33,2.122806320199743,False,False,0.0,0.0,0,0,0,0.0,0.0,0.0,0.0,2.122806320199743,1,2.122806320199743
,academy_3_vs_1_with_keeper,123,collect_rollout,3993,0,39,2.0558701150584966,False,False,0.0,0.0,0,0,0,0.0,0.0,0.0,0.0,2.0558701150584966,1,2.0558701150584966
,academy_3_vs_1_with_keeper,123,collect_rollout,3994,0,19,-0.006666666362434626,False,False,0.0,0.0,0,0,0,0.0,0.0,0.0,0.0,-0.006666666362434626,1,-0.006666666362434626
,academy_3_vs_1_with_keeper,123,collect_rollout,3995,0,16,-0.0015662750811316073,False,False,0.0,0.0,0,0,0,0.0,0.0,0.0,0.0,-0.0015662750811316073,1,-0.0015662750811316073
,academy_3_vs_1_with_keeper,123,collect_rollout,3996,0,14,0.026414948632009327,False,False,0.0,0.0,0,0,0,0.0,0.0,0.0,0.0,0.026414948632009327,1,0.026414948632009327
,academy_3_vs_1_with_keeper,123,collect_rollout,3997,0,18,-0.006666666362434626,False,False,0.0,0.0,0,0,0,0.0,0.0,0.0,0.0,-0.006666666362434626,1,-0.006666666362434626
,academy_3_vs_1_with_keeper,123,collect_rollout,3998,0,17,0.0,False,False,0.0,0.0,0,0,0,0.0,0.0,0.0,0.0,0.0,1,0.0
,academy_3_vs_1_with_keeper,123,collect_rollout,3999,0,32,2.10731575707905,False,False,0.0,0.0,0,0,0,0.0,0.0,0.0,0.0,2.10731575707905,1,2.10731575707905
,academy_3_vs_1_with_keeper,123,collect_rollout,4000,0,12,0.028357459348626435,False,False,0.0,0.0,0,0,0,0.0,0.0,0.0,0.0,0.028357459348626435,1,0.028357459348626435
,academy_3_vs_1_with_keeper,123,collect_rollout,4001,0,9,0.04471362102776766,False,False,0.0,0.0,0,0,0,0.0,0.0,0.0,0.0,0.04471362102776766,1,0.04471362102776766
,academy_3_vs_1_with_keeper,123,collect_rollout,4002,0,31,2.1036513568051305,False,False,0.0,0.0,0,0,0,0.0,0.0,0.0,0.0,2.1036513568051305,1,2.1036513568051305
,academy_3_vs_1_with_keeper,123,collect_rollout,4003,0,21,-0.013333332724869251,False,False,0.0,0.0,0,0,0,0.0,0.0,0.0,0.0,-0.013333332724869251,1,-0.013333332724869251
,academy_3_vs_1_with_keeper,123,collect_rollout,4004,0,24,-0.006666666362434626,False,False,0.0,0.0,0,0,0,0.0,0.0,0.0,0.0,-0.006666666362434626,1,-0.006666666362434626
,academy_3_vs_1_with_keeper,123,collect_rollout,4005,0,18,-0.009999999543651938,False,False,0.0,0.0,0,0,0,0.0,0.0,0.0,0.0,-0.009999999543651938,1,-0.009999999543651938
,academy_3_vs_1_with_keeper,123,collect_rollout,4006,0,17,-0.003333333181217313,False,False,0.0,0.0,0,0,0,0.0,0.0,0.0,0.0,-0.003333333181217313,1,-0.003333333181217313
,academy_3_vs_1_with_keeper,123,collect_rollout,4007,0,15,0.0038295354461297393,False,False,0.0,0.0,0,0,0,0.0,0.0,0.0,0.0,0.0038295354461297393,1,0.0038295354461297393
,academy_3_vs_1_with_keeper,123,collect_rollout,4008,0,28,2.1012239973206306,False,False,0.0,0.0,0,0,0,0.0,0.0,0.0,0.0,2.1012239973206306,1,2.1012239973206306
,academy_3_vs_1_with_keeper,123,collect_rollout,4009,0,22,2.0988660430448363,False,False,0.0,0.0,0,0,0,0.0,0.0,0.0,0.0,2.0988660430448363,1,2.0988660430448363
,academy_3_vs_1_with_keeper,123,collect_rollout,4010,0,16,-0.013333332724869251,False,False,0.0,0.0,0,0,0,0.0,0.0,0.0,0.0,-0.013333332724869251,1,-0.013333332724869251
,academy_3_vs_1_with_keeper,123,collect_rollout,4011,0,28,2.1219498035497963,False,False,0.0,0.0,0,0,0,0.0,0.0,0.0,0.0,2.1219498035497963,1,2.1219498035497963
,academy_3_vs_1_with_keeper,123,collect_rollout,4012,0,85,0.09424048202345148,False,False,0.0,0.0,0,0,0,0.0,0.0,0.0,0.0,0.09424048202345148,1,0.09424048202345148
,academy_3_vs_1_with_keeper,123,collect_rollout,4013,0,14,0.01658120413776487,False,False,0.0,0.0,0,0,0,0.0,0.0,0.0,0.0,0.01658120413776487,1,0.01658120413776487
,academy_3_vs_1_with_keeper,123,collect_rollout,4014,0,33,0.07867314078612253,False,False,0.0,0.0,0,0,0,0.0,0.0,0.0,0.0,0.07867314078612253,1,0.07867314078612253
,academy_3_vs_1_with_keeper,123,collect_rollout,4015,0,27,2.119129361002706,False,False,0.0,0.0,0,0,0,0.0,0.0,0.0,0.0,2.119129361002706,1,2.119129361002706
,academy_3_vs_1_with_keeper,123,collect_rollout,4016,0,11,0.029167321044951677,False,False,0.0,0.0,0,0,0,0.0,0.0,0.0,0.0,0.029167321044951677,1,0.029167321044951677
,academy_3_vs_1_with_keeper,123,collect_rollout,4017,0,14,0.010373190511018038,False,False,0.0,0.0,0,0,0,0.0,0.0,0.0,0.0,0.010373190511018038,1,0.010373190511018038
,academy_3_vs_1_with_keeper,123,collect_rollout,4018,0,32,-0.003958209650591016,False,False,0.0,0.0,0,0,0,0.0,0.0,0.0,0.0,-0.003958209650591016,1,-0.003958209650591016
,academy_3_vs_1_with_keeper,123,collect_rollout,4019,0,16,0.0,False,False,0.0,0.0,0,0,0,0.0,0.0,0.0,0.0,0.0,1,0.0
,academy_3_vs_1_with_keeper,123,collect_rollout,4020,0,17,-0.013333332724869251,False,False,0.0,0.0,0,0,0,0.0,0.0,0.0,0.0,-0.013333332724869251,1,-0.013333332724869251
,academy_3_vs_1_with_keeper,123,collect_rollout,4021,0,17,-0.003333333181217313,False,False,0.0,0.0,0,0,0,0.0,0.0,0.0,0.0,-0.003333333181217313,1,-0.003333333181217313
,academy_3_vs_1_with_keeper,123,collect_rollout,4022,0,19,-0.009999999543651938,False,False,0.0,0.0,0,0,0,0.0,0.0,0.0,0.0,-0.009999999543651938,1,-0.009999999543651938
,academy_3_vs_1_with_keeper,123,collect_rollout,4023,0,13,0.02401411859318614,False,False,0.0,0.0,0,0,0,0.0,0.0,0.0,0.0,0.02401411859318614,1,0.02401411859318614
,academy_3_vs_1_with_keeper,123,collect_rollout,4024,0,30,2.1055643332656473,False,False,0.0,0.0,0,0,0,0.0,0.0,0.0,0.0,2.1055643332656473,1,2.1055643332656473
,academy_3_vs_1_with_keeper,123,collect_rollout,4025,0,21,-0.003333333181217313,False,False,0.0,0.0,0,0,0,0.0,0.0,0.0,0.0,-0.003333333181217313,1,-0.003333333181217313
,academy_3_vs_1_with_keeper,123,collect_rollout,4026,0,15,-0.026666665682569146,False,False,0.0,0.0,0,0,0,0.0,0.0,0.0,0.0,-0.026666665682569146,1,-0.026666665682569146
,academy_3_vs_1_with_keeper,123,collect_rollout,4027,0,32,2.1067943163216114,False,False,0.0,0.0,0,0,0,0.0,0.0,0.0,0.0,2.1067943163216114,1,2.1067943163216114
,academy_3_vs_1_with_keeper,123,collect_rollout,4028,0,20,-0.009999999543651938,False,False,0.0,0.0,0,0,0,0.0,0.0,0.0,0.0,-0.009999999543651938,1,-0.009999999543651938
,academy_3_vs_1_with_keeper,123,collect_rollout,4029,0,16,-0.003333333181217313,False,False,0.0,0.0,0,0,0,0.0,0.0,0.0,0.0,-0.003333333181217313,1,-0.003333333181217313
,academy_3_vs_1_with_keeper,123,collect_rollout,4030,0,22,-0.02333333226852119,False,False,0.0,0.0,0,0,0,0.0,0.0,0.0,0.0,-0.02333333226852119,1,-0.02333333226852119
,academy_3_vs_1_with_keeper,123,collect_rollout,4031,0,17,-0.003333333181217313,False,False,0.0,0.0,0,0,0,0.0,0.0,0.0,0.0,-0.003333333181217313,1,-0.003333333181217313
,academy_3_vs_1_with_keeper,123,collect_rollout,4032,0,11,0.030113245826214552,False,False,0.0,0.0,0,0,0,0.0,0.0,0.0,0.0,0.030113245826214552,1,0.030113245826214552
,academy_3_vs_1_with_keeper,123,collect_rollout,4033,0,25,2.1290998235344887,False,False,0.0,0.0,0,0,0,0.0,0.0,0.0,0.0,2.1290998235344887,1,2.1290998235344887
,academy_3_vs_1_with_keeper,123,collect_rollout,4034,0,16,0.0,False,False,0.0,0.0,0,0,0,0.0,0.0,0.0,0.0,0.0,1,0.0
,academy_3_vs_1_with_keeper,123,collect_rollout,4035,0,20,0.006889571202918887,False,False,0.0,0.0,0,0,0,0.0,0.0,0.0,0.0,0.006889571202918887,1,0.006889571202918887
,academy_3_vs_1_with_keeper,123,collect_rollout,4036,0,18,-0.006666666362434626,False,False,0.0,0.0,0,0,0,0.0,0.0,0.0,0.0,-0.006666666362434626,1,-0.006666666362434626
,academy_3_vs_1_with_keeper,123,collect_rollout,4037,0,30,2.1146505271608476,False,False,0.0,0.0,0,0,0,0.0,0.0,0.0,0.0,2.1146505271608476,1,2.1146505271608476
,academy_3_vs_1_with_keeper,123,collect_rollout,4038,0,31,2.1080212441738695,False,False,0.0,0.0,0,0,0,0.0,0.0,0.0,0.0,2.1080212441738695,1,2.1080212441738695
,academy_3_vs_1_with_keeper,123,collect_rollout,4039,0,17,-0.009999999543651938,False,False,0.0,0.0,0,0,0,0.0,0.0,0.0,0.0,-0.009999999543651938,1,-0.009999999543651938
,academy_3_vs_1_with_keeper,123,collect_rollout,4040,0,15,-0.006666666362434626,False,False,0.0,0.0,0,0,0,0.0,0.0,0.0,0.0,-0.006666666362434626,1,-0.006666666362434626
,academy_3_vs_1_with_keeper,123,collect_rollout,4041,0,8,0.018253525719046593,False,False,0.0,0.0,0,0,0,0.0,0.0,0.0,0.0,0.018253525719046593,1,0.018253525719046593
,academy_3_vs_1_with_keeper,123,collect_rollout,4042,0,18,-0.008136254851706326,False,False,0.0,0.0,0,0,0,0.0,0.0,0.0,0.0,-0.008136254851706326,1,-0.008136254851706326
,academy_3_vs_1_with_keeper,123,collect_rollout,4043,0,28,2.110736460192129,False,False,0.0,0.0,0,0,0,0.0,0.0,0.0,0.0,2.110736460192129,1,2.110736460192129
,academy_3_vs_1_with_keeper,123,collect_rollout,4044,0,19,-0.009999999543651938,False,False,0.0,0.0,0,0,0,0.0,0.0,0.0,0.0,-0.009999999543651938,1,-0.009999999543651938
,academy_3_vs_1_with_keeper,123,collect_rollout,4045,0,17,-0.003333333181217313,False,False,0.0,0.0,0,0,0,0.0,0.0,0.0,0.0,-0.003333333181217313,1,-0.003333333181217313
,academy_3_vs_1_with_keeper,123,collect_rollout,4046,0,18,-0.013333332724869251,False,False,0.0,0.0,0,0,0,0.0,0.0,0.0,0.0,-0.013333332724869251,1,-0.013333332724869251
,academy_3_vs_1_with_keeper,123,collect_rollout,4047,0,89,0.08401220885571092,False,False,0.0,0.0,0,0,0,0.0,0.0,0.0,0.0,0.08401220885571092,1,0.08401220885571092
,academy_3_vs_1_with_keeper,123,collect_rollout,4048,0,90,0.2738463302375749,False,False,0.0,0.0,0,0,0,0.0,0.0,0.0,0.0,0.2738463302375749,1,0.2738463302375749
,academy_3_vs_1_with_keeper,123,collect_rollout,4049,0,8,0.03973385777499061,False,False,0.0,0.0,0,0,0,0.0,0.0,0.0,0.0,0.03973385777499061,1,0.03973385777499061
,academy_3_vs_1_with_keeper,123,collect_rollout,4050,0,16,-0.009999999543651938,False,False,0.0,0.0,0,0,0,0.0,0.0,0.0,0.0,-0.009999999543651938,1,-0.009999999543651938
,academy_3_vs_1_with_keeper,123,collect_rollout,4051,0,147,-0.05666666408069432,False,False,0.0,0.0,0,0,0,0.0,0.0,0.0,0.0,-0.05666666408069432,1,-0.05666666408069432
,academy_3_vs_1_with_keeper,123,collect_rollout,4052,0,55,0.019265405368059874,False,False,0.0,0.0,0,0,0,0.0,0.0,0.0,0.0,0.019265405368059874,1,0.019265405368059874
,academy_3_vs_1_with_keeper,123,collect_rollout,4053,0,18,-0.006666666362434626,False,False,0.0,0.0,0,0,0,0.0,0.0,0.0,0.0,-0.006666666362434626,1,-0.006666666362434626
,academy_3_vs_1_with_keeper,123,collect_rollout,4054,0,80,0.11350678070448339,False,False,0.0,0.0,0,0,0,0.0,0.0,0.0,0.0,0.11350678070448339,1,0.11350678070448339
,academy_3_vs_1_with_keeper,123,collect_rollout,4055,0,14,0.0,False,False,0.0,0.0,0,0,0,0.0,0.0,0.0,0.0,0.0,1,0.0
,academy_3_vs_1_with_keeper,123,collect_rollout,4056,0,12,0.013647415093146265,False,False,0.0,0.0,0,0,0,0.0,0.0,0.0,0.0,0.013647415093146265,1,0.013647415093146265
,academy_3_vs_1_with_keeper,123,collect_rollout,4057,0,87,0.051390237378655,False,False,0.0,0.0,0,0,0,0.0,0.0,0.0,0.0,0.051390237378655,1,0.051390237378655
,academy_3_vs_1_with_keeper,123,collect_rollout,4058,0,12,0.020043856231495738,False,False,0.0,0.0,0,0,0,0.0,0.0,0.0,0.0,0.020043856231495738,1,0.020043856231495738
,academy_3_vs_1_with_keeper,123,collect_rollout,4059,0,18,-0.003333333181217313,False,False,0.0,0.0,0,0,0,0.0,0.0,0.0,0.0,-0.003333333181217313,1,-0.003333333181217313
,academy_3_vs_1_with_keeper,123,collect_rollout,4060,0,27,2.107629446312785,False,False,0.0,0.0,0,0,0,0.0,0.0,0.0,0.0,2.107629446312785,1,2.107629446312785
,academy_3_vs_1_with_keeper,123,collect_rollout,4061,0,20,-0.003333333181217313,False,False,0.0,0.0,0,0,0,0.0,0.0,0.0,0.0,-0.003333333181217313,1,-0.003333333181217313
,academy_3_vs_1_with_keeper,123,collect_rollout,4062,0,16,0.0,False,False,0.0,0.0,0,0,0,0.0,0.0,0.0,0.0,0.0,1,0.0
,academy_3_vs_1_with_keeper,123,collect_rollout,4063,0,18,-0.003333333181217313,False,False,0.0,0.0,0,0,0,0.0,0.0,0.0,0.0,-0.003333333181217313,1,-0.003333333181217313
,academy_3_vs_1_with_keeper,123,collect_rollout,4064,0,21,0.0,False,False,0.0,0.0,0,0,0,0.0,0.0,0.0,0.0,0.0,1,0.0
,academy_3_vs_1_with_keeper,123,collect_rollout,4065,0,19,-0.009999999543651938,False,False,0.0,0.0,0,0,0,0.0,0.0,0.0,0.0,-0.009999999543651938,1,-0.009999999543651938
,academy_3_vs_1_with_keeper,123,collect_rollout,4066,0,18,-0.006666666362434626,False,False,0.0,0.0,0,0,0,0.0,0.0,0.0,0.0,-0.006666666362434626,1,-0.006666666362434626
,academy_3_vs_1_with_keeper,123,collect_rollout,4067,0,20,-0.016666665906086564,False,False,0.0,0.0,0,0,0,0.0,0.0,0.0,0.0,-0.016666665906086564,1,-0.016666665906086564
,academy_3_vs_1_with_keeper,123,collect_rollout,4068,0,16,-0.006666666362434626,False,False,0.0,0.0,0,0,0,0.0,0.0,0.0,0.0,-0.006666666362434626,1,-0.006666666362434626
,academy_3_vs_1_with_keeper,123,collect_rollout,4069,0,15,-0.003333333181217313,False,False,0.0,0.0,0,0,0,0.0,0.0,0.0,0.0,-0.003333333181217313,1,-0.003333333181217313
,academy_3_vs_1_with_keeper,123,collect_rollout,4070,0,88,0.08518048713449389,False,False,0.0,0.0,0,0,0,0.0,0.0,0.0,0.0,0.08518048713449389,1,0.08518048713449389
,academy_3_vs_1_with_keeper,123,collect_rollout,4071,0,18,0.0,False,False,0.0,0.0,0,0,0,0.0,0.0,0.0,0.0,0.0,1,0.0
,academy_3_vs_1_with_keeper,123,collect_rollout,4072,0,30,2.112162209377857,False,False,0.0,0.0,0,0,0,0.0,0.0,0.0,0.0,2.112162209377857,1,2.112162209377857
,academy_3_vs_1_with_keeper,123,collect_rollout,4073,0,106,-0.07333332998678088,False,False,0.0,0.0,0,0,0,0.0,0.0,0.0,0.0,-0.07333332998678088,1,-0.07333332998678088
,academy_3_vs_1_with_keeper,123,collect_rollout,4074,0,57,-0.11065400985535234,False,False,0.0,0.0,0,0,0,0.0,0.0,0.0,0.0,-0.11065400985535234,1,-0.11065400985535234
,academy_3_vs_1_with_keeper,123,collect_rollout,4075,0,16,0.0,False,False,0.0,0.0,0,0,0,0.0,0.0,0.0,0.0,0.0,1,0.0
,academy_3_vs_1_with_keeper,123,collect_rollout,4076,0,21,-0.003333333181217313,False,False,0.0,0.0,0,0,0,0.0,0.0,0.0,0.0,-0.003333333181217313,1,-0.003333333181217313
,academy_3_vs_1_with_keeper,123,collect_rollout,4077,0,20,-0.006666666362434626,False,False,0.0,0.0,0,0,0,0.0,0.0,0.0,0.0,-0.006666666362434626,1,-0.006666666362434626
,academy_3_vs_1_with_keeper,123,collect_rollout,4078,0,14,0.0,False,False,0.0,0.0,0,0,0,0.0,0.0,0.0,0.0,0.0,1,0.0
,academy_3_vs_1_with_keeper,123,collect_rollout,4079,0,89,0.08345585284405388,False,False,0.0,0.0,0,0,0,0.0,0.0,0.0,0.0,0.08345585284405388,1,0.08345585284405388
,academy_3_vs_1_with_keeper,123,collect_rollout,4080,0,14,0.020923520904034376,False,False,0.0,0.0,0,0,0,0.0,0.0,0.0,0.0,0.020923520904034376,1,0.020923520904034376
,academy_3_vs_1_with_keeper,123,collect_rollout,4081,0,40,0.0008409987203776836,False,False,0.0,0.0,0,0,0,0.0,0.0,0.0,0.0,0.0008409987203776836,1,0.0008409987203776836
,academy_3_vs_1_with_keeper,123,collect_rollout,4082,0,13,0.006948375841602683,False,False,0.0,0.0,0,0,0,0.0,0.0,0.0,0.0,0.006948375841602683,1,0.006948375841602683
,academy_3_vs_1_with_keeper,123,collect_rollout,4083,0,58,1.9218604172638152,False,False,0.0,0.0,0,0,0,0.0,0.0,0.0,0.0,1.9218604172638152,1,1.9218604172638152
,academy_3_vs_1_with_keeper,123,collect_rollout,4084,0,63,-0.09596488442184636,False,False,0.0,0.0,0,0,0,0.0,0.0,0.0,0.0,-0.09596488442184636,1,-0.09596488442184636
,academy_3_vs_1_with_keeper,123,collect_rollout,4085,0,15,0.0,False,False,0.0,0.0,0,0,0,0.0,0.0,0.0,0.0,0.0,1,0.0
,academy_3_vs_1_with_keeper,123,collect_rollout,4086,0,73,2.2269028469454497,False,False,0.0,0.0,0,0,0,0.0,0.0,0.0,0.0,2.2269028469454497,1,2.2269028469454497
,academy_3_vs_1_with_keeper,123,collect_rollout,4087,0,31,0.06984034413471818,False,False,0.0,0.0,0,0,0,0.0,0.0,0.0,0.0,0.06984034413471818,1,0.06984034413471818
,academy_3_vs_1_with_keeper,123,collect_rollout,4088,0,13,0.01938838593196124,False,False,0.0,0.0,0,0,0,0.0,0.0,0.0,0.0,0.01938838593196124,1,0.01938838593196124
,academy_3_vs_1_with_keeper,123,collect_rollout,4089,0,13,0.015754474989080336,False,False,0.0,0.0,0,0,0,0.0,0.0,0.0,0.0,0.015754474989080336,1,0.015754474989080336
,academy_3_vs_1_with_keeper,123,collect_rollout,4090,0,18,0.0,False,False,0.0,0.0,0,0,0,0.0,0.0,0.0,0.0,0.0,1,0.0
,academy_3_vs_1_with_keeper,123,collect_rollout,4091,0,19,0.0,False,False,0.0,0.0,0,0,0,0.0,0.0,0.0,0.0,0.0,1,0.0
,academy_3_vs_1_with_keeper,123,collect_rollout,4092,0,23,2.108279209351167,False,False,0.0,0.0,0,0,0,0.0,0.0,0.0,0.0,2.108279209351167,1,2.108279209351167
,academy_3_vs_1_with_keeper,123,collect_rollout,4093,0,19,-0.009999999543651938,False,False,0.0,0.0,0,0,0,0.0,0.0,0.0,0.0,-0.009999999543651938,1,-0.009999999543651938
,academy_3_vs_1_with_keeper,123,collect_rollout,4094,0,33,2.1018706291215494,False,False,0.0,0.0,0,0,0,0.0,0.0,0.0,0.0,2.1018706291215494,1,2.1018706291215494
,academy_3_vs_1_with_keeper,123,collect_rollout,4095,0,127,1.8983423213940114,False,False,0.0,0.0,0,0,0,0.0,0.0,0.0,0.0,1.8983423213940114,1,1.8983423213940114
,academy_3_vs_1_with_keeper,123,collect_rollout,4096,0,27,2.1008557518944144,False,False,0.0,0.0,0,0,0,0.0,0.0,0.0,0.0,2.1008557518944144,1,2.1008557518944144
,academy_3_vs_1_with_keeper,123,collect_rollout,4097,0,20,-0.003333333181217313,False,False,0.0,0.0,0,0,0,0.0,0.0,0.0,0.0,-0.003333333181217313,1,-0.003333333181217313
,academy_3_vs_1_with_keeper,123,collect_rollout,4098,0,32,2.1209453651681542,False,False,0.0,0.0,0,0,0,0.0,0.0,0.0,0.0,2.1209453651681542,1,2.1209453651681542
,academy_3_vs_1_with_keeper,123,collect_rollout,4099,0,12,0.014110215939581394,False,False,0.0,0.0,0,0,0,0.0,0.0,0.0,0.0,0.014110215939581394,1,0.014110215939581394
,academy_3_vs_1_with_keeper,123,collect_rollout,4100,0,18,0.0,False,False,0.0,0.0,0,0,0,0.0,0.0,0.0,0.0,0.0,1,0.0
,academy_3_vs_1_with_keeper,123,collect_rollout,4101,0,19,-0.016666665906086564,False,False,0.0,0.0,0,0,0,0.0,0.0,0.0,0.0,-0.016666665906086564,1,-0.016666665906086564
,academy_3_vs_1_with_keeper,123,collect_rollout,4102,0,23,-0.003333333181217313,False,False,0.0,0.0,0,0,0,0.0,0.0,0.0,0.0,-0.003333333181217313,1,-0.003333333181217313
,academy_3_vs_1_with_keeper,123,collect_rollout,4103,0,113,-0.13217042409814894,False,False,0.0,0.0,0,0,0,0.0,0.0,0.0,0.0,-0.13217042409814894,1,-0.13217042409814894
,academy_3_vs_1_with_keeper,123,collect_rollout,4104,0,22,0.0,False,False,0.0,0.0,0,0,0,0.0,0.0,0.0,0.0,0.0,1,0.0
,academy_3_vs_1_with_keeper,123,collect_rollout,4105,0,18,-0.003333333181217313,False,False,0.0,0.0,0,0,0,0.0,0.0,0.0,0.0,-0.003333333181217313,1,-0.003333333181217313
,academy_3_vs_1_with_keeper,123,collect_rollout,4106,0,19,-0.003333333181217313,False,False,0.0,0.0,0,0,0,0.0,0.0,0.0,0.0,-0.003333333181217313,1,-0.003333333181217313
,academy_3_vs_1_with_keeper,123,collect_rollout,4107,0,20,0.0,False,False,0.0,0.0,0,0,0,0.0,0.0,0.0,0.0,0.0,1,0.0
,academy_3_vs_1_with_keeper,123,collect_rollout,4108,0,19,-0.003333333181217313,False,False,0.0,0.0,0,0,0,0.0,0.0,0.0,0.0,-0.003333333181217313,1,-0.003333333181217313
,academy_3_vs_1_with_keeper,123,collect_rollout,4109,0,18,-0.006666666362434626,False,False,0.0,0.0,0,0,0,0.0,0.0,0.0,0.0,-0.006666666362434626,1,-0.006666666362434626
,academy_3_vs_1_with_keeper,123,collect_rollout,4110,0,17,-0.003333333181217313,False,False,0.0,0.0,0,0,0,0.0,0.0,0.0,0.0,-0.003333333181217313,1,-0.003333333181217313
,academy_3_vs_1_with_keeper,123,collect_rollout,4111,0,14,-0.009999999543651938,False,False,0.0,0.0,0,0,0,0.0,0.0,0.0,0.0,-0.009999999543651938,1,-0.009999999543651938
,academy_3_vs_1_with_keeper,123,collect_rollout,4112,0,32,2.1045991837745532,False,False,0.0,0.0,0,0,0,0.0,0.0,0.0,0.0,2.1045991837745532,1,2.1045991837745532
,academy_3_vs_1_with_keeper,123,collect_rollout,4113,0,91,-0.013887815119232982,False,False,0.0,0.0,0,0,0,0.0,0.0,0.0,0.0,-0.013887815119232982,1,-0.013887815119232982
,academy_3_vs_1_with_keeper,123,collect_rollout,4114,0,9,0.028881746344268322,False,False,0.0,0.0,0,0,0,0.0,0.0,0.0,0.0,0.028881746344268322,1,0.028881746344268322
,academy_3_vs_1_with_keeper,123,collect_rollout,4115,0,32,2.112809498561546,False,False,0.0,0.0,0,0,0,0.0,0.0,0.0,0.0,2.112809498561546,1,2.112809498561546
,academy_3_vs_1_with_keeper,123,collect_rollout,4116,0,28,2.1114679591264576,False,False,0.0,0.0,0,0,0,0.0,0.0,0.0,0.0,2.1114679591264576,1,2.1114679591264576
,academy_3_vs_1_with_keeper,123,collect_rollout,4117,0,15,-0.006666666362434626,False,False,0.0,0.0,0,0,0,0.0,0.0,0.0,0.0,-0.006666666362434626,1,-0.006666666362434626
,academy_3_vs_1_with_keeper,123,collect_rollout,4118,0,43,0.10827219521161169,False,False,0.0,0.0,0,0,0,0.0,0.0,0.0,0.0,0.10827219521161169,1,0.10827219521161169
,academy_3_vs_1_with_keeper,123,collect_rollout,4119,0,36,2.0967735508456826,False,False,0.0,0.0,0,0,0,0.0,0.0,0.0,0.0,2.0967735508456826,1,2.0967735508456826
,academy_3_vs_1_with_keeper,123,collect_rollout,4120,0,16,-0.006666666362434626,False,False,0.0,0.0,0,0,0,0.0,0.0,0.0,0.0,-0.006666666362434626,1,-0.006666666362434626
,academy_3_vs_1_with_keeper,123,collect_rollout,4121,0,29,0.09317452774848789,False,False,0.0,0.0,0,0,0,0.0,0.0,0.0,0.0,0.09317452774848789,1,0.09317452774848789
,academy_3_vs_1_with_keeper,123,collect_rollout,4122,0,18,-0.006666666362434626,False,False,0.0,0.0,0,0,0,0.0,0.0,0.0,0.0,-0.006666666362434626,1,-0.006666666362434626
,academy_3_vs_1_with_keeper,123,collect_rollout,4123,0,33,2.117240561405197,False,False,0.0,0.0,0,0,0,0.0,0.0,0.0,0.0,2.117240561405197,1,2.117240561405197
,academy_3_vs_1_with_keeper,123,collect_rollout,4124,0,21,2.1202262189472094,False,False,0.0,0.0,0,0,0,0.0,0.0,0.0,0.0,2.1202262189472094,1,2.1202262189472094
,academy_3_vs_1_with_keeper,123,collect_rollout,4125,0,13,0.021981898229569197,False,False,0.0,0.0,0,0,0,0.0,0.0,0.0,0.0,0.021981898229569197,1,0.021981898229569197
,academy_3_vs_1_with_keeper,123,collect_rollout,4126,0,17,0.0,False,False,0.0,0.0,0,0,0,0.0,0.0,0.0,0.0,0.0,1,0.0
,academy_3_vs_1_with_keeper,123,collect_rollout,4127,0,18,-0.006666666362434626,False,False,0.0,0.0,0,0,0,0.0,0.0,0.0,0.0,-0.006666666362434626,1,-0.006666666362434626
,academy_3_vs_1_with_keeper,123,collect_rollout,4128,0,38,2.1149386563920416,False,False,0.0,0.0,0,0,0,0.0,0.0,0.0,0.0,2.1149386563920416,1,2.1149386563920416
,academy_3_vs_1_with_keeper,123,collect_rollout,4129,0,23,0.0,False,False,0.0,0.0,0,0,0,0.0,0.0,0.0,0.0,0.0,1,0.0
,academy_3_vs_1_with_keeper,123,collect_rollout,4130,0,15,0.0,False,False,0.0,0.0,0,0,0,0.0,0.0,0.0,0.0,0.0,1,0.0
,academy_3_vs_1_with_keeper,123,collect_rollout,4131,0,20,-0.003333333181217313,False,False,0.0,0.0,0,0,0,0.0,0.0,0.0,0.0,-0.003333333181217313,1,-0.003333333181217313
,academy_3_vs_1_with_keeper,123,collect_rollout,4132,0,17,-0.003333333181217313,False,False,0.0,0.0,0,0,0,0.0,0.0,0.0,0.0,-0.003333333181217313,1,-0.003333333181217313
,academy_3_vs_1_with_keeper,123,collect_rollout,4133,0,24,-0.009999999543651938,False,False,0.0,0.0,0,0,0,0.0,0.0,0.0,0.0,-0.009999999543651938,1,-0.009999999543651938
,academy_3_vs_1_with_keeper,123,collect_rollout,4134,0,19,-0.003333333181217313,False,False,0.0,0.0,0,0,0,0.0,0.0,0.0,0.0,-0.003333333181217313,1,-0.003333333181217313
,academy_3_vs_1_with_keeper,123,collect_rollout,4135,0,18,-0.003333333181217313,False,False,0.0,0.0,0,0,0,0.0,0.0,0.0,0.0,-0.003333333181217313,1,-0.003333333181217313
,academy_3_vs_1_with_keeper,123,collect_rollout,4136,0,13,0.02688892837613821,False,False,0.0,0.0,0,0,0,0.0,0.0,0.0,0.0,0.02688892837613821,1,0.02688892837613821
,academy_3_vs_1_with_keeper,123,collect_rollout,4137,0,23,-0.009999999543651938,False,False,0.0,0.0,0,0,0,0.0,0.0,0.0,0.0,-0.009999999543651938,1,-0.009999999543651938
,academy_3_vs_1_with_keeper,123,collect_rollout,4138,0,19,-0.006666666362434626,False,False,0.0,0.0,0,0,0,0.0,0.0,0.0,0.0,-0.006666666362434626,1,-0.006666666362434626
,academy_3_vs_1_with_keeper,123,collect_rollout,4139,0,44,2.032297898607794,False,False,0.0,0.0,0,0,0,0.0,0.0,0.0,0.0,2.032297898607794,1,2.032297898607794
,academy_3_vs_1_with_keeper,123,collect_rollout,4140,0,16,-0.003333333181217313,False,False,0.0,0.0,0,0,0,0.0,0.0,0.0,0.0,-0.003333333181217313,1,-0.003333333181217313
,academy_3_vs_1_with_keeper,123,collect_rollout,4141,0,29,2.127789352562104,False,False,0.0,0.0,0,0,0,0.0,0.0,0.0,0.0,2.127789352562104,1,2.127789352562104
,academy_3_vs_1_with_keeper,123,collect_rollout,4142,0,19,-0.003333333181217313,False,False,0.0,0.0,0,0,0,0.0,0.0,0.0,0.0,-0.003333333181217313,1,-0.003333333181217313
,academy_3_vs_1_with_keeper,123,collect_rollout,4143,0,22,-0.006666666362434626,False,False,0.0,0.0,0,0,0,0.0,0.0,0.0,0.0,-0.006666666362434626,1,-0.006666666362434626
,academy_3_vs_1_with_keeper,123,collect_rollout,4144,0,1801,-0.22461506724357605,False,False,0.0,0.0,0,0,0,0.0,0.0,0.0,0.0,-0.22461506724357605,1,-0.22461506724357605
,academy_3_vs_1_with_keeper,123,collect_rollout,4145,0,12,0.023184497142210603,False,False,0.0,0.0,0,0,0,0.0,0.0,0.0,0.0,0.023184497142210603,1,0.023184497142210603
,academy_3_vs_1_with_keeper,123,collect_rollout,4146,0,16,-0.003333333181217313,False,False,0.0,0.0,0,0,0,0.0,0.0,0.0,0.0,-0.003333333181217313,1,-0.003333333181217313
,academy_3_vs_1_with_keeper,123,collect_rollout,4147,0,11,0.027341137174516916,False,False,0.0,0.0,0,0,0,0.0,0.0,0.0,0.0,0.027341137174516916,1,0.027341137174516916
,academy_3_vs_1_with_keeper,123,collect_rollout,4148,0,23,-0.003333333181217313,False,False,0.0,0.0,0,0,0,0.0,0.0,0.0,0.0,-0.003333333181217313,1,-0.003333333181217313
,academy_3_vs_1_with_keeper,123,collect_rollout,4149,0,15,-0.003333333181217313,False,False,0.0,0.0,0,0,0,0.0,0.0,0.0,0.0,-0.003333333181217313,1,-0.003333333181217313
,academy_3_vs_1_with_keeper,123,collect_rollout,4150,0,8,0.0301955504110083,False,False,0.0,0.0,0,0,0,0.0,0.0,0.0,0.0,0.0301955504110083,1,0.0301955504110083
,academy_3_vs_1_with_keeper,123,collect_rollout,4151,0,22,-0.006666666362434626,False,False,0.0,0.0,0,0,0,0.0,0.0,0.0,0.0,-0.006666666362434626,1,-0.006666666362434626
,academy_3_vs_1_with_keeper,123,collect_rollout,4152,0,85,-0.2664035189518472,False,False,0.0,0.0,0,0,0,0.0,0.0,0.0,0.0,-0.2664035189518472,1,-0.2664035189518472
,academy_3_vs_1_with_keeper,123,collect_rollout,4153,0,21,-0.003333333181217313,False,False,0.0,0.0,0,0,0,0.0,0.0,0.0,0.0,-0.003333333181217313,1,-0.003333333181217313
,academy_3_vs_1_with_keeper,123,collect_rollout,4154,0,16,-0.003333333181217313,False,False,0.0,0.0,0,0,0,0.0,0.0,0.0,0.0,-0.003333333181217313,1,-0.003333333181217313
,academy_3_vs_1_with_keeper,123,collect_rollout,4155,0,54,0.09813693235628307,False,False,0.0,0.0,0,0,0,0.0,0.0,0.0,0.0,0.09813693235628307,1,0.09813693235628307
,academy_3_vs_1_with_keeper,123,collect_rollout,4156,0,19,-0.003333333181217313,False,False,0.0,0.0,0,0,0,0.0,0.0,0.0,0.0,-0.003333333181217313,1,-0.003333333181217313
,academy_3_vs_1_with_keeper,123,collect_rollout,4157,0,19,0.0,False,False,0.0,0.0,0,0,0,0.0,0.0,0.0,0.0,0.0,1,0.0
,academy_3_vs_1_with_keeper,123,collect_rollout,4158,0,15,-0.006666666362434626,False,False,0.0,0.0,0,0,0,0.0,0.0,0.0,0.0,-0.006666666362434626,1,-0.006666666362434626
,academy_3_vs_1_with_keeper,123,collect_rollout,4159,0,14,-0.003333333181217313,False,False,0.0,0.0,0,0,0,0.0,0.0,0.0,0.0,-0.003333333181217313,1,-0.003333333181217313
,academy_3_vs_1_with_keeper,123,collect_rollout,4160,0,32,0.0921141009312123,False,False,0.0,0.0,0,0,0,0.0,0.0,0.0,0.0,0.0921141009312123,1,0.0921141009312123
,academy_3_vs_1_with_keeper,123,collect_rollout,4161,0,18,-0.003333333181217313,False,False,0.0,0.0,0,0,0,0.0,0.0,0.0,0.0,-0.003333333181217313,1,-0.003333333181217313
,academy_3_vs_1_with_keeper,123,collect_rollout,4162,0,16,-0.009999999543651938,False,False,0.0,0.0,0,0,0,0.0,0.0,0.0,0.0,-0.009999999543651938,1,-0.009999999543651938
,academy_3_vs_1_with_keeper,123,collect_rollout,4163,0,35,2.0909589103102917,False,False,0.0,0.0,0,0,0,0.0,0.0,0.0,0.0,2.0909589103102917,1,2.0909589103102917
,academy_3_vs_1_with_keeper,123,collect_rollout,4164,0,29,2.1031426382251084,False,False,0.0,0.0,0,0,0,0.0,0.0,0.0,0.0,2.1031426382251084,1,2.1031426382251084
,academy_3_vs_1_with_keeper,123,collect_rollout,4165,0,17,-0.003333333181217313,False,False,0.0,0.0,0,0,0,0.0,0.0,0.0,0.0,-0.003333333181217313,1,-0.003333333181217313
,academy_3_vs_1_with_keeper,123,collect_rollout,4166,0,1801,-0.13967378356028348,False,False,0.0,0.0,0,0,0,0.0,0.0,0.0,0.0,-0.13967378356028348,1,-0.13967378356028348
,academy_3_vs_1_with_keeper,123,collect_rollout,4167,0,19,-0.003333333181217313,False,False,0.0,0.0,0,0,0,0.0,0.0,0.0,0.0,-0.003333333181217313,1,-0.003333333181217313
,academy_3_vs_1_with_keeper,123,collect_rollout,4168,0,20,-0.009999999543651938,False,False,0.0,0.0,0,0,0,0.0,0.0,0.0,0.0,-0.009999999543651938,1,-0.009999999543651938
,academy_3_vs_1_with_keeper,123,collect_rollout,4169,0,23,-0.006666666362434626,False,False,0.0,0.0,0,0,0,0.0,0.0,0.0,0.0,-0.006666666362434626,1,-0.006666666362434626
,academy_3_vs_1_with_keeper,123,collect_rollout,4170,0,12,0.022091312508564442,False,False,0.0,0.0,0,0,0,0.0,0.0,0.0,0.0,0.022091312508564442,1,0.022091312508564442
,academy_3_vs_1_with_keeper,123,collect_rollout,4171,0,38,2.136160687543452,False,False,0.0,0.0,0,0,0,0.0,0.0,0.0,0.0,2.136160687543452,1,2.136160687543452
,academy_3_vs_1_with_keeper,123,collect_rollout,4172,0,35,2.108236022759229,False,False,0.0,0.0,0,0,0,0.0,0.0,0.0,0.0,2.108236022759229,1,2.108236022759229
,academy_3_vs_1_with_keeper,123,collect_rollout,4173,0,31,2.104086142964661,False,False,0.0,0.0,0,0,0,0.0,0.0,0.0,0.0,2.104086142964661,1,2.104086142964661
,academy_3_vs_1_with_keeper,123,collect_rollout,4174,0,15,0.02246082527562976,False,False,0.0,0.0,0,0,0,0.0,0.0,0.0,0.0,0.02246082527562976,1,0.02246082527562976
,academy_3_vs_1_with_keeper,123,collect_rollout,4175,0,53,-0.022724353417288512,False,False,0.0,0.0,0,0,0,0.0,0.0,0.0,0.0,-0.022724353417288512,1,-0.022724353417288512
,academy_3_vs_1_with_keeper,123,collect_rollout,4176,0,15,-0.006666666362434626,False,False,0.0,0.0,0,0,0,0.0,0.0,0.0,0.0,-0.006666666362434626,1,-0.006666666362434626
,academy_3_vs_1_with_keeper,123,collect_rollout,4177,0,18,-0.003333333181217313,False,False,0.0,0.0,0,0,0,0.0,0.0,0.0,0.0,-0.003333333181217313,1,-0.003333333181217313
,academy_3_vs_1_with_keeper,123,collect_rollout,4178,0,19,0.0,False,False,0.0,0.0,0,0,0,0.0,0.0,0.0,0.0,0.0,1,0.0
,academy_3_vs_1_with_keeper,123,collect_rollout,4179,0,63,-0.005644708056934178,False,False,0.0,0.0,0,0,0,0.0,0.0,0.0,0.0,-0.005644708056934178,1,-0.005644708056934178
,academy_3_vs_1_with_keeper,123,collect_rollout,4180,0,39,0.07358738814946264,False,False,0.0,0.0,0,0,0,0.0,0.0,0.0,0.0,0.07358738814946264,1,0.07358738814946264
,academy_3_vs_1_with_keeper,123,collect_rollout,4181,0,36,2.1195798398694023,False,False,0.0,0.0,0,0,0,0.0,0.0,0.0,0.0,2.1195798398694023,1,2.1195798398694023
,academy_3_vs_1_with_keeper,123,collect_rollout,4182,0,22,-0.006666666362434626,False,False,0.0,0.0,0,0,0,0.0,0.0,0.0,0.0,-0.006666666362434626,1,-0.006666666362434626
,academy_3_vs_1_with_keeper,123,collect_rollout,4183,0,82,-0.0332105194684118,False,False,0.0,0.0,0,0,0,0.0,0.0,0.0,0.0,-0.0332105194684118,1,-0.0332105194684118
,academy_3_vs_1_with_keeper,123,collect_rollout,4184,0,87,-0.014838030096143484,False,False,0.0,0.0,0,0,0,0.0,0.0,0.0,0.0,-0.014838030096143484,1,-0.014838030096143484
,academy_3_vs_1_with_keeper,123,collect_rollout,4185,0,18,-0.003333333181217313,False,False,0.0,0.0,0,0,0,0.0,0.0,0.0,0.0,-0.003333333181217313,1,-0.003333333181217313
,academy_3_vs_1_with_keeper,123,collect_rollout,4186,0,21,0.0,False,False,0.0,0.0,0,0,0,0.0,0.0,0.0,0.0,0.0,1,0.0
,academy_3_vs_1_with_keeper,123,collect_rollout,4187,0,16,0.0,False,False,0.0,0.0,0,0,0,0.0,0.0,0.0,0.0,0.0,1,0.0
,academy_3_vs_1_with_keeper,123,collect_rollout,4188,0,21,-0.003333333181217313,False,False,0.0,0.0,0,0,0,0.0,0.0,0.0,0.0,-0.003333333181217313,1,-0.003333333181217313
,academy_3_vs_1_with_keeper,123,collect_rollout,4189,0,30,2.1294086984125897,False,False,0.0,0.0,0,0,0,0.0,0.0,0.0,0.0,2.1294086984125897,1,2.1294086984125897
,academy_3_vs_1_with_keeper,123,collect_rollout,4190,0,102,0.08947552822064608,False,False,0.0,0.0,0,0,0,0.0,0.0,0.0,0.0,0.08947552822064608,1,0.08947552822064608
,academy_3_vs_1_with_keeper,123,collect_rollout,4191,0,14,0.015189422410912812,False,False,0.0,0.0,0,0,0,0.0,0.0,0.0,0.0,0.015189422410912812,1,0.015189422410912812
,academy_3_vs_1_with_keeper,123,collect_rollout,4192,0,20,-0.003333333181217313,False,False,0.0,0.0,0,0,0,0.0,0.0,0.0,0.0,-0.003333333181217313,1,-0.003333333181217313
,academy_3_vs_1_with_keeper,123,collect_rollout,4193,0,15,0.0,False,False,0.0,0.0,0,0,0,0.0,0.0,0.0,0.0,0.0,1,0.0
,academy_3_vs_1_with_keeper,123,collect_rollout,4194,0,12,0.028834665776230395,False,False,0.0,0.0,0,0,0,0.0,0.0,0.0,0.0,0.028834665776230395,1,0.028834665776230395
,academy_3_vs_1_with_keeper,123,collect_rollout,4195,0,14,-0.003333333181217313,False,False,0.0,0.0,0,0,0,0.0,0.0,0.0,0.0,-0.003333333181217313,1,-0.003333333181217313
,academy_3_vs_1_with_keeper,123,collect_rollout,4196,0,20,-0.003333333181217313,False,False,0.0,0.0,0,0,0,0.0,0.0,0.0,0.0,-0.003333333181217313,1,-0.003333333181217313
,academy_3_vs_1_with_keeper,123,collect_rollout,4197,0,17,0.024178514489904046,False,False,0.0,0.0,0,0,0,0.0,0.0,0.0,0.0,0.024178514489904046,1,0.024178514489904046
,academy_3_vs_1_with_keeper,123,collect_rollout,4198,0,17,0.0,False,False,0.0,0.0,0,0,0,0.0,0.0,0.0,0.0,0.0,1,0.0
,academy_3_vs_1_with_keeper,123,collect_rollout,4199,0,25,2.1416273136856034,False,False,0.0,0.0,0,0,0,0.0,0.0,0.0,0.0,2.1416273136856034,1,2.1416273136856034
,academy_3_vs_1_with_keeper,123,collect_rollout,4200,0,38,2.1254005121299997,False,False,0.0,0.0,0,0,0,0.0,0.0,0.0,0.0,2.1254005121299997,1,2.1254005121299997
,academy_3_vs_1_with_keeper,123,collect_rollout,4201,0,21,0.0,False,False,0.0,0.0,0,0,0,0.0,0.0,0.0,0.0,0.0,1,0.0
,academy_3_vs_1_with_keeper,123,collect_rollout,4202,0,18,-0.003333333181217313,False,False,0.0,0.0,0,0,0,0.0,0.0,0.0,0.0,-0.003333333181217313,1,-0.003333333181217313
,academy_3_vs_1_with_keeper,123,collect_rollout,4203,0,15,0.0,False,False,0.0,0.0,0,0,0,0.0,0.0,0.0,0.0,0.0,1,0.0
,academy_3_vs_1_with_keeper,123,collect_rollout,4204,0,19,-0.006666666362434626,False,False,0.0,0.0,0,0,0,0.0,0.0,0.0,0.0,-0.006666666362434626,1,-0.006666666362434626
,academy_3_vs_1_with_keeper,123,collect_rollout,4205,0,24,0.0,False,False,0.0,0.0,0,0,0,0.0,0.0,0.0,0.0,0.0,1,0.0
,academy_3_vs_1_with_keeper,123,collect_rollout,4206,0,19,-0.003333333181217313,False,False,0.0,0.0,0,0,0,0.0,0.0,0.0,0.0,-0.003333333181217313,1,-0.003333333181217313
,academy_3_vs_1_with_keeper,123,collect_rollout,4207,0,16,0.0,False,False,0.0,0.0,0,0,0,0.0,0.0,0.0,0.0,0.0,1,0.0
,academy_3_vs_1_with_keeper,123,collect_rollout,4208,0,38,2.0772724133566953,False,False,0.0,0.0,0,0,0,0.0,0.0,0.0,0.0,2.0772724133566953,1,2.0772724133566953
,academy_3_vs_1_with_keeper,123,collect_rollout,4209,0,21,0.0,False,False,0.0,0.0,0,0,0,0.0,0.0,0.0,0.0,0.0,1,0.0
,academy_3_vs_1_with_keeper,123,collect_rollout,4210,0,15,0.0,False,False,0.0,0.0,0,0,0,0.0,0.0,0.0,0.0,0.0,1,0.0
,academy_3_vs_1_with_keeper,123,collect_rollout,4211,0,21,-0.016666665906086564,False,False,0.0,0.0,0,0,0,0.0,0.0,0.0,0.0,-0.016666665906086564,1,-0.016666665906086564
,academy_3_vs_1_with_keeper,123,collect_rollout,4212,0,32,0.08000382544196327,False,False,0.0,0.0,0,0,0,0.0,0.0,0.0,0.0,0.08000382544196327,1,0.08000382544196327
,academy_3_vs_1_with_keeper,123,collect_rollout,4213,0,78,0.046472753427224234,False,False,0.0,0.0,0,0,0,0.0,0.0,0.0,0.0,0.046472753427224234,1,0.046472753427224234
,academy_3_vs_1_with_keeper,123,collect_rollout,4214,0,18,-0.003333333181217313,False,False,0.0,0.0,0,0,0,0.0,0.0,0.0,0.0,-0.003333333181217313,1,-0.003333333181217313
,academy_3_vs_1_with_keeper,123,collect_rollout,4215,0,16,-0.006666666362434626,False,False,0.0,0.0,0,0,0,0.0,0.0,0.0,0.0,-0.006666666362434626,1,-0.006666666362434626
,academy_3_vs_1_with_keeper,123,collect_rollout,4216,0,37,2.106822665547952,False,False,0.0,0.0,0,0,0,0.0,0.0,0.0,0.0,2.106822665547952,1,2.106822665547952
,academy_3_vs_1_with_keeper,123,collect_rollout,4217,0,15,-0.003333333181217313,False,False,0.0,0.0,0,0,0,0.0,0.0,0.0,0.0,-0.003333333181217313,1,-0.003333333181217313
,academy_3_vs_1_with_keeper,123,collect_rollout,4218,0,29,2.1361853716662154,False,False,0.0,0.0,0,0,0,0.0,0.0,0.0,0.0,2.1361853716662154,1,2.1361853716662154
,academy_3_vs_1_with_keeper,123,collect_rollout,4219,0,19,-0.003333333181217313,False,False,0.0,0.0,0,0,0,0.0,0.0,0.0,0.0,-0.003333333181217313,1,-0.003333333181217313
,academy_3_vs_1_with_keeper,123,collect_rollout,4220,0,22,-0.013333332724869251,False,False,0.0,0.0,0,0,0,0.0,0.0,0.0,0.0,-0.013333332724869251,1,-0.013333332724869251
,academy_3_vs_1_with_keeper,123,collect_rollout,4221,0,13,0.019691981375217438,False,False,0.0,0.0,0,0,0,0.0,0.0,0.0,0.0,0.019691981375217438,1,0.019691981375217438
,academy_3_vs_1_with_keeper,123,collect_rollout,4222,0,28,2.1222325493581593,False,False,0.0,0.0,0,0,0,0.0,0.0,0.0,0.0,2.1222325493581593,1,2.1222325493581593
,academy_3_vs_1_with_keeper,123,collect_rollout,4223,0,21,-0.003333333181217313,False,False,0.0,0.0,0,0,0,0.0,0.0,0.0,0.0,-0.003333333181217313,1,-0.003333333181217313
,academy_3_vs_1_with_keeper,123,collect_rollout,4224,0,36,-0.0036473236395977437,False,False,0.0,0.0,0,0,0,0.0,0.0,0.0,0.0,-0.0036473236395977437,1,-0.0036473236395977437
,academy_3_vs_1_with_keeper,123,collect_rollout,4225,0,32,0.1301681234035641,False,False,0.0,0.0,0,0,0,0.0,0.0,0.0,0.0,0.1301681234035641,1,0.1301681234035641
,academy_3_vs_1_with_keeper,123,collect_rollout,4226,0,36,2.1170554815325886,False,False,0.0,0.0,0,0,0,0.0,0.0,0.0,0.0,2.1170554815325886,1,2.1170554815325886
,academy_3_vs_1_with_keeper,123,collect_rollout,4227,0,18,-0.003333333181217313,False,False,0.0,0.0,0,0,0,0.0,0.0,0.0,0.0,-0.003333333181217313,1,-0.003333333181217313
,academy_3_vs_1_with_keeper,123,collect_rollout,4228,0,35,2.111085707292659,False,False,0.0,0.0,0,0,0,0.0,0.0,0.0,0.0,2.111085707292659,1,2.111085707292659
,academy_3_vs_1_with_keeper,123,collect_rollout,4229,0,36,2.089275080254083,False,False,0.0,0.0,0,0,0,0.0,0.0,0.0,0.0,2.089275080254083,1,2.089275080254083
,academy_3_vs_1_with_keeper,123,collect_rollout,4230,0,70,1.8167209812090732,False,False,0.0,0.0,0,0,0,0.0,0.0,0.0,0.0,1.8167209812090732,1,1.8167209812090732
,academy_3_vs_1_with_keeper,123,collect_rollout,4231,0,17,-0.006666666362434626,False,False,0.0,0.0,0,0,0,0.0,0.0,0.0,0.0,-0.006666666362434626,1,-0.006666666362434626
,academy_3_vs_1_with_keeper,123,collect_rollout,4232,0,21,-0.006666666362434626,False,False,0.0,0.0,0,0,0,0.0,0.0,0.0,0.0,-0.006666666362434626,1,-0.006666666362434626
,academy_3_vs_1_with_keeper,123,collect_rollout,4233,0,174,-0.24818865483393893,False,False,0.0,0.0,0,0,0,0.0,0.0,0.0,0.0,-0.24818865483393893,1,-0.24818865483393893
,academy_3_vs_1_with_keeper,123,collect_rollout,4234,0,29,2.1277069865027443,False,False,0.0,0.0,0,0,0,0.0,0.0,0.0,0.0,2.1277069865027443,1,2.1277069865027443
,academy_3_vs_1_with_keeper,123,collect_rollout,4235,0,36,2.1379915808793157,False,False,0.0,0.0,0,0,0,0.0,0.0,0.0,0.0,2.1379915808793157,1,2.1379915808793157
,academy_3_vs_1_with_keeper,123,collect_rollout,4236,0,19,-0.003333333181217313,False,False,0.0,0.0,0,0,0,0.0,0.0,0.0,0.0,-0.003333333181217313,1,-0.003333333181217313
,academy_3_vs_1_with_keeper,123,collect_rollout,4237,0,23,-0.006666666362434626,False,False,0.0,0.0,0,0,0,0.0,0.0,0.0,0.0,-0.006666666362434626,1,-0.006666666362434626
,academy_3_vs_1_with_keeper,123,collect_rollout,4238,0,18,0.016153607866726816,False,False,0.0,0.0,0,0,0,0.0,0.0,0.0,0.0,0.016153607866726816,1,0.016153607866726816
,academy_3_vs_1_with_keeper,123,collect_rollout,4239,0,20,-0.003333333181217313,False,False,0.0,0.0,0,0,0,0.0,0.0,0.0,0.0,-0.003333333181217313,1,-0.003333333181217313
,academy_3_vs_1_with_keeper,123,collect_rollout,4240,0,22,-0.006666666362434626,False,False,0.0,0.0,0,0,0,0.0,0.0,0.0,0.0,-0.006666666362434626,1,-0.006666666362434626
,academy_3_vs_1_with_keeper,123,collect_rollout,4241,0,9,0.033998226979747415,False,False,0.0,0.0,0,0,0,0.0,0.0,0.0,0.0,0.033998226979747415,1,0.033998226979747415
,academy_3_vs_1_with_keeper,123,collect_rollout,4242,0,21,0.0,False,False,0.0,0.0,0,0,0,0.0,0.0,0.0,0.0,0.0,1,0.0
,academy_3_vs_1_with_keeper,123,collect_rollout,4243,0,21,-0.006666666362434626,False,False,0.0,0.0,0,0,0,0.0,0.0,0.0,0.0,-0.006666666362434626,1,-0.006666666362434626
,academy_3_vs_1_with_keeper,123,collect_rollout,4244,0,16,-0.003333333181217313,False,False,0.0,0.0,0,0,0,0.0,0.0,0.0,0.0,-0.003333333181217313,1,-0.003333333181217313
,academy_3_vs_1_with_keeper,123,collect_rollout,4245,0,19,0.0,False,False,0.0,0.0,0,0,0,0.0,0.0,0.0,0.0,0.0,1,0.0
,academy_3_vs_1_with_keeper,123,collect_rollout,4246,0,20,-0.003333333181217313,False,False,0.0,0.0,0,0,0,0.0,0.0,0.0,0.0,-0.003333333181217313,1,-0.003333333181217313
,academy_3_vs_1_with_keeper,123,collect_rollout,4247,0,36,2.1191417617956176,False,False,0.0,0.0,0,0,0,0.0,0.0,0.0,0.0,2.1191417617956176,1,2.1191417617956176
,academy_3_vs_1_with_keeper,123,collect_rollout,4248,0,17,0.0,False,False,0.0,0.0,0,0,0,0.0,0.0,0.0,0.0,0.0,1,0.0
,academy_3_vs_1_with_keeper,123,collect_rollout,4249,0,13,0.02018336090259254,False,False,0.0,0.0,0,0,0,0.0,0.0,0.0,0.0,0.02018336090259254,1,0.02018336090259254
,academy_3_vs_1_with_keeper,123,collect_rollout,4250,0,18,0.0,False,False,0.0,0.0,0,0,0,0.0,0.0,0.0,0.0,0.0,1,0.0
,academy_3_vs_1_with_keeper,123,collect_rollout,4251,0,15,0.0,False,False,0.0,0.0,0,0,0,0.0,0.0,0.0,0.0,0.0,1,0.0
,academy_3_vs_1_with_keeper,123,collect_rollout,4252,0,34,2.1059821979142725,False,False,0.0,0.0,0,0,0,0.0,0.0,0.0,0.0,2.1059821979142725,1,2.1059821979142725
,academy_3_vs_1_with_keeper,123,collect_rollout,4253,0,16,-0.009999999543651938,False,False,0.0,0.0,0,0,0,0.0,0.0,0.0,0.0,-0.009999999543651938,1,-0.009999999543651938
,academy_3_vs_1_with_keeper,123,collect_rollout,4254,0,42,-0.0006395403761416674,False,False,0.0,0.0,0,0,0,0.0,0.0,0.0,0.0,-0.0006395403761416674,1,-0.0006395403761416674
,academy_3_vs_1_with_keeper,123,collect_rollout,4255,0,19,-0.016666665906086564,False,False,0.0,0.0,0,0,0,0.0,0.0,0.0,0.0,-0.016666665906086564,1,-0.016666665906086564
,academy_3_vs_1_with_keeper,123,collect_rollout,4256,0,13,0.016644264571368694,False,False,0.0,0.0,0,0,0,0.0,0.0,0.0,0.0,0.016644264571368694,1,0.016644264571368694
,academy_3_vs_1_with_keeper,123,collect_rollout,4257,0,18,-0.009999999543651938,False,False,0.0,0.0,0,0,0,0.0,0.0,0.0,0.0,-0.009999999543651938,1,-0.009999999543651938
,academy_3_vs_1_with_keeper,123,collect_rollout,4258,0,23,2.1440610443241894,False,False,0.0,0.0,0,0,0,0.0,0.0,0.0,0.0,2.1440610443241894,1,2.1440610443241894
,academy_3_vs_1_with_keeper,123,collect_rollout,4259,0,17,0.0,False,False,0.0,0.0,0,0,0,0.0,0.0,0.0,0.0,0.0,1,0.0
,academy_3_vs_1_with_keeper,123,collect_rollout,4260,0,30,2.1483957952586934,False,False,0.0,0.0,0,0,0,0.0,0.0,0.0,0.0,2.1483957952586934,1,2.1483957952586934
,academy_3_vs_1_with_keeper,123,collect_rollout,4261,0,15,0.0,False,False,0.0,0.0,0,0,0,0.0,0.0,0.0,0.0,0.0,1,0.0
,academy_3_vs_1_with_keeper,123,collect_rollout,4262,0,21,-0.006666666362434626,False,False,0.0,0.0,0,0,0,0.0,0.0,0.0,0.0,-0.006666666362434626,1,-0.006666666362434626
,academy_3_vs_1_with_keeper,123,collect_rollout,4263,0,17,0.0,False,False,0.0,0.0,0,0,0,0.0,0.0,0.0,0.0,0.0,1,0.0
,academy_3_vs_1_with_keeper,123,collect_rollout,4264,0,18,0.0,False,False,0.0,0.0,0,0,0,0.0,0.0,0.0,0.0,0.0,1,0.0
,academy_3_vs_1_with_keeper,123,collect_rollout,4265,0,18,-0.009999999543651938,False,False,0.0,0.0,0,0,0,0.0,0.0,0.0,0.0,-0.009999999543651938,1,-0.009999999543651938
,academy_3_vs_1_with_keeper,123,collect_rollout,4266,0,50,0.009120616130530834,False,False,0.0,0.0,0,0,0,0.0,0.0,0.0,0.0,0.009120616130530834,1,0.009120616130530834
,academy_3_vs_1_with_keeper,123,collect_rollout,4267,0,17,0.0,False,False,0.0,0.0,0,0,0,0.0,0.0,0.0,0.0,0.0,1,0.0
,academy_3_vs_1_with_keeper,123,collect_rollout,4268,0,17,-0.003333333181217313,False,False,0.0,0.0,0,0,0,0.0,0.0,0.0,0.0,-0.003333333181217313,1,-0.003333333181217313
,academy_3_vs_1_with_keeper,123,collect_rollout,4269,0,14,0.0,False,False,0.0,0.0,0,0,0,0.0,0.0,0.0,0.0,0.0,1,0.0
,academy_3_vs_1_with_keeper,123,collect_rollout,4270,0,17,-0.006666666362434626,False,False,0.0,0.0,0,0,0,0.0,0.0,0.0,0.0,-0.006666666362434626,1,-0.006666666362434626
,academy_3_vs_1_with_keeper,123,collect_rollout,4271,0,23,-0.006666666362434626,False,False,0.0,0.0,0,0,0,0.0,0.0,0.0,0.0,-0.006666666362434626,1,-0.006666666362434626
,academy_3_vs_1_with_keeper,123,collect_rollout,4272,0,22,-0.009999999543651938,False,False,0.0,0.0,0,0,0,0.0,0.0,0.0,0.0,-0.009999999543651938,1,-0.009999999543651938
,academy_3_vs_1_with_keeper,123,collect_rollout,4273,0,15,-0.006666666362434626,False,False,0.0,0.0,0,0,0,0.0,0.0,0.0,0.0,-0.006666666362434626,1,-0.006666666362434626
,academy_3_vs_1_with_keeper,123,collect_rollout,4274,0,19,-0.003333333181217313,False,False,0.0,0.0,0,0,0,0.0,0.0,0.0,0.0,-0.003333333181217313,1,-0.003333333181217313
,academy_3_vs_1_with_keeper,123,collect_rollout,4275,0,20,0.0,False,False,0.0,0.0,0,0,0,0.0,0.0,0.0,0.0,0.0,1,0.0
,academy_3_vs_1_with_keeper,123,collect_rollout,4276,0,22,-0.006666666362434626,False,False,0.0,0.0,0,0,0,0.0,0.0,0.0,0.0,-0.006666666362434626,1,-0.006666666362434626
,academy_3_vs_1_with_keeper,123,collect_rollout,4277,0,36,2.1147337437141687,False,False,0.0,0.0,0,0,0,0.0,0.0,0.0,0.0,2.1147337437141687,1,2.1147337437141687
,academy_3_vs_1_with_keeper,123,collect_rollout,4278,0,35,2.141962750465609,False,False,0.0,0.0,0,0,0,0.0,0.0,0.0,0.0,2.141962750465609,1,2.141962750465609
,academy_3_vs_1_with_keeper,123,collect_rollout,4279,0,22,0.0,False,False,0.0,0.0,0,0,0,0.0,0.0,0.0,0.0,0.0,1,0.0
,academy_3_vs_1_with_keeper,123,collect_rollout,4280,0,19,-0.003333333181217313,False,False,0.0,0.0,0,0,0,0.0,0.0,0.0,0.0,-0.003333333181217313,1,-0.003333333181217313
,academy_3_vs_1_with_keeper,123,collect_rollout,4281,0,19,0.0,False,False,0.0,0.0,0,0,0,0.0,0.0,0.0,0.0,0.0,1,0.0
,academy_3_vs_1_with_keeper,123,collect_rollout,4282,0,39,2.063915360660758,False,False,0.0,0.0,0,0,0,0.0,0.0,0.0,0.0,2.063915360660758,1,2.063915360660758
,academy_3_vs_1_with_keeper,123,collect_rollout,4283,0,37,0.06803443591343239,False,False,0.0,0.0,0,0,0,0.0,0.0,0.0,0.0,0.06803443591343239,1,0.06803443591343239
,academy_3_vs_1_with_keeper,123,collect_rollout,4284,0,33,2.1111255681607872,False,False,0.0,0.0,0,0,0,0.0,0.0,0.0,0.0,2.1111255681607872,1,2.1111255681607872
,academy_3_vs_1_with_keeper,123,collect_rollout,4285,0,14,0.0,False,False,0.0,0.0,0,0,0,0.0,0.0,0.0,0.0,0.0,1,0.0
,academy_3_vs_1_with_keeper,123,collect_rollout,4286,0,20,-0.003333333181217313,False,False,0.0,0.0,0,0,0,0.0,0.0,0.0,0.0,-0.003333333181217313,1,-0.003333333181217313
,academy_3_vs_1_with_keeper,123,collect_rollout,4287,0,23,0.0,False,False,0.0,0.0,0,0,0,0.0,0.0,0.0,0.0,0.0,1,0.0
,academy_3_vs_1_with_keeper,123,collect_rollout,4288,0,14,0.0,False,False,0.0,0.0,0,0,0,0.0,0.0,0.0,0.0,0.0,1,0.0
,academy_3_vs_1_with_keeper,123,collect_rollout,4289,0,18,0.0070090979570522904,False,False,0.0,0.0,0,0,0,0.0,0.0,0.0,0.0,0.0070090979570522904,1,0.0070090979570522904
,academy_3_vs_1_with_keeper,123,collect_rollout,4290,0,18,0.0,False,False,0.0,0.0,0,0,0,0.0,0.0,0.0,0.0,0.0,1,0.0
,academy_3_vs_1_with_keeper,123,collect_rollout,4291,0,17,-0.003333333181217313,False,False,0.0,0.0,0,0,0,0.0,0.0,0.0,0.0,-0.003333333181217313,1,-0.003333333181217313
,academy_3_vs_1_with_keeper,123,collect_rollout,4292,0,14,0.0,False,False,0.0,0.0,0,0,0,0.0,0.0,0.0,0.0,0.0,1,0.0
,academy_3_vs_1_with_keeper,123,collect_rollout,4293,0,35,2.130049930769019,False,False,0.0,0.0,0,0,0,0.0,0.0,0.0,0.0,2.130049930769019,1,2.130049930769019
,academy_3_vs_1_with_keeper,123,collect_rollout,4294,0,23,-0.006666666362434626,False,False,0.0,0.0,0,0,0,0.0,0.0,0.0,0.0,-0.006666666362434626,1,-0.006666666362434626
,academy_3_vs_1_with_keeper,123,collect_rollout,4295,0,53,0.09269146947190166,False,False,0.0,0.0,0,0,0,0.0,0.0,0.0,0.0,0.09269146947190166,1,0.09269146947190166
,academy_3_vs_1_with_keeper,123,collect_rollout,4296,0,17,-0.006666666362434626,False,False,0.0,0.0,0,0,0,0.0,0.0,0.0,0.0,-0.006666666362434626,1,-0.006666666362434626
,academy_3_vs_1_with_keeper,123,collect_rollout,4297,0,35,2.143082383205183,False,False,0.0,0.0,0,0,0,0.0,0.0,0.0,0.0,2.143082383205183,1,2.143082383205183
,academy_3_vs_1_with_keeper,123,collect_rollout,4298,0,34,2.130054248031229,False,False,0.0,0.0,0,0,0,0.0,0.0,0.0,0.0,2.130054248031229,1,2.130054248031229
,academy_3_vs_1_with_keeper,123,collect_rollout,4299,0,14,-0.003333333181217313,False,False,0.0,0.0,0,0,0,0.0,0.0,0.0,0.0,-0.003333333181217313,1,-0.003333333181217313
,academy_3_vs_1_with_keeper,123,collect_rollout,4300,0,14,-0.003333333181217313,False,False,0.0,0.0,0,0,0,0.0,0.0,0.0,0.0,-0.003333333181217313,1,-0.003333333181217313
,academy_3_vs_1_with_keeper,123,collect_rollout,4301,0,47,0.11680597253143787,False,False,0.0,0.0,0,0,0,0.0,0.0,0.0,0.0,0.11680597253143787,1,0.11680597253143787
,academy_3_vs_1_with_keeper,123,collect_rollout,4302,0,18,-0.003333333181217313,False,False,0.0,0.0,0,0,0,0.0,0.0,0.0,0.0,-0.003333333181217313,1,-0.003333333181217313
,academy_3_vs_1_with_keeper,123,collect_rollout,4303,0,21,-0.006666666362434626,False,False,0.0,0.0,0,0,0,0.0,0.0,0.0,0.0,-0.006666666362434626,1,-0.006666666362434626
,academy_3_vs_1_with_keeper,123,collect_rollout,4304,0,21,-0.003333333181217313,False,False,0.0,0.0,0,0,0,0.0,0.0,0.0,0.0,-0.003333333181217313,1,-0.003333333181217313
,academy_3_vs_1_with_keeper,123,collect_rollout,4305,0,18,0.0,False,False,0.0,0.0,0,0,0,0.0,0.0,0.0,0.0,0.0,1,0.0
,academy_3_vs_1_with_keeper,123,collect_rollout,4306,0,88,0.0841122946003452,False,False,0.0,0.0,0,0,0,0.0,0.0,0.0,0.0,0.0841122946003452,1,0.0841122946003452
,academy_3_vs_1_with_keeper,123,collect_rollout,4307,0,10,0.027166425483301282,False,False,0.0,0.0,0,0,0,0.0,0.0,0.0,0.0,0.027166425483301282,1,0.027166425483301282
,academy_3_vs_1_with_keeper,123,collect_rollout,4308,0,17,-0.003333333181217313,False,False,0.0,0.0,0,0,0,0.0,0.0,0.0,0.0,-0.003333333181217313,1,-0.003333333181217313
,academy_3_vs_1_with_keeper,123,collect_rollout,4309,0,66,-0.14215754123870283,False,False,0.0,0.0,0,0,0,0.0,0.0,0.0,0.0,-0.14215754123870283,1,-0.14215754123870283
,academy_3_vs_1_with_keeper,123,collect_rollout,4310,0,20,0.0,False,False,0.0,0.0,0,0,0,0.0,0.0,0.0,0.0,0.0,1,0.0
,academy_3_vs_1_with_keeper,123,collect_rollout,4311,0,48,2.0185598077951,False,False,0.0,0.0,0,0,0,0.0,0.0,0.0,0.0,2.0185598077951,1,2.0185598077951
,academy_3_vs_1_with_keeper,123,collect_rollout,4312,0,73,-0.07885895704384893,False,False,0.0,0.0,0,0,0,0.0,0.0,0.0,0.0,-0.07885895704384893,1,-0.07885895704384893
,academy_3_vs_1_with_keeper,123,collect_rollout,4313,0,17,-0.003333333181217313,False,False,0.0,0.0,0,0,0,0.0,0.0,0.0,0.0,-0.003333333181217313,1,-0.003333333181217313
,academy_3_vs_1_with_keeper,123,collect_rollout,4314,0,27,2.1239736161660403,False,False,0.0,0.0,0,0,0,0.0,0.0,0.0,0.0,2.1239736161660403,1,2.1239736161660403
,academy_3_vs_1_with_keeper,123,collect_rollout,4315,0,85,0.09013040602440014,False,False,0.0,0.0,0,0,0,0.0,0.0,0.0,0.0,0.09013040602440014,1,0.09013040602440014
,academy_3_vs_1_with_keeper,123,collect_rollout,4316,0,14,0.0,False,False,0.0,0.0,0,0,0,0.0,0.0,0.0,0.0,0.0,1,0.0
,academy_3_vs_1_with_keeper,123,collect_rollout,4317,0,43,-0.05336226959479973,False,False,0.0,0.0,0,0,0,0.0,0.0,0.0,0.0,-0.05336226959479973,1,-0.05336226959479973
,academy_3_vs_1_with_keeper,123,collect_rollout,4318,0,17,0.0,False,False,0.0,0.0,0,0,0,0.0,0.0,0.0,0.0,0.0,1,0.0
,academy_3_vs_1_with_keeper,123,collect_rollout,4319,0,15,0.0,False,False,0.0,0.0,0,0,0,0.0,0.0,0.0,0.0,0.0,1,0.0
,academy_3_vs_1_with_keeper,123,collect_rollout,4320,0,18,0.0,False,False,0.0,0.0,0,0,0,0.0,0.0,0.0,0.0,0.0,1,0.0
,academy_3_vs_1_with_keeper,123,collect_rollout,4321,0,16,0.0,False,False,0.0,0.0,0,0,0,0.0,0.0,0.0,0.0,0.0,1,0.0
,academy_3_vs_1_with_keeper,123,collect_rollout,4322,0,19,0.012679298757575452,False,False,0.0,0.0,0,0,0,0.0,0.0,0.0,0.0,0.012679298757575452,1,0.012679298757575452
,academy_3_vs_1_with_keeper,123,collect_rollout,4323,0,45,0.0020640490110963583,False,False,0.0,0.0,0,0,0,0.0,0.0,0.0,0.0,0.0020640490110963583,1,0.0020640490110963583
,academy_3_vs_1_with_keeper,123,collect_rollout,4324,0,65,1.9195353937102482,False,False,0.0,0.0,0,0,0,0.0,0.0,0.0,0.0,1.9195353937102482,1,1.9195353937102482
,academy_3_vs_1_with_keeper,123,collect_rollout,4325,0,41,2.13356789550744,False,False,0.0,0.0,0,0,0,0.0,0.0,0.0,0.0,2.13356789550744,1,2.13356789550744
,academy_3_vs_1_with_keeper,123,collect_rollout,4326,0,21,0.0,False,False,0.0,0.0,0,0,0,0.0,0.0,0.0,0.0,0.0,1,0.0
,academy_3_vs_1_with_keeper,123,collect_rollout,4327,0,38,2.0779220536351204,False,False,0.0,0.0,0,0,0,0.0,0.0,0.0,0.0,2.0779220536351204,1,2.0779220536351204
,academy_3_vs_1_with_keeper,123,collect_rollout,4328,0,45,2.043833516770974,False,False,0.0,0.0,0,0,0,0.0,0.0,0.0,0.0,2.043833516770974,1,2.043833516770974
,academy_3_vs_1_with_keeper,123,collect_rollout,4329,0,28,2.1494493160862476,False,False,0.0,0.0,0,0,0,0.0,0.0,0.0,0.0,2.1494493160862476,1,2.1494493160862476
,academy_3_vs_1_with_keeper,123,collect_rollout,4330,0,23,0.0,False,False,0.0,0.0,0,0,0,0.0,0.0,0.0,0.0,0.0,1,0.0
,academy_3_vs_1_with_keeper,123,collect_rollout,4331,0,15,0.020733365090563893,False,False,0.0,0.0,0,0,0,0.0,0.0,0.0,0.0,0.020733365090563893,1,0.020733365090563893
,academy_3_vs_1_with_keeper,123,collect_rollout,4332,0,115,-0.3669155880343169,False,False,0.0,0.0,0,0,0,0.0,0.0,0.0,0.0,-0.3669155880343169,1,-0.3669155880343169
,academy_3_vs_1_with_keeper,123,collect_rollout,4333,0,17,0.0,False,False,0.0,0.0,0,0,0,0.0,0.0,0.0,0.0,0.0,1,0.0
,academy_3_vs_1_with_keeper,123,collect_rollout,4334,0,16,-0.003333333181217313,False,False,0.0,0.0,0,0,0,0.0,0.0,0.0,0.0,-0.003333333181217313,1,-0.003333333181217313
,academy_3_vs_1_with_keeper,123,collect_rollout,4335,0,68,-0.16291870595887303,False,False,0.0,0.0,0,0,0,0.0,0.0,0.0,0.0,-0.16291870595887303,1,-0.16291870595887303
,academy_3_vs_1_with_keeper,123,collect_rollout,4336,0,15,-0.003333333181217313,False,False,0.0,0.0,0,0,0,0.0,0.0,0.0,0.0,-0.003333333181217313,1,-0.003333333181217313
,academy_3_vs_1_with_keeper,123,collect_rollout,4337,0,20,-0.003333333181217313,False,False,0.0,0.0,0,0,0,0.0,0.0,0.0,0.0,-0.003333333181217313,1,-0.003333333181217313
,academy_3_vs_1_with_keeper,123,collect_rollout,4338,0,26,2.126718496903777,False,False,0.0,0.0,0,0,0,0.0,0.0,0.0,0.0,2.126718496903777,1,2.126718496903777
,academy_3_vs_1_with_keeper,123,collect_rollout,4339,0,83,0.04201542161172256,False,False,0.0,0.0,0,0,0,0.0,0.0,0.0,0.0,0.04201542161172256,1,0.04201542161172256
,academy_3_vs_1_with_keeper,123,collect_rollout,4340,0,19,-0.006666666362434626,False,False,0.0,0.0,0,0,0,0.0,0.0,0.0,0.0,-0.006666666362434626,1,-0.006666666362434626
,academy_3_vs_1_with_keeper,123,collect_rollout,4341,0,22,0.0,False,False,0.0,0.0,0,0,0,0.0,0.0,0.0,0.0,0.0,1,0.0
,academy_3_vs_1_with_keeper,123,collect_rollout,4342,0,19,0.0,False,False,0.0,0.0,0,0,0,0.0,0.0,0.0,0.0,0.0,1,0.0
,academy_3_vs_1_with_keeper,123,collect_rollout,4343,0,22,-0.006666666362434626,False,False,0.0,0.0,0,0,0,0.0,0.0,0.0,0.0,-0.006666666362434626,1,-0.006666666362434626
,academy_3_vs_1_with_keeper,123,collect_rollout,4344,0,30,2.1304088168544695,False,False,0.0,0.0,0,0,0,0.0,0.0,0.0,0.0,2.1304088168544695,1,2.1304088168544695
,academy_3_vs_1_with_keeper,123,collect_rollout,4345,0,89,0.12232295610010624,False,False,0.0,0.0,0,0,0,0.0,0.0,0.0,0.0,0.12232295610010624,1,0.12232295610010624
,academy_3_vs_1_with_keeper,123,collect_rollout,4346,0,32,2.104284801403992,False,False,0.0,0.0,0,0,0,0.0,0.0,0.0,0.0,2.104284801403992,1,2.104284801403992
,academy_3_vs_1_with_keeper,123,collect_rollout,4347,0,37,2.114583031856455,False,False,0.0,0.0,0,0,0,0.0,0.0,0.0,0.0,2.114583031856455,1,2.114583031856455
,academy_3_vs_1_with_keeper,123,collect_rollout,4348,0,18,0.0,False,False,0.0,0.0,0,0,0,0.0,0.0,0.0,0.0,0.0,1,0.0
,academy_3_vs_1_with_keeper,123,collect_rollout,4349,0,17,0.0,False,False,0.0,0.0,0,0,0,0.0,0.0,0.0,0.0,0.0,1,0.0
,academy_3_vs_1_with_keeper,123,collect_rollout,4350,0,19,-0.006666666362434626,False,False,0.0,0.0,0,0,0,0.0,0.0,0.0,0.0,-0.006666666362434626,1,-0.006666666362434626
,academy_3_vs_1_with_keeper,123,collect_rollout,4351,0,94,0.1163405142724514,False,False,0.0,0.0,0,0,0,0.0,0.0,0.0,0.0,0.1163405142724514,1,0.1163405142724514
,academy_3_vs_1_with_keeper,123,collect_rollout,4352,0,27,2.1280415266519412,False,False,0.0,0.0,0,0,0,0.0,0.0,0.0,0.0,2.1280415266519412,1,2.1280415266519412
,academy_3_vs_1_with_keeper,123,collect_rollout,4353,0,17,0.0,False,False,0.0,0.0,0,0,0,0.0,0.0,0.0,0.0,0.0,1,0.0
,academy_3_vs_1_with_keeper,123,collect_rollout,4354,0,9,0.05401375703513622,False,False,0.0,0.0,0,0,0,0.0,0.0,0.0,0.0,0.05401375703513622,1,0.05401375703513622
,academy_3_vs_1_with_keeper,123,collect_rollout,4355,0,17,-0.003333333181217313,False,False,0.0,0.0,0,0,0,0.0,0.0,0.0,0.0,-0.003333333181217313,1,-0.003333333181217313
,academy_3_vs_1_with_keeper,123,collect_rollout,4356,0,13,0.02908173226751387,False,False,0.0,0.0,0,0,0,0.0,0.0,0.0,0.0,0.02908173226751387,1,0.02908173226751387
,academy_3_vs_1_with_keeper,123,collect_rollout,4357,0,34,2.114926583992201,False,False,0.0,0.0,0,0,0,0.0,0.0,0.0,0.0,2.114926583992201,1,2.114926583992201
,academy_3_vs_1_with_keeper,123,collect_rollout,4358,0,17,-0.003333333181217313,False,False,0.0,0.0,0,0,0,0.0,0.0,0.0,0.0,-0.003333333181217313,1,-0.003333333181217313
,academy_3_vs_1_with_keeper,123,collect_rollout,4359,0,22,-0.006666666362434626,False,False,0.0,0.0,0,0,0,0.0,0.0,0.0,0.0,-0.006666666362434626,1,-0.006666666362434626
,academy_3_vs_1_with_keeper,123,collect_rollout,4360,0,18,0.0,False,False,0.0,0.0,0,0,0,0.0,0.0,0.0,0.0,0.0,1,0.0
,academy_3_vs_1_with_keeper,123,collect_rollout,4361,0,15,0.008612106903456151,False,False,0.0,0.0,0,0,0,0.0,0.0,0.0,0.0,0.008612106903456151,1,0.008612106903456151
,academy_3_vs_1_with_keeper,123,collect_rollout,4362,0,19,-0.003333333181217313,False,False,0.0,0.0,0,0,0,0.0,0.0,0.0,0.0,-0.003333333181217313,1,-0.003333333181217313
,academy_3_vs_1_with_keeper,123,collect_rollout,4363,0,75,1.8302461456041783,False,False,0.0,0.0,0,0,0,0.0,0.0,0.0,0.0,1.8302461456041783,1,1.8302461456041783
,academy_3_vs_1_with_keeper,123,collect_rollout,4364,0,17,-0.009999999543651938,False,False,0.0,0.0,0,0,0,0.0,0.0,0.0,0.0,-0.009999999543651938,1,-0.009999999543651938
,academy_3_vs_1_with_keeper,123,collect_rollout,4365,0,18,0.0,False,False,0.0,0.0,0,0,0,0.0,0.0,0.0,0.0,0.0,1,0.0
,academy_3_vs_1_with_keeper,123,collect_rollout,4366,0,19,-0.003333333181217313,False,False,0.0,0.0,0,0,0,0.0,0.0,0.0,0.0,-0.003333333181217313,1,-0.003333333181217313
,academy_3_vs_1_with_keeper,123,collect_rollout,4367,0,18,0.0,False,False,0.0,0.0,0,0,0,0.0,0.0,0.0,0.0,0.0,1,0.0
,academy_3_vs_1_with_keeper,123,collect_rollout,4368,0,31,2.119309689500369,False,False,0.0,0.0,0,0,0,0.0,0.0,0.0,0.0,2.119309689500369,1,2.119309689500369
,academy_3_vs_1_with_keeper,123,collect_rollout,4369,0,20,0.0,False,False,0.0,0.0,0,0,0,0.0,0.0,0.0,0.0,0.0,1,0.0
,academy_3_vs_1_with_keeper,123,collect_rollout,4370,0,29,2.123826763476245,False,False,0.0,0.0,0,0,0,0.0,0.0,0.0,0.0,2.123826763476245,1,2.123826763476245
,academy_3_vs_1_with_keeper,123,collect_rollout,4371,0,20,-0.003333333181217313,False,False,0.0,0.0,0,0,0,0.0,0.0,0.0,0.0,-0.003333333181217313,1,-0.003333333181217313
,academy_3_vs_1_with_keeper,123,collect_rollout,4372,0,38,2.1397102375049144,False,False,0.0,0.0,0,0,0,0.0,0.0,0.0,0.0,2.1397102375049144,1,2.1397102375049144
,academy_3_vs_1_with_keeper,123,collect_rollout,4373,0,28,2.134364200173877,False,False,0.0,0.0,0,0,0,0.0,0.0,0.0,0.0,2.134364200173877,1,2.134364200173877
,academy_3_vs_1_with_keeper,123,collect_rollout,4374,0,19,-0.003333333181217313,False,False,0.0,0.0,0,0,0,0.0,0.0,0.0,0.0,-0.003333333181217313,1,-0.003333333181217313
,academy_3_vs_1_with_keeper,123,collect_rollout,4375,0,30,2.1404494579182938,False,False,0.0,0.0,0,0,0,0.0,0.0,0.0,0.0,2.1404494579182938,1,2.1404494579182938
,academy_3_vs_1_with_keeper,123,collect_rollout,4376,0,14,0.013828048366121948,False,False,0.0,0.0,0,0,0,0.0,0.0,0.0,0.0,0.013828048366121948,1,0.013828048366121948
,academy_3_vs_1_with_keeper,123,collect_rollout,4377,0,39,0.11765634134644642,False,False,0.0,0.0,0,0,0,0.0,0.0,0.0,0.0,0.11765634134644642,1,0.11765634134644642
,academy_3_vs_1_with_keeper,123,collect_rollout,4378,0,42,0.0009959598537534475,False,False,0.0,0.0,0,0,0,0.0,0.0,0.0,0.0,0.0009959598537534475,1,0.0009959598537534475
,academy_3_vs_1_with_keeper,123,collect_rollout,4379,0,35,2.1094060501200147,False,False,0.0,0.0,0,0,0,0.0,0.0,0.0,0.0,2.1094060501200147,1,2.1094060501200147
,academy_3_vs_1_with_keeper,123,collect_rollout,4380,0,11,0.025860069668851793,False,False,0.0,0.0,0,0,0,0.0,0.0,0.0,0.0,0.025860069668851793,1,0.025860069668851793
,academy_3_vs_1_with_keeper,123,collect_rollout,4381,0,81,0.08342887798789889,False,False,0.0,0.0,0,0,0,0.0,0.0,0.0,0.0,0.08342887798789889,1,0.08342887798789889
,academy_3_vs_1_with_keeper,123,collect_rollout,4382,0,17,0.0,False,False,0.0,0.0,0,0,0,0.0,0.0,0.0,0.0,0.0,1,0.0
,academy_3_vs_1_with_keeper,123,collect_rollout,4383,0,69,-0.08671327179763466,False,False,0.0,0.0,0,0,0,0.0,0.0,0.0,0.0,-0.08671327179763466,1,-0.08671327179763466
,academy_3_vs_1_with_keeper,123,collect_rollout,4384,0,21,-0.003333333181217313,False,False,0.0,0.0,0,0,0,0.0,0.0,0.0,0.0,-0.003333333181217313,1,-0.003333333181217313
,academy_3_vs_1_with_keeper,123,collect_rollout,4385,0,18,0.0,False,False,0.0,0.0,0,0,0,0.0,0.0,0.0,0.0,0.0,1,0.0
,academy_3_vs_1_with_keeper,123,collect_rollout,4386,0,20,0.0,False,False,0.0,0.0,0,0,0,0.0,0.0,0.0,0.0,0.0,1,0.0
,academy_3_vs_1_with_keeper,123,collect_rollout,4387,0,20,0.0,False,False,0.0,0.0,0,0,0,0.0,0.0,0.0,0.0,0.0,1,0.0
,academy_3_vs_1_with_keeper,123,collect_rollout,4388,0,9,0.042940787272527814,False,False,0.0,0.0,0,0,0,0.0,0.0,0.0,0.0,0.042940787272527814,1,0.042940787272527814
,academy_3_vs_1_with_keeper,123,collect_rollout,4389,0,13,0.02432080009020865,False,False,0.0,0.0,0,0,0,0.0,0.0,0.0,0.0,0.02432080009020865,1,0.02432080009020865
,academy_3_vs_1_with_keeper,123,collect_rollout,4390,0,14,0.0,False,False,0.0,0.0,0,0,0,0.0,0.0,0.0,0.0,0.0,1,0.0
,academy_3_vs_1_with_keeper,123,collect_rollout,4391,0,35,2.124609477701597,False,False,0.0,0.0,0,0,0,0.0,0.0,0.0,0.0,2.124609477701597,1,2.124609477701597
,academy_3_vs_1_with_keeper,123,collect_rollout,4392,0,115,-0.23559558065608144,False,False,0.0,0.0,0,0,0,0.0,0.0,0.0,0.0,-0.23559558065608144,1,-0.23559558065608144
,academy_3_vs_1_with_keeper,123,collect_rollout,4393,0,19,0.0,False,False,0.0,0.0,0,0,0,0.0,0.0,0.0,0.0,0.0,1,0.0
,academy_3_vs_1_with_keeper,123,collect_rollout,4394,0,20,-0.003333333181217313,False,False,0.0,0.0,0,0,0,0.0,0.0,0.0,0.0,-0.003333333181217313,1,-0.003333333181217313
,academy_3_vs_1_with_keeper,123,collect_rollout,4395,0,21,0.0,False,False,0.0,0.0,0,0,0,0.0,0.0,0.0,0.0,0.0,1,0.0
,academy_3_vs_1_with_keeper,123,collect_rollout,4396,0,13,0.036341343307867646,False,False,0.0,0.0,0,0,0,0.0,0.0,0.0,0.0,0.036341343307867646,1,0.036341343307867646
,academy_3_vs_1_with_keeper,123,collect_rollout,4397,0,15,0.01225901476573199,False,False,0.0,0.0,0,0,0,0.0,0.0,0.0,0.0,0.01225901476573199,1,0.01225901476573199
,academy_3_vs_1_with_keeper,123,collect_rollout,4398,0,17,0.0,False,False,0.0,0.0,0,0,0,0.0,0.0,0.0,0.0,0.0,1,0.0
,academy_3_vs_1_with_keeper,123,collect_rollout,4399,0,21,0.0,False,False,0.0,0.0,0,0,0,0.0,0.0,0.0,0.0,0.0,1,0.0
,academy_3_vs_1_with_keeper,123,collect_rollout,4400,0,13,0.03701510583050549,False,False,0.0,0.0,0,0,0,0.0,0.0,0.0,0.0,0.03701510583050549,1,0.03701510583050549
,academy_3_vs_1_with_keeper,123,collect_rollout,4401,0,30,2.13772386405617,False,False,0.0,0.0,0,0,0,0.0,0.0,0.0,0.0,2.13772386405617,1,2.13772386405617
,academy_3_vs_1_with_keeper,123,collect_rollout,4402,0,17,-0.003333333181217313,False,False,0.0,0.0,0,0,0,0.0,0.0,0.0,0.0,-0.003333333181217313,1,-0.003333333181217313
,academy_3_vs_1_with_keeper,123,collect_rollout,4403,0,19,0.0,False,False,0.0,0.0,0,0,0,0.0,0.0,0.0,0.0,0.0,1,0.0
,academy_3_vs_1_with_keeper,123,collect_rollout,4404,0,22,0.0,False,False,0.0,0.0,0,0,0,0.0,0.0,0.0,0.0,0.0,1,0.0
,academy_3_vs_1_with_keeper,123,collect_rollout,4405,0,22,0.0,False,False,0.0,0.0,0,0,0,0.0,0.0,0.0,0.0,0.0,1,0.0
,academy_3_vs_1_with_keeper,123,collect_rollout,4406,0,18,0.0,False,False,0.0,0.0,0,0,0,0.0,0.0,0.0,0.0,0.0,1,0.0
,academy_3_vs_1_with_keeper,123,collect_rollout,4407,0,10,0.031246611149981618,False,False,0.0,0.0,0,0,0,0.0,0.0,0.0,0.0,0.031246611149981618,1,0.031246611149981618
,academy_3_vs_1_with_keeper,123,collect_rollout,4408,0,16,0.00415773899294436,False,False,0.0,0.0,0,0,0,0.0,0.0,0.0,0.0,0.00415773899294436,1,0.00415773899294436
,academy_3_vs_1_with_keeper,123,collect_rollout,4409,0,81,0.10830566706135869,False,False,0.0,0.0,0,0,0,0.0,0.0,0.0,0.0,0.10830566706135869,1,0.10830566706135869
,academy_3_vs_1_with_keeper,123,collect_rollout,4410,0,36,0.09561059455154464,False,False,0.0,0.0,0,0,0,0.0,0.0,0.0,0.0,0.09561059455154464,1,0.09561059455154464
,academy_3_vs_1_with_keeper,123,collect_rollout,4411,0,17,0.0,False,False,0.0,0.0,0,0,0,0.0,0.0,0.0,0.0,0.0,1,0.0
,academy_3_vs_1_with_keeper,123,collect_rollout,4412,0,16,0.0,False,False,0.0,0.0,0,0,0,0.0,0.0,0.0,0.0,0.0,1,0.0
,academy_3_vs_1_with_keeper,123,collect_rollout,4413,0,21,0.0,False,False,0.0,0.0,0,0,0,0.0,0.0,0.0,0.0,0.0,1,0.0
,academy_3_vs_1_with_keeper,123,collect_rollout,4414,0,29,0.11228696326725185,False,False,0.0,0.0,0,0,0,0.0,0.0,0.0,0.0,0.11228696326725185,1,0.11228696326725185
,academy_3_vs_1_with_keeper,123,collect_rollout,4415,0,28,2.1302731876494363,False,False,0.0,0.0,0,0,0,0.0,0.0,0.0,0.0,2.1302731876494363,1,2.1302731876494363
,academy_3_vs_1_with_keeper,123,collect_rollout,4416,0,19,-0.009999999543651938,False,False,0.0,0.0,0,0,0,0.0,0.0,0.0,0.0,-0.009999999543651938,1,-0.009999999543651938
,academy_3_vs_1_with_keeper,123,collect_rollout,4417,0,24,-0.003333333181217313,False,False,0.0,0.0,0,0,0,0.0,0.0,0.0,0.0,-0.003333333181217313,1,-0.003333333181217313
,academy_3_vs_1_with_keeper,123,collect_rollout,4418,0,138,0.0391326739336364,False,False,0.0,0.0,0,0,0,0.0,0.0,0.0,0.0,0.0391326739336364,1,0.0391326739336364
,academy_3_vs_1_with_keeper,123,collect_rollout,4419,0,39,2.1075088511570357,False,False,0.0,0.0,0,0,0,0.0,0.0,0.0,0.0,2.1075088511570357,1,2.1075088511570357
,academy_3_vs_1_with_keeper,123,collect_rollout,4420,0,18,0.0,False,False,0.0,0.0,0,0,0,0.0,0.0,0.0,0.0,0.0,1,0.0
,academy_3_vs_1_with_keeper,123,collect_rollout,4421,0,45,0.04057893443859939,False,False,0.0,0.0,0,0,0,0.0,0.0,0.0,0.0,0.04057893443859939,1,0.04057893443859939
,academy_3_vs_1_with_keeper,123,collect_rollout,4422,0,161,-0.47695121460128576,False,False,0.0,0.0,0,0,0,0.0,0.0,0.0,0.0,-0.47695121460128576,1,-0.47695121460128576
,academy_3_vs_1_with_keeper,123,collect_rollout,4423,0,20,-0.003333333181217313,False,False,0.0,0.0,0,0,0,0.0,0.0,0.0,0.0,-0.003333333181217313,1,-0.003333333181217313
,academy_3_vs_1_with_keeper,123,collect_rollout,4424,0,15,-0.003333333181217313,False,False,0.0,0.0,0,0,0,0.0,0.0,0.0,0.0,-0.003333333181217313,1,-0.003333333181217313
,academy_3_vs_1_with_keeper,123,collect_rollout,4425,0,21,0.0,False,False,0.0,0.0,0,0,0,0.0,0.0,0.0,0.0,0.0,1,0.0
,academy_3_vs_1_with_keeper,123,collect_rollout,4426,0,21,-0.013333332724869251,False,False,0.0,0.0,0,0,0,0.0,0.0,0.0,0.0,-0.013333332724869251,1,-0.013333332724869251
,academy_3_vs_1_with_keeper,123,collect_rollout,4427,0,18,0.0,False,False,0.0,0.0,0,0,0,0.0,0.0,0.0,0.0,0.0,1,0.0
,academy_3_vs_1_with_keeper,123,collect_rollout,4428,0,15,0.0,False,False,0.0,0.0,0,0,0,0.0,0.0,0.0,0.0,0.0,1,0.0
,academy_3_vs_1_with_keeper,123,collect_rollout,4429,0,31,2.13676738133654,False,False,0.0,0.0,0,0,0,0.0,0.0,0.0,0.0,2.13676738133654,1,2.13676738133654
,academy_3_vs_1_with_keeper,123,collect_rollout,4430,0,19,-0.003333333181217313,False,False,0.0,0.0,0,0,0,0.0,0.0,0.0,0.0,-0.003333333181217313,1,-0.003333333181217313
,academy_3_vs_1_with_keeper,123,collect_rollout,4431,0,31,2.0959850650979206,False,False,0.0,0.0,0,0,0,0.0,0.0,0.0,0.0,2.0959850650979206,1,2.0959850650979206
,academy_3_vs_1_with_keeper,123,collect_rollout,4432,0,15,-0.006666666362434626,False,False,0.0,0.0,0,0,0,0.0,0.0,0.0,0.0,-0.006666666362434626,1,-0.006666666362434626
,academy_3_vs_1_with_keeper,123,collect_rollout,4433,0,10,0.03733610874041915,False,False,0.0,0.0,0,0,0,0.0,0.0,0.0,0.0,0.03733610874041915,1,0.03733610874041915
,academy_3_vs_1_with_keeper,123,collect_rollout,4434,0,16,0.0,False,False,0.0,0.0,0,0,0,0.0,0.0,0.0,0.0,0.0,1,0.0
,academy_3_vs_1_with_keeper,123,collect_rollout,4435,0,18,0.0,False,False,0.0,0.0,0,0,0,0.0,0.0,0.0,0.0,0.0,1,0.0
,academy_3_vs_1_with_keeper,123,collect_rollout,4436,0,16,0.0,False,False,0.0,0.0,0,0,0,0.0,0.0,0.0,0.0,0.0,1,0.0
,academy_3_vs_1_with_keeper,123,collect_rollout,4437,0,90,-0.4527975491946563,False,False,0.0,0.0,0,0,0,0.0,0.0,0.0,0.0,-0.4527975491946563,1,-0.4527975491946563
,academy_3_vs_1_with_keeper,123,collect_rollout,4438,0,33,0.12439774442464113,False,False,0.0,0.0,0,0,0,0.0,0.0,0.0,0.0,0.12439774442464113,1,0.12439774442464113
,academy_3_vs_1_with_keeper,123,collect_rollout,4439,0,22,2.1265603953506798,False,False,0.0,0.0,0,0,0,0.0,0.0,0.0,0.0,2.1265603953506798,1,2.1265603953506798
,academy_3_vs_1_with_keeper,123,collect_rollout,4440,0,15,0.0,False,False,0.0,0.0,0,0,0,0.0,0.0,0.0,0.0,0.0,1,0.0
,academy_3_vs_1_with_keeper,123,collect_rollout,4441,0,15,0.0,False,False,0.0,0.0,0,0,0,0.0,0.0,0.0,0.0,0.0,1,0.0
,academy_3_vs_1_with_keeper,123,collect_rollout,4442,0,65,1.886165955569595,False,False,0.0,0.0,0,0,0,0.0,0.0,0.0,0.0,1.886165955569595,1,1.886165955569595
,academy_3_vs_1_with_keeper,123,collect_rollout,4443,0,23,0.0,False,False,0.0,0.0,0,0,0,0.0,0.0,0.0,0.0,0.0,1,0.0
,academy_3_vs_1_with_keeper,123,collect_rollout,4444,0,18,-0.003333333181217313,False,False,0.0,0.0,0,0,0,0.0,0.0,0.0,0.0,-0.003333333181217313,1,-0.003333333181217313
,academy_3_vs_1_with_keeper,123,collect_rollout,4445,0,32,0.11035473190713674,False,False,0.0,0.0,0,0,0,0.0,0.0,0.0,0.0,0.11035473190713674,1,0.11035473190713674
,academy_3_vs_1_with_keeper,123,collect_rollout,4446,0,15,0.0,False,False,0.0,0.0,0,0,0,0.0,0.0,0.0,0.0,0.0,1,0.0
,academy_3_vs_1_with_keeper,123,collect_rollout,4447,0,24,0.0,False,False,0.0,0.0,0,0,0,0.0,0.0,0.0,0.0,0.0,1,0.0
,academy_3_vs_1_with_keeper,123,collect_rollout,4448,0,15,0.026743739377707243,False,False,0.0,0.0,0,0,0,0.0,0.0,0.0,0.0,0.026743739377707243,1,0.026743739377707243
,academy_3_vs_1_with_keeper,123,collect_rollout,4449,0,17,-0.003333333181217313,False,False,0.0,0.0,0,0,0,0.0,0.0,0.0,0.0,-0.003333333181217313,1,-0.003333333181217313
,academy_3_vs_1_with_keeper,123,collect_rollout,4450,0,14,0.0,False,False,0.0,0.0,0,0,0,0.0,0.0,0.0,0.0,0.0,1,0.0
,academy_3_vs_1_with_keeper,123,collect_rollout,4451,0,45,-0.027261297684162855,False,False,0.0,0.0,0,0,0,0.0,0.0,0.0,0.0,-0.027261297684162855,1,-0.027261297684162855
,academy_3_vs_1_with_keeper,123,collect_rollout,4452,0,14,0.008574616978876293,False,False,0.0,0.0,0,0,0,0.0,0.0,0.0,0.0,0.008574616978876293,1,0.008574616978876293
,academy_3_vs_1_with_keeper,123,collect_rollout,4453,0,16,0.0,False,False,0.0,0.0,0,0,0,0.0,0.0,0.0,0.0,0.0,1,0.0
,academy_3_vs_1_with_keeper,123,collect_rollout,4454,0,10,0.037011377862654626,False,False,0.0,0.0,0,0,0,0.0,0.0,0.0,0.0,0.037011377862654626,1,0.037011377862654626
,academy_3_vs_1_with_keeper,123,collect_rollout,4455,0,18,-0.006666666362434626,False,False,0.0,0.0,0,0,0,0.0,0.0,0.0,0.0,-0.006666666362434626,1,-0.006666666362434626
,academy_3_vs_1_with_keeper,123,collect_rollout,4456,0,6,0.043804398737847805,False,False,0.0,0.0,0,0,0,0.0,0.0,0.0,0.0,0.043804398737847805,1,0.043804398737847805
,academy_3_vs_1_with_keeper,123,collect_rollout,4457,0,18,0.0,False,False,0.0,0.0,0,0,0,0.0,0.0,0.0,0.0,0.0,1,0.0
,academy_3_vs_1_with_keeper,123,collect_rollout,4458,0,11,0.030828627641312778,False,False,0.0,0.0,0,0,0,0.0,0.0,0.0,0.0,0.030828627641312778,1,0.030828627641312778
,academy_3_vs_1_with_keeper,123,collect_rollout,4459,0,18,-0.003333333181217313,False,False,0.0,0.0,0,0,0,0.0,0.0,0.0,0.0,-0.003333333181217313,1,-0.003333333181217313
,academy_3_vs_1_with_keeper,123,collect_rollout,4460,0,29,0.12195056083146483,False,False,0.0,0.0,0,0,0,0.0,0.0,0.0,0.0,0.12195056083146483,1,0.12195056083146483
,academy_3_vs_1_with_keeper,123,collect_rollout,4461,0,33,2.138839804334566,False,False,0.0,0.0,0,0,0,0.0,0.0,0.0,0.0,2.138839804334566,1,2.138839804334566
,academy_3_vs_1_with_keeper,123,collect_rollout,4462,0,40,2.0782396972645074,False,False,0.0,0.0,0,0,0,0.0,0.0,0.0,0.0,2.0782396972645074,1,2.0782396972645074
,academy_3_vs_1_with_keeper,123,collect_rollout,4463,0,19,-0.009999999543651938,False,False,0.0,0.0,0,0,0,0.0,0.0,0.0,0.0,-0.009999999543651938,1,-0.009999999543651938
,academy_3_vs_1_with_keeper,123,collect_rollout,4464,0,61,-0.04333333135582507,False,False,0.0,0.0,0,0,0,0.0,0.0,0.0,0.0,-0.04333333135582507,1,-0.04333333135582507
,academy_3_vs_1_with_keeper,123,collect_rollout,4465,0,33,2.118147460045293,False,False,0.0,0.0,0,0,0,0.0,0.0,0.0,0.0,2.118147460045293,1,2.118147460045293
,academy_3_vs_1_with_keeper,123,collect_rollout,4466,0,19,0.0,False,False,0.0,0.0,0,0,0,0.0,0.0,0.0,0.0,0.0,1,0.0
,academy_3_vs_1_with_keeper,123,collect_rollout,4467,0,43,2.110377003729809,False,False,0.0,0.0,0,0,0,0.0,0.0,0.0,0.0,2.110377003729809,1,2.110377003729809
,academy_3_vs_1_with_keeper,123,collect_rollout,4468,0,20,-0.003333333181217313,False,False,0.0,0.0,0,0,0,0.0,0.0,0.0,0.0,-0.003333333181217313,1,-0.003333333181217313
,academy_3_vs_1_with_keeper,123,collect_rollout,4469,0,21,-0.003333333181217313,False,False,0.0,0.0,0,0,0,0.0,0.0,0.0,0.0,-0.003333333181217313,1,-0.003333333181217313
,academy_3_vs_1_with_keeper,123,collect_rollout,4470,0,17,-0.006666666362434626,False,False,0.0,0.0,0,0,0,0.0,0.0,0.0,0.0,-0.006666666362434626,1,-0.006666666362434626
,academy_3_vs_1_with_keeper,123,collect_rollout,4471,0,19,0.0,False,False,0.0,0.0,0,0,0,0.0,0.0,0.0,0.0,0.0,1,0.0
,academy_3_vs_1_with_keeper,123,collect_rollout,4472,0,23,0.0,False,False,0.0,0.0,0,0,0,0.0,0.0,0.0,0.0,0.0,1,0.0
,academy_3_vs_1_with_keeper,123,collect_rollout,4473,0,22,-0.003333333181217313,False,False,0.0,0.0,0,0,0,0.0,0.0,0.0,0.0,-0.003333333181217313,1,-0.003333333181217313
,academy_3_vs_1_with_keeper,123,collect_rollout,4474,0,19,0.0,False,False,0.0,0.0,0,0,0,0.0,0.0,0.0,0.0,0.0,1,0.0
,academy_3_vs_1_with_keeper,123,collect_rollout,4475,0,21,0.0,False,False,0.0,0.0,0,0,0,0.0,0.0,0.0,0.0,0.0,1,0.0
,academy_3_vs_1_with_keeper,123,collect_rollout,4476,0,18,0.012210339307785034,False,False,0.0,0.0,0,0,0,0.0,0.0,0.0,0.0,0.012210339307785034,1,0.012210339307785034
,academy_3_vs_1_with_keeper,123,collect_rollout,4477,0,40,2.1376302015269175,False,False,0.0,0.0,0,0,0,0.0,0.0,0.0,0.0,2.1376302015269175,1,2.1376302015269175
,academy_3_vs_1_with_keeper,123,collect_rollout,4478,0,21,-0.003333333181217313,False,False,0.0,0.0,0,0,0,0.0,0.0,0.0,0.0,-0.003333333181217313,1,-0.003333333181217313
,academy_3_vs_1_with_keeper,123,collect_rollout,4479,0,21,-0.003333333181217313,False,False,0.0,0.0,0,0,0,0.0,0.0,0.0,0.0,-0.003333333181217313,1,-0.003333333181217313
,academy_3_vs_1_with_keeper,123,collect_rollout,4480,0,41,0.03138814334124618,False,False,0.0,0.0,0,0,0,0.0,0.0,0.0,0.0,0.03138814334124618,1,0.03138814334124618
,academy_3_vs_1_with_keeper,123,collect_rollout,4481,0,17,0.0,False,False,0.0,0.0,0,0,0,0.0,0.0,0.0,0.0,0.0,1,0.0
,academy_3_vs_1_with_keeper,123,collect_rollout,4482,0,85,-0.04882611361972522,False,False,0.0,0.0,0,0,0,0.0,0.0,0.0,0.0,-0.04882611361972522,1,-0.04882611361972522
,academy_3_vs_1_with_keeper,123,collect_rollout,4483,0,21,-0.003333333181217313,False,False,0.0,0.0,0,0,0,0.0,0.0,0.0,0.0,-0.003333333181217313,1,-0.003333333181217313
,academy_3_vs_1_with_keeper,123,collect_rollout,4484,0,43,0.08140217652544379,False,False,0.0,0.0,0,0,0,0.0,0.0,0.0,0.0,0.08140217652544379,1,0.08140217652544379
,academy_3_vs_1_with_keeper,123,collect_rollout,4485,0,17,0.0,False,False,0.0,0.0,0,0,0,0.0,0.0,0.0,0.0,0.0,1,0.0
,academy_3_vs_1_with_keeper,123,collect_rollout,4486,0,17,0.0,False,False,0.0,0.0,0,0,0,0.0,0.0,0.0,0.0,0.0,1,0.0
,academy_3_vs_1_with_keeper,123,collect_rollout,4487,0,20,0.002149671781808138,False,False,0.0,0.0,0,0,0,0.0,0.0,0.0,0.0,0.002149671781808138,1,0.002149671781808138
,academy_3_vs_1_with_keeper,123,collect_rollout,4488,0,15,-0.006666666362434626,False,False,0.0,0.0,0,0,0,0.0,0.0,0.0,0.0,-0.006666666362434626,1,-0.006666666362434626
,academy_3_vs_1_with_keeper,123,collect_rollout,4489,0,38,0.07722557250235695,False,False,0.0,0.0,0,0,0,0.0,0.0,0.0,0.0,0.07722557250235695,1,0.07722557250235695
,academy_3_vs_1_with_keeper,123,collect_rollout,4490,0,26,2.1498812582576647,False,False,0.0,0.0,0,0,0,0.0,0.0,0.0,0.0,2.1498812582576647,1,2.1498812582576647
,academy_3_vs_1_with_keeper,123,collect_rollout,4491,0,19,-0.003333333181217313,False,False,0.0,0.0,0,0,0,0.0,0.0,0.0,0.0,-0.003333333181217313,1,-0.003333333181217313
,academy_3_vs_1_with_keeper,123,collect_rollout,4492,0,33,0.08970779262017459,False,False,0.0,0.0,0,0,0,0.0,0.0,0.0,0.0,0.08970779262017459,1,0.08970779262017459
,academy_3_vs_1_with_keeper,123,collect_rollout,4493,0,43,2.0706417593173683,False,False,0.0,0.0,0,0,0,0.0,0.0,0.0,0.0,2.0706417593173683,1,2.0706417593173683
,academy_3_vs_1_with_keeper,123,collect_rollout,4494,0,20,-0.003333333181217313,False,False,0.0,0.0,0,0,0,0.0,0.0,0.0,0.0,-0.003333333181217313,1,-0.003333333181217313
,academy_3_vs_1_with_keeper,123,collect_rollout,4495,0,29,0.10938763432204723,False,False,0.0,0.0,0,0,0,0.0,0.0,0.0,0.0,0.10938763432204723,1,0.10938763432204723
,academy_3_vs_1_with_keeper,123,collect_rollout,4496,0,18,0.0,False,False,0.0,0.0,0,0,0,0.0,0.0,0.0,0.0,0.0,1,0.0
,academy_3_vs_1_with_keeper,123,collect_rollout,4497,0,17,0.0,False,False,0.0,0.0,0,0,0,0.0,0.0,0.0,0.0,0.0,1,0.0
,academy_3_vs_1_with_keeper,123,collect_rollout,4498,0,17,0.0,False,False,0.0,0.0,0,0,0,0.0,0.0,0.0,0.0,0.0,1,0.0
,academy_3_vs_1_with_keeper,123,collect_rollout,4499,0,8,0.037953298233333044,False,False,0.0,0.0,0,0,0,0.0,0.0,0.0,0.0,0.037953298233333044,1,0.037953298233333044
,academy_3_vs_1_with_keeper,123,collect_rollout,4500,0,83,-0.3726456934818998,False,False,0.0,0.0,0,0,0,0.0,0.0,0.0,0.0,-0.3726456934818998,1,-0.3726456934818998
,academy_3_vs_1_with_keeper,123,collect_rollout,4501,0,55,0.020253335125744343,False,False,0.0,0.0,0,0,0,0.0,0.0,0.0,0.0,0.020253335125744343,1,0.020253335125744343
,academy_3_vs_1_with_keeper,123,collect_rollout,4502,0,15,0.0,False,False,0.0,0.0,0,0,0,0.0,0.0,0.0,0.0,0.0,1,0.0
,academy_3_vs_1_with_keeper,123,collect_rollout,4503,0,91,0.11046704842010513,False,False,0.0,0.0,0,0,0,0.0,0.0,0.0,0.0,0.11046704842010513,1,0.11046704842010513
,academy_3_vs_1_with_keeper,123,collect_rollout,4504,0,19,0.0,False,False,0.0,0.0,0,0,0,0.0,0.0,0.0,0.0,0.0,1,0.0
,academy_3_vs_1_with_keeper,123,collect_rollout,4505,0,16,0.0,False,False,0.0,0.0,0,0,0,0.0,0.0,0.0,0.0,0.0,1,0.0
,academy_3_vs_1_with_keeper,123,collect_rollout,4506,0,85,0.09329485148191452,False,False,0.0,0.0,0,0,0,0.0,0.0,0.0,0.0,0.09329485148191452,1,0.09329485148191452
,academy_3_vs_1_with_keeper,123,collect_rollout,4507,0,33,2.126632492931094,False,False,0.0,0.0,0,0,0,0.0,0.0,0.0,0.0,2.126632492931094,1,2.126632492931094
,academy_3_vs_1_with_keeper,123,collect_rollout,4508,0,16,-0.003333333181217313,False,False,0.0,0.0,0,0,0,0.0,0.0,0.0,0.0,-0.003333333181217313,1,-0.003333333181217313
,academy_3_vs_1_with_keeper,123,collect_rollout,4509,0,19,-0.003333333181217313,False,False,0.0,0.0,0,0,0,0.0,0.0,0.0,0.0,-0.003333333181217313,1,-0.003333333181217313
,academy_3_vs_1_with_keeper,123,collect_rollout,4510,0,15,0.0,False,False,0.0,0.0,0,0,0,0.0,0.0,0.0,0.0,0.0,1,0.0
,academy_3_vs_1_with_keeper,123,collect_rollout,4511,0,13,0.0,False,False,0.0,0.0,0,0,0,0.0,0.0,0.0,0.0,0.0,1,0.0
,academy_3_vs_1_with_keeper,123,collect_rollout,4512,0,21,2.1329421459231526,False,False,0.0,0.0,0,0,0,0.0,0.0,0.0,0.0,2.1329421459231526,1,2.1329421459231526
,academy_3_vs_1_with_keeper,123,collect_rollout,4513,0,20,-0.003333333181217313,False,False,0.0,0.0,0,0,0,0.0,0.0,0.0,0.0,-0.003333333181217313,1,-0.003333333181217313
,academy_3_vs_1_with_keeper,123,collect_rollout,4514,0,15,0.0,False,False,0.0,0.0,0,0,0,0.0,0.0,0.0,0.0,0.0,1,0.0
,academy_3_vs_1_with_keeper,123,collect_rollout,4515,0,54,0.020437248283997178,False,False,0.0,0.0,0,0,0,0.0,0.0,0.0,0.0,0.020437248283997178,1,0.020437248283997178
,academy_3_vs_1_with_keeper,123,collect_rollout,4516,0,23,2.1347131425281987,False,False,0.0,0.0,0,0,0,0.0,0.0,0.0,0.0,2.1347131425281987,1,2.1347131425281987
,academy_3_vs_1_with_keeper,123,collect_rollout,4517,0,14,-0.009999999543651938,False,False,0.0,0.0,0,0,0,0.0,0.0,0.0,0.0,-0.009999999543651938,1,-0.009999999543651938
,academy_3_vs_1_with_keeper,123,collect_rollout,4518,0,18,-0.003333333181217313,False,False,0.0,0.0,0,0,0,0.0,0.0,0.0,0.0,-0.003333333181217313,1,-0.003333333181217313
,academy_3_vs_1_with_keeper,123,collect_rollout,4519,0,20,0.0,False,False,0.0,0.0,0,0,0,0.0,0.0,0.0,0.0,0.0,1,0.0
,academy_3_vs_1_with_keeper,123,collect_rollout,4520,0,19,0.0,False,False,0.0,0.0,0,0,0,0.0,0.0,0.0,0.0,0.0,1,0.0
,academy_3_vs_1_with_keeper,123,collect_rollout,4521,0,20,0.007799380458891392,False,False,0.0,0.0,0,0,0,0.0,0.0,0.0,0.0,0.007799380458891392,1,0.007799380458891392
,academy_3_vs_1_with_keeper,123,collect_rollout,4522,0,14,0.019526585994753987,False,False,0.0,0.0,0,0,0,0.0,0.0,0.0,0.0,0.019526585994753987,1,0.019526585994753987
,academy_3_vs_1_with_keeper,123,collect_rollout,4523,0,18,0.0,False,False,0.0,0.0,0,0,0,0.0,0.0,0.0,0.0,0.0,1,0.0
,academy_3_vs_1_with_keeper,123,collect_rollout,4524,0,21,0.0,False,False,0.0,0.0,0,0,0,0.0,0.0,0.0,0.0,0.0,1,0.0
,academy_3_vs_1_with_keeper,123,collect_rollout,4525,0,69,2.1614880339620868,False,False,0.0,0.0,0,0,0,0.0,0.0,0.0,0.0,2.1614880339620868,1,2.1614880339620868
,academy_3_vs_1_with_keeper,123,collect_rollout,4526,0,57,0.0582404600281734,False,False,0.0,0.0,0,0,0,0.0,0.0,0.0,0.0,0.0582404600281734,1,0.0582404600281734
,academy_3_vs_1_with_keeper,123,collect_rollout,4527,0,90,0.09729414529283531,False,False,0.0,0.0,0,0,0,0.0,0.0,0.0,0.0,0.09729414529283531,1,0.09729414529283531
,academy_3_vs_1_with_keeper,123,collect_rollout,4528,0,20,0.009233856573700905,False,False,0.0,0.0,0,0,0,0.0,0.0,0.0,0.0,0.009233856573700905,1,0.009233856573700905
,academy_3_vs_1_with_keeper,123,collect_rollout,4529,0,19,-0.006666666362434626,False,False,0.0,0.0,0,0,0,0.0,0.0,0.0,0.0,-0.006666666362434626,1,-0.006666666362434626
,academy_3_vs_1_with_keeper,123,collect_rollout,4530,0,20,0.0,False,False,0.0,0.0,0,0,0,0.0,0.0,0.0,0.0,0.0,1,0.0
,academy_3_vs_1_with_keeper,123,collect_rollout,4531,0,14,0.0,False,False,0.0,0.0,0,0,0,0.0,0.0,0.0,0.0,0.0,1,0.0
,academy_3_vs_1_with_keeper,123,collect_rollout,4532,0,50,0.01743258466012776,False,False,0.0,0.0,0,0,0,0.0,0.0,0.0,0.0,0.01743258466012776,1,0.01743258466012776
,academy_3_vs_1_with_keeper,123,collect_rollout,4533,0,19,0.0,False,False,0.0,0.0,0,0,0,0.0,0.0,0.0,0.0,0.0,1,0.0
,academy_3_vs_1_with_keeper,123,collect_rollout,4534,0,35,0.06941669061779976,False,False,0.0,0.0,0,0,0,0.0,0.0,0.0,0.0,0.06941669061779976,1,0.06941669061779976
,academy_3_vs_1_with_keeper,123,collect_rollout,4535,0,15,0.0,False,False,0.0,0.0,0,0,0,0.0,0.0,0.0,0.0,0.0,1,0.0
,academy_3_vs_1_with_keeper,123,collect_rollout,4536,0,20,-0.006666666362434626,False,False,0.0,0.0,0,0,0,0.0,0.0,0.0,0.0,-0.006666666362434626,1,-0.006666666362434626
,academy_3_vs_1_with_keeper,123,collect_rollout,4537,0,19,0.0,False,False,0.0,0.0,0,0,0,0.0,0.0,0.0,0.0,0.0,1,0.0
,academy_3_vs_1_with_keeper,123,collect_rollout,4538,0,63,-0.06742150876380038,False,False,0.0,0.0,0,0,0,0.0,0.0,0.0,0.0,-0.06742150876380038,1,-0.06742150876380038
,academy_3_vs_1_with_keeper,123,collect_rollout,4539,0,14,0.0,False,False,0.0,0.0,0,0,0,0.0,0.0,0.0,0.0,0.0,1,0.0
,academy_3_vs_1_with_keeper,123,collect_rollout,4540,0,19,0.0,False,False,0.0,0.0,0,0,0,0.0,0.0,0.0,0.0,0.0,1,0.0
,academy_3_vs_1_with_keeper,123,collect_rollout,4541,0,22,0.0,False,False,0.0,0.0,0,0,0,0.0,0.0,0.0,0.0,0.0,1,0.0
,academy_3_vs_1_with_keeper,123,collect_rollout,4542,0,11,0.027602566522546113,False,False,0.0,0.0,0,0,0,0.0,0.0,0.0,0.0,0.027602566522546113,1,0.027602566522546113
,academy_3_vs_1_with_keeper,123,collect_rollout,4543,0,17,0.0,False,False,0.0,0.0,0,0,0,0.0,0.0,0.0,0.0,0.0,1,0.0
,academy_3_vs_1_with_keeper,123,collect_rollout,4544,0,16,0.0,False,False,0.0,0.0,0,0,0,0.0,0.0,0.0,0.0,0.0,1,0.0
,academy_3_vs_1_with_keeper,123,collect_rollout,4545,0,93,0.11128271697089076,False,False,0.0,0.0,0,0,0,0.0,0.0,0.0,0.0,0.11128271697089076,1,0.11128271697089076
,academy_3_vs_1_with_keeper,123,collect_rollout,4546,0,19,0.0,False,False,0.0,0.0,0,0,0,0.0,0.0,0.0,0.0,0.0,1,0.0
,academy_3_vs_1_with_keeper,123,collect_rollout,4547,0,19,-0.006666666362434626,False,False,0.0,0.0,0,0,0,0.0,0.0,0.0,0.0,-0.006666666362434626,1,-0.006666666362434626
,academy_3_vs_1_with_keeper,123,collect_rollout,4548,0,16,-0.009999999543651938,False,False,0.0,0.0,0,0,0,0.0,0.0,0.0,0.0,-0.009999999543651938,1,-0.009999999543651938
,academy_3_vs_1_with_keeper,123,collect_rollout,4549,0,22,2.146822826238349,False,False,0.0,0.0,0,0,0,0.0,0.0,0.0,0.0,2.146822826238349,1,2.146822826238349
,academy_3_vs_1_with_keeper,123,collect_rollout,4550,0,20,0.0,False,False,0.0,0.0,0,0,0,0.0,0.0,0.0,0.0,0.0,1,0.0
,academy_3_vs_1_with_keeper,123,collect_rollout,4551,0,12,0.03332536085508764,False,False,0.0,0.0,0,0,0,0.0,0.0,0.0,0.0,0.03332536085508764,1,0.03332536085508764
,academy_3_vs_1_with_keeper,123,collect_rollout,4552,0,15,0.0,False,False,0.0,0.0,0,0,0,0.0,0.0,0.0,0.0,0.0,1,0.0
,academy_3_vs_1_with_keeper,123,collect_rollout,4553,0,14,-0.003333333181217313,False,False,0.0,0.0,0,0,0,0.0,0.0,0.0,0.0,-0.003333333181217313,1,-0.003333333181217313
,academy_3_vs_1_with_keeper,123,collect_rollout,4554,0,18,-0.006666666362434626,False,False,0.0,0.0,0,0,0,0.0,0.0,0.0,0.0,-0.006666666362434626,1,-0.006666666362434626
,academy_3_vs_1_with_keeper,123,collect_rollout,4555,0,18,-0.003333333181217313,False,False,0.0,0.0,0,0,0,0.0,0.0,0.0,0.0,-0.003333333181217313,1,-0.003333333181217313
,academy_3_vs_1_with_keeper,123,collect_rollout,4556,0,17,0.0,False,False,0.0,0.0,0,0,0,0.0,0.0,0.0,0.0,0.0,1,0.0
,academy_3_vs_1_with_keeper,123,collect_rollout,4557,0,17,0.0,False,False,0.0,0.0,0,0,0,0.0,0.0,0.0,0.0,0.0,1,0.0
,academy_3_vs_1_with_keeper,123,collect_rollout,4558,0,17,0.0,False,False,0.0,0.0,0,0,0,0.0,0.0,0.0,0.0,0.0,1,0.0
,academy_3_vs_1_with_keeper,123,collect_rollout,4559,0,18,0.0,False,False,0.0,0.0,0,0,0,0.0,0.0,0.0,0.0,0.0,1,0.0
,academy_3_vs_1_with_keeper,123,collect_rollout,4560,0,26,0.09466355526819825,False,False,0.0,0.0,0,0,0,0.0,0.0,0.0,0.0,0.09466355526819825,1,0.09466355526819825
,academy_3_vs_1_with_keeper,123,collect_rollout,4561,0,20,-0.003333333181217313,False,False,0.0,0.0,0,0,0,0.0,0.0,0.0,0.0,-0.003333333181217313,1,-0.003333333181217313
,academy_3_vs_1_with_keeper,123,collect_rollout,4562,0,19,0.0,False,False,0.0,0.0,0,0,0,0.0,0.0,0.0,0.0,0.0,1,0.0
,academy_3_vs_1_with_keeper,123,collect_rollout,4563,0,21,-0.003333333181217313,False,False,0.0,0.0,0,0,0,0.0,0.0,0.0,0.0,-0.003333333181217313,1,-0.003333333181217313
,academy_3_vs_1_with_keeper,123,collect_rollout,4564,0,20,-0.003333333181217313,False,False,0.0,0.0,0,0,0,0.0,0.0,0.0,0.0,-0.003333333181217313,1,-0.003333333181217313
,academy_3_vs_1_with_keeper,123,collect_rollout,4565,0,19,-0.003333333181217313,False,False,0.0,0.0,0,0,0,0.0,0.0,0.0,0.0,-0.003333333181217313,1,-0.003333333181217313
,academy_3_vs_1_with_keeper,123,collect_rollout,4566,0,22,-0.009999999543651938,False,False,0.0,0.0,0,0,0,0.0,0.0,0.0,0.0,-0.009999999543651938,1,-0.009999999543651938
,academy_3_vs_1_with_keeper,123,collect_rollout,4567,0,21,-0.003333333181217313,False,False,0.0,0.0,0,0,0,0.0,0.0,0.0,0.0,-0.003333333181217313,1,-0.003333333181217313
,academy_3_vs_1_with_keeper,123,collect_rollout,4568,0,14,-0.003333333181217313,False,False,0.0,0.0,0,0,0,0.0,0.0,0.0,0.0,-0.003333333181217313,1,-0.003333333181217313
,academy_3_vs_1_with_keeper,123,collect_rollout,4569,0,18,-0.003333333181217313,False,False,0.0,0.0,0,0,0,0.0,0.0,0.0,0.0,-0.003333333181217313,1,-0.003333333181217313
,academy_3_vs_1_with_keeper,123,collect_rollout,4570,0,16,-0.003333333181217313,False,False,0.0,0.0,0,0,0,0.0,0.0,0.0,0.0,-0.003333333181217313,1,-0.003333333181217313
,academy_3_vs_1_with_keeper,123,collect_rollout,4571,0,19,-0.003333333181217313,False,False,0.0,0.0,0,0,0,0.0,0.0,0.0,0.0,-0.003333333181217313,1,-0.003333333181217313
,academy_3_vs_1_with_keeper,123,collect_rollout,4572,0,17,-0.013333332724869251,False,False,0.0,0.0,0,0,0,0.0,0.0,0.0,0.0,-0.013333332724869251,1,-0.013333332724869251
,academy_3_vs_1_with_keeper,123,collect_rollout,4573,0,31,2.1399083454161882,False,False,0.0,0.0,0,0,0,0.0,0.0,0.0,0.0,2.1399083454161882,1,2.1399083454161882
,academy_3_vs_1_with_keeper,123,collect_rollout,4574,0,54,-0.07333333045244217,False,False,0.0,0.0,0,0,0,0.0,0.0,0.0,0.0,-0.07333333045244217,1,-0.07333333045244217
,academy_3_vs_1_with_keeper,123,collect_rollout,4575,0,35,2.1102738552726805,False,False,0.0,0.0,0,0,0,0.0,0.0,0.0,0.0,2.1102738552726805,1,2.1102738552726805
,academy_3_vs_1_with_keeper,123,collect_rollout,4576,0,52,0.3222196706337854,False,False,0.0,0.0,0,0,0,0.0,0.0,0.0,0.0,0.3222196706337854,1,0.3222196706337854
,academy_3_vs_1_with_keeper,123,collect_rollout,4577,0,16,0.013202125439420342,False,False,0.0,0.0,0,0,0,0.0,0.0,0.0,0.0,0.013202125439420342,1,0.013202125439420342
,academy_3_vs_1_with_keeper,123,collect_rollout,4578,0,15,0.0,False,False,0.0,0.0,0,0,0,0.0,0.0,0.0,0.0,0.0,1,0.0
,academy_3_vs_1_with_keeper,123,collect_rollout,4579,0,30,2.1214039141777903,False,False,0.0,0.0,0,0,0,0.0,0.0,0.0,0.0,2.1214039141777903,1,2.1214039141777903
,academy_3_vs_1_with_keeper,123,collect_rollout,4580,0,27,2.139612994971685,False,False,0.0,0.0,0,0,0,0.0,0.0,0.0,0.0,2.139612994971685,1,2.139612994971685
,academy_3_vs_1_with_keeper,123,collect_rollout,4581,0,20,-0.003333333181217313,False,False,0.0,0.0,0,0,0,0.0,0.0,0.0,0.0,-0.003333333181217313,1,-0.003333333181217313
,academy_3_vs_1_with_keeper,123,collect_rollout,4582,0,23,-0.003333333181217313,False,False,0.0,0.0,0,0,0,0.0,0.0,0.0,0.0,-0.003333333181217313,1,-0.003333333181217313
,academy_3_vs_1_with_keeper,123,collect_rollout,4583,0,19,0.0,False,False,0.0,0.0,0,0,0,0.0,0.0,0.0,0.0,0.0,1,0.0
,academy_3_vs_1_with_keeper,123,collect_rollout,4584,0,20,-0.006666666362434626,False,False,0.0,0.0,0,0,0,0.0,0.0,0.0,0.0,-0.006666666362434626,1,-0.006666666362434626
,academy_3_vs_1_with_keeper,123,collect_rollout,4585,0,31,2.1297065196558833,False,False,0.0,0.0,0,0,0,0.0,0.0,0.0,0.0,2.1297065196558833,1,2.1297065196558833
,academy_3_vs_1_with_keeper,123,collect_rollout,4586,0,26,2.146190859610215,False,False,0.0,0.0,0,0,0,0.0,0.0,0.0,0.0,2.146190859610215,1,2.146190859610215
,academy_3_vs_1_with_keeper,123,collect_rollout,4587,0,23,0.0,False,False,0.0,0.0,0,0,0,0.0,0.0,0.0,0.0,0.0,1,0.0
,academy_3_vs_1_with_keeper,123,collect_rollout,4588,0,22,0.0,False,False,0.0,0.0,0,0,0,0.0,0.0,0.0,0.0,0.0,1,0.0
,academy_3_vs_1_with_keeper,123,collect_rollout,4589,0,18,-0.003333333181217313,False,False,0.0,0.0,0,0,0,0.0,0.0,0.0,0.0,-0.003333333181217313,1,-0.003333333181217313
,academy_3_vs_1_with_keeper,123,collect_rollout,4590,0,21,-0.003333333181217313,False,False,0.0,0.0,0,0,0,0.0,0.0,0.0,0.0,-0.003333333181217313,1,-0.003333333181217313
,academy_3_vs_1_with_keeper,123,collect_rollout,4591,0,68,0.18780841655097902,False,False,0.0,0.0,0,0,0,0.0,0.0,0.0,0.0,0.18780841655097902,1,0.18780841655097902
,academy_3_vs_1_with_keeper,123,collect_rollout,4592,0,31,2.1406150293478277,False,False,0.0,0.0,0,0,0,0.0,0.0,0.0,0.0,2.1406150293478277,1,2.1406150293478277
,academy_3_vs_1_with_keeper,123,collect_rollout,4593,0,71,-0.01457203971222043,False,False,0.0,0.0,0,0,0,0.0,0.0,0.0,0.0,-0.01457203971222043,1,-0.01457203971222043
,academy_3_vs_1_with_keeper,123,collect_rollout,4594,0,23,0.0,False,False,0.0,0.0,0,0,0,0.0,0.0,0.0,0.0,0.0,1,0.0
,academy_3_vs_1_with_keeper,123,collect_rollout,4595,0,94,0.09725589241134003,False,False,0.0,0.0,0,0,0,0.0,0.0,0.0,0.0,0.09725589241134003,1,0.09725589241134003
,academy_3_vs_1_with_keeper,123,collect_rollout,4596,0,19,0.0,False,False,0.0,0.0,0,0,0,0.0,0.0,0.0,0.0,0.0,1,0.0
,academy_3_vs_1_with_keeper,123,collect_rollout,4597,0,88,0.12719653057865798,False,False,0.0,0.0,0,0,0,0.0,0.0,0.0,0.0,0.12719653057865798,1,0.12719653057865798
,academy_3_vs_1_with_keeper,123,collect_rollout,4598,0,20,0.0,False,False,0.0,0.0,0,0,0,0.0,0.0,0.0,0.0,0.0,1,0.0
,academy_3_vs_1_with_keeper,123,collect_rollout,4599,0,19,0.0,False,False,0.0,0.0,0,0,0,0.0,0.0,0.0,0.0,0.0,1,0.0
,academy_3_vs_1_with_keeper,123,collect_rollout,4600,0,56,0.12252719613024965,False,False,0.0,0.0,0,0,0,0.0,0.0,0.0,0.0,0.12252719613024965,1,0.12252719613024965
,academy_3_vs_1_with_keeper,123,collect_rollout,4601,0,31,2.1150291889498476,False,False,0.0,0.0,0,0,0,0.0,0.0,0.0,0.0,2.1150291889498476,1,2.1150291889498476
,academy_3_vs_1_with_keeper,123,collect_rollout,4602,0,12,0.021532527258386835,False,False,0.0,0.0,0,0,0,0.0,0.0,0.0,0.0,0.021532527258386835,1,0.021532527258386835
,academy_3_vs_1_with_keeper,123,collect_rollout,4603,0,21,0.0,False,False,0.0,0.0,0,0,0,0.0,0.0,0.0,0.0,0.0,1,0.0
,academy_3_vs_1_with_keeper,123,collect_rollout,4604,0,18,-0.003333333181217313,False,False,0.0,0.0,0,0,0,0.0,0.0,0.0,0.0,-0.003333333181217313,1,-0.003333333181217313
,academy_3_vs_1_with_keeper,123,collect_rollout,4605,0,28,2.1329130434896797,False,False,0.0,0.0,0,0,0,0.0,0.0,0.0,0.0,2.1329130434896797,1,2.1329130434896797
,academy_3_vs_1_with_keeper,123,collect_rollout,4606,0,47,-0.012842147960327566,False,False,0.0,0.0,0,0,0,0.0,0.0,0.0,0.0,-0.012842147960327566,1,-0.012842147960327566
,academy_3_vs_1_with_keeper,123,collect_rollout,4607,0,18,-0.0005129381315782666,False,False,0.0,0.0,0,0,0,0.0,0.0,0.0,0.0,-0.0005129381315782666,1,-0.0005129381315782666
,academy_3_vs_1_with_keeper,123,collect_rollout,4608,0,35,2.129272998892702,False,False,0.0,0.0,0,0,0,0.0,0.0,0.0,0.0,2.129272998892702,1,2.129272998892702
,academy_3_vs_1_with_keeper,123,collect_rollout,4609,0,11,0.03649061475880444,False,False,0.0,0.0,0,0,0,0.0,0.0,0.0,0.0,0.03649061475880444,1,0.03649061475880444
,academy_3_vs_1_with_keeper,123,collect_rollout,4610,0,17,-0.009999999543651938,False,False,0.0,0.0,0,0,0,0.0,0.0,0.0,0.0,-0.009999999543651938,1,-0.009999999543651938
,academy_3_vs_1_with_keeper,123,collect_rollout,4611,0,18,-0.003333333181217313,False,False,0.0,0.0,0,0,0,0.0,0.0,0.0,0.0,-0.003333333181217313,1,-0.003333333181217313
,academy_3_vs_1_with_keeper,123,collect_rollout,4612,0,16,-0.003333333181217313,False,False,0.0,0.0,0,0,0,0.0,0.0,0.0,0.0,-0.003333333181217313,1,-0.003333333181217313
,academy_3_vs_1_with_keeper,123,collect_rollout,4613,0,33,2.1189996576867998,False,False,0.0,0.0,0,0,0,0.0,0.0,0.0,0.0,2.1189996576867998,1,2.1189996576867998
,academy_3_vs_1_with_keeper,123,collect_rollout,4614,0,45,0.12954218941740692,False,False,0.0,0.0,0,0,0,0.0,0.0,0.0,0.0,0.12954218941740692,1,0.12954218941740692
,academy_3_vs_1_with_keeper,123,collect_rollout,4615,0,15,0.0,False,False,0.0,0.0,0,0,0,0.0,0.0,0.0,0.0,0.0,1,0.0
,academy_3_vs_1_with_keeper,123,collect_rollout,4616,0,16,0.0,False,False,0.0,0.0,0,0,0,0.0,0.0,0.0,0.0,0.0,1,0.0
,academy_3_vs_1_with_keeper,123,collect_rollout,4617,0,74,-0.2139603823889047,False,False,0.0,0.0,0,0,0,0.0,0.0,0.0,0.0,-0.2139603823889047,1,-0.2139603823889047
,academy_3_vs_1_with_keeper,123,collect_rollout,4618,0,50,0.1302491565584205,False,False,0.0,0.0,0,0,0,0.0,0.0,0.0,0.0,0.1302491565584205,1,0.1302491565584205
,academy_3_vs_1_with_keeper,123,collect_rollout,4619,0,32,2.1461421630810946,False,False,0.0,0.0,0,0,0,0.0,0.0,0.0,0.0,2.1461421630810946,1,2.1461421630810946
,academy_3_vs_1_with_keeper,123,collect_rollout,4620,0,19,0.0,False,False,0.0,0.0,0,0,0,0.0,0.0,0.0,0.0,0.0,1,0.0
,academy_3_vs_1_with_keeper,123,collect_rollout,4621,0,18,0.0,False,False,0.0,0.0,0,0,0,0.0,0.0,0.0,0.0,0.0,1,0.0
,academy_3_vs_1_with_keeper,123,collect_rollout,4622,0,53,-0.03716924402397126,False,False,0.0,0.0,0,0,0,0.0,0.0,0.0,0.0,-0.03716924402397126,1,-0.03716924402397126
,academy_3_vs_1_with_keeper,123,collect_rollout,4623,0,19,-0.003333333181217313,False,False,0.0,0.0,0,0,0,0.0,0.0,0.0,0.0,-0.003333333181217313,1,-0.003333333181217313
,academy_3_vs_1_with_keeper,123,collect_rollout,4624,0,103,-0.2051041137892753,False,False,0.0,0.0,0,0,0,0.0,0.0,0.0,0.0,-0.2051041137892753,1,-0.2051041137892753
,academy_3_vs_1_with_keeper,123,collect_rollout,4625,0,21,-0.009999999543651938,False,False,0.0,0.0,0,0,0,0.0,0.0,0.0,0.0,-0.009999999543651938,1,-0.009999999543651938
,academy_3_vs_1_with_keeper,123,collect_rollout,4626,0,20,0.0,False,False,0.0,0.0,0,0,0,0.0,0.0,0.0,0.0,0.0,1,0.0
,academy_3_vs_1_with_keeper,123,collect_rollout,4627,0,15,-0.003333333181217313,False,False,0.0,0.0,0,0,0,0.0,0.0,0.0,0.0,-0.003333333181217313,1,-0.003333333181217313
,academy_3_vs_1_with_keeper,123,collect_rollout,4628,0,24,-0.006666666362434626,False,False,0.0,0.0,0,0,0,0.0,0.0,0.0,0.0,-0.006666666362434626,1,-0.006666666362434626
,academy_3_vs_1_with_keeper,123,collect_rollout,4629,0,146,-0.026666665449738503,False,False,0.0,0.0,0,0,0,0.0,0.0,0.0,0.0,-0.026666665449738503,1,-0.026666665449738503
,academy_3_vs_1_with_keeper,123,collect_rollout,4630,0,20,-0.003333333181217313,False,False,0.0,0.0,0,0,0,0.0,0.0,0.0,0.0,-0.003333333181217313,1,-0.003333333181217313
,academy_3_vs_1_with_keeper,123,collect_rollout,4631,0,20,-0.003333333181217313,False,False,0.0,0.0,0,0,0,0.0,0.0,0.0,0.0,-0.003333333181217313,1,-0.003333333181217313
,academy_3_vs_1_with_keeper,123,collect_rollout,4632,0,19,0.0,False,False,0.0,0.0,0,0,0,0.0,0.0,0.0,0.0,0.0,1,0.0
,academy_3_vs_1_with_keeper,123,collect_rollout,4633,0,17,-0.006666666362434626,False,False,0.0,0.0,0,0,0,0.0,0.0,0.0,0.0,-0.006666666362434626,1,-0.006666666362434626
,academy_3_vs_1_with_keeper,123,collect_rollout,4634,0,31,2.143169499700889,False,False,0.0,0.0,0,0,0,0.0,0.0,0.0,0.0,2.143169499700889,1,2.143169499700889
,academy_3_vs_1_with_keeper,123,collect_rollout,4635,0,17,0.0,False,False,0.0,0.0,0,0,0,0.0,0.0,0.0,0.0,0.0,1,0.0
,academy_3_vs_1_with_keeper,123,collect_rollout,4636,0,20,-0.006666666362434626,False,False,0.0,0.0,0,0,0,0.0,0.0,0.0,0.0,-0.006666666362434626,1,-0.006666666362434626
,academy_3_vs_1_with_keeper,123,collect_rollout,4637,0,82,-0.07298519415780902,False,False,0.0,0.0,0,0,0,0.0,0.0,0.0,0.0,-0.07298519415780902,1,-0.07298519415780902
,academy_3_vs_1_with_keeper,123,collect_rollout,4638,0,18,-0.003333333181217313,False,False,0.0,0.0,0,0,0,0.0,0.0,0.0,0.0,-0.003333333181217313,1,-0.003333333181217313
,academy_3_vs_1_with_keeper,123,collect_rollout,4639,0,36,2.1250494715641253,False,False,0.0,0.0,0,0,0,0.0,0.0,0.0,0.0,2.1250494715641253,1,2.1250494715641253
,academy_3_vs_1_with_keeper,123,collect_rollout,4640,0,74,-0.06378449685871601,False,False,0.0,0.0,0,0,0,0.0,0.0,0.0,0.0,-0.06378449685871601,1,-0.06378449685871601
,academy_3_vs_1_with_keeper,123,collect_rollout,4641,0,13,0.0,False,False,0.0,0.0,0,0,0,0.0,0.0,0.0,0.0,0.0,1,0.0
,academy_3_vs_1_with_keeper,123,collect_rollout,4642,0,23,0.0,False,False,0.0,0.0,0,0,0,0.0,0.0,0.0,0.0,0.0,1,0.0
,academy_3_vs_1_with_keeper,123,collect_rollout,4643,0,32,2.1473590036621317,False,False,0.0,0.0,0,0,0,0.0,0.0,0.0,0.0,2.1473590036621317,1,2.1473590036621317
,academy_3_vs_1_with_keeper,123,collect_rollout,4644,0,18,0.0,False,False,0.0,0.0,0,0,0,0.0,0.0,0.0,0.0,0.0,1,0.0
,academy_3_vs_1_with_keeper,123,collect_rollout,4645,0,19,0.0,False,False,0.0,0.0,0,0,0,0.0,0.0,0.0,0.0,0.0,1,0.0
,academy_3_vs_1_with_keeper,123,collect_rollout,4646,0,16,0.0,False,False,0.0,0.0,0,0,0,0.0,0.0,0.0,0.0,0.0,1,0.0
,academy_3_vs_1_with_keeper,123,collect_rollout,4647,0,16,0.023537516710348427,False,False,0.0,0.0,0,0,0,0.0,0.0,0.0,0.0,0.023537516710348427,1,0.023537516710348427
,academy_3_vs_1_with_keeper,123,collect_rollout,4648,0,18,0.0,False,False,0.0,0.0,0,0,0,0.0,0.0,0.0,0.0,0.0,1,0.0
,academy_3_vs_1_with_keeper,123,collect_rollout,4649,0,17,-0.003333333181217313,False,False,0.0,0.0,0,0,0,0.0,0.0,0.0,0.0,-0.003333333181217313,1,-0.003333333181217313
,academy_3_vs_1_with_keeper,123,collect_rollout,4650,0,16,-0.003333333181217313,False,False,0.0,0.0,0,0,0,0.0,0.0,0.0,0.0,-0.003333333181217313,1,-0.003333333181217313
,academy_3_vs_1_with_keeper,123,collect_rollout,4651,0,21,0.0,False,False,0.0,0.0,0,0,0,0.0,0.0,0.0,0.0,0.0,1,0.0
,academy_3_vs_1_with_keeper,123,collect_rollout,4652,0,19,0.0,False,False,0.0,0.0,0,0,0,0.0,0.0,0.0,0.0,0.0,1,0.0
,academy_3_vs_1_with_keeper,123,collect_rollout,4653,0,15,0.0,False,False,0.0,0.0,0,0,0,0.0,0.0,0.0,0.0,0.0,1,0.0
,academy_3_vs_1_with_keeper,123,collect_rollout,4654,0,17,-0.003333333181217313,False,False,0.0,0.0,0,0,0,0.0,0.0,0.0,0.0,-0.003333333181217313,1,-0.003333333181217313
,academy_3_vs_1_with_keeper,123,collect_rollout,4655,0,20,-0.009999999543651938,False,False,0.0,0.0,0,0,0,0.0,0.0,0.0,0.0,-0.009999999543651938,1,-0.009999999543651938
,academy_3_vs_1_with_keeper,123,collect_rollout,4656,0,32,2.12860541138798,False,False,0.0,0.0,0,0,0,0.0,0.0,0.0,0.0,2.12860541138798,1,2.12860541138798
,academy_3_vs_1_with_keeper,123,collect_rollout,4657,0,18,0.0,False,False,0.0,0.0,0,0,0,0.0,0.0,0.0,0.0,0.0,1,0.0
,academy_3_vs_1_with_keeper,123,collect_rollout,4658,0,13,0.020791366579942405,False,False,0.0,0.0,0,0,0,0.0,0.0,0.0,0.0,0.020791366579942405,1,0.020791366579942405
,academy_3_vs_1_with_keeper,123,collect_rollout,4659,0,18,-0.006666666362434626,False,False,0.0,0.0,0,0,0,0.0,0.0,0.0,0.0,-0.006666666362434626,1,-0.006666666362434626
,academy_3_vs_1_with_keeper,123,collect_rollout,4660,0,42,2.107400600449182,False,False,0.0,0.0,0,0,0,0.0,0.0,0.0,0.0,2.107400600449182,1,2.107400600449182
,academy_3_vs_1_with_keeper,123,collect_rollout,4661,0,33,2.114629016374238,False,False,0.0,0.0,0,0,0,0.0,0.0,0.0,0.0,2.114629016374238,1,2.114629016374238
,academy_3_vs_1_with_keeper,123,collect_rollout,4662,0,23,-0.009999999543651938,False,False,0.0,0.0,0,0,0,0.0,0.0,0.0,0.0,-0.009999999543651938,1,-0.009999999543651938
,academy_3_vs_1_with_keeper,123,collect_rollout,4663,0,20,0.0,False,False,0.0,0.0,0,0,0,0.0,0.0,0.0,0.0,0.0,1,0.0
,academy_3_vs_1_with_keeper,123,collect_rollout,4664,0,18,-0.003333333181217313,False,False,0.0,0.0,0,0,0,0.0,0.0,0.0,0.0,-0.003333333181217313,1,-0.003333333181217313
,academy_3_vs_1_with_keeper,123,collect_rollout,4665,0,30,2.140054629649967,False,False,0.0,0.0,0,0,0,0.0,0.0,0.0,0.0,2.140054629649967,1,2.140054629649967
,academy_3_vs_1_with_keeper,123,collect_rollout,4666,0,20,0.0,False,False,0.0,0.0,0,0,0,0.0,0.0,0.0,0.0,0.0,1,0.0
,academy_3_vs_1_with_keeper,123,collect_rollout,4667,0,18,0.0,False,False,0.0,0.0,0,0,0,0.0,0.0,0.0,0.0,0.0,1,0.0
,academy_3_vs_1_with_keeper,123,collect_rollout,4668,0,15,-0.006666666362434626,False,False,0.0,0.0,0,0,0,0.0,0.0,0.0,0.0,-0.006666666362434626,1,-0.006666666362434626
,academy_3_vs_1_with_keeper,123,collect_rollout,4669,0,18,-0.003333333181217313,False,False,0.0,0.0,0,0,0,0.0,0.0,0.0,0.0,-0.003333333181217313,1,-0.003333333181217313
,academy_3_vs_1_with_keeper,123,collect_rollout,4670,0,31,2.1185843324055895,False,False,0.0,0.0,0,0,0,0.0,0.0,0.0,0.0,2.1185843324055895,1,2.1185843324055895
,academy_3_vs_1_with_keeper,123,collect_rollout,4671,0,18,-0.006666666362434626,False,False,0.0,0.0,0,0,0,0.0,0.0,0.0,0.0,-0.006666666362434626,1,-0.006666666362434626
,academy_3_vs_1_with_keeper,123,collect_rollout,4672,0,29,2.1202205281006172,False,False,0.0,0.0,0,0,0,0.0,0.0,0.0,0.0,2.1202205281006172,1,2.1202205281006172
,academy_3_vs_1_with_keeper,123,collect_rollout,4673,0,14,0.02668357582297176,False,False,0.0,0.0,0,0,0,0.0,0.0,0.0,0.0,0.02668357582297176,1,0.02668357582297176
,academy_3_vs_1_with_keeper,123,collect_rollout,4674,0,17,-0.003333333181217313,False,False,0.0,0.0,0,0,0,0.0,0.0,0.0,0.0,-0.003333333181217313,1,-0.003333333181217313
,academy_3_vs_1_with_keeper,123,collect_rollout,4675,0,21,-0.003333333181217313,False,False,0.0,0.0,0,0,0,0.0,0.0,0.0,0.0,-0.003333333181217313,1,-0.003333333181217313
,academy_3_vs_1_with_keeper,123,collect_rollout,4676,0,19,0.0,False,False,0.0,0.0,0,0,0,0.0,0.0,0.0,0.0,0.0,1,0.0
,academy_3_vs_1_with_keeper,123,collect_rollout,4677,0,13,0.02934887050651014,False,False,0.0,0.0,0,0,0,0.0,0.0,0.0,0.0,0.02934887050651014,1,0.02934887050651014
,academy_3_vs_1_with_keeper,123,collect_rollout,4678,0,20,-0.006666666362434626,False,False,0.0,0.0,0,0,0,0.0,0.0,0.0,0.0,-0.006666666362434626,1,-0.006666666362434626
,academy_3_vs_1_with_keeper,123,collect_rollout,4679,0,19,-0.003333333181217313,False,False,0.0,0.0,0,0,0,0.0,0.0,0.0,0.0,-0.003333333181217313,1,-0.003333333181217313
,academy_3_vs_1_with_keeper,123,collect_rollout,4680,0,32,2.1487794431159273,False,False,0.0,0.0,0,0,0,0.0,0.0,0.0,0.0,2.1487794431159273,1,2.1487794431159273
,academy_3_vs_1_with_keeper,123,collect_rollout,4681,0,39,2.1055701468139887,False,False,0.0,0.0,0,0,0,0.0,0.0,0.0,0.0,2.1055701468139887,1,2.1055701468139887
,academy_3_vs_1_with_keeper,123,collect_rollout,4682,0,25,0.11023945023771375,False,False,0.0,0.0,0,0,0,0.0,0.0,0.0,0.0,0.11023945023771375,1,0.11023945023771375
,academy_3_vs_1_with_keeper,123,collect_rollout,4683,0,16,-0.006666666362434626,False,False,0.0,0.0,0,0,0,0.0,0.0,0.0,0.0,-0.006666666362434626,1,-0.006666666362434626
,academy_3_vs_1_with_keeper,123,collect_rollout,4684,0,11,0.027712486451491714,False,False,0.0,0.0,0,0,0,0.0,0.0,0.0,0.0,0.027712486451491714,1,0.027712486451491714
,academy_3_vs_1_with_keeper,123,collect_rollout,4685,0,39,2.1229383882600814,False,False,0.0,0.0,0,0,0,0.0,0.0,0.0,0.0,2.1229383882600814,1,2.1229383882600814
,academy_3_vs_1_with_keeper,123,collect_rollout,4686,0,20,-0.003333333181217313,False,False,0.0,0.0,0,0,0,0.0,0.0,0.0,0.0,-0.003333333181217313,1,-0.003333333181217313
,academy_3_vs_1_with_keeper,123,collect_rollout,4687,0,21,-0.003333333181217313,False,False,0.0,0.0,0,0,0,0.0,0.0,0.0,0.0,-0.003333333181217313,1,-0.003333333181217313
,academy_3_vs_1_with_keeper,123,collect_rollout,4688,0,44,0.2459430453600362,False,False,0.0,0.0,0,0,0,0.0,0.0,0.0,0.0,0.2459430453600362,1,0.2459430453600362
,academy_3_vs_1_with_keeper,123,collect_rollout,4689,0,19,0.0,False,False,0.0,0.0,0,0,0,0.0,0.0,0.0,0.0,0.0,1,0.0
,academy_3_vs_1_with_keeper,123,collect_rollout,4690,0,11,0.03853709646500647,False,False,0.0,0.0,0,0,0,0.0,0.0,0.0,0.0,0.03853709646500647,1,0.03853709646500647
,academy_3_vs_1_with_keeper,123,collect_rollout,4691,0,16,-0.003333333181217313,False,False,0.0,0.0,0,0,0,0.0,0.0,0.0,0.0,-0.003333333181217313,1,-0.003333333181217313
,academy_3_vs_1_with_keeper,123,collect_rollout,4692,0,16,0.00481556705199182,False,False,0.0,0.0,0,0,0,0.0,0.0,0.0,0.0,0.00481556705199182,1,0.00481556705199182
,academy_3_vs_1_with_keeper,123,collect_rollout,4693,0,13,0.023037523147650063,False,False,0.0,0.0,0,0,0,0.0,0.0,0.0,0.0,0.023037523147650063,1,0.023037523147650063
,academy_3_vs_1_with_keeper,123,collect_rollout,4694,0,21,2.1364883289206773,False,False,0.0,0.0,0,0,0,0.0,0.0,0.0,0.0,2.1364883289206773,1,2.1364883289206773
,academy_3_vs_1_with_keeper,123,collect_rollout,4695,0,17,0.0,False,False,0.0,0.0,0,0,0,0.0,0.0,0.0,0.0,0.0,1,0.0
,academy_3_vs_1_with_keeper,123,collect_rollout,4696,0,41,2.0623723019380122,False,False,0.0,0.0,0,0,0,0.0,0.0,0.0,0.0,2.0623723019380122,1,2.0623723019380122
,academy_3_vs_1_with_keeper,123,collect_rollout,4697,0,19,-0.003333333181217313,False,False,0.0,0.0,0,0,0,0.0,0.0,0.0,0.0,-0.003333333181217313,1,-0.003333333181217313
,academy_3_vs_1_with_keeper,123,collect_rollout,4698,0,7,0.03731228178367019,False,False,0.0,0.0,0,0,0,0.0,0.0,0.0,0.0,0.03731228178367019,1,0.03731228178367019
,academy_3_vs_1_with_keeper,123,collect_rollout,4699,0,34,2.1625489733414724,False,False,0.0,0.0,0,0,0,0.0,0.0,0.0,0.0,2.1625489733414724,1,2.1625489733414724
,academy_3_vs_1_with_keeper,123,collect_rollout,4700,0,19,0.0,False,False,0.0,0.0,0,0,0,0.0,0.0,0.0,0.0,0.0,1,0.0
,academy_3_vs_1_with_keeper,123,collect_rollout,4701,0,23,-0.003333333181217313,False,False,0.0,0.0,0,0,0,0.0,0.0,0.0,0.0,-0.003333333181217313,1,-0.003333333181217313
,academy_3_vs_1_with_keeper,123,collect_rollout,4702,0,53,-0.03333333181217313,False,False,0.0,0.0,0,0,0,0.0,0.0,0.0,0.0,-0.03333333181217313,1,-0.03333333181217313
,academy_3_vs_1_with_keeper,123,collect_rollout,4703,0,23,-0.003333333181217313,False,False,0.0,0.0,0,0,0,0.0,0.0,0.0,0.0,-0.003333333181217313,1,-0.003333333181217313
,academy_3_vs_1_with_keeper,123,collect_rollout,4704,0,18,0.0,False,False,0.0,0.0,0,0,0,0.0,0.0,0.0,0.0,0.0,1,0.0
,academy_3_vs_1_with_keeper,123,collect_rollout,4705,0,18,-0.003333333181217313,False,False,0.0,0.0,0,0,0,0.0,0.0,0.0,0.0,-0.003333333181217313,1,-0.003333333181217313
,academy_3_vs_1_with_keeper,123,collect_rollout,4706,0,24,2.1488353670574725,False,False,0.0,0.0,0,0,0,0.0,0.0,0.0,0.0,2.1488353670574725,1,2.1488353670574725
,academy_3_vs_1_with_keeper,123,collect_rollout,4707,0,17,0.0,False,False,0.0,0.0,0,0,0,0.0,0.0,0.0,0.0,0.0,1,0.0
,academy_3_vs_1_with_keeper,123,collect_rollout,4708,0,50,0.12135297083295882,False,False,0.0,0.0,0,0,0,0.0,0.0,0.0,0.0,0.12135297083295882,1,0.12135297083295882
,academy_3_vs_1_with_keeper,123,collect_rollout,4709,0,19,-0.003333333181217313,False,False,0.0,0.0,0,0,0,0.0,0.0,0.0,0.0,-0.003333333181217313,1,-0.003333333181217313
,academy_3_vs_1_with_keeper,123,collect_rollout,4710,0,21,0.0,False,False,0.0,0.0,0,0,0,0.0,0.0,0.0,0.0,0.0,1,0.0
,academy_3_vs_1_with_keeper,123,collect_rollout,4711,0,19,-0.003333333181217313,False,False,0.0,0.0,0,0,0,0.0,0.0,0.0,0.0,-0.003333333181217313,1,-0.003333333181217313
,academy_3_vs_1_with_keeper,123,collect_rollout,4712,0,22,-0.003333333181217313,False,False,0.0,0.0,0,0,0,0.0,0.0,0.0,0.0,-0.003333333181217313,1,-0.003333333181217313
,academy_3_vs_1_with_keeper,123,collect_rollout,4713,0,16,-0.003333333181217313,False,False,0.0,0.0,0,0,0,0.0,0.0,0.0,0.0,-0.003333333181217313,1,-0.003333333181217313
,academy_3_vs_1_with_keeper,123,collect_rollout,4714,0,17,-0.003333333181217313,False,False,0.0,0.0,0,0,0,0.0,0.0,0.0,0.0,-0.003333333181217313,1,-0.003333333181217313
,academy_3_vs_1_with_keeper,123,collect_rollout,4715,0,19,0.0,False,False,0.0,0.0,0,0,0,0.0,0.0,0.0,0.0,0.0,1,0.0
,academy_3_vs_1_with_keeper,123,collect_rollout,4716,0,18,-0.003333333181217313,False,False,0.0,0.0,0,0,0,0.0,0.0,0.0,0.0,-0.003333333181217313,1,-0.003333333181217313
,academy_3_vs_1_with_keeper,123,collect_rollout,4717,0,22,0.0,False,False,0.0,0.0,0,0,0,0.0,0.0,0.0,0.0,0.0,1,0.0
,academy_3_vs_1_with_keeper,123,collect_rollout,4718,0,71,-0.040896418620832264,False,False,0.0,0.0,0,0,0,0.0,0.0,0.0,0.0,-0.040896418620832264,1,-0.040896418620832264
,academy_3_vs_1_with_keeper,123,collect_rollout,4719,0,16,0.0,False,False,0.0,0.0,0,0,0,0.0,0.0,0.0,0.0,0.0,1,0.0
,academy_3_vs_1_with_keeper,123,collect_rollout,4720,0,17,0.0,False,False,0.0,0.0,0,0,0,0.0,0.0,0.0,0.0,0.0,1,0.0
,academy_3_vs_1_with_keeper,123,collect_rollout,4721,0,9,0.03547067672479898,False,False,0.0,0.0,0,0,0,0.0,0.0,0.0,0.0,0.03547067672479898,1,0.03547067672479898
,academy_3_vs_1_with_keeper,123,collect_rollout,4722,0,79,0.020704256661701947,False,False,0.0,0.0,0,0,0,0.0,0.0,0.0,0.0,0.020704256661701947,1,0.020704256661701947
,academy_3_vs_1_with_keeper,123,collect_rollout,4723,0,19,-0.006666666362434626,False,False,0.0,0.0,0,0,0,0.0,0.0,0.0,0.0,-0.006666666362434626,1,-0.006666666362434626
,academy_3_vs_1_with_keeper,123,collect_rollout,4724,0,7,0.0358534527476877,False,False,0.0,0.0,0,0,0,0.0,0.0,0.0,0.0,0.0358534527476877,1,0.0358534527476877
,academy_3_vs_1_with_keeper,123,collect_rollout,4725,0,15,-0.003333333181217313,False,False,0.0,0.0,0,0,0,0.0,0.0,0.0,0.0,-0.003333333181217313,1,-0.003333333181217313
,academy_3_vs_1_with_keeper,123,collect_rollout,4726,0,18,0.0,False,False,0.0,0.0,0,0,0,0.0,0.0,0.0,0.0,0.0,1,0.0
,academy_3_vs_1_with_keeper,123,collect_rollout,4727,0,31,2.117599771008827,False,False,0.0,0.0,0,0,0,0.0,0.0,0.0,0.0,2.117599771008827,1,2.117599771008827
,academy_3_vs_1_with_keeper,123,collect_rollout,4728,0,20,0.0,False,False,0.0,0.0,0,0,0,0.0,0.0,0.0,0.0,0.0,1,0.0
,academy_3_vs_1_with_keeper,123,collect_rollout,4729,0,29,0.1182037933031097,False,False,0.0,0.0,0,0,0,0.0,0.0,0.0,0.0,0.1182037933031097,1,0.1182037933031097
,academy_3_vs_1_with_keeper,123,collect_rollout,4730,0,36,2.0949648780515417,False,False,0.0,0.0,0,0,0,0.0,0.0,0.0,0.0,2.0949648780515417,1,2.0949648780515417
,academy_3_vs_1_with_keeper,123,collect_rollout,4731,0,46,2.144465785007924,False,False,0.0,0.0,0,0,0,0.0,0.0,0.0,0.0,2.144465785007924,1,2.144465785007924
,academy_3_vs_1_with_keeper,123,collect_rollout,4732,0,21,-0.003333333181217313,False,False,0.0,0.0,0,0,0,0.0,0.0,0.0,0.0,-0.003333333181217313,1,-0.003333333181217313
,academy_3_vs_1_with_keeper,123,collect_rollout,4733,0,17,-0.006666666362434626,False,False,0.0,0.0,0,0,0,0.0,0.0,0.0,0.0,-0.006666666362434626,1,-0.006666666362434626
,academy_3_vs_1_with_keeper,123,collect_rollout,4734,0,16,-0.003333333181217313,False,False,0.0,0.0,0,0,0,0.0,0.0,0.0,0.0,-0.003333333181217313,1,-0.003333333181217313
,academy_3_vs_1_with_keeper,123,collect_rollout,4735,0,47,0.12106818350730464,False,False,0.0,0.0,0,0,0,0.0,0.0,0.0,0.0,0.12106818350730464,1,0.12106818350730464
,academy_3_vs_1_with_keeper,123,collect_rollout,4736,0,19,-0.006666666362434626,False,False,0.0,0.0,0,0,0,0.0,0.0,0.0,0.0,-0.006666666362434626,1,-0.006666666362434626
,academy_3_vs_1_with_keeper,123,collect_rollout,4737,0,19,0.0,False,False,0.0,0.0,0,0,0,0.0,0.0,0.0,0.0,0.0,1,0.0
,academy_3_vs_1_with_keeper,123,collect_rollout,4738,0,16,-0.003333333181217313,False,False,0.0,0.0,0,0,0,0.0,0.0,0.0,0.0,-0.003333333181217313,1,-0.003333333181217313
,academy_3_vs_1_with_keeper,123,collect_rollout,4739,0,15,-0.003333333181217313,False,False,0.0,0.0,0,0,0,0.0,0.0,0.0,0.0,-0.003333333181217313,1,-0.003333333181217313
,academy_3_vs_1_with_keeper,123,collect_rollout,4740,0,83,-0.2136543894885108,False,False,0.0,0.0,0,0,0,0.0,0.0,0.0,0.0,-0.2136543894885108,1,-0.2136543894885108
,academy_3_vs_1_with_keeper,123,collect_rollout,4741,0,91,0.08931523445062339,False,False,0.0,0.0,0,0,0,0.0,0.0,0.0,0.0,0.08931523445062339,1,0.08931523445062339
,academy_3_vs_1_with_keeper,123,collect_rollout,4742,0,23,-0.003333333181217313,False,False,0.0,0.0,0,0,0,0.0,0.0,0.0,0.0,-0.003333333181217313,1,-0.003333333181217313
,academy_3_vs_1_with_keeper,123,collect_rollout,4743,0,17,-0.003333333181217313,False,False,0.0,0.0,0,0,0,0.0,0.0,0.0,0.0,-0.003333333181217313,1,-0.003333333181217313
,academy_3_vs_1_with_keeper,123,collect_rollout,4744,0,21,-0.006666666362434626,False,False,0.0,0.0,0,0,0,0.0,0.0,0.0,0.0,-0.006666666362434626,1,-0.006666666362434626
,academy_3_vs_1_with_keeper,123,collect_rollout,4745,0,22,0.0,False,False,0.0,0.0,0,0,0,0.0,0.0,0.0,0.0,0.0,1,0.0
,academy_3_vs_1_with_keeper,123,collect_rollout,4746,0,13,-0.003333333181217313,False,False,0.0,0.0,0,0,0,0.0,0.0,0.0,0.0,-0.003333333181217313,1,-0.003333333181217313
,academy_3_vs_1_with_keeper,123,collect_rollout,4747,0,29,2.1272210224997252,False,False,0.0,0.0,0,0,0,0.0,0.0,0.0,0.0,2.1272210224997252,1,2.1272210224997252
,academy_3_vs_1_with_keeper,123,collect_rollout,4748,0,17,0.0,False,False,0.0,0.0,0,0,0,0.0,0.0,0.0,0.0,0.0,1,0.0
,academy_3_vs_1_with_keeper,123,collect_rollout,4749,0,16,0.0,False,False,0.0,0.0,0,0,0,0.0,0.0,0.0,0.0,0.0,1,0.0
,academy_3_vs_1_with_keeper,123,collect_rollout,4750,0,79,0.2743272426305339,False,False,0.0,0.0,0,0,0,0.0,0.0,0.0,0.0,0.2743272426305339,1,0.2743272426305339
,academy_3_vs_1_with_keeper,123,collect_rollout,4751,0,21,-0.003333333181217313,False,False,0.0,0.0,0,0,0,0.0,0.0,0.0,0.0,-0.003333333181217313,1,-0.003333333181217313
,academy_3_vs_1_with_keeper,123,collect_rollout,4752,0,19,0.0,False,False,0.0,0.0,0,0,0,0.0,0.0,0.0,0.0,0.0,1,0.0
,academy_3_vs_1_with_keeper,123,collect_rollout,4753,0,21,0.0,False,False,0.0,0.0,0,0,0,0.0,0.0,0.0,0.0,0.0,1,0.0
,academy_3_vs_1_with_keeper,123,collect_rollout,4754,0,17,0.0,False,False,0.0,0.0,0,0,0,0.0,0.0,0.0,0.0,0.0,1,0.0
,academy_3_vs_1_with_keeper,123,collect_rollout,4755,0,35,2.1026954097906128,False,False,0.0,0.0,0,0,0,0.0,0.0,0.0,0.0,2.1026954097906128,1,2.1026954097906128
,academy_3_vs_1_with_keeper,123,collect_rollout,4756,0,5,0.03726940834894776,False,False,0.0,0.0,0,0,0,0.0,0.0,0.0,0.0,0.03726940834894776,1,0.03726940834894776
,academy_3_vs_1_with_keeper,123,collect_rollout,4757,0,18,0.0,False,False,0.0,0.0,0,0,0,0.0,0.0,0.0,0.0,0.0,1,0.0
,academy_3_vs_1_with_keeper,123,collect_rollout,4758,0,43,0.08344461675733328,False,False,0.0,0.0,0,0,0,0.0,0.0,0.0,0.0,0.08344461675733328,1,0.08344461675733328
,academy_3_vs_1_with_keeper,123,collect_rollout,4759,0,18,-0.003333333181217313,False,False,0.0,0.0,0,0,0,0.0,0.0,0.0,0.0,-0.003333333181217313,1,-0.003333333181217313
,academy_3_vs_1_with_keeper,123,collect_rollout,4760,0,22,-0.006666666362434626,False,False,0.0,0.0,0,0,0,0.0,0.0,0.0,0.0,-0.006666666362434626,1,-0.006666666362434626
,academy_3_vs_1_with_keeper,123,collect_rollout,4761,0,87,0.05088392583274981,False,False,0.0,0.0,0,0,0,0.0,0.0,0.0,0.0,0.05088392583274981,1,0.05088392583274981
,academy_3_vs_1_with_keeper,123,collect_rollout,4762,0,164,-0.4870482195401564,False,False,0.0,0.0,0,0,0,0.0,0.0,0.0,0.0,-0.4870482195401564,1,-0.4870482195401564
,academy_3_vs_1_with_keeper,123,collect_rollout,4763,0,18,0.0,False,False,0.0,0.0,0,0,0,0.0,0.0,0.0,0.0,0.0,1,0.0
,academy_3_vs_1_with_keeper,123,collect_rollout,4764,0,17,0.0,False,False,0.0,0.0,0,0,0,0.0,0.0,0.0,0.0,0.0,1,0.0
,academy_3_vs_1_with_keeper,123,collect_rollout,4765,0,40,2.1218226631172,False,False,0.0,0.0,0,0,0,0.0,0.0,0.0,0.0,2.1218226631172,1,2.1218226631172
,academy_3_vs_1_with_keeper,123,collect_rollout,4766,0,18,-0.013333332724869251,False,False,0.0,0.0,0,0,0,0.0,0.0,0.0,0.0,-0.013333332724869251,1,-0.013333332724869251
,academy_3_vs_1_with_keeper,123,collect_rollout,4767,0,56,2.053066091495566,False,False,0.0,0.0,0,0,0,0.0,0.0,0.0,0.0,2.053066091495566,1,2.053066091495566
,academy_3_vs_1_with_keeper,123,collect_rollout,4768,0,15,-0.003333333181217313,False,False,0.0,0.0,0,0,0,0.0,0.0,0.0,0.0,-0.003333333181217313,1,-0.003333333181217313
,academy_3_vs_1_with_keeper,123,collect_rollout,4769,0,47,2.078643482294865,False,False,0.0,0.0,0,0,0,0.0,0.0,0.0,0.0,2.078643482294865,1,2.078643482294865
,academy_3_vs_1_with_keeper,123,collect_rollout,4770,0,12,0.025960826314985752,False,False,0.0,0.0,0,0,0,0.0,0.0,0.0,0.0,0.025960826314985752,1,0.025960826314985752
,academy_3_vs_1_with_keeper,123,collect_rollout,4771,0,22,0.0,False,False,0.0,0.0,0,0,0,0.0,0.0,0.0,0.0,0.0,1,0.0
,academy_3_vs_1_with_keeper,123,collect_rollout,4772,0,20,-0.006666666362434626,False,False,0.0,0.0,0,0,0,0.0,0.0,0.0,0.0,-0.006666666362434626,1,-0.006666666362434626
,academy_3_vs_1_with_keeper,123,collect_rollout,4773,0,45,-0.0403631069639232,False,False,0.0,0.0,0,0,0,0.0,0.0,0.0,0.0,-0.0403631069639232,1,-0.0403631069639232
,academy_3_vs_1_with_keeper,123,collect_rollout,4774,0,17,-0.003333333181217313,False,False,0.0,0.0,0,0,0,0.0,0.0,0.0,0.0,-0.003333333181217313,1,-0.003333333181217313
,academy_3_vs_1_with_keeper,123,collect_rollout,4775,0,22,-0.006666666362434626,False,False,0.0,0.0,0,0,0,0.0,0.0,0.0,0.0,-0.006666666362434626,1,-0.006666666362434626
,academy_3_vs_1_with_keeper,123,collect_rollout,4776,0,20,0.0,False,False,0.0,0.0,0,0,0,0.0,0.0,0.0,0.0,0.0,1,0.0
,academy_3_vs_1_with_keeper,123,collect_rollout,4777,0,20,0.0,False,False,0.0,0.0,0,0,0,0.0,0.0,0.0,0.0,0.0,1,0.0
,academy_3_vs_1_with_keeper,123,collect_rollout,4778,0,31,0.09215463837608695,False,False,0.0,0.0,0,0,0,0.0,0.0,0.0,0.0,0.09215463837608695,1,0.09215463837608695
,academy_3_vs_1_with_keeper,123,collect_rollout,4779,0,35,2.120651959325187,False,False,0.0,0.0,0,0,0,0.0,0.0,0.0,0.0,2.120651959325187,1,2.120651959325187
,academy_3_vs_1_with_keeper,123,collect_rollout,4780,0,23,-0.003333333181217313,False,False,0.0,0.0,0,0,0,0.0,0.0,0.0,0.0,-0.003333333181217313,1,-0.003333333181217313
,academy_3_vs_1_with_keeper,123,collect_rollout,4781,0,21,-0.003333333181217313,False,False,0.0,0.0,0,0,0,0.0,0.0,0.0,0.0,-0.003333333181217313,1,-0.003333333181217313
,academy_3_vs_1_with_keeper,123,collect_rollout,4782,0,154,-0.5411394413094968,False,False,0.0,0.0,0,0,0,0.0,0.0,0.0,0.0,-0.5411394413094968,1,-0.5411394413094968
,academy_3_vs_1_with_keeper,123,collect_rollout,4783,0,22,-0.006666666362434626,False,False,0.0,0.0,0,0,0,0.0,0.0,0.0,0.0,-0.006666666362434626,1,-0.006666666362434626
,academy_3_vs_1_with_keeper,123,collect_rollout,4784,0,20,-0.006666666362434626,False,False,0.0,0.0,0,0,0,0.0,0.0,0.0,0.0,-0.006666666362434626,1,-0.006666666362434626
,academy_3_vs_1_with_keeper,123,collect_rollout,4785,0,30,2.137700437073363,False,False,0.0,0.0,0,0,0,0.0,0.0,0.0,0.0,2.137700437073363,1,2.137700437073363
,academy_3_vs_1_with_keeper,123,collect_rollout,4786,0,20,-0.003333333181217313,False,False,0.0,0.0,0,0,0,0.0,0.0,0.0,0.0,-0.003333333181217313,1,-0.003333333181217313
,academy_3_vs_1_with_keeper,123,collect_rollout,4787,0,31,2.136421792441979,False,False,0.0,0.0,0,0,0,0.0,0.0,0.0,0.0,2.136421792441979,1,2.136421792441979
,academy_3_vs_1_with_keeper,123,collect_rollout,4788,0,18,0.0,False,False,0.0,0.0,0,0,0,0.0,0.0,0.0,0.0,0.0,1,0.0
,academy_3_vs_1_with_keeper,123,collect_rollout,4789,0,20,0.0,False,False,0.0,0.0,0,0,0,0.0,0.0,0.0,0.0,0.0,1,0.0
,academy_3_vs_1_with_keeper,123,collect_rollout,4790,0,13,0.027594183455221355,False,False,0.0,0.0,0,0,0,0.0,0.0,0.0,0.0,0.027594183455221355,1,0.027594183455221355
,academy_3_vs_1_with_keeper,123,collect_rollout,4791,0,20,-0.009999999543651938,False,False,0.0,0.0,0,0,0,0.0,0.0,0.0,0.0,-0.009999999543651938,1,-0.009999999543651938
,academy_3_vs_1_with_keeper,123,collect_rollout,4792,0,39,2.1401528471615165,False,False,0.0,0.0,0,0,0,0.0,0.0,0.0,0.0,2.1401528471615165,1,2.1401528471615165
,academy_3_vs_1_with_keeper,123,collect_rollout,4793,0,21,-0.006666666362434626,False,False,0.0,0.0,0,0,0,0.0,0.0,0.0,0.0,-0.006666666362434626,1,-0.006666666362434626
,academy_3_vs_1_with_keeper,123,collect_rollout,4794,0,23,-0.006666666362434626,False,False,0.0,0.0,0,0,0,0.0,0.0,0.0,0.0,-0.006666666362434626,1,-0.006666666362434626
,academy_3_vs_1_with_keeper,123,collect_rollout,4795,0,22,-0.003333333181217313,False,False,0.0,0.0,0,0,0,0.0,0.0,0.0,0.0,-0.003333333181217313,1,-0.003333333181217313
,academy_3_vs_1_with_keeper,123,collect_rollout,4796,0,18,0.0,False,False,0.0,0.0,0,0,0,0.0,0.0,0.0,0.0,0.0,1,0.0
,academy_3_vs_1_with_keeper,123,collect_rollout,4797,0,24,-0.006666666362434626,False,False,0.0,0.0,0,0,0,0.0,0.0,0.0,0.0,-0.006666666362434626,1,-0.006666666362434626
,academy_3_vs_1_with_keeper,123,collect_rollout,4798,0,33,0.09468450129497796,False,False,0.0,0.0,0,0,0,0.0,0.0,0.0,0.0,0.09468450129497796,1,0.09468450129497796
,academy_3_vs_1_with_keeper,123,collect_rollout,4799,0,29,2.1442823910620064,False,False,0.0,0.0,0,0,0,0.0,0.0,0.0,0.0,2.1442823910620064,1,2.1442823910620064
,academy_3_vs_1_with_keeper,123,collect_rollout,4800,0,62,0.33805427567858715,False,False,0.0,0.0,0,0,0,0.0,0.0,0.0,0.0,0.33805427567858715,1,0.33805427567858715
,academy_3_vs_1_with_keeper,123,collect_rollout,4801,0,88,0.12282276817131788,False,False,0.0,0.0,0,0,0,0.0,0.0,0.0,0.0,0.12282276817131788,1,0.12282276817131788
,academy_3_vs_1_with_keeper,123,collect_rollout,4802,0,20,0.0,False,False,0.0,0.0,0,0,0,0.0,0.0,0.0,0.0,0.0,1,0.0
,academy_3_vs_1_with_keeper,123,collect_rollout,4803,0,17,0.0,False,False,0.0,0.0,0,0,0,0.0,0.0,0.0,0.0,0.0,1,0.0
,academy_3_vs_1_with_keeper,123,collect_rollout,4804,0,35,2.1323251525172964,False,False,0.0,0.0,0,0,0,0.0,0.0,0.0,0.0,2.1323251525172964,1,2.1323251525172964
,academy_3_vs_1_with_keeper,123,collect_rollout,4805,0,33,2.122375392355025,False,False,0.0,0.0,0,0,0,0.0,0.0,0.0,0.0,2.122375392355025,1,2.122375392355025
,academy_3_vs_1_with_keeper,123,collect_rollout,4806,0,32,2.13216607470531,False,False,0.0,0.0,0,0,0,0.0,0.0,0.0,0.0,2.13216607470531,1,2.13216607470531
,academy_3_vs_1_with_keeper,123,collect_rollout,4807,0,35,2.1069542239711154,False,False,0.0,0.0,0,0,0,0.0,0.0,0.0,0.0,2.1069542239711154,1,2.1069542239711154
,academy_3_vs_1_with_keeper,123,collect_rollout,4808,0,16,0.0,False,False,0.0,0.0,0,0,0,0.0,0.0,0.0,0.0,0.0,1,0.0
,academy_3_vs_1_with_keeper,123,collect_rollout,4809,0,18,-0.006666666362434626,False,False,0.0,0.0,0,0,0,0.0,0.0,0.0,0.0,-0.006666666362434626,1,-0.006666666362434626
,academy_3_vs_1_with_keeper,123,collect_rollout,4810,0,17,-0.003333333181217313,False,False,0.0,0.0,0,0,0,0.0,0.0,0.0,0.0,-0.003333333181217313,1,-0.003333333181217313
,academy_3_vs_1_with_keeper,123,collect_rollout,4811,0,20,0.0,False,False,0.0,0.0,0,0,0,0.0,0.0,0.0,0.0,0.0,1,0.0
,academy_3_vs_1_with_keeper,123,collect_rollout,4812,0,25,2.1441150087630376,False,False,0.0,0.0,0,0,0,0.0,0.0,0.0,0.0,2.1441150087630376,1,2.1441150087630376
,academy_3_vs_1_with_keeper,123,collect_rollout,4813,0,15,0.0,False,False,0.0,0.0,0,0,0,0.0,0.0,0.0,0.0,0.0,1,0.0
,academy_3_vs_1_with_keeper,123,collect_rollout,4814,0,18,-0.006666666362434626,False,False,0.0,0.0,0,0,0,0.0,0.0,0.0,0.0,-0.006666666362434626,1,-0.006666666362434626
,academy_3_vs_1_with_keeper,123,collect_rollout,4815,0,22,-0.003333333181217313,False,False,0.0,0.0,0,0,0,0.0,0.0,0.0,0.0,-0.003333333181217313,1,-0.003333333181217313
,academy_3_vs_1_with_keeper,123,collect_rollout,4816,0,17,0.0,False,False,0.0,0.0,0,0,0,0.0,0.0,0.0,0.0,0.0,1,0.0
,academy_3_vs_1_with_keeper,123,collect_rollout,4817,0,19,-0.006666666362434626,False,False,0.0,0.0,0,0,0,0.0,0.0,0.0,0.0,-0.006666666362434626,1,-0.006666666362434626
,academy_3_vs_1_with_keeper,123,collect_rollout,4818,0,24,2.1320296021876857,False,False,0.0,0.0,0,0,0,0.0,0.0,0.0,0.0,2.1320296021876857,1,2.1320296021876857
,academy_3_vs_1_with_keeper,123,collect_rollout,4819,0,36,2.13134735962376,False,False,0.0,0.0,0,0,0,0.0,0.0,0.0,0.0,2.13134735962376,1,2.13134735962376
,academy_3_vs_1_with_keeper,123,collect_rollout,4820,0,17,-0.003333333181217313,False,False,0.0,0.0,0,0,0,0.0,0.0,0.0,0.0,-0.003333333181217313,1,-0.003333333181217313
,academy_3_vs_1_with_keeper,123,collect_rollout,4821,0,37,2.1398406779626384,False,False,0.0,0.0,0,0,0,0.0,0.0,0.0,0.0,2.1398406779626384,1,2.1398406779626384
,academy_3_vs_1_with_keeper,123,collect_rollout,4822,0,34,2.1397082230541855,False,False,0.0,0.0,0,0,0,0.0,0.0,0.0,0.0,2.1397082230541855,1,2.1397082230541855
,academy_3_vs_1_with_keeper,123,collect_rollout,4823,0,19,-0.003333333181217313,False,False,0.0,0.0,0,0,0,0.0,0.0,0.0,0.0,-0.003333333181217313,1,-0.003333333181217313
,academy_3_vs_1_with_keeper,123,collect_rollout,4824,0,19,0.0,False,False,0.0,0.0,0,0,0,0.0,0.0,0.0,0.0,0.0,1,0.0
,academy_3_vs_1_with_keeper,123,collect_rollout,4825,0,16,0.0,False,False,0.0,0.0,0,0,0,0.0,0.0,0.0,0.0,0.0,1,0.0
,academy_3_vs_1_with_keeper,123,collect_rollout,4826,0,37,2.103729174239561,False,False,0.0,0.0,0,0,0,0.0,0.0,0.0,0.0,2.103729174239561,1,2.103729174239561
,academy_3_vs_1_with_keeper,123,collect_rollout,4827,0,14,-0.003333333181217313,False,False,0.0,0.0,0,0,0,0.0,0.0,0.0,0.0,-0.003333333181217313,1,-0.003333333181217313
,academy_3_vs_1_with_keeper,123,collect_rollout,4828,0,16,0.0,False,False,0.0,0.0,0,0,0,0.0,0.0,0.0,0.0,0.0,1,0.0
,academy_3_vs_1_with_keeper,123,collect_rollout,4829,0,23,2.151876397081651,False,False,0.0,0.0,0,0,0,0.0,0.0,0.0,0.0,2.151876397081651,1,2.151876397081651
,academy_3_vs_1_with_keeper,123,collect_rollout,4830,0,14,-0.003333333181217313,False,False,0.0,0.0,0,0,0,0.0,0.0,0.0,0.0,-0.003333333181217313,1,-0.003333333181217313
,academy_3_vs_1_with_keeper,123,collect_rollout,4831,0,90,1.730079730041325,False,False,0.0,0.0,0,0,0,0.0,0.0,0.0,0.0,1.730079730041325,1,1.730079730041325
,academy_3_vs_1_with_keeper,123,collect_rollout,4832,0,17,-0.003333333181217313,False,False,0.0,0.0,0,0,0,0.0,0.0,0.0,0.0,-0.003333333181217313,1,-0.003333333181217313
,academy_3_vs_1_with_keeper,123,collect_rollout,4833,0,28,2.142021441482939,False,False,0.0,0.0,0,0,0,0.0,0.0,0.0,0.0,2.142021441482939,1,2.142021441482939
,academy_3_vs_1_with_keeper,123,collect_rollout,4834,0,36,2.1189117632457055,False,False,0.0,0.0,0,0,0,0.0,0.0,0.0,0.0,2.1189117632457055,1,2.1189117632457055
,academy_3_vs_1_with_keeper,123,collect_rollout,4835,0,17,0.0,False,False,0.0,0.0,0,0,0,0.0,0.0,0.0,0.0,0.0,1,0.0
,academy_3_vs_1_with_keeper,123,collect_rollout,4836,0,39,-0.06781291344668716,False,False,0.0,0.0,0,0,0,0.0,0.0,0.0,0.0,-0.06781291344668716,1,-0.06781291344668716
,academy_3_vs_1_with_keeper,123,collect_rollout,4837,0,37,2.0878534506773576,False,False,0.0,0.0,0,0,0,0.0,0.0,0.0,0.0,2.0878534506773576,1,2.0878534506773576
,academy_3_vs_1_with_keeper,123,collect_rollout,4838,0,15,0.0,False,False,0.0,0.0,0,0,0,0.0,0.0,0.0,0.0,0.0,1,0.0
,academy_3_vs_1_with_keeper,123,collect_rollout,4839,0,31,0.11711200349964201,False,False,0.0,0.0,0,0,0,0.0,0.0,0.0,0.0,0.11711200349964201,1,0.11711200349964201
,academy_3_vs_1_with_keeper,123,collect_rollout,4840,0,19,0.0,False,False,0.0,0.0,0,0,0,0.0,0.0,0.0,0.0,0.0,1,0.0
,academy_3_vs_1_with_keeper,123,collect_rollout,4841,0,19,-0.003333333181217313,False,False,0.0,0.0,0,0,0,0.0,0.0,0.0,0.0,-0.003333333181217313,1,-0.003333333181217313
,academy_3_vs_1_with_keeper,123,collect_rollout,4842,0,16,0.0,False,False,0.0,0.0,0,0,0,0.0,0.0,0.0,0.0,0.0,1,0.0
,academy_3_vs_1_with_keeper,123,collect_rollout,4843,0,20,0.0,False,False,0.0,0.0,0,0,0,0.0,0.0,0.0,0.0,0.0,1,0.0
,academy_3_vs_1_with_keeper,123,collect_rollout,4844,0,20,-0.013333332724869251,False,False,0.0,0.0,0,0,0,0.0,0.0,0.0,0.0,-0.013333332724869251,1,-0.013333332724869251
,academy_3_vs_1_with_keeper,123,collect_rollout,4845,0,13,0.04167156002949923,False,False,0.0,0.0,0,0,0,0.0,0.0,0.0,0.0,0.04167156002949923,1,0.04167156002949923
,academy_3_vs_1_with_keeper,123,collect_rollout,4846,0,42,2.104789112578146,False,False,0.0,0.0,0,0,0,0.0,0.0,0.0,0.0,2.104789112578146,1,2.104789112578146
,academy_3_vs_1_with_keeper,123,collect_rollout,4847,0,28,2.130151361692697,False,False,0.0,0.0,0,0,0,0.0,0.0,0.0,0.0,2.130151361692697,1,2.130151361692697
,academy_3_vs_1_with_keeper,123,collect_rollout,4848,0,32,2.128901916943505,False,False,0.0,0.0,0,0,0,0.0,0.0,0.0,0.0,2.128901916943505,1,2.128901916943505
,academy_3_vs_1_with_keeper,123,collect_rollout,4849,0,32,2.129984337283531,False,False,0.0,0.0,0,0,0,0.0,0.0,0.0,0.0,2.129984337283531,1,2.129984337283531
,academy_3_vs_1_with_keeper,123,collect_rollout,4850,0,32,0.0866804572287947,False,False,0.0,0.0,0,0,0,0.0,0.0,0.0,0.0,0.0866804572287947,1,0.0866804572287947
,academy_3_vs_1_with_keeper,123,collect_rollout,4851,0,45,2.063683816930279,False,False,0.0,0.0,0,0,0,0.0,0.0,0.0,0.0,2.063683816930279,1,2.063683816930279
,academy_3_vs_1_with_keeper,123,collect_rollout,4852,0,22,-0.003333333181217313,False,False,0.0,0.0,0,0,0,0.0,0.0,0.0,0.0,-0.003333333181217313,1,-0.003333333181217313
,academy_3_vs_1_with_keeper,123,collect_rollout,4853,0,19,0.0,False,False,0.0,0.0,0,0,0,0.0,0.0,0.0,0.0,0.0,1,0.0
,academy_3_vs_1_with_keeper,123,collect_rollout,4854,0,14,-0.003333333181217313,False,False,0.0,0.0,0,0,0,0.0,0.0,0.0,0.0,-0.003333333181217313,1,-0.003333333181217313
,academy_3_vs_1_with_keeper,123,collect_rollout,4855,0,18,0.0,False,False,0.0,0.0,0,0,0,0.0,0.0,0.0,0.0,0.0,1,0.0
,academy_3_vs_1_with_keeper,123,collect_rollout,4856,0,27,2.1430573794059455,False,False,0.0,0.0,0,0,0,0.0,0.0,0.0,0.0,2.1430573794059455,1,2.1430573794059455
,academy_3_vs_1_with_keeper,123,collect_rollout,4857,0,21,-0.009999999543651938,False,False,0.0,0.0,0,0,0,0.0,0.0,0.0,0.0,-0.009999999543651938,1,-0.009999999543651938
,academy_3_vs_1_with_keeper,123,collect_rollout,4858,0,32,0.10835410410072654,False,False,0.0,0.0,0,0,0,0.0,0.0,0.0,0.0,0.10835410410072654,1,0.10835410410072654
,academy_3_vs_1_with_keeper,123,collect_rollout,4859,0,19,-0.006666666362434626,False,False,0.0,0.0,0,0,0,0.0,0.0,0.0,0.0,-0.006666666362434626,1,-0.006666666362434626
,academy_3_vs_1_with_keeper,123,collect_rollout,4860,0,15,0.0,False,False,0.0,0.0,0,0,0,0.0,0.0,0.0,0.0,0.0,1,0.0
,academy_3_vs_1_with_keeper,123,collect_rollout,4861,0,16,0.0,False,False,0.0,0.0,0,0,0,0.0,0.0,0.0,0.0,0.0,1,0.0
,academy_3_vs_1_with_keeper,123,collect_rollout,4862,0,20,0.0,False,False,0.0,0.0,0,0,0,0.0,0.0,0.0,0.0,0.0,1,0.0
,academy_3_vs_1_with_keeper,123,collect_rollout,4863,0,93,-0.23935237765545025,False,False,0.0,0.0,0,0,0,0.0,0.0,0.0,0.0,-0.23935237765545025,1,-0.23935237765545025
,academy_3_vs_1_with_keeper,123,collect_rollout,4864,0,16,-0.003333333181217313,False,False,0.0,0.0,0,0,0,0.0,0.0,0.0,0.0,-0.003333333181217313,1,-0.003333333181217313
,academy_3_vs_1_with_keeper,123,collect_rollout,4865,0,23,-0.003333333181217313,False,False,0.0,0.0,0,0,0,0.0,0.0,0.0,0.0,-0.003333333181217313,1,-0.003333333181217313
,academy_3_vs_1_with_keeper,123,collect_rollout,4866,0,18,0.0,False,False,0.0,0.0,0,0,0,0.0,0.0,0.0,0.0,0.0,1,0.0
,academy_3_vs_1_with_keeper,123,collect_rollout,4867,0,102,-0.04784906440181658,False,False,0.0,0.0,0,0,0,0.0,0.0,0.0,0.0,-0.04784906440181658,1,-0.04784906440181658
,academy_3_vs_1_with_keeper,123,collect_rollout,4868,0,17,-0.003333333181217313,False,False,0.0,0.0,0,0,0,0.0,0.0,0.0,0.0,-0.003333333181217313,1,-0.003333333181217313
,academy_3_vs_1_with_keeper,123,collect_rollout,4869,0,23,-0.006666666362434626,False,False,0.0,0.0,0,0,0,0.0,0.0,0.0,0.0,-0.006666666362434626,1,-0.006666666362434626
,academy_3_vs_1_with_keeper,123,collect_rollout,4870,0,18,-0.003333333181217313,False,False,0.0,0.0,0,0,0,0.0,0.0,0.0,0.0,-0.003333333181217313,1,-0.003333333181217313
,academy_3_vs_1_with_keeper,123,collect_rollout,4871,0,25,2.1527704601176083,False,False,0.0,0.0,0,0,0,0.0,0.0,0.0,0.0,2.1527704601176083,1,2.1527704601176083
,academy_3_vs_1_with_keeper,123,collect_rollout,4872,0,20,0.0,False,False,0.0,0.0,0,0,0,0.0,0.0,0.0,0.0,0.0,1,0.0
,academy_3_vs_1_with_keeper,123,collect_rollout,4873,0,37,2.1350740402704105,False,False,0.0,0.0,0,0,0,0.0,0.0,0.0,0.0,2.1350740402704105,1,2.1350740402704105
,academy_3_vs_1_with_keeper,123,collect_rollout,4874,0,87,0.09965724241919816,False,False,0.0,0.0,0,0,0,0.0,0.0,0.0,0.0,0.09965724241919816,1,0.09965724241919816
,academy_3_vs_1_with_keeper,123,collect_rollout,4875,0,16,0.0,False,False,0.0,0.0,0,0,0,0.0,0.0,0.0,0.0,0.0,1,0.0
,academy_3_vs_1_with_keeper,123,collect_rollout,4876,0,63,0.28481441672192886,False,False,0.0,0.0,0,0,0,0.0,0.0,0.0,0.0,0.28481441672192886,1,0.28481441672192886
,academy_3_vs_1_with_keeper,123,collect_rollout,4877,0,44,0.1390192536637187,False,False,0.0,0.0,0,0,0,0.0,0.0,0.0,0.0,0.1390192536637187,1,0.1390192536637187
,academy_3_vs_1_with_keeper,123,collect_rollout,4878,0,17,-0.003333333181217313,False,False,0.0,0.0,0,0,0,0.0,0.0,0.0,0.0,-0.003333333181217313,1,-0.003333333181217313
,academy_3_vs_1_with_keeper,123,collect_rollout,4879,0,27,2.1316467209835537,False,False,0.0,0.0,0,0,0,0.0,0.0,0.0,0.0,2.1316467209835537,1,2.1316467209835537
,academy_3_vs_1_with_keeper,123,collect_rollout,4880,0,76,0.047881018166663125,False,False,0.0,0.0,0,0,0,0.0,0.0,0.0,0.0,0.047881018166663125,1,0.047881018166663125
,academy_3_vs_1_with_keeper,123,collect_rollout,4881,0,14,0.018358208471909165,False,False,0.0,0.0,0,0,0,0.0,0.0,0.0,0.0,0.018358208471909165,1,0.018358208471909165
,academy_3_vs_1_with_keeper,123,collect_rollout,4882,0,10,0.027317979373037815,False,False,0.0,0.0,0,0,0,0.0,0.0,0.0,0.0,0.027317979373037815,1,0.027317979373037815
,academy_3_vs_1_with_keeper,123,collect_rollout,4883,0,20,-0.01556755998171866,False,False,0.0,0.0,0,0,0,0.0,0.0,0.0,0.0,-0.01556755998171866,1,-0.01556755998171866
,academy_3_vs_1_with_keeper,123,collect_rollout,4884,0,15,-0.003333333181217313,False,False,0.0,0.0,0,0,0,0.0,0.0,0.0,0.0,-0.003333333181217313,1,-0.003333333181217313
,academy_3_vs_1_with_keeper,123,collect_rollout,4885,0,17,-0.003333333181217313,False,False,0.0,0.0,0,0,0,0.0,0.0,0.0,0.0,-0.003333333181217313,1,-0.003333333181217313
,academy_3_vs_1_with_keeper,123,collect_rollout,4886,0,14,0.014832007233053446,False,False,0.0,0.0,0,0,0,0.0,0.0,0.0,0.0,0.014832007233053446,1,0.014832007233053446
,academy_3_vs_1_with_keeper,123,collect_rollout,4887,0,38,2.1147951519233175,False,False,0.0,0.0,0,0,0,0.0,0.0,0.0,0.0,2.1147951519233175,1,2.1147951519233175
,academy_3_vs_1_with_keeper,123,collect_rollout,4888,0,15,0.0,False,False,0.0,0.0,0,0,0,0.0,0.0,0.0,0.0,0.0,1,0.0
,academy_3_vs_1_with_keeper,123,collect_rollout,4889,0,19,-0.003333333181217313,False,False,0.0,0.0,0,0,0,0.0,0.0,0.0,0.0,-0.003333333181217313,1,-0.003333333181217313
,academy_3_vs_1_with_keeper,123,collect_rollout,4890,0,38,0.11625857111357618,False,False,0.0,0.0,0,0,0,0.0,0.0,0.0,0.0,0.11625857111357618,1,0.11625857111357618
,academy_3_vs_1_with_keeper,123,collect_rollout,4891,0,15,-0.003333333181217313,False,False,0.0,0.0,0,0,0,0.0,0.0,0.0,0.0,-0.003333333181217313,1,-0.003333333181217313
,academy_3_vs_1_with_keeper,123,collect_rollout,4892,0,18,0.015184203628450632,False,False,0.0,0.0,0,0,0,0.0,0.0,0.0,0.0,0.015184203628450632,1,0.015184203628450632
,academy_3_vs_1_with_keeper,123,collect_rollout,4893,0,20,0.0,False,False,0.0,0.0,0,0,0,0.0,0.0,0.0,0.0,0.0,1,0.0
,academy_3_vs_1_with_keeper,123,collect_rollout,4894,0,21,2.148177331779152,False,False,0.0,0.0,0,0,0,0.0,0.0,0.0,0.0,2.148177331779152,1,2.148177331779152
,academy_3_vs_1_with_keeper,123,collect_rollout,4895,0,17,-0.003333333181217313,False,False,0.0,0.0,0,0,0,0.0,0.0,0.0,0.0,-0.003333333181217313,1,-0.003333333181217313
,academy_3_vs_1_with_keeper,123,collect_rollout,4896,0,16,0.02732402947731316,False,False,0.0,0.0,0,0,0,0.0,0.0,0.0,0.0,0.02732402947731316,1,0.02732402947731316
,academy_3_vs_1_with_keeper,123,collect_rollout,4897,0,21,-0.003333333181217313,False,False,0.0,0.0,0,0,0,0.0,0.0,0.0,0.0,-0.003333333181217313,1,-0.003333333181217313
,academy_3_vs_1_with_keeper,123,collect_rollout,4898,0,21,2.147857241332531,False,False,0.0,0.0,0,0,0,0.0,0.0,0.0,0.0,2.147857241332531,1,2.147857241332531
,academy_3_vs_1_with_keeper,123,collect_rollout,4899,0,32,2.142670406086836,False,False,0.0,0.0,0,0,0,0.0,0.0,0.0,0.0,2.142670406086836,1,2.142670406086836
,academy_3_vs_1_with_keeper,123,collect_rollout,4900,0,19,-0.003333333181217313,False,False,0.0,0.0,0,0,0,0.0,0.0,0.0,0.0,-0.003333333181217313,1,-0.003333333181217313
,academy_3_vs_1_with_keeper,123,collect_rollout,4901,0,56,0.009744081879034638,False,False,0.0,0.0,0,0,0,0.0,0.0,0.0,0.0,0.009744081879034638,1,0.009744081879034638
,academy_3_vs_1_with_keeper,123,collect_rollout,4902,0,15,0.0,False,False,0.0,0.0,0,0,0,0.0,0.0,0.0,0.0,0.0,1,0.0
,academy_3_vs_1_with_keeper,123,collect_rollout,4903,0,33,2.1377950500464067,False,False,0.0,0.0,0,0,0,0.0,0.0,0.0,0.0,2.1377950500464067,1,2.1377950500464067
,academy_3_vs_1_with_keeper,123,collect_rollout,4904,0,19,-0.006666666362434626,False,False,0.0,0.0,0,0,0,0.0,0.0,0.0,0.0,-0.006666666362434626,1,-0.006666666362434626
,academy_3_vs_1_with_keeper,123,collect_rollout,4905,0,19,-0.006666666362434626,False,False,0.0,0.0,0,0,0,0.0,0.0,0.0,0.0,-0.006666666362434626,1,-0.006666666362434626
,academy_3_vs_1_with_keeper,123,collect_rollout,4906,0,34,-0.029999998630955815,False,False,0.0,0.0,0,0,0,0.0,0.0,0.0,0.0,-0.029999998630955815,1,-0.029999998630955815
,academy_3_vs_1_with_keeper,123,collect_rollout,4907,0,17,0.0,False,False,0.0,0.0,0,0,0,0.0,0.0,0.0,0.0,0.0,1,0.0
,academy_3_vs_1_with_keeper,123,collect_rollout,4908,0,20,-0.013333332724869251,False,False,0.0,0.0,0,0,0,0.0,0.0,0.0,0.0,-0.013333332724869251,1,-0.013333332724869251
,academy_3_vs_1_with_keeper,123,collect_rollout,4909,0,13,0.015915230847895145,False,False,0.0,0.0,0,0,0,0.0,0.0,0.0,0.0,0.015915230847895145,1,0.015915230847895145
,academy_3_vs_1_with_keeper,123,collect_rollout,4910,0,19,-0.006666666362434626,False,False,0.0,0.0,0,0,0,0.0,0.0,0.0,0.0,-0.006666666362434626,1,-0.006666666362434626
,academy_3_vs_1_with_keeper,123,collect_rollout,4911,0,26,2.144499753601849,False,False,0.0,0.0,0,0,0,0.0,0.0,0.0,0.0,2.144499753601849,1,2.144499753601849
,academy_3_vs_1_with_keeper,123,collect_rollout,4912,0,15,0.0,False,False,0.0,0.0,0,0,0,0.0,0.0,0.0,0.0,0.0,1,0.0
,academy_3_vs_1_with_keeper,123,collect_rollout,4913,0,22,-0.006666666362434626,False,False,0.0,0.0,0,0,0,0.0,0.0,0.0,0.0,-0.006666666362434626,1,-0.006666666362434626
,academy_3_vs_1_with_keeper,123,collect_rollout,4914,0,58,0.12784538281266578,False,False,0.0,0.0,0,0,0,0.0,0.0,0.0,0.0,0.12784538281266578,1,0.12784538281266578
,academy_3_vs_1_with_keeper,123,collect_rollout,4915,0,26,2.1339446263737045,False,False,0.0,0.0,0,0,0,0.0,0.0,0.0,0.0,2.1339446263737045,1,2.1339446263737045
,academy_3_vs_1_with_keeper,123,collect_rollout,4916,0,25,2.137705035507679,False,False,0.0,0.0,0,0,0,0.0,0.0,0.0,0.0,2.137705035507679,1,2.137705035507679
,academy_3_vs_1_with_keeper,123,collect_rollout,4917,0,17,0.0,False,False,0.0,0.0,0,0,0,0.0,0.0,0.0,0.0,0.0,1,0.0
,academy_3_vs_1_with_keeper,123,collect_rollout,4918,0,20,-0.006666666362434626,False,False,0.0,0.0,0,0,0,0.0,0.0,0.0,0.0,-0.006666666362434626,1,-0.006666666362434626
,academy_3_vs_1_with_keeper,123,collect_rollout,4919,0,29,0.1257600582903251,False,False,0.0,0.0,0,0,0,0.0,0.0,0.0,0.0,0.1257600582903251,1,0.1257600582903251
,academy_3_vs_1_with_keeper,123,collect_rollout,4920,0,16,-0.003333333181217313,False,False,0.0,0.0,0,0,0,0.0,0.0,0.0,0.0,-0.003333333181217313,1,-0.003333333181217313
,academy_3_vs_1_with_keeper,123,collect_rollout,4921,0,30,2.1490164842107333,False,False,0.0,0.0,0,0,0,0.0,0.0,0.0,0.0,2.1490164842107333,1,2.1490164842107333
,academy_3_vs_1_with_keeper,123,collect_rollout,4922,0,21,-0.003333333181217313,False,False,0.0,0.0,0,0,0,0.0,0.0,0.0,0.0,-0.003333333181217313,1,-0.003333333181217313
,academy_3_vs_1_with_keeper,123,collect_rollout,4923,0,44,2.104051416972652,False,False,0.0,0.0,0,0,0,0.0,0.0,0.0,0.0,2.104051416972652,1,2.104051416972652
,academy_3_vs_1_with_keeper,123,collect_rollout,4924,0,19,-0.003333333181217313,False,False,0.0,0.0,0,0,0,0.0,0.0,0.0,0.0,-0.003333333181217313,1,-0.003333333181217313
,academy_3_vs_1_with_keeper,123,collect_rollout,4925,0,28,2.138840224244632,False,False,0.0,0.0,0,0,0,0.0,0.0,0.0,0.0,2.138840224244632,1,2.138840224244632
,academy_3_vs_1_with_keeper,123,collect_rollout,4926,0,85,0.13291621976532042,False,False,0.0,0.0,0,0,0,0.0,0.0,0.0,0.0,0.13291621976532042,1,0.13291621976532042
,academy_3_vs_1_with_keeper,123,collect_rollout,4927,0,33,2.119182721711695,False,False,0.0,0.0,0,0,0,0.0,0.0,0.0,0.0,2.119182721711695,1,2.119182721711695
,academy_3_vs_1_with_keeper,123,collect_rollout,4928,0,38,2.115452703787014,False,False,0.0,0.0,0,0,0,0.0,0.0,0.0,0.0,2.115452703787014,1,2.115452703787014
,academy_3_vs_1_with_keeper,123,collect_rollout,4929,0,41,0.03290699155331822,False,False,0.0,0.0,0,0,0,0.0,0.0,0.0,0.0,0.03290699155331822,1,0.03290699155331822
,academy_3_vs_1_with_keeper,123,collect_rollout,4930,0,52,0.00800031702965498,False,False,0.0,0.0,0,0,0,0.0,0.0,0.0,0.0,0.00800031702965498,1,0.00800031702965498
,academy_3_vs_1_with_keeper,123,collect_rollout,4931,0,37,2.1270921495743096,False,False,0.0,0.0,0,0,0,0.0,0.0,0.0,0.0,2.1270921495743096,1,2.1270921495743096
,academy_3_vs_1_with_keeper,123,collect_rollout,4932,0,18,0.0,False,False,0.0,0.0,0,0,0,0.0,0.0,0.0,0.0,0.0,1,0.0
,academy_3_vs_1_with_keeper,123,collect_rollout,4933,0,99,-0.2647306369326543,False,False,0.0,0.0,0,0,0,0.0,0.0,0.0,0.0,-0.2647306369326543,1,-0.2647306369326543
,academy_3_vs_1_with_keeper,123,collect_rollout,4934,0,19,0.0,False,False,0.0,0.0,0,0,0,0.0,0.0,0.0,0.0,0.0,1,0.0
,academy_3_vs_1_with_keeper,123,collect_rollout,4935,0,54,0.12336613310617395,False,False,0.0,0.0,0,0,0,0.0,0.0,0.0,0.0,0.12336613310617395,1,0.12336613310617395
,academy_3_vs_1_with_keeper,123,collect_rollout,4936,0,16,0.0,False,False,0.0,0.0,0,0,0,0.0,0.0,0.0,0.0,0.0,1,0.0
,academy_3_vs_1_with_keeper,123,collect_rollout,4937,0,16,0.0,False,False,0.0,0.0,0,0,0,0.0,0.0,0.0,0.0,0.0,1,0.0
,academy_3_vs_1_with_keeper,123,collect_rollout,4938,0,22,-0.003333333181217313,False,False,0.0,0.0,0,0,0,0.0,0.0,0.0,0.0,-0.003333333181217313,1,-0.003333333181217313
,academy_3_vs_1_with_keeper,123,collect_rollout,4939,0,18,-0.006666666362434626,False,False,0.0,0.0,0,0,0,0.0,0.0,0.0,0.0,-0.006666666362434626,1,-0.006666666362434626
,academy_3_vs_1_with_keeper,123,collect_rollout,4940,0,35,2.1090933352243155,False,False,0.0,0.0,0,0,0,0.0,0.0,0.0,0.0,2.1090933352243155,1,2.1090933352243155
,academy_3_vs_1_with_keeper,123,collect_rollout,4941,0,29,2.139291225816123,False,False,0.0,0.0,0,0,0,0.0,0.0,0.0,0.0,2.139291225816123,1,2.139291225816123
,academy_3_vs_1_with_keeper,123,collect_rollout,4942,0,20,0.0,False,False,0.0,0.0,0,0,0,0.0,0.0,0.0,0.0,0.0,1,0.0
,academy_3_vs_1_with_keeper,123,collect_rollout,4943,0,20,-0.006666666362434626,False,False,0.0,0.0,0,0,0,0.0,0.0,0.0,0.0,-0.006666666362434626,1,-0.006666666362434626
,academy_3_vs_1_with_keeper,123,collect_rollout,4944,0,45,2.0913980399491265,False,False,0.0,0.0,0,0,0,0.0,0.0,0.0,0.0,2.0913980399491265,1,2.0913980399491265
,academy_3_vs_1_with_keeper,123,collect_rollout,4945,0,18,0.0,False,False,0.0,0.0,0,0,0,0.0,0.0,0.0,0.0,0.0,1,0.0
,academy_3_vs_1_with_keeper,123,collect_rollout,4946,0,35,0.10885256889741868,False,False,0.0,0.0,0,0,0,0.0,0.0,0.0,0.0,0.10885256889741868,1,0.10885256889741868
,academy_3_vs_1_with_keeper,123,collect_rollout,4947,0,18,0.0,False,False,0.0,0.0,0,0,0,0.0,0.0,0.0,0.0,0.0,1,0.0
,academy_3_vs_1_with_keeper,123,collect_rollout,4948,0,33,2.126343753130641,False,False,0.0,0.0,0,0,0,0.0,0.0,0.0,0.0,2.126343753130641,1,2.126343753130641
,academy_3_vs_1_with_keeper,123,collect_rollout,4949,0,16,0.0,False,False,0.0,0.0,0,0,0,0.0,0.0,0.0,0.0,0.0,1,0.0
,academy_3_vs_1_with_keeper,123,collect_rollout,4950,0,92,0.11647213017567992,False,False,0.0,0.0,0,0,0,0.0,0.0,0.0,0.0,0.11647213017567992,1,0.11647213017567992
,academy_3_vs_1_with_keeper,123,collect_rollout,4951,0,16,-0.006666666362434626,False,False,0.0,0.0,0,0,0,0.0,0.0,0.0,0.0,-0.006666666362434626,1,-0.006666666362434626
,academy_3_vs_1_with_keeper,123,collect_rollout,4952,0,38,0.08723773225210607,False,False,0.0,0.0,0,0,0,0.0,0.0,0.0,0.0,0.08723773225210607,1,0.08723773225210607
,academy_3_vs_1_with_keeper,123,collect_rollout,4953,0,41,2.119776031235233,False,False,0.0,0.0,0,0,0,0.0,0.0,0.0,0.0,2.119776031235233,1,2.119776031235233
,academy_3_vs_1_with_keeper,123,collect_rollout,4954,0,23,0.0,False,False,0.0,0.0,0,0,0,0.0,0.0,0.0,0.0,0.0,1,0.0
,academy_3_vs_1_with_keeper,123,collect_rollout,4955,0,14,-0.006666666362434626,False,False,0.0,0.0,0,0,0,0.0,0.0,0.0,0.0,-0.006666666362434626,1,-0.006666666362434626
,academy_3_vs_1_with_keeper,123,collect_rollout,4956,0,50,2.1172182619338855,False,False,0.0,0.0,0,0,0,0.0,0.0,0.0,0.0,2.1172182619338855,1,2.1172182619338855
,academy_3_vs_1_with_keeper,123,collect_rollout,4957,0,39,0.1096599024021998,False,False,0.0,0.0,0,0,0,0.0,0.0,0.0,0.0,0.1096599024021998,1,0.1096599024021998
,academy_3_vs_1_with_keeper,123,collect_rollout,4958,0,13,0.011650273692794144,False,False,0.0,0.0,0,0,0,0.0,0.0,0.0,0.0,0.011650273692794144,1,0.011650273692794144
,academy_3_vs_1_with_keeper,123,collect_rollout,4959,0,30,2.1301726455567405,False,False,0.0,0.0,0,0,0,0.0,0.0,0.0,0.0,2.1301726455567405,1,2.1301726455567405
,academy_3_vs_1_with_keeper,123,collect_rollout,4960,0,12,0.018419546191580594,False,False,0.0,0.0,0,0,0,0.0,0.0,0.0,0.0,0.018419546191580594,1,0.018419546191580594
,academy_3_vs_1_with_keeper,123,collect_rollout,4961,0,21,-0.003333333181217313,False,False,0.0,0.0,0,0,0,0.0,0.0,0.0,0.0,-0.003333333181217313,1,-0.003333333181217313
,academy_3_vs_1_with_keeper,123,collect_rollout,4962,0,16,-0.006666666362434626,False,False,0.0,0.0,0,0,0,0.0,0.0,0.0,0.0,-0.006666666362434626,1,-0.006666666362434626
,academy_3_vs_1_with_keeper,123,collect_rollout,4963,0,23,2.138277577701956,False,False,0.0,0.0,0,0,0,0.0,0.0,0.0,0.0,2.138277577701956,1,2.138277577701956
,academy_3_vs_1_with_keeper,123,collect_rollout,4964,0,23,-0.003333333181217313,False,False,0.0,0.0,0,0,0,0.0,0.0,0.0,0.0,-0.003333333181217313,1,-0.003333333181217313
,academy_3_vs_1_with_keeper,123,collect_rollout,4965,0,21,-0.006666666362434626,False,False,0.0,0.0,0,0,0,0.0,0.0,0.0,0.0,-0.006666666362434626,1,-0.006666666362434626
,academy_3_vs_1_with_keeper,123,collect_rollout,4966,0,65,-0.05456337792566046,False,False,0.0,0.0,0,0,0,0.0,0.0,0.0,0.0,-0.05456337792566046,1,-0.05456337792566046
,academy_3_vs_1_with_keeper,123,collect_rollout,4967,0,24,2.142744870536262,False,False,0.0,0.0,0,0,0,0.0,0.0,0.0,0.0,2.142744870536262,1,2.142744870536262
,academy_3_vs_1_with_keeper,123,collect_rollout,4968,0,19,-0.003333333181217313,False,False,0.0,0.0,0,0,0,0.0,0.0,0.0,0.0,-0.003333333181217313,1,-0.003333333181217313
,academy_3_vs_1_with_keeper,123,collect_rollout,4969,0,21,-0.003333333181217313,False,False,0.0,0.0,0,0,0,0.0,0.0,0.0,0.0,-0.003333333181217313,1,-0.003333333181217313
,academy_3_vs_1_with_keeper,123,collect_rollout,4970,0,27,0.14017565746326,False,False,0.0,0.0,0,0,0,0.0,0.0,0.0,0.0,0.14017565746326,1,0.14017565746326
,academy_3_vs_1_with_keeper,123,collect_rollout,4971,0,85,0.3169527418576763,False,False,0.0,0.0,0,0,0,0.0,0.0,0.0,0.0,0.3169527418576763,1,0.3169527418576763
,academy_3_vs_1_with_keeper,123,collect_rollout,4972,0,17,-0.006666666362434626,False,False,0.0,0.0,0,0,0,0.0,0.0,0.0,0.0,-0.006666666362434626,1,-0.006666666362434626
,academy_3_vs_1_with_keeper,123,collect_rollout,4973,0,18,-0.006666666362434626,False,False,0.0,0.0,0,0,0,0.0,0.0,0.0,0.0,-0.006666666362434626,1,-0.006666666362434626
,academy_3_vs_1_with_keeper,123,collect_rollout,4974,0,20,-0.003333333181217313,False,False,0.0,0.0,0,0,0,0.0,0.0,0.0,0.0,-0.003333333181217313,1,-0.003333333181217313
,academy_3_vs_1_with_keeper,123,collect_rollout,4975,0,106,-0.03057578913285397,False,False,0.0,0.0,0,0,0,0.0,0.0,0.0,0.0,-0.03057578913285397,1,-0.03057578913285397
,academy_3_vs_1_with_keeper,123,collect_rollout,4976,0,10,0.04000512440688908,False,False,0.0,0.0,0,0,0,0.0,0.0,0.0,0.0,0.04000512440688908,1,0.04000512440688908
,academy_3_vs_1_with_keeper,123,collect_rollout,4977,0,22,0.0,False,False,0.0,0.0,0,0,0,0.0,0.0,0.0,0.0,0.0,1,0.0
,academy_3_vs_1_with_keeper,123,collect_rollout,4978,0,19,-0.003333333181217313,False,False,0.0,0.0,0,0,0,0.0,0.0,0.0,0.0,-0.003333333181217313,1,-0.003333333181217313
,academy_3_vs_1_with_keeper,123,collect_rollout,4979,0,15,0.019651596900075674,False,False,0.0,0.0,0,0,0,0.0,0.0,0.0,0.0,0.019651596900075674,1,0.019651596900075674
,academy_3_vs_1_with_keeper,123,collect_rollout,4980,0,25,2.139335914165713,False,False,0.0,0.0,0,0,0,0.0,0.0,0.0,0.0,2.139335914165713,1,2.139335914165713
,academy_3_vs_1_with_keeper,123,collect_rollout,4981,0,17,-0.003333333181217313,False,False,0.0,0.0,0,0,0,0.0,0.0,0.0,0.0,-0.003333333181217313,1,-0.003333333181217313
,academy_3_vs_1_with_keeper,123,collect_rollout,4982,0,21,-0.003333333181217313,False,False,0.0,0.0,0,0,0,0.0,0.0,0.0,0.0,-0.003333333181217313,1,-0.003333333181217313
,academy_3_vs_1_with_keeper,123,collect_rollout,4983,0,19,-0.003333333181217313,False,False,0.0,0.0,0,0,0,0.0,0.0,0.0,0.0,-0.003333333181217313,1,-0.003333333181217313
,academy_3_vs_1_with_keeper,123,collect_rollout,4984,0,28,2.1482724979287013,False,False,0.0,0.0,0,0,0,0.0,0.0,0.0,0.0,2.1482724979287013,1,2.1482724979287013
,academy_3_vs_1_with_keeper,123,collect_rollout,4985,0,37,-0.05746836948674172,False,False,0.0,0.0,0,0,0,0.0,0.0,0.0,0.0,-0.05746836948674172,1,-0.05746836948674172
,academy_3_vs_1_with_keeper,123,collect_rollout,4986,0,35,2.133220196235925,False,False,0.0,0.0,0,0,0,0.0,0.0,0.0,0.0,2.133220196235925,1,2.133220196235925
,academy_3_vs_1_with_keeper,123,collect_rollout,4987,0,19,0.0,False,False,0.0,0.0,0,0,0,0.0,0.0,0.0,0.0,0.0,1,0.0
,academy_3_vs_1_with_keeper,123,collect_rollout,4988,0,38,2.1157542102737352,False,False,0.0,0.0,0,0,0,0.0,0.0,0.0,0.0,2.1157542102737352,1,2.1157542102737352
,academy_3_vs_1_with_keeper,123,collect_rollout,4989,0,17,-0.003333333181217313,False,False,0.0,0.0,0,0,0,0.0,0.0,0.0,0.0,-0.003333333181217313,1,-0.003333333181217313
,academy_3_vs_1_with_keeper,123,collect_rollout,4990,0,21,0.0,False,False,0.0,0.0,0,0,0,0.0,0.0,0.0,0.0,0.0,1,0.0
,academy_3_vs_1_with_keeper,123,collect_rollout,4991,0,33,2.129407216794789,False,False,0.0,0.0,0,0,0,0.0,0.0,0.0,0.0,2.129407216794789,1,2.129407216794789
,academy_3_vs_1_with_keeper,123,collect_rollout,4992,0,33,2.1312731793150306,False,False,0.0,0.0,0,0,0,0.0,0.0,0.0,0.0,2.1312731793150306,1,2.1312731793150306
,academy_3_vs_1_with_keeper,123,collect_rollout,4993,0,19,-0.006666666362434626,False,False,0.0,0.0,0,0,0,0.0,0.0,0.0,0.0,-0.006666666362434626,1,-0.006666666362434626
,academy_3_vs_1_with_keeper,123,collect_rollout,4994,0,15,-0.003333333181217313,False,False,0.0,0.0,0,0,0,0.0,0.0,0.0,0.0,-0.003333333181217313,1,-0.003333333181217313
,academy_3_vs_1_with_keeper,123,collect_rollout,4995,0,1687,0.21433643363707233,False,False,0.0,0.0,0,0,0,0.0,0.0,0.0,0.0,0.21433643363707233,1,0.21433643363707233
,academy_3_vs_1_with_keeper,123,collect_rollout,4996,0,10,0.03427642257884145,False,False,0.0,0.0,0,0,0,0.0,0.0,0.0,0.0,0.03427642257884145,1,0.03427642257884145
,academy_3_vs_1_with_keeper,123,collect_rollout,4997,0,17,-0.003333333181217313,False,False,0.0,0.0,0,0,0,0.0,0.0,0.0,0.0,-0.003333333181217313,1,-0.003333333181217313
,academy_3_vs_1_with_keeper,123,collect_rollout,4998,0,19,-0.003333333181217313,False,False,0.0,0.0,0,0,0,0.0,0.0,0.0,0.0,-0.003333333181217313,1,-0.003333333181217313
,academy_3_vs_1_with_keeper,123,collect_rollout,4999,0,22,-0.003333333181217313,False,False,0.0,0.0,0,0,0,0.0,0.0,0.0,0.0,-0.003333333181217313,1,-0.003333333181217313
,academy_3_vs_1_with_keeper,123,collect_rollout,5000,0,19,-0.006666666362434626,False,False,0.0,0.0,0,0,0,0.0,0.0,0.0,0.0,-0.006666666362434626,1,-0.006666666362434626
,academy_3_vs_1_with_keeper,123,collect_rollout,5001,0,29,2.135006924974732,False,False,0.0,0.0,0,0,0,0.0,0.0,0.0,0.0,2.135006924974732,1,2.135006924974732
,academy_3_vs_1_with_keeper,123,collect_rollout,5002,0,18,0.0,False,False,0.0,0.0,0,0,0,0.0,0.0,0.0,0.0,0.0,1,0.0
,academy_3_vs_1_with_keeper,123,collect_rollout,5003,0,31,2.1280315183103085,False,False,0.0,0.0,0,0,0,0.0,0.0,0.0,0.0,2.1280315183103085,1,2.1280315183103085
,academy_3_vs_1_with_keeper,123,collect_rollout,5004,0,20,-0.003333333181217313,False,False,0.0,0.0,0,0,0,0.0,0.0,0.0,0.0,-0.003333333181217313,1,-0.003333333181217313
,academy_3_vs_1_with_keeper,123,collect_rollout,5005,0,21,-0.006666666362434626,False,False,0.0,0.0,0,0,0,0.0,0.0,0.0,0.0,-0.006666666362434626,1,-0.006666666362434626
,academy_3_vs_1_with_keeper,123,collect_rollout,5006,0,28,0.1086451540759299,False,False,0.0,0.0,0,0,0,0.0,0.0,0.0,0.0,0.1086451540759299,1,0.1086451540759299
,academy_3_vs_1_with_keeper,123,collect_rollout,5007,0,19,0.0,False,False,0.0,0.0,0,0,0,0.0,0.0,0.0,0.0,0.0,1,0.0
,academy_3_vs_1_with_keeper,123,collect_rollout,5008,0,21,0.0,False,False,0.0,0.0,0,0,0,0.0,0.0,0.0,0.0,0.0,1,0.0
,academy_3_vs_1_with_keeper,123,collect_rollout,5009,0,55,-0.08364187809638679,False,False,0.0,0.0,0,0,0,0.0,0.0,0.0,0.0,-0.08364187809638679,1,-0.08364187809638679
,academy_3_vs_1_with_keeper,123,collect_rollout,5010,0,18,0.0,False,False,0.0,0.0,0,0,0,0.0,0.0,0.0,0.0,0.0,1,0.0
,academy_3_vs_1_with_keeper,123,collect_rollout,5011,0,21,-0.003333333181217313,False,False,0.0,0.0,0,0,0,0.0,0.0,0.0,0.0,-0.003333333181217313,1,-0.003333333181217313
,academy_3_vs_1_with_keeper,123,collect_rollout,5012,0,37,2.0952431346522644,False,False,0.0,0.0,0,0,0,0.0,0.0,0.0,0.0,2.0952431346522644,1,2.0952431346522644
,academy_3_vs_1_with_keeper,123,collect_rollout,5013,0,28,2.127943013329059,False,False,0.0,0.0,0,0,0,0.0,0.0,0.0,0.0,2.127943013329059,1,2.127943013329059
,academy_3_vs_1_with_keeper,123,collect_rollout,5014,0,19,-0.006666666362434626,False,False,0.0,0.0,0,0,0,0.0,0.0,0.0,0.0,-0.006666666362434626,1,-0.006666666362434626
,academy_3_vs_1_with_keeper,123,collect_rollout,5015,0,88,0.07874816399998963,False,False,0.0,0.0,0,0,0,0.0,0.0,0.0,0.0,0.07874816399998963,1,0.07874816399998963
,academy_3_vs_1_with_keeper,123,collect_rollout,5016,0,17,-0.006666666362434626,False,False,0.0,0.0,0,0,0,0.0,0.0,0.0,0.0,-0.006666666362434626,1,-0.006666666362434626
,academy_3_vs_1_with_keeper,123,collect_rollout,5017,0,19,0.0,False,False,0.0,0.0,0,0,0,0.0,0.0,0.0,0.0,0.0,1,0.0
,academy_3_vs_1_with_keeper,123,collect_rollout,5018,0,41,2.052904855692759,False,False,0.0,0.0,0,0,0,0.0,0.0,0.0,0.0,2.052904855692759,1,2.052904855692759
,academy_3_vs_1_with_keeper,123,collect_rollout,5019,0,21,-0.003333333181217313,False,False,0.0,0.0,0,0,0,0.0,0.0,0.0,0.0,-0.003333333181217313,1,-0.003333333181217313
,academy_3_vs_1_with_keeper,123,collect_rollout,5020,0,20,0.009401845745742321,False,False,0.0,0.0,0,0,0,0.0,0.0,0.0,0.0,0.009401845745742321,1,0.009401845745742321
,academy_3_vs_1_with_keeper,123,collect_rollout,5021,0,12,0.019731852342374623,False,False,0.0,0.0,0,0,0,0.0,0.0,0.0,0.0,0.019731852342374623,1,0.019731852342374623
,academy_3_vs_1_with_keeper,123,collect_rollout,5022,0,19,-0.003333333181217313,False,False,0.0,0.0,0,0,0,0.0,0.0,0.0,0.0,-0.003333333181217313,1,-0.003333333181217313
,academy_3_vs_1_with_keeper,123,collect_rollout,5023,0,15,-0.003333333181217313,False,False,0.0,0.0,0,0,0,0.0,0.0,0.0,0.0,-0.003333333181217313,1,-0.003333333181217313
,academy_3_vs_1_with_keeper,123,collect_rollout,5024,0,21,-0.003333333181217313,False,False,0.0,0.0,0,0,0,0.0,0.0,0.0,0.0,-0.003333333181217313,1,-0.003333333181217313
,academy_3_vs_1_with_keeper,123,collect_rollout,5025,0,23,0.0,False,False,0.0,0.0,0,0,0,0.0,0.0,0.0,0.0,0.0,1,0.0
,academy_3_vs_1_with_keeper,123,collect_rollout,5026,0,16,0.015434093802468851,False,False,0.0,0.0,0,0,0,0.0,0.0,0.0,0.0,0.015434093802468851,1,0.015434093802468851
,academy_3_vs_1_with_keeper,123,collect_rollout,5027,0,31,2.0995084634050727,False,False,0.0,0.0,0,0,0,0.0,0.0,0.0,0.0,2.0995084634050727,1,2.0995084634050727
,academy_3_vs_1_with_keeper,123,collect_rollout,5028,0,7,0.04092799220234156,False,False,0.0,0.0,0,0,0,0.0,0.0,0.0,0.0,0.04092799220234156,1,0.04092799220234156
,academy_3_vs_1_with_keeper,123,collect_rollout,5029,0,29,2.108685186794901,False,False,0.0,0.0,0,0,0,0.0,0.0,0.0,0.0,2.108685186794901,1,2.108685186794901
,academy_3_vs_1_with_keeper,123,collect_rollout,5030,0,19,0.0,False,False,0.0,0.0,0,0,0,0.0,0.0,0.0,0.0,0.0,1,0.0
,academy_3_vs_1_with_keeper,123,collect_rollout,5031,0,10,0.03877069614827633,False,False,0.0,0.0,0,0,0,0.0,0.0,0.0,0.0,0.03877069614827633,1,0.03877069614827633
,academy_3_vs_1_with_keeper,123,collect_rollout,5032,0,9,0.032633390510454774,False,False,0.0,0.0,0,0,0,0.0,0.0,0.0,0.0,0.032633390510454774,1,0.032633390510454774
,academy_3_vs_1_with_keeper,123,collect_rollout,5033,0,25,2.1472501433454454,False,False,0.0,0.0,0,0,0,0.0,0.0,0.0,0.0,2.1472501433454454,1,2.1472501433454454
,academy_3_vs_1_with_keeper,123,collect_rollout,5034,0,20,-0.009999999543651938,False,False,0.0,0.0,0,0,0,0.0,0.0,0.0,0.0,-0.009999999543651938,1,-0.009999999543651938
,academy_3_vs_1_with_keeper,123,collect_rollout,5035,0,31,0.11155232414603233,False,False,0.0,0.0,0,0,0,0.0,0.0,0.0,0.0,0.11155232414603233,1,0.11155232414603233
,academy_3_vs_1_with_keeper,123,collect_rollout,5036,0,11,0.02400952554307878,False,False,0.0,0.0,0,0,0,0.0,0.0,0.0,0.0,0.02400952554307878,1,0.02400952554307878
,academy_3_vs_1_with_keeper,123,collect_rollout,5037,0,20,-0.006666666362434626,False,False,0.0,0.0,0,0,0,0.0,0.0,0.0,0.0,-0.006666666362434626,1,-0.006666666362434626
,academy_3_vs_1_with_keeper,123,collect_rollout,5038,0,36,0.0586911357822828,False,False,0.0,0.0,0,0,0,0.0,0.0,0.0,0.0,0.0586911357822828,1,0.0586911357822828
,academy_3_vs_1_with_keeper,123,collect_rollout,5039,0,18,-0.003333333181217313,False,False,0.0,0.0,0,0,0,0.0,0.0,0.0,0.0,-0.003333333181217313,1,-0.003333333181217313
,academy_3_vs_1_with_keeper,123,collect_rollout,5040,0,21,0.0,False,False,0.0,0.0,0,0,0,0.0,0.0,0.0,0.0,0.0,1,0.0
,academy_3_vs_1_with_keeper,123,collect_rollout,5041,0,25,2.128086766344495,False,False,0.0,0.0,0,0,0,0.0,0.0,0.0,0.0,2.128086766344495,1,2.128086766344495
,academy_3_vs_1_with_keeper,123,collect_rollout,5042,0,79,0.024663448635692475,False,False,0.0,0.0,0,0,0,0.0,0.0,0.0,0.0,0.024663448635692475,1,0.024663448635692475
,academy_3_vs_1_with_keeper,123,collect_rollout,5043,0,38,2.1286500631831586,False,False,0.0,0.0,0,0,0,0.0,0.0,0.0,0.0,2.1286500631831586,1,2.1286500631831586
,academy_3_vs_1_with_keeper,123,collect_rollout,5044,0,16,-0.003333333181217313,False,False,0.0,0.0,0,0,0,0.0,0.0,0.0,0.0,-0.003333333181217313,1,-0.003333333181217313
,academy_3_vs_1_with_keeper,123,collect_rollout,5045,0,16,0.0,False,False,0.0,0.0,0,0,0,0.0,0.0,0.0,0.0,0.0,1,0.0
,academy_3_vs_1_with_keeper,123,collect_rollout,5046,0,14,-0.003333333181217313,False,False,0.0,0.0,0,0,0,0.0,0.0,0.0,0.0,-0.003333333181217313,1,-0.003333333181217313
,academy_3_vs_1_with_keeper,123,collect_rollout,5047,0,15,-0.003333333181217313,False,False,0.0,0.0,0,0,0,0.0,0.0,0.0,0.0,-0.003333333181217313,1,-0.003333333181217313
,academy_3_vs_1_with_keeper,123,collect_rollout,5048,0,16,0.0,False,False,0.0,0.0,0,0,0,0.0,0.0,0.0,0.0,0.0,1,0.0
,academy_3_vs_1_with_keeper,123,collect_rollout,5049,0,20,-0.003333333181217313,False,False,0.0,0.0,0,0,0,0.0,0.0,0.0,0.0,-0.003333333181217313,1,-0.003333333181217313
,academy_3_vs_1_with_keeper,123,collect_rollout,5050,0,16,-0.006666666362434626,False,False,0.0,0.0,0,0,0,0.0,0.0,0.0,0.0,-0.006666666362434626,1,-0.006666666362434626
,academy_3_vs_1_with_keeper,123,collect_rollout,5051,0,42,0.025903133828251157,False,False,0.0,0.0,0,0,0,0.0,0.0,0.0,0.0,0.025903133828251157,1,0.025903133828251157
,academy_3_vs_1_with_keeper,123,collect_rollout,5052,0,20,-0.003333333181217313,False,False,0.0,0.0,0,0,0,0.0,0.0,0.0,0.0,-0.003333333181217313,1,-0.003333333181217313
,academy_3_vs_1_with_keeper,123,collect_rollout,5053,0,20,-0.003333333181217313,False,False,0.0,0.0,0,0,0,0.0,0.0,0.0,0.0,-0.003333333181217313,1,-0.003333333181217313
,academy_3_vs_1_with_keeper,123,collect_rollout,5054,0,49,0.09372431365773082,False,False,0.0,0.0,0,0,0,0.0,0.0,0.0,0.0,0.09372431365773082,1,0.09372431365773082
,academy_3_vs_1_with_keeper,123,collect_rollout,5055,0,14,0.0,False,False,0.0,0.0,0,0,0,0.0,0.0,0.0,0.0,0.0,1,0.0
,academy_3_vs_1_with_keeper,123,collect_rollout,5056,0,21,-0.003333333181217313,False,False,0.0,0.0,0,0,0,0.0,0.0,0.0,0.0,-0.003333333181217313,1,-0.003333333181217313
,academy_3_vs_1_with_keeper,123,collect_rollout,5057,0,18,-0.006666666362434626,False,False,0.0,0.0,0,0,0,0.0,0.0,0.0,0.0,-0.006666666362434626,1,-0.006666666362434626
,academy_3_vs_1_with_keeper,123,collect_rollout,5058,0,17,0.0,False,False,0.0,0.0,0,0,0,0.0,0.0,0.0,0.0,0.0,1,0.0
,academy_3_vs_1_with_keeper,123,collect_rollout,5059,0,30,2.1428997464245185,False,False,0.0,0.0,0,0,0,0.0,0.0,0.0,0.0,2.1428997464245185,1,2.1428997464245185
,academy_3_vs_1_with_keeper,123,collect_rollout,5060,0,20,-0.003333333181217313,False,False,0.0,0.0,0,0,0,0.0,0.0,0.0,0.0,-0.003333333181217313,1,-0.003333333181217313
,academy_3_vs_1_with_keeper,123,collect_rollout,5061,0,23,0.0,False,False,0.0,0.0,0,0,0,0.0,0.0,0.0,0.0,0.0,1,0.0
,academy_3_vs_1_with_keeper,123,collect_rollout,5062,0,30,2.136231404263526,False,False,0.0,0.0,0,0,0,0.0,0.0,0.0,0.0,2.136231404263526,1,2.136231404263526
,academy_3_vs_1_with_keeper,123,collect_rollout,5063,0,29,2.1140484359348193,False,False,0.0,0.0,0,0,0,0.0,0.0,0.0,0.0,2.1140484359348193,1,2.1140484359348193
,academy_3_vs_1_with_keeper,123,collect_rollout,5064,0,52,0.06479444005526602,False,False,0.0,0.0,0,0,0,0.0,0.0,0.0,0.0,0.06479444005526602,1,0.06479444005526602
,academy_3_vs_1_with_keeper,123,collect_rollout,5065,0,13,0.0,False,False,0.0,0.0,0,0,0,0.0,0.0,0.0,0.0,0.0,1,0.0
,academy_3_vs_1_with_keeper,123,collect_rollout,5066,0,15,-0.009999999543651938,False,False,0.0,0.0,0,0,0,0.0,0.0,0.0,0.0,-0.009999999543651938,1,-0.009999999543651938
,academy_3_vs_1_with_keeper,123,collect_rollout,5067,0,21,0.0,False,False,0.0,0.0,0,0,0,0.0,0.0,0.0,0.0,0.0,1,0.0
,academy_3_vs_1_with_keeper,123,collect_rollout,5068,0,30,2.1408889108570293,False,False,0.0,0.0,0,0,0,0.0,0.0,0.0,0.0,2.1408889108570293,1,2.1408889108570293
,academy_3_vs_1_with_keeper,123,collect_rollout,5069,0,19,-0.003333333181217313,False,False,0.0,0.0,0,0,0,0.0,0.0,0.0,0.0,-0.003333333181217313,1,-0.003333333181217313
,academy_3_vs_1_with_keeper,123,collect_rollout,5070,0,18,-0.009999999543651938,False,False,0.0,0.0,0,0,0,0.0,0.0,0.0,0.0,-0.009999999543651938,1,-0.009999999543651938
,academy_3_vs_1_with_keeper,123,collect_rollout,5071,0,140,-0.026666665449738503,False,False,0.0,0.0,0,0,0,0.0,0.0,0.0,0.0,-0.026666665449738503,1,-0.026666665449738503
,academy_3_vs_1_with_keeper,123,collect_rollout,5072,0,20,-0.006666666362434626,False,False,0.0,0.0,0,0,0,0.0,0.0,0.0,0.0,-0.006666666362434626,1,-0.006666666362434626
,academy_3_vs_1_with_keeper,123,collect_rollout,5073,0,17,-0.003333333181217313,False,False,0.0,0.0,0,0,0,0.0,0.0,0.0,0.0,-0.003333333181217313,1,-0.003333333181217313
,academy_3_vs_1_with_keeper,123,collect_rollout,5074,0,13,0.01759415410924703,False,False,0.0,0.0,0,0,0,0.0,0.0,0.0,0.0,0.01759415410924703,1,0.01759415410924703
,academy_3_vs_1_with_keeper,123,collect_rollout,5075,0,74,-0.047579420963302255,False,False,0.0,0.0,0,0,0,0.0,0.0,0.0,0.0,-0.047579420963302255,1,-0.047579420963302255
,academy_3_vs_1_with_keeper,123,collect_rollout,5076,0,16,0.0,False,False,0.0,0.0,0,0,0,0.0,0.0,0.0,0.0,0.0,1,0.0
,academy_3_vs_1_with_keeper,123,collect_rollout,5077,0,16,-0.006666666362434626,False,False,0.0,0.0,0,0,0,0.0,0.0,0.0,0.0,-0.006666666362434626,1,-0.006666666362434626
,academy_3_vs_1_with_keeper,123,collect_rollout,5078,0,34,2.1249897222733125,False,False,0.0,0.0,0,0,0,0.0,0.0,0.0,0.0,2.1249897222733125,1,2.1249897222733125
,academy_3_vs_1_with_keeper,123,collect_rollout,5079,0,20,-0.006666666362434626,False,False,0.0,0.0,0,0,0,0.0,0.0,0.0,0.0,-0.006666666362434626,1,-0.006666666362434626
,academy_3_vs_1_with_keeper,123,collect_rollout,5080,0,18,0.0,False,False,0.0,0.0,0,0,0,0.0,0.0,0.0,0.0,0.0,1,0.0
,academy_3_vs_1_with_keeper,123,collect_rollout,5081,0,86,0.1153565124841407,False,False,0.0,0.0,0,0,0,0.0,0.0,0.0,0.0,0.1153565124841407,1,0.1153565124841407
,academy_3_vs_1_with_keeper,123,collect_rollout,5082,0,36,0.02542463188547117,False,False,0.0,0.0,0,0,0,0.0,0.0,0.0,0.0,0.02542463188547117,1,0.02542463188547117
,academy_3_vs_1_with_keeper,123,collect_rollout,5083,0,15,-0.003333333181217313,False,False,0.0,0.0,0,0,0,0.0,0.0,0.0,0.0,-0.003333333181217313,1,-0.003333333181217313
,academy_3_vs_1_with_keeper,123,collect_rollout,5084,0,94,0.12014588702004403,False,False,0.0,0.0,0,0,0,0.0,0.0,0.0,0.0,0.12014588702004403,1,0.12014588702004403
,academy_3_vs_1_with_keeper,123,collect_rollout,5085,0,36,0.08741003950126469,False,False,0.0,0.0,0,0,0,0.0,0.0,0.0,0.0,0.08741003950126469,1,0.08741003950126469
,academy_3_vs_1_with_keeper,123,collect_rollout,5086,0,22,0.0,False,False,0.0,0.0,0,0,0,0.0,0.0,0.0,0.0,0.0,1,0.0
,academy_3_vs_1_with_keeper,123,collect_rollout,5087,0,29,2.126130129676312,False,False,0.0,0.0,0,0,0,0.0,0.0,0.0,0.0,2.126130129676312,1,2.126130129676312
,academy_3_vs_1_with_keeper,123,collect_rollout,5088,0,1801,-0.054519580793567,False,False,0.0,0.0,0,0,0,0.0,0.0,0.0,0.0,-0.054519580793567,1,-0.054519580793567
,academy_3_vs_1_with_keeper,123,collect_rollout,5089,0,19,-0.003333333181217313,False,False,0.0,0.0,0,0,0,0.0,0.0,0.0,0.0,-0.003333333181217313,1,-0.003333333181217313
,academy_3_vs_1_with_keeper,123,collect_rollout,5090,0,16,0.0,False,False,0.0,0.0,0,0,0,0.0,0.0,0.0,0.0,0.0,1,0.0
,academy_3_vs_1_with_keeper,123,collect_rollout,5091,0,15,0.0,False,False,0.0,0.0,0,0,0,0.0,0.0,0.0,0.0,0.0,1,0.0
,academy_3_vs_1_with_keeper,123,collect_rollout,5092,0,24,-0.006666666362434626,False,False,0.0,0.0,0,0,0,0.0,0.0,0.0,0.0,-0.006666666362434626,1,-0.006666666362434626
,academy_3_vs_1_with_keeper,123,collect_rollout,5093,0,39,0.03985357633791864,False,False,0.0,0.0,0,0,0,0.0,0.0,0.0,0.0,0.03985357633791864,1,0.03985357633791864
,academy_3_vs_1_with_keeper,123,collect_rollout,5094,0,15,-0.003333333181217313,False,False,0.0,0.0,0,0,0,0.0,0.0,0.0,0.0,-0.003333333181217313,1,-0.003333333181217313
,academy_3_vs_1_with_keeper,123,collect_rollout,5095,0,11,0.022955084510613233,False,False,0.0,0.0,0,0,0,0.0,0.0,0.0,0.0,0.022955084510613233,1,0.022955084510613233
,academy_3_vs_1_with_keeper,123,collect_rollout,5096,0,10,0.04325655591674149,False,False,0.0,0.0,0,0,0,0.0,0.0,0.0,0.0,0.04325655591674149,1,0.04325655591674149
,academy_3_vs_1_with_keeper,123,collect_rollout,5097,0,28,2.134783643297851,False,False,0.0,0.0,0,0,0,0.0,0.0,0.0,0.0,2.134783643297851,1,2.134783643297851
,academy_3_vs_1_with_keeper,123,collect_rollout,5098,0,23,-0.006666666362434626,False,False,0.0,0.0,0,0,0,0.0,0.0,0.0,0.0,-0.006666666362434626,1,-0.006666666362434626
,academy_3_vs_1_with_keeper,123,collect_rollout,5099,0,17,0.0,False,False,0.0,0.0,0,0,0,0.0,0.0,0.0,0.0,0.0,1,0.0
,academy_3_vs_1_with_keeper,123,collect_rollout,5100,0,18,0.0,False,False,0.0,0.0,0,0,0,0.0,0.0,0.0,0.0,0.0,1,0.0
,academy_3_vs_1_with_keeper,123,collect_rollout,5101,0,16,0.019514304352924228,False,False,0.0,0.0,0,0,0,0.0,0.0,0.0,0.0,0.019514304352924228,1,0.019514304352924228
,academy_3_vs_1_with_keeper,123,collect_rollout,5102,0,17,0.0,False,False,0.0,0.0,0,0,0,0.0,0.0,0.0,0.0,0.0,1,0.0
,academy_3_vs_1_with_keeper,123,collect_rollout,5103,0,18,0.0,False,False,0.0,0.0,0,0,0,0.0,0.0,0.0,0.0,0.0,1,0.0
,academy_3_vs_1_with_keeper,123,collect_rollout,5104,0,15,-0.003333333181217313,False,False,0.0,0.0,0,0,0,0.0,0.0,0.0,0.0,-0.003333333181217313,1,-0.003333333181217313
,academy_3_vs_1_with_keeper,123,collect_rollout,5105,0,15,0.02683257032185793,False,False,0.0,0.0,0,0,0,0.0,0.0,0.0,0.0,0.02683257032185793,1,0.02683257032185793
,academy_3_vs_1_with_keeper,123,collect_rollout,5106,0,16,-0.006666666362434626,False,False,0.0,0.0,0,0,0,0.0,0.0,0.0,0.0,-0.006666666362434626,1,-0.006666666362434626
,academy_3_vs_1_with_keeper,123,collect_rollout,5107,0,24,0.12024373700842261,False,False,0.0,0.0,0,0,0,0.0,0.0,0.0,0.0,0.12024373700842261,1,0.12024373700842261
,academy_3_vs_1_with_keeper,123,collect_rollout,5108,0,19,-0.003333333181217313,False,False,0.0,0.0,0,0,0,0.0,0.0,0.0,0.0,-0.003333333181217313,1,-0.003333333181217313
,academy_3_vs_1_with_keeper,123,collect_rollout,5109,0,11,0.011890723835676908,False,False,0.0,0.0,0,0,0,0.0,0.0,0.0,0.0,0.011890723835676908,1,0.011890723835676908
,academy_3_vs_1_with_keeper,123,collect_rollout,5110,0,16,-0.003333333181217313,False,False,0.0,0.0,0,0,0,0.0,0.0,0.0,0.0,-0.003333333181217313,1,-0.003333333181217313
,academy_3_vs_1_with_keeper,123,collect_rollout,5111,0,15,0.0,False,False,0.0,0.0,0,0,0,0.0,0.0,0.0,0.0,0.0,1,0.0
,academy_3_vs_1_with_keeper,123,collect_rollout,5112,0,28,0.11757706152275205,False,False,0.0,0.0,0,0,0,0.0,0.0,0.0,0.0,0.11757706152275205,1,0.11757706152275205
,academy_3_vs_1_with_keeper,123,collect_rollout,5113,0,1801,-0.09123795735649765,False,False,0.0,0.0,0,0,0,0.0,0.0,0.0,0.0,-0.09123795735649765,1,-0.09123795735649765
,academy_3_vs_1_with_keeper,123,collect_rollout,5114,0,23,2.142995089836404,False,False,0.0,0.0,0,0,0,0.0,0.0,0.0,0.0,2.142995089836404,1,2.142995089836404
,academy_3_vs_1_with_keeper,123,collect_rollout,5115,0,29,2.125874848337844,False,False,0.0,0.0,0,0,0,0.0,0.0,0.0,0.0,2.125874848337844,1,2.125874848337844
,academy_3_vs_1_with_keeper,123,collect_rollout,5116,0,17,-0.013333332724869251,False,False,0.0,0.0,0,0,0,0.0,0.0,0.0,0.0,-0.013333332724869251,1,-0.013333332724869251
,academy_3_vs_1_with_keeper,123,collect_rollout,5117,0,17,0.0,False,False,0.0,0.0,0,0,0,0.0,0.0,0.0,0.0,0.0,1,0.0
,academy_3_vs_1_with_keeper,123,collect_rollout,5118,0,53,-0.0603375684004277,False,False,0.0,0.0,0,0,0,0.0,0.0,0.0,0.0,-0.0603375684004277,1,-0.0603375684004277
,academy_3_vs_1_with_keeper,123,collect_rollout,5119,0,14,0.013582522049546242,False,False,0.0,0.0,0,0,0,0.0,0.0,0.0,0.0,0.013582522049546242,1,0.013582522049546242
,academy_3_vs_1_with_keeper,123,collect_rollout,5120,0,19,-0.006666666362434626,False,False,0.0,0.0,0,0,0,0.0,0.0,0.0,0.0,-0.006666666362434626,1,-0.006666666362434626
,academy_3_vs_1_with_keeper,123,collect_rollout,5121,0,6,0.038330277893692255,False,False,0.0,0.0,0,0,0,0.0,0.0,0.0,0.0,0.038330277893692255,1,0.038330277893692255
,academy_3_vs_1_with_keeper,123,collect_rollout,5122,0,17,0.0,False,False,0.0,0.0,0,0,0,0.0,0.0,0.0,0.0,0.0,1,0.0
,academy_3_vs_1_with_keeper,123,collect_rollout,5123,0,19,0.0,False,False,0.0,0.0,0,0,0,0.0,0.0,0.0,0.0,0.0,1,0.0
,academy_3_vs_1_with_keeper,123,collect_rollout,5124,0,18,0.0,False,False,0.0,0.0,0,0,0,0.0,0.0,0.0,0.0,0.0,1,0.0
,academy_3_vs_1_with_keeper,123,collect_rollout,5125,0,14,0.013913572067394853,False,False,0.0,0.0,0,0,0,0.0,0.0,0.0,0.0,0.013913572067394853,1,0.013913572067394853
,academy_3_vs_1_with_keeper,123,collect_rollout,5126,0,13,0.027827294310554862,False,False,0.0,0.0,0,0,0,0.0,0.0,0.0,0.0,0.027827294310554862,1,0.027827294310554862
,academy_3_vs_1_with_keeper,123,collect_rollout,5127,0,28,2.131253623170778,False,False,0.0,0.0,0,0,0,0.0,0.0,0.0,0.0,2.131253623170778,1,2.131253623170778
,academy_3_vs_1_with_keeper,123,collect_rollout,5128,0,31,0.10091161192394793,False,False,0.0,0.0,0,0,0,0.0,0.0,0.0,0.0,0.10091161192394793,1,0.10091161192394793
,academy_3_vs_1_with_keeper,123,collect_rollout,5129,0,10,0.04764810053166002,False,False,0.0,0.0,0,0,0,0.0,0.0,0.0,0.0,0.04764810053166002,1,0.04764810053166002
,academy_3_vs_1_with_keeper,123,collect_rollout,5130,0,18,0.0,False,False,0.0,0.0,0,0,0,0.0,0.0,0.0,0.0,0.0,1,0.0
,academy_3_vs_1_with_keeper,123,collect_rollout,5131,0,21,-0.006666666362434626,False,False,0.0,0.0,0,0,0,0.0,0.0,0.0,0.0,-0.006666666362434626,1,-0.006666666362434626
,academy_3_vs_1_with_keeper,123,collect_rollout,5132,0,15,0.011091222375398502,False,False,0.0,0.0,0,0,0,0.0,0.0,0.0,0.0,0.011091222375398502,1,0.011091222375398502
,academy_3_vs_1_with_keeper,123,collect_rollout,5133,0,19,2.137635809602216,False,False,0.0,0.0,0,0,0,0.0,0.0,0.0,0.0,2.137635809602216,1,2.137635809602216
,academy_3_vs_1_with_keeper,123,collect_rollout,5134,0,20,2.1297375527210534,False,False,0.0,0.0,0,0,0,0.0,0.0,0.0,0.0,2.1297375527210534,1,2.1297375527210534
,academy_3_vs_1_with_keeper,123,collect_rollout,5135,0,15,-0.009999999543651938,False,False,0.0,0.0,0,0,0,0.0,0.0,0.0,0.0,-0.009999999543651938,1,-0.009999999543651938
,academy_3_vs_1_with_keeper,123,collect_rollout,5136,0,22,0.0,False,False,0.0,0.0,0,0,0,0.0,0.0,0.0,0.0,0.0,1,0.0
,academy_3_vs_1_with_keeper,123,collect_rollout,5137,0,40,0.11370531708234921,False,False,0.0,0.0,0,0,0,0.0,0.0,0.0,0.0,0.11370531708234921,1,0.11370531708234921
,academy_3_vs_1_with_keeper,123,collect_rollout,5138,0,20,0.0,False,False,0.0,0.0,0,0,0,0.0,0.0,0.0,0.0,0.0,1,0.0
,academy_3_vs_1_with_keeper,123,collect_rollout,5139,0,32,2.1478457897901535,False,False,0.0,0.0,0,0,0,0.0,0.0,0.0,0.0,2.1478457897901535,1,2.1478457897901535
,academy_3_vs_1_with_keeper,123,collect_rollout,5140,0,16,-0.003333333181217313,False,False,0.0,0.0,0,0,0,0.0,0.0,0.0,0.0,-0.003333333181217313,1,-0.003333333181217313
,academy_3_vs_1_with_keeper,123,collect_rollout,5141,0,18,-0.006666666362434626,False,False,0.0,0.0,0,0,0,0.0,0.0,0.0,0.0,-0.006666666362434626,1,-0.006666666362434626
,academy_3_vs_1_with_keeper,123,collect_rollout,5142,0,17,0.01885962171945721,False,False,0.0,0.0,0,0,0,0.0,0.0,0.0,0.0,0.01885962171945721,1,0.01885962171945721
,academy_3_vs_1_with_keeper,123,collect_rollout,5143,0,54,0.11864779843017459,False,False,0.0,0.0,0,0,0,0.0,0.0,0.0,0.0,0.11864779843017459,1,0.11864779843017459
,academy_3_vs_1_with_keeper,123,collect_rollout,5144,0,44,-0.03504378325305879,False,False,0.0,0.0,0,0,0,0.0,0.0,0.0,0.0,-0.03504378325305879,1,-0.03504378325305879
,academy_3_vs_1_with_keeper,123,collect_rollout,5145,0,17,0.0,False,False,0.0,0.0,0,0,0,0.0,0.0,0.0,0.0,0.0,1,0.0
,academy_3_vs_1_with_keeper,123,collect_rollout,5146,0,16,0.0,False,False,0.0,0.0,0,0,0,0.0,0.0,0.0,0.0,0.0,1,0.0
,academy_3_vs_1_with_keeper,123,collect_rollout,5147,0,16,0.0,False,False,0.0,0.0,0,0,0,0.0,0.0,0.0,0.0,0.0,1,0.0
,academy_3_vs_1_with_keeper,123,collect_rollout,5148,0,15,-0.003333333181217313,False,False,0.0,0.0,0,0,0,0.0,0.0,0.0,0.0,-0.003333333181217313,1,-0.003333333181217313
,academy_3_vs_1_with_keeper,123,collect_rollout,5149,0,30,2.138749509002082,False,False,0.0,0.0,0,0,0,0.0,0.0,0.0,0.0,2.138749509002082,1,2.138749509002082
,academy_3_vs_1_with_keeper,123,collect_rollout,5150,0,33,-0.05666666431352496,False,False,0.0,0.0,0,0,0,0.0,0.0,0.0,0.0,-0.05666666431352496,1,-0.05666666431352496
,academy_3_vs_1_with_keeper,123,collect_rollout,5151,0,16,0.0,False,False,0.0,0.0,0,0,0,0.0,0.0,0.0,0.0,0.0,1,0.0
,academy_3_vs_1_with_keeper,123,collect_rollout,5152,0,28,2.126816421863623,False,False,0.0,0.0,0,0,0,0.0,0.0,0.0,0.0,2.126816421863623,1,2.126816421863623
,academy_3_vs_1_with_keeper,123,collect_rollout,5153,0,6,0.03771590441465378,False,False,0.0,0.0,0,0,0,0.0,0.0,0.0,0.0,0.03771590441465378,1,0.03771590441465378
,academy_3_vs_1_with_keeper,123,collect_rollout,5154,0,18,0.0,False,False,0.0,0.0,0,0,0,0.0,0.0,0.0,0.0,0.0,1,0.0
,academy_3_vs_1_with_keeper,123,collect_rollout,5155,0,72,-0.02002659346908331,False,False,0.0,0.0,0,0,0,0.0,0.0,0.0,0.0,-0.02002659346908331,1,-0.02002659346908331
,academy_3_vs_1_with_keeper,123,collect_rollout,5156,0,30,2.1476889776531607,False,False,0.0,0.0,0,0,0,0.0,0.0,0.0,0.0,2.1476889776531607,1,2.1476889776531607
,academy_3_vs_1_with_keeper,123,collect_rollout,5157,0,29,2.114776387345046,False,False,0.0,0.0,0,0,0,0.0,0.0,0.0,0.0,2.114776387345046,1,2.114776387345046
,academy_3_vs_1_with_keeper,123,collect_rollout,5158,0,34,2.113864543644013,False,False,0.0,0.0,0,0,0,0.0,0.0,0.0,0.0,2.113864543644013,1,2.113864543644013
,academy_3_vs_1_with_keeper,123,collect_rollout,5159,0,17,0.0,False,False,0.0,0.0,0,0,0,0.0,0.0,0.0,0.0,0.0,1,0.0
,academy_3_vs_1_with_keeper,123,collect_rollout,5160,0,30,2.1445310755516402,False,False,0.0,0.0,0,0,0,0.0,0.0,0.0,0.0,2.1445310755516402,1,2.1445310755516402
,academy_3_vs_1_with_keeper,123,collect_rollout,5161,0,16,0.0,False,False,0.0,0.0,0,0,0,0.0,0.0,0.0,0.0,0.0,1,0.0
,academy_3_vs_1_with_keeper,123,collect_rollout,5162,0,35,0.045801700034644455,False,False,0.0,0.0,0,0,0,0.0,0.0,0.0,0.0,0.045801700034644455,1,0.045801700034644455
,academy_3_vs_1_with_keeper,123,collect_rollout,5163,0,20,-0.013333332724869251,False,False,0.0,0.0,0,0,0,0.0,0.0,0.0,0.0,-0.013333332724869251,1,-0.013333332724869251
,academy_3_vs_1_with_keeper,123,collect_rollout,5164,0,15,-0.003333333181217313,False,False,0.0,0.0,0,0,0,0.0,0.0,0.0,0.0,-0.003333333181217313,1,-0.003333333181217313
,academy_3_vs_1_with_keeper,123,collect_rollout,5165,0,14,0.016977398899143736,False,False,0.0,0.0,0,0,0,0.0,0.0,0.0,0.0,0.016977398899143736,1,0.016977398899143736
,academy_3_vs_1_with_keeper,123,collect_rollout,5166,0,15,0.0,False,False,0.0,0.0,0,0,0,0.0,0.0,0.0,0.0,0.0,1,0.0
,academy_3_vs_1_with_keeper,123,collect_rollout,5167,0,21,0.0,False,False,0.0,0.0,0,0,0,0.0,0.0,0.0,0.0,0.0,1,0.0
,academy_3_vs_1_with_keeper,123,collect_rollout,5168,0,29,2.1244897878495976,False,False,0.0,0.0,0,0,0,0.0,0.0,0.0,0.0,2.1244897878495976,1,2.1244897878495976
,academy_3_vs_1_with_keeper,123,collect_rollout,5169,0,11,0.029423446860164404,False,False,0.0,0.0,0,0,0,0.0,0.0,0.0,0.0,0.029423446860164404,1,0.029423446860164404
,academy_3_vs_1_with_keeper,123,collect_rollout,5170,0,22,-0.003333333181217313,False,False,0.0,0.0,0,0,0,0.0,0.0,0.0,0.0,-0.003333333181217313,1,-0.003333333181217313
,academy_3_vs_1_with_keeper,123,collect_rollout,5171,0,15,0.0,False,False,0.0,0.0,0,0,0,0.0,0.0,0.0,0.0,0.0,1,0.0
,academy_3_vs_1_with_keeper,123,collect_rollout,5172,0,14,0.02893731277436018,False,False,0.0,0.0,0,0,0,0.0,0.0,0.0,0.0,0.02893731277436018,1,0.02893731277436018
,academy_3_vs_1_with_keeper,123,collect_rollout,5173,0,42,2.068738477615625,False,False,0.0,0.0,0,0,0,0.0,0.0,0.0,0.0,2.068738477615625,1,2.068738477615625
,academy_3_vs_1_with_keeper,123,collect_rollout,5174,0,18,0.0,False,False,0.0,0.0,0,0,0,0.0,0.0,0.0,0.0,0.0,1,0.0
,academy_3_vs_1_with_keeper,123,collect_rollout,5175,0,23,-0.003333333181217313,False,False,0.0,0.0,0,0,0,0.0,0.0,0.0,0.0,-0.003333333181217313,1,-0.003333333181217313
,academy_3_vs_1_with_keeper,123,collect_rollout,5176,0,17,0.0,False,False,0.0,0.0,0,0,0,0.0,0.0,0.0,0.0,0.0,1,0.0
,academy_3_vs_1_with_keeper,123,collect_rollout,5177,0,28,0.09122345987998415,False,False,0.0,0.0,0,0,0,0.0,0.0,0.0,0.0,0.09122345987998415,1,0.09122345987998415
,academy_3_vs_1_with_keeper,123,collect_rollout,5178,0,19,-0.003333333181217313,False,False,0.0,0.0,0,0,0,0.0,0.0,0.0,0.0,-0.003333333181217313,1,-0.003333333181217313
,academy_3_vs_1_with_keeper,123,collect_rollout,5179,0,24,2.1136975355912,False,False,0.0,0.0,0,0,0,0.0,0.0,0.0,0.0,2.1136975355912,1,2.1136975355912
,academy_3_vs_1_with_keeper,123,collect_rollout,5180,0,15,0.02037554024718702,False,False,0.0,0.0,0,0,0,0.0,0.0,0.0,0.0,0.02037554024718702,1,0.02037554024718702
,academy_3_vs_1_with_keeper,123,collect_rollout,5181,0,26,2.136581397498958,False,False,0.0,0.0,0,0,0,0.0,0.0,0.0,0.0,2.136581397498958,1,2.136581397498958
,academy_3_vs_1_with_keeper,123,collect_rollout,5182,0,12,0.033566203783266246,False,False,0.0,0.0,0,0,0,0.0,0.0,0.0,0.0,0.033566203783266246,1,0.033566203783266246
,academy_3_vs_1_with_keeper,123,collect_rollout,5183,0,54,-0.028805658221244812,False,False,0.0,0.0,0,0,0,0.0,0.0,0.0,0.0,-0.028805658221244812,1,-0.028805658221244812
,academy_3_vs_1_with_keeper,123,collect_rollout,5184,0,30,2.1190532429609448,False,False,0.0,0.0,0,0,0,0.0,0.0,0.0,0.0,2.1190532429609448,1,2.1190532429609448
,academy_3_vs_1_with_keeper,123,collect_rollout,5185,0,15,-0.0015421592397615314,False,False,0.0,0.0,0,0,0,0.0,0.0,0.0,0.0,-0.0015421592397615314,1,-0.0015421592397615314
,academy_3_vs_1_with_keeper,123,collect_rollout,5186,0,18,-0.003333333181217313,False,False,0.0,0.0,0,0,0,0.0,0.0,0.0,0.0,-0.003333333181217313,1,-0.003333333181217313
,academy_3_vs_1_with_keeper,123,collect_rollout,5187,0,16,-0.003333333181217313,False,False,0.0,0.0,0,0,0,0.0,0.0,0.0,0.0,-0.003333333181217313,1,-0.003333333181217313
,academy_3_vs_1_with_keeper,123,collect_rollout,5188,0,30,2.124706417089328,False,False,0.0,0.0,0,0,0,0.0,0.0,0.0,0.0,2.124706417089328,1,2.124706417089328
,academy_3_vs_1_with_keeper,123,collect_rollout,5189,0,30,2.132695214706473,False,False,0.0,0.0,0,0,0,0.0,0.0,0.0,0.0,2.132695214706473,1,2.132695214706473
,academy_3_vs_1_with_keeper,123,collect_rollout,5190,0,22,-0.03786547598429024,False,False,0.0,0.0,0,0,0,0.0,0.0,0.0,0.0,-0.03786547598429024,1,-0.03786547598429024
,academy_3_vs_1_with_keeper,123,collect_rollout,5191,0,18,-0.009999999543651938,False,False,0.0,0.0,0,0,0,0.0,0.0,0.0,0.0,-0.009999999543651938,1,-0.009999999543651938
,academy_3_vs_1_with_keeper,123,collect_rollout,5192,0,29,2.125822993381007,False,False,0.0,0.0,0,0,0,0.0,0.0,0.0,0.0,2.125822993381007,1,2.125822993381007
,academy_3_vs_1_with_keeper,123,collect_rollout,5193,0,33,-0.06999999680556357,False,False,0.0,0.0,0,0,0,0.0,0.0,0.0,0.0,-0.06999999680556357,1,-0.06999999680556357
,academy_3_vs_1_with_keeper,123,collect_rollout,5194,0,19,0.0,False,False,0.0,0.0,0,0,0,0.0,0.0,0.0,0.0,0.0,1,0.0
,academy_3_vs_1_with_keeper,123,collect_rollout,5195,0,86,0.08409741120703984,False,False,0.0,0.0,0,0,0,0.0,0.0,0.0,0.0,0.08409741120703984,1,0.08409741120703984
,academy_3_vs_1_with_keeper,123,collect_rollout,5196,0,34,0.1006092402676586,False,False,0.0,0.0,0,0,0,0.0,0.0,0.0,0.0,0.1006092402676586,1,0.1006092402676586
,academy_3_vs_1_with_keeper,123,collect_rollout,5197,0,77,-0.09681697381893173,False,False,0.0,0.0,0,0,0,0.0,0.0,0.0,0.0,-0.09681697381893173,1,-0.09681697381893173
,academy_3_vs_1_with_keeper,123,collect_rollout,5198,0,17,-0.003333333181217313,False,False,0.0,0.0,0,0,0,0.0,0.0,0.0,0.0,-0.003333333181217313,1,-0.003333333181217313
,academy_3_vs_1_with_keeper,123,collect_rollout,5199,0,22,2.1311713797040284,False,False,0.0,0.0,0,0,0,0.0,0.0,0.0,0.0,2.1311713797040284,1,2.1311713797040284
,academy_3_vs_1_with_keeper,123,collect_rollout,5200,0,20,0.0,False,False,0.0,0.0,0,0,0,0.0,0.0,0.0,0.0,0.0,1,0.0
,academy_3_vs_1_with_keeper,123,collect_rollout,5201,0,12,0.024308615538757294,False,False,0.0,0.0,0,0,0,0.0,0.0,0.0,0.0,0.024308615538757294,1,0.024308615538757294
,academy_3_vs_1_with_keeper,123,collect_rollout,5202,0,31,2.1381698620971292,False,False,0.0,0.0,0,0,0,0.0,0.0,0.0,0.0,2.1381698620971292,1,2.1381698620971292
,academy_3_vs_1_with_keeper,123,collect_rollout,5203,0,26,2.1320879297563806,False,False,0.0,0.0,0,0,0,0.0,0.0,0.0,0.0,2.1320879297563806,1,2.1320879297563806
,academy_3_vs_1_with_keeper,123,collect_rollout,5204,0,21,0.0,False,False,0.0,0.0,0,0,0,0.0,0.0,0.0,0.0,0.0,1,0.0
,academy_3_vs_1_with_keeper,123,collect_rollout,5205,0,40,0.03538941266015172,False,False,0.0,0.0,0,0,0,0.0,0.0,0.0,0.0,0.03538941266015172,1,0.03538941266015172
,academy_3_vs_1_with_keeper,123,collect_rollout,5206,0,16,-0.003333333181217313,False,False,0.0,0.0,0,0,0,0.0,0.0,0.0,0.0,-0.003333333181217313,1,-0.003333333181217313
,academy_3_vs_1_with_keeper,123,collect_rollout,5207,0,14,0.015122135169804096,False,False,0.0,0.0,0,0,0,0.0,0.0,0.0,0.0,0.015122135169804096,1,0.015122135169804096
,academy_3_vs_1_with_keeper,123,collect_rollout,5208,0,48,0.13566607632674277,False,False,0.0,0.0,0,0,0,0.0,0.0,0.0,0.0,0.13566607632674277,1,0.13566607632674277
,academy_3_vs_1_with_keeper,123,collect_rollout,5209,0,20,0.0,False,False,0.0,0.0,0,0,0,0.0,0.0,0.0,0.0,0.0,1,0.0
,academy_3_vs_1_with_keeper,123,collect_rollout,5210,0,18,0.0,False,False,0.0,0.0,0,0,0,0.0,0.0,0.0,0.0,0.0,1,0.0
,academy_3_vs_1_with_keeper,123,collect_rollout,5211,0,30,2.120573346852325,False,False,0.0,0.0,0,0,0,0.0,0.0,0.0,0.0,2.120573346852325,1,2.120573346852325
,academy_3_vs_1_with_keeper,123,collect_rollout,5212,0,21,-0.009999999543651938,False,False,0.0,0.0,0,0,0,0.0,0.0,0.0,0.0,-0.009999999543651938,1,-0.009999999543651938
,academy_3_vs_1_with_keeper,123,collect_rollout,5213,0,17,-0.006666666362434626,False,False,0.0,0.0,0,0,0,0.0,0.0,0.0,0.0,-0.006666666362434626,1,-0.006666666362434626
,academy_3_vs_1_with_keeper,123,collect_rollout,5214,0,15,-0.003333333181217313,False,False,0.0,0.0,0,0,0,0.0,0.0,0.0,0.0,-0.003333333181217313,1,-0.003333333181217313
,academy_3_vs_1_with_keeper,123,collect_rollout,5215,0,19,0.0,False,False,0.0,0.0,0,0,0,0.0,0.0,0.0,0.0,0.0,1,0.0
,academy_3_vs_1_with_keeper,123,collect_rollout,5216,0,17,0.0,False,False,0.0,0.0,0,0,0,0.0,0.0,0.0,0.0,0.0,1,0.0
,academy_3_vs_1_with_keeper,123,collect_rollout,5217,0,16,-0.003333333181217313,False,False,0.0,0.0,0,0,0,0.0,0.0,0.0,0.0,-0.003333333181217313,1,-0.003333333181217313
,academy_3_vs_1_with_keeper,123,collect_rollout,5218,0,20,-0.003333333181217313,False,False,0.0,0.0,0,0,0,0.0,0.0,0.0,0.0,-0.003333333181217313,1,-0.003333333181217313
,academy_3_vs_1_with_keeper,123,collect_rollout,5219,0,15,0.0,False,False,0.0,0.0,0,0,0,0.0,0.0,0.0,0.0,0.0,1,0.0
,academy_3_vs_1_with_keeper,123,collect_rollout,5220,0,21,-0.006666666362434626,False,False,0.0,0.0,0,0,0,0.0,0.0,0.0,0.0,-0.006666666362434626,1,-0.006666666362434626
,academy_3_vs_1_with_keeper,123,collect_rollout,5221,0,28,2.1516729207942262,False,False,0.0,0.0,0,0,0,0.0,0.0,0.0,0.0,2.1516729207942262,1,2.1516729207942262
,academy_3_vs_1_with_keeper,123,collect_rollout,5222,0,79,0.033279096000114805,False,False,0.0,0.0,0,0,0,0.0,0.0,0.0,0.0,0.033279096000114805,1,0.033279096000114805
,academy_3_vs_1_with_keeper,123,collect_rollout,5223,0,18,-0.003333333181217313,False,False,0.0,0.0,0,0,0,0.0,0.0,0.0,0.0,-0.003333333181217313,1,-0.003333333181217313
,academy_3_vs_1_with_keeper,123,collect_rollout,5224,0,19,-0.003333333181217313,False,False,0.0,0.0,0,0,0,0.0,0.0,0.0,0.0,-0.003333333181217313,1,-0.003333333181217313
,academy_3_vs_1_with_keeper,123,collect_rollout,5225,0,19,-0.006666666362434626,False,False,0.0,0.0,0,0,0,0.0,0.0,0.0,0.0,-0.006666666362434626,1,-0.006666666362434626
,academy_3_vs_1_with_keeper,123,collect_rollout,5226,0,19,2.1148230882827193,False,False,0.0,0.0,0,0,0,0.0,0.0,0.0,0.0,2.1148230882827193,1,2.1148230882827193
,academy_3_vs_1_with_keeper,123,collect_rollout,5227,0,16,0.0,False,False,0.0,0.0,0,0,0,0.0,0.0,0.0,0.0,0.0,1,0.0
,academy_3_vs_1_with_keeper,123,collect_rollout,5228,0,89,0.11470002436544746,False,False,0.0,0.0,0,0,0,0.0,0.0,0.0,0.0,0.11470002436544746,1,0.11470002436544746
,academy_3_vs_1_with_keeper,123,collect_rollout,5229,0,22,-0.003333333181217313,False,False,0.0,0.0,0,0,0,0.0,0.0,0.0,0.0,-0.003333333181217313,1,-0.003333333181217313
,academy_3_vs_1_with_keeper,123,collect_rollout,5230,0,16,-0.003333333181217313,False,False,0.0,0.0,0,0,0,0.0,0.0,0.0,0.0,-0.003333333181217313,1,-0.003333333181217313
,academy_3_vs_1_with_keeper,123,collect_rollout,5231,0,43,0.021997497879056027,False,False,0.0,0.0,0,0,0,0.0,0.0,0.0,0.0,0.021997497879056027,1,0.021997497879056027
,academy_3_vs_1_with_keeper,123,collect_rollout,5232,0,16,-0.003333333181217313,False,False,0.0,0.0,0,0,0,0.0,0.0,0.0,0.0,-0.003333333181217313,1,-0.003333333181217313
,academy_3_vs_1_with_keeper,123,collect_rollout,5233,0,15,0.013866692082956433,False,False,0.0,0.0,0,0,0,0.0,0.0,0.0,0.0,0.013866692082956433,1,0.013866692082956433
,academy_3_vs_1_with_keeper,123,collect_rollout,5234,0,41,2.1121569378010463,False,False,0.0,0.0,0,0,0,0.0,0.0,0.0,0.0,2.1121569378010463,1,2.1121569378010463
,academy_3_vs_1_with_keeper,123,collect_rollout,5235,0,19,-0.009999999543651938,False,False,0.0,0.0,0,0,0,0.0,0.0,0.0,0.0,-0.009999999543651938,1,-0.009999999543651938
,academy_3_vs_1_with_keeper,123,collect_rollout,5236,0,17,-0.009999999543651938,False,False,0.0,0.0,0,0,0,0.0,0.0,0.0,0.0,-0.009999999543651938,1,-0.009999999543651938
,academy_3_vs_1_with_keeper,123,collect_rollout,5237,0,25,2.13977142618387,False,False,0.0,0.0,0,0,0,0.0,0.0,0.0,0.0,2.13977142618387,1,2.13977142618387
,academy_3_vs_1_with_keeper,123,collect_rollout,5238,0,40,2.077025141566992,False,False,0.0,0.0,0,0,0,0.0,0.0,0.0,0.0,2.077025141566992,1,2.077025141566992
,academy_3_vs_1_with_keeper,123,collect_rollout,5239,0,89,0.11696613684762269,False,False,0.0,0.0,0,0,0,0.0,0.0,0.0,0.0,0.11696613684762269,1,0.11696613684762269
,academy_3_vs_1_with_keeper,123,collect_rollout,5240,0,30,2.129757184709888,False,False,0.0,0.0,0,0,0,0.0,0.0,0.0,0.0,2.129757184709888,1,2.129757184709888
,academy_3_vs_1_with_keeper,123,collect_rollout,5241,0,41,-0.0627544186427258,False,False,0.0,0.0,0,0,0,0.0,0.0,0.0,0.0,-0.0627544186427258,1,-0.0627544186427258
,academy_3_vs_1_with_keeper,123,collect_rollout,5242,0,14,0.0,False,False,0.0,0.0,0,0,0,0.0,0.0,0.0,0.0,0.0,1,0.0
,academy_3_vs_1_with_keeper,123,collect_rollout,5243,0,30,2.1404423925559968,False,False,0.0,0.0,0,0,0,0.0,0.0,0.0,0.0,2.1404423925559968,1,2.1404423925559968
,academy_3_vs_1_with_keeper,123,collect_rollout,5244,0,16,0.0,False,False,0.0,0.0,0,0,0,0.0,0.0,0.0,0.0,0.0,1,0.0
,academy_3_vs_1_with_keeper,123,collect_rollout,5245,0,17,-0.006666666362434626,False,False,0.0,0.0,0,0,0,0.0,0.0,0.0,0.0,-0.006666666362434626,1,-0.006666666362434626
,academy_3_vs_1_with_keeper,123,collect_rollout,5246,0,18,0.0,False,False,0.0,0.0,0,0,0,0.0,0.0,0.0,0.0,0.0,1,0.0
,academy_3_vs_1_with_keeper,123,collect_rollout,5247,0,17,0.008162879850715399,False,False,0.0,0.0,0,0,0,0.0,0.0,0.0,0.0,0.008162879850715399,1,0.008162879850715399
,academy_3_vs_1_with_keeper,123,collect_rollout,5248,0,19,-0.003333333181217313,False,False,0.0,0.0,0,0,0,0.0,0.0,0.0,0.0,-0.003333333181217313,1,-0.003333333181217313
,academy_3_vs_1_with_keeper,123,collect_rollout,5249,0,16,-0.006666666362434626,False,False,0.0,0.0,0,0,0,0.0,0.0,0.0,0.0,-0.006666666362434626,1,-0.006666666362434626
,academy_3_vs_1_with_keeper,123,collect_rollout,5250,0,17,0.0,False,False,0.0,0.0,0,0,0,0.0,0.0,0.0,0.0,0.0,1,0.0
,academy_3_vs_1_with_keeper,123,collect_rollout,5251,0,27,0.13379723666002974,False,False,0.0,0.0,0,0,0,0.0,0.0,0.0,0.0,0.13379723666002974,1,0.13379723666002974
,academy_3_vs_1_with_keeper,123,collect_rollout,5252,0,16,-0.003333333181217313,False,False,0.0,0.0,0,0,0,0.0,0.0,0.0,0.0,-0.003333333181217313,1,-0.003333333181217313
,academy_3_vs_1_with_keeper,123,collect_rollout,5253,0,17,0.0,False,False,0.0,0.0,0,0,0,0.0,0.0,0.0,0.0,0.0,1,0.0
,academy_3_vs_1_with_keeper,123,collect_rollout,5254,0,20,0.0,False,False,0.0,0.0,0,0,0,0.0,0.0,0.0,0.0,0.0,1,0.0
,academy_3_vs_1_with_keeper,123,collect_rollout,5255,0,19,-0.003333333181217313,False,False,0.0,0.0,0,0,0,0.0,0.0,0.0,0.0,-0.003333333181217313,1,-0.003333333181217313
,academy_3_vs_1_with_keeper,123,collect_rollout,5256,0,18,0.0,False,False,0.0,0.0,0,0,0,0.0,0.0,0.0,0.0,0.0,1,0.0
,academy_3_vs_1_with_keeper,123,collect_rollout,5257,0,45,0.04511554993223399,False,False,0.0,0.0,0,0,0,0.0,0.0,0.0,0.0,0.04511554993223399,1,0.04511554993223399
,academy_3_vs_1_with_keeper,123,collect_rollout,5258,0,40,0.031201450852677226,False,False,0.0,0.0,0,0,0,0.0,0.0,0.0,0.0,0.031201450852677226,1,0.031201450852677226
,academy_3_vs_1_with_keeper,123,collect_rollout,5259,0,29,2.147039680276066,False,False,0.0,0.0,0,0,0,0.0,0.0,0.0,0.0,2.147039680276066,1,2.147039680276066
,academy_3_vs_1_with_keeper,123,collect_rollout,5260,0,19,-0.006666666362434626,False,False,0.0,0.0,0,0,0,0.0,0.0,0.0,0.0,-0.006666666362434626,1,-0.006666666362434626
,academy_3_vs_1_with_keeper,123,collect_rollout,5261,0,36,2.1092597453534836,False,False,0.0,0.0,0,0,0,0.0,0.0,0.0,0.0,2.1092597453534836,1,2.1092597453534836
,academy_3_vs_1_with_keeper,123,collect_rollout,5262,0,26,2.1432106881402433,False,False,0.0,0.0,0,0,0,0.0,0.0,0.0,0.0,2.1432106881402433,1,2.1432106881402433
,academy_3_vs_1_with_keeper,123,collect_rollout,5263,0,23,-0.009999999543651938,False,False,0.0,0.0,0,0,0,0.0,0.0,0.0,0.0,-0.009999999543651938,1,-0.009999999543651938
,academy_3_vs_1_with_keeper,123,collect_rollout,5264,0,36,2.112008938449435,False,False,0.0,0.0,0,0,0,0.0,0.0,0.0,0.0,2.112008938449435,1,2.112008938449435
,academy_3_vs_1_with_keeper,123,collect_rollout,5265,0,28,2.113544932566583,False,False,0.0,0.0,0,0,0,0.0,0.0,0.0,0.0,2.113544932566583,1,2.113544932566583
,academy_3_vs_1_with_keeper,123,collect_rollout,5266,0,15,0.0,False,False,0.0,0.0,0,0,0,0.0,0.0,0.0,0.0,0.0,1,0.0
,academy_3_vs_1_with_keeper,123,collect_rollout,5267,0,17,-0.003333333181217313,False,False,0.0,0.0,0,0,0,0.0,0.0,0.0,0.0,-0.003333333181217313,1,-0.003333333181217313
,academy_3_vs_1_with_keeper,123,collect_rollout,5268,0,32,2.1316584778251126,False,False,0.0,0.0,0,0,0,0.0,0.0,0.0,0.0,2.1316584778251126,1,2.1316584778251126
,academy_3_vs_1_with_keeper,123,collect_rollout,5269,0,21,0.0,False,False,0.0,0.0,0,0,0,0.0,0.0,0.0,0.0,0.0,1,0.0
,academy_3_vs_1_with_keeper,123,collect_rollout,5270,0,55,0.09746059286408126,False,False,0.0,0.0,0,0,0,0.0,0.0,0.0,0.0,0.09746059286408126,1,0.09746059286408126
,academy_3_vs_1_with_keeper,123,collect_rollout,5271,0,30,2.1183870648383163,False,False,0.0,0.0,0,0,0,0.0,0.0,0.0,0.0,2.1183870648383163,1,2.1183870648383163
,academy_3_vs_1_with_keeper,123,collect_rollout,5272,0,17,0.0,False,False,0.0,0.0,0,0,0,0.0,0.0,0.0,0.0,0.0,1,0.0
,academy_3_vs_1_with_keeper,123,collect_rollout,5273,0,18,0.0,False,False,0.0,0.0,0,0,0,0.0,0.0,0.0,0.0,0.0,1,0.0
,academy_3_vs_1_with_keeper,123,collect_rollout,5274,0,14,0.0,False,False,0.0,0.0,0,0,0,0.0,0.0,0.0,0.0,0.0,1,0.0
,academy_3_vs_1_with_keeper,123,collect_rollout,5275,0,17,-0.009999999543651938,False,False,0.0,0.0,0,0,0,0.0,0.0,0.0,0.0,-0.009999999543651938,1,-0.009999999543651938
,academy_3_vs_1_with_keeper,123,collect_rollout,5276,0,92,0.0051524124792194925,False,False,0.0,0.0,0,0,0,0.0,0.0,0.0,0.0,0.0051524124792194925,1,0.0051524124792194925
,academy_3_vs_1_with_keeper,123,collect_rollout,5277,0,11,0.02830590959638357,False,False,0.0,0.0,0,0,0,0.0,0.0,0.0,0.0,0.02830590959638357,1,0.02830590959638357
,academy_3_vs_1_with_keeper,123,collect_rollout,5278,0,21,0.0,False,False,0.0,0.0,0,0,0,0.0,0.0,0.0,0.0,0.0,1,0.0
,academy_3_vs_1_with_keeper,123,collect_rollout,5279,0,17,-0.003333333181217313,False,False,0.0,0.0,0,0,0,0.0,0.0,0.0,0.0,-0.003333333181217313,1,-0.003333333181217313
,academy_3_vs_1_with_keeper,123,collect_rollout,5280,0,19,0.0,False,False,0.0,0.0,0,0,0,0.0,0.0,0.0,0.0,0.0,1,0.0
,academy_3_vs_1_with_keeper,123,collect_rollout,5281,0,16,0.0,False,False,0.0,0.0,0,0,0,0.0,0.0,0.0,0.0,0.0,1,0.0
,academy_3_vs_1_with_keeper,123,collect_rollout,5282,0,16,0.0,False,False,0.0,0.0,0,0,0,0.0,0.0,0.0,0.0,0.0,1,0.0
,academy_3_vs_1_with_keeper,123,collect_rollout,5283,0,19,0.0,False,False,0.0,0.0,0,0,0,0.0,0.0,0.0,0.0,0.0,1,0.0
,academy_3_vs_1_with_keeper,123,collect_rollout,5284,0,13,0.02865820494480431,False,False,0.0,0.0,0,0,0,0.0,0.0,0.0,0.0,0.02865820494480431,1,0.02865820494480431
,academy_3_vs_1_with_keeper,123,collect_rollout,5285,0,16,-0.003333333181217313,False,False,0.0,0.0,0,0,0,0.0,0.0,0.0,0.0,-0.003333333181217313,1,-0.003333333181217313
,academy_3_vs_1_with_keeper,123,collect_rollout,5286,0,23,0.0,False,False,0.0,0.0,0,0,0,0.0,0.0,0.0,0.0,0.0,1,0.0
,academy_3_vs_1_with_keeper,123,collect_rollout,5287,0,11,0.044101299019530416,False,False,0.0,0.0,0,0,0,0.0,0.0,0.0,0.0,0.044101299019530416,1,0.044101299019530416
,academy_3_vs_1_with_keeper,123,collect_rollout,5288,0,11,0.030963523662649095,False,False,0.0,0.0,0,0,0,0.0,0.0,0.0,0.0,0.030963523662649095,1,0.030963523662649095
,academy_3_vs_1_with_keeper,123,collect_rollout,5289,0,17,0.0,False,False,0.0,0.0,0,0,0,0.0,0.0,0.0,0.0,0.0,1,0.0
,academy_3_vs_1_with_keeper,123,collect_rollout,5290,0,14,-0.003333333181217313,False,False,0.0,0.0,0,0,0,0.0,0.0,0.0,0.0,-0.003333333181217313,1,-0.003333333181217313
,academy_3_vs_1_with_keeper,123,collect_rollout,5291,0,16,0.0,False,False,0.0,0.0,0,0,0,0.0,0.0,0.0,0.0,0.0,1,0.0
,academy_3_vs_1_with_keeper,123,collect_rollout,5292,0,15,-0.003333333181217313,False,False,0.0,0.0,0,0,0,0.0,0.0,0.0,0.0,-0.003333333181217313,1,-0.003333333181217313
,academy_3_vs_1_with_keeper,123,collect_rollout,5293,0,17,0.0,False,False,0.0,0.0,0,0,0,0.0,0.0,0.0,0.0,0.0,1,0.0
,academy_3_vs_1_with_keeper,123,collect_rollout,5294,0,24,2.1398666065651923,False,False,0.0,0.0,0,0,0,0.0,0.0,0.0,0.0,2.1398666065651923,1,2.1398666065651923
,academy_3_vs_1_with_keeper,123,collect_rollout,5295,0,20,0.0,False,False,0.0,0.0,0,0,0,0.0,0.0,0.0,0.0,0.0,1,0.0
,academy_3_vs_1_with_keeper,123,collect_rollout,5296,0,20,-0.003333333181217313,False,False,0.0,0.0,0,0,0,0.0,0.0,0.0,0.0,-0.003333333181217313,1,-0.003333333181217313
,academy_3_vs_1_with_keeper,123,collect_rollout,5297,0,14,0.009776947787031531,False,False,0.0,0.0,0,0,0,0.0,0.0,0.0,0.0,0.009776947787031531,1,0.009776947787031531
,academy_3_vs_1_with_keeper,123,collect_rollout,5298,0,14,-0.006666666362434626,False,False,0.0,0.0,0,0,0,0.0,0.0,0.0,0.0,-0.006666666362434626,1,-0.006666666362434626
,academy_3_vs_1_with_keeper,123,collect_rollout,5299,0,15,0.0,False,False,0.0,0.0,0,0,0,0.0,0.0,0.0,0.0,0.0,1,0.0
,academy_3_vs_1_with_keeper,123,collect_rollout,5300,0,33,2.114157182877534,False,False,0.0,0.0,0,0,0,0.0,0.0,0.0,0.0,2.114157182877534,1,2.114157182877534
,academy_3_vs_1_with_keeper,123,collect_rollout,5301,0,18,-0.003333333181217313,False,False,0.0,0.0,0,0,0,0.0,0.0,0.0,0.0,-0.003333333181217313,1,-0.003333333181217313
,academy_3_vs_1_with_keeper,123,collect_rollout,5302,0,17,0.0,False,False,0.0,0.0,0,0,0,0.0,0.0,0.0,0.0,0.0,1,0.0
,academy_3_vs_1_with_keeper,123,collect_rollout,5303,0,1801,-0.09387204982340336,False,False,0.0,0.0,0,0,0,0.0,0.0,0.0,0.0,-0.09387204982340336,1,-0.09387204982340336
,academy_3_vs_1_with_keeper,123,collect_rollout,5304,0,18,-0.003333333181217313,False,False,0.0,0.0,0,0,0,0.0,0.0,0.0,0.0,-0.003333333181217313,1,-0.003333333181217313
,academy_3_vs_1_with_keeper,123,collect_rollout,5305,0,32,2.1366374960634857,False,False,0.0,0.0,0,0,0,0.0,0.0,0.0,0.0,2.1366374960634857,1,2.1366374960634857
,academy_3_vs_1_with_keeper,123,collect_rollout,5306,0,14,0.0,False,False,0.0,0.0,0,0,0,0.0,0.0,0.0,0.0,0.0,1,0.0
,academy_3_vs_1_with_keeper,123,collect_rollout,5307,0,20,-0.006666666362434626,False,False,0.0,0.0,0,0,0,0.0,0.0,0.0,0.0,-0.006666666362434626,1,-0.006666666362434626
,academy_3_vs_1_with_keeper,123,collect_rollout,5308,0,17,0.0,False,False,0.0,0.0,0,0,0,0.0,0.0,0.0,0.0,0.0,1,0.0
,academy_3_vs_1_with_keeper,123,collect_rollout,5309,0,23,2.141620619338937,False,False,0.0,0.0,0,0,0,0.0,0.0,0.0,0.0,2.141620619338937,1,2.141620619338937
,academy_3_vs_1_with_keeper,123,collect_rollout,5310,0,46,0.10910266160499305,False,False,0.0,0.0,0,0,0,0.0,0.0,0.0,0.0,0.10910266160499305,1,0.10910266160499305
,academy_3_vs_1_with_keeper,123,collect_rollout,5311,0,32,0.11369056848343462,False,False,0.0,0.0,0,0,0,0.0,0.0,0.0,0.0,0.11369056848343462,1,0.11369056848343462
,academy_3_vs_1_with_keeper,123,collect_rollout,5312,0,16,0.01535166788380593,False,False,0.0,0.0,0,0,0,0.0,0.0,0.0,0.0,0.01535166788380593,1,0.01535166788380593
,academy_3_vs_1_with_keeper,123,collect_rollout,5313,0,19,-0.006666666362434626,False,False,0.0,0.0,0,0,0,0.0,0.0,0.0,0.0,-0.006666666362434626,1,-0.006666666362434626
,academy_3_vs_1_with_keeper,123,collect_rollout,5314,0,20,-0.009999999776482582,False,False,0.0,0.0,0,0,0,0.0,0.0,0.0,0.0,-0.009999999776482582,1,-0.009999999776482582
,academy_3_vs_1_with_keeper,123,collect_rollout,5315,0,17,0.0,False,False,0.0,0.0,0,0,0,0.0,0.0,0.0,0.0,0.0,1,0.0
,academy_3_vs_1_with_keeper,123,collect_rollout,5316,0,24,2.147128520067781,False,False,0.0,0.0,0,0,0,0.0,0.0,0.0,0.0,2.147128520067781,1,2.147128520067781
,academy_3_vs_1_with_keeper,123,collect_rollout,5317,0,15,0.0,False,False,0.0,0.0,0,0,0,0.0,0.0,0.0,0.0,0.0,1,0.0
,academy_3_vs_1_with_keeper,123,collect_rollout,5318,0,18,0.0,False,False,0.0,0.0,0,0,0,0.0,0.0,0.0,0.0,0.0,1,0.0
,academy_3_vs_1_with_keeper,123,collect_rollout,5319,0,13,-0.003333333181217313,False,False,0.0,0.0,0,0,0,0.0,0.0,0.0,0.0,-0.003333333181217313,1,-0.003333333181217313
,academy_3_vs_1_with_keeper,123,collect_rollout,5320,0,17,-0.006666666362434626,False,False,0.0,0.0,0,0,0,0.0,0.0,0.0,0.0,-0.006666666362434626,1,-0.006666666362434626
,academy_3_vs_1_with_keeper,123,collect_rollout,5321,0,24,2.1495760777033865,False,False,0.0,0.0,0,0,0,0.0,0.0,0.0,0.0,2.1495760777033865,1,2.1495760777033865
,academy_3_vs_1_with_keeper,123,collect_rollout,5322,0,23,-0.006666666362434626,False,False,0.0,0.0,0,0,0,0.0,0.0,0.0,0.0,-0.006666666362434626,1,-0.006666666362434626
,academy_3_vs_1_with_keeper,123,collect_rollout,5323,0,35,2.1271904681343585,False,False,0.0,0.0,0,0,0,0.0,0.0,0.0,0.0,2.1271904681343585,1,2.1271904681343585
,academy_3_vs_1_with_keeper,123,collect_rollout,5324,0,22,0.0,False,False,0.0,0.0,0,0,0,0.0,0.0,0.0,0.0,0.0,1,0.0
,academy_3_vs_1_with_keeper,123,collect_rollout,5325,0,20,-0.006666666362434626,False,False,0.0,0.0,0,0,0,0.0,0.0,0.0,0.0,-0.006666666362434626,1,-0.006666666362434626
,academy_3_vs_1_with_keeper,123,collect_rollout,5326,0,21,0.0,False,False,0.0,0.0,0,0,0,0.0,0.0,0.0,0.0,0.0,1,0.0
,academy_3_vs_1_with_keeper,123,collect_rollout,5327,0,15,0.0,False,False,0.0,0.0,0,0,0,0.0,0.0,0.0,0.0,0.0,1,0.0
,academy_3_vs_1_with_keeper,123,collect_rollout,5328,0,19,0.0,False,False,0.0,0.0,0,0,0,0.0,0.0,0.0,0.0,0.0,1,0.0
,academy_3_vs_1_with_keeper,123,collect_rollout,5329,0,20,0.0,False,False,0.0,0.0,0,0,0,0.0,0.0,0.0,0.0,0.0,1,0.0
,academy_3_vs_1_with_keeper,123,collect_rollout,5330,0,21,0.0,False,False,0.0,0.0,0,0,0,0.0,0.0,0.0,0.0,0.0,1,0.0
,academy_3_vs_1_with_keeper,123,collect_rollout,5331,0,20,0.0,False,False,0.0,0.0,0,0,0,0.0,0.0,0.0,0.0,0.0,1,0.0
,academy_3_vs_1_with_keeper,123,collect_rollout,5332,0,9,0.04982351278886199,False,False,0.0,0.0,0,0,0,0.0,0.0,0.0,0.0,0.04982351278886199,1,0.04982351278886199
,academy_3_vs_1_with_keeper,123,collect_rollout,5333,0,36,2.100562892155722,False,False,0.0,0.0,0,0,0,0.0,0.0,0.0,0.0,2.100562892155722,1,2.100562892155722
,academy_3_vs_1_with_keeper,123,collect_rollout,5334,0,28,2.1257538365971413,False,False,0.0,0.0,0,0,0,0.0,0.0,0.0,0.0,2.1257538365971413,1,2.1257538365971413
,academy_3_vs_1_with_keeper,123,collect_rollout,5335,0,16,0.0,False,False,0.0,0.0,0,0,0,0.0,0.0,0.0,0.0,0.0,1,0.0
,academy_3_vs_1_with_keeper,123,collect_rollout,5336,0,18,0.0,False,False,0.0,0.0,0,0,0,0.0,0.0,0.0,0.0,0.0,1,0.0
,academy_3_vs_1_with_keeper,123,collect_rollout,5337,0,17,0.0,False,False,0.0,0.0,0,0,0,0.0,0.0,0.0,0.0,0.0,1,0.0
,academy_3_vs_1_with_keeper,123,collect_rollout,5338,0,19,-0.003333333181217313,False,False,0.0,0.0,0,0,0,0.0,0.0,0.0,0.0,-0.003333333181217313,1,-0.003333333181217313
,academy_3_vs_1_with_keeper,123,collect_rollout,5339,0,36,0.08436835836619139,False,False,0.0,0.0,0,0,0,0.0,0.0,0.0,0.0,0.08436835836619139,1,0.08436835836619139
,academy_3_vs_1_with_keeper,123,collect_rollout,5340,0,89,0.10793696588370949,False,False,0.0,0.0,0,0,0,0.0,0.0,0.0,0.0,0.10793696588370949,1,0.10793696588370949
,academy_3_vs_1_with_keeper,123,collect_rollout,5341,0,15,0.0183620925527066,False,False,0.0,0.0,0,0,0,0.0,0.0,0.0,0.0,0.0183620925527066,1,0.0183620925527066
,academy_3_vs_1_with_keeper,123,collect_rollout,5342,0,22,0.0,False,False,0.0,0.0,0,0,0,0.0,0.0,0.0,0.0,0.0,1,0.0
,academy_3_vs_1_with_keeper,123,collect_rollout,5343,0,16,0.0,False,False,0.0,0.0,0,0,0,0.0,0.0,0.0,0.0,0.0,1,0.0
,academy_3_vs_1_with_keeper,123,collect_rollout,5344,0,21,0.0,False,False,0.0,0.0,0,0,0,0.0,0.0,0.0,0.0,0.0,1,0.0
,academy_3_vs_1_with_keeper,123,collect_rollout,5345,0,15,0.0,False,False,0.0,0.0,0,0,0,0.0,0.0,0.0,0.0,0.0,1,0.0
,academy_3_vs_1_with_keeper,123,collect_rollout,5346,0,19,-0.006666666362434626,False,False,0.0,0.0,0,0,0,0.0,0.0,0.0,0.0,-0.006666666362434626,1,-0.006666666362434626
,academy_3_vs_1_with_keeper,123,collect_rollout,5347,0,21,0.0,False,False,0.0,0.0,0,0,0,0.0,0.0,0.0,0.0,0.0,1,0.0
,academy_3_vs_1_with_keeper,123,collect_rollout,5348,0,16,0.0,False,False,0.0,0.0,0,0,0,0.0,0.0,0.0,0.0,0.0,1,0.0
,academy_3_vs_1_with_keeper,123,collect_rollout,5349,0,46,0.009314357943367213,False,False,0.0,0.0,0,0,0,0.0,0.0,0.0,0.0,0.009314357943367213,1,0.009314357943367213
,academy_3_vs_1_with_keeper,123,collect_rollout,5350,0,20,0.0,False,False,0.0,0.0,0,0,0,0.0,0.0,0.0,0.0,0.0,1,0.0
,academy_3_vs_1_with_keeper,123,collect_rollout,5351,0,21,-0.006666666362434626,False,False,0.0,0.0,0,0,0,0.0,0.0,0.0,0.0,-0.006666666362434626,1,-0.006666666362434626
,academy_3_vs_1_with_keeper,123,collect_rollout,5352,0,21,-0.003333333181217313,False,False,0.0,0.0,0,0,0,0.0,0.0,0.0,0.0,-0.003333333181217313,1,-0.003333333181217313
,academy_3_vs_1_with_keeper,123,collect_rollout,5353,0,29,2.122649079072289,False,False,0.0,0.0,0,0,0,0.0,0.0,0.0,0.0,2.122649079072289,1,2.122649079072289
,academy_3_vs_1_with_keeper,123,collect_rollout,5354,0,15,0.03702734143007547,False,False,0.0,0.0,0,0,0,0.0,0.0,0.0,0.0,0.03702734143007547,1,0.03702734143007547
,academy_3_vs_1_with_keeper,123,collect_rollout,5355,0,35,2.1181676537598833,False,False,0.0,0.0,0,0,0,0.0,0.0,0.0,0.0,2.1181676537598833,1,2.1181676537598833
,academy_3_vs_1_with_keeper,123,collect_rollout,5356,0,48,0.30935685406439006,False,False,0.0,0.0,0,0,0,0.0,0.0,0.0,0.0,0.30935685406439006,1,0.30935685406439006
,academy_3_vs_1_with_keeper,123,collect_rollout,5357,0,32,0.10467940277885646,False,False,0.0,0.0,0,0,0,0.0,0.0,0.0,0.0,0.10467940277885646,1,0.10467940277885646
,academy_3_vs_1_with_keeper,123,collect_rollout,5358,0,17,-0.003333333181217313,False,False,0.0,0.0,0,0,0,0.0,0.0,0.0,0.0,-0.003333333181217313,1,-0.003333333181217313
,academy_3_vs_1_with_keeper,123,collect_rollout,5359,0,21,-0.003333333181217313,False,False,0.0,0.0,0,0,0,0.0,0.0,0.0,0.0,-0.003333333181217313,1,-0.003333333181217313
,academy_3_vs_1_with_keeper,123,collect_rollout,5360,0,19,0.0,False,False,0.0,0.0,0,0,0,0.0,0.0,0.0,0.0,0.0,1,0.0
,academy_3_vs_1_with_keeper,123,collect_rollout,5361,0,26,2.144736215705052,False,False,0.0,0.0,0,0,0,0.0,0.0,0.0,0.0,2.144736215705052,1,2.144736215705052
,academy_3_vs_1_with_keeper,123,collect_rollout,5362,0,82,0.03792917149257846,False,False,0.0,0.0,0,0,0,0.0,0.0,0.0,0.0,0.03792917149257846,1,0.03792917149257846
,academy_3_vs_1_with_keeper,123,collect_rollout,5363,0,20,-0.003333333181217313,False,False,0.0,0.0,0,0,0,0.0,0.0,0.0,0.0,-0.003333333181217313,1,-0.003333333181217313
,academy_3_vs_1_with_keeper,123,collect_rollout,5364,0,18,0.0,False,False,0.0,0.0,0,0,0,0.0,0.0,0.0,0.0,0.0,1,0.0
,academy_3_vs_1_with_keeper,123,collect_rollout,5365,0,47,0.09816847008187324,False,False,0.0,0.0,0,0,0,0.0,0.0,0.0,0.0,0.09816847008187324,1,0.09816847008187324
,academy_3_vs_1_with_keeper,123,collect_rollout,5366,0,103,-0.26873482880182564,False,False,0.0,0.0,0,0,0,0.0,0.0,0.0,0.0,-0.26873482880182564,1,-0.26873482880182564
,academy_3_vs_1_with_keeper,123,collect_rollout,5367,0,27,2.1424994692206383,False,False,0.0,0.0,0,0,0,0.0,0.0,0.0,0.0,2.1424994692206383,1,2.1424994692206383
,academy_3_vs_1_with_keeper,123,collect_rollout,5368,0,33,0.07324119668919593,False,False,0.0,0.0,0,0,0,0.0,0.0,0.0,0.0,0.07324119668919593,1,0.07324119668919593
,academy_3_vs_1_with_keeper,123,collect_rollout,5369,0,82,0.049504925264045596,False,False,0.0,0.0,0,0,0,0.0,0.0,0.0,0.0,0.049504925264045596,1,0.049504925264045596
,academy_3_vs_1_with_keeper,123,collect_rollout,5370,0,21,-0.006666666362434626,False,False,0.0,0.0,0,0,0,0.0,0.0,0.0,0.0,-0.006666666362434626,1,-0.006666666362434626
,academy_3_vs_1_with_keeper,123,collect_rollout,5371,0,20,0.0,False,False,0.0,0.0,0,0,0,0.0,0.0,0.0,0.0,0.0,1,0.0
,academy_3_vs_1_with_keeper,123,collect_rollout,5372,0,17,-0.003333333181217313,False,False,0.0,0.0,0,0,0,0.0,0.0,0.0,0.0,-0.003333333181217313,1,-0.003333333181217313
,academy_3_vs_1_with_keeper,123,collect_rollout,5373,0,22,0.0,False,False,0.0,0.0,0,0,0,0.0,0.0,0.0,0.0,0.0,1,0.0
,academy_3_vs_1_with_keeper,123,collect_rollout,5374,0,27,2.1446553727728315,False,False,0.0,0.0,0,0,0,0.0,0.0,0.0,0.0,2.1446553727728315,1,2.1446553727728315
,academy_3_vs_1_with_keeper,123,collect_rollout,5375,0,23,0.0,False,False,0.0,0.0,0,0,0,0.0,0.0,0.0,0.0,0.0,1,0.0
,academy_3_vs_1_with_keeper,123,collect_rollout,5376,0,15,0.0,False,False,0.0,0.0,0,0,0,0.0,0.0,0.0,0.0,0.0,1,0.0
,academy_3_vs_1_with_keeper,123,collect_rollout,5377,0,21,-0.009999999543651938,False,False,0.0,0.0,0,0,0,0.0,0.0,0.0,0.0,-0.009999999543651938,1,-0.009999999543651938
,academy_3_vs_1_with_keeper,123,collect_rollout,5378,0,22,-0.003333333181217313,False,False,0.0,0.0,0,0,0,0.0,0.0,0.0,0.0,-0.003333333181217313,1,-0.003333333181217313
,academy_3_vs_1_with_keeper,123,collect_rollout,5379,0,1801,-0.007909312698757276,False,False,0.0,0.0,0,0,0,0.0,0.0,0.0,0.0,-0.007909312698757276,1,-0.007909312698757276
,academy_3_vs_1_with_keeper,123,collect_rollout,5380,0,34,2.1391441292362288,False,False,0.0,0.0,0,0,0,0.0,0.0,0.0,0.0,2.1391441292362288,1,2.1391441292362288
,academy_3_vs_1_with_keeper,123,collect_rollout,5381,0,16,0.0,False,False,0.0,0.0,0,0,0,0.0,0.0,0.0,0.0,0.0,1,0.0
,academy_3_vs_1_with_keeper,123,collect_rollout,5382,0,23,-0.006666666362434626,False,False,0.0,0.0,0,0,0,0.0,0.0,0.0,0.0,-0.006666666362434626,1,-0.006666666362434626
,academy_3_vs_1_with_keeper,123,collect_rollout,5383,0,37,2.1202913771849126,False,False,0.0,0.0,0,0,0,0.0,0.0,0.0,0.0,2.1202913771849126,1,2.1202913771849126
,academy_3_vs_1_with_keeper,123,collect_rollout,5384,0,10,0.02036979398690164,False,False,0.0,0.0,0,0,0,0.0,0.0,0.0,0.0,0.02036979398690164,1,0.02036979398690164
,academy_3_vs_1_with_keeper,123,collect_rollout,5385,0,19,-0.009999999543651938,False,False,0.0,0.0,0,0,0,0.0,0.0,0.0,0.0,-0.009999999543651938,1,-0.009999999543651938
,academy_3_vs_1_with_keeper,123,collect_rollout,5386,0,13,0.022635701345279813,False,False,0.0,0.0,0,0,0,0.0,0.0,0.0,0.0,0.022635701345279813,1,0.022635701345279813
,academy_3_vs_1_with_keeper,123,collect_rollout,5387,0,49,0.08818641991820186,False,False,0.0,0.0,0,0,0,0.0,0.0,0.0,0.0,0.08818641991820186,1,0.08818641991820186
,academy_3_vs_1_with_keeper,123,collect_rollout,5388,0,49,0.1223877229494974,False,False,0.0,0.0,0,0,0,0.0,0.0,0.0,0.0,0.1223877229494974,1,0.1223877229494974
,academy_3_vs_1_with_keeper,123,collect_rollout,5389,0,18,0.0,False,False,0.0,0.0,0,0,0,0.0,0.0,0.0,0.0,0.0,1,0.0
,academy_3_vs_1_with_keeper,123,collect_rollout,5390,0,17,-0.006666666362434626,False,False,0.0,0.0,0,0,0,0.0,0.0,0.0,0.0,-0.006666666362434626,1,-0.006666666362434626
,academy_3_vs_1_with_keeper,123,collect_rollout,5391,0,11,0.031577988411299884,False,False,0.0,0.0,0,0,0,0.0,0.0,0.0,0.0,0.031577988411299884,1,0.031577988411299884
,academy_3_vs_1_with_keeper,123,collect_rollout,5392,0,19,0.0,False,False,0.0,0.0,0,0,0,0.0,0.0,0.0,0.0,0.0,1,0.0
,academy_3_vs_1_with_keeper,123,collect_rollout,5393,0,19,0.0,False,False,0.0,0.0,0,0,0,0.0,0.0,0.0,0.0,0.0,1,0.0
,academy_3_vs_1_with_keeper,123,collect_rollout,5394,0,22,-0.006666666362434626,False,False,0.0,0.0,0,0,0,0.0,0.0,0.0,0.0,-0.006666666362434626,1,-0.006666666362434626
,academy_3_vs_1_with_keeper,123,collect_rollout,5395,0,21,0.0,False,False,0.0,0.0,0,0,0,0.0,0.0,0.0,0.0,0.0,1,0.0
,academy_3_vs_1_with_keeper,123,collect_rollout,5396,0,16,0.0,False,False,0.0,0.0,0,0,0,0.0,0.0,0.0,0.0,0.0,1,0.0
,academy_3_vs_1_with_keeper,123,collect_rollout,5397,0,17,-0.006666666362434626,False,False,0.0,0.0,0,0,0,0.0,0.0,0.0,0.0,-0.006666666362434626,1,-0.006666666362434626
,academy_3_vs_1_with_keeper,123,collect_rollout,5398,0,12,0.017075091134756804,False,False,0.0,0.0,0,0,0,0.0,0.0,0.0,0.0,0.017075091134756804,1,0.017075091134756804
,academy_3_vs_1_with_keeper,123,collect_rollout,5399,0,19,-0.009999999543651938,False,False,0.0,0.0,0,0,0,0.0,0.0,0.0,0.0,-0.009999999543651938,1,-0.009999999543651938
,academy_3_vs_1_with_keeper,123,collect_rollout,5400,0,18,0.0,False,False,0.0,0.0,0,0,0,0.0,0.0,0.0,0.0,0.0,1,0.0
,academy_3_vs_1_with_keeper,123,collect_rollout,5401,0,8,0.053421777207404375,False,False,0.0,0.0,0,0,0,0.0,0.0,0.0,0.0,0.053421777207404375,1,0.053421777207404375
,academy_3_vs_1_with_keeper,123,collect_rollout,5402,0,17,0.005950061371549964,False,False,0.0,0.0,0,0,0,0.0,0.0,0.0,0.0,0.005950061371549964,1,0.005950061371549964
,academy_3_vs_1_with_keeper,123,collect_rollout,5403,0,74,1.8644766946090385,False,False,0.0,0.0,0,0,0,0.0,0.0,0.0,0.0,1.8644766946090385,1,1.8644766946090385
,academy_3_vs_1_with_keeper,123,collect_rollout,5404,0,20,-0.003333333181217313,False,False,0.0,0.0,0,0,0,0.0,0.0,0.0,0.0,-0.003333333181217313,1,-0.003333333181217313
,academy_3_vs_1_with_keeper,123,collect_rollout,5405,0,18,-0.003333333181217313,False,False,0.0,0.0,0,0,0,0.0,0.0,0.0,0.0,-0.003333333181217313,1,-0.003333333181217313
,academy_3_vs_1_with_keeper,123,collect_rollout,5406,0,17,-0.003333333181217313,False,False,0.0,0.0,0,0,0,0.0,0.0,0.0,0.0,-0.003333333181217313,1,-0.003333333181217313
,academy_3_vs_1_with_keeper,123,collect_rollout,5407,0,17,0.0,False,False,0.0,0.0,0,0,0,0.0,0.0,0.0,0.0,0.0,1,0.0
,academy_3_vs_1_with_keeper,123,collect_rollout,5408,0,18,-0.003333333181217313,False,False,0.0,0.0,0,0,0,0.0,0.0,0.0,0.0,-0.003333333181217313,1,-0.003333333181217313
,academy_3_vs_1_with_keeper,123,collect_rollout,5409,0,18,2.126245314371772,False,False,0.0,0.0,0,0,0,0.0,0.0,0.0,0.0,2.126245314371772,1,2.126245314371772
,academy_3_vs_1_with_keeper,123,collect_rollout,5410,0,8,0.049416750436648726,False,False,0.0,0.0,0,0,0,0.0,0.0,0.0,0.0,0.049416750436648726,1,0.049416750436648726
,academy_3_vs_1_with_keeper,123,collect_rollout,5411,0,20,0.0,False,False,0.0,0.0,0,0,0,0.0,0.0,0.0,0.0,0.0,1,0.0
,academy_3_vs_1_with_keeper,123,collect_rollout,5412,0,60,-0.040157959214411676,False,False,0.0,0.0,0,0,0,0.0,0.0,0.0,0.0,-0.040157959214411676,1,-0.040157959214411676
,academy_3_vs_1_with_keeper,123,collect_rollout,5413,0,33,2.1117209488293156,False,False,0.0,0.0,0,0,0,0.0,0.0,0.0,0.0,2.1117209488293156,1,2.1117209488293156
,academy_3_vs_1_with_keeper,123,collect_rollout,5414,0,17,-0.006666666362434626,False,False,0.0,0.0,0,0,0,0.0,0.0,0.0,0.0,-0.006666666362434626,1,-0.006666666362434626
,academy_3_vs_1_with_keeper,123,collect_rollout,5415,0,34,2.1372826715232804,False,False,0.0,0.0,0,0,0,0.0,0.0,0.0,0.0,2.1372826715232804,1,2.1372826715232804
,academy_3_vs_1_with_keeper,123,collect_rollout,5416,0,15,0.0,False,False,0.0,0.0,0,0,0,0.0,0.0,0.0,0.0,0.0,1,0.0
,academy_3_vs_1_with_keeper,123,collect_rollout,5417,0,28,2.147636621957645,False,False,0.0,0.0,0,0,0,0.0,0.0,0.0,0.0,2.147636621957645,1,2.147636621957645
,academy_3_vs_1_with_keeper,123,collect_rollout,5418,0,19,0.0,False,False,0.0,0.0,0,0,0,0.0,0.0,0.0,0.0,0.0,1,0.0
,academy_3_vs_1_with_keeper,123,collect_rollout,5419,0,30,2.132723718183115,False,False,0.0,0.0,0,0,0,0.0,0.0,0.0,0.0,2.132723718183115,1,2.132723718183115
,academy_3_vs_1_with_keeper,123,collect_rollout,5420,0,15,0.0,False,False,0.0,0.0,0,0,0,0.0,0.0,0.0,0.0,0.0,1,0.0
,academy_3_vs_1_with_keeper,123,collect_rollout,5421,0,24,-0.006666666362434626,False,False,0.0,0.0,0,0,0,0.0,0.0,0.0,0.0,-0.006666666362434626,1,-0.006666666362434626
,academy_3_vs_1_with_keeper,123,collect_rollout,5422,0,19,-0.003333333181217313,False,False,0.0,0.0,0,0,0,0.0,0.0,0.0,0.0,-0.003333333181217313,1,-0.003333333181217313
,academy_3_vs_1_with_keeper,123,collect_rollout,5423,0,33,0.06884308706503361,False,False,0.0,0.0,0,0,0,0.0,0.0,0.0,0.0,0.06884308706503361,1,0.06884308706503361
,academy_3_vs_1_with_keeper,123,collect_rollout,5424,0,20,0.0,False,False,0.0,0.0,0,0,0,0.0,0.0,0.0,0.0,0.0,1,0.0
,academy_3_vs_1_with_keeper,123,collect_rollout,5425,0,14,0.0,False,False,0.0,0.0,0,0,0,0.0,0.0,0.0,0.0,0.0,1,0.0
,academy_3_vs_1_with_keeper,123,collect_rollout,5426,0,23,0.0,False,False,0.0,0.0,0,0,0,0.0,0.0,0.0,0.0,0.0,1,0.0
,academy_3_vs_1_with_keeper,123,collect_rollout,5427,0,40,2.109003483899869,False,False,0.0,0.0,0,0,0,0.0,0.0,0.0,0.0,2.109003483899869,1,2.109003483899869
,academy_3_vs_1_with_keeper,123,collect_rollout,5428,0,18,0.0,False,False,0.0,0.0,0,0,0,0.0,0.0,0.0,0.0,0.0,1,0.0
,academy_3_vs_1_with_keeper,123,collect_rollout,5429,0,19,0.0,False,False,0.0,0.0,0,0,0,0.0,0.0,0.0,0.0,0.0,1,0.0
,academy_3_vs_1_with_keeper,123,collect_rollout,5430,0,19,-0.003333333181217313,False,False,0.0,0.0,0,0,0,0.0,0.0,0.0,0.0,-0.003333333181217313,1,-0.003333333181217313
,academy_3_vs_1_with_keeper,123,collect_rollout,5431,0,18,-0.003333333181217313,False,False,0.0,0.0,0,0,0,0.0,0.0,0.0,0.0,-0.003333333181217313,1,-0.003333333181217313
,academy_3_vs_1_with_keeper,123,collect_rollout,5432,0,31,0.08598794060526416,False,False,0.0,0.0,0,0,0,0.0,0.0,0.0,0.0,0.08598794060526416,1,0.08598794060526416
,academy_3_vs_1_with_keeper,123,collect_rollout,5433,0,22,0.0,False,False,0.0,0.0,0,0,0,0.0,0.0,0.0,0.0,0.0,1,0.0
,academy_3_vs_1_with_keeper,123,collect_rollout,5434,0,18,0.0,False,False,0.0,0.0,0,0,0,0.0,0.0,0.0,0.0,0.0,1,0.0
,academy_3_vs_1_with_keeper,123,collect_rollout,5435,0,40,2.10123354929965,False,False,0.0,0.0,0,0,0,0.0,0.0,0.0,0.0,2.10123354929965,1,2.10123354929965
,academy_3_vs_1_with_keeper,123,collect_rollout,5436,0,18,0.0,False,False,0.0,0.0,0,0,0,0.0,0.0,0.0,0.0,0.0,1,0.0
,academy_3_vs_1_with_keeper,123,collect_rollout,5437,0,18,-0.003333333181217313,False,False,0.0,0.0,0,0,0,0.0,0.0,0.0,0.0,-0.003333333181217313,1,-0.003333333181217313
,academy_3_vs_1_with_keeper,123,collect_rollout,5438,0,18,0.0,False,False,0.0,0.0,0,0,0,0.0,0.0,0.0,0.0,0.0,1,0.0
,academy_3_vs_1_with_keeper,123,collect_rollout,5439,0,28,2.1291100919479504,False,False,0.0,0.0,0,0,0,0.0,0.0,0.0,0.0,2.1291100919479504,1,2.1291100919479504
,academy_3_vs_1_with_keeper,123,collect_rollout,5440,0,26,0.10664343740791082,False,False,0.0,0.0,0,0,0,0.0,0.0,0.0,0.0,0.10664343740791082,1,0.10664343740791082
,academy_3_vs_1_with_keeper,123,collect_rollout,5441,0,84,0.014068175456486642,False,False,0.0,0.0,0,0,0,0.0,0.0,0.0,0.0,0.014068175456486642,1,0.014068175456486642
,academy_3_vs_1_with_keeper,123,collect_rollout,5442,0,56,-0.0037598777562379837,False,False,0.0,0.0,0,0,0,0.0,0.0,0.0,0.0,-0.0037598777562379837,1,-0.0037598777562379837
,academy_3_vs_1_with_keeper,123,collect_rollout,5443,0,17,-0.003333333181217313,False,False,0.0,0.0,0,0,0,0.0,0.0,0.0,0.0,-0.003333333181217313,1,-0.003333333181217313
,academy_3_vs_1_with_keeper,123,collect_rollout,5444,0,19,0.0,False,False,0.0,0.0,0,0,0,0.0,0.0,0.0,0.0,0.0,1,0.0
,academy_3_vs_1_with_keeper,123,collect_rollout,5445,0,15,0.0,False,False,0.0,0.0,0,0,0,0.0,0.0,0.0,0.0,0.0,1,0.0
,academy_3_vs_1_with_keeper,123,collect_rollout,5446,0,32,0.1280819869134575,False,False,0.0,0.0,0,0,0,0.0,0.0,0.0,0.0,0.1280819869134575,1,0.1280819869134575
,academy_3_vs_1_with_keeper,123,collect_rollout,5447,0,15,-0.003333333181217313,False,False,0.0,0.0,0,0,0,0.0,0.0,0.0,0.0,-0.003333333181217313,1,-0.003333333181217313
,academy_3_vs_1_with_keeper,123,collect_rollout,5448,0,17,0.028491968754678965,False,False,0.0,0.0,0,0,0,0.0,0.0,0.0,0.0,0.028491968754678965,1,0.028491968754678965
,academy_3_vs_1_with_keeper,123,collect_rollout,5449,0,18,-0.006666666362434626,False,False,0.0,0.0,0,0,0,0.0,0.0,0.0,0.0,-0.006666666362434626,1,-0.006666666362434626
,academy_3_vs_1_with_keeper,123,collect_rollout,5450,0,22,-0.019999999087303877,False,False,0.0,0.0,0,0,0,0.0,0.0,0.0,0.0,-0.019999999087303877,1,-0.019999999087303877
,academy_3_vs_1_with_keeper,123,collect_rollout,5451,0,15,0.023357121157459915,False,False,0.0,0.0,0,0,0,0.0,0.0,0.0,0.0,0.023357121157459915,1,0.023357121157459915
,academy_3_vs_1_with_keeper,123,collect_rollout,5452,0,1801,-0.061803152959328145,False,False,0.0,0.0,0,0,0,0.0,0.0,0.0,0.0,-0.061803152959328145,1,-0.061803152959328145
,academy_3_vs_1_with_keeper,123,collect_rollout,5453,0,43,2.11142065434251,False,False,0.0,0.0,0,0,0,0.0,0.0,0.0,0.0,2.11142065434251,1,2.11142065434251
,academy_3_vs_1_with_keeper,123,collect_rollout,5454,0,19,-0.003333333181217313,False,False,0.0,0.0,0,0,0,0.0,0.0,0.0,0.0,-0.003333333181217313,1,-0.003333333181217313
,academy_3_vs_1_with_keeper,123,collect_rollout,5455,0,17,-0.003333333181217313,False,False,0.0,0.0,0,0,0,0.0,0.0,0.0,0.0,-0.003333333181217313,1,-0.003333333181217313
,academy_3_vs_1_with_keeper,123,collect_rollout,5456,0,36,2.1310513571370393,False,False,0.0,0.0,0,0,0,0.0,0.0,0.0,0.0,2.1310513571370393,1,2.1310513571370393
,academy_3_vs_1_with_keeper,123,collect_rollout,5457,0,17,-0.003333333181217313,False,False,0.0,0.0,0,0,0,0.0,0.0,0.0,0.0,-0.003333333181217313,1,-0.003333333181217313
,academy_3_vs_1_with_keeper,123,collect_rollout,5458,0,92,0.12540559528861195,False,False,0.0,0.0,0,0,0,0.0,0.0,0.0,0.0,0.12540559528861195,1,0.12540559528861195
,academy_3_vs_1_with_keeper,123,collect_rollout,5459,0,81,-0.2531369890784845,False,False,0.0,0.0,0,0,0,0.0,0.0,0.0,0.0,-0.2531369890784845,1,-0.2531369890784845
,academy_3_vs_1_with_keeper,123,collect_rollout,5460,0,14,-0.006666666362434626,False,False,0.0,0.0,0,0,0,0.0,0.0,0.0,0.0,-0.006666666362434626,1,-0.006666666362434626
,academy_3_vs_1_with_keeper,123,collect_rollout,5461,0,39,2.1321922320639715,False,False,0.0,0.0,0,0,0,0.0,0.0,0.0,0.0,2.1321922320639715,1,2.1321922320639715
,academy_3_vs_1_with_keeper,123,collect_rollout,5462,0,13,0.0,False,False,0.0,0.0,0,0,0,0.0,0.0,0.0,0.0,0.0,1,0.0
,academy_3_vs_1_with_keeper,123,collect_rollout,5463,0,29,2.1311370567418635,False,False,0.0,0.0,0,0,0,0.0,0.0,0.0,0.0,2.1311370567418635,1,2.1311370567418635
,academy_3_vs_1_with_keeper,123,collect_rollout,5464,0,30,2.121527334791608,False,False,0.0,0.0,0,0,0,0.0,0.0,0.0,0.0,2.121527334791608,1,2.121527334791608
,academy_3_vs_1_with_keeper,123,collect_rollout,5465,0,18,0.0,False,False,0.0,0.0,0,0,0,0.0,0.0,0.0,0.0,0.0,1,0.0
,academy_3_vs_1_with_keeper,123,collect_rollout,5466,0,19,0.0,False,False,0.0,0.0,0,0,0,0.0,0.0,0.0,0.0,0.0,1,0.0
,academy_3_vs_1_with_keeper,123,collect_rollout,5467,0,17,-0.003333333181217313,False,False,0.0,0.0,0,0,0,0.0,0.0,0.0,0.0,-0.003333333181217313,1,-0.003333333181217313
,academy_3_vs_1_with_keeper,123,collect_rollout,5468,0,27,2.1124756417702883,False,False,0.0,0.0,0,0,0,0.0,0.0,0.0,0.0,2.1124756417702883,1,2.1124756417702883
,academy_3_vs_1_with_keeper,123,collect_rollout,5469,0,84,0.1109810674097389,False,False,0.0,0.0,0,0,0,0.0,0.0,0.0,0.0,0.1109810674097389,1,0.1109810674097389
,academy_3_vs_1_with_keeper,123,collect_rollout,5470,0,17,0.0,False,False,0.0,0.0,0,0,0,0.0,0.0,0.0,0.0,0.0,1,0.0
,academy_3_vs_1_with_keeper,123,collect_rollout,5471,0,18,0.0,False,False,0.0,0.0,0,0,0,0.0,0.0,0.0,0.0,0.0,1,0.0
,academy_3_vs_1_with_keeper,123,collect_rollout,5472,0,23,0.0,False,False,0.0,0.0,0,0,0,0.0,0.0,0.0,0.0,0.0,1,0.0
,academy_3_vs_1_with_keeper,123,collect_rollout,5473,0,27,2.1207417115801945,False,False,0.0,0.0,0,0,0,0.0,0.0,0.0,0.0,2.1207417115801945,1,2.1207417115801945
,academy_3_vs_1_with_keeper,123,collect_rollout,5474,0,21,-0.003333333181217313,False,False,0.0,0.0,0,0,0,0.0,0.0,0.0,0.0,-0.003333333181217313,1,-0.003333333181217313
,academy_3_vs_1_with_keeper,123,collect_rollout,5475,0,15,0.0,False,False,0.0,0.0,0,0,0,0.0,0.0,0.0,0.0,0.0,1,0.0
,academy_3_vs_1_with_keeper,123,collect_rollout,5476,0,14,0.0,False,False,0.0,0.0,0,0,0,0.0,0.0,0.0,0.0,0.0,1,0.0
,academy_3_vs_1_with_keeper,123,collect_rollout,5477,0,15,0.01977551111485809,False,False,0.0,0.0,0,0,0,0.0,0.0,0.0,0.0,0.01977551111485809,1,0.01977551111485809
,academy_3_vs_1_with_keeper,123,collect_rollout,5478,0,25,0.11149890237720683,False,False,0.0,0.0,0,0,0,0.0,0.0,0.0,0.0,0.11149890237720683,1,0.11149890237720683
,academy_3_vs_1_with_keeper,123,collect_rollout,5479,0,20,-0.003333333181217313,False,False,0.0,0.0,0,0,0,0.0,0.0,0.0,0.0,-0.003333333181217313,1,-0.003333333181217313
,academy_3_vs_1_with_keeper,123,collect_rollout,5480,0,21,-0.003333333181217313,False,False,0.0,0.0,0,0,0,0.0,0.0,0.0,0.0,-0.003333333181217313,1,-0.003333333181217313
,academy_3_vs_1_with_keeper,123,collect_rollout,5481,0,37,2.1133074620738626,False,False,0.0,0.0,0,0,0,0.0,0.0,0.0,0.0,2.1133074620738626,1,2.1133074620738626
,academy_3_vs_1_with_keeper,123,collect_rollout,5482,0,17,0.00821811705827713,False,False,0.0,0.0,0,0,0,0.0,0.0,0.0,0.0,0.00821811705827713,1,0.00821811705827713
,academy_3_vs_1_with_keeper,123,collect_rollout,5483,0,93,0.11685280680831056,False,False,0.0,0.0,0,0,0,0.0,0.0,0.0,0.0,0.11685280680831056,1,0.11685280680831056
,academy_3_vs_1_with_keeper,123,collect_rollout,5484,0,34,2.132933318585856,False,False,0.0,0.0,0,0,0,0.0,0.0,0.0,0.0,2.132933318585856,1,2.132933318585856
,academy_3_vs_1_with_keeper,123,collect_rollout,5485,0,22,0.0,False,False,0.0,0.0,0,0,0,0.0,0.0,0.0,0.0,0.0,1,0.0
,academy_3_vs_1_with_keeper,123,collect_rollout,5486,0,20,0.0,False,False,0.0,0.0,0,0,0,0.0,0.0,0.0,0.0,0.0,1,0.0
,academy_3_vs_1_with_keeper,123,collect_rollout,5487,0,16,-0.003333333181217313,False,False,0.0,0.0,0,0,0,0.0,0.0,0.0,0.0,-0.003333333181217313,1,-0.003333333181217313
,academy_3_vs_1_with_keeper,123,collect_rollout,5488,0,13,-0.003333333181217313,False,False,0.0,0.0,0,0,0,0.0,0.0,0.0,0.0,-0.003333333181217313,1,-0.003333333181217313
,academy_3_vs_1_with_keeper,123,collect_rollout,5489,0,14,0.010496300412341952,False,False,0.0,0.0,0,0,0,0.0,0.0,0.0,0.0,0.010496300412341952,1,0.010496300412341952
,academy_3_vs_1_with_keeper,123,collect_rollout,5490,0,19,0.0,False,False,0.0,0.0,0,0,0,0.0,0.0,0.0,0.0,0.0,1,0.0
,academy_3_vs_1_with_keeper,123,collect_rollout,5491,0,15,-0.003333333181217313,False,False,0.0,0.0,0,0,0,0.0,0.0,0.0,0.0,-0.003333333181217313,1,-0.003333333181217313
,academy_3_vs_1_with_keeper,123,collect_rollout,5492,0,21,2.139831965789199,False,False,0.0,0.0,0,0,0,0.0,0.0,0.0,0.0,2.139831965789199,1,2.139831965789199
,academy_3_vs_1_with_keeper,123,collect_rollout,5493,0,17,-0.006666666362434626,False,False,0.0,0.0,0,0,0,0.0,0.0,0.0,0.0,-0.006666666362434626,1,-0.006666666362434626
,academy_3_vs_1_with_keeper,123,collect_rollout,5494,0,28,2.128154902602546,False,False,0.0,0.0,0,0,0,0.0,0.0,0.0,0.0,2.128154902602546,1,2.128154902602546
,academy_3_vs_1_with_keeper,123,collect_rollout,5495,0,22,-0.013333332724869251,False,False,0.0,0.0,0,0,0,0.0,0.0,0.0,0.0,-0.013333332724869251,1,-0.013333332724869251
,academy_3_vs_1_with_keeper,123,collect_rollout,5496,0,29,0.10236513731069863,False,False,0.0,0.0,0,0,0,0.0,0.0,0.0,0.0,0.10236513731069863,1,0.10236513731069863
,academy_3_vs_1_with_keeper,123,collect_rollout,5497,0,14,0.023432691348716617,False,False,0.0,0.0,0,0,0,0.0,0.0,0.0,0.0,0.023432691348716617,1,0.023432691348716617
,academy_3_vs_1_with_keeper,123,collect_rollout,5498,0,16,-0.003333333181217313,False,False,0.0,0.0,0,0,0,0.0,0.0,0.0,0.0,-0.003333333181217313,1,-0.003333333181217313
,academy_3_vs_1_with_keeper,123,collect_rollout,5499,0,15,0.0,False,False,0.0,0.0,0,0,0,0.0,0.0,0.0,0.0,0.0,1,0.0
,academy_3_vs_1_with_keeper,123,collect_rollout,5500,0,29,2.150186885264702,False,False,0.0,0.0,0,0,0,0.0,0.0,0.0,0.0,2.150186885264702,1,2.150186885264702
,academy_3_vs_1_with_keeper,123,collect_rollout,5501,0,18,0.0,False,False,0.0,0.0,0,0,0,0.0,0.0,0.0,0.0,0.0,1,0.0
,academy_3_vs_1_with_keeper,123,collect_rollout,5502,0,18,0.0,False,False,0.0,0.0,0,0,0,0.0,0.0,0.0,0.0,0.0,1,0.0
,academy_3_vs_1_with_keeper,123,collect_rollout,5503,0,31,2.1236540577665437,False,False,0.0,0.0,0,0,0,0.0,0.0,0.0,0.0,2.1236540577665437,1,2.1236540577665437
,academy_3_vs_1_with_keeper,123,collect_rollout,5504,0,19,-0.006666666362434626,False,False,0.0,0.0,0,0,0,0.0,0.0,0.0,0.0,-0.006666666362434626,1,-0.006666666362434626
,academy_3_vs_1_with_keeper,123,collect_rollout,5505,0,12,0.014134889817796648,False,False,0.0,0.0,0,0,0,0.0,0.0,0.0,0.0,0.014134889817796648,1,0.014134889817796648
,academy_3_vs_1_with_keeper,123,collect_rollout,5506,0,22,-0.009999999543651938,False,False,0.0,0.0,0,0,0,0.0,0.0,0.0,0.0,-0.009999999543651938,1,-0.009999999543651938
,academy_3_vs_1_with_keeper,123,collect_rollout,5507,0,31,2.1472677981946617,False,False,0.0,0.0,0,0,0,0.0,0.0,0.0,0.0,2.1472677981946617,1,2.1472677981946617
,academy_3_vs_1_with_keeper,123,collect_rollout,5508,0,21,0.0,False,False,0.0,0.0,0,0,0,0.0,0.0,0.0,0.0,0.0,1,0.0
,academy_3_vs_1_with_keeper,123,collect_rollout,5509,0,43,0.3633532872190699,False,False,0.0,0.0,0,0,0,0.0,0.0,0.0,0.0,0.3633532872190699,1,0.3633532872190699
,academy_3_vs_1_with_keeper,123,collect_rollout,5510,0,17,0.01738838746678084,False,False,0.0,0.0,0,0,0,0.0,0.0,0.0,0.0,0.01738838746678084,1,0.01738838746678084
,academy_3_vs_1_with_keeper,123,collect_rollout,5511,0,13,-0.006666666362434626,False,False,0.0,0.0,0,0,0,0.0,0.0,0.0,0.0,-0.006666666362434626,1,-0.006666666362434626
,academy_3_vs_1_with_keeper,123,collect_rollout,5512,0,44,2.1184114439529367,False,False,0.0,0.0,0,0,0,0.0,0.0,0.0,0.0,2.1184114439529367,1,2.1184114439529367
,academy_3_vs_1_with_keeper,123,collect_rollout,5513,0,10,0.03733775345608592,False,False,0.0,0.0,0,0,0,0.0,0.0,0.0,0.0,0.03733775345608592,1,0.03733775345608592
,academy_3_vs_1_with_keeper,123,collect_rollout,5514,0,17,0.0,False,False,0.0,0.0,0,0,0,0.0,0.0,0.0,0.0,0.0,1,0.0
,academy_3_vs_1_with_keeper,123,collect_rollout,5515,0,46,0.3527377953287214,False,False,0.0,0.0,0,0,0,0.0,0.0,0.0,0.0,0.3527377953287214,1,0.3527377953287214
,academy_3_vs_1_with_keeper,123,collect_rollout,5516,0,11,0.033999982522800565,False,False,0.0,0.0,0,0,0,0.0,0.0,0.0,0.0,0.033999982522800565,1,0.033999982522800565
,academy_3_vs_1_with_keeper,123,collect_rollout,5517,0,15,0.0,False,False,0.0,0.0,0,0,0,0.0,0.0,0.0,0.0,0.0,1,0.0
,academy_3_vs_1_with_keeper,123,collect_rollout,5518,0,27,2.140307391062379,False,False,0.0,0.0,0,0,0,0.0,0.0,0.0,0.0,2.140307391062379,1,2.140307391062379
,academy_3_vs_1_with_keeper,123,collect_rollout,5519,0,17,0.0,False,False,0.0,0.0,0,0,0,0.0,0.0,0.0,0.0,0.0,1,0.0
,academy_3_vs_1_with_keeper,123,collect_rollout,5520,0,18,-0.006666666362434626,False,False,0.0,0.0,0,0,0,0.0,0.0,0.0,0.0,-0.006666666362434626,1,-0.006666666362434626
,academy_3_vs_1_with_keeper,123,collect_rollout,5521,0,33,2.1317120894091204,False,False,0.0,0.0,0,0,0,0.0,0.0,0.0,0.0,2.1317120894091204,1,2.1317120894091204
,academy_3_vs_1_with_keeper,123,collect_rollout,5522,0,48,2.1257006821688265,False,False,0.0,0.0,0,0,0,0.0,0.0,0.0,0.0,2.1257006821688265,1,2.1257006821688265
,academy_3_vs_1_with_keeper,123,collect_rollout,5523,0,51,0.12110243336064741,False,False,0.0,0.0,0,0,0,0.0,0.0,0.0,0.0,0.12110243336064741,1,0.12110243336064741
,academy_3_vs_1_with_keeper,123,collect_rollout,5524,0,31,2.1042417369317263,False,False,0.0,0.0,0,0,0,0.0,0.0,0.0,0.0,2.1042417369317263,1,2.1042417369317263
,academy_3_vs_1_with_keeper,123,collect_rollout,5525,0,20,0.0,False,False,0.0,0.0,0,0,0,0.0,0.0,0.0,0.0,0.0,1,0.0
,academy_3_vs_1_with_keeper,123,collect_rollout,5526,0,15,-0.003333333181217313,False,False,0.0,0.0,0,0,0,0.0,0.0,0.0,0.0,-0.003333333181217313,1,-0.003333333181217313
,academy_3_vs_1_with_keeper,123,collect_rollout,5527,0,91,0.10519371241389308,False,False,0.0,0.0,0,0,0,0.0,0.0,0.0,0.0,0.10519371241389308,1,0.10519371241389308
,academy_3_vs_1_with_keeper,123,collect_rollout,5528,0,19,0.0,False,False,0.0,0.0,0,0,0,0.0,0.0,0.0,0.0,0.0,1,0.0
,academy_3_vs_1_with_keeper,123,collect_rollout,5529,0,30,0.11916492530144751,False,False,0.0,0.0,0,0,0,0.0,0.0,0.0,0.0,0.11916492530144751,1,0.11916492530144751
,academy_3_vs_1_with_keeper,123,collect_rollout,5530,0,1801,0.05581465282011777,False,False,0.0,0.0,0,0,0,0.0,0.0,0.0,0.0,0.05581465282011777,1,0.05581465282011777
,academy_3_vs_1_with_keeper,123,collect_rollout,5531,0,20,0.0,False,False,0.0,0.0,0,0,0,0.0,0.0,0.0,0.0,0.0,1,0.0
,academy_3_vs_1_with_keeper,123,collect_rollout,5532,0,16,-0.003333333181217313,False,False,0.0,0.0,0,0,0,0.0,0.0,0.0,0.0,-0.003333333181217313,1,-0.003333333181217313
,academy_3_vs_1_with_keeper,123,collect_rollout,5533,0,41,2.1225501680746675,False,False,0.0,0.0,0,0,0,0.0,0.0,0.0,0.0,2.1225501680746675,1,2.1225501680746675
,academy_3_vs_1_with_keeper,123,collect_rollout,5534,0,86,0.10032897483324632,False,False,0.0,0.0,0,0,0,0.0,0.0,0.0,0.0,0.10032897483324632,1,0.10032897483324632
,academy_3_vs_1_with_keeper,123,collect_rollout,5535,0,8,0.03166280023287982,False,False,0.0,0.0,0,0,0,0.0,0.0,0.0,0.0,0.03166280023287982,1,0.03166280023287982
,academy_3_vs_1_with_keeper,123,collect_rollout,5536,0,9,0.042739800876006484,False,False,0.0,0.0,0,0,0,0.0,0.0,0.0,0.0,0.042739800876006484,1,0.042739800876006484
,academy_3_vs_1_with_keeper,123,collect_rollout,5537,0,34,2.119403599645011,False,False,0.0,0.0,0,0,0,0.0,0.0,0.0,0.0,2.119403599645011,1,2.119403599645011
,academy_3_vs_1_with_keeper,123,collect_rollout,5538,0,10,0.02489678538404405,False,False,0.0,0.0,0,0,0,0.0,0.0,0.0,0.0,0.02489678538404405,1,0.02489678538404405
,academy_3_vs_1_with_keeper,123,collect_rollout,5539,0,9,0.04053228651173413,False,False,0.0,0.0,0,0,0,0.0,0.0,0.0,0.0,0.04053228651173413,1,0.04053228651173413
,academy_3_vs_1_with_keeper,123,collect_rollout,5540,0,31,2.133706855471246,False,False,0.0,0.0,0,0,0,0.0,0.0,0.0,0.0,2.133706855471246,1,2.133706855471246
,academy_3_vs_1_with_keeper,123,collect_rollout,5541,0,33,2.1117120887793135,False,False,0.0,0.0,0,0,0,0.0,0.0,0.0,0.0,2.1117120887793135,1,2.1117120887793135
,academy_3_vs_1_with_keeper,123,collect_rollout,5542,0,19,-0.006666666362434626,False,False,0.0,0.0,0,0,0,0.0,0.0,0.0,0.0,-0.006666666362434626,1,-0.006666666362434626
,academy_3_vs_1_with_keeper,123,collect_rollout,5543,0,16,0.0,False,False,0.0,0.0,0,0,0,0.0,0.0,0.0,0.0,0.0,1,0.0
,academy_3_vs_1_with_keeper,123,collect_rollout,5544,0,19,-0.006666666362434626,False,False,0.0,0.0,0,0,0,0.0,0.0,0.0,0.0,-0.006666666362434626,1,-0.006666666362434626
,academy_3_vs_1_with_keeper,123,collect_rollout,5545,0,15,0.0,False,False,0.0,0.0,0,0,0,0.0,0.0,0.0,0.0,0.0,1,0.0
,academy_3_vs_1_with_keeper,123,collect_rollout,5546,0,21,-0.003333333181217313,False,False,0.0,0.0,0,0,0,0.0,0.0,0.0,0.0,-0.003333333181217313,1,-0.003333333181217313
,academy_3_vs_1_with_keeper,123,collect_rollout,5547,0,15,0.0,False,False,0.0,0.0,0,0,0,0.0,0.0,0.0,0.0,0.0,1,0.0
,academy_3_vs_1_with_keeper,123,collect_rollout,5548,0,19,-0.006666666362434626,False,False,0.0,0.0,0,0,0,0.0,0.0,0.0,0.0,-0.006666666362434626,1,-0.006666666362434626
,academy_3_vs_1_with_keeper,123,collect_rollout,5549,0,84,0.12114548147656024,False,False,0.0,0.0,0,0,0,0.0,0.0,0.0,0.0,0.12114548147656024,1,0.12114548147656024
,academy_3_vs_1_with_keeper,123,collect_rollout,5550,0,20,-0.003333333181217313,False,False,0.0,0.0,0,0,0,0.0,0.0,0.0,0.0,-0.003333333181217313,1,-0.003333333181217313
,academy_3_vs_1_with_keeper,123,collect_rollout,5551,0,29,2.132514360593632,False,False,0.0,0.0,0,0,0,0.0,0.0,0.0,0.0,2.132514360593632,1,2.132514360593632
,academy_3_vs_1_with_keeper,123,collect_rollout,5552,0,18,-0.003333333181217313,False,False,0.0,0.0,0,0,0,0.0,0.0,0.0,0.0,-0.003333333181217313,1,-0.003333333181217313
,academy_3_vs_1_with_keeper,123,collect_rollout,5553,0,38,0.08619410486426204,False,False,0.0,0.0,0,0,0,0.0,0.0,0.0,0.0,0.08619410486426204,1,0.08619410486426204
,academy_3_vs_1_with_keeper,123,collect_rollout,5554,0,51,0.10749122709967196,False,False,0.0,0.0,0,0,0,0.0,0.0,0.0,0.0,0.10749122709967196,1,0.10749122709967196
,academy_3_vs_1_with_keeper,123,collect_rollout,5555,0,18,-0.003333333181217313,False,False,0.0,0.0,0,0,0,0.0,0.0,0.0,0.0,-0.003333333181217313,1,-0.003333333181217313
,academy_3_vs_1_with_keeper,123,collect_rollout,5556,0,30,0.1197839300148189,False,False,0.0,0.0,0,0,0,0.0,0.0,0.0,0.0,0.1197839300148189,1,0.1197839300148189
,academy_3_vs_1_with_keeper,123,collect_rollout,5557,0,23,2.1258203432662413,False,False,0.0,0.0,0,0,0,0.0,0.0,0.0,0.0,2.1258203432662413,1,2.1258203432662413
,academy_3_vs_1_with_keeper,123,collect_rollout,5558,0,30,2.153246118366951,False,False,0.0,0.0,0,0,0,0.0,0.0,0.0,0.0,2.153246118366951,1,2.153246118366951
,academy_3_vs_1_with_keeper,123,collect_rollout,5559,0,9,0.029844984645023942,False,False,0.0,0.0,0,0,0,0.0,0.0,0.0,0.0,0.029844984645023942,1,0.029844984645023942
,academy_3_vs_1_with_keeper,123,collect_rollout,5560,0,16,-0.003333333181217313,False,False,0.0,0.0,0,0,0,0.0,0.0,0.0,0.0,-0.003333333181217313,1,-0.003333333181217313
,academy_3_vs_1_with_keeper,123,collect_rollout,5561,0,18,0.0,False,False,0.0,0.0,0,0,0,0.0,0.0,0.0,0.0,0.0,1,0.0
,academy_3_vs_1_with_keeper,123,collect_rollout,5562,0,13,0.014064858900383115,False,False,0.0,0.0,0,0,0,0.0,0.0,0.0,0.0,0.014064858900383115,1,0.014064858900383115
,academy_3_vs_1_with_keeper,123,collect_rollout,5563,0,29,0.10570810572244227,False,False,0.0,0.0,0,0,0,0.0,0.0,0.0,0.0,0.10570810572244227,1,0.10570810572244227
,academy_3_vs_1_with_keeper,123,collect_rollout,5564,0,8,0.035411312826909125,False,False,0.0,0.0,0,0,0,0.0,0.0,0.0,0.0,0.035411312826909125,1,0.035411312826909125
,academy_3_vs_1_with_keeper,123,collect_rollout,5565,0,16,0.0,False,False,0.0,0.0,0,0,0,0.0,0.0,0.0,0.0,0.0,1,0.0
,academy_3_vs_1_with_keeper,123,collect_rollout,5566,0,19,-0.003333333181217313,False,False,0.0,0.0,0,0,0,0.0,0.0,0.0,0.0,-0.003333333181217313,1,-0.003333333181217313
,academy_3_vs_1_with_keeper,123,collect_rollout,5567,0,22,0.0,False,False,0.0,0.0,0,0,0,0.0,0.0,0.0,0.0,0.0,1,0.0
,academy_3_vs_1_with_keeper,123,collect_rollout,5568,0,14,0.0,False,False,0.0,0.0,0,0,0,0.0,0.0,0.0,0.0,0.0,1,0.0
,academy_3_vs_1_with_keeper,123,collect_rollout,5569,0,17,-0.006666666362434626,False,False,0.0,0.0,0,0,0,0.0,0.0,0.0,0.0,-0.006666666362434626,1,-0.006666666362434626
