run_id,episode_id,seed,tick,action_source,action_selected,forced_action,pre_ball_pos_x,pre_ball_pos_y,pre_ball_pos_z,pre_ball_vel_x,pre_ball_vel_y,pre_ball_vel_z,pre_owner_id,pre_teammate_1_x,pre_teammate_1_y,pre_teammate_2_x,pre_teammate_2_y,pre_pass_direction_x,pre_pass_direction_y,post_event_code,post_event_name,post_ball_pos_x,post_ball_pos_y,post_ball_pos_z,post_ball_vel_x,post_ball_vel_y,post_ball_vel_z,post_owner_id,post_last_kicked_by,post_teammate_1_x,post_teammate_1_y,post_teammate_1_vel_x,post_teammate_1_vel_y,post_teammate_2_x,post_teammate_2_y,post_teammate_2_vel_x,post_teammate_2_vel_y,mask_sum,pass_legal,shot_legal,has_ball,reward,terminated,truncated
pass_diag_2026-09-18,0,123,0,forced,5,11,0.22872516512870789,-0.03214564174413681,0.0,0.0,0.0,0.0,left_1,0.4375791549682617,-0.1866646111011505,0.4863680601119995,0.2629093527793884,0.8095614522462279,-0.5870351395248657,5,pass,0.26411697268486023,-0.0583299957215786,0.0,102.45929718017578,-75.80369567871094,0.0,,,0.4410991668701172,-0.1866646111011505,0.211200008392334,0.0,0.4898880422115326,0.2629093527793884,0.211200008392334,0.0,15,0,0,False,-0.005,False,False
pass_diag_2026-09-18,0,123,1,policy,7,,,,,,,,,,,,,,,0,,0.2982700765132904,-0.08359789103269577,0.0,98.87322235107422,-73.15056610107422,0.0,,,0.4437391459941864,-0.18314461410045624,0.1584000015258789,0.211200008392334,0.4925280511379242,0.2664293646812439,0.1584000015258789,0.211200008392334,15,0,0,False,-0.005877,False,False
pass_diag_2026-09-18,0,123,2,policy,7,,,,,,,,,,,,,,,0,,0.3312278091907501,-0.10798141360282898,0.0,95.41265869140625,-70.59030151367188,0.0,,,0.4457191526889801,-0.17698460817337036,0.11880000114440918,0.36959999084472656,0.4945080578327179,0.2725893557071686,0.11880000114440918,0.36959999084472656,15,0,0,False,-0.00536,False,False
pass_diag_2026-09-18,0,123,3,policy,17,,,,,,,,,,,,,,,0,,0.3630320429801941,-0.13151150941848755,0.0,92.07321166992188,-68.11963653564453,0.0,,,0.4472041726112366,-0.16884461045265198,0.08909999847412109,0.4884000015258789,0.495993047952652,0.28072935342788696,0.08909999847412109,0.4884000015258789,15,0,0,False,-0.004168,False,False
pass_diag_2026-09-18,0,123,4,policy,17,,,,,,,,,,,,,,,0,,0.39372310042381287,-0.15421806275844574,0.0,88.85065460205078,-65.7354507446289,0.0,,,0.44831791520118713,-0.1592196226119995,0.06682499885559082,0.5775,0.49710679054260254,0.2903543710708618,0.06682499885559082,0.5775,15,0,0,False,-0.004255,False,False
pass_diag_2026-09-18,0,123,5,policy,17,,,,,,,,,,,,,,,14,pass_completed,0.42333999276161194,-0.17612987756729126,0.0,85.74088287353516,-63.43470764160156,0.0,left_2,,0.44915321469306946,-0.1484808623790741,0.050118751525878906,0.6443250274658203,0.49794211983680725,0.30109310150146484,0.050118751525878906,0.6443250274658203,15,0,0,False,0.046653,False,False
pass_diag_2026-09-18,0,123,6,policy,17,,,,,,,,,,,,,,,0,,0.4497797191143036,-0.11190680414438248,0.0,1.8136723041534424,33.50691223144531,0.0,left_2,,0.4497797191143036,-0.13690680265426636,0.03758906364440918,0.6944437408447266,0.498568594455719,0.3126671612262726,0.03758906364440918,0.6944437408447266,15,0,0,False,0.055993,False,False
pass_diag_2026-09-18,0,123,7,policy,8,,,,,,,,,,,,,,,0,,0.43008288741111755,-0.10805957019329071,0.0,-5.845446586608887,32.33588409423828,0.0,left_2,,0.44776055216789246,-0.1257372349500656,-0.12114915847778321,0.6701737976074219,0.49654945731163025,0.3238367438316345,-0.12114915847778321,0.6701737976074219,15,0,0,False,0.01692,False,False
pass_diag_2026-09-18,0,123,8,policy,5,,,,,,,,,,,,,,,0,,0.47476619482040405,-0.11736007034778595,0.0,5.806314945220947,24.25191307067871,0.0,left_2,,0.4497661888599396,-0.11736007034778595,0.120338134765625,0.5026303100585937,0.49855509400367737,0.3322139084339142,0.120338134765625,0.5026303100585937,15,0,0,False,0.043263,False,False
pass_diag_2026-09-18,0,123,9,policy,17,,,,,,,,,,,,,,,0,,0.47979041934013367,-0.1110771894454956,0.0,14.545136451721191,18.188934326171875,0.0,left_2,,0.4547904133796692,-0.1110771894454956,0.30145360946655275,0.3769727325439453,0.503579318523407,0.33849677443504333,0.30145360946655275,0.3769727325439453,15,0,0,False,0.023125,False,False
pass_diag_2026-09-18,0,123,10,policy,17,,,,,,,,,,,,,,,0,,0.48707857728004456,-0.10636503249406815,0.0,21.099252700805664,13.641700744628906,0.0,left_2,,0.46207860112190247,-0.10636503249406815,0.4372901916503906,0.28272954940795897,0.5108674764633179,0.3432089388370514,0.4372901916503906,0.28272954940795897,15,0,0,False,0.022468,False,False
pass_diag_2026-09-18,0,123,11,policy,17,,,,,,,,,,,,,,,0,,0.4960647225379944,-0.1028309091925621,0.0,26.01483917236328,10.23127555847168,0.0,left_2,,0.4710647165775299,-0.1028309091925621,0.5391676330566406,0.21204717636108397,0.5198535919189453,0.34674307703971863,0.5391676330566406,0.21204717636108397,15,0,0,False,0.022004,False,False
pass_diag_2026-09-18,0,123,12,policy,17,,,,,,,,,,,,,,,7,tackle,0.49745097756385803,-0.12278281152248383,0.004999999888241291,4.108846664428711,-59.13743209838867,14.844444274902344,left_2,,0.48132431507110596,-0.10018032044172287,0.6155757522583007,0.1590353775024414,0.5301132202148438,0.34939366579055786,0.6155757522583007,0.1590353775024414,15,0,0,False,0.024652,False,False
pass_diag_2026-09-18,0,123,13,policy,1,,,,,,,,,,,,,,,0,,0.46049901843070984,-0.09819237887859344,0.0,12.085746765136719,5.755092620849609,0.0,left_2,,0.48549899458885193,-0.09819237887859344,0.25048179626464845,0.11927653312683105,0.5342879295349121,0.3513815999031067,0.25048179626464845,0.11927653312683105,15,0,0,False,0.000878,False,False
pass_diag_2026-09-18,0,123,14,policy,17,,,,,,,,,,,,,,,0,,0.46011003851890564,-0.09670142084360123,0.0,-1.1260896921157837,4.316319465637207,0.0,left_2,,0.48511001467704773,-0.09670142084360123,-0.02333864688873291,0.0894573974609375,0.5338989496231079,0.3528725504875183,-0.02333864688873291,0.0894573974609375,15,0,0,False,0.015548,False,False
pass_diag_2026-09-18,0,123,15,policy,1,,,,,,,,,,,,,,,0,,0.456298291683197,-0.09558320790529251,0.0,-11.034967422485352,3.2372395992279053,0.0,left_2,,0.4812982976436615,-0.09558320790529251,-0.22870399475097655,0.06709304809570313,0.5300871729850769,0.353990763425827,-0.22870399475097655,0.06709304809570313,15,0,0,False,0.013221,False,False
pass_diag_2026-09-18,0,123,16,policy,5,,,,,,,,,,,,,,,0,,0.5069594979286194,-0.09474454075098038,0.0,1.9141745567321777,2.427929639816284,0.0,left_2,,0.4819594919681549,-0.09474454075098038,0.03967200994491577,0.050319786071777346,0.5307483673095703,0.35482943058013916,0.03967200994491577,0.050319786071777346,15,0,0,False,0.059989,False,False
pass_diag_2026-09-18,0,123,17,policy,4,,,,,,,,,,,,,,,0,,0.5026220679283142,-0.11428222805261612,0.0,8.641331672668457,-5.384753704071045,0.0,left_2,,0.4849444031715393,-0.09660456329584122,0.17909496307373046,-0.11160111427307129,0.5337333083152771,0.3529694080352783,0.17909496307373046,-0.11160111427307129,15,0,0,False,0.022075,False,False
pass_diag_2026-09-18,0,123,18,policy,1,,,,,,,,,,,,,,,0,,0.45866310596466064,-0.09799957275390625,0.0,-3.7094011306762695,-4.038565158843994,0.0,left_2,,0.4836631119251251,-0.09799957275390625,-0.07687878131866455,-0.08370083808898926,0.5384610295295715,0.34908539056777954,0.283662166595459,-0.23304178237915038,15,0,0,False,-0.005412,False,False
pass_diag_2026-09-18,0,123,19,policy,4,,,,,,,,,,,,,,,0,,0.5028687715530396,-0.11921252310276031,0.0,4.42365026473999,-10.234624862670898,0.0,left_2,,0.48519113659858704,-0.10153485089540482,0.09168187141418457,-0.21211658477783202,0.5444958209991455,0.3436833620071411,0.36208759307861327,-0.32412227630615237,15,0,0,False,0.041776,False,False
pass_diag_2026-09-18,0,123,20,policy,5,,,,,,,,,,,,,,,0,,0.5148571729660034,-0.10418630391359329,0.0,13.508137702941895,-7.675968647003174,0.0,left_2,,0.48985716700553894,-0.10418630391359329,0.27996139526367186,-0.15908742904663087,0.5525419116020203,0.3396318256855011,0.4827656936645508,-0.24309171676635744,15,0,0,False,0.027511,False,False
pass_diag_2026-09-18,0,123,21,policy,1,,,,,,,,,,,,,,,0,,0.46483665704727173,-0.10617490112781525,0.0,-0.05929682031273842,-5.75697660446167,0.0,left_2,,0.4898366630077362,-0.10617490112781525,-0.001228949651122093,-0.11931557655334472,0.5550564527511597,0.3365931808948517,0.1508742618560791,-0.1823187828063965,15,0,0,False,-0.01065,False,False
pass_diag_2026-09-18,0,123,22,policy,5,,,,,,,,,,,,,,,0,,0.5183413028717041,-0.10766634345054626,0.0,10.145927429199219,-4.317732334136963,0.0,left_2,,0.4933412969112396,-0.10766634345054626,0.21027828216552735,-0.08948668479919433,0.5604624152183533,0.3343141973018646,0.3243556976318359,-0.13673909187316893,15,0,0,False,0.044441,False,False
pass_diag_2026-09-18,0,123,23,policy,1,,,,,,,,,,,,,,,0,,0.46744978427886963,-0.10878492891788483,0.0,-2.5809545516967773,-3.2382993698120117,0.0,left_2,,0.4924497902393341,-0.10878492891788483,-0.05349128246307373,-0.06711501121520996,0.5609968304634094,0.33260494470596313,0.03206677436828613,-0.1025543212890625,15,0,0,False,-0.011341,False,False
pass_diag_2026-09-18,0,123,24,policy,5,,,,,,,,,,,,,,,0,,0.5203011631965637,-0.10962386429309845,0.0,8.254684448242188,-2.428724527359009,0.0,left_2,,0.49530115723609924,-0.10962386429309845,0.17108154296875,-0.05033625602722168,0.5649176836013794,0.3313230276107788,0.23525007247924803,-0.07691574096679688,15,0,0,False,0.042988,False,False
pass_diag_2026-09-18,0,123,25,policy,17,,,,,,,,,,,,,,,0,,0.5259596705436707,-0.11025306582450867,0.0,16.381412506103516,-1.8215433359146118,0.0,left_2,,0.5009596943855286,-0.11025306582450867,0.33951114654541015,-0.03775219440460205,0.5713782906532288,0.33036157488822937,0.38763755798339844,-0.057686805725097656,15,0,0,False,0.019025,False,False
pass_diag_2026-09-18,0,123,26,policy,17,,,,,,,,,,,,,,,0,,0.5337235331535339,-0.11072497069835663,0.0,22.476459503173828,-1.3661575317382812,0.0,left_2,,0.5087235569953918,-0.11072497069835663,0.46583335876464843,-0.028314144611358644,0.5797438025474548,0.3296404778957367,0.5019281768798828,-0.04326510429382324,15,0,0,False,0.019332,False,False
pass_diag_2026-09-18,0,123,27,policy,17,,,,,,,,,,,,,,,0,,0.5430665016174316,-0.1110788956284523,0.0,27.047744750976562,-1.024618148803711,0.0,left_2,,0.5180664658546448,-0.1110788956284523,0.5605750274658203,-0.02123560905456543,0.5895378589630127,0.3290996849536896,0.5876461410522461,-0.03244882822036743,15,0,0,False,0.019501,False,False
pass_diag_2026-09-18,0,123,28,policy,2,,,,,,,,,,,,,,,0,,0.504906952381134,-0.13151103258132935,0.0,13.080107688903809,-7.9741644859313965,0.0,left_2,,0.5225846171379089,-0.11383336037397385,0.2710903167724609,-0.1652676582336426,0.5943944454193115,0.3262050449848175,0.2913936424255371,-0.17367757797241212,15,0,0,False,0.01399,False,False
pass_diag_2026-09-18,0,123,29,policy,1,,,,,,,,,,,,,,,0,,0.4974532723426819,-0.11589920520782471,0.0,-0.380319207906723,-5.980623245239258,0.0,left_2,,0.522453248500824,-0.11589920520782471,-0.007882263660430908,-0.12395074844360351,0.5945168733596802,0.32403409481048584,0.007345232367515564,-0.1302581787109375,15,0,0,False,0.011582,False,False
pass_diag_2026-09-18,0,123,30,policy,5,,,,,,,,,,,,,,,0,,0.5508747696876526,-0.117448590695858,0.0,9.905160903930664,-4.485467433929443,0.0,left_2,,0.5258747339248657,-0.117448590695858,0.2052882957458496,-0.09296305656433106,0.5981286764144897,0.3224058449268341,0.21670892715454101,-0.09769363403320312,15,0,0,False,0.040242,False,False
pass_diag_2026-09-18,0,123,31,policy,1,,,,,,,,,,,,,,,0,,0.4999208450317383,-0.11861062794923782,0.0,-2.7615294456481934,-3.364100694656372,0.0,left_2,,0.5249208211898804,-0.11861062794923782,-0.05723377227783203,-0.06972229480743408,0.5973175168037415,0.3211846947669983,-0.04866830825805664,-0.07327022552490234,15,0,0,False,-0.011845,False,False
pass_diag_2026-09-18,0,123,32,policy,5,,,,,,,,,,,,,,,0,,0.5527254343032837,-0.11948215961456299,0.0,8.119253158569336,-2.523075580596924,0.0,left_2,,0.5277253985404968,-0.11948215961456299,0.1682746696472168,-0.05229172229766846,0.6002292037010193,0.32026880979537964,0.17469877243041992,-0.05495266914367676,15,0,0,False,0.039543,False,False
pass_diag_2026-09-18,0,123,33,policy,5,,,,,,,,,,,,,,,0,,0.5583488345146179,-0.12013580650091171,0.0,16.27984046936035,-1.8923065662384033,0.0,left_2,,0.5333488583564758,-0.12013580650091171,0.337406005859375,-0.03921879053115845,0.605932891368866,0.31958189606666565,0.34222408294677736,-0.04121450424194336,15,0,0,False,0.028843,False,False
pass_diag_2026-09-18,0,123,34,policy,18,,,,,,,,,,,,,,,0,,0.5660864114761353,-0.1206260398030281,0.0,22.400279998779297,-1.4192299842834473,0.0,left_2,,0.5410864353179932,-0.1206260398030281,0.4642544937133789,-0.029414093494415282,0.6077216863632202,0.3215557336807251,0.10732710838317872,0.11843007087707519,15,0,0,False,0.025986,False,False
pass_diag_2026-09-18,0,123,35,policy,7,,,,,,,,,,,,,,,0,,0.54688960313797,-0.09247371554374695,0.0,16.800209045410156,9.125977516174316,0.0,left_2,,0.54688960313797,-0.11747371405363083,0.3481908798217773,0.18913942337036133,0.6090632677078247,0.32655611634254456,0.08049532890319824,0.3000225639343262,15,0,0,False,0.007619,False,False
pass_diag_2026-09-18,0,123,36,policy,8,,,,,,,,,,,,,,,0,,0.5310752987861633,-0.09494278579950333,0.0,5.394456386566162,14.05018424987793,0.0,left_2,,0.5487529635429382,-0.11262045800685883,0.11180220603942871,0.2911955261230469,0.6075804829597473,0.3327954113483429,-0.08896945953369141,0.37435787200927734,15,0,0,False,0.005326,False,False
pass_diag_2026-09-18,0,123,37,policy,3,,,,,,,,,,,,,,,0,,0.5501505136489868,-0.13750050961971283,0.0,4.045842170715332,0.34723806381225586,0.0,left_2,,0.5501505136489868,-0.11250051110982895,0.08385165214538574,0.007196643948554992,0.6064683198928833,0.3339548707008362,-0.06672708988189698,0.06956840038299561,15,0,0,False,0.024023,False,False
pass_diag_2026-09-18,0,123,38,policy,5,,,,,,,,,,,,,,,0,,0.5797186493873596,-0.11241055279970169,0.0,13.22478199005127,0.2604285478591919,0.0,left_2,,0.5547186732292175,-0.11241055279970169,0.2740887451171875,0.005397483110427857,0.6091542840003967,0.33482447266578674,0.16115468978881836,0.05217630386352539,15,0,0,False,0.030688,False,False
pass_diag_2026-09-18,0,123,39,policy,2,,,,,,,,,,,,,,,0,,0.5379781126976013,-0.1325097680091858,0.0,2.7128853797912598,-7.010379314422607,0.0,left_2,,0.5556557774543762,-0.11483210325241089,0.05622560501098633,-0.14529284477233886,0.6086796522140503,0.3329876661300659,-0.02847494125366211,-0.11020872116088867,15,0,0,False,-0.004381,False,False
pass_diag_2026-09-18,0,123,40,policy,5,,,,,,,,,,,,,,,0,,0.5848785638809204,-0.11664826422929764,0.0,12.225064277648926,-5.257784843444824,0.0,left_2,,0.5598785877227783,-0.11664826422929764,0.25336919784545897,-0.10896963119506836,0.6118437647819519,0.3316100537776947,0.18984378814697267,-0.08265654563903808,15,0,0,False,0.037471,False,False
pass_diag_2026-09-18,0,123,41,policy,6,,,,,,,,,,,,,,,0,,0.5832123756408691,-0.097843699157238,0.0,16.37449836730957,3.262362480163574,0.0,left_2,,0.5655347108840942,-0.11552136391401291,0.3393678665161133,0.06761373043060302,0.6167057752609253,0.33306586742401123,0.29172380447387697,0.08734854698181152,15,0,0,False,0.01404,False,False
pass_diag_2026-09-18,0,123,42,policy,6,,,,,,,,,,,,,,,0,,0.5899434685707092,-0.09450951218605042,0.0,19.486576080322266,9.652472496032715,0.0,left_2,,0.5722658038139343,-0.11218717694282532,0.4038668441772461,0.20005125045776367,0.6228413581848145,0.3366467356681824,0.3681338119506836,0.21485235214233397,15,0,0,False,0.015932,False,False
pass_diag_2026-09-18,0,123,43,policy,2,,,,,,,,,,,,,,,0,,0.5571474432945251,-0.12985321879386902,0.0,7.4092302322387695,0.03365364670753479,0.0,left_2,,0.5748251080513,-0.11217555403709412,0.15355917930603027,0.0006974849104881286,0.6249540448188782,0.3368433713912964,0.12675939559936522,0.011798317432403565,15,0,0,False,-0.003098,False,False
pass_diag_2026-09-18,0,123,44,policy,2,,,,,,,,,,,,,,,0,,0.5565779209136963,-0.13233351707458496,0.0,-1.6487780809402466,-7.1804609298706055,0.0,left_2,,0.5742555856704712,-0.11465585231781006,-0.0341715669631958,-0.14881783485412597,0.6240494847297668,0.33450183272361755,-0.05427140235900879,-0.1404922103881836,15,0,0,False,0.015714,False,False
pass_diag_2026-09-18,0,123,45,policy,5,,,,,,,,,,,,,,,0,,0.6023484468460083,-0.11651607602834702,0.0,8.953816413879395,-5.385345458984375,0.0,left_2,,0.5773484706878662,-0.11651607602834702,0.18557132720947267,-0.11161337852478027,0.6268910765647888,0.3327457010746002,0.17049644470214845,-0.1053691577911377,15,0,0,False,0.059189,False,False
pass_diag_2026-09-18,0,123,46,policy,2,,,,,,,,,,,,,,,0,,0.5595014095306396,-0.13807792961597443,0.0,-0.49033862352371216,-11.244709968566895,0.0,left_2,,0.5771790742874146,-0.12040025740861893,-0.010162458419799805,-0.23305099487304687,0.6265332698822021,0.3289395570755005,-0.021468615531921385,-0.22836782455444335,15,0,0,False,-0.008024,False,False
pass_diag_2026-09-18,0,123,47,policy,5,,,,,,,,,,,,,,,7,tackle,0.5737504363059998,-0.12404346466064453,0.004999999888241291,42.234031677246094,41.59813690185547,14.844444274902344,left_2,,0.5805720686912537,-0.12331339716911316,0.2035781478881836,-0.17478824615478517,0.6297849416732788,0.3260849714279175,0.1950985336303711,-0.17127586364746095,15,0,0,False,0.024213,False,False
pass_diag_2026-09-18,0,123,48,policy,2,,,,,,,,,,,,,,,0,,0.562950074672699,-0.14566493034362793,0.0,0.16128356754779816,-13.530850410461426,0.0,left_2,,0.5806277990341187,-0.12798726558685303,0.0033426648378372193,-0.28043212890625,0.6297346353530884,0.3214550018310547,-0.0030170491337776183,-0.2777978515625,15,0,0,False,0.005747,False,False
pass_diag_2026-09-18,0,123,49,policy,5,,,,,,,,,,,,,,,0,,0.6091895699501038,-0.13149265944957733,0.0,10.311362266540527,-10.148138046264648,0.0,left_2,,0.5841895341873169,-0.13149265944957733,0.21370698928833007,-0.2103240966796875,0.633216917514801,0.3179825246334076,0.20893720626831055,-0.208348388671875,15,0,0,False,0.059173,False,False
pass_diag_2026-09-18,0,123,50,policy,2,,,,,,,,,,,,,,,0,,0.5666942000389099,-0.1542883962392807,0.0,0.5278210639953613,-14.816803932189941,0.0,left_2,,0.5843718647956848,-0.1366107314825058,0.01093929648399353,-0.3070840263366699,0.6333396434783936,0.3128891587257385,0.007361957430839538,-0.30560224533081054,15,0,0,False,-0.509763,False,True
pass_diag_2026-09-18,1,1132,0,forced,5,11,0.21973519027233124,0.001275338465347886,0.0,0.0,0.0,0.0,left_1,0.47825461626052856,-0.25281235575675964,0.474968284368515,0.19197337329387665,0.8056162697076025,0.5924376979754138,5,pass,0.25500333309173584,0.027626022696495056,0.0,102.10128021240234,76.28522491455078,0.0,,,0.48177459836006165,-0.25281235575675964,0.211200008392334,0.0,0.4784882664680481,0.19197337329387665,0.211200008392334,0.0,15,0,0,False,-0.005,False,False
pass_diag_2026-09-18,1,1132,1,policy,18,,,,,,,,,,,,,,,0,,0.2890371084213257,0.05305442959070206,0.0,98.52774047851562,73.61524200439453,0.0,,,0.4879346191883087,-0.25281235575675964,0.36959999084472656,0.0,0.48464828729629517,0.19197337329387665,0.36959999084472656,0.0,15,0,0,False,-0.005848,False,False
pass_diag_2026-09-18,1,1132,2,policy,18,,,,,,,,,,,,,,,0,,0.32187968492507935,0.07759284973144531,0.0,95.07926940917969,71.03871154785156,0.0,,,0.4960746169090271,-0.25281235575675964,0.4884000015258789,0.0,0.49278828501701355,0.19197337329387665,0.4884000015258789,0.0,15,0,0,False,-0.005819,False,False
pass_diag_2026-09-18,1,1132,3,policy,18,,,,,,,,,,,,,,,0,,0.3535727560520172,0.10127241909503937,0.0,91.75149536132812,68.55236053466797,0.0,,,0.505699634552002,-0.25281235575675964,0.5775,0.0,0.502413272857666,0.19197337329387665,0.5775,0.0,15,0,0,False,-0.004953,False,False
pass_diag_2026-09-18,1,1132,4,policy,18,,,,,,,,,,,,,,,0,,0.38415661454200745,0.12412320077419281,0.0,88.54019165039062,66.15302276611328,0.0,,,0.516438364982605,-0.25281235575675964,0.6443250274658203,0.0,0.513152003288269,0.19197337329387665,0.6443250274658203,0.0,15,0,0,False,-0.004429,False,False
pass_diag_2026-09-18,1,1132,5,policy,18,,,,,,,,,,,,,,,0,,0.41367000341415405,0.14617420732975006,0.0,85.4412841796875,63.837669372558594,0.0,,,0.5280123949050903,-0.25281235575675964,0.6944437408447266,0.0,0.5212060809135437,0.19549337029457092,0.4832437515258789,0.211200008392334,15,0,0,False,-0.004451,False,False
pass_diag_2026-09-18,1,1132,6,policy,18,,,,,,,,,,,,,,,0,,0.44215041399002075,0.16745343804359436,0.0,82.45083618164062,61.60335159301758,0.0,,,0.5402129888534546,-0.25281235575675964,0.7320327758789062,0.0,0.5272466540336609,0.2016533762216568,0.36243282318115233,0.36959999084472656,15,0,0,False,-0.004468,False,False
pass_diag_2026-09-18,1,1132,7,policy,18,,,,,,,,,,,,,,,0,,0.4696340262889862,0.18798787891864777,0.0,79.56505584716797,59.44723129272461,0.0,,,0.5528833866119385,-0.25281235575675964,0.760224609375,0.0,0.531777024269104,0.20979337394237518,0.2718246078491211,0.4884000015258789,15,0,0,False,-0.004483,False,False
pass_diag_2026-09-18,1,1132,8,policy,18,,,,,,,,,,,,,,,0,,0.4961557388305664,0.2078036218881607,0.0,76.78028106689453,57.366580963134766,0.0,,,0.5659061670303345,-0.25281235575675964,0.7813684844970703,0.0,0.5351748466491699,0.21941837668418884,0.20386846542358397,0.5775,15,0,0,False,-0.004497,False,False
pass_diag_2026-09-18,1,1132,9,policy,18,,,,,,,,,,,,,,,14,pass_completed,0.5217491388320923,0.2269258201122284,0.0,74.09297180175781,55.35874938964844,0.0,left_3,,0.5791932940483093,-0.25281235575675964,0.7972263336181641,0.0,0.537723183631897,0.23015712201595306,0.1529013442993164,0.6443250274658203,15,0,0,False,0.043317,False,False
pass_diag_2026-09-18,1,1132,10,policy,18,,,,,,,,,,,,,,,0,,0.5396344661712646,0.2667312026023865,0.0,5.533117294311523,33.50691223144531,0.0,left_3,,0.5926786065101624,-0.25281235575675964,0.8091197204589844,0.0,0.5396344661712646,0.2417311817407608,0.1146760082244873,0.6944437408447266,15,0,0,False,0.024691,False,False
pass_diag_2026-09-18,1,1132,11,policy,6,,,,,,,,,,,,,,,0,,0.5612345933914185,0.27057841420173645,0.0,11.355539321899414,32.33588409423828,0.0,left_3,,0.60528165102005,-0.2503233551979065,0.7561808013916016,0.1493409538269043,0.5435569286346436,0.25290074944496155,0.23534795761108399,0.6701737976074219,15,0,0,False,0.030604,False,False
pass_diag_2026-09-18,1,1132,12,policy,6,,,,,,,,,,,,,,,0,,0.5666654706001282,0.28144460916519165,0.0,15.722354888916016,31.45761489868164,0.0,left_3,,0.6172229051589966,-0.2459675669670105,0.7164765167236328,0.26134666442871096,0.5489878058433533,0.26376694440841675,0.32585193634033205,0.6519712829589843,15,0,0,False,0.034389,False,False
pass_diag_2026-09-18,1,1132,13,policy,6,,,,,,,,,,,,,,,0,,0.5732276439666748,0.2920832633972168,0.0,18.997467041015625,30.798912048339844,0.0,left_3,,0.6286678910255432,-0.24021172523498535,0.6866983795166015,0.3453509521484375,0.5555499792098999,0.2744055986404419,0.39372989654541013,0.6383193969726563,15,0,0,False,0.025992,False,False
pass_diag_2026-09-18,1,1132,14,policy,7,,,,,,,,,,,,,,,0,,0.5604715943336487,0.3109045922756195,0.0,14.248100280761719,33.28958511352539,0.0,left_3,,0.637251615524292,-0.23237483203411102,0.5150237655639649,0.4702132034301758,0.5604715943336487,0.28590458631515503,0.2952974128723145,0.6899395751953125,15,0,0,False,0.01171,False,False
pass_diag_2026-09-18,1,1132,15,policy,7,,,,,,,,,,,,,,,0,,0.5641627907752991,0.32304883003234863,0.0,10.686075210571289,35.157588958740234,0.0,left_3,,0.6436893939971924,-0.2229771763086319,0.38626781463623044,0.5638599014282226,0.5641627907752991,0.29804882407188416,0.22147306442260742,0.7286546325683594,15,0,0,False,0.017933,False,False
pass_diag_2026-09-18,1,1132,16,policy,7,,,,,,,,,,,,,,,0,,0.5669312477111816,0.33567702770233154,0.0,8.014556884765625,36.558589935302734,0.0,left_3,,0.6485177278518677,-0.2124089151620865,0.289700870513916,0.6340949249267578,0.5669312477111816,0.31067702174186707,0.16610479354858398,0.7576909637451172,15,0,0,False,0.015705,False,False
pass_diag_2026-09-18,1,1132,17,policy,3,,,,,,,,,,,,,,,0,,0.5690075159072876,0.2916281521320343,0.0,6.0109171867370605,17.22854232788086,0.0,left_3,,0.6521390080451965,-0.2080027312040329,0.2172756576538086,0.2643712043762207,0.5690075159072876,0.3166281580924988,0.12457859992980957,0.3570682525634766,15,0,0,False,0.03102,False,False
pass_diag_2026-09-18,1,1132,18,policy,6,,,,,,,,,,,,,,,0,,0.5503981113433838,0.30092480778694153,0.0,-2.6975128650665283,5.7157063484191895,0.0,left_3,,0.6523659229278564,-0.20718711614608765,0.013615784645080566,0.04893744945526123,0.5680757761001587,0.3186025023460388,-0.055907001495361326,0.11846023559570312,15,0,0,False,0.006024,False,False
pass_diag_2026-09-18,1,1132,19,policy,3,,,,,,,,,,,,,,,0,,0.5673769116401672,0.2915632426738739,0.0,-2.023134708404541,-5.90362024307251,0.0,left_3,,0.652536153793335,-0.2100953906774521,0.010211838483810425,-0.17449691772460937,0.5673769116401672,0.3165632486343384,-0.041930251121520996,-0.12235482215881348,15,0,0,False,0.025264,False,False
pass_diag_2026-09-18,1,1132,20,policy,6,,,,,,,,,,,,,,,0,,0.5870195031166077,0.3352004885673523,0.0,5.688349723815918,2.7779858112335205,0.0,left_3,,0.6551527976989746,-0.20978759229183197,0.1569998359680176,0.01846826672554016,0.569341778755188,0.3175228238105774,0.11789326667785645,0.057574834823608395,15,0,0,False,0.009903,False,False
pass_diag_2026-09-18,1,1132,21,policy,2,,,,,,,,,,,,,,,0,,0.5506488084793091,0.2980758249759674,0.0,-2.939438581466675,-5.122211456298828,0.0,left_3,,0.6546263098716736,-0.21204574406147003,-0.0315910792350769,-0.13548974990844725,0.568326473236084,0.3157534897327423,-0.060921006202697754,-0.10615983009338378,15,0,0,False,0.010821,False,False
pass_diag_2026-09-18,1,1132,22,policy,6,,,,,,,,,,,,,,,0,,0.587731659412384,0.33459317684173584,0.0,5.001121997833252,3.364042282104492,0.0,left_3,,0.6567203998565674,-0.21125034987926483,0.1256476402282715,0.047723636627197266,0.5700539350509644,0.31691551208496094,0.10365019798278809,0.06972108364105224,15,0,0,False,0.018179,False,False
pass_diag_2026-09-18,1,1132,23,policy,2,,,,,,,,,,,,,,,0,,0.5511829257011414,0.29762032628059387,0.0,-3.454859495162964,-4.682669162750244,0.0,left_3,,0.6558020114898682,-0.21314282715320587,-0.055105218887329104,-0.11354822158813477,0.5688605904579163,0.31529802083969116,-0.07160330295562745,-0.097050142288208,15,0,0,False,0.009875,False,False
pass_diag_2026-09-18,1,1132,24,policy,6,,,,,,,,,,,,,,,7,tackle,0.562484622001648,0.31412097811698914,0.004999999888241291,33.49830627441406,48.907894134521484,14.844444274902344,left_3,,0.6576021909713745,-0.2120731621980667,0.10801203727722168,0.06417978286743165,0.5704545378684998,0.3165738880634308,0.09563847541809083,0.0765533447265625,15,0,0,False,0.013618,False,False
pass_diag_2026-09-18,1,1132,25,policy,6,,,,,,,,,,,,,,,0,,0.5514833331108093,0.29736414551734924,0.0,-3.744783639907837,-4.435426712036133,0.0,left_3,,0.6614413857460022,-0.208781898021698,0.23034997940063476,0.1974757957458496,0.5691609978675842,0.31504181027412415,-0.07761209487915038,-0.09192594528198242,15,0,0,False,0.012916,False,False
pass_diag_2026-09-18,1,1132,26,policy,2,,,,,,,,,,,,,,,0,,0.5480241775512695,0.29372602701187134,0.0,-10.014288902282715,-10.532271385192871,0.0,left_3,,0.6618317365646362,-0.2088024765253067,0.023421533107757568,-0.001234109327197075,0.5657018423080444,0.31140372157096863,-0.20755002975463868,-0.21828540802001953,15,0,0,False,0.012298,False,False
pass_diag_2026-09-18,1,1132,27,policy,5,,,,,,,,,,,,,,,0,,0.5916274785995483,0.3086751401424408,0.0,2.6796834468841553,-7.899203300476074,0.0,left_3,,0.6656444668769836,-0.20881789922714233,0.22876615524291993,-0.0009255819767713546,0.5666274428367615,0.3086751401424408,0.055537481307983395,-0.16371406555175783,15,0,0,False,0.026063,False,False
pass_diag_2026-09-18,1,1132,28,policy,2,,,,,,,,,,,,,,,0,,0.5471550226211548,0.28646203875541687,0.0,-5.1959381103515625,-13.13010311126709,0.0,left_3,,0.6660150289535522,-0.2113184779882431,0.022233660221099853,-0.15003514289855957,0.5648326873779297,0.3041397035121918,-0.10768784523010254,-0.27212650299072266,15,0,0,False,0.000307,False,False
pass_diag_2026-09-18,1,1132,29,policy,5,,,,,,,,,,,,,,,0,,0.5920065641403198,0.300738126039505,0.0,6.293446063995361,-9.847577095031738,0.0,left_3,,0.6698129773139954,-0.21319392323493958,0.22787525177001952,-0.1125263500213623,0.5670065879821777,0.300738126039505,0.13043412208557129,-0.20409486770629884,15,0,0,False,0.026566,False,False
pass_diag_2026-09-18,1,1132,30,policy,5,,,,,,,,,,,,,,,0,,0.5971570014953613,0.29818692803382874,0.0,14.910484313964844,-7.385683059692383,0.0,left_3,,0.676181435585022,-0.21460050344467163,0.3821064376831055,-0.0843947696685791,0.5721570253372192,0.29818692803382874,0.3090255928039551,-0.1530711555480957,15,0,0,False,0.014712,False,False
pass_diag_2026-09-18,1,1132,31,policy,2,,,,,,,,,,,,,,,0,,0.5558531284332275,0.2761068642139435,0.0,3.9771625995635986,-12.744963645935059,0.0,left_3,,0.6784687042236328,-0.21814444661140442,0.13723887443542482,-0.21263702392578124,0.5735307931900024,0.2937845289707184,0.08242823600769043,-0.2641443252563477,15,0,0,False,0.009111,False,False
pass_diag_2026-09-18,1,1132,32,policy,5,,,,,,,,,,,,,,,0,,0.6030811667442322,0.2904827296733856,0.0,13.173272132873535,-9.558722496032715,0.0,left_3,,0.6837041974067688,-0.2208024114370346,0.3141291618347168,-0.15947776794433594,0.5780811309814453,0.2904827296733856,0.27302118301391604,-0.19810823440551759,15,0,0,False,0.050558,False,False
pass_diag_2026-09-18,1,1132,33,policy,2,,,,,,,,,,,,,,,0,,0.5613272190093994,0.2678396999835968,0.0,2.674252986907959,-14.37474250793457,0.0,left_3,,0.6851418018341064,-0.2252849042415619,0.08625591278076172,-0.26894927978515626,0.5790048837661743,0.2855173647403717,0.05542493343353271,-0.29792213439941406,15,0,0,False,0.007357,False,False
pass_diag_2026-09-18,1,1132,34,policy,5,,,,,,,,,,,,,,,0,,0.608217716217041,0.2817933261394501,0.0,12.196089744567871,-10.781057357788086,0.0,left_3,,0.689740002155304,-0.22864677011966705,0.2758919334411621,-0.2017119598388672,0.5832177400588989,0.2817933261394501,0.25276870727539064,-0.22344160079956055,15,0,0,False,0.041902,False,False
pass_diag_2026-09-18,1,1132,35,policy,2,,,,,,,,,,,,,,,0,,0.5662106275558472,0.2588336169719696,0.0,1.9413663148880005,-15.29149341583252,0.0,left_3,,0.6906996369361877,-0.23365718126296997,0.05757800102233887,-0.3006249237060547,0.5838882923126221,0.2765112817287445,0.04023557186126709,-0.31692214965820314,15,0,0,False,0.005976,False,False
pass_diag_2026-09-18,1,1132,36,policy,5,,,,,,,,,,,,,,,0,,0.6129112839698792,0.2725497782230377,0.0,11.646425247192383,-11.468620300292969,0.0,left_3,,0.694939374923706,-0.23741500079631805,0.25438350677490235,-0.225468692779541,0.5879112482070923,0.2725497782230377,0.2413766860961914,-0.23769161224365234,15,0,0,False,0.050864,False,False
pass_diag_2026-09-18,1,1132,37,policy,2,,,,,,,,,,,,,,,0,,0.5707617998123169,0.249411940574646,0.0,1.5291175842285156,-15.80716609954834,0.0,left_3,,0.6956301331520081,-0.24272236227989197,0.04144667148590088,-0.31844247817993165,0.5884394645690918,0.2670896053314209,0.031691558361053467,-0.32760967254638673,15,0,0,False,0.004827,False,False
pass_diag_2026-09-18,1,1132,38,policy,1,,,,,,,,,,,,,,,0,,0.6173555850982666,0.2629944980144501,0.0,11.337238311767578,-11.855374336242676,0.0,left_3,,0.6996682286262512,-0.2467028945684433,0.24228500366210937,-0.23883184432983398,0.5923556089401245,0.2629944980144501,0.2349686622619629,-0.24570724487304688,15,0,0,False,0.042278,False,False
pass_diag_2026-09-18,1,1132,39,policy,2,,,,,,,,,,,,,,,0,,0.5751259922981262,0.23975646495819092,0.0,1.2972277402877808,-16.097232818603516,0.0,left_3,,0.7002077698707581,-0.25217732787132263,0.032372801303863524,-0.3284648513793945,0.5928036570549011,0.2574341297149658,0.026885547637939454,-0.3336213684082031,15,0,0,False,0.003834,False,False
pass_diag_2026-09-18,1,1132,40,policy,5,,,,,,,,,,,,,,,0,,0.6216597557067871,0.2532638609409332,0.0,11.163320541381836,-12.07292366027832,0.0,left_3,,0.7041324377059937,-0.25628313422203064,0.2354796028137207,-0.24634862899780274,0.596659779548645,0.2532638609409332,0.23136415481567382,-0.25021604537963865,15,0,0,False,0.038605,False,False
pass_diag_2026-09-18,1,1132,41,policy,5,,,,,,,,,,,,,,,0,,0.6280717849731445,0.2501361668109894,0.0,18.562891006469727,-9.054693222045898,0.0,left_3,,0.7105959057807922,-0.25936248898506165,0.3878097152709961,-0.18476146697998047,0.6030718088150024,0.2501361668109894,0.38472312927246094,-0.18766202926635742,15,0,0,False,0.023534,False,False
pass_diag_2026-09-18,1,1132,42,policy,2,,,,,,,,,,,,,,,0,,0.5877141356468201,0.22762370109558105,0.0,6.716466903686523,-13.996720314025879,0.0,left_3,,0.7129545211791992,-0.26416102051734924,0.1415163230895996,-0.2879120635986328,0.605391800403595,0.24530136585235596,0.1392013931274414,-0.2900874710083008,15,0,0,False,0.003635,False,False
pass_diag_2026-09-18,1,1132,43,policy,5,,,,,,,,,,,,,,,0,,0.6356518268585205,0.2416752725839615,0.0,15.227749824523926,-10.497540473937988,0.0,left_3,,0.7182434797286987,-0.26775991916656494,0.3173372459411621,-0.21593404769897462,0.6106518507003784,0.2416752725839615,0.31560104370117187,-0.21756561279296874,15,0,0,False,0.035283,False,False
pass_diag_2026-09-18,1,1132,44,policy,5,,,,,,,,,,,,,,,0,,0.64311683177948,0.23895570635795593,0.0,21.6112117767334,-7.87315559387207,0.0,left_3,,0.7257301807403564,-0.2704590857028961,0.4492029190063477,-0.16195053100585938,0.6181168556213379,0.23895570635795593,0.44790077209472656,-0.16317420959472656,15,0,0,False,0.021108,False,False
pass_diag_2026-09-18,1,1132,45,policy,7,,,,,,,,,,,,,,,0,,0.6237156391143799,0.2654360234737396,0.0,16.208410263061523,4.285533428192139,0.0,left_3,,0.7313452363014221,-0.268963485956192,0.3369021987915039,0.08973710060119629,0.6237156391143799,0.24043603241443634,0.33592559814453127,0.08881935119628906,15,0,0,False,0.000844,False,False
pass_diag_2026-09-18,1,1132,46,policy,7,,,,,,,,,,,,,,,0,,0.6279146671295166,0.2700662612915039,0.0,12.156307220458984,13.404550552368164,0.0,left_3,,0.7355565428733826,-0.26432177424430847,0.2526766586303711,0.27850282669067383,0.6279146671295166,0.24506627023220062,0.25194419860839845,0.27781450271606445,15,0,0,False,0.015967,False,False
pass_diag_2026-09-18,1,1132,47,policy,8,,,,,,,,,,,,,,,0,,0.6108973026275635,0.2687056362628937,0.0,1.9115294218063354,17.259113311767578,0.0,left_3,,0.736225962638855,-0.2583514451980591,0.04016653537750244,0.35821807861328125,0.6285749673843384,0.2510279715061188,0.03961719036102295,0.3577018356323242,15,0,0,False,0.008448,False,False
pass_diag_2026-09-18,1,1132,48,policy,3,,,,,,,,,,,,,,,0,,0.6290701627731323,0.22697924077510834,0.0,1.4336470365524292,2.7539350986480713,0.0,left_3,,0.7367280721664429,-0.2573937475681305,0.030124900341033937,0.057463555335998534,0.6290701627731323,0.2519792318344116,0.029712891578674315,0.05707637786865234,15,0,0,False,0.033488,False,False
pass_diag_2026-09-18,1,1132,49,policy,5,,,,,,,,,,,,,,,0,,0.6579616069793701,0.25269269943237305,0.0,11.26563549041748,2.0654513835906982,0.0,left_3,,0.7406246066093445,-0.25667545199394226,0.2337936782836914,0.04309766292572022,0.632961630821228,0.25269269943237305,0.23348466873168947,0.04280728340148926,15,0,0,False,0.01885,False,False
pass_diag_2026-09-18,1,1132,50,policy,17,,,,,,,,,,,,,,,0,,0.6644001603126526,0.2532278001308441,0.0,18.639625549316406,1.549088478088379,0.0,left_3,,0.7470670342445374,-0.2561367154121399,0.3865452575683594,0.032323248386383056,0.6394001841545105,0.2532278001308441,0.38631351470947267,0.032105462551116945,15,0,0,False,-0.48392,False,True
pass_diag_2026-09-18,2,2141,0,forced,5,11,0.171182319521904,0.02509322203695774,0.0,0.0,0.0,0.0,left_1,0.492996484041214,-0.2189173549413681,0.4364219605922699,0.2036888599395752,0.8334076429396151,0.5526587560962325,5,pass,0.20770052075386047,0.04968227446079254,0.0,105.7201919555664,71.18531036376953,0.0,,,0.49651649594306946,-0.2189173549413681,0.211200008392334,0.0,0.43994197249412537,0.2036888599395752,0.211200008392334,0.0,15,0,0,False,-0.005,False,False
pass_diag_2026-09-18,2,2141,1,policy,18,,,,,,,,,,,,,,,0,,0.24294058978557587,0.07341071218252182,0.0,102.01998901367188,68.6938247680664,0.0,,,0.5026764869689941,-0.2189173549413681,0.36959999084472656,0.0,0.44610196352005005,0.2036888599395752,0.36959999084472656,0.0,15,0,0,False,-0.005354,False,False
pass_diag_2026-09-18,2,2141,2,policy,18,,,,,,,,,,,,,,,0,,0.2769472599029541,0.0963086485862732,0.0,98.44928741455078,66.28953552246094,0.0,,,0.5108165144920349,-0.2189173549413681,0.4884000015258789,0.0,0.45424196124076843,0.2036888599395752,0.4884000015258789,0.0,15,0,0,False,-0.005555,False,False
pass_diag_2026-09-18,2,2141,3,policy,18,,,,,,,,,,,,,,,0,,0.30976369976997375,0.11840516328811646,0.0,95.0035629272461,63.96940612792969,0.0,,,0.520441472530365,-0.2189173549413681,0.5775,0.0,0.4638669490814209,0.2036888599395752,0.5775,0.0,15,0,0,False,-0.005639,False,False
pass_diag_2026-09-18,2,2141,4,policy,18,,,,,,,,,,,,,,,0,,0.34143152832984924,0.13972829282283783,0.0,91.67843627929688,61.73047637939453,0.0,,,0.5311802625656128,-0.2189173549413681,0.6443250274658203,0.0,0.4746057093143463,0.2036888599395752,0.6443250274658203,0.0,15,0,0,False,-0.004566,False,False
pass_diag_2026-09-18,2,2141,5,policy,18,,,,,,,,,,,,,,,0,,0.37199100852012634,0.16030512750148773,0.0,88.46969604492188,59.569908142089844,0.0,,,0.5427542924880981,-0.2189173549413681,0.6944437408447266,0.0,0.48617976903915405,0.2036888599395752,0.6944437408447266,0.0,15,0,0,False,-0.004488,False,False
pass_diag_2026-09-18,2,2141,6,policy,18,,,,,,,,,,,,,,,0,,0.40148091316223145,0.1801617592573166,0.0,85.37325286865234,57.484962463378906,0.0,,,0.5549548268318176,-0.2189173549413681,0.7320327758789062,0.0,0.4983803331851959,0.2036888599395752,0.7320327758789062,0.0,15,0,0,False,-0.004551,False,False
pass_diag_2026-09-18,2,2141,7,policy,18,,,,,,,,,,,,,,,0,,0.4299386739730835,0.19932341575622559,0.0,82.38519287109375,55.47298812866211,0.0,,,0.5676252841949463,-0.2189173549413681,0.760224609375,0.0,0.5110507607460022,0.2036888599395752,0.760224609375,0.0,15,0,0,False,-0.00463,False,False
pass_diag_2026-09-18,2,2141,8,policy,18,,,,,,,,,,,,,,,0,,0.4574004113674164,0.21781441569328308,0.0,79.501708984375,53.53143310546875,0.0,,,0.5806480646133423,-0.2189173549413681,0.7813684844970703,0.0,0.5240735411643982,0.2036888599395752,0.7813684844970703,0.0,15,0,0,False,-0.004738,False,False
pass_diag_2026-09-18,2,2141,9,policy,2,,,,,,,,,,,,,,,0,,0.4839009642601013,0.23565822839736938,0.0,76.71914672851562,51.657833099365234,0.0,,,0.5879261493682861,-0.22140637040138245,0.43668540954589846,-0.1493409538269043,0.531351625919342,0.20119984447956085,0.43668540954589846,-0.1493409538269043,15,0,0,False,-0.00481,False,False
pass_diag_2026-09-18,2,2141,10,policy,18,,,,,,,,,,,,,,,0,,0.5094740390777588,0.25287750363349915,0.0,74.03398132324219,49.84981155395508,0.0,,,0.5908957123756409,-0.22576214373111725,0.1781730842590332,-0.26134666442871096,0.5343211889266968,0.19684405624866486,0.1781730842590332,-0.26134666442871096,15,0,0,False,-0.005053,False,False
pass_diag_2026-09-18,2,2141,11,policy,18,,,,,,,,,,,,,,,0,,0.5341520309448242,0.26949411630630493,0.0,71.44278717041016,48.10506820678711,0.0,,,0.5906338691711426,-0.2315180003643036,-0.015711134672164916,-0.3453509521484375,0.5340593457221985,0.1910882145166397,-0.015711134672164916,-0.3453509521484375,15,0,0,False,-0.005342,False,False
pass_diag_2026-09-18,2,2141,12,policy,18,,,,,,,,,,,,,,,0,,0.5579662919044495,0.28552913665771484,0.0,68.94229125976562,46.421390533447266,0.0,,,0.5879484415054321,-0.2383238971233368,-0.16112430572509764,-0.4083541488647461,0.531373918056488,0.1842823177576065,-0.16112430572509764,-0.4083541488647461,15,0,0,False,-0.005525,False,False
pass_diag_2026-09-18,2,2141,13,policy,18,,,,,,,,,,,,,,,0,,0.5809470415115356,0.3010029196739197,0.0,66.52931213378906,44.7966423034668,0.0,,,0.5834453701972961,-0.24591733515262604,-0.2701841735839844,-0.455606575012207,0.526870846748352,0.17668886482715607,-0.2701841735839844,-0.455606575012207,15,0,0,False,-0.005618,False,False
pass_diag_2026-09-18,2,2141,14,policy,18,,,,,,,,,,,,,,,0,,0.6031234860420227,0.3159351348876953,0.0,64.2007827758789,43.228759765625,0.0,,,0.5775790810585022,-0.254101425409317,-0.35197910308837893,-0.4910458755493164,0.5210045576095581,0.1685047745704651,-0.35197910308837893,-0.4910458755493164,15,0,0,False,-0.005664,False,False
pass_diag_2026-09-18,2,2141,15,policy,18,,,,,,,,,,,,,,,0,,0.6245237588882446,0.3303447365760803,0.0,61.953758239746094,41.71575164794922,0.0,,,0.5706903338432312,-0.2627285420894623,-0.41332527160644533,-0.5176253509521485,0.5141158103942871,0.1598776876926422,-0.41332527160644533,-0.5176253509521485,15,0,0,False,-0.005687,False,False
pass_diag_2026-09-18,2,2141,16,policy,18,,,,,,,,,,,,,,,0,,0.6451749801635742,0.344249963760376,0.0,59.785377502441406,40.255699157714844,0.0,,,0.56303471326828,-0.2716878652572632,-0.4593349075317383,-0.5375599670410156,0.5064601898193359,0.15091834962368011,-0.4593349075317383,-0.5375599670410156,15,0,0,False,-0.005697,False,False
pass_diag_2026-09-18,2,2141,17,policy,18,,,,,,,,,,,,,,,0,,0.6651034355163574,0.35766854882240295,0.0,57.69289016723633,38.84675216674805,0.0,,,0.5548040270805359,-0.2808963656425476,-0.49384212493896484,-0.5525109481811523,0.4982295036315918,0.1417098343372345,-0.49384212493896484,-0.5525109481811523,15,0,0,False,-0.005699,False,False
pass_diag_2026-09-18,2,2141,18,policy,18,,,,,,,,,,,,,,,0,,0.684334397315979,0.37061744928359985,0.0,55.67363739013672,37.48711395263672,0.0,,,0.5461419820785522,-0.29029178619384766,-0.5197225570678711,-0.563724136352539,0.48956745862960815,0.13231442868709564,-0.5197225570678711,-0.563724136352539,15,0,0,False,-0.005697,False,False
pass_diag_2026-09-18,2,2141,19,policy,18,,,,,,,,,,,,,,,0,,0.7028923034667969,0.38311317563056946,0.0,53.725059509277344,36.17506408691406,0.0,,,0.5371564626693726,-0.29982733726501465,-0.5391328811645508,-0.5721340560913086,0.4805819094181061,0.12277886271476746,-0.5391328811645508,-0.5721340560913086,15,0,0,False,-0.005691,False,False
pass_diag_2026-09-18,2,2141,20,policy,18,,,,,,,,,,,,,,,0,,0.7208006381988525,0.39517152309417725,0.0,51.84468460083008,34.908939361572266,0.0,,,0.5279282331466675,-0.30946803092956543,-0.5536906051635743,-0.5784415054321289,0.4713537395000458,0.11313816905021667,-0.5536906051635743,-0.5784415054321289,15,0,0,False,-0.005684,False,False
pass_diag_2026-09-18,2,2141,21,policy,18,,,,,,,,,,,,,,,0,,0.738082230091095,0.4068078398704529,0.0,50.030120849609375,33.68712615966797,0.0,,,0.5185180902481079,-0.31918758153915405,-0.5646089172363281,-0.5831720733642578,0.4619435966014862,0.10341863334178925,-0.5646089172363281,-0.5831720733642578,15,0,0,False,-0.005674,False,False
pass_diag_2026-09-18,2,2141,22,policy,18,,,,,,,,,,,,,,,0,,0.754758894443512,0.41803687810897827,0.0,48.2790641784668,32.50807571411133,0.0,,,0.5089715123176575,-0.3289662301540375,-0.572797622680664,-0.5867200088500977,0.452396959066391,0.09363996982574463,-0.572797622680664,-0.5867200088500977,15,0,0,False,-0.005664,False,False
pass_diag_2026-09-18,2,2141,23,policy,18,,,,,,,,,,,,,,,10,out_of_bounds,0.7708519101142883,0.3700000047683716,0.0,0.0,0.0,0.0,,,0.4993225038051605,-0.3387892544269562,-0.5789391708374023,-0.5893809509277343,0.44274798035621643,0.08381695300340652,-0.5789391708374023,-0.5893809509277343,15,0,0,False,-0.004838,False,False
pass_diag_2026-09-18,2,2141,24,policy,5,,,,,,,,,,,,,,,0,,0.7708519101142883,0.3700000047683716,0.0,0.0,0.0,0.0,,,0.4956057667732239,-0.346156507730484,-0.22300437927246095,-0.44203571319580076,0.4390312433242798,0.0764496922492981,-0.22300437927246095,-0.44203571319580076,15,0,0,False,-0.005153,False,False
pass_diag_2026-09-18,2,2141,25,policy,5,,,,,,,,,,,,,,,0,,0.7708519101142883,0.3700000047683716,0.0,0.0,0.0,0.0,,,0.49633821845054626,-0.35168197751045227,0.04394671440124512,-0.33152679443359373,0.4397636651992798,0.07092424482107162,0.04394671440124512,-0.33152679443359373,15,0,0,False,-0.005063,False,False
pass_diag_2026-09-18,2,2141,26,policy,5,,,,,,,,,,,,,,,0,,0.7708519101142883,0.3700000047683716,0.0,0.0,0.0,0.0,,,0.5004075169563293,-0.3558260500431061,0.24416004180908202,-0.2486450958251953,0.44383302330970764,0.06678015738725662,0.24416004180908202,-0.2486450958251953,15,0,0,False,-0.004996,False,False
pass_diag_2026-09-18,2,2141,27,policy,2,,,,,,,,,,,,,,,0,,0.7708519101142883,0.3700000047683716,0.0,0.0,0.0,0.0,,,0.5009705424308777,-0.361423134803772,0.033779075145721434,-0.33582477569580077,0.4443959891796112,0.061183080077171326,0.033779075145721434,-0.33582477569580077,15,0,0,False,-0.005068,False,False
pass_diag_2026-09-18,2,2141,28,policy,2,,,,,,,,,,,,,,,0,,0.7708519101142883,0.3700000047683716,0.0,0.0,0.0,0.0,,,0.498903751373291,-0.36810994148254395,-0.12400664329528809,-0.4012095260620117,0.4423292279243469,0.05449625477194786,-0.12400664329528809,-0.4012095260620117,15,0,0,False,-0.005122,False,False
pass_diag_2026-09-18,2,2141,29,policy,14,,,,,,,,,,,,,,,0,,0.7708519101142883,0.3700000047683716,0.0,0.0,0.0,0.0,,,0.498903751373291,-0.36810994148254395,0.0,0.0,0.4442991316318512,0.04948113486170769,0.11819501876831055,-0.30090715408325197,15,0,0,False,-0.005042,False,False
pass_diag_2026-09-18,2,2141,30,policy,6,,,,,,,,,,,,,,,0,,0.7708519101142883,0.3700000047683716,0.0,0.0,0.0,0.0,,,0.5013927817344666,-0.3656209409236908,0.1493409538269043,0.1493409538269043,0.44826558232307434,0.0482088103890419,0.23798721313476562,-0.07633940696716308,15,0,0,False,-0.004962,False,False
pass_diag_2026-09-18,2,2141,31,policy,2,,,,,,,,,,,,,,,0,,0.7708519101142883,0.3700000047683716,0.0,0.0,0.0,0.0,,,0.5007705092430115,-0.3662431836128235,-0.03733523845672607,-0.03733523845672607,0.44875141978263855,0.04476555436849594,0.029149458408355713,-0.206595516204834,15,0,0,False,-0.005042,False,False
pass_diag_2026-09-18,2,2141,32,policy,6,,,,,,,,,,,,,,,0,,0.7708519101142883,0.3700000047683716,0.0,0.0,0.0,0.0,,,0.5027928352355957,-0.36422085762023926,0.12133952140808106,0.12133952140808106,0.45160478353500366,0.044672124087810516,0.17120304107666015,-0.005605679750442505,15,0,0,False,-0.004961,False,False
pass_diag_2026-09-18,2,2141,33,policy,2,,,,,,,,,,,,,,,0,,0.7708519101142883,0.3700000047683716,0.0,0.0,0.0,0.0,,,0.5018205642700195,-0.36519312858581543,-0.058336310386657715,-0.058336310386657715,0.45125582814216614,0.0421130396425724,-0.020938668251037598,-0.15354520797729493,15,0,0,False,-0.005041,False,False
pass_diag_2026-09-18,2,2141,34,policy,6,,,,,,,,,,,,,,,0,,0.7708519101142883,0.3700000047683716,0.0,0.0,0.0,0.0,,,0.5035803914070129,-0.3634333312511444,0.10558872222900391,0.10558872222900391,0.45348310470581055,0.04268274083733559,0.1336369514465332,0.034182043075561525,15,0,0,False,-0.004961,False,False
pass_diag_2026-09-18,2,2141,35,policy,2,,,,,,,,,,,,,,,0,,0.7708519101142883,0.3700000047683716,0.0,0.0,0.0,0.0,,,0.5024111866950989,-0.3646024763584137,-0.07014941215515137,-0.07014941215515137,0.4526645541191101,0.04062099754810333,-0.04911324024200439,-0.12370442390441895,15,0,0,False,-0.005041,False,False
pass_diag_2026-09-18,2,2141,36,policy,5,,,,,,,,,,,,,,,0,,0.7708519101142883,0.3700000047683716,0.0,0.0,0.0,0.0,,,0.5050543546676636,-0.36547935009002686,0.1585879421234131,-0.05261205673217773,0.45557063817977905,0.039074692875146866,0.17436506271362304,-0.09277831077575684,15,0,0,False,-0.004982,False,False
pass_diag_2026-09-18,2,2141,37,policy,2,,,,,,,,,,,,,,,15,pass_intercepted,0.7708519101142883,0.3700000047683716,0.0,0.0,0.0,0.0,,,0.504547655582428,-0.36862602829933167,-0.030399997234344483,-0.18879999160766603,0.4552611708641052,0.03542594984173775,-0.018567148447036743,-0.2189246940612793,15,0,0,False,-0.005057,True,False
pass_diag_2026-09-18,3,3150,0,forced,5,11,0.1736108511686325,0.03462947532534599,0.0,0.0,0.0,0.0,left_1,0.43433281779289246,-0.24794477224349976,0.41967886686325073,0.244594544172287,0.7659380713332273,0.6429143573465568,5,pass,0.20710095763206482,0.06320592761039734,0.0,96.95384216308594,82.72883605957031,0.0,,,0.43785279989242554,-0.24794477224349976,0.211200008392334,0.0,0.4231988489627838,0.244594544172287,0.211200008392334,0.0,15,0,0,False,-0.005,False,False
pass_diag_2026-09-18,3,3150,1,policy,18,,,,,,,,,,,,,,,0,,0.2394189089536667,0.09078221023082733,0.0,93.56045532226562,79.83332824707031,0.0,,,0.4440128207206726,-0.24794477224349976,0.36959999084472656,0.0,0.4293588697910309,0.244594544172287,0.36959999084472656,0.0,15,0,0,False,-0.005829,False,False
pass_diag_2026-09-18,3,3150,2,policy,18,,,,,,,,,,,,,,,0,,0.2706057131290436,0.11739331483840942,0.0,90.28584289550781,77.0391616821289,0.0,,,0.452152818441391,-0.24794477224349976,0.4884000015258789,0.0,0.43749886751174927,0.244594544172287,0.4884000015258789,0.0,15,0,0,False,-0.005812,False,False
pass_diag_2026-09-18,3,3150,3,policy,18,,,,,,,,,,,,,,,0,,0.30070099234580994,0.14307303726673126,0.0,87.12583923339844,74.34278869628906,0.0,,,0.46177780628204346,-0.24794477224349976,0.5775,0.0,0.44712385535240173,0.244594544172287,0.5775,0.0,15,0,0,False,-0.005787,False,False
pass_diag_2026-09-18,3,3150,4,policy,18,,,,,,,,,,,,,,,0,,0.3297429382801056,0.1678539663553238,0.0,84.07643127441406,71.74079132080078,0.0,,,0.47251656651496887,-0.24794477224349976,0.6443250274658203,0.0,0.45786261558532715,0.244594544172287,0.6443250274658203,0.0,15,0,0,False,-0.004426,False,False
pass_diag_2026-09-18,3,3150,5,policy,18,,,,,,,,,,,,,,,0,,0.3577684164047241,0.19176757335662842,0.0,81.13375854492188,69.22986602783203,0.0,,,0.4840906262397766,-0.24794477224349976,0.6944437408447266,0.0,0.4694366753101349,0.244594544172287,0.6944437408447266,0.0,15,0,0,False,-0.004484,False,False
pass_diag_2026-09-18,3,3150,6,policy,18,,,,,,,,,,,,,,,0,,0.38481301069259644,0.21484418213367462,0.0,78.29407501220703,66.80682373046875,0.0,,,0.4962911605834961,-0.24794477224349976,0.7320327758789062,0.0,0.48163720965385437,0.244594544172287,0.7320327758789062,0.0,15,0,0,False,-0.004555,False,False
pass_diag_2026-09-18,3,3150,7,policy,18,,,,,,,,,,,,,,,0,,0.41091102361679077,0.2371131330728531,0.0,75.55377960205078,64.46858215332031,0.0,,,0.50896155834198,-0.24794477224349976,0.760224609375,0.0,0.49430763721466064,0.244594544172287,0.760224609375,0.0,15,0,0,False,-0.004649,False,False
pass_diag_2026-09-18,3,3150,8,policy,18,,,,,,,,,,,,,,,0,,0.43609562516212463,0.25860264897346497,0.0,72.9094009399414,62.212181091308594,0.0,,,0.5219843983650208,-0.24794477224349976,0.7813684844970703,0.0,0.5073304176330566,0.244594544172287,0.7813684844970703,0.0,15,0,0,False,-0.004777,False,False
pass_diag_2026-09-18,3,3150,9,policy,2,,,,,,,,,,,,,,,0,,0.46039876341819763,0.27934005856513977,0.0,70.35757446289062,60.03475570678711,0.0,,,0.5292624831199646,-0.2504338026046753,0.43668540954589846,-0.1493409538269043,0.5146085023880005,0.24210552871227264,0.43668540954589846,-0.1493409538269043,15,0,0,False,-0.004863,False,False
pass_diag_2026-09-18,3,3150,10,policy,18,,,,,,,,,,,,,,,0,,0.48385128378868103,0.29935163259506226,0.0,67.89505767822266,57.93354034423828,0.0,,,0.5322320461273193,-0.2547895610332489,0.1781730842590332,-0.26134666442871096,0.5175780653953552,0.23774974048137665,0.1781730842590332,-0.26134666442871096,15,0,0,False,-0.005089,False,False
pass_diag_2026-09-18,3,3150,11,policy,18,,,,,,,,,,,,,,,0,,0.5064829587936401,0.3186628222465515,0.0,65.51873016357422,55.90586471557617,0.0,,,0.531970202922821,-0.26054543256759644,-0.015711134672164916,-0.3453509521484375,0.5173162221908569,0.2319938987493515,-0.015711134672164916,-0.3453509521484375,15,0,0,False,-0.005342,False,False
pass_diag_2026-09-18,3,3150,12,policy,18,,,,,,,,,,,,,,,0,,0.5283225774765015,0.33729809522628784,0.0,63.2255744934082,53.94915771484375,0.0,,,0.5292847752571106,-0.26735132932662964,-0.16112430572509764,-0.4083541488647461,0.5146307945251465,0.2251879870891571,-0.16112430572509764,-0.4083541488647461,15,0,0,False,-0.005512,False,False
pass_diag_2026-09-18,3,3150,13,policy,18,,,,,,,,,,,,,,,0,,0.5493977665901184,0.35528114438056946,0.0,61.01268005371094,52.06093978881836,0.0,,,0.5247817039489746,-0.2749447524547577,-0.2701841735839844,-0.455606575012207,0.5101277232170105,0.21759454905986786,-0.2701841735839844,-0.455606575012207,15,0,0,False,-0.005605,False,False
pass_diag_2026-09-18,3,3150,14,policy,18,,,,,,,,,,,,,,,0,,0.5697352886199951,0.37263479828834534,0.0,58.877235412597656,50.238807678222656,0.0,,,0.5189153552055359,-0.28312885761260986,-0.35197910308837893,-0.4910458755493164,0.5042614340782166,0.20941045880317688,-0.35197910308837893,-0.4910458755493164,15,0,0,False,-0.005654,False,False
pass_diag_2026-09-18,3,3150,15,policy,18,,,,,,,,,,,,,,,0,,0.5893610715866089,0.38938108086586,0.0,56.816532135009766,48.480445861816406,0.0,,,0.5120266079902649,-0.29175594449043274,-0.41332527160644533,-0.5176253509521485,0.49737268686294556,0.2007833570241928,-0.41332527160644533,-0.5176253509521485,15,0,0,False,-0.005679,False,False
pass_diag_2026-09-18,3,3150,16,policy,18,,,,,,,,,,,,,,,0,,0.6082999110221863,0.40554121136665344,0.0,54.82795333862305,46.78363037109375,0.0,,,0.5043710470199585,-0.30071529746055603,-0.4593349075317383,-0.5375599670410156,0.4897170960903168,0.1918240338563919,-0.4593349075317383,-0.5375599670410156,15,0,0,False,-0.005692,False,False
pass_diag_2026-09-18,3,3150,17,policy,18,,,,,,,,,,,,,,,10,out_of_bounds,0.6265758872032166,0.3700000047683716,0.0,0.0,0.0,0.0,,,0.49614036083221436,-0.30992379784584045,-0.49384212493896484,-0.5525109481811523,0.48148638010025024,0.1826155185699463,-0.49384212493896484,-0.5525109481811523,15,0,0,False,-0.004852,False,False
pass_diag_2026-09-18,3,3150,18,policy,5,,,,,,,,,,,,,,,0,,0.6265758872032166,0.3700000047683716,0.0,0.0,0.0,0.0,,,0.49348732829093933,-0.31683018803596497,-0.1591815948486328,-0.4143832015991211,0.4788333773612976,0.17570912837982178,-0.1591815948486328,-0.4143832015991211,15,0,0,False,-0.005142,False,False
pass_diag_2026-09-18,3,3150,19,policy,14,,,,,,,,,,,,,,,0,,0.6265758872032166,0.3700000047683716,0.0,0.0,0.0,0.0,,,0.49348732829093933,-0.31683018803596497,0.0,0.0,0.4803636074066162,0.1705293357372284,0.09181380271911621,-0.31078739166259767,15,0,0,False,-0.005065,False,False
pass_diag_2026-09-18,3,3150,20,policy,6,,,,,,,,,,,,,,,0,,0.6265758872032166,0.3700000047683716,0.0,0.0,0.0,0.0,,,0.4959763288497925,-0.3143411874771118,0.1493409538269043,0.1493409538269043,0.4840002954006195,0.1691335141658783,0.21820131301879883,-0.08374959945678712,15,0,0,False,-0.00498,False,False
pass_diag_2026-09-18,3,3150,21,policy,2,,,,,,,,,,,,,,,0,,0.6265758872032166,0.3700000047683716,0.0,0.0,0.0,0.0,,,0.4953540861606598,-0.3149634301662445,-0.03733523845672607,-0.03733523845672607,0.48423877358436584,0.16559763252735138,0.014310026168823242,-0.21215314865112306,15,0,0,False,-0.005055,False,False
pass_diag_2026-09-18,3,3150,22,policy,6,,,,,,,,,,,,,,,0,,0.6265758872032166,0.3700000047683716,0.0,0.0,0.0,0.0,,,0.497376412153244,-0.3129411041736603,0.12133952140808106,0.12133952140808106,0.48690667748451233,0.16543473303318024,0.16007347106933595,-0.009773911237716674,15,0,0,False,-0.004972,False,False
pass_diag_2026-09-18,3,3150,23,policy,2,,,,,,,,,,,,,,,0,,0.6265758872032166,0.3700000047683716,0.0,0.0,0.0,0.0,,,0.49640414118766785,-0.31391337513923645,-0.058336310386657715,-0.058336310386657715,0.48641857504844666,0.16282354295253754,-0.029285848140716553,-0.1566713809967041,15,0,0,False,-0.005049,False,False
pass_diag_2026-09-18,3,3150,24,policy,6,,,,,,,,,,,,,,,0,,0.6265758872032166,0.3700000047683716,0.0,0.0,0.0,0.0,,,0.49816393852233887,-0.31215354800224304,0.10558872222900391,0.10558872222900391,0.48854151368141174,0.16335415840148926,0.12737656593322755,0.03183741331100464,15,0,0,False,-0.004968,False,False
pass_diag_2026-09-18,3,3150,25,policy,2,,,,,,,,,,,,,,,0,,0.6265758872032166,0.3700000047683716,0.0,0.0,0.0,0.0,,,0.4969947934150696,-0.3133227229118347,-0.07014941215515137,-0.07014941215515137,0.4876447021961212,0.161263108253479,-0.05380852699279785,-0.12546289443969727,15,0,0,False,-0.005045,False,False
pass_diag_2026-09-18,3,3150,26,policy,5,,,,,,,,,,,,,,,0,,0.6265758872032166,0.3700000047683716,0.0,0.0,0.0,0.0,,,0.4996379315853119,-0.3141995966434479,0.1585879421234131,-0.05261205673217773,0.4904921054840088,0.1596948206424713,0.17084360122680664,-0.09409716606140137,15,0,0,False,-0.004995,False,False
pass_diag_2026-09-18,3,3150,27,policy,5,,,,,,,,,,,,,,,0,,0.6265758872032166,0.3700000047683716,0.0,0.0,0.0,0.0,,,0.4991312623023987,-0.3173462450504303,-0.030399997234344483,-0.18879999160766603,0.4901386499404907,0.1560295969247818,-0.021208248138427734,-0.21991382598876952,15,0,0,False,-0.005065,False,False
pass_diag_2026-09-18,3,3150,28,policy,5,,,,,,,,,,,,,,,0,,0.6265758872032166,0.3700000047683716,0.0,0.0,0.0,0.0,,,0.5022712349891663,-0.3197062611579895,0.1884000015258789,-0.14159999847412108,0.49339354038238525,0.15328067541122437,0.19529380798339843,-0.1649353790283203,15,0,0,False,-0.005012,False,False
pass_diag_2026-09-18,3,3150,29,policy,2,,,,,,,,,,,,,,,0,,0.6265758872032166,0.3700000047683716,0.0,0.0,0.0,0.0,,,0.5021372437477112,-0.32396528124809265,-0.008040950298309327,-0.25554094314575193,0.4933456778526306,0.14872996509075165,-0.002870592176914215,-0.2730424880981445,15,0,0,False,-0.005078,False,False
pass_diag_2026-09-18,3,3150,30,policy,2,,,,,,,,,,,,,,,15,pass_intercepted,0.6265758872032166,0.3700000047683716,0.0,0.0,0.0,0.0,,,0.49954771995544434,-0.32964855432510376,-0.15537166595458984,-0.34099666595458983,0.4908207952976227,0.14282791316509247,-0.15149389266967772,-0.3541228103637695,15,0,0,False,-0.005127,True,False
pass_diag_2026-09-18,4,4159,0,forced,5,11,0.23904702067375183,0.03779557719826698,0.0,0.0,0.0,0.0,left_1,0.498731404542923,-0.1794622540473938,0.4003239572048187,0.18863625824451447,0.7394324242358886,0.6732307850868355,5,pass,0.2712003290653229,0.06786824017763138,0.0,93.0838394165039,87.06035614013672,0.0,,,0.502251386642456,-0.1794622540473938,0.211200008392334,0.0,0.4038439691066742,0.18863625824451447,0.211200008392334,0.0,15,0,0,False,-0.005,False,False
pass_diag_2026-09-18,4,4159,1,policy,18,,,,,,,,,,,,,,,0,,0.30222827196121216,0.09688836336135864,0.0,89.8259048461914,84.01324462890625,0.0,,,0.5084114074707031,-0.1794622540473938,0.36959999084472656,0.0,0.4100039601325989,0.18863625824451447,0.36959999084472656,0.0,15,0,0,False,-0.00585,False,False
pass_diag_2026-09-18,4,4159,2,policy,18,,,,,,,,,,,,,,,0,,0.3321702480316162,0.12489277869462967,0.0,86.68199920654297,81.07278442382812,0.0,,,0.5165513753890991,-0.1794622540473938,0.4884000015258789,0.0,0.41814395785331726,0.18863625824451447,0.4884000015258789,0.0,15,0,0,False,-0.004834,False,False
pass_diag_2026-09-18,4,4159,3,policy,18,,,,,,,,,,,,,,,0,,0.36106425523757935,0.15191704034805298,0.0,83.64813232421875,78.23523712158203,0.0,,,0.526176393032074,-0.1794622540473938,0.5775,0.0,0.4277689754962921,0.18863625824451447,0.5775,0.0,15,0,0,False,-0.004382,False,False
pass_diag_2026-09-18,4,4159,4,policy,18,,,,,,,,,,,,,,,0,,0.3889469504356384,0.1779954433441162,0.0,80.72044372558594,75.49700164794922,0.0,,,0.536915123462677,-0.1794622540473938,0.6443250274658203,0.0,0.43850773572921753,0.18863625824451447,0.6443250274658203,0.0,15,0,0,False,-0.004491,False,False
pass_diag_2026-09-18,4,4159,5,policy,18,,,,,,,,,,,,,,,14,pass_completed,0.4158537685871124,0.2031611204147339,0.0,77.89523315429688,72.85460662841797,0.0,left_3,,0.5484892129898071,-0.1794622540473938,0.6944437408447266,0.0,0.45008179545402527,0.18863625824451447,0.6944437408447266,0.0,15,0,0,False,0.044262,False,False
pass_diag_2026-09-18,4,4159,6,policy,18,,,,,,,,,,,,,,,0,,0.48728233575820923,0.18863625824451447,0.0,35.32058334350586,0.0,0.0,left_3,,0.5606897473335266,-0.1794622540473938,0.7320327758789062,0.0,0.46228232979774475,0.18863625824451447,0.7320327758789062,0.0,15,0,0,False,0.062531,False,False
pass_diag_2026-09-18,4,4159,7,policy,2,,,,,,,,,,,,,,,0,,0.4512660503387451,0.16846956312656403,0.0,19.28473663330078,-7.205700874328613,0.0,left_3,,0.5673511624336243,-0.18195126950740814,0.3996836471557617,-0.1493409538269043,0.46894371509552,0.18614724278450012,0.3996836471557617,-0.1493409538269043,15,0,0,False,0.021152,False,False
pass_diag_2026-09-18,4,4159,8,policy,2,,,,,,,,,,,,,,,0,,0.4537730813026428,0.16411378979682922,0.0,7.257851600646973,-12.609976768493652,0.0,left_3,,0.569858193397522,-0.18630704283714294,0.15042179107666015,-0.26134666442871096,0.4714507460594177,0.18179145455360413,0.15042179107666015,-0.26134666442871096,15,0,0,False,0.028046,False,False
pass_diag_2026-09-18,4,4159,9,policy,5,,,,,,,,,,,,,,,0,,0.5018510222434998,0.17852462828159332,0.0,15.633788108825684,-9.45748233795166,0.0,left_3,,0.5752584338188171,-0.18957386910915375,0.32401634216308595,-0.1960099983215332,0.4768510162830353,0.17852462828159332,0.32401634216308595,-0.1960099983215332,15,0,0,False,0.055588,False,False
pass_diag_2026-09-18,4,4159,10,policy,5,,,,,,,,,,,,,,,0,,0.5094212293624878,0.17607450485229492,0.0,21.915740966796875,-7.093111991882324,0.0,left_3,,0.5828286409378052,-0.19202399253845215,0.45421226501464845,-0.1470075035095215,0.4844212234020233,0.17607450485229492,0.45421226501464845,-0.1470075035095215,15,0,0,False,0.03019,False,False
pass_diag_2026-09-18,4,4159,11,policy,2,,,,,,,,,,,,,,,0,,0.4699321985244751,0.15407022833824158,0.0,9.231104850769043,-12.525534629821777,0.0,left_3,,0.5860173106193542,-0.1963506042957306,0.19131824493408203,-0.2595965766906738,0.48760986328125,0.17174789309501648,0.19131824493408203,-0.2595965766906738,15,0,0,False,0.006928,False,False
pass_diag_2026-09-18,4,4159,12,policy,5,,,,,,,,,,,,,,,0,,0.5185213685035706,0.16850292682647705,0.0,17.11372947692871,-9.394150733947754,0.0,left_3,,0.5919287800788879,-0.19959557056427002,0.3546886825561523,-0.19469743728637695,0.4935213327407837,0.16850292682647705,0.3546886825561523,-0.19469743728637695,15,0,0,False,0.043267,False,False
pass_diag_2026-09-18,4,4159,13,policy,2,,,,,,,,,,,,,,,0,,0.4777882695198059,0.14590252935886383,0.0,5.629595756530762,-14.251314163208008,0.0,left_3,,0.5938733816146851,-0.20451830327510834,0.11667555809020996,-0.29536401748657226,0.4954659342765808,0.16358019411563873,0.11667555809020996,-0.29536401748657226,15,0,0,False,0.003951,False,False
pass_diag_2026-09-18,4,4159,14,policy,5,,,,,,,,,,,,,,,7,tackle,0.4908525049686432,0.16104602813720703,0.004999999888241291,38.72240447998047,44.88534164428711,14.844444274902344,left_3,,0.5988517999649048,-0.20821034908294678,0.2987066650390625,-0.22152301788330078,0.5004444122314453,0.1598881483078003,0.2987066650390625,-0.22152301788330078,15,0,0,False,0.022823,False,False
pass_diag_2026-09-18,4,4159,15,policy,2,,,,,,,,,,,,,,,0,,0.48401153087615967,0.13695243000984192,0.0,3.6037466526031494,-15.222064971923828,0.0,left_3,,0.6000966429710388,-0.21346840262413025,0.07468904972076416,-0.31548322677612306,0.5016891956329346,0.15463009476661682,0.07468904972076416,-0.31548322677612306,15,0,0,False,0.017019,False,False
pass_diag_2026-09-18,4,4159,16,policy,5,,,,,,,,,,,,,,,0,,0.5311428308486938,0.15068656206130981,0.0,12.893210411071777,-11.416548728942871,0.0,left_3,,0.6045502424240112,-0.21741195023059845,0.26721677780151365,-0.2366124153137207,0.506142795085907,0.15068656206130981,0.26721677780151365,-0.2366124153137207,15,0,0,False,0.040689,False,False
pass_diag_2026-09-18,4,4159,17,policy,2,,,,,,,,,,,,,,,0,,0.48931634426116943,0.12756220996379852,0.0,2.4642064571380615,-15.768112182617188,0.0,left_3,,0.6054014563560486,-0.22285862267017365,0.051071639060974124,-0.3268002700805664,0.5069940090179443,0.14523988962173462,0.051071639060974124,-0.3268002700805664,15,0,0,False,-0.00061,False,False
pass_diag_2026-09-18,4,4159,18,policy,15,,,,,,,,,,,,,,,0,,0.4874657094478607,0.12098819762468338,0.0,-5.357545852661133,-19.03178596496582,0.0,left_3,,0.6035507917404175,-0.2294326275587082,-0.1110372257232666,-0.39444114685058596,0.505143404006958,0.13866586983203888,-0.1110372257232666,-0.39444114685058596,15,0,0,False,0.015483,False,False
pass_diag_2026-09-18,4,4159,19,policy,5,,,,,,,,,,,,,,,0,,0.5322754383087158,0.13373534381389618,0.0,6.172240257263184,-14.273838996887207,0.0,left_3,,0.6056828498840332,-0.2343631535768509,0.12792208671569824,-0.29583086013793947,0.507275402545929,0.13373534381389618,0.12792208671569824,-0.29583086013793947,15,0,0,False,0.038493,False,False
pass_diag_2026-09-18,4,4159,20,policy,6,,,,,,,,,,,,,,,0,,0.4887077510356903,0.1098707765340805,0.0,-2.5765206813812256,-17.91107940673828,0.0,left_3,,0.6047928333282471,-0.24055005609989166,-0.053399391174316406,-0.3712141036987305,0.5063854455947876,0.1275484561920166,-0.053399391174316406,-0.3712141036987305,15,0,0,False,-0.003248,False,False
pass_diag_2026-09-18,4,4159,21,policy,5,,,,,,,,,,,,,,,0,,0.5342379212379456,0.12290827184915543,0.0,8.258009910583496,-13.433310508728027,0.0,left_3,,0.6076453328132629,-0.24519023299217224,0.17115045547485352,-0.2784105682373047,0.5092379450798035,0.12290827184915543,0.17115045547485352,-0.2784105682373047,15,0,0,False,0.037876,False,False
pass_diag_2026-09-18,4,4159,22,policy,2,,,,,,,,,,,,,,,0,,0.4912106394767761,0.09926145523786545,0.0,-1.0121937990188599,-17.280683517456055,0.0,left_3,,0.6072957515716553,-0.2511593699455261,-0.02097810983657837,-0.3581488800048828,0.508888304233551,0.11693912744522095,-0.02097810983657837,-0.3581488800048828,15,0,0,False,-0.003851,False,False
pass_diag_2026-09-18,4,4159,23,policy,5,,,,,,,,,,,,,,,0,,0.5371460914611816,0.11246226727962494,0.0,9.431254386901855,-12.9605131149292,0.0,left_3,,0.610553503036499,-0.2556362450122833,0.19546642303466796,-0.2686116600036621,0.5121460556983948,0.11246226727962494,0.19546642303466796,-0.2686116600036621,15,0,0,False,0.037369,False,False
pass_diag_2026-09-18,4,4159,24,policy,2,,,,,,,,,,,,,,,0,,0.4944227337837219,0.08893793076276779,0.0,-0.13225993514060974,-16.926084518432617,0.0,left_3,,0.6105077862739563,-0.2614828944206238,-0.0027411386370658876,-0.3507997131347656,0.5121003985404968,0.10661560297012329,-0.0027411386370658876,-0.3507997131347656,15,0,0,False,-0.004464,False,False
pass_diag_2026-09-18,4,4159,25,policy,5,,,,,,,,,,,,,,,0,,0.5405861139297485,0.10223060846328735,0.0,10.091204643249512,-12.694563865661621,0.0,left_3,,0.6139935255050659,-0.2658678889274597,0.2091441535949707,-0.26309976577758787,0.5155861377716064,0.10223060846328735,0.2091441535949707,-0.26309976577758787,15,0,0,False,0.036951,False,False
pass_diag_2026-09-18,4,4159,26,policy,2,,,,,,,,,,,,,,,0,,0.498033732175827,0.07877517491579056,0.0,0.3627028465270996,-16.72662353515625,0.0,left_3,,0.6141188144683838,-0.2716456651687622,0.007517157196998596,-0.3466657638549805,0.5157114267349243,0.09645283967256546,0.007517157196998596,-0.3466657638549805,15,0,0,False,0.01627,False,False
pass_diag_2026-09-18,4,4159,27,policy,5,,,,,,,,,,,,,,,0,,0.5443253517150879,0.09211952239274979,0.0,10.462427139282227,-12.544967651367188,0.0,left_3,,0.61773282289505,-0.2759789824485779,0.21683786392211915,-0.2599993324279785,0.5193253755569458,0.09211952239274979,0.21683786392211915,-0.2599993324279785,15,0,0,False,0.036609,False,False
pass_diag_2026-09-18,4,4159,28,policy,18,,,,,,,,,,,,,,,0,,0.5505558252334595,0.08886952698230743,0.0,18.037220001220703,-9.40872573852539,0.0,left_3,,0.6239632964134216,-0.27922898530960083,0.3738283920288086,-0.19499950408935546,0.5255558490753174,0.08886952698230743,0.3738283920288086,-0.19499950408935546,15,0,0,False,0.01786,False,False
pass_diag_2026-09-18,4,4159,29,policy,2,,,,,,,,,,,,,,,0,,0.510062038898468,0.06626535207033157,0.0,6.322214126586914,-14.262245178222656,0.0,left_3,,0.6261470913887024,-0.2841554880142212,0.1310303497314453,-0.2955905723571777,0.5277397036552429,0.08394301682710648,0.1310303497314453,-0.2955905723571777,15,0,0,False,0.016874,False,False
pass_diag_2026-09-18,4,4159,30,policy,5,,,,,,,,,,,,,,,0,,0.5578975677490234,0.0802481397986412,0.0,14.932061195373535,-10.696683883666992,0.0,left_3,,0.6313049793243408,-0.28785035014152527,0.30947277069091794,-0.22169294357299804,0.5328975915908813,0.0802481397986412,0.30947277069091794,-0.22169294357299804,15,0,0,False,0.036582,False,False
pass_diag_2026-09-18,4,4159,31,policy,2,,,,,,,,,,,,,,,0,,0.5165992975234985,0.05731029063463211,0.0,3.99334454536438,-15.228214263916016,0.0,left_3,,0.6326844096183777,-0.29311054944992065,0.08276361465454102,-0.31561065673828126,0.5342769622802734,0.07498796284198761,0.08276361465454102,-0.31561065673828126,15,0,0,False,0.007483,False,False
pass_diag_2026-09-18,4,4159,32,policy,5,,,,,,,,,,,,,,,0,,0.5638315081596375,0.07104282826185226,0.0,13.185408592224121,-11.421160697937012,0.0,left_3,,0.6372389197349548,-0.2970556616783142,0.273272705078125,-0.23670799255371094,0.5388315320014954,0.07104282826185226,0.273272705078125,-0.23670799255371094,15,0,0,False,0.044755,False,False
pass_diag_2026-09-18,4,4159,33,policy,18,,,,,,,,,,,,,,,0,,0.5707674026489258,0.0680839791893959,0.0,20.079456329345703,-8.56587028503418,0.0,left_3,,0.6441748142242432,-0.30001452565193176,0.4161545181274414,-0.1775309944152832,0.5457674264907837,0.0680839791893959,0.4161545181274414,-0.1775309944152832,15,0,0,False,0.023659,False,False
pass_diag_2026-09-18,4,4159,34,policy,2,,,,,,,,,,,,,,,0,,0.5308026671409607,0.04569815471768379,0.0,7.853891372680664,-13.630104064941406,0.0,left_3,,0.6468877792358398,-0.3047226667404175,0.16277494430541992,-0.2824892044067383,0.5484803318977356,0.06337582319974899,0.16277494430541992,-0.2824892044067383,15,0,0,False,7e-06,False,False
pass_diag_2026-09-18,4,4159,35,policy,1,,,,,,,,,,,,,,,0,,0.5219950079917908,0.05984470993280411,0.0,-4.299981594085693,-10.222578048706055,0.0,left_3,,0.6454024314880371,-0.30825379490852356,-0.0891187858581543,-0.21186689376831055,0.5469950437545776,0.05984470993280411,-0.0891187858581543,-0.21186689376831055,15,0,0,False,0.012088,False,False
pass_diag_2026-09-18,4,4159,36,policy,5,,,,,,,,,,,,,,,0,,0.5744010210037231,0.057196371257305145,0.0,6.965414047241211,-7.666933536529541,0.0,left_3,,0.6478084325790405,-0.31090211868286133,0.14436090469360352,-0.1589001750946045,0.549401044845581,0.057196371257305145,0.14436090469360352,-0.1589001750946045,15,0,0,False,0.042495,False,False
pass_diag_2026-09-18,4,4159,37,policy,1,,,,,,,,,,,,,,,0,,0.5226855278015137,0.05521012097597122,0.0,-4.966339588165283,-5.750199794769287,0.0,left_3,,0.64609295129776,-0.31288838386535645,-0.10292931556701661,-0.11917512893676757,0.5476855635643005,0.05521012097597122,-0.10292931556701661,-0.11917512893676757,15,0,0,False,-0.009929,False,False
pass_diag_2026-09-18,4,4159,38,policy,5,,,,,,,,,,,,,,,0,,0.5749189257621765,0.05372042953968048,0.0,6.4656453132629395,-4.312650203704834,0.0,left_3,,0.6483263373374939,-0.3143780827522278,0.13400300979614257,-0.08938135147094727,0.5499189496040344,0.05372042953968048,0.13400300979614257,-0.08938135147094727,15,0,0,False,0.041017,False,False
pass_diag_2026-09-18,4,4159,39,policy,18,,,,,,,,,,,,,,,0,,0.5230739712715149,0.052603162825107574,0.0,-5.341166019439697,-3.234487533569336,0.0,left_3,,0.6464813947677612,-0.3154953420162201,-0.11069773674011231,-0.06703600883483887,0.548073947429657,0.052603162825107574,-0.11069773674011231,-0.06703600883483887,15,0,0,False,-0.011191,False,False
pass_diag_2026-09-18,4,4159,40,policy,5,,,,,,,,,,,,,,,0,,0.5752102732658386,0.051765214651823044,0.0,6.184525489807129,-2.425865650177002,0.0,left_3,,0.648617684841156,-0.3163332939147949,0.12817668914794922,-0.05027700901031494,0.5502102375030518,0.051765214651823044,0.12817668914794922,-0.05027700901031494,15,0,0,False,0.039988,False,False
pass_diag_2026-09-18,4,4159,41,policy,1,,,,,,,,,,,,,,,0,,0.5232924818992615,0.05113675072789192,0.0,-5.552005767822266,-1.8193992376327515,0.0,left_3,,0.6466999053955078,-0.31696173548698425,-0.1150674819946289,-0.03770775556564331,0.5482924580574036,0.05113675072789192,-0.1150674819946289,-0.03770775556564331,15,0,0,False,-0.012095,False,False
pass_diag_2026-09-18,4,4159,42,policy,5,,,,,,,,,,,,,,,0,,0.5753741264343262,0.05066540464758873,0.0,6.026395797729492,-1.3645493984222412,0.0,left_3,,0.6487815380096436,-0.31743308901786804,0.12489938735961914,-0.028280816078186034,0.5503740906715393,0.05066540464758873,0.12489938735961914,-0.028280816078186034,15,0,0,False,0.039223,False,False
pass_diag_2026-09-18,4,4159,43,policy,1,,,,,,,,,,,,,,,0,,0.5234153270721436,0.050311893224716187,0.0,-5.670603275299072,-1.0234121084213257,0.0,left_3,,0.6468227505683899,-0.3177866041660309,-0.11752545356750488,-0.02121061325073242,0.5484153628349304,0.050311893224716187,-0.11752545356750488,-0.02121061325073242,15,0,0,False,-0.01278,False,False
pass_diag_2026-09-18,4,4159,44,policy,5,,,,,,,,,,,,,,,0,,0.5754662752151489,0.050046760588884354,0.0,5.937447547912598,-0.7675590515136719,0.0,left_3,,0.6488736867904663,-0.3180517256259918,0.12305590629577637,-0.015907959938049318,0.5504662990570068,0.050046760588884354,0.12305590629577637,-0.015907959938049318,15,0,0,False,0.038626,False,False
pass_diag_2026-09-18,4,4159,45,policy,1,,,,,,,,,,,,,,,0,,0.523484468460083,0.049847912043333054,0.0,-5.737314224243164,-0.5756692886352539,0.0,left_3,,0.6468918919563293,-0.3182505965232849,-0.11890807151794433,-0.011930969953536987,0.5484845042228699,0.049847912043333054,-0.11890807151794433,-0.011930969953536987,15,0,0,False,-0.013321,False,False
pass_diag_2026-09-18,4,4159,46,policy,5,,,,,,,,,,,,,,,0,,0.5755181312561035,0.04969877377152443,0.0,5.887414455413818,-0.43175196647644043,0.0,left_3,,0.6489255428314209,-0.31839972734451294,0.12201894760131836,-0.008948227167129516,0.5505181550979614,0.04969877377152443,0.12201894760131836,-0.008948227167129516,15,0,0,False,0.038143,False,False
pass_diag_2026-09-18,4,4159,47,policy,1,,,,,,,,,,,,,,,0,,0.5235233902931213,0.04958692193031311,0.0,-5.774839401245117,-0.3238139748573303,0.0,left_3,,0.6469308137893677,-0.31851157546043396,-0.11968579292297363,-0.006711170673370361,0.5485233664512634,0.04958692193031311,-0.11968579292297363,-0.006711170673370361,15,0,0,False,-0.013763,False,False
pass_diag_2026-09-18,4,4159,48,policy,5,,,,,,,,,,,,,,,0,,0.5755472779273987,0.049503032118082047,0.0,5.8592705726623535,-0.24286048114299774,0.0,left_3,,0.6489547491073608,-0.3185954689979553,0.12143566131591797,-0.005033378005027771,0.5505473017692566,0.049503032118082047,0.12143566131591797,-0.005033378005027771,15,0,0,False,0.037743,False,False
pass_diag_2026-09-18,4,4159,49,policy,1,,,,,,,,,,,,,,,0,,0.5235452651977539,0.04944011569023132,0.0,-5.795947074890137,-0.182145357131958,0.0,left_3,,0.6469526886940002,-0.31865838170051575,-0.12012325286865234,-0.0037750333547592165,0.548545241355896,0.04944011569023132,-0.12012325286865234,-0.0037750333547592165,15,0,0,False,-0.014133,False,False
pass_diag_2026-09-18,4,4159,50,policy,5,,,,,,,,,,,,,,,0,,0.5755637288093567,0.049392927438020706,0.0,5.84343957901001,-0.1366090178489685,0.0,left_3,,0.6489711403846741,-0.31870555877685547,0.12110755920410156,-0.0028312751650810242,0.5505636930465698,0.049392927438020706,0.12110755920410156,-0.0028312751650810242,15,0,0,False,-0.462597,False,True
pass_diag_2026-09-18,5,5168,0,forced,5,11,0.20524202287197113,-0.028955545276403427,0.0,0.0,0.0,0.0,left_1,0.45377567410469055,-0.1803663671016693,0.48611509799957275,0.21358196437358856,0.8577890486579102,-0.5140018949406291,5,pass,0.24283941090106964,-0.051860496401786804,0.0,108.84444427490234,-66.3098373413086,0.0,,,0.457295686006546,-0.1803663671016693,0.211200008392334,0.0,0.4896351099014282,0.21358196437358856,0.211200008392334,0.0,15,0,0,False,-0.005,False,False
pass_diag_2026-09-18,5,5168,1,policy,7,,,,,,,,,,,,,,,0,,0.27912089228630066,-0.07396377623081207,0.0,105.0348892211914,-63.98899459838867,0.0,,,0.45993566513061523,-0.17684637010097504,0.1584000015258789,0.211200008392334,0.49227508902549744,0.21710196137428284,0.1584000015258789,0.211200008392334,15,0,0,False,-0.005886,False,False
pass_diag_2026-09-18,5,5168,2,policy,7,,,,,,,,,,,,,,,0,,0.3141325116157532,-0.09529343992471695,0.0,101.3586654663086,-61.74938201904297,0.0,,,0.46191567182540894,-0.17068636417388916,0.11880000114440918,0.36959999084472656,0.49425509572029114,0.22326195240020752,0.11880000114440918,0.36959999084472656,15,0,0,False,-0.00589,False,False
pass_diag_2026-09-18,5,5168,3,policy,17,,,,,,,,,,,,,,,0,,0.3479187488555908,-0.11587657034397125,0.0,97.81111145019531,-59.58815002441406,0.0,,,0.463400661945343,-0.16254636645317078,0.08909999847412109,0.4884000015258789,0.4957400858402252,0.2314019650220871,0.08909999847412109,0.4884000015258789,15,0,0,False,-0.004521,False,False
pass_diag_2026-09-18,5,5168,4,policy,17,,,,,,,,,,,,,,,0,,0.3805224597454071,-0.1357392817735672,0.0,94.38772583007812,-57.502567291259766,0.0,,,0.46451443433761597,-0.15292136371135712,0.06682499885559082,0.5775,0.49685385823249817,0.24102695286273956,0.06682499885559082,0.5775,15,0,0,False,-0.004224,False,False
pass_diag_2026-09-18,5,5168,5,policy,17,,,,,,,,,,,,,,,0,,0.41198503971099854,-0.15490680932998657,0.0,91.08415222167969,-55.48997497558594,0.0,,,0.4653497338294983,-0.1421826183795929,0.050118751525878906,0.6443250274658203,0.4976891577243805,0.2517656981945038,0.050118751525878906,0.6443250274658203,15,0,0,False,-0.004383,False,False
pass_diag_2026-09-18,5,5168,6,policy,17,,,,,,,,,,,,,,,0,,0.4423464238643646,-0.17340347170829773,0.0,87.89620971679688,-53.547828674316406,0.0,,,0.46597620844841003,-0.13060855865478516,0.03758906364440918,0.6944437408447266,0.49831563234329224,0.2633397579193115,0.03758906364440918,0.6944437408447266,15,0,0,False,-0.00488,False,False
pass_diag_2026-09-18,5,5168,7,policy,17,,,,,,,,,,,,,,,0,,0.47164514660835266,-0.19125273823738098,0.0,84.81983947753906,-51.67365264892578,0.0,,,0.46644607186317444,-0.11840800940990448,0.028191797733306885,0.7320327758789062,0.49878549575805664,0.2755403220653534,0.028191797733306885,0.7320327758789062,15,0,0,False,-0.005483,False,False
pass_diag_2026-09-18,5,5168,8,policy,17,,,,,,,,,,,,,,,0,,0.4999184310436249,-0.20847728848457336,0.0,81.85115051269531,-49.865074157714844,0.0,,,0.46679848432540894,-0.1057375967502594,0.02114384651184082,0.760224609375,0.49913790822029114,0.2882107198238373,0.02114384651184082,0.760224609375,15,0,0,False,-0.005698,False,False
pass_diag_2026-09-18,5,5168,9,policy,17,,,,,,,,,,,,,,,0,,0.5272021293640137,-0.22509898245334625,0.0,78.98635864257812,-48.11979675292969,0.0,,,0.467062771320343,-0.09271478652954102,0.01585788607597351,0.7813684844970703,0.4994021952152252,0.30123353004455566,0.01585788607597351,0.7813684844970703,15,0,0,False,-0.005749,False,False
pass_diag_2026-09-18,5,5168,10,policy,17,,,,,,,,,,,,,,,0,,0.5535309314727783,-0.24113892018795013,0.0,76.22183227539062,-46.435604095458984,0.0,,,0.46726101636886597,-0.07942768186330795,0.01189341425895691,0.7972263336181641,0.4996004104614258,0.31452062726020813,0.01189341425895691,0.7972263336181641,15,0,0,False,-0.005758,False,False
pass_diag_2026-09-18,5,5168,11,policy,17,,,,,,,,,,,,,,,0,,0.5789381861686707,-0.2566174566745758,0.0,73.55406951904297,-44.810359954833984,0.0,,,0.4674096703529358,-0.06594235450029373,0.008920060992240906,0.8091197204589844,0.499749094247818,0.32800596952438354,0.008920060992240906,0.8091197204589844,15,0,0,False,-0.005752,False,False
pass_diag_2026-09-18,5,5168,12,policy,17,,,,,,,,,,,,,,,0,,0.6034562587738037,-0.27155423164367676,0.0,70.97967529296875,-43.24199676513672,0.0,,,0.46752116084098816,-0.05230835825204849,0.006690045595169067,0.8180398559570312,0.49986058473587036,0.3416399657726288,0.006690045595169067,0.8180398559570312,15,0,0,False,-0.005741,False,False
pass_diag_2026-09-18,5,5168,13,policy,17,,,,,,,,,,,,,,,0,,0.6271161437034607,-0.28596824407577515,0.0,68.49539184570312,-41.7285270690918,0.0,,,0.46760478615760803,-0.03856286033987999,0.005017533898353577,0.8247298431396485,0.49994421005249023,0.3553854525089264,0.005017533898353577,0.8247298431396485,15,0,0,False,-0.005728,False,False
pass_diag_2026-09-18,5,5168,14,policy,17,,,,,,,,,,,,,,,0,,0.6499479413032532,-0.29987776279449463,0.0,66.09805297851562,-40.268028259277344,0.0,,,0.46766752004623413,-0.024733735248446465,0.0037631505727767946,0.8297473907470703,0.500006914138794,0.36921459436416626,0.0037631505727767946,0.8297473907470703,15,0,0,False,-0.005714,False,False
pass_diag_2026-09-18,5,5168,15,policy,3,,,,,,,,,,,,,,,0,,0.671980619430542,-0.3133004307746887,0.0,63.78461837768555,-38.858646392822266,0.0,,,0.4677145481109619,-0.010841893963515759,0.0028223630785942076,0.8335105133056641,0.5000540018081665,0.38310644030570984,0.0028223630785942076,0.8335105133056641,15,0,0,False,-0.005699,False,False
pass_diag_2026-09-18,5,5168,16,policy,17,,,,,,,,,,,,,,,0,,0.6932421326637268,-0.3262532949447632,0.0,61.55215835571289,-37.49859619140625,0.0,,,0.46774983406066895,0.0030969881918281317,0.0021167722344398497,0.8363329315185547,0.5000892281532288,0.3970453143119812,0.0021167722344398497,0.8363329315185547,15,0,0,False,-0.005683,False,False
pass_diag_2026-09-18,5,5168,17,policy,1,,,,,,,,,,,,,,,0,,0.7137595415115356,-0.3387528359889984,0.0,59.397830963134766,-36.18614196777344,0.0,,,0.46425628662109375,0.013551149517297745,-0.2096124267578125,0.6272496795654297,0.49659571051597595,0.4074994623661041,-0.2096124267578125,0.6272496795654297,15,0,0,False,-0.005651,False,False
pass_diag_2026-09-18,5,5168,18,policy,1,,,,,,,,,,,,,,,0,,0.7335588335990906,-0.3508148789405823,0.0,57.31890869140625,-34.91962814331055,0.0,,,0.4581161439418793,0.021391769871115685,-0.368409309387207,0.4704372787475586,0.4904555678367615,0.4153400957584381,-0.368409309387207,0.4704372787475586,15,0,0,False,-0.005627,False,False
pass_diag_2026-09-18,5,5168,19,policy,5,,,,,,,,,,,,,,,0,,0.752665102481842,-0.36245477199554443,0.0,55.312747955322266,-33.69744110107422,0.0,,,0.4570310115814209,0.027272235602140427,-0.06510698795318604,0.35282794952392577,0.4893704354763031,0.4212205708026886,-0.06510698795318604,0.35282794952392577,15,0,0,False,-0.005523,False,False
pass_diag_2026-09-18,5,5168,20,policy,1,,,,,,,,,,,,,,,0,,0.7711026668548584,-0.3736872375011444,0.0,53.376800537109375,-32.51803207397461,0.0,,,0.45269718766212463,0.031682584434747696,-0.2600302314758301,0.26462095260620117,0.48503661155700684,0.4256308972835541,-0.2600302314758301,0.26462095260620117,15,0,0,False,-0.005526,False,False
pass_diag_2026-09-18,5,5168,21,policy,5,,,,,,,,,,,,,,,0,,0.7888949513435364,-0.3845265805721283,0.0,51.50861358642578,-31.379899978637695,0.0,,,0.4529668092727661,0.0349903479218483,0.01617732048034668,0.19846572875976562,0.4853062331676483,0.42893868684768677,0.01617732048034668,0.19846572875976562,15,0,0,False,-0.005439,False,False
pass_diag_2026-09-18,5,5168,22,policy,13,,,,,,,,,,,,,,,0,,0.8060644865036011,-0.3949865400791168,0.0,49.705810546875,-30.28160285949707,0.0,,,0.45792102813720703,0.037471167743206024,0.29725299835205077,0.14884928703308106,0.49026045203208923,0.4314194917678833,0.29725299835205077,0.14884928703308106,15,0,0,False,-0.005355,False,False
pass_diag_2026-09-18,5,5168,23,policy,13,,,,,,,,,,,,,,,0,,0.8226330876350403,-0.4050804078578949,0.0,47.96610641479492,-29.22174835205078,0.0,,,0.4663887023925781,0.03933178633451462,0.5080597305297851,0.111636962890625,0.49872809648513794,0.4332801103591919,0.5080597305297851,0.111636962890625,15,0,0,False,-0.005288,False,False
pass_diag_2026-09-18,5,5168,24,policy,13,,,,,,,,,,,,,,,0,,0.8386217951774597,-0.41482099890708923,0.0,46.28729248046875,-28.198986053466797,0.0,,,0.47749143838882446,0.040727246552705765,0.666164779663086,0.08372772216796875,0.5098308324813843,0.43467557430267334,0.666164779663086,0.08372772216796875,15,0,0,False,-0.005235,False,False
pass_diag_2026-09-18,5,5168,25,policy,2,,,,,,,,,,,,,,,10,out_of_bounds,0.854050874710083,-0.3700000047683716,0.0,0.0,0.0,0.0,,,0.48245832324028015,0.038413673639297485,0.2980133247375488,-0.1388144874572754,0.5147977471351624,0.43236199021339417,0.2980133247375488,-0.1388144874572754,15,0,0,False,-0.004417,False,False
pass_diag_2026-09-18,5,5168,26,policy,2,,,,,,,,,,,,,,,0,,0.854050874710083,-0.3700000047683716,0.0,0.0,0.0,0.0,,,0.48282331228256226,0.03331831842660904,0.021899704933166505,-0.30572114944458006,0.5151627659797668,0.4272666573524475,0.021899704933166505,-0.30572114944458006,15,0,0,False,-0.00492,False,False
pass_diag_2026-09-18,5,5168,27,policy,4,,,,,,,,,,,,,,,0,,0.854050874710083,-0.3700000047683716,0.0,0.0,0.0,0.0,,,0.4864572286605835,0.02613663487136364,0.2180350685119629,-0.43090114593505857,0.5187966823577881,0.42008495330810547,0.2180350685119629,-0.43090114593505857,15,0,0,False,-0.004845,False,False
pass_diag_2026-09-18,5,5168,28,policy,14,,,,,,,,,,,,,,,0,,0.854050874710083,-0.3700000047683716,0.0,0.0,0.0,0.0,,,0.4864572286605835,0.02613663487136364,0.0,0.0,0.5187966823577881,0.42008495330810547,0.0,0.0,15,0,0,False,-0.005,False,False
pass_diag_2026-09-18,5,5168,29,policy,4,,,,,,,,,,,,,,,0,,0.854050874710083,-0.3700000047683716,0.0,0.0,0.0,0.0,,,0.48981741070747375,0.022776462137699127,0.20161027908325196,-0.20161027908325196,0.522156834602356,0.4167248010635376,0.20161027908325196,-0.20161027908325196,15,0,0,False,-0.004905,False,False
pass_diag_2026-09-18,5,5168,30,policy,2,,,,,,,,,,,,,,,0,,0.854050874710083,-0.3700000047683716,0.0,0.0,0.0,0.0,,,0.4889773726463318,0.016896162182092667,-0.05040256977081299,-0.3528179931640625,0.5213167667388916,0.41084447503089905,-0.05040256977081299,-0.3528179931640625,15,0,0,False,-0.004926,False,False
pass_diag_2026-09-18,5,5168,31,policy,5,,,,,,,,,,,,,,,0,,0.854050874710083,-0.3700000047683716,0.0,0.0,0.0,0.0,,,0.4930993318557739,0.012485938146710396,0.24731807708740233,-0.26461349487304686,0.5254387259483337,0.4064342677593231,0.24731807708740233,-0.26461349487304686,15,0,0,False,-0.004879,False,False
pass_diag_2026-09-18,5,5168,32,policy,2,,,,,,,,,,,,,,,0,,0.854050874710083,-0.3700000047683716,0.0,0.0,0.0,0.0,,,0.49283063411712646,0.005818097852170467,-0.016121731996536257,-0.40007041931152343,0.5251700282096863,0.3997664153575897,-0.016121731996536257,-0.40007041931152343,15,0,0,False,-0.004907,False,False
pass_diag_2026-09-18,5,5168,33,policy,2,,,,,,,,,,,,,,,0,,0.854050874710083,-0.3700000047683716,0.0,0.0,0.0,0.0,,,0.489268958568573,-0.0025429539382457733,-0.2137015914916992,-0.5016630935668945,0.5216083526611328,0.3914053738117218,-0.2137015914916992,-0.5016630935668945,15,0,0,False,-0.00493,False,False
pass_diag_2026-09-18,5,5168,34,policy,5,,,,,,,,,,,,,,,0,,0.854050874710083,-0.3700000047683716,0.0,0.0,0.0,0.0,,,0.4913496673107147,-0.00881374254822731,0.12484380722045899,-0.37624732971191405,0.5236890912055969,0.38513457775115967,0.12484380722045899,-0.37624732971191405,15,0,0,False,-0.004882,False,False
pass_diag_2026-09-18,5,5168,35,policy,2,,,,,,,,,,,,,,,0,,0.854050874710083,-0.3700000047683716,0.0,0.0,0.0,0.0,,,0.48955005407333374,-0.016877004876732826,-0.10797742843627929,-0.4837957763671875,0.5218894481658936,0.3770713210105896,-0.10797742843627929,-0.4837957763671875,15,0,0,False,-0.004913,False,False
pass_diag_2026-09-18,5,5168,36,policy,5,,,,,,,,,,,,,,,0,,0.854050874710083,-0.3700000047683716,0.0,0.0,0.0,0.0,,,0.4929523468017578,-0.022924453020095825,0.20413692474365233,-0.3628468322753906,0.5252917408943176,0.37102386355400085,0.20413692474365233,-0.3628468322753906,15,0,0,False,-0.004867,False,False
pass_diag_2026-09-18,5,5168,37,policy,2,,,,,,,,,,,,,,,0,,0.854050874710083,-0.3700000047683716,0.0,0.0,0.0,0.0,,,0.4921438694000244,-0.03082020953297615,-0.048507590293884274,-0.47374542236328127,0.5244832634925842,0.363128125667572,-0.048507590293884274,-0.47374542236328127,15,0,0,False,-0.004903,False,False
pass_diag_2026-09-18,5,5168,38,policy,5,,,,,,,,,,,,,,,0,,0.854050874710083,-0.3700000047683716,0.0,0.0,0.0,0.0,,,0.49628952145576477,-0.03674202784895897,0.24873929977416992,-0.35530906677246094,0.528628945350647,0.3572062849998474,0.24873929977416992,-0.35530906677246094,15,0,0,False,-0.004859,False,False
pass_diag_2026-09-18,5,5168,39,policy,14,,,,,,,,,,,,,,,0,,0.854050874710083,-0.3700000047683716,0.0,0.0,0.0,0.0,,,0.49628952145576477,-0.03674202784895897,0.0,0.0,0.528628945350647,0.3572062849998474,0.0,0.0,15,0,0,False,-0.005,False,False
pass_diag_2026-09-18,5,5168,40,policy,8,,,,,,,,,,,,,,,15,pass_intercepted,0.854050874710083,-0.3700000047683716,0.0,0.0,0.0,0.0,,,0.4929293692111969,-0.033381856977939606,-0.20161027908325196,0.20161027908325196,0.5252687931060791,0.36056646704673767,-0.20161027908325196,0.20161027908325196,15,0,0,False,-0.005095,True,False
pass_diag_2026-09-18,6,6177,0,forced,5,11,0.15339228510856628,-0.01702328585088253,0.0,0.0,0.0,0.0,left_1,0.4955853223800659,-0.18555040657520294,0.4863847494125366,0.17147769033908844,0.8991134973765229,-0.43771556841784504,5,pass,0.1928873509168625,-0.03647426515817642,0.0,114.33821105957031,-56.310585021972656,0.0,,,0.499105304479599,-0.18555040657520294,0.211200008392334,0.0,0.4899047315120697,0.17147769033908844,0.211200008392334,0.0,15,0,0,False,-0.005,False,False
pass_diag_2026-09-18,6,6177,1,policy,7,,,,,,,,,,,,,,,0,,0.23100008070468903,-0.055244456976652145,0.0,110.33637237548828,-54.33971405029297,0.0,,,0.5017452836036682,-0.18203040957450867,0.1584000015258789,0.211200008392334,0.4925447404384613,0.17499768733978271,0.1584000015258789,0.211200008392334,15,0,0,False,-0.005883,False,False
pass_diag_2026-09-18,6,6177,2,policy,7,,,,,,,,,,,,,,,0,,0.2677788734436035,-0.07335769385099411,0.0,106.47460174560547,-52.43782424926758,0.0,,,0.5037252902984619,-0.1758704036474228,0.11880000114440918,0.36959999084472656,0.494524747133255,0.1811576932668686,0.11880000114440918,0.36959999084472656,15,0,0,False,-0.005881,False,False
pass_diag_2026-09-18,6,6177,3,policy,17,,,,,,,,,,,,,,,0,,0.3032703995704651,-0.09083697199821472,0.0,102.74798583984375,-50.602500915527344,0.0,,,0.5052103400230408,-0.1677304059267044,0.08909999847412109,0.4884000015258789,0.4960097372531891,0.18929769098758698,0.08909999847412109,0.4884000015258789,15,0,0,False,-0.005874,False,False
pass_diag_2026-09-18,6,6177,4,policy,17,,,,,,,,,,,,,,,0,,0.33751973509788513,-0.10770446807146072,0.0,99.15180969238281,-48.83141326904297,0.0,,,0.506324052810669,-0.15810540318489075,0.06682499885559082,0.5775,0.49712347984313965,0.19892269372940063,0.06682499885559082,0.5775,15,0,0,False,-0.00492,False,False
pass_diag_2026-09-18,6,6177,5,policy,17,,,,,,,,,,,,,,,0,,0.3705703318119049,-0.12398160994052887,0.0,95.6814956665039,-47.122310638427734,0.0,,,0.5071593523025513,-0.14736665785312653,0.050118751525878906,0.6443250274658203,0.49795880913734436,0.20966143906116486,0.050118751525878906,0.6443250274658203,15,0,0,False,-0.004248,False,False
pass_diag_2026-09-18,6,6177,6,policy,17,,,,,,,,,,,,,,,0,,0.4024641811847687,-0.13968904316425323,0.0,92.3326416015625,-45.47303009033203,0.0,,,0.5077858567237854,-0.1357925981283188,0.03758906364440918,0.6944437408447266,0.4985852837562561,0.2212354987859726,0.03758906364440918,0.6944437408447266,15,0,0,False,-0.004336,False,False
pass_diag_2026-09-18,6,6177,7,policy,17,,,,,,,,,,,,,,,0,,0.43324172496795654,-0.15484672784805298,0.0,89.10099792480469,-43.881473541259766,0.0,,,0.5082557201385498,-0.12359204888343811,0.028191797733306885,0.7320327758789062,0.4990551471710205,0.23343604803085327,0.028191797733306885,0.7320327758789062,15,0,0,False,-0.004517,False,False
pass_diag_2026-09-18,6,6177,8,policy,17,,,,,,,,,,,,,,,0,,0.46294206380844116,-0.16947388648986816,0.0,85.98246765136719,-42.34562301635742,0.0,,,0.5086081027984619,-0.11092163622379303,0.02114384651184082,0.760224609375,0.4994075298309326,0.24610646069049835,0.02114384651184082,0.760224609375,15,0,0,False,-0.00486,False,False
pass_diag_2026-09-18,6,6177,9,policy,17,,,,,,,,,,,,,,,0,,0.4916028678417206,-0.18358908593654633,0.0,82.97307586669922,-40.863525390625,0.0,,,0.508872389793396,-0.09789882600307465,0.01585788607597351,0.7813684844970703,0.4996718466281891,0.25912925601005554,0.01585788607597351,0.7813684844970703,15,0,0,False,-0.005263,False,False
pass_diag_2026-09-18,6,6177,10,policy,17,,,,,,,,,,,,,,,0,,0.519260585308075,-0.19721026718616486,0.0,80.06902313232422,-39.43330383300781,0.0,,,0.509070634841919,-0.08461172133684158,0.01189341425895691,0.7972263336181641,0.49987006187438965,0.2724163830280304,0.01189341425895691,0.7972263336181641,15,0,0,False,-0.005513,False,False
pass_diag_2026-09-18,6,6177,11,policy,17,,,,,,,,,,,,,,,0,,0.5459502339363098,-0.21035470068454742,0.0,77.26660919189453,-38.053138732910156,0.0,,,0.5092192888259888,-0.07112639397382736,0.008920060992240906,0.8091197204589844,0.5000187158584595,0.2859016954898834,0.008920060992240906,0.8091197204589844,15,0,0,False,-0.005619,False,False
pass_diag_2026-09-18,6,6177,12,policy,17,,,,,,,,,,,,,,,0,,0.5717057585716248,-0.22303907573223114,0.0,74.56227111816406,-36.72127914428711,0.0,,,0.5093308091163635,-0.05749239772558212,0.006690045595169067,0.8180398559570312,0.5001302361488342,0.29953569173812866,0.006690045595169067,0.8180398559570312,15,0,0,False,-0.005658,False,False
pass_diag_2026-09-18,6,6177,13,policy,17,,,,,,,,,,,,,,,0,,0.5965598821640015,-0.23527950048446655,0.0,71.95259094238281,-35.436031341552734,0.0,,,0.5094144344329834,-0.04374689981341362,0.005017533898353577,0.8247298431396485,0.5002138614654541,0.31328120827674866,0.005017533898353577,0.8247298431396485,15,0,0,False,-0.00567,False,False
pass_diag_2026-09-18,6,6177,14,policy,3,,,,,,,,,,,,,,,0,,0.6205440759658813,-0.24709151685237885,0.0,69.43425750732422,-34.195770263671875,0.0,,,0.5094771385192871,-0.03695777431130409,0.0037631505727767946,0.407347412109375,0.5002765655517578,0.3200703263282776,0.0037631505727767946,0.407347412109375,15,0,0,False,-0.005545,False,False
pass_diag_2026-09-18,6,6177,15,policy,3,,,,,,,,,,,,,,,0,,0.6436887979507446,-0.25849011540412903,0.0,67.0040512084961,-32.99892044067383,0.0,,,0.5095241665840149,-0.03538593277335167,0.0028223630785942076,0.09431055068969726,0.5003235936164856,0.3216421604156494,0.0028223630785942076,0.09431055068969726,15,0,0,False,-0.005453,False,False
pass_diag_2026-09-18,6,6177,16,policy,1,,,,,,,,,,,,,,,0,,0.6660234928131104,-0.26948973536491394,0.0,64.6589126586914,-31.843957901000977,0.0,,,0.5095594525337219,-0.03895905241370201,0.0021167722344398497,-0.21438709259033203,0.49683889746665955,0.3228210508823395,-0.20908323287963868,0.07073291301727296,15,0,0,False,-0.005366,False,False
pass_diag_2026-09-18,6,6177,17,policy,5,,,,,,,,,,,,,,,0,,0.6875764727592468,-0.280104398727417,0.0,62.395851135253906,-30.729419708251953,0.0,,,0.514337956905365,-0.04163888841867447,0.2867075729370117,-0.16079030990600585,0.4977453649044037,0.32370519638061523,0.0543875789642334,0.053049683570861816,15,0,0,False,-0.005323,False,False
pass_diag_2026-09-18,6,6177,18,policy,13,,,,,,,,,,,,,,,0,,0.708375096321106,-0.29034754633903503,0.0,60.211997985839844,-29.65389060974121,0.0,,,0.5226737856864929,-0.043648768216371536,0.5001506805419922,-0.12059273719787597,0.5031772255897522,0.32436832785606384,0.32591068267822265,0.039787261486053466,15,0,0,False,-0.005281,False,False
pass_diag_2026-09-18,6,6177,19,policy,2,,,,,,,,,,,,,,,0,,0.7284457683563232,-0.3002321720123291,0.0,58.104576110839844,-28.616003036499023,0.0,,,0.525565505027771,-0.048516348004341125,0.17350273132324218,-0.2920548439025879,0.5038909316062927,0.32150548696517944,0.04282272815704346,-0.17176984786987304,15,0,0,False,-0.00529,False,False
pass_diag_2026-09-18,6,6177,20,policy,5,,,,,,,,,,,,,,,0,,0.7478139400482178,-0.3097708225250244,0.0,56.07091522216797,-27.614442825317383,0.0,,,0.5324862599372864,-0.05216703563928604,0.4152470397949219,-0.2190411376953125,0.5091782212257385,0.31935837864875793,0.31723705291748044,-0.1288273811340332,15,0,0,False,-0.005249,False,False
pass_diag_2026-09-18,6,6177,21,policy,2,,,,,,,,,,,,,,,0,,0.7665042281150818,-0.31897565722465515,0.0,54.10843276977539,-26.647937774658203,0.0,,,0.5343167185783386,-0.05826522037386894,0.10982500076293945,-0.36589111328125,0.5097835063934326,0.31438785791397095,0.036317498683929444,-0.29823081970214843,15,0,0,False,-0.005267,False,False
pass_diag_2026-09-18,6,6177,22,policy,5,,,,,,,,,,,,,,,0,,0.7845404148101807,-0.3278582990169525,0.0,52.214637756347656,-25.715259552001953,0.0,,,0.5404415130615234,-0.06283885985612869,0.3674887466430664,-0.27441835403442383,0.51498943567276,0.3106599748134613,0.3123581314086914,-0.22367311477661134,15,0,0,False,-0.005224,False,False
pass_diag_2026-09-18,6,6177,23,policy,2,,,,,,,,,,,,,,,0,,0.8019452691078186,-0.33643004298210144,0.0,50.38712692260742,-24.81522560119629,0.0,,,0.5416749119758606,-0.0696292594075203,0.07400627613067627,-0.4074240493774414,0.5155337452888489,0.3045038878917694,0.032658307552337645,-0.36936511993408205,15,0,0,False,-0.005248,False,False
pass_diag_2026-09-18,6,6177,24,policy,5,,,,,,,,,,,,,,,0,,0.818740963935852,-0.3447017967700958,0.0,48.62357711791992,-23.946693420410156,0.0,,,0.5473520159721375,-0.074722059071064,0.34062469482421875,-0.3055680274963379,0.5206940174102783,0.2998868227005005,0.30961372375488283,-0.2770238494873047,15,0,0,False,-0.005202,False,False
pass_diag_2026-09-18,6,6177,25,policy,2,,,,,,,,,,,,,,,0,,0.8349488377571106,-0.35268402099609375,0.0,46.9217529296875,-23.108558654785156,0.0,,,0.5482496619224548,-0.08190183341503143,0.05385824680328369,-0.4307863235473633,0.5212039947509766,0.29306384921073914,0.030600013732910155,-0.40937816619873046,15,0,0,False,-0.005231,False,False
pass_diag_2026-09-18,6,6177,26,policy,5,,,,,,,,,,,,,,,0,,0.8505894541740417,-0.3603868782520294,0.0,45.27949142456055,-22.299758911132812,0.0,,,0.5536748766899109,-0.08728665858507156,0.3255136871337891,-0.3230897521972656,0.526338517665863,0.2879466414451599,0.308070011138916,-0.307033634185791,15,0,0,False,-0.005181,False,False
pass_diag_2026-09-18,6,6177,27,policy,2,,,,,,,,,,,,,,,0,,0.8656826019287109,-0.3678201138973236,0.0,43.69470977783203,-21.519268035888672,0.0,,,0.5543836355209351,-0.09468545764684677,0.04252497673034668,-0.44392757415771483,0.526829183101654,0.28074854612350464,0.029442222118377687,-0.4318854904174805,15,0,0,False,-0.005214,False,False
pass_diag_2026-09-18,6,6177,28,policy,5,,,,,,,,,,,,,,,0,,0.8802474737167358,-0.3749932050704956,0.0,42.1653938293457,-20.766094207763672,0.0,,,0.55966717004776,-0.10023455321788788,0.3170137405395508,-0.332945671081543,0.5319492220878601,0.2753499746322632,0.3072016716003418,-0.3239141464233398,15,0,0,False,-0.005162,False,False
pass_diag_2026-09-18,6,6177,29,policy,2,,,,,,,,,,,,,,,0,,0.8943026065826416,-0.38191524147987366,0.0,40.689605712890625,-20.03927993774414,0.0,,,0.5602697134017944,-0.10775654017925262,0.036150014400482176,-0.45131954193115237,0.5324290990829468,0.267940878868103,0.02879096508026123,-0.4445458984375,15,0,0,False,-0.005198,False,False
pass_diag_2026-09-18,6,6177,30,policy,5,,,,,,,,,,,,,,,0,,0.9078658223152161,-0.38859501481056213,0.0,39.26546859741211,-19.337905883789062,0.0,,,0.5654735565185547,-0.11339803785085678,0.3122325134277344,-0.3384896469116211,0.5375409722328186,0.2623840570449829,0.30671321868896484,-0.333409423828125,15,0,0,False,-0.005143,False,False
pass_diag_2026-09-18,6,6177,31,policy,2,,,,,,,,,,,,,,,0,,0.9209542870521545,-0.39504098892211914,0.0,37.891178131103516,-18.66107940673828,0.0,,,0.5660163164138794,-0.12098933011293411,0.032564096450805664,-0.4554775238037109,0.5380147099494934,0.25485625863075256,0.02842463254928589,-0.4516673278808594,15,0,0,False,-0.005183,False,False
pass_diag_2026-09-18,6,6177,32,policy,5,,,,,,,,,,,,,,,0,,0.9335846900939941,-0.4012613296508789,0.0,36.56498718261719,-18.0079402923584,0.0,,,0.5711753368377686,-0.1266828030347824,0.30954307556152344,-0.3416081619262695,0.5431219935417175,0.2492104172706604,0.3064384651184082,-0.33875049591064454,15,0,0,False,-0.005125,False,False
pass_diag_2026-09-18,6,6177,33,policy,2,,,,,,,,,,,,,,,0,,0.9457730650901794,-0.40726399421691895,0.0,35.285213470458984,-17.377662658691406,0.0,,,0.5716844797134399,-0.13431307673454285,0.030547020435333253,-0.45781639099121096,0.5435923337936401,0.24161586165428162,0.028218569755554198,-0.45567317962646486,15,0,0,False,-0.005168,False,False
pass_diag_2026-09-18,6,6177,34,policy,5,,,,,,,,,,,,,,,0,,0.9575347900390625,-0.41305655241012573,0.0,34.050228118896484,-16.769445419311523,0.0,,,0.5768182873725891,-0.14003577828407288,0.3080302619934082,-0.3433623123168945,0.5486970543861389,0.23591995239257812,0.3062839317321777,-0.3417548751831055,15,0,0,False,-0.005108,False,False
pass_diag_2026-09-18,6,6177,35,policy,2,,,,,,,,,,,,,,,0,,0.9688848257064819,-0.41864636540412903,0.0,32.85847091674805,-16.182514190673828,0.0,,,0.5773085355758667,-0.14768797159194946,0.02941241264343262,-0.4591320037841797,0.5491654276847839,0.22828784584999084,0.028102660179138185,-0.4579264450073242,15,0,0,False,-0.005154,False,False
pass_diag_2026-09-18,6,6177,36,policy,5,,,,,,,,,,,,,,,10,out_of_bounds,0.949999988079071,-0.3700000047683716,0.0,0.0,0.0,0.0,,,0.5824281573295593,-0.1534271240234375,0.3071793174743652,-0.3443490219116211,0.5542687177658081,0.2225637584924698,0.30619699478149415,-0.34344482421875,15,0,0,False,-0.004009,False,False
pass_diag_2026-09-18,6,6177,37,policy,2,,,,,,,,,,,,,,,0,,0.949999988079071,-0.3700000047683716,0.0,0.0,0.0,0.0,,,0.5829077363014221,-0.1610916554927826,0.028774197101593017,-0.4598720550537109,0.5547360181808472,0.21491053700447083,0.02803745985031128,-0.45919391632080075,15,0,0,False,-0.004915,False,False
pass_diag_2026-09-18,6,6177,38,policy,4,,,,,,,,,,,,,,,0,,0.949999988079071,-0.3700000047683716,0.0,0.0,0.0,0.0,,,0.5866276025772095,-0.17020022869110107,0.22319093704223633,-0.5465143203735352,0.5584466457366943,0.20581044256687164,0.22263837814331056,-0.5460057067871094,15,0,0,False,-0.004846,False,False
pass_diag_2026-09-18,6,6177,39,policy,14,,,,,,,,,,,,,,,0,,0.949999988079071,-0.3700000047683716,0.0,0.0,0.0,0.0,,,0.5866276025772095,-0.17020022869110107,0.0,0.0,0.5584466457366943,0.20581044256687164,0.0,0.0,15,0,0,False,-0.005,False,False
pass_diag_2026-09-18,6,6177,40,policy,6,,,,,,,,,,,,,,,0,,0.949999988079071,-0.3700000047683716,0.0,0.0,0.0,0.0,,,0.5866276025772095,-0.17020022869110107,0.0,0.0,0.5584466457366943,0.20581044256687164,0.0,0.0,15,0,0,False,-0.005,False,False
pass_diag_2026-09-18,6,6177,41,policy,2,,,,,,,,,,,,,,,0,,0.949999988079071,-0.3700000047683716,0.0,0.0,0.0,0.0,,,0.5832674503326416,-0.166840061545372,-0.20161027908325196,0.20161027908325196,0.5550864934921265,0.2091706097126007,-0.20161027908325196,0.20161027908325196,15,0,0,False,-0.005091,False,False
pass_diag_2026-09-18,6,6177,42,policy,5,,,,,,,,,,,,,,,0,,0.949999988079071,-0.3700000047683716,0.0,0.0,0.0,0.0,,,0.5854992866516113,-0.1643199324607849,0.13391228675842284,0.15120771408081055,0.5573183298110962,0.2116907387971878,0.13391228675842284,0.15120771408081055,15,0,0,False,-0.004986,False,False
pass_diag_2026-09-18,6,6177,43,policy,8,,,,,,,,,,,,,,,0,,0.949999988079071,-0.3700000047683716,0.0,0.0,0.0,0.0,,,0.5838130116462708,-0.15906967222690582,-0.10117607116699219,0.3150160789489746,0.5556320548057556,0.2169409990310669,-0.10117607116699219,0.3150160789489746,15,0,0,False,-0.005081,False,False
pass_diag_2026-09-18,6,6177,44,policy,4,,,,,,,,,,,,,,,0,,0.949999988079071,-0.3700000047683716,0.0,0.0,0.0,0.0,,,0.5859084725379944,-0.15849213302135468,0.12572823524475096,0.034651768207550046,0.557727575302124,0.21751853823661804,0.12572823524475096,0.034651768207550046,15,0,0,False,-0.00497,False,False
pass_diag_2026-09-18,6,6177,45,policy,2,,,,,,,,,,,,,,,15,pass_intercepted,0.949999988079071,-0.3700000047683716,0.0,0.0,0.0,0.0,,,0.5841199159622192,-0.16141915321350098,-0.1073141098022461,-0.17562145233154297,0.5559389591217041,0.21459150314331055,-0.1073141098022461,-0.17562145233154297,15,0,0,False,-0.005002,True,False
pass_diag_2026-09-18,7,7186,0,forced,5,11,0.23484522104263306,0.033885713666677475,0.0,0.0,0.0,0.0,left_1,0.4275098443031311,-0.24102891981601715,0.41950085759162903,0.21442332863807678,0.7229255191891336,0.6909259683244808,5,pass,0.26632463932037354,0.06466309726238251,0.0,91.13288879394531,89.10052490234375,0.0,,,0.4310298562049866,-0.24102891981601715,0.211200008392334,0.0,0.4230208396911621,0.21442332863807678,0.211200008392334,0.0,15,0,0,False,-0.005,False,False
pass_diag_2026-09-18,7,7186,1,policy,18,,,,,,,,,,,,,,,0,,0.2967022657394409,0.094363272190094,0.0,87.9432373046875,85.98200988769531,0.0,,,0.43718984723091125,-0.24102891981601715,0.36959999084472656,0.0,0.4291808605194092,0.21442332863807678,0.36959999084472656,0.0,15,0,0,False,-0.005775,False,False
pass_diag_2026-09-18,7,7186,2,policy,18,,,,,,,,,,,,,,,0,,0.3260166645050049,0.12302394211292267,0.0,84.86522674560547,82.97264099121094,0.0,,,0.44532984495162964,-0.24102891981601715,0.4884000015258789,0.0,0.43732085824012756,0.21442332863807678,0.4884000015258789,0.0,15,0,0,False,-0.005228,False,False
pass_diag_2026-09-18,7,7186,3,policy,18,,,,,,,,,,,,,,,0,,0.35430508852005005,0.1506814956665039,0.0,81.89494323730469,80.06859588623047,0.0,,,0.4549548625946045,-0.24102891981601715,0.5775,0.0,0.44694584608078003,0.21442332863807678,0.5775,0.0,15,0,0,False,-0.004369,False,False
pass_diag_2026-09-18,7,7186,4,policy,18,,,,,,,,,,,,,,,0,,0.3816033899784088,0.17737102508544922,0.0,79.02861785888672,77.26619720458984,0.0,,,0.4656935930252075,-0.24102891981601715,0.6443250274658203,0.0,0.45768460631370544,0.21442332863807678,0.6443250274658203,0.0,15,0,0,False,-0.004443,False,False
pass_diag_2026-09-18,7,7186,5,policy,18,,,,,,,,,,,,,,,0,,0.40794625878334045,0.20312641561031342,0.0,76.26261901855469,74.56188201904297,0.0,,,0.47726768255233765,-0.24102891981601715,0.6944437408447266,0.0,0.4692586660385132,0.21442332863807678,0.6944437408447266,0.0,15,0,0,False,-0.004554,False,False
pass_diag_2026-09-18,7,7186,6,policy,18,,,,,,,,,,,,,,,0,,0.43336713314056396,0.227980375289917,0.0,73.59342956542969,71.95221710205078,0.0,,,0.48946821689605713,-0.24102891981601715,0.7320327758789062,0.0,0.48145920038223267,0.21442332863807678,0.7320327758789062,0.0,15,0,0,False,-0.004752,False,False
pass_diag_2026-09-18,7,7186,7,policy,18,,,,,,,,,,,,,,,0,,0.4578982889652252,0.2519644498825073,0.0,71.01765441894531,69.43388366699219,0.0,,,0.4961296021938324,-0.2435179352760315,0.3996836471557617,-0.1493409538269043,0.4881206154823303,0.21193431317806244,0.3996836471557617,-0.1493409538269043,15,0,0,False,-0.005004,False,False
pass_diag_2026-09-18,7,7186,8,policy,18,,,,,,,,,,,,,,,0,,0.481570839881897,0.27510908246040344,0.0,68.53203582763672,67.00370025634766,0.0,,,0.4986366331577301,-0.2478737235069275,0.15042179107666015,-0.26134666442871096,0.490627646446228,0.20757852494716644,0.15042179107666015,-0.26134666442871096,15,0,0,False,-0.00536,False,False
pass_diag_2026-09-18,7,7186,9,policy,18,,,,,,,,,,,,,,,0,,0.5044148564338684,0.2974436581134796,0.0,66.13341522216797,64.6585693359375,0.0,,,0.49802789092063904,-0.25362956523895264,-0.03652460813522339,-0.3453509521484375,0.49001890420913696,0.2018226832151413,-0.03652460813522339,-0.3453509521484375,15,0,0,False,-0.005571,False,False
pass_diag_2026-09-18,7,7186,10,policy,18,,,,,,,,,,,,,,,0,,0.5264593362808228,0.31899651885032654,0.0,63.818748474121094,62.3955192565918,0.0,,,0.4950823187828064,-0.26043546199798584,-0.17673440933227538,-0.4083541488647461,0.4870733320713043,0.1950167864561081,-0.17673440933227538,-0.4083541488647461,15,0,0,False,-0.005668,False,False
pass_diag_2026-09-18,7,7186,11,policy,18,,,,,,,,,,,,,,,0,,0.5477322340011597,0.3397950232028961,0.0,61.58509063720703,60.21167755126953,0.0,,,0.49038413166999817,-0.2680289149284363,-0.2818917655944824,-0.455606575012207,0.4823751151561737,0.18742333352565765,-0.2818917655944824,-0.455606575012207,15,0,0,False,-0.005714,False,False
pass_diag_2026-09-18,7,7186,12,policy,18,,,,,,,,,,,,,,,0,,0.5682606101036072,0.35986557602882385,0.0,59.42961502075195,58.10426712036133,0.0,,,0.48437145352363586,-0.27621302008628845,-0.3607597732543945,-0.4910458755493164,0.4763624668121338,0.17923924326896667,-0.3607597732543945,-0.4910458755493164,15,0,0,False,-0.005737,False,False
pass_diag_2026-09-18,7,7186,13,policy,18,,,,,,,,,,,,,,,0,,0.5880704522132874,0.3792336583137512,0.0,57.349578857421875,56.07061767578125,0.0,,,0.477372944355011,-0.28484010696411133,-0.419910774230957,-0.5176253509521485,0.4693639576435089,0.1706121414899826,-0.419910774230957,-0.5176253509521485,15,0,0,False,-0.005747,False,False
pass_diag_2026-09-18,7,7186,14,policy,18,,,,,,,,,,,,,,,0,,0.6071869730949402,0.39792385697364807,0.0,55.342342376708984,54.10814666748047,0.0,,,0.4696350395679474,-0.29379943013191223,-0.4642740249633789,-0.5375599670410156,0.4616260528564453,0.1616528183221817,-0.4642740249633789,-0.5375599670410156,15,0,0,False,-0.00575,False,False
pass_diag_2026-09-18,7,7186,15,policy,18,,,,,,,,,,,,,,,0,,0.6256344318389893,0.4159599244594574,0.0,53.40536117553711,52.21436309814453,0.0,,,0.46134260296821594,-0.30300796031951904,-0.49754646301269534,-0.5525109481811523,0.45333361625671387,0.15244430303573608,-0.49754646301269534,-0.5525109481811523,15,0,0,False,-0.005747,False,False
pass_diag_2026-09-18,7,7186,16,policy,18,,,,,,,,,,,,,,,10,out_of_bounds,0.6434362530708313,0.3700000047683716,0.0,0.0,0.0,0.0,,,0.4526342749595642,-0.3124033510684967,-0.5225008010864258,-0.563724136352539,0.44462525844573975,0.14304889738559723,-0.5225008010864258,-0.563724136352539,15,0,0,False,-0.004737,False,False
pass_diag_2026-09-18,7,7186,17,policy,5,,,,,,,,,,,,,,,0,,0.6434362530708313,0.3700000047683716,0.0,0.0,0.0,0.0,,,0.4496229887008667,-0.31944990158081055,-0.18067560195922852,-0.4227931213378906,0.4416140019893646,0.1360023468732834,-0.18067560195922852,-0.4227931213378906,15,0,0,False,-0.005146,False,False
pass_diag_2026-09-18,7,7186,18,policy,18,,,,,,,,,,,,,,,0,,0.6434362530708313,0.3700000047683716,0.0,0.0,0.0,0.0,,,0.45088455080986023,-0.32473480701446533,0.07569329261779785,-0.31709484100341795,0.44287556409835815,0.1307174265384674,0.07569329261779785,-0.31709484100341795,15,0,0,False,-0.005064,False,False
pass_diag_2026-09-18,7,7186,19,policy,2,,,,,,,,,,,,,,,0,,0.6434362530708313,0.3700000047683716,0.0,0.0,0.0,0.0,,,0.44934171438217163,-0.33118751645088196,-0.09257098197937012,-0.38716209411621094,0.44133269786834717,0.12426473200321198,-0.09257098197937012,-0.38716209411621094,15,0,0,False,-0.005119,False,False
pass_diag_2026-09-18,7,7186,20,policy,14,,,,,,,,,,,,,,,0,,0.6434362530708313,0.3700000047683716,0.0,0.0,0.0,0.0,,,0.44934171438217163,-0.33118751645088196,0.0,0.0,0.44133269786834717,0.12426473200321198,0.0,0.0,15,0,0,False,-0.005,False,False
pass_diag_2026-09-18,7,7186,21,policy,6,,,,,,,,,,,,,,,0,,0.6434362530708313,0.3700000047683716,0.0,0.0,0.0,0.0,,,0.4518307149410248,-0.3286985158920288,0.1493409538269043,0.1493409538269043,0.4438217282295227,0.12675374746322632,0.1493409538269043,0.1493409538269043,15,0,0,False,-0.00493,False,False
pass_diag_2026-09-18,7,7186,22,policy,2,,,,,,,,,,,,,,,0,,0.6434362530708313,0.3700000047683716,0.0,0.0,0.0,0.0,,,0.4512084722518921,-0.3293207585811615,-0.03733523845672607,-0.03733523845672607,0.4431994557380676,0.12613148987293243,-0.03733523845672607,-0.03733523845672607,15,0,0,False,-0.005018,False,False
pass_diag_2026-09-18,7,7186,23,policy,6,,,,,,,,,,,,,,,0,,0.6434362530708313,0.3700000047683716,0.0,0.0,0.0,0.0,,,0.4532307982444763,-0.32729843258857727,0.12133952140808106,0.12133952140808106,0.44522178173065186,0.12815381586551666,0.12133952140808106,0.12133952140808106,15,0,0,False,-0.004943,False,False
pass_diag_2026-09-18,7,7186,24,policy,2,,,,,,,,,,,,,,,0,,0.6434362530708313,0.3700000047683716,0.0,0.0,0.0,0.0,,,0.45225852727890015,-0.32827070355415344,-0.058336310386657715,-0.058336310386657715,0.4442495107650757,0.1271815448999405,-0.058336310386657715,-0.058336310386657715,15,0,0,False,-0.005027,False,False
pass_diag_2026-09-18,7,7186,25,policy,5,,,,,,,,,,,,,,,0,,0.6434362530708313,0.3700000047683716,0.0,0.0,0.0,0.0,,,0.4550493061542511,-0.32899990677833557,0.1674477767944336,-0.04375223159790039,0.447040319442749,0.12645234167575836,0.1674477767944336,-0.04375223159790039,15,0,0,False,-0.004976,False,False
pass_diag_2026-09-18,7,7186,26,policy,2,,,,,,,,,,,,,,,0,,0.6434362530708313,0.3700000047683716,0.0,0.0,0.0,0.0,,,0.45465341210365295,-0.3320358097553253,-0.023755125999450684,-0.18215513229370117,0.4466443955898285,0.12341642379760742,-0.023755125999450684,-0.18215513229370117,15,0,0,False,-0.005052,False,False
pass_diag_2026-09-18,7,7186,27,policy,5,,,,,,,,,,,,,,,0,,0.6434362530708313,0.3700000047683716,0.0,0.0,0.0,0.0,,,0.4578764736652374,-0.33431276679039,0.1933836555480957,-0.1366163444519043,0.44986745715141296,0.12113948166370392,0.1933836555480957,-0.1366163444519043,15,0,0,False,-0.004996,False,False
pass_diag_2026-09-18,7,7186,28,policy,5,,,,,,,,,,,,,,,0,,0.6434362530708313,0.3700000047683716,0.0,0.0,0.0,0.0,,,0.46381375193595886,-0.33602046966552734,0.35623775482177733,-0.1024622631072998,0.4558047652244568,0.11943177878856659,0.35623775482177733,-0.1024622631072998,15,0,0,False,-0.004955,False,False
pass_diag_2026-09-18,7,7186,29,policy,2,,,,,,,,,,,,,,,15,pass_intercepted,0.6434362530708313,0.3700000047683716,0.0,0.0,0.0,0.0,,,0.465777724981308,-0.3397902548313141,0.11783735275268555,-0.22618764877319336,0.4577687084674835,0.11566198617219925,0.11783735275268555,-0.22618764877319336,15,0,0,False,-0.005037,True,False
pass_diag_2026-09-18,8,8195,0,forced,5,11,0.24931460618972778,0.022628633305430412,0.0,0.0,0.0,0.0,left_1,0.42492684721946716,-0.17158576846122742,0.4407990574836731,0.24446743726730347,0.6794396822304101,-0.7337313665168196,5,pass,0.2788417935371399,-0.01002630777657032,0.0,85.48123931884766,-94.53605651855469,0.0,,,0.42844685912132263,-0.17158576846122742,0.211200008392334,0.0,0.44431906938552856,0.24446743726730347,0.211200008392334,0.0,15,0,0,False,-0.005,False,False
pass_diag_2026-09-18,8,8195,1,policy,17,,,,,,,,,,,,,,,0,,0.3073355555534363,-0.04153832793235779,0.0,82.48939514160156,-91.227294921875,0.0,,,0.4346068501472473,-0.17158576846122742,0.36959999084472656,0.0,0.45047906041145325,0.24446743726730347,0.36959999084472656,0.0,15,0,0,False,-0.005656,False,False
pass_diag_2026-09-18,8,8195,2,policy,17,,,,,,,,,,,,,,,0,,0.33483201265335083,-0.07194742560386658,0.0,79.60226440429688,-88.03433990478516,0.0,,,0.4427468478679657,-0.17158576846122742,0.4884000015258789,0.0,0.45861905813217163,0.24446743726730347,0.4884000015258789,0.0,15,0,0,False,-0.004771,False,False
pass_diag_2026-09-18,8,8195,3,policy,17,,,,,,,,,,,,,,,0,,0.3613660931587219,-0.1012922003865242,0.0,76.8161849975586,-84.95313262939453,0.0,,,0.45237183570861816,-0.17158576846122742,0.5775,0.0,0.4682440757751465,0.24446743726730347,0.5775,0.0,15,0,0,False,-0.004362,False,False
pass_diag_2026-09-18,8,8195,4,policy,17,,,,,,,,,,,,,,,0,,0.38697150349617004,-0.12960991263389587,0.0,74.12762451171875,-81.97977447509766,0.0,,,0.4631105959415436,-0.17158576846122742,0.6443250274658203,0.0,0.4789828360080719,0.24446743726730347,0.6443250274658203,0.0,15,0,0,False,-0.004439,False,False
pass_diag_2026-09-18,8,8195,5,policy,17,,,,,,,,,,,,,,,0,,0.4116806983947754,-0.15693651139736176,0.0,71.53315734863281,-79.11048126220703,0.0,,,0.4746846556663513,-0.17158576846122742,0.6944437408447266,0.0,0.49055689573287964,0.24446743726730347,0.6944437408447266,0.0,15,0,0,False,-0.004555,False,False
pass_diag_2026-09-18,8,8195,6,policy,17,,,,,,,,,,,,,,,0,,0.4355250895023346,-0.18330666422843933,0.0,69.02949523925781,-76.34161376953125,0.0,,,0.4868851900100708,-0.17158576846122742,0.7320327758789062,0.0,0.5027574300765991,0.24446743726730347,0.7320327758789062,0.0,15,0,0,False,-0.00476,False,False
pass_diag_2026-09-18,8,8195,7,policy,17,,,,,,,,,,,,,,,0,,0.45853492617607117,-0.20875386893749237,0.0,66.61346435546875,-73.66966247558594,0.0,,,0.4995556175708771,-0.17158576846122742,0.760224609375,0.0,0.515427827835083,0.24446743726730347,0.760224609375,0.0,15,0,0,False,-0.005053,False,False
pass_diag_2026-09-18,8,8195,8,policy,17,,,,,,,,,,,,,,,0,,0.48073941469192505,-0.23331043124198914,0.0,64.28199005126953,-71.09122467041016,0.0,,,0.5125784277915955,-0.17158576846122742,0.7813684844970703,0.0,0.5284506678581238,0.24446743726730347,0.7813684844970703,0.0,15,0,0,False,-0.005282,False,False
pass_diag_2026-09-18,8,8195,9,policy,17,,,,,,,,,,,,,,,0,,0.502166748046875,-0.25700750946998596,0.0,62.03211975097656,-68.60302734375,0.0,,,0.5258655548095703,-0.17158576846122742,0.7972263336181641,0.0,0.5417377352714539,0.24446743726730347,0.7972263336181641,0.0,15,0,0,False,-0.005384,False,False
pass_diag_2026-09-18,8,8195,10,policy,17,,,,,,,,,,,,,,,0,,0.522844135761261,-0.2798751890659332,0.0,59.86099624633789,-66.20191955566406,0.0,,,0.5393508672714233,-0.17158576846122742,0.8091197204589844,0.0,0.5552231073379517,0.24446743726730347,0.8091197204589844,0.0,15,0,0,False,-0.005418,False,False
pass_diag_2026-09-18,8,8195,11,policy,17,,,,,,,,,,,,,,,0,,0.5427978038787842,-0.30194249749183655,0.0,57.76586151123047,-63.884857177734375,0.0,,,0.5529848337173462,-0.17158576846122742,0.8180398559570312,0.0,0.5688570737838745,0.24446743726730347,0.8180398559570312,0.0,15,0,0,False,-0.005424,False,False
pass_diag_2026-09-18,8,8195,12,policy,17,,,,,,,,,,,,,,,0,,0.5620530843734741,-0.32323744893074036,0.0,55.744056701660156,-61.64888381958008,0.0,,,0.5667303800582886,-0.17158576846122742,0.8247298431396485,0.0,0.5826025605201721,0.24446743726730347,0.8247298431396485,0.0,15,0,0,False,-0.005419,False,False
pass_diag_2026-09-18,8,8195,13,policy,17,,,,,,,,,,,,,,,0,,0.5806344151496887,-0.3437870740890503,0.0,53.79301452636719,-59.491172790527344,0.0,,,0.580559492111206,-0.17158576846122742,0.8297473907470703,0.0,0.5964316725730896,0.24446743726730347,0.8297473907470703,0.0,15,0,0,False,-0.00541,False,False
pass_diag_2026-09-18,8,8195,14,policy,17,,,,,,,,,,,,,,,0,,0.598565399646759,-0.3636174499988556,0.0,51.91025924682617,-57.40898513793945,0.0,,,0.588442325592041,-0.17407478392124176,0.47296958923339844,-0.1493409538269043,0.6043145060539246,0.24197842180728912,0.47296958923339844,-0.1493409538269043,15,0,0,False,-0.005352,False,False
pass_diag_2026-09-18,8,8195,15,policy,13,,,,,,,,,,,,,,,0,,0.615868866443634,-0.38275378942489624,0.0,50.09339904785156,-55.3996696472168,0.0,,,0.5909942388534546,-0.17930172383785248,0.15311691284179688,-0.3136160087585449,0.6068664789199829,0.2367514818906784,0.15311691284179688,-0.3136160087585449,15,0,0,False,-0.005303,False,False
pass_diag_2026-09-18,8,8195,16,policy,1,,,,,,,,,,,,,,,0,,0.6325666308403015,-0.4012203514575958,0.0,48.34012985229492,-53.4606819152832,0.0,,,0.5881562232971191,-0.18322192132472992,-0.1702823257446289,-0.2352120018005371,0.6040284633636475,0.23283128440380096,-0.1702823257446289,-0.2352120018005371,15,0,0,False,-0.00535,False,False
pass_diag_2026-09-18,8,8195,17,policy,1,,,,,,,,,,,,,,,0,,0.6486800312995911,-0.4190405607223511,0.0,46.64822769165039,-51.58955764770508,0.0,,,0.5812757015228271,-0.186162069439888,-0.41283172607421875,-0.17640899658203124,0.5971478819847107,0.22989113628864288,-0.41283172607421875,-0.17640899658203124,15,0,0,False,-0.005399,False,False
pass_diag_2026-09-18,8,8195,18,policy,5,,,,,,,,,,,,,,,10,out_of_bounds,0.6642294526100159,-0.3700000047683716,0.0,0.0,0.0,0.0,,,0.5808672904968262,-0.18836718797683716,-0.024503803253173827,-0.13230674743652343,0.5967395305633545,0.22768601775169373,-0.024503803253173827,-0.13230674743652343,15,0,0,False,-0.004148,False,False
pass_diag_2026-09-18,8,8195,19,policy,5,,,,,,,,,,,,,,,0,,0.6642294526100159,-0.3700000047683716,0.0,0.0,0.0,0.0,,,0.5853129625320435,-0.19002102315425873,0.2667421531677246,-0.09923006057739257,0.6011852025985718,0.22603218257427216,0.2667421531677246,-0.09923006057739257,15,0,0,False,-0.004933,False,False
pass_diag_2026-09-18,8,8195,20,policy,8,,,,,,,,,,,,,,,0,,0.6642294526100159,-0.3700000047683716,0.0,0.0,0.0,0.0,,,0.5852870941162109,-0.18790122866630554,-0.0015536746382713317,0.1271877384185791,0.6011593341827393,0.22815197706222534,-0.0015536746382713317,0.1271877384185791,15,0,0,False,-0.005039,False,False
pass_diag_2026-09-18,8,8195,21,policy,4,,,,,,,,,,,,,,,0,,0.6642294526100159,-0.3700000047683716,0.0,0.0,0.0,0.0,,,0.588627815246582,-0.18967154622077942,0.2004450225830078,-0.106219482421875,0.6045000553131104,0.22638165950775146,0.2004450225830078,-0.106219482421875,15,0,0,False,-0.004941,False,False
pass_diag_2026-09-18,8,8195,22,policy,8,,,,,,,,,,,,,,,0,,0.6642294526100159,-0.3700000047683716,0.0,0.0,0.0,0.0,,,0.5877732634544373,-0.18763911724090576,-0.051276512145996093,0.12194567680358886,0.6036454439163208,0.22841408848762512,-0.051276512145996093,0.12194567680358886,15,0,0,False,-0.005044,False,False
pass_diag_2026-09-18,8,8195,23,policy,4,,,,,,,,,,,,,,,0,,0.6642294526100159,-0.3700000047683716,0.0,0.0,0.0,0.0,,,0.5918842554092407,-0.18611480295658112,0.24666261672973633,0.09145925521850586,0.6063646674156189,0.2265782356262207,0.16315290451049805,-0.11015103340148925,15,0,0,False,-0.004997,False,False
pass_diag_2026-09-18,8,8195,24,policy,8,,,,,,,,,,,,,,,0,,0.6642294526100159,-0.3700000047683716,0.0,0.0,0.0,0.0,,,0.591607391834259,-0.18161138892173767,-0.01661332368850708,0.2702047348022461,0.605043888092041,0.22856152057647705,-0.07924561023712158,0.11899701118469239,15,0,0,False,-0.005086,False,False
pass_diag_2026-09-18,8,8195,25,policy,3,,,,,,,,,,,,,,,0,,0.6642294526100159,-0.3700000047683716,0.0,0.0,0.0,0.0,,,0.5961517095565796,-0.17823383212089539,0.27266000747680663,0.20265354156494142,0.6088053584098816,0.2300489842891693,0.22568578720092775,0.08924776077270508,15,0,0,False,-0.005032,False,False
pass_diag_2026-09-18,8,8195,26,policy,8,,,,,,,,,,,,,,,0,,0.6642294526100159,-0.3700000047683716,0.0,0.0,0.0,0.0,,,0.5961998105049133,-0.1723404824733734,0.0028847196698188783,0.35360042572021483,0.6082662343978882,0.23452474176883698,-0.03234594106674194,0.26854610443115234,15,0,0,False,-0.005111,False,False
pass_diag_2026-09-18,8,8195,27,policy,3,,,,,,,,,,,,,,,0,,0.6642294526100159,-0.3700000047683716,0.0,0.0,0.0,0.0,,,0.5962358713150024,-0.17267248034477234,0.0021635398268699648,-0.019919666051864623,0.6078619360923767,0.2331295758485794,-0.02425945520401001,-0.08371042251586915,15,0,0,False,-0.004993,False,False
pass_diag_2026-09-18,8,8195,28,policy,4,,,,,,,,,,,,,,,0,,0.6642294526100159,-0.3700000047683716,0.0,0.0,0.0,0.0,,,0.5996230840682983,-0.1762816458940506,0.20323293685913085,-0.2165500259399414,0.6109188795089722,0.22872301936149597,0.18341569900512694,-0.2643931007385254,15,0,0,False,-0.00491,False,False
pass_diag_2026-09-18,8,8195,29,policy,2,,,,,,,,,,,,,,,0,,0.6642294526100159,-0.3700000047683716,0.0,0.0,0.0,0.0,,,0.6055236458778381,-0.18234869837760925,0.3540349960327148,-0.3640228271484375,0.6165717244148254,0.22205793857574463,0.33917205810546874,-0.3999051284790039,15,0,0,False,-0.004848,False,False
pass_diag_2026-09-18,8,8195,30,policy,2,,,,,,,,,,,,,,,0,,0.6642294526100159,-0.3700000047683716,0.0,0.0,0.0,0.0,,,0.6065889000892639,-0.1902591586112976,0.06391595840454102,-0.47462738037109375,0.6174511909484863,0.21369895339012146,0.05276875495910645,-0.5015391159057617,15,0,0,False,-0.004843,False,False
pass_diag_2026-09-18,8,8195,31,policy,5,,,,,,,,,,,,,,,15,pass_intercepted,0.6642294526100159,-0.3700000047683716,0.0,0.0,0.0,0.0,,,0.612139880657196,-0.19619199633598328,0.3330569839477539,-0.3559705352783203,0.6228628158569336,0.2074297070503235,0.32469657897949217,-0.37615432739257815,15,0,0,False,-0.004854,True,False
pass_diag_2026-09-18,9,9204,0,forced,5,11,0.21962837874889374,-0.0005460167885757983,0.0,0.0,0.0,0.0,left_1,0.4076906442642212,-0.2699265480041504,0.41175156831741333,0.25238895416259766,0.6129325969664796,0.7901351982894617,5,pass,0.2462577372789383,0.034512195736169815,0.0,77.09197998046875,101.49352264404297,0.0,left_1,,0.41121065616607666,-0.2699265480041504,0.211200008392334,0.0,0.4152715504169464,0.25238895416259766,0.211200008392334,0.0,18,1,1,True,0.035,False,False
pass_diag_2026-09-18,9,9204,1,policy,18,,,,,,,,,,,,,,,0,,0.27451375126838684,0.01591179333627224,0.0,0.0,0.0,0.0,left_1,,0.41737064719200134,-0.2699265480041504,0.36959999084472656,0.0,0.4214315712451935,0.25238895416259766,0.36959999084472656,0.0,18,1,1,True,0.040527,False,False
pass_diag_2026-09-18,9,9204,2,policy,1,,,,,,,,,,,,,,,0,,0.2209937572479248,0.01591179333627224,0.0,-10.190400123596191,0.0,0.0,left_1,,0.4184706509113312,-0.2699265480041504,0.06599999904632568,0.0,0.4225315451622009,0.25238895416259766,0.06599999904632568,0.0,18,1,1,True,-0.004434,False,False
pass_diag_2026-09-18,9,9204,3,policy,5,,,,,,,,,,,,,,,0,,0.2718737721443176,0.01591179333627224,0.0,2.547600030899048,0.0,0.0,left_1,,0.4228156507015228,-0.2699265480041504,0.2606999969482422,0.0,0.4268765449523926,0.25238895416259766,0.2606999969482422,0.0,18,1,1,True,0.045434,False,False
pass_diag_2026-09-18,9,9204,4,policy,1,,,,,,,,,,,,,,,0,,0.2190137654542923,0.01591179333627224,0.0,-8.27970027923584,0.0,0.0,left_1,,0.4225544035434723,-0.2699265480041504,-0.015674999952316283,0.0,0.42661529779434204,0.25238895416259766,-0.015674999952316283,0.0,18,1,1,True,-0.008008,False,False
pass_diag_2026-09-18,9,9204,5,policy,5,,,,,,,,,,,,,,,0,,0.27038875222206116,0.01591179333627224,0.0,3.9806249141693115,0.0,0.0,left_1,,0.42587846517562866,-0.2699265480041504,0.19944374084472657,0.0,0.4299393594264984,0.25238895416259766,0.19944374084472657,0.0,18,1,1,True,0.042929,False,False
pass_diag_2026-09-18,9,9204,6,policy,1,,,,,,,,,,,,,,,0,,0.21790000796318054,0.01591179333627224,0.0,-7.204931259155273,0.0,0.0,left_1,,0.42485150694847107,-0.2699265480041504,-0.06161718845367432,0.0,0.4289124310016632,0.25238895416259766,-0.06161718845367432,0.0,18,1,1,True,-0.0099,False,False
pass_diag_2026-09-18,9,9204,7,policy,1,,,,,,,,,,,,,,,0,,0.21251344680786133,0.01591179333627224,0.0,-15.594098091125488,0.0,0.0,left_1,,0.420561283826828,-0.2699265480041504,-0.25741289138793944,0.0,0.42462220788002014,0.25238895416259766,-0.25741289138793944,0.0,18,1,1,True,0.012914,False,False
pass_diag_2026-09-18,9,9204,8,policy,5,,,,,,,,,,,,,,,0,,0.26199352741241455,0.01591179333627224,0.0,-1.5051738023757935,0.0,0.0,left_1,,0.42086362838745117,-0.2699265480041504,0.018140331506729127,0.0,0.4249245524406433,0.25238895416259766,0.018140331506729127,0.0,18,1,1,True,0.039735,False,False
pass_diag_2026-09-18,9,9204,9,policy,1,,,,,,,,,,,,,,,0,,0.20808358490467072,0.01591179333627224,0.0,-11.319280624389648,0.0,0.0,left_1,,0.4175703823566437,-0.2699265480041504,-0.19759475708007812,0.0,0.4216313064098358,0.25238895416259766,-0.19759475708007812,0.0,18,1,1,True,-0.012462,False,False
pass_diag_2026-09-18,9,9204,10,policy,5,,,,,,,,,,,,,,,0,,0.2586711347103119,0.01591179333627224,0.0,1.7009397745132446,0.0,0.0,left_1,,0.41862043738365173,-0.2699265480041504,0.0630039358139038,0.0,0.42268136143684387,0.25238895416259766,0.0630039358139038,0.0,18,1,1,True,0.039334,False,False
pass_diag_2026-09-18,9,9204,11,policy,1,,,,,,,,,,,,,,,0,,0.20559178292751312,0.01591179333627224,0.0,-8.914694786071777,0.0,0.0,left_1,,0.4158880114555359,-0.2699265480041504,-0.16394704818725586,0.0,0.41994890570640564,0.25238895416259766,-0.16394704818725586,0.0,18,1,1,True,-0.012874,False,False
pass_diag_2026-09-18,9,9204,12,policy,5,,,,,,,,,,,,,,,0,,0.2568022906780243,0.01591179333627224,0.0,3.5043785572052,0.0,0.0,left_1,,0.4173586666584015,-0.2699265480041504,0.08823971748352051,0.0,0.42141956090927124,0.25238895416259766,0.08823971748352051,0.0,18,1,1,True,0.03892,False,False
pass_diag_2026-09-18,9,9204,13,policy,1,,,,,,,,,,,,,,,0,,0.20419014990329742,0.01591179333627224,0.0,-7.5621161460876465,0.0,0.0,left_1,,0.414941668510437,-0.2699265480041504,-0.1450202178955078,0.0,0.41900256276130676,0.25238895416259766,-0.1450202178955078,0.0,18,1,1,True,-0.013283,False,False
pass_diag_2026-09-18,9,9204,14,policy,5,,,,,,,,,,,,,,,0,,0.2557510435581207,0.01591179333627224,0.0,4.518813133239746,0.0,0.0,left_1,,0.41664889454841614,-0.2699265480041504,0.10243483543395997,0.0,0.4207098186016083,0.25238895416259766,0.10243483543395997,0.0,18,1,1,True,0.038521,False,False
pass_diag_2026-09-18,9,9204,15,policy,1,,,,,,,,,,,,,,,0,,0.20340172946453094,0.01591179333627224,0.0,-6.801290512084961,0.0,0.0,left_1,,0.414409339427948,-0.2699265480041504,-0.13437387466430664,0.0,0.41847026348114014,0.25238895416259766,-0.13437387466430664,0.0,18,1,1,True,-0.033669,False,False
pass_diag_2026-09-18,9,9204,16,policy,5,,,,,,,,,,,,,,,0,,0.25515973567962646,0.01591179333627224,0.0,5.089432239532471,0.0,0.0,left_1,,0.41624966263771057,-0.2699265480041504,0.11041959762573242,0.0,0.4203105866909027,0.25238895416259766,0.11041959762573242,0.0,18,1,1,True,0.01815,False,False
pass_diag_2026-09-18,9,9204,17,policy,1,,,,,,,,,,,,,,,0,,0.20295824110507965,0.01591179333627224,0.0,-6.373325824737549,0.0,0.0,left_1,,0.4141099154949188,-0.2699265480041504,-0.12838530540466309,0.0,0.4181708097457886,0.25238895416259766,-0.12838530540466309,0.0,18,1,1,True,-0.034024,False,False
pass_diag_2026-09-18,9,9204,18,policy,5,,,,,,,,,,,,,,,0,,0.2548271119594574,0.01591179333627224,0.0,5.41040563583374,0.0,0.0,left_1,,0.4160251021385193,-0.2699265480041504,0.1149110221862793,0.0,0.42008599638938904,0.25238895416259766,0.1149110221862793,0.0,18,1,1,True,0.017811,False,False
pass_diag_2026-09-18,9,9204,19,policy,1,,,,,,,,,,,,,,,7,tackle,0.2348407804965973,0.016650814563035965,0.004999999888241291,-59.23951721191406,2.190458059310913,14.844444274902344,left_1,,0.41394147276878357,-0.2699265480041504,-0.12501673698425292,0.0,0.4180023968219757,0.25238895416259766,-0.12501673698425292,0.0,18,1,1,True,-0.117934,False,False
pass_diag_2026-09-18,9,9204,20,policy,1,,,,,,,,,,,,,,,0,,0.19760003685951233,0.01591179333627224,0.0,-14.789846420288086,0.0,0.0,left_1,,0.4088587760925293,-0.2699265480041504,-0.3049625587463379,0.0,0.41291967034339905,0.25238895416259766,-0.3049625587463379,0.0,18,1,1,True,-0.003965,False,False
pass_diag_2026-09-18,9,9204,21,policy,5,,,,,,,,,,,,,,,0,,0.24728846549987793,0.01591179333627224,0.0,-0.9019851088523865,0.0,0.0,left_1,,0.40856674313545227,-0.2699265480041504,-0.01752191185951233,0.0,0.4126276671886444,0.25238895416259766,-0.01752191185951233,0.0,18,1,1,True,0.016386,False,False
pass_diag_2026-09-18,9,9204,22,policy,1,,,,,,,,,,,,,,,0,,0.19353479146957397,0.01591179333627224,0.0,-10.866888999938965,0.0,0.0,left_1,,0.40482771396636963,-0.2699265480041504,-0.2243414306640625,0.0,0.40888863801956177,0.25238895416259766,-0.2243414306640625,0.0,18,1,1,True,-0.020658,False,False
pass_diag_2026-09-18,9,9204,23,policy,5,,,,,,,,,,,,,,,0,,0.24423953890800476,0.01591179333627224,0.0,2.0402333736419678,0.0,0.0,left_1,,0.4055434465408325,-0.2699265480041504,0.042943925857543946,0.0,0.40960437059402466,0.25238895416259766,0.042943925857543946,0.0,18,1,1,True,0.016743,False,False
pass_diag_2026-09-18,9,9204,24,policy,1,,,,,,,,,,,,,,,0,,0.1912480890750885,0.01591179333627224,0.0,-8.660224914550781,0.0,0.0,left_1,,0.4025602340698242,-0.2699265480041504,-0.17899206161499023,0.0,0.40662115812301636,0.25238895416259766,-0.17899206161499023,0.0,18,1,1,True,-0.02417,False,False
pass_diag_2026-09-18,9,9204,25,policy,5,,,,,,,,,,,,,,,0,,0.24252450466156006,0.01591179333627224,0.0,3.6952311992645264,0.0,0.0,left_1,,0.40384283661842346,-0.2699265480041504,0.07695595741271972,0.0,0.4079037606716156,0.25238895416259766,0.07695595741271972,0.0,18,1,1,True,0.016888,False,False
pass_diag_2026-09-18,9,9204,26,policy,1,,,,,,,,,,,,,,,0,,0.18996182084083557,0.01591179333627224,0.0,-7.418976306915283,0.0,0.0,left_1,,0.401284784078598,-0.2699265480041504,-0.15348302841186523,0.0,0.40534570813179016,0.25238895416259766,-0.15348302841186523,0.0,18,1,1,True,-0.026276,False,False
pass_diag_2026-09-18,9,9204,27,policy,5,,,,,,,,,,,,,,,0,,0.24155980348587036,0.01591179333627224,0.0,4.6261677742004395,0.0,0.0,left_1,,0.4028862714767456,-0.2699265480041504,0.09608772277832031,0.0,0.40694716572761536,0.25238895416259766,0.09608772277832031,0.0,18,1,1,True,0.016917,False,False
pass_diag_2026-09-18,9,9204,28,policy,1,,,,,,,,,,,,,,,0,,0.1892382949590683,0.01591179333627224,0.0,-6.720774173736572,0.0,0.0,left_1,,0.40056735277175903,-0.2699265480041504,-0.1391342067718506,0.0,0.40462827682495117,0.25238895416259766,-0.1391342067718506,0.0,18,1,1,True,-0.027739,False,False
pass_diag_2026-09-18,9,9204,29,policy,5,,,,,,,,,,,,,,,0,,0.2410171627998352,0.01591179333627224,0.0,5.149819374084473,0.0,0.0,left_1,,0.40234819054603577,-0.2699265480041504,0.10684934616088868,0.0,0.4064090847969055,0.25238895416259766,0.10684934616088868,0.0,18,1,1,True,0.016884,False,False
pass_diag_2026-09-18,9,9204,30,policy,1,,,,,,,,,,,,,,,0,,0.18883131444454193,0.01591179333627224,0.0,-6.328035354614258,0.0,0.0,left_1,,0.40016379952430725,-0.2699265480041504,-0.1310629940032959,0.0,0.404224693775177,0.25238895416259766,-0.1310629940032959,0.0,18,1,1,True,-0.02884,False,False
pass_diag_2026-09-18,9,9204,31,policy,5,,,,,,,,,,,,,,,0,,0.24071192741394043,0.01591179333627224,0.0,5.44437313079834,0.0,0.0,left_1,,0.40204551815986633,-0.2699265480041504,0.11290275573730468,0.0,0.4061064124107361,0.25238895416259766,0.11290275573730468,0.0,18,1,1,True,0.016818,False,False
pass_diag_2026-09-18,9,9204,32,policy,1,,,,,,,,,,,,,,,0,,0.18860238790512085,0.01591179333627224,0.0,-6.107120037078857,0.0,0.0,left_1,,0.3999367952346802,-0.2699265480041504,-0.1265229320526123,0.0,0.4039976894855499,0.25238895416259766,-0.1265229320526123,0.0,18,1,1,True,-0.02971,False,False
pass_diag_2026-09-18,9,9204,33,policy,5,,,,,,,,,,,,,,,0,,0.24054023623466492,0.01591179333627224,0.0,5.610060214996338,0.0,0.0,left_1,,0.40187525749206543,-0.2699265480041504,0.11630780220031739,0.0,0.40593618154525757,0.25238895416259766,0.11630780220031739,0.0,18,1,1,True,0.016737,False,False
pass_diag_2026-09-18,9,9204,34,policy,1,,,,,,,,,,,,,,,0,,0.18847361207008362,0.01591179333627224,0.0,-5.982854843139648,0.0,0.0,left_1,,0.3998090922832489,-0.2699265480041504,-0.123969144821167,0.0,0.40387001633644104,0.25238895416259766,-0.123969144821167,0.0,18,1,1,True,-0.030421,False,False
pass_diag_2026-09-18,9,9204,35,policy,5,,,,,,,,,,,,,,,0,,0.2404436469078064,0.01591179333627224,0.0,5.703258514404297,0.0,0.0,left_1,,0.40177950263023376,-0.2699265480041504,0.11822314262390136,0.0,0.4058403968811035,0.25238895416259766,0.11822314262390136,0.0,18,1,1,True,0.016649,False,False
pass_diag_2026-09-18,9,9204,36,policy,1,,,,,,,,,,,,,,,0,,0.18840117752552032,0.01591179333627224,0.0,-5.9129557609558105,0.0,0.0,left_1,,0.39973726868629456,-0.2699265480041504,-0.12253264427185058,0.0,0.4037981927394867,0.25238895416259766,-0.12253264427185058,0.0,18,1,1,True,-0.031016,False,False
pass_diag_2026-09-18,9,9204,37,policy,5,,,,,,,,,,,,,,,0,,0.24038933217525482,0.01591179333627224,0.0,5.755682945251465,0.0,0.0,left_1,,0.4017256200313568,-0.2699265480041504,0.11930051803588868,0.0,0.40578654408454895,0.25238895416259766,0.11930051803588868,0.0,18,1,1,True,0.01656,False,False
pass_diag_2026-09-18,9,9204,38,policy,5,,,,,,,,,,,,,,,0,,0.24540042877197266,0.01591179333627224,0.0,14.507162094116211,0.0,0.0,left_1,,0.4067368805408478,-0.2699265480041504,0.3006753921508789,0.0,0.41079777479171753,0.25238895416259766,0.3006753921508789,0.0,18,1,1,True,-0.007018,False,False
pass_diag_2026-09-18,9,9204,39,policy,17,,,,,,,,,,,,,,,0,,0.252678781747818,0.01591179333627224,0.0,21.070772171020508,0.0,0.0,left_1,,0.4140153229236603,-0.2699265480041504,0.43670654296875,0.0,0.41807621717453003,0.25238895416259766,0.43670654296875,0.0,18,1,1,True,-0.005973,False,False
pass_diag_2026-09-18,9,9204,40,policy,17,,,,,,,,,,,,,,,0,,0.2616575062274933,0.01591179333627224,0.0,25.993478775024414,0.0,0.0,left_1,,0.42299413681030273,-0.2699265480041504,0.5387298965454101,0.0,0.4270550608634949,0.25238895416259766,0.5387298965454101,0.0,18,1,1,True,-0.005208,False,False
pass_diag_2026-09-18,9,9204,41,policy,7,,,,,,,,,,,,,,,0,,0.24339157342910767,0.04443179443478584,0.0,19.49510955810547,10.190400123596191,0.0,left_1,,0.42972826957702637,-0.2664065361022949,0.4040474319458008,0.211200008392334,0.4337891936302185,0.25590893626213074,0.4040474319458008,0.211200008392334,18,1,1,True,-0.019477,False,False
pass_diag_2026-09-18,9,9204,42,policy,7,,,,,,,,,,,,,,,0,,0.2484421283006668,0.05059179291129112,0.0,14.621332168579102,17.833200454711914,0.0,left_1,,0.4347788691520691,-0.26024654507637024,0.30303556442260743,0.36959999084472656,0.43883976340293884,0.2620689570903778,0.30303556442260743,0.36959999084472656,18,1,1,True,-0.007528,False,False
pass_diag_2026-09-18,9,9204,43,policy,8,,,,,,,,,,,,,,,0,,0.23206335306167603,0.050378479063510895,0.0,3.760298013687134,20.58060073852539,0.0,left_1,,0.4360778033733368,-0.2531375288963318,0.07793572425842285,0.4265409469604492,0.44013869762420654,0.26917797327041626,0.07793572425842285,0.4265409469604492,18,1,1,True,-0.018093,False,False
pass_diag_2026-09-18,9,9204,44,policy,3,,,,,,,,,,,,,,,0,,0.2507151961326599,0.00951257161796093,0.0,2.820223331451416,5.24505090713501,0.0,left_1,,0.4370519816875458,-0.2513257563114166,0.05845179557800293,0.10870571136474609,0.4411129057407379,0.27098971605300903,0.05845179557800293,0.10870571136474609,18,1,1,True,0.000121,False,False
pass_diag_2026-09-18,9,9204,45,policy,5,,,,,,,,,,,,,,,0,,0.2799658179283142,0.035871393978595734,0.0,12.305567741394043,3.9337880611419678,0.0,left_1,,0.441302627325058,-0.24996694922447205,0.2550388526916504,0.08152928352355956,0.4453635513782501,0.272348552942276,0.2550388526916504,0.08152928352355956,18,1,1,True,0.004141,False,False
pass_diag_2026-09-18,9,9204,46,policy,2,,,,,,,,,,,,,,,0,,0.23798710107803345,0.01672382280230522,0.0,2.02347469329834,-4.255360126495361,0.0,left_1,,0.442001610994339,-0.25143685936927795,0.04193818092346192,-0.08819398880004883,0.44606253504753113,0.2708786427974701,0.04193818092346192,-0.08819398880004883,18,1,1,True,-0.030768,False,False
pass_diag_2026-09-18,9,9204,47,policy,2,,,,,,,,,,,,,,,0,,0.23602230846881866,0.013132382184267044,0.0,-5.6880950927734375,-10.397220611572266,0.0,left_1,,0.4400368332862854,-0.25502827763557434,-0.11788731575012207,-0.2154864501953125,0.44409772753715515,0.2672871947288513,-0.11788731575012207,-0.2154864501953125,18,1,1,True,-0.011143,False,False
pass_diag_2026-09-18,9,9204,48,policy,5,,,,,,,,,,,,,,,0,,0.28074637055397034,0.02811647206544876,0.0,5.924328804016113,-7.797915458679199,0.0,left_1,,0.4420832395553589,-0.257721871137619,0.12278450965881348,-0.16161483764648438,0.44614413380622864,0.26459363102912903,0.12278450965881348,-0.16161483764648438,18,1,1,True,0.011887,False,False
pass_diag_2026-09-18,9,9204,49,policy,2,,,,,,,,,,,,,,,0,,0.23711448907852173,0.005929600913077593,0.0,-2.7624542713165283,-13.054137229919434,0.0,left_1,,0.44112902879714966,-0.26223108172416687,-0.0572525691986084,-0.27055208206176756,0.4451899230480194,0.2600844204425812,-0.0572525691986084,-0.27055208206176756,18,1,1,True,-0.031868,False,False
pass_diag_2026-09-18,9,9204,50,policy,5,,,,,,,,,,,,,,,0,,0.28259649872779846,0.020225368440151215,0.0,8.118558883666992,-9.790603637695312,0.0,left_1,,0.443933367729187,-0.26561295986175537,0.1682605743408203,-0.20291406631469727,0.44799426198005676,0.2567025125026703,0.1682605743408203,-0.20291406631469727,18,1,1,True,-0.487761,False,True
pass_diag_2026-09-18,10,10213,0,forced,5,11,0.20364534854888916,0.003663352457806468,0.0,0.0,0.0,0.0,left_1,0.4049510061740875,-0.2176569402217865,0.43006661534309387,0.26666516065597534,0.6803111698377231,-0.732923401314236,5,pass,0.23326826095581055,-0.028904788196086884,0.0,85.7583236694336,-94.2847671508789,0.0,,,0.408471018075943,-0.2176569402217865,0.211200008392334,0.0,0.43358662724494934,0.26666516065597534,0.211200008392334,0.0,15,0,0,False,-0.005,False,False
pass_diag_2026-09-18,10,10213,1,policy,17,,,,,,,,,,,,,,,0,,0.2618543803691864,-0.060333043336868286,0.0,82.75678253173828,-90.98480224609375,0.0,,,0.4146310091018677,-0.2176569402217865,0.36959999084472656,0.0,0.439746618270874,0.26666516065597534,0.36959999084472656,0.0,15,0,0,False,-0.005679,False,False
pass_diag_2026-09-18,10,10213,2,policy,17,,,,,,,,,,,,,,,0,,0.28943997621536255,-0.09066130965948105,0.0,79.86029815673828,-87.80033111572266,0.0,,,0.42277100682258606,-0.2176569402217865,0.4884000015258789,0.0,0.4478866159915924,0.26666516065597534,0.4884000015258789,0.0,15,0,0,False,-0.005667,False,False
pass_diag_2026-09-18,10,10213,3,policy,17,,,,,,,,,,,,,,,0,,0.31606006622314453,-0.11992809176445007,0.0,77.065185546875,-84.7273178100586,0.0,,,0.4323960244655609,-0.2176569402217865,0.5775,0.0,0.45751163363456726,0.26666516065597534,0.5775,0.0,15,0,0,False,-0.005061,False,False
pass_diag_2026-09-18,10,10213,4,policy,17,,,,,,,,,,,,,,,0,,0.34174844622612,-0.14817053079605103,0.0,74.36790466308594,-81.7618637084961,0.0,,,0.44313475489616394,-0.2176569402217865,0.6443250274658203,0.0,0.4682503640651703,0.26666516065597534,0.6443250274658203,0.0,15,0,0,False,-0.00442,False,False
pass_diag_2026-09-18,10,10213,5,policy,17,,,,,,,,,,,,,,,0,,0.36653774976730347,-0.1754244863986969,0.0,71.76502990722656,-78.90019989013672,0.0,,,0.45470884442329407,-0.2176569402217865,0.6944437408447266,0.0,0.479824423789978,0.26666516065597534,0.6944437408447266,0.0,15,0,0,False,-0.004497,False,False
pass_diag_2026-09-18,10,10213,6,policy,17,,,,,,,,,,,,,,,0,,0.39045944809913635,-0.20172454416751862,0.0,69.25325012207031,-76.1386947631836,0.0,,,0.46690937876701355,-0.2176569402217865,0.7320327758789062,0.0,0.4920249879360199,0.26666516065597534,0.7320327758789062,0.0,15,0,0,False,-0.004607,False,False
pass_diag_2026-09-18,10,10213,7,policy,17,,,,,,,,,,,,,,,0,,0.41354385018348694,-0.22710411250591278,0.0,66.82939147949219,-73.47383880615234,0.0,,,0.47957977652549744,-0.2176569402217865,0.760224609375,0.0,0.5046954154968262,0.26666516065597534,0.760224609375,0.0,15,0,0,False,-0.004772,False,False
pass_diag_2026-09-18,10,10213,8,policy,17,,,,,,,,,,,,,,,0,,0.4358203113079071,-0.2515954077243805,0.0,64.4903564453125,-70.90225219726562,0.0,,,0.4926025867462158,-0.2176569402217865,0.7813684844970703,0.0,0.5177181959152222,0.26666516065597534,0.7813684844970703,0.0,15,0,0,False,-0.004989,False,False
pass_diag_2026-09-18,10,10213,9,policy,17,,,,,,,,,,,,,,,0,,0.4573171138763428,-0.27522948384284973,0.0,62.23319625854492,-68.4206771850586,0.0,,,0.5058897137641907,-0.2176569402217865,0.7972263336181641,0.0,0.531005322933197,0.26666516065597534,0.7972263336181641,0.0,15,0,0,False,-0.005183,False,False
pass_diag_2026-09-18,10,10213,10,policy,17,,,,,,,,,,,,,,,0,,0.4780614972114563,-0.2980363667011261,0.0,60.05503463745117,-66.02595520019531,0.0,,,0.5193750262260437,-0.2176569402217865,0.8091197204589844,0.0,0.54449063539505,0.26666516065597534,0.8091197204589844,0.0,15,0,0,False,-0.005301,False,False
pass_diag_2026-09-18,10,10213,11,policy,17,,,,,,,,,,,,,,,0,,0.4980798363685608,-0.32004502415657043,0.0,57.95310974121094,-63.71504211425781,0.0,,,0.5330090522766113,-0.2176569402217865,0.8180398559570312,0.0,0.5581246018409729,0.26666516065597534,0.8180398559570312,0.0,15,0,0,False,-0.005356,False,False
pass_diag_2026-09-18,10,10213,12,policy,17,,,,,,,,,,,,,,,0,,0.5173975229263306,-0.34128338098526,0.0,55.92475128173828,-61.485015869140625,0.0,,,0.5467545390129089,-0.2176569402217865,0.8247298431396485,0.0,0.5718701481819153,0.26666516065597534,0.8247298431396485,0.0,15,0,0,False,-0.005378,False,False
pass_diag_2026-09-18,10,10213,13,policy,17,,,,,,,,,,,,,,,0,,0.5360391139984131,-0.3617783784866333,0.0,53.967384338378906,-59.33304214477539,0.0,,,0.5605836510658264,-0.2176569402217865,0.8297473907470703,0.0,0.5856992602348328,0.26666516065597534,0.8297473907470703,0.0,15,0,0,False,-0.005383,False,False
pass_diag_2026-09-18,10,10213,14,policy,17,,,,,,,,,,,,,,,0,,0.5540282726287842,-0.38155606389045715,0.0,52.07852554321289,-57.256385803222656,0.0,,,0.5744754672050476,-0.2176569402217865,0.8335105133056641,0.0,0.599591076374054,0.26666516065597534,0.8335105133056641,0.0,15,0,0,False,-0.005379,False,False
pass_diag_2026-09-18,10,10213,15,policy,17,,,,,,,,,,,,,,,0,,0.571387767791748,-0.400641530752182,0.0,50.255775451660156,-55.252410888671875,0.0,,,0.5884143710136414,-0.2176569402217865,0.8363329315185547,0.0,0.6135299801826477,0.26666516065597534,0.8363329315185547,0.0,15,0,0,False,-0.005372,False,False
pass_diag_2026-09-18,10,10213,16,policy,2,,,,,,,,,,,,,,,0,,0.5881397128105164,-0.41905897855758667,0.0,48.496826171875,-53.31857681274414,0.0,,,0.5963795185089111,-0.22014595568180084,0.47790874481201173,-0.1493409538269043,0.6214951276779175,0.2641761600971222,0.47790874481201173,-0.1493409538269043,15,0,0,False,-0.005306,False,False
pass_diag_2026-09-18,10,10213,17,policy,1,,,,,,,,,,,,,,,10,out_of_bounds,0.6043053269386292,-0.3700000047683716,0.0,0.0,0.0,0.0,,,0.5988333821296692,-0.2220127284526825,0.1472315502166748,-0.11200571060180664,0.6239489912986755,0.26230937242507935,0.1472315502166748,-0.11200571060180664,15,0,0,False,-0.00398,False,False
pass_diag_2026-09-18,10,10213,18,policy,1,,,,,,,,,,,,,,,0,,0.6043053269386292,-0.3700000047683716,0.0,0.0,0.0,0.0,,,0.5971537828445435,-0.22341279685497284,-0.1007763385772705,-0.08400428771972657,0.6222693920135498,0.2609093189239502,-0.1007763385772705,-0.08400428771972657,15,0,0,False,-0.004973,False,False
pass_diag_2026-09-18,10,10213,19,policy,5,,,,,,,,,,,,,,,0,,0.6043053269386292,-0.3700000047683716,0.0,0.0,0.0,0.0,,,0.599414050579071,-0.2244628518819809,0.13561774253845216,-0.06300321578979493,0.6245296597480774,0.25985926389694214,0.13561774253845216,-0.06300321578979493,15,0,0,False,-0.004977,False,False
pass_diag_2026-09-18,10,10213,20,policy,4,,,,,,,,,,,,,,,0,,0.6043053269386292,-0.3700000047683716,0.0,0.0,0.0,0.0,,,0.6035982966423035,-0.22773940861225128,0.25105426788330076,-0.1965933609008789,0.6287139058113098,0.25658270716667175,0.25105426788330076,-0.1965933609008789,15,0,0,False,-0.004933,False,False
pass_diag_2026-09-18,10,10213,21,policy,4,,,,,,,,,,,,,,,0,,0.6043053269386292,-0.3700000047683716,0.0,0.0,0.0,0.0,,,0.6092255115509033,-0.23268583416938782,0.3376316452026367,-0.2967859649658203,0.6343411207199097,0.251636266708374,0.3376316452026367,-0.2967859649658203,15,0,0,False,-0.004903,False,False
pass_diag_2026-09-18,10,10213,22,policy,8,,,,,,,,,,,,,,,0,,0.6043053269386292,-0.3700000047683716,0.0,0.0,0.0,0.0,,,0.6109569072723389,-0.23390664160251617,0.10388278007507325,-0.0732485294342041,0.6360724568367004,0.25041547417640686,0.10388278007507325,-0.0732485294342041,15,0,0,False,-0.004977,False,False
pass_diag_2026-09-18,10,10213,23,policy,4,,,,,,,,,,,,,,,0,,0.6043053269386292,-0.3700000047683716,0.0,0.0,0.0,0.0,,,0.6147444248199463,-0.23731127381324768,0.22725303649902343,-0.20427734375,0.6398600339889526,0.24701084196567535,0.22725303649902343,-0.20427734375,15,0,0,False,-0.004937,False,False
pass_diag_2026-09-18,10,10213,24,policy,8,,,,,,,,,,,,,,,0,,0.6043053269386292,-0.3700000047683716,0.0,0.0,0.0,0.0,,,0.6150960922241211,-0.23737572133541107,0.021098828315734862,-0.003867059350013733,0.6402117013931274,0.24694639444351196,0.021098828315734862,-0.003867059350013733,15,0,0,False,-0.004999,False,False
pass_diag_2026-09-18,10,10213,25,policy,1,,,,,,,,,,,,,,,0,,0.6043053269386292,-0.3700000047683716,0.0,0.0,0.0,0.0,,,0.6118398308753967,-0.2374240607023239,-0.19537588119506835,-0.0029002943634986876,0.6369554400444031,0.24689805507659912,-0.19537588119506835,-0.0029002943634986876,15,0,0,False,-0.004995,False,False
pass_diag_2026-09-18,10,10213,26,policy,5,,,,,,,,,,,,,,,0,,0.6043053269386292,-0.3700000047683716,0.0,0.0,0.0,0.0,,,0.6129176020622253,-0.23746031522750854,0.06466809272766114,-0.002175220847129822,0.6380332112312317,0.2468618005514145,0.06466809272766114,-0.002175220847129822,15,0,0,False,-0.005001,False,False
pass_diag_2026-09-18,10,10213,27,policy,8,,,,,,,,,,,,,,,0,,0.6043053269386292,-0.3700000047683716,0.0,0.0,0.0,0.0,,,0.6112369298934937,-0.23499849438667297,-0.10083988189697266,0.14770954132080077,0.6353215575218201,0.24683460593223572,-0.16269893646240235,-0.0016314156353473663,15,0,0,False,-0.005047,False,False
pass_diag_2026-09-18,10,10213,28,policy,5,,,,,,,,,,,,,,,15,pass_intercepted,0.6043053269386292,-0.3700000047683716,0.0,0.0,0.0,0.0,,,0.6134964227676392,-0.2331521213054657,0.13557008743286134,0.11078215599060058,0.6368078589439392,0.24681420624256134,0.08917579650878907,-0.0012235616892576219,15,0,0,False,-0.00504,True,False
pass_diag_2026-09-18,11,11222,0,forced,5,11,0.1860150247812271,-0.037656642496585846,0.0,0.0,0.0,0.0,left_1,0.487010657787323,-0.17878969013690948,0.4519957900047302,0.20970183610916138,0.9075748133319189,-0.4198904121381349,5,pass,0.22587575018405914,-0.0563468337059021,0.0,115.39679718017578,-54.10810089111328,0.0,,,0.4905306398868561,-0.17878969013690948,0.211200008392334,0.0,0.4555158019065857,0.20970183610916138,0.211200008392334,0.0,15,0,0,False,-0.005,False,False
pass_diag_2026-09-18,11,11222,1,policy,17,,,,,,,,,,,,,,,0,,0.2643413543701172,-0.07438287138938904,0.0,111.35791015625,-52.214317321777344,0.0,,,0.4931706488132477,-0.1752696931362152,0.1584000015258789,0.211200008392334,0.4581557810306549,0.21322183310985565,0.1584000015258789,0.211200008392334,15,0,0,False,-0.005455,False,False
pass_diag_2026-09-18,11,11222,2,policy,17,,,,,,,,,,,,,,,0,,0.3014606535434723,-0.09178764373064041,0.0,107.46038055419922,-50.386817932128906,0.0,,,0.4951506555080414,-0.16910968720912933,0.11880000114440918,0.36959999084472656,0.4601357877254486,0.21938182413578033,0.11880000114440918,0.36959999084472656,15,0,0,False,-0.005554,False,False
pass_diag_2026-09-18,11,11222,3,policy,17,,,,,,,,,,,,,,,0,,0.3372807800769806,-0.1085832491517067,0.0,103.69927215576172,-48.6232795715332,0.0,,,0.49663564562797546,-0.16096968948841095,0.08909999847412109,0.4884000015258789,0.4616208076477051,0.2275218367576599,0.08909999847412109,0.4884000015258789,15,0,0,False,-0.005526,False,False
pass_diag_2026-09-18,11,11222,4,policy,17,,,,,,,,,,,,,,,0,,0.3718472123146057,-0.12479101121425629,0.0,100.06979370117188,-46.92146301269531,0.0,,,0.497749388217926,-0.1513446867465973,0.06682499885559082,0.5775,0.46273455023765564,0.23714682459831238,0.06682499885559082,0.5775,15,0,0,False,-0.004219,False,False
pass_diag_2026-09-18,11,11222,5,policy,17,,,,,,,,,,,,,,,0,,0.40520381927490234,-0.1404314935207367,0.0,96.56735229492188,-45.279212951660156,0.0,,,0.49858471751213074,-0.14060594141483307,0.050118751525878906,0.6443250274658203,0.46356984972953796,0.2478855848312378,0.050118751525878906,0.6443250274658203,15,0,0,False,-0.004294,False,False
pass_diag_2026-09-18,11,11222,6,policy,17,,,,,,,,,,,,,,,0,,0.437392920255661,-0.15552456676959991,0.0,93.18749237060547,-43.69443893432617,0.0,,,0.4992111921310425,-0.12903188169002533,0.03758906364440918,0.6944437408447266,0.4641963541507721,0.25945964455604553,0.03758906364440918,0.6944437408447266,15,0,0,False,-0.004477,False,False
pass_diag_2026-09-18,11,11222,7,policy,17,,,,,,,,,,,,,,,0,,0.46845543384552,-0.17008937895298004,0.0,89.92593383789062,-42.16513442993164,0.0,,,0.4996810555458069,-0.11683133244514465,0.028191797733306885,0.7320327758789062,0.4646662175655365,0.271660178899765,0.028191797733306885,0.7320327758789062,15,0,0,False,-0.00489,False,False
pass_diag_2026-09-18,11,11222,8,policy,17,,,,,,,,,,,,,,,0,,0.4984307289123535,-0.18414442241191864,0.0,86.77852630615234,-40.689353942871094,0.0,,,0.500033438205719,-0.10416091978549957,0.02114384651184082,0.760224609375,0.4650186002254486,0.2843306064605713,0.02114384651184082,0.760224609375,15,0,0,False,-0.005365,False,False
pass_diag_2026-09-18,11,11222,9,policy,17,,,,,,,,,,,,,,,0,,0.5273569226264954,-0.19770754873752594,0.0,83.74127960205078,-39.265228271484375,0.0,,,0.5002977848052979,-0.09113811701536179,0.01585788607597351,0.7813684844970703,0.4652828872203827,0.2973534166812897,0.01585788607597351,0.7813684844970703,15,0,0,False,-0.005599,False,False
pass_diag_2026-09-18,11,11222,10,policy,17,,,,,,,,,,,,,,,0,,0.5552706718444824,-0.21079595386981964,0.0,80.81033325195312,-37.89094543457031,0.0,,,0.500495970249176,-0.07785101234912872,0.01189341425895691,0.7972263336181641,0.46548113226890564,0.31064051389694214,0.01189341425895691,0.7972263336181641,15,0,0,False,-0.005677,False,False
pass_diag_2026-09-18,11,11222,11,policy,17,,,,,,,,,,,,,,,0,,0.582207441329956,-0.22342626750469208,0.0,77.98197174072266,-36.564762115478516,0.0,,,0.5006446242332458,-0.0643656775355339,0.008920060992240906,0.8091197204589844,0.46562978625297546,0.32412585616111755,0.008920060992240906,0.8091197204589844,15,0,0,False,-0.005699,False,False
pass_diag_2026-09-18,11,11222,12,policy,17,,,,,,,,,,,,,,,0,,0.6082014441490173,-0.23561452329158783,0.0,75.25260162353516,-35.284996032714844,0.0,,,0.5007561445236206,-0.050731681287288666,0.006690045595169067,0.8180398559570312,0.4657413065433502,0.3377598524093628,0.006690045595169067,0.8180398559570312,15,0,0,False,-0.005702,False,False
pass_diag_2026-09-18,11,11222,13,policy,17,,,,,,,,,,,,,,,0,,0.633285641670227,-0.2473761886358261,0.0,72.61875915527344,-34.05002212524414,0.0,,,0.5008397698402405,-0.03698618337512016,0.005017533898353577,0.8247298431396485,0.4658249318599701,0.3515053391456604,0.005017533898353577,0.8247298431396485,15,0,0,False,-0.005695,False,False
pass_diag_2026-09-18,11,11222,14,policy,17,,,,,,,,,,,,,,,0,,0.6574918627738953,-0.25872620940208435,0.0,70.07710266113281,-32.85826873779297,0.0,,,0.5009024739265442,-0.023157062008976936,0.0037631505727767946,0.8297473907470703,0.4658876359462738,0.3653344511985779,0.0037631505727767946,0.8297473907470703,15,0,0,False,-0.005685,False,False
pass_diag_2026-09-18,11,11222,15,policy,17,,,,,,,,,,,,,,,0,,0.6808509230613708,-0.2696789503097534,0.0,67.62440490722656,-31.70823097229004,0.0,,,0.500949501991272,-0.009265218861401081,0.0028223630785942076,0.8335105133056641,0.4659346640110016,0.37922629714012146,0.0028223630785942076,0.8335105133056641,15,0,0,False,-0.005673,False,False
pass_diag_2026-09-18,11,11222,16,policy,17,,,,,,,,,,,,,,,0,,0.7033923864364624,-0.28024837374687195,0.0,65.25755310058594,-30.59844207763672,0.0,,,0.500984787940979,0.0046736630611121655,0.0021167722344398497,0.8363329315185547,0.4659699499607086,0.3931651711463928,0.0021167722344398497,0.8363329315185547,15,0,0,False,-0.00566,False,False
pass_diag_2026-09-18,11,11222,17,policy,17,,,,,,,,,,,,,,,0,,0.7251449227333069,-0.29044783115386963,0.0,62.97353744506836,-29.527496337890625,0.0,,,0.5010112524032593,0.018647823482751846,0.0015875791013240815,0.83844970703125,0.4659964144229889,0.4071393311023712,0.0015875791013240815,0.83844970703125,15,0,0,False,-0.005646,False,False
pass_diag_2026-09-18,11,11222,18,policy,13,,,,,,,,,,,,,,,0,,0.7461360692977905,-0.3002903461456299,0.0,60.76946258544922,-28.494033813476562,0.0,,,0.5010311007499695,0.032648444175720215,0.0011906843632459641,0.8400372314453125,0.4660162627696991,0.4211399555206299,0.0011906843632459641,0.8400372314453125,15,0,0,False,-0.005632,False,False
pass_diag_2026-09-18,11,11222,19,policy,5,,,,,,,,,,,,,,,0,,0.7663925886154175,-0.3097883462905884,0.0,58.64253234863281,-27.49674415588379,0.0,,,0.5045660138130188,0.043148912489414215,0.21209300994873048,0.630027961730957,0.469551146030426,0.4316404461860657,0.21209300994873048,0.630027961730957,15,0,0,False,-0.00552,False,False
pass_diag_2026-09-18,11,11222,20,policy,13,,,,,,,,,,,,,,,0,,0.7859401106834412,-0.3189539313316345,0.0,56.59004211425781,-26.53435707092285,0.0,,,0.5119691491127014,0.051024261862039566,0.4441897583007812,0.4725209426879883,0.47695431113243103,0.43951576948165894,0.4441897583007812,0.4725209426879883,15,0,0,False,-0.005418,False,False
pass_diag_2026-09-18,11,11222,21,policy,7,,,,,,,,,,,,,,,0,,0.8048034310340881,-0.3277987241744995,0.0,54.60939025878906,-25.605655670166016,0.0,,,0.5175215601921082,0.061682771891355515,0.3331423187255859,0.6395107269287109,0.4825066924095154,0.4501743018627167,0.3331423187255859,0.6395107269287109,15,0,0,False,-0.005472,False,False
pass_diag_2026-09-18,11,11222,22,policy,3,,,,,,,,,,,,,,,0,,0.8230065703392029,-0.3363339304924011,0.0,52.698062896728516,-24.709457397460938,0.0,,,0.5216858386993408,0.07442865520715714,0.24985673904418945,0.7647530364990235,0.48667097091674805,0.4534161686897278,0.24985673904418945,0.19451303482055665,15,0,0,False,-0.005339,False,False
pass_diag_2026-09-18,11,11222,23,policy,13,,,,,,,,,,,,,,,0,,0.8405725955963135,-0.34457042813301086,0.0,50.85363006591797,-23.84462547302246,0.0,,,0.5248090028762817,0.08874006569385529,0.18739255905151367,0.8586847686767578,0.48979416489601135,0.4510955810546875,0.18739255905151367,-0.13923521995544433,15,0,0,False,-0.005184,False,False
pass_diag_2026-09-18,11,11222,24,policy,13,,,,,,,,,,,,,,,0,,0.8575237989425659,-0.35251861810684204,0.0,49.073753356933594,-23.01006317138672,0.0,,,0.5271514058113098,0.10422562807798386,0.14054441452026367,0.9291336059570312,0.49213656783103943,0.4446031451225281,0.14054441452026367,-0.38954643249511717,15,0,0,False,-0.005147,False,False
pass_diag_2026-09-18,11,11222,25,policy,13,,,,,,,,,,,,,,,0,,0.8738816976547241,-0.36018866300582886,0.0,47.356170654296875,-22.2047119140625,0.0,,,0.5289082527160645,0.12059179693460464,0.10540831565856934,0.98197021484375,0.4938933849334717,0.4349818229675293,0.10540831565856934,-0.5772798156738281,15,0,0,False,-0.00512,False,False
pass_diag_2026-09-18,11,11222,26,policy,5,,,,,,,,,,,,,,,0,,0.8896670937538147,-0.3675902187824249,0.0,45.698707580566406,-21.427547454833984,0.0,,,0.5349778532981873,0.13286642730236053,0.3641762161254883,0.7364776611328125,0.4999629855155945,0.427765816450119,0.3641762161254883,-0.4329598617553711,15,0,0,False,-0.005099,False,False
pass_diag_2026-09-18,11,11222,27,policy,13,,,,,,,,,,,,,,,0,,0.9049000144004822,-0.37473273277282715,0.0,44.09925079345703,-20.677581787109375,0.0,,,0.5442820191383362,0.142072394490242,0.5582521820068359,0.5523582458496094,0.5092672109603882,0.4223538339138031,0.5582521820068359,-0.32471988677978514,15,0,0,False,-0.005078,False,False
pass_diag_2026-09-18,11,11222,28,policy,13,,,,,,,,,,,,,,,0,,0.9195997714996338,-0.3816252648830414,0.0,42.55577850341797,-19.953866958618164,0.0,,,0.5560122132301331,0.1489768773317337,0.7038091278076172,0.41426868438720704,0.5209973454475403,0.4182948172092438,0.7038091278076172,-0.24353992462158203,15,0,0,False,-0.005059,False,False
pass_diag_2026-09-18,11,11222,29,policy,2,,,,,,,,,,,,,,,0,,0.9337850213050842,-0.3882765471935272,0.0,41.06632614135742,-19.255481719970703,0.0,,,0.5614496469497681,0.15079505741596222,0.32624656677246094,0.10909121513366699,0.5264347791671753,0.4118904173374176,0.32624656677246094,-0.38426521301269534,15,0,0,False,-0.005112,False,False
pass_diag_2026-09-18,11,11222,30,policy,13,,,,,,,,,,,,,,,0,,0.9474738240242004,-0.3946950435638428,0.0,39.629005432128906,-18.581539154052734,0.0,,,0.5621675252914429,0.14879852533340454,0.043074636459350585,-0.1197918701171875,0.5271527171134949,0.4037269055843353,0.043074636459350585,-0.4898091888427734,15,0,0,False,-0.005153,False,False
pass_diag_2026-09-18,11,11222,31,policy,5,,,,,,,,,,,,,,,0,,0.9606834650039673,-0.4008888900279999,0.0,38.24198913574219,-17.93118667602539,0.0,,,0.5674579739570618,0.14730113744735718,0.31742597579956056,-0.08984390258789063,0.532443106174469,0.3976043164730072,0.31742597579956056,-0.3673569107055664,15,0,0,False,-0.005108,False,False
pass_diag_2026-09-18,11,11222,32,policy,2,,,,,,,,,,,,,,,0,,0.9734308123588562,-0.4068659543991089,0.0,36.90351867675781,-17.3035945892334,0.0,,,0.5680656433105469,0.1428179144859314,0.03645919799804687,-0.26899320602416993,0.5330507755279541,0.38965216279029846,0.03645919799804687,-0.4771279525756836,15,0,0,False,-0.005148,False,False
pass_diag_2026-09-18,11,11222,33,policy,5,,,,,,,,,,,,,,,0,,0.9857319593429565,-0.41263383626937866,0.0,35.61189651489258,-16.697969436645508,0.0,,,0.5732733607292175,0.13945549726486206,0.31246438980102537,-0.2017449188232422,0.5382584929466248,0.3836880624294281,0.31246438980102537,-0.3578459548950195,15,0,0,False,-0.005099,False,False
pass_diag_2026-09-18,11,11222,34,policy,2,,,,,,,,,,,,,,,0,,0.9976025819778442,-0.4181998074054718,0.0,34.365478515625,-16.113540649414062,0.0,,,0.5738189816474915,0.133573517203331,0.03273801326751709,-0.3529189682006836,0.5388041734695435,0.37585482001304626,0.03273801326751709,-0.4699947738647461,15,0,0,False,-0.00514,False,False
pass_diag_2026-09-18,11,11222,35,policy,5,,,,,,,,,,,,,,,10,out_of_bounds,0.8899999856948853,-0.3700000047683716,0.0,0.0,0.0,0.0,,,0.5789802074432373,0.1291620284318924,0.30967351913452146,-0.26468921661376954,0.5439653992652893,0.3699798882007599,0.30967351913452146,-0.3524960708618164,15,0,0,False,-0.002591,False,False
pass_diag_2026-09-18,11,11222,36,policy,2,,,,,,,,,,,,,,,0,,0.8899999856948853,-0.3700000047683716,0.0,0.0,0.0,0.0,,,0.5794909596443176,0.12249323725700378,0.030644845962524415,-0.4001272201538086,0.5444761514663696,0.36221352219581604,0.030644845962524415,-0.4659823226928711,15,0,0,False,-0.004884,False,False
pass_diag_2026-09-18,11,11222,37,policy,5,,,,,,,,,,,,,,,0,,0.8899999856948853,-0.3700000047683716,0.0,0.0,0.0,0.0,,,0.5846260190010071,0.11749164760112762,0.3081036376953125,-0.3000954055786133,0.5496112108230591,0.35638874769210815,0.3081036376953125,-0.3494867706298828,15,0,0,False,-0.004844,False,False
pass_diag_2026-09-18,11,11222,38,policy,2,,,,,,,,,,,,,,,0,,0.8899999856948853,-0.3700000047683716,0.0,0.0,0.0,0.0,,,0.5851171612739563,0.11038028448820114,0.02946744203567505,-0.42668182373046876,0.5501022934913635,0.3486599922180176,0.02946744203567505,-0.4637253570556641,15,0,0,False,-0.004887,False,False
pass_diag_2026-09-18,11,11222,39,policy,5,,,,,,,,,,,,,,,0,,0.8899999856948853,-0.3700000047683716,0.0,0.0,0.0,0.0,,,0.5902374982833862,0.10504676401615143,0.30722057342529296,-0.32001136779785155,0.5552226305007935,0.34286341071128845,0.30722057342529296,-0.3477939987182617,15,0,0,False,-0.004845,False,False
pass_diag_2026-09-18,11,11222,40,policy,2,,,,,,,,,,,,,,,0,,0.8899999856948853,-0.3700000047683716,0.0,0.0,0.0,0.0,,,0.590717613697052,0.09768644720315933,0.028805150985717773,-0.44161880493164063,0.5557027459144592,0.33515581488609314,0.028805150985717773,-0.4624557876586914,15,0,0,False,-0.00489,False,False
pass_diag_2026-09-18,11,11222,41,policy,4,,,,,,,,,,,,,,,0,,0.8899999856948853,-0.3700000047683716,0.0,0.0,0.0,0.0,,,0.594437837600708,0.08880604058504105,0.22321414947509766,-0.5328244018554688,0.5594229698181152,0.3260149359703064,0.22321414947509766,-0.5484521484375,15,0,0,False,-0.004824,False,False
pass_diag_2026-09-18,11,11222,42,policy,14,,,,,,,,,,,,,,,15,pass_intercepted,0.8899999856948853,-0.3700000047683716,0.0,0.0,0.0,0.0,,,0.594437837600708,0.08880604058504105,0.0,0.0,0.5588529706001282,0.31579911708831787,-0.03419967412948608,-0.6129493713378906,15,0,0,False,-0.005,True,False
pass_diag_2026-09-18,12,12231,0,forced,5,11,0.1896323412656784,0.02231365256011486,0.0,0.0,0.0,0.0,left_1,0.46653977036476135,-0.24246490001678467,0.4146997332572937,0.23132909834384918,0.7388586439090108,0.673860448699089,5,pass,0.2218918353319168,0.052272383123636246,0.0,93.39124298095703,86.73052215576172,0.0,,,0.4700597822666168,-0.24246490001678467,0.211200008392334,0.0,0.41821974515914917,0.23132909834384918,0.211200008392334,0.0,15,0,0,False,-0.005,False,False
pass_diag_2026-09-18,12,12231,1,policy,18,,,,,,,,,,,,,,,0,,0.2530222535133362,0.0811825543642044,0.0,90.12255096435547,83.69495391845703,0.0,,,0.4762197732925415,-0.24246490001678467,0.36959999084472656,0.0,0.42437973618507385,0.23132909834384918,0.36959999084472656,0.0,15,0,0,False,-0.005849,False,False
pass_diag_2026-09-18,12,12231,2,policy,18,,,,,,,,,,,,,,,0,,0.2830631136894226,0.10908087342977524,0.0,86.96826171875,80.76563262939453,0.0,,,0.4843597710132599,-0.24246490001678467,0.4884000015258789,0.0,0.43251973390579224,0.23132909834384918,0.4884000015258789,0.0,15,0,0,False,-0.005819,False,False
pass_diag_2026-09-18,12,12231,3,policy,18,,,,,,,,,,,,,,,0,,0.31205251812934875,0.13600274920463562,0.0,83.92436981201172,77.93883514404297,0.0,,,0.49398475885391235,-0.24246490001678467,0.5775,0.0,0.4421447515487671,0.23132909834384918,0.5775,0.0,15,0,0,False,-0.004964,False,False
pass_diag_2026-09-18,12,12231,4,policy,18,,,,,,,,,,,,,,,0,,0.3400273323059082,0.16198235750198364,0.0,80.98701477050781,75.21097564697266,0.0,,,0.5047235488891602,-0.24246490001678467,0.6443250274658203,0.0,0.4528834819793701,0.23132909834384918,0.6443250274658203,0.0,15,0,0,False,-0.004424,False,False
pass_diag_2026-09-18,12,12231,5,policy,18,,,,,,,,,,,,,,,0,,0.3670229911804199,0.1870526820421219,0.0,78.15247344970703,72.5785903930664,0.0,,,0.5162975788116455,-0.24246490001678467,0.6944437408447266,0.0,0.46445754170417786,0.23132909834384918,0.6944437408447266,0.0,15,0,0,False,-0.004491,False,False
pass_diag_2026-09-18,12,12231,6,policy,18,,,,,,,,,,,,,,,0,,0.39307382702827454,0.2112455517053604,0.0,75.4171371459961,70.03833770751953,0.0,,,0.528498113155365,-0.24246490001678467,0.7320327758789062,0.0,0.4766581058502197,0.23132909834384918,0.7320327758789062,0.0,15,0,0,False,-0.004579,False,False
pass_diag_2026-09-18,12,12231,7,policy,18,,,,,,,,,,,,,,,0,,0.4182128608226776,0.23459166288375854,0.0,72.77753448486328,67.58699798583984,0.0,,,0.5411685109138489,-0.24246490001678467,0.760224609375,0.0,0.4893285036087036,0.23132909834384918,0.760224609375,0.0,15,0,0,False,-0.004705,False,False
pass_diag_2026-09-18,12,12231,8,policy,2,,,,,,,,,,,,,,,0,,0.44247204065322876,0.25712066888809204,0.0,70.2303237915039,65.22145080566406,0.0,,,0.5481823086738586,-0.244953915476799,0.42082752227783204,-0.1493409538269043,0.4963423013687134,0.22884008288383484,0.42082752227783204,-0.1493409538269043,15,0,0,False,-0.004793,False,False
pass_diag_2026-09-18,12,12231,9,policy,18,,,,,,,,,,,,,,,0,,0.46588215231895447,0.2788611352443695,0.0,67.77226257324219,62.93870162963867,0.0,,,0.5509536862373352,-0.2493096888065338,0.16627967834472657,-0.26134666442871096,0.49911361932754517,0.22448430955410004,0.16627967834472657,-0.26134666442871096,15,0,0,False,-0.005058,False,False
pass_diag_2026-09-18,12,12231,10,policy,18,,,,,,,,,,,,,,,0,,0.48847290873527527,0.2998407185077667,0.0,65.40023040771484,60.73584747314453,0.0,,,0.5505431294441223,-0.25506553053855896,-0.024631195068359375,-0.3453509521484375,0.49870309233665466,0.2187284529209137,-0.024631195068359375,-0.3453509521484375,15,0,0,False,-0.005361,False,False
pass_diag_2026-09-18,12,12231,11,policy,18,,,,,,,,,,,,,,,0,,0.5102729797363281,0.3200860023498535,0.0,63.11122512817383,58.61009216308594,0.0,,,0.5477462410926819,-0.26187145709991455,-0.16781435012817383,-0.4083541488647461,0.49590620398521423,0.2119225561618805,-0.16781435012817383,-0.4083541488647461,15,0,0,False,-0.005547,False,False
pass_diag_2026-09-18,12,12231,12,policy,18,,,,,,,,,,,,,,,0,,0.5313100814819336,0.33962270617485046,0.0,60.9023323059082,56.558738708496094,0.0,,,0.543159544467926,-0.2694648802280426,-0.27520172119140623,-0.455606575012207,0.4913195073604584,0.20432911813259125,-0.27520172119140623,-0.455606575012207,15,0,0,False,-0.005639,False,False
pass_diag_2026-09-18,12,12231,13,policy,18,,,,,,,,,,,,,,,0,,0.5516108274459839,0.35847559571266174,0.0,58.770748138427734,54.579185485839844,0.0,,,0.5372304916381836,-0.2776489853858948,-0.35574222564697267,-0.4910458755493164,0.48539045453071594,0.19614501297473907,-0.35574222564697267,-0.4910458755493164,15,0,0,False,-0.005685,False,False
pass_diag_2026-09-18,12,12231,14,policy,18,,,,,,,,,,,,,,,0,,0.5712010860443115,0.37666866183280945,0.0,56.71377182006836,52.66891098022461,0.0,,,0.5302947163581848,-0.28627607226371765,-0.41614761352539065,-0.5176253509521485,0.47845467925071716,0.1875179260969162,-0.41614761352539065,-0.5176253509521485,15,0,0,False,-0.005707,False,False
pass_diag_2026-09-18,12,12231,15,policy,18,,,,,,,,,,,,,,,0,,0.5901056528091431,0.39422497153282166,0.0,54.728790283203125,50.82550048828125,0.0,,,0.5226038694381714,-0.29523539543151855,-0.46145168304443357,-0.5375599670410156,0.47076380252838135,0.1785585880279541,-0.46145168304443357,-0.5375599670410156,15,0,0,False,-0.005716,False,False
pass_diag_2026-09-18,12,12231,16,policy,18,,,,,,,,,,,,,,,0,,0.6083486080169678,0.41116681694984436,0.0,52.81328201293945,49.046607971191406,0.0,,,0.5143466591835022,-0.30444392561912537,-0.49542972564697263,-0.5525109481811523,0.46250665187835693,0.16935007274150848,-0.49542972564697263,-0.5525109481811523,15,0,0,False,-0.005718,False,False
pass_diag_2026-09-18,12,12231,17,policy,18,,,,,,,,,,,,,,,10,out_of_bounds,0.6259530186653137,0.3700000047683716,0.0,0.0,0.0,0.0,,,0.5056648254394531,-0.313839316368103,-0.5209132385253906,-0.563724136352539,0.4538247585296631,0.15995466709136963,-0.5209132385253906,-0.563724136352539,15,0,0,False,-0.004783,False,False
pass_diag_2026-09-18,12,12231,18,policy,5,,,,,,,,,,,,,,,0,,0.6259530186653137,0.3700000047683716,0.0,0.0,0.0,0.0,,,0.5026733875274658,-0.32088586688041687,-0.17948492050170897,-0.4227931213378906,0.45083335041999817,0.1529081165790558,-0.17948492050170897,-0.4227931213378906,15,0,0,False,-0.005147,False,False
pass_diag_2026-09-18,12,12231,19,policy,5,,,,,,,,,,,,,,,0,,0.6259530186653137,0.3700000047683716,0.0,0.0,0.0,0.0,,,0.5039498209953308,-0.32617080211639404,0.07658630847930908,-0.31709484100341795,0.45210978388786316,0.147623211145401,0.07658630847930908,-0.31709484100341795,15,0,0,False,-0.005067,False,False
pass_diag_2026-09-18,12,12231,20,policy,14,,,,,,,,,,,,,,,0,,0.6259530186653137,0.3700000047683716,0.0,0.0,0.0,0.0,,,0.5039498209953308,-0.32617080211639404,0.0,0.0,0.45210978388786316,0.147623211145401,0.0,0.0,15,0,0,False,-0.005,False,False
pass_diag_2026-09-18,12,12231,21,policy,6,,,,,,,,,,,,,,,0,,0.6259530186653137,0.3700000047683716,0.0,0.0,0.0,0.0,,,0.5064388513565063,-0.3236817717552185,0.1493409538269043,0.1493409538269043,0.4545988142490387,0.15011222660541534,0.1493409538269043,0.1493409538269043,15,0,0,False,-0.00493,False,False
pass_diag_2026-09-18,12,12231,22,policy,2,,,,,,,,,,,,,,,0,,0.6259530186653137,0.3700000047683716,0.0,0.0,0.0,0.0,,,0.5058165788650513,-0.3243040442466736,-0.03733523845672607,-0.03733523845672607,0.4539765417575836,0.14948996901512146,-0.03733523845672607,-0.03733523845672607,15,0,0,False,-0.005017,False,False
pass_diag_2026-09-18,12,12231,23,policy,6,,,,,,,,,,,,,,,0,,0.6259530186653137,0.3700000047683716,0.0,0.0,0.0,0.0,,,0.5078389048576355,-0.32228171825408936,0.12133952140808106,0.12133952140808106,0.45599886775016785,0.1515122950077057,0.12133952140808106,0.12133952140808106,15,0,0,False,-0.004943,False,False
pass_diag_2026-09-18,12,12231,24,policy,2,,,,,,,,,,,,,,,0,,0.6259530186653137,0.3700000047683716,0.0,0.0,0.0,0.0,,,0.5068666338920593,-0.3232539892196655,-0.058336310386657715,-0.058336310386657715,0.4550265967845917,0.15054002404212952,-0.058336310386657715,-0.058336310386657715,15,0,0,False,-0.005027,False,False
pass_diag_2026-09-18,12,12231,25,policy,6,,,,,,,,,,,,,,,0,,0.6259530186653137,0.3700000047683716,0.0,0.0,0.0,0.0,,,0.5086264610290527,-0.3214941620826721,0.10558872222900391,0.10558872222900391,0.4567864239215851,0.15229983627796173,0.10558872222900391,0.10558872222900391,15,0,0,False,-0.004951,False,False
pass_diag_2026-09-18,12,12231,26,policy,2,,,,,,,,,,,,,,,0,,0.6259530186653137,0.3700000047683716,0.0,0.0,0.0,0.0,,,0.5074573159217834,-0.3226633071899414,-0.07014941215515137,-0.07014941215515137,0.4556172490119934,0.15113067626953125,-0.07014941215515137,-0.07014941215515137,15,0,0,False,-0.005033,False,False
pass_diag_2026-09-18,12,12231,27,policy,6,,,,,,,,,,,,,,,0,,0.6259530186653137,0.3700000047683716,0.0,0.0,0.0,0.0,,,0.5090694427490234,-0.3210511803627014,0.09672889709472657,0.09672889709472657,0.4572294056415558,0.15274283289909363,0.09672889709472657,0.09672889709472657,15,0,0,False,-0.004955,False,False
pass_diag_2026-09-18,12,12231,28,policy,2,,,,,,,,,,,,,,,0,,0.6259530186653137,0.3700000047683716,0.0,0.0,0.0,0.0,,,0.5077895522117615,-0.3223310708999634,-0.07679428100585937,-0.07679428100585937,0.4559495151042938,0.15146292746067047,-0.07679428100585937,-0.07679428100585937,15,0,0,False,-0.005036,False,False
pass_diag_2026-09-18,12,12231,29,policy,5,,,,,,,,,,,,,,,0,,0.6259530186653137,0.3700000047683716,0.0,0.0,0.0,0.0,,,0.5103496313095093,-0.32329100370407104,0.15360428810119628,-0.057595710754394534,0.45850956439971924,0.1505029946565628,0.15360428810119628,-0.057595710754394534,15,0,0,False,-0.004984,False,False
pass_diag_2026-09-18,12,12231,30,policy,5,,,,,,,,,,,,,,,0,,0.6259530186653137,0.3700000047683716,0.0,0.0,0.0,0.0,,,0.5157896876335144,-0.3240109384059906,0.3264031982421875,-0.0431967830657959,0.46394962072372437,0.14978304505348206,0.3264031982421875,-0.0431967830657959,15,0,0,False,-0.004946,False,False
pass_diag_2026-09-18,12,12231,31,policy,2,,,,,,,,,,,,,,,15,pass_intercepted,0.6259530186653137,0.3700000047683716,0.0,0.0,0.0,0.0,,,0.5173806548118591,-0.3270399272441864,0.09546146392822266,-0.1817385482788086,0.46554064750671387,0.14675407111644745,0.09546146392822266,-0.1817385482788086,15,0,0,False,-0.00503,True,False
pass_diag_2026-09-18,13,13240,0,forced,5,11,0.1538587361574173,0.023781336843967438,0.0,0.0,0.0,0.0,left_1,0.4095606505870819,-0.2366660237312317,0.458789199590683,0.17784209549427032,0.8949188416039292,0.4462289400546335,5,pass,0.19315330684185028,0.04363422840833664,0.0,113.75778198242188,57.47412109375,0.0,,,0.4130806624889374,-0.2366660237312317,0.211200008392334,0.0,0.46230921149253845,0.17784209549427032,0.211200008392334,0.0,15,0,0,False,-0.005,False,False
pass_diag_2026-09-18,13,13240,1,policy,18,,,,,,,,,,,,,,,0,,0.2310725599527359,0.06279227137565613,0.0,109.77626037597656,55.462528228759766,0.0,,,0.41924065351486206,-0.2366660237312317,0.36959999084472656,0.0,0.46846920251846313,0.17784209549427032,0.36959999084472656,0.0,15,0,0,False,-0.005775,False,False
pass_diag_2026-09-18,13,13240,2,policy,18,,,,,,,,,,,,,,,0,,0.2676646411418915,0.08127977699041367,0.0,105.93408966064453,53.521339416503906,0.0,,,0.42738065123558044,-0.2366660237312317,0.4884000015258789,0.0,0.4766092002391815,0.17784209549427032,0.4884000015258789,0.0,15,0,0,False,-0.005786,False,False
pass_diag_2026-09-18,13,13240,3,policy,18,,,,,,,,,,,,,,,0,,0.30297601222991943,0.09912022203207016,0.0,102.22640228271484,51.64809036254883,0.0,,,0.4370056688785553,-0.2366660237312317,0.5775,0.0,0.486234188079834,0.17784209549427032,0.5775,0.0,15,0,0,False,-0.005772,False,False
pass_diag_2026-09-18,13,13240,4,policy,18,,,,,,,,,,,,,,,0,,0.33705148100852966,0.11633625626564026,0.0,98.64847564697266,49.84040832519531,0.0,,,0.4477443993091583,-0.2366660237312317,0.6443250274658203,0.0,0.4969729483127594,0.17784209549427032,0.6443250274658203,0.0,15,0,0,False,-0.004577,False,False
pass_diag_2026-09-18,13,13240,5,policy,18,,,,,,,,,,,,,,,0,,0.3699342906475067,0.13294972479343414,0.0,95.1957778930664,48.09599304199219,0.0,,,0.45931845903396606,-0.2366660237312317,0.6944437408447266,0.0,0.5085470080375671,0.17784209549427032,0.6944437408447266,0.0,15,0,0,False,-0.004487,False,False
pass_diag_2026-09-18,13,13240,6,policy,18,,,,,,,,,,,,,,,0,,0.40166622400283813,0.1489817202091217,0.0,91.86392211914062,46.412635803222656,0.0,,,0.47151902318000793,-0.2366660237312317,0.7320327758789062,0.0,0.5207475423812866,0.17784209549427032,0.7320327758789062,0.0,15,0,0,False,-0.004537,False,False
pass_diag_2026-09-18,13,13240,7,policy,18,,,,,,,,,,,,,,,0,,0.4322875440120697,0.16445259749889374,0.0,88.64868927001953,44.78819274902344,0.0,,,0.4841894209384918,-0.2366660237312317,0.760224609375,0.0,0.5334179997444153,0.17784209549427032,0.760224609375,0.0,15,0,0,False,-0.00459,False,False
pass_diag_2026-09-18,13,13240,8,policy,18,,,,,,,,,,,,,,,0,,0.46183711290359497,0.17938199639320374,0.0,85.54598236083984,43.220603942871094,0.0,,,0.4972122311592102,-0.2366660237312317,0.7813684844970703,0.0,0.5464407801628113,0.17784209549427032,0.7813684844970703,0.0,15,0,0,False,-0.004652,False,False
pass_diag_2026-09-18,13,13240,9,policy,2,,,,,,,,,,,,,,,0,,0.49035242199897766,0.19378887116909027,0.0,82.55187225341797,41.7078857421875,0.0,,,0.5104993581771851,-0.2366660237312317,0.7972263336181641,0.0,0.5537188649177551,0.17535308003425598,0.43668540954589846,-0.1493409538269043,15,0,0,False,-0.004628,False,False
pass_diag_2026-09-18,13,13240,10,policy,2,,,,,,,,,,,,,,,0,,0.5178697109222412,0.207691490650177,0.0,79.66255950927734,40.24810791015625,0.0,,,0.5179756283760071,-0.23915503919124603,0.44857879638671877,-0.1493409538269043,0.5566884279251099,0.17099730670452118,0.1781730842590332,-0.26134666442871096,15,0,0,False,-0.004748,False,False
pass_diag_2026-09-18,13,13240,11,policy,2,,,,,,,,,,,,,,,0,,0.5444239377975464,0.22110752761363983,0.0,76.8743667602539,38.83942413330078,0.0,,,0.5210939049720764,-0.24351081252098083,0.18709314346313477,-0.26134666442871096,0.5564265847206116,0.16524145007133484,-0.015711134672164916,-0.3453509521484375,15,0,0,False,-0.005074,False,False
pass_diag_2026-09-18,13,13240,12,policy,2,,,,,,,,,,,,,,,0,,0.5700486898422241,0.23405399918556213,0.0,74.18376922607422,37.480045318603516,0.0,,,0.5209435224533081,-0.24926666915416718,-0.009021088480949402,-0.3453509521484375,0.5537411570549011,0.15843555331230164,-0.16112430572509764,-0.4083541488647461,15,0,0,False,-0.005404,False,False
pass_diag_2026-09-18,13,13240,13,policy,18,,,,,,,,,,,,,,,0,,0.5947766304016113,0.24654735624790192,0.0,71.58733367919922,36.168243408203125,0.0,,,0.5183417201042175,-0.2560725808143616,-0.15610676765441894,-0.4083541488647461,0.5492380857467651,0.1508421152830124,-0.2701841735839844,-0.455606575012207,15,0,0,False,-0.005573,False,False
pass_diag_2026-09-18,13,13240,14,policy,18,,,,,,,,,,,,,,,0,,0.6186390519142151,0.25860342383384705,0.0,69.08177947998047,34.9023551940918,0.0,,,0.51390141248703,-0.2636660039424896,-0.2664210319519043,-0.455606575012207,0.5433717966079712,0.14265801012516022,-0.35197910308837893,-0.4910458755493164,15,0,0,False,-0.005645,False,False
pass_diag_2026-09-18,13,13240,15,policy,18,,,,,,,,,,,,,,,0,,0.6416663527488708,0.2702375650405884,0.0,66.6639175415039,33.68077087402344,0.0,,,0.5080820918083191,-0.2718501091003418,-0.3491567230224609,-0.4910458755493164,0.5364830493927002,0.13403092324733734,-0.41332527160644533,-0.5176253509521485,15,0,0,False,-0.005677,False,False
pass_diag_2026-09-18,13,13240,16,policy,18,,,,,,,,,,,,,,,0,,0.663887619972229,0.28146448731422424,0.0,64.33068084716797,32.50194549560547,0.0,,,0.5012286305427551,-0.2804771959781647,-0.41120849609375,-0.5176253509521485,0.528827428817749,0.12507158517837524,-0.4593349075317383,-0.5375599670410156,15,0,0,False,-0.005691,False,False
pass_diag_2026-09-18,13,13240,17,policy,18,,,,,,,,,,,,,,,0,,0.6853311657905579,0.29229846596717834,0.0,62.079105377197266,31.364376068115234,0.0,,,0.493599534034729,-0.28943654894828796,-0.4577473068237305,-0.5375599670410156,0.5205967426300049,0.11586307734251022,-0.49384212493896484,-0.5525109481811523,15,0,0,False,-0.005695,False,False
pass_diag_2026-09-18,13,13240,18,policy,18,,,,,,,,,,,,,,,0,,0.7060242295265198,0.3027532398700714,0.0,59.90633773803711,30.266624450683594,0.0,,,0.4853886663913727,-0.2986450493335724,-0.4926514434814453,-0.5525109481811523,0.5119346976280212,0.10646767169237137,-0.5197225570678711,-0.563724136352539,15,0,0,False,-0.005693,False,False
pass_diag_2026-09-18,13,13240,19,policy,18,,,,,,,,,,,,,,,0,,0.7259929776191711,0.31284213066101074,0.0,57.80961608886719,29.207292556762695,0.0,,,0.4767414927482605,-0.30804044008255005,-0.5188295364379882,-0.563724136352539,0.5029491186141968,0.09693210572004318,-0.5391328811645508,-0.5721340560913086,15,0,0,False,-0.005688,False,False
pass_diag_2026-09-18,13,13240,20,policy,18,,,,,,,,,,,,,,,0,,0.745262861251831,0.32257789373397827,0.0,55.786277770996094,28.18503761291504,0.0,,,0.4677671194076538,-0.31757602095603943,-0.5384630966186523,-0.5721340560913086,0.49372097849845886,0.0872914120554924,-0.5536906051635743,-0.5784415054321289,15,0,0,False,-0.00568,False,False
pass_diag_2026-09-18,13,13240,21,policy,18,,,,,,,,,,,,,,,0,,0.7638583183288574,0.3319728970527649,0.0,53.83375930786133,27.19856071472168,0.0,,,0.45854732394218445,-0.3272167146205902,-0.5531882858276367,-0.5784415054321289,0.4843108355998993,0.07757187634706497,-0.5646089172363281,-0.5831720733642578,15,0,0,False,-0.005671,False,False
pass_diag_2026-09-18,13,13240,22,policy,18,,,,,,,,,,,,,,,0,,0.7818028926849365,0.34103909134864807,0.0,51.94957733154297,26.246610641479492,0.0,,,0.4491434395313263,-0.33693623542785645,-0.564232177734375,-0.5831720733642578,0.4747641980648041,0.06779321283102036,-0.572797622680664,-0.5867200088500977,15,0,0,False,-0.005661,False,False
pass_diag_2026-09-18,13,13240,23,policy,18,,,,,,,,,,,,,,,0,,0.7991194128990173,0.34978795051574707,0.0,50.13134002685547,25.327980041503906,0.0,,,0.4396015405654907,-0.34671491384506226,-0.5725150680541993,-0.5867200088500977,0.4651152193546295,0.05797019600868225,-0.5789391708374023,-0.5893809509277343,15,0,0,False,-0.00565,False,False
pass_diag_2026-09-18,13,13240,24,policy,18,,,,,,,,,,,,,,,0,,0.815829873085022,0.3582306206226349,0.0,48.37674331665039,24.441499710083008,0.0,,,0.4299560785293579,-0.35653793811798096,-0.5787272644042969,-0.5893809509277343,0.45538944005966187,0.04811391606926918,-0.5835453414916992,-0.5913766860961914,15,0,0,False,-0.005639,False,False
pass_diag_2026-09-18,13,13240,25,policy,18,,,,,,,,,,,,,,,0,,0.8319554328918457,0.3663777709007263,0.0,46.68355941772461,23.586048126220703,0.0,,,0.42023295164108276,-0.3663942217826843,-0.5833863830566406,-0.5913766860961914,0.4456061124801636,0.03823269158601761,-0.5869999694824218,-0.5928734588623047,15,0,0,False,-0.005628,False,False
pass_diag_2026-09-18,13,13240,26,policy,5,,,,,,,,,,,,,,,0,,0.847516655921936,0.37423980236053467,0.0,45.04963302612305,22.760536193847656,0.0,,,0.41646063327789307,-0.37378641963005066,-0.22633979797363282,-0.4435324859619141,0.44178861379623413,0.030821774154901505,-0.2290499687194824,-0.4446550750732422,15,0,0,False,-0.005493,False,False
pass_diag_2026-09-18,13,13240,27,policy,18,,,,,,,,,,,,,,,0,,0.8625331521034241,0.38182663917541504,0.0,43.472896575927734,21.963916778564453,0.0,,,0.41715139150619507,-0.379330575466156,0.04144515037536621,-0.33264938354492185,0.4424454867839813,0.025263585150241852,0.039412527084350585,-0.33349132537841797,15,0,0,False,-0.005389,False,False
pass_diag_2026-09-18,13,13240,28,policy,2,,,,,,,,,,,,,,,0,,0.8770241141319275,0.38914793729782104,0.0,41.95134735107422,21.195180892944336,0.0,,,0.4151804447174072,-0.38597771525382996,-0.11825708389282226,-0.3988279724121094,0.44044914841651917,0.018605928868055344,-0.11978156089782716,-0.3994594573974609,15,0,0,False,-0.005432,False,False
pass_diag_2026-09-18,13,13240,29,policy,14,,,,,,,,,,,,,,,0,,0.8910079002380371,0.39621302485466003,0.0,40.48304748535156,20.45334815979004,0.0,,,0.4151804447174072,-0.38597771525382996,0.0,0.0,0.44044914841651917,0.018605928868055344,0.0,0.0,15,0,0,False,-0.005305,False,False
pass_diag_2026-09-18,13,13240,30,policy,2,,,,,,,,,,,,,,,0,,0.904502272605896,0.40303078293800354,0.0,39.06614303588867,19.73748207092285,0.0,,,0.4126914143562317,-0.3884667158126831,-0.1493409538269043,-0.1493409538269043,0.43796011805534363,0.016116913408041,-0.1493409538269043,-0.1493409538269043,15,0,0,False,-0.005365,False,False
pass_diag_2026-09-18,13,13240,31,policy,14,,,,,,,,,,,,,,,0,,0.9175243377685547,0.40960994362831116,0.0,37.69882583618164,19.046669006347656,0.0,,,0.4126914143562317,-0.3884667158126831,0.0,0.0,0.43796011805534363,0.016116913408041,0.0,0.0,15,0,0,False,-0.005285,False,False
pass_diag_2026-09-18,13,13240,32,policy,2,,,,,,,,,,,,,,,0,,0.930090606212616,0.41595885157585144,0.0,36.37936782836914,18.380035400390625,0.0,,,0.41020241379737854,-0.39095574617385864,-0.1493409538269043,-0.1493409538269043,0.4354711174964905,0.013627897016704082,-0.1493409538269043,-0.1493409538269043,15,0,0,False,-0.005345,False,False
pass_diag_2026-09-18,13,13240,33,policy,14,,,,,,,,,,,,,,,10,out_of_bounds,0.9422170519828796,0.3700000047683716,0.0,0.0,0.0,0.0,,,0.41020241379737854,-0.39095574617385864,0.0,0.0,0.4354711174964905,0.013627897016704082,0.0,0.0,15,0,0,False,-0.004638,False,False
pass_diag_2026-09-18,13,13240,34,policy,6,,,,,,,,,,,,,,,0,,0.9422170519828796,0.3700000047683716,0.0,0.0,0.0,0.0,,,0.4126914143562317,-0.3884667158126831,0.1493409538269043,0.1493409538269043,0.43796011805534363,0.016116913408041,0.1493409538269043,0.1493409538269043,15,0,0,False,-0.004931,False,False
pass_diag_2026-09-18,13,13240,35,policy,2,,,,,,,,,,,,,,,0,,0.9422170519828796,0.3700000047683716,0.0,0.0,0.0,0.0,,,0.412069171667099,-0.3890889883041382,-0.03733523845672607,-0.03733523845672607,0.43733787536621094,0.01549465861171484,-0.03733523845672607,-0.03733523845672607,15,0,0,False,-0.005017,False,False
pass_diag_2026-09-18,13,13240,36,policy,6,,,,,,,,,,,,,,,0,,0.9422170519828796,0.3700000047683716,0.0,0.0,0.0,0.0,,,0.4140914976596832,-0.38706666231155396,0.12133952140808106,0.12133952140808106,0.43936020135879517,0.017516983672976494,0.12133952140808106,0.12133952140808106,15,0,0,False,-0.004944,False,False
pass_diag_2026-09-18,13,13240,37,policy,6,,,,,,,,,,,,,,,0,,0.9422170519828796,0.3700000047683716,0.0,0.0,0.0,0.0,,,0.41809725761413574,-0.38306090235710144,0.2403455924987793,0.2403455924987793,0.4433659613132477,0.02152274362742901,0.2403455924987793,0.2403455924987793,15,0,0,False,-0.004888,False,False
pass_diag_2026-09-18,13,13240,38,policy,0,,,,,,,,,,,,,,,0,,0.9422170519828796,0.3700000047683716,0.0,0.0,0.0,0.0,,,0.42359060049057007,-0.3775675594806671,0.3296001434326172,0.3296001434326172,0.4488592743873596,0.027016079053282738,0.3296001434326172,0.3296001434326172,15,0,0,False,-0.004847,False,False
pass_diag_2026-09-18,13,13240,39,policy,2,,,,,,,,,,,,,,,0,,0.9422170519828796,0.3700000047683716,0.0,0.0,0.0,0.0,,,0.4252215623855591,-0.3759365677833557,0.09785916328430176,0.09785916328430176,0.450490266084671,0.02864706516265869,0.09785916328430176,0.09785916328430176,15,0,0,False,-0.004955,False,False
pass_diag_2026-09-18,13,13240,40,policy,4,,,,,,,,,,,,,,,0,,0.9422170519828796,0.3700000047683716,0.0,0.0,0.0,0.0,,,0.4289338290691376,-0.3772023320198059,0.22273532867431642,-0.07594658374786377,0.4542025327682495,0.0273812897503376,0.22273532867431642,-0.07594658374786377,15,0,0,False,-0.004954,False,False
pass_diag_2026-09-18,13,13240,41,policy,6,,,,,,,,,,,,,,,0,,0.9422170519828796,0.3700000047683716,0.0,0.0,0.0,0.0,,,0.4352380335330963,-0.37815168499946594,0.3782514953613281,-0.05695993900299072,0.45947572588920593,0.02892097271978855,0.31639244079589846,0.09238101959228516,15,0,0,False,-0.004896,False,False
pass_diag_2026-09-18,13,13240,42,policy,2,,,,,,,,,,,,,,,0,,0.9422170519828796,0.3700000047683716,0.0,0.0,0.0,0.0,,,0.43747714161872864,-0.3813526928424835,0.1343476676940918,-0.19206090927124023,0.4609416127204895,0.027586719021201134,0.08795337677001953,-0.08005518913269043,15,0,0,False,-0.004992,False,False
pass_diag_2026-09-18,13,13240,43,policy,2,,,,,,,,,,,,,,,0,,0.9422170519828796,0.3700000047683716,0.0,0.0,0.0,0.0,,,0.43666747212409973,-0.38624247908592224,-0.04858020305633545,-0.2933866310119629,0.45955201983451843,0.024097014218568802,-0.08337592124938965,-0.20938234329223632,15,0,0,False,-0.005063,False,False
pass_diag_2026-09-18,13,13240,44,policy,2,,,,,,,,,,,,,,,0,,0.9422170519828796,0.3700000047683716,0.0,0.0,0.0,0.0,,,0.4335712194442749,-0.39239880442619324,-0.1857761001586914,-0.36938091278076174,0.4560208022594452,0.018990719690918922,-0.21187288284301758,-0.30637771606445313,15,0,0,False,-0.005117,False,False
pass_diag_2026-09-18,13,13240,45,policy,5,,,,,,,,,,,,,,,0,,0.9422170519828796,0.3700000047683716,0.0,0.0,0.0,0.0,,,0.43476900458335876,-0.39701607823371887,0.07186792373657226,-0.27703569412231444,0.4568924009799957,0.015160997398197651,0.05229533195495605,-0.22978328704833983,15,0,0,False,-0.005031,False,False
pass_diag_2026-09-18,13,13240,46,policy,2,,,,,,,,,,,,,,,15,pass_intercepted,0.9422170519828796,0.3700000047683716,0.0,0.0,0.0,0.0,,,0.4331783354282379,-0.40296804904937744,-0.09544000625610352,-0.35711772918701173,0.4550570845603943,0.009799690917134285,-0.11011945724487304,-0.32167842864990237,15,0,0,False,-0.005093,True,False
pass_diag_2026-09-18,14,14249,0,forced,5,11,0.24100053310394287,0.010067868046462536,0.0,0.0,0.0,0.0,left_1,0.42353150248527527,-0.17000803351402283,0.4991125166416168,0.21278250217437744,0.7199097727998884,-0.6940676617068491,5,pass,0.27234095335006714,-0.020851027220487595,0.0,90.73054504394531,-89.51020050048828,0.0,,,0.42705151438713074,-0.17000803351402283,0.211200008392334,0.0,0.5026325583457947,0.21278250217437744,0.211200008392334,0.0,15,0,0,False,-0.005,False,False
pass_diag_2026-09-18,14,14249,1,policy,17,,,,,,,,,,,,,,,0,,0.3025844693183899,-0.0506877601146698,0.0,87.55497741699219,-86.3773422241211,0.0,,,0.4332115054130554,-0.17000803351402283,0.36959999084472656,0.0,0.508792519569397,0.21278250217437744,0.36959999084472656,0.0,15,0,0,False,-0.005716,False,False
pass_diag_2026-09-18,14,14249,2,policy,17,,,,,,,,,,,,,,,0,,0.3317694664001465,-0.07948020845651627,0.0,84.49054718017578,-83.35414123535156,0.0,,,0.4413515031337738,-0.17000803351402283,0.4884000015258789,0.0,0.5169325470924377,0.21278250217437744,0.4884000015258789,0.0,15,0,0,False,-0.005698,False,False
pass_diag_2026-09-18,14,14249,3,policy,17,,,,,,,,,,,,,,,0,,0.3599329888820648,-0.1072649210691452,0.0,81.53337860107422,-80.4367446899414,0.0,,,0.45097652077674866,-0.17000803351402283,0.5775,0.0,0.5265575051307678,0.21278250217437744,0.5775,0.0,15,0,0,False,-0.004893,False,False
pass_diag_2026-09-18,14,14249,4,policy,17,,,,,,,,,,,,,,,0,,0.38711076974868774,-0.13407717645168304,0.0,78.6797103881836,-77.6214599609375,0.0,,,0.4617152512073517,-0.17000803351402283,0.6443250274658203,0.0,0.5372962951660156,0.21278250217437744,0.6443250274658203,0.0,15,0,0,False,-0.004445,False,False
pass_diag_2026-09-18,14,14249,5,policy,17,,,,,,,,,,,,,,,0,,0.4133373498916626,-0.15995098650455475,0.0,75.9259262084961,-74.90470886230469,0.0,,,0.4732893109321594,-0.17000803351402283,0.6944437408447266,0.0,0.548870325088501,0.21278250217437744,0.6944437408447266,0.0,15,0,0,False,-0.00456,False,False
pass_diag_2026-09-18,14,14249,6,policy,17,,,,,,,,,,,,,,,0,,0.43864598870277405,-0.18491922318935394,0.0,73.26851654052734,-72.28304290771484,0.0,,,0.4854898750782013,-0.17000803351402283,0.7320327758789062,0.0,0.5610709190368652,0.21278250217437744,0.7320327758789062,0.0,15,0,0,False,-0.004767,False,False
pass_diag_2026-09-18,14,14249,7,policy,17,,,,,,,,,,,,,,,0,,0.4630688428878784,-0.20901356637477875,0.0,70.70411682128906,-69.75313568115234,0.0,,,0.4981602728366852,-0.17000803351402283,0.760224609375,0.0,0.5737413167953491,0.21278250217437744,0.760224609375,0.0,15,0,0,False,-0.005066,False,False
pass_diag_2026-09-18,14,14249,8,policy,17,,,,,,,,,,,,,,,0,,0.4866368770599365,-0.23226462304592133,0.0,68.22947692871094,-67.31177520751953,0.0,,,0.5111830830574036,-0.17000803351402283,0.7813684844970703,0.0,0.5867640972137451,0.21278250217437744,0.7813684844970703,0.0,15,0,0,False,-0.005289,False,False
pass_diag_2026-09-18,14,14249,9,policy,17,,,,,,,,,,,,,,,0,,0.509380042552948,-0.2547018826007843,0.0,65.84143829345703,-64.95586395263672,0.0,,,0.5244702100753784,-0.17000803351402283,0.7972263336181641,0.0,0.60005122423172,0.21278250217437744,0.7972263336181641,0.0,15,0,0,False,-0.005382,False,False
pass_diag_2026-09-18,14,14249,10,policy,17,,,,,,,,,,,,,,,0,,0.5313271880149841,-0.2763538360595703,0.0,63.536991119384766,-62.68240737915039,0.0,,,0.5379555225372314,-0.17000803351402283,0.8091197204589844,0.0,0.613536536693573,0.21278250217437744,0.8091197204589844,0.0,15,0,0,False,-0.00541,False,False
pass_diag_2026-09-18,14,14249,11,policy,17,,,,,,,,,,,,,,,0,,0.552506148815155,-0.297247976064682,0.0,61.31319808959961,-60.488525390625,0.0,,,0.5515895485877991,-0.17000803351402283,0.8180398559570312,0.0,0.6271705627441406,0.21278250217437744,0.8180398559570312,0.0,15,0,0,False,-0.005414,False,False
pass_diag_2026-09-18,14,14249,12,policy,17,,,,,,,,,,,,,,,0,,0.572943925857544,-0.31741079688072205,0.0,59.167236328125,-58.37142562866211,0.0,,,0.5593259930610657,-0.17249704897403717,0.4641889190673828,-0.1493409538269043,0.6349070072174072,0.2102934867143631,0.4641889190673828,-0.1493409538269043,15,0,0,False,-0.005366,False,False
pass_diag_2026-09-18,14,14249,13,policy,17,,,,,,,,,,,,,,,0,,0.5926663279533386,-0.33686795830726624,0.0,57.09638214111328,-56.328426361083984,0.0,,,0.5626393556594849,-0.17685282230377197,0.1988007354736328,-0.26134666442871096,0.6382203698158264,0.2059377133846283,0.1988007354736328,-0.26134666442871096,15,0,0,False,-0.005345,False,False
pass_diag_2026-09-18,14,14249,14,policy,1,,,,,,,,,,,,,,,0,,0.6116984486579895,-0.3556440770626068,0.0,55.09800720214844,-54.356929779052734,0.0,,,0.561604380607605,-0.18011966347694397,-0.062099452018737795,-0.1960099983215332,0.6371853947639465,0.2026708871126175,-0.062099452018737795,-0.1960099983215332,15,0,0,False,-0.005394,False,False
pass_diag_2026-09-18,14,14249,15,policy,1,,,,,,,,,,,,,,,0,,0.6300644278526306,-0.3737630546092987,0.0,53.169578552246094,-52.454437255859375,0.0,,,0.5573081374168396,-0.18256978690624237,-0.2577745819091797,-0.1470075035095215,0.6328891515731812,0.2002207636833191,-0.2577745819091797,-0.1470075035095215,15,0,0,False,-0.005441,False,False
pass_diag_2026-09-18,14,14249,16,policy,5,,,,,,,,,,,,,,,0,,0.6477876305580139,-0.39124786853790283,0.0,51.30864334106445,-50.618534088134766,0.0,,,0.5576059222221375,-0.18440738320350647,0.017869058847427368,-0.11025562286376953,0.633186936378479,0.198383167386055,0.017869058847427368,-0.11025562286376953,15,0,0,False,-0.005422,False,False
pass_diag_2026-09-18,14,14249,17,policy,1,,,,,,,,,,,,,,,0,,0.6648905277252197,-0.408120721578598,0.0,49.512840270996094,-48.846885681152344,0.0,,,0.5543093085289001,-0.18578557670116425,-0.19779821395874023,-0.08269171714782715,0.6298903226852417,0.19700497388839722,-0.19779821395874023,-0.08269171714782715,15,0,0,False,-0.005453,False,False
pass_diag_2026-09-18,14,14249,18,policy,5,,,,,,,,,,,,,,,10,out_of_bounds,0.6813948154449463,-0.3700000047683716,0.0,0.0,0.0,0.0,,,0.5553568005561829,-0.18681922554969788,0.06285134315490723,-0.06201879024505615,0.6309378147125244,0.1959713250398636,0.06285134315490723,-0.06201879024505615,15,0,0,False,-0.004481,False,False
pass_diag_2026-09-18,14,14249,19,policy,4,,,,,,,,,,,,,,,0,,0.6813948154449463,-0.3700000047683716,0.0,0.0,0.0,0.0,,,0.5586314797401428,-0.19008347392082214,0.19647945404052736,-0.1958550453186035,0.6342124938964844,0.19270707666873932,0.19647945404052736,-0.1958550453186035,15,0,0,False,-0.004909,False,False
pass_diag_2026-09-18,14,14249,20,policy,4,,,,,,,,,,,,,,,0,,0.6813948154449463,-0.3700000047683716,0.0,0.0,0.0,0.0,,,0.5635764598846436,-0.1950206756591797,0.296700553894043,-0.29623224258422853,0.6391574740409851,0.18776986002922058,0.296700553894043,-0.29623224258422853,15,0,0,False,-0.004863,False,False
pass_diag_2026-09-18,14,14249,21,policy,2,,,,,,,,,,,,,,,0,,0.6813948154449463,-0.3700000047683716,0.0,0.0,0.0,0.0,,,0.5647962093353271,-0.20121259987354279,0.07318445682525634,-0.37151512145996096,0.6403772234916687,0.18157795071601868,0.07318445682525634,-0.37151512145996096,15,0,0,False,-0.004884,False,False
pass_diag_2026-09-18,14,14249,22,policy,5,,,,,,,,,,,,,,,0,,0.6813948154449463,-0.3700000047683716,0.0,0.0,0.0,0.0,,,0.5692310333251953,-0.2058565318584442,0.2660883522033691,-0.2786363410949707,0.6448120474815369,0.17693400382995605,0.2660883522033691,-0.2786363410949707,15,0,0,False,-0.004873,False,False
pass_diag_2026-09-18,14,14249,23,policy,2,,,,,,,,,,,,,,,0,,0.6813948154449463,-0.3700000047683716,0.0,0.0,0.0,0.0,,,0.5700681209564209,-0.21182850003242493,0.05022530555725098,-0.3583182144165039,0.6456491351127625,0.17096203565597534,0.05022530555725098,-0.3583182144165039,15,0,0,False,-0.004892,False,False
pass_diag_2026-09-18,14,14249,24,policy,4,,,,,,,,,,,,,,,0,,0.6813948154449463,-0.3700000047683716,0.0,0.0,0.0,0.0,,,0.5731849670410156,-0.2187964916229248,0.18700992584228515,-0.41807960510253905,0.6487659811973572,0.16399404406547546,0.18700992584228515,-0.41807960510253905,15,0,0,False,-0.00485,False,False
pass_diag_2026-09-18,14,14249,25,policy,14,,,,,,,,,,,,,,,0,,0.6813948154449463,-0.3700000047683716,0.0,0.0,0.0,0.0,,,0.5731849670410156,-0.2187964916229248,0.0,0.0,0.6487659811973572,0.16399404406547546,0.0,0.0,15,0,0,False,-0.005,False,False
pass_diag_2026-09-18,14,14249,26,policy,1,,,,,,,,,,,,,,,0,,0.6813948154449463,-0.3700000047683716,0.0,0.0,0.0,0.0,,,0.5696649551391602,-0.2187964916229248,-0.211200008392334,0.0,0.6452459692955017,0.16399404406547546,-0.211200008392334,0.0,15,0,0,False,-0.005041,False,False
pass_diag_2026-09-18,14,14249,27,policy,5,,,,,,,,,,,,,,,0,,0.6813948154449463,-0.3700000047683716,0.0,0.0,0.0,0.0,,,0.570544958114624,-0.2187964916229248,0.0528000020980835,0.0,0.6461259722709656,0.16399404406547546,0.0528000020980835,0.0,15,0,0,False,-0.00499,False,False
pass_diag_2026-09-18,14,14249,28,policy,8,,,,,,,,,,,,,,,0,,0.6813948154449463,-0.3700000047683716,0.0,0.0,0.0,0.0,,,0.5687159299850464,-0.21630747616291046,-0.10974095344543457,0.1493409538269043,0.6442969441413879,0.1664830595254898,-0.10974095344543457,0.1493409538269043,15,0,0,False,-0.005062,False,False
pass_diag_2026-09-18,14,14249,29,policy,5,,,,,,,,,,,,,,,0,,0.6813948154449463,-0.3700000047683716,0.0,0.0,0.0,0.0,,,0.570864200592041,-0.21444071829319,0.1288942813873291,0.11200571060180664,0.6464452147483826,0.16834981739521027,0.1288942813873291,0.11200571060180664,15,0,0,False,-0.005005,False,False
pass_diag_2026-09-18,14,14249,30,policy,8,,,,,,,,,,,,,,,0,,0.6813948154449463,-0.3700000047683716,0.0,0.0,0.0,0.0,,,0.5699863433837891,-0.21055163443088531,-0.0526702356338501,0.23334524154663086,0.6455673575401306,0.17223891615867615,-0.0526702356338501,0.23334524154663086,15,0,0,False,-0.005074,False,False
pass_diag_2026-09-18,14,14249,31,policy,4,,,,,,,,,,,,,,,15,pass_intercepted,0.6813948154449463,-0.3700000047683716,0.0,0.0,0.0,0.0,,,0.5718169808387756,-0.21012383699417114,0.10983827590942383,0.02566797733306885,0.6473979949951172,0.17266671359539032,0.10983827590942383,0.02566797733306885,15,0,0,False,-0.004986,True,False
pass_diag_2026-09-18,15,15258,0,forced,5,11,0.24777133762836456,-0.010780596174299717,0.0,0.0,0.0,0.0,left_1,0.44447004795074463,-0.21604155004024506,0.48257502913475037,0.22062097489833832,0.6994096613768022,-0.7147210124046913,5,pass,0.278231680393219,-0.042566876858472824,0.0,88.18270874023438,-92.02128601074219,0.0,,,0.4479900300502777,-0.21604155004024506,0.211200008392334,0.0,0.48609504103660583,0.22062097489833832,0.211200008392334,0.0,15,0,0,False,-0.005,False,False
pass_diag_2026-09-18,15,15258,1,policy,17,,,,,,,,,,,,,,,0,,0.3076259195804596,-0.07324063777923584,0.0,85.0963134765625,-88.80054473876953,0.0,,,0.4541500508785248,-0.21604155004024506,0.36959999084472656,0.0,0.4922550320625305,0.22062097489833832,0.36959999084472656,0.0,15,0,0,False,-0.005713,False,False
pass_diag_2026-09-18,15,15258,2,policy,17,,,,,,,,,,,,,,,0,,0.33599135279655457,-0.10284081846475601,0.0,82.1179428100586,-85.69252014160156,0.0,,,0.46229004859924316,-0.21604155004024506,0.4884000015258789,0.0,0.5003950595855713,0.22062097489833832,0.4884000015258789,0.0,15,0,0,False,-0.005086,False,False
pass_diag_2026-09-18,15,15258,3,policy,17,,,,,,,,,,,,,,,0,,0.36336401104927063,-0.13140499591827393,0.0,79.24382019042969,-82.69328308105469,0.0,,,0.47191503643989563,-0.21604155004024506,0.5775,0.0,0.5100200176239014,0.22062097489833832,0.5775,0.0,15,0,0,False,-0.004361,False,False
pass_diag_2026-09-18,15,15258,4,policy,17,,,,,,,,,,,,,,,0,,0.38977861404418945,-0.15896941721439362,0.0,76.47028350830078,-79.79901885986328,0.0,,,0.48265379667282104,-0.21604155004024506,0.6443250274658203,0.0,0.5207588076591492,0.22062097489833832,0.6443250274658203,0.0,15,0,0,False,-0.004427,False,False
pass_diag_2026-09-18,15,15258,5,policy,17,,,,,,,,,,,,,,,0,,0.4152687191963196,-0.18556909263134003,0.0,73.7938232421875,-77.00605010986328,0.0,,,0.4942278563976288,-0.21604155004024506,0.6944437408447266,0.0,0.5323328375816345,0.22062097489833832,0.6944437408447266,0.0,15,0,0,False,-0.004513,False,False
pass_diag_2026-09-18,15,15258,6,policy,17,,,,,,,,,,,,,,,0,,0.43986666202545166,-0.21123778820037842,0.0,71.21104431152344,-74.31084442138672,0.0,,,0.5064284205436707,-0.21604155004024506,0.7320327758789062,0.0,0.544533371925354,0.22062097489833832,0.7320327758789062,0.0,15,0,0,False,-0.004642,False,False
pass_diag_2026-09-18,15,15258,7,policy,17,,,,,,,,,,,,,,,0,,0.463603675365448,-0.23600806295871735,0.0,68.7186508178711,-71.7099609375,0.0,,,0.5190988183021545,-0.21604155004024506,0.760224609375,0.0,0.5572038292884827,0.22062097489833832,0.760224609375,0.0,15,0,0,False,-0.004845,False,False
pass_diag_2026-09-18,15,15258,8,policy,17,,,,,,,,,,,,,,,0,,0.48650988936424255,-0.2599113881587982,0.0,66.3134994506836,-69.20011138916016,0.0,,,0.5321215987205505,-0.21604155004024506,0.7813684844970703,0.0,0.5702266097068787,0.22062097489833832,0.7813684844970703,0.0,15,0,0,False,-0.005086,False,False
pass_diag_2026-09-18,15,15258,9,policy,17,,,,,,,,,,,,,,,0,,0.5086143612861633,-0.2829780876636505,0.0,63.99252700805664,-66.77810668945312,0.0,,,0.5454087257385254,-0.21604155004024506,0.7972263336181641,0.0,0.5835137367248535,0.22062097489833832,0.7972263336181641,0.0,15,0,0,False,-0.005262,False,False
pass_diag_2026-09-18,15,15258,10,policy,17,,,,,,,,,,,,,,,0,,0.5299452543258667,-0.30523744225502014,0.0,61.75278854370117,-64.44087219238281,0.0,,,0.5588940382003784,-0.21604155004024506,0.8091197204589844,0.0,0.5969990491867065,0.22062097489833832,0.8091197204589844,0.0,15,0,0,False,-0.005348,False,False
pass_diag_2026-09-18,15,15258,11,policy,17,,,,,,,,,,,,,,,0,,0.5505294799804688,-0.326717734336853,0.0,59.5914421081543,-62.18544387817383,0.0,,,0.572528064250946,-0.21604155004024506,0.8180398559570312,0.0,0.6106330156326294,0.22062097489833832,0.8180398559570312,0.0,15,0,0,False,-0.005381,False,False
pass_diag_2026-09-18,15,15258,12,policy,17,,,,,,,,,,,,,,,0,,0.5703933238983154,-0.3474462330341339,0.0,57.505741119384766,-60.00895309448242,0.0,,,0.5862735509872437,-0.21604155004024506,0.8247298431396485,0.0,0.6243785619735718,0.22062097489833832,0.8247298431396485,0.0,15,0,0,False,-0.00539,False,False
pass_diag_2026-09-18,15,15258,13,policy,17,,,,,,,,,,,,,,,0,,0.5895618796348572,-0.36744922399520874,0.0,55.4930419921875,-57.90864181518555,0.0,,,0.6001026630401611,-0.21604155004024506,0.8297473907470703,0.0,0.6382076740264893,0.22062097489833832,0.8297473907470703,0.0,15,0,0,False,-0.005388,False,False
pass_diag_2026-09-18,15,15258,14,policy,17,,,,,,,,,,,,,,,0,,0.6080595850944519,-0.38675209879875183,0.0,53.550785064697266,-55.881839752197266,0.0,,,0.6139945387840271,-0.21604155004024506,0.8335105133056641,0.0,0.6520994901657104,0.22062097489833832,0.8335105133056641,0.0,15,0,0,False,-0.005381,False,False
pass_diag_2026-09-18,15,15258,15,policy,17,,,,,,,,,,,,,,,0,,0.6259098052978516,-0.40537938475608826,0.0,51.67650604248047,-53.92597579956055,0.0,,,0.6279333829879761,-0.21604155004024506,0.8363329315185547,0.0,0.6660383939743042,0.22062097489833832,0.8363329315185547,0.0,15,0,0,False,-0.005371,False,False
pass_diag_2026-09-18,15,15258,16,policy,2,,,,,,,,,,,,,,,10,out_of_bounds,0.6431353092193604,-0.3700000047683716,0.0,0.0,0.0,0.0,,,0.6358985304832458,-0.2185305655002594,0.47790874481201173,-0.1493409538269043,0.674003541469574,0.21813195943832397,0.47790874481201173,-0.1493409538269043,15,0,0,False,-0.004246,False,False
pass_diag_2026-09-18,15,15258,17,policy,2,,,,,,,,,,,,,,,0,,0.6431353092193604,-0.3700000047683716,0.0,0.0,0.0,0.0,,,0.6393833756446838,-0.2228863388299942,0.20909059524536133,-0.26134666442871096,0.677488386631012,0.21377618610858917,0.20909059524536133,-0.26134666442871096,15,0,0,False,-0.00491,False,False
pass_diag_2026-09-18,15,15258,18,policy,1,,,,,,,,,,,,,,,0,,0.6431353092193604,-0.3700000047683716,0.0,0.0,0.0,0.0,,,0.6384770274162292,-0.226153165102005,-0.05438205242156982,-0.1960099983215332,0.6765819787979126,0.21050935983657837,-0.05438205242156982,-0.1960099983215332,15,0,0,False,-0.004935,False,False
pass_diag_2026-09-18,15,15258,19,policy,5,,,,,,,,,,,,,,,0,,0.6431353092193604,-0.3700000047683716,0.0,0.0,0.0,0.0,,,0.6413172483444214,-0.2286033034324646,0.17041345596313476,-0.1470075035095215,0.6794222593307495,0.20805922150611877,0.17041345596313476,-0.1470075035095215,15,0,0,False,-0.00495,False,False
pass_diag_2026-09-18,15,15258,20,policy,4,,,,,,,,,,,,,,,0,,0.6431353092193604,-0.3700000047683716,0.0,0.0,0.0,0.0,,,0.6459364295005798,-0.23292990028858185,0.27715105056762696,-0.2595965766906738,0.684041440486908,0.20373262465000153,0.27715105056762696,-0.2595965766906738,15,0,0,False,-0.004914,False,False
pass_diag_2026-09-18,15,15258,21,policy,4,,,,,,,,,,,,,,,0,,0.6431353092193604,-0.3700000047683716,0.0,0.0,0.0,0.0,,,0.6518898010253906,-0.23866388201713562,0.3572042465209961,-0.34403839111328127,0.6899948120117188,0.19799864292144775,0.3572042465209961,-0.34403839111328127,15,0,0,False,-0.004891,False,False
pass_diag_2026-09-18,15,15258,22,policy,8,,,,,,,,,,,,,,,0,,0.6431353092193604,-0.3700000047683716,0.0,0.0,0.0,0.0,,,0.6538658738136292,-0.2404753416776657,0.11856222152709961,-0.10868783950805665,0.6919708847999573,0.19618718326091766,0.11856222152709961,-0.10868783950805665,15,0,0,False,-0.004967,False,False
pass_diag_2026-09-18,15,15258,23,policy,4,,,,,,,,,,,,,,,0,,0.6431353092193604,-0.3700000047683716,0.0,0.0,0.0,0.0,,,0.6578369140625,-0.24432295560836792,0.23826261520385741,-0.23085683822631836,0.6959419250488281,0.19233956933021545,0.23826261520385741,-0.23085683822631836,15,0,0,False,-0.004931,False,False
pass_diag_2026-09-18,15,15258,24,policy,4,,,,,,,,,,,,,,,0,,0.6431353092193604,-0.3700000047683716,0.0,0.0,0.0,0.0,,,0.6633042097091675,-0.24969768524169922,0.3280379104614258,-0.3224835586547852,0.7014092206954956,0.18696483969688416,0.3280379104614258,-0.3224835586547852,15,0,0,False,-0.004909,False,False
pass_diag_2026-09-18,15,15258,25,policy,2,,,,,,,,,,,,,,,0,,0.6431353092193604,-0.3700000047683716,0.0,0.0,0.0,0.0,,,0.6649156808853149,-0.25621774792671204,0.0966874885559082,-0.39120365142822267,0.7030206322669983,0.18044477701187134,0.0966874885559082,-0.39120365142822267,15,0,0,False,-0.004877,False,False
pass_diag_2026-09-18,15,15258,26,policy,5,,,,,,,,,,,,,,,0,,0.6431353092193604,-0.3700000047683716,0.0,0.0,0.0,0.0,,,0.6696442365646362,-0.26110780239105225,0.2837156105041504,-0.2934027290344238,0.7077492475509644,0.17555473744869232,0.2837156105041504,-0.2934027290344238,15,0,0,False,-0.004924,False,False
pass_diag_2026-09-18,15,15258,27,policy,1,,,,,,,,,,,,,,,0,,0.6431353092193604,-0.3700000047683716,0.0,0.0,0.0,0.0,,,0.6696707010269165,-0.2647753357887268,0.0015867112576961517,-0.22005205154418944,0.7077757120132446,0.17188720405101776,0.0015867112576961517,-0.22005205154418944,15,0,0,False,-0.004929,False,False
pass_diag_2026-09-18,15,15258,28,policy,1,,,,,,,,,,,,,,,0,,0.6431353092193604,-0.3700000047683716,0.0,0.0,0.0,0.0,,,0.6661705374717712,-0.26752597093582153,-0.21000997543334962,-0.16503902435302734,0.7042755484580994,0.16913655400276184,-0.21000997543334962,-0.16503902435302734,15,0,0,False,-0.00493,False,False
pass_diag_2026-09-18,15,15258,29,policy,5,,,,,,,,,,,,,,,0,,0.6431353092193604,-0.3700000047683716,0.0,0.0,0.0,0.0,,,0.6670653820037842,-0.2695889472961426,0.05369252681732178,-0.12377927780151367,0.7051703929901123,0.1670735627412796,0.05369252681732178,-0.12377927780151367,15,0,0,False,-0.004964,False,False
pass_diag_2026-09-18,15,15258,30,policy,1,,,,,,,,,,,,,,,15,pass_intercepted,0.6431353092193604,-0.3700000047683716,0.0,0.0,0.0,0.0,,,0.6642165780067444,-0.27113619446754456,-0.17093061447143554,-0.09283445358276367,0.7023215889930725,0.16552631556987762,-0.17093061447143554,-0.09283445358276367,15,0,0,False,-0.004957,True,False
pass_diag_2026-09-18,16,16267,0,forced,5,11,0.2175150215625763,0.007348806597292423,0.0,0.0,0.0,0.0,left_1,0.41740939021110535,-0.2248583287000656,0.4300089478492737,0.17185667157173157,0.7964929343511093,0.6046478359580554,5,pass,0.2523269057273865,0.03429936617612839,0.0,100.78043365478516,78.02186584472656,0.0,,,0.4209294021129608,-0.2248583287000656,0.211200008392334,0.0,0.43352892994880676,0.17185667157173157,0.211200008392334,0.0,15,0,0,False,-0.005,False,False
pass_diag_2026-09-18,16,16267,1,policy,18,,,,,,,,,,,,,,,0,,0.2859203815460205,0.06030665710568428,0.0,97.25312042236328,75.29110717773438,0.0,,,0.4270893931388855,-0.2248583287000656,0.36959999084472656,0.0,0.43968895077705383,0.17185667157173157,0.36959999084472656,0.0,15,0,0,False,-0.005793,False,False
pass_diag_2026-09-18,16,16267,2,policy,18,,,,,,,,,,,,,,,0,,0.3183380961418152,0.0854036882519722,0.0,93.84925842285156,72.65591430664062,0.0,,,0.4352293908596039,-0.2248583287000656,0.4884000015258789,0.0,0.4478289484977722,0.17185667157173157,0.4884000015258789,0.0,15,0,0,False,-0.005798,False,False
pass_diag_2026-09-18,16,16267,3,policy,18,,,,,,,,,,,,,,,0,,0.3496211767196655,0.10962232947349548,0.0,90.56453704833984,70.11296081542969,0.0,,,0.44485440850257874,-0.2248583287000656,0.5775,0.0,0.4574539363384247,0.17185667157173157,0.5775,0.0,15,0,0,False,-0.004806,False,False
pass_diag_2026-09-18,16,16267,4,policy,18,,,,,,,,,,,,,,,0,,0.37980934977531433,0.13299331068992615,0.0,87.394775390625,67.65900421142578,0.0,,,0.45559313893318176,-0.2248583287000656,0.6443250274658203,0.0,0.4681926965713501,0.17185667157173157,0.6443250274658203,0.0,15,0,0,False,-0.004441,False,False
pass_diag_2026-09-18,16,16267,5,policy,18,,,,,,,,,,,,,,,0,,0.4089409410953522,0.15554632246494293,0.0,84.3359603881836,65.29093933105469,0.0,,,0.4671672284603119,-0.2248583287000656,0.6944437408447266,0.0,0.47624674439430237,0.17537666857242584,0.4832437515258789,0.211200008392334,15,0,0,False,-0.004472,False,False
pass_diag_2026-09-18,16,16267,6,policy,18,,,,,,,,,,,,,,,0,,0.4370529353618622,0.17730996012687683,0.0,81.38420104980469,63.00575637817383,0.0,,,0.47936776280403137,-0.2248583287000656,0.7320327758789062,0.0,0.48228728771209717,0.18153665959835052,0.36243282318115233,0.36959999084472656,15,0,0,False,-0.004505,False,False
pass_diag_2026-09-18,16,16267,7,policy,18,,,,,,,,,,,,,,,14,pass_completed,0.46418100595474243,0.19831188023090363,0.0,78.53575134277344,60.80055618286133,0.0,left_3,,0.49203816056251526,-0.2248583287000656,0.760224609375,0.0,0.48681771755218506,0.1896766722202301,0.2718246078491211,0.4884000015258789,15,0,0,False,0.044859,False,False
pass_diag_2026-09-18,16,16267,8,policy,18,,,,,,,,,,,,,,,0,,0.4902155101299286,0.22430166602134705,0.0,9.836652755737305,27.8643741607666,0.0,left_3,,0.5050609707832336,-0.2248583287000656,0.7813684844970703,0.0,0.4902155101299286,0.19930166006088257,0.20386846542358397,0.5775,15,0,0,False,0.033394,False,False
pass_diag_2026-09-18,16,16267,9,policy,6,,,,,,,,,,,,,,,0,,0.5129305720329285,0.22668710350990295,0.0,14.58319091796875,28.10398292541504,0.0,left_3,,0.5173171162605286,-0.22236931324005127,0.7353672790527344,0.1493409538269043,0.4952528774738312,0.20900942385196686,0.3022422981262207,0.582465934753418,15,0,0,False,0.044856,False,False
pass_diag_2026-09-18,16,16267,10,policy,6,,,,,,,,,,,,,,,0,,0.5191975831985474,0.2364569455385208,0.0,18.14309310913086,28.283687591552734,0.0,left_3,,0.5289981961250305,-0.21801353991031647,0.7008663940429688,0.26134666442871096,0.5015199184417725,0.21877926588058472,0.3760226821899414,0.5861904144287109,15,0,0,False,0.026931,False,False
pass_diag_2026-09-18,16,16267,11,policy,6,,,,,,,,,,,,,,,0,,0.5263869166374207,0.24627333879470825,0.0,20.813020706176758,28.418466567993164,0.0,left_3,,0.5402480363845825,-0.21225768327713013,0.6749907684326172,0.3453509521484375,0.5087092518806458,0.22859567403793335,0.43135795593261717,0.5889837646484375,15,0,0,False,0.023313,False,False
pass_diag_2026-09-18,16,16267,12,policy,7,,,,,,,,,,,,,,,0,,0.5141012072563171,0.2644779682159424,0.0,15.609766006469727,31.504249572753906,0.0,left_3,,0.5486854314804077,-0.204420804977417,0.5062430953979492,0.4702132034301758,0.5141012072563171,0.2394779622554779,0.3235184860229492,0.6529378509521484,15,0,0,False,0.010301,False,False
pass_diag_2026-09-18,16,16267,13,policy,7,,,,,,,,,,,,,,,0,,0.5181452035903931,0.2761596739292145,0.0,11.707324981689453,33.81858825683594,0.0,left_3,,0.5550134778022766,-0.19502313435077667,0.37968231201171876,0.5638599014282226,0.5181452035903931,0.2511596977710724,0.24263885498046875,0.7009033966064453,15,0,0,False,0.017333,False,False
pass_diag_2026-09-18,16,16267,14,policy,7,,,,,,,,,,,,,,,0,,0.5211781859397888,0.2884409725666046,0.0,8.78049373626709,35.55434036254883,0.0,left_3,,0.5597594976425171,-0.18445488810539246,0.28476173400878907,0.6340949249267578,0.5211781859397888,0.26344096660614014,0.18197914123535155,0.7368775177001953,15,0,0,False,0.033196,False,False
pass_diag_2026-09-18,16,16267,15,policy,7,,,,,,,,,,,,,,,0,,0.5234529376029968,0.3011719584465027,0.0,6.585370063781738,36.85615539550781,0.0,left_3,,0.5633190274238586,-0.17300869524478912,0.2135713005065918,0.6867711639404297,0.5234529376029968,0.2761719524860382,0.13648435592651367,0.7638581085205078,15,0,0,False,0.023838,False,False
pass_diag_2026-09-18,16,16267,16,policy,3,,,,,,,,,,,,,,,0,,0.5251589417457581,0.2572001814842224,0.0,4.939027786254883,17.451717376708984,0.0,left_3,,0.5659886598587036,-0.1679440587759018,0.16017847061157225,0.3038784027099609,0.5251589417457581,0.2822001874446869,0.10236326217651368,0.3616936111450195,15,0,0,False,0.029105,False,False
pass_diag_2026-09-18,16,16267,17,policy,6,,,,,,,,,,,,,,,0,,0.5466051697731018,0.30688804388046265,0.0,10.909971237182617,20.29448890686035,0.0,left_3,,0.5704799294471741,-0.16165655851364136,0.2694748115539551,0.377249755859375,0.5289275050163269,0.28921034932136536,0.22611339569091796,0.4206111526489258,15,0,0,False,0.018587,False,False
pass_diag_2026-09-18,16,16267,18,policy,2,,,,,,,,,,,,,,,0,,0.5115872621536255,0.27430132031440735,0.0,0.9767777323722839,8.015165328979492,0.0,left_3,,0.5713593363761902,-0.15942995250225067,0.05276515483856201,0.13359636306762696,0.5292649269104004,0.29197898507118225,0.02024409770965576,0.1661174201965332,15,0,0,False,0.010001,False,False
pass_diag_2026-09-18,16,16267,19,policy,6,,,,,,,,,,,,,,,0,,0.5496846437454224,0.314222127199173,0.0,7.938284397125244,13.21707534790039,0.0,left_3,,0.5745078921318054,-0.1552709937095642,0.18891481399536134,0.24953823089599608,0.5320069789886475,0.29654446244239807,0.16452402114868164,0.2739290237426758,15,0,0,False,0.02553,False,False
pass_diag_2026-09-18,16,16267,20,policy,6,,,,,,,,,,,,,,,0,,0.5542302131652832,0.3201352655887604,0.0,13.159414291381836,17.118507385253906,0.0,left_3,,0.5793583393096924,-0.14966274797916412,0.2910270690917969,0.33649463653564454,0.5365525484085083,0.3024576008319855,0.2727339744567871,0.354787712097168,15,0,0,False,0.018563,False,False
pass_diag_2026-09-18,16,16267,21,policy,2,,,,,,,,,,,,,,,0,,0.5197950601577759,0.2867257595062256,0.0,2.6638596057891846,5.633179187774658,0.0,left_3,,0.5805071592330933,-0.1479455828666687,0.06892934799194336,0.10303001403808594,0.5374727249145508,0.3044034242630005,0.05520952701568604,0.11674983024597169,15,0,0,False,0.012008,False,False
pass_diag_2026-09-18,16,16267,22,policy,6,,,,,,,,,,,,,,,7,tackle,0.5313865542411804,0.30302414298057556,0.004999999888241291,34.357154846191406,48.30842971801758,14.844444274902344,left_3,,0.5838578343391418,-0.1441686898469925,0.20103796005249022,0.22661346435546875,0.5406518578529358,0.3083518147468567,0.19074810028076172,0.23690332412719728,15,0,0,False,0.017245,False,False
pass_diag_2026-09-18,16,16267,23,policy,6,,,,,,,,,,,,,,,0,,0.5632029175758362,0.3314797878265381,0.0,14.108397483825684,15.778639793395996,0.0,left_3,,0.5888597965240479,-0.1388470083475113,0.3001194190979004,0.31930105209350584,0.5455251932144165,0.3138021230697632,0.2924020195007324,0.3270184326171875,15,0,0,False,0.020179,False,False
pass_diag_2026-09-18,16,16267,24,policy,2,,,,,,,,,,,,,,,0,,0.5290135741233826,0.2977231740951538,0.0,3.3755972385406494,4.628279209136963,0.0,left_3,,0.5901222825050354,-0.13734474778175354,0.07574861526489257,0.09013483047485352,0.5466912388801575,0.3154008388519287,0.0699605655670166,0.09592288017272949,15,0,0,False,0.010569,False,False
pass_diag_2026-09-18,16,16267,25,policy,5,,,,,,,,,,,,,,,0,,0.5273990631103516,0.2964331805706024,0.0,-4.6740031242370605,-3.7344915866851807,0.0,left_3,,0.5885801315307617,-0.13870708644390106,-0.09252948760986328,-0.08173982620239258,0.5450767278671265,0.3141108453273773,-0.09687052726745606,-0.07739879131317139,15,0,0,False,0.014147,False,False
pass_diag_2026-09-18,16,16267,26,policy,5,,,,,,,,,,,,,,,0,,0.572385847568512,0.31314337253570557,0.0,6.6848978996276855,-2.8008687496185303,0.0,left_3,,0.5909435153007507,-0.1397288292646408,0.14180288314819336,-0.061304869651794436,0.5473858118057251,0.31314337253570557,0.13854710578918458,-0.058049092292785646,15,0,0,False,0.027977,False,False
pass_diag_2026-09-18,16,16267,27,policy,5,,,,,,,,,,,,,,,0,,0.5776376724243164,0.31241774559020996,0.0,15.204072952270508,-2.100651502609253,0.0,left_3,,0.5962360501289368,-0.14049513638019562,0.31755216598510744,-0.04597865104675293,0.5526376962661743,0.31241774559020996,0.31511032104492187,-0.04353682041168213,15,0,0,False,0.01599,False,False
pass_diag_2026-09-18,16,16267,28,policy,2,,,,,,,,,,,,,,,0,,0.536409854888916,0.2917068600654602,0.0,4.197353839874268,-8.781189918518066,0.0,left_3,,0.5977164506912231,-0.14355888962745667,0.08882316589355468,-0.18382493972778322,0.5540875196456909,0.3093845248222351,0.08699179649353027,-0.1819935607910156,15,0,0,False,0.002131,False,False
pass_diag_2026-09-18,16,16267,29,policy,5,,,,,,,,,,,,,,,0,,0.5836949348449707,0.30710962414741516,0.0,13.338415145874023,-6.585892200469971,0.0,left_3,,0.6023467183113098,-0.14585670828819275,0.2778173828125,-0.137868709564209,0.5586949586868286,0.30710962414741516,0.27644384384155274,-0.13649517059326172,15,0,0,False,0.02822,False,False
pass_diag_2026-09-18,16,16267,30,policy,2,,,,,,,,,,,,,,,0,,0.5419837832450867,0.28523674607276917,0.0,2.7981107234954834,-12.145119667053223,0.0,left_3,,0.6033304333686829,-0.15006907284259796,0.05902207851409912,-0.25274248123168946,0.5596614480018616,0.30291441082954407,0.05799193382263183,-0.25171234130859377,15,0,0,False,0.001623,False,False
pass_diag_2026-09-18,16,16267,31,policy,5,,,,,,,,,,,,,,,0,,0.5889063477516174,0.29976800084114075,0.0,12.288983345031738,-9.108839988708496,0.0,left_3,,0.6075881719589233,-0.15322835743427277,0.25546655654907224,-0.18955686569213867,0.5639063715934753,0.29976800084114075,0.2546939468383789,-0.18878425598144533,15,0,0,False,0.027896,False,False
pass_diag_2026-09-18,16,16267,32,policy,2,,,,,,,,,,,,,,,0,,0.5469233393669128,0.2772415280342102,0.0,2.0110363960266113,-14.037330627441406,0.0,left_3,,0.6082925200462341,-0.1580868363380432,0.04225896835327148,-0.2915085983276367,0.5646010041236877,0.2949191927909851,0.04167951107025147,-0.2909291458129883,15,0,0,False,0.004413,False,False
pass_diag_2026-09-18,16,16267,33,policy,5,,,,,,,,,,,,,,,0,,0.593641996383667,0.2912825644016266,0.0,11.698677062988281,-10.527997970581055,0.0,left_3,,0.6123407483100891,-0.16173069179058075,0.242894229888916,-0.21863143920898437,0.5686420202255249,0.2912825644016266,0.24245964050292967,-0.21819684982299806,15,0,0,False,0.027875,False,False
pass_diag_2026-09-18,16,16267,34,policy,2,,,,,,,,,,,,,,,0,,0.5515061020851135,0.26838842034339905,0.0,1.5683070421218872,-15.101699829101562,0.0,left_3,,0.6128879189491272,-0.16695261001586914,0.03282971620559692,-0.31331453323364256,0.5691837668418884,0.28606608510017395,0.03250377178192139,-0.31298858642578126,15,0,0,False,0.003653,False,False
pass_diag_2026-09-18,16,16267,35,policy,5,,,,,,,,,,,,,,,0,,0.5981100797653198,0.2821537256240845,0.0,11.366630554199219,-11.326274871826172,0.0,left_3,,0.6168183088302612,-0.17086903750896454,0.23582229614257813,-0.2349859046936035,0.573110044002533,0.2821537256240845,0.23557783126831056,-0.23474143981933593,15,0,0,False,0.027881,False,False
pass_diag_2026-09-18,16,16267,36,policy,2,,,,,,,,,,,,,,,0,,0.5558881163597107,0.2590527832508087,0.0,1.3192716836929321,-15.700407028198242,0.0,left_3,,0.6172770261764526,-0.17629536986351013,0.027525763511657714,-0.3255803680419922,0.5735657811164856,0.2767304480075836,0.027342419624328613,-0.32539703369140627,15,0,0,False,0.002938,False,False
pass_diag_2026-09-18,16,16267,37,policy,1,,,,,,,,,,,,,,,0,,0.5453875660896301,0.2726629972457886,0.0,-9.200945854187012,-11.775304794311523,0.0,left_3,,0.6141011118888855,-0.18036513030529022,-0.19055566787719727,-0.24418527603149415,0.5703875422477722,0.2726629972457886,-0.19069318771362304,-0.2440477752685547,15,0,0,False,0.006062,False,False
pass_diag_2026-09-18,16,16267,38,policy,5,,,,,,,,,,,,,,,0,,0.5965238809585571,0.2696124017238617,0.0,3.2896902561187744,-8.8314790725708,0.0,left_3,,0.6152392029762268,-0.1834174394607544,0.06828324317932129,-0.18313896179199218,0.5715238451957703,0.2696124017238617,0.06818011283874512,-0.18303583145141603,15,0,0,False,0.036082,False,False
pass_diag_2026-09-18,16,16267,39,policy,5,,,,,,,,,,,,,,,0,,0.6008961200714111,0.26732444763183594,0.0,12.657668113708496,-6.6236090660095215,0.0,left_3,,0.6196126937866211,-0.18570667505264282,0.2624124336242676,-0.13735422134399414,0.575896143913269,0.26732444763183594,0.26233509063720706,-0.13727687835693358,15,0,0,False,0.037453,False,False
pass_diag_2026-09-18,16,16267,40,policy,5,,,,,,,,,,,,,,,0,,0.6076953411102295,0.2656084895133972,0.0,19.683650970458984,-4.967706680297852,0.0,left_3,,0.6264128684997559,-0.18742361664772034,0.40800933837890624,-0.10301567077636718,0.5826953053474426,0.2656084895133972,0.4079513168334961,-0.10295765876770019,15,0,0,False,0.029512,False,False
pass_diag_2026-09-18,16,16267,41,policy,2,,,,,,,,,,,,,,,0,,0.567628026008606,0.24415482580661774,0.0,7.557037353515625,-10.93148136138916,0.0,left_3,,0.6290239691734314,-0.19120031595230103,0.15666604042053223,-0.2266027069091797,0.5853056907653809,0.26183250546455383,0.15662253379821778,-0.22655920028686524,15,0,0,False,0.001929,False,False
pass_diag_2026-09-18,16,16267,42,policy,5,,,,,,,,,,,,,,,0,,0.6157834529876709,0.2590005099773407,0.0,15.85817813873291,-8.19861125946045,0.0,left_3,,0.6345022916793823,-0.19403286278247833,0.3286995315551758,-0.16995203018188476,0.5907834768295288,0.2590005099773407,0.3286669158935547,-0.16991939544677734,15,0,0,False,0.038912,False,False
pass_diag_2026-09-18,16,16267,43,policy,5,,,,,,,,,,,,,,,0,,0.6234118342399597,0.25687652826309204,0.0,22.084033966064453,-6.148958206176758,0.0,left_3,,0.6421310305595398,-0.19615726172924042,0.45772464752197267,-0.12746401786804198,0.5984117984771729,0.25687652826309204,0.45770015716552737,-0.127439546585083,15,0,0,False,0.023753,False,False
pass_diag_2026-09-18,16,16267,44,policy,2,,,,,,,,,,,,,,,0,,0.5839663743972778,0.2351168394088745,0.0,9.35732364654541,-11.81742000579834,0.0,left_3,,0.6453635692596436,-0.20023956894874573,0.19395254135131837,-0.24493896484375,0.6016440391540527,0.2527945041656494,0.19393417358398438,-0.24492061614990235,15,0,0,False,0.002008,False,False
pass_diag_2026-09-18,16,16267,45,policy,1,,,,,,,,,,,,,,,0,,0.5755482316017151,0.24973300099372864,0.0,-3.1724069118499756,-8.863064765930176,0.0,left_3,,0.6442679762840271,-0.2033013105392456,-0.06573559761047364,-0.1837042236328125,0.6005482077598572,0.24973300099372864,-0.06574936389923096,-0.1836904525756836,15,0,0,False,0.005449,False,False
pass_diag_2026-09-18,16,16267,46,policy,5,,,,,,,,,,,,,,,0,,0.6282463669776917,0.24743686616420746,0.0,7.811094760894775,-6.647298336029053,0.0,left_3,,0.646966278553009,-0.20559760928153992,0.16189830780029296,-0.13777816772460938,0.6032463312149048,0.24743686616420746,0.16188796997070312,-0.13776784896850586,15,0,0,False,0.041365,False,False
pass_diag_2026-09-18,16,16267,47,policy,1,,,,,,,,,,,,,,,0,,0.5767499804496765,0.24571476876735687,0.0,-4.33207893371582,-4.9854736328125,0.0,left_3,,0.6454700231552124,-0.20731984078884125,-0.08977627754211426,-0.10333362579345703,0.6017499566078186,0.24571476876735687,-0.08978402137756347,-0.1033258819580078,15,0,0,False,-0.008916,False,False
pass_diag_2026-09-18,16,16267,48,policy,5,,,,,,,,,,,,,,,0,,0.6291476488113403,0.24442319571971893,0.0,6.941340923309326,-3.739105463027954,0.0,left_3,,0.6478677988052368,-0.20861150324344635,0.1438677978515625,-0.07750021934509277,0.6041476726531982,0.24442319571971893,0.1438619899749756,-0.07749441146850586,15,0,0,False,0.039872,False,False
pass_diag_2026-09-18,16,16267,49,policy,1,,,,,,,,,,,,,,,0,,0.5774258971214294,0.24345451593399048,0.0,-4.984394550323486,-2.8043291568756104,0.0,left_3,,0.6461461782455444,-0.20958025753498077,-0.10329915046691894,-0.05812516689300537,0.6024259328842163,0.24345451593399048,-0.10330350875854492,-0.058120808601379394,15,0,0,False,-0.00949,False,False
pass_diag_2026-09-18,16,16267,50,policy,5,,,,,,,,,,,,,,,0,,0.6296546459197998,0.24272800981998444,0.0,6.452104091644287,-2.1032466888427734,0.0,left_3,,0.6483749151229858,-0.2103068232536316,0.1337256336212158,-0.04359387397766113,0.6046546101570129,0.24272800981998444,0.13372236251831054,-0.043590607643127444,15,0,0,False,-0.461218,False,True
pass_diag_2026-09-18,17,17276,0,forced,5,11,0.17256630957126617,0.018632538616657257,0.0,0.0,0.0,0.0,left_1,0.4905058741569519,-0.19868673384189606,0.49193665385246277,0.2459288090467453,0.8288159690777894,-0.5595213037960619,5,pass,0.20891208946704865,-0.006210668012499809,0.0,105.22103118896484,-71.92108154296875,0.0,,,0.4940258860588074,-0.19868673384189606,0.211200008392334,0.0,0.49545666575431824,0.2459288090467453,0.211200008392334,0.0,15,0,0,False,-0.005,False,False
pass_diag_2026-09-18,17,17276,1,policy,7,,,,,,,,,,,,,,,0,,0.24398575723171234,-0.030184362083673477,0.0,101.53829956054688,-69.40384674072266,0.0,left_1,,0.4966658651828766,-0.19516673684120178,0.1584000015258789,0.211200008392334,0.49809664487838745,0.24944882094860077,0.1584000015258789,0.211200008392334,18,1,1,True,0.052887,False,False
pass_diag_2026-09-18,17,17276,2,policy,7,,,,,,,,,,,,,,,0,,0.24559886753559113,0.009950834326446056,0.0,0.0,17.833200454711914,0.0,left_1,,0.4986458718776703,-0.1890067309141159,0.11880000114440918,0.36959999084472656,0.5000766515731812,0.25560882687568665,0.11880000114440918,0.36959999084472656,18,1,1,True,0.02697,False,False
pass_diag_2026-09-18,17,17276,3,policy,3,,,,,,,,,,,,,,,0,,0.24559886753559113,-0.03894916549324989,0.0,0.0,3.184499979019165,0.0,left_1,,0.5001308917999268,-0.18790674209594727,0.08909999847412109,0.06599999904632568,0.5015616416931152,0.2567088007926941,0.08909999847412109,0.06599999904632568,18,1,1,True,0.025744,False,False
pass_diag_2026-09-18,17,17276,4,policy,1,,,,,,,,,,,,,,,0,,0.21707887947559357,-0.013124166056513786,0.0,-10.190400123596191,2.3883750438690186,0.0,left_1,,0.49772462248802185,-0.1870817393064499,-0.144375,0.04949999809265137,0.4991554021835327,0.25753381848335266,-0.144375,0.04949999809265137,18,1,1,True,0.008508,False,False
pass_diag_2026-09-18,17,17276,5,policy,5,,,,,,,,,,,,,,,0,,0.2679588794708252,-0.012505415827035904,0.0,2.547600030899048,1.7912812232971191,0.0,left_1,,0.49943992495536804,-0.18646298348903656,0.10291874885559082,0.03712500095367432,0.5008707046508789,0.258152574300766,0.10291874885559082,0.03712500095367432,18,1,1,True,0.045442,False,False
pass_diag_2026-09-18,17,17276,6,policy,1,,,,,,,,,,,,,,,0,,0.21509887278079987,-0.01204135362058878,0.0,-8.27970027923584,1.3434609174728394,0.0,left_1,,0.4972064197063446,-0.18599891662597656,-0.1340109348297119,0.02784374952316284,0.49863719940185547,0.2586166262626648,-0.1340109348297119,0.02784374952316284,18,1,1,True,-0.008006,False,False
pass_diag_2026-09-18,17,17276,7,policy,5,,,,,,,,,,,,,,,0,,0.2664738893508911,-0.01169330719858408,0.0,3.9806249141693115,1.0075956583023071,0.0,left_1,,0.4990512728691101,-0.18565087020397186,0.11069179534912109,0.020882811546325684,0.5004820823669434,0.2589646875858307,0.11069179534912109,0.020882811546325684,18,1,1,True,0.042935,False,False
pass_diag_2026-09-18,17,17276,8,policy,1,,,,,,,,,,,,,,,0,,0.2139851301908493,-0.01143227145075798,0.0,-7.204931259155273,0.7556967735290527,0.0,left_1,,0.49691492319107056,-0.18538984656333923,-0.12818115234375,0.015662109851837157,0.4983457028865814,0.2592256963253021,-0.12818115234375,0.015662109851837157,18,1,1,True,-0.0099,False,False
pass_diag_2026-09-18,17,17276,9,policy,5,,,,,,,,,,,,,,,0,,0.2656385600566864,-0.011236495338380337,0.0,4.786701679229736,0.5667725801467896,0.0,left_1,,0.49883267283439636,-0.18519406020641327,0.11506413459777833,0.011746581792831421,0.5002634525299072,0.2594214975833893,0.11506413459777833,0.011746581792831421,18,1,1,True,0.041432,False,False
pass_diag_2026-09-18,17,17276,10,policy,1,,,,,,,,,,,,,,,0,,0.21335864067077637,-0.01108966302126646,0.0,-6.6003737449646,0.42507943511009216,0.0,left_1,,0.49675098061561584,-0.1850472390651703,-0.1249018955230713,0.008809936642646789,0.4981817603111267,0.25956830382347107,-0.1249018955230713,0.008809936642646789,18,1,1,True,-0.011136,False,False
pass_diag_2026-09-18,17,17276,11,policy,5,,,,,,,,,,,,,,,0,,0.265168696641922,-0.010979538783431053,0.0,5.240119457244873,0.3188095688819885,0.0,left_1,,0.49870970845222473,-0.18493710458278656,0.11752357482910156,0.006607452630996704,0.5001404881477356,0.259678453207016,0.11752357482910156,0.006607452630996704,18,1,1,True,0.04039,False,False
pass_diag_2026-09-18,17,17276,12,policy,1,,,,,,,,,,,,,,,0,,0.21300624310970306,-0.010896945372223854,0.0,-6.260310173034668,0.2391071766614914,0.0,left_1,,0.4966587424278259,-0.18485450744628906,-0.12305731773376465,0.0049555891752243045,0.4980895221233368,0.2597610354423523,-0.12305731773376465,0.0049555891752243045,18,1,1,True,-0.012033,False,False
pass_diag_2026-09-18,17,17276,13,policy,5,,,,,,,,,,,,,,,0,,0.2649044096469879,-0.010835000313818455,0.0,5.495167255401611,0.17933039367198944,0.0,left_1,,0.4986405372619629,-0.18479256331920624,0.11890701293945312,0.0037166920304298402,0.5000712871551514,0.2598229646682739,0.11890701293945312,0.0037166920304298402,18,1,1,True,0.039607,False,False
pass_diag_2026-09-18,17,17276,14,policy,1,,,,,,,,,,,,,,,0,,0.2128080129623413,-0.010788542218506336,0.0,-6.069024562835693,0.13449779152870178,0.0,left_1,,0.49660685658454895,-0.18474611639976501,-0.12201973915100098,0.002787519097328186,0.4980376362800598,0.25986942648887634,-0.12201973915100098,0.002787519097328186,18,1,1,True,-0.012725,False,False
pass_diag_2026-09-18,17,17276,15,policy,5,,,,,,,,,,,,,,,0,,0.2647557258605957,-0.010753697715699673,0.0,5.638631820678711,0.10087334364652634,0.0,left_1,,0.49860161542892456,-0.1847112625837326,0.1196851921081543,0.0020906391739845278,0.5000324249267578,0.25990429520606995,0.1196851921081543,0.0020906391739845278,18,1,1,True,0.038989,False,False
pass_diag_2026-09-18,17,17276,16,policy,1,,,,,,,,,,,,,,,0,,0.21269652247428894,-0.010727564804255962,0.0,-5.961426258087158,0.0756550058722496,0.0,left_1,,0.4965776801109314,-0.1846851408481598,-0.12143610000610351,0.0015679794549942018,0.49800845980644226,0.25993040204048157,-0.12143610000610351,0.0015679794549942018,18,1,1,True,-0.033281,False,False
pass_diag_2026-09-18,17,17276,17,policy,5,,,,,,,,,,,,,,,0,,0.26467210054397583,-0.01070796512067318,0.0,5.719330310821533,0.05674125626683235,0.0,left_1,,0.498579740524292,-0.1846655309200287,0.1201229190826416,0.0011759845912456513,0.5000104904174805,0.25995001196861267,0.1201229190826416,0.0011759845912456513,18,1,1,True,0.018485,False,False
pass_diag_2026-09-18,17,17276,18,policy,1,,,,,,,,,,,,,,,7,tackle,0.24467432498931885,-0.011006027460098267,0.004999999888241291,-59.27341842651367,-0.8834547996520996,14.844444274902344,left_1,,0.4965612590312958,-0.18465083837509155,-0.12110780715942383,0.0008819884061813354,0.49799203872680664,0.2599647045135498,-0.12110780715942383,0.0008819884061813354,18,1,1,True,-0.117365,False,False
pass_diag_2026-09-18,17,17276,19,policy,1,,,,,,,,,,,,,,,0,,0.20758506655693054,-0.010682241059839725,0.0,-14.616076469421387,0.03191695734858513,0.0,left_1,,0.49152740836143494,-0.1846398115158081,-0.3020308494567871,0.0006614913046360016,0.4929581880569458,0.25997573137283325,-0.3020308494567871,0.0006614913046360016,18,1,1,True,-0.026829,False,False
pass_diag_2026-09-18,17,17276,20,policy,5,,,,,,,,,,,,,,,0,,0.25731852650642395,-0.010673971846699715,0.0,-0.7716575264930725,0.023937717080116272,0.0,left_1,,0.4912720322608948,-0.18463154137134552,-0.015323143005371093,0.0004961184784770012,0.49270281195640564,0.25998401641845703,-0.015323143005371093,0.0004961184784770012,18,1,1,True,0.016747,False,False
pass_diag_2026-09-18,17,17276,21,policy,1,,,,,,,,,,,,,,,0,,0.20359860360622406,-0.01066777016967535,0.0,-10.769143104553223,0.017953287810087204,0.0,left_1,,0.4875604808330536,-0.18462534248828888,-0.22269235610961913,0.00037208884954452513,0.48899126052856445,0.25999021530151367,-0.22269235610961913,0.00037208884954452513,18,1,1,True,-0.035149,False,False
pass_diag_2026-09-18,17,17276,22,policy,5,,,,,,,,,,,,,,,0,,0.2543286681175232,-0.01066311914473772,0.0,2.1135425567626953,0.013464965857565403,0.0,left_1,,0.48829683661460876,-0.1846206933259964,0.04418073177337647,0.00027906665578484533,0.48972761631011963,0.25999486446380615,0.04418073177337647,0.00027906665578484533,18,1,1,True,0.016909,False,False
pass_diag_2026-09-18,17,17276,23,policy,1,,,,,,,,,,,,,,,0,,0.20135623216629028,-0.010659631341695786,0.0,-8.605242729187012,0.010098724626004696,0.0,left_1,,0.4853290915489197,-0.18461720645427704,-0.1780644416809082,0.0002092999964952469,0.48675987124443054,0.2599983513355255,-0.1780644416809082,0.0002092999964952469,18,1,1,True,-0.035088,False,False
pass_diag_2026-09-18,17,17276,24,policy,5,,,,,,,,,,,,,,,0,,0.25264689326286316,-0.01065701525658369,0.0,3.7364678382873535,0.007574043236672878,0.0,left_1,,0.48662328720092773,-0.18461458384990692,0.07765166282653808,0.00015697499737143516,0.4880540668964386,0.26000097393989563,0.07765166282653808,0.00015697499737143516,18,1,1,True,0.016898,False,False
pass_diag_2026-09-18,17,17276,25,policy,1,,,,,,,,,,,,,,,0,,0.20009487867355347,-0.010655052959918976,0.0,-7.388049125671387,0.005680532660335302,0.0,left_1,,0.4840739369392395,-0.18461261689662933,-0.15296125411987305,0.00011773124337196351,0.48550471663475037,0.2600029408931732,-0.15296125411987305,0.00011773124337196351,18,1,1,True,-0.03515,False,False
pass_diag_2026-09-18,17,17276,26,policy,5,,,,,,,,,,,,,,,0,,0.25170087814331055,-0.010653581470251083,0.0,4.649363040924072,0.004260399378836155,0.0,left_1,,0.4856819212436676,-0.18461115658283234,0.09647906303405762,8.829843252897263e-05,0.48711270093917847,0.2600044012069702,0.09647906303405762,8.829843252897263e-05,18,1,1,True,0.016801,False,False
pass_diag_2026-09-18,17,17276,27,policy,1,,,,,,,,,,,,,,,0,,0.1993853747844696,-0.01065247692167759,0.0,-6.703377723693848,0.003195299534127116,0.0,left_1,,0.483367919921875,-0.1846100389957428,-0.1388407039642334,6.622382439672946e-05,0.48479869961738586,0.26000550389289856,-0.1388407039642334,6.622382439672946e-05,18,1,1,True,-0.011155,False,False
pass_diag_2026-09-18,17,17276,28,policy,5,,,,,,,,,,,,,,,0,,0.25116875767707825,-0.010651649907231331,0.0,5.162866592407227,0.0023964745923876762,0.0,left_1,,0.48515239357948303,-0.18460921943187714,0.10706947326660156,4.966786596924066e-05,0.4865831732749939,0.2600063383579254,0.10706947326660156,4.966786596924066e-05,18,1,1,True,0.016773,False,False
pass_diag_2026-09-18,17,17276,29,policy,1,,,,,,,,,,,,,,,0,,0.19898627698421478,-0.010651028715074062,0.0,-6.3182501792907715,0.0017973559442907572,0.0,left_1,,0.4829707741737366,-0.184608593583107,-0.13089789390563966,3.7250900641083716e-05,0.48440155386924744,0.26000696420669556,-0.13089789390563966,3.7250900641083716e-05,18,1,1,True,-0.019876,False,False
pass_diag_2026-09-18,17,17276,30,policy,5,,,,,,,,,,,,,,,0,,0.25086942315101624,-0.010650563053786755,0.0,5.451712608337402,0.0013480170164257288,0.0,left_1,,0.4848545491695404,-0.18460813164710999,0.11302658081054688,2.793817548081279e-05,0.48628532886505127,0.26000741124153137,0.11302658081054688,2.793817548081279e-05,18,1,1,True,0.016713,False,False
pass_diag_2026-09-18,17,17276,31,policy,1,,,,,,,,,,,,,,,0,,0.19876179099082947,-0.010650213807821274,0.0,-6.1016154289245605,0.0010110127041116357,0.0,left_1,,0.4827473759651184,-0.18460778892040253,-0.12643006324768066,2.0953631028532983e-05,0.4841781556606293,0.2600077688694,-0.12643006324768066,2.0953631028532983e-05,18,1,1,True,-0.023731,False,False
pass_diag_2026-09-18,17,17276,32,policy,5,,,,,,,,,,,,,,,0,,0.25070106983184814,-0.010649952106177807,0.0,5.614188194274902,0.0007582595571875572,0.0,left_1,,0.4846870005130768,-0.18460752069950104,0.11637744903564454,1.5715224435552955e-05,0.48611778020858765,0.2600080370903015,0.11637744903564454,1.5715224435552955e-05,18,1,1,True,0.016637,False,False
pass_diag_2026-09-18,17,17276,33,policy,1,,,,,,,,,,,,,,,0,,0.1986355185508728,-0.010649755597114563,0.0,-5.9797587394714355,0.0005686946678906679,0.0,left_1,,0.4826217293739319,-0.18460732698440552,-0.12391691207885742,1.1786418035626411e-05,0.48405250906944275,0.26000821590423584,-0.12391691207885742,1.1786418035626411e-05,18,1,1,True,-0.02603,False,False
pass_diag_2026-09-18,17,17276,34,policy,5,,,,,,,,,,,,,,,0,,0.25060635805130005,-0.010649608448147774,0.0,5.705580711364746,0.00042652100091800094,0.0,left_1,,0.4845927655696869,-0.18460717797279358,0.11826231956481933,8.839813526719808e-06,0.48602354526519775,0.2600083649158478,0.11826231956481933,8.839813526719808e-06,18,1,1,True,0.016554,False,False
pass_diag_2026-09-18,17,17276,35,policy,1,,,,,,,,,,,,,,,0,,0.19856448471546173,-0.010649497620761395,0.0,-5.911214351654053,0.0003198907361365855,0.0,left_1,,0.48255103826522827,-0.18460707366466522,-0.1225032615661621,6.629860145039857e-06,0.48398181796073914,0.26000848412513733,-0.1225032615661621,6.629860145039857e-06,18,1,1,True,-0.027602,False,False
pass_diag_2026-09-18,17,17276,36,policy,5,,,,,,,,,,,,,,,0,,0.25055307149887085,-0.010649414733052254,0.0,5.756989479064941,0.00023991806665435433,0.0,left_1,,0.4845397472381592,-0.18460698425769806,0.11932254791259765,4.972395254299045e-06,0.48597052693367004,0.2600085735321045,0.11932254791259765,4.972395254299045e-06,18,1,1,True,0.016469,False,False
pass_diag_2026-09-18,17,17276,37,policy,1,,,,,,,,,,,,,,,0,,0.19852453470230103,-0.010649352334439754,0.0,-5.8726582527160645,0.00017993854999076575,0.0,left_1,,0.4825112819671631,-0.18460692465305328,-0.12170808792114257,3.7292964407242833e-06,0.48394206166267395,0.26000863313674927,-0.12170808792114257,3.7292964407242833e-06,18,1,1,True,-0.028764,False,False
pass_diag_2026-09-18,17,17276,38,policy,5,,,,,,,,,,,,,,,0,,0.2505231201648712,-0.010649305768311024,0.0,5.7859063148498535,0.0001349539088550955,0.0,left_1,,0.4845099151134491,-0.1846068799495697,0.11991893768310546,2.796972112264484e-06,0.48594072461128235,0.26000866293907166,0.11991893768310546,2.796972112264484e-06,18,1,1,True,0.016385,False,False
pass_diag_2026-09-18,17,17276,39,policy,5,,,,,,,,,,,,,,,0,,0.2555420696735382,-0.010649271309375763,0.0,14.529829978942871,0.00010121543164132163,0.0,left_1,,0.48952892422676086,-0.18460683524608612,0.30113920211791995,2.0977291569579394e-06,0.49095970392227173,0.26000872254371643,0.30113920211791995,2.0977291569579394e-06,18,1,1,True,-0.007187,False,False
pass_diag_2026-09-18,17,17276,40,policy,17,,,,,,,,,,,,,,,0,,0.26282626390457153,-0.010649245232343674,0.0,21.087772369384766,7.591157191200182e-05,0.0,left_1,,0.4968131482601166,-0.18460682034492493,0.43705440521240235,1.5732969040982425e-06,0.49824392795562744,0.26000872254371643,0.43705440521240235,1.5732969040982425e-06,18,1,1,True,-0.006136,False,False
pass_diag_2026-09-18,17,17276,41,policy,17,,,,,,,,,,,,,,,0,,0.2718094289302826,-0.010649224743247032,0.0,26.006229400634766,5.693368075299077e-05,0.0,left_1,,0.5057963132858276,-0.18460679054260254,0.5389907836914063,1.1799726780736818e-06,0.5072271227836609,0.2600087523460388,0.5389907836914063,1.1799726780736818e-06,18,1,1,True,-0.005364,False,False
pass_diag_2026-09-18,17,17276,42,policy,7,,,,,,,,,,,,,,,0,,0.2535467743873596,0.017870789393782616,0.0,19.504671096801758,10.19044303894043,0.0,left_1,,0.5125337243080139,-0.18108677864074707,0.40424308776855467,0.21120088577270507,0.5139644742012024,0.2635287642478943,0.40424308776855467,0.21120088577270507,18,1,1,True,-0.019128,False,False
pass_diag_2026-09-18,17,17276,43,policy,7,,,,,,,,,,,,,,,0,,0.25859981775283813,0.02403080090880394,0.0,14.628503799438477,17.833232879638672,0.0,left_1,,0.5175867676734924,-0.1749267727136612,0.3031823348999023,0.3696006774902344,0.5165285468101501,0.26367977261543274,0.15384137153625488,0.009059711694717407,18,1,1,True,-0.007561,False,False
pass_diag_2026-09-18,17,17276,44,policy,2,,,,,,,,,,,,,,,0,,0.2422228902578354,-0.016515877097845078,0.0,3.765676975250244,6.169223308563232,0.0,left_1,,0.5188875198364258,-0.17279577255249023,0.07804579257965089,0.12785954475402833,0.515962541103363,0.26130399107933044,-0.03395992279052734,-0.14254616737365722,18,1,1,True,-0.018152,False,False
pass_diag_2026-09-18,17,17276,45,policy,2,,,,,,,,,,,,,,,0,,0.24070943892002106,-0.01740664802491665,0.0,-4.381443023681641,-2.5787837505340576,0.0,left_1,,0.5173740983009338,-0.17368654906749725,-0.09080660820007325,-0.053446292877197266,0.5130490064620972,0.2570331394672394,-0.17481088638305664,-0.25625057220458985,18,1,1,True,-0.0109,False,False
pass_diag_2026-09-18,17,17276,46,policy,5,,,,,,,,,,,,,,,0,,0.28577202558517456,-0.0003970570978708565,0.0,6.904317855834961,-1.9340877532958984,0.0,left_1,,0.5197589993476868,-0.17435462772846222,0.14309504508972168,-0.04008471965789795,0.514383852481842,0.2538300156593323,0.08009182929992675,-0.19218793869018555,18,1,1,True,0.012435,False,False
pass_diag_2026-09-18,17,17276,47,policy,2,,,,,,,,,,,,,,,0,,0.24239401519298553,-0.021064801141619682,0.0,-2.0274627208709717,-8.656267166137695,0.0,left_1,,0.5190586447715759,-0.1773446947336197,-0.04201966762542725,-0.17940448760986327,0.5128960013389587,0.248938649892807,-0.08927207946777344,-0.2934819030761719,18,1,1,True,-0.019515,False,False
pass_diag_2026-09-18,17,17276,48,policy,5,,,,,,,,,,,,,,,0,,0.28806644678115845,-0.005629688035696745,0.0,8.66980266571045,-6.492199897766113,0.0,left_1,,0.5220534205436707,-0.179587259888649,0.1796852493286133,-0.13455336570739745,0.5153000950813293,0.24527013301849365,0.14424593925476073,-0.2201114273071289,18,1,1,True,0.012715,False,False
pass_diag_2026-09-18,17,17276,49,policy,2,,,,,,,,,,,,,,,0,,0.24514581263065338,-0.0274782907217741,0.0,-0.703348696231842,-12.074851036071777,0.0,left_1,,0.5218104720115662,-0.1837581843137741,-0.01457701563835144,-0.25025598526000975,0.5146141648292542,0.2400297224521637,-0.041156497001647946,-0.3144245147705078,18,1,1,True,-0.021699,False,False
pass_diag_2026-09-18,17,17276,50,policy,5,,,,,,,,,,,,,,,0,,0.29116126894950867,-0.01292882114648819,0.0,9.662888526916504,-9.056138038635254,0.0,left_1,,0.5251482725143433,-0.18688638508319855,0.20026723861694337,-0.1876919937133789,0.5176197290420532,0.23609942197799683,0.18033262252807616,-0.23581838607788086,18,1,1,True,-0.487116,False,True
pass_diag_2026-09-18,18,18285,0,forced,5,11,0.19489915668964386,-0.049670521169900894,0.0,0.0,0.0,0.0,left_1,0.4647296369075775,-0.19186529517173767,0.45869073271751404,0.1829243153333664,0.8875563733971593,-0.46069912528903534,5,pass,0.23384705185890198,-0.07019521296024323,0.0,112.7541275024414,-59.41897201538086,0.0,,,0.4682496190071106,-0.19186529517173767,0.211200008392334,0.0,0.4622107148170471,0.1829243153333664,0.211200008392334,0.0,15,0,0,False,-0.005,False,False
pass_diag_2026-09-18,18,18285,1,policy,7,,,,,,,,,,,,,,,0,,0.27143174409866333,-0.09000153094530106,0.0,108.8077392578125,-57.33930587768555,0.0,,,0.4708896279335022,-0.1883452981710434,0.1584000015258789,0.211200008392334,0.4648507237434387,0.18644431233406067,0.1584000015258789,0.211200008392334,15,0,0,False,-0.005879,False,False
pass_diag_2026-09-18,18,18285,2,policy,7,,,,,,,,,,,,,,,0,,0.3077009916305542,-0.1091146320104599,0.0,104.99946594238281,-55.33243179321289,0.0,,,0.4728696346282959,-0.1821853071451187,0.11880000114440918,0.36959999084472656,0.4668307304382324,0.19260431826114655,0.11880000114440918,0.36959999084472656,15,0,0,False,-0.005878,False,False
pass_diag_2026-09-18,18,18285,3,policy,17,,,,,,,,,,,,,,,0,,0.3427008092403412,-0.12755878269672394,0.0,101.3244857788086,-53.39579391479492,0.0,,,0.47435462474823,-0.17404529452323914,0.08909999847412109,0.4884000015258789,0.4683157205581665,0.20074431598186493,0.08909999847412109,0.4884000015258789,15,0,0,False,-0.004976,False,False
pass_diag_2026-09-18,18,18285,4,policy,17,,,,,,,,,,,,,,,0,,0.37647566199302673,-0.14535737037658691,0.0,97.77812957763672,-51.52694320678711,0.0,,,0.47546836733818054,-0.16442030668258667,0.06682499885559082,0.5775,0.46942946314811707,0.2103693187236786,0.06682499885559082,0.5775,15,0,0,False,-0.004224,False,False
pass_diag_2026-09-18,18,18285,5,policy,17,,,,,,,,,,,,,,,0,,0.40906834602355957,-0.16253302991390228,0.0,94.35589599609375,-49.7234992980957,0.0,,,0.47630369663238525,-0.15368154644966125,0.050118751525878906,0.6443250274658203,0.4702647924423218,0.2211080640554428,0.050118751525878906,0.6443250274658203,15,0,0,False,-0.00434,False,False
pass_diag_2026-09-18,18,18285,6,policy,17,,,,,,,,,,,,,,,0,,0.440520316362381,-0.17910753190517426,0.0,91.05343627929688,-47.983177185058594,0.0,,,0.476930171251297,-0.14210748672485352,0.03758906364440918,0.6944437408447266,0.4708912670612335,0.23268212378025055,0.03758906364440918,0.6944437408447266,15,0,0,False,-0.004682,False,False
pass_diag_2026-09-18,18,18285,7,policy,17,,,,,,,,,,,,,,,0,,0.4708714783191681,-0.19510191679000854,0.0,87.86656951904297,-46.30376434326172,0.0,,,0.4774000346660614,-0.12990693747997284,0.028191797733306885,0.7320327758789062,0.4713611304759979,0.24488267302513123,0.028191797733306885,0.7320327758789062,15,0,0,False,-0.005272,False,False
pass_diag_2026-09-18,18,18285,8,policy,17,,,,,,,,,,,,,,,0,,0.5001603364944458,-0.21053650975227356,0.0,84.7912368774414,-44.683135986328125,0.0,,,0.4777524471282959,-0.11723653227090836,0.02114384651184082,0.760224609375,0.4717135429382324,0.2575530707836151,0.02114384651184082,0.760224609375,15,0,0,False,-0.005609,False,False
pass_diag_2026-09-18,18,18285,9,policy,17,,,,,,,,,,,,,,,0,,0.528424084186554,-0.22543089091777802,0.0,81.82353973388672,-43.119224548339844,0.0,,,0.47801673412323,-0.10421372205018997,0.01585788607597351,0.7813684844970703,0.4719778299331665,0.2705758810043335,0.01585788607597351,0.7813684844970703,15,0,0,False,-0.005707,False,False
pass_diag_2026-09-18,18,18285,10,policy,17,,,,,,,,,,,,,,,0,,0.555698573589325,-0.2398039549589157,0.0,78.959716796875,-41.610050201416016,0.0,,,0.47821494936943054,-0.09092661738395691,0.01189341425895691,0.7972263336181641,0.47217604517936707,0.28386300802230835,0.01189341425895691,0.7972263336181641,15,0,0,False,-0.005731,False,False
pass_diag_2026-09-18,18,18285,11,policy,17,,,,,,,,,,,,,,,0,,0.5820184946060181,-0.2536739706993103,0.0,76.19612884521484,-40.1536979675293,0.0,,,0.47836363315582275,-0.07744129002094269,0.008920060992240906,0.8091197204589844,0.4723247289657593,0.2973483204841614,0.008920060992240906,0.8091197204589844,15,0,0,False,-0.005732,False,False
pass_diag_2026-09-18,18,18285,12,policy,17,,,,,,,,,,,,,,,0,,0.6074172258377075,-0.2670585513114929,0.0,73.52926635742188,-38.748321533203125,0.0,,,0.4784751236438751,-0.06380729377269745,0.006690045595169067,0.8180398559570312,0.47243621945381165,0.3109823167324066,0.006690045595169067,0.8180398559570312,15,0,0,False,-0.005725,False,False
pass_diag_2026-09-18,18,18285,13,policy,17,,,,,,,,,,,,,,,0,,0.631926953792572,-0.27997463941574097,0.0,70.95574188232422,-37.392127990722656,0.0,,,0.478558748960495,-0.050061795860528946,0.005017533898353577,0.8247298431396485,0.4725198447704315,0.3247278332710266,0.005017533898353577,0.8247298431396485,15,0,0,False,-0.005713,False,False
pass_diag_2026-09-18,18,18285,14,policy,17,,,,,,,,,,,,,,,0,,0.6555788516998291,-0.29243868589401245,0.0,68.4722900390625,-36.083404541015625,0.0,,,0.4786214828491211,-0.03623267263174057,0.0037631505727767946,0.8297473907470703,0.4725825786590576,0.3385569453239441,0.0037631505727767946,0.8297473907470703,15,0,0,False,-0.0057,False,False
pass_diag_2026-09-18,18,18285,15,policy,3,,,,,,,,,,,,,,,0,,0.6784029603004456,-0.30446648597717285,0.0,66.07575988769531,-34.82048416137695,0.0,,,0.4786685109138489,-0.029380830004811287,0.0028223630785942076,0.41111053466796876,0.4726296067237854,0.3454087972640991,0.0028223630785942076,0.41111053466796876,15,0,0,False,-0.005571,False,False
pass_diag_2026-09-18,18,18285,16,policy,13,,,,,,,,,,,,,,,0,,0.7004281878471375,-0.31607332825660706,0.0,63.76310729980469,-33.601768493652344,0.0,,,0.4787037968635559,-0.028993947431445122,0.0021167722344398497,0.023212912082672118,0.47266489267349243,0.3457956612110138,0.0021167722344398497,0.023212912082672118,15,0,0,False,-0.005456,False,False
pass_diag_2026-09-18,18,18285,17,policy,1,,,,,,,,,,,,,,,0,,0.721682608127594,-0.3272739052772522,0.0,61.53139877319336,-32.42570495605469,0.0,,,0.4787302613258362,-0.03345578536391258,0.0015875791013240815,-0.26771032333374023,0.4679393470287323,0.3460858166217804,-0.28353242874145507,0.017409683465957643,15,0,0,False,-0.00537,False,False
pass_diag_2026-09-18,18,18285,18,policy,5,,,,,,,,,,,,,,,0,,0.7421930432319641,-0.338082492351532,0.0,59.37779998779297,-31.29080581665039,0.0,,,0.4835020899772644,-0.03680216521024704,0.2863106918334961,-0.20078273773193359,0.4691471755504608,0.34630346298217773,0.07247068405151368,0.013057262897491454,15,0,0,False,-0.005317,False,False
pass_diag_2026-09-18,18,18285,19,policy,13,,,,,,,,,,,,,,,0,,0.7619856595993042,-0.3485127389431,0.0,57.29957580566406,-30.195629119873047,0.0,,,0.491832971572876,-0.03931194916367531,0.4998530197143555,-0.1505870532989502,0.47480508685112,0.34646666049957275,0.3394729995727539,0.009792946577072144,15,0,0,False,-0.00527,False,False
pass_diag_2026-09-18,18,18285,20,policy,2,,,,,,,,,,,,,,,0,,0.7810854911804199,-0.3585779666900635,0.0,55.294090270996094,-29.13878059387207,0.0,,,0.4947209656238556,-0.0445544570684433,0.1732794761657715,-0.3145505714416504,0.47568830847740173,0.34322890639305115,0.05299447536468506,-0.19426557540893555,15,0,0,False,-0.005288,False,False
pass_diag_2026-09-18,18,18285,21,policy,18,,,,,,,,,,,,,,,0,,0.7995168566703796,-0.36829087138175964,0.0,53.35879898071289,-28.118925094604492,0.0,,,0.49352678656578064,-0.05184651166200638,-0.0716506814956665,-0.43752323150634764,0.47299057245254517,0.3374404311180115,-0.16186443328857422,-0.347309455871582,15,0,0,False,-0.005304,False,False
pass_diag_2026-09-18,18,18285,22,policy,5,,,,,,,,,,,,,,,0,,0.8173031210899353,-0.37766385078430176,0.0,51.491241455078125,-27.134761810302734,0.0,,,0.49738314747810364,-0.05731555074453354,0.23138198852539063,-0.32814239501953124,0.47571927309036255,0.33309903740882874,0.16372167587280273,-0.2604821014404297,15,0,0,False,-0.005251,False,False
pass_diag_2026-09-18,18,18285,23,policy,13,,,,,,,,,,,,,,,0,,0.8344668745994568,-0.3867087960243225,0.0,49.68904495239258,-26.18504524230957,0.0,,,0.5050274133682251,-0.06141733378171921,0.45865650177001954,-0.24610681533813478,0.4744056165218353,0.3264828622341156,-0.07881902694702149,-0.3969718551635742,15,0,0,False,-0.005205,False,False
pass_diag_2026-09-18,18,18285,24,policy,18,,,,,,,,,,,,,,,0,,0.8510298728942871,-0.3954371213912964,0.0,47.94993209838867,-25.26856803894043,0.0,,,0.5074004530906677,-0.06785383820533752,0.14238208770751953,-0.3861903762817383,0.47006019949913025,0.3181605339050293,-0.26072456359863283,-0.4993391799926758,15,0,0,False,-0.005236,False,False
pass_diag_2026-09-18,18,18285,25,policy,5,,,,,,,,,,,,,,,0,,0.8670132160186768,-0.4038599729537964,0.0,46.27168273925781,-24.38416862487793,0.0,,,0.5139322280883789,-0.07268121838569641,0.3919065475463867,-0.28964279174804686,0.47155314683914185,0.31191879510879517,0.08957658767700195,-0.37450439453125,15,0,0,False,-0.005187,False,False
pass_diag_2026-09-18,18,18285,26,policy,2,,,,,,,,,,,,,,,0,,0.8824371099472046,-0.4119880497455597,0.0,44.65217208862305,-23.530723571777344,0.0,,,0.5154709219932556,-0.07966192811727524,0.09231964111328125,-0.41884239196777345,0.4693126976490021,0.3038773238658905,-0.13442785263061524,-0.4824885559082031,15,0,0,False,-0.00522,False,False
pass_diag_2026-09-18,18,18285,27,policy,5,,,,,,,,,,,,,,,0,,0.8973211646080017,-0.41983160376548767,0.0,43.08934783935547,-22.7071475982666,0.0,,,0.52137690782547,-0.08489745855331421,0.3543597412109375,-0.3141317939758301,0.47238433361053467,0.2978461980819702,0.1842991065979004,-0.36186641693115235,15,0,0,False,-0.005168,False,False
pass_diag_2026-09-18,18,18285,28,policy,2,,,,,,,,,,,,,,,10,out_of_bounds,0.9116842746734619,-0.3700000047683716,0.0,0.0,0.0,0.0,,,0.5224462151527405,-0.09218427538871765,0.06415951251983643,-0.4372091293334961,0.47132790088653564,0.2899627089500427,-0.06338594913482666,-0.47301010131835936,15,0,0,False,-0.004494,False,False
pass_diag_2026-09-18,18,18285,29,policy,5,,,,,,,,,,,,,,,0,,0.9116842746734619,-0.3700000047683716,0.0,0.0,0.0,0.0,,,0.5280002355575562,-0.09764938801527023,0.33323963165283205,-0.3279068374633789,0.4752875864505768,0.2840500771999359,0.23758052825927733,-0.35475757598876956,15,0,0,False,-0.004846,False,False
pass_diag_2026-09-18,18,18285,30,policy,2,,,,,,,,,,,,,,,0,,0.9116842746734619,-0.3700000047683716,0.0,0.0,0.0,0.0,,,0.5288055539131165,-0.10510839521884918,0.04831943988800049,-0.4475404357910156,0.474897176027298,0.27625542879104614,-0.023424882888793946,-0.4676784896850586,15,0,0,False,-0.004901,False,False
pass_diag_2026-09-18,18,18285,31,policy,2,,,,,,,,,,,,,,,0,,0.9116842746734619,-0.3700000047683716,0.0,0.0,0.0,0.0,,,0.5260493755340576,-0.1140628233551979,-0.16537071228027345,-0.5372655868530274,0.4712441861629486,0.26704928278923035,-0.2191789436340332,-0.5523691558837891,15,0,0,False,-0.004945,False,False
pass_diag_2026-09-18,18,18285,32,policy,5,,,,,,,,,,,,,,,0,,0.9116842746734619,-0.3700000047683716,0.0,0.0,0.0,0.0,,,0.5287342071533203,-0.1207786425948143,0.16109197616577148,-0.40294918060302737,0.4732564389705658,0.2601446807384491,0.12073578834533691,-0.4142768478393555,15,0,0,False,-0.004881,False,False
pass_diag_2026-09-18,18,18285,33,policy,2,,,,,,,,,,,,,,,0,,0.9116842746734619,-0.3700000047683716,0.0,0.0,0.0,0.0,,,0.5273876786231995,-0.12917567789554596,-0.08079131126403809,-0.5038221740722656,0.4714054763317108,0.2516060471534729,-0.11105844497680664,-0.5123179244995117,15,0,0,False,-0.004932,False,False
pass_diag_2026-09-18,18,18285,34,policy,2,,,,,,,,,,,,,,,0,,0.9116842746734619,-0.3700000047683716,0.0,0.0,0.0,0.0,,,0.5230176448822021,-0.13883362710475922,-0.2622037696838379,-0.5794769287109375,0.4666570723056793,0.2418418973684311,-0.2849041175842285,-0.585848731994629,15,0,0,False,-0.004974,False,False
pass_diag_2026-09-18,18,18285,35,policy,5,,,,,,,,,,,,,,,0,,0.9116842746734619,-0.3700000047683716,0.0,0.0,0.0,0.0,,,0.524492084980011,-0.14607708156108856,0.08846717834472656,-0.43460769653320314,0.4678477644920349,0.23451878130435944,0.071441912651062,-0.43938655853271485,15,0,0,False,-0.004901,False,False
pass_diag_2026-09-18,18,18285,36,policy,2,,,,,,,,,,,,,,,0,,0.9116842746734619,-0.3700000047683716,0.0,0.0,0.0,0.0,,,0.5222377777099609,-0.15486985445022583,-0.1352599048614502,-0.5275660705566406,0.46538060903549194,0.22566628456115723,-0.14802885055541992,-0.5311502075195312,15,0,0,False,-0.004953,False,False
pass_diag_2026-09-18,18,18285,37,policy,5,,,,,,,,,,,,,,,0,,0.9116842746734619,-0.3700000047683716,0.0,0.0,0.0,0.0,,,0.5252990126609802,-0.16146443784236908,0.18367507934570312,-0.3956745529174805,0.4682822525501251,0.21902690827846527,0.17409835815429686,-0.39836265563964846,15,0,0,False,-0.004883,False,False
pass_diag_2026-09-18,18,18285,38,policy,14,,,,,,,,,,,,,,,0,,0.9116842746734619,-0.3700000047683716,0.0,0.0,0.0,0.0,,,0.5252990126609802,-0.16146443784236908,0.0,0.0,0.4682822525501251,0.21902690827846527,0.0,0.0,15,0,0,False,-0.005,False,False
pass_diag_2026-09-18,18,18285,39,policy,5,,,,,,,,,,,,,,,0,,0.9116842746734619,-0.3700000047683716,0.0,0.0,0.0,0.0,,,0.5300509929656982,-0.16146443784236908,0.2851199913024902,0.0,0.4730342626571655,0.21902690827846527,0.2851199913024902,0.0,15,0,0,False,-0.004916,False,False
pass_diag_2026-09-18,18,18285,40,policy,2,,,,,,,,,,,,,,,0,,0.9116842746734619,-0.3700000047683716,0.0,0.0,0.0,0.0,,,0.5302548408508301,-0.16482460498809814,0.012229714393615723,-0.20161027908325196,0.473238080739975,0.215666726231575,0.012229714393615723,-0.20161027908325196,15,0,0,False,-0.004964,False,False
pass_diag_2026-09-18,18,18285,41,policy,5,,,,,,,,,,,,,,,15,pass_intercepted,0.9116842746734619,-0.3700000047683716,0.0,0.0,0.0,0.0,,,0.535159707069397,-0.16734473407268524,0.29429227828979493,-0.15120771408081055,0.47814297676086426,0.21314659714698792,0.29429227828979493,-0.15120771408081055,15,0,0,False,-0.00489,True,False
pass_diag_2026-09-18,19,19294,0,forced,5,11,0.17659232020378113,0.03806228190660477,0.0,0.0,0.0,0.0,left_1,0.40296855568885803,-0.23980426788330078,0.45986703038215637,0.2152642458677292,0.8511499452172901,0.5249226331152087,5,pass,0.21391625702381134,0.061410192400217056,0.0,108.05277252197266,67.59220886230469,0.0,,,0.4064885377883911,-0.23980426788330078,0.211200008392334,0.0,0.46338704228401184,0.2152642458677292,0.211200008392334,0.0,15,0,0,False,-0.005,False,False
pass_diag_2026-09-18,19,19294,1,policy,18,,,,,,,,,,,,,,,0,,0.2499338537454605,0.08394093066453934,0.0,104.27092742919922,65.22647857666016,0.0,,,0.4126485586166382,-0.23980426788330078,0.36959999084472656,0.0,0.4695470333099365,0.2152642458677292,0.36959999084472656,0.0,15,0,0,False,-0.005254,False,False
pass_diag_2026-09-18,19,19294,2,policy,18,,,,,,,,,,,,,,,0,,0.28469082713127136,0.1056830883026123,0.0,100.62144470214844,62.94355010986328,0.0,,,0.42078855633735657,-0.23980426788330078,0.4884000015258789,0.0,0.4776870310306549,0.2152642458677292,0.4884000015258789,0.0,15,0,0,False,-0.00562,False,False
pass_diag_2026-09-18,19,19294,3,policy,18,,,,,,,,,,,,,,,0,,0.3182313144207001,0.12666426599025726,0.0,97.09969329833984,60.74052810668945,0.0,,,0.43041354417800903,-0.23980426788330078,0.5775,0.0,0.48731204867362976,0.2152642458677292,0.5775,0.0,15,0,0,False,-0.005708,False,False
pass_diag_2026-09-18,19,19294,4,policy,18,,,,,,,,,,,,,,,0,,0.3505978584289551,0.1469111144542694,0.0,93.70120239257812,58.61460876464844,0.0,,,0.44115230441093445,-0.23980426788330078,0.6443250274658203,0.0,0.4980507791042328,0.2152642458677292,0.6443250274658203,0.0,15,0,0,False,-0.005693,False,False
pass_diag_2026-09-18,19,19294,5,policy,18,,,,,,,,,,,,,,,0,,0.3818315863609314,0.16644932329654694,0.0,90.42166137695312,56.5630989074707,0.0,,,0.4527263641357422,-0.23980426788330078,0.6944437408447266,0.0,0.5096248388290405,0.2152642458677292,0.6944437408447266,0.0,15,0,0,False,-0.004485,False,False
pass_diag_2026-09-18,19,19294,6,policy,18,,,,,,,,,,,,,,,0,,0.41197216510772705,0.1853036880493164,0.0,87.25690460205078,54.58338928222656,0.0,,,0.46492689847946167,-0.23980426788330078,0.7320327758789062,0.0,0.52182537317276,0.2152642458677292,0.7320327758789062,0.0,15,0,0,False,-0.004541,False,False
pass_diag_2026-09-18,19,19294,7,policy,18,,,,,,,,,,,,,,,0,,0.44105780124664307,0.20349813997745514,0.0,84.20291137695312,52.672969818115234,0.0,,,0.47759732604026794,-0.23980426788330078,0.760224609375,0.0,0.5344958305358887,0.2152642458677292,0.760224609375,0.0,15,0,0,False,-0.004606,False,False
pass_diag_2026-09-18,19,19294,8,policy,18,,,,,,,,,,,,,,,0,,0.4691254198551178,0.221055805683136,0.0,81.25580596923828,50.82941818237305,0.0,,,0.49062013626098633,-0.23980426788330078,0.7813684844970703,0.0,0.5475186109542847,0.2152642458677292,0.7813684844970703,0.0,15,0,0,False,-0.004689,False,False
pass_diag_2026-09-18,19,19294,9,policy,2,,,,,,,,,,,,,,,0,,0.4962106943130493,0.23799894750118256,0.0,78.41185760498047,49.05038833618164,0.0,,,0.5039072036743164,-0.23980426788330078,0.7972263336181641,0.0,0.5547966957092285,0.21277523040771484,0.43668540954589846,-0.1493409538269043,15,0,0,False,-0.004704,False,False
pass_diag_2026-09-18,19,19294,10,policy,18,,,,,,,,,,,,,,,0,,0.5223479866981506,0.25434908270835876,0.0,75.66744232177734,47.333621978759766,0.0,,,0.5173925757408142,-0.23980426788330078,0.8091197204589844,0.0,0.5577662587165833,0.20841944217681885,0.1781730842590332,-0.26134666442871096,15,0,0,False,-0.004884,False,False
pass_diag_2026-09-18,19,19294,11,policy,2,,,,,,,,,,,,,,,0,,0.5475704669952393,0.27012693881988525,0.0,73.01908111572266,45.67694854736328,0.0,,,0.5250175595283508,-0.24229328334331512,0.4574988555908203,-0.1493409538269043,0.557504415512085,0.2026636004447937,-0.015711134672164916,-0.3453509521484375,15,0,0,False,-0.005204,False,False
pass_diag_2026-09-18,19,19294,12,policy,14,,,,,,,,,,,,,,,0,,0.5719101428985596,0.28535258769989014,0.0,70.46340942382812,44.07825469970703,0.0,,,0.5250175595283508,-0.24229328334331512,0.0,0.0,0.557504415512085,0.2026636004447937,0.0,0.0,15,0,0,False,-0.005315,False,False
pass_diag_2026-09-18,19,19294,13,policy,18,,,,,,,,,,,,,,,0,,0.59539794921875,0.30004534125328064,0.0,67.9971923828125,42.53551483154297,0.0,,,0.5250175595283508,-0.24229328334331512,0.0,0.0,0.557504415512085,0.2026636004447937,0.0,0.0,15,0,0,False,-0.005411,False,False
pass_diag_2026-09-18,19,19294,14,policy,18,,,,,,,,,,,,,,,0,,0.6180636882781982,0.31422385573387146,0.0,65.61729431152344,41.04677200317383,0.0,,,0.5250175595283508,-0.24229328334331512,0.0,0.0,0.557504415512085,0.2026636004447937,0.0,0.0,15,0,0,False,-0.005449,False,False
pass_diag_2026-09-18,19,19294,15,policy,2,,,,,,,,,,,,,,,0,,0.6399361491203308,0.3279061019420624,0.0,63.32068634033203,39.61013412475586,0.0,,,0.5225285291671753,-0.24478229880332947,-0.1493409538269043,-0.1493409538269043,0.5550153851509094,0.20017458498477936,-0.1493409538269043,-0.1493409538269043,15,0,0,False,-0.005529,False,False
pass_diag_2026-09-18,19,19294,16,policy,18,,,,,,,,,,,,,,,0,,0.6610429883003235,0.3411094844341278,0.0,61.104461669921875,38.22378158569336,0.0,,,0.5181727409362793,-0.24913807213306427,-0.26134666442871096,-0.26134666442871096,0.5506595969200134,0.19581879675388336,-0.26134666442871096,-0.26134666442871096,15,0,0,False,-0.005582,False,False
pass_diag_2026-09-18,19,19294,17,policy,18,,,,,,,,,,,,,,,0,,0.6814111471176147,0.35385075211524963,0.0,58.96580505371094,36.885948181152344,0.0,,,0.5124168992042542,-0.2548939287662506,-0.3453509521484375,-0.3453509521484375,0.5449037551879883,0.19006295502185822,-0.3453509521484375,-0.3453509521484375,15,0,0,False,-0.005615,False,False
pass_diag_2026-09-18,19,19294,18,policy,18,,,,,,,,,,,,,,,0,,0.7010664343833923,0.366146057844162,0.0,56.90200424194336,35.594940185546875,0.0,,,0.505611002445221,-0.2616998255252838,-0.4083541488647461,-0.4083541488647461,0.5380978584289551,0.18325704336166382,-0.4083541488647461,-0.4083541488647461,15,0,0,False,-0.005635,False,False
pass_diag_2026-09-18,19,19294,19,policy,18,,,,,,,,,,,,,,,0,,0.7200337648391724,0.3780110478401184,0.0,54.91043472290039,34.349117279052734,0.0,,,0.4980175495147705,-0.26929327845573425,-0.455606575012207,-0.455606575012207,0.5305044054985046,0.17566360533237457,-0.455606575012207,-0.455606575012207,15,0,0,False,-0.005646,False,False
pass_diag_2026-09-18,19,19294,20,policy,18,,,,,,,,,,,,,,,0,,0.7383372783660889,0.3894607424736023,0.0,52.98856735229492,33.14689636230469,0.0,,,0.48983344435691833,-0.2774773836135864,-0.4910458755493164,-0.4910458755493164,0.5223203301429749,0.1674795150756836,-0.4910458755493164,-0.4910458755493164,15,0,0,False,-0.00565,False,False
pass_diag_2026-09-18,19,19294,21,policy,18,,,,,,,,,,,,,,,0,,0.7560001015663147,0.40050971508026123,0.0,51.133968353271484,31.98675537109375,0.0,,,0.48120635747909546,-0.2861044704914093,-0.5176253509521485,-0.5176253509521485,0.5136932134628296,0.15885241329669952,-0.5176253509521485,-0.5176253509521485,15,0,0,False,-0.005649,False,False
pass_diag_2026-09-18,19,19294,22,policy,18,,,,,,,,,,,,,,,0,,0.773044764995575,0.41117197275161743,0.0,49.34428024291992,30.867219924926758,0.0,,,0.47224703431129456,-0.2950637936592102,-0.5375599670410156,-0.5375599670410156,0.5047339200973511,0.14989309012889862,-0.5375599670410156,-0.5375599670410156,15,0,0,False,-0.005646,False,False
pass_diag_2026-09-18,19,19294,23,policy,18,,,,,,,,,,,,,,,10,out_of_bounds,0.7894928455352783,0.3700000047683716,0.0,0.0,0.0,0.0,,,0.46303850412368774,-0.304272323846817,-0.5525109481811523,-0.5525109481811523,0.49552538990974426,0.140684574842453,-0.5525109481811523,-0.5525109481811523,15,0,0,False,-0.004966,False,False
pass_diag_2026-09-18,19,19294,24,policy,5,,,,,,,,,,,,,,,0,,0.7894928455352783,0.3700000047683716,0.0,0.0,0.0,0.0,,,0.4596521258354187,-0.31117868423461914,-0.2031831932067871,-0.4143832015991211,0.4921390116214752,0.1337781846523285,-0.2031831932067871,-0.4143832015991211,15,0,0,False,-0.005139,False,False
pass_diag_2026-09-18,19,19294,25,policy,5,,,,,,,,,,,,,,,0,,0.7894928455352783,0.3700000047683716,0.0,0.0,0.0,0.0,,,0.46063232421875,-0.3163584768772125,0.05881259918212891,-0.31078739166259767,0.4931192100048065,0.1285983920097351,0.05881259918212891,-0.31078739166259767,15,0,0,False,-0.00505,False,False
pass_diag_2026-09-18,19,19294,26,policy,5,,,,,,,,,,,,,,,0,,0.7894928455352783,0.3700000047683716,0.0,0.0,0.0,0.0,,,0.46488749980926514,-0.32024332880973816,0.2553094482421875,-0.2330905532836914,0.49737435579299927,0.12471355497837067,0.2553094482421875,-0.2330905532836914,15,0,0,False,-0.004984,False,False
pass_diag_2026-09-18,19,19294,27,policy,2,,,,,,,,,,,,,,,0,,0.7894928455352783,0.3700000047683716,0.0,0.0,0.0,0.0,,,0.46558985114097595,-0.32564598321914673,0.04214113712310791,-0.3241588592529297,0.4980767071247101,0.1193109080195427,0.04214113712310791,-0.3241588592529297,15,0,0,False,-0.005059,False,False
pass_diag_2026-09-18,19,19294,28,policy,2,,,,,,,,,,,,,,,0,,0.7894928455352783,0.3700000047683716,0.0,0.0,0.0,0.0,,,0.4636276066303253,-0.3321869671344757,-0.11773509979248047,-0.39246009826660155,0.49611446261405945,0.11276990175247192,-0.11773509979248047,-0.39246009826660155,15,0,0,False,-0.005115,False,False
pass_diag_2026-09-18,19,19294,29,policy,5,,,,,,,,,,,,,,,0,,0.7894928455352783,0.3700000047683716,0.0,0.0,0.0,0.0,,,0.4656759202480316,-0.33709272742271423,0.12289867401123047,-0.29434507369995117,0.49816277623176575,0.107864148914814,0.12289867401123047,-0.29434507369995117,15,0,0,False,-0.005035,False,False
pass_diag_2026-09-18,19,19294,30,policy,2,,,,,,,,,,,,,,,0,,0.7894928455352783,0.3700000047683716,0.0,0.0,0.0,0.0,,,0.4647231101989746,-0.34326106309890747,-0.057166948318481445,-0.37009975433349607,0.49720999598503113,0.10169582068920135,-0.057166948318481445,-0.37009975433349607,15,0,0,False,-0.005097,False,False
pass_diag_2026-09-18,19,19294,31,policy,14,,,,,,,,,,,,,,,0,,0.7894928455352783,0.3700000047683716,0.0,0.0,0.0,0.0,,,0.4647231101989746,-0.34326106309890747,0.0,0.0,0.49720999598503113,0.10169582068920135,0.0,0.0,15,0,0,False,-0.005,False,False
pass_diag_2026-09-18,19,19294,32,policy,2,,,,,,,,,,,,,,,0,,0.7894928455352783,0.3700000047683716,0.0,0.0,0.0,0.0,,,0.46223410964012146,-0.3457500636577606,-0.1493409538269043,-0.1493409538269043,0.4947209656238556,0.09920680522918701,-0.1493409538269043,-0.1493409538269043,15,0,0,False,-0.00507,False,False
pass_diag_2026-09-18,19,19294,33,policy,5,,,,,,,,,,,,,,,0,,0.7894928455352783,0.3700000047683716,0.0,0.0,0.0,0.0,,,0.4638873338699341,-0.34761685132980347,0.09919428825378418,-0.11200571060180664,0.4963742196559906,0.09734004735946655,0.09919428825378418,-0.11200571060180664,15,0,0,False,-0.005001,False,False
pass_diag_2026-09-18,19,19294,34,policy,2,,,,,,,,,,,,,,,0,,0.7894928455352783,0.3700000047683716,0.0,0.0,0.0,0.0,,,0.462638258934021,-0.35150593519210815,-0.07494524002075195,-0.23334524154663086,0.4951251149177551,0.09345095604658127,-0.07494524002075195,-0.23334524154663086,15,0,0,False,-0.005071,False,False
pass_diag_2026-09-18,19,19294,35,policy,6,,,,,,,,,,,,,,,0,,0.7894928455352783,0.3700000047683716,0.0,0.0,0.0,0.0,,,0.46419045329093933,-0.35193371772766113,0.09313202857971191,-0.02566797733306885,0.49667733907699585,0.0930231586098671,0.09313202857971191,-0.02566797733306885,15,0,0,False,-0.004983,False,False
pass_diag_2026-09-18,19,19294,36,policy,2,,,,,,,,,,,,,,,0,,0.7894928455352783,0.3700000047683716,0.0,0.0,0.0,0.0,,,0.46286559104919434,-0.3547435998916626,-0.07949193477630616,-0.16859193801879882,0.49535247683525085,0.09021329134702682,-0.07949193477630616,-0.16859193801879882,15,0,0,False,-0.005058,False,False
pass_diag_2026-09-18,19,19294,37,policy,5,,,,,,,,,,,,,,,15,pass_intercepted,0.7894928455352783,0.3700000047683716,0.0,0.0,0.0,0.0,,,0.46539193391799927,-0.3568509817123413,0.1515810489654541,-0.12644394874572754,0.4978788197040558,0.08810589462518692,0.1515810489654541,-0.12644394874572754,15,0,0,False,-0.004993,True,False
