run_id,episode_id,seed,tick,action_source,action_selected,forced_action,pre_ball_pos_x,pre_ball_pos_y,pre_ball_pos_z,pre_ball_vel_x,pre_ball_vel_y,pre_ball_vel_z,pre_owner_id,pre_teammate_1_x,pre_teammate_1_y,pre_teammate_2_x,pre_teammate_2_y,pre_pass_direction_x,pre_pass_direction_y,post_event_code,post_event_name,post_ball_pos_x,post_ball_pos_y,post_ball_pos_z,post_ball_vel_x,post_ball_vel_y,post_ball_vel_z,post_owner_id,post_last_kicked_by,post_teammate_1_x,post_teammate_1_y,post_teammate_1_vel_x,post_teammate_1_vel_y,post_teammate_2_x,post_teammate_2_y,post_teammate_2_vel_x,post_teammate_2_vel_y,mask_sum,pass_legal,shot_legal,has_ball,reward,terminated,truncated
pass_diag_2026-09-18,0,42,0,forced,14,11,0.2101103812456131,-0.005170944146811962,0.0,0.0,0.0,0.0,left_1,0.417481392621994,-0.21734075248241425,0.4273228049278259,0.2324744611978531,1.0,0.0,5,pass,0.2541353702545166,-0.005170944146811962,0.0,127.45237731933594,0.0,0.0,left_1,,0.417481392621994,-0.21734075248241425,0.0,0.0,0.4273228049278259,0.2324744611978531,0.0,0.0,18,1,1,True,0.035,False,False
pass_diag_2026-09-18,0,42,1,policy,7,,,,,,,,,,,,,,,0,,0.23524658381938934,0.04549340531229973,0.0,0.0,10.190400123596191,0.0,left_1,,0.417481392621994,-0.21382074058055878,0.0,0.211200008392334,0.4273228049278259,0.23599445819854736,0.0,0.211200008392334,18,1,1,True,0.016184,False,False
pass_diag_2026-09-18,0,42,2,policy,7,,,,,,,,,,,,,,,0,,0.23524658381938934,0.05165340378880501,0.0,0.0,17.833200454711914,0.0,left_1,,0.417481392621994,-0.2076607495546341,0.0,0.36959999084472656,0.4273228049278259,0.24215446412563324,0.0,0.36959999084472656,18,1,1,True,0.022125,False,False
pass_diag_2026-09-18,0,42,3,policy,7,,,,,,,,,,,,,,,0,,0.23524658381938934,0.05979340523481369,0.0,0.0,23.56529998779297,0.0,left_1,,0.417481392621994,-0.1995207518339157,0.0,0.4884000015258789,0.4273228049278259,0.2502944767475128,0.0,0.4884000015258789,18,1,1,True,0.019704,False,False
pass_diag_2026-09-18,0,42,4,policy,7,,,,,,,,,,,,,,,0,,0.23524658381938934,0.06941840052604675,0.0,0.0,27.8643741607666,0.0,left_1,,0.417481392621994,-0.18989574909210205,0.0,0.5775,0.4273228049278259,0.2599194645881653,0.0,0.5775,18,1,1,True,0.018011,False,False
pass_diag_2026-09-18,0,42,5,policy,7,,,,,,,,,,,,,,,0,,0.23524658381938934,0.08015715330839157,0.0,0.0,31.088682174682617,0.0,left_1,,0.417481392621994,-0.17915698885917664,0.0,0.6443250274658203,0.4273228049278259,0.2706582248210907,0.0,0.6443250274658203,18,1,1,True,0.034477,False,False
pass_diag_2026-09-18,0,42,6,policy,7,,,,,,,,,,,,,,,0,,0.23524658381938934,0.09173121303319931,0.0,0.0,33.50691223144531,0.0,left_1,,0.417481392621994,-0.1675829291343689,0.0,0.6944437408447266,0.4273228049278259,0.28223228454589844,0.0,0.6944437408447266,18,1,1,True,0.025567,False,False
pass_diag_2026-09-18,0,42,7,policy,7,,,,,,,,,,,,,,,0,,0.23524658381938934,0.10393176227807999,0.0,0.0,35.32058334350586,0.0,left_1,,0.417481392621994,-0.15538237988948822,0.0,0.7320327758789062,0.4273228049278259,0.2944328188896179,0.0,0.7320327758789062,18,1,1,True,0.021546,False,False
pass_diag_2026-09-18,0,42,8,policy,7,,,,,,,,,,,,,,,0,,0.23524658381938934,0.11660217493772507,0.0,0.0,36.68083572387695,0.0,left_1,,0.417481392621994,-0.14271198213100433,0.0,0.760224609375,0.4273228049278259,0.3071032464504242,0.0,0.760224609375,18,1,1,True,0.019096,False,False
pass_diag_2026-09-18,0,42,9,policy,7,,,,,,,,,,,,,,,0,,0.23524658381938934,0.12962497770786285,0.0,0.0,37.701026916503906,0.0,left_1,,0.417481392621994,-0.12968917191028595,0.0,0.7813684844970703,0.4273228049278259,0.3201260566711426,0.0,0.7813684844970703,18,1,1,True,0.017382,False,False
pass_diag_2026-09-18,0,42,10,policy,7,,,,,,,,,,,,,,,0,,0.23524658381938934,0.1429120898246765,0.0,0.0,38.46617126464844,0.0,left_1,,0.417481392621994,-0.11640205979347229,0.0,0.7972263336181641,0.4273228049278259,0.33341315388679504,0.0,0.7972263336181641,18,1,1,True,0.016082,False,False
pass_diag_2026-09-18,0,42,11,policy,7,,,,,,,,,,,,,,,0,,0.23524658381938934,0.15639741718769073,0.0,0.0,39.0400276184082,0.0,left_1,,0.417481392621994,-0.10291673243045807,0.0,0.8091197204589844,0.4273228049278259,0.34689846634864807,0.0,0.8091197204589844,18,1,1,True,0.015044,False,False
pass_diag_2026-09-18,0,42,12,policy,7,,,,,,,,,,,,,,,0,,0.23524658381938934,0.17003141343593597,0.0,0.0,39.470420837402344,0.0,left_1,,0.417481392621994,-0.08928273618221283,0.0,0.8180398559570312,0.4273228049278259,0.3605324625968933,0.0,0.8180398559570312,18,1,1,True,0.014184,False,False
pass_diag_2026-09-18,0,42,13,policy,7,,,,,,,,,,,,,,,0,,0.23524658381938934,0.18377691507339478,0.0,0.0,39.793216705322266,0.0,left_1,,0.417481392621994,-0.07553724199533463,0.0,0.8247298431396485,0.4273228049278259,0.3742779791355133,0.0,0.8247298431396485,18,1,1,True,0.033451,False,False
pass_diag_2026-09-18,0,42,14,policy,7,,,,,,,,,,,,,,,0,,0.23524658381938934,0.19760602712631226,0.0,0.0,40.03531265258789,0.0,left_1,,0.417481392621994,-0.06170811504125595,0.0,0.8297473907470703,0.4273228049278259,0.3881070911884308,0.0,0.8297473907470703,18,1,1,True,0.02454,False,False
pass_diag_2026-09-18,0,42,15,policy,7,,,,,,,,,,,,,,,0,,0.23524658381938934,0.21149787306785583,0.0,0.0,40.21688461303711,0.0,left_1,,0.417481392621994,-0.04781627282500267,0.0,0.8335105133056641,0.4273228049278259,0.40199893712997437,0.0,0.8335105133056641,18,1,1,True,0.000526,False,False
pass_diag_2026-09-18,0,42,16,policy,7,,,,,,,,,,,,,,,0,,0.23524658381938934,0.2254367619752884,0.0,0.0,40.35306167602539,0.0,left_1,,0.417481392621994,-0.03387739136815071,0.0,0.8363329315185547,0.4273228049278259,0.4159378111362457,0.0,0.8363329315185547,18,1,1,True,-0.001914,False,False
pass_diag_2026-09-18,0,42,17,policy,7,,,,,,,,,,,,,,,0,,0.23524658381938934,0.23941092193126678,0.0,0.0,40.455196380615234,0.0,left_1,,0.417481392621994,-0.01990322954952717,0.0,0.83844970703125,0.4273228049278259,0.4299119710922241,0.0,0.83844970703125,18,1,1,True,-0.003615,False,False
pass_diag_2026-09-18,0,42,18,policy,1,,,,,,,,,,,,,,,0,,0.2067265808582306,0.2248915433883667,0.0,-10.190400123596191,30.341398239135742,0.0,left_1,,0.41396138072013855,-0.009422608651220798,-0.211200008392334,0.6288372802734375,0.42380279302597046,0.4403926134109497,-0.211200008392334,0.6288372802734375,18,1,1,True,-0.014344,False,False
pass_diag_2026-09-18,0,42,19,policy,8,,,,,,,,,,,,,,,0,,0.20891989767551422,0.25291869044303894,0.0,-14.848501205444336,29.961750030517578,0.0,left_1,,0.4088323712348938,0.0009268727735616267,-0.30774095535278323,0.620968894958496,0.4186737835407257,0.45074209570884705,-0.30774095535278323,0.620968894958496,18,1,1,True,-0.006657,False,False
pass_diag_2026-09-18,0,42,20,policy,8,,,,,,,,,,,,,,,0,,0.20258411765098572,0.2631698250770569,0.0,-18.342077255249023,29.677013397216797,0.0,left_1,,0.4024966061115265,0.011177999898791313,-0.3801466751098633,0.6150676345825196,0.4123380184173584,0.4609932005405426,-0.3801466751098633,0.6150676345825196,18,1,1,True,-0.00899,False,False
pass_diag_2026-09-18,0,42,21,policy,8,,,,,,,,,,,,,,,0,,0.1953432708978653,0.2733471691608429,0.0,-20.96225929260254,29.46346092224121,0.0,left_1,,0.3952557444572449,0.021355360746383667,-0.4344509506225586,0.6106416702270507,0.4050971567630768,0.4699999988079071,-0.4344509506225586,0.6106416702270507,18,1,1,True,0.009951,False,False
pass_diag_2026-09-18,0,42,22,policy,8,,,,,,,,,,,,,,,0,,0.18742361664772034,0.28346922993659973,0.0,-22.92739486694336,29.30329704284668,0.0,left_1,,0.3873361051082611,0.03147739917039871,-0.4751791763305664,0.6073221969604492,0.397177517414093,0.4699999988079071,-0.4751791763305664,0.6073221969604492,18,1,1,True,0.009608,False,False
pass_diag_2026-09-18,0,42,23,policy,8,,,,,,,,,,,,,,,0,,0.17899486422538757,0.2935497462749481,0.0,-24.401247024536133,29.18317413330078,0.0,left_1,,0.37890735268592834,0.04155794158577919,-0.5057253265380859,0.6048326110839843,0.38874873518943787,0.4699999988079071,-0.5057253265380859,0.6048326110839843,18,1,1,True,0.000561,False,False
pass_diag_2026-09-18,0,42,24,policy,8,,,,,,,,,,,,,,,0,,0.17018426954746246,0.30359917879104614,0.0,-25.506635665893555,29.093080520629883,0.0,left_1,,0.37009674310684204,0.05160736292600632,-0.5286349487304688,0.6029653930664063,0.37993815541267395,0.4699999988079071,-0.5286349487304688,0.6029653930664063,18,1,1,True,-0.003531,False,False
pass_diag_2026-09-18,0,42,25,policy,8,,,,,,,,,,,,,,,0,,0.16108731925487518,0.3136252760887146,0.0,-26.335678100585938,29.025510787963867,0.0,left_1,,0.36099979281425476,0.06163344904780388,-0.5458171463012695,0.6015650177001953,0.37084120512008667,0.4699999988079071,-0.5458171463012695,0.6015650177001953,18,1,1,True,-0.006005,False,False
pass_diag_2026-09-18,0,42,26,policy,8,,,,,,,,,,,,,,,0,,0.15177559852600098,0.3236338496208191,0.0,-26.957460403442383,28.974834442138672,0.0,left_1,,0.35168808698654175,0.07164202630519867,-0.5587038421630859,0.6005147171020507,0.36152946949005127,0.4699999988079071,-0.5587038421630859,0.6005147171020507,18,1,1,True,-0.007707,False,False
pass_diag_2026-09-18,0,42,27,policy,8,,,,,,,,,,,,,,,0,,0.14230278134346008,0.333629310131073,0.0,-27.423795700073242,28.936826705932617,0.0,left_1,,0.34221526980400085,0.08163747936487198,-0.5683688354492188,0.5997269821166992,0.35205668210983276,0.4699999988079071,-0.5683688354492188,0.5997269821166992,18,1,1,True,-0.008969,False,False
pass_diag_2026-09-18,0,42,28,policy,8,,,,,,,,,,,,,,,0,,0.13270916044712067,0.3436149060726166,0.0,-27.773548126220703,28.908321380615234,0.0,left_1,,0.33262163400650024,0.09162308275699615,-0.575617561340332,0.5991361999511718,0.34246304631233215,0.4699999988079071,-0.575617561340332,0.5991361999511718,18,1,1,True,-0.009951,False,False
pass_diag_2026-09-18,0,42,29,policy,8,,,,,,,,,,,,,,,0,,0.12302491813898087,0.353593111038208,0.0,-28.03586196899414,28.88694190979004,0.0,left_1,,0.32293739914894104,0.10160129517316818,-0.5810541152954102,0.5986930847167968,0.33277881145477295,0.4699999988079071,-0.5810541152954102,0.5986930847167968,18,1,1,True,-0.010741,False,False
pass_diag_2026-09-18,0,42,30,policy,8,,,,,,,,,,,,,,,0,,0.11327272653579712,0.3635658025741577,0.0,-28.23259735107422,28.870906829833984,0.0,left_1,,0.3131852149963379,0.11157397925853729,-0.5851315307617188,0.5983607864379883,0.3230266273021698,0.4699999988079071,-0.5851315307617188,0.5983607864379883,18,1,1,True,-0.011395,False,False
pass_diag_2026-09-18,0,42,31,policy,8,,,,,,,,,,,,,,,0,,0.10346956551074982,0.37353432178497314,0.0,-28.38014793395996,28.8588809967041,0.0,left_1,,0.3033820390701294,0.12154250591993332,-0.5881896209716797,0.5981115341186524,0.3132234513759613,0.4699999988079071,-0.5881896209716797,0.5981115341186524,18,1,1,True,-0.011947,False,False
pass_diag_2026-09-18,0,42,32,policy,8,,,,,,,,,,,,,,,0,,0.0936281755566597,0.38349974155426025,0.0,-28.490812301635742,28.84986114501953,0.0,left_1,,0.2935406565666199,0.13150791823863983,-0.590483169555664,0.5979246139526367,0.3033820688724518,0.4699999988079071,-0.590483169555664,0.5979246139526367,18,1,1,True,0.008534,False,False
pass_diag_2026-09-18,0,42,33,policy,8,,,,,,,,,,,,,,,0,,0.08375812321901321,0.39346280694007874,0.0,-28.573810577392578,28.843097686767578,0.0,left_1,,0.2836706042289734,0.1414709836244583,-0.5922033309936523,0.5977843856811523,0.2935120165348053,0.4699999988079071,-0.5922033309936523,0.5977843856811523,18,1,1,True,-0.00028,False,False
pass_diag_2026-09-18,0,42,34,policy,8,,,,,,,,,,,,,,,0,,0.07386656850576401,0.40342411398887634,0.0,-28.636058807373047,28.838024139404297,0.0,left_1,,0.273779034614563,0.15143230557441711,-0.5934934616088867,0.5976792526245117,0.2836204469203949,0.4699999988079071,-0.5934934616088867,0.5976792526245117,18,1,1,True,-0.004196,False,False
pass_diag_2026-09-18,0,42,35,policy,8,,,,,,,,,,,,,,,0,,0.06395888328552246,0.4133841395378113,0.0,-28.6827449798584,28.834218978881836,0.0,left_1,,0.26387137174606323,0.16139231622219086,-0.5944610214233399,0.5976004028320312,0.27371278405189514,0.4699999988079071,-0.5944610214233399,0.5976004028320312,18,1,1,True,-0.006537,False,False
pass_diag_2026-09-18,0,42,36,policy,8,,,,,,,,,,,,,,,10,out_of_bounds,0.05403910204768181,0.3700000047683716,0.0,0.0,0.0,0.0,,,0.2539515793323517,0.1713513284921646,-0.5951867294311524,0.5975412368774414,0.2637929916381836,0.4699999988079071,-0.5951867294311524,0.5975412368774414,18,1,1,False,-0.105296,False,False
pass_diag_2026-09-18,0,42,37,policy,8,,,,,,,,,,,,,,,0,,0.05403910204768181,0.3700000047683716,0.0,0.0,0.0,0.0,,,0.24402272701263428,0.18130961060523987,-0.5957310104370117,0.5974968719482422,0.2538641393184662,0.4699999988079071,-0.5957310104370117,0.5974968719482422,18,1,1,False,-0.005129,False,False
pass_diag_2026-09-18,0,42,38,policy,8,,,,,,,,,,,,,,,15,pass_intercepted,0.05403910204768181,0.3700000047683716,0.0,0.0,0.0,0.0,,,0.23408707976341248,0.19126734137535095,-0.5961391830444336,0.5974636077880859,0.24392849206924438,0.4699999988079071,-0.5961391830444336,0.5974636077880859,15,0,0,False,-0.005187,True,False
pass_diag_2026-09-18,1,1051,0,forced,14,11,0.17701640725135803,0.0006216629408299923,0.0,0.0,0.0,0.0,left_1,0.4221835434436798,-0.19414350390434265,0.4119787812232971,0.2528034746646881,1.0,0.0,5,pass,0.22104139626026154,0.0006216629408299923,0.0,127.45237731933594,0.0,0.0,,,0.4221835434436798,-0.19414350390434265,0.0,0.0,0.4119787812232971,0.2528034746646881,0.0,0.0,15,0,0,False,-0.005,False,False
pass_diag_2026-09-18,1,1051,1,policy,7,,,,,,,,,,,,,,,0,,0.26352551579475403,0.0006216629408299923,0.0,122.99153900146484,0.0,0.0,,,0.4221835434436798,-0.19062349200248718,0.0,0.211200008392334,0.4119787812232971,0.2563234567642212,0.0,0.211200008392334,15,0,0,False,-0.005853,False,False
pass_diag_2026-09-18,1,1051,2,policy,7,,,,,,,,,,,,,,,0,,0.30452269315719604,0.0006216629408299923,0.0,118.68683624267578,0.0,0.0,,,0.4221835434436798,-0.1844635009765625,0.0,0.36959999084472656,0.4119787812232971,0.2624834477901459,0.0,0.36959999084472656,15,0,0,False,-0.005828,False,False
pass_diag_2026-09-18,1,1051,3,policy,7,,,,,,,,,,,,,,,0,,0.3440849781036377,0.0006216629408299923,0.0,114.53279876708984,0.0,0.0,,,0.4221835434436798,-0.17632350325584412,0.0,0.4884000015258789,0.4119787812232971,0.27062347531318665,0.0,0.4884000015258789,15,0,0,False,-0.005805,False,False
pass_diag_2026-09-18,1,1051,4,policy,7,,,,,,,,,,,,,,,0,,0.38226258754730225,0.0006216629408299923,0.0,110.5241470336914,0.0,0.0,,,0.4221835434436798,-0.16669850051403046,0.0,0.5775,0.4119787812232971,0.2802484631538391,0.0,0.5775,15,0,0,False,-0.004675,False,False
pass_diag_2026-09-18,1,1051,5,policy,7,,,,,,,,,,,,,,,0,,0.4191039800643921,0.0006216629408299923,0.0,106.65580749511719,0.0,0.0,,,0.4221835434436798,-0.15595975518226624,0.0,0.6443250274658203,0.4119787812232971,0.2909872233867645,0.0,0.6443250274658203,15,0,0,False,-0.004692,False,False
pass_diag_2026-09-18,1,1051,6,policy,7,,,,,,,,,,,,,,,0,,0.4546559154987335,0.0006216629408299923,0.0,102.9228515625,0.0,0.0,,,0.4221835434436798,-0.1443856805562973,0.0,0.6944437408447266,0.4119787812232971,0.30256128311157227,0.0,0.6944437408447266,15,0,0,False,-0.00484,False,False
pass_diag_2026-09-18,1,1051,7,policy,7,,,,,,,,,,,,,,,15,pass_intercepted,0.4889635145664215,0.0006216629408299923,0.0,99.32054901123047,0.0,0.0,,,0.4221835434436798,-0.13218514621257782,0.0,0.7320327758789062,0.4119787812232971,0.31476181745529175,0.0,0.7320327758789062,15,0,0,False,-0.005001,True,False
pass_diag_2026-09-18,2,2060,0,forced,14,11,0.16813971102237701,-0.018265416845679283,0.0,0.0,0.0,0.0,left_1,0.46456921100616455,-0.2256581038236618,0.4817758798599243,0.2504993975162506,1.0,0.0,5,pass,0.21216470003128052,-0.018265416845679283,0.0,127.45237731933594,0.0,0.0,left_1,,0.46456921100616455,-0.2256581038236618,0.0,0.0,0.4817758798599243,0.2504993975162506,0.0,0.0,18,1,1,True,0.035,False,False
pass_diag_2026-09-18,2,2060,1,policy,7,,,,,,,,,,,,,,,0,,0.21602264046669006,2.022552871494554e-05,0.0,0.0,10.190400123596191,0.0,left_1,,0.46456921100616455,-0.22213810682296753,0.0,0.211200008392334,0.4817758798599243,0.2540194094181061,0.0,0.211200008392334,18,1,1,True,0.027967,False,False
pass_diag_2026-09-18,2,2060,2,policy,14,,,,,,,,,,,,,,,0,,0.21602264046669006,2.022552871494554e-05,0.0,0.0,0.0,0.0,left_1,,0.46456921100616455,-0.22213810682296753,0.0,0.0,0.4817758798599243,0.2540194094181061,0.0,0.0,18,1,1,True,0.022321,False,False
pass_diag_2026-09-18,2,2060,3,policy,14,,,,,,,,,,,,,,,0,,0.21602264046669006,2.022552871494554e-05,0.0,0.0,0.0,0.0,left_1,,0.46456921100616455,-0.19413809478282928,9.052589237848029e-17,1.4783999633789062,0.4817758798599243,0.28201940655708313,9.052589237848029e-17,1.4783999633789062,18,1,1,True,0.02,False,False
pass_diag_2026-09-18,2,2060,4,policy,15,,,,,,,,,,,,,,,0,,0.21602264046669006,2.022552871494554e-05,0.0,0.0,0.0,0.0,left_1,,0.46456921100616455,-0.16949810087680817,7.966278800356809e-17,1.300991973876953,0.4817758798599243,0.30665940046310425,7.966278800356809e-17,1.300991973876953,18,1,1,True,0.018416,False,False
pass_diag_2026-09-18,2,2060,5,policy,8,,,,,,,,,,,,,,,0,,0.19585594534873962,-0.004813089035451412,0.0,-7.205700874328613,7.205700874328613,0.0,left_1,,0.46456921100616455,-0.14781489968299866,7.01032503938213e-17,1.1448729705810547,0.4817758798599243,0.32834258675575256,7.01032503938213e-17,1.1448729705810547,18,1,1,True,0.024909,False,False
pass_diag_2026-09-18,2,2060,6,policy,1,,,,,,,,,,,,,,,0,,0.1831468641757965,-0.02062399685382843,0.0,-15.59467601776123,5.404275894165039,0.0,left_1,,0.46456921100616455,-0.12873367965221405,6.169086221003523e-17,1.0074881744384765,0.4817758798599243,0.34742382168769836,6.169086221003523e-17,1.0074881744384765,18,1,1,True,0.028522,False,False
pass_diag_2026-09-18,2,2060,7,policy,1,,,,,,,,,,,,,,,0,,0.1755867898464203,-0.019223924726247787,0.0,-21.88640594482422,4.053206920623779,0.0,left_1,,0.46456921100616455,-0.11194221675395966,5.428795518729263e-17,0.886589584350586,0.4817758798599243,0.36421528458595276,5.428795518729263e-17,0.886589584350586,18,1,1,True,0.022451,False,False
pass_diag_2026-09-18,2,2060,8,policy,8,,,,,,,,,,,,,,,0,,0.17475004494190216,0.001992813777178526,0.0,-23.620506286621094,10.245606422424316,0.0,left_1,,0.46456921100616455,-0.09716571867465973,4.777340361413612e-17,0.7801988983154297,0.4817758798599243,0.3789917826652527,4.777340361413612e-17,0.7801988983154297,18,1,1,True,0.022013,False,False
pass_diag_2026-09-18,2,2060,9,policy,8,,,,,,,,,,,,,,,0,,0.16614173352718353,0.007136131636798382,0.0,-24.921079635620117,14.88990592956543,0.0,left_1,,0.46456921100616455,-0.0841624066233635,4.204059568865956e-17,0.6865750122070312,0.4817758798599243,0.3919951021671295,4.204059568865956e-17,0.6865750122070312,18,1,1,True,0.015682,False,False
pass_diag_2026-09-18,2,2060,10,policy,8,,,,,,,,,,,,,,,0,,0.15719647705554962,0.013482635840773582,0.0,-25.89651107788086,18.373130798339844,0.0,left_1,,0.46456921100616455,-0.07271949201822281,3.699572251195451e-17,0.6041860198974609,0.4817758798599243,0.403438001871109,3.699572251195451e-17,0.6041860198974609,18,1,1,True,0.013905,False,False
pass_diag_2026-09-18,2,2060,11,policy,8,,,,,,,,,,,,,,,0,,0.14799852669239044,0.020731529220938683,0.0,-26.628084182739258,20.98554801940918,0.0,left_1,,0.46456921100616455,-0.06264971941709518,3.2556236488146333e-17,0.5316836929321289,0.4817758798599243,0.4135077893733978,3.2556236488146333e-17,0.5316836929321289,18,1,1,True,0.012576,False,False
pass_diag_2026-09-18,2,2060,12,policy,8,,,,,,,,,,,,,,,0,,0.13861103355884552,0.028657216578722,0.0,-27.1767635345459,22.944862365722656,0.0,left_1,,0.46456921100616455,-0.05378832668066025,2.8649487601349004e-17,0.4678816223144531,0.4817758798599243,0.42236918210983276,2.8649487601349004e-17,0.4678816223144531,18,1,1,True,0.011533,False,False
pass_diag_2026-09-18,2,2060,13,policy,14,,,,,,,,,,,,,,,0,,0.13861103355884552,0.028657216578722,0.0,0.0,0.0,0.0,left_1,,0.46456921100616455,-0.05378832668066025,0.0,0.0,0.4817758798599243,0.42236918210983276,0.0,0.0,18,1,1,True,0.015607,False,False
pass_diag_2026-09-18,2,2060,14,policy,1,,,,,,,,,,,,,,,0,,0.12776871025562286,0.010979547165334225,0.0,-10.190400123596191,0.0,0.0,left_1,,0.46456921100616455,-0.05378832668066025,0.0,0.0,0.4817758798599243,0.42236918210983276,0.0,0.0,18,1,1,True,0.009783,False,False
pass_diag_2026-09-18,2,2060,15,policy,1,,,,,,,,,,,,,,,0,,0.12160870432853699,0.010979547165334225,0.0,-17.833200454711914,0.0,0.0,left_1,,0.46456921100616455,-0.05378832668066025,0.0,0.0,0.4817758798599243,0.42236918210983276,0.0,0.0,18,1,1,True,-0.008593,False,False
pass_diag_2026-09-18,2,2060,16,policy,8,,,,,,,,,,,,,,,0,,0.12182202190160751,0.031146232038736343,0.0,-20.58060073852539,7.205700874328613,0.0,left_1,,0.46456921100616455,-0.05378832668066025,0.0,0.0,0.4817758798599243,0.42236918210983276,0.0,0.0,18,1,1,True,-0.00609,False,False
pass_diag_2026-09-18,2,2060,17,policy,8,,,,,,,,,,,,,,,0,,0.11400124430656433,0.035502009093761444,0.0,-22.641151428222656,12.609976768493652,0.0,left_1,,0.46456921100616455,-0.05378832668066025,0.0,0.0,0.4817758798599243,0.42236918210983276,0.0,0.0,18,1,1,True,-0.01033,False,False
pass_diag_2026-09-18,2,2060,18,policy,8,,,,,,,,,,,,,,,0,,0.10564664751291275,0.04125785827636719,0.0,-24.186565399169922,16.663183212280273,0.0,left_1,,0.46456921100616455,-0.05378832668066025,0.0,0.0,0.4817758798599243,0.42236918210983276,0.0,0.0,18,1,1,True,-0.010977,False,False
pass_diag_2026-09-18,2,2060,19,policy,8,,,,,,,,,,,,,,,0,,0.09689167886972427,0.04806376248598099,0.0,-25.345624923706055,19.703088760375977,0.0,left_1,,0.46456921100616455,-0.05378832668066025,0.0,0.0,0.4817758798599243,0.42236918210983276,0.0,0.0,18,1,1,True,0.010459,False,False
pass_diag_2026-09-18,2,2060,20,policy,8,,,,,,,,,,,,,,,0,,0.08783643692731857,0.05565720424056053,0.0,-26.214920043945312,21.983016967773438,0.0,left_1,,0.46456921100616455,-0.05378832668066025,0.0,0.0,0.4817758798599243,0.42236918210983276,0.0,0.0,18,1,1,True,0.001476,False,False
pass_diag_2026-09-18,2,2060,21,policy,14,,,,,,,,,,,,,,,0,,0.08783643692731857,0.05565720424056053,0.0,0.0,0.0,0.0,left_1,,0.46456921100616455,-0.05378832668066025,0.0,0.0,0.4817758798599243,0.42236918210983276,0.0,0.0,18,1,1,True,0.002321,False,False
pass_diag_2026-09-18,2,2060,22,policy,1,,,,,,,,,,,,,,,0,,0.07699410617351532,0.03797953575849533,0.0,-10.190400123596191,0.0,0.0,left_1,,0.46456921100616455,-0.05378832668066025,0.0,0.0,0.4817758798599243,0.42236918210983276,0.0,0.0,18,1,1,True,-0.004963,False,False
pass_diag_2026-09-18,2,2060,23,policy,1,,,,,,,,,,,,,,,0,,0.07083410769701004,0.03797953575849533,0.0,-17.833200454711914,0.0,0.0,left_1,,0.46456921100616455,-0.05378832668066025,0.0,0.0,0.4817758798599243,0.42236918210983276,0.0,0.0,18,1,1,True,-0.004661,False,False
pass_diag_2026-09-18,2,2060,24,policy,14,,,,,,,,,,,,,,,0,,0.07083410769701004,0.03797953575849533,0.0,0.0,0.0,0.0,left_1,,0.46456921100616455,-0.05378832668066025,0.0,0.0,0.4817758798599243,0.42236918210983276,0.0,0.0,18,1,1,True,-0.002753,False,False
pass_diag_2026-09-18,2,2060,25,policy,1,,,,,,,,,,,,,,,0,,0.06731411069631577,0.03797953575849533,0.0,-10.190400123596191,0.0,0.0,left_1,,0.46456921100616455,-0.05378832668066025,0.0,0.0,0.4817758798599243,0.42236918210983276,0.0,0.0,18,1,1,True,-0.00542,False,False
pass_diag_2026-09-18,2,2060,26,policy,8,,,,,,,,,,,,,,,0,,0.0695074200630188,0.058146219700574875,0.0,-14.848501205444336,7.205700874328613,0.0,left_1,,0.46456921100616455,-0.05378832668066025,0.0,0.0,0.4817758798599243,0.42236918210983276,0.0,0.0,18,1,1,True,-0.003818,False,False
pass_diag_2026-09-18,2,2060,27,policy,8,,,,,,,,,,,,,,,0,,0.06317164748907089,0.06250199675559998,0.0,-18.342077255249023,12.609976768493652,0.0,left_1,,0.46456921100616455,-0.05378832668066025,0.0,0.0,0.4817758798599243,0.42236918210983276,0.0,0.0,18,1,1,True,-0.008302,False,False
pass_diag_2026-09-18,2,2060,28,policy,8,,,,,,,,,,,,,,,7,tackle,0.046160366386175156,0.07301943004131317,0.004999999888241291,-50.42143249511719,31.173669815063477,14.844444274902344,left_1,,0.4620802104473114,-0.051299311220645905,-0.1493409538269043,0.1493409538269043,0.4792868494987488,0.4248581826686859,-0.1493409538269043,0.1493409538269043,18,1,1,True,-0.114582,False,False
pass_diag_2026-09-18,2,2060,29,policy,8,,,,,,,,,,,,,,,0,,0.04801114276051521,0.07506375014781952,0.0,-22.92739486694336,19.703088760375977,0.0,left_1,,0.4577244222164154,-0.046943534165620804,-0.26134666442871096,0.26134666442871096,0.4749310612678528,0.4292139708995819,-0.26134666442871096,0.26134666442871096,18,1,1,True,-0.004902,False,False
pass_diag_2026-09-18,2,2060,30,policy,8,,,,,,,,,,,,,,,0,,0.03958238661289215,0.08265719562768936,0.0,-24.401247024536133,21.983016967773438,0.0,left_1,,0.45196858048439026,-0.04118768498301506,-0.3453509521484375,0.3453509521484375,0.46917521953582764,0.43496981263160706,-0.3453509521484375,0.3453509521484375,18,1,1,True,0.010488,False,False
pass_diag_2026-09-18,2,2060,31,policy,8,,,,,,,,,,,,,,,0,,0.030771804973483086,0.09084129333496094,0.0,-25.506635665893555,23.692964553833008,0.0,left_1,,0.44516268372535706,-0.03438178077340126,-0.4083541488647461,0.4083541488647461,0.46236932277679443,0.44177570939064026,-0.4083541488647461,0.4083541488647461,18,1,1,True,0.001459,False,False
pass_diag_2026-09-18,2,2060,32,policy,8,,,,,,,,,,,,,,,0,,0.021674852818250656,0.09946838021278381,0.0,-26.335678100585938,24.97542381286621,0.0,left_1,,0.4375692307949066,-0.026788339018821716,-0.455606575012207,0.455606575012207,0.454775869846344,0.4493691623210907,-0.455606575012207,0.455606575012207,18,1,1,True,-0.002626,False,False
pass_diag_2026-09-18,2,2060,33,policy,8,,,,,,,,,,,,,,,0,,0.012363122776150703,0.10842771083116531,0.0,-26.957460403442383,25.93726921081543,0.0,left_1,,0.42938512563705444,-0.01860424131155014,-0.4910458755493164,0.4910458755493164,0.4465917944908142,0.45755326747894287,-0.4910458755493164,0.4910458755493164,18,1,1,True,-0.005101,False,False
pass_diag_2026-09-18,2,2060,34,policy,8,,,,,,,,,,,,,,,0,,0.002890308853238821,0.11763622611761093,0.0,-27.423795700073242,26.658653259277344,0.0,left_1,,0.42075803875923157,-0.00997715163975954,-0.5176253509521485,0.5176253509521485,0.43796470761299133,0.46618035435676575,-0.5176253509521485,0.5176253509521485,18,1,1,True,-0.006811,False,False
pass_diag_2026-09-18,2,2060,35,policy,8,,,,,,,,,,,,,,,0,,-0.006703317165374756,0.12703163921833038,0.0,-27.773548126220703,27.199689865112305,0.0,left_1,,0.41179871559143066,-0.001017818576656282,-0.5375599670410156,0.5375599670410156,0.42900535464286804,0.4699999988079071,-0.5375599670410156,0.5375599670410156,18,1,1,True,0.009669,False,False
pass_diag_2026-09-18,2,2060,36,policy,8,,,,,,,,,,,,,,,0,,-0.01638755202293396,0.13656720519065857,0.0,-28.03586196899414,27.60546875,0.0,left_1,,0.40259018540382385,0.008190697059035301,-0.5525109481811523,0.5525109481811523,0.4197968542575836,0.4699999988079071,-0.5525109481811523,0.5525109481811523,18,1,1,True,0.000796,False,False
pass_diag_2026-09-18,2,2060,37,policy,8,,,,,,,,,,,,,,,0,,-0.026139745488762856,0.14620789885520935,0.0,-28.23259735107422,27.90980339050293,0.0,left_1,,0.3931947946548462,0.017586098983883858,-0.563724136352539,0.563724136352539,0.41040143370628357,0.4699999988079071,-0.563724136352539,0.563724136352539,18,1,1,True,-0.003171,False,False
pass_diag_2026-09-18,2,2060,38,policy,8,,,,,,,,,,,,,,,0,,-0.03594290465116501,0.15592741966247559,0.0,-28.38014793395996,28.138051986694336,0.0,left_1,,0.3836592137813568,0.027121666818857193,-0.5721340560913086,0.5721340560913086,0.4008658826351166,0.4699999988079071,-0.5721340560913086,0.5721340560913086,18,1,1,True,-0.005554,False,False
pass_diag_2026-09-18,2,2060,39,policy,8,,,,,,,,,,,,,,,0,,-0.04578429087996483,0.1657060980796814,0.0,-28.490812301635742,28.309240341186523,0.0,left_1,,0.37401852011680603,0.036762360483407974,-0.5784415054321289,0.5784415054321289,0.3912251889705658,0.4699999988079071,-0.5784415054321289,0.5784415054321289,18,1,1,True,-0.007193,False,False
pass_diag_2026-09-18,2,2060,40,policy,8,,,,,,,,,,,,,,,0,,-0.05565434694290161,0.1755291074514389,0.0,-28.573810577392578,28.437631607055664,0.0,left_1,,0.3642989993095398,0.046481892466545105,-0.5831720733642578,0.5831720733642578,0.3815056383609772,0.4699999988079071,-0.5831720733642578,0.5831720733642578,18,1,1,True,-0.008411,False,False
pass_diag_2026-09-18,2,2060,41,policy,8,,,,,,,,,,,,,,,0,,-0.06554590165615082,0.18538539111614227,0.0,-28.636058807373047,28.533924102783203,0.0,left_1,,0.354520320892334,0.05626055970788002,-0.5867200088500977,0.5867200088500977,0.37172698974609375,0.4699999988079071,-0.5867200088500977,0.5867200088500977,18,1,1,True,0.009298,False,False
pass_diag_2026-09-18,2,2060,42,policy,8,,,,,,,,,,,,,,,0,,-0.07545358687639236,0.19526660442352295,0.0,-28.6827449798584,28.606143951416016,0.0,left_1,,0.34469732642173767,0.06608357280492783,-0.5893809509277343,0.5893809509277343,0.36190396547317505,0.4699999988079071,-0.5893809509277343,0.5893809509277343,18,1,1,True,0.000471,False,False
pass_diag_2026-09-18,2,2060,43,policy,8,,,,,,,,,,,,,,,0,,-0.08537336438894272,0.2051665484905243,0.0,-28.71776008605957,28.660308837890625,0.0,left_1,,0.3348410427570343,0.0759398564696312,-0.5913766860961914,0.5913766860961914,0.3520476818084717,0.4699999988079071,-0.5913766860961914,0.5913766860961914,18,1,1,True,-0.003458,False,False
pass_diag_2026-09-18,2,2060,44,policy,8,,,,,,,,,,,,,,,0,,-0.09530221670866013,0.21508051455020905,0.0,-28.744020462036133,28.7009334564209,0.0,left_1,,0.32495981454849243,0.08582107722759247,-0.5928734588623047,0.5928734588623047,0.3421664535999298,0.4699999988079071,-0.5928734588623047,0.5928734588623047,18,1,1,True,-0.005813,False,False
pass_diag_2026-09-18,2,2060,45,policy,8,,,,,,,,,,,,,,,0,,-0.10523787140846252,0.22500500082969666,0.0,-28.763715744018555,28.731401443481445,0.0,left_1,,0.3150598704814911,0.09572101384401321,-0.5939960479736328,0.5939960479736328,0.33226653933525085,0.4699999988079071,-0.5939960479736328,0.5939960479736328,18,1,1,True,0.009156,False,False
pass_diag_2026-09-18,2,2060,46,policy,8,,,,,,,,,,,,,,,0,,-0.11517862975597382,0.234937384724617,0.0,-28.778488159179688,28.75425148010254,0.0,left_1,,0.30514591932296753,0.10563497990369797,-0.5948379898071289,0.5948379898071289,0.3223525583744049,0.4699999988079071,-0.5948379898071289,0.5948379898071289,18,1,1,True,0.000339,False,False
pass_diag_2026-09-18,2,2060,47,policy,8,,,,,,,,,,,,,,,0,,-0.12512320280075073,0.2448756843805313,0.0,-28.789567947387695,28.77138900756836,0.0,left_1,,0.2952214181423187,0.11555946618318558,-0.5954694366455078,0.5954694366455078,0.3124280571937561,0.4699999988079071,-0.5954694366455078,0.5954694366455078,18,1,1,True,-0.003582,False,False
pass_diag_2026-09-18,2,2060,48,policy,8,,,,,,,,,,,,,,,0,,-0.13507066667079926,0.2548184394836426,0.0,-28.797876358032227,28.784242630004883,0.0,left_1,,0.28528904914855957,0.12549185752868652,-0.5959430313110352,0.5959430313110352,0.30249568819999695,0.4699999988079071,-0.5959430313110352,0.5959430313110352,18,1,1,True,-0.00593,False,False
pass_diag_2026-09-18,2,2060,49,policy,8,,,,,,,,,,,,,,,0,,-0.1450202614068985,0.2647645175457001,0.0,-28.804107666015625,28.793882369995117,0.0,left_1,,0.2753507196903229,0.13543015718460083,-0.5962982177734375,0.5962982177734375,0.29255738854408264,0.4699999988079071,-0.5962982177734375,0.5962982177734375,18,1,1,True,-0.007539,False,False
pass_diag_2026-09-18,2,2060,50,policy,8,,,,,,,,,,,,,,,0,,-0.15497148036956787,0.27471306920051575,0.0,-28.80878257751465,28.80111312866211,0.0,left_1,,0.2654079794883728,0.1453728973865509,-0.5965646362304687,0.5965646362304687,0.28261464834213257,0.4699999988079071,-0.5965646362304687,0.5965646362304687,18,1,1,True,-0.508733,False,True
pass_diag_2026-09-18,3,3069,0,forced,14,11,0.1571236550807953,0.010456418618559837,0.0,0.0,0.0,0.0,left_1,0.4020799994468689,-0.2676847577095032,0.4708303213119507,0.2091142237186432,1.0,0.0,5,pass,0.20114865899085999,0.010456418618559837,0.0,127.45237731933594,0.0,0.0,left_1,,0.4020799994468689,-0.2676847577095032,0.0,0.0,0.4708303213119507,0.2091142237186432,0.0,0.0,18,1,1,True,0.035,False,False
pass_diag_2026-09-18,3,3069,1,policy,7,,,,,,,,,,,,,,,0,,0.21600128710269928,0.046266861259937286,0.0,0.0,10.190400123596191,0.0,left_1,,0.4020799994468689,-0.2641647756099701,0.0,0.211200008392334,0.4708303213119507,0.21263423562049866,0.0,0.211200008392334,18,1,1,True,0.032823,False,False
pass_diag_2026-09-18,3,3069,2,policy,7,,,,,,,,,,,,,,,0,,0.21600128710269928,0.052426859736442566,0.0,0.0,17.833200454711914,0.0,left_1,,0.4020799994468689,-0.2580047845840454,0.0,0.36959999084472656,0.4708303213119507,0.21879422664642334,0.0,0.36959999084472656,18,1,1,True,0.022127,False,False
pass_diag_2026-09-18,3,3069,3,policy,7,,,,,,,,,,,,,,,0,,0.21600128710269928,0.06056686118245125,0.0,0.0,23.56529998779297,0.0,left_1,,0.4020799994468689,-0.24986477196216583,0.0,0.4884000015258789,0.4708303213119507,0.22693422436714172,0.0,0.4884000015258789,18,1,1,True,0.019707,False,False
pass_diag_2026-09-18,3,3069,4,policy,7,,,,,,,,,,,,,,,0,,0.21600128710269928,0.07019186019897461,0.0,0.0,27.8643741607666,0.0,left_1,,0.4020799994468689,-0.24023976922035217,0.0,0.5775,0.4708303213119507,0.23655922710895538,0.0,0.5775,18,1,1,True,0.018016,False,False
pass_diag_2026-09-18,3,3069,5,policy,7,,,,,,,,,,,,,,,0,,0.21600128710269928,0.08093061298131943,0.0,0.0,31.088682174682617,0.0,left_1,,0.4020799994468689,-0.22950102388858795,0.0,0.6443250274658203,0.4708303213119507,0.2472979873418808,0.0,0.6443250274658203,18,1,1,True,0.034485,False,False
pass_diag_2026-09-18,3,3069,6,policy,7,,,,,,,,,,,,,,,0,,0.21600128710269928,0.09250467270612717,0.0,0.0,33.50691223144531,0.0,left_1,,0.4020799994468689,-0.2179269641637802,0.0,0.6944437408447266,0.4708303213119507,0.25887203216552734,0.0,0.6944437408447266,18,1,1,True,0.025577,False,False
pass_diag_2026-09-18,3,3069,7,policy,7,,,,,,,,,,,,,,,0,,0.21600128710269928,0.10470522195100784,0.0,0.0,35.32058334350586,0.0,left_1,,0.4020799994468689,-0.20572641491889954,0.0,0.7320327758789062,0.4708303213119507,0.2710725963115692,0.0,0.7320327758789062,18,1,1,True,0.021559,False,False
pass_diag_2026-09-18,3,3069,8,policy,7,,,,,,,,,,,,,,,0,,0.21600128710269928,0.11737562716007233,0.0,0.0,36.68083572387695,0.0,left_1,,0.4020799994468689,-0.19305600225925446,0.0,0.760224609375,0.4708303213119507,0.2837429940700531,0.0,0.760224609375,18,1,1,True,0.019112,False,False
pass_diag_2026-09-18,3,3069,9,policy,7,,,,,,,,,,,,,,,0,,0.21600128710269928,0.1303984373807907,0.0,0.0,37.701026916503906,0.0,left_1,,0.4020799994468689,-0.18003319203853607,0.0,0.7813684844970703,0.4708303213119507,0.2967658042907715,0.0,0.7813684844970703,18,1,1,True,0.0174,False,False
pass_diag_2026-09-18,3,3069,10,policy,7,,,,,,,,,,,,,,,0,,0.21600128710269928,0.14368554949760437,0.0,0.0,38.46617126464844,0.0,left_1,,0.4020799994468689,-0.1667460948228836,0.0,0.7972263336181641,0.4708303213119507,0.31005290150642395,0.0,0.7972263336181641,18,1,1,True,0.016104,False,False
pass_diag_2026-09-18,3,3069,11,policy,7,,,,,,,,,,,,,,,0,,0.21600128710269928,0.1571708768606186,0.0,0.0,39.0400276184082,0.0,left_1,,0.4020799994468689,-0.15326076745986938,0.0,0.8091197204589844,0.4708303213119507,0.32353824377059937,0.0,0.8091197204589844,18,1,1,True,0.015068,False,False
pass_diag_2026-09-18,3,3069,12,policy,7,,,,,,,,,,,,,,,0,,0.21600128710269928,0.17080487310886383,0.0,0.0,39.470420837402344,0.0,left_1,,0.4020799994468689,-0.13962675631046295,0.0,0.8180398559570312,0.4708303213119507,0.3371722400188446,0.0,0.8180398559570312,18,1,1,True,0.014211,False,False
pass_diag_2026-09-18,3,3069,13,policy,7,,,,,,,,,,,,,,,0,,0.21600128710269928,0.18455035984516144,0.0,0.0,39.793216705322266,0.0,left_1,,0.4020799994468689,-0.12588126957416534,0.0,0.8247298431396485,0.4708303213119507,0.3509177267551422,0.0,0.8247298431396485,18,1,1,True,0.033481,False,False
pass_diag_2026-09-18,3,3069,14,policy,7,,,,,,,,,,,,,,,0,,0.21600128710269928,0.1983794867992401,0.0,0.0,40.03531265258789,0.0,left_1,,0.4020799994468689,-0.11205214262008667,0.0,0.8297473907470703,0.4708303213119507,0.3647468686103821,0.0,0.8297473907470703,18,1,1,True,0.024573,False,False
pass_diag_2026-09-18,3,3069,15,policy,7,,,,,,,,,,,,,,,0,,0.21600128710269928,0.2122713327407837,0.0,0.0,40.21688461303711,0.0,left_1,,0.4020799994468689,-0.09816029667854309,0.0,0.8335105133056641,0.4708303213119507,0.37863871455192566,0.0,0.8335105133056641,18,1,1,True,0.000561,False,False
pass_diag_2026-09-18,3,3069,16,policy,7,,,,,,,,,,,,,,,0,,0.21600128710269928,0.22621020674705505,0.0,0.0,40.35306167602539,0.0,left_1,,0.4020799994468689,-0.08422141522169113,0.0,0.8363329315185547,0.4708303213119507,0.392577588558197,0.0,0.8363329315185547,18,1,1,True,-0.001877,False,False
pass_diag_2026-09-18,3,3069,17,policy,7,,,,,,,,,,,,,,,0,,0.21600128710269928,0.24018438160419464,0.0,0.0,40.455196380615234,0.0,left_1,,0.4020799994468689,-0.07024725526571274,0.0,0.83844970703125,0.4708303213119507,0.4065517485141754,0.0,0.83844970703125,18,1,1,True,-0.003576,False,False
pass_diag_2026-09-18,3,3069,18,policy,1,,,,,,,,,,,,,,,0,,0.18748128414154053,0.22566500306129456,0.0,-10.190400123596191,30.341398239135742,0.0,left_1,,0.4020799994468689,-0.05624663457274437,0.0,0.8400372314453125,0.4708303213119507,0.4205523729324341,0.0,0.8400372314453125,18,1,1,True,0.003345,False,False
pass_diag_2026-09-18,3,3069,19,policy,1,,,,,,,,,,,,,,,0,,0.18132127821445465,0.23352545499801636,0.0,-17.833200454711914,22.75604820251465,0.0,left_1,,0.3985600173473358,-0.04574616998434067,-0.211200008392334,0.630027961730957,0.4673103094100952,0.4310528337955475,-0.211200008392334,0.630027961730957,18,1,1,True,0.002183,False,False
pass_diag_2026-09-18,3,3069,20,policy,8,,,,,,,,,,,,,,,0,,0.18153460323810577,0.25958749651908875,0.0,-20.58060073852539,24.272737503051758,0.0,left_1,,0.3934309780597687,-0.035381805151700974,-0.30774095535278323,0.6218619155883789,0.46218129992485046,0.4414171874523163,-0.30774095535278323,0.6218619155883789,18,1,1,True,-0.001335,False,False
pass_diag_2026-09-18,3,3069,21,policy,8,,,,,,,,,,,,,,,0,,0.173713818192482,0.2683647871017456,0.0,-22.641151428222656,25.410253524780273,0.0,left_1,,0.38709521293640137,-0.025119515135884285,-0.3801466751098633,0.6157373809814453,0.45584553480148315,0.4516794979572296,-0.3801466751098633,0.6157373809814453,18,1,1,True,-0.005065,False,False
pass_diag_2026-09-18,3,3069,22,policy,8,,,,,,,,,,,,,,,0,,0.16535921394824982,0.277436763048172,0.0,-24.186565399169922,26.263391494750977,0.0,left_1,,0.37985435128211975,-0.014933781698346138,-0.4344509506225586,0.6111439895629883,0.44860467314720154,0.46186521649360657,-0.4344509506225586,0.6111439895629883,18,1,1,True,-0.006968,False,False
pass_diag_2026-09-18,3,3069,23,policy,8,,,,,,,,,,,,,,,0,,0.15660426020622253,0.2867297828197479,0.0,-25.345624923706055,26.903244018554688,0.0,left_1,,0.371934711933136,-0.0048054661601781845,-0.4751791763305664,0.6076989364624024,0.4406850337982178,0.4699999988079071,-0.4751791763305664,0.6076989364624024,18,1,1,True,0.00937,False,False
pass_diag_2026-09-18,3,3069,24,policy,8,,,,,,,,,,,,,,,0,,0.14754901826381683,0.2961885333061218,0.0,-26.214920043945312,27.383134841918945,0.0,left_1,,0.3635059595108032,0.0052797868847846985,-0.5057253265380859,0.6051151657104492,0.432256281375885,0.4699999988079071,-0.5057253265380859,0.6051151657104492,18,1,1,True,0.000394,False,False
pass_diag_2026-09-18,3,3069,25,policy,8,,,,,,,,,,,,,,,0,,0.1382685750722885,0.3057716190814972,0.0,-26.86688995361328,27.743051528930664,0.0,left_1,,0.3546953797340393,0.015332741662859917,-0.5286349487304688,0.6031773376464844,0.4234457015991211,0.4699999988079071,-0.5286349487304688,0.6031773376464844,18,1,1,True,-0.003645,False,False
pass_diag_2026-09-18,3,3069,26,policy,8,,,,,,,,,,,,,,,0,,0.12881921231746674,0.31544795632362366,0.0,-27.35586929321289,28.012989044189453,0.0,left_1,,0.345598429441452,0.025361474603414536,-0.5458171463012695,0.6017239379882813,0.4143487215042114,0.4699999988079071,-0.5458171463012695,0.6017239379882813,18,1,1,True,-0.00608,False,False
pass_diag_2026-09-18,3,3069,27,policy,8,,,,,,,,,,,,,,,0,,0.11924318969249725,0.32519423961639404,0.0,-27.72260284423828,28.215442657470703,0.0,left_1,,0.3362866938114166,0.035372041165828705,-0.5587038421630859,0.6006339263916015,0.4050370156764984,0.4699999988079071,-0.5587038421630859,0.6006339263916015,18,1,1,True,-0.007754,False,False
pass_diag_2026-09-18,3,3069,28,policy,8,,,,,,,,,,,,,,,0,,0.1095721498131752,0.3349929451942444,0.0,-27.997652053833008,28.36728286743164,0.0,left_1,,0.32681387662887573,0.0453689806163311,-0.5683688354492188,0.5998163986206054,0.3955641984939575,0.4699999988079071,-0.5683688354492188,0.5998163986206054,18,1,1,True,-0.008995,False,False
pass_diag_2026-09-18,3,3069,29,policy,8,,,,,,,,,,,,,,,0,,0.09982986003160477,0.34483101963996887,0.0,-28.203941345214844,28.481163024902344,0.0,left_1,,0.3172202408313751,0.055355701595544815,-0.575617561340332,0.5992032241821289,0.3859705626964569,0.4699999988079071,-0.575617561340332,0.5992032241821289,18,1,1,True,0.0087,False,False
pass_diag_2026-09-18,3,3069,30,policy,8,,,,,,,,,,,,,,,0,,0.090034119784832,0.3546985685825348,0.0,-28.35865592956543,28.566574096679688,0.0,left_1,,0.3075360059738159,0.0653347596526146,-0.5810541152954102,0.5987434005737304,0.3762863278388977,0.4699999988079071,-0.5810541152954102,0.5987434005737304,18,1,1,True,-0.000134,False,False
pass_diag_2026-09-18,3,3069,31,policy,8,,,,,,,,,,,,,,,0,,0.08019830286502838,0.3645882308483124,0.0,-28.474693298339844,28.630630493164062,0.0,left_1,,0.29778382182121277,0.07530806213617325,-0.5851315307617188,0.5983984756469727,0.36653414368629456,0.4699999988079071,-0.5851315307617188,0.5983984756469727,18,1,1,True,-0.004066,False,False
pass_diag_2026-09-18,3,3069,32,policy,8,,,,,,,,,,,,,,,0,,0.07033242285251617,0.3744945228099823,0.0,-28.561721801757812,28.678674697875977,0.0,left_1,,0.2879806458950043,0.08527705818414688,-0.5881896209716797,0.5981398010253907,0.35673096776008606,0.4699999988079071,-0.5881896209716797,0.5981398010253907,18,1,1,True,-0.006419,False,False
pass_diag_2026-09-18,3,3069,33,policy,8,,,,,,,,,,,,,,,0,,0.060444001108407974,0.3844132423400879,0.0,-28.626991271972656,28.714706420898438,0.0,left_1,,0.27813926339149475,0.09524282813072205,-0.590483169555664,0.5979458236694336,0.34688958525657654,0.4699999988079071,-0.590483169555664,0.5979458236694336,18,1,1,True,0.008553,False,False
pass_diag_2026-09-18,3,3069,34,policy,8,,,,,,,,,,,,,,,0,,0.05053866654634476,0.39434128999710083,0.0,-28.675945281982422,28.741731643676758,0.0,left_1,,0.26826921105384827,0.10520616173744202,-0.5922033309936523,0.5978003311157226,0.33701953291893005,0.4699999988079071,-0.5922033309936523,0.5978003311157226,18,1,1,True,-0.000258,False,False
pass_diag_2026-09-18,3,3069,35,policy,8,,,,,,,,,,,,,,,0,,0.04062064737081528,0.40427637100219727,0.0,-28.71265983581543,28.761999130249023,0.0,left_1,,0.25837767124176025,0.11516768485307693,-0.5934934616088867,0.5976911926269531,0.32712796330451965,0.4699999988079071,-0.5934934616088867,0.5976911926269531,18,1,1,True,-0.004172,False,False
pass_diag_2026-09-18,3,3069,36,policy,8,,,,,,,,,,,,,,,0,,0.030693119391798973,0.41421666741371155,0.0,-28.740196228027344,28.77720069885254,0.0,left_1,,0.2484699785709381,0.12512783706188202,-0.5944610214233399,0.5976093292236329,0.3172203004360199,0.4699999988079071,-0.5944610214233399,0.5976093292236329,18,1,1,True,-0.006511,False,False
pass_diag_2026-09-18,3,3069,37,policy,8,,,,,,,,,,,,,,,10,out_of_bounds,0.020758457481861115,0.3700000047683716,0.0,0.0,0.0,0.0,,,0.23855020105838776,0.13508696854114532,-0.5951867294311524,0.5975479507446289,0.30730050802230835,0.4699999988079071,-0.5951867294311524,0.5975479507446289,18,1,1,False,-0.105311,False,False
pass_diag_2026-09-18,3,3069,38,policy,8,,,,,,,,,,,,,,,0,,0.020758457481861115,0.3700000047683716,0.0,0.0,0.0,0.0,,,0.22862134873867035,0.14504534006118774,-0.5957310104370117,0.5975019073486328,0.29737165570259094,0.4699999988079071,-0.5957310104370117,0.5975019073486328,18,1,1,False,-0.005131,False,False
pass_diag_2026-09-18,3,3069,39,policy,8,,,,,,,,,,,,,,,15,pass_intercepted,0.020758457481861115,0.3700000047683716,0.0,0.0,0.0,0.0,,,0.21868570148944855,0.1550031304359436,-0.5961391830444336,0.5974673843383789,0.28743600845336914,0.4699999988079071,-0.5961391830444336,0.5974673843383789,15,0,0,False,-0.005187,True,False
pass_diag_2026-09-18,4,4078,0,forced,14,11,0.18497736752033234,-0.02294408529996872,0.0,0.0,0.0,0.0,left_1,0.4641574025154114,-0.2678901255130768,0.4758334457874298,0.2656511962413788,1.0,0.0,5,pass,0.22900237143039703,-0.02294408529996872,0.0,127.45237731933594,0.0,0.0,,,0.4641574025154114,-0.2678901255130768,0.0,0.0,0.4758334457874298,0.2656511962413788,0.0,0.0,15,0,0,False,-0.005,False,False
pass_diag_2026-09-18,4,4078,1,policy,7,,,,,,,,,,,,,,,0,,0.2714864909648895,-0.02294408529996872,0.0,122.99153900146484,0.0,0.0,,,0.4641574025154114,-0.2643701434135437,0.0,0.211200008392334,0.4758334457874298,0.26917120814323425,0.0,0.211200008392334,15,0,0,False,-0.005837,False,False
pass_diag_2026-09-18,4,4078,2,policy,7,,,,,,,,,,,,,,,0,,0.31248366832733154,-0.02294408529996872,0.0,118.68683624267578,0.0,0.0,,,0.4641574025154114,-0.25821012258529663,0.0,0.36959999084472656,0.4758334457874298,0.27533119916915894,0.0,0.36959999084472656,15,0,0,False,-0.005827,False,False
pass_diag_2026-09-18,4,4078,3,policy,7,,,,,,,,,,,,,,,0,,0.3520459532737732,-0.02294408529996872,0.0,114.53279876708984,0.0,0.0,,,0.4641574025154114,-0.25007012486457825,0.0,0.4884000015258789,0.4758334457874298,0.2834711968898773,0.0,0.4884000015258789,15,0,0,False,-0.005808,False,False
pass_diag_2026-09-18,4,4078,4,policy,7,,,,,,,,,,,,,,,0,,0.39022356271743774,-0.02294408529996872,0.0,110.5241470336914,0.0,0.0,,,0.4641574025154114,-0.2404451221227646,0.0,0.5775,0.4758334457874298,0.2930961847305298,0.0,0.5775,15,0,0,False,-0.005689,False,False
pass_diag_2026-09-18,4,4078,5,policy,7,,,,,,,,,,,,,,,0,,0.4270649552345276,-0.02294408529996872,0.0,106.65580749511719,0.0,0.0,,,0.4641574025154114,-0.22970637679100037,0.0,0.6443250274658203,0.4758334457874298,0.3038349449634552,0.0,0.6443250274658203,15,0,0,False,-0.004607,False,False
pass_diag_2026-09-18,4,4078,6,policy,7,,,,,,,,,,,,,,,0,,0.462616890668869,-0.02294408529996872,0.0,102.9228515625,0.0,0.0,,,0.4641574025154114,-0.21813231706619263,0.0,0.6944437408447266,0.4758334457874298,0.31540900468826294,0.0,0.6944437408447266,15,0,0,False,-0.004703,False,False
pass_diag_2026-09-18,4,4078,7,policy,7,,,,,,,,,,,,,,,15,pass_intercepted,0.496924489736557,-0.02294408529996872,0.0,99.32054901123047,0.0,0.0,,,0.4641574025154114,-0.20593176782131195,0.0,0.7320327758789062,0.4758334457874298,0.3276095390319824,0.0,0.7320327758789062,15,0,0,False,-0.004814,True,False
pass_diag_2026-09-18,5,5087,0,forced,14,11,0.15300452709197998,-0.028192633762955666,0.0,0.0,0.0,0.0,left_1,0.46800851821899414,-0.26923006772994995,0.4030351936817169,0.2237943559885025,1.0,0.0,5,pass,0.19702953100204468,-0.028192633762955666,0.0,127.45237731933594,0.0,0.0,left_1,,0.46800851821899414,-0.26923006772994995,0.0,0.0,0.4030351936817169,0.2237943559885025,0.0,0.0,18,1,1,True,0.035,False,False
pass_diag_2026-09-18,5,5087,1,policy,7,,,,,,,,,,,,,,,0,,0.2201903611421585,0.02033509686589241,0.0,0.0,10.190400123596191,0.0,left_1,,0.46800851821899414,-0.2657100558280945,0.0,0.211200008392334,0.4030351936817169,0.22731435298919678,0.0,0.211200008392334,18,1,1,True,0.046807,False,False
pass_diag_2026-09-18,5,5087,2,policy,7,,,,,,,,,,,,,,,0,,0.2201903611421585,0.02649509720504284,0.0,0.0,17.833200454711914,0.0,left_1,,0.46800851821899414,-0.2595500648021698,0.0,0.36959999084472656,0.4030351936817169,0.23347435891628265,0.0,0.36959999084472656,18,1,1,True,0.026121,False,False
pass_diag_2026-09-18,5,5087,3,policy,7,,,,,,,,,,,,,,,0,,0.2201903611421585,0.03463509678840637,0.0,0.0,23.56529998779297,0.0,left_1,,0.46800851821899414,-0.2514100670814514,0.0,0.4884000015258789,0.4030351936817169,0.24161435663700104,0.0,0.4884000015258789,18,1,1,True,0.022161,False,False
pass_diag_2026-09-18,5,5087,4,policy,7,,,,,,,,,,,,,,,0,,0.2201903611421585,0.04426009580492973,0.0,0.0,27.8643741607666,0.0,left_1,,0.46800851821899414,-0.24178506433963776,0.0,0.5775,0.4030351936817169,0.2512393593788147,0.0,0.5775,18,1,1,True,0.019757,False,False
pass_diag_2026-09-18,5,5087,5,policy,7,,,,,,,,,,,,,,,0,,0.2201903611421585,0.05499884858727455,0.0,0.0,31.088682174682617,0.0,left_1,,0.46800851821899414,-0.23104631900787354,0.0,0.6443250274658203,0.4030351936817169,0.2619780898094177,0.0,0.6443250274658203,18,1,1,True,0.018075,False,False
pass_diag_2026-09-18,5,5087,6,policy,7,,,,,,,,,,,,,,,0,,0.2201903611421585,0.06657291203737259,0.0,0.0,33.50691223144531,0.0,left_1,,0.46800851821899414,-0.2194722592830658,0.0,0.6944437408447266,0.4030351936817169,0.27355217933654785,0.0,0.6944437408447266,18,1,1,True,0.016798,False,False
pass_diag_2026-09-18,5,5087,7,policy,7,,,,,,,,,,,,,,,0,,0.2201903611421585,0.07877345383167267,0.0,0.0,35.32058334350586,0.0,left_1,,0.46800851821899414,-0.20727171003818512,0.0,0.7320327758789062,0.4030351936817169,0.28575271368026733,0.0,0.7320327758789062,18,1,1,True,0.015773,False,False
pass_diag_2026-09-18,5,5087,8,policy,7,,,,,,,,,,,,,,,0,,0.2201903611421585,0.09144386649131775,0.0,0.0,36.68083572387695,0.0,left_1,,0.46800851821899414,-0.19460129737854004,0.0,0.760224609375,0.4030351936817169,0.2984231114387512,0.0,0.760224609375,18,1,1,True,0.034313,False,False
pass_diag_2026-09-18,5,5087,9,policy,7,,,,,,,,,,,,,,,0,,0.2201903611421585,0.10446667671203613,0.0,0.0,37.701026916503906,0.0,left_1,,0.46800851821899414,-0.18157848715782166,0.0,0.7813684844970703,0.4030351936817169,0.3114459216594696,0.0,0.7813684844970703,18,1,1,True,0.025402,False,False
pass_diag_2026-09-18,5,5087,10,policy,7,,,,,,,,,,,,,,,0,,0.2201903611421585,0.1177537813782692,0.0,0.0,38.46617126464844,0.0,left_1,,0.46800851821899414,-0.168291375041008,0.0,0.7972263336181641,0.4030351936817169,0.32473304867744446,0.0,0.7972263336181641,18,1,1,True,0.021383,False,False
pass_diag_2026-09-18,5,5087,11,policy,7,,,,,,,,,,,,,,,0,,0.2201903611421585,0.131239116191864,0.0,0.0,39.0400276184082,0.0,left_1,,0.46800851821899414,-0.15480604767799377,0.0,0.8091197204589844,0.4030351936817169,0.3382183611392975,0.0,0.8091197204589844,18,1,1,True,0.018937,False,False
pass_diag_2026-09-18,5,5087,12,policy,7,,,,,,,,,,,,,,,0,,0.2201903611421585,0.14487311244010925,0.0,0.0,39.470420837402344,0.0,left_1,,0.46800851821899414,-0.14117205142974854,0.0,0.8180398559570312,0.4030351936817169,0.3518523573875427,0.0,0.8180398559570312,18,1,1,True,0.017228,False,False
pass_diag_2026-09-18,5,5087,13,policy,7,,,,,,,,,,,,,,,0,,0.2201903611421585,0.15861859917640686,0.0,0.0,39.793216705322266,0.0,left_1,,0.46800851821899414,-0.12742656469345093,0.0,0.8247298431396485,0.4030351936817169,0.3655978739261627,0.0,0.8247298431396485,18,1,1,True,0.015935,False,False
pass_diag_2026-09-18,5,5087,14,policy,7,,,,,,,,,,,,,,,0,,0.2201903611421585,0.17244772613048553,0.0,0.0,40.03531265258789,0.0,left_1,,0.46800851821899414,-0.11359743773937225,0.0,0.8297473907470703,0.4030351936817169,0.3794269859790802,0.0,0.8297473907470703,18,1,1,True,0.014903,False,False
pass_diag_2026-09-18,5,5087,15,policy,7,,,,,,,,,,,,,,,0,,0.2201903611421585,0.1863395720720291,0.0,0.0,40.21688461303711,0.0,left_1,,0.46800851821899414,-0.09970559179782867,0.0,0.8335105133056641,0.4030351936817169,0.3933188319206238,0.0,0.8335105133056641,18,1,1,True,0.013443,False,False
pass_diag_2026-09-18,5,5087,16,policy,7,,,,,,,,,,,,,,,0,,0.2201903611421585,0.20027844607830048,0.0,0.0,40.35306167602539,0.0,left_1,,0.46800851821899414,-0.08576671034097672,0.0,0.8363329315185547,0.4030351936817169,0.40725770592689514,0.0,0.8363329315185547,18,1,1,True,0.004536,False,False
pass_diag_2026-09-18,5,5087,17,policy,7,,,,,,,,,,,,,,,0,,0.2201903611421585,0.21425260603427887,0.0,0.0,40.455196380615234,0.0,left_1,,0.46800851821899414,-0.07179255038499832,0.0,0.83844970703125,0.4030351936817169,0.42123186588287354,0.0,0.83844970703125,18,1,1,True,0.000526,False,False
pass_diag_2026-09-18,5,5087,18,policy,7,,,,,,,,,,,,,,,0,,0.2201903611421585,0.22825323045253754,0.0,0.0,40.53179931640625,0.0,left_1,,0.46800851821899414,-0.057791925966739655,0.0,0.8400372314453125,0.4030351936817169,0.4352324903011322,0.0,0.8400372314453125,18,1,1,True,-0.001911,False,False
pass_diag_2026-09-18,5,5087,19,policy,7,,,,,,,,,,,,,,,0,,0.2201903611421585,0.2422737032175064,0.0,0.0,40.58924865722656,0.0,left_1,,0.46800851821899414,-0.04377146065235138,0.0,0.8412279510498046,0.4030351936817169,0.4492529630661011,0.0,0.8412279510498046,18,1,1,True,-0.003608,False,False
pass_diag_2026-09-18,5,5087,20,policy,1,,,,,,,,,,,,,,,0,,0.19167035818099976,0.227789044380188,0.0,-10.190400123596191,30.441936492919922,0.0,left_1,,0.46448850631713867,-0.03325611352920532,-0.211200008392334,0.6309209442138672,0.39951521158218384,0.45976829528808594,-0.211200008392334,0.6309209442138672,18,1,1,True,0.003383,False,False
pass_diag_2026-09-18,5,5087,21,policy,8,,,,,,,,,,,,,,,0,,0.1938636749982834,0.2558422386646271,0.0,-14.848501205444336,30.037153244018555,0.0,left_1,,0.4593594968318939,-0.022880584001541138,-0.30774095535278323,0.6225316619873047,0.3943862020969391,0.4699999988079071,-0.30774095535278323,0.6225316619873047,18,1,1,True,0.003239,False,False
pass_diag_2026-09-18,5,5087,22,policy,8,,,,,,,,,,,,,,,0,,0.18752789497375488,0.26611289381980896,0.0,-18.342077255249023,29.733566284179688,0.0,left_1,,0.4530237019062042,-0.012609923258423805,-0.3801466751098633,0.6162397003173828,0.3880504071712494,0.4699999988079071,-0.3801466751098633,0.6162397003173828,18,1,1,True,-0.002271,False,False
pass_diag_2026-09-18,5,5087,23,policy,8,,,,,,,,,,,,,,,0,,0.18028704822063446,0.2763049304485321,0.0,-20.96225929260254,29.505874633789062,0.0,left_1,,0.445782870054245,-0.002417910611256957,-0.4344509506225586,0.6115207290649414,0.38080957531929016,0.4699999988079071,-0.4344509506225586,0.6115207290649414,18,1,1,True,-0.005043,False,False
pass_diag_2026-09-18,5,5087,24,policy,8,,,,,,,,,,,,,,,0,,0.1723673939704895,0.2864379584789276,0.0,-22.92739486694336,29.335107803344727,0.0,left_1,,0.43786320090293884,0.007715114392340183,-0.4751791763305664,0.6079814910888672,0.372889906167984,0.4699999988079071,-0.4751791763305664,0.6079814910888672,18,1,1,True,0.009615,False,False
pass_diag_2026-09-18,5,5087,25,policy,8,,,,,,,,,,,,,,,0,,0.16393864154815674,0.2965267300605774,0.0,-24.401247024536133,29.20703125,0.0,left_1,,0.4294344484806061,0.017803898081183434,-0.5057253265380859,0.6053270721435546,0.36446115374565125,0.4699999988079071,-0.5057253265380859,0.6053270721435546,18,1,1,True,0.000568,False,False
pass_diag_2026-09-18,5,5087,26,policy,8,,,,,,,,,,,,,,,0,,0.15512806177139282,0.30658233165740967,0.0,-25.506635665893555,29.11097526550293,0.0,left_1,,0.42062386870384216,0.027859503403306007,-0.5286349487304688,0.6033362579345704,0.35565057396888733,0.4699999988079071,-0.5286349487304688,0.6033362579345704,18,1,1,True,-0.003524,False,False
pass_diag_2026-09-18,5,5087,27,policy,8,,,,,,,,,,,,,,,0,,0.14603111147880554,0.3166130483150482,0.0,-26.335678100585938,29.03893280029297,0.0,left_1,,0.4115269184112549,0.037890221923589706,-0.5458171463012695,0.6018431472778321,0.34655362367630005,0.4699999988079071,-0.5458171463012695,0.6018431472778321,18,1,1,True,-0.005997,False,False
pass_diag_2026-09-18,5,5087,28,policy,8,,,,,,,,,,,,,,,0,,0.13671937584877014,0.32662510871887207,0.0,-26.957460403442383,28.984899520874023,0.0,left_1,,0.4022151827812195,0.04790227860212326,-0.5587038421630859,0.6007233047485352,0.33724188804626465,0.4699999988079071,-0.5587038421630859,0.6007233047485352,18,1,1,True,-0.0077,False,False
pass_diag_2026-09-18,5,5087,29,policy,8,,,,,,,,,,,,,,,0,,0.12724655866622925,0.3366231620311737,0.0,-27.423795700073242,28.94437599182129,0.0,left_1,,0.3927423655986786,0.057900335639715195,-0.5683688354492188,0.5998834228515625,0.32776907086372375,0.4699999988079071,-0.5683688354492188,0.5998834228515625,18,1,1,True,-0.008961,False,False
pass_diag_2026-09-18,5,5087,30,policy,8,,,,,,,,,,,,,,,0,,0.11765293776988983,0.3466107249259949,0.0,-27.773548126220703,28.913982391357422,0.0,left_1,,0.38314875960350037,0.06788789480924606,-0.575617561340332,0.5992535400390625,0.31817543506622314,0.4699999988079071,-0.575617561340332,0.5992535400390625,18,1,1,True,-0.009943,False,False
pass_diag_2026-09-18,5,5087,31,policy,8,,,,,,,,,,,,,,,0,,0.10796870291233063,0.3565904200077057,0.0,-28.03586196899414,28.89118766784668,0.0,left_1,,0.37346452474594116,0.07786758244037628,-0.5810541152954102,0.5987810897827148,0.30849120020866394,0.4699999988079071,-0.5810541152954102,0.5987810897827148,18,1,1,True,-0.010733,False,False
pass_diag_2026-09-18,5,5087,32,policy,8,,,,,,,,,,,,,,,0,,0.09821651130914688,0.36656418442726135,0.0,-28.23259735107422,28.87409210205078,0.0,left_1,,0.3637123107910156,0.08784136176109314,-0.5851315307617188,0.5984267807006836,0.2987390160560608,0.4699999988079071,-0.5851315307617188,0.5984267807006836,18,1,1,True,0.008613,False,False
pass_diag_2026-09-18,5,5087,33,policy,8,,,,,,,,,,,,,,,0,,0.08841335028409958,0.37653353810310364,0.0,-28.38014793395996,28.861268997192383,0.0,left_1,,0.3539091646671295,0.09781070798635483,-0.5881896209716797,0.5981610488891601,0.2889358699321747,0.4699999988079071,-0.5881896209716797,0.5981610488891601,18,1,1,True,-0.000212,False,False
pass_diag_2026-09-18,5,5087,34,policy,8,,,,,,,,,,,,,,,0,,0.07857196033000946,0.3864995539188385,0.0,-28.490812301635742,28.851654052734375,0.0,left_1,,0.34406778216362,0.10777673870325089,-0.590483169555664,0.5979617309570312,0.27909448742866516,0.4699999988079071,-0.590483169555664,0.5979617309570312,18,1,1,True,0.008542,False,False
pass_diag_2026-09-18,5,5087,35,policy,8,,,,,,,,,,,,,,,0,,0.06870190799236298,0.3964630961418152,0.0,-28.573810577392578,28.844440460205078,0.0,left_1,,0.3341977298259735,0.11774027347564697,-0.5922033309936523,0.5978122329711915,0.2692244052886963,0.4699999988079071,-0.5922033309936523,0.5978122329711915,18,1,1,True,-0.000272,False,False
pass_diag_2026-09-18,5,5087,36,policy,8,,,,,,,,,,,,,,,0,,0.05881034955382347,0.40642476081848145,0.0,-28.636058807373047,28.839031219482422,0.0,left_1,,0.3243061602115631,0.12770193815231323,-0.5934934616088867,0.5977001571655274,0.2593328654766083,0.4699999988079071,-0.5934934616088867,0.5977001571655274,18,1,1,True,-0.004188,False,False
pass_diag_2026-09-18,5,5087,37,policy,8,,,,,,,,,,,,,,,0,,0.048902664333581924,0.41638505458831787,0.0,-28.6827449798584,28.83497428894043,0.0,left_1,,0.31439846754074097,0.13766221702098846,-0.5944610214233399,0.5976160430908203,0.24942517280578613,0.4699999988079071,-0.5944610214233399,0.5976160430908203,18,1,1,True,-0.006529,False,False
pass_diag_2026-09-18,5,5087,38,policy,8,,,,,,,,,,,,,,,10,out_of_bounds,0.03898288682103157,0.3700000047683716,0.0,0.0,0.0,0.0,,,0.3044787049293518,0.14762142300605774,-0.5951867294311524,0.5975529861450195,0.23950539529323578,0.4699999988079071,-0.5951867294311524,0.5975529861450195,18,1,1,False,-0.10535,False,False
pass_diag_2026-09-18,5,5087,39,policy,8,,,,,,,,,,,,,,,0,,0.03898288682103157,0.3700000047683716,0.0,0.0,0.0,0.0,,,0.2945498526096344,0.15757985413074493,-0.5957310104370117,0.5975056838989258,0.22957654297351837,0.4699999988079071,-0.5957310104370117,0.5975056838989258,18,1,1,False,-0.005134,False,False
pass_diag_2026-09-18,5,5087,40,policy,8,,,,,,,,,,,,,,,15,pass_intercepted,0.03898288682103157,0.3700000047683716,0.0,0.0,0.0,0.0,,,0.2846142053604126,0.16753768920898438,-0.5961391830444336,0.5974702072143555,0.21964089572429657,0.4699999988079071,-0.5961391830444336,0.5974702072143555,15,0,0,False,-0.005188,True,False
pass_diag_2026-09-18,6,6096,0,forced,14,11,0.22806645929813385,0.005106549244374037,0.0,0.0,0.0,0.0,left_1,0.4120192229747772,-0.19972173869609833,0.49479326605796814,0.20948448777198792,1.0,0.0,5,pass,0.27209144830703735,0.005106549244374037,0.0,127.45237731933594,0.0,0.0,,,0.4120192229747772,-0.19972173869609833,0.0,0.0,0.49479326605796814,0.20948448777198792,0.0,0.0,15,0,0,False,-0.005,False,False
pass_diag_2026-09-18,6,6096,1,policy,7,,,,,,,,,,,,,,,0,,0.31457558274269104,0.005106549244374037,0.0,122.99153900146484,0.0,0.0,,,0.4120192229747772,-0.19620174169540405,0.0,0.211200008392334,0.49479326605796814,0.2130044847726822,0.0,0.211200008392334,15,0,0,False,-0.005836,False,False
pass_diag_2026-09-18,6,6096,2,policy,7,,,,,,,,,,,,,,,0,,0.35557276010513306,0.005106549244374037,0.0,118.68683624267578,0.0,0.0,,,0.4120192229747772,-0.19004173576831818,0.0,0.36959999084472656,0.49479326605796814,0.21916449069976807,0.0,0.36959999084472656,15,0,0,False,-0.005812,False,False
pass_diag_2026-09-18,6,6096,3,policy,7,,,,,,,,,,,,,,,0,,0.3951350450515747,0.005106549244374037,0.0,114.53279876708984,0.0,0.0,,,0.4120192229747772,-0.1819017380475998,0.0,0.4884000015258789,0.49479326605796814,0.22730448842048645,0.0,0.4884000015258789,15,0,0,False,-0.004985,False,False
pass_diag_2026-09-18,6,6096,4,policy,7,,,,,,,,,,,,,,,0,,0.43331265449523926,0.005106549244374037,0.0,110.5241470336914,0.0,0.0,,,0.4120192229747772,-0.17227673530578613,0.0,0.5775,0.49479326605796814,0.2369294911623001,0.0,0.5775,15,0,0,False,-0.004818,False,False
pass_diag_2026-09-18,6,6096,5,policy,7,,,,,,,,,,,,,,,0,,0.4701540172100067,0.005106549244374037,0.0,106.65580749511719,0.0,0.0,,,0.4120192229747772,-0.1615379899740219,0.0,0.6443250274658203,0.49479326605796814,0.24766823649406433,0.0,0.6443250274658203,15,0,0,False,-0.004957,False,False
pass_diag_2026-09-18,6,6096,6,policy,7,,,,,,,,,,,,,,,15,pass_intercepted,0.5057059526443481,0.005106549244374037,0.0,102.9228515625,0.0,0.0,,,0.4120192229747772,-0.14996393024921417,0.0,0.6944437408447266,0.49479326605796814,0.25924229621887207,0.0,0.6944437408447266,15,0,0,False,-0.005094,True,False
pass_diag_2026-09-18,7,7105,0,forced,14,11,0.21074536442756653,0.009504220448434353,0.0,0.0,0.0,0.0,left_1,0.41749486327171326,-0.2549830973148346,0.48353666067123413,0.2148962914943695,1.0,0.0,5,pass,0.2547703683376312,0.009504220448434353,0.0,127.45237731933594,0.0,0.0,,,0.41749486327171326,-0.2549830973148346,0.0,0.0,0.48353666067123413,0.2148962914943695,0.0,0.0,15,0,0,False,-0.005,False,False
pass_diag_2026-09-18,7,7105,1,policy,7,,,,,,,,,,,,,,,0,,0.2972545027732849,0.009504220448434353,0.0,122.99153900146484,0.0,0.0,,,0.41749486327171326,-0.2514631152153015,0.0,0.211200008392334,0.48353666067123413,0.21841628849506378,0.0,0.211200008392334,15,0,0,False,-0.005763,False,False
pass_diag_2026-09-18,7,7105,2,policy,7,,,,,,,,,,,,,,,0,,0.33825168013572693,0.009504220448434353,0.0,118.68683624267578,0.0,0.0,,,0.41749486327171326,-0.24530310928821564,0.0,0.36959999084472656,0.48353666067123413,0.22457629442214966,0.0,0.36959999084472656,15,0,0,False,-0.005761,False,False
pass_diag_2026-09-18,7,7105,3,policy,7,,,,,,,,,,,,,,,0,,0.3778139352798462,0.009504220448434353,0.0,114.53279876708984,0.0,0.0,,,0.41749486327171326,-0.23716309666633606,0.0,0.4884000015258789,0.48353666067123413,0.23271629214286804,0.0,0.4884000015258789,15,0,0,False,-0.005751,False,False
pass_diag_2026-09-18,7,7105,4,policy,7,,,,,,,,,,,,,,,0,,0.41599154472351074,0.009504220448434353,0.0,110.5241470336914,0.0,0.0,,,0.41749486327171326,-0.2275381088256836,0.0,0.5775,0.48353666067123413,0.2423412948846817,0.0,0.5775,15,0,0,False,-0.005251,False,False
pass_diag_2026-09-18,7,7105,5,policy,7,,,,,,,,,,,,,,,15,pass_intercepted,0.4528329372406006,0.009504220448434353,0.0,106.65580749511719,0.0,0.0,,,0.41749486327171326,-0.21679934859275818,0.0,0.6443250274658203,0.48353666067123413,0.2530800402164459,0.0,0.6443250274658203,15,0,0,False,-0.00484,True,False
pass_diag_2026-09-18,8,8114,0,forced,14,11,0.18325427174568176,-0.036652617156505585,0.0,0.0,0.0,0.0,left_1,0.42801856994628906,-0.18923144042491913,0.41478392481803894,0.21100160479545593,1.0,0.0,5,pass,0.22727927565574646,-0.036652617156505585,0.0,127.45237731933594,0.0,0.0,,,0.42801856994628906,-0.18923144042491913,0.0,0.0,0.41478392481803894,0.21100160479545593,0.0,0.0,15,0,0,False,-0.005,False,False
pass_diag_2026-09-18,8,8114,1,policy,7,,,,,,,,,,,,,,,0,,0.26976341009140015,-0.036652617156505585,0.0,122.99153900146484,0.0,0.0,,,0.42801856994628906,-0.18571144342422485,0.0,0.211200008392334,0.41478392481803894,0.2145216017961502,0.0,0.211200008392334,15,0,0,False,-0.005469,False,False
pass_diag_2026-09-18,8,8114,2,policy,7,,,,,,,,,,,,,,,0,,0.31076058745384216,-0.036652617156505585,0.0,118.68683624267578,0.0,0.0,,,0.42801856994628906,-0.17955143749713898,0.0,0.36959999084472656,0.41478392481803894,0.22068160772323608,0.0,0.36959999084472656,15,0,0,False,-0.005666,False,False
pass_diag_2026-09-18,8,8114,3,policy,7,,,,,,,,,,,,,,,0,,0.3503228724002838,-0.036652617156505585,0.0,114.53279876708984,0.0,0.0,,,0.42801856994628906,-0.1714114397764206,0.0,0.4884000015258789,0.41478392481803894,0.22882160544395447,0.0,0.4884000015258789,15,0,0,False,-0.0053,False,False
pass_diag_2026-09-18,8,8114,4,policy,7,,,,,,,,,,,,,,,0,,0.388500452041626,-0.036652617156505585,0.0,110.5241470336914,0.0,0.0,,,0.42801856994628906,-0.16178643703460693,0.0,0.5775,0.41478392481803894,0.23844660818576813,0.0,0.5775,15,0,0,False,-0.004513,False,False
pass_diag_2026-09-18,8,8114,5,policy,7,,,,,,,,,,,,,,,0,,0.4253418445587158,-0.036652617156505585,0.0,106.65580749511719,0.0,0.0,,,0.42801856994628906,-0.1510476917028427,0.0,0.6443250274658203,0.41478392481803894,0.24918535351753235,0.0,0.6443250274658203,15,0,0,False,-0.004664,False,False
pass_diag_2026-09-18,8,8114,6,policy,7,,,,,,,,,,,,,,,0,,0.46089377999305725,-0.036652617156505585,0.0,102.9228515625,0.0,0.0,,,0.42801856994628906,-0.13947363197803497,0.0,0.6944437408447266,0.41478392481803894,0.2607594132423401,0.0,0.6944437408447266,15,0,0,False,-0.00487,False,False
pass_diag_2026-09-18,8,8114,7,policy,7,,,,,,,,,,,,,,,0,,0.4952014088630676,-0.036652617156505585,0.0,99.32054901123047,0.0,0.0,,,0.42801856994628906,-0.1272730827331543,0.0,0.7320327758789062,0.41478392481803894,0.27295997738838196,0.0,0.7320327758789062,15,0,0,False,-0.005097,False,False
pass_diag_2026-09-18,8,8114,8,policy,7,,,,,,,,,,,,,,,0,,0.5283082723617554,-0.036652617156505585,0.0,95.84432983398438,0.0,0.0,,,0.42801856994628906,-0.11460267007350922,0.0,0.760224609375,0.41478392481803894,0.28563037514686584,0.0,0.760224609375,15,0,0,False,-0.005284,False,False
pass_diag_2026-09-18,8,8114,9,policy,7,,,,,,,,,,,,,,,0,,0.5602563619613647,-0.036652617156505585,0.0,92.48978424072266,0.0,0.0,,,0.42801856994628906,-0.10157986730337143,0.0,0.7813684844970703,0.41478392481803894,0.29865318536758423,0.0,0.7813684844970703,15,0,0,False,-0.005406,False,False
pass_diag_2026-09-18,8,8114,10,policy,7,,,,,,,,,,,,,,,0,,0.5910862684249878,-0.036652617156505585,0.0,89.25263977050781,0.0,0.0,,,0.42801856994628906,-0.08829275518655777,0.0,0.7972263336181641,0.41478392481803894,0.3119402825832367,0.0,0.7972263336181641,15,0,0,False,-0.005475,False,False
pass_diag_2026-09-18,8,8114,11,policy,7,,,,,,,,,,,,,,,0,,0.6208371520042419,-0.036652617156505585,0.0,86.12879943847656,0.0,0.0,,,0.42801856994628906,-0.07480742782354355,0.0,0.8091197204589844,0.41478392481803894,0.3254256248474121,0.0,0.8091197204589844,15,0,0,False,-0.00551,False,False
pass_diag_2026-09-18,8,8114,12,policy,7,,,,,,,,,,,,,,,0,,0.64954674243927,-0.036652617156505585,0.0,83.11428833007812,0.0,0.0,,,0.42801856994628906,-0.06117343157529831,0.0,0.8180398559570312,0.41478392481803894,0.33905962109565735,0.0,0.8180398559570312,15,0,0,False,-0.005526,False,False
pass_diag_2026-09-18,8,8114,13,policy,7,,,,,,,,,,,,,,,0,,0.6772515177726746,-0.036652617156505585,0.0,80.20529174804688,0.0,0.0,,,0.42801856994628906,-0.047427933663129807,0.0,0.8247298431396485,0.41478392481803894,0.35280510783195496,0.0,0.8247298431396485,15,0,0,False,-0.005532,False,False
pass_diag_2026-09-18,8,8114,14,policy,7,,,,,,,,,,,,,,,0,,0.703986644744873,-0.036652617156505585,0.0,77.39810180664062,0.0,0.0,,,0.42801856994628906,-0.03359881043434143,0.0,0.8297473907470703,0.41478392481803894,0.36663421988487244,0.0,0.8297473907470703,15,0,0,False,-0.00553,False,False
pass_diag_2026-09-18,8,8114,15,policy,7,,,,,,,,,,,,,,,0,,0.7297859787940979,-0.036652617156505585,0.0,74.68917083740234,0.0,0.0,,,0.42801856994628906,-0.01970696821808815,0.0,0.8335105133056641,0.41478392481803894,0.380526065826416,0.0,0.8335105133056641,15,0,0,False,-0.005525,False,False
pass_diag_2026-09-18,8,8114,16,policy,7,,,,,,,,,,,,,,,0,,0.7546823620796204,-0.036652617156505585,0.0,72.0750503540039,0.0,0.0,,,0.42801856994628906,-0.0057680862955749035,0.0,0.8363329315185547,0.41478392481803894,0.39446496963500977,0.0,0.8363329315185547,15,0,0,False,-0.005518,False,False
pass_diag_2026-09-18,8,8114,17,policy,7,,,,,,,,,,,,,,,0,,0.7787073850631714,-0.036652617156505585,0.0,69.55242156982422,0.0,0.0,,,0.42801856994628906,0.008206075057387352,0.0,0.83844970703125,0.41478392481803894,0.40843912959098816,0.0,0.83844970703125,15,0,0,False,-0.005509,False,False
pass_diag_2026-09-18,8,8114,18,policy,7,,,,,,,,,,,,,,,0,,0.801891565322876,-0.036652617156505585,0.0,67.11808776855469,0.0,0.0,,,0.42801856994628906,0.02220669575035572,0.0,0.8400372314453125,0.41478392481803894,0.4224397540092468,0.0,0.8400372314453125,15,0,0,False,-0.005499,False,False
pass_diag_2026-09-18,8,8114,19,policy,7,,,,,,,,,,,,,,,0,,0.8242642283439636,-0.036652617156505585,0.0,64.76895141601562,0.0,0.0,,,0.42801856994628906,0.036227162927389145,0.0,0.8412279510498046,0.41478392481803894,0.4364601969718933,0.0,0.8412279510498046,15,0,0,False,-0.005488,False,False
pass_diag_2026-09-18,8,8114,20,policy,7,,,,,,,,,,,,,,,0,,0.845853865146637,-0.036652617156505585,0.0,62.50204086303711,0.0,0.0,,,0.42801856994628906,0.050262510776519775,0.0,0.8421209716796875,0.41478392481803894,0.45049557089805603,0.0,0.8421209716796875,15,0,0,False,-0.005478,False,False
pass_diag_2026-09-18,8,8114,21,policy,7,,,,,,,,,,,,,,,0,,0.8666878938674927,-0.036652617156505585,0.0,60.31446838378906,0.0,0.0,,,0.42801856994628906,0.0643090233206749,0.0,0.842790756225586,0.41478392481803894,0.46454206109046936,0.0,0.842790756225586,15,0,0,False,-0.005467,False,False
pass_diag_2026-09-18,8,8114,22,policy,7,,,,,,,,,,,,,,,0,,0.8867927193641663,-0.036652617156505585,0.0,58.20346450805664,0.0,0.0,,,0.42801856994628906,0.07836391031742096,0.0,0.8432930755615234,0.41478392481803894,0.4699999988079071,0.0,0.8432930755615234,15,0,0,False,-0.005457,False,False
pass_diag_2026-09-18,8,8114,23,policy,7,,,,,,,,,,,,,,,15,pass_intercepted,0.9061938524246216,-0.036652617156505585,0.0,56.166343688964844,0.0,0.0,,,0.42801856994628906,0.09242507070302963,0.0,0.8436698150634766,0.41478392481803894,0.4699999988079071,0.0,0.8436698150634766,15,0,0,False,-0.005446,True,False
pass_diag_2026-09-18,9,9123,0,forced,14,11,0.21490323543548584,0.011069691739976406,0.0,0.0,0.0,0.0,left_1,0.42289987206459045,-0.23585587739944458,0.4337237477302551,0.18224911391735077,1.0,0.0,5,pass,0.25892823934555054,0.011069691739976406,0.0,127.45237731933594,0.0,0.0,left_1,,0.42289987206459045,-0.23585587739944458,0.0,0.0,0.4337237477302551,0.18224911391735077,0.0,0.0,18,1,1,True,0.035,False,False
pass_diag_2026-09-18,9,9123,1,policy,7,,,,,,,,,,,,,,,0,,0.24993707239627838,0.01997874118387699,0.0,0.0,10.190400123596191,0.0,left_1,,0.42289987206459045,-0.2323358803987503,0.0,0.211200008392334,0.4337237477302551,0.18576911091804504,0.0,0.211200008392334,18,1,1,True,0.021557,False,False
pass_diag_2026-09-18,9,9123,2,policy,7,,,,,,,,,,,,,,,0,,0.24993707239627838,0.02613874152302742,0.0,0.0,17.833200454711914,0.0,left_1,,0.42289987206459045,-0.22617587447166443,0.0,0.36959999084472656,0.4337237477302551,0.19192911684513092,0.0,0.36959999084472656,18,1,1,True,0.022226,False,False
pass_diag_2026-09-18,9,9123,3,policy,7,,,,,,,,,,,,,,,0,,0.24993707239627838,0.0342787429690361,0.0,0.0,23.56529998779297,0.0,left_1,,0.42289987206459045,-0.21803587675094604,0.0,0.4884000015258789,0.4337237477302551,0.2000691145658493,0.0,0.4884000015258789,18,1,1,True,0.019836,False,False
pass_diag_2026-09-18,9,9123,4,policy,7,,,,,,,,,,,,,,,0,,0.24993707239627838,0.043903741985559464,0.0,0.0,27.8643741607666,0.0,left_1,,0.42289987206459045,-0.20841087400913239,0.0,0.5775,0.4337237477302551,0.20969411730766296,0.0,0.5775,18,1,1,True,0.018166,False,False
pass_diag_2026-09-18,9,9123,5,policy,7,,,,,,,,,,,,,,,0,,0.24993707239627838,0.05464249104261398,0.0,0.0,31.088682174682617,0.0,left_1,,0.42289987206459045,-0.19767212867736816,0.0,0.6443250274658203,0.4337237477302551,0.22043286263942719,0.0,0.6443250274658203,18,1,1,True,0.016896,False,False
pass_diag_2026-09-18,9,9123,6,policy,7,,,,,,,,,,,,,,,0,,0.24993707239627838,0.06621655076742172,0.0,0.0,33.50691223144531,0.0,left_1,,0.42289987206459045,-0.18609806895256042,0.0,0.6944437408447266,0.4337237477302551,0.23200692236423492,0.0,0.6944437408447266,18,1,1,True,0.015874,False,False
pass_diag_2026-09-18,9,9123,7,policy,7,,,,,,,,,,,,,,,0,,0.24993707239627838,0.0784171000123024,0.0,0.0,35.32058334350586,0.0,left_1,,0.42289987206459045,-0.17389751970767975,0.0,0.7320327758789062,0.4337237477302551,0.2442074716091156,0.0,0.7320327758789062,18,1,1,True,0.015021,False,False
pass_diag_2026-09-18,9,9123,8,policy,7,,,,,,,,,,,,,,,0,,0.24993707239627838,0.09108751267194748,0.0,0.0,36.68083572387695,0.0,left_1,,0.42289987206459045,-0.16122710704803467,0.0,0.760224609375,0.4337237477302551,0.2568778693675995,0.0,0.760224609375,18,1,1,True,0.034289,False,False
pass_diag_2026-09-18,9,9123,9,policy,7,,,,,,,,,,,,,,,0,,0.24993707239627838,0.10411031544208527,0.0,0.0,37.701026916503906,0.0,left_1,,0.42289987206459045,-0.14820429682731628,0.0,0.7813684844970703,0.4337237477302551,0.26990067958831787,0.0,0.7813684844970703,18,1,1,True,0.025373,False,False
pass_diag_2026-09-18,9,9123,10,policy,7,,,,,,,,,,,,,,,0,,0.24993707239627838,0.11739742755889893,0.0,0.0,38.46617126464844,0.0,left_1,,0.42289987206459045,-0.13491719961166382,0.0,0.7972263336181641,0.4337237477302551,0.2831878066062927,0.0,0.7972263336181641,18,1,1,True,0.02135,False,False
pass_diag_2026-09-18,9,9123,11,policy,7,,,,,,,,,,,,,,,0,,0.24993707239627838,0.13088275492191315,0.0,0.0,39.0400276184082,0.0,left_1,,0.42289987206459045,-0.121431864798069,0.0,0.8091197204589844,0.4337237477302551,0.29667311906814575,0.0,0.8091197204589844,18,1,1,True,0.018899,False,False
pass_diag_2026-09-18,9,9123,12,policy,7,,,,,,,,,,,,,,,0,,0.24993707239627838,0.1445167511701584,0.0,0.0,39.470420837402344,0.0,left_1,,0.42289987206459045,-0.10779786854982376,0.0,0.8180398559570312,0.4337237477302551,0.310307115316391,0.0,0.8180398559570312,18,1,1,True,0.017186,False,False
pass_diag_2026-09-18,9,9123,13,policy,7,,,,,,,,,,,,,,,0,,0.24993707239627838,0.1582622528076172,0.0,0.0,39.793216705322266,0.0,left_1,,0.42289987206459045,-0.09405237436294556,0.0,0.8247298431396485,0.4337237477302551,0.324052631855011,0.0,0.8247298431396485,18,1,1,True,0.015888,False,False
pass_diag_2026-09-18,9,9123,14,policy,7,,,,,,,,,,,,,,,0,,0.24993707239627838,0.17209136486053467,0.0,0.0,40.03531265258789,0.0,left_1,,0.42289987206459045,-0.08022324740886688,0.0,0.8297473907470703,0.4337237477302551,0.33788174390792847,0.0,0.8297473907470703,18,1,1,True,0.014852,False,False
pass_diag_2026-09-18,9,9123,15,policy,7,,,,,,,,,,,,,,,0,,0.24993707239627838,0.18598321080207825,0.0,0.0,40.21688461303711,0.0,left_1,,0.42289987206459045,-0.0663314089179039,0.0,0.8335105133056641,0.4337237477302551,0.35177358984947205,0.0,0.8335105133056641,18,1,1,True,0.013387,False,False
pass_diag_2026-09-18,9,9123,16,policy,7,,,,,,,,,,,,,,,0,,0.24993707239627838,0.1999220997095108,0.0,0.0,40.35306167602539,0.0,left_1,,0.42289987206459045,-0.05239252373576164,0.0,0.8363329315185547,0.4337237477302551,0.3657124638557434,0.0,0.8363329315185547,18,1,1,True,0.004477,False,False
pass_diag_2026-09-18,9,9123,17,policy,7,,,,,,,,,,,,,,,0,,0.24993707239627838,0.2138962596654892,0.0,0.0,40.455196380615234,0.0,left_1,,0.42289987206459045,-0.03841836377978325,0.0,0.83844970703125,0.4337237477302551,0.3796866238117218,0.0,0.83844970703125,18,1,1,True,0.000463,False,False
pass_diag_2026-09-18,9,9123,18,policy,7,,,,,,,,,,,,,,,0,,0.24993707239627838,0.22789688408374786,0.0,0.0,40.53179931640625,0.0,left_1,,0.42289987206459045,-0.02441774122416973,0.0,0.8400372314453125,0.4337237477302551,0.39368724822998047,0.0,0.8400372314453125,18,1,1,True,-0.001978,False,False
pass_diag_2026-09-18,9,9123,19,policy,1,,,,,,,,,,,,,,,0,,0.22141706943511963,0.2133973389863968,0.0,-10.190400123596191,30.398847579956055,0.0,left_1,,0.419379860162735,-0.013917275704443455,-0.211200008392334,0.630027961730957,0.43020373582839966,0.40418770909309387,-0.211200008392334,0.630027961730957,18,1,1,True,-0.013272,False,False
pass_diag_2026-09-18,9,9123,20,policy,8,,,,,,,,,,,,,,,0,,0.22361038625240326,0.24143937230110168,0.0,-14.848501205444336,30.004837036132812,0.0,left_1,,0.41425085067749023,-0.003552910638973117,-0.30774095535278323,0.6218619155883789,0.4250747263431549,0.41455209255218506,-0.30774095535278323,0.6218619155883789,18,1,1,True,-0.005636,False,False
pass_diag_2026-09-18,9,9123,21,policy,8,,,,,,,,,,,,,,,0,,0.21727460622787476,0.251701682806015,0.0,-18.342077255249023,29.70932960510254,0.0,left_1,,0.4079150855541229,0.006709379144012928,-0.3801466751098633,0.6157373809814453,0.4187389612197876,0.424814373254776,-0.3801466751098633,0.6157373809814453,18,1,1,True,-0.008229,False,False
pass_diag_2026-09-18,9,9123,22,policy,8,,,,,,,,,,,,,,,0,,0.21003375947475433,0.26188740134239197,0.0,-20.96225929260254,29.48769760131836,0.0,left_1,,0.4006742238998413,0.0168951116502285,-0.4344509506225586,0.6111439895629883,0.411498099565506,0.43500009179115295,-0.4344509506225586,0.6111439895629883,18,1,1,True,-0.009416,False,False
pass_diag_2026-09-18,9,9123,23,policy,8,,,,,,,,,,,,,,,0,,0.20211410522460938,0.2720157206058502,0.0,-22.92739486694336,29.321474075317383,0.0,left_1,,0.39275458455085754,0.027023427188396454,-0.4751791763305664,0.6076989364624024,0.4035784602165222,0.4451284110546112,-0.4751791763305664,0.6076989364624024,18,1,1,True,-0.010367,False,False
pass_diag_2026-09-18,9,9123,24,policy,8,,,,,,,,,,,,,,,0,,0.1936853528022766,0.28210097551345825,0.0,-24.401247024536133,29.196805953979492,0.0,left_1,,0.3843258321285248,0.037108682096004486,-0.5057253265380859,0.6051151657104492,0.39514970779418945,0.45521366596221924,-0.5057253265380859,0.6051151657104492,18,1,1,True,0.00937,False,False
pass_diag_2026-09-18,9,9123,25,policy,8,,,,,,,,,,,,,,,0,,0.1848747730255127,0.292153924703598,0.0,-25.506635665893555,29.10330581665039,0.0,left_1,,0.37551525235176086,0.047161635011434555,-0.5286349487304688,0.6031773376464844,0.38633912801742554,0.465266615152359,-0.5286349487304688,0.6031773376464844,18,1,1,True,0.000383,False,False
pass_diag_2026-09-18,9,9123,26,policy,8,,,,,,,,,,,,,,,0,,0.17577782273292542,0.3021826446056366,0.0,-26.335678100585938,29.033180236816406,0.0,left_1,,0.3664183020591736,0.05719036981463432,-0.5458171463012695,0.6017239379882813,0.37724214792251587,0.4699999988079071,-0.5458171463012695,0.6017239379882813,18,1,1,True,-0.003665,False,False
pass_diag_2026-09-18,9,9123,27,policy,8,,,,,,,,,,,,,,,0,,0.16646608710289001,0.31219321489334106,0.0,-26.957460403442383,28.980587005615234,0.0,left_1,,0.3571065664291382,0.06720093637704849,-0.5587038421630859,0.6006339263916015,0.36793044209480286,0.4699999988079071,-0.5587038421630859,0.6006339263916015,18,1,1,True,-0.006105,False,False
pass_diag_2026-09-18,9,9123,28,policy,8,,,,,,,,,,,,,,,0,,0.15699326992034912,0.32219016551971436,0.0,-27.423795700073242,28.94114112854004,0.0,left_1,,0.3476337492465973,0.07719787210226059,-0.5683688354492188,0.5998163986206054,0.35845762491226196,0.4699999988079071,-0.5683688354492188,0.5998163986206054,18,1,1,True,-0.007782,False,False
pass_diag_2026-09-18,9,9123,29,policy,8,,,,,,,,,,,,,,,0,,0.1473996490240097,0.33217689394950867,0.0,-27.773548126220703,28.911556243896484,0.0,left_1,,0.3380401134490967,0.0871845930814743,-0.575617561340332,0.5992032241821289,0.34886398911476135,0.4699999988079071,-0.575617561340332,0.5992032241821289,18,1,1,True,-0.009025,False,False
pass_diag_2026-09-18,9,9123,30,policy,8,,,,,,,,,,,,,,,0,,0.1377154141664505,0.34215593338012695,0.0,-28.03586196899414,28.889368057250977,0.0,left_1,,0.3283558785915375,0.09716364741325378,-0.5810541152954102,0.5987434005737304,0.33917975425720215,0.4699999988079071,-0.5810541152954102,0.5987434005737304,18,1,1,True,-0.009993,False,False
pass_diag_2026-09-18,9,9123,31,policy,8,,,,,,,,,,,,,,,0,,0.12796321511268616,0.3521292507648468,0.0,-28.23259735107422,28.872726440429688,0.0,left_1,,0.3186036944389343,0.10713695734739304,-0.5851315307617188,0.5983984756469727,0.329427570104599,0.4699999988079071,-0.5851315307617188,0.5983984756469727,18,1,1,True,-0.010774,False,False
pass_diag_2026-09-18,9,9123,32,policy,8,,,,,,,,,,,,,,,0,,0.11816006153821945,0.36209824681282043,0.0,-28.38014793395996,28.860246658325195,0.0,left_1,,0.30880051851272583,0.11710595339536667,-0.5881896209716797,0.5981398010253907,0.3196243941783905,0.4699999988079071,-0.5881896209716797,0.5981398010253907,18,1,1,True,-0.011419,False,False
pass_diag_2026-09-18,9,9123,33,policy,8,,,,,,,,,,,,,,,0,,0.10831867158412933,0.3720639944076538,0.0,-28.490812301635742,28.85088539123535,0.0,left_1,,0.2989591360092163,0.12707172334194183,-0.590483169555664,0.5979458236694336,0.309783011674881,0.4699999988079071,-0.590483169555664,0.5979458236694336,18,1,1,True,-0.011966,False,False
pass_diag_2026-09-18,9,9123,34,policy,8,,,,,,,,,,,,,,,0,,0.09844861924648285,0.38202735781669617,0.0,-28.573810577392578,28.84386444091797,0.0,left_1,,0.2890890836715698,0.1370350569486618,-0.5922033309936523,0.5978003311157226,0.2999129593372345,0.4699999988079071,-0.5922033309936523,0.5978003311157226,18,1,1,True,0.00852,False,False
pass_diag_2026-09-18,9,9123,35,policy,8,,,,,,,,,,,,,,,0,,0.08855706453323364,0.3919888734817505,0.0,-28.636058807373047,28.838600158691406,0.0,left_1,,0.2791975438594818,0.14699657261371613,-0.5934934616088867,0.5976911926269531,0.2900213897228241,0.4699999988079071,-0.5934934616088867,0.5976911926269531,18,1,1,True,-0.000291,False,False
pass_diag_2026-09-18,9,9123,36,policy,8,,,,,,,,,,,,,,,0,,0.0786493793129921,0.401949018239975,0.0,-28.6827449798584,28.83465003967285,0.0,left_1,,0.26928985118865967,0.1569567322731018,-0.5944610214233399,0.5976093292236329,0.28011372685432434,0.4699999988079071,-0.5944610214233399,0.5976093292236329,18,1,1,True,-0.004205,False,False
pass_diag_2026-09-18,9,9123,37,policy,8,,,,,,,,,,,,,,,0,,0.06872960180044174,0.4119081497192383,0.0,-28.71776008605957,28.831689834594727,0.0,left_1,,0.2593700587749481,0.1669158637523651,-0.5951867294311524,0.5975479507446289,0.2701939344406128,0.4699999988079071,-0.5951867294311524,0.5975479507446289,18,1,1,True,-0.006544,False,False
pass_diag_2026-09-18,9,9123,38,policy,8,,,,,,,,,,,,,,,10,out_of_bounds,0.058800749480724335,0.3700000047683716,0.0,0.0,0.0,0.0,,,0.2494412213563919,0.17687423527240753,-0.5957310104370117,0.5975019073486328,0.2602650821208954,0.4699999988079071,-0.5957310104370117,0.5975019073486328,18,1,1,False,-0.10527,False,False
pass_diag_2026-09-18,9,9123,39,policy,8,,,,,,,,,,,,,,,0,,0.058800749480724335,0.3700000047683716,0.0,0.0,0.0,0.0,,,0.2395055592060089,0.1868320256471634,-0.5961391830444336,0.5974673843383789,0.2503294348716736,0.4699999988079071,-0.5961391830444336,0.5974673843383789,18,1,1,False,-0.005127,False,False
pass_diag_2026-09-18,9,9123,40,policy,8,,,,,,,,,,,,,,,0,,0.058800749480724335,0.3700000047683716,0.0,0.0,0.0,0.0,,,0.2295648157596588,0.19678938388824463,-0.5964453506469727,0.5974414825439454,0.2403886765241623,0.4699999988079071,-0.5964453506469727,0.5974414825439454,18,1,1,False,-0.005187,False,False
pass_diag_2026-09-18,9,9123,41,policy,8,,,,,,,,,,,,,,,15,pass_intercepted,0.058800749480724335,0.3700000047683716,0.0,0.0,0.0,0.0,,,0.2196202278137207,0.2067464143037796,-0.5966749572753907,0.5974220657348632,0.23044410347938538,0.4699999988079071,-0.5966749572753907,0.5974220657348632,15,0,0,False,-0.005221,True,False
pass_diag_2026-09-18,10,10132,0,forced,14,11,0.23826086521148682,0.021927688270807266,0.0,0.0,0.0,0.0,left_1,0.42574018239974976,-0.20808836817741394,0.4472144544124603,0.2348860204219818,1.0,0.0,5,pass,0.2822858691215515,0.021927688270807266,0.0,127.45237731933594,0.0,0.0,,,0.42574018239974976,-0.20808836817741394,0.0,0.0,0.4472144544124603,0.2348860204219818,0.0,0.0,15,0,0,False,-0.005,False,False
pass_diag_2026-09-18,10,10132,1,policy,7,,,,,,,,,,,,,,,0,,0.3247700035572052,0.021927688270807266,0.0,122.99153900146484,0.0,0.0,,,0.42574018239974976,-0.20456837117671967,0.0,0.211200008392334,0.4472144544124603,0.2384060174226761,0.0,0.211200008392334,15,0,0,False,-0.005626,False,False
pass_diag_2026-09-18,10,10132,2,policy,7,,,,,,,,,,,,,,,0,,0.3657671809196472,0.021927688270807266,0.0,118.68683624267578,0.0,0.0,,,0.42574018239974976,-0.1984083652496338,0.0,0.36959999084472656,0.4472144544124603,0.24456602334976196,0.0,0.36959999084472656,15,0,0,False,-0.005694,False,False
pass_diag_2026-09-18,10,10132,3,policy,7,,,,,,,,,,,,,,,0,,0.4053294360637665,0.021927688270807266,0.0,114.53279876708984,0.0,0.0,,,0.42574018239974976,-0.1902683675289154,0.0,0.4884000015258789,0.4472144544124603,0.25270602107048035,0.0,0.4884000015258789,15,0,0,False,-0.005713,False,False
pass_diag_2026-09-18,10,10132,4,policy,7,,,,,,,,,,,,,,,0,,0.44350704550743103,0.021927688270807266,0.0,110.5241470336914,0.0,0.0,,,0.42574018239974976,-0.18064336478710175,0.0,0.5775,0.4472144544124603,0.2623310089111328,0.0,0.5775,15,0,0,False,-0.005406,False,False
pass_diag_2026-09-18,10,10132,5,policy,7,,,,,,,,,,,,,,,15,pass_intercepted,0.4803484380245209,0.021927688270807266,0.0,106.65580749511719,0.0,0.0,,,0.42574018239974976,-0.16990461945533752,0.0,0.6443250274658203,0.4472144544124603,0.2730697691440582,0.0,0.6443250274658203,15,0,0,False,-0.004922,True,False
pass_diag_2026-09-18,11,11141,0,forced,14,11,0.2223246693611145,-0.002927148249000311,0.0,0.0,0.0,0.0,left_1,0.48660436272621155,-0.1998390108346939,0.43520018458366394,0.19602181017398834,1.0,0.0,5,pass,0.2663496732711792,-0.002927148249000311,0.0,127.45237731933594,0.0,0.0,,,0.48660436272621155,-0.1998390108346939,0.0,0.0,0.43520018458366394,0.19602181017398834,0.0,0.0,15,0,0,False,-0.005,False,False
pass_diag_2026-09-18,11,11141,1,policy,7,,,,,,,,,,,,,,,0,,0.3088337779045105,-0.002927148249000311,0.0,122.99153900146484,0.0,0.0,,,0.48660436272621155,-0.19631901383399963,0.0,0.211200008392334,0.43520018458366394,0.19954180717468262,0.0,0.211200008392334,15,0,0,False,-0.005847,False,False
pass_diag_2026-09-18,11,11141,2,policy,7,,,,,,,,,,,,,,,0,,0.3498309552669525,-0.002927148249000311,0.0,118.68683624267578,0.0,0.0,,,0.48660436272621155,-0.19015900790691376,0.0,0.36959999084472656,0.43520018458366394,0.2057018131017685,0.0,0.36959999084472656,15,0,0,False,-0.005829,False,False
pass_diag_2026-09-18,11,11141,3,policy,7,,,,,,,,,,,,,,,0,,0.38939324021339417,-0.002927148249000311,0.0,114.53279876708984,0.0,0.0,,,0.48660436272621155,-0.18201901018619537,0.0,0.4884000015258789,0.43520018458366394,0.21384181082248688,0.0,0.4884000015258789,15,0,0,False,-0.005807,False,False
pass_diag_2026-09-18,11,11141,4,policy,7,,,,,,,,,,,,,,,0,,0.4275708496570587,-0.002927148249000311,0.0,110.5241470336914,0.0,0.0,,,0.48660436272621155,-0.1723940074443817,0.0,0.5775,0.43520018458366394,0.22346681356430054,0.0,0.5775,15,0,0,False,-0.004591,False,False
pass_diag_2026-09-18,11,11141,5,policy,7,,,,,,,,,,,,,,,0,,0.46441224217414856,-0.002927148249000311,0.0,106.65580749511719,0.0,0.0,,,0.48660436272621155,-0.1616552621126175,0.0,0.6443250274658203,0.43520018458366394,0.23420555889606476,0.0,0.6443250274658203,15,0,0,False,-0.004616,False,False
pass_diag_2026-09-18,11,11141,6,policy,7,,,,,,,,,,,,,,,15,pass_intercepted,0.49996417760849,-0.002927148249000311,0.0,102.9228515625,0.0,0.0,,,0.48660436272621155,-0.15008118748664856,0.0,0.6944437408447266,0.43520018458366394,0.2457796186208725,0.0,0.6944437408447266,15,0,0,False,-0.00475,True,False
pass_diag_2026-09-18,12,12150,0,forced,14,11,0.17665325105190277,-0.01622677780687809,0.0,0.0,0.0,0.0,left_1,0.4294378161430359,-0.21584881842136383,0.40130001306533813,0.1745534986257553,1.0,0.0,5,pass,0.22067825496196747,-0.01622677780687809,0.0,127.45237731933594,0.0,0.0,,,0.4294378161430359,-0.21584881842136383,0.0,0.0,0.40130001306533813,0.1745534986257553,0.0,0.0,15,0,0,False,-0.005,False,False
pass_diag_2026-09-18,12,12150,1,policy,7,,,,,,,,,,,,,,,0,,0.26316237449645996,-0.01622677780687809,0.0,122.99153900146484,0.0,0.0,,,0.4294378161430359,-0.21232882142066956,0.0,0.211200008392334,0.40130001306533813,0.17807349562644958,0.0,0.211200008392334,15,0,0,False,-0.005274,False,False
pass_diag_2026-09-18,12,12150,2,policy,7,,,,,,,,,,,,,,,0,,0.304159551858902,-0.01622677780687809,0.0,118.68683624267578,0.0,0.0,,,0.4294378161430359,-0.20616881549358368,0.0,0.36959999084472656,0.40130001306533813,0.18423350155353546,0.0,0.36959999084472656,15,0,0,False,-0.005679,False,False
pass_diag_2026-09-18,12,12150,3,policy,7,,,,,,,,,,,,,,,0,,0.34372183680534363,-0.01622677780687809,0.0,114.53279876708984,0.0,0.0,,,0.4294378161430359,-0.1980288177728653,0.0,0.4884000015258789,0.40130001306533813,0.19237349927425385,0.0,0.4884000015258789,15,0,0,False,-0.00576,False,False
pass_diag_2026-09-18,12,12150,4,policy,7,,,,,,,,,,,,,,,0,,0.3818994462490082,-0.01622677780687809,0.0,110.5241470336914,0.0,0.0,,,0.4294378161430359,-0.18840381503105164,0.0,0.5775,0.40130001306533813,0.2019985020160675,0.0,0.5775,15,0,0,False,-0.00577,False,False
pass_diag_2026-09-18,12,12150,5,policy,7,,,,,,,,,,,,,,,0,,0.41874080896377563,-0.01622677780687809,0.0,106.65580749511719,0.0,0.0,,,0.4294378161430359,-0.17766506969928741,0.0,0.6443250274658203,0.40130001306533813,0.21273724734783173,0.0,0.6443250274658203,15,0,0,False,-0.00487,False,False
pass_diag_2026-09-18,12,12150,6,policy,7,,,,,,,,,,,,,,,15,pass_intercepted,0.45429274439811707,-0.01622677780687809,0.0,102.9228515625,0.0,0.0,,,0.4294378161430359,-0.16609099507331848,0.0,0.6944437408447266,0.40130001306533813,0.22431132197380066,0.0,0.6944437408447266,15,0,0,False,-0.004802,True,False
pass_diag_2026-09-18,13,13159,0,forced,14,11,0.20527957379817963,0.03379018232226372,0.0,0.0,0.0,0.0,left_1,0.42815521359443665,-0.21429868042469025,0.4357997477054596,0.19998447597026825,1.0,0.0,5,pass,0.24930456280708313,0.03379018232226372,0.0,127.45237731933594,0.0,0.0,,,0.42815521359443665,-0.21429868042469025,0.0,0.0,0.4357997477054596,0.19998447597026825,0.0,0.0,15,0,0,False,-0.005,False,False
pass_diag_2026-09-18,13,13159,1,policy,7,,,,,,,,,,,,,,,0,,0.2917886972427368,0.03379018232226372,0.0,122.99153900146484,0.0,0.0,,,0.42815521359443665,-0.21077868342399597,0.0,0.211200008392334,0.4357997477054596,0.20350448787212372,0.0,0.211200008392334,15,0,0,False,-0.005805,False,False
pass_diag_2026-09-18,13,13159,2,policy,7,,,,,,,,,,,,,,,0,,0.33278587460517883,0.03379018232226372,0.0,118.68683624267578,0.0,0.0,,,0.42815521359443665,-0.2046186774969101,0.0,0.36959999084472656,0.4357997477054596,0.2096644788980484,0.0,0.36959999084472656,15,0,0,False,-0.005792,False,False
pass_diag_2026-09-18,13,13159,3,policy,7,,,,,,,,,,,,,,,0,,0.3723481595516205,0.03379018232226372,0.0,114.53279876708984,0.0,0.0,,,0.42815521359443665,-0.1964786797761917,0.0,0.4884000015258789,0.4357997477054596,0.21780447661876678,0.0,0.4884000015258789,15,0,0,False,-0.00546,False,False
pass_diag_2026-09-18,13,13159,4,policy,7,,,,,,,,,,,,,,,0,,0.41052573919296265,0.03379018232226372,0.0,110.5241470336914,0.0,0.0,,,0.42815521359443665,-0.18685367703437805,0.0,0.5775,0.4357997477054596,0.22742947936058044,0.0,0.5775,15,0,0,False,-0.005013,False,False
pass_diag_2026-09-18,13,13159,5,policy,7,,,,,,,,,,,,,,,0,,0.4473671317100525,0.03379018232226372,0.0,106.65580749511719,0.0,0.0,,,0.42815521359443665,-0.17611493170261383,0.0,0.6443250274658203,0.4357997477054596,0.23816822469234467,0.0,0.6443250274658203,15,0,0,False,-0.005188,False,False
pass_diag_2026-09-18,13,13159,6,policy,7,,,,,,,,,,,,,,,15,pass_intercepted,0.4829190671443939,0.03379018232226372,0.0,102.9228515625,0.0,0.0,,,0.42815521359443665,-0.1645408719778061,0.0,0.6944437408447266,0.4357997477054596,0.2497422993183136,0.0,0.6944437408447266,15,0,0,False,-0.005021,True,False
pass_diag_2026-09-18,14,14168,0,forced,14,11,0.16553497314453125,0.028999168425798416,0.0,0.0,0.0,0.0,left_1,0.41351425647735596,-0.1700068563222885,0.49952003359794617,0.20810769498348236,1.0,0.0,5,pass,0.20955997705459595,0.028999168425798416,0.0,127.45237731933594,0.0,0.0,,,0.41351425647735596,-0.1700068563222885,0.0,0.0,0.49952003359794617,0.20810769498348236,0.0,0.0,15,0,0,False,-0.005,False,False
pass_diag_2026-09-18,14,14168,1,policy,7,,,,,,,,,,,,,,,0,,0.25204411149024963,0.028999168425798416,0.0,122.99153900146484,0.0,0.0,,,0.41351425647735596,-0.16648685932159424,0.0,0.211200008392334,0.49952003359794617,0.21162769198417664,0.0,0.211200008392334,15,0,0,False,-0.005506,False,False
pass_diag_2026-09-18,14,14168,2,policy,7,,,,,,,,,,,,,,,0,,0.29304128885269165,0.028999168425798416,0.0,118.68683624267578,0.0,0.0,,,0.41351425647735596,-0.16032686829566956,0.0,0.36959999084472656,0.49952003359794617,0.21778768301010132,0.0,0.36959999084472656,15,0,0,False,-0.005633,False,False
pass_diag_2026-09-18,14,14168,3,policy,7,,,,,,,,,,,,,,,0,,0.3326035737991333,0.028999168425798416,0.0,114.53279876708984,0.0,0.0,,,0.41351425647735596,-0.15218685567378998,0.0,0.4884000015258789,0.49952003359794617,0.2259276956319809,0.0,0.4884000015258789,15,0,0,False,-0.005678,False,False
pass_diag_2026-09-18,14,14168,4,policy,7,,,,,,,,,,,,,,,0,,0.37078115344047546,0.028999168425798416,0.0,110.5241470336914,0.0,0.0,,,0.41351425647735596,-0.1425618678331375,0.0,0.5775,0.49952003359794617,0.23555268347263336,0.0,0.5775,15,0,0,False,-0.005152,False,False
pass_diag_2026-09-18,14,14168,5,policy,7,,,,,,,,,,,,,,,0,,0.4076225459575653,0.028999168425798416,0.0,106.65580749511719,0.0,0.0,,,0.41351425647735596,-0.1318231076002121,0.0,0.6443250274658203,0.49952003359794617,0.24629144370555878,0.0,0.6443250274658203,15,0,0,False,-0.004683,False,False
pass_diag_2026-09-18,14,14168,6,policy,7,,,,,,,,,,,,,,,15,pass_intercepted,0.44317448139190674,0.028999168425798416,0.0,102.9228515625,0.0,0.0,,,0.41351425647735596,-0.12024904787540436,0.0,0.6944437408447266,0.49952003359794617,0.2578654885292053,0.0,0.6944437408447266,15,0,0,False,-0.004825,True,False
pass_diag_2026-09-18,15,15177,0,forced,14,11,0.16498708724975586,0.04779219627380371,0.0,0.0,0.0,0.0,left_1,0.43792998790740967,-0.22979266941547394,0.4529331922531128,0.21570080518722534,1.0,0.0,5,pass,0.20901209115982056,0.04779219627380371,0.0,127.45237731933594,0.0,0.0,left_1,,0.43792998790740967,-0.22979266941547394,0.0,0.0,0.4529331922531128,0.21570080518722534,0.0,0.0,18,1,1,True,0.035,False,False
pass_diag_2026-09-18,15,15177,1,policy,7,,,,,,,,,,,,,,,0,,0.21606853604316711,0.05756931006908417,0.0,0.0,10.190400123596191,0.0,left_1,,0.43792998790740967,-0.22627267241477966,0.0,0.211200008392334,0.4529331922531128,0.2192208170890808,0.0,0.211200008392334,18,1,1,True,0.029308,False,False
pass_diag_2026-09-18,15,15177,2,policy,7,,,,,,,,,,,,,,,0,,0.21606853604316711,0.06372930854558945,0.0,0.0,17.833200454711914,0.0,left_1,,0.43792998790740967,-0.2201126664876938,0.0,0.36959999084472656,0.4529331922531128,0.2253808081150055,0.0,0.36959999084472656,18,1,1,True,0.022083,False,False
pass_diag_2026-09-18,15,15177,3,policy,7,,,,,,,,,,,,,,,0,,0.21606853604316711,0.07186931371688843,0.0,0.0,23.56529998779297,0.0,left_1,,0.43792998790740967,-0.2119726687669754,0.0,0.4884000015258789,0.4529331922531128,0.23352080583572388,0.0,0.4884000015258789,18,1,1,True,0.019649,False,False
pass_diag_2026-09-18,15,15177,4,policy,7,,,,,,,,,,,,,,,0,,0.21606853604316711,0.08149430900812149,0.0,0.0,27.8643741607666,0.0,left_1,,0.43792998790740967,-0.20234766602516174,0.0,0.5775,0.4529331922531128,0.24314580857753754,0.0,0.5775,18,1,1,True,0.034532,False,False
pass_diag_2026-09-18,15,15177,5,policy,7,,,,,,,,,,,,,,,0,,0.21606853604316711,0.09223306179046631,0.0,0.0,31.088682174682617,0.0,left_1,,0.43792998790740967,-0.19160892069339752,0.0,0.6443250274658203,0.4529331922531128,0.25388455390930176,0.0,0.6443250274658203,18,1,1,True,0.025622,False,False
pass_diag_2026-09-18,15,15177,6,policy,7,,,,,,,,,,,,,,,0,,0.21606853604316711,0.10380712151527405,0.0,0.0,33.50691223144531,0.0,left_1,,0.43792998790740967,-0.18003486096858978,0.0,0.6944437408447266,0.4529331922531128,0.2654586136341095,0.0,0.6944437408447266,18,1,1,True,0.021603,False,False
pass_diag_2026-09-18,15,15177,7,policy,7,,,,,,,,,,,,,,,0,,0.21606853604316711,0.11600767076015472,0.0,0.0,35.32058334350586,0.0,left_1,,0.43792998790740967,-0.1678343117237091,0.0,0.7320327758789062,0.4529331922531128,0.27765917778015137,0.0,0.7320327758789062,18,1,1,True,0.019153,False,False
pass_diag_2026-09-18,15,15177,8,policy,7,,,,,,,,,,,,,,,0,,0.21606853604316711,0.1286780834197998,0.0,0.0,36.68083572387695,0.0,left_1,,0.43792998790740967,-0.15516389906406403,0.0,0.760224609375,0.4529331922531128,0.29032957553863525,0.0,0.760224609375,18,1,1,True,0.01744,False,False
pass_diag_2026-09-18,15,15177,9,policy,7,,,,,,,,,,,,,,,0,,0.21606853604316711,0.1417008936405182,0.0,0.0,37.701026916503906,0.0,left_1,,0.43792998790740967,-0.14214108884334564,0.0,0.7813684844970703,0.4529331922531128,0.30335238575935364,0.0,0.7813684844970703,18,1,1,True,0.016141,False,False
pass_diag_2026-09-18,15,15177,10,policy,7,,,,,,,,,,,,,,,0,,0.21606853604316711,0.15498799085617065,0.0,0.0,38.46617126464844,0.0,left_1,,0.43792998790740967,-0.12885399162769318,0.0,0.7972263336181641,0.4529331922531128,0.3166394829750061,0.0,0.7972263336181641,18,1,1,True,0.015104,False,False
pass_diag_2026-09-18,15,15177,11,policy,7,,,,,,,,,,,,,,,0,,0.21606853604316711,0.16847331821918488,0.0,0.0,39.0400276184082,0.0,left_1,,0.43792998790740967,-0.11536865681409836,0.0,0.8091197204589844,0.4529331922531128,0.3301248252391815,0.0,0.8091197204589844,18,1,1,True,0.014244,False,False
pass_diag_2026-09-18,15,15177,12,policy,7,,,,,,,,,,,,,,,0,,0.21606853604316711,0.18210731446743011,0.0,0.0,39.470420837402344,0.0,left_1,,0.43792998790740967,-0.10173466056585312,0.0,0.8180398559570312,0.4529331922531128,0.34375882148742676,0.0,0.8180398559570312,18,1,1,True,0.033512,False,False
pass_diag_2026-09-18,15,15177,13,policy,7,,,,,,,,,,,,,,,0,,0.21606853604316711,0.19585281610488892,0.0,0.0,39.793216705322266,0.0,left_1,,0.43792998790740967,-0.08798916637897491,0.0,0.8247298431396485,0.4529331922531128,0.35750430822372437,0.0,0.8247298431396485,18,1,1,True,0.024603,False,False
pass_diag_2026-09-18,15,15177,14,policy,7,,,,,,,,,,,,,,,0,,0.21606853604316711,0.2096819430589676,0.0,0.0,40.03531265258789,0.0,left_1,,0.43792998790740967,-0.07416003942489624,0.0,0.8297473907470703,0.4529331922531128,0.37133345007896423,0.0,0.8297473907470703,18,1,1,True,0.020589,False,False
pass_diag_2026-09-18,15,15177,15,policy,7,,,,,,,,,,,,,,,0,,0.21606853604316711,0.22357378900051117,0.0,0.0,40.21688461303711,0.0,left_1,,0.43792998790740967,-0.06026819720864296,0.0,0.8335105133056641,0.4529331922531128,0.3852252960205078,0.0,0.8335105133056641,18,1,1,True,-0.00185,False,False
pass_diag_2026-09-18,15,15177,16,policy,7,,,,,,,,,,,,,,,0,,0.21606853604316711,0.23751266300678253,0.0,0.0,40.35306167602539,0.0,left_1,,0.43792998790740967,-0.046329315751791,0.0,0.8363329315185547,0.4529331922531128,0.3991641700267792,0.0,0.8363329315185547,18,1,1,True,-0.00355,False,False
pass_diag_2026-09-18,15,15177,17,policy,7,,,,,,,,,,,,,,,0,,0.21606853604316711,0.2514868378639221,0.0,0.0,40.455196380615234,0.0,left_1,,0.43792998790740967,-0.03235515207052231,0.0,0.83844970703125,0.4529331922531128,0.41313832998275757,0.0,0.83844970703125,18,1,1,True,-0.004833,False,False
pass_diag_2026-09-18,15,15177,18,policy,7,,,,,,,,,,,,,,,0,,0.21606853604316711,0.2654874622821808,0.0,0.0,40.53179931640625,0.0,left_1,,0.43792998790740967,-0.01835453324019909,0.0,0.8400372314453125,0.4529331922531128,0.42713895440101624,0.0,0.8400372314453125,18,1,1,True,-0.005853,False,False
pass_diag_2026-09-18,15,15177,19,policy,7,,,,,,,,,,,,,,,0,,0.21606853604316711,0.27950790524482727,0.0,0.0,40.58924865722656,0.0,left_1,,0.43792998790740967,-0.004334066994488239,0.0,0.8412279510498046,0.4529331922531128,0.4411594271659851,0.0,0.8412279510498046,18,1,1,True,-0.006695,False,False
pass_diag_2026-09-18,15,15177,20,policy,1,,,,,,,,,,,,,,,0,,0.18754853308200836,0.26502326130867004,0.0,-10.190400123596191,30.441936492919922,0.0,left_1,,0.4344099760055542,0.006181282456964254,-0.211200008392334,0.6309209442138672,0.4494131803512573,0.45167475938796997,-0.211200008392334,0.6309209442138672,18,1,1,True,0.003843,False,False
pass_diag_2026-09-18,15,15177,21,policy,8,,,,,,,,,,,,,,,0,,0.189741849899292,0.29307645559310913,0.0,-14.848501205444336,30.037153244018555,0.0,left_1,,0.42928096652030945,0.016556810587644577,-0.30774095535278323,0.6225316619873047,0.4442841708660126,0.46205028891563416,-0.30774095535278323,0.6225316619873047,18,1,1,True,0.011476,False,False
pass_diag_2026-09-18,15,15177,22,policy,8,,,,,,,,,,,,,,,0,,0.1834060698747635,0.303347110748291,0.0,-18.342077255249023,29.733566284179688,0.0,left_1,,0.42294520139694214,0.02682747133076191,-0.3801466751098633,0.6162397003173828,0.4379483759403229,0.4699999988079071,-0.3801466751098633,0.6162397003173828,18,1,1,True,0.001471,False,False
pass_diag_2026-09-18,15,15177,23,policy,8,,,,,,,,,,,,,,,0,,0.17616522312164307,0.31353914737701416,0.0,-20.96225929260254,29.505874633789062,0.0,left_1,,0.4157043397426605,0.037019483745098114,-0.4344509506225586,0.6115207290649414,0.43070754408836365,0.4699999988079071,-0.4344509506225586,0.6115207290649414,18,1,1,True,-0.002862,False,False
pass_diag_2026-09-18,15,15177,24,policy,8,,,,,,,,,,,,,,,0,,0.1682455688714981,0.3236721456050873,0.0,-22.92739486694336,29.335107803344727,0.0,left_1,,0.40778470039367676,0.04715250805020332,-0.4751791763305664,0.6079814910888672,0.4227878749370575,0.4699999988079071,-0.4751791763305664,0.6079814910888672,18,1,1,True,-0.005515,False,False
pass_diag_2026-09-18,15,15177,25,policy,8,,,,,,,,,,,,,,,0,,0.15981681644916534,0.33376094698905945,0.0,-24.401247024536133,29.20703125,0.0,left_1,,0.3993559181690216,0.0572412945330143,-0.5057253265380859,0.6053270721435546,0.41435912251472473,0.4699999988079071,-0.5057253265380859,0.6053270721435546,18,1,1,True,-0.007352,False,False
pass_diag_2026-09-18,15,15177,26,policy,8,,,,,,,,,,,,,,,0,,0.15100623667240143,0.3438165485858917,0.0,-25.506635665893555,29.11097526550293,0.0,left_1,,0.3905453383922577,0.06729689985513687,-0.5286349487304688,0.6033362579345704,0.4055485427379608,0.4699999988079071,-0.5286349487304688,0.6033362579345704,18,1,1,True,-0.008713,False,False
pass_diag_2026-09-18,15,15177,27,policy,8,,,,,,,,,,,,,,,0,,0.14190928637981415,0.3538472652435303,0.0,-26.335678100585938,29.03893280029297,0.0,left_1,,0.3814483880996704,0.07732761651277542,-0.5458171463012695,0.6018431472778321,0.39645159244537354,0.4699999988079071,-0.5458171463012695,0.6018431472778321,18,1,1,True,-0.009769,False,False
pass_diag_2026-09-18,15,15177,28,policy,8,,,,,,,,,,,,,,,0,,0.13259755074977875,0.3638593256473541,0.0,-26.957460403442383,28.984899520874023,0.0,left_1,,0.372136652469635,0.08733966946601868,-0.5587038421630859,0.6007233047485352,0.38713985681533813,0.4699999988079071,-0.5587038421630859,0.6007233047485352,18,1,1,True,-0.010615,False,False
pass_diag_2026-09-18,15,15177,29,policy,8,,,,,,,,,,,,,,,0,,0.12312474101781845,0.37385737895965576,0.0,-27.423795700073242,28.94437599182129,0.0,left_1,,0.3626638650894165,0.09733773022890091,-0.5683688354492188,0.5998834228515625,0.37766703963279724,0.4699999988079071,-0.5683688354492188,0.5998834228515625,18,1,1,True,-0.01131,False,False
pass_diag_2026-09-18,15,15177,30,policy,8,,,,,,,,,,,,,,,0,,0.11353111267089844,0.38384494185447693,0.0,-27.773548126220703,28.913982391357422,0.0,left_1,,0.3530702292919159,0.10732528567314148,-0.575617561340332,0.5992535400390625,0.368073433637619,0.4699999988079071,-0.575617561340332,0.5992535400390625,18,1,1,True,0.008621,False,False
pass_diag_2026-09-18,15,15177,31,policy,8,,,,,,,,,,,,,,,0,,0.10384687781333923,0.39382463693618774,0.0,-28.03586196899414,28.89118766784668,0.0,left_1,,0.3433859944343567,0.1173049733042717,-0.5810541152954102,0.5987810897827148,0.3583891987800598,0.4699999988079071,-0.5810541152954102,0.5987810897827148,18,1,1,True,-0.00022,False,False
pass_diag_2026-09-18,15,15177,32,policy,8,,,,,,,,,,,,,,,0,,0.09409468621015549,0.4037984013557434,0.0,-28.23259735107422,28.87409210205078,0.0,left_1,,0.33363381028175354,0.12727876007556915,-0.5851315307617188,0.5984267807006836,0.3486369848251343,0.4699999988079071,-0.5851315307617188,0.5984267807006836,18,1,1,True,0.008523,False,False
pass_diag_2026-09-18,15,15177,33,policy,8,,,,,,,,,,,,,,,0,,0.08429152518510818,0.4137677550315857,0.0,-28.38014793395996,28.861268997192383,0.0,left_1,,0.32383063435554504,0.13724809885025024,-0.5881896209716797,0.5981610488891601,0.33883383870124817,0.4699999988079071,-0.5881896209716797,0.5981610488891601,18,1,1,True,-0.0003,False,False
pass_diag_2026-09-18,15,15177,34,policy,8,,,,,,,,,,,,,,,10,out_of_bounds,0.07445013523101807,0.3700000047683716,0.0,0.0,0.0,0.0,,,0.3139892518520355,0.1472141295671463,-0.590483169555664,0.5979617309570312,0.32899245619773865,0.4699999988079071,-0.590483169555664,0.5979617309570312,18,1,1,False,-0.105303,False,False
pass_diag_2026-09-18,15,15177,35,policy,8,,,,,,,,,,,,,,,0,,0.07445013523101807,0.3700000047683716,0.0,0.0,0.0,0.0,,,0.30411919951438904,0.15717767179012299,-0.5922033309936523,0.5978122329711915,0.31912240386009216,0.4699999988079071,-0.5922033309936523,0.5978122329711915,18,1,1,False,-0.00513,False,False
pass_diag_2026-09-18,15,15177,36,policy,8,,,,,,,,,,,,,,,0,,0.07445013523101807,0.3700000047683716,0.0,0.0,0.0,0.0,,,0.29422762989997864,0.16713933646678925,-0.5934934616088867,0.5977001571655274,0.30923083424568176,0.4699999988079071,-0.5934934616088867,0.5977001571655274,18,1,1,False,-0.005187,False,False
pass_diag_2026-09-18,15,15177,37,policy,8,,,,,,,,,,,,,,,0,,0.07445013523101807,0.3700000047683716,0.0,0.0,0.0,0.0,,,0.2843199670314789,0.17709960043430328,-0.5944610214233399,0.5976160430908203,0.2993231415748596,0.4699999988079071,-0.5944610214233399,0.5976160430908203,18,1,1,False,-0.00522,False,False
pass_diag_2026-09-18,15,15177,38,policy,8,,,,,,,,,,,,,,,15,pass_intercepted,0.07445013523101807,0.3700000047683716,0.0,0.0,0.0,0.0,,,0.27440017461776733,0.18705882132053375,-0.5951867294311524,0.5975529861450195,0.28940337896347046,0.4699999988079071,-0.5951867294311524,0.5975529861450195,15,0,0,False,-0.00524,True,False
pass_diag_2026-09-18,16,16186,0,forced,14,11,0.17173150181770325,0.0018634854350239038,0.0,0.0,0.0,0.0,left_1,0.41261735558509827,-0.1759175807237625,0.403126060962677,0.24159573018550873,1.0,0.0,5,pass,0.21575650572776794,0.0018634854350239038,0.0,127.45237731933594,0.0,0.0,left_1,,0.41261735558509827,-0.1759175807237625,0.0,0.0,0.403126060962677,0.24159573018550873,0.0,0.0,18,1,1,True,0.035,False,False
pass_diag_2026-09-18,16,16186,1,policy,7,,,,,,,,,,,,,,,0,,0.21508070826530457,0.022698404267430305,0.0,0.0,10.190400123596191,0.0,left_1,,0.41261735558509827,-0.17239756882190704,0.0,0.211200008392334,0.403126060962677,0.245115727186203,0.0,0.211200008392334,18,1,1,True,0.025367,False,False
pass_diag_2026-09-18,16,16186,2,policy,14,,,,,,,,,,,,,,,0,,0.21508070826530457,0.022698404267430305,0.0,0.0,0.0,0.0,left_1,,0.41261735558509827,-0.17239756882190704,0.0,0.0,0.403126060962677,0.245115727186203,0.0,0.0,18,1,1,True,0.022321,False,False
pass_diag_2026-09-18,16,16186,3,policy,14,,,,,,,,,,,,,,,0,,0.21508070826530457,0.022698404267430305,0.0,0.0,0.0,0.0,left_1,,0.41261735558509827,-0.14439757168293,9.052589237848029e-17,1.4783999633789062,0.403126060962677,0.27311572432518005,9.052589237848029e-17,1.4783999633789062,18,1,1,True,0.02,False,False
pass_diag_2026-09-18,16,16186,4,policy,15,,,,,,,,,,,,,,,0,,0.21508070826530457,0.022698404267430305,0.0,0.0,0.0,0.0,left_1,,0.41261735558509827,-0.11975757777690887,7.966278800356809e-17,1.300991973876953,0.403126060962677,0.29775571823120117,7.966278800356809e-17,1.300991973876953,18,1,1,True,0.018416,False,False
pass_diag_2026-09-18,16,16186,5,policy,8,,,,,,,,,,,,,,,0,,0.19491402804851532,0.01786508969962597,0.0,-7.205700874328613,7.205700874328613,0.0,left_1,,0.41261735558509827,-0.09807437658309937,7.01032503938213e-17,1.1448729705810547,0.403126060962677,0.3194389343261719,7.01032503938213e-17,1.1448729705810547,18,1,1,True,0.024982,False,False
pass_diag_2026-09-18,16,16186,6,policy,8,,,,,,,,,,,,,,,0,,0.19055823981761932,0.02222086675465107,0.0,-12.609976768493652,12.609976768493652,0.0,left_1,,0.41261735558509827,-0.07899315655231476,6.169086221003523e-17,1.0074881744384765,0.403126060962677,0.3385201394557953,6.169086221003523e-17,1.0074881744384765,18,1,1,True,0.023982,False,False
pass_diag_2026-09-18,16,16186,7,policy,8,,,,,,,,,,,,,,,0,,0.18480239808559418,0.027976715937256813,0.0,-16.663183212280273,16.663183212280273,0.0,left_1,,0.41261735558509827,-0.062201689928770065,5.428795518729263e-17,0.886589584350586,0.403126060962677,0.35531163215637207,5.428795518729263e-17,0.886589584350586,18,1,1,True,0.019355,False,False
pass_diag_2026-09-18,16,16186,8,policy,8,,,,,,,,,,,,,,,0,,0.17799648642539978,0.034782618284225464,0.0,-19.703088760375977,19.703088760375977,0.0,left_1,,0.41261735558509827,-0.04742519557476044,4.777340361413612e-17,0.7801988983154297,0.403126060962677,0.3700881004333496,4.777340361413612e-17,0.7801988983154297,18,1,1,True,0.016469,False,False
pass_diag_2026-09-18,16,16186,9,policy,8,,,,,,,,,,,,,,,0,,0.17040304839611053,0.042376063764095306,0.0,-21.983016967773438,21.983016967773438,0.0,left_1,,0.41261735558509827,-0.034421879798173904,4.204059568865956e-17,0.6865750122070312,0.403126060962677,0.38309141993522644,4.204059568865956e-17,0.6865750122070312,18,1,1,True,0.014447,False,False
pass_diag_2026-09-18,16,16186,10,policy,15,,,,,,,,,,,,,,,0,,0.16221895813941956,0.05056016147136688,0.0,-23.692964553833008,23.692964553833008,0.0,left_1,,0.41261735558509827,-0.02297896333038807,3.699572251195451e-17,0.6041860198974609,0.403126060962677,0.3945343494415283,3.699572251195451e-17,0.6041860198974609,18,1,1,True,0.012934,False,False
pass_diag_2026-09-18,16,16186,11,policy,14,,,,,,,,,,,,,,,0,,0.16221895813941956,0.05056016147136688,0.0,0.0,0.0,0.0,left_1,,0.41261735558509827,-0.02297896333038807,0.0,0.0,0.403126060962677,0.3945343494415283,0.0,0.0,18,1,1,True,0.016339,False,False
pass_diag_2026-09-18,16,16186,12,policy,1,,,,,,,,,,,,,,,0,,0.1513766199350357,0.03288248926401138,0.0,-10.190400123596191,0.0,0.0,left_1,,0.41261735558509827,-0.02297896333038807,0.0,0.0,0.403126060962677,0.3945343494415283,0.0,0.0,18,1,1,True,0.010629,False,False
pass_diag_2026-09-18,16,16186,13,policy,8,,,,,,,,,,,,,,,0,,0.15356993675231934,0.053049176931381226,0.0,-14.848501205444336,7.205700874328613,0.0,left_1,,0.41261735558509827,-0.02297896333038807,0.0,0.0,0.403126060962677,0.3945343494415283,0.0,0.0,18,1,1,True,0.015585,False,False
pass_diag_2026-09-18,16,16186,14,policy,8,,,,,,,,,,,,,,,0,,0.14723415672779083,0.057404953986406326,0.0,-18.342077255249023,12.609976768493652,0.0,left_1,,0.41261735558509827,-0.02297896333038807,0.0,0.0,0.403126060962677,0.3945343494415283,0.0,0.0,18,1,1,True,0.011184,False,False
pass_diag_2026-09-18,16,16186,15,policy,14,,,,,,,,,,,,,,,0,,0.14723415672779083,0.057404953986406326,0.0,0.0,0.0,0.0,left_1,,0.41261735558509827,-0.02297896333038807,0.0,0.0,0.403126060962677,0.3945343494415283,0.0,0.0,18,1,1,True,-0.005955,False,False
pass_diag_2026-09-18,16,16186,16,policy,1,,,,,,,,,,,,,,,0,,0.13639183342456818,0.039727285504341125,0.0,-10.190400123596191,0.0,0.0,left_1,,0.41261735558509827,-0.02297896333038807,0.0,0.0,0.403126060962677,0.3945343494415283,0.0,0.0,18,1,1,True,-0.011253,False,False
pass_diag_2026-09-18,16,16186,17,policy,8,,,,,,,,,,,,,,,0,,0.1385851502418518,0.05989396944642067,0.0,-14.848501205444336,7.205700874328613,0.0,left_1,,0.41261735558509827,-0.02297896333038807,0.0,0.0,0.403126060962677,0.3945343494415283,0.0,0.0,18,1,1,True,-0.006166,False,False
pass_diag_2026-09-18,16,16186,18,policy,8,,,,,,,,,,,,,,,0,,0.1322493702173233,0.06424974650144577,0.0,-18.342077255249023,12.609976768493652,0.0,left_1,,0.41261735558509827,-0.02297896333038807,0.0,0.0,0.403126060962677,0.3945343494415283,0.0,0.0,18,1,1,True,-0.010298,False,False
pass_diag_2026-09-18,16,16186,19,policy,8,,,,,,,,,,,,,,,0,,0.12500852346420288,0.07000559568405151,0.0,-20.96225929260254,16.663183212280273,0.0,left_1,,0.41261735558509827,-0.02297896333038807,0.0,0.0,0.403126060962677,0.3945343494415283,0.0,0.0,18,1,1,True,-0.011085,False,False
pass_diag_2026-09-18,16,16186,20,policy,14,,,,,,,,,,,,,,,0,,0.12500852346420288,0.07000559568405151,0.0,0.0,0.0,0.0,left_1,,0.41261735558509827,-0.02297896333038807,0.0,0.0,0.403126060962677,0.3945343494415283,0.0,0.0,18,1,1,True,-0.0075,False,False
pass_diag_2026-09-18,16,16186,21,policy,1,,,,,,,,,,,,,,,0,,0.11416618525981903,0.05232792720198631,0.0,-10.190400123596191,0.0,0.0,left_1,,0.41261735558509827,-0.02297896333038807,0.0,0.0,0.403126060962677,0.3945343494415283,0.0,0.0,18,1,1,True,-0.012519,False,False
pass_diag_2026-09-18,16,16186,22,policy,1,,,,,,,,,,,,,,,0,,0.10800618678331375,0.05232792720198631,0.0,-17.833200454711914,0.0,0.0,left_1,,0.41261735558509827,-0.02297896333038807,0.0,0.0,0.403126060962677,0.3945343494415283,0.0,0.0,18,1,1,True,-0.011004,False,False
pass_diag_2026-09-18,16,16186,23,policy,8,,,,,,,,,,,,,,,0,,0.10821949690580368,0.07249461114406586,0.0,-20.58060073852539,7.205700874328613,0.0,left_1,,0.41261735558509827,-0.02297896333038807,0.0,0.0,0.403126060962677,0.3945343494415283,0.0,0.0,18,1,1,True,-0.008715,False,False
pass_diag_2026-09-18,16,16186,24,policy,8,,,,,,,,,,,,,,,0,,0.1003987193107605,0.07685039192438126,0.0,-22.641151428222656,12.609976768493652,0.0,left_1,,0.41261735558509827,-0.02297896333038807,0.0,0.0,0.403126060962677,0.3945343494415283,0.0,0.0,18,1,1,True,-0.01237,False,False
pass_diag_2026-09-18,16,16186,25,policy,8,,,,,,,,,,,,,,,0,,0.09204412251710892,0.082606241106987,0.0,-24.186565399169922,16.663183212280273,0.0,left_1,,0.41261735558509827,-0.02297896333038807,0.0,0.0,0.403126060962677,0.3945343494415283,0.0,0.0,18,1,1,True,0.010586,False,False
pass_diag_2026-09-18,16,16186,26,policy,8,,,,,,,,,,,,,,,0,,0.08328916132450104,0.0894121453166008,0.0,-25.345624923706055,19.703088760375977,0.0,left_1,,0.41261735558509827,-0.02297896333038807,0.0,0.0,0.403126060962677,0.3945343494415283,0.0,0.0,18,1,1,True,0.001536,False,False
pass_diag_2026-09-18,16,16186,27,policy,14,,,,,,,,,,,,,,,0,,0.08328916132450104,0.0894121453166008,0.0,0.0,0.0,0.0,left_1,,0.41261735558509827,-0.02297896333038807,0.0,0.0,0.403126060962677,0.3945343494415283,0.0,0.0,18,1,1,True,0.002321,False,False
pass_diag_2026-09-18,16,16186,28,policy,1,,,,,,,,,,,,,,,0,,0.07244683057069778,0.0717344731092453,0.0,-10.190400123596191,0.0,0.0,left_1,,0.4090973734855652,-0.02297896333038807,-0.211200008392334,0.0,0.39960604906082153,0.3945343494415283,-0.211200008392334,0.0,18,1,1,True,0.010369,False,False
pass_diag_2026-09-18,16,16186,29,policy,1,,,,,,,,,,,,,,,0,,0.06628682464361191,0.0717344731092453,0.0,-17.833200454711914,0.0,0.0,left_1,,0.4029373824596405,-0.02297896333038807,-0.36959999084472656,0.0,0.39344605803489685,0.3945343494415283,-0.36959999084472656,0.0,18,1,1,True,0.003142,False,False
pass_diag_2026-09-18,16,16186,30,policy,8,,,,,,,,,,,,,,,7,tackle,0.046316251158714294,0.07064998894929886,0.004999999888241291,-59.192787170410156,-3.214411973953247,14.844444274902344,,,0.39582836627960205,-0.020489947870373726,-0.4265409469604492,0.1493409538269043,0.3863370418548584,0.39702335000038147,-0.4265409469604492,0.1493409538269043,15,0,0,False,-0.105261,False,False
pass_diag_2026-09-18,16,16186,31,policy,8,,,,,,,,,,,,,,,0,,0.026585323736071587,0.06957852095365524,0.009948148392140865,-58.48247146606445,-3.1758389472961426,14.688888549804688,,,0.38800758123397827,-0.016134170815348625,-0.46924667358398436,0.26134666442871096,0.3785162568092346,0.40137913823127747,-0.46924667358398436,0.26134666442871096,15,0,0,False,-0.005251,False,False
pass_diag_2026-09-18,16,16186,32,policy,8,,,,,,,,,,,,,,,0,,0.007091165520250797,0.06851990520954132,0.014844444580376148,-57.78068161010742,-3.1377289295196533,14.533333778381348,,,0.3796529769897461,-0.010378320701420307,-0.5012759399414063,0.3453509521484375,0.37016165256500244,0.4071349799633026,-0.5012759399414063,0.3453509521484375,15,0,0,False,-0.005247,False,False
pass_diag_2026-09-18,16,16186,33,policy,8,,,,,,,,,,,,,,,0,,-0.012169062159955502,0.06747399270534515,0.019688889384269714,-57.08731460571289,-3.100076198577881,14.377778053283691,,,0.3708980083465576,-0.0035724183544516563,-0.5252979278564454,0.4083541488647461,0.36140668392181396,0.4139408767223358,-0.5252979278564454,0.4083541488647461,15,0,0,False,-0.005246,False,False
pass_diag_2026-09-18,16,16186,34,policy,8,,,,,,,,,,,,,,,0,,-0.0311981663107872,0.0664406344294548,0.024481480941176414,-56.40226745605469,-3.062875270843506,14.222222328186035,,,0.3618427813053131,0.00402102479711175,-0.5433143997192382,0.455606575012207,0.35235145688056946,0.42153432965278625,-0.5433143997192382,0.455606575012207,15,0,0,False,-0.005247,False,False
pass_diag_2026-09-18,16,16186,35,policy,8,,,,,,,,,,,,,,,0,,-0.049998924136161804,0.06541968137025833,0.029222222045063972,-55.725440979003906,-3.026120662689209,14.066666603088379,,,0.3525623381137848,0.012205122970044613,-0.5568267440795899,0.4910458755493164,0.34307101368904114,0.4297184348106384,-0.5568267440795899,0.4910458755493164,15,0,0,False,-0.005247,False,False
pass_diag_2026-09-18,16,16186,36,policy,8,,,,,,,,,,,,,,,0,,-0.06857407093048096,0.0644109696149826,0.03391111269593239,-55.05673599243164,-2.989807367324829,13.911110877990723,,,0.343112975358963,0.020832212641835213,-0.5669610214233398,0.5176253509521485,0.33362165093421936,0.4383455216884613,-0.5669610214233398,0.5176253509521485,15,0,0,False,-0.005248,False,False
pass_diag_2026-09-18,16,16186,37,policy,8,,,,,,,,,,,,,,,0,,-0.08692631125450134,0.06341437250375748,0.038548149168491364,-54.396053314208984,-2.9539296627044678,13.755555152893066,,,0.33353695273399353,0.029791545122861862,-0.5745616912841797,0.5375599670410156,0.3240456283092499,0.4473048448562622,-0.5745616912841797,0.5375599670410156,15,0,0,False,-0.005249,False,False
pass_diag_2026-09-18,16,16186,38,policy,8,,,,,,,,,,,,,,,0,,-0.10505833476781845,0.062429726123809814,0.04313333332538605,-53.74330139160156,-2.9184823036193848,13.600000381469727,,,0.3238659203052521,0.03900006040930748,-0.5802622222900391,0.5525109481811523,0.3143745958805084,0.456513375043869,-0.5802622222900391,0.5525109481811523,15,0,0,False,-0.005249,False,False
pass_diag_2026-09-18,16,16186,39,policy,8,,,,,,,,,,,,,,,0,,-0.1229727640748024,0.06145689636468887,0.04766666516661644,-53.09838104248047,-2.883460521697998,13.44444465637207,,,0.31412360072135925,0.048395462334156036,-0.5845376205444336,0.563724136352539,0.304632306098938,0.4659087657928467,-0.5845376205444336,0.563724136352539,15,0,0,False,-0.005249,False,False
pass_diag_2026-09-18,16,16186,40,policy,8,,,,,,,,,,,,,,,0,,-0.1406722217798233,0.06049574539065361,0.05214814841747284,-52.46120071411133,-2.8488590717315674,13.288888931274414,,,0.3043278753757477,0.05793103203177452,-0.5877441787719726,0.5721340560913086,0.29483655095100403,0.4699999988079071,-0.5877441787719726,0.5721340560913086,15,0,0,False,-0.005248,False,False
pass_diag_2026-09-18,16,16186,41,policy,8,,,,,,,,,,,,,,,0,,-0.1581593006849289,0.05954612419009209,0.05657777935266495,-51.8316650390625,-2.8146727085113525,13.133333206176758,,,0.29449206590652466,0.067571721971035,-0.5901490783691407,0.5784415054321289,0.285000741481781,0.4699999988079071,-0.5901490783691407,0.5784415054321289,15,0,0,False,-0.005247,False,False
pass_diag_2026-09-18,16,16186,42,policy,8,,,,,,,,,,,,,,,0,,-0.17543651163578033,0.05860790237784386,0.060955554246902466,-51.209686279296875,-2.7808966636657715,12.977777481079102,,,0.28462618589401245,0.07729125767946243,-0.5919527816772461,0.5831720733642578,0.2751348614692688,0.4699999988079071,-0.5919527816772461,0.5831720733642578,15,0,0,False,-0.005246,False,False
pass_diag_2026-09-18,16,16186,43,policy,8,,,,,,,,,,,,,,,0,,-0.19250641763210297,0.05768093466758728,0.06528148055076599,-50.59516906738281,-2.747525930404663,12.822221755981445,,,0.27473774552345276,0.08706992119550705,-0.5933055114746094,0.5867200088500977,0.2652464210987091,0.4699999988079071,-0.5933055114746094,0.5867200088500977,15,0,0,False,-0.005245,False,False
pass_diag_2026-09-18,16,16186,44,policy,8,,,,,,,,,,,,,,,0,,-0.20937146246433258,0.05676509439945221,0.06955555826425552,-49.98802947998047,-2.7145557403564453,12.666666984558105,,,0.26483240723609924,0.09689293801784515,-0.5943201065063477,0.5893809509277343,0.255341112613678,0.4699999988079071,-0.5943201065063477,0.5893809509277343,15,0,0,False,-0.005244,False,False
pass_diag_2026-09-18,16,16186,45,policy,8,,,,,,,,,,,,,,,0,,-0.22603414952754974,0.0558602400124073,0.07377777993679047,-49.3881721496582,-2.681981086730957,12.51111125946045,,,0.25491440296173096,0.10674922168254852,-0.5950810241699219,0.5913766860961914,0.2454230785369873,0.4699999988079071,-0.5950810241699219,0.5913766860961914,15,0,0,False,-0.005242,False,False
pass_diag_2026-09-18,16,16186,46,policy,8,,,,,,,,,,,,,,,0,,-0.24249686300754547,0.05496624857187271,0.07794814556837082,-48.79551315307617,-2.649797201156616,12.355555534362793,,,0.2449868768453598,0.1166304424405098,-0.5956517028808593,0.5928734588623047,0.23549555242061615,0.4699999988079071,-0.5956517028808593,0.5928734588623047,15,0,0,False,-0.00524,False,False
pass_diag_2026-09-18,16,16186,47,policy,8,,,,,,,,,,,,,,,0,,-0.25876203179359436,0.05408298224210739,0.08206667006015778,-48.20996856689453,-2.61799955368042,12.199999809265137,,,0.2350522130727768,0.12653037905693054,-0.5960797500610352,0.5939960479736328,0.22556088864803314,0.4699999988079071,-0.5960797500610352,0.5939960479736328,15,0,0,False,-0.005239,False,False
pass_diag_2026-09-18,16,16186,48,policy,8,,,,,,,,,,,,,,,0,,-0.2748320400714874,0.053210314363241196,0.08613333106040955,-47.631446838378906,-2.5865836143493652,12.04444408416748,,,0.2251121997833252,0.1364443451166153,-0.5964007568359375,0.5948379898071289,0.21562087535858154,0.4699999988079071,-0.5964007568359375,0.5948379898071289,15,0,0,False,-0.005237,False,False
pass_diag_2026-09-18,16,16186,49,policy,8,,,,,,,,,,,,,,,0,,-0.29070916771888733,0.052348122000694275,0.09014815092086792,-47.059871673583984,-2.55554461479187,11.88888931274414,,,0.21516817808151245,0.1463688313961029,-0.5966415023803711,0.5954694366455078,0.2056768536567688,0.4699999988079071,-0.5966415023803711,0.5954694366455078,15,0,0,False,-0.005235,False,False
pass_diag_2026-09-18,16,16186,50,policy,8,,,,,,,,,,,,,,,0,,-0.3063957989215851,0.051496271044015884,0.0941111147403717,-46.49515151977539,-2.5248780250549316,11.733333587646484,,,0.20522114634513855,0.15630121529102325,-0.5968220901489257,0.5959430313110352,0.1957298219203949,0.4699999988079071,-0.5968220901489257,0.5959430313110352,15,0,0,False,-0.505233,False,True
pass_diag_2026-09-18,17,17195,0,forced,14,11,0.19667017459869385,-0.003820541314780712,0.0,0.0,0.0,0.0,left_1,0.40690770745277405,-0.22518974542617798,0.42841607332229614,0.1809002161026001,1.0,0.0,5,pass,0.24069516360759735,-0.003820541314780712,0.0,127.45237731933594,0.0,0.0,left_1,,0.40690770745277405,-0.22518974542617798,0.0,0.0,0.42841607332229614,0.1809002161026001,0.0,0.0,18,1,1,True,0.035,False,False
pass_diag_2026-09-18,17,17195,1,policy,7,,,,,,,,,,,,,,,0,,0.23630206286907196,0.05553516373038292,0.0,0.0,10.190400123596191,0.0,left_1,,0.40690770745277405,-0.2216697484254837,0.0,0.211200008392334,0.42841607332229614,0.18442021310329437,0.0,0.211200008392334,18,1,1,True,0.023136,False,False
pass_diag_2026-09-18,17,17195,2,policy,7,,,,,,,,,,,,,,,0,,0.23630206286907196,0.0616951622068882,0.0,0.0,17.833200454711914,0.0,left_1,,0.40690770745277405,-0.21550974249839783,0.0,0.36959999084472656,0.42841607332229614,0.19058021903038025,0.0,0.36959999084472656,18,1,1,True,0.022085,False,False
pass_diag_2026-09-18,17,17195,3,policy,7,,,,,,,,,,,,,,,0,,0.23630206286907196,0.06983516365289688,0.0,0.0,23.56529998779297,0.0,left_1,,0.40690770745277405,-0.20736974477767944,0.0,0.4884000015258789,0.42841607332229614,0.19872021675109863,0.0,0.4884000015258789,18,1,1,True,0.019651,False,False
pass_diag_2026-09-18,17,17195,4,policy,7,,,,,,,,,,,,,,,0,,0.23630206286907196,0.07946016639471054,0.0,0.0,27.8643741607666,0.0,left_1,,0.40690770745277405,-0.19774474203586578,0.0,0.5775,0.42841607332229614,0.2083452194929123,0.0,0.5775,18,1,1,True,0.017948,False,False
pass_diag_2026-09-18,17,17195,5,policy,7,,,,,,,,,,,,,,,0,,0.23630206286907196,0.09019891172647476,0.0,0.0,31.088682174682617,0.0,left_1,,0.40690770745277405,-0.18700599670410156,0.0,0.6443250274658203,0.42841607332229614,0.2190839648246765,0.0,0.6443250274658203,18,1,1,True,0.034407,False,False
pass_diag_2026-09-18,17,17195,6,policy,7,,,,,,,,,,,,,,,0,,0.23630206286907196,0.1017729789018631,0.0,0.0,33.50691223144531,0.0,left_1,,0.40690770745277405,-0.17543193697929382,0.0,0.6944437408447266,0.42841607332229614,0.23065802454948425,0.0,0.6944437408447266,18,1,1,True,0.025492,False,False
pass_diag_2026-09-18,17,17195,7,policy,7,,,,,,,,,,,,,,,0,,0.23630206286907196,0.11397352069616318,0.0,0.0,35.32058334350586,0.0,left_1,,0.40690770745277405,-0.16323138773441315,0.0,0.7320327758789062,0.42841607332229614,0.24285857379436493,0.0,0.7320327758789062,18,1,1,True,0.021467,False,False
pass_diag_2026-09-18,17,17195,8,policy,7,,,,,,,,,,,,,,,0,,0.23630206286907196,0.12664392590522766,0.0,0.0,36.68083572387695,0.0,left_1,,0.40690770745277405,-0.15056097507476807,0.0,0.760224609375,0.42841607332229614,0.25552898645401,0.0,0.760224609375,18,1,1,True,0.019014,False,False
pass_diag_2026-09-18,17,17195,9,policy,7,,,,,,,,,,,,,,,0,,0.23630206286907196,0.13966673612594604,0.0,0.0,37.701026916503906,0.0,left_1,,0.40690770745277405,-0.13753816485404968,0.0,0.7813684844970703,0.42841607332229614,0.2685517966747284,0.0,0.7813684844970703,18,1,1,True,0.017298,False,False
pass_diag_2026-09-18,17,17195,10,policy,7,,,,,,,,,,,,,,,0,,0.23630206286907196,0.1529538482427597,0.0,0.0,38.46617126464844,0.0,left_1,,0.40690770745277405,-0.12425106018781662,0.0,0.7972263336181641,0.42841607332229614,0.28183889389038086,0.0,0.7972263336181641,18,1,1,True,0.015997,False,False
pass_diag_2026-09-18,17,17195,11,policy,7,,,,,,,,,,,,,,,0,,0.23630206286907196,0.16643917560577393,0.0,0.0,39.0400276184082,0.0,left_1,,0.40690770745277405,-0.1107657328248024,0.0,0.8091197204589844,0.42841607332229614,0.2953242361545563,0.0,0.8091197204589844,18,1,1,True,0.014959,False,False
pass_diag_2026-09-18,17,17195,12,policy,7,,,,,,,,,,,,,,,0,,0.23630206286907196,0.18007317185401917,0.0,0.0,39.470420837402344,0.0,left_1,,0.40690770745277405,-0.09713173657655716,0.0,0.8180398559570312,0.42841607332229614,0.3089582324028015,0.0,0.8180398559570312,18,1,1,True,0.033492,False,False
pass_diag_2026-09-18,17,17195,13,policy,7,,,,,,,,,,,,,,,0,,0.23630206286907196,0.19381867349147797,0.0,0.0,39.793216705322266,0.0,left_1,,0.40690770745277405,-0.08338623493909836,0.0,0.8247298431396485,0.42841607332229614,0.3227037191390991,0.0,0.8247298431396485,18,1,1,True,0.024579,False,False
pass_diag_2026-09-18,17,17195,14,policy,7,,,,,,,,,,,,,,,0,,0.23630206286907196,0.20764780044555664,0.0,0.0,40.03531265258789,0.0,left_1,,0.40690770745277405,-0.06955711543560028,0.0,0.8297473907470703,0.42841607332229614,0.336532860994339,0.0,0.8297473907470703,18,1,1,True,0.020563,False,False
pass_diag_2026-09-18,17,17195,15,policy,7,,,,,,,,,,,,,,,0,,0.23630206286907196,0.22153963148593903,0.0,0.0,40.21688461303711,0.0,left_1,,0.40690770745277405,-0.0556652694940567,0.0,0.8335105133056641,0.42841607332229614,0.3504246771335602,0.0,0.8335105133056641,18,1,1,True,-0.001879,False,False
pass_diag_2026-09-18,17,17195,16,policy,7,,,,,,,,,,,,,,,0,,0.23630206286907196,0.23547852039337158,0.0,0.0,40.35306167602539,0.0,left_1,,0.40690770745277405,-0.04172638803720474,0.0,0.8363329315185547,0.42841607332229614,0.36436358094215393,0.0,0.8363329315185547,18,1,1,True,-0.003581,False,False
pass_diag_2026-09-18,17,17195,17,policy,7,,,,,,,,,,,,,,,0,,0.23630206286907196,0.24945268034934998,0.0,0.0,40.455196380615234,0.0,left_1,,0.40690770745277405,-0.02775222808122635,0.0,0.83844970703125,0.42841607332229614,0.3783377408981323,0.0,0.83844970703125,18,1,1,True,-0.004867,False,False
pass_diag_2026-09-18,17,17195,18,policy,1,,,,,,,,,,,,,,,0,,0.2077820599079132,0.2349333018064499,0.0,-10.190400123596191,30.341398239135742,0.0,left_1,,0.40338772535324097,-0.017271606251597404,-0.211200008392334,0.6288372802734375,0.4248960614204407,0.3888183534145355,-0.211200008392334,0.6288372802734375,18,1,1,True,-0.015118,False,False
pass_diag_2026-09-18,17,17195,19,policy,8,,,,,,,,,,,,,,,0,,0.20997537672519684,0.2629604637622833,0.0,-14.848501205444336,29.961750030517578,0.0,left_1,,0.39825868606567383,-0.006922124419361353,-0.30774095535278323,0.620968894958496,0.4197670519351959,0.39916783571243286,-0.30774095535278323,0.620968894958496,18,1,1,True,-0.007553,False,False
pass_diag_2026-09-18,17,17195,20,policy,8,,,,,,,,,,,,,,,0,,0.20363959670066833,0.2732115685939789,0.0,-18.342077255249023,29.677013397216797,0.0,left_1,,0.3919229209423065,0.003329002531245351,-0.3801466751098633,0.6150676345825196,0.4134312868118286,0.4094189703464508,-0.3801466751098633,0.6150676345825196,18,1,1,True,-0.009642,False,False
pass_diag_2026-09-18,17,17195,21,policy,8,,,,,,,,,,,,,,,0,,0.1963987499475479,0.2833889424800873,0.0,-20.96225929260254,29.46346092224121,0.0,left_1,,0.3846820592880249,0.013506364077329636,-0.4344509506225586,0.6106416702270507,0.406190425157547,0.4195963144302368,-0.4344509506225586,0.6106416702270507,18,1,1,True,0.009909,False,False
pass_diag_2026-09-18,17,17195,22,policy,8,,,,,,,,,,,,,,,0,,0.18847909569740295,0.29351097345352173,0.0,-22.92739486694336,29.30329704284668,0.0,left_1,,0.37676241993904114,0.02362840063869953,-0.4751791763305664,0.6073221969604492,0.39827078580856323,0.42971834540367126,-0.4751791763305664,0.6073221969604492,18,1,1,True,0.000782,False,False
pass_diag_2026-09-18,17,17195,23,policy,8,,,,,,,,,,,,,,,0,,0.1800503432750702,0.3035915195941925,0.0,-24.401247024536133,29.18317413330078,0.0,left_1,,0.3683336675167084,0.03370894491672516,-0.5057253265380859,0.6048326110839843,0.38984203338623047,0.43979889154434204,-0.5057253265380859,0.6048326110839843,18,1,1,True,-0.003369,False,False
pass_diag_2026-09-18,17,17195,24,policy,8,,,,,,,,,,,,,,,0,,0.17123976349830627,0.3136409521102905,0.0,-25.506635665893555,29.093080520629883,0.0,left_1,,0.35952308773994446,0.043758366256952286,-0.5286349487304688,0.6029653930664063,0.38103142380714417,0.44984832406044006,-0.5286349487304688,0.6029653930664063,18,1,1,True,-0.005887,False,False
pass_diag_2026-09-18,17,17195,25,policy,8,,,,,,,,,,,,,,,0,,0.1621427983045578,0.3236670196056366,0.0,-26.335678100585938,29.025510787963867,0.0,left_1,,0.3504261374473572,0.05378445237874985,-0.5458171463012695,0.6015650177001953,0.3719344735145569,0.4598744213581085,-0.5458171463012695,0.6015650177001953,18,1,1,True,-0.007623,False,False
pass_diag_2026-09-18,17,17195,26,policy,8,,,,,,,,,,,,,,,0,,0.1528310775756836,0.3336755931377411,0.0,-26.957460403442383,28.974834442138672,0.0,left_1,,0.3411144018173218,0.06379302591085434,-0.5587038421630859,0.6005147171020507,0.36262276768684387,0.469882994890213,-0.5587038421630859,0.6005147171020507,18,1,1,True,-0.008909,False,False
pass_diag_2026-09-18,17,17195,27,policy,8,,,,,,,,,,,,,,,0,,0.1433582603931427,0.343671053647995,0.0,-27.423795700073242,28.936826705932617,0.0,left_1,,0.3316415846347809,0.07378847897052765,-0.5683688354492188,0.5997269821166992,0.353149950504303,0.4699999988079071,-0.5683688354492188,0.5997269821166992,18,1,1,True,-0.009909,False,False
pass_diag_2026-09-18,17,17195,28,policy,8,,,,,,,,,,,,,,,0,,0.13376463949680328,0.3536566495895386,0.0,-27.773548126220703,28.908321380615234,0.0,left_1,,0.3220479488372803,0.08377408236265182,-0.575617561340332,0.5991361999511718,0.34355631470680237,0.4699999988079071,-0.575617561340332,0.5991361999511718,18,1,1,True,-0.010713,False,False
pass_diag_2026-09-18,17,17195,29,policy,8,,,,,,,,,,,,,,,0,,0.12408039718866348,0.3636348843574524,0.0,-28.03586196899414,28.88694190979004,0.0,left_1,,0.31236371397972107,0.09375230222940445,-0.5810541152954102,0.5986930847167968,0.33387207984924316,0.4699999988079071,-0.5810541152954102,0.5986930847167968,18,1,1,True,-0.011377,False,False
pass_diag_2026-09-18,17,17195,30,policy,8,,,,,,,,,,,,,,,0,,0.11432820558547974,0.3736075460910797,0.0,-28.23259735107422,28.870906829833984,0.0,left_1,,0.3026115298271179,0.10372497886419296,-0.5851315307617188,0.5983607864379883,0.32411989569664,0.4699999988079071,-0.5851315307617188,0.5983607864379883,18,1,1,True,-0.011936,False,False
pass_diag_2026-09-18,17,17195,31,policy,8,,,,,,,,,,,,,,,0,,0.10452504456043243,0.38357609510421753,0.0,-28.38014793395996,28.8588809967041,0.0,left_1,,0.2928083539009094,0.11369350552558899,-0.5881896209716797,0.5981115341186524,0.3143167197704315,0.4699999988079071,-0.5881896209716797,0.5981115341186524,18,1,1,True,0.008539,False,False
pass_diag_2026-09-18,17,17195,32,policy,8,,,,,,,,,,,,,,,0,,0.09468366205692291,0.39354148507118225,0.0,-28.490812301635742,28.84986114501953,0.0,left_1,,0.2829669713973999,0.1236589178442955,-0.590483169555664,0.5979246139526367,0.304475337266922,0.4699999988079071,-0.590483169555664,0.5979246139526367,18,1,1,True,0.008508,False,False
pass_diag_2026-09-18,17,17195,33,policy,8,,,,,,,,,,,,,,,0,,0.08481360226869583,0.40350455045700073,0.0,-28.573810577392578,28.843097686767578,0.0,left_1,,0.2730969190597534,0.13362199068069458,-0.5922033309936523,0.5977843856811523,0.2946052849292755,0.4699999988079071,-0.5922033309936523,0.5977843856811523,18,1,1,True,-0.000305,False,False
pass_diag_2026-09-18,17,17195,34,policy,8,,,,,,,,,,,,,,,0,,0.07492204755544662,0.4134658873081207,0.0,-28.636058807373047,28.838024139404297,0.0,left_1,,0.2632053792476654,0.14358331263065338,-0.5934934616088867,0.5976792526245117,0.2847137153148651,0.4699999988079071,-0.5934934616088867,0.5976792526245117,18,1,1,True,-0.004221,False,False
pass_diag_2026-09-18,17,17195,35,policy,8,,,,,,,,,,,,,,,10,out_of_bounds,0.06501436233520508,0.3700000047683716,0.0,0.0,0.0,0.0,,,0.25329768657684326,0.15354332327842712,-0.5944610214233399,0.5976004028320312,0.27480605244636536,0.4699999988079071,-0.5944610214233399,0.5976004028320312,18,1,1,False,-0.105298,False,False
pass_diag_2026-09-18,17,17195,36,policy,8,,,,,,,,,,,,,,,0,,0.06501436233520508,0.3700000047683716,0.0,0.0,0.0,0.0,,,0.2433779090642929,0.16350233554840088,-0.5951867294311524,0.5975412368774414,0.2648862600326538,0.4699999988079071,-0.5951867294311524,0.5975412368774414,18,1,1,False,-0.00513,False,False
pass_diag_2026-09-18,17,17195,37,policy,8,,,,,,,,,,,,,,,15,pass_intercepted,0.06501436233520508,0.3700000047683716,0.0,0.0,0.0,0.0,,,0.2334490567445755,0.17346061766147614,-0.5957310104370117,0.5974968719482422,0.2549574077129364,0.4699999988079071,-0.5957310104370117,0.5974968719482422,15,0,0,False,-0.005187,True,False
pass_diag_2026-09-18,18,18204,0,forced,14,11,0.21085013449192047,-0.0237052533775568,0.0,0.0,0.0,0.0,left_1,0.4466218948364258,-0.17390166223049164,0.48979452252388,0.20654155313968658,1.0,0.0,5,pass,0.254875123500824,-0.0237052533775568,0.0,127.45237731933594,0.0,0.0,,,0.4466218948364258,-0.17390166223049164,0.0,0.0,0.48979452252388,0.20654155313968658,0.0,0.0,15,0,0,False,-0.005,False,False
pass_diag_2026-09-18,18,18204,1,policy,7,,,,,,,,,,,,,,,0,,0.29735925793647766,-0.0237052533775568,0.0,122.99153900146484,0.0,0.0,,,0.4466218948364258,-0.17038166522979736,0.0,0.211200008392334,0.48979452252388,0.21006155014038086,0.0,0.211200008392334,15,0,0,False,-0.005695,False,False
pass_diag_2026-09-18,18,18204,2,policy,7,,,,,,,,,,,,,,,0,,0.3383564352989197,-0.0237052533775568,0.0,118.68683624267578,0.0,0.0,,,0.4466218948364258,-0.1642216593027115,0.0,0.36959999084472656,0.48979452252388,0.21622155606746674,0.0,0.36959999084472656,15,0,0,False,-0.005776,False,False
pass_diag_2026-09-18,18,18204,3,policy,7,,,,,,,,,,,,,,,0,,0.37791872024536133,-0.0237052533775568,0.0,114.53279876708984,0.0,0.0,,,0.4466218948364258,-0.1560816615819931,0.0,0.4884000015258789,0.48979452252388,0.22436155378818512,0.0,0.4884000015258789,15,0,0,False,-0.005062,False,False
pass_diag_2026-09-18,18,18204,4,policy,7,,,,,,,,,,,,,,,0,,0.4160962998867035,-0.0237052533775568,0.0,110.5241470336914,0.0,0.0,,,0.4466218948364258,-0.14645665884017944,0.0,0.5775,0.48979452252388,0.23398654162883759,0.0,0.5775,15,0,0,False,-0.004547,False,False
pass_diag_2026-09-18,18,18204,5,policy,7,,,,,,,,,,,,,,,15,pass_intercepted,0.45293769240379333,-0.0237052533775568,0.0,106.65580749511719,0.0,0.0,,,0.4466218948364258,-0.13571791350841522,0.0,0.6443250274658203,0.48979452252388,0.244725301861763,0.0,0.6443250274658203,15,0,0,False,-0.004714,True,False
pass_diag_2026-09-18,19,19213,0,forced,14,11,0.24486441910266876,-0.029187554493546486,0.0,0.0,0.0,0.0,left_1,0.4973752200603485,-0.24830056726932526,0.46527183055877686,0.19210107624530792,1.0,0.0,5,pass,0.28888940811157227,-0.029187554493546486,0.0,127.45237731933594,0.0,0.0,,,0.4973752200603485,-0.24830056726932526,0.0,0.0,0.46527183055877686,0.19210107624530792,0.0,0.0,15,0,0,False,-0.005,False,False
pass_diag_2026-09-18,19,19213,1,policy,7,,,,,,,,,,,,,,,0,,0.33137354254722595,-0.029187554493546486,0.0,122.99153900146484,0.0,0.0,,,0.4973752200603485,-0.24478057026863098,0.0,0.211200008392334,0.46527183055877686,0.1956210732460022,0.0,0.211200008392334,15,0,0,False,-0.005784,False,False
pass_diag_2026-09-18,19,19213,2,policy,7,,,,,,,,,,,,,,,0,,0.37237071990966797,-0.029187554493546486,0.0,118.68683624267578,0.0,0.0,,,0.4973752200603485,-0.2386205643415451,0.0,0.36959999084472656,0.46527183055877686,0.20178107917308807,0.0,0.36959999084472656,15,0,0,False,-0.005803,False,False
pass_diag_2026-09-18,19,19213,3,policy,7,,,,,,,,,,,,,,,0,,0.4119330048561096,-0.029187554493546486,0.0,114.53279876708984,0.0,0.0,,,0.4973752200603485,-0.23048056662082672,0.0,0.4884000015258789,0.46527183055877686,0.20992107689380646,0.0,0.4884000015258789,15,0,0,False,-0.005322,False,False
pass_diag_2026-09-18,19,19213,4,policy,7,,,,,,,,,,,,,,,15,pass_intercepted,0.45011061429977417,-0.029187554493546486,0.0,110.5241470336914,0.0,0.0,,,0.4973752200603485,-0.22085556387901306,0.0,0.5775,0.46527183055877686,0.21954607963562012,0.0,0.5775,15,0,0,False,-0.004575,True,False
